file_id,unique_index,first_reference_index,reference_indices,reference_count,scene_context,entity_context,previous_jpn_text,jpn_text,next_jpn_text,jpn_control_tokens,cn_text,cn_control_tokens,control_structure_status,jpn_utf8_bytes,cn_utf8_bytes,translation_status,build_status,ingame_status,translation_basis,notes,mlg_cn_reference,mlg_cn_reference_variants,eng_reference,eng_reference_variants,reference_status,reference_method,reference_reason
1E4C1146,0,,,,,record0:offset16:size128;record0:offset16:size128;record0:offset16:size128;record0:offset16:size128,,まだ終わってない！,まだ終わってない！！,,,,NOT_CHECKED,27,,NOT_STARTED,NOT_BUILT,NOT_TESTED,JPN_PRIMARY; MLG_CN_CONTEXT_AUXILIARY,mechanical template; resource_class=OHD; source_objects=4,还没结束！,"[""还没结束！""]",It's not over yet!,"[""It's not over yet!""]",AUX_CN_ATTACHED,exact_jpn_ohd_page_record;eng_same_six_page_group_record,master status=AUX_CN_ATTACHED; mapping method=exact_jpn_ohd_page_record;eng_same_six_page_group_record; candidate attached as auxiliary evidence only; verify against JPN and context; auxiliary candidates only; JPN remains authoritative; verify against JPN text and context
1E4C1146,1,,,,,record1:offset144:size128;record1:offset144:size128;record1:offset144:size128;record1:offset144:size128,まだ終わってない！,まだ終わってない！！,まだ終わってない！！！,,,,NOT_CHECKED,30,,NOT_STARTED,NOT_BUILT,NOT_TESTED,JPN_PRIMARY; MLG_CN_CONTEXT_AUXILIARY,mechanical template; resource_class=OHD; source_objects=4,还没结束！！,"[""还没结束！！""]",It's not over yet!!,"[""It's not over yet!!""]",AUX_CN_ATTACHED,exact_jpn_ohd_page_record;eng_same_six_page_group_record,master status=AUX_CN_ATTACHED; mapping method=exact_jpn_ohd_page_record;eng_same_six_page_group_record; candidate attached as auxiliary evidence only; verify against JPN and context; auxiliary candidates only; JPN remains authoritative; verify against JPN text and context
1E4C1146,2,,,,,record2:offset272:size128;record2:offset272:size128;record2:offset272:size128;record2:offset272:size128,まだ終わってない！！,まだ終わってない！！！,まだ終わってない！！！！,,,,NOT_CHECKED,33,,NOT_STARTED,NOT_BUILT,NOT_TESTED,JPN_PRIMARY; MLG_CN_CONTEXT_AUXILIARY,mechanical template; resource_class=OHD; source_objects=4,还没结束！！！,"[""还没结束！！！""]",It's not over yet!!!,"[""It's not over yet!!!""]",AUX_CN_ATTACHED,exact_jpn_ohd_page_record;eng_same_six_page_group_record,master status=AUX_CN_ATTACHED; mapping method=exact_jpn_ohd_page_record;eng_same_six_page_group_record; candidate attached as auxiliary evidence only; verify against JPN and context; auxiliary candidates only; JPN remains authoritative; verify against JPN text and context
1E4C1146,3,,,,,record3:offset400:size128;record3:offset400:size128;record3:offset400:size128;record3:offset400:size128,まだ終わってない！！！,まだ終わってない！！！！,俺たちはまだやれる,,,,NOT_CHECKED,36,,NOT_STARTED,NOT_BUILT,NOT_TESTED,JPN_PRIMARY; MLG_CN_CONTEXT_AUXILIARY,mechanical template; resource_class=OHD; source_objects=4,还没结束！！！！,"[""还没结束！！！！""]",It's not over yet!!!!,"[""It's not over yet!!!!""]",AUX_CN_ATTACHED,exact_jpn_ohd_page_record;eng_same_six_page_group_record,master status=AUX_CN_ATTACHED; mapping method=exact_jpn_ohd_page_record;eng_same_six_page_group_record; candidate attached as auxiliary evidence only; verify against JPN and context; auxiliary candidates only; JPN remains authoritative; verify against JPN text and context
1E4C1146,4,,,,,record4:offset528:size128;record4:offset528:size128;record4:offset528:size128;record4:offset528:size128,まだ終わってない！！！！,俺たちはまだやれる,俺たちはまだやれる！,,,,NOT_CHECKED,27,,NOT_STARTED,NOT_BUILT,NOT_TESTED,JPN_PRIMARY; MLG_CN_CONTEXT_AUXILIARY,mechanical template; resource_class=OHD; source_objects=4,我们还在战斗中。,"[""我们还在战斗中。""]",We're still in this fight.,"[""We're still in this fight.""]",AUX_CN_ATTACHED,exact_jpn_ohd_page_record;eng_same_six_page_group_record,master status=AUX_CN_ATTACHED; mapping method=exact_jpn_ohd_page_record;eng_same_six_page_group_record; candidate attached as auxiliary evidence only; verify against JPN and context; auxiliary candidates only; JPN remains authoritative; verify against JPN text and context
1E4C1146,5,,,,,record5:offset656:size128;record5:offset656:size128;record5:offset656:size128;record5:offset656:size128,俺たちはまだやれる,俺たちはまだやれる！,俺たちはまだやれる！！,,,,NOT_CHECKED,30,,NOT_STARTED,NOT_BUILT,NOT_TESTED,JPN_PRIMARY; MLG_CN_CONTEXT_AUXILIARY,mechanical template; resource_class=OHD; source_objects=4,我们还在战斗中！,"[""我们还在战斗中！""]",We're still in this fight!,"[""We're still in this fight!""]",AUX_CN_ATTACHED,exact_jpn_ohd_page_record;eng_same_six_page_group_record,master status=AUX_CN_ATTACHED; mapping method=exact_jpn_ohd_page_record;eng_same_six_page_group_record; candidate attached as auxiliary evidence only; verify against JPN and context; auxiliary candidates only; JPN remains authoritative; verify against JPN text and context
1E4C1146,6,,,,,record6:offset784:size128;record6:offset784:size128;record6:offset784:size128;record6:offset784:size128,俺たちはまだやれる！,俺たちはまだやれる！！,俺たちはまだやれる！！！,,,,NOT_CHECKED,33,,NOT_STARTED,NOT_BUILT,NOT_TESTED,JPN_PRIMARY; MLG_CN_CONTEXT_AUXILIARY,mechanical template; resource_class=OHD; source_objects=4,我们还在战斗中！！,"[""我们还在战斗中！！""]",We're still in this fight!!,"[""We're still in this fight!!""]",AUX_CN_ATTACHED,exact_jpn_ohd_page_record;eng_same_six_page_group_record,master status=AUX_CN_ATTACHED; mapping method=exact_jpn_ohd_page_record;eng_same_six_page_group_record; candidate attached as auxiliary evidence only; verify against JPN and context; auxiliary candidates only; JPN remains authoritative; verify against JPN text and context
1E4C1146,7,,,,,record7:offset912:size128;record7:offset912:size128;record7:offset912:size128;record7:offset912:size128,俺たちはまだやれる！！,俺たちはまだやれる！！！,やるぞ,,,,NOT_CHECKED,36,,NOT_STARTED,NOT_BUILT,NOT_TESTED,JPN_PRIMARY; MLG_CN_CONTEXT_AUXILIARY,mechanical template; resource_class=OHD; source_objects=4,我们还在战斗中！！！,"[""我们还在战斗中！！！""]",We're still in this fight!!!,"[""We're still in this fight!!!""]",AUX_CN_ATTACHED,exact_jpn_ohd_page_record;eng_same_six_page_group_record,master status=AUX_CN_ATTACHED; mapping method=exact_jpn_ohd_page_record;eng_same_six_page_group_record; candidate attached as auxiliary evidence only; verify against JPN and context; auxiliary candidates only; JPN remains authoritative; verify against JPN text and context
1E4C1146,8,,,,,record8:offset1040:size128;record8:offset1040:size128;record8:offset1040:size128;record8:offset1040:size128,俺たちはまだやれる！！！,やるぞ,やるぞ！,,,,NOT_CHECKED,9,,NOT_STARTED,NOT_BUILT,NOT_TESTED,JPN_PRIMARY; MLG_CN_CONTEXT_AUXILIARY,mechanical template; resource_class=OHD; source_objects=4,我准备好了。,"[""我准备好了。""]",I'm ready to go.,"[""I'm ready to go.""]",AUX_CN_ATTACHED,exact_jpn_ohd_page_record;eng_same_six_page_group_record,master status=AUX_CN_ATTACHED; mapping method=exact_jpn_ohd_page_record;eng_same_six_page_group_record; candidate attached as auxiliary evidence only; verify against JPN and context; auxiliary candidates only; JPN remains authoritative; verify against JPN text and context
1E4C1146,9,,,,,record9:offset1168:size128;record9:offset1168:size128;record9:offset1168:size128;record9:offset1168:size128,やるぞ,やるぞ！,やるぞ！！,,,,NOT_CHECKED,12,,NOT_STARTED,NOT_BUILT,NOT_TESTED,JPN_PRIMARY; MLG_CN_CONTEXT_AUXILIARY,mechanical template; resource_class=OHD; source_objects=4,我准备好了！,"[""我准备好了！""]",I'm ready to go!,"[""I'm ready to go!""]",AUX_CN_ATTACHED,exact_jpn_ohd_page_record;eng_same_six_page_group_record,master status=AUX_CN_ATTACHED; mapping method=exact_jpn_ohd_page_record;eng_same_six_page_group_record; candidate attached as auxiliary evidence only; verify against JPN and context; auxiliary candidates only; JPN remains authoritative; verify against JPN text and context
1E4C1146,10,,,,,record10:offset1296:size128;record10:offset1296:size128;record10:offset1296:size128;record10:offset1296:size128,やるぞ！,やるぞ！！,やるぞ！！！,,,,NOT_CHECKED,15,,NOT_STARTED,NOT_BUILT,NOT_TESTED,JPN_PRIMARY; MLG_CN_CONTEXT_AUXILIARY,mechanical template; resource_class=OHD; source_objects=4,我准备好了！！,"[""我准备好了！！""]",I'm ready to go!!,"[""I'm ready to go!!""]",AUX_CN_ATTACHED,exact_jpn_ohd_page_record;eng_same_six_page_group_record,master status=AUX_CN_ATTACHED; mapping method=exact_jpn_ohd_page_record;eng_same_six_page_group_record; candidate attached as auxiliary evidence only; verify against JPN and context; auxiliary candidates only; JPN remains authoritative; verify against JPN text and context
1E4C1146,11,,,,,record11:offset1424:size128;record11:offset1424:size128;record11:offset1424:size128;record11:offset1424:size128,やるぞ！！,やるぞ！！！,俺がついてる,,,,NOT_CHECKED,18,,NOT_STARTED,NOT_BUILT,NOT_TESTED,JPN_PRIMARY; MLG_CN_CONTEXT_AUXILIARY,mechanical template; resource_class=OHD; source_objects=4,我准备好了！！！,"[""我准备好了！！！""]",I'm ready to go!!!,"[""I'm ready to go!!!""]",AUX_CN_ATTACHED,exact_jpn_ohd_page_record;eng_same_six_page_group_record,master status=AUX_CN_ATTACHED; mapping method=exact_jpn_ohd_page_record;eng_same_six_page_group_record; candidate attached as auxiliary evidence only; verify against JPN and context; auxiliary candidates only; JPN remains authoritative; verify against JPN text and context
1E4C1146,12,,,,,record12:offset1552:size128;record12:offset1552:size128;record12:offset1552:size128;record12:offset1552:size128,やるぞ！！！,俺がついてる,俺がついてる！,,,,NOT_CHECKED,18,,NOT_STARTED,NOT_BUILT,NOT_TESTED,JPN_PRIMARY; MLG_CN_CONTEXT_AUXILIARY,mechanical template; resource_class=OHD; source_objects=4,我跟你一起。,"[""我跟你一起。""]",I'm with ya.,"[""I'm with ya.""]",AUX_CN_ATTACHED,exact_jpn_ohd_page_record;eng_same_six_page_group_record,master status=AUX_CN_ATTACHED; mapping method=exact_jpn_ohd_page_record;eng_same_six_page_group_record; candidate attached as auxiliary evidence only; verify against JPN and context; auxiliary candidates only; JPN remains authoritative; verify against JPN text and context
1E4C1146,13,,,,,record13:offset1680:size128;record13:offset1680:size128;record13:offset1680:size128;record13:offset1680:size128,俺がついてる,俺がついてる！,俺がついてる！！,,,,NOT_CHECKED,21,,NOT_STARTED,NOT_BUILT,NOT_TESTED,JPN_PRIMARY; MLG_CN_CONTEXT_AUXILIARY,mechanical template; resource_class=OHD; source_objects=4,我跟你一起！,"[""我跟你一起！""]",I'm with ya!,"[""I'm with ya!""]",AUX_CN_ATTACHED,exact_jpn_ohd_page_record;eng_same_six_page_group_record,master status=AUX_CN_ATTACHED; mapping method=exact_jpn_ohd_page_record;eng_same_six_page_group_record; candidate attached as auxiliary evidence only; verify against JPN and context; auxiliary candidates only; JPN remains authoritative; verify against JPN text and context
1E4C1146,14,,,,,record14:offset1808:size128;record14:offset1808:size128;record14:offset1808:size128;record14:offset1808:size128,俺がついてる！,俺がついてる！！,俺がついてる！！！,,,,NOT_CHECKED,24,,NOT_STARTED,NOT_BUILT,NOT_TESTED,JPN_PRIMARY; MLG_CN_CONTEXT_AUXILIARY,mechanical template; resource_class=OHD; source_objects=4,我跟你一起！！,"[""我跟你一起！！""]",I'm with ya!!,"[""I'm with ya!!""]",AUX_CN_ATTACHED,exact_jpn_ohd_page_record;eng_same_six_page_group_record,master status=AUX_CN_ATTACHED; mapping method=exact_jpn_ohd_page_record;eng_same_six_page_group_record; candidate attached as auxiliary evidence only; verify against JPN and context; auxiliary candidates only; JPN remains authoritative; verify against JPN text and context
1E4C1146,15,,,,,record15:offset1936:size128;record15:offset1936:size128;record15:offset1936:size128;record15:offset1936:size128,俺がついてる！！,俺がついてる！！！,死ぬな,,,,NOT_CHECKED,27,,NOT_STARTED,NOT_BUILT,NOT_TESTED,JPN_PRIMARY; MLG_CN_CONTEXT_AUXILIARY,mechanical template; resource_class=OHD; source_objects=4,我跟你一起！！！,"[""我跟你一起！！！""]",I'm with ya!!!,"[""I'm with ya!!!""]",AUX_CN_ATTACHED,exact_jpn_ohd_page_record;eng_same_six_page_group_record,master status=AUX_CN_ATTACHED; mapping method=exact_jpn_ohd_page_record;eng_same_six_page_group_record; candidate attached as auxiliary evidence only; verify against JPN and context; auxiliary candidates only; JPN remains authoritative; verify against JPN text and context
1E4C1146,16,,,,,record16:offset2064:size128;record16:offset2064:size128;record16:offset2064:size128;record16:offset2064:size128,俺がついてる！！！,死ぬな,死ぬな！,,,,NOT_CHECKED,9,,NOT_STARTED,NOT_BUILT,NOT_TESTED,JPN_PRIMARY; MLG_CN_CONTEXT_AUXILIARY,mechanical template; resource_class=OHD; source_objects=4,别死啊。,"[""别死啊。""]",Don't die on me.,"[""Don't die on me.""]",AUX_CN_ATTACHED,exact_jpn_ohd_page_record;eng_same_six_page_group_record,master status=AUX_CN_ATTACHED; mapping method=exact_jpn_ohd_page_record;eng_same_six_page_group_record; candidate attached as auxiliary evidence only; verify against JPN and context; auxiliary candidates only; JPN remains authoritative; verify against JPN text and context
1E4C1146,17,,,,,record17:offset2192:size128;record17:offset2192:size128;record17:offset2192:size128;record17:offset2192:size128,死ぬな,死ぬな！,死ぬな！！！,,,,NOT_CHECKED,12,,NOT_STARTED,NOT_BUILT,NOT_TESTED,JPN_PRIMARY; MLG_CN_CONTEXT_AUXILIARY,mechanical template; resource_class=OHD; source_objects=4,别死啊！,"[""别死啊！""]",Don't die on me!,"[""Don't die on me!""]",AUX_CN_ATTACHED,exact_jpn_ohd_page_record;eng_same_six_page_group_record,master status=AUX_CN_ATTACHED; mapping method=exact_jpn_ohd_page_record;eng_same_six_page_group_record; candidate attached as auxiliary evidence only; verify against JPN and context; auxiliary candidates only; JPN remains authoritative; verify against JPN text and context
1E4C1146,18,,,,,record18:offset2320:size128;record18:offset2320:size128;record18:offset2320:size128;record18:offset2320:size128,死ぬな！,死ぬな！！！,さすがだな,,,,NOT_CHECKED,18,,NOT_STARTED,NOT_BUILT,NOT_TESTED,JPN_PRIMARY; MLG_CN_CONTEXT_AUXILIARY,mechanical template; resource_class=OHD; source_objects=4,别死啊！！！,"[""别死啊！！！""]",Don't die on me!!!,"[""Don't die on me!!!""]",AUX_CN_ATTACHED,exact_jpn_ohd_page_record;eng_same_six_page_group_record,master status=AUX_CN_ATTACHED; mapping method=exact_jpn_ohd_page_record;eng_same_six_page_group_record; candidate attached as auxiliary evidence only; verify against JPN and context; auxiliary candidates only; JPN remains authoritative; verify against JPN text and context
1E4C1146,19,,,,,record19:offset2448:size128;record19:offset2448:size128;record19:offset2448:size128;record19:offset2448:size128,死ぬな！！！,さすがだな,さすがだな！,,,,NOT_CHECKED,15,,NOT_STARTED,NOT_BUILT,NOT_TESTED,JPN_PRIMARY; MLG_CN_CONTEXT_AUXILIARY,mechanical template; resource_class=OHD; source_objects=4,我就知道你能行！,"[""我就知道你能行！""]",I knew you had it in you!,"[""I knew you had it in you!""]",AUX_CN_ATTACHED,exact_jpn_ohd_page_record;eng_same_six_page_group_record,master status=AUX_CN_ATTACHED; mapping method=exact_jpn_ohd_page_record;eng_same_six_page_group_record; candidate attached as auxiliary evidence only; verify against JPN and context; auxiliary candidates only; JPN remains authoritative; verify against JPN text and context
1E4C1146,20,,,,,record20:offset2576:size128;record20:offset2576:size128;record20:offset2576:size128;record20:offset2576:size128,さすがだな,さすがだな！,さすがです,,,,NOT_CHECKED,18,,NOT_STARTED,NOT_BUILT,NOT_TESTED,JPN_PRIMARY; MLG_CN_CONTEXT_AUXILIARY,mechanical template; resource_class=OHD; source_objects=4,我就知道你能行！！,"[""我就知道你能行！！""]",I knew you had it in you!!,"[""I knew you had it in you!!""]",AUX_CN_ATTACHED,exact_jpn_ohd_page_record;eng_same_six_page_group_record,master status=AUX_CN_ATTACHED; mapping method=exact_jpn_ohd_page_record;eng_same_six_page_group_record; candidate attached as auxiliary evidence only; verify against JPN and context; auxiliary candidates only; JPN remains authoritative; verify against JPN text and context
1E4C1146,21,,,,,record21:offset2704:size128;record21:offset2704:size128;record21:offset2704:size128;record21:offset2704:size128,さすがだな！,さすがです,さすがです！,,,,NOT_CHECKED,15,,NOT_STARTED,NOT_BUILT,NOT_TESTED,JPN_PRIMARY; MLG_CN_CONTEXT_AUXILIARY,mechanical template; resource_class=OHD; source_objects=4,我就知道你能行…,"[""我就知道你能行…""]",I knew you had it in you...,"[""I knew you had it in you...""]",AUX_CN_ATTACHED,exact_jpn_ohd_page_record;eng_same_six_page_group_record,master status=AUX_CN_ATTACHED; mapping method=exact_jpn_ohd_page_record;eng_same_six_page_group_record; candidate attached as auxiliary evidence only; verify against JPN and context; auxiliary candidates only; JPN remains authoritative; verify against JPN text and context
1E4C1146,22,,,,,record22:offset2832:size128;record22:offset2832:size128;record22:offset2832:size128;record22:offset2832:size128,さすがです,さすがです！,いいセンスだ,,,,NOT_CHECKED,18,,NOT_STARTED,NOT_BUILT,NOT_TESTED,JPN_PRIMARY; MLG_CN_CONTEXT_AUXILIARY,mechanical template; resource_class=OHD; source_objects=4,我就知道你能行… …,"[""我就知道你能行… …""]",I knew you had it in you... ...,"[""I knew you had it in you... ...""]",AUX_CN_ATTACHED,exact_jpn_ohd_page_record;eng_same_six_page_group_record,master status=AUX_CN_ATTACHED; mapping method=exact_jpn_ohd_page_record;eng_same_six_page_group_record; candidate attached as auxiliary evidence only; verify against JPN and context; auxiliary candidates only; JPN remains authoritative; verify against JPN text and context
1E4C1146,23,,,,,record23:offset2960:size128;record23:offset2960:size128;record23:offset2960:size128;record23:offset2960:size128,さすがです！,いいセンスだ,いいセンスだ！,,,,NOT_CHECKED,18,,NOT_STARTED,NOT_BUILT,NOT_TESTED,JPN_PRIMARY; MLG_CN_CONTEXT_AUXILIARY,mechanical template; resource_class=OHD; source_objects=4,你挺厉害。,"[""你挺厉害。""]",You're pretty good.,"[""You're pretty good.""]",AUX_CN_ATTACHED,exact_jpn_ohd_page_record;eng_same_six_page_group_record,master status=AUX_CN_ATTACHED; mapping method=exact_jpn_ohd_page_record;eng_same_six_page_group_record; candidate attached as auxiliary evidence only; verify against JPN and context; auxiliary candidates only; JPN remains authoritative; verify against JPN text and context
1E4C1146,24,,,,,record24:offset3088:size128;record24:offset3088:size128;record24:offset3088:size128;record24:offset3088:size128,いいセンスだ,いいセンスだ！,後は頼むぞ,,,,NOT_CHECKED,21,,NOT_STARTED,NOT_BUILT,NOT_TESTED,JPN_PRIMARY; MLG_CN_CONTEXT_AUXILIARY,mechanical template; resource_class=OHD; source_objects=4,你挺厉害！,"[""你挺厉害！""]",You're pretty good!,"[""You're pretty good!""]",AUX_CN_ATTACHED,exact_jpn_ohd_page_record;eng_same_six_page_group_record,master status=AUX_CN_ATTACHED; mapping method=exact_jpn_ohd_page_record;eng_same_six_page_group_record; candidate attached as auxiliary evidence only; verify against JPN and context; auxiliary candidates only; JPN remains authoritative; verify against JPN text and context
1E4C1146,25,,,,,record25:offset3216:size128;record25:offset3216:size128;record25:offset3216:size128;record25:offset3216:size128,いいセンスだ！,後は頼むぞ,後は頼むぞ！,,,,NOT_CHECKED,15,,NOT_STARTED,NOT_BUILT,NOT_TESTED,JPN_PRIMARY; MLG_CN_CONTEXT_AUXILIARY,mechanical template; resource_class=OHD; source_objects=4,接下来交给你了。,"[""接下来交给你了。""]",You take it from here.,"[""You take it from here.""]",AUX_CN_ATTACHED,exact_jpn_ohd_page_record;eng_same_six_page_group_record,master status=AUX_CN_ATTACHED; mapping method=exact_jpn_ohd_page_record;eng_same_six_page_group_record; candidate attached as auxiliary evidence only; verify against JPN and context; auxiliary candidates only; JPN remains authoritative; verify against JPN text and context
1E4C1146,26,,,,,record26:offset3344:size128;record26:offset3344:size128;record26:offset3344:size128;record26:offset3344:size128,後は頼むぞ,後は頼むぞ！,眠れ,,,,NOT_CHECKED,18,,NOT_STARTED,NOT_BUILT,NOT_TESTED,JPN_PRIMARY; MLG_CN_CONTEXT_AUXILIARY,mechanical template; resource_class=OHD; source_objects=4,接下来交给你了！,"[""接下来交给你了！""]",You take it from here!,"[""You take it from here!""]",AUX_CN_ATTACHED,exact_jpn_ohd_page_record;eng_same_six_page_group_record,master status=AUX_CN_ATTACHED; mapping method=exact_jpn_ohd_page_record;eng_same_six_page_group_record; candidate attached as auxiliary evidence only; verify against JPN and context; auxiliary candidates only; JPN remains authoritative; verify against JPN text and context
1E4C1146,27,,,,,record27:offset3472:size128;record27:offset3472:size128;record27:offset3472:size128;record27:offset3472:size128,後は頼むぞ！,眠れ,眠れ……,,,,NOT_CHECKED,6,,NOT_STARTED,NOT_BUILT,NOT_TESTED,JPN_PRIMARY; MLG_CN_CONTEXT_AUXILIARY,mechanical template; resource_class=OHD; source_objects=4,说晚安吧。,"[""说晚安吧。""]",Say good night.,"[""Say good night.""]",AUX_CN_ATTACHED,exact_jpn_ohd_page_record;eng_same_six_page_group_record,master status=AUX_CN_ATTACHED; mapping method=exact_jpn_ohd_page_record;eng_same_six_page_group_record; candidate attached as auxiliary evidence only; verify against JPN and context; auxiliary candidates only; JPN remains authoritative; verify against JPN text and context
1E4C1146,28,,,,,record28:offset3600:size128;record28:offset3600:size128;record28:offset3600:size128;record28:offset3600:size128,眠れ,眠れ……,落ちろ,,,,NOT_CHECKED,12,,NOT_STARTED,NOT_BUILT,NOT_TESTED,JPN_PRIMARY; MLG_CN_CONTEXT_AUXILIARY,mechanical template; resource_class=OHD; source_objects=4,说晚安吧… …,"[""说晚安吧… …""]",Say good night... ...,"[""Say good night... ...""]",AUX_CN_ATTACHED,exact_jpn_ohd_page_record;eng_same_six_page_group_record,master status=AUX_CN_ATTACHED; mapping method=exact_jpn_ohd_page_record;eng_same_six_page_group_record; candidate attached as auxiliary evidence only; verify against JPN and context; auxiliary candidates only; JPN remains authoritative; verify against JPN text and context
1E4C1146,29,,,,,record29:offset3728:size128;record29:offset3728:size128;record29:offset3728:size128;record29:offset3728:size128,眠れ……,落ちろ,落ちろ！,,,,NOT_CHECKED,9,,NOT_STARTED,NOT_BUILT,NOT_TESTED,JPN_PRIMARY; MLG_CN_CONTEXT_AUXILIARY,mechanical template; resource_class=OHD; source_objects=4,趴下。,"[""趴下。""]",Down on the ground.,"[""Down on the ground.""]",AUX_CN_ATTACHED,exact_jpn_ohd_page_record;eng_same_six_page_group_record,master status=AUX_CN_ATTACHED; mapping method=exact_jpn_ohd_page_record;eng_same_six_page_group_record; candidate attached as auxiliary evidence only; verify against JPN and context; auxiliary candidates only; JPN remains authoritative; verify against JPN text and context
1E4C1146,30,,,,,record30:offset3856:size128;record30:offset3856:size128;record30:offset3856:size128;record30:offset3856:size128,落ちろ,落ちろ！,落ちろ！！,,,,NOT_CHECKED,12,,NOT_STARTED,NOT_BUILT,NOT_TESTED,JPN_PRIMARY; MLG_CN_CONTEXT_AUXILIARY,mechanical template; resource_class=OHD; source_objects=4,趴下！,"[""趴下！""]",Down on the ground!,"[""Down on the ground!""]",AUX_CN_ATTACHED,exact_jpn_ohd_page_record;eng_same_six_page_group_record,master status=AUX_CN_ATTACHED; mapping method=exact_jpn_ohd_page_record;eng_same_six_page_group_record; candidate attached as auxiliary evidence only; verify against JPN and context; auxiliary candidates only; JPN remains authoritative; verify against JPN text and context
1E4C1146,31,,,,,record31:offset3984:size128;record31:offset3984:size128;record31:offset3984:size128;record31:offset3984:size128,落ちろ！,落ちろ！！,落ちろ！！！,,,,NOT_CHECKED,15,,NOT_STARTED,NOT_BUILT,NOT_TESTED,JPN_PRIMARY; MLG_CN_CONTEXT_AUXILIARY,mechanical template; resource_class=OHD; source_objects=4,趴下！！,"[""趴下！！""]",Down on the ground!!,"[""Down on the ground!!""]",AUX_CN_ATTACHED,exact_jpn_ohd_page_record;eng_same_six_page_group_record,master status=AUX_CN_ATTACHED; mapping method=exact_jpn_ohd_page_record;eng_same_six_page_group_record; candidate attached as auxiliary evidence only; verify against JPN and context; auxiliary candidates only; JPN remains authoritative; verify against JPN text and context
1E4C1146,32,,,,,record32:offset4112:size128;record32:offset4112:size128;record32:offset4112:size128;record32:offset4112:size128,落ちろ！！,落ちろ！！！,降伏しろ,,,,NOT_CHECKED,18,,NOT_STARTED,NOT_BUILT,NOT_TESTED,JPN_PRIMARY; MLG_CN_CONTEXT_AUXILIARY,mechanical template; resource_class=OHD; source_objects=4,趴下！！！,"[""趴下！！！""]",Down on the ground!!!,"[""Down on the ground!!!""]",AUX_CN_ATTACHED,exact_jpn_ohd_page_record;eng_same_six_page_group_record,master status=AUX_CN_ATTACHED; mapping method=exact_jpn_ohd_page_record;eng_same_six_page_group_record; candidate attached as auxiliary evidence only; verify against JPN and context; auxiliary candidates only; JPN remains authoritative; verify against JPN text and context
1E4C1146,33,,,,,record33:offset4240:size128;record33:offset4240:size128;record33:offset4240:size128;record33:offset4240:size128,落ちろ！！！,降伏しろ,降伏しろ！！,,,,NOT_CHECKED,12,,NOT_STARTED,NOT_BUILT,NOT_TESTED,JPN_PRIMARY; MLG_CN_CONTEXT_AUXILIARY,mechanical template; resource_class=OHD; source_objects=4,投降。,"[""投降。""]",Surrender.,"[""Surrender.""]",AUX_CN_ATTACHED,exact_jpn_ohd_page_record;eng_same_six_page_group_record,master status=AUX_CN_ATTACHED; mapping method=exact_jpn_ohd_page_record;eng_same_six_page_group_record; candidate attached as auxiliary evidence only; verify against JPN and context; auxiliary candidates only; JPN remains authoritative; verify against JPN text and context
1E4C1146,34,,,,,record34:offset4368:size128;record34:offset4368:size128;record34:offset4368:size128;record34:offset4368:size128,降伏しろ,降伏しろ！！,静かに行くぞ,,,,NOT_CHECKED,18,,NOT_STARTED,NOT_BUILT,NOT_TESTED,JPN_PRIMARY; MLG_CN_CONTEXT_AUXILIARY,mechanical template; resource_class=OHD; source_objects=4,投降！！,"[""投降！！""]",Surrender!!,"[""Surrender!!""]",AUX_CN_ATTACHED,exact_jpn_ohd_page_record;eng_same_six_page_group_record,master status=AUX_CN_ATTACHED; mapping method=exact_jpn_ohd_page_record;eng_same_six_page_group_record; candidate attached as auxiliary evidence only; verify against JPN and context; auxiliary candidates only; JPN remains authoritative; verify against JPN text and context
1E4C1146,35,,,,,record35:offset4496:size128;record35:offset4496:size128;record35:offset4496:size128;record35:offset4496:size128,降伏しろ！！,静かに行くぞ,静かに行くぞ！,,,,NOT_CHECKED,18,,NOT_STARTED,NOT_BUILT,NOT_TESTED,JPN_PRIMARY; MLG_CN_CONTEXT_AUXILIARY,mechanical template; resource_class=OHD; source_objects=4,他们听不到我靠近。,"[""他们听不到我靠近。""]",They'll never hear me coming.,"[""They'll never hear me coming.""]",AUX_CN_ATTACHED,exact_jpn_ohd_page_record;eng_same_six_page_group_record,master status=AUX_CN_ATTACHED; mapping method=exact_jpn_ohd_page_record;eng_same_six_page_group_record; candidate attached as auxiliary evidence only; verify against JPN and context; auxiliary candidates only; JPN remains authoritative; verify against JPN text and context
1E4C1146,36,,,,,record36:offset4624:size128;record36:offset4624:size128;record36:offset4624:size128;record36:offset4624:size128,静かに行くぞ,静かに行くぞ！,静かに行くぞ！！,,,,NOT_CHECKED,21,,NOT_STARTED,NOT_BUILT,NOT_TESTED,JPN_PRIMARY; MLG_CN_CONTEXT_AUXILIARY,mechanical template; resource_class=OHD; source_objects=4,他们听不到我靠近！,"[""他们听不到我靠近！""]",They'll never hear me coming!,"[""They'll never hear me coming!""]",AUX_CN_ATTACHED,exact_jpn_ohd_page_record;eng_same_six_page_group_record,master status=AUX_CN_ATTACHED; mapping method=exact_jpn_ohd_page_record;eng_same_six_page_group_record; candidate attached as auxiliary evidence only; verify against JPN and context; auxiliary candidates only; JPN remains authoritative; verify against JPN text and context
1E4C1146,37,,,,,record37:offset4752:size128;record37:offset4752:size128;record37:offset4752:size128;record37:offset4752:size128,静かに行くぞ！,静かに行くぞ！！,静かに行くぞ！！！,,,,NOT_CHECKED,24,,NOT_STARTED,NOT_BUILT,NOT_TESTED,JPN_PRIMARY; MLG_CN_CONTEXT_AUXILIARY,mechanical template; resource_class=OHD; source_objects=4,他们听不到我靠近！！,"[""他们听不到我靠近！！""]",They'll never hear me coming!!,"[""They'll never hear me coming!!""]",AUX_CN_ATTACHED,exact_jpn_ohd_page_record;eng_same_six_page_group_record,master status=AUX_CN_ATTACHED; mapping method=exact_jpn_ohd_page_record;eng_same_six_page_group_record; candidate attached as auxiliary evidence only; verify against JPN and context; auxiliary candidates only; JPN remains authoritative; verify against JPN text and context
1E4C1146,38,,,,,record38:offset4880:size128;record38:offset4880:size128;record38:offset4880:size128;record38:offset4880:size128,静かに行くぞ！！,静かに行くぞ！！！,静かに行こう,,,,NOT_CHECKED,27,,NOT_STARTED,NOT_BUILT,NOT_TESTED,JPN_PRIMARY; MLG_CN_CONTEXT_AUXILIARY,mechanical template; resource_class=OHD; source_objects=4,他们听不到我靠近！！！,"[""他们听不到我靠近！！！""]",They'll never hear me coming!!!,"[""They'll never hear me coming!!!""]",AUX_CN_ATTACHED,exact_jpn_ohd_page_record;eng_same_six_page_group_record,master status=AUX_CN_ATTACHED; mapping method=exact_jpn_ohd_page_record;eng_same_six_page_group_record; candidate attached as auxiliary evidence only; verify against JPN and context; auxiliary candidates only; JPN remains authoritative; verify against JPN text and context
1E4C1146,39,,,,,record39:offset5008:size128;record39:offset5008:size128;record39:offset5008:size128;record39:offset5008:size128,静かに行くぞ！！！,静かに行こう,静かに行こう！,,,,NOT_CHECKED,18,,NOT_STARTED,NOT_BUILT,NOT_TESTED,JPN_PRIMARY; MLG_CN_CONTEXT_AUXILIARY,mechanical template; resource_class=OHD; source_objects=4,让他们尝尝无声的厉害。,"[""让他们尝尝无声的厉害。""]",Give 'em the silent treatment.,"[""Give 'em the silent treatment.""]",AUX_CN_ATTACHED,exact_jpn_ohd_page_record;eng_same_six_page_group_record,master status=AUX_CN_ATTACHED; mapping method=exact_jpn_ohd_page_record;eng_same_six_page_group_record; candidate attached as auxiliary evidence only; verify against JPN and context; auxiliary candidates only; JPN remains authoritative; verify against JPN text and context
1E4C1146,40,,,,,record40:offset5136:size128;record40:offset5136:size128;record40:offset5136:size128;record40:offset5136:size128,静かに行こう,静かに行こう！,静かに行こう！！,,,,NOT_CHECKED,21,,NOT_STARTED,NOT_BUILT,NOT_TESTED,JPN_PRIMARY; MLG_CN_CONTEXT_AUXILIARY,mechanical template; resource_class=OHD; source_objects=4,让他们尝尝无声的厉害！,"[""让他们尝尝无声的厉害！""]",Give 'em the silent treatment!,"[""Give 'em the silent treatment!""]",AUX_CN_ATTACHED,exact_jpn_ohd_page_record;eng_same_six_page_group_record,master status=AUX_CN_ATTACHED; mapping method=exact_jpn_ohd_page_record;eng_same_six_page_group_record; candidate attached as auxiliary evidence only; verify against JPN and context; auxiliary candidates only; JPN remains authoritative; verify against JPN text and context
1E4C1146,41,,,,,record41:offset5264:size128;record41:offset5264:size128;record41:offset5264:size128;record41:offset5264:size128,静かに行こう！,静かに行こう！！,静かに行こう！！！,,,,NOT_CHECKED,24,,NOT_STARTED,NOT_BUILT,NOT_TESTED,JPN_PRIMARY; MLG_CN_CONTEXT_AUXILIARY,mechanical template; resource_class=OHD; source_objects=4,让他们尝尝无声的厉害！！,"[""让他们尝尝无声的厉害！！""]",Give 'em the silent treatment!!,"[""Give 'em the silent treatment!!""]",AUX_CN_ATTACHED,exact_jpn_ohd_page_record;eng_same_six_page_group_record,master status=AUX_CN_ATTACHED; mapping method=exact_jpn_ohd_page_record;eng_same_six_page_group_record; candidate attached as auxiliary evidence only; verify against JPN and context; auxiliary candidates only; JPN remains authoritative; verify against JPN text and context
1E4C1146,42,,,,,record42:offset5392:size128;record42:offset5392:size128;record42:offset5392:size128;record42:offset5392:size128,静かに行こう！！,静かに行こう！！！,俺はここだ,,,,NOT_CHECKED,27,,NOT_STARTED,NOT_BUILT,NOT_TESTED,JPN_PRIMARY; MLG_CN_CONTEXT_AUXILIARY,mechanical template; resource_class=OHD; source_objects=4,让他们尝尝无声的厉害！！！,"[""让他们尝尝无声的厉害！！！""]",Give 'em the silent treatment!!!,"[""Give 'em the silent treatment!!!""]",AUX_CN_ATTACHED,exact_jpn_ohd_page_record;eng_same_six_page_group_record,master status=AUX_CN_ATTACHED; mapping method=exact_jpn_ohd_page_record;eng_same_six_page_group_record; candidate attached as auxiliary evidence only; verify against JPN and context; auxiliary candidates only; JPN remains authoritative; verify against JPN text and context
1E4C1146,43,,,,,record43:offset5520:size128;record43:offset5520:size128;record43:offset5520:size128;record43:offset5520:size128,静かに行こう！！！,俺はここだ,俺はここだ！！,,,,NOT_CHECKED,15,,NOT_STARTED,NOT_BUILT,NOT_TESTED,JPN_PRIMARY; MLG_CN_CONTEXT_AUXILIARY,mechanical template; resource_class=OHD; source_objects=4,我来了。,"[""我来了。""]",Here I am.,"[""Here I am.""]",AUX_CN_ATTACHED,exact_jpn_ohd_page_record;eng_same_six_page_group_record,master status=AUX_CN_ATTACHED; mapping method=exact_jpn_ohd_page_record;eng_same_six_page_group_record; candidate attached as auxiliary evidence only; verify against JPN and context; auxiliary candidates only; JPN remains authoritative; verify against JPN text and context
1E4C1146,44,,,,,record44:offset5648:size128;record44:offset5648:size128;record44:offset5648:size128;record44:offset5648:size128,俺はここだ,俺はここだ！！,俺が敵を引きつける,,,,NOT_CHECKED,21,,NOT_STARTED,NOT_BUILT,NOT_TESTED,JPN_PRIMARY; MLG_CN_CONTEXT_AUXILIARY,mechanical template; resource_class=OHD; source_objects=4,我来了！！,"[""我来了！！""]",Here I am!!,"[""Here I am!!""]",AUX_CN_ATTACHED,exact_jpn_ohd_page_record;eng_same_six_page_group_record,master status=AUX_CN_ATTACHED; mapping method=exact_jpn_ohd_page_record;eng_same_six_page_group_record; candidate attached as auxiliary evidence only; verify against JPN and context; auxiliary candidates only; JPN remains authoritative; verify against JPN text and context
1E4C1146,45,,,,,record45:offset5776:size128;record45:offset5776:size128;record45:offset5776:size128;record45:offset5776:size128,俺はここだ！！,俺が敵を引きつける,俺が敵を引きつける！！,,,,NOT_CHECKED,27,,NOT_STARTED,NOT_BUILT,NOT_TESTED,JPN_PRIMARY; MLG_CN_CONTEXT_AUXILIARY,mechanical template; resource_class=OHD; source_objects=4,我来当他们的靶子。,"[""我来当他们的靶子。""]",I'll give 'em something to shoot at.,"[""I'll give 'em something to shoot at.""]",AUX_CN_ATTACHED,exact_jpn_ohd_page_record;eng_same_six_page_group_record,master status=AUX_CN_ATTACHED; mapping method=exact_jpn_ohd_page_record;eng_same_six_page_group_record; candidate attached as auxiliary evidence only; verify against JPN and context; auxiliary candidates only; JPN remains authoritative; verify against JPN text and context
1E4C1146,46,,,,,record46:offset5904:size128;record46:offset5904:size128;record46:offset5904:size128;record46:offset5904:size128,俺が敵を引きつける,俺が敵を引きつける！！,敵を引きつけてくれ,,,,NOT_CHECKED,33,,NOT_STARTED,NOT_BUILT,NOT_TESTED,JPN_PRIMARY; MLG_CN_CONTEXT_AUXILIARY,mechanical template; resource_class=OHD; source_objects=4,我来当他们的靶子！！,"[""我来当他们的靶子！！""]",I'll give 'em something to shoot at!!,"[""I'll give 'em something to shoot at!!""]",AUX_CN_ATTACHED,exact_jpn_ohd_page_record;eng_same_six_page_group_record,master status=AUX_CN_ATTACHED; mapping method=exact_jpn_ohd_page_record;eng_same_six_page_group_record; candidate attached as auxiliary evidence only; verify against JPN and context; auxiliary candidates only; JPN remains authoritative; verify against JPN text and context
1E4C1146,47,,,,,record47:offset6032:size128;record47:offset6032:size128;record47:offset6032:size128;record47:offset6032:size128,俺が敵を引きつける！！,敵を引きつけてくれ,敵を引きつけてくれ！！,,,,NOT_CHECKED,27,,NOT_STARTED,NOT_BUILT,NOT_TESTED,JPN_PRIMARY; MLG_CN_CONTEXT_AUXILIARY,mechanical template; resource_class=OHD; source_objects=4,帮我拖住他们。,"[""帮我拖住他们。""]",Keep 'em busy for me.,"[""Keep 'em busy for me.""]",AUX_CN_ATTACHED,exact_jpn_ohd_page_record;eng_same_six_page_group_record,master status=AUX_CN_ATTACHED; mapping method=exact_jpn_ohd_page_record;eng_same_six_page_group_record; candidate attached as auxiliary evidence only; verify against JPN and context; auxiliary candidates only; JPN remains authoritative; verify against JPN text and context
1E4C1146,48,,,,,record48:offset6160:size128;record48:offset6160:size128;record48:offset6160:size128;record48:offset6160:size128,敵を引きつけてくれ,敵を引きつけてくれ！！,行くぞ,,,,NOT_CHECKED,33,,NOT_STARTED,NOT_BUILT,NOT_TESTED,JPN_PRIMARY; MLG_CN_CONTEXT_AUXILIARY,mechanical template; resource_class=OHD; source_objects=4,帮我拖住他们！！,"[""帮我拖住他们！！""]",Keep 'em busy for me!!,"[""Keep 'em busy for me!!""]",AUX_CN_ATTACHED,exact_jpn_ohd_page_record;eng_same_six_page_group_record,master status=AUX_CN_ATTACHED; mapping method=exact_jpn_ohd_page_record;eng_same_six_page_group_record; candidate attached as auxiliary evidence only; verify against JPN and context; auxiliary candidates only; JPN remains authoritative; verify against JPN text and context
1E4C1146,49,,,,,record49:offset6288:size128;record49:offset6288:size128;record49:offset6288:size128;record49:offset6288:size128,敵を引きつけてくれ！！,行くぞ,行くぞ！,,,,NOT_CHECKED,9,,NOT_STARTED,NOT_BUILT,NOT_TESTED,JPN_PRIMARY; MLG_CN_CONTEXT_AUXILIARY,mechanical template; resource_class=OHD; source_objects=4,开始了。,"[""开始了。""]",Here goes.,"[""Here goes.""]",AUX_CN_ATTACHED,exact_jpn_ohd_page_record;eng_same_six_page_group_record,master status=AUX_CN_ATTACHED; mapping method=exact_jpn_ohd_page_record;eng_same_six_page_group_record; candidate attached as auxiliary evidence only; verify against JPN and context; auxiliary candidates only; JPN remains authoritative; verify against JPN text and context
1E4C1146,50,,,,,record50:offset6416:size128;record50:offset6416:size128;record50:offset6416:size128;record50:offset6416:size128,行くぞ,行くぞ！,行くぞ！！,,,,NOT_CHECKED,12,,NOT_STARTED,NOT_BUILT,NOT_TESTED,JPN_PRIMARY; MLG_CN_CONTEXT_AUXILIARY,mechanical template; resource_class=OHD; source_objects=4,开始了！,"[""开始了！""]",Here goes!,"[""Here goes!""]",AUX_CN_ATTACHED,exact_jpn_ohd_page_record;eng_same_six_page_group_record,master status=AUX_CN_ATTACHED; mapping method=exact_jpn_ohd_page_record;eng_same_six_page_group_record; candidate attached as auxiliary evidence only; verify against JPN and context; auxiliary candidates only; JPN remains authoritative; verify against JPN text and context
1E4C1146,51,,,,,record51:offset6544:size128;record51:offset6544:size128;record51:offset6544:size128;record51:offset6544:size128,行くぞ！,行くぞ！！,行くぞ！！！,,,,NOT_CHECKED,15,,NOT_STARTED,NOT_BUILT,NOT_TESTED,JPN_PRIMARY; MLG_CN_CONTEXT_AUXILIARY,mechanical template; resource_class=OHD; source_objects=4,开始了！！,"[""开始了！！""]",Here goes!!,"[""Here goes!!""]",AUX_CN_ATTACHED,exact_jpn_ohd_page_record;eng_same_six_page_group_record,master status=AUX_CN_ATTACHED; mapping method=exact_jpn_ohd_page_record;eng_same_six_page_group_record; candidate attached as auxiliary evidence only; verify against JPN and context; auxiliary candidates only; JPN remains authoritative; verify against JPN text and context
1E4C1146,52,,,,,record52:offset6672:size128;record52:offset6672:size128;record52:offset6672:size128;record52:offset6672:size128,行くぞ！！,行くぞ！！！,GO! GO! GO!,,,,NOT_CHECKED,18,,NOT_STARTED,NOT_BUILT,NOT_TESTED,JPN_PRIMARY; MLG_CN_CONTEXT_AUXILIARY,mechanical template; resource_class=OHD; source_objects=4,开始了！！！,"[""开始了！！！""]",Here goes!!!,"[""Here goes!!!""]",AUX_CN_ATTACHED,exact_jpn_ohd_page_record;eng_same_six_page_group_record,master status=AUX_CN_ATTACHED; mapping method=exact_jpn_ohd_page_record;eng_same_six_page_group_record; candidate attached as auxiliary evidence only; verify against JPN and context; auxiliary candidates only; JPN remains authoritative; verify against JPN text and context
1E4C1146,53,,,,,record53:offset6800:size128;record53:offset6800:size128;record53:offset6800:size128;record53:offset6800:size128,行くぞ！！！,GO! GO! GO!,GO! GO! GO!!,,,,NOT_CHECKED,11,,NOT_STARTED,NOT_BUILT,NOT_TESTED,JPN_PRIMARY; MLG_CN_CONTEXT_AUXILIARY,mechanical template; resource_class=OHD; source_objects=4,,[],GO! GO! GO!,"[""GO! GO! GO!""]",AUX_UNCHANGED,exact_jpn_ohd_page_record;eng_same_six_page_group_record,auxiliary bank retains the original JPN text; auxiliary candidates only; JPN remains authoritative; verify against JPN text and context
1E4C1146,54,,,,,record54:offset6928:size128;record54:offset6928:size128;record54:offset6928:size128;record54:offset6928:size128,GO! GO! GO!,GO! GO! GO!!,GO! GO! GO!!!,,,,NOT_CHECKED,12,,NOT_STARTED,NOT_BUILT,NOT_TESTED,JPN_PRIMARY; MLG_CN_CONTEXT_AUXILIARY,mechanical template; resource_class=OHD; source_objects=4,,[],GO! GO! GO!!,"[""GO! GO! GO!!""]",AUX_UNCHANGED,exact_jpn_ohd_page_record;eng_same_six_page_group_record,auxiliary bank retains the original JPN text; auxiliary candidates only; JPN remains authoritative; verify against JPN text and context
1E4C1146,55,,,,,record55:offset7056:size128;record55:offset7056:size128;record55:offset7056:size128;record55:offset7056:size128,GO! GO! GO!!,GO! GO! GO!!!,GO! GO! GO!!!!,,,,NOT_CHECKED,13,,NOT_STARTED,NOT_BUILT,NOT_TESTED,JPN_PRIMARY; MLG_CN_CONTEXT_AUXILIARY,mechanical template; resource_class=OHD; source_objects=4,,[],GO! GO! GO!!!,"[""GO! GO! GO!!!""]",AUX_UNCHANGED,exact_jpn_ohd_page_record;eng_same_six_page_group_record,auxiliary bank retains the original JPN text; auxiliary candidates only; JPN remains authoritative; verify against JPN text and context
1E4C1146,56,,,,,record56:offset7184:size128;record56:offset7184:size128;record56:offset7184:size128;record56:offset7184:size128,GO! GO! GO!!!,GO! GO! GO!!!!,ゆっくり行くぞ,,,,NOT_CHECKED,14,,NOT_STARTED,NOT_BUILT,NOT_TESTED,JPN_PRIMARY; MLG_CN_CONTEXT_AUXILIARY,mechanical template; resource_class=OHD; source_objects=4,,[],GO! GO! GO!!!!,"[""GO! GO! GO!!!!""]",AUX_UNCHANGED,exact_jpn_ohd_page_record;eng_same_six_page_group_record,auxiliary bank retains the original JPN text; auxiliary candidates only; JPN remains authoritative; verify against JPN text and context
1E4C1146,57,,,,,record57:offset7312:size128;record57:offset7312:size128;record57:offset7312:size128;record57:offset7312:size128,GO! GO! GO!!!!,ゆっくり行くぞ,ゆっくり行くぞ…,,,,NOT_CHECKED,21,,NOT_STARTED,NOT_BUILT,NOT_TESTED,JPN_PRIMARY; MLG_CN_CONTEXT_AUXILIARY,mechanical template; resource_class=OHD; source_objects=4,慢慢来。,"[""慢慢来。""]",Taking it slow.,"[""Taking it slow.""]",AUX_CN_ATTACHED,exact_jpn_ohd_page_record;eng_same_six_page_group_record,master status=AUX_CN_ATTACHED; mapping method=exact_jpn_ohd_page_record;eng_same_six_page_group_record; candidate attached as auxiliary evidence only; verify against JPN and context; auxiliary candidates only; JPN remains authoritative; verify against JPN text and context
1E4C1146,58,,,,,record58:offset7440:size128;record58:offset7440:size128;record58:offset7440:size128;record58:offset7440:size128,ゆっくり行くぞ,ゆっくり行くぞ…,ゆっくり行くぞ……,,,,NOT_CHECKED,24,,NOT_STARTED,NOT_BUILT,NOT_TESTED,JPN_PRIMARY; MLG_CN_CONTEXT_AUXILIARY,mechanical template; resource_class=OHD; source_objects=4,慢慢来…,"[""慢慢来…""]",Taking it slow...,"[""Taking it slow...""]",AUX_CN_ATTACHED,exact_jpn_ohd_page_record;eng_same_six_page_group_record,master status=AUX_CN_ATTACHED; mapping method=exact_jpn_ohd_page_record;eng_same_six_page_group_record; candidate attached as auxiliary evidence only; verify against JPN and context; auxiliary candidates only; JPN remains authoritative; verify against JPN text and context
1E4C1146,59,,,,,record59:offset7568:size128;record59:offset7568:size128;record59:offset7568:size128;record59:offset7568:size128,ゆっくり行くぞ…,ゆっくり行くぞ……,ゆっくり行くぞ………,,,,NOT_CHECKED,27,,NOT_STARTED,NOT_BUILT,NOT_TESTED,JPN_PRIMARY; MLG_CN_CONTEXT_AUXILIARY,mechanical template; resource_class=OHD; source_objects=4,慢慢来… …,"[""慢慢来… …""]",Taking it slow... ...,"[""Taking it slow... ...""]",AUX_CN_ATTACHED,exact_jpn_ohd_page_record;eng_same_six_page_group_record,master status=AUX_CN_ATTACHED; mapping method=exact_jpn_ohd_page_record;eng_same_six_page_group_record; candidate attached as auxiliary evidence only; verify against JPN and context; auxiliary candidates only; JPN remains authoritative; verify against JPN text and context
1E4C1146,60,,,,,record60:offset7696:size128;record60:offset7696:size128;record60:offset7696:size128;record60:offset7696:size128,ゆっくり行くぞ……,ゆっくり行くぞ………,ゆっくり行こう,,,,NOT_CHECKED,30,,NOT_STARTED,NOT_BUILT,NOT_TESTED,JPN_PRIMARY; MLG_CN_CONTEXT_AUXILIARY,mechanical template; resource_class=OHD; source_objects=4,慢慢来… … …,"[""慢慢来… … …""]",Taking it slow... ... ...,"[""Taking it slow... ... ...""]",AUX_CN_ATTACHED,exact_jpn_ohd_page_record;eng_same_six_page_group_record,master status=AUX_CN_ATTACHED; mapping method=exact_jpn_ohd_page_record;eng_same_six_page_group_record; candidate attached as auxiliary evidence only; verify against JPN and context; auxiliary candidates only; JPN remains authoritative; verify against JPN text and context
1E4C1146,61,,,,,record61:offset7824:size128;record61:offset7824:size128;record61:offset7824:size128;record61:offset7824:size128,ゆっくり行くぞ………,ゆっくり行こう,ゆっくり行こう…,,,,NOT_CHECKED,21,,NOT_STARTED,NOT_BUILT,NOT_TESTED,JPN_PRIMARY; MLG_CN_CONTEXT_AUXILIARY,mechanical template; resource_class=OHD; source_objects=4,放松点。,"[""放松点。""]",Let's take it easy.,"[""Let's take it easy.""]",AUX_CN_ATTACHED,exact_jpn_ohd_page_record;eng_same_six_page_group_record,master status=AUX_CN_ATTACHED; mapping method=exact_jpn_ohd_page_record;eng_same_six_page_group_record; candidate attached as auxiliary evidence only; verify against JPN and context; auxiliary candidates only; JPN remains authoritative; verify against JPN text and context
1E4C1146,62,,,,,record62:offset7952:size128;record62:offset7952:size128;record62:offset7952:size128;record62:offset7952:size128,ゆっくり行こう,ゆっくり行こう…,ゆっくり行こう……,,,,NOT_CHECKED,24,,NOT_STARTED,NOT_BUILT,NOT_TESTED,JPN_PRIMARY; MLG_CN_CONTEXT_AUXILIARY,mechanical template; resource_class=OHD; source_objects=4,放松点…,"[""放松点…""]",Let's take it easy...,"[""Let's take it easy...""]",AUX_CN_ATTACHED,exact_jpn_ohd_page_record;eng_same_six_page_group_record,master status=AUX_CN_ATTACHED; mapping method=exact_jpn_ohd_page_record;eng_same_six_page_group_record; candidate attached as auxiliary evidence only; verify against JPN and context; auxiliary candidates only; JPN remains authoritative; verify against JPN text and context
1E4C1146,63,,,,,record63:offset8080:size128;record63:offset8080:size128;record63:offset8080:size128;record63:offset8080:size128,ゆっくり行こう…,ゆっくり行こう……,ゆっくり行こう………,,,,NOT_CHECKED,27,,NOT_STARTED,NOT_BUILT,NOT_TESTED,JPN_PRIMARY; MLG_CN_CONTEXT_AUXILIARY,mechanical template; resource_class=OHD; source_objects=4,放松点… …,"[""放松点… …""]",Let's take it easy... ...,"[""Let's take it easy... ...""]",AUX_CN_ATTACHED,exact_jpn_ohd_page_record;eng_same_six_page_group_record,master status=AUX_CN_ATTACHED; mapping method=exact_jpn_ohd_page_record;eng_same_six_page_group_record; candidate attached as auxiliary evidence only; verify against JPN and context; auxiliary candidates only; JPN remains authoritative; verify against JPN text and context
1E4C1146,64,,,,,record64:offset8208:size128;record64:offset8208:size128;record64:offset8208:size128;record64:offset8208:size128,ゆっくり行こう……,ゆっくり行こう………,1人で行くぞ,,,,NOT_CHECKED,30,,NOT_STARTED,NOT_BUILT,NOT_TESTED,JPN_PRIMARY; MLG_CN_CONTEXT_AUXILIARY,mechanical template; resource_class=OHD; source_objects=4,放松点… … …,"[""放松点… … …""]",Let's take it easy... ... ...,"[""Let's take it easy... ... ...""]",AUX_CN_ATTACHED,exact_jpn_ohd_page_record;eng_same_six_page_group_record,master status=AUX_CN_ATTACHED; mapping method=exact_jpn_ohd_page_record;eng_same_six_page_group_record; candidate attached as auxiliary evidence only; verify against JPN and context; auxiliary candidates only; JPN remains authoritative; verify against JPN text and context
1E4C1146,65,,,,,record65:offset8336:size128;record65:offset8336:size128;record65:offset8336:size128;record65:offset8336:size128,ゆっくり行こう………,1人で行くぞ,1人で行くぞ！！,,,,NOT_CHECKED,16,,NOT_STARTED,NOT_BUILT,NOT_TESTED,JPN_PRIMARY; MLG_CN_CONTEXT_AUXILIARY,mechanical template; resource_class=OHD; source_objects=4,我要单独行动。,"[""我要单独行动。""]",I'm going it alone.,"[""I'm going it alone.""]",AUX_CN_ATTACHED,exact_jpn_ohd_page_record;eng_same_six_page_group_record,master status=AUX_CN_ATTACHED; mapping method=exact_jpn_ohd_page_record;eng_same_six_page_group_record; candidate attached as auxiliary evidence only; verify against JPN and context; auxiliary candidates only; JPN remains authoritative; verify against JPN text and context
1E4C1146,66,,,,,record66:offset8464:size128;record66:offset8464:size128;record66:offset8464:size128;record66:offset8464:size128,1人で行くぞ,1人で行くぞ！！,集中！,,,,NOT_CHECKED,22,,NOT_STARTED,NOT_BUILT,NOT_TESTED,JPN_PRIMARY; MLG_CN_CONTEXT_AUXILIARY,mechanical template; resource_class=OHD; source_objects=4,我要单独行动！！,"[""我要单独行动！！""]",I'm going it alone!!,"[""I'm going it alone!!""]",AUX_CN_ATTACHED,exact_jpn_ohd_page_record;eng_same_six_page_group_record,master status=AUX_CN_ATTACHED; mapping method=exact_jpn_ohd_page_record;eng_same_six_page_group_record; candidate attached as auxiliary evidence only; verify against JPN and context; auxiliary candidates only; JPN remains authoritative; verify against JPN text and context
1E4C1146,67,,,,,record67:offset8592:size128;record67:offset8592:size128;record67:offset8592:size128;record67:offset8592:size128,1人で行くぞ！！,集中！,集中！！,,,,NOT_CHECKED,9,,NOT_STARTED,NOT_BUILT,NOT_TESTED,JPN_PRIMARY; MLG_CN_CONTEXT_AUXILIARY,mechanical template; resource_class=OHD; source_objects=4,,[],Focus!,"[""Focus!""]",AUX_UNCHANGED,exact_jpn_ohd_page_record;eng_same_six_page_group_record,auxiliary bank retains the original JPN text; auxiliary candidates only; JPN remains authoritative; verify against JPN text and context
1E4C1146,68,,,,,record68:offset8720:size128;record68:offset8720:size128;record68:offset8720:size128;record68:offset8720:size128,集中！,集中！！,集中！！！,,,,NOT_CHECKED,12,,NOT_STARTED,NOT_BUILT,NOT_TESTED,JPN_PRIMARY; MLG_CN_CONTEXT_AUXILIARY,mechanical template; resource_class=OHD; source_objects=4,,[],Focus!!,"[""Focus!!""]",AUX_UNCHANGED,exact_jpn_ohd_page_record;eng_same_six_page_group_record,auxiliary bank retains the original JPN text; auxiliary candidates only; JPN remains authoritative; verify against JPN text and context
1E4C1146,69,,,,,record69:offset8848:size128;record69:offset8848:size128;record69:offset8848:size128;record69:offset8848:size128,集中！！,集中！！！,集中！！！！,,,,NOT_CHECKED,15,,NOT_STARTED,NOT_BUILT,NOT_TESTED,JPN_PRIMARY; MLG_CN_CONTEXT_AUXILIARY,mechanical template; resource_class=OHD; source_objects=4,,[],Focus!!!,"[""Focus!!!""]",AUX_UNCHANGED,exact_jpn_ohd_page_record;eng_same_six_page_group_record,auxiliary bank retains the original JPN text; auxiliary candidates only; JPN remains authoritative; verify against JPN text and context
1E4C1146,70,,,,,record70:offset8976:size128;record70:offset8976:size128;record70:offset8976:size128;record70:offset8976:size128,集中！！！,集中！！！！,おまえならやれる,,,,NOT_CHECKED,18,,NOT_STARTED,NOT_BUILT,NOT_TESTED,JPN_PRIMARY; MLG_CN_CONTEXT_AUXILIARY,mechanical template; resource_class=OHD; source_objects=4,,[],Focus!!!!,"[""Focus!!!!""]",AUX_UNCHANGED,exact_jpn_ohd_page_record;eng_same_six_page_group_record,auxiliary bank retains the original JPN text; auxiliary candidates only; JPN remains authoritative; verify against JPN text and context
1E4C1146,71,,,,,record71:offset9104:size128;record71:offset9104:size128;record71:offset9104:size128;record71:offset9104:size128,集中！！！！,おまえならやれる,おまえならやれる！,,,,NOT_CHECKED,24,,NOT_STARTED,NOT_BUILT,NOT_TESTED,JPN_PRIMARY; MLG_CN_CONTEXT_AUXILIARY,mechanical template; resource_class=OHD; source_objects=4,你可以的。,"[""你可以的。""]",You can do this.,"[""You can do this.""]",AUX_CN_ATTACHED,exact_jpn_ohd_page_record;eng_same_six_page_group_record,master status=AUX_CN_ATTACHED; mapping method=exact_jpn_ohd_page_record;eng_same_six_page_group_record; candidate attached as auxiliary evidence only; verify against JPN and context; auxiliary candidates only; JPN remains authoritative; verify against JPN text and context
1E4C1146,72,,,,,record72:offset9232:size128;record72:offset9232:size128;record72:offset9232:size128;record72:offset9232:size128,おまえならやれる,おまえならやれる！,おまえならやれる！！,,,,NOT_CHECKED,27,,NOT_STARTED,NOT_BUILT,NOT_TESTED,JPN_PRIMARY; MLG_CN_CONTEXT_AUXILIARY,mechanical template; resource_class=OHD; source_objects=4,你可以的！,"[""你可以的！""]",You can do this!,"[""You can do this!""]",AUX_CN_ATTACHED,exact_jpn_ohd_page_record;eng_same_six_page_group_record,master status=AUX_CN_ATTACHED; mapping method=exact_jpn_ohd_page_record;eng_same_six_page_group_record; candidate attached as auxiliary evidence only; verify against JPN and context; auxiliary candidates only; JPN remains authoritative; verify against JPN text and context
1E4C1146,73,,,,,record73:offset9360:size128;record73:offset9360:size128;record73:offset9360:size128;record73:offset9360:size128,おまえならやれる！,おまえならやれる！！,おまえならやれる！！！,,,,NOT_CHECKED,30,,NOT_STARTED,NOT_BUILT,NOT_TESTED,JPN_PRIMARY; MLG_CN_CONTEXT_AUXILIARY,mechanical template; resource_class=OHD; source_objects=4,你可以的！！,"[""你可以的！！""]",You can do this!!,"[""You can do this!!""]",AUX_CN_ATTACHED,exact_jpn_ohd_page_record;eng_same_six_page_group_record,master status=AUX_CN_ATTACHED; mapping method=exact_jpn_ohd_page_record;eng_same_six_page_group_record; candidate attached as auxiliary evidence only; verify against JPN and context; auxiliary candidates only; JPN remains authoritative; verify against JPN text and context
1E4C1146,74,,,,,record74:offset9488:size128;record74:offset9488:size128;record74:offset9488:size128;record74:offset9488:size128,おまえならやれる！！,おまえならやれる！！！,よく狙え,,,,NOT_CHECKED,33,,NOT_STARTED,NOT_BUILT,NOT_TESTED,JPN_PRIMARY; MLG_CN_CONTEXT_AUXILIARY,mechanical template; resource_class=OHD; source_objects=4,你可以的！！！,"[""你可以的！！！""]",You can do this!!!,"[""You can do this!!!""]",AUX_CN_ATTACHED,exact_jpn_ohd_page_record;eng_same_six_page_group_record,master status=AUX_CN_ATTACHED; mapping method=exact_jpn_ohd_page_record;eng_same_six_page_group_record; candidate attached as auxiliary evidence only; verify against JPN and context; auxiliary candidates only; JPN remains authoritative; verify against JPN text and context
1E4C1146,75,,,,,record75:offset9616:size128;record75:offset9616:size128;record75:offset9616:size128;record75:offset9616:size128,おまえならやれる！！！,よく狙え,よく狙え！,,,,NOT_CHECKED,12,,NOT_STARTED,NOT_BUILT,NOT_TESTED,JPN_PRIMARY; MLG_CN_CONTEXT_AUXILIARY,mechanical template; resource_class=OHD; source_objects=4,瞄准。,"[""瞄准。""]",Line up the shot.,"[""Line up the shot.""]",AUX_CN_ATTACHED,exact_jpn_ohd_page_record;eng_same_six_page_group_record,master status=AUX_CN_ATTACHED; mapping method=exact_jpn_ohd_page_record;eng_same_six_page_group_record; candidate attached as auxiliary evidence only; verify against JPN and context; auxiliary candidates only; JPN remains authoritative; verify against JPN text and context
1E4C1146,76,,,,,record76:offset9744:size128;record76:offset9744:size128;record76:offset9744:size128;record76:offset9744:size128,よく狙え,よく狙え！,よく狙え！！,,,,NOT_CHECKED,15,,NOT_STARTED,NOT_BUILT,NOT_TESTED,JPN_PRIMARY; MLG_CN_CONTEXT_AUXILIARY,mechanical template; resource_class=OHD; source_objects=4,瞄准！,"[""瞄准！""]",Line up the shot!,"[""Line up the shot!""]",AUX_CN_ATTACHED,exact_jpn_ohd_page_record;eng_same_six_page_group_record,master status=AUX_CN_ATTACHED; mapping method=exact_jpn_ohd_page_record;eng_same_six_page_group_record; candidate attached as auxiliary evidence only; verify against JPN and context; auxiliary candidates only; JPN remains authoritative; verify against JPN text and context
1E4C1146,77,,,,,record77:offset9872:size128;record77:offset9872:size128;record77:offset9872:size128;record77:offset9872:size128,よく狙え！,よく狙え！！,よく狙え！！！,,,,NOT_CHECKED,18,,NOT_STARTED,NOT_BUILT,NOT_TESTED,JPN_PRIMARY; MLG_CN_CONTEXT_AUXILIARY,mechanical template; resource_class=OHD; source_objects=4,瞄准！！,"[""瞄准！！""]",Line up the shot!!,"[""Line up the shot!!""]",AUX_CN_ATTACHED,exact_jpn_ohd_page_record;eng_same_six_page_group_record,master status=AUX_CN_ATTACHED; mapping method=exact_jpn_ohd_page_record;eng_same_six_page_group_record; candidate attached as auxiliary evidence only; verify against JPN and context; auxiliary candidates only; JPN remains authoritative; verify against JPN text and context
1E4C1146,78,,,,,record78:offset10000:size128;record78:offset10000:size128;record78:offset10000:size128;record78:offset10000:size128,よく狙え！！,よく狙え！！！,感じるぞ,,,,NOT_CHECKED,21,,NOT_STARTED,NOT_BUILT,NOT_TESTED,JPN_PRIMARY; MLG_CN_CONTEXT_AUXILIARY,mechanical template; resource_class=OHD; source_objects=4,瞄准！！！,"[""瞄准！！！""]",Line up the shot!!!,"[""Line up the shot!!!""]",AUX_CN_ATTACHED,exact_jpn_ohd_page_record;eng_same_six_page_group_record,master status=AUX_CN_ATTACHED; mapping method=exact_jpn_ohd_page_record;eng_same_six_page_group_record; candidate attached as auxiliary evidence only; verify against JPN and context; auxiliary candidates only; JPN remains authoritative; verify against JPN text and context
1E4C1146,79,,,,,record79:offset10128:size128;record79:offset10128:size128;record79:offset10128:size128;record79:offset10128:size128,よく狙え！！！,感じるぞ,感じるぞ！,,,,NOT_CHECKED,12,,NOT_STARTED,NOT_BUILT,NOT_TESTED,JPN_PRIMARY; MLG_CN_CONTEXT_AUXILIARY,mechanical template; resource_class=OHD; source_objects=4,我能感觉到他们。,"[""我能感觉到他们。""]",I can feel 'em.,"[""I can feel 'em.""]",AUX_CN_ATTACHED,exact_jpn_ohd_page_record;eng_same_six_page_group_record,master status=AUX_CN_ATTACHED; mapping method=exact_jpn_ohd_page_record;eng_same_six_page_group_record; candidate attached as auxiliary evidence only; verify against JPN and context; auxiliary candidates only; JPN remains authoritative; verify against JPN text and context
1E4C1146,80,,,,,record80:offset10256:size128;record80:offset10256:size128;record80:offset10256:size128;record80:offset10256:size128,感じるぞ,感じるぞ！,感じるぞ！！,,,,NOT_CHECKED,15,,NOT_STARTED,NOT_BUILT,NOT_TESTED,JPN_PRIMARY; MLG_CN_CONTEXT_AUXILIARY,mechanical template; resource_class=OHD; source_objects=4,我能感觉到他们！,"[""我能感觉到他们！""]",I can feel 'em!,"[""I can feel 'em!""]",AUX_CN_ATTACHED,exact_jpn_ohd_page_record;eng_same_six_page_group_record,master status=AUX_CN_ATTACHED; mapping method=exact_jpn_ohd_page_record;eng_same_six_page_group_record; candidate attached as auxiliary evidence only; verify against JPN and context; auxiliary candidates only; JPN remains authoritative; verify against JPN text and context
1E4C1146,81,,,,,record81:offset10384:size128;record81:offset10384:size128;record81:offset10384:size128;record81:offset10384:size128,感じるぞ！,感じるぞ！！,感じるぞ！！！,,,,NOT_CHECKED,18,,NOT_STARTED,NOT_BUILT,NOT_TESTED,JPN_PRIMARY; MLG_CN_CONTEXT_AUXILIARY,mechanical template; resource_class=OHD; source_objects=4,我能感觉到他们！！,"[""我能感觉到他们！！""]",I can feel 'em!!,"[""I can feel 'em!!""]",AUX_CN_ATTACHED,exact_jpn_ohd_page_record;eng_same_six_page_group_record,master status=AUX_CN_ATTACHED; mapping method=exact_jpn_ohd_page_record;eng_same_six_page_group_record; candidate attached as auxiliary evidence only; verify against JPN and context; auxiliary candidates only; JPN remains authoritative; verify against JPN text and context
1E4C1146,82,,,,,record82:offset10512:size128;record82:offset10512:size128;record82:offset10512:size128;record82:offset10512:size128,感じるぞ！！,感じるぞ！！！,ここだ,,,,NOT_CHECKED,21,,NOT_STARTED,NOT_BUILT,NOT_TESTED,JPN_PRIMARY; MLG_CN_CONTEXT_AUXILIARY,mechanical template; resource_class=OHD; source_objects=4,我能感觉到他们！！！,"[""我能感觉到他们！！！""]",I can feel 'em!!!,"[""I can feel 'em!!!""]",AUX_CN_ATTACHED,exact_jpn_ohd_page_record;eng_same_six_page_group_record,master status=AUX_CN_ATTACHED; mapping method=exact_jpn_ohd_page_record;eng_same_six_page_group_record; candidate attached as auxiliary evidence only; verify against JPN and context; auxiliary candidates only; JPN remains authoritative; verify against JPN text and context
1E4C1146,83,,,,,record83:offset10640:size128;record83:offset10640:size128;record83:offset10640:size128;record83:offset10640:size128,感じるぞ！！！,ここだ,見える,,,,NOT_CHECKED,9,,NOT_STARTED,NOT_BUILT,NOT_TESTED,JPN_PRIMARY; MLG_CN_CONTEXT_AUXILIARY,mechanical template; resource_class=OHD; source_objects=4,给你。,"[""给你。""]",Here.,"[""Here.""]",AUX_CN_ATTACHED,exact_jpn_ohd_page_record;eng_same_six_page_group_record,master status=AUX_CN_ATTACHED; mapping method=exact_jpn_ohd_page_record;eng_same_six_page_group_record; candidate attached as auxiliary evidence only; verify against JPN and context; auxiliary candidates only; JPN remains authoritative; verify against JPN text and context
1E4C1146,84,,,,,record84:offset10768:size128;record84:offset10768:size128;record84:offset10768:size128;record84:offset10768:size128,ここだ,見える,見える！,,,,NOT_CHECKED,9,,NOT_STARTED,NOT_BUILT,NOT_TESTED,JPN_PRIMARY; MLG_CN_CONTEXT_AUXILIARY,mechanical template; resource_class=OHD; source_objects=4,我看见你了。,"[""我看见你了。""]",I see you.,"[""I see you.""]",AUX_CN_ATTACHED,exact_jpn_ohd_page_record;eng_same_six_page_group_record,master status=AUX_CN_ATTACHED; mapping method=exact_jpn_ohd_page_record;eng_same_six_page_group_record; candidate attached as auxiliary evidence only; verify against JPN and context; auxiliary candidates only; JPN remains authoritative; verify against JPN text and context
1E4C1146,85,,,,,record85:offset10896:size128;record85:offset10896:size128;record85:offset10896:size128;record85:offset10896:size128,見える,見える！,見える！！,,,,NOT_CHECKED,12,,NOT_STARTED,NOT_BUILT,NOT_TESTED,JPN_PRIMARY; MLG_CN_CONTEXT_AUXILIARY,mechanical template; resource_class=OHD; source_objects=4,我看见你了！,"[""我看见你了！""]",I see you!,"[""I see you!""]",AUX_CN_ATTACHED,exact_jpn_ohd_page_record;eng_same_six_page_group_record,master status=AUX_CN_ATTACHED; mapping method=exact_jpn_ohd_page_record;eng_same_six_page_group_record; candidate attached as auxiliary evidence only; verify against JPN and context; auxiliary candidates only; JPN remains authoritative; verify against JPN text and context
1E4C1146,86,,,,,record86:offset11024:size128;record86:offset11024:size128;record86:offset11024:size128;record86:offset11024:size128,見える！,見える！！,見える！！！,,,,NOT_CHECKED,15,,NOT_STARTED,NOT_BUILT,NOT_TESTED,JPN_PRIMARY; MLG_CN_CONTEXT_AUXILIARY,mechanical template; resource_class=OHD; source_objects=4,我看见你了！！,"[""我看见你了！！""]",I see you!!,"[""I see you!!""]",AUX_CN_ATTACHED,exact_jpn_ohd_page_record;eng_same_six_page_group_record,master status=AUX_CN_ATTACHED; mapping method=exact_jpn_ohd_page_record;eng_same_six_page_group_record; candidate attached as auxiliary evidence only; verify against JPN and context; auxiliary candidates only; JPN remains authoritative; verify against JPN text and context
1E4C1146,87,,,,,record87:offset11152:size128;record87:offset11152:size128;record87:offset11152:size128;record87:offset11152:size128,見える！！,見える！！！,みなぎってきた！,,,,NOT_CHECKED,18,,NOT_STARTED,NOT_BUILT,NOT_TESTED,JPN_PRIMARY; MLG_CN_CONTEXT_AUXILIARY,mechanical template; resource_class=OHD; source_objects=4,我看见你了！！！,"[""我看见你了！！！""]",I see you!!!,"[""I see you!!!""]",AUX_CN_ATTACHED,exact_jpn_ohd_page_record;eng_same_six_page_group_record,master status=AUX_CN_ATTACHED; mapping method=exact_jpn_ohd_page_record;eng_same_six_page_group_record; candidate attached as auxiliary evidence only; verify against JPN and context; auxiliary candidates only; JPN remains authoritative; verify against JPN text and context
1E4C1146,88,,,,,record88:offset11280:size128;record88:offset11280:size128;record88:offset11280:size128;record88:offset11280:size128,見える！！！,みなぎってきた！,みなぎってきた！！,,,,NOT_CHECKED,24,,NOT_STARTED,NOT_BUILT,NOT_TESTED,JPN_PRIMARY; MLG_CN_CONTEXT_AUXILIARY,mechanical template; resource_class=OHD; source_objects=4,我感觉到体内的力量！,"[""我感觉到体内的力量！""]",I feel the power within me!,"[""I feel the power within me!""]",AUX_CN_ATTACHED,exact_jpn_ohd_page_record;eng_same_six_page_group_record,master status=AUX_CN_ATTACHED; mapping method=exact_jpn_ohd_page_record;eng_same_six_page_group_record; candidate attached as auxiliary evidence only; verify against JPN and context; auxiliary candidates only; JPN remains authoritative; verify against JPN text and context
1E4C1146,89,,,,,record89:offset11408:size128;record89:offset11408:size128;record89:offset11408:size128;record89:offset11408:size128,みなぎってきた！,みなぎってきた！！,みなぎってきた！！！,,,,NOT_CHECKED,27,,NOT_STARTED,NOT_BUILT,NOT_TESTED,JPN_PRIMARY; MLG_CN_CONTEXT_AUXILIARY,mechanical template; resource_class=OHD; source_objects=4,我感觉到体内的力量！！,"[""我感觉到体内的力量！！""]",I feel the power within me!!,"[""I feel the power within me!!""]",AUX_CN_ATTACHED,exact_jpn_ohd_page_record;eng_same_six_page_group_record,master status=AUX_CN_ATTACHED; mapping method=exact_jpn_ohd_page_record;eng_same_six_page_group_record; candidate attached as auxiliary evidence only; verify against JPN and context; auxiliary candidates only; JPN remains authoritative; verify against JPN text and context
1E4C1146,90,,,,,record90:offset11536:size128;record90:offset11536:size128;record90:offset11536:size128;record90:offset11536:size128,みなぎってきた！！,みなぎってきた！！！,みなぎってきた！！！！,,,,NOT_CHECKED,30,,NOT_STARTED,NOT_BUILT,NOT_TESTED,JPN_PRIMARY; MLG_CN_CONTEXT_AUXILIARY,mechanical template; resource_class=OHD; source_objects=4,我感觉到体内的力量！！！,"[""我感觉到体内的力量！！！""]",I feel the power within me!!!,"[""I feel the power within me!!!""]",AUX_CN_ATTACHED,exact_jpn_ohd_page_record;eng_same_six_page_group_record,master status=AUX_CN_ATTACHED; mapping method=exact_jpn_ohd_page_record;eng_same_six_page_group_record; candidate attached as auxiliary evidence only; verify against JPN and context; auxiliary candidates only; JPN remains authoritative; verify against JPN text and context
1E4C1146,91,,,,,record91:offset11664:size128;record91:offset11664:size128;record91:offset11664:size128;record91:offset11664:size128,みなぎってきた！！！,みなぎってきた！！！！,ウニャ、ウニャニャ,,,,NOT_CHECKED,33,,NOT_STARTED,NOT_BUILT,NOT_TESTED,JPN_PRIMARY; MLG_CN_CONTEXT_AUXILIARY,mechanical template; resource_class=OHD; source_objects=4,我感觉到体内的力量！！！！,"[""我感觉到体内的力量！！！！""]",I feel the power within me!!!!,"[""I feel the power within me!!!!""]",AUX_CN_ATTACHED,exact_jpn_ohd_page_record;eng_same_six_page_group_record,master status=AUX_CN_ATTACHED; mapping method=exact_jpn_ohd_page_record;eng_same_six_page_group_record; candidate attached as auxiliary evidence only; verify against JPN and context; auxiliary candidates only; JPN remains authoritative; verify against JPN text and context
1E4C1146,92,,,,,record92:offset11792:size128;record92:offset11792:size128;record92:offset11792:size128;record92:offset11792:size128,みなぎってきた！！！！,ウニャ、ウニャニャ,ウニャ、ウニャニャ！,,,,NOT_CHECKED,27,,NOT_STARTED,NOT_BUILT,NOT_TESTED,JPN_PRIMARY; MLG_CN_CONTEXT_AUXILIARY,mechanical template; resource_class=OHD; source_objects=4,喵，喵，喵。,"[""喵，喵，喵。""]","Meow, meow, meow.","[""Meow, meow, meow.""]",AUX_CN_ATTACHED,exact_jpn_ohd_page_record;eng_same_six_page_group_record,master status=AUX_CN_ATTACHED; mapping method=exact_jpn_ohd_page_record;eng_same_six_page_group_record; candidate attached as auxiliary evidence only; verify against JPN and context; auxiliary candidates only; JPN remains authoritative; verify against JPN text and context
1E4C1146,93,,,,,record93:offset11920:size128;record93:offset11920:size128;record93:offset11920:size128;record93:offset11920:size128,ウニャ、ウニャニャ,ウニャ、ウニャニャ！,うまい！,,,,NOT_CHECKED,30,,NOT_STARTED,NOT_BUILT,NOT_TESTED,JPN_PRIMARY; MLG_CN_CONTEXT_AUXILIARY,mechanical template; resource_class=OHD; source_objects=4,喵，喵，喵！,"[""喵，喵，喵！""]","Meow, meow, meow!","[""Meow, meow, meow!""]",AUX_CN_ATTACHED,exact_jpn_ohd_page_record;eng_same_six_page_group_record,master status=AUX_CN_ATTACHED; mapping method=exact_jpn_ohd_page_record;eng_same_six_page_group_record; candidate attached as auxiliary evidence only; verify against JPN and context; auxiliary candidates only; JPN remains authoritative; verify against JPN text and context
1E4C1146,94,,,,,record94:offset12048:size128;record94:offset12048:size128;record94:offset12048:size128;record94:offset12048:size128,ウニャ、ウニャニャ！,うまい！,うますぎる！！,,,,NOT_CHECKED,12,,NOT_STARTED,NOT_BUILT,NOT_TESTED,JPN_PRIMARY; MLG_CN_CONTEXT_AUXILIARY,mechanical template; resource_class=OHD; source_objects=4,真是好东西！,"[""真是好东西！""]",That's good stuff!,"[""That's good stuff!""]",AUX_CN_ATTACHED,exact_jpn_ohd_page_record;eng_same_six_page_group_record,master status=AUX_CN_ATTACHED; mapping method=exact_jpn_ohd_page_record;eng_same_six_page_group_record; candidate attached as auxiliary evidence only; verify against JPN and context; auxiliary candidates only; JPN remains authoritative; verify against JPN text and context
1E4C1146,95,,,,,record95:offset12176:size128;record95:offset12176:size128;record95:offset12176:size128;record95:offset12176:size128,うまい！,うますぎる！！,耐えてみせる,,,,NOT_CHECKED,21,,NOT_STARTED,NOT_BUILT,NOT_TESTED,JPN_PRIMARY; MLG_CN_CONTEXT_AUXILIARY,mechanical template; resource_class=OHD; source_objects=4,真是好东西！！,"[""真是好东西！！""]",That's good stuff!!,"[""That's good stuff!!""]",AUX_CN_ATTACHED,exact_jpn_ohd_page_record;eng_same_six_page_group_record,master status=AUX_CN_ATTACHED; mapping method=exact_jpn_ohd_page_record;eng_same_six_page_group_record; candidate attached as auxiliary evidence only; verify against JPN and context; auxiliary candidates only; JPN remains authoritative; verify against JPN text and context
1E4C1146,96,,,,,record96:offset12304:size128;record96:offset12304:size128;record96:offset12304:size128;record96:offset12304:size128,うますぎる！！,耐えてみせる,耐えてみせる！,,,,NOT_CHECKED,18,,NOT_STARTED,NOT_BUILT,NOT_TESTED,JPN_PRIMARY; MLG_CN_CONTEXT_AUXILIARY,mechanical template; resource_class=OHD; source_objects=4,你尽管出招，我扛得住。,"[""你尽管出招，我扛得住。""]","You dish it out, I can take it.","[""You dish it out, I can take it.""]",AUX_CN_ATTACHED,exact_jpn_ohd_page_record;eng_same_six_page_group_record,master status=AUX_CN_ATTACHED; mapping method=exact_jpn_ohd_page_record;eng_same_six_page_group_record; candidate attached as auxiliary evidence only; verify against JPN and context; auxiliary candidates only; JPN remains authoritative; verify against JPN text and context
1E4C1146,97,,,,,record97:offset12432:size128;record97:offset12432:size128;record97:offset12432:size128;record97:offset12432:size128,耐えてみせる,耐えてみせる！,耐えてみせる！！,,,,NOT_CHECKED,21,,NOT_STARTED,NOT_BUILT,NOT_TESTED,JPN_PRIMARY; MLG_CN_CONTEXT_AUXILIARY,mechanical template; resource_class=OHD; source_objects=4,你尽管出招，我扛得住！,"[""你尽管出招，我扛得住！""]","You dish it out, I can take it!","[""You dish it out, I can take it!""]",AUX_CN_ATTACHED,exact_jpn_ohd_page_record;eng_same_six_page_group_record,master status=AUX_CN_ATTACHED; mapping method=exact_jpn_ohd_page_record;eng_same_six_page_group_record; candidate attached as auxiliary evidence only; verify against JPN and context; auxiliary candidates only; JPN remains authoritative; verify against JPN text and context
1E4C1146,98,,,,,record98:offset12560:size128;record98:offset12560:size128;record98:offset12560:size128;record98:offset12560:size128,耐えてみせる！,耐えてみせる！！,耐えてみせる！！！,,,,NOT_CHECKED,24,,NOT_STARTED,NOT_BUILT,NOT_TESTED,JPN_PRIMARY; MLG_CN_CONTEXT_AUXILIARY,mechanical template; resource_class=OHD; source_objects=4,你尽管出招，我扛得住！！,"[""你尽管出招，我扛得住！！""]","You dish it out, I can take it!!","[""You dish it out, I can take it!!""]",AUX_CN_ATTACHED,exact_jpn_ohd_page_record;eng_same_six_page_group_record,master status=AUX_CN_ATTACHED; mapping method=exact_jpn_ohd_page_record;eng_same_six_page_group_record; candidate attached as auxiliary evidence only; verify against JPN and context; auxiliary candidates only; JPN remains authoritative; verify against JPN text and context
1E4C1146,99,,,,,record99:offset12688:size128;record99:offset12688:size128;record99:offset12688:size128;record99:offset12688:size128,耐えてみせる！！,耐えてみせる！！！,テンション上げるぞ,,,,NOT_CHECKED,27,,NOT_STARTED,NOT_BUILT,NOT_TESTED,JPN_PRIMARY; MLG_CN_CONTEXT_AUXILIARY,mechanical template; resource_class=OHD; source_objects=4,你尽管出招，我扛得住！！！,"[""你尽管出招，我扛得住！！！""]","You dish it out, I can take it!!!","[""You dish it out, I can take it!!!""]",AUX_CN_ATTACHED,exact_jpn_ohd_page_record;eng_same_six_page_group_record,master status=AUX_CN_ATTACHED; mapping method=exact_jpn_ohd_page_record;eng_same_six_page_group_record; candidate attached as auxiliary evidence only; verify against JPN and context; auxiliary candidates only; JPN remains authoritative; verify against JPN text and context
1E4C1146,100,,,,,record100:offset12816:size128;record100:offset12816:size128;record100:offset12816:size128;record100:offset12816:size128,耐えてみせる！！！,テンション上げるぞ,テンション上げるぞ！,,,,NOT_CHECKED,27,,NOT_STARTED,NOT_BUILT,NOT_TESTED,JPN_PRIMARY; MLG_CN_CONTEXT_AUXILIARY,mechanical template; resource_class=OHD; source_objects=4,加大力度。,"[""加大力度。""]",Turn it up.,"[""Turn it up.""]",AUX_CN_ATTACHED,exact_jpn_ohd_page_record;eng_same_six_page_group_record,master status=AUX_CN_ATTACHED; mapping method=exact_jpn_ohd_page_record;eng_same_six_page_group_record; candidate attached as auxiliary evidence only; verify against JPN and context; auxiliary candidates only; JPN remains authoritative; verify against JPN text and context
1E4C1146,101,,,,,record101:offset12944:size128;record101:offset12944:size128;record101:offset12944:size128;record101:offset12944:size128,テンション上げるぞ,テンション上げるぞ！,テンション上げるぞ！！,,,,NOT_CHECKED,30,,NOT_STARTED,NOT_BUILT,NOT_TESTED,JPN_PRIMARY; MLG_CN_CONTEXT_AUXILIARY,mechanical template; resource_class=OHD; source_objects=4,加大力度！,"[""加大力度！""]",Turn it up!,"[""Turn it up!""]",AUX_CN_ATTACHED,exact_jpn_ohd_page_record;eng_same_six_page_group_record,master status=AUX_CN_ATTACHED; mapping method=exact_jpn_ohd_page_record;eng_same_six_page_group_record; candidate attached as auxiliary evidence only; verify against JPN and context; auxiliary candidates only; JPN remains authoritative; verify against JPN text and context
1E4C1146,102,,,,,record102:offset13072:size128;record102:offset13072:size128;record102:offset13072:size128;record102:offset13072:size128,テンション上げるぞ！,テンション上げるぞ！！,テンション上げるぞ！！！,,,,NOT_CHECKED,33,,NOT_STARTED,NOT_BUILT,NOT_TESTED,JPN_PRIMARY; MLG_CN_CONTEXT_AUXILIARY,mechanical template; resource_class=OHD; source_objects=4,加大力度！！,"[""加大力度！！""]",Turn it up!!,"[""Turn it up!!""]",AUX_CN_ATTACHED,exact_jpn_ohd_page_record;eng_same_six_page_group_record,master status=AUX_CN_ATTACHED; mapping method=exact_jpn_ohd_page_record;eng_same_six_page_group_record; candidate attached as auxiliary evidence only; verify against JPN and context; auxiliary candidates only; JPN remains authoritative; verify against JPN text and context
1E4C1146,103,,,,,record103:offset13200:size128;record103:offset13200:size128;record103:offset13200:size128;record103:offset13200:size128,テンション上げるぞ！！,テンション上げるぞ！！！,はいだらー,,,,NOT_CHECKED,36,,NOT_STARTED,NOT_BUILT,NOT_TESTED,JPN_PRIMARY; MLG_CN_CONTEXT_AUXILIARY,mechanical template; resource_class=OHD; source_objects=4,加大力度！！！,"[""加大力度！！！""]",Turn it up!!!,"[""Turn it up!!!""]",AUX_CN_ATTACHED,exact_jpn_ohd_page_record;eng_same_six_page_group_record,master status=AUX_CN_ATTACHED; mapping method=exact_jpn_ohd_page_record;eng_same_six_page_group_record; candidate attached as auxiliary evidence only; verify against JPN and context; auxiliary candidates only; JPN remains authoritative; verify against JPN text and context
1E4C1146,104,,,,,record104:offset13328:size128;record104:offset13328:size128;record104:offset13328:size128;record104:offset13328:size128,テンション上げるぞ！！！,はいだらー,はいだらー！,,,,NOT_CHECKED,15,,NOT_STARTED,NOT_BUILT,NOT_TESTED,JPN_PRIMARY; MLG_CN_CONTEXT_AUXILIARY,mechanical template; resource_class=OHD; source_objects=4,嗨哒啦啊啊啊啊。,"[""嗨哒啦啊啊啊啊。""]",Haidaraaaaa.,"[""Haidaraaaaa.""]",AUX_CN_ATTACHED,exact_jpn_ohd_page_record;eng_same_six_page_group_record,master status=AUX_CN_ATTACHED; mapping method=exact_jpn_ohd_page_record;eng_same_six_page_group_record; candidate attached as auxiliary evidence only; verify against JPN and context; auxiliary candidates only; JPN remains authoritative; verify against JPN text and context
1E4C1146,105,,,,,record105:offset13456:size128;record105:offset13456:size128;record105:offset13456:size128;record105:offset13456:size128,はいだらー,はいだらー！,すまなかった,,,,NOT_CHECKED,18,,NOT_STARTED,NOT_BUILT,NOT_TESTED,JPN_PRIMARY; MLG_CN_CONTEXT_AUXILIARY,mechanical template; resource_class=OHD; source_objects=4,嗨哒啦啊啊啊啊！,"[""嗨哒啦啊啊啊啊！""]",Haidaraaaaa!,"[""Haidaraaaaa!""]",AUX_CN_ATTACHED,exact_jpn_ohd_page_record;eng_same_six_page_group_record,master status=AUX_CN_ATTACHED; mapping method=exact_jpn_ohd_page_record;eng_same_six_page_group_record; candidate attached as auxiliary evidence only; verify against JPN and context; auxiliary candidates only; JPN remains authoritative; verify against JPN text and context
1E4C1146,106,,,,,record106:offset13584:size128;record106:offset13584:size128;record106:offset13584:size128;record106:offset13584:size128,はいだらー！,すまなかった,すまなかった！,,,,NOT_CHECKED,18,,NOT_STARTED,NOT_BUILT,NOT_TESTED,JPN_PRIMARY; MLG_CN_CONTEXT_AUXILIARY,mechanical template; resource_class=OHD; source_objects=4,安息吧。,"[""安息吧。""]",Rest in Peace.,"[""Rest in Peace.""]",AUX_CN_ATTACHED,exact_jpn_ohd_page_record;eng_same_six_page_group_record,master status=AUX_CN_ATTACHED; mapping method=exact_jpn_ohd_page_record;eng_same_six_page_group_record; candidate attached as auxiliary evidence only; verify against JPN and context; auxiliary candidates only; JPN remains authoritative; verify against JPN text and context
1E4C1146,107,,,,,record107:offset13712:size128;record107:offset13712:size128;record107:offset13712:size128;record107:offset13712:size128,すまなかった,すまなかった！,安らかに眠れ,,,,NOT_CHECKED,21,,NOT_STARTED,NOT_BUILT,NOT_TESTED,JPN_PRIMARY; MLG_CN_CONTEXT_AUXILIARY,mechanical template; resource_class=OHD; source_objects=4,安息吧！,"[""安息吧！""]",Rest in Peace!,"[""Rest in Peace!""]",AUX_CN_ATTACHED,exact_jpn_ohd_page_record;eng_same_six_page_group_record,master status=AUX_CN_ATTACHED; mapping method=exact_jpn_ohd_page_record;eng_same_six_page_group_record; candidate attached as auxiliary evidence only; verify against JPN and context; auxiliary candidates only; JPN remains authoritative; verify against JPN text and context
1E4C1146,108,,,,,record108:offset13840:size128;record108:offset13840:size128;record108:offset13840:size128;record108:offset13840:size128,すまなかった！,安らかに眠れ,安らかに眠れ！,,,,NOT_CHECKED,18,,NOT_STARTED,NOT_BUILT,NOT_TESTED,JPN_PRIMARY; MLG_CN_CONTEXT_AUXILIARY,mechanical template; resource_class=OHD; source_objects=4,做个好梦。,"[""做个好梦。""]",Sweet dreams.,"[""Sweet dreams.""]",AUX_CN_ATTACHED,exact_jpn_ohd_page_record;eng_same_six_page_group_record,master status=AUX_CN_ATTACHED; mapping method=exact_jpn_ohd_page_record;eng_same_six_page_group_record; candidate attached as auxiliary evidence only; verify against JPN and context; auxiliary candidates only; JPN remains authoritative; verify against JPN text and context
1E4C1146,109,,,,,record109:offset13968:size128;record109:offset13968:size128;record109:offset13968:size128;record109:offset13968:size128,安らかに眠れ,安らかに眠れ！,冷静にならんか！,,,,NOT_CHECKED,21,,NOT_STARTED,NOT_BUILT,NOT_TESTED,JPN_PRIMARY; MLG_CN_CONTEXT_AUXILIARY,mechanical template; resource_class=OHD; source_objects=4,做个好梦！,"[""做个好梦！""]",Sweet dreams!,"[""Sweet dreams!""]",AUX_CN_ATTACHED,exact_jpn_ohd_page_record;eng_same_six_page_group_record,master status=AUX_CN_ATTACHED; mapping method=exact_jpn_ohd_page_record;eng_same_six_page_group_record; candidate attached as auxiliary evidence only; verify against JPN and context; auxiliary candidates only; JPN remains authoritative; verify against JPN text and context
1E4C1146,110,,,,,record110:offset14096:size128;record110:offset14096:size128;record110:offset14096:size128;record110:offset14096:size128,安らかに眠れ！,冷静にならんか！,冷静にならんか！！,,,,NOT_CHECKED,24,,NOT_STARTED,NOT_BUILT,NOT_TESTED,JPN_PRIMARY; MLG_CN_CONTEXT_AUXILIARY,mechanical template; resource_class=OHD; source_objects=4,冷静！,"[""冷静！""]",Settle down!,"[""Settle down!""]",AUX_CN_ATTACHED,exact_jpn_ohd_page_record;eng_same_six_page_group_record,master status=AUX_CN_ATTACHED; mapping method=exact_jpn_ohd_page_record;eng_same_six_page_group_record; candidate attached as auxiliary evidence only; verify against JPN and context; auxiliary candidates only; JPN remains authoritative; verify against JPN text and context
1E4C1146,111,,,,,record111:offset14224:size128;record111:offset14224:size128;record111:offset14224:size128;record111:offset14224:size128,冷静にならんか！,冷静にならんか！！,キェーーー,,,,NOT_CHECKED,27,,NOT_STARTED,NOT_BUILT,NOT_TESTED,JPN_PRIMARY; MLG_CN_CONTEXT_AUXILIARY,mechanical template; resource_class=OHD; source_objects=4,冷静！！,"[""冷静！！""]",Settle down!!,"[""Settle down!!""]",AUX_CN_ATTACHED,exact_jpn_ohd_page_record;eng_same_six_page_group_record,master status=AUX_CN_ATTACHED; mapping method=exact_jpn_ohd_page_record;eng_same_six_page_group_record; candidate attached as auxiliary evidence only; verify against JPN and context; auxiliary candidates only; JPN remains authoritative; verify against JPN text and context
1E4C1146,112,,,,,record112:offset14352:size128;record112:offset14352:size128;record112:offset14352:size128;record112:offset14352:size128,冷静にならんか！！,キェーーー,コープサンダー！,,,,NOT_CHECKED,15,,NOT_STARTED,NOT_BUILT,NOT_TESTED,JPN_PRIMARY; MLG_CN_CONTEXT_AUXILIARY,mechanical template; resource_class=OHD; source_objects=4,呀啊啊啊啊！,"[""呀啊啊啊啊！""]",Kyehhhhhh!,"[""Kyehhhhhh!""]",AUX_CN_ATTACHED,exact_jpn_ohd_page_record;eng_same_six_page_group_record,master status=AUX_CN_ATTACHED; mapping method=exact_jpn_ohd_page_record;eng_same_six_page_group_record; candidate attached as auxiliary evidence only; verify against JPN and context; auxiliary candidates only; JPN remains authoritative; verify against JPN text and context
1E4C1146,113,,,,,record113:offset14480:size128;record113:offset14480:size128;record113:offset14480:size128;record113:offset14480:size128,キェーーー,コープサンダー！,敵がいるぞ！,,,,NOT_CHECKED,24,,NOT_STARTED,NOT_BUILT,NOT_TESTED,JPN_PRIMARY; MLG_CN_CONTEXT_AUXILIARY,mechanical template; resource_class=OHD; source_objects=4,合作雷霆！,"[""合作雷霆！""]",Co-op thunder!,"[""Co-op thunder!""]",AUX_CN_ATTACHED,exact_jpn_ohd_page_record;eng_same_six_page_group_record,master status=AUX_CN_ATTACHED; mapping method=exact_jpn_ohd_page_record;eng_same_six_page_group_record; candidate attached as auxiliary evidence only; verify against JPN and context; auxiliary candidates only; JPN remains authoritative; verify against JPN text and context
1E4C1146,114,,,,,record114:offset14608:size128;record114:offset14608:size128;record114:offset14608:size128;record114:offset14608:size128,コープサンダー！,敵がいるぞ！,カバー,,,,NOT_CHECKED,18,,NOT_STARTED,NOT_BUILT,NOT_TESTED,JPN_PRIMARY; MLG_CN_CONTEXT_AUXILIARY,mechanical template; resource_class=OHD; source_objects=4,是敌人！,"[""是敌人！""]",It's the enemy!,"[""It's the enemy!""]",AUX_CN_ATTACHED,exact_jpn_ohd_page_record;eng_same_six_page_group_record,master status=AUX_CN_ATTACHED; mapping method=exact_jpn_ohd_page_record;eng_same_six_page_group_record; candidate attached as auxiliary evidence only; verify against JPN and context; auxiliary candidates only; JPN remains authoritative; verify against JPN text and context
1E4C1146,115,,,,,record115:offset14736:size128;record115:offset14736:size128;record115:offset14736:size128;record115:offset14736:size128,敵がいるぞ！,カバー,了解,,,,NOT_CHECKED,9,,NOT_STARTED,NOT_BUILT,NOT_TESTED,JPN_PRIMARY; MLG_CN_CONTEXT_AUXILIARY,mechanical template; resource_class=OHD; source_objects=4,掩护！,"[""掩护！""]",Cover!,"[""Cover!""]",AUX_CN_ATTACHED,exact_jpn_ohd_page_record;eng_same_six_page_group_record,master status=AUX_CN_ATTACHED; mapping method=exact_jpn_ohd_page_record;eng_same_six_page_group_record; candidate attached as auxiliary evidence only; verify against JPN and context; auxiliary candidates only; JPN remains authoritative; verify against JPN text and context
1E4C1146,116,,,,,record116:offset14864:size128;record116:offset14864:size128;record116:offset14864:size128;record116:offset14864:size128,カバー,了解,ついて来い！,,,,NOT_CHECKED,6,,NOT_STARTED,NOT_BUILT,NOT_TESTED,JPN_PRIMARY; MLG_CN_CONTEXT_AUXILIARY,mechanical template; resource_class=OHD; source_objects=4,明白。,"[""明白。""]",Got it.,"[""Got it.""]",AUX_CN_ATTACHED,exact_jpn_ohd_page_record;eng_same_six_page_group_record,master status=AUX_CN_ATTACHED; mapping method=exact_jpn_ohd_page_record;eng_same_six_page_group_record; candidate attached as auxiliary evidence only; verify against JPN and context; auxiliary candidates only; JPN remains authoritative; verify against JPN text and context
1E4C1146,117,,,,,record117:offset14992:size128;record117:offset14992:size128;record117:offset14992:size128;record117:offset14992:size128,了解,ついて来い！,反対だ,,,,NOT_CHECKED,18,,NOT_STARTED,NOT_BUILT,NOT_TESTED,JPN_PRIMARY; MLG_CN_CONTEXT_AUXILIARY,mechanical template; resource_class=OHD; source_objects=4,跟我来！,"[""跟我来！""]",Follow me!,"[""Follow me!""]",AUX_CN_ATTACHED,exact_jpn_ohd_page_record;eng_same_six_page_group_record,master status=AUX_CN_ATTACHED; mapping method=exact_jpn_ohd_page_record;eng_same_six_page_group_record; candidate attached as auxiliary evidence only; verify against JPN and context; auxiliary candidates only; JPN remains authoritative; verify against JPN text and context
1E4C1146,118,,,,,record118:offset15120:size128;record118:offset15120:size128;record118:offset15120:size128;record118:offset15120:size128,ついて来い！,反対だ,ごくろう,,,,NOT_CHECKED,9,,NOT_STARTED,NOT_BUILT,NOT_TESTED,JPN_PRIMARY; MLG_CN_CONTEXT_AUXILIARY,mechanical template; resource_class=OHD; source_objects=4,我不这么认为。,"[""我不这么认为。""]",I don't think so.,"[""I don't think so.""]",AUX_CN_ATTACHED,exact_jpn_ohd_page_record;eng_same_six_page_group_record,master status=AUX_CN_ATTACHED; mapping method=exact_jpn_ohd_page_record;eng_same_six_page_group_record; candidate attached as auxiliary evidence only; verify against JPN and context; auxiliary candidates only; JPN remains authoritative; verify against JPN text and context
1E4C1146,119,,,,,record119:offset15248:size128;record119:offset15248:size128;record119:offset15248:size128;record119:offset15248:size128,反対だ,ごくろう,誰か来てくれ！,,,,NOT_CHECKED,12,,NOT_STARTED,NOT_BUILT,NOT_TESTED,JPN_PRIMARY; MLG_CN_CONTEXT_AUXILIARY,mechanical template; resource_class=OHD; source_objects=4,干得好。,"[""干得好。""]",Good work.,"[""Good work.""]",AUX_CN_ATTACHED,exact_jpn_ohd_page_record;eng_same_six_page_group_record,master status=AUX_CN_ATTACHED; mapping method=exact_jpn_ohd_page_record;eng_same_six_page_group_record; candidate attached as auxiliary evidence only; verify against JPN and context; auxiliary candidates only; JPN remains authoritative; verify against JPN text and context
1E4C1146,120,,,,,record120:offset15376:size128;record120:offset15376:size128;record120:offset15376:size128;record120:offset15376:size128,ごくろう,誰か来てくれ！,固まって進むぞ！,,,,NOT_CHECKED,21,,NOT_STARTED,NOT_BUILT,NOT_TESTED,JPN_PRIMARY; MLG_CN_CONTEXT_AUXILIARY,mechanical template; resource_class=OHD; source_objects=4,快来人！,"[""快来人！""]",Somebody get over here!,"[""Somebody get over here!""]",AUX_CN_ATTACHED,exact_jpn_ohd_page_record;eng_same_six_page_group_record,master status=AUX_CN_ATTACHED; mapping method=exact_jpn_ohd_page_record;eng_same_six_page_group_record; candidate attached as auxiliary evidence only; verify against JPN and context; auxiliary candidates only; JPN remains authoritative; verify against JPN text and context
1E4C1146,121,,,,,record121:offset15504:size128;record121:offset15504:size128;record121:offset15504:size128;record121:offset15504:size128,誰か来てくれ！,固まって進むぞ！,一時撤退！,,,,NOT_CHECKED,24,,NOT_STARTED,NOT_BUILT,NOT_TESTED,JPN_PRIMARY; MLG_CN_CONTEXT_AUXILIARY,mechanical template; resource_class=OHD; source_objects=4,整队出发！,"[""整队出发！""]",Form up and move out!,"[""Form up and move out!""]",AUX_CN_ATTACHED,exact_jpn_ohd_page_record;eng_same_six_page_group_record,master status=AUX_CN_ATTACHED; mapping method=exact_jpn_ohd_page_record;eng_same_six_page_group_record; candidate attached as auxiliary evidence only; verify against JPN and context; auxiliary candidates only; JPN remains authoritative; verify against JPN text and context
1E4C1146,122,,,,,record122:offset15632:size128;record122:offset15632:size128;record122:offset15632:size128;record122:offset15632:size128,固まって進むぞ！,一時撤退！,隠れろ！！,,,,NOT_CHECKED,15,,NOT_STARTED,NOT_BUILT,NOT_TESTED,JPN_PRIMARY; MLG_CN_CONTEXT_AUXILIARY,mechanical template; resource_class=OHD; source_objects=4,我们要撤了！,"[""我们要撤了！""]",We're pulling out!,"[""We're pulling out!""]",AUX_CN_ATTACHED,exact_jpn_ohd_page_record;eng_same_six_page_group_record,master status=AUX_CN_ATTACHED; mapping method=exact_jpn_ohd_page_record;eng_same_six_page_group_record; candidate attached as auxiliary evidence only; verify against JPN and context; auxiliary candidates only; JPN remains authoritative; verify against JPN text and context
1E4C1146,123,,,,,record123:offset15760:size128;record123:offset15760:size128;record123:offset15760:size128;record123:offset15760:size128,一時撤退！,隠れろ！！,すごいな,,,,NOT_CHECKED,15,,NOT_STARTED,NOT_BUILT,NOT_TESTED,JPN_PRIMARY; MLG_CN_CONTEXT_AUXILIARY,mechanical template; resource_class=OHD; source_objects=4,找掩护！！,"[""找掩护！！""]",Take cover!!,"[""Take cover!!""]",AUX_CN_ATTACHED,exact_jpn_ohd_page_record;eng_same_six_page_group_record,master status=AUX_CN_ATTACHED; mapping method=exact_jpn_ohd_page_record;eng_same_six_page_group_record; candidate attached as auxiliary evidence only; verify against JPN and context; auxiliary candidates only; JPN remains authoritative; verify against JPN text and context
1E4C1146,124,,,,,record124:offset15888:size128;record124:offset15888:size128;record124:offset15888:size128;record124:offset15888:size128,隠れろ！！,すごいな,幸運を,,,,NOT_CHECKED,12,,NOT_STARTED,NOT_BUILT,NOT_TESTED,JPN_PRIMARY; MLG_CN_CONTEXT_AUXILIARY,mechanical template; resource_class=OHD; source_objects=4,了不起。,"[""了不起。""]",Impressive.,"[""Impressive.""]",AUX_CN_ATTACHED,exact_jpn_ohd_page_record;eng_same_six_page_group_record,master status=AUX_CN_ATTACHED; mapping method=exact_jpn_ohd_page_record;eng_same_six_page_group_record; candidate attached as auxiliary evidence only; verify against JPN and context; auxiliary candidates only; JPN remains authoritative; verify against JPN text and context
1E4C1146,125,,,,,record125:offset16016:size128;record125:offset16016:size128;record125:offset16016:size128;record125:offset16016:size128,すごいな,幸運を,頼んだ,,,,NOT_CHECKED,9,,NOT_STARTED,NOT_BUILT,NOT_TESTED,JPN_PRIMARY; MLG_CN_CONTEXT_AUXILIARY,mechanical template; resource_class=OHD; source_objects=4,祝你好运。,"[""祝你好运。""]",Good luck.,"[""Good luck.""]",AUX_CN_ATTACHED,exact_jpn_ohd_page_record;eng_same_six_page_group_record,master status=AUX_CN_ATTACHED; mapping method=exact_jpn_ohd_page_record;eng_same_six_page_group_record; candidate attached as auxiliary evidence only; verify against JPN and context; auxiliary candidates only; JPN remains authoritative; verify against JPN text and context
1E4C1146,126,,,,,record126:offset16144:size128;record126:offset16144:size128;record126:offset16144:size128;record126:offset16144:size128,幸運を,頼んだ,待て！,,,,NOT_CHECKED,9,,NOT_STARTED,NOT_BUILT,NOT_TESTED,JPN_PRIMARY; MLG_CN_CONTEXT_AUXILIARY,mechanical template; resource_class=OHD; source_objects=4,靠你了！,"[""靠你了！""]",I'm counting on you!,"[""I'm counting on you!""]",AUX_CN_ATTACHED,exact_jpn_ohd_page_record;eng_same_six_page_group_record,master status=AUX_CN_ATTACHED; mapping method=exact_jpn_ohd_page_record;eng_same_six_page_group_record; candidate attached as auxiliary evidence only; verify against JPN and context; auxiliary candidates only; JPN remains authoritative; verify against JPN text and context
1E4C1146,127,,,,,record127:offset16272:size128;record127:offset16272:size128;record127:offset16272:size128;record127:offset16272:size128,頼んだ,待て！,異常なし,,,,NOT_CHECKED,9,,NOT_STARTED,NOT_BUILT,NOT_TESTED,JPN_PRIMARY; MLG_CN_CONTEXT_AUXILIARY,mechanical template; resource_class=OHD; source_objects=4,别动！,"[""别动！""]",Hold it!,"[""Hold it!""]",AUX_CN_ATTACHED,exact_jpn_ohd_page_record;eng_same_six_page_group_record,master status=AUX_CN_ATTACHED; mapping method=exact_jpn_ohd_page_record;eng_same_six_page_group_record; candidate attached as auxiliary evidence only; verify against JPN and context; auxiliary candidates only; JPN remains authoritative; verify against JPN text and context
1E4C1146,128,,,,,record128:offset16400:size128;record128:offset16400:size128;record128:offset16400:size128;record128:offset16400:size128,待て！,異常なし,ターゲットを守れ！,,,,NOT_CHECKED,12,,NOT_STARTED,NOT_BUILT,NOT_TESTED,JPN_PRIMARY; MLG_CN_CONTEXT_AUXILIARY,mechanical template; resource_class=OHD; source_objects=4,我准备好了。,"[""我准备好了。""]",I'm good to go.,"[""I'm good to go.""]",AUX_CN_ATTACHED,exact_jpn_ohd_page_record;eng_same_six_page_group_record,master status=AUX_CN_ATTACHED; mapping method=exact_jpn_ohd_page_record;eng_same_six_page_group_record; candidate attached as auxiliary evidence only; verify against JPN and context; auxiliary candidates only; JPN remains authoritative; verify against JPN text and context
1E4C1146,129,,,,,record129:offset16528:size128;record129:offset16528:size128;record129:offset16528:size128;record129:offset16528:size128,異常なし,ターゲットを守れ！,攻撃を受けた！ 敵の位置は不明！,,,,NOT_CHECKED,27,,NOT_STARTED,NOT_BUILT,NOT_TESTED,JPN_PRIMARY; MLG_CN_CONTEXT_AUXILIARY,mechanical template; resource_class=OHD; source_objects=4,守住目标！,"[""守住目标！""]",Defend the target!,"[""Defend the target!""]",AUX_CN_ATTACHED,exact_jpn_ohd_page_record;eng_same_six_page_group_record,master status=AUX_CN_ATTACHED; mapping method=exact_jpn_ohd_page_record;eng_same_six_page_group_record; candidate attached as auxiliary evidence only; verify against JPN and context; auxiliary candidates only; JPN remains authoritative; verify against JPN text and context
1E4C1146,130,,,,,record130:offset16656:size128;record130:offset16656:size128;record130:offset16656:size128;record130:offset16656:size128,ターゲットを守れ！,攻撃を受けた！ 敵の位置は不明！,回り込め！,,,,NOT_CHECKED,46,,NOT_STARTED,NOT_BUILT,NOT_TESTED,JPN_PRIMARY; MLG_CN_CONTEXT_AUXILIARY,mechanical template; resource_class=OHD; source_objects=4,我遭到攻击！敌人位置不明！,"[""我遭到攻击！敌人位置不明！""]",I'm under attack! Enemy position unknown!,"[""I'm under attack! Enemy position unknown!""]",AUX_CN_ATTACHED,exact_jpn_ohd_page_record;eng_same_six_page_group_record,master status=AUX_CN_ATTACHED; mapping method=exact_jpn_ohd_page_record;eng_same_six_page_group_record; candidate attached as auxiliary evidence only; verify against JPN and context; auxiliary candidates only; JPN remains authoritative; verify against JPN text and context
1E4C1146,131,,,,,record131:offset16784:size128;record131:offset16784:size128;record131:offset16784:size128;record131:offset16784:size128,攻撃を受けた！ 敵の位置は不明！,回り込め！,右だ,,,,NOT_CHECKED,15,,NOT_STARTED,NOT_BUILT,NOT_TESTED,JPN_PRIMARY; MLG_CN_CONTEXT_AUXILIARY,mechanical template; resource_class=OHD; source_objects=4,绕过去！,"[""绕过去！""]",Go around!,"[""Go around!""]",AUX_CN_ATTACHED,exact_jpn_ohd_page_record;eng_same_six_page_group_record,master status=AUX_CN_ATTACHED; mapping method=exact_jpn_ohd_page_record;eng_same_six_page_group_record; candidate attached as auxiliary evidence only; verify against JPN and context; auxiliary candidates only; JPN remains authoritative; verify against JPN text and context
1E4C1146,132,,,,,record132:offset16912:size128;record132:offset16912:size128;record132:offset16912:size128;record132:offset16912:size128,回り込め！,右だ,左だ,,,,NOT_CHECKED,6,,NOT_STARTED,NOT_BUILT,NOT_TESTED,JPN_PRIMARY; MLG_CN_CONTEXT_AUXILIARY,mechanical template; resource_class=OHD; source_objects=4,右边。,"[""右边。""]",Right.,"[""Right.""]",AUX_CN_ATTACHED,exact_jpn_ohd_page_record;eng_same_six_page_group_record,master status=AUX_CN_ATTACHED; mapping method=exact_jpn_ohd_page_record;eng_same_six_page_group_record; candidate attached as auxiliary evidence only; verify against JPN and context; auxiliary candidates only; JPN remains authoritative; verify against JPN text and context
1E4C1146,133,,,,,record133:offset17040:size128;record133:offset17040:size128;record133:offset17040:size128;record133:offset17040:size128,右だ,左だ,前だ,,,,NOT_CHECKED,6,,NOT_STARTED,NOT_BUILT,NOT_TESTED,JPN_PRIMARY; MLG_CN_CONTEXT_AUXILIARY,mechanical template; resource_class=OHD; source_objects=4,左边。,"[""左边。""]",Left.,"[""Left.""]",AUX_CN_ATTACHED,exact_jpn_ohd_page_record;eng_same_six_page_group_record,master status=AUX_CN_ATTACHED; mapping method=exact_jpn_ohd_page_record;eng_same_six_page_group_record; candidate attached as auxiliary evidence only; verify against JPN and context; auxiliary candidates only; JPN remains authoritative; verify against JPN text and context
1E4C1146,134,,,,,record134:offset17168:size128;record134:offset17168:size128;record134:offset17168:size128;record134:offset17168:size128,左だ,前だ,後ろだ,,,,NOT_CHECKED,6,,NOT_STARTED,NOT_BUILT,NOT_TESTED,JPN_PRIMARY; MLG_CN_CONTEXT_AUXILIARY,mechanical template; resource_class=OHD; source_objects=4,前面。,"[""前面。""]",In front.,"[""In front.""]",AUX_CN_ATTACHED,exact_jpn_ohd_page_record;eng_same_six_page_group_record,master status=AUX_CN_ATTACHED; mapping method=exact_jpn_ohd_page_record;eng_same_six_page_group_record; candidate attached as auxiliary evidence only; verify against JPN and context; auxiliary candidates only; JPN remains authoritative; verify against JPN text and context
1E4C1146,135,,,,,record135:offset17296:size128;record135:offset17296:size128;record135:offset17296:size128;record135:offset17296:size128,前だ,後ろだ,上だ,,,,NOT_CHECKED,9,,NOT_STARTED,NOT_BUILT,NOT_TESTED,JPN_PRIMARY; MLG_CN_CONTEXT_AUXILIARY,mechanical template; resource_class=OHD; source_objects=4,后面。,"[""后面。""]",Behind.,"[""Behind.""]",AUX_CN_ATTACHED,exact_jpn_ohd_page_record;eng_same_six_page_group_record,master status=AUX_CN_ATTACHED; mapping method=exact_jpn_ohd_page_record;eng_same_six_page_group_record; candidate attached as auxiliary evidence only; verify against JPN and context; auxiliary candidates only; JPN remains authoritative; verify against JPN text and context
1E4C1146,136,,,,,record136:offset17424:size128;record136:offset17424:size128;record136:offset17424:size128;record136:offset17424:size128,後ろだ,上だ,下だ,,,,NOT_CHECKED,6,,NOT_STARTED,NOT_BUILT,NOT_TESTED,JPN_PRIMARY; MLG_CN_CONTEXT_AUXILIARY,mechanical template; resource_class=OHD; source_objects=4,上面。,"[""上面。""]",Up.,"[""Up.""]",AUX_CN_ATTACHED,exact_jpn_ohd_page_record;eng_same_six_page_group_record,master status=AUX_CN_ATTACHED; mapping method=exact_jpn_ohd_page_record;eng_same_six_page_group_record; candidate attached as auxiliary evidence only; verify against JPN and context; auxiliary candidates only; JPN remains authoritative; verify against JPN text and context
1E4C1146,137,,,,,record137:offset17552:size128;record137:offset17552:size128;record137:offset17552:size128;record137:offset17552:size128,上だ,下だ,グレネード！,,,,NOT_CHECKED,6,,NOT_STARTED,NOT_BUILT,NOT_TESTED,JPN_PRIMARY; MLG_CN_CONTEXT_AUXILIARY,mechanical template; resource_class=OHD; source_objects=4,下面。,"[""下面。""]",Down.,"[""Down.""]",AUX_CN_ATTACHED,exact_jpn_ohd_page_record;eng_same_six_page_group_record,master status=AUX_CN_ATTACHED; mapping method=exact_jpn_ohd_page_record;eng_same_six_page_group_record; candidate attached as auxiliary evidence only; verify against JPN and context; auxiliary candidates only; JPN remains authoritative; verify against JPN text and context
1E4C1146,138,,,,,record138:offset17680:size128;record138:offset17680:size128;record138:offset17680:size128;record138:offset17680:size128,下だ,グレネード！,ん？,,,,NOT_CHECKED,18,,NOT_STARTED,NOT_BUILT,NOT_TESTED,JPN_PRIMARY; MLG_CN_CONTEXT_AUXILIARY,mechanical template; resource_class=OHD; source_objects=4,手雷！,"[""手雷！""]",Grenade!,"[""Grenade!""]",AUX_CN_ATTACHED,exact_jpn_ohd_page_record;eng_same_six_page_group_record,master status=AUX_CN_ATTACHED; mapping method=exact_jpn_ohd_page_record;eng_same_six_page_group_record; candidate attached as auxiliary evidence only; verify against JPN and context; auxiliary candidates only; JPN remains authoritative; verify against JPN text and context
1E4C1146,139,,,,,record139:offset17808:size128;record139:offset17808:size128;record139:offset17808:size128;record139:offset17808:size128,グレネード！,ん？,いいぞ！,,,,NOT_CHECKED,6,,NOT_STARTED,NOT_BUILT,NOT_TESTED,JPN_PRIMARY; MLG_CN_CONTEXT_AUXILIARY,mechanical template; resource_class=OHD; source_objects=4,嗯？,"[""嗯？""]",Hm?,"[""Hm?""]",AUX_CN_ATTACHED,exact_jpn_ohd_page_record;eng_same_six_page_group_record,master status=AUX_CN_ATTACHED; mapping method=exact_jpn_ohd_page_record;eng_same_six_page_group_record; candidate attached as auxiliary evidence only; verify against JPN and context; auxiliary candidates only; JPN remains authoritative; verify against JPN text and context
1E4C1146,140,,,,,record140:offset17936:size128;record140:offset17936:size128;record140:offset17936:size128;record140:offset17936:size128,ん？,いいぞ！,そうだ！,,,,NOT_CHECKED,12,,NOT_STARTED,NOT_BUILT,NOT_TESTED,JPN_PRIMARY; MLG_CN_CONTEXT_AUXILIARY,mechanical template; resource_class=OHD; source_objects=4,好！,"[""好！""]",Good!,"[""Good!""]",AUX_CN_ATTACHED,exact_jpn_ohd_page_record;eng_same_six_page_group_record,master status=AUX_CN_ATTACHED; mapping method=exact_jpn_ohd_page_record;eng_same_six_page_group_record; candidate attached as auxiliary evidence only; verify against JPN and context; auxiliary candidates only; JPN remains authoritative; verify against JPN text and context
1E4C1146,141,,,,,record141:offset18064:size128;record141:offset18064:size128;record141:offset18064:size128;record141:offset18064:size128,いいぞ！,そうだ！,来い！,,,,NOT_CHECKED,12,,NOT_STARTED,NOT_BUILT,NOT_TESTED,JPN_PRIMARY; MLG_CN_CONTEXT_AUXILIARY,mechanical template; resource_class=OHD; source_objects=4,没错！,"[""没错！""]",That's right!,"[""That's right!""]",AUX_CN_ATTACHED,exact_jpn_ohd_page_record;eng_same_six_page_group_record,master status=AUX_CN_ATTACHED; mapping method=exact_jpn_ohd_page_record;eng_same_six_page_group_record; candidate attached as auxiliary evidence only; verify against JPN and context; auxiliary candidates only; JPN remains authoritative; verify against JPN text and context
1E4C1146,142,,,,,record142:offset18192:size128;record142:offset18192:size128;record142:offset18192:size128;record142:offset18192:size128,そうだ！,来い！,突撃する！,,,,NOT_CHECKED,9,,NOT_STARTED,NOT_BUILT,NOT_TESTED,JPN_PRIMARY; MLG_CN_CONTEXT_AUXILIARY,mechanical template; resource_class=OHD; source_objects=4,来吧！,"[""来吧！""]",Come on!,"[""Come on!""]",AUX_CN_ATTACHED,exact_jpn_ohd_page_record;eng_same_six_page_group_record,master status=AUX_CN_ATTACHED; mapping method=exact_jpn_ohd_page_record;eng_same_six_page_group_record; candidate attached as auxiliary evidence only; verify against JPN and context; auxiliary candidates only; JPN remains authoritative; verify against JPN text and context
1E4C1146,143,,,,,record143:offset18320:size128;record143:offset18320:size128;record143:offset18320:size128;record143:offset18320:size128,来い！,突撃する！,敵と交戦中！,,,,NOT_CHECKED,15,,NOT_STARTED,NOT_BUILT,NOT_TESTED,JPN_PRIMARY; MLG_CN_CONTEXT_AUXILIARY,mechanical template; resource_class=OHD; source_objects=4,我要上了！,"[""我要上了！""]",I'm going in!,"[""I'm going in!""]",AUX_CN_ATTACHED,exact_jpn_ohd_page_record;eng_same_six_page_group_record,master status=AUX_CN_ATTACHED; mapping method=exact_jpn_ohd_page_record;eng_same_six_page_group_record; candidate attached as auxiliary evidence only; verify against JPN and context; auxiliary candidates only; JPN remains authoritative; verify against JPN text and context
1E4C1146,144,,,,,record144:offset18448:size128;record144:offset18448:size128;record144:offset18448:size128;record144:offset18448:size128,突撃する！,敵と交戦中！,増援を頼む！,,,,NOT_CHECKED,18,,NOT_STARTED,NOT_BUILT,NOT_TESTED,JPN_PRIMARY; MLG_CN_CONTEXT_AUXILIARY,mechanical template; resource_class=OHD; source_objects=4,接敌！,"[""接敌！""]",Engaging the enemy!,"[""Engaging the enemy!""]",AUX_CN_ATTACHED,exact_jpn_ohd_page_record;eng_same_six_page_group_record,master status=AUX_CN_ATTACHED; mapping method=exact_jpn_ohd_page_record;eng_same_six_page_group_record; candidate attached as auxiliary evidence only; verify against JPN and context; auxiliary candidates only; JPN remains authoritative; verify against JPN text and context
1E4C1146,145,,,,,record145:offset18576:size128;record145:offset18576:size128;record145:offset18576:size128;record145:offset18576:size128,敵と交戦中！,増援を頼む！,敵を殲滅！,,,,NOT_CHECKED,18,,NOT_STARTED,NOT_BUILT,NOT_TESTED,JPN_PRIMARY; MLG_CN_CONTEXT_AUXILIARY,mechanical template; resource_class=OHD; source_objects=4,我需要支援！,"[""我需要支援！""]",I need backup!,"[""I need backup!""]",AUX_CN_ATTACHED,exact_jpn_ohd_page_record;eng_same_six_page_group_record,master status=AUX_CN_ATTACHED; mapping method=exact_jpn_ohd_page_record;eng_same_six_page_group_record; candidate attached as auxiliary evidence only; verify against JPN and context; auxiliary candidates only; JPN remains authoritative; verify against JPN text and context
1E4C1146,146,,,,,record146:offset18704:size128;record146:offset18704:size128;record146:offset18704:size128;record146:offset18704:size128,増援を頼む！,敵を殲滅！,クリア！,,,,NOT_CHECKED,15,,NOT_STARTED,NOT_BUILT,NOT_TESTED,JPN_PRIMARY; MLG_CN_CONTEXT_AUXILIARY,mechanical template; resource_class=OHD; source_objects=4,消灭所有敌人！,"[""消灭所有敌人！""]",Take down all enemies!,"[""Take down all enemies!""]",AUX_CN_ATTACHED,exact_jpn_ohd_page_record;eng_same_six_page_group_record,master status=AUX_CN_ATTACHED; mapping method=exact_jpn_ohd_page_record;eng_same_six_page_group_record; candidate attached as auxiliary evidence only; verify against JPN and context; auxiliary candidates only; JPN remains authoritative; verify against JPN text and context
1E4C1146,147,,,,,record147:offset18832:size128;record147:offset18832:size128;record147:offset18832:size128;record147:offset18832:size128,敵を殲滅！,クリア！,カバーする！,,,,NOT_CHECKED,12,,NOT_STARTED,NOT_BUILT,NOT_TESTED,JPN_PRIMARY; MLG_CN_CONTEXT_AUXILIARY,mechanical template; resource_class=OHD; source_objects=4,安全！,"[""安全！""]",Clear!,"[""Clear!""]",AUX_CN_ATTACHED,exact_jpn_ohd_page_record;eng_same_six_page_group_record,master status=AUX_CN_ATTACHED; mapping method=exact_jpn_ohd_page_record;eng_same_six_page_group_record; candidate attached as auxiliary evidence only; verify against JPN and context; auxiliary candidates only; JPN remains authoritative; verify against JPN text and context
1E4C1146,148,,,,,record148:offset18960:size128;record148:offset18960:size128;record148:offset18960:size128;record148:offset18960:size128,クリア！,カバーする！,いい奴ほど早く逝く…,,,,NOT_CHECKED,18,,NOT_STARTED,NOT_BUILT,NOT_TESTED,JPN_PRIMARY; MLG_CN_CONTEXT_AUXILIARY,mechanical template; resource_class=OHD; source_objects=4,我掩护你！,"[""我掩护你！""]",I got you covered!,"[""I got you covered!""]",AUX_CN_ATTACHED,exact_jpn_ohd_page_record;eng_same_six_page_group_record,master status=AUX_CN_ATTACHED; mapping method=exact_jpn_ohd_page_record;eng_same_six_page_group_record; candidate attached as auxiliary evidence only; verify against JPN and context; auxiliary candidates only; JPN remains authoritative; verify against JPN text and context
1E4C1146,149,,,,,record149:offset19088:size128;record149:offset19088:size128;record149:offset19088:size128;record149:offset19088:size128,カバーする！,いい奴ほど早く逝く…,よろしく！,,,,NOT_CHECKED,30,,NOT_STARTED,NOT_BUILT,NOT_TESTED,JPN_PRIMARY; MLG_CN_CONTEXT_AUXILIARY,mechanical template; resource_class=OHD; source_objects=4,好人不长命…,"[""好人不长命…""]",The best ones die young...,"[""The best ones die young...""]",AUX_CN_ATTACHED,exact_jpn_ohd_page_record;eng_same_six_page_group_record,master status=AUX_CN_ATTACHED; mapping method=exact_jpn_ohd_page_record;eng_same_six_page_group_record; candidate attached as auxiliary evidence only; verify against JPN and context; auxiliary candidates only; JPN remains authoritative; verify against JPN text and context
1E4C1146,150,,,,,record150:offset19216:size128;record150:offset19216:size128;record150:offset19216:size128;record150:offset19216:size128,いい奴ほど早く逝く…,よろしく！,さようなら！,,,,NOT_CHECKED,15,,NOT_STARTED,NOT_BUILT,NOT_TESTED,JPN_PRIMARY; MLG_CN_CONTEXT_AUXILIARY,mechanical template; resource_class=OHD; source_objects=4,有你在真好！,"[""有你在真好！""]",Good to have you!,"[""Good to have you!""]",AUX_CN_ATTACHED,exact_jpn_ohd_page_record;eng_same_six_page_group_record,master status=AUX_CN_ATTACHED; mapping method=exact_jpn_ohd_page_record;eng_same_six_page_group_record; candidate attached as auxiliary evidence only; verify against JPN and context; auxiliary candidates only; JPN remains authoritative; verify against JPN text and context
1E4C1146,151,,,,,record151:offset19344:size128;record151:offset19344:size128;record151:offset19344:size128;record151:offset19344:size128,よろしく！,さようなら！,すまない…離脱する,,,,NOT_CHECKED,18,,NOT_STARTED,NOT_BUILT,NOT_TESTED,JPN_PRIMARY; MLG_CN_CONTEXT_AUXILIARY,mechanical template; resource_class=OHD; source_objects=4,再见！,"[""再见！""]",So long!,"[""So long!""]",AUX_CN_ATTACHED,exact_jpn_ohd_page_record;eng_same_six_page_group_record,master status=AUX_CN_ATTACHED; mapping method=exact_jpn_ohd_page_record;eng_same_six_page_group_record; candidate attached as auxiliary evidence only; verify against JPN and context; auxiliary candidates only; JPN remains authoritative; verify against JPN text and context
1E4C1146,152,,,,,record152:offset19472:size128;record152:offset19472:size128;record152:offset19472:size128;record152:offset19472:size128,さようなら！,すまない…離脱する,ありがとう,,,,NOT_CHECKED,27,,NOT_STARTED,NOT_BUILT,NOT_TESTED,JPN_PRIMARY; MLG_CN_CONTEXT_AUXILIARY,mechanical template; resource_class=OHD; source_objects=4,抱歉…我得撤了。,"[""抱歉…我得撤了。""]",Sorry...I have to pull out.,"[""Sorry...I have to pull out.""]",AUX_CN_ATTACHED,exact_jpn_ohd_page_record;eng_same_six_page_group_record,master status=AUX_CN_ATTACHED; mapping method=exact_jpn_ohd_page_record;eng_same_six_page_group_record; candidate attached as auxiliary evidence only; verify against JPN and context; auxiliary candidates only; JPN remains authoritative; verify against JPN text and context
1E4C1146,153,,,,,record153:offset19600:size128;record153:offset19600:size128;record153:offset19600:size128;record153:offset19600:size128,すまない…離脱する,ありがとう,また会おう！,,,,NOT_CHECKED,15,,NOT_STARTED,NOT_BUILT,NOT_TESTED,JPN_PRIMARY; MLG_CN_CONTEXT_AUXILIARY,mechanical template; resource_class=OHD; source_objects=4,谢谢。,"[""谢谢。""]",Thanks.,"[""Thanks.""]",AUX_CN_ATTACHED,exact_jpn_ohd_page_record;eng_same_six_page_group_record,master status=AUX_CN_ATTACHED; mapping method=exact_jpn_ohd_page_record;eng_same_six_page_group_record; candidate attached as auxiliary evidence only; verify against JPN and context; auxiliary candidates only; JPN remains authoritative; verify against JPN text and context
1E4C1146,154,,,,,record154:offset19728:size128;record154:offset19728:size128;record154:offset19728:size128;record154:offset19728:size128,ありがとう,また会おう！,俺に任せろ！,,,,NOT_CHECKED,18,,NOT_STARTED,NOT_BUILT,NOT_TESTED,JPN_PRIMARY; MLG_CN_CONTEXT_AUXILIARY,mechanical template; resource_class=OHD; source_objects=4,回头见！,"[""回头见！""]",See you later!,"[""See you later!""]",AUX_CN_ATTACHED,exact_jpn_ohd_page_record;eng_same_six_page_group_record,master status=AUX_CN_ATTACHED; mapping method=exact_jpn_ohd_page_record;eng_same_six_page_group_record; candidate attached as auxiliary evidence only; verify against JPN and context; auxiliary candidates only; JPN remains authoritative; verify against JPN text and context
1E4C1146,155,,,,,record155:offset19856:size128;record155:offset19856:size128;record155:offset19856:size128;record155:offset19856:size128,また会おう！,俺に任せろ！,無茶だ！,,,,NOT_CHECKED,18,,NOT_STARTED,NOT_BUILT,NOT_TESTED,JPN_PRIMARY; MLG_CN_CONTEXT_AUXILIARY,mechanical template; resource_class=OHD; source_objects=4,我来处理！,"[""我来处理！""]",I'll handle it!,"[""I'll handle it!""]",AUX_CN_ATTACHED,exact_jpn_ohd_page_record;eng_same_six_page_group_record,master status=AUX_CN_ATTACHED; mapping method=exact_jpn_ohd_page_record;eng_same_six_page_group_record; candidate attached as auxiliary evidence only; verify against JPN and context; auxiliary candidates only; JPN remains authoritative; verify against JPN text and context
1E4C1146,156,,,,,record156:offset19984:size128;record156:offset19984:size128;record156:offset19984:size128;record156:offset19984:size128,俺に任せろ！,無茶だ！,すまん…つい…,,,,NOT_CHECKED,12,,NOT_STARTED,NOT_BUILT,NOT_TESTED,JPN_PRIMARY; MLG_CN_CONTEXT_AUXILIARY,mechanical template; resource_class=OHD; source_objects=4,别犯蠢！,"[""别犯蠢！""]",Don't be an idiot!,"[""Don't be an idiot!""]",AUX_CN_ATTACHED,exact_jpn_ohd_page_record;eng_same_six_page_group_record,master status=AUX_CN_ATTACHED; mapping method=exact_jpn_ohd_page_record;eng_same_six_page_group_record; candidate attached as auxiliary evidence only; verify against JPN and context; auxiliary candidates only; JPN remains authoritative; verify against JPN text and context
1E4C1146,157,,,,,record157:offset20112:size128;record157:offset20112:size128;record157:offset20112:size128;record157:offset20112:size128,無茶だ！,すまん…つい…,やったな！,,,,NOT_CHECKED,21,,NOT_STARTED,NOT_BUILT,NOT_TESTED,JPN_PRIMARY; MLG_CN_CONTEXT_AUXILIARY,mechanical template; resource_class=OHD; source_objects=4,抱歉…我只是…,"[""抱歉…我只是…""]",Sorry...I just...,"[""Sorry...I just...""]",AUX_CN_ATTACHED,exact_jpn_ohd_page_record;eng_same_six_page_group_record,master status=AUX_CN_ATTACHED; mapping method=exact_jpn_ohd_page_record;eng_same_six_page_group_record; candidate attached as auxiliary evidence only; verify against JPN and context; auxiliary candidates only; JPN remains authoritative; verify against JPN text and context
1E4C1146,158,,,,,record158:offset20240:size128;record158:offset20240:size128;record158:offset20240:size128;record158:offset20240:size128,すまん…つい…,やったな！,CO-OPインだ！,,,,NOT_CHECKED,15,,NOT_STARTED,NOT_BUILT,NOT_TESTED,JPN_PRIMARY; MLG_CN_CONTEXT_AUXILIARY,mechanical template; resource_class=OHD; source_objects=4,干得漂亮！,"[""干得漂亮！""]",Nice one!,"[""Nice one!""]",AUX_CN_ATTACHED,exact_jpn_ohd_page_record;eng_same_six_page_group_record,master status=AUX_CN_ATTACHED; mapping method=exact_jpn_ohd_page_record;eng_same_six_page_group_record; candidate attached as auxiliary evidence only; verify against JPN and context; auxiliary candidates only; JPN remains authoritative; verify against JPN text and context
1E4C1146,159,,,,,record159:offset20368:size128;record159:offset20368:size128;record159:offset20368:size128;record159:offset20368:size128,やったな！,CO-OPインだ！,スネーク・インだ！,,,,NOT_CHECKED,17,,NOT_STARTED,NOT_BUILT,NOT_TESTED,JPN_PRIMARY; MLG_CN_CONTEXT_AUXILIARY,mechanical template; resource_class=OHD; source_objects=4,合作加入！,"[""合作加入！""]",CO-OP In!,"[""CO-OP In!""]",AUX_CN_ATTACHED,exact_jpn_ohd_page_record;eng_same_six_page_group_record,master status=AUX_CN_ATTACHED; mapping method=exact_jpn_ohd_page_record;eng_same_six_page_group_record; candidate attached as auxiliary evidence only; verify against JPN and context; auxiliary candidates only; JPN remains authoritative; verify against JPN text and context
1E4C1146,160,,,,,record160:offset20496:size128;record160:offset20496:size128;record160:offset20496:size128;record160:offset20496:size128,CO-OPインだ！,スネーク・インだ！,リロード！,,,,NOT_CHECKED,27,,NOT_STARTED,NOT_BUILT,NOT_TESTED,JPN_PRIMARY; MLG_CN_CONTEXT_AUXILIARY,mechanical template; resource_class=OHD; source_objects=4,Snake In！,"[""Snake In！""]",Snake In!,"[""Snake In!""]",AUX_CN_ATTACHED,exact_jpn_ohd_page_record;eng_same_six_page_group_record,master status=AUX_CN_ATTACHED; mapping method=exact_jpn_ohd_page_record;eng_same_six_page_group_record; candidate attached as auxiliary evidence only; verify against JPN and context; auxiliary candidates only; JPN remains authoritative; verify against JPN text and context
1E4C1146,161,,,,,record161:offset20624:size128;record161:offset20624:size128;record161:offset20624:size128;record161:offset20624:size128,スネーク・インだ！,リロード！,逃げろ！,,,,NOT_CHECKED,15,,NOT_STARTED,NOT_BUILT,NOT_TESTED,JPN_PRIMARY; MLG_CN_CONTEXT_AUXILIARY,mechanical template; resource_class=OHD; source_objects=4,换弹！,"[""换弹！""]",Reload!,"[""Reload!""]",AUX_CN_ATTACHED,exact_jpn_ohd_page_record;eng_same_six_page_group_record,master status=AUX_CN_ATTACHED; mapping method=exact_jpn_ohd_page_record;eng_same_six_page_group_record; candidate attached as auxiliary evidence only; verify against JPN and context; auxiliary candidates only; JPN remains authoritative; verify against JPN text and context
1E4C1146,162,,,,,record162:offset20752:size128;record162:offset20752:size128;record162:offset20752:size128;record162:offset20752:size128,リロード！,逃げろ！,避けろ！,,,,NOT_CHECKED,12,,NOT_STARTED,NOT_BUILT,NOT_TESTED,JPN_PRIMARY; MLG_CN_CONTEXT_AUXILIARY,mechanical template; resource_class=OHD; source_objects=4,快跑！,"[""快跑！""]",Run!,"[""Run!""]",AUX_CN_ATTACHED,exact_jpn_ohd_page_record;eng_same_six_page_group_record,master status=AUX_CN_ATTACHED; mapping method=exact_jpn_ohd_page_record;eng_same_six_page_group_record; candidate attached as auxiliary evidence only; verify against JPN and context; auxiliary candidates only; JPN remains authoritative; verify against JPN text and context
1E4C1146,163,,,,,record163:offset20880:size128;record163:offset20880:size128;record163:offset20880:size128;record163:offset20880:size128,逃げろ！,避けろ！,危ない！,,,,NOT_CHECKED,12,,NOT_STARTED,NOT_BUILT,NOT_TESTED,JPN_PRIMARY; MLG_CN_CONTEXT_AUXILIARY,mechanical template; resource_class=OHD; source_objects=4,快离开那里！,"[""快离开那里！""]",Get out of there!,"[""Get out of there!""]",AUX_CN_ATTACHED,exact_jpn_ohd_page_record;eng_same_six_page_group_record,master status=AUX_CN_ATTACHED; mapping method=exact_jpn_ohd_page_record;eng_same_six_page_group_record; candidate attached as auxiliary evidence only; verify against JPN and context; auxiliary candidates only; JPN remains authoritative; verify against JPN text and context
1E4C1146,164,,,,,record164:offset21008:size128;record164:offset21008:size128;record164:offset21008:size128;record164:offset21008:size128,避けろ！,危ない！,気をつけろ！,,,,NOT_CHECKED,12,,NOT_STARTED,NOT_BUILT,NOT_TESTED,JPN_PRIMARY; MLG_CN_CONTEXT_AUXILIARY,mechanical template; resource_class=OHD; source_objects=4,小心！,"[""小心！""]",Look out!,"[""Look out!""]",AUX_CN_ATTACHED,exact_jpn_ohd_page_record;eng_same_six_page_group_record,master status=AUX_CN_ATTACHED; mapping method=exact_jpn_ohd_page_record;eng_same_six_page_group_record; candidate attached as auxiliary evidence only; verify against JPN and context; auxiliary candidates only; JPN remains authoritative; verify against JPN text and context
1E4C1146,165,,,,,record165:offset21136:size128;record165:offset21136:size128;record165:offset21136:size128;record165:offset21136:size128,危ない！,気をつけろ！,トラップだ！,,,,NOT_CHECKED,18,,NOT_STARTED,NOT_BUILT,NOT_TESTED,JPN_PRIMARY; MLG_CN_CONTEXT_AUXILIARY,mechanical template; resource_class=OHD; source_objects=4,自己小心！,"[""自己小心！""]",Watch yourself!,"[""Watch yourself!""]",AUX_CN_ATTACHED,exact_jpn_ohd_page_record;eng_same_six_page_group_record,master status=AUX_CN_ATTACHED; mapping method=exact_jpn_ohd_page_record;eng_same_six_page_group_record; candidate attached as auxiliary evidence only; verify against JPN and context; auxiliary candidates only; JPN remains authoritative; verify against JPN text and context
1E4C1146,166,,,,,record166:offset21264:size128;record166:offset21264:size128;record166:offset21264:size128;record166:offset21264:size128,気をつけろ！,トラップだ！,突っ込むぞ！,,,,NOT_CHECKED,18,,NOT_STARTED,NOT_BUILT,NOT_TESTED,JPN_PRIMARY; MLG_CN_CONTEXT_AUXILIARY,mechanical template; resource_class=OHD; source_objects=4,有陷阱！,"[""有陷阱！""]",It's a trap!,"[""It's a trap!""]",AUX_CN_ATTACHED,exact_jpn_ohd_page_record;eng_same_six_page_group_record,master status=AUX_CN_ATTACHED; mapping method=exact_jpn_ohd_page_record;eng_same_six_page_group_record; candidate attached as auxiliary evidence only; verify against JPN and context; auxiliary candidates only; JPN remains authoritative; verify against JPN text and context
1E4C1146,167,,,,,record167:offset21392:size128;record167:offset21392:size128;record167:offset21392:size128;record167:offset21392:size128,トラップだ！,突っ込むぞ！,登るぞ！,,,,NOT_CHECKED,18,,NOT_STARTED,NOT_BUILT,NOT_TESTED,JPN_PRIMARY; MLG_CN_CONTEXT_AUXILIARY,mechanical template; resource_class=OHD; source_objects=4,进去了！,"[""进去了！""]",Going in!,"[""Going in!""]",AUX_CN_ATTACHED,exact_jpn_ohd_page_record;eng_same_six_page_group_record,master status=AUX_CN_ATTACHED; mapping method=exact_jpn_ohd_page_record;eng_same_six_page_group_record; candidate attached as auxiliary evidence only; verify against JPN and context; auxiliary candidates only; JPN remains authoritative; verify against JPN text and context
1E4C1146,168,,,,,record168:offset21520:size128;record168:offset21520:size128;record168:offset21520:size128;record168:offset21520:size128,突っ込むぞ！,登るぞ！,降りるぞ！,,,,NOT_CHECKED,12,,NOT_STARTED,NOT_BUILT,NOT_TESTED,JPN_PRIMARY; MLG_CN_CONTEXT_AUXILIARY,mechanical template; resource_class=OHD; source_objects=4,上去！,"[""上去！""]",Going up!,"[""Going up!""]",AUX_CN_ATTACHED,exact_jpn_ohd_page_record;eng_same_six_page_group_record,master status=AUX_CN_ATTACHED; mapping method=exact_jpn_ohd_page_record;eng_same_six_page_group_record; candidate attached as auxiliary evidence only; verify against JPN and context; auxiliary candidates only; JPN remains authoritative; verify against JPN text and context
1E4C1146,169,,,,,record169:offset21648:size128;record169:offset21648:size128;record169:offset21648:size128;record169:offset21648:size128,登るぞ！,降りるぞ！,先に行く！,,,,NOT_CHECKED,15,,NOT_STARTED,NOT_BUILT,NOT_TESTED,JPN_PRIMARY; MLG_CN_CONTEXT_AUXILIARY,mechanical template; resource_class=OHD; source_objects=4,下去！,"[""下去！""]",Going down!,"[""Going down!""]",AUX_CN_ATTACHED,exact_jpn_ohd_page_record;eng_same_six_page_group_record,master status=AUX_CN_ATTACHED; mapping method=exact_jpn_ohd_page_record;eng_same_six_page_group_record; candidate attached as auxiliary evidence only; verify against JPN and context; auxiliary candidates only; JPN remains authoritative; verify against JPN text and context
1E4C1146,170,,,,,record170:offset21776:size128;record170:offset21776:size128;record170:offset21776:size128;record170:offset21776:size128,降りるぞ！,先に行く！,今だ！,,,,NOT_CHECKED,15,,NOT_STARTED,NOT_BUILT,NOT_TESTED,JPN_PRIMARY; MLG_CN_CONTEXT_AUXILIARY,mechanical template; resource_class=OHD; source_objects=4,我先走！,"[""我先走！""]",Going on ahead!,"[""Going on ahead!""]",AUX_CN_ATTACHED,exact_jpn_ohd_page_record;eng_same_six_page_group_record,master status=AUX_CN_ATTACHED; mapping method=exact_jpn_ohd_page_record;eng_same_six_page_group_record; candidate attached as auxiliary evidence only; verify against JPN and context; auxiliary candidates only; JPN remains authoritative; verify against JPN text and context
1E4C1146,171,,,,,record171:offset21904:size128;record171:offset21904:size128;record171:offset21904:size128;record171:offset21904:size128,先に行く！,今だ！,急げ！,,,,NOT_CHECKED,9,,NOT_STARTED,NOT_BUILT,NOT_TESTED,JPN_PRIMARY; MLG_CN_CONTEXT_AUXILIARY,mechanical template; resource_class=OHD; source_objects=4,现在！,"[""现在！""]",Now!,"[""Now!""]",AUX_CN_ATTACHED,exact_jpn_ohd_page_record;eng_same_six_page_group_record,master status=AUX_CN_ATTACHED; mapping method=exact_jpn_ohd_page_record;eng_same_six_page_group_record; candidate attached as auxiliary evidence only; verify against JPN and context; auxiliary candidates only; JPN remains authoritative; verify against JPN text and context
1E4C1146,172,,,,,record172:offset22032:size128;record172:offset22032:size128;record172:offset22032:size128;record172:offset22032:size128,今だ！,急げ！,好きだ！,,,,NOT_CHECKED,9,,NOT_STARTED,NOT_BUILT,NOT_TESTED,JPN_PRIMARY; MLG_CN_CONTEXT_AUXILIARY,mechanical template; resource_class=OHD; source_objects=4,快点！,"[""快点！""]",Hurry!,"[""Hurry!""]",AUX_CN_ATTACHED,exact_jpn_ohd_page_record;eng_same_six_page_group_record,master status=AUX_CN_ATTACHED; mapping method=exact_jpn_ohd_page_record;eng_same_six_page_group_record; candidate attached as auxiliary evidence only; verify against JPN and context; auxiliary candidates only; JPN remains authoritative; verify against JPN text and context
1E4C1146,173,,,,,record173:offset22160:size128;record173:offset22160:size128;record173:offset22160:size128;record173:offset22160:size128,急げ！,好きだ！,好きになれん…,,,,NOT_CHECKED,12,,NOT_STARTED,NOT_BUILT,NOT_TESTED,JPN_PRIMARY; MLG_CN_CONTEXT_AUXILIARY,mechanical template; resource_class=OHD; source_objects=4,我喜欢！,"[""我喜欢！""]",I like it!,"[""I like it!""]",AUX_CN_ATTACHED,exact_jpn_ohd_page_record;eng_same_six_page_group_record,master status=AUX_CN_ATTACHED; mapping method=exact_jpn_ohd_page_record;eng_same_six_page_group_record; candidate attached as auxiliary evidence only; verify against JPN and context; auxiliary candidates only; JPN remains authoritative; verify against JPN text and context
1E4C1146,174,,,,,record174:offset22288:size128;record174:offset22288:size128;record174:offset22288:size128;record174:offset22288:size128,好きだ！,好きになれん…,来るぞ！,,,,NOT_CHECKED,21,,NOT_STARTED,NOT_BUILT,NOT_TESTED,JPN_PRIMARY; MLG_CN_CONTEXT_AUXILIARY,mechanical template; resource_class=OHD; source_objects=4,不是我的强项…,"[""不是我的强项…""]",Not my thing...,"[""Not my thing...""]",AUX_CN_ATTACHED,exact_jpn_ohd_page_record;eng_same_six_page_group_record,master status=AUX_CN_ATTACHED; mapping method=exact_jpn_ohd_page_record;eng_same_six_page_group_record; candidate attached as auxiliary evidence only; verify against JPN and context; auxiliary candidates only; JPN remains authoritative; verify against JPN text and context
1E4C1146,175,,,,,record175:offset22416:size128;record175:offset22416:size128;record175:offset22416:size128;record175:offset22416:size128,好きになれん…,来るぞ！,おーい,,,,NOT_CHECKED,12,,NOT_STARTED,NOT_BUILT,NOT_TESTED,JPN_PRIMARY; MLG_CN_CONTEXT_AUXILIARY,mechanical template; resource_class=OHD; source_objects=4,来袭！,"[""来袭！""]",Incoming!,"[""Incoming!""]",AUX_CN_ATTACHED,exact_jpn_ohd_page_record;eng_same_six_page_group_record,master status=AUX_CN_ATTACHED; mapping method=exact_jpn_ohd_page_record;eng_same_six_page_group_record; candidate attached as auxiliary evidence only; verify against JPN and context; auxiliary candidates only; JPN remains authoritative; verify against JPN text and context
1E4C1146,176,,,,,record176:offset22544:size128;record176:offset22544:size128;record176:offset22544:size128;record176:offset22544:size128,来るぞ！,おーい,答えてくれないか？,,,,NOT_CHECKED,9,,NOT_STARTED,NOT_BUILT,NOT_TESTED,JPN_PRIMARY; MLG_CN_CONTEXT_AUXILIARY,mechanical template; resource_class=OHD; source_objects=4,HEY!,"[""HEY!""]",HEY!,"[""HEY!""]",AUX_CN_ATTACHED,exact_jpn_ohd_page_record;eng_same_six_page_group_record,master status=AUX_CN_ATTACHED; mapping method=exact_jpn_ohd_page_record;eng_same_six_page_group_record; candidate attached as auxiliary evidence only; verify against JPN and context; auxiliary candidates only; JPN remains authoritative; verify against JPN text and context
1E4C1146,177,,,,,record177:offset22672:size128;record177:offset22672:size128;record177:offset22672:size128;record177:offset22672:size128,おーい,答えてくれないか？,どうした？,,,,NOT_CHECKED,27,,NOT_STARTED,NOT_BUILT,NOT_TESTED,JPN_PRIMARY; MLG_CN_CONTEXT_AUXILIARY,mechanical template; resource_class=OHD; source_objects=4,不回答我吗？,"[""不回答我吗？""]",Not gonna answer me?,"[""Not gonna answer me?""]",AUX_CN_ATTACHED,exact_jpn_ohd_page_record;eng_same_six_page_group_record,master status=AUX_CN_ATTACHED; mapping method=exact_jpn_ohd_page_record;eng_same_six_page_group_record; candidate attached as auxiliary evidence only; verify against JPN and context; auxiliary candidates only; JPN remains authoritative; verify against JPN text and context
1E4C1146,178,,,,,record178:offset22800:size128;record178:offset22800:size128;record178:offset22800:size128;record178:offset22800:size128,答えてくれないか？,どうした？,手を貸してくれ,,,,NOT_CHECKED,15,,NOT_STARTED,NOT_BUILT,NOT_TESTED,JPN_PRIMARY; MLG_CN_CONTEXT_AUXILIARY,mechanical template; resource_class=OHD; source_objects=4,怎么了？,"[""怎么了？""]",What's the matter?,"[""What's the matter?""]",AUX_CN_ATTACHED,exact_jpn_ohd_page_record;eng_same_six_page_group_record,master status=AUX_CN_ATTACHED; mapping method=exact_jpn_ohd_page_record;eng_same_six_page_group_record; candidate attached as auxiliary evidence only; verify against JPN and context; auxiliary candidates only; JPN remains authoritative; verify against JPN text and context
1E4C1146,179,,,,,record179:offset22928:size128;record179:offset22928:size128;record179:offset22928:size128;record179:offset22928:size128,どうした？,手を貸してくれ,まずいな…,,,,NOT_CHECKED,21,,NOT_STARTED,NOT_BUILT,NOT_TESTED,JPN_PRIMARY; MLG_CN_CONTEXT_AUXILIARY,mechanical template; resource_class=OHD; source_objects=4,帮我一把。,"[""帮我一把。""]",Give me a hand.,"[""Give me a hand.""]",AUX_CN_ATTACHED,exact_jpn_ohd_page_record;eng_same_six_page_group_record,master status=AUX_CN_ATTACHED; mapping method=exact_jpn_ohd_page_record;eng_same_six_page_group_record; candidate attached as auxiliary evidence only; verify against JPN and context; auxiliary candidates only; JPN remains authoritative; verify against JPN text and context
1E4C1146,180,,,,,record180:offset23056:size128;record180:offset23056:size128;record180:offset23056:size128;record180:offset23056:size128,手を貸してくれ,まずいな…,ちょっと貸せ！,,,,NOT_CHECKED,15,,NOT_STARTED,NOT_BUILT,NOT_TESTED,JPN_PRIMARY; MLG_CN_CONTEXT_AUXILIARY,mechanical template; resource_class=OHD; source_objects=4,情况不妙…,"[""情况不妙…""]",Not looking good...,"[""Not looking good...""]",AUX_CN_ATTACHED,exact_jpn_ohd_page_record;eng_same_six_page_group_record,master status=AUX_CN_ATTACHED; mapping method=exact_jpn_ohd_page_record;eng_same_six_page_group_record; candidate attached as auxiliary evidence only; verify against JPN and context; auxiliary candidates only; JPN remains authoritative; verify against JPN text and context
1E4C1146,181,,,,,record181:offset23184:size128;record181:offset23184:size128;record181:offset23184:size128;record181:offset23184:size128,まずいな…,ちょっと貸せ！,これを使え！,,,,NOT_CHECKED,21,,NOT_STARTED,NOT_BUILT,NOT_TESTED,JPN_PRIMARY; MLG_CN_CONTEXT_AUXILIARY,mechanical template; resource_class=OHD; source_objects=4,给我用一下！,"[""给我用一下！""]",Give me that for a minute!,"[""Give me that for a minute!""]",AUX_CN_ATTACHED,exact_jpn_ohd_page_record;eng_same_six_page_group_record,master status=AUX_CN_ATTACHED; mapping method=exact_jpn_ohd_page_record;eng_same_six_page_group_record; candidate attached as auxiliary evidence only; verify against JPN and context; auxiliary candidates only; JPN remains authoritative; verify against JPN text and context
1E4C1146,182,,,,,record182:offset23312:size128;record182:offset23312:size128;record182:offset23312:size128;record182:offset23312:size128,ちょっと貸せ！,これを使え！,一緒に行くぞ！,,,,NOT_CHECKED,18,,NOT_STARTED,NOT_BUILT,NOT_TESTED,JPN_PRIMARY; MLG_CN_CONTEXT_AUXILIARY,mechanical template; resource_class=OHD; source_objects=4,来，用这个！,"[""来，用这个！""]","Here, use this!","[""Here, use this!""]",AUX_CN_ATTACHED,exact_jpn_ohd_page_record;eng_same_six_page_group_record,master status=AUX_CN_ATTACHED; mapping method=exact_jpn_ohd_page_record;eng_same_six_page_group_record; candidate attached as auxiliary evidence only; verify against JPN and context; auxiliary candidates only; JPN remains authoritative; verify against JPN text and context
1E4C1146,183,,,,,record183:offset23440:size128;record183:offset23440:size128;record183:offset23440:size128;record183:offset23440:size128,これを使え！,一緒に行くぞ！,集合！,,,,NOT_CHECKED,21,,NOT_STARTED,NOT_BUILT,NOT_TESTED,JPN_PRIMARY; MLG_CN_CONTEXT_AUXILIARY,mechanical template; resource_class=OHD; source_objects=4,我跟你一起去！,"[""我跟你一起去！""]",I'm going with you!,"[""I'm going with you!""]",AUX_CN_ATTACHED,exact_jpn_ohd_page_record;eng_same_six_page_group_record,master status=AUX_CN_ATTACHED; mapping method=exact_jpn_ohd_page_record;eng_same_six_page_group_record; candidate attached as auxiliary evidence only; verify against JPN and context; auxiliary candidates only; JPN remains authoritative; verify against JPN text and context
1E4C1146,184,,,,,record184:offset23568:size128;record184:offset23568:size128;record184:offset23568:size128;record184:offset23568:size128,一緒に行くぞ！,集合！,注目！,,,,NOT_CHECKED,9,,NOT_STARTED,NOT_BUILT,NOT_TESTED,JPN_PRIMARY; MLG_CN_CONTEXT_AUXILIARY,mechanical template; resource_class=OHD; source_objects=4,向我靠拢！,"[""向我靠拢！""]",Form on me!,"[""Form on me!""]",AUX_CN_ATTACHED,exact_jpn_ohd_page_record;eng_same_six_page_group_record,master status=AUX_CN_ATTACHED; mapping method=exact_jpn_ohd_page_record;eng_same_six_page_group_record; candidate attached as auxiliary evidence only; verify against JPN and context; auxiliary candidates only; JPN remains authoritative; verify against JPN text and context
1E4C1146,185,,,,,record185:offset23696:size128;record185:offset23696:size128;record185:offset23696:size128;record185:offset23696:size128,集合！,注目！,やるじゃないか！,,,,NOT_CHECKED,9,,NOT_STARTED,NOT_BUILT,NOT_TESTED,JPN_PRIMARY; MLG_CN_CONTEXT_AUXILIARY,mechanical template; resource_class=OHD; source_objects=4,立正！,"[""立正！""]",Ten-hut!,"[""Ten-hut!""]",AUX_CN_ATTACHED,exact_jpn_ohd_page_record;eng_same_six_page_group_record,master status=AUX_CN_ATTACHED; mapping method=exact_jpn_ohd_page_record;eng_same_six_page_group_record; candidate attached as auxiliary evidence only; verify against JPN and context; auxiliary candidates only; JPN remains authoritative; verify against JPN text and context
1E4C1146,186,,,,,record186:offset23824:size128;record186:offset23824:size128;record186:offset23824:size128;record186:offset23824:size128,注目！,やるじゃないか！,違う！,,,,NOT_CHECKED,24,,NOT_STARTED,NOT_BUILT,NOT_TESTED,JPN_PRIMARY; MLG_CN_CONTEXT_AUXILIARY,mechanical template; resource_class=OHD; source_objects=4,不错嘛！,"[""不错嘛！""]",Not bad!,"[""Not bad!""]",AUX_CN_ATTACHED,exact_jpn_ohd_page_record;eng_same_six_page_group_record,master status=AUX_CN_ATTACHED; mapping method=exact_jpn_ohd_page_record;eng_same_six_page_group_record; candidate attached as auxiliary evidence only; verify against JPN and context; auxiliary candidates only; JPN remains authoritative; verify against JPN text and context
1E4C1146,187,,,,,record187:offset23952:size128;record187:offset23952:size128;record187:offset23952:size128;record187:offset23952:size128,やるじゃないか！,違う！,こらぁ！,,,,NOT_CHECKED,9,,NOT_STARTED,NOT_BUILT,NOT_TESTED,JPN_PRIMARY; MLG_CN_CONTEXT_AUXILIARY,mechanical template; resource_class=OHD; source_objects=4,错了！,"[""错了！""]",Wrong!,"[""Wrong!""]",AUX_CN_ATTACHED,exact_jpn_ohd_page_record;eng_same_six_page_group_record,master status=AUX_CN_ATTACHED; mapping method=exact_jpn_ohd_page_record;eng_same_six_page_group_record; candidate attached as auxiliary evidence only; verify against JPN and context; auxiliary candidates only; JPN remains authoritative; verify against JPN text and context
1E4C1146,188,,,,,record188:offset24080:size128;record188:offset24080:size128;record188:offset24080:size128;record188:offset24080:size128,違う！,こらぁ！,しゃがむんだ！,,,,NOT_CHECKED,12,,NOT_STARTED,NOT_BUILT,NOT_TESTED,JPN_PRIMARY; MLG_CN_CONTEXT_AUXILIARY,mechanical template; resource_class=OHD; source_objects=4,打起精神来！,"[""打起精神来！""]",Get your act together!,"[""Get your act together!""]",AUX_CN_ATTACHED,exact_jpn_ohd_page_record;eng_same_six_page_group_record,master status=AUX_CN_ATTACHED; mapping method=exact_jpn_ohd_page_record;eng_same_six_page_group_record; candidate attached as auxiliary evidence only; verify against JPN and context; auxiliary candidates only; JPN remains authoritative; verify against JPN text and context
1E4C1146,189,,,,,record189:offset24208:size128;record189:offset24208:size128;record189:offset24208:size128;record189:offset24208:size128,こらぁ！,しゃがむんだ！,伏せるんだ！,,,,NOT_CHECKED,21,,NOT_STARTED,NOT_BUILT,NOT_TESTED,JPN_PRIMARY; MLG_CN_CONTEXT_AUXILIARY,mechanical template; resource_class=OHD; source_objects=4,蹲下！,"[""蹲下！""]",Crouch down!,"[""Crouch down!""]",AUX_CN_ATTACHED,exact_jpn_ohd_page_record;eng_same_six_page_group_record,master status=AUX_CN_ATTACHED; mapping method=exact_jpn_ohd_page_record;eng_same_six_page_group_record; candidate attached as auxiliary evidence only; verify against JPN and context; auxiliary candidates only; JPN remains authoritative; verify against JPN text and context
1E4C1146,190,,,,,record190:offset24336:size128;record190:offset24336:size128;record190:offset24336:size128;record190:offset24336:size128,しゃがむんだ！,伏せるんだ！,散開！,,,,NOT_CHECKED,18,,NOT_STARTED,NOT_BUILT,NOT_TESTED,JPN_PRIMARY; MLG_CN_CONTEXT_AUXILIARY,mechanical template; resource_class=OHD; source_objects=4,趴下！,"[""趴下！""]",Get down!,"[""Get down!""]",AUX_CN_ATTACHED,exact_jpn_ohd_page_record;eng_same_six_page_group_record,master status=AUX_CN_ATTACHED; mapping method=exact_jpn_ohd_page_record;eng_same_six_page_group_record; candidate attached as auxiliary evidence only; verify against JPN and context; auxiliary candidates only; JPN remains authoritative; verify against JPN text and context
1E4C1146,191,,,,,record191:offset24464:size128;record191:offset24464:size128;record191:offset24464:size128;record191:offset24464:size128,伏せるんだ！,散開！,待たせたな！,,,,NOT_CHECKED,9,,NOT_STARTED,NOT_BUILT,NOT_TESTED,JPN_PRIMARY; MLG_CN_CONTEXT_AUXILIARY,mechanical template; resource_class=OHD; source_objects=4,散开！,"[""散开！""]",Spread out!,"[""Spread out!""]",AUX_CN_ATTACHED,exact_jpn_ohd_page_record;eng_same_six_page_group_record,master status=AUX_CN_ATTACHED; mapping method=exact_jpn_ohd_page_record;eng_same_six_page_group_record; candidate attached as auxiliary evidence only; verify against JPN and context; auxiliary candidates only; JPN remains authoritative; verify against JPN text and context
1E4C1146,192,,,,,record192:offset24592:size128;record192:offset24592:size128;record192:offset24592:size128;record192:offset24592:size128,散開！,待たせたな！,ターゲット捕捉！,,,,NOT_CHECKED,18,,NOT_STARTED,NOT_BUILT,NOT_TESTED,JPN_PRIMARY; MLG_CN_CONTEXT_AUXILIARY,mechanical template; resource_class=OHD; source_objects=4,久等了吧？,"[""久等了吧？""]","Kept you waiting, huh?","[""Kept you waiting, huh?""]",AUX_CN_ATTACHED,exact_jpn_ohd_page_record;eng_same_six_page_group_record,master status=AUX_CN_ATTACHED; mapping method=exact_jpn_ohd_page_record;eng_same_six_page_group_record; candidate attached as auxiliary evidence only; verify against JPN and context; auxiliary candidates only; JPN remains authoritative; verify against JPN text and context
1E4C1146,193,,,,,record193:offset24720:size128;record193:offset24720:size128;record193:offset24720:size128;record193:offset24720:size128,待たせたな！,ターゲット捕捉！,撃てぇ！,,,,NOT_CHECKED,24,,NOT_STARTED,NOT_BUILT,NOT_TESTED,JPN_PRIMARY; MLG_CN_CONTEXT_AUXILIARY,mechanical template; resource_class=OHD; source_objects=4,新增目标！,"[""新增目标！""]",Targets added!,"[""Targets added!""]",AUX_CN_ATTACHED,exact_jpn_ohd_page_record;eng_same_six_page_group_record,master status=AUX_CN_ATTACHED; mapping method=exact_jpn_ohd_page_record;eng_same_six_page_group_record; candidate attached as auxiliary evidence only; verify against JPN and context; auxiliary candidates only; JPN remains authoritative; verify against JPN text and context
1E4C1146,194,,,,,record194:offset24848:size128;record194:offset24848:size128;record194:offset24848:size128;record194:offset24848:size128,ターゲット捕捉！,撃てぇ！,撃つぞ！！,,,,NOT_CHECKED,12,,NOT_STARTED,NOT_BUILT,NOT_TESTED,JPN_PRIMARY; MLG_CN_CONTEXT_AUXILIARY,mechanical template; resource_class=OHD; source_objects=4,开火！,"[""开火！""]",Fire!,"[""Fire!""]",AUX_CN_ATTACHED,exact_jpn_ohd_page_record;eng_same_six_page_group_record,master status=AUX_CN_ATTACHED; mapping method=exact_jpn_ohd_page_record;eng_same_six_page_group_record; candidate attached as auxiliary evidence only; verify against JPN and context; auxiliary candidates only; JPN remains authoritative; verify against JPN text and context
1E4C1146,195,,,,,record195:offset24976:size128;record195:offset24976:size128;record195:offset24976:size128;record195:offset24976:size128,撃てぇ！,撃つぞ！！,それは…違うんじゃ…,,,,NOT_CHECKED,15,,NOT_STARTED,NOT_BUILT,NOT_TESTED,JPN_PRIMARY; MLG_CN_CONTEXT_AUXILIARY,mechanical template; resource_class=OHD; source_objects=4,开始射击！,"[""开始射击！""]",Opening fire!,"[""Opening fire!""]",AUX_CN_ATTACHED,exact_jpn_ohd_page_record;eng_same_six_page_group_record,master status=AUX_CN_ATTACHED; mapping method=exact_jpn_ohd_page_record;eng_same_six_page_group_record; candidate attached as auxiliary evidence only; verify against JPN and context; auxiliary candidates only; JPN remains authoritative; verify against JPN text and context
1E4C1146,196,,,,,record196:offset25104:size128;record196:offset25104:size128;record196:offset25104:size128;record196:offset25104:size128,撃つぞ！！,それは…違うんじゃ…,よおし！,,,,NOT_CHECKED,30,,NOT_STARTED,NOT_BUILT,NOT_TESTED,JPN_PRIMARY; MLG_CN_CONTEXT_AUXILIARY,mechanical template; resource_class=OHD; source_objects=4,不完全是…,"[""不完全是…""]",Not exactly...,"[""Not exactly...""]",AUX_CN_ATTACHED,exact_jpn_ohd_page_record;eng_same_six_page_group_record,master status=AUX_CN_ATTACHED; mapping method=exact_jpn_ohd_page_record;eng_same_six_page_group_record; candidate attached as auxiliary evidence only; verify against JPN and context; auxiliary candidates only; JPN remains authoritative; verify against JPN text and context
1E4C1146,197,,,,,record197:offset25232:size128;record197:offset25232:size128;record197:offset25232:size128;record197:offset25232:size128,それは…違うんじゃ…,よおし！,逃がすな！,,,,NOT_CHECKED,12,,NOT_STARTED,NOT_BUILT,NOT_TESTED,JPN_PRIMARY; MLG_CN_CONTEXT_AUXILIARY,mechanical template; resource_class=OHD; source_objects=4,好耶！,"[""好耶！""]",Yess!,"[""Yess!""]",AUX_CN_ATTACHED,exact_jpn_ohd_page_record;eng_same_six_page_group_record,master status=AUX_CN_ATTACHED; mapping method=exact_jpn_ohd_page_record;eng_same_six_page_group_record; candidate attached as auxiliary evidence only; verify against JPN and context; auxiliary candidates only; JPN remains authoritative; verify against JPN text and context
1E4C1146,198,,,,,record198:offset25360:size128;record198:offset25360:size128;record198:offset25360:size128;record198:offset25360:size128,よおし！,逃がすな！,追うぞ！,,,,NOT_CHECKED,15,,NOT_STARTED,NOT_BUILT,NOT_TESTED,JPN_PRIMARY; MLG_CN_CONTEXT_AUXILIARY,mechanical template; resource_class=OHD; source_objects=4,别让他们跑了！,"[""别让他们跑了！""]",Don't let 'em get away!,"[""Don't let 'em get away!""]",AUX_CN_ATTACHED,exact_jpn_ohd_page_record;eng_same_six_page_group_record,master status=AUX_CN_ATTACHED; mapping method=exact_jpn_ohd_page_record;eng_same_six_page_group_record; candidate attached as auxiliary evidence only; verify against JPN and context; auxiliary candidates only; JPN remains authoritative; verify against JPN text and context
1E4C1146,199,,,,,record199:offset25488:size128;record199:offset25488:size128;record199:offset25488:size128;record199:offset25488:size128,逃がすな！,追うぞ！,追うな！,,,,NOT_CHECKED,12,,NOT_STARTED,NOT_BUILT,NOT_TESTED,JPN_PRIMARY; MLG_CN_CONTEXT_AUXILIARY,mechanical template; resource_class=OHD; source_objects=4,追上他们！,"[""追上他们！""]",After 'em!,"[""After 'em!""]",AUX_CN_ATTACHED,exact_jpn_ohd_page_record;eng_same_six_page_group_record,master status=AUX_CN_ATTACHED; mapping method=exact_jpn_ohd_page_record;eng_same_six_page_group_record; candidate attached as auxiliary evidence only; verify against JPN and context; auxiliary candidates only; JPN remains authoritative; verify against JPN text and context
1E4C1146,200,,,,,record200:offset25616:size128;record200:offset25616:size128;record200:offset25616:size128;record200:offset25616:size128,追うぞ！,追うな！,CQCで行こう,,,,NOT_CHECKED,12,,NOT_STARTED,NOT_BUILT,NOT_TESTED,JPN_PRIMARY; MLG_CN_CONTEXT_AUXILIARY,mechanical template; resource_class=OHD; source_objects=4,放他们走！,"[""放他们走！""]",Let 'em go!,"[""Let 'em go!""]",AUX_CN_ATTACHED,exact_jpn_ohd_page_record;eng_same_six_page_group_record,master status=AUX_CN_ATTACHED; mapping method=exact_jpn_ohd_page_record;eng_same_six_page_group_record; candidate attached as auxiliary evidence only; verify against JPN and context; auxiliary candidates only; JPN remains authoritative; verify against JPN text and context
1E4C1146,201,,,,,record201:offset25744:size128;record201:offset25744:size128;record201:offset25744:size128;record201:offset25744:size128,追うな！,CQCで行こう,眠らせよう,,,,NOT_CHECKED,15,,NOT_STARTED,NOT_BUILT,NOT_TESTED,JPN_PRIMARY; MLG_CN_CONTEXT_AUXILIARY,mechanical template; resource_class=OHD; source_objects=4,就用CQC。,"[""就用CQC。""]",Stick with CQC.,"[""Stick with CQC.""]",AUX_CN_ATTACHED,exact_jpn_ohd_page_record;eng_same_six_page_group_record,master status=AUX_CN_ATTACHED; mapping method=exact_jpn_ohd_page_record;eng_same_six_page_group_record; candidate attached as auxiliary evidence only; verify against JPN and context; auxiliary candidates only; JPN remains authoritative; verify against JPN text and context
1E4C1146,202,,,,,record202:offset25872:size128;record202:offset25872:size128;record202:offset25872:size128;record202:offset25872:size128,CQCで行こう,眠らせよう,迂回しよう,,,,NOT_CHECKED,15,,NOT_STARTED,NOT_BUILT,NOT_TESTED,JPN_PRIMARY; MLG_CN_CONTEXT_AUXILIARY,mechanical template; resource_class=OHD; source_objects=4,把他们打晕。,"[""把他们打晕。""]",Put 'em to sleep.,"[""Put 'em to sleep.""]",AUX_CN_ATTACHED,exact_jpn_ohd_page_record;eng_same_six_page_group_record,master status=AUX_CN_ATTACHED; mapping method=exact_jpn_ohd_page_record;eng_same_six_page_group_record; candidate attached as auxiliary evidence only; verify against JPN and context; auxiliary candidates only; JPN remains authoritative; verify against JPN text and context
1E4C1146,203,,,,,record203:offset26000:size128;record203:offset26000:size128;record203:offset26000:size128;record203:offset26000:size128,眠らせよう,迂回しよう,銃で行こう,,,,NOT_CHECKED,15,,NOT_STARTED,NOT_BUILT,NOT_TESTED,JPN_PRIMARY; MLG_CN_CONTEXT_AUXILIARY,mechanical template; resource_class=OHD; source_objects=4,找条路绕过去。,"[""找条路绕过去。""]",Find a way around.,"[""Find a way around.""]",AUX_CN_ATTACHED,exact_jpn_ohd_page_record;eng_same_six_page_group_record,master status=AUX_CN_ATTACHED; mapping method=exact_jpn_ohd_page_record;eng_same_six_page_group_record; candidate attached as auxiliary evidence only; verify against JPN and context; auxiliary candidates only; JPN remains authoritative; verify against JPN text and context
1E4C1146,204,,,,,record204:offset26128:size128;record204:offset26128:size128;record204:offset26128:size128;record204:offset26128:size128,迂回しよう,銃で行こう,ミサイル！,,,,NOT_CHECKED,15,,NOT_STARTED,NOT_BUILT,NOT_TESTED,JPN_PRIMARY; MLG_CN_CONTEXT_AUXILIARY,mechanical template; resource_class=OHD; source_objects=4,端枪！,"[""端枪！""]",Guns at ready!,"[""Guns at ready!""]",AUX_CN_ATTACHED,exact_jpn_ohd_page_record;eng_same_six_page_group_record,master status=AUX_CN_ATTACHED; mapping method=exact_jpn_ohd_page_record;eng_same_six_page_group_record; candidate attached as auxiliary evidence only; verify against JPN and context; auxiliary candidates only; JPN remains authoritative; verify against JPN text and context
1E4C1146,205,,,,,record205:offset26256:size128;record205:offset26256:size128;record205:offset26256:size128;record205:offset26256:size128,銃で行こう,ミサイル！,合体！,,,,NOT_CHECKED,15,,NOT_STARTED,NOT_BUILT,NOT_TESTED,JPN_PRIMARY; MLG_CN_CONTEXT_AUXILIARY,mechanical template; resource_class=OHD; source_objects=4,导弹！,"[""导弹！""]",Missile!,"[""Missile!""]",AUX_CN_ATTACHED,exact_jpn_ohd_page_record;eng_same_six_page_group_record,master status=AUX_CN_ATTACHED; mapping method=exact_jpn_ohd_page_record;eng_same_six_page_group_record; candidate attached as auxiliary evidence only; verify against JPN and context; auxiliary candidates only; JPN remains authoritative; verify against JPN text and context
1E4C1146,206,,,,,record206:offset26384:size128;record206:offset26384:size128;record206:offset26384:size128;record206:offset26384:size128,ミサイル！,合体！,見つからずに行こう,,,,NOT_CHECKED,9,,NOT_STARTED,NOT_BUILT,NOT_TESTED,JPN_PRIMARY; MLG_CN_CONTEXT_AUXILIARY,mechanical template; resource_class=OHD; source_objects=4,集合！,"[""集合！""]",Fall in!,"[""Fall in!""]",AUX_CN_ATTACHED,exact_jpn_ohd_page_record;eng_same_six_page_group_record,master status=AUX_CN_ATTACHED; mapping method=exact_jpn_ohd_page_record;eng_same_six_page_group_record; candidate attached as auxiliary evidence only; verify against JPN and context; auxiliary candidates only; JPN remains authoritative; verify against JPN text and context
1E4C1146,207,,,,,record207:offset26512:size128;record207:offset26512:size128;record207:offset26512:size128;record207:offset26512:size128,合体！,見つからずに行こう,ダンボール！,,,,NOT_CHECKED,27,,NOT_STARTED,NOT_BUILT,NOT_TESTED,JPN_PRIMARY; MLG_CN_CONTEXT_AUXILIARY,mechanical template; resource_class=OHD; source_objects=4,保持隐蔽。,"[""保持隐蔽。""]",Stay out of sight.,"[""Stay out of sight.""]",AUX_CN_ATTACHED,exact_jpn_ohd_page_record;eng_same_six_page_group_record,master status=AUX_CN_ATTACHED; mapping method=exact_jpn_ohd_page_record;eng_same_six_page_group_record; candidate attached as auxiliary evidence only; verify against JPN and context; auxiliary candidates only; JPN remains authoritative; verify against JPN text and context
1E4C1146,208,,,,,record208:offset26640:size128;record208:offset26640:size128;record208:offset26640:size128;record208:offset26640:size128,見つからずに行こう,ダンボール！,一気に行くぞ！,,,,NOT_CHECKED,18,,NOT_STARTED,NOT_BUILT,NOT_TESTED,JPN_PRIMARY; MLG_CN_CONTEXT_AUXILIARY,mechanical template; resource_class=OHD; source_objects=4,箱子时间！,"[""箱子时间！""]",Box time!,"[""Box time!""]",AUX_CN_ATTACHED,exact_jpn_ohd_page_record;eng_same_six_page_group_record,master status=AUX_CN_ATTACHED; mapping method=exact_jpn_ohd_page_record;eng_same_six_page_group_record; candidate attached as auxiliary evidence only; verify against JPN and context; auxiliary candidates only; JPN remains authoritative; verify against JPN text and context
1E4C1146,209,,,,,record209:offset26768:size128;record209:offset26768:size128;record209:offset26768:size128;record209:offset26768:size128,ダンボール！,一気に行くぞ！,忠をつくせ！,,,,NOT_CHECKED,21,,NOT_STARTED,NOT_BUILT,NOT_TESTED,JPN_PRIMARY; MLG_CN_CONTEXT_AUXILIARY,mechanical template; resource_class=OHD; source_objects=4,豁出去了！,"[""豁出去了！""]",Going all in!,"[""Going all in!""]",AUX_CN_ATTACHED,exact_jpn_ohd_page_record;eng_same_six_page_group_record,master status=AUX_CN_ATTACHED; mapping method=exact_jpn_ohd_page_record;eng_same_six_page_group_record; candidate attached as auxiliary evidence only; verify against JPN and context; auxiliary candidates only; JPN remains authoritative; verify against JPN text and context
1E4C1146,210,,,,,record210:offset26896:size128;record210:offset26896:size128;record210:offset26896:size128;record210:offset26896:size128,一気に行くぞ！,忠をつくせ！,こっちだ,,,,NOT_CHECKED,18,,NOT_STARTED,NOT_BUILT,NOT_TESTED,JPN_PRIMARY; MLG_CN_CONTEXT_AUXILIARY,mechanical template; resource_class=OHD; source_objects=4,忠诚到底，各位！,"[""忠诚到底，各位！""]","Loyal to the end, people!","[""Loyal to the end, people!""]",AUX_CN_ATTACHED,exact_jpn_ohd_page_record;eng_same_six_page_group_record,master status=AUX_CN_ATTACHED; mapping method=exact_jpn_ohd_page_record;eng_same_six_page_group_record; candidate attached as auxiliary evidence only; verify against JPN and context; auxiliary candidates only; JPN remains authoritative; verify against JPN text and context
1E4C1146,211,,,,,record211:offset27024:size128;record211:offset27024:size128;record211:offset27024:size128;record211:offset27024:size128,忠をつくせ！,こっちだ,ピース！,,,,NOT_CHECKED,12,,NOT_STARTED,NOT_BUILT,NOT_TESTED,JPN_PRIMARY; MLG_CN_CONTEXT_AUXILIARY,mechanical template; resource_class=OHD; source_objects=4,这边。,"[""这边。""]",Over here.,"[""Over here.""]",AUX_CN_ATTACHED,exact_jpn_ohd_page_record;eng_same_six_page_group_record,master status=AUX_CN_ATTACHED; mapping method=exact_jpn_ohd_page_record;eng_same_six_page_group_record; candidate attached as auxiliary evidence only; verify against JPN and context; auxiliary candidates only; JPN remains authoritative; verify against JPN text and context
1E4C1146,212,,,,,record212:offset27152:size128;record212:offset27152:size128;record212:offset27152:size128;record212:offset27152:size128,こっちだ,ピース！,勝利のＶサイン！,,,,NOT_CHECKED,12,,NOT_STARTED,NOT_BUILT,NOT_TESTED,JPN_PRIMARY; MLG_CN_CONTEXT_AUXILIARY,mechanical template; resource_class=OHD; source_objects=4,和平！,"[""和平！""]",Peace!,"[""Peace!""]",AUX_CN_ATTACHED,exact_jpn_ohd_page_record;eng_same_six_page_group_record,master status=AUX_CN_ATTACHED; mapping method=exact_jpn_ohd_page_record;eng_same_six_page_group_record; candidate attached as auxiliary evidence only; verify against JPN and context; auxiliary candidates only; JPN remains authoritative; verify against JPN text and context
1E4C1146,213,,,,,record213:offset27280:size128;record213:offset27280:size128;record213:offset27280:size128;record213:offset27280:size128,ピース！,勝利のＶサイン！,ベンセレーモス！,,,,NOT_CHECKED,24,,NOT_STARTED,NOT_BUILT,NOT_TESTED,JPN_PRIMARY; MLG_CN_CONTEXT_AUXILIARY,mechanical template; resource_class=OHD; source_objects=4,V代表胜利！,"[""V代表胜利！""]",V for victory!,"[""V for victory!""]",AUX_CN_ATTACHED,exact_jpn_ohd_page_record;eng_same_six_page_group_record,master status=AUX_CN_ATTACHED; mapping method=exact_jpn_ohd_page_record;eng_same_six_page_group_record; candidate attached as auxiliary evidence only; verify against JPN and context; auxiliary candidates only; JPN remains authoritative; verify against JPN text and context
1E4C1146,214,,,,,record214:offset27408:size128;record214:offset27408:size128;record214:offset27408:size128;record214:offset27408:size128,勝利のＶサイン！,ベンセレーモス！,勝利まで永遠に,,,,NOT_CHECKED,24,,NOT_STARTED,NOT_BUILT,NOT_TESTED,JPN_PRIMARY; MLG_CN_CONTEXT_AUXILIARY,mechanical template; resource_class=OHD; source_objects=4,我们必胜！,"[""我们必胜！""]",Venceremos!,"[""Venceremos!""]",AUX_CN_ATTACHED,exact_jpn_ohd_page_record;eng_same_six_page_group_record,master status=AUX_CN_ATTACHED; mapping method=exact_jpn_ohd_page_record;eng_same_six_page_group_record; candidate attached as auxiliary evidence only; verify against JPN and context; auxiliary candidates only; JPN remains authoritative; verify against JPN text and context
1E4C1146,215,,,,,record215:offset27536:size128;record215:offset27536:size128;record215:offset27536:size128;record215:offset27536:size128,ベンセレーモス！,勝利まで永遠に,平和は歩いては来ない,,,,NOT_CHECKED,21,,NOT_STARTED,NOT_BUILT,NOT_TESTED,JPN_PRIMARY; MLG_CN_CONTEXT_AUXILIARY,mechanical template; resource_class=OHD; source_objects=4,向着胜利，直到永远！,"[""向着胜利，直到永远！""]",Hasta la victoria siempre!,"[""Hasta la victoria siempre!""]",AUX_CN_ATTACHED,exact_jpn_ohd_page_record;eng_same_six_page_group_record,master status=AUX_CN_ATTACHED; mapping method=exact_jpn_ohd_page_record;eng_same_six_page_group_record; candidate attached as auxiliary evidence only; verify against JPN and context; auxiliary candidates only; JPN remains authoritative; verify against JPN text and context
1E4C1146,216,,,,,record216:offset27664:size128;record216:offset27664:size128;record216:offset27664:size128;record216:offset27664:size128,勝利まで永遠に,平和は歩いては来ない,勝利か死か,,,,NOT_CHECKED,30,,NOT_STARTED,NOT_BUILT,NOT_TESTED,JPN_PRIMARY; MLG_CN_CONTEXT_AUXILIARY,mechanical template; resource_class=OHD; source_objects=4,和平不会自己送上门来。,"[""和平不会自己送上门来。""]",Peace won't come to us.,"[""Peace won't come to us.""]",AUX_CN_ATTACHED,exact_jpn_ohd_page_record;eng_same_six_page_group_record,master status=AUX_CN_ATTACHED; mapping method=exact_jpn_ohd_page_record;eng_same_six_page_group_record; candidate attached as auxiliary evidence only; verify against JPN and context; auxiliary candidates only; JPN remains authoritative; verify against JPN text and context
1E4C1146,217,,,,,record217:offset27792:size128;record217:offset27792:size128;record217:offset27792:size128;record217:offset27792:size128,平和は歩いては来ない,勝利か死か,VIC BOSS!,,,,NOT_CHECKED,15,,NOT_STARTED,NOT_BUILT,NOT_TESTED,JPN_PRIMARY; MLG_CN_CONTEXT_AUXILIARY,mechanical template; resource_class=OHD; source_objects=4,胜利或死亡！,"[""胜利或死亡！""]",Victoria o muerte!,"[""Victoria o muerte!""]",AUX_CN_ATTACHED,exact_jpn_ohd_page_record;eng_same_six_page_group_record,master status=AUX_CN_ATTACHED; mapping method=exact_jpn_ohd_page_record;eng_same_six_page_group_record; candidate attached as auxiliary evidence only; verify against JPN and context; auxiliary candidates only; JPN remains authoritative; verify against JPN text and context
1E4C1146,218,,,,,record218:offset27920:size128;record218:offset27920:size128;record218:offset27920:size128;record218:offset27920:size128,勝利か死か,VIC BOSS!,VIC VOS!,,,,NOT_CHECKED,9,,NOT_STARTED,NOT_BUILT,NOT_TESTED,JPN_PRIMARY; MLG_CN_CONTEXT_AUXILIARY,mechanical template; resource_class=OHD; source_objects=4,,[],VIC BOSS!,"[""VIC BOSS!""]",AUX_UNCHANGED,exact_jpn_ohd_page_record;eng_same_six_page_group_record,auxiliary bank retains the original JPN text; auxiliary candidates only; JPN remains authoritative; verify against JPN text and context
1E4C1146,219,,,,,record219:offset28048:size128;record219:offset28048:size128;record219:offset28048:size128;record219:offset28048:size128,VIC BOSS!,VIC VOS!,ロケットピース！,,,,NOT_CHECKED,8,,NOT_STARTED,NOT_BUILT,NOT_TESTED,JPN_PRIMARY; MLG_CN_CONTEXT_AUXILIARY,mechanical template; resource_class=OHD; source_objects=4,,[],VIC VOS!,"[""VIC VOS!""]",AUX_UNCHANGED,exact_jpn_ohd_page_record;eng_same_six_page_group_record,auxiliary bank retains the original JPN text; auxiliary candidates only; JPN remains authoritative; verify against JPN text and context
1E4C1146,220,,,,,record220:offset28176:size128;record220:offset28176:size128;record220:offset28176:size128;record220:offset28176:size128,VIC VOS!,ロケットピース！,骨は拾ってやる,,,,NOT_CHECKED,24,,NOT_STARTED,NOT_BUILT,NOT_TESTED,JPN_PRIMARY; MLG_CN_CONTEXT_AUXILIARY,mechanical template; resource_class=OHD; source_objects=4,火箭和平！,"[""火箭和平！""]",Rocket Peace!,"[""Rocket Peace!""]",AUX_CN_ATTACHED,exact_jpn_ohd_page_record;eng_same_six_page_group_record,master status=AUX_CN_ATTACHED; mapping method=exact_jpn_ohd_page_record;eng_same_six_page_group_record; candidate attached as auxiliary evidence only; verify against JPN and context; auxiliary candidates only; JPN remains authoritative; verify against JPN text and context
1E4C1146,221,,,,,record221:offset28304:size128;record221:offset28304:size128;record221:offset28304:size128;record221:offset28304:size128,ロケットピース！,骨は拾ってやる,家族には伝えておく,,,,NOT_CHECKED,21,,NOT_STARTED,NOT_BUILT,NOT_TESTED,JPN_PRIMARY; MLG_CN_CONTEXT_AUXILIARY,mechanical template; resource_class=OHD; source_objects=4,等我完事了再来给你们收尸。,"[""等我完事了再来给你们收尸。""]",I'll pick up your bones when I'm done.,"[""I'll pick up your bones when I'm done.""]",AUX_CN_ATTACHED,exact_jpn_ohd_page_record;eng_same_six_page_group_record,master status=AUX_CN_ATTACHED; mapping method=exact_jpn_ohd_page_record;eng_same_six_page_group_record; candidate attached as auxiliary evidence only; verify against JPN and context; auxiliary candidates only; JPN remains authoritative; verify against JPN text and context
1E4C1146,222,,,,,record222:offset28432:size128;record222:offset28432:size128;record222:offset28432:size128;record222:offset28432:size128,骨は拾ってやる,家族には伝えておく,中に入れ！,,,,NOT_CHECKED,27,,NOT_STARTED,NOT_BUILT,NOT_TESTED,JPN_PRIMARY; MLG_CN_CONTEXT_AUXILIARY,mechanical template; resource_class=OHD; source_objects=4,我一定会通知你们的家属。,"[""我一定会通知你们的家属。""]",I'll be sure to notify your next of kin.,"[""I'll be sure to notify your next of kin.""]",AUX_CN_ATTACHED,exact_jpn_ohd_page_record;eng_same_six_page_group_record,master status=AUX_CN_ATTACHED; mapping method=exact_jpn_ohd_page_record;eng_same_six_page_group_record; candidate attached as auxiliary evidence only; verify against JPN and context; auxiliary candidates only; JPN remains authoritative; verify against JPN text and context
1E4C1146,223,,,,,record223:offset28560:size128;record223:offset28560:size128;record223:offset28560:size128;record223:offset28560:size128,家族には伝えておく,中に入れ！,構えて撃て！,,,,NOT_CHECKED,15,,NOT_STARTED,NOT_BUILT,NOT_TESTED,JPN_PRIMARY; MLG_CN_CONTEXT_AUXILIARY,mechanical template; resource_class=OHD; source_objects=4,快进去！,"[""快进去！""]",Get inside!,"[""Get inside!""]",AUX_CN_ATTACHED,exact_jpn_ohd_page_record;eng_same_six_page_group_record,master status=AUX_CN_ATTACHED; mapping method=exact_jpn_ohd_page_record;eng_same_six_page_group_record; candidate attached as auxiliary evidence only; verify against JPN and context; auxiliary candidates only; JPN remains authoritative; verify against JPN text and context
1E4C1146,224,,,,,record224:offset28688:size128;record224:offset28688:size128;record224:offset28688:size128;record224:offset28688:size128,中に入れ！,構えて撃て！,花火でも上げるか！,,,,NOT_CHECKED,18,,NOT_STARTED,NOT_BUILT,NOT_TESTED,JPN_PRIMARY; MLG_CN_CONTEXT_AUXILIARY,mechanical template; resource_class=OHD; source_objects=4,开火！,"[""开火！""]",Open fire!,"[""Open fire!""]",AUX_CN_ATTACHED,exact_jpn_ohd_page_record;eng_same_six_page_group_record,master status=AUX_CN_ATTACHED; mapping method=exact_jpn_ohd_page_record;eng_same_six_page_group_record; candidate attached as auxiliary evidence only; verify against JPN and context; auxiliary candidates only; JPN remains authoritative; verify against JPN text and context
1E4C1146,225,,,,,record225:offset28816:size128;record225:offset28816:size128;record225:offset28816:size128;record225:offset28816:size128,構えて撃て！,花火でも上げるか！,まだ終わってない！,,,,NOT_CHECKED,27,,NOT_STARTED,NOT_BUILT,NOT_TESTED,JPN_PRIMARY; MLG_CN_CONTEXT_AUXILIARY,mechanical template; resource_class=OHD; source_objects=4,看来是时候放烟花了…,"[""看来是时候放烟花了…""]",Guess it's time to launch some fireworks...,"[""Guess it's time to launch some fireworks...""]",AUX_CN_ATTACHED,exact_jpn_ohd_page_record;eng_same_six_page_group_record,master status=AUX_CN_ATTACHED; mapping method=exact_jpn_ohd_page_record;eng_same_six_page_group_record; candidate attached as auxiliary evidence only; verify against JPN and context; auxiliary candidates only; JPN remains authoritative; verify against JPN text and context
