selector,codepoint,character,glyph_index,atlas_x,atlas_y,width,height,bearing,advance,glyph_source,font_file,font_file_sha256,font_face_index,font_size,baseline,bitmap_sha256,is_han_override
001cbbd1.xpr,U+0000,,0,1,1,21,66,3,23,CLEAN_JPN_PRESERVED,,,,,,7247f980684f0023cfb216c60361b31d278ca21a83e750edc93cb3861fdbc090,NO
001cbbd1.xpr,U+0020, ,1,23,1,1,66,0,21,CLEAN_JPN_PRESERVED,,,,,,efbb03b7a7f6fd3c29391d4d0281e1830a85caadd831c3f04716faca4107a42e,NO
001cbbd1.xpr,U+0028,(,2,25,1,20,66,1,20,CLEAN_JPN_PRESERVED,,,,,,05b81808e24da15e967db18083700c52a182f295252cbfea239862b1b4991573,NO
001cbbd1.xpr,U+0029,),3,46,1,20,66,1,20,CLEAN_JPN_PRESERVED,,,,,,c645140ec012e5b202d9805b4d565a48c65a0d30ed0cac1581785998241662e3,NO
001cbbd1.xpr,U+002D,-,4,67,1,17,66,1,18,CLEAN_JPN_PRESERVED,,,,,,821b5d3e5c1c6d24c7ca6b272e11962799b8b7ff37ac8297a4ac6fd711b97439,NO
001cbbd1.xpr,U+002E,.,5,85,1,13,66,1,13,CLEAN_JPN_PRESERVED,,,,,,3c94971fc6c80b11e20874008bd68df86c67eb3a252b7c770455d113a3122955,NO
001cbbd1.xpr,U+0030,0,6,99,1,38,66,2,39,CLEAN_JPN_PRESERVED,,,,,,41b256be5354083e57cb8dfa4546510cb1adaf2ffa28ccf8c511bf587ad92503,NO
001cbbd1.xpr,U+0031,1,7,138,1,25,66,9,32,CLEAN_JPN_PRESERVED,,,,,,62c8fdd1457366da270dd18ed90733bfdb6be265d90f7e8b857a0d524d42adde,NO
001cbbd1.xpr,U+0032,2,8,164,1,34,66,4,37,CLEAN_JPN_PRESERVED,,,,,,bafd32c2ab08545704885fcc68e04686a1177889e5293359e84a708b092b58f5,NO
001cbbd1.xpr,U+003A,:,9,199,1,13,66,1,13,CLEAN_JPN_PRESERVED,,,,,,1a321afb1ad27374999149e07564d16cf6ae43dcf13cd31e0307119370d5ee11,NO
001cbbd1.xpr,U+0041,A,10,213,1,55,66,1,55,CLEAN_JPN_PRESERVED,,,,,,4233340c09216a4e230d540967e37be227d6e63a5ba49634a14d960aa7bd413c,NO
001cbbd1.xpr,U+0042,B,11,269,1,46,66,0,47,CLEAN_JPN_PRESERVED,,,,,,2a20a57ed85e20cfc02f838a187a3d41ae7e27d49749183d27fe488461172a78,NO
001cbbd1.xpr,U+0043,C,12,316,1,45,66,2,45,CLEAN_JPN_PRESERVED,,,,,,c91d546c658f50ea8b8ddb1dbbb412c2d07fab5410f4cb075088f190d44c4696,NO
001cbbd1.xpr,U+0044,D,13,362,1,51,66,1,51,CLEAN_JPN_PRESERVED,,,,,,7e36a2798866ffc7577c6f6d988346642df05cea836eb2831c46637fc9a82ed4,NO
001cbbd1.xpr,U+0045,E,14,414,1,46,66,1,46,CLEAN_JPN_PRESERVED,,,,,,957cf00ea65e5ae183602b9d251c63a67d47b7aca8c807b987d01c4b5fc50a46,NO
001cbbd1.xpr,U+0046,F,15,461,1,45,66,1,44,CLEAN_JPN_PRESERVED,,,,,,e5516d91a18ff5218c8ccc2148519cb4e427217cfb2f2cebf4c8d95269c21a88,NO
001cbbd1.xpr,U+0047,G,16,507,1,50,66,1,51,CLEAN_JPN_PRESERVED,,,,,,71b8c2868b709985a225a96fbfd6eab162e72697bdc2087e537ce3c9f75f1468,NO
001cbbd1.xpr,U+0048,H,17,558,1,53,66,1,53,CLEAN_JPN_PRESERVED,,,,,,bcae4a82a64f0f7de8ac225c82c6608aadee314329e9965379310a65f4757162,NO
001cbbd1.xpr,U+0049,I,18,612,1,23,66,1,23,CLEAN_JPN_PRESERVED,,,,,,7c7e0e841a8300946c7f184ca9cf4deb0bd11848fd527abc151d6fcb4e0a8185,NO
001cbbd1.xpr,U+004B,K,19,636,1,53,66,1,52,CLEAN_JPN_PRESERVED,,,,,,9dcf93358cea5698a84031dcb8da13f11fade7bee4f5d3d6499f9b280545f1fd,NO
001cbbd1.xpr,U+004C,L,20,690,1,45,66,1,44,CLEAN_JPN_PRESERVED,,,,,,1941830280639b77040def8562b8b0273484ecab6b6d3cfb6751e2b661b3384a,NO
001cbbd1.xpr,U+004D,M,21,736,1,58,66,1,58,CLEAN_JPN_PRESERVED,,,,,,398f6c7f34a83445945c3aa6e6724d5a69d7f206a6f47f3f426846497509607b,NO
001cbbd1.xpr,U+004E,N,22,795,1,52,66,1,51,CLEAN_JPN_PRESERVED,,,,,,dd4981b315e099e67e5d6c8fe56f33c3781f294f662abb9eeca98d7597430e63,NO
001cbbd1.xpr,U+004F,O,23,848,1,50,66,1,50,CLEAN_JPN_PRESERVED,,,,,,e9893bdb66d597afa19906163defc4af667d2646f6f9346725f96b64146dcf00,NO
001cbbd1.xpr,U+0050,P,24,899,1,43,66,1,43,CLEAN_JPN_PRESERVED,,,,,,805b29249ce30468f199577fc322c386a8306115fa1c12ec57303e60ebb3229a,NO
001cbbd1.xpr,U+0052,R,25,943,1,50,66,1,49,CLEAN_JPN_PRESERVED,,,,,,e665279cc977a7744085bf2ec3fdc3c06410c4c11d5ae48ac6caae020eb2182b,NO
001cbbd1.xpr,U+0053,S,26,994,1,39,66,1,39,CLEAN_JPN_PRESERVED,,,,,,4cf7b483bd99dfea3f1111ce3bb57fdb497335a2285c472e67751a53db03dc6c,NO
001cbbd1.xpr,U+0054,T,27,1034,1,51,66,1,50,CLEAN_JPN_PRESERVED,,,,,,c58a11fbe88a3b893d8e605bc43d3d79c8350c0bce7c820fe8bb70d0a3e43f03,NO
001cbbd1.xpr,U+0055,U,28,1086,1,53,66,1,52,CLEAN_JPN_PRESERVED,,,,,,098b6505c78de6f25b5d1ed085626d0132b03d9258a5f413c5f6f6d91fca10b4,NO
001cbbd1.xpr,U+0057,W,29,1140,1,62,66,1,61,CLEAN_JPN_PRESERVED,,,,,,b67b590e920410c3b16450bb153c7e0d4b7f48e1ff8cf75a3290d8457c73e7e3,NO
001cbbd1.xpr,U+0060,`,30,1203,1,19,66,1,20,CLEAN_JPN_PRESERVED,,,,,,9cd33d40d647e7c41f7fbb058e53cc64b7056aaf29c0bdc211e096ad29cddaf0,NO
001cbbd1.xpr,U+0061,a,31,1223,1,38,66,-1,38,CLEAN_JPN_PRESERVED,,,,,,73f1cd844e000427f1fe3d28f32c4b763897446cd3b5620d2ad03f86320d3da2,NO
001cbbd1.xpr,U+0062,b,32,1262,1,40,66,-1,39,CLEAN_JPN_PRESERVED,,,,,,517032783fb6322893460d933ae3b29977a433568fcd4ff2caf60109f2cd743d,NO
001cbbd1.xpr,U+0065,e,33,1303,1,34,66,1,34,CLEAN_JPN_PRESERVED,,,,,,dad6a4905331c20829e9fd9056058b0a687b725755debcea376d3f7505240202,NO
001cbbd1.xpr,U+0069,i,34,1338,1,23,66,-1,23,CLEAN_JPN_PRESERVED,,,,,,cf52b8c0e6140e0ec496d93a8369909e27aae5e82ce9c31b19b8e8ff0419524f,NO
001cbbd1.xpr,U+006C,l,35,1362,1,23,66,-1,23,CLEAN_JPN_PRESERVED,,,,,,6dbf9cb06cf3d6c88a184368c2fcfb1e612f11483a42e6b3b9b3a18df18b26dc,NO
001cbbd1.xpr,U+006E,n,36,1386,1,46,66,0,45,CLEAN_JPN_PRESERVED,,,,,,78f7a16483305e4c8ca92f11610ae1e5304dff890a0040a7647f5f2af2411f6c,NO
001cbbd1.xpr,U+006F,o,37,1433,1,36,66,0,36,CLEAN_JPN_PRESERVED,,,,,,ac7c962b95285ec7e3e52027bf22984cb53f69746944fb46bc7ece02596787a7,NO
001cbbd1.xpr,U+0072,r,38,1470,1,30,66,0,29,CLEAN_JPN_PRESERVED,,,,,,6e13169767ea4ab05bbf7817d6fe5c0f726b49f7820c47573e8c123347827a4e,NO
001cbbd1.xpr,U+0074,t,39,1501,1,27,66,0,27,CLEAN_JPN_PRESERVED,,,,,,2e623d080f5cdbbcbbe93168884f13dc5874f9569b1da7ee2f0e931458be2572,NO
001cbbd1.xpr,U+0079,y,40,1529,1,43,66,0,42,CLEAN_JPN_PRESERVED,,,,,,27dcd0759082b7a5b66c1a520a73b91ab44a580d9f035d6497500da4dd55c958,NO
001cbbd1.xpr,U+00AE,®,41,1573,1,1,66,0,66,CLEAN_JPN_PRESERVED,,,,,,efbb03b7a7f6fd3c29391d4d0281e1830a85caadd831c3f04716faca4107a42e,NO
001cbbd1.xpr,U+201C,“,42,1575,1,66,66,36,68,CLEAN_JPN_PRESERVED,,,,,,65390cf70447f25b92500ce0cdb2be9df805adf28bf8aa9eaf4de06b5e90b5c9,NO
001cbbd1.xpr,U+201D,”,43,1642,1,66,66,2,102,CLEAN_JPN_PRESERVED,,,,,,61c2d6ccdd6bf2d4f6d1cefc156dafa99a734f074eef89b326f6c88d11cbcd66,NO
001cbbd1.xpr,U+2026,…,44,1709,1,66,66,5,71,CLEAN_JPN_PRESERVED,,,,,,4648e8caf44eb991492d4b5cc22f6e79dfbccf79d205c970e6a56a38249dac86,NO
001cbbd1.xpr,U+3001,、,45,1776,1,66,66,2,113,CLEAN_JPN_PRESERVED,,,,,,81478a0dfb10b6d566e23aa7fa44a04a9b9dc5f54051ce6b7f0ed1aa4feacc5c,NO
001cbbd1.xpr,U+3002,。,46,1843,1,66,66,2,112,CLEAN_JPN_PRESERVED,,,,,,8760f37f1efe9c0bd19afcb56e8670d0b1238fe3ff38919a12c37c6ead6697eb,NO
001cbbd1.xpr,U+3005,々,47,1910,1,66,66,7,74,CLEAN_JPN_PRESERVED,,,,,,468c26a030d8b77981229c16fd90074828816f1207f7c41218e1d0c8a8edffcf,NO
001cbbd1.xpr,U+300E,『,48,1977,1,66,66,38,69,CLEAN_JPN_PRESERVED,,,,,,601461b4bee039eac56dc6bcbd1617162c503b788e58a11d04d52674d6691bbc,NO
001cbbd1.xpr,U+300F,』,49,1,68,66,66,3,104,CLEAN_JPN_PRESERVED,,,,,,c0157f1c3760e28ad62c3463bd3652729de527ea539647e6dd687d9bd900da81,NO
001cbbd1.xpr,U+3042,あ,50,68,68,66,66,6,73,CLEAN_JPN_PRESERVED,,,,,,1a1eac836d9f11973dc363b97dc39fef04c363e026de4f6257de35ae7c92a6c5,NO
001cbbd1.xpr,U+3044,い,51,135,68,66,66,7,72,CLEAN_JPN_PRESERVED,,,,,,d0fdb708784b2b9d59126e51643289e95c07747385157f5754fbc364f6dc8594,NO
001cbbd1.xpr,U+3046,う,52,202,68,66,66,11,77,CLEAN_JPN_PRESERVED,,,,,,de8e99d4f61321122bc9b2aa494a8f8bda5ac6c45556f7dbd7fb5f50534c3686,NO
001cbbd1.xpr,U+3048,え,53,269,68,66,66,6,71,CLEAN_JPN_PRESERVED,,,,,,9af38880f27438316161c696f6880e7808bbd156ec92c4b75a4169cb643393b0,NO
001cbbd1.xpr,U+304A,お,54,336,68,66,66,4,71,CLEAN_JPN_PRESERVED,,,,,,939352c866cdd2b53564a1a58398ec84e5e4273d66ea0562b744b890abaf9107,NO
001cbbd1.xpr,U+304B,か,55,403,68,66,66,4,70,CLEAN_JPN_PRESERVED,,,,,,8aad48973cc8718c197d64399fc26651e7242489805e60b7b3b57c589391d050,NO
001cbbd1.xpr,U+304C,が,56,470,68,66,66,4,68,CLEAN_JPN_PRESERVED,,,,,,f05d226e52e4131cf227633fe83090449a99ae560bad395dea1a9caa5c28ccde,NO
001cbbd1.xpr,U+304D,き,57,537,68,66,66,5,72,CLEAN_JPN_PRESERVED,,,,,,82c34bdf039b91e2c77e77b5ffac9e1cb538857e8c546bf039bfe6b0a2ee3af9,NO
001cbbd1.xpr,U+304F,く,58,604,68,66,66,12,82,CLEAN_JPN_PRESERVED,,,,,,39ea91446c1656bd2a9308b1ee9ee5656551a581a5498b954bfcea6c0ae5e7e0,NO
001cbbd1.xpr,U+3050,ぐ,59,671,68,66,66,9,68,CLEAN_JPN_PRESERVED,,,,,,6471da779df63390b02c12f1d15388a912f34d14cc628fd48d36dcbc02d45af9,NO
001cbbd1.xpr,U+3051,け,60,738,68,66,66,7,68,CLEAN_JPN_PRESERVED,,,,,,655f3fa60aa442b03585c47ab4d63cba165defa008306e6e1ce8bf8250b5a7ed,NO
001cbbd1.xpr,U+3052,げ,61,805,68,66,66,3,66,CLEAN_JPN_PRESERVED,,,,,,03166f4e0fc678618ad464edd7396fa9c06721b6672f171f188ee64b6f0f391a,NO
001cbbd1.xpr,U+3053,こ,62,872,68,66,66,11,75,CLEAN_JPN_PRESERVED,,,,,,c912b43ed518fbdf6882b12ff79c35bec42bc4be4353ba5e68c62ddf5bce7795,NO
001cbbd1.xpr,U+3054,ご,63,939,68,66,66,10,67,CLEAN_JPN_PRESERVED,,,,,,272870c75852b97b3317f1ac664bdc5a2eeb65ce5cd68646a19574d95f4e9f5b,NO
001cbbd1.xpr,U+3055,さ,64,1006,68,66,66,9,75,CLEAN_JPN_PRESERVED,,,,,,467998442d671a701bd5021eb3b384c5bcd53338d5631311b3ab483b19ca06b5,NO
001cbbd1.xpr,U+3057,し,65,1073,68,66,66,11,75,CLEAN_JPN_PRESERVED,,,,,,a0be5f3b74dba9ec4c4ef41b527fa5fffc2ef91c857875f9f09b07945146bfe6,NO
001cbbd1.xpr,U+3058,じ,66,1140,68,66,66,11,75,CLEAN_JPN_PRESERVED,,,,,,4634dba7d89417048c7cc899797160930cda7c64128e0b4d9968615dcbe57610,NO
001cbbd1.xpr,U+3059,す,67,1207,68,66,66,2,69,CLEAN_JPN_PRESERVED,,,,,,0aff2299fbe8516033001e4d199afe3c1e4202f7ec47b71f586547848750845d,NO
001cbbd1.xpr,U+305A,ず,68,1274,68,66,66,2,67,CLEAN_JPN_PRESERVED,,,,,,854b0923c6a219095516cc6eaa3ee1633fdce0178108d1f2c886663bc5df13ca,NO
001cbbd1.xpr,U+305B,せ,69,1341,68,66,66,2,69,CLEAN_JPN_PRESERVED,,,,,,6932a69733c4b2727e525f259ee1108416bf3a74ad7423748e5d07d78eb82635,NO
001cbbd1.xpr,U+305D,そ,70,1408,68,66,66,3,69,CLEAN_JPN_PRESERVED,,,,,,6cbbd8f19941fae8465173401bdde8d05a605aead76b115ac78bcfc8e7948154,NO
001cbbd1.xpr,U+305E,ぞ,71,1475,68,66,66,3,67,CLEAN_JPN_PRESERVED,,,,,,a6643e723ba2cf6bfd0ba2a5c1cce8c7a1d5c3e933b7177a0b02e26fa3f6e341,NO
001cbbd1.xpr,U+305F,た,72,1542,68,66,66,4,71,CLEAN_JPN_PRESERVED,,,,,,77323d460ba8a5dcb555178facc73f7ab72873990a3a32624ccf1d71cc5d45b4,NO
001cbbd1.xpr,U+3060,だ,73,1609,68,66,66,4,68,CLEAN_JPN_PRESERVED,,,,,,3efd2bf5a3a8758e544b9472b8b22e9f77c5c96017c2fe3c006f64d0d1d82875,NO
001cbbd1.xpr,U+3061,ち,74,1676,68,66,66,7,75,CLEAN_JPN_PRESERVED,,,,,,35e61d1d7c33a99c089f8786ed0756441a8c8304c44a7c6c011e13d6bc55ad20,NO
001cbbd1.xpr,U+3063,っ,75,1743,68,66,66,8,77,CLEAN_JPN_PRESERVED,,,,,,cbbfca616bccb89a81990722963d3b9367a5ef4515c415602884a6a34ac7ba30,NO
001cbbd1.xpr,U+3064,つ,76,1810,68,66,66,4,71,CLEAN_JPN_PRESERVED,,,,,,1d8e0896df31dccf27f5656d714ff157d1ea8269d9dfe3dfdc413e3996686eae,NO
001cbbd1.xpr,U+3066,て,77,1877,68,66,66,3,70,CLEAN_JPN_PRESERVED,,,,,,893171a65338c393f1e448d1982521b6ca2cd88a1abe24774cd9e6c40fd982fb,NO
001cbbd1.xpr,U+3067,で,78,1944,68,66,66,3,70,CLEAN_JPN_PRESERVED,,,,,,65013fe0ef04e5479c3a39c0ba74b03f981dbf8f9e56514949be0e6bed180831,NO
001cbbd1.xpr,U+3068,と,79,1,135,66,66,11,75,CLEAN_JPN_PRESERVED,,,,,,142b8e5dcb633aedb61d3e3a7cbb89b98b4e7e2ff5714d2b6b7152ed2b03ecbb,NO
001cbbd1.xpr,U+3069,ど,80,68,135,66,66,11,68,CLEAN_JPN_PRESERVED,,,,,,07718a4934f210267f94f895a6c12d098f805899e693ba93acd5daf210259269,NO
001cbbd1.xpr,U+306A,な,81,135,135,66,66,4,71,CLEAN_JPN_PRESERVED,,,,,,936112e25d7c6cdb9f0e9cfa3f9f357484c1ac8adfef81eb8a4eafd7e02ba185,NO
001cbbd1.xpr,U+306B,に,82,202,135,66,66,7,73,CLEAN_JPN_PRESERVED,,,,,,36437640b286c1aadeefbc6d3eea0b980e597bda0bfb90598e7fec8914f62a63,NO
001cbbd1.xpr,U+306C,ぬ,83,269,135,66,66,5,69,CLEAN_JPN_PRESERVED,,,,,,451dbd78a1794c5bdc7c56639948d59a4ea8424477a8f8ca75368fc2e7374ab4,NO
001cbbd1.xpr,U+306E,の,84,336,135,66,66,5,71,CLEAN_JPN_PRESERVED,,,,,,6734977a703a21a30a113ba8bd19c86462e405ad43f4372605b386f5987fc2fe,NO
001cbbd1.xpr,U+306F,は,85,403,135,66,66,6,69,CLEAN_JPN_PRESERVED,,,,,,83bd4844dc3ca2be5b758b1b89c996ca5c9a940012cfde9320d08276f2d4e605,NO
001cbbd1.xpr,U+3070,ば,86,470,135,66,66,6,66,CLEAN_JPN_PRESERVED,,,,,,b722def042b826c8a6a7084a954b0a31fee9db5449ae72f0944c8e0518e95ff5,NO
001cbbd1.xpr,U+3072,ひ,87,537,135,66,66,5,69,CLEAN_JPN_PRESERVED,,,,,,0108abd70754adc5264e754bd12b6812f407857931189f911283ab3d12c55137,NO
001cbbd1.xpr,U+3073,び,88,604,135,66,66,5,67,CLEAN_JPN_PRESERVED,,,,,,4267b4b18b949969c56a98fd5a878ceb34a10548ef1e1c1a8af841136d25f80b,NO
001cbbd1.xpr,U+3076,ぶ,89,671,135,66,66,3,69,CLEAN_JPN_PRESERVED,,,,,,1ba22e987ac24a073f303c974f4630beaae205ea8df2d099a7af56f7e307a1af,NO
001cbbd1.xpr,U+307C,ぼ,90,738,135,66,66,4,67,CLEAN_JPN_PRESERVED,,,,,,c08eb00ec9725829b828f814891be8333e7545315b1d518abfe1f5b7b3fd798c,NO
001cbbd1.xpr,U+307E,ま,91,805,135,66,66,7,74,CLEAN_JPN_PRESERVED,,,,,,cc0c3fcce2cf21517a33e52177275688c5214ffceab3c1e5ab90dfe2097aea34,NO
001cbbd1.xpr,U+307F,み,92,872,135,66,66,4,69,CLEAN_JPN_PRESERVED,,,,,,70af9dde2e36c9aa713f1f013df22d46a5701f5e270f324bc18a2c59961130db,NO
001cbbd1.xpr,U+3081,め,93,939,135,66,66,5,70,CLEAN_JPN_PRESERVED,,,,,,3cdd9b1e2959f21e36c71d1fe27e1a8ca4dc1a1a4c4098191daed2604ee2b7b4,NO
001cbbd1.xpr,U+3082,も,94,1006,135,66,66,9,75,CLEAN_JPN_PRESERVED,,,,,,17feb736c1325253fe4bf2bff0a0cc4256885b41766db571aef6fcff19a11577,NO
001cbbd1.xpr,U+3083,ゃ,95,1073,135,66,66,7,75,CLEAN_JPN_PRESERVED,,,,,,c865948dd78482b2a5b1031dbe30ad7e0e94cc03f21ec1ae6c406d508a644372,NO
001cbbd1.xpr,U+3084,や,96,1140,135,66,66,3,70,CLEAN_JPN_PRESERVED,,,,,,d4f86a5fbd05785f379ffb1d04bd994d5261d45afdb09f16474ca1a3840087ab,NO
001cbbd1.xpr,U+3088,よ,97,1207,135,66,66,7,74,CLEAN_JPN_PRESERVED,,,,,,c3ad3d6546f9cfc419fa7c492f095c342c7ba7284885cd8bf1c62d30a2603cb4,NO
001cbbd1.xpr,U+3089,ら,98,1274,135,66,66,11,77,CLEAN_JPN_PRESERVED,,,,,,a8dac5f09f29815377d944914369cf5e44b8e460f94a481269027e5e6a222015,NO
001cbbd1.xpr,U+308A,り,99,1341,135,66,66,12,80,CLEAN_JPN_PRESERVED,,,,,,47e1e635a48aa8820d03ce7c14a8554abad50c5cd15afaff5ab2b8e9514ad17f,NO
001cbbd1.xpr,U+308B,る,100,1408,135,66,66,7,75,CLEAN_JPN_PRESERVED,,,,,,c8440f20b5431eb2c82b57ee246a9d7346feae1fc415ee417ce5f561fe11bfd1,NO
001cbbd1.xpr,U+308C,れ,101,1475,135,66,66,3,69,CLEAN_JPN_PRESERVED,,,,,,ead7464e938613f66b7283fa6eb36ea544fc31190a8ed82c48a56cf9dee77243,NO
001cbbd1.xpr,U+308D,ろ,102,1542,135,66,66,8,76,CLEAN_JPN_PRESERVED,,,,,,f2aa7b457590b62748465b272dcb008bbff2c3dd88db75f9786d5c64e6c25fef,NO
001cbbd1.xpr,U+308F,わ,103,1609,135,66,66,3,71,CLEAN_JPN_PRESERVED,,,,,,feb4bf1089b47d71794da91cc956ad1c7d8a27bcc29d3f7cde6a3db04b039308,NO
001cbbd1.xpr,U+3092,を,104,1676,135,66,66,7,73,CLEAN_JPN_PRESERVED,,,,,,f4f8e68c2a720b57db543aaf81db7fc5513871b6ddd98fbee0d2ee8d49bad1c0,NO
001cbbd1.xpr,U+3093,ん,105,1743,135,66,66,4,70,CLEAN_JPN_PRESERVED,,,,,,798762549e4927bd0be014c724d9a1140e281cefc11295220977c94966106692,NO
001cbbd1.xpr,U+30A3,ィ,106,1810,135,66,66,8,80,CLEAN_JPN_PRESERVED,,,,,,5c3ebddee9cd8ddabb76dd709fbc75649b21af09a2f7d04fce578401cdf9eee9,NO
001cbbd1.xpr,U+30A4,イ,107,1877,135,66,66,5,75,CLEAN_JPN_PRESERVED,,,,,,7c3719ff2c38bacfcab195252d1543caded5d0aac7eae2980cefac0e65aeab6c,NO
001cbbd1.xpr,U+30AD,キ,108,1944,135,66,66,4,70,CLEAN_JPN_PRESERVED,,,,,,48a287d9ab378a5640da970f485d2f61837f15dceee1dd969721db221d1d74a5,NO
001cbbd1.xpr,U+30AF,ク,109,1,202,66,66,6,74,CLEAN_JPN_PRESERVED,,,,,,052b2c79373c4ca592e197e5152114c4f40d3b3f151db1be5a950349b2e76f4a,NO
001cbbd1.xpr,U+30B2,ゲ,110,68,202,66,66,4,66,CLEAN_JPN_PRESERVED,,,,,,70d82872602f101b4961ccf63ee0da9ca73f1796d7aad5fecd977f85df53a776,NO
001cbbd1.xpr,U+30B5,サ,111,135,202,66,66,3,69,CLEAN_JPN_PRESERVED,,,,,,b0739bde0b96f2c65f9a5074ede27bfe6ab7813d2d759f0ff930ec3caee283fc,NO
001cbbd1.xpr,U+30B6,ザ,112,202,202,66,66,2,67,CLEAN_JPN_PRESERVED,,,,,,0c9f9cab0fa028495934fc6751aa50bc7057598bd77a50c8d2c8026004f4e679,NO
001cbbd1.xpr,U+30B7,シ,113,269,202,66,66,7,71,CLEAN_JPN_PRESERVED,,,,,,8607736d5a28ead05abe8bb1801e30c17e76b27ed37e6a23f07619aeb30a5d65,NO
001cbbd1.xpr,U+30B9,ス,114,336,202,66,66,4,73,CLEAN_JPN_PRESERVED,,,,,,f389485dd32e37a76a368752316924b7cb59f646361bdcd626bf8fbdfa89c821,NO
001cbbd1.xpr,U+30BB,セ,115,403,202,66,66,4,70,CLEAN_JPN_PRESERVED,,,,,,f9ac5f6ed3fca90329b7256381e1da3368f4fcc2c0d236d7dc0de53976f70958,NO
001cbbd1.xpr,U+30BF,タ,116,470,202,66,66,7,73,CLEAN_JPN_PRESERVED,,,,,,3466820427d711d968fc9c8a5c969ca1704495f5f9036a13d058a465c4e6131b,NO
001cbbd1.xpr,U+30C0,ダ,117,537,202,66,66,6,66,CLEAN_JPN_PRESERVED,,,,,,7196c6669d3e1fa0fa14d0801837c43460635a645ab3acddf8d9adf42159adeb,NO
001cbbd1.xpr,U+30C3,ッ,118,604,202,66,66,10,78,CLEAN_JPN_PRESERVED,,,,,,11f5fc40129d8675d79ba0b3660e5461fa1fb11f0525ac3ff21dd5d0839d24dd,NO
001cbbd1.xpr,U+30C6,テ,119,671,202,66,66,4,71,CLEAN_JPN_PRESERVED,,,,,,e902fb90fa84d05f57161164c5c6fd196345d40672c3bcfc6f4c6f18c20d8350,NO
001cbbd1.xpr,U+30C7,デ,120,738,202,66,66,3,67,CLEAN_JPN_PRESERVED,,,,,,e0e8f3473e7078395ac9bac19b5df7ec813a4373a8d850580967615cb704fe1b,NO
001cbbd1.xpr,U+30C8,ト,121,805,202,66,66,16,76,CLEAN_JPN_PRESERVED,,,,,,e1d76c53b9ade5d34e91ac5c1478af08c23b17d39100ff95290fb777c9392660,NO
001cbbd1.xpr,U+30CB,ニ,122,872,202,66,66,4,70,CLEAN_JPN_PRESERVED,,,,,,9a272341cf3d435a161980ad06c6d80bbee1d31c4065f78bd05261b596b477a8,NO
001cbbd1.xpr,U+30CF,ハ,123,939,202,66,66,6,72,CLEAN_JPN_PRESERVED,,,,,,e22129f0c3b9569808da5a9bd4ace8515cfd7650ae929cdce87b08a7127bebdf,NO
001cbbd1.xpr,U+30D0,バ,124,1006,202,66,66,6,71,CLEAN_JPN_PRESERVED,,,,,,c4cdaca5169a809701c3e3aad6a054d915acc0f1759b3defccdc787539076cee,NO
001cbbd1.xpr,U+30D1,パ,125,1073,202,66,66,6,71,CLEAN_JPN_PRESERVED,,,,,,c30df1a7bbdb991aba7c11bc7ea6b0e0bc7c27168a06f564cf4704eea5d0f7b6,NO
001cbbd1.xpr,U+30D6,ブ,126,1140,202,66,66,4,66,CLEAN_JPN_PRESERVED,,,,,,2835f379c1e649385aaeacc14a731c650f43dff66b0d62e035db2c19041cb9fb,NO
001cbbd1.xpr,U+30D7,プ,127,1207,202,66,66,4,66,CLEAN_JPN_PRESERVED,,,,,,3c4f34ce258f74777ddd04d82c7dc6806b08afff7b16f9fd81e0995e0523979e,NO
001cbbd1.xpr,U+30DC,ボ,128,1274,202,66,66,4,71,CLEAN_JPN_PRESERVED,,,,,,ee45ff15740fc4c694af08597423edfcd9ddd0f5d2a02a0a2b33aa7695ded5fc,NO
001cbbd1.xpr,U+30E0,ム,129,1341,202,66,66,5,73,CLEAN_JPN_PRESERVED,,,,,,8a63ec88627988f4196ce94d0bcf74935cf393cb0ec023c064d3abc71b38b3ef,NO
001cbbd1.xpr,U+30E1,メ,130,1408,202,66,66,7,76,CLEAN_JPN_PRESERVED,,,,,,eb3ac8994ba9015754360217149c19b95ec7c7a88cc08f85e786fbe0f51bd779,NO
001cbbd1.xpr,U+30E3,ャ,131,1475,202,66,66,9,75,CLEAN_JPN_PRESERVED,,,,,,29e6ec313f98bbd9622d9113579b567df5307930cc25826d21ac6a726a1c7d30,NO
001cbbd1.xpr,U+30E5,ュ,132,1542,202,66,66,9,74,CLEAN_JPN_PRESERVED,,,,,,0901d40ecd55e8920bf845b24cabbe9544c0787cdec2bcdd63b66ee29349773b,NO
001cbbd1.xpr,U+30E9,ラ,133,1609,202,66,66,8,72,CLEAN_JPN_PRESERVED,,,,,,5a8fc3860ead119ddcdae544c654b4eeecb8406c05f6c2e4add715c672bf5796,NO
001cbbd1.xpr,U+30EA,リ,134,1676,202,66,66,10,79,CLEAN_JPN_PRESERVED,,,,,,575b1e2dc562f326db1a44df127af5efbb43254f8766e4187c9b955dd8dcb68d,NO
001cbbd1.xpr,U+30EB,ル,135,1743,202,66,66,4,69,CLEAN_JPN_PRESERVED,,,,,,d450bffa0e588aeac83f182cb905a3309895f5664f9dfafada4f5e3ddd3ef731,NO
001cbbd1.xpr,U+30EC,レ,136,1810,202,66,66,11,71,CLEAN_JPN_PRESERVED,,,,,,e8bcb9da7b119ae70cd2162132c8dee4ec4580407c9b303af7c0e971157ec370,NO
001cbbd1.xpr,U+30F3,ン,137,1877,202,66,66,9,71,CLEAN_JPN_PRESERVED,,,,,,bcab4530f6d9370ccea0e99b2032c382dfd782341c25d45ac2b2b18329d0e558,NO
001cbbd1.xpr,U+30FB,・,138,1944,202,66,66,25,91,CLEAN_JPN_PRESERVED,,,,,,e4967ecd1e8a80775d5fee5b331b6874c11e34c5e9eae4773677b6f0686665e8,NO
001cbbd1.xpr,U+30FC,ー,139,1,269,66,66,5,71,CLEAN_JPN_PRESERVED,,,,,,c7a3d4ebfc6fdefd60c38bb40d030e8b02b6e8d7fff675b20dd774d623964f84,NO
001cbbd1.xpr,U+FF01,！,140,68,269,66,66,26,92,CLEAN_JPN_PRESERVED,,,,,,4341cd552f31557565066bc0e20e78856c9e6d8408c0a04762b49123b2103748,NO
001cbbd1.xpr,U+FF1F,？,141,135,269,66,66,16,82,CLEAN_JPN_PRESERVED,,,,,,5399bb0f7ab4fe432057b1a672f51add05e5e0d72fe4d1f375cd8c724ae2bc8b,NO
001cbbd1.xpr,U+0056,V,142,202,269,33,67,-1,32,Noto Sans SC Bold,C:\Windows\Fonts\Noto Sans SC Bold (TrueType).otf,d1961be1161ea1be08496c920862d06ea5c23a757628f4fd69368de1d9f51bed,0,51,51,d91e06ee8d80f7cf2c42f5caffb25133a74cc96860e0a6dd9a2a0e2f7d8e7834,NO
001cbbd1.xpr,U+0068,h,143,236,269,33,67,0,33,Noto Sans SC Bold,C:\Windows\Fonts\Noto Sans SC Bold (TrueType).otf,d1961be1161ea1be08496c920862d06ea5c23a757628f4fd69368de1d9f51bed,0,51,51,34e4c015fc12a0d9d31605872bf4ea0aba683c41c2aee4663cec26d85f36823d,NO
001cbbd1.xpr,U+0073,s,144,270,269,25,67,0,25,Noto Sans SC Bold,C:\Windows\Fonts\Noto Sans SC Bold (TrueType).otf,d1961be1161ea1be08496c920862d06ea5c23a757628f4fd69368de1d9f51bed,0,51,51,5662d8dbb39ee273c35e4c4986bd58c4a8a9737333eee791de03dda37c101d87,NO
001cbbd1.xpr,U+007A,z,145,296,269,26,67,0,26,Noto Sans SC Bold,C:\Windows\Fonts\Noto Sans SC Bold (TrueType).otf,d1961be1161ea1be08496c920862d06ea5c23a757628f4fd69368de1d9f51bed,0,51,51,6bd49f5c3da1b02bb91785fc9909d1e11aee93d19fa0f20d6a030b39228228c0,NO
001cbbd1.xpr,U+2014,—,146,323,269,46,67,0,46,Noto Sans SC Bold,C:\Windows\Fonts\Noto Sans SC Bold (TrueType).otf,d1961be1161ea1be08496c920862d06ea5c23a757628f4fd69368de1d9f51bed,0,51,51,454187e4ffcd591884f4f93ed129eabf33371f11dbddb381345de9602bdd11c0,NO
001cbbd1.xpr,U+3010,【,147,370,269,51,67,0,51,Noto Sans SC Bold,C:\Windows\Fonts\Noto Sans SC Bold (TrueType).otf,d1961be1161ea1be08496c920862d06ea5c23a757628f4fd69368de1d9f51bed,0,51,51,87f899485e0ae26effb92445619972e5b6e5cc087a6faee692c25af730ec24ab,NO
001cbbd1.xpr,U+3011,】,148,422,269,51,67,0,51,Noto Sans SC Bold,C:\Windows\Fonts\Noto Sans SC Bold (TrueType).otf,d1961be1161ea1be08496c920862d06ea5c23a757628f4fd69368de1d9f51bed,0,51,51,34b146ccbc1efb4c70f6cbbceba9595bec3cb13cd298f73bdebac43a71b91e61,NO
001cbbd1.xpr,U+4E00,一,149,474,269,51,67,0,51,Noto Sans SC Bold,C:\Windows\Fonts\Noto Sans SC Bold (TrueType).otf,d1961be1161ea1be08496c920862d06ea5c23a757628f4fd69368de1d9f51bed,0,51,51,802399ce24eb9531ab9adb58c1bdca61004fd2e8ee1d3e42fdc8677c55186d5c,YES
001cbbd1.xpr,U+4E0A,上,150,526,269,51,67,0,51,Noto Sans SC Bold,C:\Windows\Fonts\Noto Sans SC Bold (TrueType).otf,d1961be1161ea1be08496c920862d06ea5c23a757628f4fd69368de1d9f51bed,0,51,51,ba4c70722f2fa13c8e0690b3af2a441ec82b37ec55385641bd8c35ce3564b965,YES
001cbbd1.xpr,U+4E0B,下,151,578,269,51,67,0,51,Noto Sans SC Bold,C:\Windows\Fonts\Noto Sans SC Bold (TrueType).otf,d1961be1161ea1be08496c920862d06ea5c23a757628f4fd69368de1d9f51bed,0,51,51,4ba335479a58dabb511afce320b192d82d3202ab92dba9f8d66ef8bbde2631fe,YES
001cbbd1.xpr,U+4E0D,不,152,630,269,51,67,0,51,Noto Sans SC Bold,C:\Windows\Fonts\Noto Sans SC Bold (TrueType).otf,d1961be1161ea1be08496c920862d06ea5c23a757628f4fd69368de1d9f51bed,0,51,51,24247c8c47c9d22707da09659f541ffc6c9e6a21c13190740458416a4a9d5578,YES
001cbbd1.xpr,U+4E0E,与,153,682,269,51,67,0,51,Noto Sans SC Bold,C:\Windows\Fonts\Noto Sans SC Bold (TrueType).otf,d1961be1161ea1be08496c920862d06ea5c23a757628f4fd69368de1d9f51bed,0,51,51,364207e94bd4f89cdbc885a87c3761cbf5973a2dd5aed020ddde1423483f0674,YES
001cbbd1.xpr,U+4E16,世,154,734,269,51,67,0,51,Noto Sans SC Bold,C:\Windows\Fonts\Noto Sans SC Bold (TrueType).otf,d1961be1161ea1be08496c920862d06ea5c23a757628f4fd69368de1d9f51bed,0,51,51,b7f16f40f2ab1ddf76b3e95cbf1eae48612a97e12095a10a4de7e796a6e6601e,YES
001cbbd1.xpr,U+4E1C,东,155,786,269,51,67,0,51,Noto Sans SC Bold,C:\Windows\Fonts\Noto Sans SC Bold (TrueType).otf,d1961be1161ea1be08496c920862d06ea5c23a757628f4fd69368de1d9f51bed,0,51,51,825701b0cb4ddc09fcf1fad947e52dfc1bea041f69a811580fcba5f4fd704068,YES
001cbbd1.xpr,U+4E2A,个,156,838,269,51,67,0,51,Noto Sans SC Bold,C:\Windows\Fonts\Noto Sans SC Bold (TrueType).otf,d1961be1161ea1be08496c920862d06ea5c23a757628f4fd69368de1d9f51bed,0,51,51,7868c28b1630dff23d0c02ff32bcc26ccd16229258970d3d29fb313d5035b75f,YES
001cbbd1.xpr,U+4E2D,中,157,890,269,51,67,0,51,Noto Sans SC Bold,C:\Windows\Fonts\Noto Sans SC Bold (TrueType).otf,d1961be1161ea1be08496c920862d06ea5c23a757628f4fd69368de1d9f51bed,0,51,51,eaba1cd63da3d404d8d68a04337f067ba9304e8066f40b2fbde5428185206056,YES
001cbbd1.xpr,U+4E3A,为,158,942,269,51,67,0,51,Noto Sans SC Bold,C:\Windows\Fonts\Noto Sans SC Bold (TrueType).otf,d1961be1161ea1be08496c920862d06ea5c23a757628f4fd69368de1d9f51bed,0,51,51,ec89a42702394da5da8b206d221b081fed492e0262abd8d0fa823ab958a1f4dc,YES
001cbbd1.xpr,U+4E48,么,159,994,269,51,67,0,51,Noto Sans SC Bold,C:\Windows\Fonts\Noto Sans SC Bold (TrueType).otf,d1961be1161ea1be08496c920862d06ea5c23a757628f4fd69368de1d9f51bed,0,51,51,83e9ce6323ec37890859cfbe5e0438ed3b49a02c98af6a2eafda6e0356ec0295,YES
001cbbd1.xpr,U+4E4B,之,160,1046,269,51,67,0,51,Noto Sans SC Bold,C:\Windows\Fonts\Noto Sans SC Bold (TrueType).otf,d1961be1161ea1be08496c920862d06ea5c23a757628f4fd69368de1d9f51bed,0,51,51,4dbb4847f08f57cca896cd7bb78dd8fa2bd9711b849a4f639ba254a0a84a23a8,YES
001cbbd1.xpr,U+4E5F,也,161,1098,269,51,67,0,51,Noto Sans SC Bold,C:\Windows\Fonts\Noto Sans SC Bold (TrueType).otf,d1961be1161ea1be08496c920862d06ea5c23a757628f4fd69368de1d9f51bed,0,51,51,2689e5234c52219c7b31c517c511c34971792fa050c216516029bb1daa61dcc1,YES
001cbbd1.xpr,U+4E86,了,162,1150,269,51,67,0,51,Noto Sans SC Bold,C:\Windows\Fonts\Noto Sans SC Bold (TrueType).otf,d1961be1161ea1be08496c920862d06ea5c23a757628f4fd69368de1d9f51bed,0,51,51,b98f95c3cbbe6b83e02a485f72611e665a467c44316ef21caf8cfd42bfa1b41b,YES
001cbbd1.xpr,U+4E8B,事,163,1202,269,51,67,0,51,Noto Sans SC Bold,C:\Windows\Fonts\Noto Sans SC Bold (TrueType).otf,d1961be1161ea1be08496c920862d06ea5c23a757628f4fd69368de1d9f51bed,0,51,51,6628b32577e23c4d8841bbb11d1baa5596f1d9569686728a710a53e00a3c38a8,YES
001cbbd1.xpr,U+4E8E,于,164,1254,269,51,67,0,51,Noto Sans SC Bold,C:\Windows\Fonts\Noto Sans SC Bold (TrueType).otf,d1961be1161ea1be08496c920862d06ea5c23a757628f4fd69368de1d9f51bed,0,51,51,852d5c31a1a8284a9e7a5a7de6050f291ef9cdb1dcf6ea3012c40d6dd535cbff,YES
001cbbd1.xpr,U+4EA1,亡,165,1306,269,51,67,0,51,Noto Sans SC Bold,C:\Windows\Fonts\Noto Sans SC Bold (TrueType).otf,d1961be1161ea1be08496c920862d06ea5c23a757628f4fd69368de1d9f51bed,0,51,51,26e8c5a65e886f997bada42df881059ea180d2366e814683879e592145e40e23,YES
001cbbd1.xpr,U+4EBA,人,166,1358,269,51,67,0,51,Noto Sans SC Bold,C:\Windows\Fonts\Noto Sans SC Bold (TrueType).otf,d1961be1161ea1be08496c920862d06ea5c23a757628f4fd69368de1d9f51bed,0,51,51,c22bca4b12dd7f00959742a17f461ae58ef6d312693443a77ba72acb23098083,YES
001cbbd1.xpr,U+4EC0,什,167,1410,269,51,67,0,51,Noto Sans SC Bold,C:\Windows\Fonts\Noto Sans SC Bold (TrueType).otf,d1961be1161ea1be08496c920862d06ea5c23a757628f4fd69368de1d9f51bed,0,51,51,25ae13edfa8f946314ad46071f2cf533a22b6626bb4ffdaaa3119c7a7da505f3,YES
001cbbd1.xpr,U+4ECA,今,168,1462,269,51,67,0,51,Noto Sans SC Bold,C:\Windows\Fonts\Noto Sans SC Bold (TrueType).otf,d1961be1161ea1be08496c920862d06ea5c23a757628f4fd69368de1d9f51bed,0,51,51,eb394760ec5aa299f48dd5eda7008d0e76da1950331873941d09478b49f4f877,YES
001cbbd1.xpr,U+4ECE,从,169,1514,269,51,67,0,51,Noto Sans SC Bold,C:\Windows\Fonts\Noto Sans SC Bold (TrueType).otf,d1961be1161ea1be08496c920862d06ea5c23a757628f4fd69368de1d9f51bed,0,51,51,894bdc3bf02d869ca5a61ed4e273c682837e19d5b702f581fc1f4f21cf3e3f74,YES
001cbbd1.xpr,U+4EE3,代,170,1566,269,51,67,0,51,Noto Sans SC Bold,C:\Windows\Fonts\Noto Sans SC Bold (TrueType).otf,d1961be1161ea1be08496c920862d06ea5c23a757628f4fd69368de1d9f51bed,0,51,51,02a594853d20f0aa56e994b94207f76fa3f64d54eaad43278c9f15af52b4a9d4,YES
001cbbd1.xpr,U+4EE5,以,171,1618,269,51,67,0,51,Noto Sans SC Bold,C:\Windows\Fonts\Noto Sans SC Bold (TrueType).otf,d1961be1161ea1be08496c920862d06ea5c23a757628f4fd69368de1d9f51bed,0,51,51,bacd586f7dcf69eeb88cb33e7544b7cd9a29bba5cbf3ecfcfd5464758d7b9797,YES
001cbbd1.xpr,U+4EEC,们,172,1670,269,51,67,0,51,Noto Sans SC Bold,C:\Windows\Fonts\Noto Sans SC Bold (TrueType).otf,d1961be1161ea1be08496c920862d06ea5c23a757628f4fd69368de1d9f51bed,0,51,51,af3566304afed8ae9d639e3cc63cddbe5af27a6288e18ffa4b73812456d4704b,YES
001cbbd1.xpr,U+4EF6,件,173,1722,269,51,67,0,51,Noto Sans SC Bold,C:\Windows\Fonts\Noto Sans SC Bold (TrueType).otf,d1961be1161ea1be08496c920862d06ea5c23a757628f4fd69368de1d9f51bed,0,51,51,74a6fd528d86abe3806a1d7bb10dbc8e8feccfa2d704b4ac645ca1e7e45436b0,YES
001cbbd1.xpr,U+4EFB,任,174,1774,269,51,67,0,51,Noto Sans SC Bold,C:\Windows\Fonts\Noto Sans SC Bold (TrueType).otf,d1961be1161ea1be08496c920862d06ea5c23a757628f4fd69368de1d9f51bed,0,51,51,3aaeb2793387c49b147bd3b1f1a7ea860043a133f0f6681ff17f988b02c81184,YES
001cbbd1.xpr,U+4EFD,份,175,1826,269,51,67,0,51,Noto Sans SC Bold,C:\Windows\Fonts\Noto Sans SC Bold (TrueType).otf,d1961be1161ea1be08496c920862d06ea5c23a757628f4fd69368de1d9f51bed,0,51,51,983b2e9af155cd9e4d3eb2abd81812d8b55c1804d87c8e828b6ff3355abcc20e,YES
001cbbd1.xpr,U+4F1A,会,176,1878,269,51,67,0,51,Noto Sans SC Bold,C:\Windows\Fonts\Noto Sans SC Bold (TrueType).otf,d1961be1161ea1be08496c920862d06ea5c23a757628f4fd69368de1d9f51bed,0,51,51,84f6a1ceb28afd8d028d5809603bc35cc03b845201e8668a9b143fc0b13fe417,YES
001cbbd1.xpr,U+4F1F,伟,177,1930,269,51,67,0,51,Noto Sans SC Bold,C:\Windows\Fonts\Noto Sans SC Bold (TrueType).otf,d1961be1161ea1be08496c920862d06ea5c23a757628f4fd69368de1d9f51bed,0,51,51,7885ef0f4ef82d3654f1e36621518d42bbb4c1216b492e05ccfc61fc3e8ac7be,YES
001cbbd1.xpr,U+4F46,但,178,1982,269,51,67,0,51,Noto Sans SC Bold,C:\Windows\Fonts\Noto Sans SC Bold (TrueType).otf,d1961be1161ea1be08496c920862d06ea5c23a757628f4fd69368de1d9f51bed,0,51,51,9400adc247b5b9f82cba8f80d6b1dad4d57703ada3f51c1ad204071fdbc0ad20,YES
001cbbd1.xpr,U+4F4F,住,179,1,337,51,67,0,51,Noto Sans SC Bold,C:\Windows\Fonts\Noto Sans SC Bold (TrueType).otf,d1961be1161ea1be08496c920862d06ea5c23a757628f4fd69368de1d9f51bed,0,51,51,ae6496e4d518119b5590766c941853943c27735090258aba92bc785b9a3d940e,YES
001cbbd1.xpr,U+4F53,体,180,53,337,51,67,0,51,Noto Sans SC Bold,C:\Windows\Fonts\Noto Sans SC Bold (TrueType).otf,d1961be1161ea1be08496c920862d06ea5c23a757628f4fd69368de1d9f51bed,0,51,51,3ca73106f24055a05ab5da859d940d393d7086b6e340e74ac36d948ba8dcdf1e,YES
001cbbd1.xpr,U+4F60,你,181,105,337,51,67,0,51,Noto Sans SC Bold,C:\Windows\Fonts\Noto Sans SC Bold (TrueType).otf,d1961be1161ea1be08496c920862d06ea5c23a757628f4fd69368de1d9f51bed,0,51,51,dcc983d8eaf643a3a90acfaa67bcdc5de3d19a71399408d3dd82d125cc8aede1,YES
001cbbd1.xpr,U+4F7F,使,182,157,337,51,67,0,51,Noto Sans SC Bold,C:\Windows\Fonts\Noto Sans SC Bold (TrueType).otf,d1961be1161ea1be08496c920862d06ea5c23a757628f4fd69368de1d9f51bed,0,51,51,3303231ebe3867adc4780058250a10d9c41122895d780b65204186328b28fab5,YES
001cbbd1.xpr,U+4FAE,侮,183,209,337,51,67,0,51,Noto Sans SC Bold,C:\Windows\Fonts\Noto Sans SC Bold (TrueType).otf,d1961be1161ea1be08496c920862d06ea5c23a757628f4fd69368de1d9f51bed,0,51,51,668b1b7ab38c67e973be0c6a8d280b5bb280e91265437d699dda3637fff0fafb,YES
001cbbd1.xpr,U+4FDD,保,184,261,337,51,67,0,51,Noto Sans SC Bold,C:\Windows\Fonts\Noto Sans SC Bold (TrueType).otf,d1961be1161ea1be08496c920862d06ea5c23a757628f4fd69368de1d9f51bed,0,51,51,01967deff57c94ef8ac0af9c98c9d0126fbe18e9042b871b47b6fc24ed8f9294,YES
001cbbd1.xpr,U+4FE1,信,185,313,337,51,67,0,51,Noto Sans SC Bold,C:\Windows\Fonts\Noto Sans SC Bold (TrueType).otf,d1961be1161ea1be08496c920862d06ea5c23a757628f4fd69368de1d9f51bed,0,51,51,3a55c84007c639e0e1754a1c6ba6399d4893aa81837d53d6f6957c56d6bffadc,YES
001cbbd1.xpr,U+5019,候,186,365,337,51,67,0,51,Noto Sans SC Bold,C:\Windows\Fonts\Noto Sans SC Bold (TrueType).otf,d1961be1161ea1be08496c920862d06ea5c23a757628f4fd69368de1d9f51bed,0,51,51,88a1c42f5591c9e40be19f1c9bca055532cca6d6ec60e1d395b6498a272205a2,YES
001cbbd1.xpr,U+501F,借,187,417,337,51,67,0,51,Noto Sans SC Bold,C:\Windows\Fonts\Noto Sans SC Bold (TrueType).otf,d1961be1161ea1be08496c920862d06ea5c23a757628f4fd69368de1d9f51bed,0,51,51,3fa1eac9c63479887b36e42b8fbb9d56e0b1a229449ed64aa788cf2a8b40f072,YES
001cbbd1.xpr,U+505A,做,188,469,337,51,67,0,51,Noto Sans SC Bold,C:\Windows\Fonts\Noto Sans SC Bold (TrueType).otf,d1961be1161ea1be08496c920862d06ea5c23a757628f4fd69368de1d9f51bed,0,51,51,f413f60f9bdddd418ee6c06ddfdc83843527623463c3a0ca6c758869dc993718,YES
001cbbd1.xpr,U+50CF,像,189,521,337,51,67,0,51,Noto Sans SC Bold,C:\Windows\Fonts\Noto Sans SC Bold (TrueType).otf,d1961be1161ea1be08496c920862d06ea5c23a757628f4fd69368de1d9f51bed,0,51,51,dbe2fdd9f6161ac74f0f3191d7ba8bcf1c29560f568dd6b2215542420251f3ae,YES
001cbbd1.xpr,U+5148,先,190,573,337,51,67,0,51,Noto Sans SC Bold,C:\Windows\Fonts\Noto Sans SC Bold (TrueType).otf,d1961be1161ea1be08496c920862d06ea5c23a757628f4fd69368de1d9f51bed,0,51,51,a9d10b052c06aea0fbb32c2eab6c436ac7452a8dd11c02ca2fe9c852fbcbd955,YES
001cbbd1.xpr,U+5149,光,191,625,337,51,67,0,51,Noto Sans SC Bold,C:\Windows\Fonts\Noto Sans SC Bold (TrueType).otf,d1961be1161ea1be08496c920862d06ea5c23a757628f4fd69368de1d9f51bed,0,51,51,39807a55566ccab76f796567d3ef1c22a34db44c3b03ffb4f5abe727b701a116,YES
001cbbd1.xpr,U+5165,入,192,677,337,51,67,0,51,Noto Sans SC Bold,C:\Windows\Fonts\Noto Sans SC Bold (TrueType).otf,d1961be1161ea1be08496c920862d06ea5c23a757628f4fd69368de1d9f51bed,0,51,51,946a166a75d93c8fedc786e8fab1c7e25d0b160dd401292e06eadc8733ea6c4a,YES
001cbbd1.xpr,U+5168,全,193,729,337,51,67,0,51,Noto Sans SC Bold,C:\Windows\Fonts\Noto Sans SC Bold (TrueType).otf,d1961be1161ea1be08496c920862d06ea5c23a757628f4fd69368de1d9f51bed,0,51,51,480a4396aa91e496e8ac2bb87ff2ee9e47af66e95aa46ced9f53dc7ae4c8781e,YES
001cbbd1.xpr,U+5173,关,194,781,337,51,67,0,51,Noto Sans SC Bold,C:\Windows\Fonts\Noto Sans SC Bold (TrueType).otf,d1961be1161ea1be08496c920862d06ea5c23a757628f4fd69368de1d9f51bed,0,51,51,217de7a8e8856436959a8e996a43d841694df2ee0a4733f9203a14ef960bdb2e,YES
001cbbd1.xpr,U+5175,兵,195,833,337,51,67,0,51,Noto Sans SC Bold,C:\Windows\Fonts\Noto Sans SC Bold (TrueType).otf,d1961be1161ea1be08496c920862d06ea5c23a757628f4fd69368de1d9f51bed,0,51,51,60fd085427feda0f6b02cae17beb7629b74b25f0a049cea5668b2fc7a1bcd95f,YES
001cbbd1.xpr,U+5177,具,196,885,337,51,67,0,51,Noto Sans SC Bold,C:\Windows\Fonts\Noto Sans SC Bold (TrueType).otf,d1961be1161ea1be08496c920862d06ea5c23a757628f4fd69368de1d9f51bed,0,51,51,4457a9c3b396510bd1786b0e5a819d886ff10180cd5bda5a4405a34a1c39d82a,YES
001cbbd1.xpr,U+51B2,冲,197,937,337,51,67,0,51,Noto Sans SC Bold,C:\Windows\Fonts\Noto Sans SC Bold (TrueType).otf,d1961be1161ea1be08496c920862d06ea5c23a757628f4fd69368de1d9f51bed,0,51,51,9b3532420325bd08e7d13f132f7c2bb2acc086248b2ac07fc0d18bb69dd98a3c,YES
001cbbd1.xpr,U+51C6,准,198,989,337,51,67,0,51,Noto Sans SC Bold,C:\Windows\Fonts\Noto Sans SC Bold (TrueType).otf,d1961be1161ea1be08496c920862d06ea5c23a757628f4fd69368de1d9f51bed,0,51,51,e80f74aacd81a65fe76521ade3490fcfc3538ef475790bfad9af950b7b8d2d72,YES
001cbbd1.xpr,U+51FA,出,199,1041,337,51,67,0,51,Noto Sans SC Bold,C:\Windows\Fonts\Noto Sans SC Bold (TrueType).otf,d1961be1161ea1be08496c920862d06ea5c23a757628f4fd69368de1d9f51bed,0,51,51,8f830c6abff2022efbb3a0a5331b128c33790290f8248ec4c9d8c3efc43eef4c,YES
001cbbd1.xpr,U+5207,切,200,1093,337,51,67,0,51,Noto Sans SC Bold,C:\Windows\Fonts\Noto Sans SC Bold (TrueType).otf,d1961be1161ea1be08496c920862d06ea5c23a757628f4fd69368de1d9f51bed,0,51,51,558359df2f5ddddd0facb5dda9d08dcdebd7c96f76c6059fb30a8c8cb667115b,YES
001cbbd1.xpr,U+521A,刚,201,1145,337,51,67,0,51,Noto Sans SC Bold,C:\Windows\Fonts\Noto Sans SC Bold (TrueType).otf,d1961be1161ea1be08496c920862d06ea5c23a757628f4fd69368de1d9f51bed,0,51,51,4e570de9173b22c692cdd5523dac742a245a7425382a80300eee34d1356cc655,YES
001cbbd1.xpr,U+521B,创,202,1197,337,51,67,0,51,Noto Sans SC Bold,C:\Windows\Fonts\Noto Sans SC Bold (TrueType).otf,d1961be1161ea1be08496c920862d06ea5c23a757628f4fd69368de1d9f51bed,0,51,51,0e682b1edfb25c697f9f87a8af626192caa3d3456837bb7901c42f873a09576f,YES
001cbbd1.xpr,U+521D,初,203,1249,337,51,67,0,51,Noto Sans SC Bold,C:\Windows\Fonts\Noto Sans SC Bold (TrueType).otf,d1961be1161ea1be08496c920862d06ea5c23a757628f4fd69368de1d9f51bed,0,51,51,4c1431c495795ec967db82281e29584dbbc34eba0f675d7a9138d55ab2f71dce,YES
001cbbd1.xpr,U+5229,利,204,1301,337,51,67,0,51,Noto Sans SC Bold,C:\Windows\Fonts\Noto Sans SC Bold (TrueType).otf,d1961be1161ea1be08496c920862d06ea5c23a757628f4fd69368de1d9f51bed,0,51,51,37fa7e36b5f28f02c50529b49d6a9e1b4c059b421e93a6407888fc2c28c17e0a,YES
001cbbd1.xpr,U+522B,别,205,1353,337,51,67,0,51,Noto Sans SC Bold,C:\Windows\Fonts\Noto Sans SC Bold (TrueType).otf,d1961be1161ea1be08496c920862d06ea5c23a757628f4fd69368de1d9f51bed,0,51,51,54e5449d7b63642f1ac74bb386992e6853f5562710ebf39c46f84e10586c6cc3,YES
001cbbd1.xpr,U+5230,到,206,1405,337,51,67,0,51,Noto Sans SC Bold,C:\Windows\Fonts\Noto Sans SC Bold (TrueType).otf,d1961be1161ea1be08496c920862d06ea5c23a757628f4fd69368de1d9f51bed,0,51,51,b8684773fe271ab4963071fe36e229845c6e16f2b52314ca7fb9eb63a44498bd,YES
001cbbd1.xpr,U+524D,前,207,1457,337,51,67,0,51,Noto Sans SC Bold,C:\Windows\Fonts\Noto Sans SC Bold (TrueType).otf,d1961be1161ea1be08496c920862d06ea5c23a757628f4fd69368de1d9f51bed,0,51,51,25e9748867f68e8ab7a7f42d1ca43e622a30957c6bfd7df3b6d52a61927c0f7b,YES
001cbbd1.xpr,U+529B,力,208,1509,337,51,67,0,51,Noto Sans SC Bold,C:\Windows\Fonts\Noto Sans SC Bold (TrueType).otf,d1961be1161ea1be08496c920862d06ea5c23a757628f4fd69368de1d9f51bed,0,51,51,46ba474f28b7351706d59d7638233302f4c6aa6b8ebdd2fa417e064c75d146da,YES
001cbbd1.xpr,U+529F,功,209,1561,337,51,67,0,51,Noto Sans SC Bold,C:\Windows\Fonts\Noto Sans SC Bold (TrueType).otf,d1961be1161ea1be08496c920862d06ea5c23a757628f4fd69368de1d9f51bed,0,51,51,81cdc9325dcf2d1e0fce3f3bb70f4b734bf620b25654f3bc92b8ae37ddb279a5,YES
001cbbd1.xpr,U+52A0,加,210,1613,337,51,67,0,51,Noto Sans SC Bold,C:\Windows\Fonts\Noto Sans SC Bold (TrueType).otf,d1961be1161ea1be08496c920862d06ea5c23a757628f4fd69368de1d9f51bed,0,51,51,5c6c3c7b656368ba7c355fe567148f9284ab49dc9b4e9b1df9e2ae51ff139ba5,YES
001cbbd1.xpr,U+52A1,务,211,1665,337,51,67,0,51,Noto Sans SC Bold,C:\Windows\Fonts\Noto Sans SC Bold (TrueType).otf,d1961be1161ea1be08496c920862d06ea5c23a757628f4fd69368de1d9f51bed,0,51,51,6f232635c26431ca0b772da708d88078dad9e045fea9d4c5c79bbd8dc758162b,YES
001cbbd1.xpr,U+52A8,动,212,1717,337,51,67,0,51,Noto Sans SC Bold,C:\Windows\Fonts\Noto Sans SC Bold (TrueType).otf,d1961be1161ea1be08496c920862d06ea5c23a757628f4fd69368de1d9f51bed,0,51,51,4d91b9bb3d721d11ca4fce7ac0a6dfbeaa6f0a71e848af5d39862354fc65106a,YES
001cbbd1.xpr,U+52BF,势,213,1769,337,51,67,0,51,Noto Sans SC Bold,C:\Windows\Fonts\Noto Sans SC Bold (TrueType).otf,d1961be1161ea1be08496c920862d06ea5c23a757628f4fd69368de1d9f51bed,0,51,51,479ce322e8f54f05139c0023164d05afba86f2649749f5731da211653d8d44bb,YES
001cbbd1.xpr,U+5316,化,214,1821,337,51,67,0,51,Noto Sans SC Bold,C:\Windows\Fonts\Noto Sans SC Bold (TrueType).otf,d1961be1161ea1be08496c920862d06ea5c23a757628f4fd69368de1d9f51bed,0,51,51,e2359c5b0fd5aefa8cefe59c581efc24b131f44175b9cbf2d1b3d2895a8fc0b1,YES
001cbbd1.xpr,U+5317,北,215,1873,337,51,67,0,51,Noto Sans SC Bold,C:\Windows\Fonts\Noto Sans SC Bold (TrueType).otf,d1961be1161ea1be08496c920862d06ea5c23a757628f4fd69368de1d9f51bed,0,51,51,56be372c99af081a09349d66e401b88b62658a19534c1f0f42d3fcc8da72b33d,YES
001cbbd1.xpr,U+533A,区,216,1925,337,51,67,0,51,Noto Sans SC Bold,C:\Windows\Fonts\Noto Sans SC Bold (TrueType).otf,d1961be1161ea1be08496c920862d06ea5c23a757628f4fd69368de1d9f51bed,0,51,51,221aac50a7e691f0cd12c0f2830193ee968d6ffe770e1a001966b9094d590a52,YES
001cbbd1.xpr,U+5341,十,217,1977,337,51,67,0,51,Noto Sans SC Bold,C:\Windows\Fonts\Noto Sans SC Bold (TrueType).otf,d1961be1161ea1be08496c920862d06ea5c23a757628f4fd69368de1d9f51bed,0,51,51,a060d8c0eb060a261a7bb8b3537bd097d649784b382ddb95c29dfadc2e04655d,YES
001cbbd1.xpr,U+5343,千,218,1,405,51,67,0,51,Noto Sans SC Bold,C:\Windows\Fonts\Noto Sans SC Bold (TrueType).otf,d1961be1161ea1be08496c920862d06ea5c23a757628f4fd69368de1d9f51bed,0,51,51,12e7f0bf86daab0731862a8ce21dfd7b61b5dd708d955fed314d9567642e0f9a,YES
001cbbd1.xpr,U+5355,单,219,53,405,51,67,0,51,Noto Sans SC Bold,C:\Windows\Fonts\Noto Sans SC Bold (TrueType).otf,d1961be1161ea1be08496c920862d06ea5c23a757628f4fd69368de1d9f51bed,0,51,51,47e71bbd6f81efd0c185c3ace7c58c920dc8648fad8993af73ae8c1bf99681f9,YES
001cbbd1.xpr,U+5356,卖,220,105,405,51,67,0,51,Noto Sans SC Bold,C:\Windows\Fonts\Noto Sans SC Bold (TrueType).otf,d1961be1161ea1be08496c920862d06ea5c23a757628f4fd69368de1d9f51bed,0,51,51,ef8a70b82b6be90ff068f4ce981b911e54b1119eb12416ae2c46032c7d460eba,YES
001cbbd1.xpr,U+5357,南,221,157,405,51,67,0,51,Noto Sans SC Bold,C:\Windows\Fonts\Noto Sans SC Bold (TrueType).otf,d1961be1161ea1be08496c920862d06ea5c23a757628f4fd69368de1d9f51bed,0,51,51,cdd2a01684d81a246c24f2a019d1668c16b1b1378c8d0188616b653abc177d06,YES
001cbbd1.xpr,U+535A,博,222,209,405,51,67,0,51,Noto Sans SC Bold,C:\Windows\Fonts\Noto Sans SC Bold (TrueType).otf,d1961be1161ea1be08496c920862d06ea5c23a757628f4fd69368de1d9f51bed,0,51,51,e3f6f9621337b78ec87e4c8b91d25cd0de986b4d7be54d467d861c55aba3e436,YES
001cbbd1.xpr,U+5373,即,223,261,405,51,67,0,51,Noto Sans SC Bold,C:\Windows\Fonts\Noto Sans SC Bold (TrueType).otf,d1961be1161ea1be08496c920862d06ea5c23a757628f4fd69368de1d9f51bed,0,51,51,c05267c1f3ce7c52cdbafba16d5886cbdb65abdac4a9edf0e578f535d856c916,YES
001cbbd1.xpr,U+53BB,去,224,313,405,51,67,0,51,Noto Sans SC Bold,C:\Windows\Fonts\Noto Sans SC Bold (TrueType).otf,d1961be1161ea1be08496c920862d06ea5c23a757628f4fd69368de1d9f51bed,0,51,51,ba3840e14fb8626ba4e0c7fb8033992ef8ad95f85ce815d06eb7fccd55f5c6db,YES
001cbbd1.xpr,U+53C8,又,225,365,405,51,67,0,51,Noto Sans SC Bold,C:\Windows\Fonts\Noto Sans SC Bold (TrueType).otf,d1961be1161ea1be08496c920862d06ea5c23a757628f4fd69368de1d9f51bed,0,51,51,9c4a5ace3c2469a220ae0979723450e0172ccaebf38d5d69ab1dbf627b491afa,YES
001cbbd1.xpr,U+53D6,取,226,417,405,51,67,0,51,Noto Sans SC Bold,C:\Windows\Fonts\Noto Sans SC Bold (TrueType).otf,d1961be1161ea1be08496c920862d06ea5c23a757628f4fd69368de1d9f51bed,0,51,51,c681e0bea9346bbe9ada7e1e057a16812cf1f86def723282110fa764383b8d8a,YES
001cbbd1.xpr,U+53D7,受,227,469,405,51,67,0,51,Noto Sans SC Bold,C:\Windows\Fonts\Noto Sans SC Bold (TrueType).otf,d1961be1161ea1be08496c920862d06ea5c23a757628f4fd69368de1d9f51bed,0,51,51,bca34e13ce09a9a0ce9d60100aced5ccc5cfd785296c03bf858ee4a1d1c72d45,YES
001cbbd1.xpr,U+53D8,变,228,521,405,51,67,0,51,Noto Sans SC Bold,C:\Windows\Fonts\Noto Sans SC Bold (TrueType).otf,d1961be1161ea1be08496c920862d06ea5c23a757628f4fd69368de1d9f51bed,0,51,51,799dc9f60ed1cf6490138c358223ddc1d6c44baa3ec8375757f5c25af4e66933,YES
001cbbd1.xpr,U+53EA,只,229,573,405,51,67,0,51,Noto Sans SC Bold,C:\Windows\Fonts\Noto Sans SC Bold (TrueType).otf,d1961be1161ea1be08496c920862d06ea5c23a757628f4fd69368de1d9f51bed,0,51,51,6f59e113f8f9f8d91073bc492f3816b2fe3d02abed8157577abc8fa92ed61110,YES
001cbbd1.xpr,U+53EF,可,230,625,405,51,67,0,51,Noto Sans SC Bold,C:\Windows\Fonts\Noto Sans SC Bold (TrueType).otf,d1961be1161ea1be08496c920862d06ea5c23a757628f4fd69368de1d9f51bed,0,51,51,7c73082e5579912c335f8ba3538c98c197f17e96a667b366ed9554e70cbd5926,YES
001cbbd1.xpr,U+53F7,号,231,677,405,51,67,0,51,Noto Sans SC Bold,C:\Windows\Fonts\Noto Sans SC Bold (TrueType).otf,d1961be1161ea1be08496c920862d06ea5c23a757628f4fd69368de1d9f51bed,0,51,51,c8fea8f7ab042000833716af162644a73594407553b638865d31fbebabe905c7,YES
001cbbd1.xpr,U+53F9,叹,232,729,405,51,67,0,51,Noto Sans SC Bold,C:\Windows\Fonts\Noto Sans SC Bold (TrueType).otf,d1961be1161ea1be08496c920862d06ea5c23a757628f4fd69368de1d9f51bed,0,51,51,3e4bd2e920f8fdf01819bb2de872fd600d5585f277f212abf667ad4b005dbcad,YES
001cbbd1.xpr,U+5403,吃,233,781,405,51,67,0,51,Noto Sans SC Bold,C:\Windows\Fonts\Noto Sans SC Bold (TrueType).otf,d1961be1161ea1be08496c920862d06ea5c23a757628f4fd69368de1d9f51bed,0,51,51,acf7b70344e927f28399f1f08f790fa8e1914f6d6d05ae9f4bef3eb3d86bf840,YES
001cbbd1.xpr,U+540C,同,234,833,405,51,67,0,51,Noto Sans SC Bold,C:\Windows\Fonts\Noto Sans SC Bold (TrueType).otf,d1961be1161ea1be08496c920862d06ea5c23a757628f4fd69368de1d9f51bed,0,51,51,029dd55eefc2e435de7e079d67f57b0d06c474ef5d1f1fa31fa59cf41cd32ca3,YES
001cbbd1.xpr,U+540D,名,235,885,405,51,67,0,51,Noto Sans SC Bold,C:\Windows\Fonts\Noto Sans SC Bold (TrueType).otf,d1961be1161ea1be08496c920862d06ea5c23a757628f4fd69368de1d9f51bed,0,51,51,f81dacfd3d302c8daf721d03de1d0643a7a5cbacf31355b9f4cd5b83e7f60082,YES
001cbbd1.xpr,U+540E,后,236,937,405,51,67,0,51,Noto Sans SC Bold,C:\Windows\Fonts\Noto Sans SC Bold (TrueType).otf,d1961be1161ea1be08496c920862d06ea5c23a757628f4fd69368de1d9f51bed,0,51,51,70121f723f923e52a7ca559f07ea1c62090e2062a2106a56a5fd6e85fb11c6b2,YES
001cbbd1.xpr,U+5411,向,237,989,405,51,67,0,51,Noto Sans SC Bold,C:\Windows\Fonts\Noto Sans SC Bold (TrueType).otf,d1961be1161ea1be08496c920862d06ea5c23a757628f4fd69368de1d9f51bed,0,51,51,d4819db1b2141b7110da084eaa014c8efb073d9301cd7e24a137f35f26355e40,YES
001cbbd1.xpr,U+5417,吗,238,1041,405,51,67,0,51,Noto Sans SC Bold,C:\Windows\Fonts\Noto Sans SC Bold (TrueType).otf,d1961be1161ea1be08496c920862d06ea5c23a757628f4fd69368de1d9f51bed,0,51,51,0644abb5fea21966174e7e9bd913682f820be162b825189cf2fe10ce33afe5f8,YES
001cbbd1.xpr,U+5427,吧,239,1093,405,51,67,0,51,Noto Sans SC Bold,C:\Windows\Fonts\Noto Sans SC Bold (TrueType).otf,d1961be1161ea1be08496c920862d06ea5c23a757628f4fd69368de1d9f51bed,0,51,51,f16748a8afa034fffdc3a9199e5b9f909121c7541f13b141e8a33ac60a11176d,YES
001cbbd1.xpr,U+542C,听,240,1145,405,51,67,0,51,Noto Sans SC Bold,C:\Windows\Fonts\Noto Sans SC Bold (TrueType).otf,d1961be1161ea1be08496c920862d06ea5c23a757628f4fd69368de1d9f51bed,0,51,51,f09172167c3488f8a88cf6db1878bc21f6b6a76c0d7bbefafb496f6a77d0dc81,YES
001cbbd1.xpr,U+544A,告,241,1197,405,51,67,0,51,Noto Sans SC Bold,C:\Windows\Fonts\Noto Sans SC Bold (TrueType).otf,d1961be1161ea1be08496c920862d06ea5c23a757628f4fd69368de1d9f51bed,0,51,51,eb68f920406ea728eeca1c814d35885ff4b7961496b9b8b64e939dd9a77323cb,YES
001cbbd1.xpr,U+5458,员,242,1249,405,51,67,0,51,Noto Sans SC Bold,C:\Windows\Fonts\Noto Sans SC Bold (TrueType).otf,d1961be1161ea1be08496c920862d06ea5c23a757628f4fd69368de1d9f51bed,0,51,51,7d94d1efdc9a098713803290095833127a52d5591c216b4ddd1bd8e979d755e7,YES
001cbbd1.xpr,U+5473,味,243,1301,405,51,67,0,51,Noto Sans SC Bold,C:\Windows\Fonts\Noto Sans SC Bold (TrueType).otf,d1961be1161ea1be08496c920862d06ea5c23a757628f4fd69368de1d9f51bed,0,51,51,aae8595af61d79d62bc0301dc53d816f935d6ad6c18da51293b50bde525a9756,YES
001cbbd1.xpr,U+547D,命,244,1353,405,51,67,0,51,Noto Sans SC Bold,C:\Windows\Fonts\Noto Sans SC Bold (TrueType).otf,d1961be1161ea1be08496c920862d06ea5c23a757628f4fd69368de1d9f51bed,0,51,51,1181fb3dde315b844692aca7f76f4154ac70720dcf5ed9f2f3d615f38b802544,YES
001cbbd1.xpr,U+548C,和,245,1405,405,51,67,0,51,Noto Sans SC Bold,C:\Windows\Fonts\Noto Sans SC Bold (TrueType).otf,d1961be1161ea1be08496c920862d06ea5c23a757628f4fd69368de1d9f51bed,0,51,51,9eec66174c02a3c16b8ce700eced99bf6dac8cd82c7f923aee96e0f5121ccbb8,YES
001cbbd1.xpr,U+54EA,哪,246,1457,405,51,67,0,51,Noto Sans SC Bold,C:\Windows\Fonts\Noto Sans SC Bold (TrueType).otf,d1961be1161ea1be08496c920862d06ea5c23a757628f4fd69368de1d9f51bed,0,51,51,92d3200b5a6e18555698d9423efafd7dc9bed9b9bf9bbdafbf2bc11b9086ca97,YES
001cbbd1.xpr,U+5668,器,247,1509,405,51,67,0,51,Noto Sans SC Bold,C:\Windows\Fonts\Noto Sans SC Bold (TrueType).otf,d1961be1161ea1be08496c920862d06ea5c23a757628f4fd69368de1d9f51bed,0,51,51,3628c93ab082b8c83910e815cb4a4cfa3bba2af62050a455d93d8b7aedb97e7f,YES
001cbbd1.xpr,U+56DE,回,248,1561,405,51,67,0,51,Noto Sans SC Bold,C:\Windows\Fonts\Noto Sans SC Bold (TrueType).otf,d1961be1161ea1be08496c920862d06ea5c23a757628f4fd69368de1d9f51bed,0,51,51,eb663265aa4b9008b30564fdb480377f2baf8868f83b2d58df99e1994227187c,YES
001cbbd1.xpr,U+56E0,因,249,1613,405,51,67,0,51,Noto Sans SC Bold,C:\Windows\Fonts\Noto Sans SC Bold (TrueType).otf,d1961be1161ea1be08496c920862d06ea5c23a757628f4fd69368de1d9f51bed,0,51,51,5f39fb028c6acdffe7cee80b1722ce8a7e0ef4fafa999108ca311b0acd2406fc,YES
001cbbd1.xpr,U+56FD,国,250,1665,405,51,67,0,51,Noto Sans SC Bold,C:\Windows\Fonts\Noto Sans SC Bold (TrueType).otf,d1961be1161ea1be08496c920862d06ea5c23a757628f4fd69368de1d9f51bed,0,51,51,e4300390536ff0abc6a0b3fc75a2e92cb7cec1db7118e68c51eb0ec5309f5eef,YES
001cbbd1.xpr,U+5728,在,251,1717,405,51,67,0,51,Noto Sans SC Bold,C:\Windows\Fonts\Noto Sans SC Bold (TrueType).otf,d1961be1161ea1be08496c920862d06ea5c23a757628f4fd69368de1d9f51bed,0,51,51,bd9390acfb9d4a36af3511436c068ae2ee1028503c6b40ab616cd0861207ee18,YES
001cbbd1.xpr,U+5730,地,252,1769,405,51,67,0,51,Noto Sans SC Bold,C:\Windows\Fonts\Noto Sans SC Bold (TrueType).otf,d1961be1161ea1be08496c920862d06ea5c23a757628f4fd69368de1d9f51bed,0,51,51,732dccb4a8d5ff85c8095d2254ca948377bbf1ed547be08c787291255f930b25,YES
001cbbd1.xpr,U+573A,场,253,1821,405,51,67,0,51,Noto Sans SC Bold,C:\Windows\Fonts\Noto Sans SC Bold (TrueType).otf,d1961be1161ea1be08496c920862d06ea5c23a757628f4fd69368de1d9f51bed,0,51,51,12ac30ba21afb7df702b844bab93a7c60e6fb3b3cde103b169aff82e2e8e1cf6,YES
001cbbd1.xpr,U+57FA,基,254,1873,405,51,67,0,51,Noto Sans SC Bold,C:\Windows\Fonts\Noto Sans SC Bold (TrueType).otf,d1961be1161ea1be08496c920862d06ea5c23a757628f4fd69368de1d9f51bed,0,51,51,c578c7b248b4cfacf2c9ed1be73ee851ab145242d6b9a09fa289d4c6cf317305,YES
001cbbd1.xpr,U+58EB,士,255,1925,405,51,67,0,51,Noto Sans SC Bold,C:\Windows\Fonts\Noto Sans SC Bold (TrueType).otf,d1961be1161ea1be08496c920862d06ea5c23a757628f4fd69368de1d9f51bed,0,51,51,388ad8a191a2af10b643bb7d367e2480913a6f73ab78ba8f3373f5c9f405e563,YES
001cbbd1.xpr,U+58F0,声,256,1977,405,51,67,0,51,Noto Sans SC Bold,C:\Windows\Fonts\Noto Sans SC Bold (TrueType).otf,d1961be1161ea1be08496c920862d06ea5c23a757628f4fd69368de1d9f51bed,0,51,51,8562d9ea72abdc2796cbda8ac44343f6357bfb2d46e3c32798441dce39ce45ab,YES
001cbbd1.xpr,U+5904,处,257,1,473,51,67,0,51,Noto Sans SC Bold,C:\Windows\Fonts\Noto Sans SC Bold (TrueType).otf,d1961be1161ea1be08496c920862d06ea5c23a757628f4fd69368de1d9f51bed,0,51,51,a3caaf157f875a410f670cc94d694e47919cadd6f7580a7cdaa3f8138d1d57d6,YES
001cbbd1.xpr,U+591A,多,258,53,473,51,67,0,51,Noto Sans SC Bold,C:\Windows\Fonts\Noto Sans SC Bold (TrueType).otf,d1961be1161ea1be08496c920862d06ea5c23a757628f4fd69368de1d9f51bed,0,51,51,7734e55eefe2c49ef6cda7cd026e9034915179bcf992a76eed03b693f81600b3,YES
001cbbd1.xpr,U+5927,大,259,105,473,51,67,0,51,Noto Sans SC Bold,C:\Windows\Fonts\Noto Sans SC Bold (TrueType).otf,d1961be1161ea1be08496c920862d06ea5c23a757628f4fd69368de1d9f51bed,0,51,51,3e807112fb5b4115d7dc0ac5218c0d8e86471411f955cc6cc1d1e15d52491480,YES
001cbbd1.xpr,U+5929,天,260,157,473,51,67,0,51,Noto Sans SC Bold,C:\Windows\Fonts\Noto Sans SC Bold (TrueType).otf,d1961be1161ea1be08496c920862d06ea5c23a757628f4fd69368de1d9f51bed,0,51,51,73ea4548d2299d098a7c90b096f08b2e8a5b593147c38cd98dfbcd3581aba5b2,YES
001cbbd1.xpr,U+5973,女,261,209,473,51,67,0,51,Noto Sans SC Bold,C:\Windows\Fonts\Noto Sans SC Bold (TrueType).otf,d1961be1161ea1be08496c920862d06ea5c23a757628f4fd69368de1d9f51bed,0,51,51,8b0fce2e29c2bcfd882295af157741c419debe840a106ba4782f59e9a20bae49,YES
001cbbd1.xpr,U+5979,她,262,261,473,51,67,0,51,Noto Sans SC Bold,C:\Windows\Fonts\Noto Sans SC Bold (TrueType).otf,d1961be1161ea1be08496c920862d06ea5c23a757628f4fd69368de1d9f51bed,0,51,51,18451ba8d09f3fa957f81934a20a45b2d5b00031b2ab18622f81b1c13b722862,YES
001cbbd1.xpr,U+597D,好,263,313,473,51,67,0,51,Noto Sans SC Bold,C:\Windows\Fonts\Noto Sans SC Bold (TrueType).otf,d1961be1161ea1be08496c920862d06ea5c23a757628f4fd69368de1d9f51bed,0,51,51,e63c52e9bb965cfd8befab4bc576d74ba7b7eae1cf8461d0483a6b492becf372,YES
001cbbd1.xpr,U+5982,如,264,365,473,51,67,0,51,Noto Sans SC Bold,C:\Windows\Fonts\Noto Sans SC Bold (TrueType).otf,d1961be1161ea1be08496c920862d06ea5c23a757628f4fd69368de1d9f51bed,0,51,51,c700e7547899dab3b3db5104a86dc1bf1a1c3448db649c4b51e76850c19119ac,YES
001cbbd1.xpr,U+59CB,始,265,417,473,51,67,0,51,Noto Sans SC Bold,C:\Windows\Fonts\Noto Sans SC Bold (TrueType).otf,d1961be1161ea1be08496c920862d06ea5c23a757628f4fd69368de1d9f51bed,0,51,51,1ca3f8ebd8c22647c7d3161dff6c43aa2e54737f135fcd8b42d7e8012e80d1b0,YES
001cbbd1.xpr,U+5A01,威,266,469,473,51,67,0,51,Noto Sans SC Bold,C:\Windows\Fonts\Noto Sans SC Bold (TrueType).otf,d1961be1161ea1be08496c920862d06ea5c23a757628f4fd69368de1d9f51bed,0,51,51,ede834dea581a9b12bb3ebbe51fd06386aa3ec949705ae2e5a449a58ebb16914,YES
001cbbd1.xpr,U+5B50,子,267,521,473,51,67,0,51,Noto Sans SC Bold,C:\Windows\Fonts\Noto Sans SC Bold (TrueType).otf,d1961be1161ea1be08496c920862d06ea5c23a757628f4fd69368de1d9f51bed,0,51,51,f651460127b2aab1511c34417970fcaf0a02caf61b557371a4e78306757d4f92,YES
001cbbd1.xpr,U+5B57,字,268,573,473,51,67,0,51,Noto Sans SC Bold,C:\Windows\Fonts\Noto Sans SC Bold (TrueType).otf,d1961be1161ea1be08496c920862d06ea5c23a757628f4fd69368de1d9f51bed,0,51,51,9ad33d59849e687db018f07236f784580a0130dd8d0516f2617fa83ddc778fc0,YES
001cbbd1.xpr,U+5B58,存,269,625,473,51,67,0,51,Noto Sans SC Bold,C:\Windows\Fonts\Noto Sans SC Bold (TrueType).otf,d1961be1161ea1be08496c920862d06ea5c23a757628f4fd69368de1d9f51bed,0,51,51,6fbc68baa4e28ecec7fc8db16991051c691aa67303e7713c1a50088d4093c988,YES
001cbbd1.xpr,U+5B69,孩,270,677,473,51,67,0,51,Noto Sans SC Bold,C:\Windows\Fonts\Noto Sans SC Bold (TrueType).otf,d1961be1161ea1be08496c920862d06ea5c23a757628f4fd69368de1d9f51bed,0,51,51,74e97aefe5269800193fe4817fb456ddad7563b58d026b2f2f32772e82421fd7,YES
001cbbd1.xpr,U+5B83,它,271,729,473,51,67,0,51,Noto Sans SC Bold,C:\Windows\Fonts\Noto Sans SC Bold (TrueType).otf,d1961be1161ea1be08496c920862d06ea5c23a757628f4fd69368de1d9f51bed,0,51,51,92708b2e05ba345e3817ed752f01a9f1b4ee764062b954c0eeea3278c6b20165,YES
001cbbd1.xpr,U+5B88,守,272,781,473,51,67,0,51,Noto Sans SC Bold,C:\Windows\Fonts\Noto Sans SC Bold (TrueType).otf,d1961be1161ea1be08496c920862d06ea5c23a757628f4fd69368de1d9f51bed,0,51,51,dbce556d4f1e6473c12abe593fc1f2f77dbae8cb622a3f4a7ca529217ec41675,YES
001cbbd1.xpr,U+5B8C,完,273,833,473,51,67,0,51,Noto Sans SC Bold,C:\Windows\Fonts\Noto Sans SC Bold (TrueType).otf,d1961be1161ea1be08496c920862d06ea5c23a757628f4fd69368de1d9f51bed,0,51,51,220338ae2c7d1ae3f9f558da15aba2586408f3549832ca2236cb5daeb71ac5be,YES
001cbbd1.xpr,U+5B9A,定,274,885,473,51,67,0,51,Noto Sans SC Bold,C:\Windows\Fonts\Noto Sans SC Bold (TrueType).otf,d1961be1161ea1be08496c920862d06ea5c23a757628f4fd69368de1d9f51bed,0,51,51,fee9410016755b3be9dae0c3b89c7d6070f951d44d39c07d00b8e34f524f9593,YES
001cbbd1.xpr,U+5B9E,实,275,937,473,51,67,0,51,Noto Sans SC Bold,C:\Windows\Fonts\Noto Sans SC Bold (TrueType).otf,d1961be1161ea1be08496c920862d06ea5c23a757628f4fd69368de1d9f51bed,0,51,51,f05dd9f6a88a52b5d7b1877906c2a546b0a03a2a0029c64dcdc6827c9e20a06c,YES
001cbbd1.xpr,U+5BA2,客,276,989,473,51,67,0,51,Noto Sans SC Bold,C:\Windows\Fonts\Noto Sans SC Bold (TrueType).otf,d1961be1161ea1be08496c920862d06ea5c23a757628f4fd69368de1d9f51bed,0,51,51,f960ff98fa17188eb21dc66713cb312fdb6721598ac81c764acd5cc288b150ad,YES
001cbbd1.xpr,U+5BB6,家,277,1041,473,51,67,0,51,Noto Sans SC Bold,C:\Windows\Fonts\Noto Sans SC Bold (TrueType).otf,d1961be1161ea1be08496c920862d06ea5c23a757628f4fd69368de1d9f51bed,0,51,51,d5ab5c92d75a3fdb55055935b99b8ab03762c69e647c2dafbe8a39d8112d83cc,YES
001cbbd1.xpr,U+5BBF,宿,278,1093,473,51,67,0,51,Noto Sans SC Bold,C:\Windows\Fonts\Noto Sans SC Bold (TrueType).otf,d1961be1161ea1be08496c920862d06ea5c23a757628f4fd69368de1d9f51bed,0,51,51,6759046b37112b19030a120233cbb075cfe7d2864a239b32fab20fbfede6d33d,YES
001cbbd1.xpr,U+5BDF,察,279,1145,473,51,67,0,51,Noto Sans SC Bold,C:\Windows\Fonts\Noto Sans SC Bold (TrueType).otf,d1961be1161ea1be08496c920862d06ea5c23a757628f4fd69368de1d9f51bed,0,51,51,a8cf9c8c7b9d35c5c78c263277437472b593c29473f3825d303ac42abf641e4e,YES
001cbbd1.xpr,U+5BF9,对,280,1197,473,51,67,0,51,Noto Sans SC Bold,C:\Windows\Fonts\Noto Sans SC Bold (TrueType).otf,d1961be1161ea1be08496c920862d06ea5c23a757628f4fd69368de1d9f51bed,0,51,51,1f768d4ee0a98442eb9f780aea40e4c6cc32094085c2b9d19aa1d098cd2a53f1,YES
001cbbd1.xpr,U+5C06,将,281,1249,473,51,67,0,51,Noto Sans SC Bold,C:\Windows\Fonts\Noto Sans SC Bold (TrueType).otf,d1961be1161ea1be08496c920862d06ea5c23a757628f4fd69368de1d9f51bed,0,51,51,99ba165ed7db2471b89f133e474868b365e3021ab82efd47b186e8ca2b8116c6,YES
001cbbd1.xpr,U+5C0F,小,282,1301,473,51,67,0,51,Noto Sans SC Bold,C:\Windows\Fonts\Noto Sans SC Bold (TrueType).otf,d1961be1161ea1be08496c920862d06ea5c23a757628f4fd69368de1d9f51bed,0,51,51,bb295ff62b571014770f6f5ac8ac69bae763d73eaf24f35bfff4a59445b1fc0e,YES
001cbbd1.xpr,U+5C11,少,283,1353,473,51,67,0,51,Noto Sans SC Bold,C:\Windows\Fonts\Noto Sans SC Bold (TrueType).otf,d1961be1161ea1be08496c920862d06ea5c23a757628f4fd69368de1d9f51bed,0,51,51,ee05b7e333abd4685b5b5f609fcdfb2764a94843dd0a9004b17f272f5b6a1b76,YES
001cbbd1.xpr,U+5C1D,尝,284,1405,473,51,67,0,51,Noto Sans SC Bold,C:\Windows\Fonts\Noto Sans SC Bold (TrueType).otf,d1961be1161ea1be08496c920862d06ea5c23a757628f4fd69368de1d9f51bed,0,51,51,f4d036278149a2d256e6124f527f1ce16790daa8267a0641098f771bbf7eddd2,YES
001cbbd1.xpr,U+5C31,就,285,1457,473,51,67,0,51,Noto Sans SC Bold,C:\Windows\Fonts\Noto Sans SC Bold (TrueType).otf,d1961be1161ea1be08496c920862d06ea5c23a757628f4fd69368de1d9f51bed,0,51,51,5a7cb7c3acc96341facfba64cfdb862d8af0468ac513aaad79115779a21c06a3,YES
001cbbd1.xpr,U+5C38,尸,286,1509,473,51,67,0,51,Noto Sans SC Bold,C:\Windows\Fonts\Noto Sans SC Bold (TrueType).otf,d1961be1161ea1be08496c920862d06ea5c23a757628f4fd69368de1d9f51bed,0,51,51,e9aeeefe02bbabbd21b59baf72ae6c725011efd7e0e4632118557e657931379e,YES
001cbbd1.xpr,U+5C40,局,287,1561,473,51,67,0,51,Noto Sans SC Bold,C:\Windows\Fonts\Noto Sans SC Bold (TrueType).otf,d1961be1161ea1be08496c920862d06ea5c23a757628f4fd69368de1d9f51bed,0,51,51,0cdd2c64731ffab6208e87710c66d4b67e87b68685c85708358037698a220798,YES
001cbbd1.xpr,U+5C81,岁,288,1613,473,51,67,0,51,Noto Sans SC Bold,C:\Windows\Fonts\Noto Sans SC Bold (TrueType).otf,d1961be1161ea1be08496c920862d06ea5c23a757628f4fd69368de1d9f51bed,0,51,51,50ce3f87fbbf68b2f22cf06017c498f10abed43da097853e1c1252c2e14a25de,YES
001cbbd1.xpr,U+5DE6,左,289,1665,473,51,67,0,51,Noto Sans SC Bold,C:\Windows\Fonts\Noto Sans SC Bold (TrueType).otf,d1961be1161ea1be08496c920862d06ea5c23a757628f4fd69368de1d9f51bed,0,51,51,c9dc484052486737ed4fdb2bdd7fb5d22cdb322ca10f33ef06bd3b2204edd6bc,YES
001cbbd1.xpr,U+5DF1,己,290,1717,473,51,67,0,51,Noto Sans SC Bold,C:\Windows\Fonts\Noto Sans SC Bold (TrueType).otf,d1961be1161ea1be08496c920862d06ea5c23a757628f4fd69368de1d9f51bed,0,51,51,0ded03dd616cda52f9279af55db6cf1fddfa314a66e7c63e0562e6770cf934a7,YES
001cbbd1.xpr,U+5DF2,已,291,1769,473,51,67,0,51,Noto Sans SC Bold,C:\Windows\Fonts\Noto Sans SC Bold (TrueType).otf,d1961be1161ea1be08496c920862d06ea5c23a757628f4fd69368de1d9f51bed,0,51,51,bda18dd0d184f4ffa4023df5efe03c0e2e382580edb6ef0ceb25ec7b344756cc,YES
001cbbd1.xpr,U+5E03,布,292,1821,473,51,67,0,51,Noto Sans SC Bold,C:\Windows\Fonts\Noto Sans SC Bold (TrueType).otf,d1961be1161ea1be08496c920862d06ea5c23a757628f4fd69368de1d9f51bed,0,51,51,055d1ecb6a2a82075ecb6f06c97344d26bbbbb9aaf86630124dc9f5b25a0dd31,YES
001cbbd1.xpr,U+5E26,带,293,1873,473,51,67,0,51,Noto Sans SC Bold,C:\Windows\Fonts\Noto Sans SC Bold (TrueType).otf,d1961be1161ea1be08496c920862d06ea5c23a757628f4fd69368de1d9f51bed,0,51,51,4538f98e0a784ca0542e8772b0e516dbb2529c802f28f7ce8fa7457499e8e261,YES
001cbbd1.xpr,U+5E38,常,294,1925,473,51,67,0,51,Noto Sans SC Bold,C:\Windows\Fonts\Noto Sans SC Bold (TrueType).otf,d1961be1161ea1be08496c920862d06ea5c23a757628f4fd69368de1d9f51bed,0,51,51,c34591bfc2e1adc979d7e960284fd5a06287931f00ca3b8c22975ad5a5695b75,YES
001cbbd1.xpr,U+5E73,平,295,1977,473,51,67,0,51,Noto Sans SC Bold,C:\Windows\Fonts\Noto Sans SC Bold (TrueType).otf,d1961be1161ea1be08496c920862d06ea5c23a757628f4fd69368de1d9f51bed,0,51,51,b188b6fc92c0dff56051b63fde02a276dc898a81455a113a04f58d62b5365898,YES
001cbbd1.xpr,U+5E74,年,296,1,541,51,67,0,51,Noto Sans SC Bold,C:\Windows\Fonts\Noto Sans SC Bold (TrueType).otf,d1961be1161ea1be08496c920862d06ea5c23a757628f4fd69368de1d9f51bed,0,51,51,7c922a5fd93a9109f9f2579fd543a6e11f46492d4830bc7f395021fc889e892c,YES
001cbbd1.xpr,U+5E76,并,297,53,541,51,67,0,51,Noto Sans SC Bold,C:\Windows\Fonts\Noto Sans SC Bold (TrueType).otf,d1961be1161ea1be08496c920862d06ea5c23a757628f4fd69368de1d9f51bed,0,51,51,66cb689f7b5fe9c191ce714bb7122936a9b84f12d236e1c9916fc35a2056eea5,YES
001cbbd1.xpr,U+5E95,底,298,105,541,51,67,0,51,Noto Sans SC Bold,C:\Windows\Fonts\Noto Sans SC Bold (TrueType).otf,d1961be1161ea1be08496c920862d06ea5c23a757628f4fd69368de1d9f51bed,0,51,51,6a83e8a3cdb1fb4ee84d8ae00040a123cf52d9fc37e97dc1cc923a6db4c73dc1,YES
001cbbd1.xpr,U+5E9C,府,299,157,541,51,67,0,51,Noto Sans SC Bold,C:\Windows\Fonts\Noto Sans SC Bold (TrueType).otf,d1961be1161ea1be08496c920862d06ea5c23a757628f4fd69368de1d9f51bed,0,51,51,e3dc95020e430854b47825b1411f90113b24ba04444cf16f7460610684681a1e,YES
001cbbd1.xpr,U+5EA6,度,300,209,541,51,67,0,51,Noto Sans SC Bold,C:\Windows\Fonts\Noto Sans SC Bold (TrueType).otf,d1961be1161ea1be08496c920862d06ea5c23a757628f4fd69368de1d9f51bed,0,51,51,c0aac94b5efdfc7f1e5eee41576e0188a7ef575b71cc566080555e36b665c6d9,YES
001cbbd1.xpr,U+5EF6,延,301,261,541,51,67,0,51,Noto Sans SC Bold,C:\Windows\Fonts\Noto Sans SC Bold (TrueType).otf,d1961be1161ea1be08496c920862d06ea5c23a757628f4fd69368de1d9f51bed,0,51,51,1761bcac1a641c6e337ea5a72e958da5f42965913ceee12918e7e8621f81a7dc,YES
001cbbd1.xpr,U+5EFA,建,302,313,541,51,67,0,51,Noto Sans SC Bold,C:\Windows\Fonts\Noto Sans SC Bold (TrueType).otf,d1961be1161ea1be08496c920862d06ea5c23a757628f4fd69368de1d9f51bed,0,51,51,9a197746f894546839dd6dc5f66d1d68edca833211781590b5922de11988b20a,YES
001cbbd1.xpr,U+5F00,开,303,365,541,51,67,0,51,Noto Sans SC Bold,C:\Windows\Fonts\Noto Sans SC Bold (TrueType).otf,d1961be1161ea1be08496c920862d06ea5c23a757628f4fd69368de1d9f51bed,0,51,51,6bf30b908f7d01b54099f92cb7833040d2153ee9146275d981d1e49f0a94da8a,YES
001cbbd1.xpr,U+5F02,异,304,417,541,51,67,0,51,Noto Sans SC Bold,C:\Windows\Fonts\Noto Sans SC Bold (TrueType).otf,d1961be1161ea1be08496c920862d06ea5c23a757628f4fd69368de1d9f51bed,0,51,51,82fdd6f658da03d65292c23cd10cbefddb8d71d070c85b29552525e3790909e2,YES
001cbbd1.xpr,U+5F03,弃,305,469,541,51,67,0,51,Noto Sans SC Bold,C:\Windows\Fonts\Noto Sans SC Bold (TrueType).otf,d1961be1161ea1be08496c920862d06ea5c23a757628f4fd69368de1d9f51bed,0,51,51,8ea52be3b1e2ebef01e00bb56bf4d536ff9bbcd68f388edd3bc34583a1c991c7,YES
001cbbd1.xpr,U+5F53,当,306,521,541,51,67,0,51,Noto Sans SC Bold,C:\Windows\Fonts\Noto Sans SC Bold (TrueType).otf,d1961be1161ea1be08496c920862d06ea5c23a757628f4fd69368de1d9f51bed,0,51,51,e59859db43492a51335fbf90970a4a9052dc0bbe9a395167725e650e5e1c9589,YES
001cbbd1.xpr,U+5F55,录,307,573,541,51,67,0,51,Noto Sans SC Bold,C:\Windows\Fonts\Noto Sans SC Bold (TrueType).otf,d1961be1161ea1be08496c920862d06ea5c23a757628f4fd69368de1d9f51bed,0,51,51,6c6bc21fc8337643bc922b4c4edcdbfec0cb596a9537f04029f462e939f89a86,YES
001cbbd1.xpr,U+5F7C,彼,308,625,541,51,67,0,51,Noto Sans SC Bold,C:\Windows\Fonts\Noto Sans SC Bold (TrueType).otf,d1961be1161ea1be08496c920862d06ea5c23a757628f4fd69368de1d9f51bed,0,51,51,de5addf1e2513762174010415494073eaa0df51fbf6ef1e087a53e01c3e33274,YES
001cbbd1.xpr,U+5F80,往,309,677,541,51,67,0,51,Noto Sans SC Bold,C:\Windows\Fonts\Noto Sans SC Bold (TrueType).otf,d1961be1161ea1be08496c920862d06ea5c23a757628f4fd69368de1d9f51bed,0,51,51,8423f964bd956e3a10384f19d5a96673e0d643e42a69bbc4475f494308a8177b,YES
001cbbd1.xpr,U+5F97,得,310,729,541,51,67,0,51,Noto Sans SC Bold,C:\Windows\Fonts\Noto Sans SC Bold (TrueType).otf,d1961be1161ea1be08496c920862d06ea5c23a757628f4fd69368de1d9f51bed,0,51,51,f4df4616945d93f6615c82c23b3ed2a7ee214ebdb0fadb714f88f109e59a40fd,YES
001cbbd1.xpr,U+5FC5,必,311,781,541,51,67,0,51,Noto Sans SC Bold,C:\Windows\Fonts\Noto Sans SC Bold (TrueType).otf,d1961be1161ea1be08496c920862d06ea5c23a757628f4fd69368de1d9f51bed,0,51,51,0e9b959641c7c3c95de16f01066c11c06528e267cd2a52585cef7f3513f674d1,YES
001cbbd1.xpr,U+5FD7,志,312,833,541,51,67,0,51,Noto Sans SC Bold,C:\Windows\Fonts\Noto Sans SC Bold (TrueType).otf,d1961be1161ea1be08496c920862d06ea5c23a757628f4fd69368de1d9f51bed,0,51,51,6cd6e2fa38767c980b696cf60072a8267ef5d8e62d60ae1b88945d4927ec9f22,YES
001cbbd1.xpr,U+5FE0,忠,313,885,541,51,67,0,51,Noto Sans SC Bold,C:\Windows\Fonts\Noto Sans SC Bold (TrueType).otf,d1961be1161ea1be08496c920862d06ea5c23a757628f4fd69368de1d9f51bed,0,51,51,1f55049e739e0c44eb8d83df4dfeca571845f62dab14efe1a43b79ab1cc96f2b,YES
001cbbd1.xpr,U+6001,态,314,937,541,51,67,0,51,Noto Sans SC Bold,C:\Windows\Fonts\Noto Sans SC Bold (TrueType).otf,d1961be1161ea1be08496c920862d06ea5c23a757628f4fd69368de1d9f51bed,0,51,51,081dfbf1a270992e00ed08a021d2472a17f4b19b6688f22a797f54376d5100b9,YES
001cbbd1.xpr,U+600E,怎,315,989,541,51,67,0,51,Noto Sans SC Bold,C:\Windows\Fonts\Noto Sans SC Bold (TrueType).otf,d1961be1161ea1be08496c920862d06ea5c23a757628f4fd69368de1d9f51bed,0,51,51,ccb0546cb80fdb0456243d2f01a9fe2eb68005d925dc11b70903fbdbc348aff0,YES
001cbbd1.xpr,U+601D,思,316,1041,541,51,67,0,51,Noto Sans SC Bold,C:\Windows\Fonts\Noto Sans SC Bold (TrueType).otf,d1961be1161ea1be08496c920862d06ea5c23a757628f4fd69368de1d9f51bed,0,51,51,4d1322da2471a79a3b0e5b72febd79a94c46e5585abe4b462ce6fe24959183da,YES
001cbbd1.xpr,U+602F,怯,317,1093,541,51,67,0,51,Noto Sans SC Bold,C:\Windows\Fonts\Noto Sans SC Bold (TrueType).otf,d1961be1161ea1be08496c920862d06ea5c23a757628f4fd69368de1d9f51bed,0,51,51,5368d1b2dabbf2cb30f7f47ff1a9c874a8975968d7a084c47f1dab1f8d71c2e9,YES
001cbbd1.xpr,U+603B,总,318,1145,541,51,67,0,51,Noto Sans SC Bold,C:\Windows\Fonts\Noto Sans SC Bold (TrueType).otf,d1961be1161ea1be08496c920862d06ea5c23a757628f4fd69368de1d9f51bed,0,51,51,d9adba2b4f29adecf9fe77719931ef636c8f35d2b395a9378da2b4d90951df53,YES
001cbbd1.xpr,U+606F,息,319,1197,541,51,67,0,51,Noto Sans SC Bold,C:\Windows\Fonts\Noto Sans SC Bold (TrueType).otf,d1961be1161ea1be08496c920862d06ea5c23a757628f4fd69368de1d9f51bed,0,51,51,6f167bcdb59d956e2df65adf23ced6412db4324a2cc1cb651159146755bafdfb,YES
001cbbd1.xpr,U+60A0,悠,320,1249,541,51,67,0,51,Noto Sans SC Bold,C:\Windows\Fonts\Noto Sans SC Bold (TrueType).otf,d1961be1161ea1be08496c920862d06ea5c23a757628f4fd69368de1d9f51bed,0,51,51,986f9077b6ca2dac207a7cfb9921123e4b6010d525a6793ca0e0960e54004900,YES
001cbbd1.xpr,U+60C5,情,321,1301,541,51,67,0,51,Noto Sans SC Bold,C:\Windows\Fonts\Noto Sans SC Bold (TrueType).otf,d1961be1161ea1be08496c920862d06ea5c23a757628f4fd69368de1d9f51bed,0,51,51,297bab8f41e4bd536fe5cebc6b760829aacefdc8d40997b740a7d703343ca888,YES
001cbbd1.xpr,U+60F3,想,322,1353,541,51,67,0,51,Noto Sans SC Bold,C:\Windows\Fonts\Noto Sans SC Bold (TrueType).otf,d1961be1161ea1be08496c920862d06ea5c23a757628f4fd69368de1d9f51bed,0,51,51,166a7f42f38d2d1c50e56075e5f5bd3a95b64283f1db0ed63ddd82fef4108bd3,YES
001cbbd1.xpr,U+610F,意,323,1405,541,51,67,0,51,Noto Sans SC Bold,C:\Windows\Fonts\Noto Sans SC Bold (TrueType).otf,d1961be1161ea1be08496c920862d06ea5c23a757628f4fd69368de1d9f51bed,0,51,51,9ea157ba570bd54c53cfbe057455622124d1cf516805c2d7f817bc959b8a9fa7,YES
001cbbd1.xpr,U+611F,感,324,1457,541,51,67,0,51,Noto Sans SC Bold,C:\Windows\Fonts\Noto Sans SC Bold (TrueType).otf,d1961be1161ea1be08496c920862d06ea5c23a757628f4fd69368de1d9f51bed,0,51,51,f1fb068a6f46226cf070a1526906251c8cd52b8d4fcfd9a74e7425694c30274b,YES
001cbbd1.xpr,U+613F,愿,325,1509,541,51,67,0,51,Noto Sans SC Bold,C:\Windows\Fonts\Noto Sans SC Bold (TrueType).otf,d1961be1161ea1be08496c920862d06ea5c23a757628f4fd69368de1d9f51bed,0,51,51,227f2cf79e216c4b676393dec8c8842ec059162cdb666a1644aeb6109b7fe150,YES
001cbbd1.xpr,U+6151,慑,326,1561,541,51,67,0,51,Noto Sans SC Bold,C:\Windows\Fonts\Noto Sans SC Bold (TrueType).otf,d1961be1161ea1be08496c920862d06ea5c23a757628f4fd69368de1d9f51bed,0,51,51,4ea5c6234e3c088627cb1e7e99c824643cf0c3d19cef632536f8b46c199bfcbd,YES
001cbbd1.xpr,U+6162,慢,327,1613,541,51,67,0,51,Noto Sans SC Bold,C:\Windows\Fonts\Noto Sans SC Bold (TrueType).otf,d1961be1161ea1be08496c920862d06ea5c23a757628f4fd69368de1d9f51bed,0,51,51,cc4ea7ead29d13ddd37fc7056f55267c0e51d06a2f6b367516ded788b33fddc0,YES
001cbbd1.xpr,U+620F,戏,328,1665,541,51,67,0,51,Noto Sans SC Bold,C:\Windows\Fonts\Noto Sans SC Bold (TrueType).otf,d1961be1161ea1be08496c920862d06ea5c23a757628f4fd69368de1d9f51bed,0,51,51,d3f573bb205d60185930c991ad4d0b07e26017c331a46dd29360082c21866085,YES
001cbbd1.xpr,U+6210,成,329,1717,541,51,67,0,51,Noto Sans SC Bold,C:\Windows\Fonts\Noto Sans SC Bold (TrueType).otf,d1961be1161ea1be08496c920862d06ea5c23a757628f4fd69368de1d9f51bed,0,51,51,10a4780947b05a318fd8c011de7a8c62f94f1d1920cd76038ac273569857b657,YES
001cbbd1.xpr,U+6211,我,330,1769,541,51,67,0,51,Noto Sans SC Bold,C:\Windows\Fonts\Noto Sans SC Bold (TrueType).otf,d1961be1161ea1be08496c920862d06ea5c23a757628f4fd69368de1d9f51bed,0,51,51,5db849b6d451b987396cad9d02cc2809246f36d2e75b666d16afe6b4182971a8,YES
001cbbd1.xpr,U+6216,或,331,1821,541,51,67,0,51,Noto Sans SC Bold,C:\Windows\Fonts\Noto Sans SC Bold (TrueType).otf,d1961be1161ea1be08496c920862d06ea5c23a757628f4fd69368de1d9f51bed,0,51,51,299086b13f2295cd8a8aa4d7f88fb0f5d69431ec74f03bd8fba3eac04568f694,YES
001cbbd1.xpr,U+6218,战,332,1873,541,51,67,0,51,Noto Sans SC Bold,C:\Windows\Fonts\Noto Sans SC Bold (TrueType).otf,d1961be1161ea1be08496c920862d06ea5c23a757628f4fd69368de1d9f51bed,0,51,51,b217148365e2e741cc2cfe0d8d314ada59986402e5711d17bed664dec7f616c3,YES
001cbbd1.xpr,U+6240,所,333,1925,541,51,67,0,51,Noto Sans SC Bold,C:\Windows\Fonts\Noto Sans SC Bold (TrueType).otf,d1961be1161ea1be08496c920862d06ea5c23a757628f4fd69368de1d9f51bed,0,51,51,4eb00a9810cfbfecb36833a30b10f82800aa4f10b7e6aa80da0ca793ff0210e4,YES
001cbbd1.xpr,U+624D,才,334,1977,541,51,67,0,51,Noto Sans SC Bold,C:\Windows\Fonts\Noto Sans SC Bold (TrueType).otf,d1961be1161ea1be08496c920862d06ea5c23a757628f4fd69368de1d9f51bed,0,51,51,fe7930f01b6999192c18c4b3bf1d63f68c6b2ae7fa8c0ac14183f2d4d20ff42a,YES
001cbbd1.xpr,U+6258,托,335,1,609,51,67,0,51,Noto Sans SC Bold,C:\Windows\Fonts\Noto Sans SC Bold (TrueType).otf,d1961be1161ea1be08496c920862d06ea5c23a757628f4fd69368de1d9f51bed,0,51,51,2a74ce0745116d95c15324bbc5e8d695f7b6acb58e5adae75bd24b6aaced368e,YES
001cbbd1.xpr,U+628A,把,336,53,609,51,67,0,51,Noto Sans SC Bold,C:\Windows\Fonts\Noto Sans SC Bold (TrueType).otf,d1961be1161ea1be08496c920862d06ea5c23a757628f4fd69368de1d9f51bed,0,51,51,733ce72378a2fab981796a7a9937f3d288ed1b7f3cb46a700d1530427554b89a,YES
001cbbd1.xpr,U+629B,抛,337,105,609,51,67,0,51,Noto Sans SC Bold,C:\Windows\Fonts\Noto Sans SC Bold (TrueType).otf,d1961be1161ea1be08496c920862d06ea5c23a757628f4fd69368de1d9f51bed,0,51,51,4f93c8801b8bb64da59ca6dc2c64fbdeef70f19d700ff11ae42e71c9244e866f,YES
001cbbd1.xpr,U+62A4,护,338,157,609,51,67,0,51,Noto Sans SC Bold,C:\Windows\Fonts\Noto Sans SC Bold (TrueType).otf,d1961be1161ea1be08496c920862d06ea5c23a757628f4fd69368de1d9f51bed,0,51,51,60e27ceebccf2ab729f0ad58cfd602a96fc40132b4a80656224f126de8209d67,YES
001cbbd1.xpr,U+62DC,拜,339,209,609,51,67,0,51,Noto Sans SC Bold,C:\Windows\Fonts\Noto Sans SC Bold (TrueType).otf,d1961be1161ea1be08496c920862d06ea5c23a757628f4fd69368de1d9f51bed,0,51,51,d514e915d6e58a4e4545153c194d3422e38774ddf88c627daf233557366e281b,YES
001cbbd1.xpr,U+62E9,择,340,261,609,51,67,0,51,Noto Sans SC Bold,C:\Windows\Fonts\Noto Sans SC Bold (TrueType).otf,d1961be1161ea1be08496c920862d06ea5c23a757628f4fd69368de1d9f51bed,0,51,51,b12da32c7301825cf3a9b61d49d6b48151fd41552c20f5e39bc7145e4c29be25,YES
001cbbd1.xpr,U+62FF,拿,341,313,609,51,67,0,51,Noto Sans SC Bold,C:\Windows\Fonts\Noto Sans SC Bold (TrueType).otf,d1961be1161ea1be08496c920862d06ea5c23a757628f4fd69368de1d9f51bed,0,51,51,4893c6511dd205a4b28f7467c66b33c29c04952f45fc46b175ef185f73a5f2b0,YES
001cbbd1.xpr,U+6302,挂,342,365,609,51,67,0,51,Noto Sans SC Bold,C:\Windows\Fonts\Noto Sans SC Bold (TrueType).otf,d1961be1161ea1be08496c920862d06ea5c23a757628f4fd69368de1d9f51bed,0,51,51,d90b11cfb04b0ec961030ab6ed4e94822d310d65e596019bb5205318b123fbe1,YES
001cbbd1.xpr,U+6362,换,343,417,609,51,67,0,51,Noto Sans SC Bold,C:\Windows\Fonts\Noto Sans SC Bold (TrueType).otf,d1961be1161ea1be08496c920862d06ea5c23a757628f4fd69368de1d9f51bed,0,51,51,b6f3c23aead764ce69256d292608c40451a73933ab88849ec5ce6a5ab779005a,YES
001cbbd1.xpr,U+636E,据,344,469,609,51,67,0,51,Noto Sans SC Bold,C:\Windows\Fonts\Noto Sans SC Bold (TrueType).otf,d1961be1161ea1be08496c920862d06ea5c23a757628f4fd69368de1d9f51bed,0,51,51,495a21fa14842c08b0b7de4a2253e14d44cae9d49e830e4bbbc7fb741b5986a6,YES
001cbbd1.xpr,U+63A5,接,345,521,609,51,67,0,51,Noto Sans SC Bold,C:\Windows\Fonts\Noto Sans SC Bold (TrueType).otf,d1961be1161ea1be08496c920862d06ea5c23a757628f4fd69368de1d9f51bed,0,51,51,c8540dd9fc436b8dbd90b1889beb4b44db722cfac9096d3bce0c8a687004516f,YES
001cbbd1.xpr,U+6446,摆,346,573,609,51,67,0,51,Noto Sans SC Bold,C:\Windows\Fonts\Noto Sans SC Bold (TrueType).otf,d1961be1161ea1be08496c920862d06ea5c23a757628f4fd69368de1d9f51bed,0,51,51,39270139e29038539aab244569e891bede10e5a471573df853fbd11d625690e0,YES
001cbbd1.xpr,U+6447,摇,347,625,609,51,67,0,51,Noto Sans SC Bold,C:\Windows\Fonts\Noto Sans SC Bold (TrueType).otf,d1961be1161ea1be08496c920862d06ea5c23a757628f4fd69368de1d9f51bed,0,51,51,18556733ef6a06f3e73c12e67981386971421b379ac2a0367c38faf72af57981,YES
001cbbd1.xpr,U+6539,改,348,677,609,51,67,0,51,Noto Sans SC Bold,C:\Windows\Fonts\Noto Sans SC Bold (TrueType).otf,d1961be1161ea1be08496c920862d06ea5c23a757628f4fd69368de1d9f51bed,0,51,51,656aeeda00dc0b15c634d433e7b712ec68dd0e733bff708afdabdeb81ed483a7,YES
001cbbd1.xpr,U+653E,放,349,729,609,51,67,0,51,Noto Sans SC Bold,C:\Windows\Fonts\Noto Sans SC Bold (TrueType).otf,d1961be1161ea1be08496c920862d06ea5c23a757628f4fd69368de1d9f51bed,0,51,51,f1ab8e47cc2951a34b725142e69c1bbab0697bdd90dc76fd0a99514ab525fccf,YES
001cbbd1.xpr,U+653F,政,350,781,609,51,67,0,51,Noto Sans SC Bold,C:\Windows\Fonts\Noto Sans SC Bold (TrueType).otf,d1961be1161ea1be08496c920862d06ea5c23a757628f4fd69368de1d9f51bed,0,51,51,ed335c4288d417b11374eb36a344f27a3b76451cd05a0735f41a98fc0aec8e6c,YES
001cbbd1.xpr,U+654C,敌,351,833,609,51,67,0,51,Noto Sans SC Bold,C:\Windows\Fonts\Noto Sans SC Bold (TrueType).otf,d1961be1161ea1be08496c920862d06ea5c23a757628f4fd69368de1d9f51bed,0,51,51,2267ee0ccfeb6b4a701ddfe1478243fa1e0c329b4ad7c8f1f7b9578d5e310a69,YES
001cbbd1.xpr,U+654F,敏,352,885,609,51,67,0,51,Noto Sans SC Bold,C:\Windows\Fonts\Noto Sans SC Bold (TrueType).otf,d1961be1161ea1be08496c920862d06ea5c23a757628f4fd69368de1d9f51bed,0,51,51,7e0d881ed8d76c38788e69a55e9252558adc72e436ac50092277f27e71613aa6,YES
001cbbd1.xpr,U+6570,数,353,937,609,51,67,0,51,Noto Sans SC Bold,C:\Windows\Fonts\Noto Sans SC Bold (TrueType).otf,d1961be1161ea1be08496c920862d06ea5c23a757628f4fd69368de1d9f51bed,0,51,51,900cd5438e4925edfef26a6235b9308b872590e34c6b22e0dc6d5eae2533a28e,YES
001cbbd1.xpr,U+6597,斗,354,989,609,51,67,0,51,Noto Sans SC Bold,C:\Windows\Fonts\Noto Sans SC Bold (TrueType).otf,d1961be1161ea1be08496c920862d06ea5c23a757628f4fd69368de1d9f51bed,0,51,51,41af679ffdccb1ea9f2ca59c53e09dd24ad54669474ac67d6612b9ff62fecb43,YES
001cbbd1.xpr,U+65B0,新,355,1041,609,51,67,0,51,Noto Sans SC Bold,C:\Windows\Fonts\Noto Sans SC Bold (TrueType).otf,d1961be1161ea1be08496c920862d06ea5c23a757628f4fd69368de1d9f51bed,0,51,51,105aab3b19a89a715a9fd2cb2cf1e1e185adcf7102c583d73981ed76316052d8,YES
001cbbd1.xpr,U+65B9,方,356,1093,609,51,67,0,51,Noto Sans SC Bold,C:\Windows\Fonts\Noto Sans SC Bold (TrueType).otf,d1961be1161ea1be08496c920862d06ea5c23a757628f4fd69368de1d9f51bed,0,51,51,111a243df1eab25d3c35f309b32d9cdbb24dbf0bcf19be7af34a00ae26672a7e,YES
001cbbd1.xpr,U+65E0,无,357,1145,609,51,67,0,51,Noto Sans SC Bold,C:\Windows\Fonts\Noto Sans SC Bold (TrueType).otf,d1961be1161ea1be08496c920862d06ea5c23a757628f4fd69368de1d9f51bed,0,51,51,f6e37c157bb510468cc35eaf6156e36a2a07a53d46d91e09b8e85d9554b61ac3,YES
001cbbd1.xpr,U+65E6,旦,358,1197,609,51,67,0,51,Noto Sans SC Bold,C:\Windows\Fonts\Noto Sans SC Bold (TrueType).otf,d1961be1161ea1be08496c920862d06ea5c23a757628f4fd69368de1d9f51bed,0,51,51,4f726d918c0a0d8fae6553fda54e8f62c0484f75940a940ba761ae87a814c4fc,YES
001cbbd1.xpr,U+65E9,早,359,1249,609,51,67,0,51,Noto Sans SC Bold,C:\Windows\Fonts\Noto Sans SC Bold (TrueType).otf,d1961be1161ea1be08496c920862d06ea5c23a757628f4fd69368de1d9f51bed,0,51,51,2dcbdbf516ee5fa7ab7538edfed379f538a75442456521e3d6931fca955dc642,YES
001cbbd1.xpr,U+65F6,时,360,1301,609,51,67,0,51,Noto Sans SC Bold,C:\Windows\Fonts\Noto Sans SC Bold (TrueType).otf,d1961be1161ea1be08496c920862d06ea5c23a757628f4fd69368de1d9f51bed,0,51,51,420149e342412350a6e4981fa890e52ed4324ac726ae60aee32ad2814b9d1a7c,YES
001cbbd1.xpr,U+660E,明,361,1353,609,51,67,0,51,Noto Sans SC Bold,C:\Windows\Fonts\Noto Sans SC Bold (TrueType).otf,d1961be1161ea1be08496c920862d06ea5c23a757628f4fd69368de1d9f51bed,0,51,51,ea3f9a942f6f5f59105a2b6cc0e34dba0a0d8e6c4c4b58f270d7d6dd1d87c60a,YES
001cbbd1.xpr,U+662F,是,362,1405,609,51,67,0,51,Noto Sans SC Bold,C:\Windows\Fonts\Noto Sans SC Bold (TrueType).otf,d1961be1161ea1be08496c920862d06ea5c23a757628f4fd69368de1d9f51bed,0,51,51,aaed23c2de8c3647488b5ae19fc52d3f3a86dd6fb55c0b86cd964ee41b6be09a,YES
001cbbd1.xpr,U+663E,显,363,1457,609,51,67,0,51,Noto Sans SC Bold,C:\Windows\Fonts\Noto Sans SC Bold (TrueType).otf,d1961be1161ea1be08496c920862d06ea5c23a757628f4fd69368de1d9f51bed,0,51,51,a465618fb11bda6008382d151d6fc16735a353b1645ce3bcdf86772135cd517f,YES
001cbbd1.xpr,U+666E,普,364,1509,609,51,67,0,51,Noto Sans SC Bold,C:\Windows\Fonts\Noto Sans SC Bold (TrueType).otf,d1961be1161ea1be08496c920862d06ea5c23a757628f4fd69368de1d9f51bed,0,51,51,d7d79cff0d2bbe73a53f9b6542990fa78e6b79853834e904868efdb0e44e3d9c,YES
001cbbd1.xpr,U+6682,暂,365,1561,609,51,67,0,51,Noto Sans SC Bold,C:\Windows\Fonts\Noto Sans SC Bold (TrueType).otf,d1961be1161ea1be08496c920862d06ea5c23a757628f4fd69368de1d9f51bed,0,51,51,7fba9c0b6091372026a37fe22173f6b9dcd2168a965f1b44bba5ca20036bf357,YES
001cbbd1.xpr,U+66B4,暴,366,1613,609,51,67,0,51,Noto Sans SC Bold,C:\Windows\Fonts\Noto Sans SC Bold (TrueType).otf,d1961be1161ea1be08496c920862d06ea5c23a757628f4fd69368de1d9f51bed,0,51,51,ce5b502f49870e251cb83091bffcd8c043daeb5de4bff6776628079a5654cf50,YES
001cbbd1.xpr,U+6700,最,367,1665,609,51,67,0,51,Noto Sans SC Bold,C:\Windows\Fonts\Noto Sans SC Bold (TrueType).otf,d1961be1161ea1be08496c920862d06ea5c23a757628f4fd69368de1d9f51bed,0,51,51,bf8f31242785b8ceec27302464ca00638fe8d6e410a7dc905144852cd1402dfc,YES
001cbbd1.xpr,U+6709,有,368,1717,609,51,67,0,51,Noto Sans SC Bold,C:\Windows\Fonts\Noto Sans SC Bold (TrueType).otf,d1961be1161ea1be08496c920862d06ea5c23a757628f4fd69368de1d9f51bed,0,51,51,62ba378bdb715d5aaee87f29cdac28d1421885b88e165436b1e899b7d45a4b37,YES
001cbbd1.xpr,U+670D,服,369,1769,609,51,67,0,51,Noto Sans SC Bold,C:\Windows\Fonts\Noto Sans SC Bold (TrueType).otf,d1961be1161ea1be08496c920862d06ea5c23a757628f4fd69368de1d9f51bed,0,51,51,09cbcb33d0895b0e9bfe38ccb8aebd8cc1f03b6851fbf7b535fcefafe132a596,YES
001cbbd1.xpr,U+671B,望,370,1821,609,51,67,0,51,Noto Sans SC Bold,C:\Windows\Fonts\Noto Sans SC Bold (TrueType).otf,d1961be1161ea1be08496c920862d06ea5c23a757628f4fd69368de1d9f51bed,0,51,51,3beb0652cd7f6d09f92f3b72b925a336f8b99ebaf4224ea48d7770b10b737aa9,YES
001cbbd1.xpr,U+672A,未,371,1873,609,51,67,0,51,Noto Sans SC Bold,C:\Windows\Fonts\Noto Sans SC Bold (TrueType).otf,d1961be1161ea1be08496c920862d06ea5c23a757628f4fd69368de1d9f51bed,0,51,51,b9547ba1ba016012e610633dc322fe63240c3365a3a3146057bf0b8d77335d8a,YES
001cbbd1.xpr,U+672C,本,372,1925,609,51,67,0,51,Noto Sans SC Bold,C:\Windows\Fonts\Noto Sans SC Bold (TrueType).otf,d1961be1161ea1be08496c920862d06ea5c23a757628f4fd69368de1d9f51bed,0,51,51,0e0b11eead6c462c81616e5743bb05c12ee02b73c4c0353eaa50c5f034f1d35d,YES
001cbbd1.xpr,U+673A,机,373,1977,609,51,67,0,51,Noto Sans SC Bold,C:\Windows\Fonts\Noto Sans SC Bold (TrueType).otf,d1961be1161ea1be08496c920862d06ea5c23a757628f4fd69368de1d9f51bed,0,51,51,b74e4bbaf9cf3d76e57f7fef218709008c934aa2166bdea1886c275e46c62508,YES
001cbbd1.xpr,U+6740,杀,374,1,677,51,67,0,51,Noto Sans SC Bold,C:\Windows\Fonts\Noto Sans SC Bold (TrueType).otf,d1961be1161ea1be08496c920862d06ea5c23a757628f4fd69368de1d9f51bed,0,51,51,49cff9bd3846feed12c002a616fa2c0197ba885efbacccc6021b87f017149a1f,YES
001cbbd1.xpr,U+6743,权,375,53,677,51,67,0,51,Noto Sans SC Bold,C:\Windows\Fonts\Noto Sans SC Bold (TrueType).otf,d1961be1161ea1be08496c920862d06ea5c23a757628f4fd69368de1d9f51bed,0,51,51,c3eb4ab4d5b9e5b4bc03e04f970035a20aba2bcc5ba70930c72b31f3c2e1859d,YES
001cbbd1.xpr,U+6746,杆,376,105,677,51,67,0,51,Noto Sans SC Bold,C:\Windows\Fonts\Noto Sans SC Bold (TrueType).otf,d1961be1161ea1be08496c920862d06ea5c23a757628f4fd69368de1d9f51bed,0,51,51,f3d54149e4398a8123a6010859d9aa0025cbf918299a1360449283423ce295f1,YES
001cbbd1.xpr,U+675F,束,377,157,677,51,67,0,51,Noto Sans SC Bold,C:\Windows\Fonts\Noto Sans SC Bold (TrueType).otf,d1961be1161ea1be08496c920862d06ea5c23a757628f4fd69368de1d9f51bed,0,51,51,bfcca1d11fda3c92664491684a110a0f8764261a812d8ac397978e4df8680302,YES
001cbbd1.xpr,U+6765,来,378,209,677,51,67,0,51,Noto Sans SC Bold,C:\Windows\Fonts\Noto Sans SC Bold (TrueType).otf,d1961be1161ea1be08496c920862d06ea5c23a757628f4fd69368de1d9f51bed,0,51,51,d044fd6fb1ea1db4d2a40ff6d355666cd0e923d90fd2bf3fbdef2bb9c41b69c6,YES
001cbbd1.xpr,U+6784,构,379,261,677,51,67,0,51,Noto Sans SC Bold,C:\Windows\Fonts\Noto Sans SC Bold (TrueType).otf,d1961be1161ea1be08496c920862d06ea5c23a757628f4fd69368de1d9f51bed,0,51,51,8caf64c29fd0b76012095d521de318707e069a125213b2d444ec69d255ca9204,YES
001cbbd1.xpr,U+6797,林,380,313,677,51,67,0,51,Noto Sans SC Bold,C:\Windows\Fonts\Noto Sans SC Bold (TrueType).otf,d1961be1161ea1be08496c920862d06ea5c23a757628f4fd69368de1d9f51bed,0,51,51,5d7762c3c07f08ca9ab7d4b3fb3f59842dc12570dea1742319ef661bd9d9a323,YES
001cbbd1.xpr,U+679C,果,381,365,677,51,67,0,51,Noto Sans SC Bold,C:\Windows\Fonts\Noto Sans SC Bold (TrueType).otf,d1961be1161ea1be08496c920862d06ea5c23a757628f4fd69368de1d9f51bed,0,51,51,173251ff37a07953e39506db5b8e133603c42aea81a917ef88c4c01b4d928e2a,YES
001cbbd1.xpr,U+67AA,枪,382,417,677,51,67,0,51,Noto Sans SC Bold,C:\Windows\Fonts\Noto Sans SC Bold (TrueType).otf,d1961be1161ea1be08496c920862d06ea5c23a757628f4fd69368de1d9f51bed,0,51,51,afa8ae9018857d9d58f5f1fff2adc986d6f60f23732f0894471f41cd7dfe8efb,YES
001cbbd1.xpr,U+6807,标,383,469,677,51,67,0,51,Noto Sans SC Bold,C:\Windows\Fonts\Noto Sans SC Bold (TrueType).otf,d1961be1161ea1be08496c920862d06ea5c23a757628f4fd69368de1d9f51bed,0,51,51,6284ffbd1e2ab0f467b4854abbe50c245e97008bd3d02d7338e968e57d1fce8e,YES
001cbbd1.xpr,U+6837,样,384,521,677,51,67,0,51,Noto Sans SC Bold,C:\Windows\Fonts\Noto Sans SC Bold (TrueType).otf,d1961be1161ea1be08496c920862d06ea5c23a757628f4fd69368de1d9f51bed,0,51,51,7ce23fef32f7103465eb526e5f1ea74383bddc5e3591d25920a6da310f3e67b3,YES
001cbbd1.xpr,U+6848,案,385,573,677,51,67,0,51,Noto Sans SC Bold,C:\Windows\Fonts\Noto Sans SC Bold (TrueType).otf,d1961be1161ea1be08496c920862d06ea5c23a757628f4fd69368de1d9f51bed,0,51,51,6ff8a82c8d28e756050b70ef7cd9409bfa84e22526ee3cd660a84898a4d5bb65,YES
001cbbd1.xpr,U+6863,档,386,625,677,51,67,0,51,Noto Sans SC Bold,C:\Windows\Fonts\Noto Sans SC Bold (TrueType).otf,d1961be1161ea1be08496c920862d06ea5c23a757628f4fd69368de1d9f51bed,0,51,51,4306e960fffc01bb1eaa41adfdca7dc7dfce0e7565617b84836ceb00e01c8639,YES
001cbbd1.xpr,U+68EE,森,387,677,677,51,67,0,51,Noto Sans SC Bold,C:\Windows\Fonts\Noto Sans SC Bold (TrueType).otf,d1961be1161ea1be08496c920862d06ea5c23a757628f4fd69368de1d9f51bed,0,51,51,5fb03c04fa17759c4e167bfa1ab4222d997babe7e595cf103e37d075f61696dc,YES
001cbbd1.xpr,U+6B21,次,388,729,677,51,67,0,51,Noto Sans SC Bold,C:\Windows\Fonts\Noto Sans SC Bold (TrueType).otf,d1961be1161ea1be08496c920862d06ea5c23a757628f4fd69368de1d9f51bed,0,51,51,7756b7f032d11020cfba053e09cdcef9720635987e71d15b0fa5a7538c132f8d,YES
001cbbd1.xpr,U+6B63,正,389,781,677,51,67,0,51,Noto Sans SC Bold,C:\Windows\Fonts\Noto Sans SC Bold (TrueType).otf,d1961be1161ea1be08496c920862d06ea5c23a757628f4fd69368de1d9f51bed,0,51,51,751ddf75c6c367d8416d0020440d7cbec6f3b65806247e3ffa793976f32b2452,YES
001cbbd1.xpr,U+6B64,此,390,833,677,51,67,0,51,Noto Sans SC Bold,C:\Windows\Fonts\Noto Sans SC Bold (TrueType).otf,d1961be1161ea1be08496c920862d06ea5c23a757628f4fd69368de1d9f51bed,0,51,51,b766663c808ee06540851ab425247577074d47495f6ae4370724168ca2381651,YES
001cbbd1.xpr,U+6B7B,死,391,885,677,51,67,0,51,Noto Sans SC Bold,C:\Windows\Fonts\Noto Sans SC Bold (TrueType).otf,d1961be1161ea1be08496c920862d06ea5c23a757628f4fd69368de1d9f51bed,0,51,51,d61230e5b1ddd33bc3ffaaab5d123c893fdc82d44abbdd26fdeb07f06923ce67,YES
001cbbd1.xpr,U+6BCF,每,392,937,677,51,67,0,51,Noto Sans SC Bold,C:\Windows\Fonts\Noto Sans SC Bold (TrueType).otf,d1961be1161ea1be08496c920862d06ea5c23a757628f4fd69368de1d9f51bed,0,51,51,2162dc4148923904f0a1473a871877724ce154fc853200bc56601742f231be4a,YES
001cbbd1.xpr,U+6C14,气,393,989,677,51,67,0,51,Noto Sans SC Bold,C:\Windows\Fonts\Noto Sans SC Bold (TrueType).otf,d1961be1161ea1be08496c920862d06ea5c23a757628f4fd69368de1d9f51bed,0,51,51,36f8aebfdfc574c2393e9dfc0645c197a9b0842a4900535158b80dd57c7b8ab5,YES
001cbbd1.xpr,U+6C38,永,394,1041,677,51,67,0,51,Noto Sans SC Bold,C:\Windows\Fonts\Noto Sans SC Bold (TrueType).otf,d1961be1161ea1be08496c920862d06ea5c23a757628f4fd69368de1d9f51bed,0,51,51,5fe4aac5a63024a6a3cecabb51da76e6e99ea33389fe73346c44f41a0a95feed,YES
001cbbd1.xpr,U+6CA1,没,395,1093,677,51,67,0,51,Noto Sans SC Bold,C:\Windows\Fonts\Noto Sans SC Bold (TrueType).otf,d1961be1161ea1be08496c920862d06ea5c23a757628f4fd69368de1d9f51bed,0,51,51,4009fc2994d8f9200cabb4f1eebb4b935fad5337c45f553f07578b887ae5379b,YES
001cbbd1.xpr,U+6CD5,法,396,1145,677,51,67,0,51,Noto Sans SC Bold,C:\Windows\Fonts\Noto Sans SC Bold (TrueType).otf,d1961be1161ea1be08496c920862d06ea5c23a757628f4fd69368de1d9f51bed,0,51,51,e63d39fa3b448b1377914654fdbb109ca268bc308de48e5b2e498a4af4a1bacb,YES
001cbbd1.xpr,U+6D32,洲,397,1197,677,51,67,0,51,Noto Sans SC Bold,C:\Windows\Fonts\Noto Sans SC Bold (TrueType).otf,d1961be1161ea1be08496c920862d06ea5c23a757628f4fd69368de1d9f51bed,0,51,51,3bbf9bc311a012a4effbbb31e35469f535f64e867783ae9c24c83e081997a873,YES
001cbbd1.xpr,U+6D3B,活,398,1249,677,51,67,0,51,Noto Sans SC Bold,C:\Windows\Fonts\Noto Sans SC Bold (TrueType).otf,d1961be1161ea1be08496c920862d06ea5c23a757628f4fd69368de1d9f51bed,0,51,51,db7975eeb3d4764ff9088f302c3ce58f340dea3e92e9d6e83d529f59be5777f2,YES
001cbbd1.xpr,U+6D88,消,399,1301,677,51,67,0,51,Noto Sans SC Bold,C:\Windows\Fonts\Noto Sans SC Bold (TrueType).otf,d1961be1161ea1be08496c920862d06ea5c23a757628f4fd69368de1d9f51bed,0,51,51,50f9c90567ed5cdd9af0604a9b4ff742f62c3bd9575259d1bc467307ad4ba03d,YES
001cbbd1.xpr,U+6E05,清,400,1353,677,51,67,0,51,Noto Sans SC Bold,C:\Windows\Fonts\Noto Sans SC Bold (TrueType).otf,d1961be1161ea1be08496c920862d06ea5c23a757628f4fd69368de1d9f51bed,0,51,51,4cf30933250c7cc3cd55d411db7faef0c914cb084a62d784fc801d2afc5090c1,YES
001cbbd1.xpr,U+6E38,游,401,1405,677,51,67,0,51,Noto Sans SC Bold,C:\Windows\Fonts\Noto Sans SC Bold (TrueType).otf,d1961be1161ea1be08496c920862d06ea5c23a757628f4fd69368de1d9f51bed,0,51,51,cd657636ed15674884f41a0cdf212cc83b6d192548c03fea33868594fa7f8e13,YES
001cbbd1.xpr,U+6ED1,滑,402,1457,677,51,67,0,51,Noto Sans SC Bold,C:\Windows\Fonts\Noto Sans SC Bold (TrueType).otf,d1961be1161ea1be08496c920862d06ea5c23a757628f4fd69368de1d9f51bed,0,51,51,a9e2cdb3b8892af49e03930a297f55494b0310082f1d95500bc30c106b2714b7,YES
001cbbd1.xpr,U+7075,灵,403,1509,677,51,67,0,51,Noto Sans SC Bold,C:\Windows\Fonts\Noto Sans SC Bold (TrueType).otf,d1961be1161ea1be08496c920862d06ea5c23a757628f4fd69368de1d9f51bed,0,51,51,006aefc15136f87db7a3025abd096d5e721e9f94a21cdaeff8586255edc3a355,YES
001cbbd1.xpr,U+7167,照,404,1561,677,51,67,0,51,Noto Sans SC Bold,C:\Windows\Fonts\Noto Sans SC Bold (TrueType).otf,d1961be1161ea1be08496c920862d06ea5c23a757628f4fd69368de1d9f51bed,0,51,51,497aae141949ccfee12ce20417ffb8c53830a0be350cbf2c4498f5ca20595e1b,YES
001cbbd1.xpr,U+7231,爱,405,1613,677,51,67,0,51,Noto Sans SC Bold,C:\Windows\Fonts\Noto Sans SC Bold (TrueType).otf,d1961be1161ea1be08496c920862d06ea5c23a757628f4fd69368de1d9f51bed,0,51,51,f6797ad5aace8245564d16ea3676c485b2790f7bd0ff7e5ebda3f644c8b54b9b,YES
001cbbd1.xpr,U+7269,物,406,1665,677,51,67,0,51,Noto Sans SC Bold,C:\Windows\Fonts\Noto Sans SC Bold (TrueType).otf,d1961be1161ea1be08496c920862d06ea5c23a757628f4fd69368de1d9f51bed,0,51,51,b4a2f373aa5f333e6a83913c83efc7518bf31d055feced4815fa2e6d70264f55,YES
001cbbd1.xpr,U+72AF,犯,407,1717,677,51,67,0,51,Noto Sans SC Bold,C:\Windows\Fonts\Noto Sans SC Bold (TrueType).otf,d1961be1161ea1be08496c920862d06ea5c23a757628f4fd69368de1d9f51bed,0,51,51,3c8e43ff3cefb55e7be662bf408b4aeba033c8e87ff197ff5aadcd9fc93681d2,YES
001cbbd1.xpr,U+72B6,状,408,1769,677,51,67,0,51,Noto Sans SC Bold,C:\Windows\Fonts\Noto Sans SC Bold (TrueType).otf,d1961be1161ea1be08496c920862d06ea5c23a757628f4fd69368de1d9f51bed,0,51,51,e81b506f8affe6bed873caa3c38154fcb5112c89270dd3a56fa7c8f244cb9a28,YES
001cbbd1.xpr,U+72EC,独,409,1821,677,51,67,0,51,Noto Sans SC Bold,C:\Windows\Fonts\Noto Sans SC Bold (TrueType).otf,d1961be1161ea1be08496c920862d06ea5c23a757628f4fd69368de1d9f51bed,0,51,51,a2b04994bc09ba5e836ba2cf1c39525d72cf64279ca0995679c24834cab20aa9,YES
001cbbd1.xpr,U+72F1,狱,410,1873,677,51,67,0,51,Noto Sans SC Bold,C:\Windows\Fonts\Noto Sans SC Bold (TrueType).otf,d1961be1161ea1be08496c920862d06ea5c23a757628f4fd69368de1d9f51bed,0,51,51,2b930d86adab1db038d9722d16a3737fd5d8b80c64d559e596a488807a6b64a8,YES
001cbbd1.xpr,U+730E,猎,411,1925,677,51,67,0,51,Noto Sans SC Bold,C:\Windows\Fonts\Noto Sans SC Bold (TrueType).otf,d1961be1161ea1be08496c920862d06ea5c23a757628f4fd69368de1d9f51bed,0,51,51,6c437c1ebfc0c4671ef20f379d8b1ba9e24f13113d4447b52698dce1721b5a8c,YES
001cbbd1.xpr,U+73A9,玩,412,1977,677,51,67,0,51,Noto Sans SC Bold,C:\Windows\Fonts\Noto Sans SC Bold (TrueType).otf,d1961be1161ea1be08496c920862d06ea5c23a757628f4fd69368de1d9f51bed,0,51,51,b97a65c3daddb989d7ec7c5db9bb759767ab0d4ddd9a425da22c8eca7390fc77,YES
001cbbd1.xpr,U+73B0,现,413,1,745,51,67,0,51,Noto Sans SC Bold,C:\Windows\Fonts\Noto Sans SC Bold (TrueType).otf,d1961be1161ea1be08496c920862d06ea5c23a757628f4fd69368de1d9f51bed,0,51,51,3e84626adc6d22add8facaf1011658dd845f85ff9a3fc522173d02fef2341fbe,YES
001cbbd1.xpr,U+7406,理,414,53,745,51,67,0,51,Noto Sans SC Bold,C:\Windows\Fonts\Noto Sans SC Bold (TrueType).otf,d1961be1161ea1be08496c920862d06ea5c23a757628f4fd69368de1d9f51bed,0,51,51,01d0fc504b20d9b04c94c02332b206d0f4f0e993da2b1bad6fe7edca27f59ef8,YES
001cbbd1.xpr,U+751F,生,415,105,745,51,67,0,51,Noto Sans SC Bold,C:\Windows\Fonts\Noto Sans SC Bold (TrueType).otf,d1961be1161ea1be08496c920862d06ea5c23a757628f4fd69368de1d9f51bed,0,51,51,154f2fbdec473c0673740fe938477238fd953eb8b6026ac620b1b5414ce0e632,YES
001cbbd1.xpr,U+7528,用,416,157,745,51,67,0,51,Noto Sans SC Bold,C:\Windows\Fonts\Noto Sans SC Bold (TrueType).otf,d1961be1161ea1be08496c920862d06ea5c23a757628f4fd69368de1d9f51bed,0,51,51,d4b1e9ddcb2ef96e912d36e3a1f0a84d538349e5d3b3d8e70347be2cccb1cde4,YES
001cbbd1.xpr,U+7531,由,417,209,745,51,67,0,51,Noto Sans SC Bold,C:\Windows\Fonts\Noto Sans SC Bold (TrueType).otf,d1961be1161ea1be08496c920862d06ea5c23a757628f4fd69368de1d9f51bed,0,51,51,31511324ca5b315ad3327778a4826ec1932dc78d5660c5ad7018c8e3eba4a4fd,YES
001cbbd1.xpr,U+753B,画,418,261,745,51,67,0,51,Noto Sans SC Bold,C:\Windows\Fonts\Noto Sans SC Bold (TrueType).otf,d1961be1161ea1be08496c920862d06ea5c23a757628f4fd69368de1d9f51bed,0,51,51,24d8788bfb6000b40704fecb3d95d04e02bffadf0115e51f30b41f54f87fa112,YES
001cbbd1.xpr,U+754C,界,419,313,745,51,67,0,51,Noto Sans SC Bold,C:\Windows\Fonts\Noto Sans SC Bold (TrueType).otf,d1961be1161ea1be08496c920862d06ea5c23a757628f4fd69368de1d9f51bed,0,51,51,8ad8005bedd132df4d2c04a55d0e09deb5eee6385889cb152dc6bd936e83efcd,YES
001cbbd1.xpr,U+767B,登,420,365,745,51,67,0,51,Noto Sans SC Bold,C:\Windows\Fonts\Noto Sans SC Bold (TrueType).otf,d1961be1161ea1be08496c920862d06ea5c23a757628f4fd69368de1d9f51bed,0,51,51,529b8062cb58896a8c460b7f193653b7fd4ad976b396d338b572e38f8754acb4,YES
001cbbd1.xpr,U+7684,的,421,417,745,51,67,0,51,Noto Sans SC Bold,C:\Windows\Fonts\Noto Sans SC Bold (TrueType).otf,d1961be1161ea1be08496c920862d06ea5c23a757628f4fd69368de1d9f51bed,0,51,51,7d9a9f236d2a97aeed3a2abb228198fc1fb91dfbb5c65d2393ab09b19b13563b,YES
001cbbd1.xpr,U+76EE,目,422,469,745,51,67,0,51,Noto Sans SC Bold,C:\Windows\Fonts\Noto Sans SC Bold (TrueType).otf,d1961be1161ea1be08496c920862d06ea5c23a757628f4fd69368de1d9f51bed,0,51,51,2d9ab5db1c2bef49b292283e6c49b96a9aec631fd83d840939fbb42c331603a2,YES
001cbbd1.xpr,U+76F4,直,423,521,745,51,67,0,51,Noto Sans SC Bold,C:\Windows\Fonts\Noto Sans SC Bold (TrueType).otf,d1961be1161ea1be08496c920862d06ea5c23a757628f4fd69368de1d9f51bed,0,51,51,9fda16cef1cdf1301a4f8275f42285b09ff3557071a8019f24c331a9dc6a01a2,YES
001cbbd1.xpr,U+76F8,相,424,573,745,51,67,0,51,Noto Sans SC Bold,C:\Windows\Fonts\Noto Sans SC Bold (TrueType).otf,d1961be1161ea1be08496c920862d06ea5c23a757628f4fd69368de1d9f51bed,0,51,51,b40e268708736711f3b79225ad5a742f2723b7de4c8a0ae5f1c55428ee81bdd3,YES
001cbbd1.xpr,U+771F,真,425,625,745,51,67,0,51,Noto Sans SC Bold,C:\Windows\Fonts\Noto Sans SC Bold (TrueType).otf,d1961be1161ea1be08496c920862d06ea5c23a757628f4fd69368de1d9f51bed,0,51,51,2d253a647e6d2c7ed7a1795812cb42ce32fb336343bf3d5664584a30e980f06e,YES
001cbbd1.xpr,U+7740,着,426,677,745,51,67,0,51,Noto Sans SC Bold,C:\Windows\Fonts\Noto Sans SC Bold (TrueType).otf,d1961be1161ea1be08496c920862d06ea5c23a757628f4fd69368de1d9f51bed,0,51,51,30c2686a4ea758d27f888e8cceea01e28797e47d3c0eef06f2a0b858f263e52d,YES
001cbbd1.xpr,U+77E5,知,427,729,745,51,67,0,51,Noto Sans SC Bold,C:\Windows\Fonts\Noto Sans SC Bold (TrueType).otf,d1961be1161ea1be08496c920862d06ea5c23a757628f4fd69368de1d9f51bed,0,51,51,627a9c8df1c39af8ce38ca3da3a9bfda2ab362de5b1084149651ac9a922c0dad,YES
001cbbd1.xpr,U+7814,研,428,781,745,51,67,0,51,Noto Sans SC Bold,C:\Windows\Fonts\Noto Sans SC Bold (TrueType).otf,d1961be1161ea1be08496c920862d06ea5c23a757628f4fd69368de1d9f51bed,0,51,51,a19040cec12ae27759396c14c48acf4783cc92596aa45f8d972a57115b61238d,YES
001cbbd1.xpr,U+786E,确,429,833,745,51,67,0,51,Noto Sans SC Bold,C:\Windows\Fonts\Noto Sans SC Bold (TrueType).otf,d1961be1161ea1be08496c920862d06ea5c23a757628f4fd69368de1d9f51bed,0,51,51,ac2c86893aa74b12ff7637e4ec3a47a8a8990be0fec8c9fec99576aeaff83112,YES
001cbbd1.xpr,U+793A,示,430,885,745,51,67,0,51,Noto Sans SC Bold,C:\Windows\Fonts\Noto Sans SC Bold (TrueType).otf,d1961be1161ea1be08496c920862d06ea5c23a757628f4fd69368de1d9f51bed,0,51,51,8384ca9b339cc9b72c04ca5c58aef69096c66df4d3b905587d74da288c607fc9,YES
001cbbd1.xpr,U+7956,祖,431,937,745,51,67,0,51,Noto Sans SC Bold,C:\Windows\Fonts\Noto Sans SC Bold (TrueType).otf,d1961be1161ea1be08496c920862d06ea5c23a757628f4fd69368de1d9f51bed,0,51,51,64b634d914b785081defd28813edf237771287fc27926adfa34102c15aae91a9,YES
001cbbd1.xpr,U+79CD,种,432,989,745,51,67,0,51,Noto Sans SC Bold,C:\Windows\Fonts\Noto Sans SC Bold (TrueType).otf,d1961be1161ea1be08496c920862d06ea5c23a757628f4fd69368de1d9f51bed,0,51,51,049d745e2eda7ab19e1071a65644539e325f98b8c9be0298c8ffde360185d6c7,YES
001cbbd1.xpr,U+79F0,称,433,1041,745,51,67,0,51,Noto Sans SC Bold,C:\Windows\Fonts\Noto Sans SC Bold (TrueType).otf,d1961be1161ea1be08496c920862d06ea5c23a757628f4fd69368de1d9f51bed,0,51,51,7710817ad233c81859855f4fc29347759b68b6ee429a94ccdd36c226528f4f53,YES
001cbbd1.xpr,U+7A76,究,434,1093,745,51,67,0,51,Noto Sans SC Bold,C:\Windows\Fonts\Noto Sans SC Bold (TrueType).otf,d1961be1161ea1be08496c920862d06ea5c23a757628f4fd69368de1d9f51bed,0,51,51,23829f894bf1ba47c2dff2027d2fe2f815fde988ed1ae0c723b5e23180dbf4b7,YES
001cbbd1.xpr,U+7A7A,空,435,1145,745,51,67,0,51,Noto Sans SC Bold,C:\Windows\Fonts\Noto Sans SC Bold (TrueType).otf,d1961be1161ea1be08496c920862d06ea5c23a757628f4fd69368de1d9f51bed,0,51,51,8749abd0c8b264c405e05ad9159b358aeee45d03b75dd6139cb818d364a05e92,YES
001cbbd1.xpr,U+7A81,突,436,1197,745,51,67,0,51,Noto Sans SC Bold,C:\Windows\Fonts\Noto Sans SC Bold (TrueType).otf,d1961be1161ea1be08496c920862d06ea5c23a757628f4fd69368de1d9f51bed,0,51,51,88bc69cd446e7be58860fd5e034dd832ebbc6ec8683798f3df09ea22b2b46ba7,YES
001cbbd1.xpr,U+7B54,答,437,1249,745,51,67,0,51,Noto Sans SC Bold,C:\Windows\Fonts\Noto Sans SC Bold (TrueType).otf,d1961be1161ea1be08496c920862d06ea5c23a757628f4fd69368de1d9f51bed,0,51,51,07bfa4d3fbc0d07490346a3ba88e56380a4ed90365f400567ee712eb58c037c5,YES
001cbbd1.xpr,U+7B97,算,438,1301,745,51,67,0,51,Noto Sans SC Bold,C:\Windows\Fonts\Noto Sans SC Bold (TrueType).otf,d1961be1161ea1be08496c920862d06ea5c23a757628f4fd69368de1d9f51bed,0,51,51,a33fe67272b0da0dbb62009666c78823bcb229a2efd683d5ccefe4bf40414763,YES
001cbbd1.xpr,U+7BA1,管,439,1353,745,51,67,0,51,Noto Sans SC Bold,C:\Windows\Fonts\Noto Sans SC Bold (TrueType).otf,d1961be1161ea1be08496c920862d06ea5c23a757628f4fd69368de1d9f51bed,0,51,51,5e60921a6266c33e80f6790d2c83213a8577c3f1e1eb3a8022c5c27a2824d852,YES
001cbbd1.xpr,U+7C7B,类,440,1405,745,51,67,0,51,Noto Sans SC Bold,C:\Windows\Fonts\Noto Sans SC Bold (TrueType).otf,d1961be1161ea1be08496c920862d06ea5c23a757628f4fd69368de1d9f51bed,0,51,51,c1194aec9549a99e459a5a5bd76cf0589dc14f8c9e322e9e7d55db1894068b59,YES
001cbbd1.xpr,U+7CFB,系,441,1457,745,51,67,0,51,Noto Sans SC Bold,C:\Windows\Fonts\Noto Sans SC Bold (TrueType).otf,d1961be1161ea1be08496c920862d06ea5c23a757628f4fd69368de1d9f51bed,0,51,51,641fbb9339a7f78f4c057cd142917e457a88c55ee4117b934206c3b973378317,YES
001cbbd1.xpr,U+7EC8,终,442,1509,745,51,67,0,51,Noto Sans SC Bold,C:\Windows\Fonts\Noto Sans SC Bold (TrueType).otf,d1961be1161ea1be08496c920862d06ea5c23a757628f4fd69368de1d9f51bed,0,51,51,67669f24c3a3ab25966c0ebc1f8f2b07e4b129b04b91c2767a0d7e2c45dbe3db,YES
001cbbd1.xpr,U+7ECF,经,443,1561,745,51,67,0,51,Noto Sans SC Bold,C:\Windows\Fonts\Noto Sans SC Bold (TrueType).otf,d1961be1161ea1be08496c920862d06ea5c23a757628f4fd69368de1d9f51bed,0,51,51,688c8dce608a6922c3e50fefc78fd50b9999d4a98cf68599ea80c079d8aafb49,YES
001cbbd1.xpr,U+7ED3,结,444,1613,745,51,67,0,51,Noto Sans SC Bold,C:\Windows\Fonts\Noto Sans SC Bold (TrueType).otf,d1961be1161ea1be08496c920862d06ea5c23a757628f4fd69368de1d9f51bed,0,51,51,e4a65470fa39be330e653f26ad83d1acf0329b3cb3aedf0327a0cb75e6ab3f89,YES
001cbbd1.xpr,U+7ED9,给,445,1665,745,51,67,0,51,Noto Sans SC Bold,C:\Windows\Fonts\Noto Sans SC Bold (TrueType).otf,d1961be1161ea1be08496c920862d06ea5c23a757628f4fd69368de1d9f51bed,0,51,51,cb6cbe2a429915199be4d6a04c6b73e8951fbbe1921e0a61ea43173c7a4df121,YES
001cbbd1.xpr,U+7EDF,统,446,1717,745,51,67,0,51,Noto Sans SC Bold,C:\Windows\Fonts\Noto Sans SC Bold (TrueType).otf,d1961be1161ea1be08496c920862d06ea5c23a757628f4fd69368de1d9f51bed,0,51,51,c488eef7658de895cba1f793684999e642c68324bd325044d9b8ca7cb13201e9,YES
001cbbd1.xpr,U+7EE7,继,447,1769,745,51,67,0,51,Noto Sans SC Bold,C:\Windows\Fonts\Noto Sans SC Bold (TrueType).otf,d1961be1161ea1be08496c920862d06ea5c23a757628f4fd69368de1d9f51bed,0,51,51,df55ea9cc7f937a8d0db49e32e890ca52448b3b511919cd5657047dfb364f807,YES
001cbbd1.xpr,U+7EED,续,448,1821,745,51,67,0,51,Noto Sans SC Bold,C:\Windows\Fonts\Noto Sans SC Bold (TrueType).otf,d1961be1161ea1be08496c920862d06ea5c23a757628f4fd69368de1d9f51bed,0,51,51,650edaa47cac17aa8c71ee022425f0470c14953e4f13bcd542eee4b7e3f7a78a,YES
001cbbd1.xpr,U+7F16,编,449,1873,745,51,67,0,51,Noto Sans SC Bold,C:\Windows\Fonts\Noto Sans SC Bold (TrueType).otf,d1961be1161ea1be08496c920862d06ea5c23a757628f4fd69368de1d9f51bed,0,51,51,94739cf626ea6e044ddc9a5a05222fd2827fb8294a63941cb4d09bb10592b664,YES
001cbbd1.xpr,U+7F29,缩,450,1925,745,51,67,0,51,Noto Sans SC Bold,C:\Windows\Fonts\Noto Sans SC Bold (TrueType).otf,d1961be1161ea1be08496c920862d06ea5c23a757628f4fd69368de1d9f51bed,0,51,51,57dd9f01cf01e57cdf8e4f5203b98a24395a7ca39e8bb434280cc64fa33e18bf,YES
001cbbd1.xpr,U+7F8E,美,451,1977,745,51,67,0,51,Noto Sans SC Bold,C:\Windows\Fonts\Noto Sans SC Bold (TrueType).otf,d1961be1161ea1be08496c920862d06ea5c23a757628f4fd69368de1d9f51bed,0,51,51,4522925d7ea9c1d6fcbc0540dec533bbb2a4752105f3a74f6ac205234abbd2f3,YES
001cbbd1.xpr,U+7FA4,群,452,1,813,51,67,0,51,Noto Sans SC Bold,C:\Windows\Fonts\Noto Sans SC Bold (TrueType).otf,d1961be1161ea1be08496c920862d06ea5c23a757628f4fd69368de1d9f51bed,0,51,51,6a9c5c72420c6f67f2a65f6a6e3c68206014fd98d2d622006dbe2b5d552addfd,YES
001cbbd1.xpr,U+8005,者,453,53,813,51,67,0,51,Noto Sans SC Bold,C:\Windows\Fonts\Noto Sans SC Bold (TrueType).otf,d1961be1161ea1be08496c920862d06ea5c23a757628f4fd69368de1d9f51bed,0,51,51,45bc10ff4dd89842bed4a43bfa0f6d0c810529d90561d35e48eb8dcdd01db17e,YES
001cbbd1.xpr,U+800C,而,454,105,813,51,67,0,51,Noto Sans SC Bold,C:\Windows\Fonts\Noto Sans SC Bold (TrueType).otf,d1961be1161ea1be08496c920862d06ea5c23a757628f4fd69368de1d9f51bed,0,51,51,45c56994f38d4a4c84592f3cfea3a32357f5ef7a55a7807dede2c3f7f91bcec0,YES
001cbbd1.xpr,U+8089,肉,455,157,813,51,67,0,51,Noto Sans SC Bold,C:\Windows\Fonts\Noto Sans SC Bold (TrueType).otf,d1961be1161ea1be08496c920862d06ea5c23a757628f4fd69368de1d9f51bed,0,51,51,62deb1b82ed7bbb4e1e9a229210fd28b9acf229bf57cc9b1fc7e60805674742f,YES
001cbbd1.xpr,U+80AE,肮,456,209,813,51,67,0,51,Noto Sans SC Bold,C:\Windows\Fonts\Noto Sans SC Bold (TrueType).otf,d1961be1161ea1be08496c920862d06ea5c23a757628f4fd69368de1d9f51bed,0,51,51,21429eedd7335063acd8e920769d803a25587d0c1bb3e9d77251d3ea14eb8d92,YES
001cbbd1.xpr,U+80C6,胆,457,261,813,51,67,0,51,Noto Sans SC Bold,C:\Windows\Fonts\Noto Sans SC Bold (TrueType).otf,d1961be1161ea1be08496c920862d06ea5c23a757628f4fd69368de1d9f51bed,0,51,51,f610c7c6fb2fdb12503565a61453ea2c9cefbf587e83db9804d6a7748bbd1b45,YES
001cbbd1.xpr,U+80CC,背,458,313,813,51,67,0,51,Noto Sans SC Bold,C:\Windows\Fonts\Noto Sans SC Bold (TrueType).otf,d1961be1161ea1be08496c920862d06ea5c23a757628f4fd69368de1d9f51bed,0,51,51,88109ee1752b0e1ecb50b4de3f8dd541312dceac81e949afe4830219d99601e2,YES
001cbbd1.xpr,U+80DC,胜,459,365,813,51,67,0,51,Noto Sans SC Bold,C:\Windows\Fonts\Noto Sans SC Bold (TrueType).otf,d1961be1161ea1be08496c920862d06ea5c23a757628f4fd69368de1d9f51bed,0,51,51,4ef126827807d70e9af58c668788f0fd80653dff74acfb587d96bba939160a3b,YES
001cbbd1.xpr,U+80FD,能,460,417,813,51,67,0,51,Noto Sans SC Bold,C:\Windows\Fonts\Noto Sans SC Bold (TrueType).otf,d1961be1161ea1be08496c920862d06ea5c23a757628f4fd69368de1d9f51bed,0,51,51,ad958ed0dc8b9ce47d5316a87f421227fa762e20b6cab4af4a0c955f611c05ca,YES
001cbbd1.xpr,U+810F,脏,461,469,813,51,67,0,51,Noto Sans SC Bold,C:\Windows\Fonts\Noto Sans SC Bold (TrueType).otf,d1961be1161ea1be08496c920862d06ea5c23a757628f4fd69368de1d9f51bed,0,51,51,a279f15c101d841990a6a9435b7aef285ddf9c5fe6edc0ea85f50c4d1bf3945b,YES
001cbbd1.xpr,U+8110,脐,462,521,813,51,67,0,51,Noto Sans SC Bold,C:\Windows\Fonts\Noto Sans SC Bold (TrueType).otf,d1961be1161ea1be08496c920862d06ea5c23a757628f4fd69368de1d9f51bed,0,51,51,bab908917e5b5a9cec0d45370a16905497f1e40d7bff79206d49645312c6ab5d,YES
001cbbd1.xpr,U+81EA,自,463,573,813,51,67,0,51,Noto Sans SC Bold,C:\Windows\Fonts\Noto Sans SC Bold (TrueType).otf,d1961be1161ea1be08496c920862d06ea5c23a757628f4fd69368de1d9f51bed,0,51,51,7e3f5c7d068ab6890dfa6b017d2e1acf4c44ea0e6a5392d17f3722e01d25fcb1,YES
001cbbd1.xpr,U+82E5,若,464,625,813,51,67,0,51,Noto Sans SC Bold,C:\Windows\Fonts\Noto Sans SC Bold (TrueType).otf,d1961be1161ea1be08496c920862d06ea5c23a757628f4fd69368de1d9f51bed,0,51,51,6e6afa83c9127bf98b1589ee814ccaeba1ea921e7f6fa4ec19da9c6c71e33a81,YES
001cbbd1.xpr,U+82F1,英,465,677,813,51,67,0,51,Noto Sans SC Bold,C:\Windows\Fonts\Noto Sans SC Bold (TrueType).otf,d1961be1161ea1be08496c920862d06ea5c23a757628f4fd69368de1d9f51bed,0,51,51,6613a24a8ec737c634a52fbf6065063b9e667c902f9f76a8288054be276494c8,YES
001cbbd1.xpr,U+83B7,获,466,729,813,51,67,0,51,Noto Sans SC Bold,C:\Windows\Fonts\Noto Sans SC Bold (TrueType).otf,d1961be1161ea1be08496c920862d06ea5c23a757628f4fd69368de1d9f51bed,0,51,51,10ba722497e35175a954eef15cb6e51f07d5ff8e39a4c8dd4e432aa8c39f94f3,YES
001cbbd1.xpr,U+83DC,菜,467,781,813,51,67,0,51,Noto Sans SC Bold,C:\Windows\Fonts\Noto Sans SC Bold (TrueType).otf,d1961be1161ea1be08496c920862d06ea5c23a757628f4fd69368de1d9f51bed,0,51,51,f90e3e03e9ba893fbfe683550301d72c72290f59d010ef46fd5edfa1723ec213,YES
001cbbd1.xpr,U+865A,虚,468,833,813,51,67,0,51,Noto Sans SC Bold,C:\Windows\Fonts\Noto Sans SC Bold (TrueType).otf,d1961be1161ea1be08496c920862d06ea5c23a757628f4fd69368de1d9f51bed,0,51,51,220e25e9e9cf51cc947e6179367b5a30aa21842d4748e50e9b20ee78eeb85277,YES
001cbbd1.xpr,U+86EE,蛮,469,885,813,51,67,0,51,Noto Sans SC Bold,C:\Windows\Fonts\Noto Sans SC Bold (TrueType).otf,d1961be1161ea1be08496c920862d06ea5c23a757628f4fd69368de1d9f51bed,0,51,51,5c20c5c8b393673feb7da8fb4b84685163996b4a49b620f086bf6466e3000898,YES
001cbbd1.xpr,U+878D,融,470,937,813,51,67,0,51,Noto Sans SC Bold,C:\Windows\Fonts\Noto Sans SC Bold (TrueType).otf,d1961be1161ea1be08496c920862d06ea5c23a757628f4fd69368de1d9f51bed,0,51,51,79a054413c0e4378f9fefe83d547b792ab7b7fe9f35430b4d2d8279d43dbed4c,YES
001cbbd1.xpr,U+884C,行,471,989,813,51,67,0,51,Noto Sans SC Bold,C:\Windows\Fonts\Noto Sans SC Bold (TrueType).otf,d1961be1161ea1be08496c920862d06ea5c23a757628f4fd69368de1d9f51bed,0,51,51,427af18317727ba06276c2c919a0ce9461d4cd55a4dd0ef7a23d246b0143aa7c,YES
001cbbd1.xpr,U+8868,表,472,1041,813,51,67,0,51,Noto Sans SC Bold,C:\Windows\Fonts\Noto Sans SC Bold (TrueType).otf,d1961be1161ea1be08496c920862d06ea5c23a757628f4fd69368de1d9f51bed,0,51,51,296a23f8a84f38a4753f4c61e4ea18b37a9b1536480b07e0d0462aa769445ad0,YES
001cbbd1.xpr,U+8896,袖,473,1093,813,51,67,0,51,Noto Sans SC Bold,C:\Windows\Fonts\Noto Sans SC Bold (TrueType).otf,d1961be1161ea1be08496c920862d06ea5c23a757628f4fd69368de1d9f51bed,0,51,51,dad56f9f18d4d8ce88e6c1dfa5548d381fa6d339e99d279ff8d2efb3a1f2d919,YES
001cbbd1.xpr,U+88AB,被,474,1145,813,51,67,0,51,Noto Sans SC Bold,C:\Windows\Fonts\Noto Sans SC Bold (TrueType).otf,d1961be1161ea1be08496c920862d06ea5c23a757628f4fd69368de1d9f51bed,0,51,51,057f277ce41aa408ac537ab226ff330398cfacfa61136c25f244df3a6ca1a532,YES
001cbbd1.xpr,U+88C2,裂,475,1197,813,51,67,0,51,Noto Sans SC Bold,C:\Windows\Fonts\Noto Sans SC Bold (TrueType).otf,d1961be1161ea1be08496c920862d06ea5c23a757628f4fd69368de1d9f51bed,0,51,51,0b18d6554b52d21bd51f6487986b507d071bda0a2814ce3e5b85d7db61bc7b4a,YES
001cbbd1.xpr,U+897F,西,476,1249,813,51,67,0,51,Noto Sans SC Bold,C:\Windows\Fonts\Noto Sans SC Bold (TrueType).otf,d1961be1161ea1be08496c920862d06ea5c23a757628f4fd69368de1d9f51bed,0,51,51,152902c0761d7e5af2fda47add941db478dba4c90dbfba32b49f10d6246dea1d,YES
001cbbd1.xpr,U+8981,要,477,1301,813,51,67,0,51,Noto Sans SC Bold,C:\Windows\Fonts\Noto Sans SC Bold (TrueType).otf,d1961be1161ea1be08496c920862d06ea5c23a757628f4fd69368de1d9f51bed,0,51,51,1174a774c2835c504f51f83d7ca13c0dbc7685daa53fd52758a599b21bd7d2c0,YES
001cbbd1.xpr,U+89C1,见,478,1353,813,51,67,0,51,Noto Sans SC Bold,C:\Windows\Fonts\Noto Sans SC Bold (TrueType).otf,d1961be1161ea1be08496c920862d06ea5c23a757628f4fd69368de1d9f51bed,0,51,51,bd787896da0fedff200675f32a7dab9e4eb694065ce5e50b85e8e51de6f598a1,YES
001cbbd1.xpr,U+89C2,观,479,1405,813,51,67,0,51,Noto Sans SC Bold,C:\Windows\Fonts\Noto Sans SC Bold (TrueType).otf,d1961be1161ea1be08496c920862d06ea5c23a757628f4fd69368de1d9f51bed,0,51,51,a06aa532c10d99f2b912829aed273cc809dca38bcbc8bde0e7a061bc27a1fab6,YES
001cbbd1.xpr,U+89C9,觉,480,1457,813,51,67,0,51,Noto Sans SC Bold,C:\Windows\Fonts\Noto Sans SC Bold (TrueType).otf,d1961be1161ea1be08496c920862d06ea5c23a757628f4fd69368de1d9f51bed,0,51,51,9cf288b728e280400d7b6385fbb0d82b06437931e216b6869e192a05971e9a13,YES
001cbbd1.xpr,U+8A00,言,481,1509,813,51,67,0,51,Noto Sans SC Bold,C:\Windows\Fonts\Noto Sans SC Bold (TrueType).otf,d1961be1161ea1be08496c920862d06ea5c23a757628f4fd69368de1d9f51bed,0,51,51,4862c629b0427ee9d6a2841224cec7b037035507fa2d3286accf63d4fbc0ab92,YES
001cbbd1.xpr,U+8BA4,认,482,1561,813,51,67,0,51,Noto Sans SC Bold,C:\Windows\Fonts\Noto Sans SC Bold (TrueType).otf,d1961be1161ea1be08496c920862d06ea5c23a757628f4fd69368de1d9f51bed,0,51,51,e7f8758465fa29ae2603c01b72d69d8d549a9d5c8f0a5c4a8b0cd2161b6c0a99,YES
001cbbd1.xpr,U+8BA9,让,483,1613,813,51,67,0,51,Noto Sans SC Bold,C:\Windows\Fonts\Noto Sans SC Bold (TrueType).otf,d1961be1161ea1be08496c920862d06ea5c23a757628f4fd69368de1d9f51bed,0,51,51,0f5043015fa08220bf6b454362a7ad213f5d1081a4b8747836b0b7b58b4d29cb,YES
001cbbd1.xpr,U+8BB0,记,484,1665,813,51,67,0,51,Noto Sans SC Bold,C:\Windows\Fonts\Noto Sans SC Bold (TrueType).otf,d1961be1161ea1be08496c920862d06ea5c23a757628f4fd69368de1d9f51bed,0,51,51,d6d5fefe0f6bf9d3b640817361a26d4da64e89720fe7123fb9a51c803d97300e,YES
001cbbd1.xpr,U+8BBF,访,485,1717,813,51,67,0,51,Noto Sans SC Bold,C:\Windows\Fonts\Noto Sans SC Bold (TrueType).otf,d1961be1161ea1be08496c920862d06ea5c23a757628f4fd69368de1d9f51bed,0,51,51,98a1c8da1d6c36404d149b794ede459b1bcf2ced9454f4cfb1350909d2370f36,YES
001cbbd1.xpr,U+8BC1,证,486,1769,813,51,67,0,51,Noto Sans SC Bold,C:\Windows\Fonts\Noto Sans SC Bold (TrueType).otf,d1961be1161ea1be08496c920862d06ea5c23a757628f4fd69368de1d9f51bed,0,51,51,28310f36c105cec7d6a12f0fb57237eede20dc136fcb62a017e57f220910f088,YES
001cbbd1.xpr,U+8BC9,诉,487,1821,813,51,67,0,51,Noto Sans SC Bold,C:\Windows\Fonts\Noto Sans SC Bold (TrueType).otf,d1961be1161ea1be08496c920862d06ea5c23a757628f4fd69368de1d9f51bed,0,51,51,a98e22bd47c3c97c385132559cf50192f21fe83772fe0ba83db72b44567ac980,YES
001cbbd1.xpr,U+8BD5,试,488,1873,813,51,67,0,51,Noto Sans SC Bold,C:\Windows\Fonts\Noto Sans SC Bold (TrueType).otf,d1961be1161ea1be08496c920862d06ea5c23a757628f4fd69368de1d9f51bed,0,51,51,8020f2c4b527b7aaae6acdcc631d6a5b2f391eac8cf4fcc15e8884fe1068aa33,YES
001cbbd1.xpr,U+8BDA,诚,489,1925,813,51,67,0,51,Noto Sans SC Bold,C:\Windows\Fonts\Noto Sans SC Bold (TrueType).otf,d1961be1161ea1be08496c920862d06ea5c23a757628f4fd69368de1d9f51bed,0,51,51,4cdbd38d9f7bf1229f736664d39b0759079fd86695142a29262604b0cd21ff70,YES
001cbbd1.xpr,U+8BDD,话,490,1977,813,51,67,0,51,Noto Sans SC Bold,C:\Windows\Fonts\Noto Sans SC Bold (TrueType).otf,d1961be1161ea1be08496c920862d06ea5c23a757628f4fd69368de1d9f51bed,0,51,51,52b0b42ad8556f20aaa92c47bbe91a72966f42df79a1725029097d21978e4cfa,YES
001cbbd1.xpr,U+8BDE,诞,491,1,881,51,67,0,51,Noto Sans SC Bold,C:\Windows\Fonts\Noto Sans SC Bold (TrueType).otf,d1961be1161ea1be08496c920862d06ea5c23a757628f4fd69368de1d9f51bed,0,51,51,0dbd718500bb29d10fd4b8aae869db6ec36c339d97b9f0f2bc772737f00e5f26,YES
001cbbd1.xpr,U+8BF4,说,492,53,881,51,67,0,51,Noto Sans SC Bold,C:\Windows\Fonts\Noto Sans SC Bold (TrueType).otf,d1961be1161ea1be08496c920862d06ea5c23a757628f4fd69368de1d9f51bed,0,51,51,06ad9ffa2504c971ac6c6f804dc3f632c0c14555ffbe886713c49dfca0ae623d,YES
001cbbd1.xpr,U+8BF7,请,493,105,881,51,67,0,51,Noto Sans SC Bold,C:\Windows\Fonts\Noto Sans SC Bold (TrueType).otf,d1961be1161ea1be08496c920862d06ea5c23a757628f4fd69368de1d9f51bed,0,51,51,0514f9adb8ad8226c56d6c1f63f9819d90716fddfda6715db670efa51505b1ca,YES
001cbbd1.xpr,U+8BF8,诸,494,157,881,51,67,0,51,Noto Sans SC Bold,C:\Windows\Fonts\Noto Sans SC Bold (TrueType).otf,d1961be1161ea1be08496c920862d06ea5c23a757628f4fd69368de1d9f51bed,0,51,51,63eb6e5e8c7fc6c16e26e3305a47b9b170b9f138a19cf274380306624bbea2ab,YES
001cbbd1.xpr,U+8BFB,读,495,209,881,51,67,0,51,Noto Sans SC Bold,C:\Windows\Fonts\Noto Sans SC Bold (TrueType).otf,d1961be1161ea1be08496c920862d06ea5c23a757628f4fd69368de1d9f51bed,0,51,51,21a0e0f45ee0e6b54299b5a260e20189e524815492dc9b3705d8b4453ae71d3f,YES
001cbbd1.xpr,U+8D1F,负,496,261,881,51,67,0,51,Noto Sans SC Bold,C:\Windows\Fonts\Noto Sans SC Bold (TrueType).otf,d1961be1161ea1be08496c920862d06ea5c23a757628f4fd69368de1d9f51bed,0,51,51,465c43940ccf02a4f375a58c9b388c56286eaa817a5a3180d2e5253af200f981,YES
001cbbd1.xpr,U+8D25,败,497,313,881,51,67,0,51,Noto Sans SC Bold,C:\Windows\Fonts\Noto Sans SC Bold (TrueType).otf,d1961be1161ea1be08496c920862d06ea5c23a757628f4fd69368de1d9f51bed,0,51,51,1ad8c04c85343b944246f87bb215129772a124d9c30c6a78e727a0f9582bb272,YES
001cbbd1.xpr,U+8D3C,贼,498,365,881,51,67,0,51,Noto Sans SC Bold,C:\Windows\Fonts\Noto Sans SC Bold (TrueType).otf,d1961be1161ea1be08496c920862d06ea5c23a757628f4fd69368de1d9f51bed,0,51,51,597d5bb7521d4008fa4e70caea642362d5c65be37d5ca4f1d4107a82ba267726,YES
001cbbd1.xpr,U+8D62,赢,499,417,881,51,67,0,51,Noto Sans SC Bold,C:\Windows\Fonts\Noto Sans SC Bold (TrueType).otf,d1961be1161ea1be08496c920862d06ea5c23a757628f4fd69368de1d9f51bed,0,51,51,1442c172236ae2253603173b4ebad0d108a0b084aca847d244f6d26d0ba40dd0,YES
001cbbd1.xpr,U+8D70,走,500,469,881,51,67,0,51,Noto Sans SC Bold,C:\Windows\Fonts\Noto Sans SC Bold (TrueType).otf,d1961be1161ea1be08496c920862d06ea5c23a757628f4fd69368de1d9f51bed,0,51,51,43260661bd516817b4d7e7d48c731a65b3ead83c0e082710ce7fad959d02cffe,YES
001cbbd1.xpr,U+8D77,起,501,521,881,51,67,0,51,Noto Sans SC Bold,C:\Windows\Fonts\Noto Sans SC Bold (TrueType).otf,d1961be1161ea1be08496c920862d06ea5c23a757628f4fd69368de1d9f51bed,0,51,51,2fcf308c5ec1414bd9b792b07dac486c8027ae7e22303eb23aae2883128692ad,YES
001cbbd1.xpr,U+8EAB,身,502,573,881,51,67,0,51,Noto Sans SC Bold,C:\Windows\Fonts\Noto Sans SC Bold (TrueType).otf,d1961be1161ea1be08496c920862d06ea5c23a757628f4fd69368de1d9f51bed,0,51,51,664cb034a2a0519e20bd4aef2eee366856309c41f8f16b6219c720a005f0e95f,YES
001cbbd1.xpr,U+8F6C,转,503,625,881,51,67,0,51,Noto Sans SC Bold,C:\Windows\Fonts\Noto Sans SC Bold (TrueType).otf,d1961be1161ea1be08496c920862d06ea5c23a757628f4fd69368de1d9f51bed,0,51,51,bc40668f29ca1519af5f494eb7b266fd94dd55b033906c7ac348dd9c534ae319,YES
001cbbd1.xpr,U+8F97,辗,504,677,881,51,67,0,51,Noto Sans SC Bold,C:\Windows\Fonts\Noto Sans SC Bold (TrueType).otf,d1961be1161ea1be08496c920862d06ea5c23a757628f4fd69368de1d9f51bed,0,51,51,d8f67d0d7e9b94920baf3b9c05f9b71dddd850823bac78215e4a4cc7cacdf9b7,YES
001cbbd1.xpr,U+8FB1,辱,505,729,881,51,67,0,51,Noto Sans SC Bold,C:\Windows\Fonts\Noto Sans SC Bold (TrueType).otf,d1961be1161ea1be08496c920862d06ea5c23a757628f4fd69368de1d9f51bed,0,51,51,a1613df02a69810f1be7c9334cab36470894c2168ac05fd9e78ae258a0957525,YES
001cbbd1.xpr,U+8FC7,过,506,781,881,51,67,0,51,Noto Sans SC Bold,C:\Windows\Fonts\Noto Sans SC Bold (TrueType).otf,d1961be1161ea1be08496c920862d06ea5c23a757628f4fd69368de1d9f51bed,0,51,51,a8717e3ced72d7746ff59581db0c8e2d5cd8c1077144f887b58da52c06361965,YES
001cbbd1.xpr,U+8FD4,返,507,833,881,51,67,0,51,Noto Sans SC Bold,C:\Windows\Fonts\Noto Sans SC Bold (TrueType).otf,d1961be1161ea1be08496c920862d06ea5c23a757628f4fd69368de1d9f51bed,0,51,51,bbf16eddaab60d8aec58bcb14f146971470bbb481397a6c4a7177040ccdae1ea,YES
001cbbd1.xpr,U+8FD8,还,508,885,881,51,67,0,51,Noto Sans SC Bold,C:\Windows\Fonts\Noto Sans SC Bold (TrueType).otf,d1961be1161ea1be08496c920862d06ea5c23a757628f4fd69368de1d9f51bed,0,51,51,5a4ebf23f492d4ee91bce3aad63d643f8d7f9df50a4bb532d6dadca95c195dda,YES
001cbbd1.xpr,U+8FD9,这,509,937,881,51,67,0,51,Noto Sans SC Bold,C:\Windows\Fonts\Noto Sans SC Bold (TrueType).otf,d1961be1161ea1be08496c920862d06ea5c23a757628f4fd69368de1d9f51bed,0,51,51,be0b63382d32d6ac8608fc3e107815c3167d7ef5ec5837378c0567e97ef8c27b,YES
001cbbd1.xpr,U+8FDB,进,510,989,881,51,67,0,51,Noto Sans SC Bold,C:\Windows\Fonts\Noto Sans SC Bold (TrueType).otf,d1961be1161ea1be08496c920862d06ea5c23a757628f4fd69368de1d9f51bed,0,51,51,1b56320b148ddec7d33595292091eb4f851ed66dd87174591efa06f460992e5f,YES
001cbbd1.xpr,U+8FDC,远,511,1041,881,51,67,0,51,Noto Sans SC Bold,C:\Windows\Fonts\Noto Sans SC Bold (TrueType).otf,d1961be1161ea1be08496c920862d06ea5c23a757628f4fd69368de1d9f51bed,0,51,51,71b0520b5d717011d795431fb338a6c31203facc7dfbfcf4656cf9e1e54489d0,YES
001cbbd1.xpr,U+8FDE,连,512,1093,881,51,67,0,51,Noto Sans SC Bold,C:\Windows\Fonts\Noto Sans SC Bold (TrueType).otf,d1961be1161ea1be08496c920862d06ea5c23a757628f4fd69368de1d9f51bed,0,51,51,a692a2eea4855371af9ad0aa594a65853dbf1ea4d934b87d7f2a8a0f0eefa753,YES
001cbbd1.xpr,U+8FDF,迟,513,1145,881,51,67,0,51,Noto Sans SC Bold,C:\Windows\Fonts\Noto Sans SC Bold (TrueType).otf,d1961be1161ea1be08496c920862d06ea5c23a757628f4fd69368de1d9f51bed,0,51,51,81f1d80c7aef9ef869d20c49c76c0c4c44726283084e010b47960a213ef5906e,YES
001cbbd1.xpr,U+9000,退,514,1197,881,51,67,0,51,Noto Sans SC Bold,C:\Windows\Fonts\Noto Sans SC Bold (TrueType).otf,d1961be1161ea1be08496c920862d06ea5c23a757628f4fd69368de1d9f51bed,0,51,51,49531a08e0b0ddfcb32cf09622b476095c6bc6b5636e4b752916c3f0785f1d46,YES
001cbbd1.xpr,U+9009,选,515,1249,881,51,67,0,51,Noto Sans SC Bold,C:\Windows\Fonts\Noto Sans SC Bold (TrueType).otf,d1961be1161ea1be08496c920862d06ea5c23a757628f4fd69368de1d9f51bed,0,51,51,2c74121df5b5681dab94252096c4c6a875a22bd1be1be60d8228064f9e49815b,YES
001cbbd1.xpr,U+901A,通,516,1301,881,51,67,0,51,Noto Sans SC Bold,C:\Windows\Fonts\Noto Sans SC Bold (TrueType).otf,d1961be1161ea1be08496c920862d06ea5c23a757628f4fd69368de1d9f51bed,0,51,51,551a9261ba10c25c9dec8e81092df8caded74b8f2e0c26fe95de4e657f030ffb,YES
001cbbd1.xpr,U+9020,造,517,1353,881,51,67,0,51,Noto Sans SC Bold,C:\Windows\Fonts\Noto Sans SC Bold (TrueType).otf,d1961be1161ea1be08496c920862d06ea5c23a757628f4fd69368de1d9f51bed,0,51,51,bae0b8fbb21193a8c28a65658dbc6c38ccbb277d85fe7ef296dbbbaa5602066a,YES
001cbbd1.xpr,U+9047,遇,518,1405,881,51,67,0,51,Noto Sans SC Bold,C:\Windows\Fonts\Noto Sans SC Bold (TrueType).otf,d1961be1161ea1be08496c920862d06ea5c23a757628f4fd69368de1d9f51bed,0,51,51,730063476a18d294888fb3d8d46b9de033cf7971fda610ee98abc4d91380f9f7,YES
001cbbd1.xpr,U+9053,道,519,1457,881,51,67,0,51,Noto Sans SC Bold,C:\Windows\Fonts\Noto Sans SC Bold (TrueType).otf,d1961be1161ea1be08496c920862d06ea5c23a757628f4fd69368de1d9f51bed,0,51,51,5255a8b7c299aec1100dabbc6f1dd77340b93b422d845e57be24ff4680a0b59f,YES
001cbbd1.xpr,U+9080,邀,520,1509,881,51,67,0,51,Noto Sans SC Bold,C:\Windows\Fonts\Noto Sans SC Bold (TrueType).otf,d1961be1161ea1be08496c920862d06ea5c23a757628f4fd69368de1d9f51bed,0,51,51,5bbf7fc740fe20a47ed06188f6408f8f78843c97dd8264d03a90ecd7ff64940b,YES
001cbbd1.xpr,U+90A3,那,521,1561,881,51,67,0,51,Noto Sans SC Bold,C:\Windows\Fonts\Noto Sans SC Bold (TrueType).otf,d1961be1161ea1be08496c920862d06ea5c23a757628f4fd69368de1d9f51bed,0,51,51,b4192c42beb2887109246d8989b52b51b257aef2fc31b4826187d7296aa44099,YES
001cbbd1.xpr,U+90FD,都,522,1613,881,51,67,0,51,Noto Sans SC Bold,C:\Windows\Fonts\Noto Sans SC Bold (TrueType).otf,d1961be1161ea1be08496c920862d06ea5c23a757628f4fd69368de1d9f51bed,0,51,51,9150deb0a5723f6942276ac1fed762228016d8216eade9c7be80e9c3af93f66e,YES
001cbbd1.xpr,U+91CC,里,523,1665,881,51,67,0,51,Noto Sans SC Bold,C:\Windows\Fonts\Noto Sans SC Bold (TrueType).otf,d1961be1161ea1be08496c920862d06ea5c23a757628f4fd69368de1d9f51bed,0,51,51,ad7e9dbea4784d783e7cfb82f93643260e655869844b0d41f157e5c91e6a236e,YES
001cbbd1.xpr,U+91CD,重,524,1717,881,51,67,0,51,Noto Sans SC Bold,C:\Windows\Fonts\Noto Sans SC Bold (TrueType).otf,d1961be1161ea1be08496c920862d06ea5c23a757628f4fd69368de1d9f51bed,0,51,51,caba2d3c5b48303d5a738b0f1d704c45a1f20cb88db6e3fda9381546775eb79e,YES
001cbbd1.xpr,U+91CE,野,525,1769,881,51,67,0,51,Noto Sans SC Bold,C:\Windows\Fonts\Noto Sans SC Bold (TrueType).otf,d1961be1161ea1be08496c920862d06ea5c23a757628f4fd69368de1d9f51bed,0,51,51,04fe2eb6968b41833a3cba239224885ae6e078c28dd3d9c1ec175a69735ebdf6,YES
001cbbd1.xpr,U+91CF,量,526,1821,881,51,67,0,51,Noto Sans SC Bold,C:\Windows\Fonts\Noto Sans SC Bold (TrueType).otf,d1961be1161ea1be08496c920862d06ea5c23a757628f4fd69368de1d9f51bed,0,51,51,a0c70f6f478962bffd434b05c02c3f5dcfb85df3a2a81123c5b403b6decc8ffb,YES
001cbbd1.xpr,U+9519,错,527,1873,881,51,67,0,51,Noto Sans SC Bold,C:\Windows\Fonts\Noto Sans SC Bold (TrueType).otf,d1961be1161ea1be08496c920862d06ea5c23a757628f4fd69368de1d9f51bed,0,51,51,72f87f6f4afa37200b22c101ff1493f007a83b82159cba4f2f8a5cbf68f5ec7c,YES
001cbbd1.xpr,U+95ED,闭,528,1925,881,51,67,0,51,Noto Sans SC Bold,C:\Windows\Fonts\Noto Sans SC Bold (TrueType).otf,d1961be1161ea1be08496c920862d06ea5c23a757628f4fd69368de1d9f51bed,0,51,51,b62154675863e9d045057ed87d3e81ca63afb6293c496888139ea7a3a909ce6e,YES
001cbbd1.xpr,U+95EE,问,529,1977,881,51,67,0,51,Noto Sans SC Bold,C:\Windows\Fonts\Noto Sans SC Bold (TrueType).otf,d1961be1161ea1be08496c920862d06ea5c23a757628f4fd69368de1d9f51bed,0,51,51,2c397385b396bd8c64e5d332f15bc0027441883ea2a3cf388487b368c270dbff,YES
001cbbd1.xpr,U+95F4,间,530,1,949,51,67,0,51,Noto Sans SC Bold,C:\Windows\Fonts\Noto Sans SC Bold (TrueType).otf,d1961be1161ea1be08496c920862d06ea5c23a757628f4fd69368de1d9f51bed,0,51,51,084d41fde73db5cf4f4537db2403248a5c5b2395213de16a997470a8d789271e,YES
001cbbd1.xpr,U+961F,队,531,53,949,51,67,0,51,Noto Sans SC Bold,C:\Windows\Fonts\Noto Sans SC Bold (TrueType).otf,d1961be1161ea1be08496c920862d06ea5c23a757628f4fd69368de1d9f51bed,0,51,51,1107a24b296821fad73ba49391b6311f97a100f11644d53fea90bb71e26c579c,YES
001cbbd1.xpr,U+9646,陆,532,105,949,51,67,0,51,Noto Sans SC Bold,C:\Windows\Fonts\Noto Sans SC Bold (TrueType).otf,d1961be1161ea1be08496c920862d06ea5c23a757628f4fd69368de1d9f51bed,0,51,51,22c15f8b1f7ee839604284dffaed465495897dce936c935312ff3a737a432d16,YES
001cbbd1.xpr,U+9664,除,533,157,949,51,67,0,51,Noto Sans SC Bold,C:\Windows\Fonts\Noto Sans SC Bold (TrueType).otf,d1961be1161ea1be08496c920862d06ea5c23a757628f4fd69368de1d9f51bed,0,51,51,5299882180cffe73510c507590c3418ea87515dfa86876eddc0a2be4dd934fab,YES
001cbbd1.xpr,U+968F,随,534,209,949,51,67,0,51,Noto Sans SC Bold,C:\Windows\Fonts\Noto Sans SC Bold (TrueType).otf,d1961be1161ea1be08496c920862d06ea5c23a757628f4fd69368de1d9f51bed,0,51,51,0c2fce86e9ed2ae2d3bc34e68dcf07f7ac984b9f696efc5aa43f810e78dfe9f8,YES
001cbbd1.xpr,U+96BE,难,535,261,949,51,67,0,51,Noto Sans SC Bold,C:\Windows\Fonts\Noto Sans SC Bold (TrueType).otf,d1961be1161ea1be08496c920862d06ea5c23a757628f4fd69368de1d9f51bed,0,51,51,8e8a1f7c061b4b7b5682772ca7ecdf18048d18ce03274c6f8c7c0bb93f791bbc,YES
001cbbd1.xpr,U+96C4,雄,536,313,949,51,67,0,51,Noto Sans SC Bold,C:\Windows\Fonts\Noto Sans SC Bold (TrueType).otf,d1961be1161ea1be08496c920862d06ea5c23a757628f4fd69368de1d9f51bed,0,51,51,fd954262e996b0e8b20fe742fc4e6537b35423942bf0ea1f1898c00c3988efa9,YES
001cbbd1.xpr,U+9700,需,537,365,949,51,67,0,51,Noto Sans SC Bold,C:\Windows\Fonts\Noto Sans SC Bold (TrueType).otf,d1961be1161ea1be08496c920862d06ea5c23a757628f4fd69368de1d9f51bed,0,51,51,c0d1337133a6f527524036f3a741278cf6995141cde1a726c0a46fcd0c1b6ddf,YES
001cbbd1.xpr,U+9762,面,538,417,949,51,67,0,51,Noto Sans SC Bold,C:\Windows\Fonts\Noto Sans SC Bold (TrueType).otf,d1961be1161ea1be08496c920862d06ea5c23a757628f4fd69368de1d9f51bed,0,51,51,f1e4a300a942d09e7f517edcd9f7b3876f19b92d9813851873a97211695c8873,YES
001cbbd1.xpr,U+9769,革,539,469,949,51,67,0,51,Noto Sans SC Bold,C:\Windows\Fonts\Noto Sans SC Bold (TrueType).otf,d1961be1161ea1be08496c920862d06ea5c23a757628f4fd69368de1d9f51bed,0,51,51,25d0de7da83da2db23a2c78fe7ce57c5b4df47797eb0ac8be0b6ec8fc0ef3ebc,YES
001cbbd1.xpr,U+987B,须,540,521,949,51,67,0,51,Noto Sans SC Bold,C:\Windows\Fonts\Noto Sans SC Bold (TrueType).otf,d1961be1161ea1be08496c920862d06ea5c23a757628f4fd69368de1d9f51bed,0,51,51,960b8614a87d6f59b1fed7be2cc5b80257112a8ef0733fcdea6086a48b593b7c,YES
001cbbd1.xpr,U+9886,领,541,573,949,51,67,0,51,Noto Sans SC Bold,C:\Windows\Fonts\Noto Sans SC Bold (TrueType).otf,d1961be1161ea1be08496c920862d06ea5c23a757628f4fd69368de1d9f51bed,0,51,51,6ef63823755cf807d871b622ae41dc31817fb84f383bd3e39ca375aec1964bb2,YES
001cbbd1.xpr,U+9898,题,542,625,949,51,67,0,51,Noto Sans SC Bold,C:\Windows\Fonts\Noto Sans SC Bold (TrueType).otf,d1961be1161ea1be08496c920862d06ea5c23a757628f4fd69368de1d9f51bed,0,51,51,859e6dc1faad5320d328716a5d0186874c4a23f2716d6edd9fac12d0ad978a50,YES
001cbbd1.xpr,U+98DE,飞,543,677,949,51,67,0,51,Noto Sans SC Bold,C:\Windows\Fonts\Noto Sans SC Bold (TrueType).otf,d1961be1161ea1be08496c920862d06ea5c23a757628f4fd69368de1d9f51bed,0,51,51,cf8bf01365f086eed65d52e303cf2910dd006665d02c4f5c35c679d78d3842bc,YES
001cbbd1.xpr,U+996D,饭,544,729,949,51,67,0,51,Noto Sans SC Bold,C:\Windows\Fonts\Noto Sans SC Bold (TrueType).otf,d1961be1161ea1be08496c920862d06ea5c23a757628f4fd69368de1d9f51bed,0,51,51,962b91357cd133f4e39075c342378cc0beb3dcae44f082c17f4eda415a8a7b9f,YES
001cbbd1.xpr,U+9996,首,545,781,949,51,67,0,51,Noto Sans SC Bold,C:\Windows\Fonts\Noto Sans SC Bold (TrueType).otf,d1961be1161ea1be08496c920862d06ea5c23a757628f4fd69368de1d9f51bed,0,51,51,0279bf47cb70b9923b0b33297bd5835af2b3c2eeb04c819536ceac38aafc732a,YES
001cbbd1.xpr,U+9E1F,鸟,546,833,949,51,67,0,51,Noto Sans SC Bold,C:\Windows\Fonts\Noto Sans SC Bold (TrueType).otf,d1961be1161ea1be08496c920862d06ea5c23a757628f4fd69368de1d9f51bed,0,51,51,ac723171a27be6cd42a866c465b3d1a6e2f3b14fb420f31a270a0f046f85b784,YES
001cbbd1.xpr,U+FF0C,，,547,885,949,51,67,0,51,Noto Sans SC Bold,C:\Windows\Fonts\Noto Sans SC Bold (TrueType).otf,d1961be1161ea1be08496c920862d06ea5c23a757628f4fd69368de1d9f51bed,0,51,51,a94cded10f6fc6a7f26b138a81e9a8e2eac437264da3d68d4e3e9964368969d9,NO
001cbbd1.xpr,U+FF1A,：,548,937,949,51,67,0,51,Noto Sans SC Bold,C:\Windows\Fonts\Noto Sans SC Bold (TrueType).otf,d1961be1161ea1be08496c920862d06ea5c23a757628f4fd69368de1d9f51bed,0,51,51,7852a8dfa4a57ceb82da23a21fe38c21310e9a2eb188ecae28eba3c623cb5d66,NO
