file_id,unique_index,first_reference_index,reference_indices,reference_count,scene_context,entity_context,previous_jpn_text,jpn_text,next_jpn_text,jpn_control_tokens,cn_text,cn_control_tokens,control_structure_status,jpn_utf8_bytes,cn_utf8_bytes,translation_status,build_status,ingame_status,translation_basis,notes,mlg_cn_reference,mlg_cn_reference_variants,eng_reference,eng_reference_variants,reference_status,reference_method,reference_reason
5D09325F,0,0,0;0;0;0,4,,page28:tag9:entity0:key0029E0FC:ref0:ord0;page34:tag2:entity0:key0029E0FC:ref0:ord0;page40:tag5:entity0:key0029E0FC:ref0:ord0;page70:tag4:entity0:key0029E0FC:ref0:ord0,,"
MISSION COMPLETE","
TO BE CONTINUED IN THE NEXT MISSION...    ",,,,NOT_CHECKED,17,,NOT_STARTED,NOT_BUILT,NOT_TESTED,JPN_PRIMARY; MLG_CN_CONTEXT_AUXILIARY,mechanical template; resource_class=SLOT_OLANG; source_objects=4,"
任务完成","[""\n任务完成""]","
MISSION COMPLETE","[""\nMISSION COMPLETE""]",AUX_CN_ATTACHED,exact_jpn_slot_page_tag_reference_index;validated_slot_olang_map_entity_identity,master status=AUX_CN_ATTACHED; mapping method=exact_jpn_slot_page_tag_reference_index;validated_slot_olang_map_entity_identity; candidate attached as auxiliary evidence only; verify against JPN and context; auxiliary candidates only; JPN remains authoritative; verify against JPN text and context
5D09325F,1,1,1;1;1;1,4,,page28:tag9:entity1:key0029E0FC:ref1:ord0;page34:tag2:entity1:key0029E0FC:ref1:ord0;page40:tag5:entity1:key0029E0FC:ref1:ord0;page70:tag4:entity1:key0029E0FC:ref1:ord0,"
MISSION COMPLETE","
TO BE CONTINUED IN THE NEXT MISSION...    ",OPENING/INVESTIGATE THE SUPPLY FACILITY,,,,NOT_CHECKED,43,,NOT_STARTED,NOT_BUILT,NOT_TESTED,JPN_PRIMARY; MLG_CN_CONTEXT_AUXILIARY,mechanical template; resource_class=SLOT_OLANG; source_objects=4,"
将在下一个任务中继续…","[""\n将在下一个任务中继续…""]","
TO BE CONTINUED IN THE NEXT MISSION...    ","[""\nTO BE CONTINUED IN THE NEXT MISSION...    ""]",AUX_CN_ATTACHED,exact_jpn_slot_page_tag_reference_index;validated_slot_olang_map_entity_identity,master status=AUX_CN_ATTACHED; mapping method=exact_jpn_slot_page_tag_reference_index;validated_slot_olang_map_entity_identity; candidate attached as auxiliary evidence only; verify against JPN and context; auxiliary candidates only; JPN remains authoritative; verify against JPN text and context
5D09325F,2,2,2;2;2;2,4,,page28:tag9:entity2:key0029E0FC:ref2:ord0;page34:tag2:entity2:key0029E0FC:ref2:ord0;page40:tag5:entity2:key0029E0FC:ref2:ord0;page70:tag4:entity2:key0029E0FC:ref2:ord0,"
TO BE CONTINUED IN THE NEXT MISSION...    ",OPENING/INVESTIGATE THE SUPPLY FACILITY,CONTACT THE SANDINISTA COMANDANTE,,,,NOT_CHECKED,39,,NOT_STARTED,NOT_BUILT,NOT_TESTED,JPN_PRIMARY; MLG_CN_CONTEXT_AUXILIARY,mechanical template; resource_class=SLOT_OLANG; source_objects=4,"
任务完成","[""\n任务完成""]","
MISSION COMPLETE    ","[""\nMISSION COMPLETE    ""]",AUX_CN_ATTACHED,exact_jpn_slot_page_tag_reference_index;validated_slot_olang_map_entity_identity,master status=AUX_CN_ATTACHED; mapping method=exact_jpn_slot_page_tag_reference_index;validated_slot_olang_map_entity_identity; candidate attached as auxiliary evidence only; verify against JPN and context; auxiliary candidates only; JPN remains authoritative; verify against JPN text and context
5D09325F,3,3,3;3;3;3,4,,page28:tag9:entity3:key0029E0FC:ref3:ord0;page34:tag2:entity3:key0029E0FC:ref3:ord0;page40:tag5:entity3:key0029E0FC:ref3:ord0;page70:tag4:entity3:key0029E0FC:ref3:ord0,OPENING/INVESTIGATE THE SUPPLY FACILITY,CONTACT THE SANDINISTA COMANDANTE,PURSUE AMANDA,,,,NOT_CHECKED,33,,NOT_STARTED,NOT_BUILT,NOT_TESTED,JPN_PRIMARY; MLG_CN_CONTEXT_AUXILIARY,mechanical template; resource_class=SLOT_OLANG; source_objects=4,开场/调查补给设施,"[""开场/调查补给设施""]",OPENING/INVESTIGATE THE SUPPLY FACILITY,"[""OPENING/INVESTIGATE THE SUPPLY FACILITY""]",AUX_CN_ATTACHED,exact_jpn_slot_page_tag_reference_index;validated_slot_olang_map_entity_identity,master status=AUX_CN_ATTACHED; mapping method=exact_jpn_slot_page_tag_reference_index;validated_slot_olang_map_entity_identity; candidate attached as auxiliary evidence only; verify against JPN and context; auxiliary candidates only; JPN remains authoritative; verify against JPN text and context
5D09325F,4,4,4;4;4;4,4,,page28:tag9:entity4:key0029E0FC:ref4:ord0;page34:tag2:entity4:key0029E0FC:ref4:ord0;page40:tag5:entity4:key0029E0FC:ref4:ord0;page70:tag4:entity4:key0029E0FC:ref4:ord0,CONTACT THE SANDINISTA COMANDANTE,PURSUE AMANDA,ARMORED VEHICLE BATTLE: LAV-TYPE G,,,,NOT_CHECKED,13,,NOT_STARTED,NOT_BUILT,NOT_TESTED,JPN_PRIMARY; MLG_CN_CONTEXT_AUXILIARY,mechanical template; resource_class=SLOT_OLANG; source_objects=4,联络桑地诺指挥官,"[""联络桑地诺指挥官""]",CONTACT THE SANDINISTA COMANDANTE,"[""CONTACT THE SANDINISTA COMANDANTE""]",AUX_CN_ATTACHED,exact_jpn_slot_page_tag_reference_index;validated_slot_olang_map_entity_identity,master status=AUX_CN_ATTACHED; mapping method=exact_jpn_slot_page_tag_reference_index;validated_slot_olang_map_entity_identity; candidate attached as auxiliary evidence only; verify against JPN and context; auxiliary candidates only; JPN remains authoritative; verify against JPN text and context
5D09325F,5,5,5;160;5;160;5;160;5;160,8,,page28:tag9:entity5:key0029E0FC:ref5:ord0;page28:tag9:entity160:key0029E0FC:ref160:ord0;page34:tag2:entity5:key0029E0FC:ref5:ord0;page34:tag2:entity160:key0029E0FC:ref160:ord0;page40:tag5:entity5:key0029E0FC:ref5:ord0;page40:tag5:entity160:key0029E0FC:ref160:ord0;page70:tag4:entity5:key0029E0FC:ref5:ord0;page70:tag4:entity160:key0029E0FC:ref160:ord0,PURSUE AMANDA,ARMORED VEHICLE BATTLE: LAV-TYPE G,RESCUE CHICO,,,,NOT_CHECKED,34,,NOT_STARTED,NOT_BUILT,NOT_TESTED,JPN_PRIMARY; MLG_CN_CONTEXT_AUXILIARY,mechanical template; resource_class=SLOT_OLANG; source_objects=8,追击Amanda,"[""追击Amanda"",""[支线任务: 102]""]",PURSUE AMANDA,"[""PURSUE AMANDA"",""[EXTRA OPS: 102]""]",AUX_CN_ATTACHED,exact_jpn_slot_page_tag_reference_index;validated_slot_olang_map_entity_identity,master status=AUX_CN_ATTACHED; mapping method=exact_jpn_slot_page_tag_reference_index;validated_slot_olang_map_entity_identity; candidate attached as auxiliary evidence only; verify against JPN and context; auxiliary candidates only; JPN remains authoritative; verify against JPN text and context; multiple candidates aggregated from all real JPN references; split/merge/order mismatch remains possible
5D09325F,6,6,6;6;6;6,4,,page28:tag9:entity6:key0029E0FC:ref6:ord0;page34:tag2:entity6:key0029E0FC:ref6:ord0;page40:tag5:entity6:key0029E0FC:ref6:ord0;page70:tag4:entity6:key0029E0FC:ref6:ord0,ARMORED VEHICLE BATTLE: LAV-TYPE G,RESCUE CHICO,PURSUE THE JUNGLE TRAIN,,,,NOT_CHECKED,12,,NOT_STARTED,NOT_BUILT,NOT_TESTED,JPN_PRIMARY; MLG_CN_CONTEXT_AUXILIARY,mechanical template; resource_class=SLOT_OLANG; source_objects=4,装甲车战：LAV-Type G,"[""装甲车战：LAV-Type G""]",ARMORED VEHICLE BATTLE: LAV-TYPE G,"[""ARMORED VEHICLE BATTLE: LAV-TYPE G""]",AUX_CN_ATTACHED,exact_jpn_slot_page_tag_reference_index;validated_slot_olang_map_entity_identity,master status=AUX_CN_ATTACHED; mapping method=exact_jpn_slot_page_tag_reference_index;validated_slot_olang_map_entity_identity; candidate attached as auxiliary evidence only; verify against JPN and context; auxiliary candidates only; JPN remains authoritative; verify against JPN text and context
5D09325F,7,7,7;7;7;7,4,,page28:tag9:entity7:key0029E0FC:ref7:ord0;page34:tag2:entity7:key0029E0FC:ref7:ord0;page40:tag5:entity7:key0029E0FC:ref7:ord0;page70:tag4:entity7:key0029E0FC:ref7:ord0,RESCUE CHICO,PURSUE THE JUNGLE TRAIN,TANK BATTLE: T-72U,,,,NOT_CHECKED,23,,NOT_STARTED,NOT_BUILT,NOT_TESTED,JPN_PRIMARY; MLG_CN_CONTEXT_AUXILIARY,mechanical template; resource_class=SLOT_OLANG; source_objects=4,营救Chico,"[""营救Chico""]",RESCUE CHICO,"[""RESCUE CHICO""]",AUX_CN_ATTACHED,exact_jpn_slot_page_tag_reference_index;validated_slot_olang_map_entity_identity,master status=AUX_CN_ATTACHED; mapping method=exact_jpn_slot_page_tag_reference_index;validated_slot_olang_map_entity_identity; candidate attached as auxiliary evidence only; verify against JPN and context; auxiliary candidates only; JPN remains authoritative; verify against JPN text and context
5D09325F,8,8,8;133;8;133;8;133;8;133,8,,page28:tag9:entity8:key0029E0FC:ref8:ord0;page28:tag9:entity133:key0029E0FC:ref133:ord0;page34:tag2:entity8:key0029E0FC:ref8:ord0;page34:tag2:entity133:key0029E0FC:ref133:ord0;page40:tag5:entity8:key0029E0FC:ref8:ord0;page40:tag5:entity133:key0029E0FC:ref133:ord0;page70:tag4:entity8:key0029E0FC:ref8:ord0;page70:tag4:entity133:key0029E0FC:ref133:ord0,PURSUE THE JUNGLE TRAIN,TANK BATTLE: T-72U,DESTROY BARRICADE,,,,NOT_CHECKED,18,,NOT_STARTED,NOT_BUILT,NOT_TESTED,JPN_PRIMARY; MLG_CN_CONTEXT_AUXILIARY,mechanical template; resource_class=SLOT_OLANG; source_objects=8,追击丛林列车,"[""追击丛林列车"",""[支线任务: 075]""]",PURSUE THE JUNGLE TRAIN,"[""PURSUE THE JUNGLE TRAIN"",""[EXTRA OPS: 075]""]",AUX_CN_ATTACHED,exact_jpn_slot_page_tag_reference_index;validated_slot_olang_map_entity_identity,master status=AUX_CN_ATTACHED; mapping method=exact_jpn_slot_page_tag_reference_index;validated_slot_olang_map_entity_identity; candidate attached as auxiliary evidence only; verify against JPN and context; auxiliary candidates only; JPN remains authoritative; verify against JPN text and context; multiple candidates aggregated from all real JPN references; split/merge/order mismatch remains possible
5D09325F,9,9,9;9;9;9,4,,page28:tag9:entity9:key0029E0FC:ref9:ord0;page34:tag2:entity9:key0029E0FC:ref9:ord0;page40:tag5:entity9:key0029E0FC:ref9:ord0;page70:tag4:entity9:key0029E0FC:ref9:ord0,TANK BATTLE: T-72U,DESTROY BARRICADE,INFILTRATE THE CRATER BASE,,,,NOT_CHECKED,17,,NOT_STARTED,NOT_BUILT,NOT_TESTED,JPN_PRIMARY; MLG_CN_CONTEXT_AUXILIARY,mechanical template; resource_class=SLOT_OLANG; source_objects=4,坦克战：T-72U,"[""坦克战：T-72U""]",TANK BATTLE: T-72U,"[""TANK BATTLE: T-72U""]",AUX_CN_ATTACHED,exact_jpn_slot_page_tag_reference_index;validated_slot_olang_map_entity_identity,master status=AUX_CN_ATTACHED; mapping method=exact_jpn_slot_page_tag_reference_index;validated_slot_olang_map_entity_identity; candidate attached as auxiliary evidence only; verify against JPN and context; auxiliary candidates only; JPN remains authoritative; verify against JPN text and context
5D09325F,10,10,10;10;10;10,4,,page28:tag9:entity10:key0029E0FC:ref10:ord0;page34:tag2:entity10:key0029E0FC:ref10:ord0;page40:tag5:entity10:key0029E0FC:ref10:ord0;page70:tag4:entity10:key0029E0FC:ref10:ord0,DESTROY BARRICADE,INFILTRATE THE CRATER BASE,PUPA BATTLE,,,,NOT_CHECKED,26,,NOT_STARTED,NOT_BUILT,NOT_TESTED,JPN_PRIMARY; MLG_CN_CONTEXT_AUXILIARY,mechanical template; resource_class=SLOT_OLANG; source_objects=4,摧毁路障,"[""摧毁路障""]",DESTROY BARRICADE,"[""DESTROY BARRICADE""]",AUX_CN_ATTACHED,exact_jpn_slot_page_tag_reference_index;validated_slot_olang_map_entity_identity,master status=AUX_CN_ATTACHED; mapping method=exact_jpn_slot_page_tag_reference_index;validated_slot_olang_map_entity_identity; candidate attached as auxiliary evidence only; verify against JPN and context; auxiliary candidates only; JPN remains authoritative; verify against JPN text and context
5D09325F,11,11,11;11;11;11,4,,page28:tag9:entity11:key0029E0FC:ref11:ord0;page34:tag2:entity11:key0029E0FC:ref11:ord0;page40:tag5:entity11:key0029E0FC:ref11:ord0;page70:tag4:entity11:key0029E0FC:ref11:ord0,INFILTRATE THE CRATER BASE,PUPA BATTLE,TRAVEL TO THE CLOUD FOREST,,,,NOT_CHECKED,11,,NOT_STARTED,NOT_BUILT,NOT_TESTED,JPN_PRIMARY; MLG_CN_CONTEXT_AUXILIARY,mechanical template; resource_class=SLOT_OLANG; source_objects=4,潜入陨石坑基地,"[""潜入陨石坑基地""]",INFILTRATE THE CRATER BASE,"[""INFILTRATE THE CRATER BASE""]",AUX_CN_ATTACHED,exact_jpn_slot_page_tag_reference_index;validated_slot_olang_map_entity_identity,master status=AUX_CN_ATTACHED; mapping method=exact_jpn_slot_page_tag_reference_index;validated_slot_olang_map_entity_identity; candidate attached as auxiliary evidence only; verify against JPN and context; auxiliary candidates only; JPN remains authoritative; verify against JPN text and context
5D09325F,12,12,12;12;12;12,4,,page28:tag9:entity12:key0029E0FC:ref12:ord0;page34:tag2:entity12:key0029E0FC:ref12:ord0;page40:tag5:entity12:key0029E0FC:ref12:ord0;page70:tag4:entity12:key0029E0FC:ref12:ord0,PUPA BATTLE,TRAVEL TO THE CLOUD FOREST,ATTACK CHOPPER BATTLE: MI-24A,,,,NOT_CHECKED,26,,NOT_STARTED,NOT_BUILT,NOT_TESTED,JPN_PRIMARY; MLG_CN_CONTEXT_AUXILIARY,mechanical template; resource_class=SLOT_OLANG; source_objects=4,Pupa之战,"[""Pupa之战""]",PUPA BATTLE,"[""PUPA BATTLE""]",AUX_CN_ATTACHED,exact_jpn_slot_page_tag_reference_index;validated_slot_olang_map_entity_identity,master status=AUX_CN_ATTACHED; mapping method=exact_jpn_slot_page_tag_reference_index;validated_slot_olang_map_entity_identity; candidate attached as auxiliary evidence only; verify against JPN and context; auxiliary candidates only; JPN remains authoritative; verify against JPN text and context
5D09325F,13,13,13;141;13;141;13;141;13;141,8,,page28:tag9:entity13:key0029E0FC:ref13:ord0;page28:tag9:entity141:key0029E0FC:ref141:ord0;page34:tag2:entity13:key0029E0FC:ref13:ord0;page34:tag2:entity141:key0029E0FC:ref141:ord0;page40:tag5:entity13:key0029E0FC:ref13:ord0;page40:tag5:entity141:key0029E0FC:ref141:ord0;page70:tag4:entity13:key0029E0FC:ref13:ord0;page70:tag4:entity141:key0029E0FC:ref141:ord0,TRAVEL TO THE CLOUD FOREST,ATTACK CHOPPER BATTLE: MI-24A,HEAD FOR THE LAB,,,,NOT_CHECKED,29,,NOT_STARTED,NOT_BUILT,NOT_TESTED,JPN_PRIMARY; MLG_CN_CONTEXT_AUXILIARY,mechanical template; resource_class=SLOT_OLANG; source_objects=8,前往云雾森林,"[""前往云雾森林"",""[支线任务: 083]""]",TRAVEL TO THE CLOUD FOREST,"[""TRAVEL TO THE CLOUD FOREST"",""[EXTRA OPS: 083]""]",AUX_CN_ATTACHED,exact_jpn_slot_page_tag_reference_index;validated_slot_olang_map_entity_identity,master status=AUX_CN_ATTACHED; mapping method=exact_jpn_slot_page_tag_reference_index;validated_slot_olang_map_entity_identity; candidate attached as auxiliary evidence only; verify against JPN and context; auxiliary candidates only; JPN remains authoritative; verify against JPN text and context; multiple candidates aggregated from all real JPN references; split/merge/order mismatch remains possible
5D09325F,14,14,14;14;14;14,4,,page28:tag9:entity14:key0029E0FC:ref14:ord0;page34:tag2:entity14:key0029E0FC:ref14:ord0;page40:tag5:entity14:key0029E0FC:ref14:ord0;page70:tag4:entity14:key0029E0FC:ref14:ord0,ATTACK CHOPPER BATTLE: MI-24A,HEAD FOR THE LAB,LOCATE THE ID CARD,,,,NOT_CHECKED,16,,NOT_STARTED,NOT_BUILT,NOT_TESTED,JPN_PRIMARY; MLG_CN_CONTEXT_AUXILIARY,mechanical template; resource_class=SLOT_OLANG; source_objects=4,攻击直升机战：Mi-24A,"[""攻击直升机战：Mi-24A""]",ATTACK CHOPPER BATTLE: MI-24A,"[""ATTACK CHOPPER BATTLE: MI-24A""]",AUX_CN_ATTACHED,exact_jpn_slot_page_tag_reference_index;validated_slot_olang_map_entity_identity,master status=AUX_CN_ATTACHED; mapping method=exact_jpn_slot_page_tag_reference_index;validated_slot_olang_map_entity_identity; candidate attached as auxiliary evidence only; verify against JPN and context; auxiliary candidates only; JPN remains authoritative; verify against JPN text and context
5D09325F,15,15,15;15;15;15,4,,page28:tag9:entity15:key0029E0FC:ref15:ord0;page34:tag2:entity15:key0029E0FC:ref15:ord0;page40:tag5:entity15:key0029E0FC:ref15:ord0;page70:tag4:entity15:key0029E0FC:ref15:ord0,HEAD FOR THE LAB,LOCATE THE ID CARD,CHRYSALIS BATTLE,,,,NOT_CHECKED,18,,NOT_STARTED,NOT_BUILT,NOT_TESTED,JPN_PRIMARY; MLG_CN_CONTEXT_AUXILIARY,mechanical template; resource_class=SLOT_OLANG; source_objects=4,前往实验室,"[""前往实验室""]",HEAD FOR THE LAB,"[""HEAD FOR THE LAB""]",AUX_CN_ATTACHED,exact_jpn_slot_page_tag_reference_index;validated_slot_olang_map_entity_identity,master status=AUX_CN_ATTACHED; mapping method=exact_jpn_slot_page_tag_reference_index;validated_slot_olang_map_entity_identity; candidate attached as auxiliary evidence only; verify against JPN and context; auxiliary candidates only; JPN remains authoritative; verify against JPN text and context
5D09325F,16,16,16;16;16;16,4,,page28:tag9:entity16:key0029E0FC:ref16:ord0;page34:tag2:entity16:key0029E0FC:ref16:ord0;page40:tag5:entity16:key0029E0FC:ref16:ord0;page70:tag4:entity16:key0029E0FC:ref16:ord0,LOCATE THE ID CARD,CHRYSALIS BATTLE,TRAVEL TO THE MINE BASE,,,,NOT_CHECKED,16,,NOT_STARTED,NOT_BUILT,NOT_TESTED,JPN_PRIMARY; MLG_CN_CONTEXT_AUXILIARY,mechanical template; resource_class=SLOT_OLANG; source_objects=4,找到ID卡,"[""找到ID卡""]",LOCATE THE ID CARD,"[""LOCATE THE ID CARD""]",AUX_CN_ATTACHED,exact_jpn_slot_page_tag_reference_index;validated_slot_olang_map_entity_identity,master status=AUX_CN_ATTACHED; mapping method=exact_jpn_slot_page_tag_reference_index;validated_slot_olang_map_entity_identity; candidate attached as auxiliary evidence only; verify against JPN and context; auxiliary candidates only; JPN remains authoritative; verify against JPN text and context
5D09325F,17,17,17;17;17;17,4,,page28:tag9:entity17:key0029E0FC:ref17:ord0;page34:tag2:entity17:key0029E0FC:ref17:ord0;page40:tag5:entity17:key0029E0FC:ref17:ord0;page70:tag4:entity17:key0029E0FC:ref17:ord0,CHRYSALIS BATTLE,TRAVEL TO THE MINE BASE,ELIMINATE THE GUARDS,,,,NOT_CHECKED,23,,NOT_STARTED,NOT_BUILT,NOT_TESTED,JPN_PRIMARY; MLG_CN_CONTEXT_AUXILIARY,mechanical template; resource_class=SLOT_OLANG; source_objects=4,Chrysalis之战,"[""Chrysalis之战""]",CHRYSALIS BATTLE,"[""CHRYSALIS BATTLE""]",AUX_CN_ATTACHED,exact_jpn_slot_page_tag_reference_index;validated_slot_olang_map_entity_identity,master status=AUX_CN_ATTACHED; mapping method=exact_jpn_slot_page_tag_reference_index;validated_slot_olang_map_entity_identity; candidate attached as auxiliary evidence only; verify against JPN and context; auxiliary candidates only; JPN remains authoritative; verify against JPN text and context
5D09325F,18,18,18;18;18;18,4,,page28:tag9:entity18:key0029E0FC:ref18:ord0;page34:tag2:entity18:key0029E0FC:ref18:ord0;page40:tag5:entity18:key0029E0FC:ref18:ord0;page70:tag4:entity18:key0029E0FC:ref18:ord0,TRAVEL TO THE MINE BASE,ELIMINATE THE GUARDS,COCOON BATTLE,,,,NOT_CHECKED,20,,NOT_STARTED,NOT_BUILT,NOT_TESTED,JPN_PRIMARY; MLG_CN_CONTEXT_AUXILIARY,mechanical template; resource_class=SLOT_OLANG; source_objects=4,前往矿山基地,"[""前往矿山基地""]",TRAVEL TO THE MINE BASE,"[""TRAVEL TO THE MINE BASE""]",AUX_CN_ATTACHED,exact_jpn_slot_page_tag_reference_index;validated_slot_olang_map_entity_identity,master status=AUX_CN_ATTACHED; mapping method=exact_jpn_slot_page_tag_reference_index;validated_slot_olang_map_entity_identity; candidate attached as auxiliary evidence only; verify against JPN and context; auxiliary candidates only; JPN remains authoritative; verify against JPN text and context
5D09325F,19,19,19;19;19;19,4,,page28:tag9:entity19:key0029E0FC:ref19:ord0;page34:tag2:entity19:key0029E0FC:ref19:ord0;page40:tag5:entity19:key0029E0FC:ref19:ord0;page70:tag4:entity19:key0029E0FC:ref19:ord0,ELIMINATE THE GUARDS,COCOON BATTLE,INFILTRATE THE UNDERGROUND BASE,,,,NOT_CHECKED,13,,NOT_STARTED,NOT_BUILT,NOT_TESTED,JPN_PRIMARY; MLG_CN_CONTEXT_AUXILIARY,mechanical template; resource_class=SLOT_OLANG; source_objects=4,消灭守卫,"[""消灭守卫""]",ELIMINATE THE GUARDS,"[""ELIMINATE THE GUARDS""]",AUX_CN_ATTACHED,exact_jpn_slot_page_tag_reference_index;validated_slot_olang_map_entity_identity,master status=AUX_CN_ATTACHED; mapping method=exact_jpn_slot_page_tag_reference_index;validated_slot_olang_map_entity_identity; candidate attached as auxiliary evidence only; verify against JPN and context; auxiliary candidates only; JPN remains authoritative; verify against JPN text and context
5D09325F,20,20,20;20;20;20,4,,page28:tag9:entity20:key0029E0FC:ref20:ord0;page34:tag2:entity20:key0029E0FC:ref20:ord0;page40:tag5:entity20:key0029E0FC:ref20:ord0;page70:tag4:entity20:key0029E0FC:ref20:ord0,COCOON BATTLE,INFILTRATE THE UNDERGROUND BASE,TORTURE CHAMBER ESCAPE,,,,NOT_CHECKED,31,,NOT_STARTED,NOT_BUILT,NOT_TESTED,JPN_PRIMARY; MLG_CN_CONTEXT_AUXILIARY,mechanical template; resource_class=SLOT_OLANG; source_objects=4,Cocoon之战,"[""Cocoon之战""]",COCOON BATTLE,"[""COCOON BATTLE""]",AUX_CN_ATTACHED,exact_jpn_slot_page_tag_reference_index;validated_slot_olang_map_entity_identity,master status=AUX_CN_ATTACHED; mapping method=exact_jpn_slot_page_tag_reference_index;validated_slot_olang_map_entity_identity; candidate attached as auxiliary evidence only; verify against JPN and context; auxiliary candidates only; JPN remains authoritative; verify against JPN text and context
5D09325F,21,21,21;21;21;21,4,,page28:tag9:entity21:key0029E0FC:ref21:ord0;page34:tag2:entity21:key0029E0FC:ref21:ord0;page40:tag5:entity21:key0029E0FC:ref21:ord0;page70:tag4:entity21:key0029E0FC:ref21:ord0,INFILTRATE THE UNDERGROUND BASE,TORTURE CHAMBER ESCAPE,HEAD FOR PEACE WALKER'S HANGAR,,,,NOT_CHECKED,22,,NOT_STARTED,NOT_BUILT,NOT_TESTED,JPN_PRIMARY; MLG_CN_CONTEXT_AUXILIARY,mechanical template; resource_class=SLOT_OLANG; source_objects=4,潜入地下基地,"[""潜入地下基地""]",INFILTRATE THE UNDERGROUND BASE,"[""INFILTRATE THE UNDERGROUND BASE""]",AUX_CN_ATTACHED,exact_jpn_slot_page_tag_reference_index;validated_slot_olang_map_entity_identity,master status=AUX_CN_ATTACHED; mapping method=exact_jpn_slot_page_tag_reference_index;validated_slot_olang_map_entity_identity; candidate attached as auxiliary evidence only; verify against JPN and context; auxiliary candidates only; JPN remains authoritative; verify against JPN text and context
5D09325F,22,22,22;22;22;22,4,,page28:tag9:entity22:key0029E0FC:ref22:ord0;page34:tag2:entity22:key0029E0FC:ref22:ord0;page40:tag5:entity22:key0029E0FC:ref22:ord0;page70:tag4:entity22:key0029E0FC:ref22:ord0,TORTURE CHAMBER ESCAPE,HEAD FOR PEACE WALKER'S HANGAR,PEACE WALKER BATTLE,,,,NOT_CHECKED,30,,NOT_STARTED,NOT_BUILT,NOT_TESTED,JPN_PRIMARY; MLG_CN_CONTEXT_AUXILIARY,mechanical template; resource_class=SLOT_OLANG; source_objects=4,逃出拷问室,"[""逃出拷问室""]",TORTURE CHAMBER ESCAPE,"[""TORTURE CHAMBER ESCAPE""]",AUX_CN_ATTACHED,exact_jpn_slot_page_tag_reference_index;validated_slot_olang_map_entity_identity,master status=AUX_CN_ATTACHED; mapping method=exact_jpn_slot_page_tag_reference_index;validated_slot_olang_map_entity_identity; candidate attached as auxiliary evidence only; verify against JPN and context; auxiliary candidates only; JPN remains authoritative; verify against JPN text and context
5D09325F,23,23,23;23;23;23,4,,page28:tag9:entity23:key0029E0FC:ref23:ord0;page34:tag2:entity23:key0029E0FC:ref23:ord0;page40:tag5:entity23:key0029E0FC:ref23:ord0;page70:tag4:entity23:key0029E0FC:ref23:ord0,HEAD FOR PEACE WALKER'S HANGAR,PEACE WALKER BATTLE,M0230,,,,NOT_CHECKED,19,,NOT_STARTED,NOT_BUILT,NOT_TESTED,JPN_PRIMARY; MLG_CN_CONTEXT_AUXILIARY,mechanical template; resource_class=SLOT_OLANG; source_objects=4,前往和平行者的机库,"[""前往和平行者的机库""]",HEAD FOR PEACE WALKER'S HANGAR,"[""HEAD FOR PEACE WALKER'S HANGAR""]",AUX_CN_ATTACHED,exact_jpn_slot_page_tag_reference_index;validated_slot_olang_map_entity_identity,master status=AUX_CN_ATTACHED; mapping method=exact_jpn_slot_page_tag_reference_index;validated_slot_olang_map_entity_identity; candidate attached as auxiliary evidence only; verify against JPN and context; auxiliary candidates only; JPN remains authoritative; verify against JPN text and context
5D09325F,24,24,24;24;24;24,4,,page28:tag9:entity24:key0029E0FC:ref24:ord0;page34:tag2:entity24:key0029E0FC:ref24:ord0;page40:tag5:entity24:key0029E0FC:ref24:ord0;page70:tag4:entity24:key0029E0FC:ref24:ord0,PEACE WALKER BATTLE,M0230,INFILTRATE THE U.S. MISSILE BASE,,,,NOT_CHECKED,5,,NOT_STARTED,NOT_BUILT,NOT_TESTED,JPN_PRIMARY; MLG_CN_CONTEXT_AUXILIARY,mechanical template; resource_class=SLOT_OLANG; source_objects=4,和平行者之战,"[""和平行者之战""]",PEACE WALKER BATTLE,"[""PEACE WALKER BATTLE""]",AUX_CN_ATTACHED,exact_jpn_slot_page_tag_reference_index;validated_slot_olang_map_entity_identity,master status=AUX_CN_ATTACHED; mapping method=exact_jpn_slot_page_tag_reference_index;validated_slot_olang_map_entity_identity; candidate attached as auxiliary evidence only; verify against JPN and context; auxiliary candidates only; JPN remains authoritative; verify against JPN text and context
5D09325F,25,25,25;25;25;25,4,,page28:tag9:entity25:key0029E0FC:ref25:ord0;page34:tag2:entity25:key0029E0FC:ref25:ord0;page40:tag5:entity25:key0029E0FC:ref25:ord0;page70:tag4:entity25:key0029E0FC:ref25:ord0,M0230,INFILTRATE THE U.S. MISSILE BASE,HEAD TO THE CONTROL TOWER,,,,NOT_CHECKED,32,,NOT_STARTED,NOT_BUILT,NOT_TESTED,JPN_PRIMARY; MLG_CN_CONTEXT_AUXILIARY,mechanical template; resource_class=SLOT_OLANG; source_objects=4,M0230,"[""M0230""]",M0230,"[""M0230""]",AUX_CN_ATTACHED,exact_jpn_slot_page_tag_reference_index;validated_slot_olang_map_entity_identity,master status=AUX_CN_ATTACHED; mapping method=exact_jpn_slot_page_tag_reference_index;validated_slot_olang_map_entity_identity; candidate attached as auxiliary evidence only; verify against JPN and context; auxiliary candidates only; JPN remains authoritative; verify against JPN text and context
5D09325F,26,26,26;26;26;26,4,,page28:tag9:entity26:key0029E0FC:ref26:ord0;page34:tag2:entity26:key0029E0FC:ref26:ord0;page40:tag5:entity26:key0029E0FC:ref26:ord0;page70:tag4:entity26:key0029E0FC:ref26:ord0,INFILTRATE THE U.S. MISSILE BASE,HEAD TO THE CONTROL TOWER,PEACE WALKER BATTLE 2,,,,NOT_CHECKED,25,,NOT_STARTED,NOT_BUILT,NOT_TESTED,JPN_PRIMARY; MLG_CN_CONTEXT_AUXILIARY,mechanical template; resource_class=SLOT_OLANG; source_objects=4,潜入美国导弹基地,"[""潜入美国导弹基地""]",INFILTRATE THE U.S. MISSILE BASE,"[""INFILTRATE THE U.S. MISSILE BASE""]",AUX_CN_ATTACHED,exact_jpn_slot_page_tag_reference_index;validated_slot_olang_map_entity_identity,master status=AUX_CN_ATTACHED; mapping method=exact_jpn_slot_page_tag_reference_index;validated_slot_olang_map_entity_identity; candidate attached as auxiliary evidence only; verify against JPN and context; auxiliary candidates only; JPN remains authoritative; verify against JPN text and context
5D09325F,27,27,27;27;27;27,4,,page28:tag9:entity27:key0029E0FC:ref27:ord0;page34:tag2:entity27:key0029E0FC:ref27:ord0;page40:tag5:entity27:key0029E0FC:ref27:ord0;page70:tag4:entity27:key0029E0FC:ref27:ord0,HEAD TO THE CONTROL TOWER,PEACE WALKER BATTLE 2,ZADORNOV SEARCH MISSION,,,,NOT_CHECKED,21,,NOT_STARTED,NOT_BUILT,NOT_TESTED,JPN_PRIMARY; MLG_CN_CONTEXT_AUXILIARY,mechanical template; resource_class=SLOT_OLANG; source_objects=4,前往控制塔,"[""前往控制塔""]",HEAD TO THE CONTROL TOWER,"[""HEAD TO THE CONTROL TOWER""]",AUX_CN_ATTACHED,exact_jpn_slot_page_tag_reference_index;validated_slot_olang_map_entity_identity,master status=AUX_CN_ATTACHED; mapping method=exact_jpn_slot_page_tag_reference_index;validated_slot_olang_map_entity_identity; candidate attached as auxiliary evidence only; verify against JPN and context; auxiliary candidates only; JPN remains authoritative; verify against JPN text and context
5D09325F,28,28,28;28;28;28,4,,page28:tag9:entity28:key0029E0FC:ref28:ord0;page34:tag2:entity28:key0029E0FC:ref28:ord0;page40:tag5:entity28:key0029E0FC:ref28:ord0;page70:tag4:entity28:key0029E0FC:ref28:ord0,PEACE WALKER BATTLE 2,ZADORNOV SEARCH MISSION,ZADORNOV SEARCH MISSION 3,,,,NOT_CHECKED,23,,NOT_STARTED,NOT_BUILT,NOT_TESTED,JPN_PRIMARY; MLG_CN_CONTEXT_AUXILIARY,mechanical template; resource_class=SLOT_OLANG; source_objects=4,和平行者之战2,"[""和平行者之战2""]",PEACE WALKER BATTLE 2,"[""PEACE WALKER BATTLE 2""]",AUX_CN_ATTACHED,exact_jpn_slot_page_tag_reference_index;validated_slot_olang_map_entity_identity,master status=AUX_CN_ATTACHED; mapping method=exact_jpn_slot_page_tag_reference_index;validated_slot_olang_map_entity_identity; candidate attached as auxiliary evidence only; verify against JPN and context; auxiliary candidates only; JPN remains authoritative; verify against JPN text and context
5D09325F,29,29,29;29;29;29,4,,page28:tag9:entity29:key0029E0FC:ref29:ord0;page34:tag2:entity29:key0029E0FC:ref29:ord0;page40:tag5:entity29:key0029E0FC:ref29:ord0;page70:tag4:entity29:key0029E0FC:ref29:ord0,ZADORNOV SEARCH MISSION,ZADORNOV SEARCH MISSION 3,ZADORNOV SEARCH MISSION 4 ,,,,NOT_CHECKED,25,,NOT_STARTED,NOT_BUILT,NOT_TESTED,JPN_PRIMARY; MLG_CN_CONTEXT_AUXILIARY,mechanical template; resource_class=SLOT_OLANG; source_objects=4,Zadornov搜索任务,"[""Zadornov搜索任务""]",ZADORNOV SEARCH MISSION,"[""ZADORNOV SEARCH MISSION""]",AUX_CN_ATTACHED,exact_jpn_slot_page_tag_reference_index;validated_slot_olang_map_entity_identity,master status=AUX_CN_ATTACHED; mapping method=exact_jpn_slot_page_tag_reference_index;validated_slot_olang_map_entity_identity; candidate attached as auxiliary evidence only; verify against JPN and context; auxiliary candidates only; JPN remains authoritative; verify against JPN text and context
5D09325F,30,30,30;30;30;30,4,,page28:tag9:entity30:key0029E0FC:ref30:ord0;page34:tag2:entity30:key0029E0FC:ref30:ord0;page40:tag5:entity30:key0029E0FC:ref30:ord0;page70:tag4:entity30:key0029E0FC:ref30:ord0,ZADORNOV SEARCH MISSION 3,ZADORNOV SEARCH MISSION 4 ,ZADORNOV SEARCH MISSION 6,,,,NOT_CHECKED,26,,NOT_STARTED,NOT_BUILT,NOT_TESTED,JPN_PRIMARY; MLG_CN_CONTEXT_AUXILIARY,mechanical template; resource_class=SLOT_OLANG; source_objects=4,Zadornov搜索任务3,"[""Zadornov搜索任务3""]",ZADORNOV SEARCH MISSION 3,"[""ZADORNOV SEARCH MISSION 3""]",AUX_CN_ATTACHED,exact_jpn_slot_page_tag_reference_index;validated_slot_olang_map_entity_identity,master status=AUX_CN_ATTACHED; mapping method=exact_jpn_slot_page_tag_reference_index;validated_slot_olang_map_entity_identity; candidate attached as auxiliary evidence only; verify against JPN and context; auxiliary candidates only; JPN remains authoritative; verify against JPN text and context
5D09325F,31,31,31;31;31;31,4,,page28:tag9:entity31:key0029E0FC:ref31:ord0;page34:tag2:entity31:key0029E0FC:ref31:ord0;page40:tag5:entity31:key0029E0FC:ref31:ord0;page70:tag4:entity31:key0029E0FC:ref31:ord0,ZADORNOV SEARCH MISSION 4 ,ZADORNOV SEARCH MISSION 6,ZADORNOV SEARCH MISSION 5,,,,NOT_CHECKED,25,,NOT_STARTED,NOT_BUILT,NOT_TESTED,JPN_PRIMARY; MLG_CN_CONTEXT_AUXILIARY,mechanical template; resource_class=SLOT_OLANG; source_objects=4,Zadornov搜索任务4,"[""Zadornov搜索任务4""]",ZADORNOV SEARCH MISSION 4    ,"[""ZADORNOV SEARCH MISSION 4    ""]",AUX_CN_ATTACHED,exact_jpn_slot_page_tag_reference_index;validated_slot_olang_map_entity_identity,master status=AUX_CN_ATTACHED; mapping method=exact_jpn_slot_page_tag_reference_index;validated_slot_olang_map_entity_identity; candidate attached as auxiliary evidence only; verify against JPN and context; auxiliary candidates only; JPN remains authoritative; verify against JPN text and context
5D09325F,32,32,32;32;32;32,4,,page28:tag9:entity32:key0029E0FC:ref32:ord0;page34:tag2:entity32:key0029E0FC:ref32:ord0;page40:tag5:entity32:key0029E0FC:ref32:ord0;page70:tag4:entity32:key0029E0FC:ref32:ord0,ZADORNOV SEARCH MISSION 6,ZADORNOV SEARCH MISSION 5,ZADORNOV SEARCH MISSION 2,,,,NOT_CHECKED,25,,NOT_STARTED,NOT_BUILT,NOT_TESTED,JPN_PRIMARY; MLG_CN_CONTEXT_AUXILIARY,mechanical template; resource_class=SLOT_OLANG; source_objects=4,Zadornov搜索任务6,"[""Zadornov搜索任务6""]",ZADORNOV SEARCH MISSION 6,"[""ZADORNOV SEARCH MISSION 6""]",AUX_CN_ATTACHED,exact_jpn_slot_page_tag_reference_index;validated_slot_olang_map_entity_identity,master status=AUX_CN_ATTACHED; mapping method=exact_jpn_slot_page_tag_reference_index;validated_slot_olang_map_entity_identity; candidate attached as auxiliary evidence only; verify against JPN and context; auxiliary candidates only; JPN remains authoritative; verify against JPN text and context
5D09325F,33,33,33;33;33;33,4,,page28:tag9:entity33:key0029E0FC:ref33:ord0;page34:tag2:entity33:key0029E0FC:ref33:ord0;page40:tag5:entity33:key0029E0FC:ref33:ord0;page70:tag4:entity33:key0029E0FC:ref33:ord0,ZADORNOV SEARCH MISSION 5,ZADORNOV SEARCH MISSION 2,ZEKE BATTLE,,,,NOT_CHECKED,25,,NOT_STARTED,NOT_BUILT,NOT_TESTED,JPN_PRIMARY; MLG_CN_CONTEXT_AUXILIARY,mechanical template; resource_class=SLOT_OLANG; source_objects=4,Zadornov搜索任务5,"[""Zadornov搜索任务5""]",ZADORNOV SEARCH MISSION 5    ,"[""ZADORNOV SEARCH MISSION 5    ""]",AUX_CN_ATTACHED,exact_jpn_slot_page_tag_reference_index;validated_slot_olang_map_entity_identity,master status=AUX_CN_ATTACHED; mapping method=exact_jpn_slot_page_tag_reference_index;validated_slot_olang_map_entity_identity; candidate attached as auxiliary evidence only; verify against JPN and context; auxiliary candidates only; JPN remains authoritative; verify against JPN text and context
5D09325F,34,34,34;34;34;34,4,,page28:tag9:entity34:key0029E0FC:ref34:ord0;page34:tag2:entity34:key0029E0FC:ref34:ord0;page40:tag5:entity34:key0029E0FC:ref34:ord0;page70:tag4:entity34:key0029E0FC:ref34:ord0,ZADORNOV SEARCH MISSION 2,ZEKE BATTLE,MARKSMANSHIP CHALLENGE,,,,NOT_CHECKED,11,,NOT_STARTED,NOT_BUILT,NOT_TESTED,JPN_PRIMARY; MLG_CN_CONTEXT_AUXILIARY,mechanical template; resource_class=SLOT_OLANG; source_objects=4,Zadornov搜索任务2,"[""Zadornov搜索任务2""]",ZADORNOV SEARCH MISSION 2,"[""ZADORNOV SEARCH MISSION 2""]",AUX_CN_ATTACHED,exact_jpn_slot_page_tag_reference_index;validated_slot_olang_map_entity_identity,master status=AUX_CN_ATTACHED; mapping method=exact_jpn_slot_page_tag_reference_index;validated_slot_olang_map_entity_identity; candidate attached as auxiliary evidence only; verify against JPN and context; auxiliary candidates only; JPN remains authoritative; verify against JPN text and context
5D09325F,35,35,35;36;37;38;39;114;35;36;37;38;39;114;35;36;37;38;39;114;35;36;37;38;39;114,24,,page28:tag9:entity35:key0029E0FC:ref35:ord0;page28:tag9:entity36:key0029E0FC:ref36:ord0;page28:tag9:entity37:key0029E0FC:ref37:ord0;page28:tag9:entity38:key0029E0FC:ref38:ord0;page28:tag9:entity39:key0029E0FC:ref39:ord0;page28:tag9:entity114:key0029E0FC:ref114:ord0;page34:tag2:entity35:key0029E0FC:ref35:ord0;page34:tag2:entity36:key0029E0FC:ref36:ord0;page34:tag2:entity37:key0029E0FC:ref37:ord0;page34:tag2:entity38:key0029E0FC:ref38:ord0;page34:tag2:entity39:key0029E0FC:ref39:ord0;page34:tag2:entity114:key0029E0FC:ref114:ord0;page40:tag5:entity35:key0029E0FC:ref35:ord0;page40:tag5:entity36:key0029E0FC:ref36:ord0;page40:tag5:entity37:key0029E0FC:ref37:ord0;page40:tag5:entity38:key0029E0FC:ref38:ord0;page40:tag5:entity39:key0029E0FC:ref39:ord0;page40:tag5:entity114:key0029E0FC:ref114:ord0;page70:tag4:entity35:key0029E0FC:ref35:ord0;page70:tag4:entity36:key0029E0FC:ref36:ord0;page70:tag4:entity37:key0029E0FC:ref37:ord0;page70:tag4:entity38:key0029E0FC:ref38:ord0;page70:tag4:entity39:key0029E0FC:ref39:ord0;page70:tag4:entity114:key0029E0FC:ref114:ord0,ZEKE BATTLE,MARKSMANSHIP CHALLENGE,ITEM CAPTURE,,,,NOT_CHECKED,22,,NOT_STARTED,NOT_BUILT,NOT_TESTED,JPN_PRIMARY; MLG_CN_CONTEXT_AUXILIARY,mechanical template; resource_class=SLOT_OLANG; source_objects=24,ZEKE之战,"[""ZEKE之战"",""[支线任务: 005]"",""[支线任务: 006]"",""[支线任务: 007]"",""射击挑战"",""[支线任务: 025]""]",ZEKE BATTLE,"[""ZEKE BATTLE"",""[EXTRA OPS: 005]"",""[EXTRA OPS: 006]"",""[EXTRA OPS: 007]"",""MARKSMANSHIP CHALLENGE"",""[EXTRA OPS: 025]""]",AUX_CN_ATTACHED,exact_jpn_slot_page_tag_reference_index;validated_slot_olang_map_entity_identity,master status=AUX_CN_ATTACHED; mapping method=exact_jpn_slot_page_tag_reference_index;validated_slot_olang_map_entity_identity; candidate attached as auxiliary evidence only; verify against JPN and context; auxiliary candidates only; JPN remains authoritative; verify against JPN text and context; multiple candidates aggregated from all real JPN references; split/merge/order mismatch remains possible
5D09325F,36,40,40;41;40;41;40;41;40;41,8,,page28:tag9:entity40:key0029E0FC:ref40:ord0;page28:tag9:entity41:key0029E0FC:ref41:ord0;page34:tag2:entity40:key0029E0FC:ref40:ord0;page34:tag2:entity41:key0029E0FC:ref41:ord0;page40:tag5:entity40:key0029E0FC:ref40:ord0;page40:tag5:entity41:key0029E0FC:ref41:ord0;page70:tag4:entity40:key0029E0FC:ref40:ord0;page70:tag4:entity41:key0029E0FC:ref41:ord0,MARKSMANSHIP CHALLENGE,ITEM CAPTURE,CLASSIFIED DOCUMENT RETRIEVAL,,,,NOT_CHECKED,12,,NOT_STARTED,NOT_BUILT,NOT_TESTED,JPN_PRIMARY; MLG_CN_CONTEXT_AUXILIARY,mechanical template; resource_class=SLOT_OLANG; source_objects=8,[支线任务: 009],"[""[支线任务: 009]"",""[支线任务: 028]""]",[EXTRA OPS: 009],"[""[EXTRA OPS: 009]"",""[EXTRA OPS: 028]""]",AUX_CN_ATTACHED,exact_jpn_slot_page_tag_reference_index;validated_slot_olang_map_entity_identity,master status=AUX_CN_ATTACHED; mapping method=exact_jpn_slot_page_tag_reference_index;validated_slot_olang_map_entity_identity; candidate attached as auxiliary evidence only; verify against JPN and context; auxiliary candidates only; JPN remains authoritative; verify against JPN text and context; multiple candidates aggregated from all real JPN references; split/merge/order mismatch remains possible
5D09325F,37,42,42;43;44;42;43;44;42;43;44;42;43;44,12,,page28:tag9:entity42:key0029E0FC:ref42:ord0;page28:tag9:entity43:key0029E0FC:ref43:ord0;page28:tag9:entity44:key0029E0FC:ref44:ord0;page34:tag2:entity42:key0029E0FC:ref42:ord0;page34:tag2:entity43:key0029E0FC:ref43:ord0;page34:tag2:entity44:key0029E0FC:ref44:ord0;page40:tag5:entity42:key0029E0FC:ref42:ord0;page40:tag5:entity43:key0029E0FC:ref43:ord0;page40:tag5:entity44:key0029E0FC:ref44:ord0;page70:tag4:entity42:key0029E0FC:ref42:ord0;page70:tag4:entity43:key0029E0FC:ref43:ord0;page70:tag4:entity44:key0029E0FC:ref44:ord0,ITEM CAPTURE,CLASSIFIED DOCUMENT RETRIEVAL,DEAD MAN'S TREASURE,,,,NOT_CHECKED,29,,NOT_STARTED,NOT_BUILT,NOT_TESTED,JPN_PRIMARY; MLG_CN_CONTEXT_AUXILIARY,mechanical template; resource_class=SLOT_OLANG; source_objects=12,[支线任务: 029],"[""[支线任务: 029]"",""[支线任务: 032]"",""[支线任务: 030]""]",[EXTRA OPS: 029],"[""[EXTRA OPS: 029]"",""[EXTRA OPS: 032]"",""[EXTRA OPS: 030]""]",AUX_CN_ATTACHED,exact_jpn_slot_page_tag_reference_index;validated_slot_olang_map_entity_identity,master status=AUX_CN_ATTACHED; mapping method=exact_jpn_slot_page_tag_reference_index;validated_slot_olang_map_entity_identity; candidate attached as auxiliary evidence only; verify against JPN and context; auxiliary candidates only; JPN remains authoritative; verify against JPN text and context; multiple candidates aggregated from all real JPN references; split/merge/order mismatch remains possible
5D09325F,38,45,45;46;47;50;45;46;47;50;45;46;47;50;45;46;47;50,16,,page28:tag9:entity45:key0029E0FC:ref45:ord0;page28:tag9:entity46:key0029E0FC:ref46:ord0;page28:tag9:entity47:key0029E0FC:ref47:ord0;page28:tag9:entity50:key0029E0FC:ref50:ord0;page34:tag2:entity45:key0029E0FC:ref45:ord0;page34:tag2:entity46:key0029E0FC:ref46:ord0;page34:tag2:entity47:key0029E0FC:ref47:ord0;page34:tag2:entity50:key0029E0FC:ref50:ord0;page40:tag5:entity45:key0029E0FC:ref45:ord0;page40:tag5:entity46:key0029E0FC:ref46:ord0;page40:tag5:entity47:key0029E0FC:ref47:ord0;page40:tag5:entity50:key0029E0FC:ref50:ord0;page70:tag4:entity45:key0029E0FC:ref45:ord0;page70:tag4:entity46:key0029E0FC:ref46:ord0;page70:tag4:entity47:key0029E0FC:ref47:ord0;page70:tag4:entity50:key0029E0FC:ref50:ord0,CLASSIFIED DOCUMENT RETRIEVAL,DEAD MAN'S TREASURE,CLAYMORE DISARMAMENT,,,,NOT_CHECKED,19,,NOT_STARTED,NOT_BUILT,NOT_TESTED,JPN_PRIMARY; MLG_CN_CONTEXT_AUXILIARY,mechanical template; resource_class=SLOT_OLANG; source_objects=16,[支线任务: 031],"[""[支线任务: 031]"",""[支线任务: 062]"",""[支线任务: 060]"",""[支线任务: 033]""]",[EXTRA OPS: 031],"[""[EXTRA OPS: 031]"",""[EXTRA OPS: 062]"",""[EXTRA OPS: 060]"",""[EXTRA OPS: 033]""]",AUX_CN_ATTACHED,exact_jpn_slot_page_tag_reference_index;validated_slot_olang_map_entity_identity,master status=AUX_CN_ATTACHED; mapping method=exact_jpn_slot_page_tag_reference_index;validated_slot_olang_map_entity_identity; candidate attached as auxiliary evidence only; verify against JPN and context; auxiliary candidates only; JPN remains authoritative; verify against JPN text and context; multiple candidates aggregated from all real JPN references; split/merge/order mismatch remains possible
5D09325F,39,48,48;49;48;49;48;49;48;49,8,,page28:tag9:entity48:key0029E0FC:ref48:ord0;page28:tag9:entity49:key0029E0FC:ref49:ord0;page34:tag2:entity48:key0029E0FC:ref48:ord0;page34:tag2:entity49:key0029E0FC:ref49:ord0;page40:tag5:entity48:key0029E0FC:ref48:ord0;page40:tag5:entity49:key0029E0FC:ref49:ord0;page70:tag4:entity48:key0029E0FC:ref48:ord0;page70:tag4:entity49:key0029E0FC:ref49:ord0,DEAD MAN'S TREASURE,CLAYMORE DISARMAMENT,DEAD MAN'S TREASURE,,,,NOT_CHECKED,20,,NOT_STARTED,NOT_BUILT,NOT_TESTED,JPN_PRIMARY; MLG_CN_CONTEXT_AUXILIARY,mechanical template; resource_class=SLOT_OLANG; source_objects=8,[支线任务: 061],"[""[支线任务: 061]"",""[支线任务: 034]""]",[EXTRA OPS: 061],"[""[EXTRA OPS: 061]"",""[EXTRA OPS: 034]""]",AUX_CN_ATTACHED,exact_jpn_slot_page_tag_reference_index;validated_slot_olang_map_entity_identity,master status=AUX_CN_ATTACHED; mapping method=exact_jpn_slot_page_tag_reference_index;validated_slot_olang_map_entity_identity; candidate attached as auxiliary evidence only; verify against JPN and context; auxiliary candidates only; JPN remains authoritative; verify against JPN text and context; multiple candidates aggregated from all real JPN references; split/merge/order mismatch remains possible
5D09325F,40,51,51;52;53;54;55;56;57;58;59;60;51;52;53;54;55;56;57;58;59;60;51;52;53;54;55;56;57;58;59;60;51;52;53;54;55;56;57;58;59;60,40,,page28:tag9:entity51:key0029E0FC:ref51:ord0;page28:tag9:entity52:key0029E0FC:ref52:ord0;page28:tag9:entity53:key0029E0FC:ref53:ord0;page28:tag9:entity54:key0029E0FC:ref54:ord0;page28:tag9:entity55:key0029E0FC:ref55:ord0;page28:tag9:entity56:key0029E0FC:ref56:ord0;page28:tag9:entity57:key0029E0FC:ref57:ord0;page28:tag9:entity58:key0029E0FC:ref58:ord0;page28:tag9:entity59:key0029E0FC:ref59:ord0;page28:tag9:entity60:key0029E0FC:ref60:ord0;page34:tag2:entity51:key0029E0FC:ref51:ord0;page34:tag2:entity52:key0029E0FC:ref52:ord0;page34:tag2:entity53:key0029E0FC:ref53:ord0;page34:tag2:entity54:key0029E0FC:ref54:ord0;page34:tag2:entity55:key0029E0FC:ref55:ord0;page34:tag2:entity56:key0029E0FC:ref56:ord0;page34:tag2:entity57:key0029E0FC:ref57:ord0;page34:tag2:entity58:key0029E0FC:ref58:ord0;page34:tag2:entity59:key0029E0FC:ref59:ord0;page34:tag2:entity60:key0029E0FC:ref60:ord0;page40:tag5:entity51:key0029E0FC:ref51:ord0;page40:tag5:entity52:key0029E0FC:ref52:ord0;page40:tag5:entity53:key0029E0FC:ref53:ord0;page40:tag5:entity54:key0029E0FC:ref54:ord0;page40:tag5:entity55:key0029E0FC:ref55:ord0;page40:tag5:entity56:key0029E0FC:ref56:ord0;page40:tag5:entity57:key0029E0FC:ref57:ord0;page40:tag5:entity58:key0029E0FC:ref58:ord0;page40:tag5:entity59:key0029E0FC:ref59:ord0;page40:tag5:entity60:key0029E0FC:ref60:ord0;page70:tag4:entity51:key0029E0FC:ref51:ord0;page70:tag4:entity52:key0029E0FC:ref52:ord0;page70:tag4:entity53:key0029E0FC:ref53:ord0;page70:tag4:entity54:key0029E0FC:ref54:ord0;page70:tag4:entity55:key0029E0FC:ref55:ord0;page70:tag4:entity56:key0029E0FC:ref56:ord0;page70:tag4:entity57:key0029E0FC:ref57:ord0;page70:tag4:entity58:key0029E0FC:ref58:ord0;page70:tag4:entity59:key0029E0FC:ref59:ord0;page70:tag4:entity60:key0029E0FC:ref60:ord0,DEAD MAN'S TREASURE,FULTON RECOVERY,DEFEND KEY SUPPLIES,,,,NOT_CHECKED,15,,NOT_STARTED,NOT_BUILT,NOT_TESTED,JPN_PRIMARY; MLG_CN_CONTEXT_AUXILIARY,mechanical template; resource_class=SLOT_OLANG; source_objects=40,死者的宝藏,"[""死者的宝藏"",""[支线任务: 010]"",""[支线任务: 011]"",""[支线任务: 014]"",""[支线任务: 016]"",""[支线任务: 013]"",""[支线任务: 012]"",""富尔顿回收"",""[支线任务: 015]"",""[支线任务: 017]""]",DEAD MAN'S TREASURE,"[""DEAD MAN'S TREASURE"",""[EXTRA OPS: 010]"",""[EXTRA OPS: 011]"",""[EXTRA OPS: 014]"",""[EXTRA OPS: 016]"",""[EXTRA OPS: 013]"",""[EXTRA OPS: 012]"",""FULTON RECOVERY"",""[EXTRA OPS: 015]"",""[EXTRA OPS: 017]""]",AUX_CN_ATTACHED,exact_jpn_slot_page_tag_reference_index;validated_slot_olang_map_entity_identity,master status=AUX_CN_ATTACHED; mapping method=exact_jpn_slot_page_tag_reference_index;validated_slot_olang_map_entity_identity; candidate attached as auxiliary evidence only; verify against JPN and context; auxiliary candidates only; JPN remains authoritative; verify against JPN text and context; multiple candidates aggregated from all real JPN references; split/merge/order mismatch remains possible
5D09325F,41,61,61;64;65;61;64;65;61;64;65;61;64;65,12,,page28:tag9:entity61:key0029E0FC:ref61:ord0;page28:tag9:entity64:key0029E0FC:ref64:ord0;page28:tag9:entity65:key0029E0FC:ref65:ord0;page34:tag2:entity61:key0029E0FC:ref61:ord0;page34:tag2:entity64:key0029E0FC:ref64:ord0;page34:tag2:entity65:key0029E0FC:ref65:ord0;page40:tag5:entity61:key0029E0FC:ref61:ord0;page40:tag5:entity64:key0029E0FC:ref64:ord0;page40:tag5:entity65:key0029E0FC:ref65:ord0;page70:tag4:entity61:key0029E0FC:ref61:ord0;page70:tag4:entity64:key0029E0FC:ref64:ord0;page70:tag4:entity65:key0029E0FC:ref65:ord0,FULTON RECOVERY,DEFEND KEY SUPPLIES,BASE DEFENSE,,,,NOT_CHECKED,19,,NOT_STARTED,NOT_BUILT,NOT_TESTED,JPN_PRIMARY; MLG_CN_CONTEXT_AUXILIARY,mechanical template; resource_class=SLOT_OLANG; source_objects=12,富尔顿回收,"[""富尔顿回收"",""[支线任务: 041]"",""守卫关键物资""]",FULTON RECOVERY,"[""FULTON RECOVERY"",""[EXTRA OPS: 041]"",""DEFEND KEY SUPPLIES""]",AUX_CN_ATTACHED,exact_jpn_slot_page_tag_reference_index;validated_slot_olang_map_entity_identity,master status=AUX_CN_ATTACHED; mapping method=exact_jpn_slot_page_tag_reference_index;validated_slot_olang_map_entity_identity; candidate attached as auxiliary evidence only; verify against JPN and context; auxiliary candidates only; JPN remains authoritative; verify against JPN text and context; multiple candidates aggregated from all real JPN references; split/merge/order mismatch remains possible
5D09325F,42,62,62;63;67;116;117;62;63;67;116;117;62;63;67;116;117;62;63;67;116;117,20,,page28:tag9:entity62:key0029E0FC:ref62:ord0;page28:tag9:entity63:key0029E0FC:ref63:ord0;page28:tag9:entity67:key0029E0FC:ref67:ord0;page28:tag9:entity116:key0029E0FC:ref116:ord0;page28:tag9:entity117:key0029E0FC:ref117:ord0;page34:tag2:entity62:key0029E0FC:ref62:ord0;page34:tag2:entity63:key0029E0FC:ref63:ord0;page34:tag2:entity67:key0029E0FC:ref67:ord0;page34:tag2:entity116:key0029E0FC:ref116:ord0;page34:tag2:entity117:key0029E0FC:ref117:ord0;page40:tag5:entity62:key0029E0FC:ref62:ord0;page40:tag5:entity63:key0029E0FC:ref63:ord0;page40:tag5:entity67:key0029E0FC:ref67:ord0;page40:tag5:entity116:key0029E0FC:ref116:ord0;page40:tag5:entity117:key0029E0FC:ref117:ord0;page70:tag4:entity62:key0029E0FC:ref62:ord0;page70:tag4:entity63:key0029E0FC:ref63:ord0;page70:tag4:entity67:key0029E0FC:ref67:ord0;page70:tag4:entity116:key0029E0FC:ref116:ord0;page70:tag4:entity117:key0029E0FC:ref117:ord0,DEFEND KEY SUPPLIES,BASE DEFENSE,DEFEND KEY SUPPLIES,,,,NOT_CHECKED,12,,NOT_STARTED,NOT_BUILT,NOT_TESTED,JPN_PRIMARY; MLG_CN_CONTEXT_AUXILIARY,mechanical template; resource_class=SLOT_OLANG; source_objects=20,[支线任务: 044],"[""[支线任务: 044]"",""[支线任务: 039]"",""[支线任务: 042]"",""Pooyan任务"",""基地防御""]",[EXTRA OPS: 044],"[""[EXTRA OPS: 044]"",""[EXTRA OPS: 039]"",""[EXTRA OPS: 042]"",""POOYAN MISSION"",""BASE DEFENSE""]",AUX_CN_ATTACHED,exact_jpn_slot_page_tag_reference_index;validated_slot_olang_map_entity_identity,master status=AUX_CN_ATTACHED; mapping method=exact_jpn_slot_page_tag_reference_index;validated_slot_olang_map_entity_identity; candidate attached as auxiliary evidence only; verify against JPN and context; auxiliary candidates only; JPN remains authoritative; verify against JPN text and context; multiple candidates aggregated from all real JPN references; split/merge/order mismatch remains possible
5D09325F,43,66,66;66;66;66,4,,page28:tag9:entity66:key0029E0FC:ref66:ord0;page34:tag2:entity66:key0029E0FC:ref66:ord0;page40:tag5:entity66:key0029E0FC:ref66:ord0;page70:tag4:entity66:key0029E0FC:ref66:ord0,DEFEND KEY SUPPLIES,POW DEFENSE,BASE DEFENSE,,,,NOT_CHECKED,11,,NOT_STARTED,NOT_BUILT,NOT_TESTED,JPN_PRIMARY; MLG_CN_CONTEXT_AUXILIARY,mechanical template; resource_class=SLOT_OLANG; source_objects=4,[支线任务: 043],"[""[支线任务: 043]""]",[EXTRA OPS: 043],"[""[EXTRA OPS: 043]""]",AUX_CN_ATTACHED,exact_jpn_slot_page_tag_reference_index;validated_slot_olang_map_entity_identity,master status=AUX_CN_ATTACHED; mapping method=exact_jpn_slot_page_tag_reference_index;validated_slot_olang_map_entity_identity; candidate attached as auxiliary evidence only; verify against JPN and context; auxiliary candidates only; JPN remains authoritative; verify against JPN text and context
5D09325F,44,68,68;69;70;71;72;73;68;69;70;71;72;73;68;69;70;71;72;73;68;69;70;71;72;73,24,,page28:tag9:entity68:key0029E0FC:ref68:ord0;page28:tag9:entity69:key0029E0FC:ref69:ord0;page28:tag9:entity70:key0029E0FC:ref70:ord0;page28:tag9:entity71:key0029E0FC:ref71:ord0;page28:tag9:entity72:key0029E0FC:ref72:ord0;page28:tag9:entity73:key0029E0FC:ref73:ord0;page34:tag2:entity68:key0029E0FC:ref68:ord0;page34:tag2:entity69:key0029E0FC:ref69:ord0;page34:tag2:entity70:key0029E0FC:ref70:ord0;page34:tag2:entity71:key0029E0FC:ref71:ord0;page34:tag2:entity72:key0029E0FC:ref72:ord0;page34:tag2:entity73:key0029E0FC:ref73:ord0;page40:tag5:entity68:key0029E0FC:ref68:ord0;page40:tag5:entity69:key0029E0FC:ref69:ord0;page40:tag5:entity70:key0029E0FC:ref70:ord0;page40:tag5:entity71:key0029E0FC:ref71:ord0;page40:tag5:entity72:key0029E0FC:ref72:ord0;page40:tag5:entity73:key0029E0FC:ref73:ord0;page70:tag4:entity68:key0029E0FC:ref68:ord0;page70:tag4:entity69:key0029E0FC:ref69:ord0;page70:tag4:entity70:key0029E0FC:ref70:ord0;page70:tag4:entity71:key0029E0FC:ref71:ord0;page70:tag4:entity72:key0029E0FC:ref72:ord0;page70:tag4:entity73:key0029E0FC:ref73:ord0,BASE DEFENSE,TARGET DEMOLITION,CARGO TRUCK DEMOLITION,,,,NOT_CHECKED,17,,NOT_STARTED,NOT_BUILT,NOT_TESTED,JPN_PRIMARY; MLG_CN_CONTEXT_AUXILIARY,mechanical template; resource_class=SLOT_OLANG; source_objects=24,[支线任务: 038],"[""[支线任务: 038]"",""目标爆破"",""[支线任务: 018]"",""[支线任务: 019]""]",[EXTRA OPS: 038],"[""[EXTRA OPS: 038]"",""TARGET DEMOLITION"",""[EXTRA OPS: 018]"",""[EXTRA OPS: 019]""]",AUX_CN_ATTACHED,exact_jpn_slot_page_tag_reference_index;validated_slot_olang_map_entity_identity,master status=AUX_CN_ATTACHED; mapping method=exact_jpn_slot_page_tag_reference_index;validated_slot_olang_map_entity_identity; candidate attached as auxiliary evidence only; verify against JPN and context; auxiliary candidates only; JPN remains authoritative; verify against JPN text and context; multiple candidates aggregated from all real JPN references; split/merge/order mismatch remains possible
5D09325F,45,74,74;75;74;75;74;75;74;75,8,,page28:tag9:entity74:key0029E0FC:ref74:ord0;page28:tag9:entity75:key0029E0FC:ref75:ord0;page34:tag2:entity74:key0029E0FC:ref74:ord0;page34:tag2:entity75:key0029E0FC:ref75:ord0;page40:tag5:entity74:key0029E0FC:ref74:ord0;page40:tag5:entity75:key0029E0FC:ref75:ord0;page70:tag4:entity74:key0029E0FC:ref74:ord0;page70:tag4:entity75:key0029E0FC:ref75:ord0,TARGET DEMOLITION,CARGO TRUCK DEMOLITION,ELIMINATE ENEMY SOLDIERS,,,,NOT_CHECKED,22,,NOT_STARTED,NOT_BUILT,NOT_TESTED,JPN_PRIMARY; MLG_CN_CONTEXT_AUXILIARY,mechanical template; resource_class=SLOT_OLANG; source_objects=8,[支线任务: 020],"[""[支线任务: 020]"",""摧毁货运卡车""]",[EXTRA OPS: 020],"[""[EXTRA OPS: 020]"",""CARGO TRUCK DEMOLITION""]",AUX_CN_ATTACHED,exact_jpn_slot_page_tag_reference_index;validated_slot_olang_map_entity_identity,master status=AUX_CN_ATTACHED; mapping method=exact_jpn_slot_page_tag_reference_index;validated_slot_olang_map_entity_identity; candidate attached as auxiliary evidence only; verify against JPN and context; auxiliary candidates only; JPN remains authoritative; verify against JPN text and context; multiple candidates aggregated from all real JPN references; split/merge/order mismatch remains possible
5D09325F,46,76,76;77;78;79;80;113;118;76;77;78;79;80;113;118;76;77;78;79;80;113;118;76;77;78;79;80;113;118,28,,page28:tag9:entity76:key0029E0FC:ref76:ord0;page28:tag9:entity77:key0029E0FC:ref77:ord0;page28:tag9:entity78:key0029E0FC:ref78:ord0;page28:tag9:entity79:key0029E0FC:ref79:ord0;page28:tag9:entity80:key0029E0FC:ref80:ord0;page28:tag9:entity113:key0029E0FC:ref113:ord0;page28:tag9:entity118:key0029E0FC:ref118:ord0;page34:tag2:entity76:key0029E0FC:ref76:ord0;page34:tag2:entity77:key0029E0FC:ref77:ord0;page34:tag2:entity78:key0029E0FC:ref78:ord0;page34:tag2:entity79:key0029E0FC:ref79:ord0;page34:tag2:entity80:key0029E0FC:ref80:ord0;page34:tag2:entity113:key0029E0FC:ref113:ord0;page34:tag2:entity118:key0029E0FC:ref118:ord0;page40:tag5:entity76:key0029E0FC:ref76:ord0;page40:tag5:entity77:key0029E0FC:ref77:ord0;page40:tag5:entity78:key0029E0FC:ref78:ord0;page40:tag5:entity79:key0029E0FC:ref79:ord0;page40:tag5:entity80:key0029E0FC:ref80:ord0;page40:tag5:entity113:key0029E0FC:ref113:ord0;page40:tag5:entity118:key0029E0FC:ref118:ord0;page70:tag4:entity76:key0029E0FC:ref76:ord0;page70:tag4:entity77:key0029E0FC:ref77:ord0;page70:tag4:entity78:key0029E0FC:ref78:ord0;page70:tag4:entity79:key0029E0FC:ref79:ord0;page70:tag4:entity80:key0029E0FC:ref80:ord0;page70:tag4:entity113:key0029E0FC:ref113:ord0;page70:tag4:entity118:key0029E0FC:ref118:ord0,CARGO TRUCK DEMOLITION,ELIMINATE ENEMY SOLDIERS,ELIMINATE THE KIDNAPPERS,,,,NOT_CHECKED,24,,NOT_STARTED,NOT_BUILT,NOT_TESTED,JPN_PRIMARY; MLG_CN_CONTEXT_AUXILIARY,mechanical template; resource_class=SLOT_OLANG; source_objects=28,[支线任务: 021],"[""[支线任务: 021]"",""[支线任务: 026]"",""[支线任务: 023]"",""[支线任务: 024]"",""消灭敌方士兵"",""[支线任务: 058]"",""[支线任务: 040]""]",[EXTRA OPS: 021],"[""[EXTRA OPS: 021]"",""[EXTRA OPS: 026]"",""[EXTRA OPS: 023]"",""[EXTRA OPS: 024]"",""ELIMINATE ENEMY SOLDIERS"",""[EXTRA OPS: 058]"",""[EXTRA OPS: 040]""]",AUX_CN_ATTACHED,exact_jpn_slot_page_tag_reference_index;validated_slot_olang_map_entity_identity,master status=AUX_CN_ATTACHED; mapping method=exact_jpn_slot_page_tag_reference_index;validated_slot_olang_map_entity_identity; candidate attached as auxiliary evidence only; verify against JPN and context; auxiliary candidates only; JPN remains authoritative; verify against JPN text and context; multiple candidates aggregated from all real JPN references; split/merge/order mismatch remains possible
5D09325F,47,81,81;81;81;81,4,,page28:tag9:entity81:key0029E0FC:ref81:ord0;page34:tag2:entity81:key0029E0FC:ref81:ord0;page40:tag5:entity81:key0029E0FC:ref81:ord0;page70:tag4:entity81:key0029E0FC:ref81:ord0,ELIMINATE ENEMY SOLDIERS,ELIMINATE THE KIDNAPPERS,HOLD UP,,,,NOT_CHECKED,24,,NOT_STARTED,NOT_BUILT,NOT_TESTED,JPN_PRIMARY; MLG_CN_CONTEXT_AUXILIARY,mechanical template; resource_class=SLOT_OLANG; source_objects=4,[支线任务: 022],"[""[支线任务: 022]""]",[EXTRA OPS: 022],"[""[EXTRA OPS: 022]""]",AUX_CN_ATTACHED,exact_jpn_slot_page_tag_reference_index;validated_slot_olang_map_entity_identity,master status=AUX_CN_ATTACHED; mapping method=exact_jpn_slot_page_tag_reference_index;validated_slot_olang_map_entity_identity; candidate attached as auxiliary evidence only; verify against JPN and context; auxiliary candidates only; JPN remains authoritative; verify against JPN text and context
5D09325F,48,82,82;83;92;82;83;92;82;83;92;82;83;92,12,,page28:tag9:entity82:key0029E0FC:ref82:ord0;page28:tag9:entity83:key0029E0FC:ref83:ord0;page28:tag9:entity92:key0029E0FC:ref92:ord0;page34:tag2:entity82:key0029E0FC:ref82:ord0;page34:tag2:entity83:key0029E0FC:ref83:ord0;page34:tag2:entity92:key0029E0FC:ref92:ord0;page40:tag5:entity82:key0029E0FC:ref82:ord0;page40:tag5:entity83:key0029E0FC:ref83:ord0;page40:tag5:entity92:key0029E0FC:ref92:ord0;page70:tag4:entity82:key0029E0FC:ref82:ord0;page70:tag4:entity83:key0029E0FC:ref83:ord0;page70:tag4:entity92:key0029E0FC:ref92:ord0,ELIMINATE THE KIDNAPPERS,HOLD UP,ITEM RUNNER,,,,NOT_CHECKED,7,,NOT_STARTED,NOT_BUILT,NOT_TESTED,JPN_PRIMARY; MLG_CN_CONTEXT_AUXILIARY,mechanical template; resource_class=SLOT_OLANG; source_objects=12,[支线任务: 052],"[""[支线任务: 052]"",""[支线任务: 035]"",""[支线任务: 066]""]",[EXTRA OPS: 052],"[""[EXTRA OPS: 052]"",""[EXTRA OPS: 035]"",""[EXTRA OPS: 066]""]",AUX_CN_ATTACHED,exact_jpn_slot_page_tag_reference_index;validated_slot_olang_map_entity_identity,master status=AUX_CN_ATTACHED; mapping method=exact_jpn_slot_page_tag_reference_index;validated_slot_olang_map_entity_identity; candidate attached as auxiliary evidence only; verify against JPN and context; auxiliary candidates only; JPN remains authoritative; verify against JPN text and context; multiple candidates aggregated from all real JPN references; split/merge/order mismatch remains possible
5D09325F,49,84,84;84;84;84,4,,page28:tag9:entity84:key0029E0FC:ref84:ord0;page34:tag2:entity84:key0029E0FC:ref84:ord0;page40:tag5:entity84:key0029E0FC:ref84:ord0;page70:tag4:entity84:key0029E0FC:ref84:ord0,HOLD UP,ITEM RUNNER,ONE SHOT,,,,NOT_CHECKED,11,,NOT_STARTED,NOT_BUILT,NOT_TESTED,JPN_PRIMARY; MLG_CN_CONTEXT_AUXILIARY,mechanical template; resource_class=SLOT_OLANG; source_objects=4,[支线任务: 037],"[""[支线任务: 037]""]",[EXTRA OPS: 037],"[""[EXTRA OPS: 037]""]",AUX_CN_ATTACHED,exact_jpn_slot_page_tag_reference_index;validated_slot_olang_map_entity_identity,master status=AUX_CN_ATTACHED; mapping method=exact_jpn_slot_page_tag_reference_index;validated_slot_olang_map_entity_identity; candidate attached as auxiliary evidence only; verify against JPN and context; auxiliary candidates only; JPN remains authoritative; verify against JPN text and context
5D09325F,50,85,85;86;87;85;86;87;85;86;87;85;86;87,12,,page28:tag9:entity85:key0029E0FC:ref85:ord0;page28:tag9:entity86:key0029E0FC:ref86:ord0;page28:tag9:entity87:key0029E0FC:ref87:ord0;page34:tag2:entity85:key0029E0FC:ref85:ord0;page34:tag2:entity86:key0029E0FC:ref86:ord0;page34:tag2:entity87:key0029E0FC:ref87:ord0;page40:tag5:entity85:key0029E0FC:ref85:ord0;page40:tag5:entity86:key0029E0FC:ref86:ord0;page40:tag5:entity87:key0029E0FC:ref87:ord0;page70:tag4:entity85:key0029E0FC:ref85:ord0;page70:tag4:entity86:key0029E0FC:ref86:ord0;page70:tag4:entity87:key0029E0FC:ref87:ord0,ITEM RUNNER,ONE SHOT,GHOST PHOTOGRAPHY,,,,NOT_CHECKED,8,,NOT_STARTED,NOT_BUILT,NOT_TESTED,JPN_PRIMARY; MLG_CN_CONTEXT_AUXILIARY,mechanical template; resource_class=SLOT_OLANG; source_objects=12,道具搬运,"[""道具搬运"",""一枪制敌"",""[支线任务: 056]""]",ITEM RUNNER,"[""ITEM RUNNER"",""ONE SHOT"",""[EXTRA OPS: 056]""]",AUX_CN_ATTACHED,exact_jpn_slot_page_tag_reference_index;validated_slot_olang_map_entity_identity,master status=AUX_CN_ATTACHED; mapping method=exact_jpn_slot_page_tag_reference_index;validated_slot_olang_map_entity_identity; candidate attached as auxiliary evidence only; verify against JPN and context; auxiliary candidates only; JPN remains authoritative; verify against JPN text and context; multiple candidates aggregated from all real JPN references; split/merge/order mismatch remains possible
5D09325F,51,88,88;89;90;88;89;90;88;89;90;88;89;90,12,,page28:tag9:entity88:key0029E0FC:ref88:ord0;page28:tag9:entity89:key0029E0FC:ref89:ord0;page28:tag9:entity90:key0029E0FC:ref90:ord0;page34:tag2:entity88:key0029E0FC:ref88:ord0;page34:tag2:entity89:key0029E0FC:ref89:ord0;page34:tag2:entity90:key0029E0FC:ref90:ord0;page40:tag5:entity88:key0029E0FC:ref88:ord0;page40:tag5:entity89:key0029E0FC:ref89:ord0;page40:tag5:entity90:key0029E0FC:ref90:ord0;page70:tag4:entity88:key0029E0FC:ref88:ord0;page70:tag4:entity89:key0029E0FC:ref89:ord0;page70:tag4:entity90:key0029E0FC:ref90:ord0,ONE SHOT,GHOST PHOTOGRAPHY,MISSILE INTERCEPT MISSION,,,,NOT_CHECKED,17,,NOT_STARTED,NOT_BUILT,NOT_TESTED,JPN_PRIMARY; MLG_CN_CONTEXT_AUXILIARY,mechanical template; resource_class=SLOT_OLANG; source_objects=12,一枪制敌,"[""一枪制敌"",""幽灵摄影"",""[支线任务: 059]""]",ONE SHOT,"[""ONE SHOT"",""GHOST PHOTOGRAPHY"",""[EXTRA OPS: 059]""]",AUX_CN_ATTACHED,exact_jpn_slot_page_tag_reference_index;validated_slot_olang_map_entity_identity,master status=AUX_CN_ATTACHED; mapping method=exact_jpn_slot_page_tag_reference_index;validated_slot_olang_map_entity_identity; candidate attached as auxiliary evidence only; verify against JPN and context; auxiliary candidates only; JPN remains authoritative; verify against JPN text and context; multiple candidates aggregated from all real JPN references; split/merge/order mismatch remains possible
5D09325F,52,91,91;91;91;91,4,,page28:tag9:entity91:key0029E0FC:ref91:ord0;page34:tag2:entity91:key0029E0FC:ref91:ord0;page40:tag5:entity91:key0029E0FC:ref91:ord0;page70:tag4:entity91:key0029E0FC:ref91:ord0,GHOST PHOTOGRAPHY,MISSILE INTERCEPT MISSION,HOLD UP,,,,NOT_CHECKED,25,,NOT_STARTED,NOT_BUILT,NOT_TESTED,JPN_PRIMARY; MLG_CN_CONTEXT_AUXILIARY,mechanical template; resource_class=SLOT_OLANG; source_objects=4,幽灵摄影,"[""幽灵摄影""]",GHOST PHOTOGRAPHY,"[""GHOST PHOTOGRAPHY""]",AUX_CN_ATTACHED,exact_jpn_slot_page_tag_reference_index;validated_slot_olang_map_entity_identity,master status=AUX_CN_ATTACHED; mapping method=exact_jpn_slot_page_tag_reference_index;validated_slot_olang_map_entity_identity; candidate attached as auxiliary evidence only; verify against JPN and context; auxiliary candidates only; JPN remains authoritative; verify against JPN text and context
5D09325F,53,93,93;94;95;115;93;94;95;115;93;94;95;115;93;94;95;115,16,,page28:tag9:entity93:key0029E0FC:ref93:ord0;page28:tag9:entity94:key0029E0FC:ref94:ord0;page28:tag9:entity95:key0029E0FC:ref95:ord0;page28:tag9:entity115:key0029E0FC:ref115:ord0;page34:tag2:entity93:key0029E0FC:ref93:ord0;page34:tag2:entity94:key0029E0FC:ref94:ord0;page34:tag2:entity95:key0029E0FC:ref95:ord0;page34:tag2:entity115:key0029E0FC:ref115:ord0;page40:tag5:entity93:key0029E0FC:ref93:ord0;page40:tag5:entity94:key0029E0FC:ref94:ord0;page40:tag5:entity95:key0029E0FC:ref95:ord0;page40:tag5:entity115:key0029E0FC:ref115:ord0;page70:tag4:entity93:key0029E0FC:ref93:ord0;page70:tag4:entity94:key0029E0FC:ref94:ord0;page70:tag4:entity95:key0029E0FC:ref95:ord0;page70:tag4:entity115:key0029E0FC:ref115:ord0,HOLD UP,POOYAN MISSION,CLEARING ESCAPE,,,,NOT_CHECKED,14,,NOT_STARTED,NOT_BUILT,NOT_TESTED,JPN_PRIMARY; MLG_CN_CONTEXT_AUXILIARY,mechanical template; resource_class=SLOT_OLANG; source_objects=16,[支线任务: 036],"[""[支线任务: 036]"",""[支线任务: 063]"",""[支线任务: 065]"",""[支线任务: 008]""]",[EXTRA OPS: 036],"[""[EXTRA OPS: 036]"",""[EXTRA OPS: 063]"",""[EXTRA OPS: 065]"",""[EXTRA OPS: 008]""]",AUX_CN_ATTACHED,exact_jpn_slot_page_tag_reference_index;validated_slot_olang_map_entity_identity,master status=AUX_CN_ATTACHED; mapping method=exact_jpn_slot_page_tag_reference_index;validated_slot_olang_map_entity_identity; candidate attached as auxiliary evidence only; verify against JPN and context; auxiliary candidates only; JPN remains authoritative; verify against JPN text and context; multiple candidates aggregated from all real JPN references; split/merge/order mismatch remains possible
5D09325F,54,96,96;96;96;96,4,,page28:tag9:entity96:key0029E0FC:ref96:ord0;page34:tag2:entity96:key0029E0FC:ref96:ord0;page40:tag5:entity96:key0029E0FC:ref96:ord0;page70:tag4:entity96:key0029E0FC:ref96:ord0,POOYAN MISSION,CLEARING ESCAPE,OBSTACLE DEMOLITION,,,,NOT_CHECKED,15,,NOT_STARTED,NOT_BUILT,NOT_TESTED,JPN_PRIMARY; MLG_CN_CONTEXT_AUXILIARY,mechanical template; resource_class=SLOT_OLANG; source_objects=4,[支线任务: 064],"[""[支线任务: 064]""]",[EXTRA OPS: 064],"[""[EXTRA OPS: 064]""]",AUX_CN_ATTACHED,exact_jpn_slot_page_tag_reference_index;validated_slot_olang_map_entity_identity,master status=AUX_CN_ATTACHED; mapping method=exact_jpn_slot_page_tag_reference_index;validated_slot_olang_map_entity_identity; candidate attached as auxiliary evidence only; verify against JPN and context; auxiliary candidates only; JPN remains authoritative; verify against JPN text and context
5D09325F,55,97,97;97;97;97,4,,page28:tag9:entity97:key0029E0FC:ref97:ord0;page34:tag2:entity97:key0029E0FC:ref97:ord0;page40:tag5:entity97:key0029E0FC:ref97:ord0;page70:tag4:entity97:key0029E0FC:ref97:ord0,CLEARING ESCAPE,OBSTACLE DEMOLITION,PRISONER ESCORT,,,,NOT_CHECKED,19,,NOT_STARTED,NOT_BUILT,NOT_TESTED,JPN_PRIMARY; MLG_CN_CONTEXT_AUXILIARY,mechanical template; resource_class=SLOT_OLANG; source_objects=4,[支线任务: 053],"[""[支线任务: 053]""]",[EXTRA OPS: 053],"[""[EXTRA OPS: 053]""]",AUX_CN_ATTACHED,exact_jpn_slot_page_tag_reference_index;validated_slot_olang_map_entity_identity,master status=AUX_CN_ATTACHED; mapping method=exact_jpn_slot_page_tag_reference_index;validated_slot_olang_map_entity_identity; candidate attached as auxiliary evidence only; verify against JPN and context; auxiliary candidates only; JPN remains authoritative; verify against JPN text and context
5D09325F,56,98,98;100;104;98;100;104;98;100;104;98;100;104,12,,page28:tag9:entity98:key0029E0FC:ref98:ord0;page28:tag9:entity100:key0029E0FC:ref100:ord0;page28:tag9:entity104:key0029E0FC:ref104:ord0;page34:tag2:entity98:key0029E0FC:ref98:ord0;page34:tag2:entity100:key0029E0FC:ref100:ord0;page34:tag2:entity104:key0029E0FC:ref104:ord0;page40:tag5:entity98:key0029E0FC:ref98:ord0;page40:tag5:entity100:key0029E0FC:ref100:ord0;page40:tag5:entity104:key0029E0FC:ref104:ord0;page70:tag4:entity98:key0029E0FC:ref98:ord0;page70:tag4:entity100:key0029E0FC:ref100:ord0;page70:tag4:entity104:key0029E0FC:ref104:ord0,OBSTACLE DEMOLITION,PRISONER ESCORT,SNAKE GEAR RETRIEVAL,,,,NOT_CHECKED,15,,NOT_STARTED,NOT_BUILT,NOT_TESTED,JPN_PRIMARY; MLG_CN_CONTEXT_AUXILIARY,mechanical template; resource_class=SLOT_OLANG; source_objects=12,[支线任务: 051],"[""[支线任务: 051]"",""[支线任务: 054]"",""夺取装备""]",[EXTRA OPS: 051],"[""[EXTRA OPS: 051]"",""[EXTRA OPS: 054]"",""STEALING GEAR""]",AUX_CN_ATTACHED,exact_jpn_slot_page_tag_reference_index;validated_slot_olang_map_entity_identity,master status=AUX_CN_ATTACHED; mapping method=exact_jpn_slot_page_tag_reference_index;validated_slot_olang_map_entity_identity; candidate attached as auxiliary evidence only; verify against JPN and context; auxiliary candidates only; JPN remains authoritative; verify against JPN text and context; multiple candidates aggregated from all real JPN references; split/merge/order mismatch remains possible
5D09325F,57,99,99;99;99;99,4,,page28:tag9:entity99:key0029E0FC:ref99:ord0;page34:tag2:entity99:key0029E0FC:ref99:ord0;page40:tag5:entity99:key0029E0FC:ref99:ord0;page70:tag4:entity99:key0029E0FC:ref99:ord0,PRISONER ESCORT,SNAKE GEAR RETRIEVAL,PRISONER ESCORT,,,,NOT_CHECKED,20,,NOT_STARTED,NOT_BUILT,NOT_TESTED,JPN_PRIMARY; MLG_CN_CONTEXT_AUXILIARY,mechanical template; resource_class=SLOT_OLANG; source_objects=4,俘虏护送,"[""俘虏护送""]",PRISONER ESCORT,"[""PRISONER ESCORT""]",AUX_CN_ATTACHED,exact_jpn_slot_page_tag_reference_index;validated_slot_olang_map_entity_identity,master status=AUX_CN_ATTACHED; mapping method=exact_jpn_slot_page_tag_reference_index;validated_slot_olang_map_entity_identity; candidate attached as auxiliary evidence only; verify against JPN and context; auxiliary candidates only; JPN remains authoritative; verify against JPN text and context
5D09325F,58,101,101;102;103;101;102;103;101;102;103;101;102;103,12,,page28:tag9:entity101:key0029E0FC:ref101:ord0;page28:tag9:entity102:key0029E0FC:ref102:ord0;page28:tag9:entity103:key0029E0FC:ref103:ord0;page34:tag2:entity101:key0029E0FC:ref101:ord0;page34:tag2:entity102:key0029E0FC:ref102:ord0;page34:tag2:entity103:key0029E0FC:ref103:ord0;page40:tag5:entity101:key0029E0FC:ref101:ord0;page40:tag5:entity102:key0029E0FC:ref102:ord0;page40:tag5:entity103:key0029E0FC:ref103:ord0;page70:tag4:entity101:key0029E0FC:ref101:ord0;page70:tag4:entity102:key0029E0FC:ref102:ord0;page70:tag4:entity103:key0029E0FC:ref103:ord0,PRISONER ESCORT,STEALING GEAR,PRISONER ESCORT,,,,NOT_CHECKED,13,,NOT_STARTED,NOT_BUILT,NOT_TESTED,JPN_PRIMARY; MLG_CN_CONTEXT_AUXILIARY,mechanical template; resource_class=SLOT_OLANG; source_objects=12,俘虏护送,"[""俘虏护送"",""夺取装备""]",PRISONER ESCORT,"[""PRISONER ESCORT"",""STEALING GEAR""]",AUX_CN_ATTACHED,exact_jpn_slot_page_tag_reference_index;validated_slot_olang_map_entity_identity,master status=AUX_CN_ATTACHED; mapping method=exact_jpn_slot_page_tag_reference_index;validated_slot_olang_map_entity_identity; candidate attached as auxiliary evidence only; verify against JPN and context; auxiliary candidates only; JPN remains authoritative; verify against JPN text and context; multiple candidates aggregated from all real JPN references; split/merge/order mismatch remains possible
5D09325F,59,105,105;106;107;108;109;110;105;106;107;108;109;110;105;106;107;108;109;110;105;106;107;108;109;110,24,,page28:tag9:entity105:key0029E0FC:ref105:ord0;page28:tag9:entity106:key0029E0FC:ref106:ord0;page28:tag9:entity107:key0029E0FC:ref107:ord0;page28:tag9:entity108:key0029E0FC:ref108:ord0;page28:tag9:entity109:key0029E0FC:ref109:ord0;page28:tag9:entity110:key0029E0FC:ref110:ord0;page34:tag2:entity105:key0029E0FC:ref105:ord0;page34:tag2:entity106:key0029E0FC:ref106:ord0;page34:tag2:entity107:key0029E0FC:ref107:ord0;page34:tag2:entity108:key0029E0FC:ref108:ord0;page34:tag2:entity109:key0029E0FC:ref109:ord0;page34:tag2:entity110:key0029E0FC:ref110:ord0;page40:tag5:entity105:key0029E0FC:ref105:ord0;page40:tag5:entity106:key0029E0FC:ref106:ord0;page40:tag5:entity107:key0029E0FC:ref107:ord0;page40:tag5:entity108:key0029E0FC:ref108:ord0;page40:tag5:entity109:key0029E0FC:ref109:ord0;page40:tag5:entity110:key0029E0FC:ref110:ord0;page70:tag4:entity105:key0029E0FC:ref105:ord0;page70:tag4:entity106:key0029E0FC:ref106:ord0;page70:tag4:entity107:key0029E0FC:ref107:ord0;page70:tag4:entity108:key0029E0FC:ref108:ord0;page70:tag4:entity109:key0029E0FC:ref109:ord0;page70:tag4:entity110:key0029E0FC:ref110:ord0,PRISONER ESCORT,PERFECT STEALTH,PAPARAZZI,,,,NOT_CHECKED,15,,NOT_STARTED,NOT_BUILT,NOT_TESTED,JPN_PRIMARY; MLG_CN_CONTEXT_AUXILIARY,mechanical template; resource_class=SLOT_OLANG; source_objects=24,俘虏护送,"[""俘虏护送"",""[支线任务: 045]"",""[支线任务: 050]"",""[支线任务: 046]"",""[支线任务: 047]"",""[支线任务: 049]""]",PRISONER ESCORT,"[""PRISONER ESCORT"",""[EXTRA OPS: 045]"",""[EXTRA OPS: 050]"",""[EXTRA OPS: 046]"",""[EXTRA OPS: 047]"",""[EXTRA OPS: 049]""]",AUX_CN_ATTACHED,exact_jpn_slot_page_tag_reference_index;validated_slot_olang_map_entity_identity,master status=AUX_CN_ATTACHED; mapping method=exact_jpn_slot_page_tag_reference_index;validated_slot_olang_map_entity_identity; candidate attached as auxiliary evidence only; verify against JPN and context; auxiliary candidates only; JPN remains authoritative; verify against JPN text and context; multiple candidates aggregated from all real JPN references; split/merge/order mismatch remains possible
5D09325F,60,111,111;112;111;112;111;112;111;112,8,,page28:tag9:entity111:key0029E0FC:ref111:ord0;page28:tag9:entity112:key0029E0FC:ref112:ord0;page34:tag2:entity111:key0029E0FC:ref111:ord0;page34:tag2:entity112:key0029E0FC:ref112:ord0;page40:tag5:entity111:key0029E0FC:ref111:ord0;page40:tag5:entity112:key0029E0FC:ref112:ord0;page70:tag4:entity111:key0029E0FC:ref111:ord0;page70:tag4:entity112:key0029E0FC:ref112:ord0,PERFECT STEALTH,PAPARAZZI,ELIMINATE ENEMY SOLDIERS,,,,NOT_CHECKED,9,,NOT_STARTED,NOT_BUILT,NOT_TESTED,JPN_PRIMARY; MLG_CN_CONTEXT_AUXILIARY,mechanical template; resource_class=SLOT_OLANG; source_objects=8,[支线任务: 048],"[""[支线任务: 048]"",""[支线任务: 057]""]",[EXTRA OPS: 048],"[""[EXTRA OPS: 048]"",""[EXTRA OPS: 057]""]",AUX_CN_ATTACHED,exact_jpn_slot_page_tag_reference_index;validated_slot_olang_map_entity_identity,master status=AUX_CN_ATTACHED; mapping method=exact_jpn_slot_page_tag_reference_index;validated_slot_olang_map_entity_identity; candidate attached as auxiliary evidence only; verify against JPN and context; auxiliary candidates only; JPN remains authoritative; verify against JPN text and context; multiple candidates aggregated from all real JPN references; split/merge/order mismatch remains possible
5D09325F,61,119,119;119;119;119,4,,page28:tag9:entity119:key0029E0FC:ref119:ord0;page34:tag2:entity119:key0029E0FC:ref119:ord0;page40:tag5:entity119:key0029E0FC:ref119:ord0;page70:tag4:entity119:key0029E0FC:ref119:ord0,ELIMINATE ENEMY SOLDIERS,U.S. SOLDIER RESCUE,DATE WITH PAZ,,,,NOT_CHECKED,19,,NOT_STARTED,NOT_BUILT,NOT_TESTED,JPN_PRIMARY; MLG_CN_CONTEXT_AUXILIARY,mechanical template; resource_class=SLOT_OLANG; source_objects=4,[支线任务: 027],"[""[支线任务: 027]""]",[EXTRA OPS: 027],"[""[EXTRA OPS: 027]""]",AUX_CN_ATTACHED,exact_jpn_slot_page_tag_reference_index;validated_slot_olang_map_entity_identity,master status=AUX_CN_ATTACHED; mapping method=exact_jpn_slot_page_tag_reference_index;validated_slot_olang_map_entity_identity; candidate attached as auxiliary evidence only; verify against JPN and context; auxiliary candidates only; JPN remains authoritative; verify against JPN text and context
5D09325F,62,120,120;120;120;120,4,,page28:tag9:entity120:key0029E0FC:ref120:ord0;page34:tag2:entity120:key0029E0FC:ref120:ord0;page40:tag5:entity120:key0029E0FC:ref120:ord0;page70:tag4:entity120:key0029E0FC:ref120:ord0,U.S. SOLDIER RESCUE,DATE WITH PAZ,DATE WITH KAZ,,,,NOT_CHECKED,13,,NOT_STARTED,NOT_BUILT,NOT_TESTED,JPN_PRIMARY; MLG_CN_CONTEXT_AUXILIARY,mechanical template; resource_class=SLOT_OLANG; source_objects=4,[支线任务: 055],"[""[支线任务: 055]""]",[EXTRA OPS: 055],"[""[EXTRA OPS: 055]""]",AUX_CN_ATTACHED,exact_jpn_slot_page_tag_reference_index;validated_slot_olang_map_entity_identity,master status=AUX_CN_ATTACHED; mapping method=exact_jpn_slot_page_tag_reference_index;validated_slot_olang_map_entity_identity; candidate attached as auxiliary evidence only; verify against JPN and context; auxiliary candidates only; JPN remains authoritative; verify against JPN text and context
5D09325F,63,121,121;121;121;121,4,,page28:tag9:entity121:key0029E0FC:ref121:ord0;page34:tag2:entity121:key0029E0FC:ref121:ord0;page40:tag5:entity121:key0029E0FC:ref121:ord0;page70:tag4:entity121:key0029E0FC:ref121:ord0,DATE WITH PAZ,DATE WITH KAZ,TARGET PRACTICE: NO LIMIT,,,,NOT_CHECKED,13,,NOT_STARTED,NOT_BUILT,NOT_TESTED,JPN_PRIMARY; MLG_CN_CONTEXT_AUXILIARY,mechanical template; resource_class=SLOT_OLANG; source_objects=4,[支线任务: 067],"[""[支线任务: 067]""]",[EXTRA OPS: 067],"[""[EXTRA OPS: 067]""]",AUX_CN_ATTACHED,exact_jpn_slot_page_tag_reference_index;validated_slot_olang_map_entity_identity,master status=AUX_CN_ATTACHED; mapping method=exact_jpn_slot_page_tag_reference_index;validated_slot_olang_map_entity_identity; candidate attached as auxiliary evidence only; verify against JPN and context; auxiliary candidates only; JPN remains authoritative; verify against JPN text and context
5D09325F,64,122,122;124;122;124;122;124;122;124,8,,page28:tag9:entity122:key0029E0FC:ref122:ord0;page28:tag9:entity124:key0029E0FC:ref124:ord0;page34:tag2:entity122:key0029E0FC:ref122:ord0;page34:tag2:entity124:key0029E0FC:ref124:ord0;page40:tag5:entity122:key0029E0FC:ref122:ord0;page40:tag5:entity124:key0029E0FC:ref124:ord0;page70:tag4:entity122:key0029E0FC:ref122:ord0;page70:tag4:entity124:key0029E0FC:ref124:ord0,DATE WITH KAZ,TARGET PRACTICE: NO LIMIT,TARGET PRACTICE: TIME ATTACK,,,,NOT_CHECKED,25,,NOT_STARTED,NOT_BUILT,NOT_TESTED,JPN_PRIMARY; MLG_CN_CONTEXT_AUXILIARY,mechanical template; resource_class=SLOT_OLANG; source_objects=8,[支线任务: 068],"[""[支线任务: 068]"",""[支线任务: 004]""]",[EXTRA OPS: 068],"[""[EXTRA OPS: 068]"",""[EXTRA OPS: 004]""]",AUX_CN_ATTACHED,exact_jpn_slot_page_tag_reference_index;validated_slot_olang_map_entity_identity,master status=AUX_CN_ATTACHED; mapping method=exact_jpn_slot_page_tag_reference_index;validated_slot_olang_map_entity_identity; candidate attached as auxiliary evidence only; verify against JPN and context; auxiliary candidates only; JPN remains authoritative; verify against JPN text and context; multiple candidates aggregated from all real JPN references; split/merge/order mismatch remains possible
5D09325F,65,123,123;123;123;123,4,,page28:tag9:entity123:key0029E0FC:ref123:ord0;page34:tag2:entity123:key0029E0FC:ref123:ord0;page40:tag5:entity123:key0029E0FC:ref123:ord0;page70:tag4:entity123:key0029E0FC:ref123:ord0,TARGET PRACTICE: NO LIMIT,TARGET PRACTICE: TIME ATTACK,TARGET PRACTICE: NO LIMIT,,,,NOT_CHECKED,28,,NOT_STARTED,NOT_BUILT,NOT_TESTED,JPN_PRIMARY; MLG_CN_CONTEXT_AUXILIARY,mechanical template; resource_class=SLOT_OLANG; source_objects=4,[支线任务: 002],"[""[支线任务: 002]""]",[EXTRA OPS: 002],"[""[EXTRA OPS: 002]""]",AUX_CN_ATTACHED,exact_jpn_slot_page_tag_reference_index;validated_slot_olang_map_entity_identity,master status=AUX_CN_ATTACHED; mapping method=exact_jpn_slot_page_tag_reference_index;validated_slot_olang_map_entity_identity; candidate attached as auxiliary evidence only; verify against JPN and context; auxiliary candidates only; JPN remains authoritative; verify against JPN text and context
5D09325F,66,125,125;125;125;125,4,,page28:tag9:entity125:key0029E0FC:ref125:ord0;page34:tag2:entity125:key0029E0FC:ref125:ord0;page40:tag5:entity125:key0029E0FC:ref125:ord0;page70:tag4:entity125:key0029E0FC:ref125:ord0,TARGET PRACTICE: NO LIMIT,TARGET PRACTICE: SCORE ATTACK,ARMORED VEHICLE BATTLE: BTR-60 PA,,,,NOT_CHECKED,29,,NOT_STARTED,NOT_BUILT,NOT_TESTED,JPN_PRIMARY; MLG_CN_CONTEXT_AUXILIARY,mechanical template; resource_class=SLOT_OLANG; source_objects=4,[支线任务: 001],"[""[支线任务: 001]""]",[EXTRA OPS: 001],"[""[EXTRA OPS: 001]""]",AUX_CN_ATTACHED,exact_jpn_slot_page_tag_reference_index;validated_slot_olang_map_entity_identity,master status=AUX_CN_ATTACHED; mapping method=exact_jpn_slot_page_tag_reference_index;validated_slot_olang_map_entity_identity; candidate attached as auxiliary evidence only; verify against JPN and context; auxiliary candidates only; JPN remains authoritative; verify against JPN text and context
5D09325F,67,126,126;156;126;156;126;156;126;156,8,,page28:tag9:entity126:key0029E0FC:ref126:ord0;page28:tag9:entity156:key0029E0FC:ref156:ord0;page34:tag2:entity126:key0029E0FC:ref126:ord0;page34:tag2:entity156:key0029E0FC:ref156:ord0;page40:tag5:entity126:key0029E0FC:ref126:ord0;page40:tag5:entity156:key0029E0FC:ref156:ord0;page70:tag4:entity126:key0029E0FC:ref126:ord0;page70:tag4:entity156:key0029E0FC:ref156:ord0,TARGET PRACTICE: SCORE ATTACK,ARMORED VEHICLE BATTLE: BTR-60 PA,ARMORED VEHICLE BATTLE: BTR-60 PA CUSTOM,,,,NOT_CHECKED,33,,NOT_STARTED,NOT_BUILT,NOT_TESTED,JPN_PRIMARY; MLG_CN_CONTEXT_AUXILIARY,mechanical template; resource_class=SLOT_OLANG; source_objects=8,[支线任务: 003],"[""[支线任务: 003]"",""[支线任务: 098]""]",[EXTRA OPS: 003],"[""[EXTRA OPS: 003]"",""[EXTRA OPS: 098]""]",AUX_CN_ATTACHED,exact_jpn_slot_page_tag_reference_index;validated_slot_olang_map_entity_identity,master status=AUX_CN_ATTACHED; mapping method=exact_jpn_slot_page_tag_reference_index;validated_slot_olang_map_entity_identity; candidate attached as auxiliary evidence only; verify against JPN and context; auxiliary candidates only; JPN remains authoritative; verify against JPN text and context; multiple candidates aggregated from all real JPN references; split/merge/order mismatch remains possible
5D09325F,68,127,127;157;127;157;127;157;127;157,8,,page28:tag9:entity127:key0029E0FC:ref127:ord0;page28:tag9:entity157:key0029E0FC:ref157:ord0;page34:tag2:entity127:key0029E0FC:ref127:ord0;page34:tag2:entity157:key0029E0FC:ref157:ord0;page40:tag5:entity127:key0029E0FC:ref127:ord0;page40:tag5:entity157:key0029E0FC:ref157:ord0;page70:tag4:entity127:key0029E0FC:ref127:ord0;page70:tag4:entity157:key0029E0FC:ref157:ord0,ARMORED VEHICLE BATTLE: BTR-60 PA,ARMORED VEHICLE BATTLE: BTR-60 PA CUSTOM,ARMORED VEHICLE BATTLE: BTR-60 PB,,,,NOT_CHECKED,40,,NOT_STARTED,NOT_BUILT,NOT_TESTED,JPN_PRIMARY; MLG_CN_CONTEXT_AUXILIARY,mechanical template; resource_class=SLOT_OLANG; source_objects=8,[支线任务: 069],"[""[支线任务: 069]"",""[支线任务: 099]""]",[EXTRA OPS: 069],"[""[EXTRA OPS: 069]"",""[EXTRA OPS: 099]""]",AUX_CN_ATTACHED,exact_jpn_slot_page_tag_reference_index;validated_slot_olang_map_entity_identity,master status=AUX_CN_ATTACHED; mapping method=exact_jpn_slot_page_tag_reference_index;validated_slot_olang_map_entity_identity; candidate attached as auxiliary evidence only; verify against JPN and context; auxiliary candidates only; JPN remains authoritative; verify against JPN text and context; multiple candidates aggregated from all real JPN references; split/merge/order mismatch remains possible
5D09325F,69,128,128;158;128;158;128;158;128;158,8,,page28:tag9:entity128:key0029E0FC:ref128:ord0;page28:tag9:entity158:key0029E0FC:ref158:ord0;page34:tag2:entity128:key0029E0FC:ref128:ord0;page34:tag2:entity158:key0029E0FC:ref158:ord0;page40:tag5:entity128:key0029E0FC:ref128:ord0;page40:tag5:entity158:key0029E0FC:ref158:ord0;page70:tag4:entity128:key0029E0FC:ref128:ord0;page70:tag4:entity158:key0029E0FC:ref158:ord0,ARMORED VEHICLE BATTLE: BTR-60 PA CUSTOM,ARMORED VEHICLE BATTLE: BTR-60 PB,ARMORED VEHICLE BATTLE: BTR-60 PB CUSTOM,,,,NOT_CHECKED,33,,NOT_STARTED,NOT_BUILT,NOT_TESTED,JPN_PRIMARY; MLG_CN_CONTEXT_AUXILIARY,mechanical template; resource_class=SLOT_OLANG; source_objects=8,[支线任务: 070],"[""[支线任务: 070]"",""[支线任务: 100]""]",[EXTRA OPS: 070],"[""[EXTRA OPS: 070]"",""[EXTRA OPS: 100]""]",AUX_CN_ATTACHED,exact_jpn_slot_page_tag_reference_index;validated_slot_olang_map_entity_identity,master status=AUX_CN_ATTACHED; mapping method=exact_jpn_slot_page_tag_reference_index;validated_slot_olang_map_entity_identity; candidate attached as auxiliary evidence only; verify against JPN and context; auxiliary candidates only; JPN remains authoritative; verify against JPN text and context; multiple candidates aggregated from all real JPN references; split/merge/order mismatch remains possible
5D09325F,70,129,129;159;129;159;129;159;129;159,8,,page28:tag9:entity129:key0029E0FC:ref129:ord0;page28:tag9:entity159:key0029E0FC:ref159:ord0;page34:tag2:entity129:key0029E0FC:ref129:ord0;page34:tag2:entity159:key0029E0FC:ref159:ord0;page40:tag5:entity129:key0029E0FC:ref129:ord0;page40:tag5:entity159:key0029E0FC:ref159:ord0;page70:tag4:entity129:key0029E0FC:ref129:ord0;page70:tag4:entity159:key0029E0FC:ref159:ord0,ARMORED VEHICLE BATTLE: BTR-60 PB,ARMORED VEHICLE BATTLE: BTR-60 PB CUSTOM,ARMORED VEHICLE BATTLE: LAV-TYPE G CUSTOM,,,,NOT_CHECKED,40,,NOT_STARTED,NOT_BUILT,NOT_TESTED,JPN_PRIMARY; MLG_CN_CONTEXT_AUXILIARY,mechanical template; resource_class=SLOT_OLANG; source_objects=8,[支线任务: 071],"[""[支线任务: 071]"",""[支线任务: 101]""]",[EXTRA OPS: 071],"[""[EXTRA OPS: 071]"",""[EXTRA OPS: 101]""]",AUX_CN_ATTACHED,exact_jpn_slot_page_tag_reference_index;validated_slot_olang_map_entity_identity,master status=AUX_CN_ATTACHED; mapping method=exact_jpn_slot_page_tag_reference_index;validated_slot_olang_map_entity_identity; candidate attached as auxiliary evidence only; verify against JPN and context; auxiliary candidates only; JPN remains authoritative; verify against JPN text and context; multiple candidates aggregated from all real JPN references; split/merge/order mismatch remains possible
5D09325F,71,130,130;161;130;161;130;161;130;161,8,,page28:tag9:entity130:key0029E0FC:ref130:ord0;page28:tag9:entity161:key0029E0FC:ref161:ord0;page34:tag2:entity130:key0029E0FC:ref130:ord0;page34:tag2:entity161:key0029E0FC:ref161:ord0;page40:tag5:entity130:key0029E0FC:ref130:ord0;page40:tag5:entity161:key0029E0FC:ref161:ord0;page70:tag4:entity130:key0029E0FC:ref130:ord0;page70:tag4:entity161:key0029E0FC:ref161:ord0,ARMORED VEHICLE BATTLE: BTR-60 PB CUSTOM,ARMORED VEHICLE BATTLE: LAV-TYPE G CUSTOM,ARMORED VEHICLE BATTLE: LAV-TYPE C,,,,NOT_CHECKED,41,,NOT_STARTED,NOT_BUILT,NOT_TESTED,JPN_PRIMARY; MLG_CN_CONTEXT_AUXILIARY,mechanical template; resource_class=SLOT_OLANG; source_objects=8,[支线任务: 072],"[""[支线任务: 072]"",""[支线任务: 103]""]",[EXTRA OPS: 072],"[""[EXTRA OPS: 072]"",""[EXTRA OPS: 103]""]",AUX_CN_ATTACHED,exact_jpn_slot_page_tag_reference_index;validated_slot_olang_map_entity_identity,master status=AUX_CN_ATTACHED; mapping method=exact_jpn_slot_page_tag_reference_index;validated_slot_olang_map_entity_identity; candidate attached as auxiliary evidence only; verify against JPN and context; auxiliary candidates only; JPN remains authoritative; verify against JPN text and context; multiple candidates aggregated from all real JPN references; split/merge/order mismatch remains possible
5D09325F,72,131,131;162;131;162;131;162;131;162,8,,page28:tag9:entity131:key0029E0FC:ref131:ord0;page28:tag9:entity162:key0029E0FC:ref162:ord0;page34:tag2:entity131:key0029E0FC:ref131:ord0;page34:tag2:entity162:key0029E0FC:ref162:ord0;page40:tag5:entity131:key0029E0FC:ref131:ord0;page40:tag5:entity162:key0029E0FC:ref162:ord0;page70:tag4:entity131:key0029E0FC:ref131:ord0;page70:tag4:entity162:key0029E0FC:ref162:ord0,ARMORED VEHICLE BATTLE: LAV-TYPE G CUSTOM,ARMORED VEHICLE BATTLE: LAV-TYPE C,ARMORED VEHICLE BATTLE: LAV-TYPE C CUSTOM,,,,NOT_CHECKED,34,,NOT_STARTED,NOT_BUILT,NOT_TESTED,JPN_PRIMARY; MLG_CN_CONTEXT_AUXILIARY,mechanical template; resource_class=SLOT_OLANG; source_objects=8,[支线任务: 073],"[""[支线任务: 073]"",""[支线任务: 104]""]",[EXTRA OPS: 073],"[""[EXTRA OPS: 073]"",""[EXTRA OPS: 104]""]",AUX_CN_ATTACHED,exact_jpn_slot_page_tag_reference_index;validated_slot_olang_map_entity_identity,master status=AUX_CN_ATTACHED; mapping method=exact_jpn_slot_page_tag_reference_index;validated_slot_olang_map_entity_identity; candidate attached as auxiliary evidence only; verify against JPN and context; auxiliary candidates only; JPN remains authoritative; verify against JPN text and context; multiple candidates aggregated from all real JPN references; split/merge/order mismatch remains possible
5D09325F,73,132,132;163;132;163;132;163;132;163,8,,page28:tag9:entity132:key0029E0FC:ref132:ord0;page28:tag9:entity163:key0029E0FC:ref163:ord0;page34:tag2:entity132:key0029E0FC:ref132:ord0;page34:tag2:entity163:key0029E0FC:ref163:ord0;page40:tag5:entity132:key0029E0FC:ref132:ord0;page40:tag5:entity163:key0029E0FC:ref163:ord0;page70:tag4:entity132:key0029E0FC:ref132:ord0;page70:tag4:entity163:key0029E0FC:ref163:ord0,ARMORED VEHICLE BATTLE: LAV-TYPE C,ARMORED VEHICLE BATTLE: LAV-TYPE C CUSTOM,TANK BATTLE: T-72U,,,,NOT_CHECKED,41,,NOT_STARTED,NOT_BUILT,NOT_TESTED,JPN_PRIMARY; MLG_CN_CONTEXT_AUXILIARY,mechanical template; resource_class=SLOT_OLANG; source_objects=8,[支线任务: 074],"[""[支线任务: 074]"",""装甲车战：LAV-Type C""]",[EXTRA OPS: 074],"[""[EXTRA OPS: 074]"",""ARMORED VEHICLE BATTLE: LAV-TYPE C""]",AUX_CN_ATTACHED,exact_jpn_slot_page_tag_reference_index;validated_slot_olang_map_entity_identity,master status=AUX_CN_ATTACHED; mapping method=exact_jpn_slot_page_tag_reference_index;validated_slot_olang_map_entity_identity; candidate attached as auxiliary evidence only; verify against JPN and context; auxiliary candidates only; JPN remains authoritative; verify against JPN text and context; multiple candidates aggregated from all real JPN references; split/merge/order mismatch remains possible
5D09325F,74,134,134;149;134;149;134;149;134;149,8,,page28:tag9:entity134:key0029E0FC:ref134:ord0;page28:tag9:entity149:key0029E0FC:ref149:ord0;page34:tag2:entity134:key0029E0FC:ref134:ord0;page34:tag2:entity149:key0029E0FC:ref149:ord0;page40:tag5:entity134:key0029E0FC:ref134:ord0;page40:tag5:entity149:key0029E0FC:ref149:ord0;page70:tag4:entity134:key0029E0FC:ref134:ord0;page70:tag4:entity149:key0029E0FC:ref149:ord0,TANK BATTLE: T-72U,TANK BATTLE: T-72U CUSTOM,TANK BATTLE: T-72A,,,,NOT_CHECKED,25,,NOT_STARTED,NOT_BUILT,NOT_TESTED,JPN_PRIMARY; MLG_CN_CONTEXT_AUXILIARY,mechanical template; resource_class=SLOT_OLANG; source_objects=8,[支线任务: 076],"[""[支线任务: 076]"",""[支线任务: 091]""]",[EXTRA OPS: 076],"[""[EXTRA OPS: 076]"",""[EXTRA OPS: 091]""]",AUX_CN_ATTACHED,exact_jpn_slot_page_tag_reference_index;validated_slot_olang_map_entity_identity,master status=AUX_CN_ATTACHED; mapping method=exact_jpn_slot_page_tag_reference_index;validated_slot_olang_map_entity_identity; candidate attached as auxiliary evidence only; verify against JPN and context; auxiliary candidates only; JPN remains authoritative; verify against JPN text and context; multiple candidates aggregated from all real JPN references; split/merge/order mismatch remains possible
5D09325F,75,135,135;150;135;150;135;150;135;150,8,,page28:tag9:entity135:key0029E0FC:ref135:ord0;page28:tag9:entity150:key0029E0FC:ref150:ord0;page34:tag2:entity135:key0029E0FC:ref135:ord0;page34:tag2:entity150:key0029E0FC:ref150:ord0;page40:tag5:entity135:key0029E0FC:ref135:ord0;page40:tag5:entity150:key0029E0FC:ref150:ord0;page70:tag4:entity135:key0029E0FC:ref135:ord0;page70:tag4:entity150:key0029E0FC:ref150:ord0,TANK BATTLE: T-72U CUSTOM,TANK BATTLE: T-72A,TANK BATTLE: T-72A CUSTOM,,,,NOT_CHECKED,18,,NOT_STARTED,NOT_BUILT,NOT_TESTED,JPN_PRIMARY; MLG_CN_CONTEXT_AUXILIARY,mechanical template; resource_class=SLOT_OLANG; source_objects=8,[支线任务: 077],"[""[支线任务: 077]"",""[支线任务: 092]""]",[EXTRA OPS: 077],"[""[EXTRA OPS: 077]"",""[EXTRA OPS: 092]""]",AUX_CN_ATTACHED,exact_jpn_slot_page_tag_reference_index;validated_slot_olang_map_entity_identity,master status=AUX_CN_ATTACHED; mapping method=exact_jpn_slot_page_tag_reference_index;validated_slot_olang_map_entity_identity; candidate attached as auxiliary evidence only; verify against JPN and context; auxiliary candidates only; JPN remains authoritative; verify against JPN text and context; multiple candidates aggregated from all real JPN references; split/merge/order mismatch remains possible
5D09325F,76,136,136;151;136;151;136;151;136;151,8,,page28:tag9:entity136:key0029E0FC:ref136:ord0;page28:tag9:entity151:key0029E0FC:ref151:ord0;page34:tag2:entity136:key0029E0FC:ref136:ord0;page34:tag2:entity151:key0029E0FC:ref151:ord0;page40:tag5:entity136:key0029E0FC:ref136:ord0;page40:tag5:entity151:key0029E0FC:ref151:ord0;page70:tag4:entity136:key0029E0FC:ref136:ord0;page70:tag4:entity151:key0029E0FC:ref151:ord0,TANK BATTLE: T-72A,TANK BATTLE: T-72A CUSTOM,TANK BATTLE: KPZ 70,,,,NOT_CHECKED,25,,NOT_STARTED,NOT_BUILT,NOT_TESTED,JPN_PRIMARY; MLG_CN_CONTEXT_AUXILIARY,mechanical template; resource_class=SLOT_OLANG; source_objects=8,[支线任务: 078],"[""[支线任务: 078]"",""[支线任务: 093]""]",[EXTRA OPS: 078],"[""[EXTRA OPS: 078]"",""[EXTRA OPS: 093]""]",AUX_CN_ATTACHED,exact_jpn_slot_page_tag_reference_index;validated_slot_olang_map_entity_identity,master status=AUX_CN_ATTACHED; mapping method=exact_jpn_slot_page_tag_reference_index;validated_slot_olang_map_entity_identity; candidate attached as auxiliary evidence only; verify against JPN and context; auxiliary candidates only; JPN remains authoritative; verify against JPN text and context; multiple candidates aggregated from all real JPN references; split/merge/order mismatch remains possible
5D09325F,77,137,137;152;137;152;137;152;137;152,8,,page28:tag9:entity137:key0029E0FC:ref137:ord0;page28:tag9:entity152:key0029E0FC:ref152:ord0;page34:tag2:entity137:key0029E0FC:ref137:ord0;page34:tag2:entity152:key0029E0FC:ref152:ord0;page40:tag5:entity137:key0029E0FC:ref137:ord0;page40:tag5:entity152:key0029E0FC:ref152:ord0;page70:tag4:entity137:key0029E0FC:ref137:ord0;page70:tag4:entity152:key0029E0FC:ref152:ord0,TANK BATTLE: T-72A CUSTOM,TANK BATTLE: KPZ 70,TANK BATTLE: KPZ 70 CUSTOM,,,,NOT_CHECKED,19,,NOT_STARTED,NOT_BUILT,NOT_TESTED,JPN_PRIMARY; MLG_CN_CONTEXT_AUXILIARY,mechanical template; resource_class=SLOT_OLANG; source_objects=8,[支线任务: 079],"[""[支线任务: 079]"",""[支线任务: 094]""]",[EXTRA OPS: 079],"[""[EXTRA OPS: 079]"",""[EXTRA OPS: 094]""]",AUX_CN_ATTACHED,exact_jpn_slot_page_tag_reference_index;validated_slot_olang_map_entity_identity,master status=AUX_CN_ATTACHED; mapping method=exact_jpn_slot_page_tag_reference_index;validated_slot_olang_map_entity_identity; candidate attached as auxiliary evidence only; verify against JPN and context; auxiliary candidates only; JPN remains authoritative; verify against JPN text and context; multiple candidates aggregated from all real JPN references; split/merge/order mismatch remains possible
5D09325F,78,138,138;153;138;153;138;153;138;153,8,,page28:tag9:entity138:key0029E0FC:ref138:ord0;page28:tag9:entity153:key0029E0FC:ref153:ord0;page34:tag2:entity138:key0029E0FC:ref138:ord0;page34:tag2:entity153:key0029E0FC:ref153:ord0;page40:tag5:entity138:key0029E0FC:ref138:ord0;page40:tag5:entity153:key0029E0FC:ref153:ord0;page70:tag4:entity138:key0029E0FC:ref138:ord0;page70:tag4:entity153:key0029E0FC:ref153:ord0,TANK BATTLE: KPZ 70,TANK BATTLE: KPZ 70 CUSTOM,TANK BATTLE: MBTK-70,,,,NOT_CHECKED,26,,NOT_STARTED,NOT_BUILT,NOT_TESTED,JPN_PRIMARY; MLG_CN_CONTEXT_AUXILIARY,mechanical template; resource_class=SLOT_OLANG; source_objects=8,[支线任务: 080],"[""[支线任务: 080]"",""[支线任务: 095]""]",[EXTRA OPS: 080],"[""[EXTRA OPS: 080]"",""[EXTRA OPS: 095]""]",AUX_CN_ATTACHED,exact_jpn_slot_page_tag_reference_index;validated_slot_olang_map_entity_identity,master status=AUX_CN_ATTACHED; mapping method=exact_jpn_slot_page_tag_reference_index;validated_slot_olang_map_entity_identity; candidate attached as auxiliary evidence only; verify against JPN and context; auxiliary candidates only; JPN remains authoritative; verify against JPN text and context; multiple candidates aggregated from all real JPN references; split/merge/order mismatch remains possible
5D09325F,79,139,139;154;139;154;139;154;139;154,8,,page28:tag9:entity139:key0029E0FC:ref139:ord0;page28:tag9:entity154:key0029E0FC:ref154:ord0;page34:tag2:entity139:key0029E0FC:ref139:ord0;page34:tag2:entity154:key0029E0FC:ref154:ord0;page40:tag5:entity139:key0029E0FC:ref139:ord0;page40:tag5:entity154:key0029E0FC:ref154:ord0;page70:tag4:entity139:key0029E0FC:ref139:ord0;page70:tag4:entity154:key0029E0FC:ref154:ord0,TANK BATTLE: KPZ 70 CUSTOM,TANK BATTLE: MBTK-70,TANK BATTLE: MBTK-70 CUSTOM,,,,NOT_CHECKED,20,,NOT_STARTED,NOT_BUILT,NOT_TESTED,JPN_PRIMARY; MLG_CN_CONTEXT_AUXILIARY,mechanical template; resource_class=SLOT_OLANG; source_objects=8,[支线任务: 081],"[""[支线任务: 081]"",""[支线任务: 096]""]",[EXTRA OPS: 081],"[""[EXTRA OPS: 081]"",""[EXTRA OPS: 096]""]",AUX_CN_ATTACHED,exact_jpn_slot_page_tag_reference_index;validated_slot_olang_map_entity_identity,master status=AUX_CN_ATTACHED; mapping method=exact_jpn_slot_page_tag_reference_index;validated_slot_olang_map_entity_identity; candidate attached as auxiliary evidence only; verify against JPN and context; auxiliary candidates only; JPN remains authoritative; verify against JPN text and context; multiple candidates aggregated from all real JPN references; split/merge/order mismatch remains possible
5D09325F,80,140,140;155;140;155;140;155;140;155,8,,page28:tag9:entity140:key0029E0FC:ref140:ord0;page28:tag9:entity155:key0029E0FC:ref155:ord0;page34:tag2:entity140:key0029E0FC:ref140:ord0;page34:tag2:entity155:key0029E0FC:ref155:ord0;page40:tag5:entity140:key0029E0FC:ref140:ord0;page40:tag5:entity155:key0029E0FC:ref155:ord0;page70:tag4:entity140:key0029E0FC:ref140:ord0;page70:tag4:entity155:key0029E0FC:ref155:ord0,TANK BATTLE: MBTK-70,TANK BATTLE: MBTK-70 CUSTOM,ATTACK CHOPPER BATTLE: MI-24A,,,,NOT_CHECKED,27,,NOT_STARTED,NOT_BUILT,NOT_TESTED,JPN_PRIMARY; MLG_CN_CONTEXT_AUXILIARY,mechanical template; resource_class=SLOT_OLANG; source_objects=8,[支线任务: 082],"[""[支线任务: 082]"",""[支线任务: 097]""]",[EXTRA OPS: 082],"[""[EXTRA OPS: 082]"",""[EXTRA OPS: 097]""]",AUX_CN_ATTACHED,exact_jpn_slot_page_tag_reference_index;validated_slot_olang_map_entity_identity,master status=AUX_CN_ATTACHED; mapping method=exact_jpn_slot_page_tag_reference_index;validated_slot_olang_map_entity_identity; candidate attached as auxiliary evidence only; verify against JPN and context; auxiliary candidates only; JPN remains authoritative; verify against JPN text and context; multiple candidates aggregated from all real JPN references; split/merge/order mismatch remains possible
5D09325F,81,142,142;164;142;164;142;164;142;164,8,,page28:tag9:entity142:key0029E0FC:ref142:ord0;page28:tag9:entity164:key0029E0FC:ref164:ord0;page34:tag2:entity142:key0029E0FC:ref142:ord0;page34:tag2:entity164:key0029E0FC:ref164:ord0;page40:tag5:entity142:key0029E0FC:ref142:ord0;page40:tag5:entity164:key0029E0FC:ref164:ord0;page70:tag4:entity142:key0029E0FC:ref142:ord0;page70:tag4:entity164:key0029E0FC:ref164:ord0,ATTACK CHOPPER BATTLE: MI-24A,ATTACK CHOPPER BATTLE: MI-24A CUSTOM,ATTACK CHOPPER BATTLE: MI-24D,,,,NOT_CHECKED,36,,NOT_STARTED,NOT_BUILT,NOT_TESTED,JPN_PRIMARY; MLG_CN_CONTEXT_AUXILIARY,mechanical template; resource_class=SLOT_OLANG; source_objects=8,[支线任务: 084],"[""[支线任务: 084]"",""装甲车战：LAV-Type C 定制型""]",[EXTRA OPS: 084],"[""[EXTRA OPS: 084]"",""ARMORED VEHICLE BATTLE: LAV-TYPE C CUSTOM""]",AUX_CN_ATTACHED,exact_jpn_slot_page_tag_reference_index;validated_slot_olang_map_entity_identity,master status=AUX_CN_ATTACHED; mapping method=exact_jpn_slot_page_tag_reference_index;validated_slot_olang_map_entity_identity; candidate attached as auxiliary evidence only; verify against JPN and context; auxiliary candidates only; JPN remains authoritative; verify against JPN text and context; multiple candidates aggregated from all real JPN references; split/merge/order mismatch remains possible
5D09325F,82,143,143;165;143;165;143;165;143;165,8,,page28:tag9:entity143:key0029E0FC:ref143:ord0;page28:tag9:entity165:key0029E0FC:ref165:ord0;page34:tag2:entity143:key0029E0FC:ref143:ord0;page34:tag2:entity165:key0029E0FC:ref165:ord0;page40:tag5:entity143:key0029E0FC:ref143:ord0;page40:tag5:entity165:key0029E0FC:ref165:ord0;page70:tag4:entity143:key0029E0FC:ref143:ord0;page70:tag4:entity165:key0029E0FC:ref165:ord0,ATTACK CHOPPER BATTLE: MI-24A CUSTOM,ATTACK CHOPPER BATTLE: MI-24D,ATTACK CHOPPER BATTLE: MI-24D CUSTOM,,,,NOT_CHECKED,29,,NOT_STARTED,NOT_BUILT,NOT_TESTED,JPN_PRIMARY; MLG_CN_CONTEXT_AUXILIARY,mechanical template; resource_class=SLOT_OLANG; source_objects=8,[支线任务: 085],"[""[支线任务: 085]"",""[支线任务: 105]""]",[EXTRA OPS: 085],"[""[EXTRA OPS: 085]"",""[EXTRA OPS: 105]""]",AUX_CN_ATTACHED,exact_jpn_slot_page_tag_reference_index;validated_slot_olang_map_entity_identity,master status=AUX_CN_ATTACHED; mapping method=exact_jpn_slot_page_tag_reference_index;validated_slot_olang_map_entity_identity; candidate attached as auxiliary evidence only; verify against JPN and context; auxiliary candidates only; JPN remains authoritative; verify against JPN text and context; multiple candidates aggregated from all real JPN references; split/merge/order mismatch remains possible
5D09325F,83,144,144;166;144;166;144;166;144;166,8,,page28:tag9:entity144:key0029E0FC:ref144:ord0;page28:tag9:entity166:key0029E0FC:ref166:ord0;page34:tag2:entity144:key0029E0FC:ref144:ord0;page34:tag2:entity166:key0029E0FC:ref166:ord0;page40:tag5:entity144:key0029E0FC:ref144:ord0;page40:tag5:entity166:key0029E0FC:ref166:ord0;page70:tag4:entity144:key0029E0FC:ref144:ord0;page70:tag4:entity166:key0029E0FC:ref166:ord0,ATTACK CHOPPER BATTLE: MI-24D,ATTACK CHOPPER BATTLE: MI-24D CUSTOM,ATTACK CHOPPER BATTLE: AH56A-BOMBER,,,,NOT_CHECKED,36,,NOT_STARTED,NOT_BUILT,NOT_TESTED,JPN_PRIMARY; MLG_CN_CONTEXT_AUXILIARY,mechanical template; resource_class=SLOT_OLANG; source_objects=8,[支线任务: 086],"[""[支线任务: 086]"",""[支线任务: 106]""]",[EXTRA OPS: 086],"[""[EXTRA OPS: 086]"",""[EXTRA OPS: 106]""]",AUX_CN_ATTACHED,exact_jpn_slot_page_tag_reference_index;validated_slot_olang_map_entity_identity,master status=AUX_CN_ATTACHED; mapping method=exact_jpn_slot_page_tag_reference_index;validated_slot_olang_map_entity_identity; candidate attached as auxiliary evidence only; verify against JPN and context; auxiliary candidates only; JPN remains authoritative; verify against JPN text and context; multiple candidates aggregated from all real JPN references; split/merge/order mismatch remains possible
5D09325F,84,145,145;167;145;167;145;167;145;167,8,,page28:tag9:entity145:key0029E0FC:ref145:ord0;page28:tag9:entity167:key0029E0FC:ref167:ord0;page34:tag2:entity145:key0029E0FC:ref145:ord0;page34:tag2:entity167:key0029E0FC:ref167:ord0;page40:tag5:entity145:key0029E0FC:ref145:ord0;page40:tag5:entity167:key0029E0FC:ref167:ord0;page70:tag4:entity145:key0029E0FC:ref145:ord0;page70:tag4:entity167:key0029E0FC:ref167:ord0,ATTACK CHOPPER BATTLE: MI-24D CUSTOM,ATTACK CHOPPER BATTLE: AH56A-BOMBER,ATTACK CHOPPER BATTLE: AH56A-BOMBER CUSTOM,,,,NOT_CHECKED,35,,NOT_STARTED,NOT_BUILT,NOT_TESTED,JPN_PRIMARY; MLG_CN_CONTEXT_AUXILIARY,mechanical template; resource_class=SLOT_OLANG; source_objects=8,[支线任务: 087],"[""[支线任务: 087]"",""[支线任务: 107]""]",[EXTRA OPS: 087],"[""[EXTRA OPS: 087]"",""[EXTRA OPS: 107]""]",AUX_CN_ATTACHED,exact_jpn_slot_page_tag_reference_index;validated_slot_olang_map_entity_identity,master status=AUX_CN_ATTACHED; mapping method=exact_jpn_slot_page_tag_reference_index;validated_slot_olang_map_entity_identity; candidate attached as auxiliary evidence only; verify against JPN and context; auxiliary candidates only; JPN remains authoritative; verify against JPN text and context; multiple candidates aggregated from all real JPN references; split/merge/order mismatch remains possible
5D09325F,85,146,146;168;146;168;146;168;146;168,8,,page28:tag9:entity146:key0029E0FC:ref146:ord0;page28:tag9:entity168:key0029E0FC:ref168:ord0;page34:tag2:entity146:key0029E0FC:ref146:ord0;page34:tag2:entity168:key0029E0FC:ref168:ord0;page40:tag5:entity146:key0029E0FC:ref146:ord0;page40:tag5:entity168:key0029E0FC:ref168:ord0;page70:tag4:entity146:key0029E0FC:ref146:ord0;page70:tag4:entity168:key0029E0FC:ref168:ord0,ATTACK CHOPPER BATTLE: AH56A-BOMBER,ATTACK CHOPPER BATTLE: AH56A-BOMBER CUSTOM,ATTACK CHOPPER BATTLE: AH56A-RAIDER,,,,NOT_CHECKED,42,,NOT_STARTED,NOT_BUILT,NOT_TESTED,JPN_PRIMARY; MLG_CN_CONTEXT_AUXILIARY,mechanical template; resource_class=SLOT_OLANG; source_objects=8,[支线任务: 088],"[""[支线任务: 088]"",""[支线任务: 108]""]",[EXTRA OPS: 088],"[""[EXTRA OPS: 088]"",""[EXTRA OPS: 108]""]",AUX_CN_ATTACHED,exact_jpn_slot_page_tag_reference_index;validated_slot_olang_map_entity_identity,master status=AUX_CN_ATTACHED; mapping method=exact_jpn_slot_page_tag_reference_index;validated_slot_olang_map_entity_identity; candidate attached as auxiliary evidence only; verify against JPN and context; auxiliary candidates only; JPN remains authoritative; verify against JPN text and context; multiple candidates aggregated from all real JPN references; split/merge/order mismatch remains possible
5D09325F,86,147,147;169;147;169;147;169;147;169,8,,page28:tag9:entity147:key0029E0FC:ref147:ord0;page28:tag9:entity169:key0029E0FC:ref169:ord0;page34:tag2:entity147:key0029E0FC:ref147:ord0;page34:tag2:entity169:key0029E0FC:ref169:ord0;page40:tag5:entity147:key0029E0FC:ref147:ord0;page40:tag5:entity169:key0029E0FC:ref169:ord0;page70:tag4:entity147:key0029E0FC:ref147:ord0;page70:tag4:entity169:key0029E0FC:ref169:ord0,ATTACK CHOPPER BATTLE: AH56A-BOMBER CUSTOM,ATTACK CHOPPER BATTLE: AH56A-RAIDER,ATTACK CHOPPER BATTLE: AH56A-RAIDER CUSTOM,,,,NOT_CHECKED,35,,NOT_STARTED,NOT_BUILT,NOT_TESTED,JPN_PRIMARY; MLG_CN_CONTEXT_AUXILIARY,mechanical template; resource_class=SLOT_OLANG; source_objects=8,[支线任务: 089],"[""[支线任务: 089]"",""[支线任务: 109]""]",[EXTRA OPS: 089],"[""[EXTRA OPS: 089]"",""[EXTRA OPS: 109]""]",AUX_CN_ATTACHED,exact_jpn_slot_page_tag_reference_index;validated_slot_olang_map_entity_identity,master status=AUX_CN_ATTACHED; mapping method=exact_jpn_slot_page_tag_reference_index;validated_slot_olang_map_entity_identity; candidate attached as auxiliary evidence only; verify against JPN and context; auxiliary candidates only; JPN remains authoritative; verify against JPN text and context; multiple candidates aggregated from all real JPN references; split/merge/order mismatch remains possible
5D09325F,87,148,148;170;148;170;148;170;148;170,8,,page28:tag9:entity148:key0029E0FC:ref148:ord0;page28:tag9:entity170:key0029E0FC:ref170:ord0;page34:tag2:entity148:key0029E0FC:ref148:ord0;page34:tag2:entity170:key0029E0FC:ref170:ord0;page40:tag5:entity148:key0029E0FC:ref148:ord0;page40:tag5:entity170:key0029E0FC:ref170:ord0;page70:tag4:entity148:key0029E0FC:ref148:ord0;page70:tag4:entity170:key0029E0FC:ref170:ord0,ATTACK CHOPPER BATTLE: AH56A-RAIDER,ATTACK CHOPPER BATTLE: AH56A-RAIDER CUSTOM,TANK BATTLE: T-72U CUSTOM,,,,NOT_CHECKED,42,,NOT_STARTED,NOT_BUILT,NOT_TESTED,JPN_PRIMARY; MLG_CN_CONTEXT_AUXILIARY,mechanical template; resource_class=SLOT_OLANG; source_objects=8,[支线任务: 090],"[""[支线任务: 090]"",""[支线任务: 110]""]",[EXTRA OPS: 090],"[""[EXTRA OPS: 090]"",""[EXTRA OPS: 110]""]",AUX_CN_ATTACHED,exact_jpn_slot_page_tag_reference_index;validated_slot_olang_map_entity_identity,master status=AUX_CN_ATTACHED; mapping method=exact_jpn_slot_page_tag_reference_index;validated_slot_olang_map_entity_identity; candidate attached as auxiliary evidence only; verify against JPN and context; auxiliary candidates only; JPN remains authoritative; verify against JPN text and context; multiple candidates aggregated from all real JPN references; split/merge/order mismatch remains possible
5D09325F,88,171,171;171;171;171,4,,page28:tag9:entity171:key0029E0FC:ref171:ord0;page34:tag2:entity171:key0029E0FC:ref171:ord0;page40:tag5:entity171:key0029E0FC:ref171:ord0;page70:tag4:entity171:key0029E0FC:ref171:ord0,ATTACK CHOPPER BATTLE: AH56A-RAIDER CUSTOM,PUPA II BATTLE,CHRYSALIS II BATTLE,,,,NOT_CHECKED,14,,NOT_STARTED,NOT_BUILT,NOT_TESTED,JPN_PRIMARY; MLG_CN_CONTEXT_AUXILIARY,mechanical template; resource_class=SLOT_OLANG; source_objects=4,[支线任务: 111],"[""[支线任务: 111]""]",[EXTRA OPS: 111],"[""[EXTRA OPS: 111]""]",AUX_CN_ATTACHED,exact_jpn_slot_page_tag_reference_index;validated_slot_olang_map_entity_identity,master status=AUX_CN_ATTACHED; mapping method=exact_jpn_slot_page_tag_reference_index;validated_slot_olang_map_entity_identity; candidate attached as auxiliary evidence only; verify against JPN and context; auxiliary candidates only; JPN remains authoritative; verify against JPN text and context
5D09325F,89,172,172;172;172;172,4,,page28:tag9:entity172:key0029E0FC:ref172:ord0;page34:tag2:entity172:key0029E0FC:ref172:ord0;page40:tag5:entity172:key0029E0FC:ref172:ord0;page70:tag4:entity172:key0029E0FC:ref172:ord0,PUPA II BATTLE,CHRYSALIS II BATTLE,COCOON II BATTLE,,,,NOT_CHECKED,19,,NOT_STARTED,NOT_BUILT,NOT_TESTED,JPN_PRIMARY; MLG_CN_CONTEXT_AUXILIARY,mechanical template; resource_class=SLOT_OLANG; source_objects=4,[支线任务: 112],"[""[支线任务: 112]""]",[EXTRA OPS: 112],"[""[EXTRA OPS: 112]""]",AUX_CN_ATTACHED,exact_jpn_slot_page_tag_reference_index;validated_slot_olang_map_entity_identity,master status=AUX_CN_ATTACHED; mapping method=exact_jpn_slot_page_tag_reference_index;validated_slot_olang_map_entity_identity; candidate attached as auxiliary evidence only; verify against JPN and context; auxiliary candidates only; JPN remains authoritative; verify against JPN text and context
5D09325F,90,173,173;173;173;173,4,,page28:tag9:entity173:key0029E0FC:ref173:ord0;page34:tag2:entity173:key0029E0FC:ref173:ord0;page40:tag5:entity173:key0029E0FC:ref173:ord0;page70:tag4:entity173:key0029E0FC:ref173:ord0,CHRYSALIS II BATTLE,COCOON II BATTLE,PEACE WALKER II BATTLE,,,,NOT_CHECKED,16,,NOT_STARTED,NOT_BUILT,NOT_TESTED,JPN_PRIMARY; MLG_CN_CONTEXT_AUXILIARY,mechanical template; resource_class=SLOT_OLANG; source_objects=4,[支线任务: 114],"[""[支线任务: 114]""]",[EXTRA OPS: 114],"[""[EXTRA OPS: 114]""]",AUX_CN_ATTACHED,exact_jpn_slot_page_tag_reference_index;validated_slot_olang_map_entity_identity,master status=AUX_CN_ATTACHED; mapping method=exact_jpn_slot_page_tag_reference_index;validated_slot_olang_map_entity_identity; candidate attached as auxiliary evidence only; verify against JPN and context; auxiliary candidates only; JPN remains authoritative; verify against JPN text and context
5D09325F,91,174,174;174;174;174,4,,page28:tag9:entity174:key0029E0FC:ref174:ord0;page34:tag2:entity174:key0029E0FC:ref174:ord0;page40:tag5:entity174:key0029E0FC:ref174:ord0;page70:tag4:entity174:key0029E0FC:ref174:ord0,COCOON II BATTLE,PEACE WALKER II BATTLE,SBM251,,,,NOT_CHECKED,22,,NOT_STARTED,NOT_BUILT,NOT_TESTED,JPN_PRIMARY; MLG_CN_CONTEXT_AUXILIARY,mechanical template; resource_class=SLOT_OLANG; source_objects=4,[支线任务: 116],"[""[支线任务: 116]""]",[EXTRA OPS: 116],"[""[EXTRA OPS: 116]""]",AUX_CN_ATTACHED,exact_jpn_slot_page_tag_reference_index;validated_slot_olang_map_entity_identity,master status=AUX_CN_ATTACHED; mapping method=exact_jpn_slot_page_tag_reference_index;validated_slot_olang_map_entity_identity; candidate attached as auxiliary evidence only; verify against JPN and context; auxiliary candidates only; JPN remains authoritative; verify against JPN text and context
5D09325F,92,175,175;175;175;175,4,,page28:tag9:entity175:key0029E0FC:ref175:ord0;page34:tag2:entity175:key0029E0FC:ref175:ord0;page40:tag5:entity175:key0029E0FC:ref175:ord0;page70:tag4:entity175:key0029E0FC:ref175:ord0,PEACE WALKER II BATTLE,SBM251,SBM252,,,,NOT_CHECKED,6,,NOT_STARTED,NOT_BUILT,NOT_TESTED,JPN_PRIMARY; MLG_CN_CONTEXT_AUXILIARY,mechanical template; resource_class=SLOT_OLANG; source_objects=4,[支线任务: 118],"[""[支线任务: 118]""]",[EXTRA OPS: 118],"[""[EXTRA OPS: 118]""]",AUX_CN_ATTACHED,exact_jpn_slot_page_tag_reference_index;validated_slot_olang_map_entity_identity,master status=AUX_CN_ATTACHED; mapping method=exact_jpn_slot_page_tag_reference_index;validated_slot_olang_map_entity_identity; candidate attached as auxiliary evidence only; verify against JPN and context; auxiliary candidates only; JPN remains authoritative; verify against JPN text and context
5D09325F,93,176,176;176;176;176,4,,page28:tag9:entity176:key0029E0FC:ref176:ord0;page34:tag2:entity176:key0029E0FC:ref176:ord0;page40:tag5:entity176:key0029E0FC:ref176:ord0;page70:tag4:entity176:key0029E0FC:ref176:ord0,SBM251,SBM252,SBM253,,,,NOT_CHECKED,6,,NOT_STARTED,NOT_BUILT,NOT_TESTED,JPN_PRIMARY; MLG_CN_CONTEXT_AUXILIARY,mechanical template; resource_class=SLOT_OLANG; source_objects=4,SBM251,"[""SBM251""]",SBM251,"[""SBM251""]",AUX_CN_ATTACHED,exact_jpn_slot_page_tag_reference_index;validated_slot_olang_map_entity_identity,master status=AUX_CN_ATTACHED; mapping method=exact_jpn_slot_page_tag_reference_index;validated_slot_olang_map_entity_identity; candidate attached as auxiliary evidence only; verify against JPN and context; auxiliary candidates only; JPN remains authoritative; verify against JPN text and context
5D09325F,94,177,177;177;177;177,4,,page28:tag9:entity177:key0029E0FC:ref177:ord0;page34:tag2:entity177:key0029E0FC:ref177:ord0;page40:tag5:entity177:key0029E0FC:ref177:ord0;page70:tag4:entity177:key0029E0FC:ref177:ord0,SBM252,SBM253,SBM254,,,,NOT_CHECKED,6,,NOT_STARTED,NOT_BUILT,NOT_TESTED,JPN_PRIMARY; MLG_CN_CONTEXT_AUXILIARY,mechanical template; resource_class=SLOT_OLANG; source_objects=4,SBM252,"[""SBM252""]",SBM252,"[""SBM252""]",AUX_CN_ATTACHED,exact_jpn_slot_page_tag_reference_index;validated_slot_olang_map_entity_identity,master status=AUX_CN_ATTACHED; mapping method=exact_jpn_slot_page_tag_reference_index;validated_slot_olang_map_entity_identity; candidate attached as auxiliary evidence only; verify against JPN and context; auxiliary candidates only; JPN remains authoritative; verify against JPN text and context
5D09325F,95,178,178;178;178;178,4,,page28:tag9:entity178:key0029E0FC:ref178:ord0;page34:tag2:entity178:key0029E0FC:ref178:ord0;page40:tag5:entity178:key0029E0FC:ref178:ord0;page70:tag4:entity178:key0029E0FC:ref178:ord0,SBM253,SBM254,PUPA CUSTOM BATTLE,,,,NOT_CHECKED,6,,NOT_STARTED,NOT_BUILT,NOT_TESTED,JPN_PRIMARY; MLG_CN_CONTEXT_AUXILIARY,mechanical template; resource_class=SLOT_OLANG; source_objects=4,SBM253,"[""SBM253""]",SBM253,"[""SBM253""]",AUX_CN_ATTACHED,exact_jpn_slot_page_tag_reference_index;validated_slot_olang_map_entity_identity,master status=AUX_CN_ATTACHED; mapping method=exact_jpn_slot_page_tag_reference_index;validated_slot_olang_map_entity_identity; candidate attached as auxiliary evidence only; verify against JPN and context; auxiliary candidates only; JPN remains authoritative; verify against JPN text and context
5D09325F,96,179,179;179;179;179,4,,page28:tag9:entity179:key0029E0FC:ref179:ord0;page34:tag2:entity179:key0029E0FC:ref179:ord0;page40:tag5:entity179:key0029E0FC:ref179:ord0;page70:tag4:entity179:key0029E0FC:ref179:ord0,SBM254,PUPA CUSTOM BATTLE,CHRYSALIS CUSTOM BATTLE,,,,NOT_CHECKED,18,,NOT_STARTED,NOT_BUILT,NOT_TESTED,JPN_PRIMARY; MLG_CN_CONTEXT_AUXILIARY,mechanical template; resource_class=SLOT_OLANG; source_objects=4,SBM254,"[""SBM254""]",SBM254,"[""SBM254""]",AUX_CN_ATTACHED,exact_jpn_slot_page_tag_reference_index;validated_slot_olang_map_entity_identity,master status=AUX_CN_ATTACHED; mapping method=exact_jpn_slot_page_tag_reference_index;validated_slot_olang_map_entity_identity; candidate attached as auxiliary evidence only; verify against JPN and context; auxiliary candidates only; JPN remains authoritative; verify against JPN text and context
5D09325F,97,180,180;180;180;180,4,,page28:tag9:entity180:key0029E0FC:ref180:ord0;page34:tag2:entity180:key0029E0FC:ref180:ord0;page40:tag5:entity180:key0029E0FC:ref180:ord0;page70:tag4:entity180:key0029E0FC:ref180:ord0,PUPA CUSTOM BATTLE,CHRYSALIS CUSTOM BATTLE,COCOON CUSTOM BATTLE,,,,NOT_CHECKED,23,,NOT_STARTED,NOT_BUILT,NOT_TESTED,JPN_PRIMARY; MLG_CN_CONTEXT_AUXILIARY,mechanical template; resource_class=SLOT_OLANG; source_objects=4,[支线任务: 113],"[""[支线任务: 113]""]",[EXTRA OPS: 113],"[""[EXTRA OPS: 113]""]",AUX_CN_ATTACHED,exact_jpn_slot_page_tag_reference_index;validated_slot_olang_map_entity_identity,master status=AUX_CN_ATTACHED; mapping method=exact_jpn_slot_page_tag_reference_index;validated_slot_olang_map_entity_identity; candidate attached as auxiliary evidence only; verify against JPN and context; auxiliary candidates only; JPN remains authoritative; verify against JPN text and context
5D09325F,98,181,181;181;181;181,4,,page28:tag9:entity181:key0029E0FC:ref181:ord0;page34:tag2:entity181:key0029E0FC:ref181:ord0;page40:tag5:entity181:key0029E0FC:ref181:ord0;page70:tag4:entity181:key0029E0FC:ref181:ord0,CHRYSALIS CUSTOM BATTLE,COCOON CUSTOM BATTLE,PEACE WALKER CUSTOM BATTLE,,,,NOT_CHECKED,20,,NOT_STARTED,NOT_BUILT,NOT_TESTED,JPN_PRIMARY; MLG_CN_CONTEXT_AUXILIARY,mechanical template; resource_class=SLOT_OLANG; source_objects=4,[支线任务: 115],"[""[支线任务: 115]""]",[EXTRA OPS: 115],"[""[EXTRA OPS: 115]""]",AUX_CN_ATTACHED,exact_jpn_slot_page_tag_reference_index;validated_slot_olang_map_entity_identity,master status=AUX_CN_ATTACHED; mapping method=exact_jpn_slot_page_tag_reference_index;validated_slot_olang_map_entity_identity; candidate attached as auxiliary evidence only; verify against JPN and context; auxiliary candidates only; JPN remains authoritative; verify against JPN text and context
5D09325F,99,182,182;182;182;182,4,,page28:tag9:entity182:key0029E0FC:ref182:ord0;page34:tag2:entity182:key0029E0FC:ref182:ord0;page40:tag5:entity182:key0029E0FC:ref182:ord0;page70:tag4:entity182:key0029E0FC:ref182:ord0,COCOON CUSTOM BATTLE,PEACE WALKER CUSTOM BATTLE,VS. METAL GEAR ZEKE - MOCK BATTLE,,,,NOT_CHECKED,26,,NOT_STARTED,NOT_BUILT,NOT_TESTED,JPN_PRIMARY; MLG_CN_CONTEXT_AUXILIARY,mechanical template; resource_class=SLOT_OLANG; source_objects=4,[支线任务: 117],"[""[支线任务: 117]""]",[EXTRA OPS: 117],"[""[EXTRA OPS: 117]""]",AUX_CN_ATTACHED,exact_jpn_slot_page_tag_reference_index;validated_slot_olang_map_entity_identity,master status=AUX_CN_ATTACHED; mapping method=exact_jpn_slot_page_tag_reference_index;validated_slot_olang_map_entity_identity; candidate attached as auxiliary evidence only; verify against JPN and context; auxiliary candidates only; JPN remains authoritative; verify against JPN text and context
5D09325F,100,183,183;183;183;183,4,,page28:tag9:entity183:key0029E0FC:ref183:ord0;page34:tag2:entity183:key0029E0FC:ref183:ord0;page40:tag5:entity183:key0029E0FC:ref183:ord0;page70:tag4:entity183:key0029E0FC:ref183:ord0,PEACE WALKER CUSTOM BATTLE,VS. METAL GEAR ZEKE - MOCK BATTLE,MSF ENTRANCE EXAM,,,,NOT_CHECKED,33,,NOT_STARTED,NOT_BUILT,NOT_TESTED,JPN_PRIMARY; MLG_CN_CONTEXT_AUXILIARY,mechanical template; resource_class=SLOT_OLANG; source_objects=4,[支线任务: 119],"[""[支线任务: 119]""]",[EXTRA OPS: 119],"[""[EXTRA OPS: 119]""]",AUX_CN_ATTACHED,exact_jpn_slot_page_tag_reference_index;validated_slot_olang_map_entity_identity,master status=AUX_CN_ATTACHED; mapping method=exact_jpn_slot_page_tag_reference_index;validated_slot_olang_map_entity_identity; candidate attached as auxiliary evidence only; verify against JPN and context; auxiliary candidates only; JPN remains authoritative; verify against JPN text and context
5D09325F,101,184,184;184;184;184,4,,page28:tag9:entity184:key0029E0FC:ref184:ord0;page34:tag2:entity184:key0029E0FC:ref184:ord0;page40:tag5:entity184:key0029E0FC:ref184:ord0;page70:tag4:entity184:key0029E0FC:ref184:ord0,VS. METAL GEAR ZEKE - MOCK BATTLE,MSF ENTRANCE EXAM,<<HUNTING QUEST: LIOLAEUS>>,,,,NOT_CHECKED,17,,NOT_STARTED,NOT_BUILT,NOT_TESTED,JPN_PRIMARY; MLG_CN_CONTEXT_AUXILIARY,mechanical template; resource_class=SLOT_OLANG; source_objects=4,[支线任务: 120],"[""[支线任务: 120]""]",[EXTRA OPS: 120],"[""[EXTRA OPS: 120]""]",AUX_CN_ATTACHED,exact_jpn_slot_page_tag_reference_index;validated_slot_olang_map_entity_identity,master status=AUX_CN_ATTACHED; mapping method=exact_jpn_slot_page_tag_reference_index;validated_slot_olang_map_entity_identity; candidate attached as auxiliary evidence only; verify against JPN and context; auxiliary candidates only; JPN remains authoritative; verify against JPN text and context
5D09325F,102,185,185;185;185;185,4,,page28:tag9:entity185:key0029E0FC:ref185:ord0;page34:tag2:entity185:key0029E0FC:ref185:ord0;page40:tag5:entity185:key0029E0FC:ref185:ord0;page70:tag4:entity185:key0029E0FC:ref185:ord0,MSF ENTRANCE EXAM,<<HUNTING QUEST: LIOLAEUS>>,<<HUNTING QUEST: TIGREX>>,<HUNTING QUEST: LIOLAEUS>,,,NOT_CHECKED,27,,NOT_STARTED,NOT_BUILT,NOT_TESTED,JPN_PRIMARY; MLG_CN_CONTEXT_AUXILIARY,mechanical template; resource_class=SLOT_OLANG; source_objects=4,MSF入队考核,"[""MSF入队考核""]",MSF ENTRANCE EXAM,"[""MSF ENTRANCE EXAM""]",AUX_CN_ATTACHED,exact_jpn_slot_page_tag_reference_index;validated_slot_olang_map_entity_identity,master status=AUX_CN_ATTACHED; mapping method=exact_jpn_slot_page_tag_reference_index;validated_slot_olang_map_entity_identity; candidate attached as auxiliary evidence only; verify against JPN and context; auxiliary candidates only; JPN remains authoritative; verify against JPN text and context
5D09325F,103,186,186;186;186;186,4,,page28:tag9:entity186:key0029E0FC:ref186:ord0;page34:tag2:entity186:key0029E0FC:ref186:ord0;page40:tag5:entity186:key0029E0FC:ref186:ord0;page70:tag4:entity186:key0029E0FC:ref186:ord0,<<HUNTING QUEST: LIOLAEUS>>,<<HUNTING QUEST: TIGREX>>,<<HUNTING QUEST: GEAR REX>>,<HUNTING QUEST: TIGREX>,,,NOT_CHECKED,25,,NOT_STARTED,NOT_BUILT,NOT_TESTED,JPN_PRIMARY; MLG_CN_CONTEXT_AUXILIARY,mechanical template; resource_class=SLOT_OLANG; source_objects=4,<<狩猎任务：雄火龙>>,"[""<<狩猎任务：雄火龙>>""]",<<HUNTING QUEST: RATHALOS>>,"[""<<HUNTING QUEST: RATHALOS>>""]",AUX_CN_ATTACHED,exact_jpn_slot_page_tag_reference_index;validated_slot_olang_map_entity_identity,master status=AUX_CN_ATTACHED; mapping method=exact_jpn_slot_page_tag_reference_index;validated_slot_olang_map_entity_identity; candidate attached as auxiliary evidence only; verify against JPN and context; auxiliary candidates only; JPN remains authoritative; verify against JPN text and context
5D09325F,104,187,187;187;187;187,4,,page28:tag9:entity187:key0029E0FC:ref187:ord0;page34:tag2:entity187:key0029E0FC:ref187:ord0;page40:tag5:entity187:key0029E0FC:ref187:ord0;page70:tag4:entity187:key0029E0FC:ref187:ord0,<<HUNTING QUEST: TIGREX>>,<<HUNTING QUEST: GEAR REX>>,GEAR REX: SHOWDOWN AT CRATER BASE,<HUNTING QUEST: GEAR REX>,,,NOT_CHECKED,27,,NOT_STARTED,NOT_BUILT,NOT_TESTED,JPN_PRIMARY; MLG_CN_CONTEXT_AUXILIARY,mechanical template; resource_class=SLOT_OLANG; source_objects=4,<<狩猎任务：轰龙>>,"[""<<狩猎任务：轰龙>>""]",<<HUNTING QUEST: TIGREX>>,"[""<<HUNTING QUEST: TIGREX>>""]",AUX_CN_ATTACHED,exact_jpn_slot_page_tag_reference_index;validated_slot_olang_map_entity_identity,master status=AUX_CN_ATTACHED; mapping method=exact_jpn_slot_page_tag_reference_index;validated_slot_olang_map_entity_identity; candidate attached as auxiliary evidence only; verify against JPN and context; auxiliary candidates only; JPN remains authoritative; verify against JPN text and context
5D09325F,105,188,188;188;188;188,4,,page28:tag9:entity188:key0029E0FC:ref188:ord0;page34:tag2:entity188:key0029E0FC:ref188:ord0;page40:tag5:entity188:key0029E0FC:ref188:ord0;page70:tag4:entity188:key0029E0FC:ref188:ord0,<<HUNTING QUEST: GEAR REX>>,GEAR REX: SHOWDOWN AT CRATER BASE,GEAR REX STRIKES BACK,,,,NOT_CHECKED,33,,NOT_STARTED,NOT_BUILT,NOT_TESTED,JPN_PRIMARY; MLG_CN_CONTEXT_AUXILIARY,mechanical template; resource_class=SLOT_OLANG; source_objects=4,<<狩猎任务：Gear REX>>,"[""<<狩猎任务：Gear REX>>""]",<<HUNTING QUEST: GEAR REX>>,"[""<<HUNTING QUEST: GEAR REX>>""]",AUX_CN_ATTACHED,exact_jpn_slot_page_tag_reference_index;validated_slot_olang_map_entity_identity,master status=AUX_CN_ATTACHED; mapping method=exact_jpn_slot_page_tag_reference_index;validated_slot_olang_map_entity_identity; candidate attached as auxiliary evidence only; verify against JPN and context; auxiliary candidates only; JPN remains authoritative; verify against JPN text and context
5D09325F,106,189,189;189;189;189,4,,page28:tag9:entity189:key0029E0FC:ref189:ord0;page34:tag2:entity189:key0029E0FC:ref189:ord0;page40:tag5:entity189:key0029E0FC:ref189:ord0;page70:tag4:entity189:key0029E0FC:ref189:ord0,GEAR REX: SHOWDOWN AT CRATER BASE,GEAR REX STRIKES BACK,"
MISSION COMPLETE",,,,NOT_CHECKED,21,,NOT_STARTED,NOT_BUILT,NOT_TESTED,JPN_PRIMARY; MLG_CN_CONTEXT_AUXILIARY,mechanical template; resource_class=SLOT_OLANG; source_objects=4,Gear REX：陨石坑基地对决,"[""Gear REX：陨石坑基地对决""]",GEAR REX: SHOWDOWN AT CRATER BASE,"[""GEAR REX: SHOWDOWN AT CRATER BASE""]",AUX_CN_ATTACHED,exact_jpn_slot_page_tag_reference_index;validated_slot_olang_map_entity_identity,master status=AUX_CN_ATTACHED; mapping method=exact_jpn_slot_page_tag_reference_index;validated_slot_olang_map_entity_identity; candidate attached as auxiliary evidence only; verify against JPN and context; auxiliary candidates only; JPN remains authoritative; verify against JPN text and context
