file_id,unique_index,first_reference_index,reference_indices,reference_count,scene_context,entity_context,previous_jpn_text,jpn_text,next_jpn_text,jpn_control_tokens,cn_text,cn_control_tokens,control_structure_status,jpn_utf8_bytes,cn_utf8_bytes,translation_status,build_status,ingame_status,translation_basis,notes,mlg_cn_reference,mlg_cn_reference_variants,eng_reference,eng_reference_variants,reference_status,reference_method,reference_reason
5D140CA7,0,0,0;0;0;0;0;0;0;0;0;0;0;0;0;0;0;0;0;0;0;0;0;0;0;0;0;0;0;0;0;0;0;0;0;0;0;0;0;0;0;0;0;0;0;0;0;0;0;0;0,49,,page58:tag4:entity3:key00766783:ref0:ord0;page82:tag7:entity3:key00766783:ref0:ord0;page88:tag11:entity3:key00766783:ref0:ord0;page94:tag11:entity3:key00766783:ref0:ord0;page100:tag10:entity3:key00766783:ref0:ord0;page106:tag10:entity3:key00766783:ref0:ord0;page112:tag9:entity3:key00766783:ref0:ord0;page118:tag10:entity3:key00766783:ref0:ord0;page124:tag9:entity3:key00766783:ref0:ord0;page130:tag10:entity3:key00766783:ref0:ord0;page136:tag9:entity3:key00766783:ref0:ord0;page142:tag9:entity3:key00766783:ref0:ord0;page148:tag9:entity3:key00766783:ref0:ord0;page154:tag10:entity3:key00766783:ref0:ord0;page160:tag9:entity3:key00766783:ref0:ord0;page166:tag9:entity3:key00766783:ref0:ord0;page172:tag10:entity3:key00766783:ref0:ord0;page178:tag9:entity3:key00766783:ref0:ord0;page184:tag9:entity3:key00766783:ref0:ord0;page190:tag9:entity3:key00766783:ref0:ord0;page196:tag9:entity3:key00766783:ref0:ord0;page202:tag9:entity3:key00766783:ref0:ord0;page208:tag9:entity3:key00766783:ref0:ord0;page214:tag9:entity3:key00766783:ref0:ord0;page220:tag11:entity3:key00766783:ref0:ord0;page226:tag9:entity3:key00766783:ref0:ord0;page232:tag10:entity3:key00766783:ref0:ord0;page238:tag9:entity3:key00766783:ref0:ord0;page244:tag9:entity3:key00766783:ref0:ord0;page250:tag11:entity3:key00766783:ref0:ord0;page256:tag9:entity3:key00766783:ref0:ord0;page262:tag8:entity3:key00766783:ref0:ord0;page268:tag9:entity3:key00766783:ref0:ord0;page274:tag9:entity3:key00766783:ref0:ord0;page280:tag10:entity3:key00766783:ref0:ord0;page286:tag10:entity3:key00766783:ref0:ord0;page292:tag10:entity3:key00766783:ref0:ord0;page298:tag10:entity3:key00766783:ref0:ord0;page304:tag9:entity3:key00766783:ref0:ord0;page310:tag10:entity3:key00766783:ref0:ord0;page316:tag9:entity3:key00766783:ref0:ord0;page322:tag8:entity3:key00766783:ref0:ord0;page328:tag9:entity3:key00766783:ref0:ord0;page334:tag11:entity3:key00766783:ref0:ord0;page340:tag11:entity3:key00766783:ref0:ord0;page346:tag8:entity3:key00766783:ref0:ord0;page352:tag9:entity3:key00766783:ref0:ord0;page358:tag8:entity3:key00766783:ref0:ord0;page364:tag10:entity3:key00766783:ref0:ord0,,ZEKE:近接攻撃,支援拠点起動,,,,NOT_CHECKED,17,,NOT_STARTED,NOT_BUILT,NOT_TESTED,JPN_PRIMARY; MLG_CN_CONTEXT_AUXILIARY,mechanical template; resource_class=SLOT_OLANG; source_objects=49,ZEKE：近距离攻击,"[""ZEKE：近距离攻击""]",ZEKE: Close-range Attacks,"[""ZEKE: Close-range Attacks""]",AUX_CN_ATTACHED,exact_jpn_slot_page_tag_reference_index;validated_slot_olang_map_entity_identity,master status=AUX_CN_ATTACHED; mapping method=exact_jpn_slot_page_tag_reference_index;validated_slot_olang_map_entity_identity; candidate attached as auxiliary evidence only; verify against JPN and context; auxiliary candidates only; JPN remains authoritative; verify against JPN text and context
5D140CA7,1,1,1;1;1;1;1;1;1;1;1;1;1;1;1;1;1;1;1;1;1;1;1;1;1;1;1;1;1;1;1;1;1;1;1;1;1;1;1;1;1;1;1;1;1;1;1;1;1;1;1,49,,page58:tag4:entity2:key00766782:ref1:ord0;page82:tag7:entity2:key00766782:ref1:ord0;page88:tag11:entity2:key00766782:ref1:ord0;page94:tag11:entity2:key00766782:ref1:ord0;page100:tag10:entity2:key00766782:ref1:ord0;page106:tag10:entity2:key00766782:ref1:ord0;page112:tag9:entity2:key00766782:ref1:ord0;page118:tag10:entity2:key00766782:ref1:ord0;page124:tag9:entity2:key00766782:ref1:ord0;page130:tag10:entity2:key00766782:ref1:ord0;page136:tag9:entity2:key00766782:ref1:ord0;page142:tag9:entity2:key00766782:ref1:ord0;page148:tag9:entity2:key00766782:ref1:ord0;page154:tag10:entity2:key00766782:ref1:ord0;page160:tag9:entity2:key00766782:ref1:ord0;page166:tag9:entity2:key00766782:ref1:ord0;page172:tag10:entity2:key00766782:ref1:ord0;page178:tag9:entity2:key00766782:ref1:ord0;page184:tag9:entity2:key00766782:ref1:ord0;page190:tag9:entity2:key00766782:ref1:ord0;page196:tag9:entity2:key00766782:ref1:ord0;page202:tag9:entity2:key00766782:ref1:ord0;page208:tag9:entity2:key00766782:ref1:ord0;page214:tag9:entity2:key00766782:ref1:ord0;page220:tag11:entity2:key00766782:ref1:ord0;page226:tag9:entity2:key00766782:ref1:ord0;page232:tag10:entity2:key00766782:ref1:ord0;page238:tag9:entity2:key00766782:ref1:ord0;page244:tag9:entity2:key00766782:ref1:ord0;page250:tag11:entity2:key00766782:ref1:ord0;page256:tag9:entity2:key00766782:ref1:ord0;page262:tag8:entity2:key00766782:ref1:ord0;page268:tag9:entity2:key00766782:ref1:ord0;page274:tag9:entity2:key00766782:ref1:ord0;page280:tag10:entity2:key00766782:ref1:ord0;page286:tag10:entity2:key00766782:ref1:ord0;page292:tag10:entity2:key00766782:ref1:ord0;page298:tag10:entity2:key00766782:ref1:ord0;page304:tag9:entity2:key00766782:ref1:ord0;page310:tag10:entity2:key00766782:ref1:ord0;page316:tag9:entity2:key00766782:ref1:ord0;page322:tag8:entity2:key00766782:ref1:ord0;page328:tag9:entity2:key00766782:ref1:ord0;page334:tag11:entity2:key00766782:ref1:ord0;page340:tag11:entity2:key00766782:ref1:ord0;page346:tag8:entity2:key00766782:ref1:ord0;page352:tag9:entity2:key00766782:ref1:ord0;page358:tag8:entity2:key00766782:ref1:ord0;page364:tag10:entity2:key00766782:ref1:ord0,ZEKE:近接攻撃,支援拠点起動,ZEKE:遠隔攻撃,,,,NOT_CHECKED,18,,NOT_STARTED,NOT_BUILT,NOT_TESTED,JPN_PRIMARY; MLG_CN_CONTEXT_AUXILIARY,mechanical template; resource_class=SLOT_OLANG; source_objects=49,正在启动支援基地。,"[""正在启动支援基地。""]",Activating support base.,"[""Activating support base.""]",AUX_CN_ATTACHED,exact_jpn_slot_page_tag_reference_index;validated_slot_olang_map_entity_identity,master status=AUX_CN_ATTACHED; mapping method=exact_jpn_slot_page_tag_reference_index;validated_slot_olang_map_entity_identity; candidate attached as auxiliary evidence only; verify against JPN and context; auxiliary candidates only; JPN remains authoritative; verify against JPN text and context
5D140CA7,2,2,2;2;2;2;2;2;2;2;2;2;2;2;2;2;2;2;2;2;2;2;2;2;2;2;2;2;2;2;2;2;2;2;2;2;2;2;2;2;2;2;2;2;2;2;2;2;2;2;2,49,,page58:tag4:entity1:key00766781:ref2:ord0;page82:tag7:entity1:key00766781:ref2:ord0;page88:tag11:entity1:key00766781:ref2:ord0;page94:tag11:entity1:key00766781:ref2:ord0;page100:tag10:entity1:key00766781:ref2:ord0;page106:tag10:entity1:key00766781:ref2:ord0;page112:tag9:entity1:key00766781:ref2:ord0;page118:tag10:entity1:key00766781:ref2:ord0;page124:tag9:entity1:key00766781:ref2:ord0;page130:tag10:entity1:key00766781:ref2:ord0;page136:tag9:entity1:key00766781:ref2:ord0;page142:tag9:entity1:key00766781:ref2:ord0;page148:tag9:entity1:key00766781:ref2:ord0;page154:tag10:entity1:key00766781:ref2:ord0;page160:tag9:entity1:key00766781:ref2:ord0;page166:tag9:entity1:key00766781:ref2:ord0;page172:tag10:entity1:key00766781:ref2:ord0;page178:tag9:entity1:key00766781:ref2:ord0;page184:tag9:entity1:key00766781:ref2:ord0;page190:tag9:entity1:key00766781:ref2:ord0;page196:tag9:entity1:key00766781:ref2:ord0;page202:tag9:entity1:key00766781:ref2:ord0;page208:tag9:entity1:key00766781:ref2:ord0;page214:tag9:entity1:key00766781:ref2:ord0;page220:tag11:entity1:key00766781:ref2:ord0;page226:tag9:entity1:key00766781:ref2:ord0;page232:tag10:entity1:key00766781:ref2:ord0;page238:tag9:entity1:key00766781:ref2:ord0;page244:tag9:entity1:key00766781:ref2:ord0;page250:tag11:entity1:key00766781:ref2:ord0;page256:tag9:entity1:key00766781:ref2:ord0;page262:tag8:entity1:key00766781:ref2:ord0;page268:tag9:entity1:key00766781:ref2:ord0;page274:tag9:entity1:key00766781:ref2:ord0;page280:tag10:entity1:key00766781:ref2:ord0;page286:tag10:entity1:key00766781:ref2:ord0;page292:tag10:entity1:key00766781:ref2:ord0;page298:tag10:entity1:key00766781:ref2:ord0;page304:tag9:entity1:key00766781:ref2:ord0;page310:tag10:entity1:key00766781:ref2:ord0;page316:tag9:entity1:key00766781:ref2:ord0;page322:tag8:entity1:key00766781:ref2:ord0;page328:tag9:entity1:key00766781:ref2:ord0;page334:tag11:entity1:key00766781:ref2:ord0;page340:tag11:entity1:key00766781:ref2:ord0;page346:tag8:entity1:key00766781:ref2:ord0;page352:tag9:entity1:key00766781:ref2:ord0;page358:tag8:entity1:key00766781:ref2:ord0;page364:tag10:entity1:key00766781:ref2:ord0,支援拠点起動,ZEKE:遠隔攻撃,ZEKE:行動,,,,NOT_CHECKED,17,,NOT_STARTED,NOT_BUILT,NOT_TESTED,JPN_PRIMARY; MLG_CN_CONTEXT_AUXILIARY,mechanical template; resource_class=SLOT_OLANG; source_objects=49,ZEKE：远距离攻击,"[""ZEKE：远距离攻击""]",ZEKE: Long-range Attacks,"[""ZEKE: Long-range Attacks""]",AUX_CN_ATTACHED,exact_jpn_slot_page_tag_reference_index;validated_slot_olang_map_entity_identity,master status=AUX_CN_ATTACHED; mapping method=exact_jpn_slot_page_tag_reference_index;validated_slot_olang_map_entity_identity; candidate attached as auxiliary evidence only; verify against JPN and context; auxiliary candidates only; JPN remains authoritative; verify against JPN text and context
5D140CA7,3,3,3;3;3;3;3;3;3;3;3;3;3;3;3;3;3;3;3;3;3;3;3;3;3;3;3;3;3;3;3;3;3;3;3;3;3;3;3;3;3;3;3;3;3;3;3;3;3;3;3,49,,page58:tag4:entity0:key00766780:ref3:ord0;page82:tag7:entity0:key00766780:ref3:ord0;page88:tag11:entity0:key00766780:ref3:ord0;page94:tag11:entity0:key00766780:ref3:ord0;page100:tag10:entity0:key00766780:ref3:ord0;page106:tag10:entity0:key00766780:ref3:ord0;page112:tag9:entity0:key00766780:ref3:ord0;page118:tag10:entity0:key00766780:ref3:ord0;page124:tag9:entity0:key00766780:ref3:ord0;page130:tag10:entity0:key00766780:ref3:ord0;page136:tag9:entity0:key00766780:ref3:ord0;page142:tag9:entity0:key00766780:ref3:ord0;page148:tag9:entity0:key00766780:ref3:ord0;page154:tag10:entity0:key00766780:ref3:ord0;page160:tag9:entity0:key00766780:ref3:ord0;page166:tag9:entity0:key00766780:ref3:ord0;page172:tag10:entity0:key00766780:ref3:ord0;page178:tag9:entity0:key00766780:ref3:ord0;page184:tag9:entity0:key00766780:ref3:ord0;page190:tag9:entity0:key00766780:ref3:ord0;page196:tag9:entity0:key00766780:ref3:ord0;page202:tag9:entity0:key00766780:ref3:ord0;page208:tag9:entity0:key00766780:ref3:ord0;page214:tag9:entity0:key00766780:ref3:ord0;page220:tag11:entity0:key00766780:ref3:ord0;page226:tag9:entity0:key00766780:ref3:ord0;page232:tag10:entity0:key00766780:ref3:ord0;page238:tag9:entity0:key00766780:ref3:ord0;page244:tag9:entity0:key00766780:ref3:ord0;page250:tag11:entity0:key00766780:ref3:ord0;page256:tag9:entity0:key00766780:ref3:ord0;page262:tag8:entity0:key00766780:ref3:ord0;page268:tag9:entity0:key00766780:ref3:ord0;page274:tag9:entity0:key00766780:ref3:ord0;page280:tag10:entity0:key00766780:ref3:ord0;page286:tag10:entity0:key00766780:ref3:ord0;page292:tag10:entity0:key00766780:ref3:ord0;page298:tag10:entity0:key00766780:ref3:ord0;page304:tag9:entity0:key00766780:ref3:ord0;page310:tag10:entity0:key00766780:ref3:ord0;page316:tag9:entity0:key00766780:ref3:ord0;page322:tag8:entity0:key00766780:ref3:ord0;page328:tag9:entity0:key00766780:ref3:ord0;page334:tag11:entity0:key00766780:ref3:ord0;page340:tag11:entity0:key00766780:ref3:ord0;page346:tag8:entity0:key00766780:ref3:ord0;page352:tag9:entity0:key00766780:ref3:ord0;page358:tag8:entity0:key00766780:ref3:ord0;page364:tag10:entity0:key00766780:ref3:ord0,ZEKE:遠隔攻撃,ZEKE:行動,GROUP C,,,,NOT_CHECKED,11,,NOT_STARTED,NOT_BUILT,NOT_TESTED,JPN_PRIMARY; MLG_CN_CONTEXT_AUXILIARY,mechanical template; resource_class=SLOT_OLANG; source_objects=49,ZEKE：行动,"[""ZEKE：行动""]",ZEKE: Actions,"[""ZEKE: Actions""]",AUX_CN_ATTACHED,exact_jpn_slot_page_tag_reference_index;validated_slot_olang_map_entity_identity,master status=AUX_CN_ATTACHED; mapping method=exact_jpn_slot_page_tag_reference_index;validated_slot_olang_map_entity_identity; candidate attached as auxiliary evidence only; verify against JPN and context; auxiliary candidates only; JPN remains authoritative; verify against JPN text and context
5D140CA7,4,4,4;4;4;4;4;4;4;4;4;4;4;4;4;4;4;4;4;4;4;4;4;4;4;4;4;4;4;4;4;4;4;4;4;4;4;4;4;4;4;4;4;4;4;4;4;4;4;4;4,49,,page58:tag4:entity7:key00C456BF:ref4:ord0;page82:tag7:entity7:key00C456BF:ref4:ord0;page88:tag11:entity7:key00C456BF:ref4:ord0;page94:tag11:entity7:key00C456BF:ref4:ord0;page100:tag10:entity7:key00C456BF:ref4:ord0;page106:tag10:entity7:key00C456BF:ref4:ord0;page112:tag9:entity7:key00C456BF:ref4:ord0;page118:tag10:entity7:key00C456BF:ref4:ord0;page124:tag9:entity7:key00C456BF:ref4:ord0;page130:tag10:entity7:key00C456BF:ref4:ord0;page136:tag9:entity7:key00C456BF:ref4:ord0;page142:tag9:entity7:key00C456BF:ref4:ord0;page148:tag9:entity7:key00C456BF:ref4:ord0;page154:tag10:entity7:key00C456BF:ref4:ord0;page160:tag9:entity7:key00C456BF:ref4:ord0;page166:tag9:entity7:key00C456BF:ref4:ord0;page172:tag10:entity7:key00C456BF:ref4:ord0;page178:tag9:entity7:key00C456BF:ref4:ord0;page184:tag9:entity7:key00C456BF:ref4:ord0;page190:tag9:entity7:key00C456BF:ref4:ord0;page196:tag9:entity7:key00C456BF:ref4:ord0;page202:tag9:entity7:key00C456BF:ref4:ord0;page208:tag9:entity7:key00C456BF:ref4:ord0;page214:tag9:entity7:key00C456BF:ref4:ord0;page220:tag11:entity7:key00C456BF:ref4:ord0;page226:tag9:entity7:key00C456BF:ref4:ord0;page232:tag10:entity7:key00C456BF:ref4:ord0;page238:tag9:entity7:key00C456BF:ref4:ord0;page244:tag9:entity7:key00C456BF:ref4:ord0;page250:tag11:entity7:key00C456BF:ref4:ord0;page256:tag9:entity7:key00C456BF:ref4:ord0;page262:tag8:entity7:key00C456BF:ref4:ord0;page268:tag9:entity7:key00C456BF:ref4:ord0;page274:tag9:entity7:key00C456BF:ref4:ord0;page280:tag10:entity7:key00C456BF:ref4:ord0;page286:tag10:entity7:key00C456BF:ref4:ord0;page292:tag10:entity7:key00C456BF:ref4:ord0;page298:tag10:entity7:key00C456BF:ref4:ord0;page304:tag9:entity7:key00C456BF:ref4:ord0;page310:tag10:entity7:key00C456BF:ref4:ord0;page316:tag9:entity7:key00C456BF:ref4:ord0;page322:tag8:entity7:key00C456BF:ref4:ord0;page328:tag9:entity7:key00C456BF:ref4:ord0;page334:tag11:entity7:key00C456BF:ref4:ord0;page340:tag11:entity7:key00C456BF:ref4:ord0;page346:tag8:entity7:key00C456BF:ref4:ord0;page352:tag9:entity7:key00C456BF:ref4:ord0;page358:tag8:entity7:key00C456BF:ref4:ord0;page364:tag10:entity7:key00C456BF:ref4:ord0,ZEKE:行動,GROUP C,GROUP D,,,,NOT_CHECKED,7,,NOT_STARTED,NOT_BUILT,NOT_TESTED,JPN_PRIMARY; MLG_CN_CONTEXT_AUXILIARY,mechanical template; resource_class=SLOT_OLANG; source_objects=49,,[],GROUP C,"[""GROUP C""]",AUX_UNCHANGED,exact_jpn_slot_page_tag_reference_index;validated_slot_olang_map_entity_identity,auxiliary bank retains the original JPN text; auxiliary candidates only; JPN remains authoritative; verify against JPN text and context
5D140CA7,5,5,5;5;5;5;5;5;5;5;5;5;5;5;5;5;5;5;5;5;5;5;5;5;5;5;5;5;5;5;5;5;5;5;5;5;5;5;5;5;5;5;5;5;5;5;5;5;5;5;5,49,,page58:tag4:entity6:key00C456BE:ref5:ord0;page82:tag7:entity6:key00C456BE:ref5:ord0;page88:tag11:entity6:key00C456BE:ref5:ord0;page94:tag11:entity6:key00C456BE:ref5:ord0;page100:tag10:entity6:key00C456BE:ref5:ord0;page106:tag10:entity6:key00C456BE:ref5:ord0;page112:tag9:entity6:key00C456BE:ref5:ord0;page118:tag10:entity6:key00C456BE:ref5:ord0;page124:tag9:entity6:key00C456BE:ref5:ord0;page130:tag10:entity6:key00C456BE:ref5:ord0;page136:tag9:entity6:key00C456BE:ref5:ord0;page142:tag9:entity6:key00C456BE:ref5:ord0;page148:tag9:entity6:key00C456BE:ref5:ord0;page154:tag10:entity6:key00C456BE:ref5:ord0;page160:tag9:entity6:key00C456BE:ref5:ord0;page166:tag9:entity6:key00C456BE:ref5:ord0;page172:tag10:entity6:key00C456BE:ref5:ord0;page178:tag9:entity6:key00C456BE:ref5:ord0;page184:tag9:entity6:key00C456BE:ref5:ord0;page190:tag9:entity6:key00C456BE:ref5:ord0;page196:tag9:entity6:key00C456BE:ref5:ord0;page202:tag9:entity6:key00C456BE:ref5:ord0;page208:tag9:entity6:key00C456BE:ref5:ord0;page214:tag9:entity6:key00C456BE:ref5:ord0;page220:tag11:entity6:key00C456BE:ref5:ord0;page226:tag9:entity6:key00C456BE:ref5:ord0;page232:tag10:entity6:key00C456BE:ref5:ord0;page238:tag9:entity6:key00C456BE:ref5:ord0;page244:tag9:entity6:key00C456BE:ref5:ord0;page250:tag11:entity6:key00C456BE:ref5:ord0;page256:tag9:entity6:key00C456BE:ref5:ord0;page262:tag8:entity6:key00C456BE:ref5:ord0;page268:tag9:entity6:key00C456BE:ref5:ord0;page274:tag9:entity6:key00C456BE:ref5:ord0;page280:tag10:entity6:key00C456BE:ref5:ord0;page286:tag10:entity6:key00C456BE:ref5:ord0;page292:tag10:entity6:key00C456BE:ref5:ord0;page298:tag10:entity6:key00C456BE:ref5:ord0;page304:tag9:entity6:key00C456BE:ref5:ord0;page310:tag10:entity6:key00C456BE:ref5:ord0;page316:tag9:entity6:key00C456BE:ref5:ord0;page322:tag8:entity6:key00C456BE:ref5:ord0;page328:tag9:entity6:key00C456BE:ref5:ord0;page334:tag11:entity6:key00C456BE:ref5:ord0;page340:tag11:entity6:key00C456BE:ref5:ord0;page346:tag8:entity6:key00C456BE:ref5:ord0;page352:tag9:entity6:key00C456BE:ref5:ord0;page358:tag8:entity6:key00C456BE:ref5:ord0;page364:tag10:entity6:key00C456BE:ref5:ord0,GROUP C,GROUP D,GROUP B,,,,NOT_CHECKED,7,,NOT_STARTED,NOT_BUILT,NOT_TESTED,JPN_PRIMARY; MLG_CN_CONTEXT_AUXILIARY,mechanical template; resource_class=SLOT_OLANG; source_objects=49,,[],GROUP D,"[""GROUP D""]",AUX_UNCHANGED,exact_jpn_slot_page_tag_reference_index;validated_slot_olang_map_entity_identity,auxiliary bank retains the original JPN text; auxiliary candidates only; JPN remains authoritative; verify against JPN text and context
5D140CA7,6,6,6;6;6;6;6;6;6;6;6;6;6;6;6;6;6;6;6;6;6;6;6;6;6;6;6;6;6;6;6;6;6;6;6;6;6;6;6;6;6;6;6;6;6;6;6;6;6;6;6,49,,page58:tag4:entity5:key00C456BD:ref6:ord0;page82:tag7:entity5:key00C456BD:ref6:ord0;page88:tag11:entity5:key00C456BD:ref6:ord0;page94:tag11:entity5:key00C456BD:ref6:ord0;page100:tag10:entity5:key00C456BD:ref6:ord0;page106:tag10:entity5:key00C456BD:ref6:ord0;page112:tag9:entity5:key00C456BD:ref6:ord0;page118:tag10:entity5:key00C456BD:ref6:ord0;page124:tag9:entity5:key00C456BD:ref6:ord0;page130:tag10:entity5:key00C456BD:ref6:ord0;page136:tag9:entity5:key00C456BD:ref6:ord0;page142:tag9:entity5:key00C456BD:ref6:ord0;page148:tag9:entity5:key00C456BD:ref6:ord0;page154:tag10:entity5:key00C456BD:ref6:ord0;page160:tag9:entity5:key00C456BD:ref6:ord0;page166:tag9:entity5:key00C456BD:ref6:ord0;page172:tag10:entity5:key00C456BD:ref6:ord0;page178:tag9:entity5:key00C456BD:ref6:ord0;page184:tag9:entity5:key00C456BD:ref6:ord0;page190:tag9:entity5:key00C456BD:ref6:ord0;page196:tag9:entity5:key00C456BD:ref6:ord0;page202:tag9:entity5:key00C456BD:ref6:ord0;page208:tag9:entity5:key00C456BD:ref6:ord0;page214:tag9:entity5:key00C456BD:ref6:ord0;page220:tag11:entity5:key00C456BD:ref6:ord0;page226:tag9:entity5:key00C456BD:ref6:ord0;page232:tag10:entity5:key00C456BD:ref6:ord0;page238:tag9:entity5:key00C456BD:ref6:ord0;page244:tag9:entity5:key00C456BD:ref6:ord0;page250:tag11:entity5:key00C456BD:ref6:ord0;page256:tag9:entity5:key00C456BD:ref6:ord0;page262:tag8:entity5:key00C456BD:ref6:ord0;page268:tag9:entity5:key00C456BD:ref6:ord0;page274:tag9:entity5:key00C456BD:ref6:ord0;page280:tag10:entity5:key00C456BD:ref6:ord0;page286:tag10:entity5:key00C456BD:ref6:ord0;page292:tag10:entity5:key00C456BD:ref6:ord0;page298:tag10:entity5:key00C456BD:ref6:ord0;page304:tag9:entity5:key00C456BD:ref6:ord0;page310:tag10:entity5:key00C456BD:ref6:ord0;page316:tag9:entity5:key00C456BD:ref6:ord0;page322:tag8:entity5:key00C456BD:ref6:ord0;page328:tag9:entity5:key00C456BD:ref6:ord0;page334:tag11:entity5:key00C456BD:ref6:ord0;page340:tag11:entity5:key00C456BD:ref6:ord0;page346:tag8:entity5:key00C456BD:ref6:ord0;page352:tag9:entity5:key00C456BD:ref6:ord0;page358:tag8:entity5:key00C456BD:ref6:ord0;page364:tag10:entity5:key00C456BD:ref6:ord0,GROUP D,GROUP B,GROUP A,,,,NOT_CHECKED,7,,NOT_STARTED,NOT_BUILT,NOT_TESTED,JPN_PRIMARY; MLG_CN_CONTEXT_AUXILIARY,mechanical template; resource_class=SLOT_OLANG; source_objects=49,,[],GROUP B,"[""GROUP B""]",AUX_UNCHANGED,exact_jpn_slot_page_tag_reference_index;validated_slot_olang_map_entity_identity,auxiliary bank retains the original JPN text; auxiliary candidates only; JPN remains authoritative; verify against JPN text and context
5D140CA7,7,7,7;7;7;7;7;7;7;7;7;7;7;7;7;7;7;7;7;7;7;7;7;7;7;7;7;7;7;7;7;7;7;7;7;7;7;7;7;7;7;7;7;7;7;7;7;7;7;7;7,49,,page58:tag4:entity4:key00C456BC:ref7:ord0;page82:tag7:entity4:key00C456BC:ref7:ord0;page88:tag11:entity4:key00C456BC:ref7:ord0;page94:tag11:entity4:key00C456BC:ref7:ord0;page100:tag10:entity4:key00C456BC:ref7:ord0;page106:tag10:entity4:key00C456BC:ref7:ord0;page112:tag9:entity4:key00C456BC:ref7:ord0;page118:tag10:entity4:key00C456BC:ref7:ord0;page124:tag9:entity4:key00C456BC:ref7:ord0;page130:tag10:entity4:key00C456BC:ref7:ord0;page136:tag9:entity4:key00C456BC:ref7:ord0;page142:tag9:entity4:key00C456BC:ref7:ord0;page148:tag9:entity4:key00C456BC:ref7:ord0;page154:tag10:entity4:key00C456BC:ref7:ord0;page160:tag9:entity4:key00C456BC:ref7:ord0;page166:tag9:entity4:key00C456BC:ref7:ord0;page172:tag10:entity4:key00C456BC:ref7:ord0;page178:tag9:entity4:key00C456BC:ref7:ord0;page184:tag9:entity4:key00C456BC:ref7:ord0;page190:tag9:entity4:key00C456BC:ref7:ord0;page196:tag9:entity4:key00C456BC:ref7:ord0;page202:tag9:entity4:key00C456BC:ref7:ord0;page208:tag9:entity4:key00C456BC:ref7:ord0;page214:tag9:entity4:key00C456BC:ref7:ord0;page220:tag11:entity4:key00C456BC:ref7:ord0;page226:tag9:entity4:key00C456BC:ref7:ord0;page232:tag10:entity4:key00C456BC:ref7:ord0;page238:tag9:entity4:key00C456BC:ref7:ord0;page244:tag9:entity4:key00C456BC:ref7:ord0;page250:tag11:entity4:key00C456BC:ref7:ord0;page256:tag9:entity4:key00C456BC:ref7:ord0;page262:tag8:entity4:key00C456BC:ref7:ord0;page268:tag9:entity4:key00C456BC:ref7:ord0;page274:tag9:entity4:key00C456BC:ref7:ord0;page280:tag10:entity4:key00C456BC:ref7:ord0;page286:tag10:entity4:key00C456BC:ref7:ord0;page292:tag10:entity4:key00C456BC:ref7:ord0;page298:tag10:entity4:key00C456BC:ref7:ord0;page304:tag9:entity4:key00C456BC:ref7:ord0;page310:tag10:entity4:key00C456BC:ref7:ord0;page316:tag9:entity4:key00C456BC:ref7:ord0;page322:tag8:entity4:key00C456BC:ref7:ord0;page328:tag9:entity4:key00C456BC:ref7:ord0;page334:tag11:entity4:key00C456BC:ref7:ord0;page340:tag11:entity4:key00C456BC:ref7:ord0;page346:tag8:entity4:key00C456BC:ref7:ord0;page352:tag9:entity4:key00C456BC:ref7:ord0;page358:tag8:entity4:key00C456BC:ref7:ord0;page364:tag10:entity4:key00C456BC:ref7:ord0,GROUP B,GROUP A,結婚するんだ,,,,NOT_CHECKED,7,,NOT_STARTED,NOT_BUILT,NOT_TESTED,JPN_PRIMARY; MLG_CN_CONTEXT_AUXILIARY,mechanical template; resource_class=SLOT_OLANG; source_objects=49,,[],GROUP A,"[""GROUP A""]",AUX_UNCHANGED,exact_jpn_slot_page_tag_reference_index;validated_slot_olang_map_entity_identity,auxiliary bank retains the original JPN text; auxiliary candidates only; JPN remains authoritative; verify against JPN text and context
5D140CA7,8,8,8;8;8;8;8;8;8;8;8;8;8;8;8;8;8;8;8;8;8;8;8;8;8;8;8;8;8;8;8;8;8;8;8;8;8;8;8;8;8;8;8;8;8;8;8;8;8;8;8,49,,page58:tag4:entity46:key007BD86B:ref8:ord0;page82:tag7:entity46:key007BD86B:ref8:ord0;page88:tag11:entity46:key007BD86B:ref8:ord0;page94:tag11:entity46:key007BD86B:ref8:ord0;page100:tag10:entity46:key007BD86B:ref8:ord0;page106:tag10:entity46:key007BD86B:ref8:ord0;page112:tag9:entity46:key007BD86B:ref8:ord0;page118:tag10:entity46:key007BD86B:ref8:ord0;page124:tag9:entity46:key007BD86B:ref8:ord0;page130:tag10:entity46:key007BD86B:ref8:ord0;page136:tag9:entity46:key007BD86B:ref8:ord0;page142:tag9:entity46:key007BD86B:ref8:ord0;page148:tag9:entity46:key007BD86B:ref8:ord0;page154:tag10:entity46:key007BD86B:ref8:ord0;page160:tag9:entity46:key007BD86B:ref8:ord0;page166:tag9:entity46:key007BD86B:ref8:ord0;page172:tag10:entity46:key007BD86B:ref8:ord0;page178:tag9:entity46:key007BD86B:ref8:ord0;page184:tag9:entity46:key007BD86B:ref8:ord0;page190:tag9:entity46:key007BD86B:ref8:ord0;page196:tag9:entity46:key007BD86B:ref8:ord0;page202:tag9:entity46:key007BD86B:ref8:ord0;page208:tag9:entity46:key007BD86B:ref8:ord0;page214:tag9:entity46:key007BD86B:ref8:ord0;page220:tag11:entity46:key007BD86B:ref8:ord0;page226:tag9:entity46:key007BD86B:ref8:ord0;page232:tag10:entity46:key007BD86B:ref8:ord0;page238:tag9:entity46:key007BD86B:ref8:ord0;page244:tag9:entity46:key007BD86B:ref8:ord0;page250:tag11:entity46:key007BD86B:ref8:ord0;page256:tag9:entity46:key007BD86B:ref8:ord0;page262:tag8:entity46:key007BD86B:ref8:ord0;page268:tag9:entity46:key007BD86B:ref8:ord0;page274:tag9:entity46:key007BD86B:ref8:ord0;page280:tag10:entity46:key007BD86B:ref8:ord0;page286:tag10:entity46:key007BD86B:ref8:ord0;page292:tag10:entity46:key007BD86B:ref8:ord0;page298:tag10:entity46:key007BD86B:ref8:ord0;page304:tag9:entity46:key007BD86B:ref8:ord0;page310:tag10:entity46:key007BD86B:ref8:ord0;page316:tag9:entity46:key007BD86B:ref8:ord0;page322:tag8:entity46:key007BD86B:ref8:ord0;page328:tag9:entity46:key007BD86B:ref8:ord0;page334:tag11:entity46:key007BD86B:ref8:ord0;page340:tag11:entity46:key007BD86B:ref8:ord0;page346:tag8:entity46:key007BD86B:ref8:ord0;page352:tag9:entity46:key007BD86B:ref8:ord0;page358:tag8:entity46:key007BD86B:ref8:ord0;page364:tag10:entity46:key007BD86B:ref8:ord0,GROUP A,結婚するんだ,眠れ！,,,,NOT_CHECKED,18,,NOT_STARTED,NOT_BUILT,NOT_TESTED,JPN_PRIMARY; MLG_CN_CONTEXT_AUXILIARY,mechanical template; resource_class=SLOT_OLANG; source_objects=49,有位女士在等着我呢。,"[""有位女士在等着我呢。""]",I got a lady waiting for me.,"[""I got a lady waiting for me.""]",AUX_CN_ATTACHED,exact_jpn_slot_page_tag_reference_index;validated_slot_olang_map_entity_identity,master status=AUX_CN_ATTACHED; mapping method=exact_jpn_slot_page_tag_reference_index;validated_slot_olang_map_entity_identity; candidate attached as auxiliary evidence only; verify against JPN and context; auxiliary candidates only; JPN remains authoritative; verify against JPN text and context
5D140CA7,9,9,9;9;9;9;9;9;9;9;9;9;9;9;9;9;9;9;9;9;9;9;9;9;9;9;9;9;9;9;9;9;9;9;9;9;9;9;9;9;9;9;9;9;9;9;9;9;9;9;9,49,,page58:tag4:entity45:key007BD86A:ref9:ord0;page82:tag7:entity45:key007BD86A:ref9:ord0;page88:tag11:entity45:key007BD86A:ref9:ord0;page94:tag11:entity45:key007BD86A:ref9:ord0;page100:tag10:entity45:key007BD86A:ref9:ord0;page106:tag10:entity45:key007BD86A:ref9:ord0;page112:tag9:entity45:key007BD86A:ref9:ord0;page118:tag10:entity45:key007BD86A:ref9:ord0;page124:tag9:entity45:key007BD86A:ref9:ord0;page130:tag10:entity45:key007BD86A:ref9:ord0;page136:tag9:entity45:key007BD86A:ref9:ord0;page142:tag9:entity45:key007BD86A:ref9:ord0;page148:tag9:entity45:key007BD86A:ref9:ord0;page154:tag10:entity45:key007BD86A:ref9:ord0;page160:tag9:entity45:key007BD86A:ref9:ord0;page166:tag9:entity45:key007BD86A:ref9:ord0;page172:tag10:entity45:key007BD86A:ref9:ord0;page178:tag9:entity45:key007BD86A:ref9:ord0;page184:tag9:entity45:key007BD86A:ref9:ord0;page190:tag9:entity45:key007BD86A:ref9:ord0;page196:tag9:entity45:key007BD86A:ref9:ord0;page202:tag9:entity45:key007BD86A:ref9:ord0;page208:tag9:entity45:key007BD86A:ref9:ord0;page214:tag9:entity45:key007BD86A:ref9:ord0;page220:tag11:entity45:key007BD86A:ref9:ord0;page226:tag9:entity45:key007BD86A:ref9:ord0;page232:tag10:entity45:key007BD86A:ref9:ord0;page238:tag9:entity45:key007BD86A:ref9:ord0;page244:tag9:entity45:key007BD86A:ref9:ord0;page250:tag11:entity45:key007BD86A:ref9:ord0;page256:tag9:entity45:key007BD86A:ref9:ord0;page262:tag8:entity45:key007BD86A:ref9:ord0;page268:tag9:entity45:key007BD86A:ref9:ord0;page274:tag9:entity45:key007BD86A:ref9:ord0;page280:tag10:entity45:key007BD86A:ref9:ord0;page286:tag10:entity45:key007BD86A:ref9:ord0;page292:tag10:entity45:key007BD86A:ref9:ord0;page298:tag10:entity45:key007BD86A:ref9:ord0;page304:tag9:entity45:key007BD86A:ref9:ord0;page310:tag10:entity45:key007BD86A:ref9:ord0;page316:tag9:entity45:key007BD86A:ref9:ord0;page322:tag8:entity45:key007BD86A:ref9:ord0;page328:tag9:entity45:key007BD86A:ref9:ord0;page334:tag11:entity45:key007BD86A:ref9:ord0;page340:tag11:entity45:key007BD86A:ref9:ord0;page346:tag8:entity45:key007BD86A:ref9:ord0;page352:tag9:entity45:key007BD86A:ref9:ord0;page358:tag8:entity45:key007BD86A:ref9:ord0;page364:tag10:entity45:key007BD86A:ref9:ord0,結婚するんだ,眠れ！,-----,,,,NOT_CHECKED,9,,NOT_STARTED,NOT_BUILT,NOT_TESTED,JPN_PRIMARY; MLG_CN_CONTEXT_AUXILIARY,mechanical template; resource_class=SLOT_OLANG; source_objects=49,熄灯！,"[""熄灯！""]",Lights out!,"[""Lights out!""]",AUX_CN_ATTACHED,exact_jpn_slot_page_tag_reference_index;validated_slot_olang_map_entity_identity,master status=AUX_CN_ATTACHED; mapping method=exact_jpn_slot_page_tag_reference_index;validated_slot_olang_map_entity_identity; candidate attached as auxiliary evidence only; verify against JPN and context; auxiliary candidates only; JPN remains authoritative; verify against JPN text and context
5D140CA7,10,10,10;10;10;10;10;10;10;10;10;10;10;10;10;10;10;10;10;10;10;10;10;10;10;10;10;10;10;10;10;10;10;10;10;10;10;10;10;10;10;10;10;10;10;10;10;10;10;10;10,49,,page58:tag4:entity41:key0032C28B:ref10:ord0;page82:tag7:entity41:key0032C28B:ref10:ord0;page88:tag11:entity41:key0032C28B:ref10:ord0;page94:tag11:entity41:key0032C28B:ref10:ord0;page100:tag10:entity41:key0032C28B:ref10:ord0;page106:tag10:entity41:key0032C28B:ref10:ord0;page112:tag9:entity41:key0032C28B:ref10:ord0;page118:tag10:entity41:key0032C28B:ref10:ord0;page124:tag9:entity41:key0032C28B:ref10:ord0;page130:tag10:entity41:key0032C28B:ref10:ord0;page136:tag9:entity41:key0032C28B:ref10:ord0;page142:tag9:entity41:key0032C28B:ref10:ord0;page148:tag9:entity41:key0032C28B:ref10:ord0;page154:tag10:entity41:key0032C28B:ref10:ord0;page160:tag9:entity41:key0032C28B:ref10:ord0;page166:tag9:entity41:key0032C28B:ref10:ord0;page172:tag10:entity41:key0032C28B:ref10:ord0;page178:tag9:entity41:key0032C28B:ref10:ord0;page184:tag9:entity41:key0032C28B:ref10:ord0;page190:tag9:entity41:key0032C28B:ref10:ord0;page196:tag9:entity41:key0032C28B:ref10:ord0;page202:tag9:entity41:key0032C28B:ref10:ord0;page208:tag9:entity41:key0032C28B:ref10:ord0;page214:tag9:entity41:key0032C28B:ref10:ord0;page220:tag11:entity41:key0032C28B:ref10:ord0;page226:tag9:entity41:key0032C28B:ref10:ord0;page232:tag10:entity41:key0032C28B:ref10:ord0;page238:tag9:entity41:key0032C28B:ref10:ord0;page244:tag9:entity41:key0032C28B:ref10:ord0;page250:tag11:entity41:key0032C28B:ref10:ord0;page256:tag9:entity41:key0032C28B:ref10:ord0;page262:tag8:entity41:key0032C28B:ref10:ord0;page268:tag9:entity41:key0032C28B:ref10:ord0;page274:tag9:entity41:key0032C28B:ref10:ord0;page280:tag10:entity41:key0032C28B:ref10:ord0;page286:tag10:entity41:key0032C28B:ref10:ord0;page292:tag10:entity41:key0032C28B:ref10:ord0;page298:tag10:entity41:key0032C28B:ref10:ord0;page304:tag9:entity41:key0032C28B:ref10:ord0;page310:tag10:entity41:key0032C28B:ref10:ord0;page316:tag9:entity41:key0032C28B:ref10:ord0;page322:tag8:entity41:key0032C28B:ref10:ord0;page328:tag9:entity41:key0032C28B:ref10:ord0;page334:tag11:entity41:key0032C28B:ref10:ord0;page340:tag11:entity41:key0032C28B:ref10:ord0;page346:tag8:entity41:key0032C28B:ref10:ord0;page352:tag9:entity41:key0032C28B:ref10:ord0;page358:tag8:entity41:key0032C28B:ref10:ord0;page364:tag10:entity41:key0032C28B:ref10:ord0,眠れ！,-----,スライディング攻撃：実行,,,,NOT_CHECKED,5,,NOT_STARTED,NOT_BUILT,NOT_TESTED,JPN_PRIMARY; MLG_CN_CONTEXT_AUXILIARY,mechanical template; resource_class=SLOT_OLANG; source_objects=49,,[],-----,"[""-----""]",AUX_UNCHANGED,exact_jpn_slot_page_tag_reference_index;validated_slot_olang_map_entity_identity,auxiliary bank retains the original JPN text; auxiliary candidates only; JPN remains authoritative; verify against JPN text and context
5D140CA7,11,11,11;11;11;11;11;11;11;11;11;11;11;11;11;11;11;11;11;11;11;11;11;11;11;11;11;11;11;11;11;11;11;11;11;11;11;11;11;11;11;11;11;11;11;11;11;11;11;11;11,49,,page58:tag4:entity39:key00100D74:ref11:ord0;page82:tag7:entity39:key00100D74:ref11:ord0;page88:tag11:entity39:key00100D74:ref11:ord0;page94:tag11:entity39:key00100D74:ref11:ord0;page100:tag10:entity39:key00100D74:ref11:ord0;page106:tag10:entity39:key00100D74:ref11:ord0;page112:tag9:entity39:key00100D74:ref11:ord0;page118:tag10:entity39:key00100D74:ref11:ord0;page124:tag9:entity39:key00100D74:ref11:ord0;page130:tag10:entity39:key00100D74:ref11:ord0;page136:tag9:entity39:key00100D74:ref11:ord0;page142:tag9:entity39:key00100D74:ref11:ord0;page148:tag9:entity39:key00100D74:ref11:ord0;page154:tag10:entity39:key00100D74:ref11:ord0;page160:tag9:entity39:key00100D74:ref11:ord0;page166:tag9:entity39:key00100D74:ref11:ord0;page172:tag10:entity39:key00100D74:ref11:ord0;page178:tag9:entity39:key00100D74:ref11:ord0;page184:tag9:entity39:key00100D74:ref11:ord0;page190:tag9:entity39:key00100D74:ref11:ord0;page196:tag9:entity39:key00100D74:ref11:ord0;page202:tag9:entity39:key00100D74:ref11:ord0;page208:tag9:entity39:key00100D74:ref11:ord0;page214:tag9:entity39:key00100D74:ref11:ord0;page220:tag11:entity39:key00100D74:ref11:ord0;page226:tag9:entity39:key00100D74:ref11:ord0;page232:tag10:entity39:key00100D74:ref11:ord0;page238:tag9:entity39:key00100D74:ref11:ord0;page244:tag9:entity39:key00100D74:ref11:ord0;page250:tag11:entity39:key00100D74:ref11:ord0;page256:tag9:entity39:key00100D74:ref11:ord0;page262:tag8:entity39:key00100D74:ref11:ord0;page268:tag9:entity39:key00100D74:ref11:ord0;page274:tag9:entity39:key00100D74:ref11:ord0;page280:tag10:entity39:key00100D74:ref11:ord0;page286:tag10:entity39:key00100D74:ref11:ord0;page292:tag10:entity39:key00100D74:ref11:ord0;page298:tag10:entity39:key00100D74:ref11:ord0;page304:tag9:entity39:key00100D74:ref11:ord0;page310:tag10:entity39:key00100D74:ref11:ord0;page316:tag9:entity39:key00100D74:ref11:ord0;page322:tag8:entity39:key00100D74:ref11:ord0;page328:tag9:entity39:key00100D74:ref11:ord0;page334:tag11:entity39:key00100D74:ref11:ord0;page340:tag11:entity39:key00100D74:ref11:ord0;page346:tag8:entity39:key00100D74:ref11:ord0;page352:tag9:entity39:key00100D74:ref11:ord0;page358:tag8:entity39:key00100D74:ref11:ord0;page364:tag10:entity39:key00100D74:ref11:ord0,-----,スライディング攻撃：実行,掃射命令：実行,,,,NOT_CHECKED,36,,NOT_STARTED,NOT_BUILT,NOT_TESTED,JPN_PRIMARY; MLG_CN_CONTEXT_AUXILIARY,mechanical template; resource_class=SLOT_OLANG; source_objects=49,蓄力攻击：执行。,"[""蓄力攻击：执行。""]",Charge attack: execute.,"[""Charge attack: execute.""]",AUX_CN_ATTACHED,exact_jpn_slot_page_tag_reference_index;validated_slot_olang_map_entity_identity,master status=AUX_CN_ATTACHED; mapping method=exact_jpn_slot_page_tag_reference_index;validated_slot_olang_map_entity_identity; candidate attached as auxiliary evidence only; verify against JPN and context; auxiliary candidates only; JPN remains authoritative; verify against JPN text and context
5D140CA7,12,12,12;12;12;12;12;12;12;12;12;12;12;12;12;12;12;12;12;12;12;12;12;12;12;12;12;12;12;12;12;12;12;12;12;12;12;12;12;12;12;12;12;12;12;12;12;12;12;12;12,49,,page58:tag4:entity38:key00100D73:ref12:ord0;page82:tag7:entity38:key00100D73:ref12:ord0;page88:tag11:entity38:key00100D73:ref12:ord0;page94:tag11:entity38:key00100D73:ref12:ord0;page100:tag10:entity38:key00100D73:ref12:ord0;page106:tag10:entity38:key00100D73:ref12:ord0;page112:tag9:entity38:key00100D73:ref12:ord0;page118:tag10:entity38:key00100D73:ref12:ord0;page124:tag9:entity38:key00100D73:ref12:ord0;page130:tag10:entity38:key00100D73:ref12:ord0;page136:tag9:entity38:key00100D73:ref12:ord0;page142:tag9:entity38:key00100D73:ref12:ord0;page148:tag9:entity38:key00100D73:ref12:ord0;page154:tag10:entity38:key00100D73:ref12:ord0;page160:tag9:entity38:key00100D73:ref12:ord0;page166:tag9:entity38:key00100D73:ref12:ord0;page172:tag10:entity38:key00100D73:ref12:ord0;page178:tag9:entity38:key00100D73:ref12:ord0;page184:tag9:entity38:key00100D73:ref12:ord0;page190:tag9:entity38:key00100D73:ref12:ord0;page196:tag9:entity38:key00100D73:ref12:ord0;page202:tag9:entity38:key00100D73:ref12:ord0;page208:tag9:entity38:key00100D73:ref12:ord0;page214:tag9:entity38:key00100D73:ref12:ord0;page220:tag11:entity38:key00100D73:ref12:ord0;page226:tag9:entity38:key00100D73:ref12:ord0;page232:tag10:entity38:key00100D73:ref12:ord0;page238:tag9:entity38:key00100D73:ref12:ord0;page244:tag9:entity38:key00100D73:ref12:ord0;page250:tag11:entity38:key00100D73:ref12:ord0;page256:tag9:entity38:key00100D73:ref12:ord0;page262:tag8:entity38:key00100D73:ref12:ord0;page268:tag9:entity38:key00100D73:ref12:ord0;page274:tag9:entity38:key00100D73:ref12:ord0;page280:tag10:entity38:key00100D73:ref12:ord0;page286:tag10:entity38:key00100D73:ref12:ord0;page292:tag10:entity38:key00100D73:ref12:ord0;page298:tag10:entity38:key00100D73:ref12:ord0;page304:tag9:entity38:key00100D73:ref12:ord0;page310:tag10:entity38:key00100D73:ref12:ord0;page316:tag9:entity38:key00100D73:ref12:ord0;page322:tag8:entity38:key00100D73:ref12:ord0;page328:tag9:entity38:key00100D73:ref12:ord0;page334:tag11:entity38:key00100D73:ref12:ord0;page340:tag11:entity38:key00100D73:ref12:ord0;page346:tag8:entity38:key00100D73:ref12:ord0;page352:tag9:entity38:key00100D73:ref12:ord0;page358:tag8:entity38:key00100D73:ref12:ord0;page364:tag10:entity38:key00100D73:ref12:ord0,スライディング攻撃：実行,掃射命令：実行,石化ビーム発射命令：実行,,,,NOT_CHECKED,21,,NOT_STARTED,NOT_BUILT,NOT_TESTED,JPN_PRIMARY; MLG_CN_CONTEXT_AUXILIARY,mechanical template; resource_class=SLOT_OLANG; source_objects=49,机枪射击命令：执行。,"[""机枪射击命令：执行。""]",Machine gun fire order: execute.,"[""Machine gun fire order: execute.""]",AUX_CN_ATTACHED,exact_jpn_slot_page_tag_reference_index;validated_slot_olang_map_entity_identity,master status=AUX_CN_ATTACHED; mapping method=exact_jpn_slot_page_tag_reference_index;validated_slot_olang_map_entity_identity; candidate attached as auxiliary evidence only; verify against JPN and context; auxiliary candidates only; JPN remains authoritative; verify against JPN text and context
5D140CA7,13,13,13;13;13;13;13;13;13;13;13;13;13;13;13;13;13;13;13;13;13;13;13;13;13;13;13;13;13;13;13;13;13;13;13;13;13;13;13;13;13;13;13;13;13;13;13;13;13;13;13,49,,page58:tag4:entity37:key00100D72:ref13:ord0;page82:tag7:entity37:key00100D72:ref13:ord0;page88:tag11:entity37:key00100D72:ref13:ord0;page94:tag11:entity37:key00100D72:ref13:ord0;page100:tag10:entity37:key00100D72:ref13:ord0;page106:tag10:entity37:key00100D72:ref13:ord0;page112:tag9:entity37:key00100D72:ref13:ord0;page118:tag10:entity37:key00100D72:ref13:ord0;page124:tag9:entity37:key00100D72:ref13:ord0;page130:tag10:entity37:key00100D72:ref13:ord0;page136:tag9:entity37:key00100D72:ref13:ord0;page142:tag9:entity37:key00100D72:ref13:ord0;page148:tag9:entity37:key00100D72:ref13:ord0;page154:tag10:entity37:key00100D72:ref13:ord0;page160:tag9:entity37:key00100D72:ref13:ord0;page166:tag9:entity37:key00100D72:ref13:ord0;page172:tag10:entity37:key00100D72:ref13:ord0;page178:tag9:entity37:key00100D72:ref13:ord0;page184:tag9:entity37:key00100D72:ref13:ord0;page190:tag9:entity37:key00100D72:ref13:ord0;page196:tag9:entity37:key00100D72:ref13:ord0;page202:tag9:entity37:key00100D72:ref13:ord0;page208:tag9:entity37:key00100D72:ref13:ord0;page214:tag9:entity37:key00100D72:ref13:ord0;page220:tag11:entity37:key00100D72:ref13:ord0;page226:tag9:entity37:key00100D72:ref13:ord0;page232:tag10:entity37:key00100D72:ref13:ord0;page238:tag9:entity37:key00100D72:ref13:ord0;page244:tag9:entity37:key00100D72:ref13:ord0;page250:tag11:entity37:key00100D72:ref13:ord0;page256:tag9:entity37:key00100D72:ref13:ord0;page262:tag8:entity37:key00100D72:ref13:ord0;page268:tag9:entity37:key00100D72:ref13:ord0;page274:tag9:entity37:key00100D72:ref13:ord0;page280:tag10:entity37:key00100D72:ref13:ord0;page286:tag10:entity37:key00100D72:ref13:ord0;page292:tag10:entity37:key00100D72:ref13:ord0;page298:tag10:entity37:key00100D72:ref13:ord0;page304:tag9:entity37:key00100D72:ref13:ord0;page310:tag10:entity37:key00100D72:ref13:ord0;page316:tag9:entity37:key00100D72:ref13:ord0;page322:tag8:entity37:key00100D72:ref13:ord0;page328:tag9:entity37:key00100D72:ref13:ord0;page334:tag11:entity37:key00100D72:ref13:ord0;page340:tag11:entity37:key00100D72:ref13:ord0;page346:tag8:entity37:key00100D72:ref13:ord0;page352:tag9:entity37:key00100D72:ref13:ord0;page358:tag8:entity37:key00100D72:ref13:ord0;page364:tag10:entity37:key00100D72:ref13:ord0,掃射命令：実行,石化ビーム発射命令：実行,主砲発射命令：実行,,,,NOT_CHECKED,36,,NOT_STARTED,NOT_BUILT,NOT_TESTED,JPN_PRIMARY; MLG_CN_CONTEXT_AUXILIARY,mechanical template; resource_class=SLOT_OLANG; source_objects=49,石化光束射击命令：执行。,"[""石化光束射击命令：执行。""]",Petrification beam fire order: execute.,"[""Petrification beam fire order: execute.""]",AUX_CN_ATTACHED,exact_jpn_slot_page_tag_reference_index;validated_slot_olang_map_entity_identity,master status=AUX_CN_ATTACHED; mapping method=exact_jpn_slot_page_tag_reference_index;validated_slot_olang_map_entity_identity; candidate attached as auxiliary evidence only; verify against JPN and context; auxiliary candidates only; JPN remains authoritative; verify against JPN text and context
5D140CA7,14,14,14;14;14;14;14;14;14;14;14;14;14;14;14;14;14;14;14;14;14;14;14;14;14;14;14;14;14;14;14;14;14;14;14;14;14;14;14;14;14;14;14;14;14;14;14;14;14;14;14,49,,page58:tag4:entity36:key00100D71:ref14:ord0;page82:tag7:entity36:key00100D71:ref14:ord0;page88:tag11:entity36:key00100D71:ref14:ord0;page94:tag11:entity36:key00100D71:ref14:ord0;page100:tag10:entity36:key00100D71:ref14:ord0;page106:tag10:entity36:key00100D71:ref14:ord0;page112:tag9:entity36:key00100D71:ref14:ord0;page118:tag10:entity36:key00100D71:ref14:ord0;page124:tag9:entity36:key00100D71:ref14:ord0;page130:tag10:entity36:key00100D71:ref14:ord0;page136:tag9:entity36:key00100D71:ref14:ord0;page142:tag9:entity36:key00100D71:ref14:ord0;page148:tag9:entity36:key00100D71:ref14:ord0;page154:tag10:entity36:key00100D71:ref14:ord0;page160:tag9:entity36:key00100D71:ref14:ord0;page166:tag9:entity36:key00100D71:ref14:ord0;page172:tag10:entity36:key00100D71:ref14:ord0;page178:tag9:entity36:key00100D71:ref14:ord0;page184:tag9:entity36:key00100D71:ref14:ord0;page190:tag9:entity36:key00100D71:ref14:ord0;page196:tag9:entity36:key00100D71:ref14:ord0;page202:tag9:entity36:key00100D71:ref14:ord0;page208:tag9:entity36:key00100D71:ref14:ord0;page214:tag9:entity36:key00100D71:ref14:ord0;page220:tag11:entity36:key00100D71:ref14:ord0;page226:tag9:entity36:key00100D71:ref14:ord0;page232:tag10:entity36:key00100D71:ref14:ord0;page238:tag9:entity36:key00100D71:ref14:ord0;page244:tag9:entity36:key00100D71:ref14:ord0;page250:tag11:entity36:key00100D71:ref14:ord0;page256:tag9:entity36:key00100D71:ref14:ord0;page262:tag8:entity36:key00100D71:ref14:ord0;page268:tag9:entity36:key00100D71:ref14:ord0;page274:tag9:entity36:key00100D71:ref14:ord0;page280:tag10:entity36:key00100D71:ref14:ord0;page286:tag10:entity36:key00100D71:ref14:ord0;page292:tag10:entity36:key00100D71:ref14:ord0;page298:tag10:entity36:key00100D71:ref14:ord0;page304:tag9:entity36:key00100D71:ref14:ord0;page310:tag10:entity36:key00100D71:ref14:ord0;page316:tag9:entity36:key00100D71:ref14:ord0;page322:tag8:entity36:key00100D71:ref14:ord0;page328:tag9:entity36:key00100D71:ref14:ord0;page334:tag11:entity36:key00100D71:ref14:ord0;page340:tag11:entity36:key00100D71:ref14:ord0;page346:tag8:entity36:key00100D71:ref14:ord0;page352:tag9:entity36:key00100D71:ref14:ord0;page358:tag8:entity36:key00100D71:ref14:ord0;page364:tag10:entity36:key00100D71:ref14:ord0,石化ビーム発射命令：実行,主砲発射命令：実行,電撃チャージ命令：実行,,,,NOT_CHECKED,27,,NOT_STARTED,NOT_BUILT,NOT_TESTED,JPN_PRIMARY; MLG_CN_CONTEXT_AUXILIARY,mechanical template; resource_class=SLOT_OLANG; source_objects=49,主炮射击命令：执行。,"[""主炮射击命令：执行。""]",Main cannon fire order: execute.,"[""Main cannon fire order: execute.""]",AUX_CN_ATTACHED,exact_jpn_slot_page_tag_reference_index;validated_slot_olang_map_entity_identity,master status=AUX_CN_ATTACHED; mapping method=exact_jpn_slot_page_tag_reference_index;validated_slot_olang_map_entity_identity; candidate attached as auxiliary evidence only; verify against JPN and context; auxiliary candidates only; JPN remains authoritative; verify against JPN text and context
5D140CA7,15,15,15;15;15;15;15;15;15;15;15;15;15;15;15;15;15;15;15;15;15;15;15;15;15;15;15;15;15;15;15;15;15;15;15;15;15;15;15;15;15;15;15;15;15;15;15;15;15;15;15,49,,page58:tag4:entity35:key00100D5A:ref15:ord0;page82:tag7:entity35:key00100D5A:ref15:ord0;page88:tag11:entity35:key00100D5A:ref15:ord0;page94:tag11:entity35:key00100D5A:ref15:ord0;page100:tag10:entity35:key00100D5A:ref15:ord0;page106:tag10:entity35:key00100D5A:ref15:ord0;page112:tag9:entity35:key00100D5A:ref15:ord0;page118:tag10:entity35:key00100D5A:ref15:ord0;page124:tag9:entity35:key00100D5A:ref15:ord0;page130:tag10:entity35:key00100D5A:ref15:ord0;page136:tag9:entity35:key00100D5A:ref15:ord0;page142:tag9:entity35:key00100D5A:ref15:ord0;page148:tag9:entity35:key00100D5A:ref15:ord0;page154:tag10:entity35:key00100D5A:ref15:ord0;page160:tag9:entity35:key00100D5A:ref15:ord0;page166:tag9:entity35:key00100D5A:ref15:ord0;page172:tag10:entity35:key00100D5A:ref15:ord0;page178:tag9:entity35:key00100D5A:ref15:ord0;page184:tag9:entity35:key00100D5A:ref15:ord0;page190:tag9:entity35:key00100D5A:ref15:ord0;page196:tag9:entity35:key00100D5A:ref15:ord0;page202:tag9:entity35:key00100D5A:ref15:ord0;page208:tag9:entity35:key00100D5A:ref15:ord0;page214:tag9:entity35:key00100D5A:ref15:ord0;page220:tag11:entity35:key00100D5A:ref15:ord0;page226:tag9:entity35:key00100D5A:ref15:ord0;page232:tag10:entity35:key00100D5A:ref15:ord0;page238:tag9:entity35:key00100D5A:ref15:ord0;page244:tag9:entity35:key00100D5A:ref15:ord0;page250:tag11:entity35:key00100D5A:ref15:ord0;page256:tag9:entity35:key00100D5A:ref15:ord0;page262:tag8:entity35:key00100D5A:ref15:ord0;page268:tag9:entity35:key00100D5A:ref15:ord0;page274:tag9:entity35:key00100D5A:ref15:ord0;page280:tag10:entity35:key00100D5A:ref15:ord0;page286:tag10:entity35:key00100D5A:ref15:ord0;page292:tag10:entity35:key00100D5A:ref15:ord0;page298:tag10:entity35:key00100D5A:ref15:ord0;page304:tag9:entity35:key00100D5A:ref15:ord0;page310:tag10:entity35:key00100D5A:ref15:ord0;page316:tag9:entity35:key00100D5A:ref15:ord0;page322:tag8:entity35:key00100D5A:ref15:ord0;page328:tag9:entity35:key00100D5A:ref15:ord0;page334:tag11:entity35:key00100D5A:ref15:ord0;page340:tag11:entity35:key00100D5A:ref15:ord0;page346:tag8:entity35:key00100D5A:ref15:ord0;page352:tag9:entity35:key00100D5A:ref15:ord0;page358:tag8:entity35:key00100D5A:ref15:ord0;page364:tag10:entity35:key00100D5A:ref15:ord0,主砲発射命令：実行,電撃チャージ命令：実行,ストンプ命令：実行,,,,NOT_CHECKED,33,,NOT_STARTED,NOT_BUILT,NOT_TESTED,JPN_PRIMARY; MLG_CN_CONTEXT_AUXILIARY,mechanical template; resource_class=SLOT_OLANG; source_objects=49,充电命令：执行。,"[""充电命令：执行。""]",Electric charge order: execute.,"[""Electric charge order: execute.""]",AUX_CN_ATTACHED,exact_jpn_slot_page_tag_reference_index;validated_slot_olang_map_entity_identity,master status=AUX_CN_ATTACHED; mapping method=exact_jpn_slot_page_tag_reference_index;validated_slot_olang_map_entity_identity; candidate attached as auxiliary evidence only; verify against JPN and context; auxiliary candidates only; JPN remains authoritative; verify against JPN text and context
5D140CA7,16,16,16;16;16;16;16;16;16;16;16;16;16;16;16;16;16;16;16;16;16;16;16;16;16;16;16;16;16;16;16;16;16;16;16;16;16;16;16;16;16;16;16;16;16;16;16;16;16;16;16,49,,page58:tag4:entity34:key00100D59:ref16:ord0;page82:tag7:entity34:key00100D59:ref16:ord0;page88:tag11:entity34:key00100D59:ref16:ord0;page94:tag11:entity34:key00100D59:ref16:ord0;page100:tag10:entity34:key00100D59:ref16:ord0;page106:tag10:entity34:key00100D59:ref16:ord0;page112:tag9:entity34:key00100D59:ref16:ord0;page118:tag10:entity34:key00100D59:ref16:ord0;page124:tag9:entity34:key00100D59:ref16:ord0;page130:tag10:entity34:key00100D59:ref16:ord0;page136:tag9:entity34:key00100D59:ref16:ord0;page142:tag9:entity34:key00100D59:ref16:ord0;page148:tag9:entity34:key00100D59:ref16:ord0;page154:tag10:entity34:key00100D59:ref16:ord0;page160:tag9:entity34:key00100D59:ref16:ord0;page166:tag9:entity34:key00100D59:ref16:ord0;page172:tag10:entity34:key00100D59:ref16:ord0;page178:tag9:entity34:key00100D59:ref16:ord0;page184:tag9:entity34:key00100D59:ref16:ord0;page190:tag9:entity34:key00100D59:ref16:ord0;page196:tag9:entity34:key00100D59:ref16:ord0;page202:tag9:entity34:key00100D59:ref16:ord0;page208:tag9:entity34:key00100D59:ref16:ord0;page214:tag9:entity34:key00100D59:ref16:ord0;page220:tag11:entity34:key00100D59:ref16:ord0;page226:tag9:entity34:key00100D59:ref16:ord0;page232:tag10:entity34:key00100D59:ref16:ord0;page238:tag9:entity34:key00100D59:ref16:ord0;page244:tag9:entity34:key00100D59:ref16:ord0;page250:tag11:entity34:key00100D59:ref16:ord0;page256:tag9:entity34:key00100D59:ref16:ord0;page262:tag8:entity34:key00100D59:ref16:ord0;page268:tag9:entity34:key00100D59:ref16:ord0;page274:tag9:entity34:key00100D59:ref16:ord0;page280:tag10:entity34:key00100D59:ref16:ord0;page286:tag10:entity34:key00100D59:ref16:ord0;page292:tag10:entity34:key00100D59:ref16:ord0;page298:tag10:entity34:key00100D59:ref16:ord0;page304:tag9:entity34:key00100D59:ref16:ord0;page310:tag10:entity34:key00100D59:ref16:ord0;page316:tag9:entity34:key00100D59:ref16:ord0;page322:tag8:entity34:key00100D59:ref16:ord0;page328:tag9:entity34:key00100D59:ref16:ord0;page334:tag11:entity34:key00100D59:ref16:ord0;page340:tag11:entity34:key00100D59:ref16:ord0;page346:tag8:entity34:key00100D59:ref16:ord0;page352:tag9:entity34:key00100D59:ref16:ord0;page358:tag8:entity34:key00100D59:ref16:ord0;page364:tag10:entity34:key00100D59:ref16:ord0,電撃チャージ命令：実行,ストンプ命令：実行,誘導ミサイル：発射,,,,NOT_CHECKED,27,,NOT_STARTED,NOT_BUILT,NOT_TESTED,JPN_PRIMARY; MLG_CN_CONTEXT_AUXILIARY,mechanical template; resource_class=SLOT_OLANG; source_objects=49,践踏命令：执行。,"[""践踏命令：执行。""]",Stomp order: execute.,"[""Stomp order: execute.""]",AUX_CN_ATTACHED,exact_jpn_slot_page_tag_reference_index;validated_slot_olang_map_entity_identity,master status=AUX_CN_ATTACHED; mapping method=exact_jpn_slot_page_tag_reference_index;validated_slot_olang_map_entity_identity; candidate attached as auxiliary evidence only; verify against JPN and context; auxiliary candidates only; JPN remains authoritative; verify against JPN text and context
5D140CA7,17,17,17;17;17;17;17;17;17;17;17;17;17;17;17;17;17;17;17;17;17;17;17;17;17;17;17;17;17;17;17;17;17;17;17;17;17;17;17;17;17;17;17;17;17;17;17;17;17;17;17,49,,page58:tag4:entity33:key00100D58:ref17:ord0;page82:tag7:entity33:key00100D58:ref17:ord0;page88:tag11:entity33:key00100D58:ref17:ord0;page94:tag11:entity33:key00100D58:ref17:ord0;page100:tag10:entity33:key00100D58:ref17:ord0;page106:tag10:entity33:key00100D58:ref17:ord0;page112:tag9:entity33:key00100D58:ref17:ord0;page118:tag10:entity33:key00100D58:ref17:ord0;page124:tag9:entity33:key00100D58:ref17:ord0;page130:tag10:entity33:key00100D58:ref17:ord0;page136:tag9:entity33:key00100D58:ref17:ord0;page142:tag9:entity33:key00100D58:ref17:ord0;page148:tag9:entity33:key00100D58:ref17:ord0;page154:tag10:entity33:key00100D58:ref17:ord0;page160:tag9:entity33:key00100D58:ref17:ord0;page166:tag9:entity33:key00100D58:ref17:ord0;page172:tag10:entity33:key00100D58:ref17:ord0;page178:tag9:entity33:key00100D58:ref17:ord0;page184:tag9:entity33:key00100D58:ref17:ord0;page190:tag9:entity33:key00100D58:ref17:ord0;page196:tag9:entity33:key00100D58:ref17:ord0;page202:tag9:entity33:key00100D58:ref17:ord0;page208:tag9:entity33:key00100D58:ref17:ord0;page214:tag9:entity33:key00100D58:ref17:ord0;page220:tag11:entity33:key00100D58:ref17:ord0;page226:tag9:entity33:key00100D58:ref17:ord0;page232:tag10:entity33:key00100D58:ref17:ord0;page238:tag9:entity33:key00100D58:ref17:ord0;page244:tag9:entity33:key00100D58:ref17:ord0;page250:tag11:entity33:key00100D58:ref17:ord0;page256:tag9:entity33:key00100D58:ref17:ord0;page262:tag8:entity33:key00100D58:ref17:ord0;page268:tag9:entity33:key00100D58:ref17:ord0;page274:tag9:entity33:key00100D58:ref17:ord0;page280:tag10:entity33:key00100D58:ref17:ord0;page286:tag10:entity33:key00100D58:ref17:ord0;page292:tag10:entity33:key00100D58:ref17:ord0;page298:tag10:entity33:key00100D58:ref17:ord0;page304:tag9:entity33:key00100D58:ref17:ord0;page310:tag10:entity33:key00100D58:ref17:ord0;page316:tag9:entity33:key00100D58:ref17:ord0;page322:tag8:entity33:key00100D58:ref17:ord0;page328:tag9:entity33:key00100D58:ref17:ord0;page334:tag11:entity33:key00100D58:ref17:ord0;page340:tag11:entity33:key00100D58:ref17:ord0;page346:tag8:entity33:key00100D58:ref17:ord0;page352:tag9:entity33:key00100D58:ref17:ord0;page358:tag8:entity33:key00100D58:ref17:ord0;page364:tag10:entity33:key00100D58:ref17:ord0,ストンプ命令：実行,誘導ミサイル：発射,ミサイル発射命令：実行,,,,NOT_CHECKED,27,,NOT_STARTED,NOT_BUILT,NOT_TESTED,JPN_PRIMARY; MLG_CN_CONTEXT_AUXILIARY,mechanical template; resource_class=SLOT_OLANG; source_objects=49,制导导弹：发射。,"[""制导导弹：发射。""]",Guided missile: fire.,"[""Guided missile: fire.""]",AUX_CN_ATTACHED,exact_jpn_slot_page_tag_reference_index;validated_slot_olang_map_entity_identity,master status=AUX_CN_ATTACHED; mapping method=exact_jpn_slot_page_tag_reference_index;validated_slot_olang_map_entity_identity; candidate attached as auxiliary evidence only; verify against JPN and context; auxiliary candidates only; JPN remains authoritative; verify against JPN text and context
5D140CA7,18,18,18;18;18;18;18;18;18;18;18;18;18;18;18;18;18;18;18;18;18;18;18;18;18;18;18;18;18;18;18;18;18;18;18;18;18;18;18;18;18;18;18;18;18;18;18;18;18;18;18,49,,page58:tag4:entity32:key00100D57:ref18:ord0;page82:tag7:entity32:key00100D57:ref18:ord0;page88:tag11:entity32:key00100D57:ref18:ord0;page94:tag11:entity32:key00100D57:ref18:ord0;page100:tag10:entity32:key00100D57:ref18:ord0;page106:tag10:entity32:key00100D57:ref18:ord0;page112:tag9:entity32:key00100D57:ref18:ord0;page118:tag10:entity32:key00100D57:ref18:ord0;page124:tag9:entity32:key00100D57:ref18:ord0;page130:tag10:entity32:key00100D57:ref18:ord0;page136:tag9:entity32:key00100D57:ref18:ord0;page142:tag9:entity32:key00100D57:ref18:ord0;page148:tag9:entity32:key00100D57:ref18:ord0;page154:tag10:entity32:key00100D57:ref18:ord0;page160:tag9:entity32:key00100D57:ref18:ord0;page166:tag9:entity32:key00100D57:ref18:ord0;page172:tag10:entity32:key00100D57:ref18:ord0;page178:tag9:entity32:key00100D57:ref18:ord0;page184:tag9:entity32:key00100D57:ref18:ord0;page190:tag9:entity32:key00100D57:ref18:ord0;page196:tag9:entity32:key00100D57:ref18:ord0;page202:tag9:entity32:key00100D57:ref18:ord0;page208:tag9:entity32:key00100D57:ref18:ord0;page214:tag9:entity32:key00100D57:ref18:ord0;page220:tag11:entity32:key00100D57:ref18:ord0;page226:tag9:entity32:key00100D57:ref18:ord0;page232:tag10:entity32:key00100D57:ref18:ord0;page238:tag9:entity32:key00100D57:ref18:ord0;page244:tag9:entity32:key00100D57:ref18:ord0;page250:tag11:entity32:key00100D57:ref18:ord0;page256:tag9:entity32:key00100D57:ref18:ord0;page262:tag8:entity32:key00100D57:ref18:ord0;page268:tag9:entity32:key00100D57:ref18:ord0;page274:tag9:entity32:key00100D57:ref18:ord0;page280:tag10:entity32:key00100D57:ref18:ord0;page286:tag10:entity32:key00100D57:ref18:ord0;page292:tag10:entity32:key00100D57:ref18:ord0;page298:tag10:entity32:key00100D57:ref18:ord0;page304:tag9:entity32:key00100D57:ref18:ord0;page310:tag10:entity32:key00100D57:ref18:ord0;page316:tag9:entity32:key00100D57:ref18:ord0;page322:tag8:entity32:key00100D57:ref18:ord0;page328:tag9:entity32:key00100D57:ref18:ord0;page334:tag11:entity32:key00100D57:ref18:ord0;page340:tag11:entity32:key00100D57:ref18:ord0;page346:tag8:entity32:key00100D57:ref18:ord0;page352:tag9:entity32:key00100D57:ref18:ord0;page358:tag8:entity32:key00100D57:ref18:ord0;page364:tag10:entity32:key00100D57:ref18:ord0,誘導ミサイル：発射,ミサイル発射命令：実行,了解しました,,,,NOT_CHECKED,33,,NOT_STARTED,NOT_BUILT,NOT_TESTED,JPN_PRIMARY; MLG_CN_CONTEXT_AUXILIARY,mechanical template; resource_class=SLOT_OLANG; source_objects=49,导弹射击命令：执行。,"[""导弹射击命令：执行。""]",Missile fire order: execute.,"[""Missile fire order: execute.""]",AUX_CN_ATTACHED,exact_jpn_slot_page_tag_reference_index;validated_slot_olang_map_entity_identity,master status=AUX_CN_ATTACHED; mapping method=exact_jpn_slot_page_tag_reference_index;validated_slot_olang_map_entity_identity; candidate attached as auxiliary evidence only; verify against JPN and context; auxiliary candidates only; JPN remains authoritative; verify against JPN text and context
5D140CA7,19,19,19;19;19;19;19;19;19;19;19;19;19;19;19;19;19;19;19;19;19;19;19;19;19;19;19;19;19;19;19;19;19;19;19;19;19;19;19;19;19;19;19;19;19;19;19;19;19;19;19,49,,page58:tag4:entity31:key00100D56:ref19:ord0;page82:tag7:entity31:key00100D56:ref19:ord0;page88:tag11:entity31:key00100D56:ref19:ord0;page94:tag11:entity31:key00100D56:ref19:ord0;page100:tag10:entity31:key00100D56:ref19:ord0;page106:tag10:entity31:key00100D56:ref19:ord0;page112:tag9:entity31:key00100D56:ref19:ord0;page118:tag10:entity31:key00100D56:ref19:ord0;page124:tag9:entity31:key00100D56:ref19:ord0;page130:tag10:entity31:key00100D56:ref19:ord0;page136:tag9:entity31:key00100D56:ref19:ord0;page142:tag9:entity31:key00100D56:ref19:ord0;page148:tag9:entity31:key00100D56:ref19:ord0;page154:tag10:entity31:key00100D56:ref19:ord0;page160:tag9:entity31:key00100D56:ref19:ord0;page166:tag9:entity31:key00100D56:ref19:ord0;page172:tag10:entity31:key00100D56:ref19:ord0;page178:tag9:entity31:key00100D56:ref19:ord0;page184:tag9:entity31:key00100D56:ref19:ord0;page190:tag9:entity31:key00100D56:ref19:ord0;page196:tag9:entity31:key00100D56:ref19:ord0;page202:tag9:entity31:key00100D56:ref19:ord0;page208:tag9:entity31:key00100D56:ref19:ord0;page214:tag9:entity31:key00100D56:ref19:ord0;page220:tag11:entity31:key00100D56:ref19:ord0;page226:tag9:entity31:key00100D56:ref19:ord0;page232:tag10:entity31:key00100D56:ref19:ord0;page238:tag9:entity31:key00100D56:ref19:ord0;page244:tag9:entity31:key00100D56:ref19:ord0;page250:tag11:entity31:key00100D56:ref19:ord0;page256:tag9:entity31:key00100D56:ref19:ord0;page262:tag8:entity31:key00100D56:ref19:ord0;page268:tag9:entity31:key00100D56:ref19:ord0;page274:tag9:entity31:key00100D56:ref19:ord0;page280:tag10:entity31:key00100D56:ref19:ord0;page286:tag10:entity31:key00100D56:ref19:ord0;page292:tag10:entity31:key00100D56:ref19:ord0;page298:tag10:entity31:key00100D56:ref19:ord0;page304:tag9:entity31:key00100D56:ref19:ord0;page310:tag10:entity31:key00100D56:ref19:ord0;page316:tag9:entity31:key00100D56:ref19:ord0;page322:tag8:entity31:key00100D56:ref19:ord0;page328:tag9:entity31:key00100D56:ref19:ord0;page334:tag11:entity31:key00100D56:ref19:ord0;page340:tag11:entity31:key00100D56:ref19:ord0;page346:tag8:entity31:key00100D56:ref19:ord0;page352:tag9:entity31:key00100D56:ref19:ord0;page358:tag8:entity31:key00100D56:ref19:ord0;page364:tag10:entity31:key00100D56:ref19:ord0,ミサイル発射命令：実行,了解しました,了解、近接戦モードに移行します,,,,NOT_CHECKED,18,,NOT_STARTED,NOT_BUILT,NOT_TESTED,JPN_PRIMARY; MLG_CN_CONTEXT_AUXILIARY,mechanical template; resource_class=SLOT_OLANG; source_objects=49,明白。,"[""明白。""]",Understood.,"[""Understood.""]",AUX_CN_ATTACHED,exact_jpn_slot_page_tag_reference_index;validated_slot_olang_map_entity_identity,master status=AUX_CN_ATTACHED; mapping method=exact_jpn_slot_page_tag_reference_index;validated_slot_olang_map_entity_identity; candidate attached as auxiliary evidence only; verify against JPN and context; auxiliary candidates only; JPN remains authoritative; verify against JPN text and context
5D140CA7,20,20,20;20;20;20;20;20;20;20;20;20;20;20;20;20;20;20;20;20;20;20;20;20;20;20;20;20;20;20;20;20;20;20;20;20;20;20;20;20;20;20;20;20;20;20;20;20;20;20;20,49,,page58:tag4:entity30:key00100D55:ref20:ord0;page82:tag7:entity30:key00100D55:ref20:ord0;page88:tag11:entity30:key00100D55:ref20:ord0;page94:tag11:entity30:key00100D55:ref20:ord0;page100:tag10:entity30:key00100D55:ref20:ord0;page106:tag10:entity30:key00100D55:ref20:ord0;page112:tag9:entity30:key00100D55:ref20:ord0;page118:tag10:entity30:key00100D55:ref20:ord0;page124:tag9:entity30:key00100D55:ref20:ord0;page130:tag10:entity30:key00100D55:ref20:ord0;page136:tag9:entity30:key00100D55:ref20:ord0;page142:tag9:entity30:key00100D55:ref20:ord0;page148:tag9:entity30:key00100D55:ref20:ord0;page154:tag10:entity30:key00100D55:ref20:ord0;page160:tag9:entity30:key00100D55:ref20:ord0;page166:tag9:entity30:key00100D55:ref20:ord0;page172:tag10:entity30:key00100D55:ref20:ord0;page178:tag9:entity30:key00100D55:ref20:ord0;page184:tag9:entity30:key00100D55:ref20:ord0;page190:tag9:entity30:key00100D55:ref20:ord0;page196:tag9:entity30:key00100D55:ref20:ord0;page202:tag9:entity30:key00100D55:ref20:ord0;page208:tag9:entity30:key00100D55:ref20:ord0;page214:tag9:entity30:key00100D55:ref20:ord0;page220:tag11:entity30:key00100D55:ref20:ord0;page226:tag9:entity30:key00100D55:ref20:ord0;page232:tag10:entity30:key00100D55:ref20:ord0;page238:tag9:entity30:key00100D55:ref20:ord0;page244:tag9:entity30:key00100D55:ref20:ord0;page250:tag11:entity30:key00100D55:ref20:ord0;page256:tag9:entity30:key00100D55:ref20:ord0;page262:tag8:entity30:key00100D55:ref20:ord0;page268:tag9:entity30:key00100D55:ref20:ord0;page274:tag9:entity30:key00100D55:ref20:ord0;page280:tag10:entity30:key00100D55:ref20:ord0;page286:tag10:entity30:key00100D55:ref20:ord0;page292:tag10:entity30:key00100D55:ref20:ord0;page298:tag10:entity30:key00100D55:ref20:ord0;page304:tag9:entity30:key00100D55:ref20:ord0;page310:tag10:entity30:key00100D55:ref20:ord0;page316:tag9:entity30:key00100D55:ref20:ord0;page322:tag8:entity30:key00100D55:ref20:ord0;page328:tag9:entity30:key00100D55:ref20:ord0;page334:tag11:entity30:key00100D55:ref20:ord0;page340:tag11:entity30:key00100D55:ref20:ord0;page346:tag8:entity30:key00100D55:ref20:ord0;page352:tag9:entity30:key00100D55:ref20:ord0;page358:tag8:entity30:key00100D55:ref20:ord0;page364:tag10:entity30:key00100D55:ref20:ord0,了解しました,了解、近接戦モードに移行します,了解、狙撃モードに移行します,,,,NOT_CHECKED,45,,NOT_STARTED,NOT_BUILT,NOT_TESTED,JPN_PRIMARY; MLG_CN_CONTEXT_AUXILIARY,mechanical template; resource_class=SLOT_OLANG; source_objects=49,明白。切换至CQC模式。,"[""明白。切换至CQC模式。""]",Understood. Moving to CQC mode.,"[""Understood. Moving to CQC mode.""]",AUX_CN_ATTACHED,exact_jpn_slot_page_tag_reference_index;validated_slot_olang_map_entity_identity,master status=AUX_CN_ATTACHED; mapping method=exact_jpn_slot_page_tag_reference_index;validated_slot_olang_map_entity_identity; candidate attached as auxiliary evidence only; verify against JPN and context; auxiliary candidates only; JPN remains authoritative; verify against JPN text and context
5D140CA7,21,21,21;21;21;21;21;21;21;21;21;21;21;21;21;21;21;21;21;21;21;21;21;21;21;21;21;21;21;21;21;21;21;21;21;21;21;21;21;21;21;21;21;21;21;21;21;21;21;21;21,49,,page58:tag4:entity29:key00100D54:ref21:ord0;page82:tag7:entity29:key00100D54:ref21:ord0;page88:tag11:entity29:key00100D54:ref21:ord0;page94:tag11:entity29:key00100D54:ref21:ord0;page100:tag10:entity29:key00100D54:ref21:ord0;page106:tag10:entity29:key00100D54:ref21:ord0;page112:tag9:entity29:key00100D54:ref21:ord0;page118:tag10:entity29:key00100D54:ref21:ord0;page124:tag9:entity29:key00100D54:ref21:ord0;page130:tag10:entity29:key00100D54:ref21:ord0;page136:tag9:entity29:key00100D54:ref21:ord0;page142:tag9:entity29:key00100D54:ref21:ord0;page148:tag9:entity29:key00100D54:ref21:ord0;page154:tag10:entity29:key00100D54:ref21:ord0;page160:tag9:entity29:key00100D54:ref21:ord0;page166:tag9:entity29:key00100D54:ref21:ord0;page172:tag10:entity29:key00100D54:ref21:ord0;page178:tag9:entity29:key00100D54:ref21:ord0;page184:tag9:entity29:key00100D54:ref21:ord0;page190:tag9:entity29:key00100D54:ref21:ord0;page196:tag9:entity29:key00100D54:ref21:ord0;page202:tag9:entity29:key00100D54:ref21:ord0;page208:tag9:entity29:key00100D54:ref21:ord0;page214:tag9:entity29:key00100D54:ref21:ord0;page220:tag11:entity29:key00100D54:ref21:ord0;page226:tag9:entity29:key00100D54:ref21:ord0;page232:tag10:entity29:key00100D54:ref21:ord0;page238:tag9:entity29:key00100D54:ref21:ord0;page244:tag9:entity29:key00100D54:ref21:ord0;page250:tag11:entity29:key00100D54:ref21:ord0;page256:tag9:entity29:key00100D54:ref21:ord0;page262:tag8:entity29:key00100D54:ref21:ord0;page268:tag9:entity29:key00100D54:ref21:ord0;page274:tag9:entity29:key00100D54:ref21:ord0;page280:tag10:entity29:key00100D54:ref21:ord0;page286:tag10:entity29:key00100D54:ref21:ord0;page292:tag10:entity29:key00100D54:ref21:ord0;page298:tag10:entity29:key00100D54:ref21:ord0;page304:tag9:entity29:key00100D54:ref21:ord0;page310:tag10:entity29:key00100D54:ref21:ord0;page316:tag9:entity29:key00100D54:ref21:ord0;page322:tag8:entity29:key00100D54:ref21:ord0;page328:tag9:entity29:key00100D54:ref21:ord0;page334:tag11:entity29:key00100D54:ref21:ord0;page340:tag11:entity29:key00100D54:ref21:ord0;page346:tag8:entity29:key00100D54:ref21:ord0;page352:tag9:entity29:key00100D54:ref21:ord0;page358:tag8:entity29:key00100D54:ref21:ord0;page364:tag10:entity29:key00100D54:ref21:ord0,了解、近接戦モードに移行します,了解、狙撃モードに移行します,近接戦モード！,,,,NOT_CHECKED,42,,NOT_STARTED,NOT_BUILT,NOT_TESTED,JPN_PRIMARY; MLG_CN_CONTEXT_AUXILIARY,mechanical template; resource_class=SLOT_OLANG; source_objects=49,明白。切换至狙击模式。,"[""明白。切换至狙击模式。""]",Understood. Moving to sniper mode.,"[""Understood. Moving to sniper mode.""]",AUX_CN_ATTACHED,exact_jpn_slot_page_tag_reference_index;validated_slot_olang_map_entity_identity,master status=AUX_CN_ATTACHED; mapping method=exact_jpn_slot_page_tag_reference_index;validated_slot_olang_map_entity_identity; candidate attached as auxiliary evidence only; verify against JPN and context; auxiliary candidates only; JPN remains authoritative; verify against JPN text and context
5D140CA7,22,22,22;22;22;22;22;22;22;22;22;22;22;22;22;22;22;22;22;22;22;22;22;22;22;22;22;22;22;22;22;22;22;22;22;22;22;22;22;22;22;22;22;22;22;22;22;22;22;22;22,49,,page58:tag4:entity28:key00100D53:ref22:ord0;page82:tag7:entity28:key00100D53:ref22:ord0;page88:tag11:entity28:key00100D53:ref22:ord0;page94:tag11:entity28:key00100D53:ref22:ord0;page100:tag10:entity28:key00100D53:ref22:ord0;page106:tag10:entity28:key00100D53:ref22:ord0;page112:tag9:entity28:key00100D53:ref22:ord0;page118:tag10:entity28:key00100D53:ref22:ord0;page124:tag9:entity28:key00100D53:ref22:ord0;page130:tag10:entity28:key00100D53:ref22:ord0;page136:tag9:entity28:key00100D53:ref22:ord0;page142:tag9:entity28:key00100D53:ref22:ord0;page148:tag9:entity28:key00100D53:ref22:ord0;page154:tag10:entity28:key00100D53:ref22:ord0;page160:tag9:entity28:key00100D53:ref22:ord0;page166:tag9:entity28:key00100D53:ref22:ord0;page172:tag10:entity28:key00100D53:ref22:ord0;page178:tag9:entity28:key00100D53:ref22:ord0;page184:tag9:entity28:key00100D53:ref22:ord0;page190:tag9:entity28:key00100D53:ref22:ord0;page196:tag9:entity28:key00100D53:ref22:ord0;page202:tag9:entity28:key00100D53:ref22:ord0;page208:tag9:entity28:key00100D53:ref22:ord0;page214:tag9:entity28:key00100D53:ref22:ord0;page220:tag11:entity28:key00100D53:ref22:ord0;page226:tag9:entity28:key00100D53:ref22:ord0;page232:tag10:entity28:key00100D53:ref22:ord0;page238:tag9:entity28:key00100D53:ref22:ord0;page244:tag9:entity28:key00100D53:ref22:ord0;page250:tag11:entity28:key00100D53:ref22:ord0;page256:tag9:entity28:key00100D53:ref22:ord0;page262:tag8:entity28:key00100D53:ref22:ord0;page268:tag9:entity28:key00100D53:ref22:ord0;page274:tag9:entity28:key00100D53:ref22:ord0;page280:tag10:entity28:key00100D53:ref22:ord0;page286:tag10:entity28:key00100D53:ref22:ord0;page292:tag10:entity28:key00100D53:ref22:ord0;page298:tag10:entity28:key00100D53:ref22:ord0;page304:tag9:entity28:key00100D53:ref22:ord0;page310:tag10:entity28:key00100D53:ref22:ord0;page316:tag9:entity28:key00100D53:ref22:ord0;page322:tag8:entity28:key00100D53:ref22:ord0;page328:tag9:entity28:key00100D53:ref22:ord0;page334:tag11:entity28:key00100D53:ref22:ord0;page340:tag11:entity28:key00100D53:ref22:ord0;page346:tag8:entity28:key00100D53:ref22:ord0;page352:tag9:entity28:key00100D53:ref22:ord0;page358:tag8:entity28:key00100D53:ref22:ord0;page364:tag10:entity28:key00100D53:ref22:ord0,了解、狙撃モードに移行します,近接戦モード！,実行できませんでした,,,,NOT_CHECKED,21,,NOT_STARTED,NOT_BUILT,NOT_TESTED,JPN_PRIMARY; MLG_CN_CONTEXT_AUXILIARY,mechanical template; resource_class=SLOT_OLANG; source_objects=49,CQC模式！,"[""CQC模式！""]",CQC mode!,"[""CQC mode!""]",AUX_CN_ATTACHED,exact_jpn_slot_page_tag_reference_index;validated_slot_olang_map_entity_identity,master status=AUX_CN_ATTACHED; mapping method=exact_jpn_slot_page_tag_reference_index;validated_slot_olang_map_entity_identity; candidate attached as auxiliary evidence only; verify against JPN and context; auxiliary candidates only; JPN remains authoritative; verify against JPN text and context
5D140CA7,23,23,23;23;23;23;23;23;23;23;23;23;23;23;23;23;23;23;23;23;23;23;23;23;23;23;23;23;23;23;23;23;23;23;23;23;23;23;23;23;23;23;23;23;23;23;23;23;23;23;23,49,,page58:tag4:entity27:key00100D52:ref23:ord0;page82:tag7:entity27:key00100D52:ref23:ord0;page88:tag11:entity27:key00100D52:ref23:ord0;page94:tag11:entity27:key00100D52:ref23:ord0;page100:tag10:entity27:key00100D52:ref23:ord0;page106:tag10:entity27:key00100D52:ref23:ord0;page112:tag9:entity27:key00100D52:ref23:ord0;page118:tag10:entity27:key00100D52:ref23:ord0;page124:tag9:entity27:key00100D52:ref23:ord0;page130:tag10:entity27:key00100D52:ref23:ord0;page136:tag9:entity27:key00100D52:ref23:ord0;page142:tag9:entity27:key00100D52:ref23:ord0;page148:tag9:entity27:key00100D52:ref23:ord0;page154:tag10:entity27:key00100D52:ref23:ord0;page160:tag9:entity27:key00100D52:ref23:ord0;page166:tag9:entity27:key00100D52:ref23:ord0;page172:tag10:entity27:key00100D52:ref23:ord0;page178:tag9:entity27:key00100D52:ref23:ord0;page184:tag9:entity27:key00100D52:ref23:ord0;page190:tag9:entity27:key00100D52:ref23:ord0;page196:tag9:entity27:key00100D52:ref23:ord0;page202:tag9:entity27:key00100D52:ref23:ord0;page208:tag9:entity27:key00100D52:ref23:ord0;page214:tag9:entity27:key00100D52:ref23:ord0;page220:tag11:entity27:key00100D52:ref23:ord0;page226:tag9:entity27:key00100D52:ref23:ord0;page232:tag10:entity27:key00100D52:ref23:ord0;page238:tag9:entity27:key00100D52:ref23:ord0;page244:tag9:entity27:key00100D52:ref23:ord0;page250:tag11:entity27:key00100D52:ref23:ord0;page256:tag9:entity27:key00100D52:ref23:ord0;page262:tag8:entity27:key00100D52:ref23:ord0;page268:tag9:entity27:key00100D52:ref23:ord0;page274:tag9:entity27:key00100D52:ref23:ord0;page280:tag10:entity27:key00100D52:ref23:ord0;page286:tag10:entity27:key00100D52:ref23:ord0;page292:tag10:entity27:key00100D52:ref23:ord0;page298:tag10:entity27:key00100D52:ref23:ord0;page304:tag9:entity27:key00100D52:ref23:ord0;page310:tag10:entity27:key00100D52:ref23:ord0;page316:tag9:entity27:key00100D52:ref23:ord0;page322:tag8:entity27:key00100D52:ref23:ord0;page328:tag9:entity27:key00100D52:ref23:ord0;page334:tag11:entity27:key00100D52:ref23:ord0;page340:tag11:entity27:key00100D52:ref23:ord0;page346:tag8:entity27:key00100D52:ref23:ord0;page352:tag9:entity27:key00100D52:ref23:ord0;page358:tag8:entity27:key00100D52:ref23:ord0;page364:tag10:entity27:key00100D52:ref23:ord0,近接戦モード！,実行できませんでした,OK,,,,NOT_CHECKED,30,,NOT_STARTED,NOT_BUILT,NOT_TESTED,JPN_PRIMARY; MLG_CN_CONTEXT_AUXILIARY,mechanical template; resource_class=SLOT_OLANG; source_objects=49,无法执行。,"[""无法执行。""]",Could not execute.,"[""Could not execute.""]",AUX_CN_ATTACHED,exact_jpn_slot_page_tag_reference_index;validated_slot_olang_map_entity_identity,master status=AUX_CN_ATTACHED; mapping method=exact_jpn_slot_page_tag_reference_index;validated_slot_olang_map_entity_identity; candidate attached as auxiliary evidence only; verify against JPN and context; auxiliary candidates only; JPN remains authoritative; verify against JPN text and context
5D140CA7,24,24,24;24;24;24;24;24;24;24;24;24;24;24;24;24;24;24;24;24;24;24;24;24;24;24;24;24;24;24;24;24;24;24;24;24;24;24;24;24;24;24;24;24;24;24;24;24;24;24;24,49,,page58:tag4:entity26:key00100D51:ref24:ord0;page82:tag7:entity26:key00100D51:ref24:ord0;page88:tag11:entity26:key00100D51:ref24:ord0;page94:tag11:entity26:key00100D51:ref24:ord0;page100:tag10:entity26:key00100D51:ref24:ord0;page106:tag10:entity26:key00100D51:ref24:ord0;page112:tag9:entity26:key00100D51:ref24:ord0;page118:tag10:entity26:key00100D51:ref24:ord0;page124:tag9:entity26:key00100D51:ref24:ord0;page130:tag10:entity26:key00100D51:ref24:ord0;page136:tag9:entity26:key00100D51:ref24:ord0;page142:tag9:entity26:key00100D51:ref24:ord0;page148:tag9:entity26:key00100D51:ref24:ord0;page154:tag10:entity26:key00100D51:ref24:ord0;page160:tag9:entity26:key00100D51:ref24:ord0;page166:tag9:entity26:key00100D51:ref24:ord0;page172:tag10:entity26:key00100D51:ref24:ord0;page178:tag9:entity26:key00100D51:ref24:ord0;page184:tag9:entity26:key00100D51:ref24:ord0;page190:tag9:entity26:key00100D51:ref24:ord0;page196:tag9:entity26:key00100D51:ref24:ord0;page202:tag9:entity26:key00100D51:ref24:ord0;page208:tag9:entity26:key00100D51:ref24:ord0;page214:tag9:entity26:key00100D51:ref24:ord0;page220:tag11:entity26:key00100D51:ref24:ord0;page226:tag9:entity26:key00100D51:ref24:ord0;page232:tag10:entity26:key00100D51:ref24:ord0;page238:tag9:entity26:key00100D51:ref24:ord0;page244:tag9:entity26:key00100D51:ref24:ord0;page250:tag11:entity26:key00100D51:ref24:ord0;page256:tag9:entity26:key00100D51:ref24:ord0;page262:tag8:entity26:key00100D51:ref24:ord0;page268:tag9:entity26:key00100D51:ref24:ord0;page274:tag9:entity26:key00100D51:ref24:ord0;page280:tag10:entity26:key00100D51:ref24:ord0;page286:tag10:entity26:key00100D51:ref24:ord0;page292:tag10:entity26:key00100D51:ref24:ord0;page298:tag10:entity26:key00100D51:ref24:ord0;page304:tag9:entity26:key00100D51:ref24:ord0;page310:tag10:entity26:key00100D51:ref24:ord0;page316:tag9:entity26:key00100D51:ref24:ord0;page322:tag8:entity26:key00100D51:ref24:ord0;page328:tag9:entity26:key00100D51:ref24:ord0;page334:tag11:entity26:key00100D51:ref24:ord0;page340:tag11:entity26:key00100D51:ref24:ord0;page346:tag8:entity26:key00100D51:ref24:ord0;page352:tag9:entity26:key00100D51:ref24:ord0;page358:tag8:entity26:key00100D51:ref24:ord0;page364:tag10:entity26:key00100D51:ref24:ord0,実行できませんでした,OK,掃射！,,,,NOT_CHECKED,2,,NOT_STARTED,NOT_BUILT,NOT_TESTED,JPN_PRIMARY; MLG_CN_CONTEXT_AUXILIARY,mechanical template; resource_class=SLOT_OLANG; source_objects=49,,[],,[],AUX_EMPTY,exact_jpn_slot_page_tag_reference_index;validated_slot_olang_map_entity_identity,auxiliary bank contains an empty string at this coordinate
5D140CA7,25,25,25;25;25;25;25;25;25;25;25;25;25;25;25;25;25;25;25;25;25;25;25;25;25;25;25;25;25;25;25;25;25;25;25;25;25;25;25;25;25;25;25;25;25;25;25;25;25;25;25,49,,page58:tag4:entity25:key00100D3A:ref25:ord0;page82:tag7:entity25:key00100D3A:ref25:ord0;page88:tag11:entity25:key00100D3A:ref25:ord0;page94:tag11:entity25:key00100D3A:ref25:ord0;page100:tag10:entity25:key00100D3A:ref25:ord0;page106:tag10:entity25:key00100D3A:ref25:ord0;page112:tag9:entity25:key00100D3A:ref25:ord0;page118:tag10:entity25:key00100D3A:ref25:ord0;page124:tag9:entity25:key00100D3A:ref25:ord0;page130:tag10:entity25:key00100D3A:ref25:ord0;page136:tag9:entity25:key00100D3A:ref25:ord0;page142:tag9:entity25:key00100D3A:ref25:ord0;page148:tag9:entity25:key00100D3A:ref25:ord0;page154:tag10:entity25:key00100D3A:ref25:ord0;page160:tag9:entity25:key00100D3A:ref25:ord0;page166:tag9:entity25:key00100D3A:ref25:ord0;page172:tag10:entity25:key00100D3A:ref25:ord0;page178:tag9:entity25:key00100D3A:ref25:ord0;page184:tag9:entity25:key00100D3A:ref25:ord0;page190:tag9:entity25:key00100D3A:ref25:ord0;page196:tag9:entity25:key00100D3A:ref25:ord0;page202:tag9:entity25:key00100D3A:ref25:ord0;page208:tag9:entity25:key00100D3A:ref25:ord0;page214:tag9:entity25:key00100D3A:ref25:ord0;page220:tag11:entity25:key00100D3A:ref25:ord0;page226:tag9:entity25:key00100D3A:ref25:ord0;page232:tag10:entity25:key00100D3A:ref25:ord0;page238:tag9:entity25:key00100D3A:ref25:ord0;page244:tag9:entity25:key00100D3A:ref25:ord0;page250:tag11:entity25:key00100D3A:ref25:ord0;page256:tag9:entity25:key00100D3A:ref25:ord0;page262:tag8:entity25:key00100D3A:ref25:ord0;page268:tag9:entity25:key00100D3A:ref25:ord0;page274:tag9:entity25:key00100D3A:ref25:ord0;page280:tag10:entity25:key00100D3A:ref25:ord0;page286:tag10:entity25:key00100D3A:ref25:ord0;page292:tag10:entity25:key00100D3A:ref25:ord0;page298:tag10:entity25:key00100D3A:ref25:ord0;page304:tag9:entity25:key00100D3A:ref25:ord0;page310:tag10:entity25:key00100D3A:ref25:ord0;page316:tag9:entity25:key00100D3A:ref25:ord0;page322:tag8:entity25:key00100D3A:ref25:ord0;page328:tag9:entity25:key00100D3A:ref25:ord0;page334:tag11:entity25:key00100D3A:ref25:ord0;page340:tag11:entity25:key00100D3A:ref25:ord0;page346:tag8:entity25:key00100D3A:ref25:ord0;page352:tag9:entity25:key00100D3A:ref25:ord0;page358:tag8:entity25:key00100D3A:ref25:ord0;page364:tag10:entity25:key00100D3A:ref25:ord0,OK,掃射！,スライディングだ！,,,,NOT_CHECKED,9,,NOT_STARTED,NOT_BUILT,NOT_TESTED,JPN_PRIMARY; MLG_CN_CONTEXT_AUXILIARY,mechanical template; resource_class=SLOT_OLANG; source_objects=49,开火！,"[""开火！""]",Fire!,"[""Fire!""]",AUX_CN_ATTACHED,exact_jpn_slot_page_tag_reference_index;validated_slot_olang_map_entity_identity,master status=AUX_CN_ATTACHED; mapping method=exact_jpn_slot_page_tag_reference_index;validated_slot_olang_map_entity_identity; candidate attached as auxiliary evidence only; verify against JPN and context; auxiliary candidates only; JPN remains authoritative; verify against JPN text and context
5D140CA7,26,26,26;26;26;26;26;26;26;26;26;26;26;26;26;26;26;26;26;26;26;26;26;26;26;26;26;26;26;26;26;26;26;26;26;26;26;26;26;26;26;26;26;26;26;26;26;26;26;26;26,49,,page58:tag4:entity24:key00100D39:ref26:ord0;page82:tag7:entity24:key00100D39:ref26:ord0;page88:tag11:entity24:key00100D39:ref26:ord0;page94:tag11:entity24:key00100D39:ref26:ord0;page100:tag10:entity24:key00100D39:ref26:ord0;page106:tag10:entity24:key00100D39:ref26:ord0;page112:tag9:entity24:key00100D39:ref26:ord0;page118:tag10:entity24:key00100D39:ref26:ord0;page124:tag9:entity24:key00100D39:ref26:ord0;page130:tag10:entity24:key00100D39:ref26:ord0;page136:tag9:entity24:key00100D39:ref26:ord0;page142:tag9:entity24:key00100D39:ref26:ord0;page148:tag9:entity24:key00100D39:ref26:ord0;page154:tag10:entity24:key00100D39:ref26:ord0;page160:tag9:entity24:key00100D39:ref26:ord0;page166:tag9:entity24:key00100D39:ref26:ord0;page172:tag10:entity24:key00100D39:ref26:ord0;page178:tag9:entity24:key00100D39:ref26:ord0;page184:tag9:entity24:key00100D39:ref26:ord0;page190:tag9:entity24:key00100D39:ref26:ord0;page196:tag9:entity24:key00100D39:ref26:ord0;page202:tag9:entity24:key00100D39:ref26:ord0;page208:tag9:entity24:key00100D39:ref26:ord0;page214:tag9:entity24:key00100D39:ref26:ord0;page220:tag11:entity24:key00100D39:ref26:ord0;page226:tag9:entity24:key00100D39:ref26:ord0;page232:tag10:entity24:key00100D39:ref26:ord0;page238:tag9:entity24:key00100D39:ref26:ord0;page244:tag9:entity24:key00100D39:ref26:ord0;page250:tag11:entity24:key00100D39:ref26:ord0;page256:tag9:entity24:key00100D39:ref26:ord0;page262:tag8:entity24:key00100D39:ref26:ord0;page268:tag9:entity24:key00100D39:ref26:ord0;page274:tag9:entity24:key00100D39:ref26:ord0;page280:tag10:entity24:key00100D39:ref26:ord0;page286:tag10:entity24:key00100D39:ref26:ord0;page292:tag10:entity24:key00100D39:ref26:ord0;page298:tag10:entity24:key00100D39:ref26:ord0;page304:tag9:entity24:key00100D39:ref26:ord0;page310:tag10:entity24:key00100D39:ref26:ord0;page316:tag9:entity24:key00100D39:ref26:ord0;page322:tag8:entity24:key00100D39:ref26:ord0;page328:tag9:entity24:key00100D39:ref26:ord0;page334:tag11:entity24:key00100D39:ref26:ord0;page340:tag11:entity24:key00100D39:ref26:ord0;page346:tag8:entity24:key00100D39:ref26:ord0;page352:tag9:entity24:key00100D39:ref26:ord0;page358:tag8:entity24:key00100D39:ref26:ord0;page364:tag10:entity24:key00100D39:ref26:ord0,掃射！,スライディングだ！,対艦ミサイル起動,,,,NOT_CHECKED,27,,NOT_STARTED,NOT_BUILT,NOT_TESTED,JPN_PRIMARY; MLG_CN_CONTEXT_AUXILIARY,mechanical template; resource_class=SLOT_OLANG; source_objects=49,冲锋！,"[""冲锋！""]",Charge!,"[""Charge!""]",AUX_CN_ATTACHED,exact_jpn_slot_page_tag_reference_index;validated_slot_olang_map_entity_identity,master status=AUX_CN_ATTACHED; mapping method=exact_jpn_slot_page_tag_reference_index;validated_slot_olang_map_entity_identity; candidate attached as auxiliary evidence only; verify against JPN and context; auxiliary candidates only; JPN remains authoritative; verify against JPN text and context
5D140CA7,27,27,27;27;27;27;27;27;27;27;27;27;27;27;27;27;27;27;27;27;27;27;27;27;27;27;27;27;27;27;27;27;27;27;27;27;27;27;27;27;27;27;27;27;27;27;27;27;27;27;27,49,,page58:tag4:entity23:key00100D38:ref27:ord0;page82:tag7:entity23:key00100D38:ref27:ord0;page88:tag11:entity23:key00100D38:ref27:ord0;page94:tag11:entity23:key00100D38:ref27:ord0;page100:tag10:entity23:key00100D38:ref27:ord0;page106:tag10:entity23:key00100D38:ref27:ord0;page112:tag9:entity23:key00100D38:ref27:ord0;page118:tag10:entity23:key00100D38:ref27:ord0;page124:tag9:entity23:key00100D38:ref27:ord0;page130:tag10:entity23:key00100D38:ref27:ord0;page136:tag9:entity23:key00100D38:ref27:ord0;page142:tag9:entity23:key00100D38:ref27:ord0;page148:tag9:entity23:key00100D38:ref27:ord0;page154:tag10:entity23:key00100D38:ref27:ord0;page160:tag9:entity23:key00100D38:ref27:ord0;page166:tag9:entity23:key00100D38:ref27:ord0;page172:tag10:entity23:key00100D38:ref27:ord0;page178:tag9:entity23:key00100D38:ref27:ord0;page184:tag9:entity23:key00100D38:ref27:ord0;page190:tag9:entity23:key00100D38:ref27:ord0;page196:tag9:entity23:key00100D38:ref27:ord0;page202:tag9:entity23:key00100D38:ref27:ord0;page208:tag9:entity23:key00100D38:ref27:ord0;page214:tag9:entity23:key00100D38:ref27:ord0;page220:tag11:entity23:key00100D38:ref27:ord0;page226:tag9:entity23:key00100D38:ref27:ord0;page232:tag10:entity23:key00100D38:ref27:ord0;page238:tag9:entity23:key00100D38:ref27:ord0;page244:tag9:entity23:key00100D38:ref27:ord0;page250:tag11:entity23:key00100D38:ref27:ord0;page256:tag9:entity23:key00100D38:ref27:ord0;page262:tag8:entity23:key00100D38:ref27:ord0;page268:tag9:entity23:key00100D38:ref27:ord0;page274:tag9:entity23:key00100D38:ref27:ord0;page280:tag10:entity23:key00100D38:ref27:ord0;page286:tag10:entity23:key00100D38:ref27:ord0;page292:tag10:entity23:key00100D38:ref27:ord0;page298:tag10:entity23:key00100D38:ref27:ord0;page304:tag9:entity23:key00100D38:ref27:ord0;page310:tag10:entity23:key00100D38:ref27:ord0;page316:tag9:entity23:key00100D38:ref27:ord0;page322:tag8:entity23:key00100D38:ref27:ord0;page328:tag9:entity23:key00100D38:ref27:ord0;page334:tag11:entity23:key00100D38:ref27:ord0;page340:tag11:entity23:key00100D38:ref27:ord0;page346:tag8:entity23:key00100D38:ref27:ord0;page352:tag9:entity23:key00100D38:ref27:ord0;page358:tag8:entity23:key00100D38:ref27:ord0;page364:tag10:entity23:key00100D38:ref27:ord0,スライディングだ！,対艦ミサイル起動,フルトン回収弾起動,,,,NOT_CHECKED,24,,NOT_STARTED,NOT_BUILT,NOT_TESTED,JPN_PRIMARY; MLG_CN_CONTEXT_AUXILIARY,mechanical template; resource_class=SLOT_OLANG; source_objects=49,正在启动反舰导弹。,"[""正在启动反舰导弹。""]",Activating antiship missiles.,"[""Activating antiship missiles.""]",AUX_CN_ATTACHED,exact_jpn_slot_page_tag_reference_index;validated_slot_olang_map_entity_identity,master status=AUX_CN_ATTACHED; mapping method=exact_jpn_slot_page_tag_reference_index;validated_slot_olang_map_entity_identity; candidate attached as auxiliary evidence only; verify against JPN and context; auxiliary candidates only; JPN remains authoritative; verify against JPN text and context
5D140CA7,28,28,28;28;28;28;28;28;28;28;28;28;28;28;28;28;28;28;28;28;28;28;28;28;28;28;28;28;28;28;28;28;28;28;28;28;28;28;28;28;28;28;28;28;28;28;28;28;28;28;28,49,,page58:tag4:entity22:key00100D37:ref28:ord0;page82:tag7:entity22:key00100D37:ref28:ord0;page88:tag11:entity22:key00100D37:ref28:ord0;page94:tag11:entity22:key00100D37:ref28:ord0;page100:tag10:entity22:key00100D37:ref28:ord0;page106:tag10:entity22:key00100D37:ref28:ord0;page112:tag9:entity22:key00100D37:ref28:ord0;page118:tag10:entity22:key00100D37:ref28:ord0;page124:tag9:entity22:key00100D37:ref28:ord0;page130:tag10:entity22:key00100D37:ref28:ord0;page136:tag9:entity22:key00100D37:ref28:ord0;page142:tag9:entity22:key00100D37:ref28:ord0;page148:tag9:entity22:key00100D37:ref28:ord0;page154:tag10:entity22:key00100D37:ref28:ord0;page160:tag9:entity22:key00100D37:ref28:ord0;page166:tag9:entity22:key00100D37:ref28:ord0;page172:tag10:entity22:key00100D37:ref28:ord0;page178:tag9:entity22:key00100D37:ref28:ord0;page184:tag9:entity22:key00100D37:ref28:ord0;page190:tag9:entity22:key00100D37:ref28:ord0;page196:tag9:entity22:key00100D37:ref28:ord0;page202:tag9:entity22:key00100D37:ref28:ord0;page208:tag9:entity22:key00100D37:ref28:ord0;page214:tag9:entity22:key00100D37:ref28:ord0;page220:tag11:entity22:key00100D37:ref28:ord0;page226:tag9:entity22:key00100D37:ref28:ord0;page232:tag10:entity22:key00100D37:ref28:ord0;page238:tag9:entity22:key00100D37:ref28:ord0;page244:tag9:entity22:key00100D37:ref28:ord0;page250:tag11:entity22:key00100D37:ref28:ord0;page256:tag9:entity22:key00100D37:ref28:ord0;page262:tag8:entity22:key00100D37:ref28:ord0;page268:tag9:entity22:key00100D37:ref28:ord0;page274:tag9:entity22:key00100D37:ref28:ord0;page280:tag10:entity22:key00100D37:ref28:ord0;page286:tag10:entity22:key00100D37:ref28:ord0;page292:tag10:entity22:key00100D37:ref28:ord0;page298:tag10:entity22:key00100D37:ref28:ord0;page304:tag9:entity22:key00100D37:ref28:ord0;page310:tag10:entity22:key00100D37:ref28:ord0;page316:tag9:entity22:key00100D37:ref28:ord0;page322:tag8:entity22:key00100D37:ref28:ord0;page328:tag9:entity22:key00100D37:ref28:ord0;page334:tag11:entity22:key00100D37:ref28:ord0;page340:tag11:entity22:key00100D37:ref28:ord0;page346:tag8:entity22:key00100D37:ref28:ord0;page352:tag9:entity22:key00100D37:ref28:ord0;page358:tag8:entity22:key00100D37:ref28:ord0;page364:tag10:entity22:key00100D37:ref28:ord0,対艦ミサイル起動,フルトン回収弾起動,地対地誘導ミサイル起動,,,,NOT_CHECKED,27,,NOT_STARTED,NOT_BUILT,NOT_TESTED,JPN_PRIMARY; MLG_CN_CONTEXT_AUXILIARY,mechanical template; resource_class=SLOT_OLANG; source_objects=49,正在启动富尔顿回收系统。,"[""正在启动富尔顿回收系统。""]",Activating Fulton recovery system.,"[""Activating Fulton recovery system.""]",AUX_CN_ATTACHED,exact_jpn_slot_page_tag_reference_index;validated_slot_olang_map_entity_identity,master status=AUX_CN_ATTACHED; mapping method=exact_jpn_slot_page_tag_reference_index;validated_slot_olang_map_entity_identity; candidate attached as auxiliary evidence only; verify against JPN and context; auxiliary candidates only; JPN remains authoritative; verify against JPN text and context
5D140CA7,29,29,29;29;29;29;29;29;29;29;29;29;29;29;29;29;29;29;29;29;29;29;29;29;29;29;29;29;29;29;29;29;29;29;29;29;29;29;29;29;29;29;29;29;29;29;29;29;29;29;29,49,,page58:tag4:entity21:key00100D36:ref29:ord0;page82:tag7:entity21:key00100D36:ref29:ord0;page88:tag11:entity21:key00100D36:ref29:ord0;page94:tag11:entity21:key00100D36:ref29:ord0;page100:tag10:entity21:key00100D36:ref29:ord0;page106:tag10:entity21:key00100D36:ref29:ord0;page112:tag9:entity21:key00100D36:ref29:ord0;page118:tag10:entity21:key00100D36:ref29:ord0;page124:tag9:entity21:key00100D36:ref29:ord0;page130:tag10:entity21:key00100D36:ref29:ord0;page136:tag9:entity21:key00100D36:ref29:ord0;page142:tag9:entity21:key00100D36:ref29:ord0;page148:tag9:entity21:key00100D36:ref29:ord0;page154:tag10:entity21:key00100D36:ref29:ord0;page160:tag9:entity21:key00100D36:ref29:ord0;page166:tag9:entity21:key00100D36:ref29:ord0;page172:tag10:entity21:key00100D36:ref29:ord0;page178:tag9:entity21:key00100D36:ref29:ord0;page184:tag9:entity21:key00100D36:ref29:ord0;page190:tag9:entity21:key00100D36:ref29:ord0;page196:tag9:entity21:key00100D36:ref29:ord0;page202:tag9:entity21:key00100D36:ref29:ord0;page208:tag9:entity21:key00100D36:ref29:ord0;page214:tag9:entity21:key00100D36:ref29:ord0;page220:tag11:entity21:key00100D36:ref29:ord0;page226:tag9:entity21:key00100D36:ref29:ord0;page232:tag10:entity21:key00100D36:ref29:ord0;page238:tag9:entity21:key00100D36:ref29:ord0;page244:tag9:entity21:key00100D36:ref29:ord0;page250:tag11:entity21:key00100D36:ref29:ord0;page256:tag9:entity21:key00100D36:ref29:ord0;page262:tag8:entity21:key00100D36:ref29:ord0;page268:tag9:entity21:key00100D36:ref29:ord0;page274:tag9:entity21:key00100D36:ref29:ord0;page280:tag10:entity21:key00100D36:ref29:ord0;page286:tag10:entity21:key00100D36:ref29:ord0;page292:tag10:entity21:key00100D36:ref29:ord0;page298:tag10:entity21:key00100D36:ref29:ord0;page304:tag9:entity21:key00100D36:ref29:ord0;page310:tag10:entity21:key00100D36:ref29:ord0;page316:tag9:entity21:key00100D36:ref29:ord0;page322:tag8:entity21:key00100D36:ref29:ord0;page328:tag9:entity21:key00100D36:ref29:ord0;page334:tag11:entity21:key00100D36:ref29:ord0;page340:tag11:entity21:key00100D36:ref29:ord0;page346:tag8:entity21:key00100D36:ref29:ord0;page352:tag9:entity21:key00100D36:ref29:ord0;page358:tag8:entity21:key00100D36:ref29:ord0;page364:tag10:entity21:key00100D36:ref29:ord0,フルトン回収弾起動,地対地誘導ミサイル起動,ロケットランチャー起動,,,,NOT_CHECKED,33,,NOT_STARTED,NOT_BUILT,NOT_TESTED,JPN_PRIMARY; MLG_CN_CONTEXT_AUXILIARY,mechanical template; resource_class=SLOT_OLANG; source_objects=49,正在启动地对地制导导弹。,"[""正在启动地对地制导导弹。""]",Activating surface-to-surface guided missiles.,"[""Activating surface-to-surface guided missiles.""]",AUX_CN_ATTACHED,exact_jpn_slot_page_tag_reference_index;validated_slot_olang_map_entity_identity,master status=AUX_CN_ATTACHED; mapping method=exact_jpn_slot_page_tag_reference_index;validated_slot_olang_map_entity_identity; candidate attached as auxiliary evidence only; verify against JPN and context; auxiliary candidates only; JPN remains authoritative; verify against JPN text and context
5D140CA7,30,30,30;30;30;30;30;30;30;30;30;30;30;30;30;30;30;30;30;30;30;30;30;30;30;30;30;30;30;30;30;30;30;30;30;30;30;30;30;30;30;30;30;30;30;30;30;30;30;30;30,49,,page58:tag4:entity20:key00100D35:ref30:ord0;page82:tag7:entity20:key00100D35:ref30:ord0;page88:tag11:entity20:key00100D35:ref30:ord0;page94:tag11:entity20:key00100D35:ref30:ord0;page100:tag10:entity20:key00100D35:ref30:ord0;page106:tag10:entity20:key00100D35:ref30:ord0;page112:tag9:entity20:key00100D35:ref30:ord0;page118:tag10:entity20:key00100D35:ref30:ord0;page124:tag9:entity20:key00100D35:ref30:ord0;page130:tag10:entity20:key00100D35:ref30:ord0;page136:tag9:entity20:key00100D35:ref30:ord0;page142:tag9:entity20:key00100D35:ref30:ord0;page148:tag9:entity20:key00100D35:ref30:ord0;page154:tag10:entity20:key00100D35:ref30:ord0;page160:tag9:entity20:key00100D35:ref30:ord0;page166:tag9:entity20:key00100D35:ref30:ord0;page172:tag10:entity20:key00100D35:ref30:ord0;page178:tag9:entity20:key00100D35:ref30:ord0;page184:tag9:entity20:key00100D35:ref30:ord0;page190:tag9:entity20:key00100D35:ref30:ord0;page196:tag9:entity20:key00100D35:ref30:ord0;page202:tag9:entity20:key00100D35:ref30:ord0;page208:tag9:entity20:key00100D35:ref30:ord0;page214:tag9:entity20:key00100D35:ref30:ord0;page220:tag11:entity20:key00100D35:ref30:ord0;page226:tag9:entity20:key00100D35:ref30:ord0;page232:tag10:entity20:key00100D35:ref30:ord0;page238:tag9:entity20:key00100D35:ref30:ord0;page244:tag9:entity20:key00100D35:ref30:ord0;page250:tag11:entity20:key00100D35:ref30:ord0;page256:tag9:entity20:key00100D35:ref30:ord0;page262:tag8:entity20:key00100D35:ref30:ord0;page268:tag9:entity20:key00100D35:ref30:ord0;page274:tag9:entity20:key00100D35:ref30:ord0;page280:tag10:entity20:key00100D35:ref30:ord0;page286:tag10:entity20:key00100D35:ref30:ord0;page292:tag10:entity20:key00100D35:ref30:ord0;page298:tag10:entity20:key00100D35:ref30:ord0;page304:tag9:entity20:key00100D35:ref30:ord0;page310:tag10:entity20:key00100D35:ref30:ord0;page316:tag9:entity20:key00100D35:ref30:ord0;page322:tag8:entity20:key00100D35:ref30:ord0;page328:tag9:entity20:key00100D35:ref30:ord0;page334:tag11:entity20:key00100D35:ref30:ord0;page340:tag11:entity20:key00100D35:ref30:ord0;page346:tag8:entity20:key00100D35:ref30:ord0;page352:tag9:entity20:key00100D35:ref30:ord0;page358:tag8:entity20:key00100D35:ref30:ord0;page364:tag10:entity20:key00100D35:ref30:ord0,地対地誘導ミサイル起動,ロケットランチャー起動,石化攻撃だ！,,,,NOT_CHECKED,33,,NOT_STARTED,NOT_BUILT,NOT_TESTED,JPN_PRIMARY; MLG_CN_CONTEXT_AUXILIARY,mechanical template; resource_class=SLOT_OLANG; source_objects=49,正在启动火箭发射器。,"[""正在启动火箭发射器。""]",Activating rocket launcher.,"[""Activating rocket launcher.""]",AUX_CN_ATTACHED,exact_jpn_slot_page_tag_reference_index;validated_slot_olang_map_entity_identity,master status=AUX_CN_ATTACHED; mapping method=exact_jpn_slot_page_tag_reference_index;validated_slot_olang_map_entity_identity; candidate attached as auxiliary evidence only; verify against JPN and context; auxiliary candidates only; JPN remains authoritative; verify against JPN text and context
5D140CA7,31,31,31;31;31;31;31;31;31;31;31;31;31;31;31;31;31;31;31;31;31;31;31;31;31;31;31;31;31;31;31;31;31;31;31;31;31;31;31;31;31;31;31;31;31;31;31;31;31;31;31,49,,page58:tag4:entity19:key00100D34:ref31:ord0;page82:tag7:entity19:key00100D34:ref31:ord0;page88:tag11:entity19:key00100D34:ref31:ord0;page94:tag11:entity19:key00100D34:ref31:ord0;page100:tag10:entity19:key00100D34:ref31:ord0;page106:tag10:entity19:key00100D34:ref31:ord0;page112:tag9:entity19:key00100D34:ref31:ord0;page118:tag10:entity19:key00100D34:ref31:ord0;page124:tag9:entity19:key00100D34:ref31:ord0;page130:tag10:entity19:key00100D34:ref31:ord0;page136:tag9:entity19:key00100D34:ref31:ord0;page142:tag9:entity19:key00100D34:ref31:ord0;page148:tag9:entity19:key00100D34:ref31:ord0;page154:tag10:entity19:key00100D34:ref31:ord0;page160:tag9:entity19:key00100D34:ref31:ord0;page166:tag9:entity19:key00100D34:ref31:ord0;page172:tag10:entity19:key00100D34:ref31:ord0;page178:tag9:entity19:key00100D34:ref31:ord0;page184:tag9:entity19:key00100D34:ref31:ord0;page190:tag9:entity19:key00100D34:ref31:ord0;page196:tag9:entity19:key00100D34:ref31:ord0;page202:tag9:entity19:key00100D34:ref31:ord0;page208:tag9:entity19:key00100D34:ref31:ord0;page214:tag9:entity19:key00100D34:ref31:ord0;page220:tag11:entity19:key00100D34:ref31:ord0;page226:tag9:entity19:key00100D34:ref31:ord0;page232:tag10:entity19:key00100D34:ref31:ord0;page238:tag9:entity19:key00100D34:ref31:ord0;page244:tag9:entity19:key00100D34:ref31:ord0;page250:tag11:entity19:key00100D34:ref31:ord0;page256:tag9:entity19:key00100D34:ref31:ord0;page262:tag8:entity19:key00100D34:ref31:ord0;page268:tag9:entity19:key00100D34:ref31:ord0;page274:tag9:entity19:key00100D34:ref31:ord0;page280:tag10:entity19:key00100D34:ref31:ord0;page286:tag10:entity19:key00100D34:ref31:ord0;page292:tag10:entity19:key00100D34:ref31:ord0;page298:tag10:entity19:key00100D34:ref31:ord0;page304:tag9:entity19:key00100D34:ref31:ord0;page310:tag10:entity19:key00100D34:ref31:ord0;page316:tag9:entity19:key00100D34:ref31:ord0;page322:tag8:entity19:key00100D34:ref31:ord0;page328:tag9:entity19:key00100D34:ref31:ord0;page334:tag11:entity19:key00100D34:ref31:ord0;page340:tag11:entity19:key00100D34:ref31:ord0;page346:tag8:entity19:key00100D34:ref31:ord0;page352:tag9:entity19:key00100D34:ref31:ord0;page358:tag8:entity19:key00100D34:ref31:ord0;page364:tag10:entity19:key00100D34:ref31:ord0,ロケットランチャー起動,石化攻撃だ！,主砲発射用意！,,,,NOT_CHECKED,18,,NOT_STARTED,NOT_BUILT,NOT_TESTED,JPN_PRIMARY; MLG_CN_CONTEXT_AUXILIARY,mechanical template; resource_class=SLOT_OLANG; source_objects=49,石化攻击！,"[""石化攻击！""]",Petrification attack!,"[""Petrification attack!""]",AUX_CN_ATTACHED,exact_jpn_slot_page_tag_reference_index;validated_slot_olang_map_entity_identity,master status=AUX_CN_ATTACHED; mapping method=exact_jpn_slot_page_tag_reference_index;validated_slot_olang_map_entity_identity; candidate attached as auxiliary evidence only; verify against JPN and context; auxiliary candidates only; JPN remains authoritative; verify against JPN text and context
5D140CA7,32,32,32;32;32;32;32;32;32;32;32;32;32;32;32;32;32;32;32;32;32;32;32;32;32;32;32;32;32;32;32;32;32;32;32;32;32;32;32;32;32;32;32;32;32;32;32;32;32;32;32,49,,page58:tag4:entity18:key00100D33:ref32:ord0;page82:tag7:entity18:key00100D33:ref32:ord0;page88:tag11:entity18:key00100D33:ref32:ord0;page94:tag11:entity18:key00100D33:ref32:ord0;page100:tag10:entity18:key00100D33:ref32:ord0;page106:tag10:entity18:key00100D33:ref32:ord0;page112:tag9:entity18:key00100D33:ref32:ord0;page118:tag10:entity18:key00100D33:ref32:ord0;page124:tag9:entity18:key00100D33:ref32:ord0;page130:tag10:entity18:key00100D33:ref32:ord0;page136:tag9:entity18:key00100D33:ref32:ord0;page142:tag9:entity18:key00100D33:ref32:ord0;page148:tag9:entity18:key00100D33:ref32:ord0;page154:tag10:entity18:key00100D33:ref32:ord0;page160:tag9:entity18:key00100D33:ref32:ord0;page166:tag9:entity18:key00100D33:ref32:ord0;page172:tag10:entity18:key00100D33:ref32:ord0;page178:tag9:entity18:key00100D33:ref32:ord0;page184:tag9:entity18:key00100D33:ref32:ord0;page190:tag9:entity18:key00100D33:ref32:ord0;page196:tag9:entity18:key00100D33:ref32:ord0;page202:tag9:entity18:key00100D33:ref32:ord0;page208:tag9:entity18:key00100D33:ref32:ord0;page214:tag9:entity18:key00100D33:ref32:ord0;page220:tag11:entity18:key00100D33:ref32:ord0;page226:tag9:entity18:key00100D33:ref32:ord0;page232:tag10:entity18:key00100D33:ref32:ord0;page238:tag9:entity18:key00100D33:ref32:ord0;page244:tag9:entity18:key00100D33:ref32:ord0;page250:tag11:entity18:key00100D33:ref32:ord0;page256:tag9:entity18:key00100D33:ref32:ord0;page262:tag8:entity18:key00100D33:ref32:ord0;page268:tag9:entity18:key00100D33:ref32:ord0;page274:tag9:entity18:key00100D33:ref32:ord0;page280:tag10:entity18:key00100D33:ref32:ord0;page286:tag10:entity18:key00100D33:ref32:ord0;page292:tag10:entity18:key00100D33:ref32:ord0;page298:tag10:entity18:key00100D33:ref32:ord0;page304:tag9:entity18:key00100D33:ref32:ord0;page310:tag10:entity18:key00100D33:ref32:ord0;page316:tag9:entity18:key00100D33:ref32:ord0;page322:tag8:entity18:key00100D33:ref32:ord0;page328:tag9:entity18:key00100D33:ref32:ord0;page334:tag11:entity18:key00100D33:ref32:ord0;page340:tag11:entity18:key00100D33:ref32:ord0;page346:tag8:entity18:key00100D33:ref32:ord0;page352:tag9:entity18:key00100D33:ref32:ord0;page358:tag8:entity18:key00100D33:ref32:ord0;page364:tag10:entity18:key00100D33:ref32:ord0,石化攻撃だ！,主砲発射用意！,電撃チャージ！,,,,NOT_CHECKED,21,,NOT_STARTED,NOT_BUILT,NOT_TESTED,JPN_PRIMARY; MLG_CN_CONTEXT_AUXILIARY,mechanical template; resource_class=SLOT_OLANG; source_objects=49,主炮装填！,"[""主炮装填！""]",Loading main cannon!,"[""Loading main cannon!""]",AUX_CN_ATTACHED,exact_jpn_slot_page_tag_reference_index;validated_slot_olang_map_entity_identity,master status=AUX_CN_ATTACHED; mapping method=exact_jpn_slot_page_tag_reference_index;validated_slot_olang_map_entity_identity; candidate attached as auxiliary evidence only; verify against JPN and context; auxiliary candidates only; JPN remains authoritative; verify against JPN text and context
5D140CA7,33,33,33;33;33;33;33;33;33;33;33;33;33;33;33;33;33;33;33;33;33;33;33;33;33;33;33;33;33;33;33;33;33;33;33;33;33;33;33;33;33;33;33;33;33;33;33;33;33;33;33,49,,page58:tag4:entity17:key00100D32:ref33:ord0;page82:tag7:entity17:key00100D32:ref33:ord0;page88:tag11:entity17:key00100D32:ref33:ord0;page94:tag11:entity17:key00100D32:ref33:ord0;page100:tag10:entity17:key00100D32:ref33:ord0;page106:tag10:entity17:key00100D32:ref33:ord0;page112:tag9:entity17:key00100D32:ref33:ord0;page118:tag10:entity17:key00100D32:ref33:ord0;page124:tag9:entity17:key00100D32:ref33:ord0;page130:tag10:entity17:key00100D32:ref33:ord0;page136:tag9:entity17:key00100D32:ref33:ord0;page142:tag9:entity17:key00100D32:ref33:ord0;page148:tag9:entity17:key00100D32:ref33:ord0;page154:tag10:entity17:key00100D32:ref33:ord0;page160:tag9:entity17:key00100D32:ref33:ord0;page166:tag9:entity17:key00100D32:ref33:ord0;page172:tag10:entity17:key00100D32:ref33:ord0;page178:tag9:entity17:key00100D32:ref33:ord0;page184:tag9:entity17:key00100D32:ref33:ord0;page190:tag9:entity17:key00100D32:ref33:ord0;page196:tag9:entity17:key00100D32:ref33:ord0;page202:tag9:entity17:key00100D32:ref33:ord0;page208:tag9:entity17:key00100D32:ref33:ord0;page214:tag9:entity17:key00100D32:ref33:ord0;page220:tag11:entity17:key00100D32:ref33:ord0;page226:tag9:entity17:key00100D32:ref33:ord0;page232:tag10:entity17:key00100D32:ref33:ord0;page238:tag9:entity17:key00100D32:ref33:ord0;page244:tag9:entity17:key00100D32:ref33:ord0;page250:tag11:entity17:key00100D32:ref33:ord0;page256:tag9:entity17:key00100D32:ref33:ord0;page262:tag8:entity17:key00100D32:ref33:ord0;page268:tag9:entity17:key00100D32:ref33:ord0;page274:tag9:entity17:key00100D32:ref33:ord0;page280:tag10:entity17:key00100D32:ref33:ord0;page286:tag10:entity17:key00100D32:ref33:ord0;page292:tag10:entity17:key00100D32:ref33:ord0;page298:tag10:entity17:key00100D32:ref33:ord0;page304:tag9:entity17:key00100D32:ref33:ord0;page310:tag10:entity17:key00100D32:ref33:ord0;page316:tag9:entity17:key00100D32:ref33:ord0;page322:tag8:entity17:key00100D32:ref33:ord0;page328:tag9:entity17:key00100D32:ref33:ord0;page334:tag11:entity17:key00100D32:ref33:ord0;page340:tag11:entity17:key00100D32:ref33:ord0;page346:tag8:entity17:key00100D32:ref33:ord0;page352:tag9:entity17:key00100D32:ref33:ord0;page358:tag8:entity17:key00100D32:ref33:ord0;page364:tag10:entity17:key00100D32:ref33:ord0,主砲発射用意！,電撃チャージ！,誘導ミサイル発射！,,,,NOT_CHECKED,21,,NOT_STARTED,NOT_BUILT,NOT_TESTED,JPN_PRIMARY; MLG_CN_CONTEXT_AUXILIARY,mechanical template; resource_class=SLOT_OLANG; source_objects=49,蓄力中！,"[""蓄力中！""]",Charging up!,"[""Charging up!""]",AUX_CN_ATTACHED,exact_jpn_slot_page_tag_reference_index;validated_slot_olang_map_entity_identity,master status=AUX_CN_ATTACHED; mapping method=exact_jpn_slot_page_tag_reference_index;validated_slot_olang_map_entity_identity; candidate attached as auxiliary evidence only; verify against JPN and context; auxiliary candidates only; JPN remains authoritative; verify against JPN text and context
5D140CA7,34,34,34;34;34;34;34;34;34;34;34;34;34;34;34;34;34;34;34;34;34;34;34;34;34;34;34;34;34;34;34;34;34;34;34;34;34;34;34;34;34;34;34;34;34;34;34;34;34;34;34,49,,page58:tag4:entity16:key00100D31:ref34:ord0;page82:tag7:entity16:key00100D31:ref34:ord0;page88:tag11:entity16:key00100D31:ref34:ord0;page94:tag11:entity16:key00100D31:ref34:ord0;page100:tag10:entity16:key00100D31:ref34:ord0;page106:tag10:entity16:key00100D31:ref34:ord0;page112:tag9:entity16:key00100D31:ref34:ord0;page118:tag10:entity16:key00100D31:ref34:ord0;page124:tag9:entity16:key00100D31:ref34:ord0;page130:tag10:entity16:key00100D31:ref34:ord0;page136:tag9:entity16:key00100D31:ref34:ord0;page142:tag9:entity16:key00100D31:ref34:ord0;page148:tag9:entity16:key00100D31:ref34:ord0;page154:tag10:entity16:key00100D31:ref34:ord0;page160:tag9:entity16:key00100D31:ref34:ord0;page166:tag9:entity16:key00100D31:ref34:ord0;page172:tag10:entity16:key00100D31:ref34:ord0;page178:tag9:entity16:key00100D31:ref34:ord0;page184:tag9:entity16:key00100D31:ref34:ord0;page190:tag9:entity16:key00100D31:ref34:ord0;page196:tag9:entity16:key00100D31:ref34:ord0;page202:tag9:entity16:key00100D31:ref34:ord0;page208:tag9:entity16:key00100D31:ref34:ord0;page214:tag9:entity16:key00100D31:ref34:ord0;page220:tag11:entity16:key00100D31:ref34:ord0;page226:tag9:entity16:key00100D31:ref34:ord0;page232:tag10:entity16:key00100D31:ref34:ord0;page238:tag9:entity16:key00100D31:ref34:ord0;page244:tag9:entity16:key00100D31:ref34:ord0;page250:tag11:entity16:key00100D31:ref34:ord0;page256:tag9:entity16:key00100D31:ref34:ord0;page262:tag8:entity16:key00100D31:ref34:ord0;page268:tag9:entity16:key00100D31:ref34:ord0;page274:tag9:entity16:key00100D31:ref34:ord0;page280:tag10:entity16:key00100D31:ref34:ord0;page286:tag10:entity16:key00100D31:ref34:ord0;page292:tag10:entity16:key00100D31:ref34:ord0;page298:tag10:entity16:key00100D31:ref34:ord0;page304:tag9:entity16:key00100D31:ref34:ord0;page310:tag10:entity16:key00100D31:ref34:ord0;page316:tag9:entity16:key00100D31:ref34:ord0;page322:tag8:entity16:key00100D31:ref34:ord0;page328:tag9:entity16:key00100D31:ref34:ord0;page334:tag11:entity16:key00100D31:ref34:ord0;page340:tag11:entity16:key00100D31:ref34:ord0;page346:tag8:entity16:key00100D31:ref34:ord0;page352:tag9:entity16:key00100D31:ref34:ord0;page358:tag8:entity16:key00100D31:ref34:ord0;page364:tag10:entity16:key00100D31:ref34:ord0,電撃チャージ！,誘導ミサイル発射！,押しつぶせ！,,,,NOT_CHECKED,27,,NOT_STARTED,NOT_BUILT,NOT_TESTED,JPN_PRIMARY; MLG_CN_CONTEXT_AUXILIARY,mechanical template; resource_class=SLOT_OLANG; source_objects=49,发射制导导弹！,"[""发射制导导弹！""]",Firing guided missile!,"[""Firing guided missile!""]",AUX_CN_ATTACHED,exact_jpn_slot_page_tag_reference_index;validated_slot_olang_map_entity_identity,master status=AUX_CN_ATTACHED; mapping method=exact_jpn_slot_page_tag_reference_index;validated_slot_olang_map_entity_identity; candidate attached as auxiliary evidence only; verify against JPN and context; auxiliary candidates only; JPN remains authoritative; verify against JPN text and context
5D140CA7,35,35,35;35;35;35;35;35;35;35;35;35;35;35;35;35;35;35;35;35;35;35;35;35;35;35;35;35;35;35;35;35;35;35;35;35;35;35;35;35;35;35;35;35;35;35;35;35;35;35;35,49,,page58:tag4:entity15:key00100D1A:ref35:ord0;page82:tag7:entity15:key00100D1A:ref35:ord0;page88:tag11:entity15:key00100D1A:ref35:ord0;page94:tag11:entity15:key00100D1A:ref35:ord0;page100:tag10:entity15:key00100D1A:ref35:ord0;page106:tag10:entity15:key00100D1A:ref35:ord0;page112:tag9:entity15:key00100D1A:ref35:ord0;page118:tag10:entity15:key00100D1A:ref35:ord0;page124:tag9:entity15:key00100D1A:ref35:ord0;page130:tag10:entity15:key00100D1A:ref35:ord0;page136:tag9:entity15:key00100D1A:ref35:ord0;page142:tag9:entity15:key00100D1A:ref35:ord0;page148:tag9:entity15:key00100D1A:ref35:ord0;page154:tag10:entity15:key00100D1A:ref35:ord0;page160:tag9:entity15:key00100D1A:ref35:ord0;page166:tag9:entity15:key00100D1A:ref35:ord0;page172:tag10:entity15:key00100D1A:ref35:ord0;page178:tag9:entity15:key00100D1A:ref35:ord0;page184:tag9:entity15:key00100D1A:ref35:ord0;page190:tag9:entity15:key00100D1A:ref35:ord0;page196:tag9:entity15:key00100D1A:ref35:ord0;page202:tag9:entity15:key00100D1A:ref35:ord0;page208:tag9:entity15:key00100D1A:ref35:ord0;page214:tag9:entity15:key00100D1A:ref35:ord0;page220:tag11:entity15:key00100D1A:ref35:ord0;page226:tag9:entity15:key00100D1A:ref35:ord0;page232:tag10:entity15:key00100D1A:ref35:ord0;page238:tag9:entity15:key00100D1A:ref35:ord0;page244:tag9:entity15:key00100D1A:ref35:ord0;page250:tag11:entity15:key00100D1A:ref35:ord0;page256:tag9:entity15:key00100D1A:ref35:ord0;page262:tag8:entity15:key00100D1A:ref35:ord0;page268:tag9:entity15:key00100D1A:ref35:ord0;page274:tag9:entity15:key00100D1A:ref35:ord0;page280:tag10:entity15:key00100D1A:ref35:ord0;page286:tag10:entity15:key00100D1A:ref35:ord0;page292:tag10:entity15:key00100D1A:ref35:ord0;page298:tag10:entity15:key00100D1A:ref35:ord0;page304:tag9:entity15:key00100D1A:ref35:ord0;page310:tag10:entity15:key00100D1A:ref35:ord0;page316:tag9:entity15:key00100D1A:ref35:ord0;page322:tag8:entity15:key00100D1A:ref35:ord0;page328:tag9:entity15:key00100D1A:ref35:ord0;page334:tag11:entity15:key00100D1A:ref35:ord0;page340:tag11:entity15:key00100D1A:ref35:ord0;page346:tag8:entity15:key00100D1A:ref35:ord0;page352:tag9:entity15:key00100D1A:ref35:ord0;page358:tag8:entity15:key00100D1A:ref35:ord0;page364:tag10:entity15:key00100D1A:ref35:ord0,誘導ミサイル発射！,押しつぶせ！,ターゲット補足！,,,,NOT_CHECKED,18,,NOT_STARTED,NOT_BUILT,NOT_TESTED,JPN_PRIMARY; MLG_CN_CONTEXT_AUXILIARY,mechanical template; resource_class=SLOT_OLANG; source_objects=49,把他们压扁！,"[""把他们压扁！""]",Squash 'em flat!,"[""Squash 'em flat!""]",AUX_CN_ATTACHED,exact_jpn_slot_page_tag_reference_index;validated_slot_olang_map_entity_identity,master status=AUX_CN_ATTACHED; mapping method=exact_jpn_slot_page_tag_reference_index;validated_slot_olang_map_entity_identity; candidate attached as auxiliary evidence only; verify against JPN and context; auxiliary candidates only; JPN remains authoritative; verify against JPN text and context
5D140CA7,36,36,36;36;36;36;36;36;36;36;36;36;36;36;36;36;36;36;36;36;36;36;36;36;36;36;36;36;36;36;36;36;36;36;36;36;36;36;36;36;36;36;36;36;36;36;36;36;36;36;36,49,,page58:tag4:entity14:key00100D19:ref36:ord0;page82:tag7:entity14:key00100D19:ref36:ord0;page88:tag11:entity14:key00100D19:ref36:ord0;page94:tag11:entity14:key00100D19:ref36:ord0;page100:tag10:entity14:key00100D19:ref36:ord0;page106:tag10:entity14:key00100D19:ref36:ord0;page112:tag9:entity14:key00100D19:ref36:ord0;page118:tag10:entity14:key00100D19:ref36:ord0;page124:tag9:entity14:key00100D19:ref36:ord0;page130:tag10:entity14:key00100D19:ref36:ord0;page136:tag9:entity14:key00100D19:ref36:ord0;page142:tag9:entity14:key00100D19:ref36:ord0;page148:tag9:entity14:key00100D19:ref36:ord0;page154:tag10:entity14:key00100D19:ref36:ord0;page160:tag9:entity14:key00100D19:ref36:ord0;page166:tag9:entity14:key00100D19:ref36:ord0;page172:tag10:entity14:key00100D19:ref36:ord0;page178:tag9:entity14:key00100D19:ref36:ord0;page184:tag9:entity14:key00100D19:ref36:ord0;page190:tag9:entity14:key00100D19:ref36:ord0;page196:tag9:entity14:key00100D19:ref36:ord0;page202:tag9:entity14:key00100D19:ref36:ord0;page208:tag9:entity14:key00100D19:ref36:ord0;page214:tag9:entity14:key00100D19:ref36:ord0;page220:tag11:entity14:key00100D19:ref36:ord0;page226:tag9:entity14:key00100D19:ref36:ord0;page232:tag10:entity14:key00100D19:ref36:ord0;page238:tag9:entity14:key00100D19:ref36:ord0;page244:tag9:entity14:key00100D19:ref36:ord0;page250:tag11:entity14:key00100D19:ref36:ord0;page256:tag9:entity14:key00100D19:ref36:ord0;page262:tag8:entity14:key00100D19:ref36:ord0;page268:tag9:entity14:key00100D19:ref36:ord0;page274:tag9:entity14:key00100D19:ref36:ord0;page280:tag10:entity14:key00100D19:ref36:ord0;page286:tag10:entity14:key00100D19:ref36:ord0;page292:tag10:entity14:key00100D19:ref36:ord0;page298:tag10:entity14:key00100D19:ref36:ord0;page304:tag9:entity14:key00100D19:ref36:ord0;page310:tag10:entity14:key00100D19:ref36:ord0;page316:tag9:entity14:key00100D19:ref36:ord0;page322:tag8:entity14:key00100D19:ref36:ord0;page328:tag9:entity14:key00100D19:ref36:ord0;page334:tag11:entity14:key00100D19:ref36:ord0;page340:tag11:entity14:key00100D19:ref36:ord0;page346:tag8:entity14:key00100D19:ref36:ord0;page352:tag9:entity14:key00100D19:ref36:ord0;page358:tag8:entity14:key00100D19:ref36:ord0;page364:tag10:entity14:key00100D19:ref36:ord0,押しつぶせ！,ターゲット補足！,ミサイル発射！,,,,NOT_CHECKED,24,,NOT_STARTED,NOT_BUILT,NOT_TESTED,JPN_PRIMARY; MLG_CN_CONTEXT_AUXILIARY,mechanical template; resource_class=SLOT_OLANG; source_objects=49,干掉那个目标！,"[""干掉那个目标！""]",Get that target!,"[""Get that target!""]",AUX_CN_ATTACHED,exact_jpn_slot_page_tag_reference_index;validated_slot_olang_map_entity_identity,master status=AUX_CN_ATTACHED; mapping method=exact_jpn_slot_page_tag_reference_index;validated_slot_olang_map_entity_identity; candidate attached as auxiliary evidence only; verify against JPN and context; auxiliary candidates only; JPN remains authoritative; verify against JPN text and context
5D140CA7,37,37,37;37;37;37;37;37;37;37;37;37;37;37;37;37;37;37;37;37;37;37;37;37;37;37;37;37;37;37;37;37;37;37;37;37;37;37;37;37;37;37;37;37;37;37;37;37;37;37;37,49,,page58:tag4:entity13:key00100D18:ref37:ord0;page82:tag7:entity13:key00100D18:ref37:ord0;page88:tag11:entity13:key00100D18:ref37:ord0;page94:tag11:entity13:key00100D18:ref37:ord0;page100:tag10:entity13:key00100D18:ref37:ord0;page106:tag10:entity13:key00100D18:ref37:ord0;page112:tag9:entity13:key00100D18:ref37:ord0;page118:tag10:entity13:key00100D18:ref37:ord0;page124:tag9:entity13:key00100D18:ref37:ord0;page130:tag10:entity13:key00100D18:ref37:ord0;page136:tag9:entity13:key00100D18:ref37:ord0;page142:tag9:entity13:key00100D18:ref37:ord0;page148:tag9:entity13:key00100D18:ref37:ord0;page154:tag10:entity13:key00100D18:ref37:ord0;page160:tag9:entity13:key00100D18:ref37:ord0;page166:tag9:entity13:key00100D18:ref37:ord0;page172:tag10:entity13:key00100D18:ref37:ord0;page178:tag9:entity13:key00100D18:ref37:ord0;page184:tag9:entity13:key00100D18:ref37:ord0;page190:tag9:entity13:key00100D18:ref37:ord0;page196:tag9:entity13:key00100D18:ref37:ord0;page202:tag9:entity13:key00100D18:ref37:ord0;page208:tag9:entity13:key00100D18:ref37:ord0;page214:tag9:entity13:key00100D18:ref37:ord0;page220:tag11:entity13:key00100D18:ref37:ord0;page226:tag9:entity13:key00100D18:ref37:ord0;page232:tag10:entity13:key00100D18:ref37:ord0;page238:tag9:entity13:key00100D18:ref37:ord0;page244:tag9:entity13:key00100D18:ref37:ord0;page250:tag11:entity13:key00100D18:ref37:ord0;page256:tag9:entity13:key00100D18:ref37:ord0;page262:tag8:entity13:key00100D18:ref37:ord0;page268:tag9:entity13:key00100D18:ref37:ord0;page274:tag9:entity13:key00100D18:ref37:ord0;page280:tag10:entity13:key00100D18:ref37:ord0;page286:tag10:entity13:key00100D18:ref37:ord0;page292:tag10:entity13:key00100D18:ref37:ord0;page298:tag10:entity13:key00100D18:ref37:ord0;page304:tag9:entity13:key00100D18:ref37:ord0;page310:tag10:entity13:key00100D18:ref37:ord0;page316:tag9:entity13:key00100D18:ref37:ord0;page322:tag8:entity13:key00100D18:ref37:ord0;page328:tag9:entity13:key00100D18:ref37:ord0;page334:tag11:entity13:key00100D18:ref37:ord0;page340:tag11:entity13:key00100D18:ref37:ord0;page346:tag8:entity13:key00100D18:ref37:ord0;page352:tag9:entity13:key00100D18:ref37:ord0;page358:tag8:entity13:key00100D18:ref37:ord0;page364:tag10:entity13:key00100D18:ref37:ord0,ターゲット補足！,ミサイル発射！,狙撃モード！,,,,NOT_CHECKED,21,,NOT_STARTED,NOT_BUILT,NOT_TESTED,JPN_PRIMARY; MLG_CN_CONTEXT_AUXILIARY,mechanical template; resource_class=SLOT_OLANG; source_objects=49,发射导弹！,"[""发射导弹！""]",Firing missile!,"[""Firing missile!""]",AUX_CN_ATTACHED,exact_jpn_slot_page_tag_reference_index;validated_slot_olang_map_entity_identity,master status=AUX_CN_ATTACHED; mapping method=exact_jpn_slot_page_tag_reference_index;validated_slot_olang_map_entity_identity; candidate attached as auxiliary evidence only; verify against JPN and context; auxiliary candidates only; JPN remains authoritative; verify against JPN text and context
5D140CA7,38,38,38;38;38;38;38;38;38;38;38;38;38;38;38;38;38;38;38;38;38;38;38;38;38;38;38;38;38;38;38;38;38;38;38;38;38;38;38;38;38;38;38;38;38;38;38;38;38;38;38,49,,page58:tag4:entity12:key00100D17:ref38:ord0;page82:tag7:entity12:key00100D17:ref38:ord0;page88:tag11:entity12:key00100D17:ref38:ord0;page94:tag11:entity12:key00100D17:ref38:ord0;page100:tag10:entity12:key00100D17:ref38:ord0;page106:tag10:entity12:key00100D17:ref38:ord0;page112:tag9:entity12:key00100D17:ref38:ord0;page118:tag10:entity12:key00100D17:ref38:ord0;page124:tag9:entity12:key00100D17:ref38:ord0;page130:tag10:entity12:key00100D17:ref38:ord0;page136:tag9:entity12:key00100D17:ref38:ord0;page142:tag9:entity12:key00100D17:ref38:ord0;page148:tag9:entity12:key00100D17:ref38:ord0;page154:tag10:entity12:key00100D17:ref38:ord0;page160:tag9:entity12:key00100D17:ref38:ord0;page166:tag9:entity12:key00100D17:ref38:ord0;page172:tag10:entity12:key00100D17:ref38:ord0;page178:tag9:entity12:key00100D17:ref38:ord0;page184:tag9:entity12:key00100D17:ref38:ord0;page190:tag9:entity12:key00100D17:ref38:ord0;page196:tag9:entity12:key00100D17:ref38:ord0;page202:tag9:entity12:key00100D17:ref38:ord0;page208:tag9:entity12:key00100D17:ref38:ord0;page214:tag9:entity12:key00100D17:ref38:ord0;page220:tag11:entity12:key00100D17:ref38:ord0;page226:tag9:entity12:key00100D17:ref38:ord0;page232:tag10:entity12:key00100D17:ref38:ord0;page238:tag9:entity12:key00100D17:ref38:ord0;page244:tag9:entity12:key00100D17:ref38:ord0;page250:tag11:entity12:key00100D17:ref38:ord0;page256:tag9:entity12:key00100D17:ref38:ord0;page262:tag8:entity12:key00100D17:ref38:ord0;page268:tag9:entity12:key00100D17:ref38:ord0;page274:tag9:entity12:key00100D17:ref38:ord0;page280:tag10:entity12:key00100D17:ref38:ord0;page286:tag10:entity12:key00100D17:ref38:ord0;page292:tag10:entity12:key00100D17:ref38:ord0;page298:tag10:entity12:key00100D17:ref38:ord0;page304:tag9:entity12:key00100D17:ref38:ord0;page310:tag10:entity12:key00100D17:ref38:ord0;page316:tag9:entity12:key00100D17:ref38:ord0;page322:tag8:entity12:key00100D17:ref38:ord0;page328:tag9:entity12:key00100D17:ref38:ord0;page334:tag11:entity12:key00100D17:ref38:ord0;page340:tag11:entity12:key00100D17:ref38:ord0;page346:tag8:entity12:key00100D17:ref38:ord0;page352:tag9:entity12:key00100D17:ref38:ord0;page358:tag8:entity12:key00100D17:ref38:ord0;page364:tag10:entity12:key00100D17:ref38:ord0,ミサイル発射！,狙撃モード！,狩り出すぞ！,,,,NOT_CHECKED,18,,NOT_STARTED,NOT_BUILT,NOT_TESTED,JPN_PRIMARY; MLG_CN_CONTEXT_AUXILIARY,mechanical template; resource_class=SLOT_OLANG; source_objects=49,狙击模式！,"[""狙击模式！""]",Sniper mode!,"[""Sniper mode!""]",AUX_CN_ATTACHED,exact_jpn_slot_page_tag_reference_index;validated_slot_olang_map_entity_identity,master status=AUX_CN_ATTACHED; mapping method=exact_jpn_slot_page_tag_reference_index;validated_slot_olang_map_entity_identity; candidate attached as auxiliary evidence only; verify against JPN and context; auxiliary candidates only; JPN remains authoritative; verify against JPN text and context
5D140CA7,39,39,39;39;39;39;39;39;39;39;39;39;39;39;39;39;39;39;39;39;39;39;39;39;39;39;39;39;39;39;39;39;39;39;39;39;39;39;39;39;39;39;39;39;39;39;39;39;39;39;39,49,,page58:tag4:entity11:key00100D16:ref39:ord0;page82:tag7:entity11:key00100D16:ref39:ord0;page88:tag11:entity11:key00100D16:ref39:ord0;page94:tag11:entity11:key00100D16:ref39:ord0;page100:tag10:entity11:key00100D16:ref39:ord0;page106:tag10:entity11:key00100D16:ref39:ord0;page112:tag9:entity11:key00100D16:ref39:ord0;page118:tag10:entity11:key00100D16:ref39:ord0;page124:tag9:entity11:key00100D16:ref39:ord0;page130:tag10:entity11:key00100D16:ref39:ord0;page136:tag9:entity11:key00100D16:ref39:ord0;page142:tag9:entity11:key00100D16:ref39:ord0;page148:tag9:entity11:key00100D16:ref39:ord0;page154:tag10:entity11:key00100D16:ref39:ord0;page160:tag9:entity11:key00100D16:ref39:ord0;page166:tag9:entity11:key00100D16:ref39:ord0;page172:tag10:entity11:key00100D16:ref39:ord0;page178:tag9:entity11:key00100D16:ref39:ord0;page184:tag9:entity11:key00100D16:ref39:ord0;page190:tag9:entity11:key00100D16:ref39:ord0;page196:tag9:entity11:key00100D16:ref39:ord0;page202:tag9:entity11:key00100D16:ref39:ord0;page208:tag9:entity11:key00100D16:ref39:ord0;page214:tag9:entity11:key00100D16:ref39:ord0;page220:tag11:entity11:key00100D16:ref39:ord0;page226:tag9:entity11:key00100D16:ref39:ord0;page232:tag10:entity11:key00100D16:ref39:ord0;page238:tag9:entity11:key00100D16:ref39:ord0;page244:tag9:entity11:key00100D16:ref39:ord0;page250:tag11:entity11:key00100D16:ref39:ord0;page256:tag9:entity11:key00100D16:ref39:ord0;page262:tag8:entity11:key00100D16:ref39:ord0;page268:tag9:entity11:key00100D16:ref39:ord0;page274:tag9:entity11:key00100D16:ref39:ord0;page280:tag10:entity11:key00100D16:ref39:ord0;page286:tag10:entity11:key00100D16:ref39:ord0;page292:tag10:entity11:key00100D16:ref39:ord0;page298:tag10:entity11:key00100D16:ref39:ord0;page304:tag9:entity11:key00100D16:ref39:ord0;page310:tag10:entity11:key00100D16:ref39:ord0;page316:tag9:entity11:key00100D16:ref39:ord0;page322:tag8:entity11:key00100D16:ref39:ord0;page328:tag9:entity11:key00100D16:ref39:ord0;page334:tag11:entity11:key00100D16:ref39:ord0;page340:tag11:entity11:key00100D16:ref39:ord0;page346:tag8:entity11:key00100D16:ref39:ord0;page352:tag9:entity11:key00100D16:ref39:ord0;page358:tag8:entity11:key00100D16:ref39:ord0;page364:tag10:entity11:key00100D16:ref39:ord0,狙撃モード！,狩り出すぞ！,にゃにゃにゃ～,,,,NOT_CHECKED,18,,NOT_STARTED,NOT_BUILT,NOT_TESTED,JPN_PRIMARY; MLG_CN_CONTEXT_AUXILIARY,mechanical template; resource_class=SLOT_OLANG; source_objects=49,我要追到你！,"[""我要追到你！""]",I'm gonna hunt you down!,"[""I'm gonna hunt you down!""]",AUX_CN_ATTACHED,exact_jpn_slot_page_tag_reference_index;validated_slot_olang_map_entity_identity,master status=AUX_CN_ATTACHED; mapping method=exact_jpn_slot_page_tag_reference_index;validated_slot_olang_map_entity_identity; candidate attached as auxiliary evidence only; verify against JPN and context; auxiliary candidates only; JPN remains authoritative; verify against JPN text and context
5D140CA7,40,40,40;40;40;40;40;40;40;40;40;40;40;40;40;40;40;40;40;40;40;40;40;40;40;40;40;40;40;40;40;40;40;40;40;40;40;40;40;40;40;40;40;40;40;40;40;40;40;40;40,49,,page58:tag4:entity10:key00100D15:ref40:ord0;page82:tag7:entity10:key00100D15:ref40:ord0;page88:tag11:entity10:key00100D15:ref40:ord0;page94:tag11:entity10:key00100D15:ref40:ord0;page100:tag10:entity10:key00100D15:ref40:ord0;page106:tag10:entity10:key00100D15:ref40:ord0;page112:tag9:entity10:key00100D15:ref40:ord0;page118:tag10:entity10:key00100D15:ref40:ord0;page124:tag9:entity10:key00100D15:ref40:ord0;page130:tag10:entity10:key00100D15:ref40:ord0;page136:tag9:entity10:key00100D15:ref40:ord0;page142:tag9:entity10:key00100D15:ref40:ord0;page148:tag9:entity10:key00100D15:ref40:ord0;page154:tag10:entity10:key00100D15:ref40:ord0;page160:tag9:entity10:key00100D15:ref40:ord0;page166:tag9:entity10:key00100D15:ref40:ord0;page172:tag10:entity10:key00100D15:ref40:ord0;page178:tag9:entity10:key00100D15:ref40:ord0;page184:tag9:entity10:key00100D15:ref40:ord0;page190:tag9:entity10:key00100D15:ref40:ord0;page196:tag9:entity10:key00100D15:ref40:ord0;page202:tag9:entity10:key00100D15:ref40:ord0;page208:tag9:entity10:key00100D15:ref40:ord0;page214:tag9:entity10:key00100D15:ref40:ord0;page220:tag11:entity10:key00100D15:ref40:ord0;page226:tag9:entity10:key00100D15:ref40:ord0;page232:tag10:entity10:key00100D15:ref40:ord0;page238:tag9:entity10:key00100D15:ref40:ord0;page244:tag9:entity10:key00100D15:ref40:ord0;page250:tag11:entity10:key00100D15:ref40:ord0;page256:tag9:entity10:key00100D15:ref40:ord0;page262:tag8:entity10:key00100D15:ref40:ord0;page268:tag9:entity10:key00100D15:ref40:ord0;page274:tag9:entity10:key00100D15:ref40:ord0;page280:tag10:entity10:key00100D15:ref40:ord0;page286:tag10:entity10:key00100D15:ref40:ord0;page292:tag10:entity10:key00100D15:ref40:ord0;page298:tag10:entity10:key00100D15:ref40:ord0;page304:tag9:entity10:key00100D15:ref40:ord0;page310:tag10:entity10:key00100D15:ref40:ord0;page316:tag9:entity10:key00100D15:ref40:ord0;page322:tag8:entity10:key00100D15:ref40:ord0;page328:tag9:entity10:key00100D15:ref40:ord0;page334:tag11:entity10:key00100D15:ref40:ord0;page340:tag11:entity10:key00100D15:ref40:ord0;page346:tag8:entity10:key00100D15:ref40:ord0;page352:tag9:entity10:key00100D15:ref40:ord0;page358:tag8:entity10:key00100D15:ref40:ord0;page364:tag10:entity10:key00100D15:ref40:ord0,狩り出すぞ！,にゃにゃにゃ～,可愛いね,,,,NOT_CHECKED,21,,NOT_STARTED,NOT_BUILT,NOT_TESTED,JPN_PRIMARY; MLG_CN_CONTEXT_AUXILIARY,mechanical template; resource_class=SLOT_OLANG; source_objects=49,喵呜——！,"[""喵呜——！""]",Meeeooow!,"[""Meeeooow!""]",AUX_CN_ATTACHED,exact_jpn_slot_page_tag_reference_index;validated_slot_olang_map_entity_identity,master status=AUX_CN_ATTACHED; mapping method=exact_jpn_slot_page_tag_reference_index;validated_slot_olang_map_entity_identity; candidate attached as auxiliary evidence only; verify against JPN and context; auxiliary candidates only; JPN remains authoritative; verify against JPN text and context
5D140CA7,41,41,41;41;41;41;41;41;41;41;41;41;41;41;41;41;41;41;41;41;41;41;41;41;41;41;41;41;41;41;41;41;41;41;41;41;41;41;41;41;41;41;41;41;41;41;41;41;41;41;41,49,,page58:tag4:entity9:key00100CD5:ref41:ord0;page82:tag7:entity9:key00100CD5:ref41:ord0;page88:tag11:entity9:key00100CD5:ref41:ord0;page94:tag11:entity9:key00100CD5:ref41:ord0;page100:tag10:entity9:key00100CD5:ref41:ord0;page106:tag10:entity9:key00100CD5:ref41:ord0;page112:tag9:entity9:key00100CD5:ref41:ord0;page118:tag10:entity9:key00100CD5:ref41:ord0;page124:tag9:entity9:key00100CD5:ref41:ord0;page130:tag10:entity9:key00100CD5:ref41:ord0;page136:tag9:entity9:key00100CD5:ref41:ord0;page142:tag9:entity9:key00100CD5:ref41:ord0;page148:tag9:entity9:key00100CD5:ref41:ord0;page154:tag10:entity9:key00100CD5:ref41:ord0;page160:tag9:entity9:key00100CD5:ref41:ord0;page166:tag9:entity9:key00100CD5:ref41:ord0;page172:tag10:entity9:key00100CD5:ref41:ord0;page178:tag9:entity9:key00100CD5:ref41:ord0;page184:tag9:entity9:key00100CD5:ref41:ord0;page190:tag9:entity9:key00100CD5:ref41:ord0;page196:tag9:entity9:key00100CD5:ref41:ord0;page202:tag9:entity9:key00100CD5:ref41:ord0;page208:tag9:entity9:key00100CD5:ref41:ord0;page214:tag9:entity9:key00100CD5:ref41:ord0;page220:tag11:entity9:key00100CD5:ref41:ord0;page226:tag9:entity9:key00100CD5:ref41:ord0;page232:tag10:entity9:key00100CD5:ref41:ord0;page238:tag9:entity9:key00100CD5:ref41:ord0;page244:tag9:entity9:key00100CD5:ref41:ord0;page250:tag11:entity9:key00100CD5:ref41:ord0;page256:tag9:entity9:key00100CD5:ref41:ord0;page262:tag8:entity9:key00100CD5:ref41:ord0;page268:tag9:entity9:key00100CD5:ref41:ord0;page274:tag9:entity9:key00100CD5:ref41:ord0;page280:tag10:entity9:key00100CD5:ref41:ord0;page286:tag10:entity9:key00100CD5:ref41:ord0;page292:tag10:entity9:key00100CD5:ref41:ord0;page298:tag10:entity9:key00100CD5:ref41:ord0;page304:tag9:entity9:key00100CD5:ref41:ord0;page310:tag10:entity9:key00100CD5:ref41:ord0;page316:tag9:entity9:key00100CD5:ref41:ord0;page322:tag8:entity9:key00100CD5:ref41:ord0;page328:tag9:entity9:key00100CD5:ref41:ord0;page334:tag11:entity9:key00100CD5:ref41:ord0;page340:tag11:entity9:key00100CD5:ref41:ord0;page346:tag8:entity9:key00100CD5:ref41:ord0;page352:tag9:entity9:key00100CD5:ref41:ord0;page358:tag8:entity9:key00100CD5:ref41:ord0;page364:tag10:entity9:key00100CD5:ref41:ord0,にゃにゃにゃ～,可愛いね,待て！,,,,NOT_CHECKED,12,,NOT_STARTED,NOT_BUILT,NOT_TESTED,JPN_PRIMARY; MLG_CN_CONTEXT_AUXILIARY,mechanical template; resource_class=SLOT_OLANG; source_objects=49,可爱。,"[""可爱。""]",Cute.,"[""Cute.""]",AUX_CN_ATTACHED,exact_jpn_slot_page_tag_reference_index;validated_slot_olang_map_entity_identity,master status=AUX_CN_ATTACHED; mapping method=exact_jpn_slot_page_tag_reference_index;validated_slot_olang_map_entity_identity; candidate attached as auxiliary evidence only; verify against JPN and context; auxiliary candidates only; JPN remains authoritative; verify against JPN text and context
5D140CA7,42,42,42;42;42;42;42;42;42;42;42;42;42;42;42;42;42;42;42;42;42;42;42;42;42;42;42;42;42;42;42;42;42;42;42;42;42;42;42;42;42;42;42;42;42;42;42;42;42;42;42,49,,page58:tag4:entity50:key009FC062:ref42:ord0;page82:tag7:entity50:key009FC062:ref42:ord0;page88:tag11:entity50:key009FC062:ref42:ord0;page94:tag11:entity50:key009FC062:ref42:ord0;page100:tag10:entity50:key009FC062:ref42:ord0;page106:tag10:entity50:key009FC062:ref42:ord0;page112:tag9:entity50:key009FC062:ref42:ord0;page118:tag10:entity50:key009FC062:ref42:ord0;page124:tag9:entity50:key009FC062:ref42:ord0;page130:tag10:entity50:key009FC062:ref42:ord0;page136:tag9:entity50:key009FC062:ref42:ord0;page142:tag9:entity50:key009FC062:ref42:ord0;page148:tag9:entity50:key009FC062:ref42:ord0;page154:tag10:entity50:key009FC062:ref42:ord0;page160:tag9:entity50:key009FC062:ref42:ord0;page166:tag9:entity50:key009FC062:ref42:ord0;page172:tag10:entity50:key009FC062:ref42:ord0;page178:tag9:entity50:key009FC062:ref42:ord0;page184:tag9:entity50:key009FC062:ref42:ord0;page190:tag9:entity50:key009FC062:ref42:ord0;page196:tag9:entity50:key009FC062:ref42:ord0;page202:tag9:entity50:key009FC062:ref42:ord0;page208:tag9:entity50:key009FC062:ref42:ord0;page214:tag9:entity50:key009FC062:ref42:ord0;page220:tag11:entity50:key009FC062:ref42:ord0;page226:tag9:entity50:key009FC062:ref42:ord0;page232:tag10:entity50:key009FC062:ref42:ord0;page238:tag9:entity50:key009FC062:ref42:ord0;page244:tag9:entity50:key009FC062:ref42:ord0;page250:tag11:entity50:key009FC062:ref42:ord0;page256:tag9:entity50:key009FC062:ref42:ord0;page262:tag8:entity50:key009FC062:ref42:ord0;page268:tag9:entity50:key009FC062:ref42:ord0;page274:tag9:entity50:key009FC062:ref42:ord0;page280:tag10:entity50:key009FC062:ref42:ord0;page286:tag10:entity50:key009FC062:ref42:ord0;page292:tag10:entity50:key009FC062:ref42:ord0;page298:tag10:entity50:key009FC062:ref42:ord0;page304:tag9:entity50:key009FC062:ref42:ord0;page310:tag10:entity50:key009FC062:ref42:ord0;page316:tag9:entity50:key009FC062:ref42:ord0;page322:tag8:entity50:key009FC062:ref42:ord0;page328:tag9:entity50:key009FC062:ref42:ord0;page334:tag11:entity50:key009FC062:ref42:ord0;page340:tag11:entity50:key009FC062:ref42:ord0;page346:tag8:entity50:key009FC062:ref42:ord0;page352:tag9:entity50:key009FC062:ref42:ord0;page358:tag8:entity50:key009FC062:ref42:ord0;page364:tag10:entity50:key009FC062:ref42:ord0,可愛いね,待て！,固まって進もう!,,,,NOT_CHECKED,9,,NOT_STARTED,NOT_BUILT,NOT_TESTED,JPN_PRIMARY; MLG_CN_CONTEXT_AUXILIARY,mechanical template; resource_class=SLOT_OLANG; source_objects=49,别动！,"[""别动！""]",Hold it!,"[""Hold it!""]",AUX_CN_ATTACHED,exact_jpn_slot_page_tag_reference_index;validated_slot_olang_map_entity_identity,master status=AUX_CN_ATTACHED; mapping method=exact_jpn_slot_page_tag_reference_index;validated_slot_olang_map_entity_identity; candidate attached as auxiliary evidence only; verify against JPN and context; auxiliary candidates only; JPN remains authoritative; verify against JPN text and context
5D140CA7,43,43,43;43;43;43;43;43;43;43;43;43;43;43;43;43;43;43;43;43;43;43;43;43;43;43;43;43;43;43;43;43;43;43;43;43;43;43;43;43;43;43;43;43;43;43;43;43;43;43;43,49,,page58:tag4:entity44:key00651073:ref43:ord0;page82:tag7:entity44:key00651073:ref43:ord0;page88:tag11:entity44:key00651073:ref43:ord0;page94:tag11:entity44:key00651073:ref43:ord0;page100:tag10:entity44:key00651073:ref43:ord0;page106:tag10:entity44:key00651073:ref43:ord0;page112:tag9:entity44:key00651073:ref43:ord0;page118:tag10:entity44:key00651073:ref43:ord0;page124:tag9:entity44:key00651073:ref43:ord0;page130:tag10:entity44:key00651073:ref43:ord0;page136:tag9:entity44:key00651073:ref43:ord0;page142:tag9:entity44:key00651073:ref43:ord0;page148:tag9:entity44:key00651073:ref43:ord0;page154:tag10:entity44:key00651073:ref43:ord0;page160:tag9:entity44:key00651073:ref43:ord0;page166:tag9:entity44:key00651073:ref43:ord0;page172:tag10:entity44:key00651073:ref43:ord0;page178:tag9:entity44:key00651073:ref43:ord0;page184:tag9:entity44:key00651073:ref43:ord0;page190:tag9:entity44:key00651073:ref43:ord0;page196:tag9:entity44:key00651073:ref43:ord0;page202:tag9:entity44:key00651073:ref43:ord0;page208:tag9:entity44:key00651073:ref43:ord0;page214:tag9:entity44:key00651073:ref43:ord0;page220:tag11:entity44:key00651073:ref43:ord0;page226:tag9:entity44:key00651073:ref43:ord0;page232:tag10:entity44:key00651073:ref43:ord0;page238:tag9:entity44:key00651073:ref43:ord0;page244:tag9:entity44:key00651073:ref43:ord0;page250:tag11:entity44:key00651073:ref43:ord0;page256:tag9:entity44:key00651073:ref43:ord0;page262:tag8:entity44:key00651073:ref43:ord0;page268:tag9:entity44:key00651073:ref43:ord0;page274:tag9:entity44:key00651073:ref43:ord0;page280:tag10:entity44:key00651073:ref43:ord0;page286:tag10:entity44:key00651073:ref43:ord0;page292:tag10:entity44:key00651073:ref43:ord0;page298:tag10:entity44:key00651073:ref43:ord0;page304:tag9:entity44:key00651073:ref43:ord0;page310:tag10:entity44:key00651073:ref43:ord0;page316:tag9:entity44:key00651073:ref43:ord0;page322:tag8:entity44:key00651073:ref43:ord0;page328:tag9:entity44:key00651073:ref43:ord0;page334:tag11:entity44:key00651073:ref43:ord0;page340:tag11:entity44:key00651073:ref43:ord0;page346:tag8:entity44:key00651073:ref43:ord0;page352:tag9:entity44:key00651073:ref43:ord0;page358:tag8:entity44:key00651073:ref43:ord0;page364:tag10:entity44:key00651073:ref43:ord0,待て！,固まって進もう!,誰か来てくれ！,,,,NOT_CHECKED,22,,NOT_STARTED,NOT_BUILT,NOT_TESTED,JPN_PRIMARY; MLG_CN_CONTEXT_AUXILIARY,mechanical template; resource_class=SLOT_OLANG; source_objects=49,别走散！,"[""别走散！""]",Stay together!,"[""Stay together!""]",AUX_CN_ATTACHED,exact_jpn_slot_page_tag_reference_index;validated_slot_olang_map_entity_identity,master status=AUX_CN_ATTACHED; mapping method=exact_jpn_slot_page_tag_reference_index;validated_slot_olang_map_entity_identity; candidate attached as auxiliary evidence only; verify against JPN and context; auxiliary candidates only; JPN remains authoritative; verify against JPN text and context
5D140CA7,44,44,44;44;44;44;44;44;44;44;44;44;44;44;44;44;44;44;44;44;44;44;44;44;44;44;44;44;44;44;44;44;44;44;44;44;44;44;44;44;44;44;44;44;44;44;44;44;44;44;44,49,,page58:tag4:entity8:key0005DF6D:ref44:ord0;page82:tag7:entity8:key0005DF6D:ref44:ord0;page88:tag11:entity8:key0005DF6D:ref44:ord0;page94:tag11:entity8:key0005DF6D:ref44:ord0;page100:tag10:entity8:key0005DF6D:ref44:ord0;page106:tag10:entity8:key0005DF6D:ref44:ord0;page112:tag9:entity8:key0005DF6D:ref44:ord0;page118:tag10:entity8:key0005DF6D:ref44:ord0;page124:tag9:entity8:key0005DF6D:ref44:ord0;page130:tag10:entity8:key0005DF6D:ref44:ord0;page136:tag9:entity8:key0005DF6D:ref44:ord0;page142:tag9:entity8:key0005DF6D:ref44:ord0;page148:tag9:entity8:key0005DF6D:ref44:ord0;page154:tag10:entity8:key0005DF6D:ref44:ord0;page160:tag9:entity8:key0005DF6D:ref44:ord0;page166:tag9:entity8:key0005DF6D:ref44:ord0;page172:tag10:entity8:key0005DF6D:ref44:ord0;page178:tag9:entity8:key0005DF6D:ref44:ord0;page184:tag9:entity8:key0005DF6D:ref44:ord0;page190:tag9:entity8:key0005DF6D:ref44:ord0;page196:tag9:entity8:key0005DF6D:ref44:ord0;page202:tag9:entity8:key0005DF6D:ref44:ord0;page208:tag9:entity8:key0005DF6D:ref44:ord0;page214:tag9:entity8:key0005DF6D:ref44:ord0;page220:tag11:entity8:key0005DF6D:ref44:ord0;page226:tag9:entity8:key0005DF6D:ref44:ord0;page232:tag10:entity8:key0005DF6D:ref44:ord0;page238:tag9:entity8:key0005DF6D:ref44:ord0;page244:tag9:entity8:key0005DF6D:ref44:ord0;page250:tag11:entity8:key0005DF6D:ref44:ord0;page256:tag9:entity8:key0005DF6D:ref44:ord0;page262:tag8:entity8:key0005DF6D:ref44:ord0;page268:tag9:entity8:key0005DF6D:ref44:ord0;page274:tag9:entity8:key0005DF6D:ref44:ord0;page280:tag10:entity8:key0005DF6D:ref44:ord0;page286:tag10:entity8:key0005DF6D:ref44:ord0;page292:tag10:entity8:key0005DF6D:ref44:ord0;page298:tag10:entity8:key0005DF6D:ref44:ord0;page304:tag9:entity8:key0005DF6D:ref44:ord0;page310:tag10:entity8:key0005DF6D:ref44:ord0;page316:tag9:entity8:key0005DF6D:ref44:ord0;page322:tag8:entity8:key0005DF6D:ref44:ord0;page328:tag9:entity8:key0005DF6D:ref44:ord0;page334:tag11:entity8:key0005DF6D:ref44:ord0;page340:tag11:entity8:key0005DF6D:ref44:ord0;page346:tag8:entity8:key0005DF6D:ref44:ord0;page352:tag9:entity8:key0005DF6D:ref44:ord0;page358:tag8:entity8:key0005DF6D:ref44:ord0;page364:tag10:entity8:key0005DF6D:ref44:ord0,固まって進もう!,誰か来てくれ！,すまない,,,,NOT_CHECKED,21,,NOT_STARTED,NOT_BUILT,NOT_TESTED,JPN_PRIMARY; MLG_CN_CONTEXT_AUXILIARY,mechanical template; resource_class=SLOT_OLANG; source_objects=49,来人啊！,"[""来人啊！""]",Somebody!,"[""Somebody!""]",AUX_CN_ATTACHED,exact_jpn_slot_page_tag_reference_index;validated_slot_olang_map_entity_identity,master status=AUX_CN_ATTACHED; mapping method=exact_jpn_slot_page_tag_reference_index;validated_slot_olang_map_entity_identity; candidate attached as auxiliary evidence only; verify against JPN and context; auxiliary candidates only; JPN remains authoritative; verify against JPN text and context
5D140CA7,45,45,45;45;45;45;45;45;45;45;45;45;45;45;45;45;45;45;45;45;45;45;45;45;45;45;45;45;45;45;45;45;45;45;45;45;45;45;45;45;45;45;45;45;45;45;45;45;45;45;45,49,,page58:tag4:entity52:key00BF306C:ref45:ord0;page82:tag7:entity52:key00BF306C:ref45:ord0;page88:tag11:entity52:key00BF306C:ref45:ord0;page94:tag11:entity52:key00BF306C:ref45:ord0;page100:tag10:entity52:key00BF306C:ref45:ord0;page106:tag10:entity52:key00BF306C:ref45:ord0;page112:tag9:entity52:key00BF306C:ref45:ord0;page118:tag10:entity52:key00BF306C:ref45:ord0;page124:tag9:entity52:key00BF306C:ref45:ord0;page130:tag10:entity52:key00BF306C:ref45:ord0;page136:tag9:entity52:key00BF306C:ref45:ord0;page142:tag9:entity52:key00BF306C:ref45:ord0;page148:tag9:entity52:key00BF306C:ref45:ord0;page154:tag10:entity52:key00BF306C:ref45:ord0;page160:tag9:entity52:key00BF306C:ref45:ord0;page166:tag9:entity52:key00BF306C:ref45:ord0;page172:tag10:entity52:key00BF306C:ref45:ord0;page178:tag9:entity52:key00BF306C:ref45:ord0;page184:tag9:entity52:key00BF306C:ref45:ord0;page190:tag9:entity52:key00BF306C:ref45:ord0;page196:tag9:entity52:key00BF306C:ref45:ord0;page202:tag9:entity52:key00BF306C:ref45:ord0;page208:tag9:entity52:key00BF306C:ref45:ord0;page214:tag9:entity52:key00BF306C:ref45:ord0;page220:tag11:entity52:key00BF306C:ref45:ord0;page226:tag9:entity52:key00BF306C:ref45:ord0;page232:tag10:entity52:key00BF306C:ref45:ord0;page238:tag9:entity52:key00BF306C:ref45:ord0;page244:tag9:entity52:key00BF306C:ref45:ord0;page250:tag11:entity52:key00BF306C:ref45:ord0;page256:tag9:entity52:key00BF306C:ref45:ord0;page262:tag8:entity52:key00BF306C:ref45:ord0;page268:tag9:entity52:key00BF306C:ref45:ord0;page274:tag9:entity52:key00BF306C:ref45:ord0;page280:tag10:entity52:key00BF306C:ref45:ord0;page286:tag10:entity52:key00BF306C:ref45:ord0;page292:tag10:entity52:key00BF306C:ref45:ord0;page298:tag10:entity52:key00BF306C:ref45:ord0;page304:tag9:entity52:key00BF306C:ref45:ord0;page310:tag10:entity52:key00BF306C:ref45:ord0;page316:tag9:entity52:key00BF306C:ref45:ord0;page322:tag8:entity52:key00BF306C:ref45:ord0;page328:tag9:entity52:key00BF306C:ref45:ord0;page334:tag11:entity52:key00BF306C:ref45:ord0;page340:tag11:entity52:key00BF306C:ref45:ord0;page346:tag8:entity52:key00BF306C:ref45:ord0;page352:tag9:entity52:key00BF306C:ref45:ord0;page358:tag8:entity52:key00BF306C:ref45:ord0;page364:tag10:entity52:key00BF306C:ref45:ord0,誰か来てくれ！,すまない,了解,,,,NOT_CHECKED,12,,NOT_STARTED,NOT_BUILT,NOT_TESTED,JPN_PRIMARY; MLG_CN_CONTEXT_AUXILIARY,mechanical template; resource_class=SLOT_OLANG; source_objects=49,抱歉。,"[""抱歉。""]",Sorry.,"[""Sorry.""]",AUX_CN_ATTACHED,exact_jpn_slot_page_tag_reference_index;validated_slot_olang_map_entity_identity,master status=AUX_CN_ATTACHED; mapping method=exact_jpn_slot_page_tag_reference_index;validated_slot_olang_map_entity_identity; candidate attached as auxiliary evidence only; verify against JPN and context; auxiliary candidates only; JPN remains authoritative; verify against JPN text and context
5D140CA7,46,46,46;46;46;46;46;46;46;46;46;46;46;46;46;46;46;46;46;46;46;46;46;46;46;46;46;46;46;46;46;46;46;46;46;46;46;46;46;46;46;46;46;46;46;46;46;46;46;46;46,49,,page58:tag4:entity51:key00AF02C5:ref46:ord0;page82:tag7:entity51:key00AF02C5:ref46:ord0;page88:tag11:entity51:key00AF02C5:ref46:ord0;page94:tag11:entity51:key00AF02C5:ref46:ord0;page100:tag10:entity51:key00AF02C5:ref46:ord0;page106:tag10:entity51:key00AF02C5:ref46:ord0;page112:tag9:entity51:key00AF02C5:ref46:ord0;page118:tag10:entity51:key00AF02C5:ref46:ord0;page124:tag9:entity51:key00AF02C5:ref46:ord0;page130:tag10:entity51:key00AF02C5:ref46:ord0;page136:tag9:entity51:key00AF02C5:ref46:ord0;page142:tag9:entity51:key00AF02C5:ref46:ord0;page148:tag9:entity51:key00AF02C5:ref46:ord0;page154:tag10:entity51:key00AF02C5:ref46:ord0;page160:tag9:entity51:key00AF02C5:ref46:ord0;page166:tag9:entity51:key00AF02C5:ref46:ord0;page172:tag10:entity51:key00AF02C5:ref46:ord0;page178:tag9:entity51:key00AF02C5:ref46:ord0;page184:tag9:entity51:key00AF02C5:ref46:ord0;page190:tag9:entity51:key00AF02C5:ref46:ord0;page196:tag9:entity51:key00AF02C5:ref46:ord0;page202:tag9:entity51:key00AF02C5:ref46:ord0;page208:tag9:entity51:key00AF02C5:ref46:ord0;page214:tag9:entity51:key00AF02C5:ref46:ord0;page220:tag11:entity51:key00AF02C5:ref46:ord0;page226:tag9:entity51:key00AF02C5:ref46:ord0;page232:tag10:entity51:key00AF02C5:ref46:ord0;page238:tag9:entity51:key00AF02C5:ref46:ord0;page244:tag9:entity51:key00AF02C5:ref46:ord0;page250:tag11:entity51:key00AF02C5:ref46:ord0;page256:tag9:entity51:key00AF02C5:ref46:ord0;page262:tag8:entity51:key00AF02C5:ref46:ord0;page268:tag9:entity51:key00AF02C5:ref46:ord0;page274:tag9:entity51:key00AF02C5:ref46:ord0;page280:tag10:entity51:key00AF02C5:ref46:ord0;page286:tag10:entity51:key00AF02C5:ref46:ord0;page292:tag10:entity51:key00AF02C5:ref46:ord0;page298:tag10:entity51:key00AF02C5:ref46:ord0;page304:tag9:entity51:key00AF02C5:ref46:ord0;page310:tag10:entity51:key00AF02C5:ref46:ord0;page316:tag9:entity51:key00AF02C5:ref46:ord0;page322:tag8:entity51:key00AF02C5:ref46:ord0;page328:tag9:entity51:key00AF02C5:ref46:ord0;page334:tag11:entity51:key00AF02C5:ref46:ord0;page340:tag11:entity51:key00AF02C5:ref46:ord0;page346:tag8:entity51:key00AF02C5:ref46:ord0;page352:tag9:entity51:key00AF02C5:ref46:ord0;page358:tag8:entity51:key00AF02C5:ref46:ord0;page364:tag10:entity51:key00AF02C5:ref46:ord0,すまない,了解,一時撤退！,,,,NOT_CHECKED,6,,NOT_STARTED,NOT_BUILT,NOT_TESTED,JPN_PRIMARY; MLG_CN_CONTEXT_AUXILIARY,mechanical template; resource_class=SLOT_OLANG; source_objects=49,收到。,"[""收到。""]",Roger that.,"[""Roger that.""]",AUX_CN_ATTACHED,exact_jpn_slot_page_tag_reference_index;validated_slot_olang_map_entity_identity,master status=AUX_CN_ATTACHED; mapping method=exact_jpn_slot_page_tag_reference_index;validated_slot_olang_map_entity_identity; candidate attached as auxiliary evidence only; verify against JPN and context; auxiliary candidates only; JPN remains authoritative; verify against JPN text and context
5D140CA7,47,47,47;47;47;47;47;47;47;47;47;47;47;47;47;47;47;47;47;47;47;47;47;47;47;47;47;47;47;47;47;47;47;47;47;47;47;47;47;47;47;47;47;47;47;47;47;47;47;47;47,49,,page58:tag4:entity43:key005E953C:ref47:ord0;page82:tag7:entity43:key005E953C:ref47:ord0;page88:tag11:entity43:key005E953C:ref47:ord0;page94:tag11:entity43:key005E953C:ref47:ord0;page100:tag10:entity43:key005E953C:ref47:ord0;page106:tag10:entity43:key005E953C:ref47:ord0;page112:tag9:entity43:key005E953C:ref47:ord0;page118:tag10:entity43:key005E953C:ref47:ord0;page124:tag9:entity43:key005E953C:ref47:ord0;page130:tag10:entity43:key005E953C:ref47:ord0;page136:tag9:entity43:key005E953C:ref47:ord0;page142:tag9:entity43:key005E953C:ref47:ord0;page148:tag9:entity43:key005E953C:ref47:ord0;page154:tag10:entity43:key005E953C:ref47:ord0;page160:tag9:entity43:key005E953C:ref47:ord0;page166:tag9:entity43:key005E953C:ref47:ord0;page172:tag10:entity43:key005E953C:ref47:ord0;page178:tag9:entity43:key005E953C:ref47:ord0;page184:tag9:entity43:key005E953C:ref47:ord0;page190:tag9:entity43:key005E953C:ref47:ord0;page196:tag9:entity43:key005E953C:ref47:ord0;page202:tag9:entity43:key005E953C:ref47:ord0;page208:tag9:entity43:key005E953C:ref47:ord0;page214:tag9:entity43:key005E953C:ref47:ord0;page220:tag11:entity43:key005E953C:ref47:ord0;page226:tag9:entity43:key005E953C:ref47:ord0;page232:tag10:entity43:key005E953C:ref47:ord0;page238:tag9:entity43:key005E953C:ref47:ord0;page244:tag9:entity43:key005E953C:ref47:ord0;page250:tag11:entity43:key005E953C:ref47:ord0;page256:tag9:entity43:key005E953C:ref47:ord0;page262:tag8:entity43:key005E953C:ref47:ord0;page268:tag9:entity43:key005E953C:ref47:ord0;page274:tag9:entity43:key005E953C:ref47:ord0;page280:tag10:entity43:key005E953C:ref47:ord0;page286:tag10:entity43:key005E953C:ref47:ord0;page292:tag10:entity43:key005E953C:ref47:ord0;page298:tag10:entity43:key005E953C:ref47:ord0;page304:tag9:entity43:key005E953C:ref47:ord0;page310:tag10:entity43:key005E953C:ref47:ord0;page316:tag9:entity43:key005E953C:ref47:ord0;page322:tag8:entity43:key005E953C:ref47:ord0;page328:tag9:entity43:key005E953C:ref47:ord0;page334:tag11:entity43:key005E953C:ref47:ord0;page340:tag11:entity43:key005E953C:ref47:ord0;page346:tag8:entity43:key005E953C:ref47:ord0;page352:tag9:entity43:key005E953C:ref47:ord0;page358:tag8:entity43:key005E953C:ref47:ord0;page364:tag10:entity43:key005E953C:ref47:ord0,了解,一時撤退！,ごくろう！,,,,NOT_CHECKED,15,,NOT_STARTED,NOT_BUILT,NOT_TESTED,JPN_PRIMARY; MLG_CN_CONTEXT_AUXILIARY,mechanical template; resource_class=SLOT_OLANG; source_objects=49,撤退！,"[""撤退！""]",Fall back!,"[""Fall back!""]",AUX_CN_ATTACHED,exact_jpn_slot_page_tag_reference_index;validated_slot_olang_map_entity_identity,master status=AUX_CN_ATTACHED; mapping method=exact_jpn_slot_page_tag_reference_index;validated_slot_olang_map_entity_identity; candidate attached as auxiliary evidence only; verify against JPN and context; auxiliary candidates only; JPN remains authoritative; verify against JPN text and context
5D140CA7,48,48,48;48;48;48;48;48;48;48;48;48;48;48;48;48;48;48;48;48;48;48;48;48;48;48;48;48;48;48;48;48;48;48;48;48;48;48;48;48;48;48;48;48;48;48;48;48;48;48;48,49,,page58:tag4:entity57:key00F1013C:ref48:ord0;page82:tag7:entity57:key00F1013C:ref48:ord0;page88:tag11:entity57:key00F1013C:ref48:ord0;page94:tag11:entity57:key00F1013C:ref48:ord0;page100:tag10:entity57:key00F1013C:ref48:ord0;page106:tag10:entity57:key00F1013C:ref48:ord0;page112:tag9:entity57:key00F1013C:ref48:ord0;page118:tag10:entity57:key00F1013C:ref48:ord0;page124:tag9:entity57:key00F1013C:ref48:ord0;page130:tag10:entity57:key00F1013C:ref48:ord0;page136:tag9:entity57:key00F1013C:ref48:ord0;page142:tag9:entity57:key00F1013C:ref48:ord0;page148:tag9:entity57:key00F1013C:ref48:ord0;page154:tag10:entity57:key00F1013C:ref48:ord0;page160:tag9:entity57:key00F1013C:ref48:ord0;page166:tag9:entity57:key00F1013C:ref48:ord0;page172:tag10:entity57:key00F1013C:ref48:ord0;page178:tag9:entity57:key00F1013C:ref48:ord0;page184:tag9:entity57:key00F1013C:ref48:ord0;page190:tag9:entity57:key00F1013C:ref48:ord0;page196:tag9:entity57:key00F1013C:ref48:ord0;page202:tag9:entity57:key00F1013C:ref48:ord0;page208:tag9:entity57:key00F1013C:ref48:ord0;page214:tag9:entity57:key00F1013C:ref48:ord0;page220:tag11:entity57:key00F1013C:ref48:ord0;page226:tag9:entity57:key00F1013C:ref48:ord0;page232:tag10:entity57:key00F1013C:ref48:ord0;page238:tag9:entity57:key00F1013C:ref48:ord0;page244:tag9:entity57:key00F1013C:ref48:ord0;page250:tag11:entity57:key00F1013C:ref48:ord0;page256:tag9:entity57:key00F1013C:ref48:ord0;page262:tag8:entity57:key00F1013C:ref48:ord0;page268:tag9:entity57:key00F1013C:ref48:ord0;page274:tag9:entity57:key00F1013C:ref48:ord0;page280:tag10:entity57:key00F1013C:ref48:ord0;page286:tag10:entity57:key00F1013C:ref48:ord0;page292:tag10:entity57:key00F1013C:ref48:ord0;page298:tag10:entity57:key00F1013C:ref48:ord0;page304:tag9:entity57:key00F1013C:ref48:ord0;page310:tag10:entity57:key00F1013C:ref48:ord0;page316:tag9:entity57:key00F1013C:ref48:ord0;page322:tag8:entity57:key00F1013C:ref48:ord0;page328:tag9:entity57:key00F1013C:ref48:ord0;page334:tag11:entity57:key00F1013C:ref48:ord0;page340:tag11:entity57:key00F1013C:ref48:ord0;page346:tag8:entity57:key00F1013C:ref48:ord0;page352:tag9:entity57:key00F1013C:ref48:ord0;page358:tag8:entity57:key00F1013C:ref48:ord0;page364:tag10:entity57:key00F1013C:ref48:ord0,一時撤退！,ごくろう！,反対だ,,,,NOT_CHECKED,15,,NOT_STARTED,NOT_BUILT,NOT_TESTED,JPN_PRIMARY; MLG_CN_CONTEXT_AUXILIARY,mechanical template; resource_class=SLOT_OLANG; source_objects=49,干得好！,"[""干得好！""]",Good work!,"[""Good work!""]",AUX_CN_ATTACHED,exact_jpn_slot_page_tag_reference_index;validated_slot_olang_map_entity_identity,master status=AUX_CN_ATTACHED; mapping method=exact_jpn_slot_page_tag_reference_index;validated_slot_olang_map_entity_identity; candidate attached as auxiliary evidence only; verify against JPN and context; auxiliary candidates only; JPN remains authoritative; verify against JPN text and context
5D140CA7,49,49,49;49;49;49;49;49;49;49;49;49;49;49;49;49;49;49;49;49;49;49;49;49;49;49;49;49;49;49;49;49;49;49;49;49;49;49;49;49;49;49;49;49;49;49;49;49;49;49;49,49,,page58:tag4:entity40:key0024E406:ref49:ord0;page82:tag7:entity40:key0024E406:ref49:ord0;page88:tag11:entity40:key0024E406:ref49:ord0;page94:tag11:entity40:key0024E406:ref49:ord0;page100:tag10:entity40:key0024E406:ref49:ord0;page106:tag10:entity40:key0024E406:ref49:ord0;page112:tag9:entity40:key0024E406:ref49:ord0;page118:tag10:entity40:key0024E406:ref49:ord0;page124:tag9:entity40:key0024E406:ref49:ord0;page130:tag10:entity40:key0024E406:ref49:ord0;page136:tag9:entity40:key0024E406:ref49:ord0;page142:tag9:entity40:key0024E406:ref49:ord0;page148:tag9:entity40:key0024E406:ref49:ord0;page154:tag10:entity40:key0024E406:ref49:ord0;page160:tag9:entity40:key0024E406:ref49:ord0;page166:tag9:entity40:key0024E406:ref49:ord0;page172:tag10:entity40:key0024E406:ref49:ord0;page178:tag9:entity40:key0024E406:ref49:ord0;page184:tag9:entity40:key0024E406:ref49:ord0;page190:tag9:entity40:key0024E406:ref49:ord0;page196:tag9:entity40:key0024E406:ref49:ord0;page202:tag9:entity40:key0024E406:ref49:ord0;page208:tag9:entity40:key0024E406:ref49:ord0;page214:tag9:entity40:key0024E406:ref49:ord0;page220:tag11:entity40:key0024E406:ref49:ord0;page226:tag9:entity40:key0024E406:ref49:ord0;page232:tag10:entity40:key0024E406:ref49:ord0;page238:tag9:entity40:key0024E406:ref49:ord0;page244:tag9:entity40:key0024E406:ref49:ord0;page250:tag11:entity40:key0024E406:ref49:ord0;page256:tag9:entity40:key0024E406:ref49:ord0;page262:tag8:entity40:key0024E406:ref49:ord0;page268:tag9:entity40:key0024E406:ref49:ord0;page274:tag9:entity40:key0024E406:ref49:ord0;page280:tag10:entity40:key0024E406:ref49:ord0;page286:tag10:entity40:key0024E406:ref49:ord0;page292:tag10:entity40:key0024E406:ref49:ord0;page298:tag10:entity40:key0024E406:ref49:ord0;page304:tag9:entity40:key0024E406:ref49:ord0;page310:tag10:entity40:key0024E406:ref49:ord0;page316:tag9:entity40:key0024E406:ref49:ord0;page322:tag8:entity40:key0024E406:ref49:ord0;page328:tag9:entity40:key0024E406:ref49:ord0;page334:tag11:entity40:key0024E406:ref49:ord0;page340:tag11:entity40:key0024E406:ref49:ord0;page346:tag8:entity40:key0024E406:ref49:ord0;page352:tag9:entity40:key0024E406:ref49:ord0;page358:tag8:entity40:key0024E406:ref49:ord0;page364:tag10:entity40:key0024E406:ref49:ord0,ごくろう！,反対だ,隠れろ！！,,,,NOT_CHECKED,9,,NOT_STARTED,NOT_BUILT,NOT_TESTED,JPN_PRIMARY; MLG_CN_CONTEXT_AUXILIARY,mechanical template; resource_class=SLOT_OLANG; source_objects=49,不不。,"[""不不。""]",Uh uh.,"[""Uh uh.""]",AUX_CN_ATTACHED,exact_jpn_slot_page_tag_reference_index;validated_slot_olang_map_entity_identity,master status=AUX_CN_ATTACHED; mapping method=exact_jpn_slot_page_tag_reference_index;validated_slot_olang_map_entity_identity; candidate attached as auxiliary evidence only; verify against JPN and context; auxiliary candidates only; JPN remains authoritative; verify against JPN text and context
5D140CA7,50,50,50;50;50;50;50;50;50;50;50;50;50;50;50;50;50;50;50;50;50;50;50;50;50;50;50;50;50;50;50;50;50;50;50;50;50;50;50;50;50;50;50;50;50;50;50;50;50;50;50,49,,page58:tag4:entity49:key00985FB3:ref50:ord0;page82:tag7:entity49:key00985FB3:ref50:ord0;page88:tag11:entity49:key00985FB3:ref50:ord0;page94:tag11:entity49:key00985FB3:ref50:ord0;page100:tag10:entity49:key00985FB3:ref50:ord0;page106:tag10:entity49:key00985FB3:ref50:ord0;page112:tag9:entity49:key00985FB3:ref50:ord0;page118:tag10:entity49:key00985FB3:ref50:ord0;page124:tag9:entity49:key00985FB3:ref50:ord0;page130:tag10:entity49:key00985FB3:ref50:ord0;page136:tag9:entity49:key00985FB3:ref50:ord0;page142:tag9:entity49:key00985FB3:ref50:ord0;page148:tag9:entity49:key00985FB3:ref50:ord0;page154:tag10:entity49:key00985FB3:ref50:ord0;page160:tag9:entity49:key00985FB3:ref50:ord0;page166:tag9:entity49:key00985FB3:ref50:ord0;page172:tag10:entity49:key00985FB3:ref50:ord0;page178:tag9:entity49:key00985FB3:ref50:ord0;page184:tag9:entity49:key00985FB3:ref50:ord0;page190:tag9:entity49:key00985FB3:ref50:ord0;page196:tag9:entity49:key00985FB3:ref50:ord0;page202:tag9:entity49:key00985FB3:ref50:ord0;page208:tag9:entity49:key00985FB3:ref50:ord0;page214:tag9:entity49:key00985FB3:ref50:ord0;page220:tag11:entity49:key00985FB3:ref50:ord0;page226:tag9:entity49:key00985FB3:ref50:ord0;page232:tag10:entity49:key00985FB3:ref50:ord0;page238:tag9:entity49:key00985FB3:ref50:ord0;page244:tag9:entity49:key00985FB3:ref50:ord0;page250:tag11:entity49:key00985FB3:ref50:ord0;page256:tag9:entity49:key00985FB3:ref50:ord0;page262:tag8:entity49:key00985FB3:ref50:ord0;page268:tag9:entity49:key00985FB3:ref50:ord0;page274:tag9:entity49:key00985FB3:ref50:ord0;page280:tag10:entity49:key00985FB3:ref50:ord0;page286:tag10:entity49:key00985FB3:ref50:ord0;page292:tag10:entity49:key00985FB3:ref50:ord0;page298:tag10:entity49:key00985FB3:ref50:ord0;page304:tag9:entity49:key00985FB3:ref50:ord0;page310:tag10:entity49:key00985FB3:ref50:ord0;page316:tag9:entity49:key00985FB3:ref50:ord0;page322:tag8:entity49:key00985FB3:ref50:ord0;page328:tag9:entity49:key00985FB3:ref50:ord0;page334:tag11:entity49:key00985FB3:ref50:ord0;page340:tag11:entity49:key00985FB3:ref50:ord0;page346:tag8:entity49:key00985FB3:ref50:ord0;page352:tag9:entity49:key00985FB3:ref50:ord0;page358:tag8:entity49:key00985FB3:ref50:ord0;page364:tag10:entity49:key00985FB3:ref50:ord0,反対だ,隠れろ！！,幸運を,,,,NOT_CHECKED,15,,NOT_STARTED,NOT_BUILT,NOT_TESTED,JPN_PRIMARY; MLG_CN_CONTEXT_AUXILIARY,mechanical template; resource_class=SLOT_OLANG; source_objects=49,隐蔽！,"[""隐蔽！""]",Take cover!,"[""Take cover!""]",AUX_CN_ATTACHED,exact_jpn_slot_page_tag_reference_index;validated_slot_olang_map_entity_identity,master status=AUX_CN_ATTACHED; mapping method=exact_jpn_slot_page_tag_reference_index;validated_slot_olang_map_entity_identity; candidate attached as auxiliary evidence only; verify against JPN and context; auxiliary candidates only; JPN remains authoritative; verify against JPN text and context
5D140CA7,51,51,51;51;51;51;51;51;51;51;51;51;51;51;51;51;51;51;51;51;51;51;51;51;51;51;51;51;51;51;51;51;51;51;51;51;51;51;51;51;51;51;51;51;51;51;51;51;51;51;51,49,,page58:tag4:entity42:key0050DC3C:ref51:ord0;page82:tag7:entity42:key0050DC3C:ref51:ord0;page88:tag11:entity42:key0050DC3C:ref51:ord0;page94:tag11:entity42:key0050DC3C:ref51:ord0;page100:tag10:entity42:key0050DC3C:ref51:ord0;page106:tag10:entity42:key0050DC3C:ref51:ord0;page112:tag9:entity42:key0050DC3C:ref51:ord0;page118:tag10:entity42:key0050DC3C:ref51:ord0;page124:tag9:entity42:key0050DC3C:ref51:ord0;page130:tag10:entity42:key0050DC3C:ref51:ord0;page136:tag9:entity42:key0050DC3C:ref51:ord0;page142:tag9:entity42:key0050DC3C:ref51:ord0;page148:tag9:entity42:key0050DC3C:ref51:ord0;page154:tag10:entity42:key0050DC3C:ref51:ord0;page160:tag9:entity42:key0050DC3C:ref51:ord0;page166:tag9:entity42:key0050DC3C:ref51:ord0;page172:tag10:entity42:key0050DC3C:ref51:ord0;page178:tag9:entity42:key0050DC3C:ref51:ord0;page184:tag9:entity42:key0050DC3C:ref51:ord0;page190:tag9:entity42:key0050DC3C:ref51:ord0;page196:tag9:entity42:key0050DC3C:ref51:ord0;page202:tag9:entity42:key0050DC3C:ref51:ord0;page208:tag9:entity42:key0050DC3C:ref51:ord0;page214:tag9:entity42:key0050DC3C:ref51:ord0;page220:tag11:entity42:key0050DC3C:ref51:ord0;page226:tag9:entity42:key0050DC3C:ref51:ord0;page232:tag10:entity42:key0050DC3C:ref51:ord0;page238:tag9:entity42:key0050DC3C:ref51:ord0;page244:tag9:entity42:key0050DC3C:ref51:ord0;page250:tag11:entity42:key0050DC3C:ref51:ord0;page256:tag9:entity42:key0050DC3C:ref51:ord0;page262:tag8:entity42:key0050DC3C:ref51:ord0;page268:tag9:entity42:key0050DC3C:ref51:ord0;page274:tag9:entity42:key0050DC3C:ref51:ord0;page280:tag10:entity42:key0050DC3C:ref51:ord0;page286:tag10:entity42:key0050DC3C:ref51:ord0;page292:tag10:entity42:key0050DC3C:ref51:ord0;page298:tag10:entity42:key0050DC3C:ref51:ord0;page304:tag9:entity42:key0050DC3C:ref51:ord0;page310:tag10:entity42:key0050DC3C:ref51:ord0;page316:tag9:entity42:key0050DC3C:ref51:ord0;page322:tag8:entity42:key0050DC3C:ref51:ord0;page328:tag9:entity42:key0050DC3C:ref51:ord0;page334:tag11:entity42:key0050DC3C:ref51:ord0;page340:tag11:entity42:key0050DC3C:ref51:ord0;page346:tag8:entity42:key0050DC3C:ref51:ord0;page352:tag9:entity42:key0050DC3C:ref51:ord0;page358:tag8:entity42:key0050DC3C:ref51:ord0;page364:tag10:entity42:key0050DC3C:ref51:ord0,隠れろ！！,幸運を,すごいな,,,,NOT_CHECKED,9,,NOT_STARTED,NOT_BUILT,NOT_TESTED,JPN_PRIMARY; MLG_CN_CONTEXT_AUXILIARY,mechanical template; resource_class=SLOT_OLANG; source_objects=49,别死啊。,"[""别死啊。""]",Don't die on me.,"[""Don't die on me.""]",AUX_CN_ATTACHED,exact_jpn_slot_page_tag_reference_index;validated_slot_olang_map_entity_identity,master status=AUX_CN_ATTACHED; mapping method=exact_jpn_slot_page_tag_reference_index;validated_slot_olang_map_entity_identity; candidate attached as auxiliary evidence only; verify against JPN and context; auxiliary candidates only; JPN remains authoritative; verify against JPN text and context
5D140CA7,52,52,52;52;52;52;52;52;52;52;52;52;52;52;52;52;52;52;52;52;52;52;52;52;52;52;52;52;52;52;52;52;52;52;52;52;52;52;52;52;52;52;52;52;52;52;52;52;52;52;52,49,,page58:tag4:entity47:key008A7E1E:ref52:ord0;page82:tag7:entity47:key008A7E1E:ref52:ord0;page88:tag11:entity47:key008A7E1E:ref52:ord0;page94:tag11:entity47:key008A7E1E:ref52:ord0;page100:tag10:entity47:key008A7E1E:ref52:ord0;page106:tag10:entity47:key008A7E1E:ref52:ord0;page112:tag9:entity47:key008A7E1E:ref52:ord0;page118:tag10:entity47:key008A7E1E:ref52:ord0;page124:tag9:entity47:key008A7E1E:ref52:ord0;page130:tag10:entity47:key008A7E1E:ref52:ord0;page136:tag9:entity47:key008A7E1E:ref52:ord0;page142:tag9:entity47:key008A7E1E:ref52:ord0;page148:tag9:entity47:key008A7E1E:ref52:ord0;page154:tag10:entity47:key008A7E1E:ref52:ord0;page160:tag9:entity47:key008A7E1E:ref52:ord0;page166:tag9:entity47:key008A7E1E:ref52:ord0;page172:tag10:entity47:key008A7E1E:ref52:ord0;page178:tag9:entity47:key008A7E1E:ref52:ord0;page184:tag9:entity47:key008A7E1E:ref52:ord0;page190:tag9:entity47:key008A7E1E:ref52:ord0;page196:tag9:entity47:key008A7E1E:ref52:ord0;page202:tag9:entity47:key008A7E1E:ref52:ord0;page208:tag9:entity47:key008A7E1E:ref52:ord0;page214:tag9:entity47:key008A7E1E:ref52:ord0;page220:tag11:entity47:key008A7E1E:ref52:ord0;page226:tag9:entity47:key008A7E1E:ref52:ord0;page232:tag10:entity47:key008A7E1E:ref52:ord0;page238:tag9:entity47:key008A7E1E:ref52:ord0;page244:tag9:entity47:key008A7E1E:ref52:ord0;page250:tag11:entity47:key008A7E1E:ref52:ord0;page256:tag9:entity47:key008A7E1E:ref52:ord0;page262:tag8:entity47:key008A7E1E:ref52:ord0;page268:tag9:entity47:key008A7E1E:ref52:ord0;page274:tag9:entity47:key008A7E1E:ref52:ord0;page280:tag10:entity47:key008A7E1E:ref52:ord0;page286:tag10:entity47:key008A7E1E:ref52:ord0;page292:tag10:entity47:key008A7E1E:ref52:ord0;page298:tag10:entity47:key008A7E1E:ref52:ord0;page304:tag9:entity47:key008A7E1E:ref52:ord0;page310:tag10:entity47:key008A7E1E:ref52:ord0;page316:tag9:entity47:key008A7E1E:ref52:ord0;page322:tag8:entity47:key008A7E1E:ref52:ord0;page328:tag9:entity47:key008A7E1E:ref52:ord0;page334:tag11:entity47:key008A7E1E:ref52:ord0;page340:tag11:entity47:key008A7E1E:ref52:ord0;page346:tag8:entity47:key008A7E1E:ref52:ord0;page352:tag9:entity47:key008A7E1E:ref52:ord0;page358:tag8:entity47:key008A7E1E:ref52:ord0;page364:tag10:entity47:key008A7E1E:ref52:ord0,幸運を,すごいな,ゴーゴーゴー！,,,,NOT_CHECKED,12,,NOT_STARTED,NOT_BUILT,NOT_TESTED,JPN_PRIMARY; MLG_CN_CONTEXT_AUXILIARY,mechanical template; resource_class=SLOT_OLANG; source_objects=49,太棒了！,"[""太棒了！""]",Awesome!,"[""Awesome!""]",AUX_CN_ATTACHED,exact_jpn_slot_page_tag_reference_index;validated_slot_olang_map_entity_identity,master status=AUX_CN_ATTACHED; mapping method=exact_jpn_slot_page_tag_reference_index;validated_slot_olang_map_entity_identity; candidate attached as auxiliary evidence only; verify against JPN and context; auxiliary candidates only; JPN remains authoritative; verify against JPN text and context
5D140CA7,53,53,53;53;53;53;53;53;53;53;53;53;53;53;53;53;53;53;53;53;53;53;53;53;53;53;53;53;53;53;53;53;53;53;53;53;53;53;53;53;53;53;53;53;53;53;53;53;53;53;53,49,,page58:tag4:entity48:key0097F81D:ref53:ord0;page82:tag7:entity48:key0097F81D:ref53:ord0;page88:tag11:entity48:key0097F81D:ref53:ord0;page94:tag11:entity48:key0097F81D:ref53:ord0;page100:tag10:entity48:key0097F81D:ref53:ord0;page106:tag10:entity48:key0097F81D:ref53:ord0;page112:tag9:entity48:key0097F81D:ref53:ord0;page118:tag10:entity48:key0097F81D:ref53:ord0;page124:tag9:entity48:key0097F81D:ref53:ord0;page130:tag10:entity48:key0097F81D:ref53:ord0;page136:tag9:entity48:key0097F81D:ref53:ord0;page142:tag9:entity48:key0097F81D:ref53:ord0;page148:tag9:entity48:key0097F81D:ref53:ord0;page154:tag10:entity48:key0097F81D:ref53:ord0;page160:tag9:entity48:key0097F81D:ref53:ord0;page166:tag9:entity48:key0097F81D:ref53:ord0;page172:tag10:entity48:key0097F81D:ref53:ord0;page178:tag9:entity48:key0097F81D:ref53:ord0;page184:tag9:entity48:key0097F81D:ref53:ord0;page190:tag9:entity48:key0097F81D:ref53:ord0;page196:tag9:entity48:key0097F81D:ref53:ord0;page202:tag9:entity48:key0097F81D:ref53:ord0;page208:tag9:entity48:key0097F81D:ref53:ord0;page214:tag9:entity48:key0097F81D:ref53:ord0;page220:tag11:entity48:key0097F81D:ref53:ord0;page226:tag9:entity48:key0097F81D:ref53:ord0;page232:tag10:entity48:key0097F81D:ref53:ord0;page238:tag9:entity48:key0097F81D:ref53:ord0;page244:tag9:entity48:key0097F81D:ref53:ord0;page250:tag11:entity48:key0097F81D:ref53:ord0;page256:tag9:entity48:key0097F81D:ref53:ord0;page262:tag8:entity48:key0097F81D:ref53:ord0;page268:tag9:entity48:key0097F81D:ref53:ord0;page274:tag9:entity48:key0097F81D:ref53:ord0;page280:tag10:entity48:key0097F81D:ref53:ord0;page286:tag10:entity48:key0097F81D:ref53:ord0;page292:tag10:entity48:key0097F81D:ref53:ord0;page298:tag10:entity48:key0097F81D:ref53:ord0;page304:tag9:entity48:key0097F81D:ref53:ord0;page310:tag10:entity48:key0097F81D:ref53:ord0;page316:tag9:entity48:key0097F81D:ref53:ord0;page322:tag8:entity48:key0097F81D:ref53:ord0;page328:tag9:entity48:key0097F81D:ref53:ord0;page334:tag11:entity48:key0097F81D:ref53:ord0;page340:tag11:entity48:key0097F81D:ref53:ord0;page346:tag8:entity48:key0097F81D:ref53:ord0;page352:tag9:entity48:key0097F81D:ref53:ord0;page358:tag8:entity48:key0097F81D:ref53:ord0;page364:tag10:entity48:key0097F81D:ref53:ord0,すごいな,ゴーゴーゴー！,ついて来い！,,,,NOT_CHECKED,21,,NOT_STARTED,NOT_BUILT,NOT_TESTED,JPN_PRIMARY; MLG_CN_CONTEXT_AUXILIARY,mechanical template; resource_class=SLOT_OLANG; source_objects=49,上！上！上！,"[""上！上！上！""]",Go! Go! Go!,"[""Go! Go! Go!""]",AUX_CN_ATTACHED,exact_jpn_slot_page_tag_reference_index;validated_slot_olang_map_entity_identity,master status=AUX_CN_ATTACHED; mapping method=exact_jpn_slot_page_tag_reference_index;validated_slot_olang_map_entity_identity; candidate attached as auxiliary evidence only; verify against JPN and context; auxiliary candidates only; JPN remains authoritative; verify against JPN text and context
5D140CA7,54,54,54;54;54;54;54;54;54;54;54;54;54;54;54;54;54;54;54;54;54;54;54;54;54;54;54;54;54;54;54;54;54;54;54;54;54;54;54;54;54;54;54;54;54;54;54;54;54;54;54,49,,page58:tag4:entity54:key00D25D70:ref54:ord0;page82:tag7:entity54:key00D25D70:ref54:ord0;page88:tag11:entity54:key00D25D70:ref54:ord0;page94:tag11:entity54:key00D25D70:ref54:ord0;page100:tag10:entity54:key00D25D70:ref54:ord0;page106:tag10:entity54:key00D25D70:ref54:ord0;page112:tag9:entity54:key00D25D70:ref54:ord0;page118:tag10:entity54:key00D25D70:ref54:ord0;page124:tag9:entity54:key00D25D70:ref54:ord0;page130:tag10:entity54:key00D25D70:ref54:ord0;page136:tag9:entity54:key00D25D70:ref54:ord0;page142:tag9:entity54:key00D25D70:ref54:ord0;page148:tag9:entity54:key00D25D70:ref54:ord0;page154:tag10:entity54:key00D25D70:ref54:ord0;page160:tag9:entity54:key00D25D70:ref54:ord0;page166:tag9:entity54:key00D25D70:ref54:ord0;page172:tag10:entity54:key00D25D70:ref54:ord0;page178:tag9:entity54:key00D25D70:ref54:ord0;page184:tag9:entity54:key00D25D70:ref54:ord0;page190:tag9:entity54:key00D25D70:ref54:ord0;page196:tag9:entity54:key00D25D70:ref54:ord0;page202:tag9:entity54:key00D25D70:ref54:ord0;page208:tag9:entity54:key00D25D70:ref54:ord0;page214:tag9:entity54:key00D25D70:ref54:ord0;page220:tag11:entity54:key00D25D70:ref54:ord0;page226:tag9:entity54:key00D25D70:ref54:ord0;page232:tag10:entity54:key00D25D70:ref54:ord0;page238:tag9:entity54:key00D25D70:ref54:ord0;page244:tag9:entity54:key00D25D70:ref54:ord0;page250:tag11:entity54:key00D25D70:ref54:ord0;page256:tag9:entity54:key00D25D70:ref54:ord0;page262:tag8:entity54:key00D25D70:ref54:ord0;page268:tag9:entity54:key00D25D70:ref54:ord0;page274:tag9:entity54:key00D25D70:ref54:ord0;page280:tag10:entity54:key00D25D70:ref54:ord0;page286:tag10:entity54:key00D25D70:ref54:ord0;page292:tag10:entity54:key00D25D70:ref54:ord0;page298:tag10:entity54:key00D25D70:ref54:ord0;page304:tag9:entity54:key00D25D70:ref54:ord0;page310:tag10:entity54:key00D25D70:ref54:ord0;page316:tag9:entity54:key00D25D70:ref54:ord0;page322:tag8:entity54:key00D25D70:ref54:ord0;page328:tag9:entity54:key00D25D70:ref54:ord0;page334:tag11:entity54:key00D25D70:ref54:ord0;page340:tag11:entity54:key00D25D70:ref54:ord0;page346:tag8:entity54:key00D25D70:ref54:ord0;page352:tag9:entity54:key00D25D70:ref54:ord0;page358:tag8:entity54:key00D25D70:ref54:ord0;page364:tag10:entity54:key00D25D70:ref54:ord0,ゴーゴーゴー！,ついて来い！,敵がいるぞ！！,,,,NOT_CHECKED,18,,NOT_STARTED,NOT_BUILT,NOT_TESTED,JPN_PRIMARY; MLG_CN_CONTEXT_AUXILIARY,mechanical template; resource_class=SLOT_OLANG; source_objects=49,跟我来！,"[""跟我来！""]",Follow me!,"[""Follow me!""]",AUX_CN_ATTACHED,exact_jpn_slot_page_tag_reference_index;validated_slot_olang_map_entity_identity,master status=AUX_CN_ATTACHED; mapping method=exact_jpn_slot_page_tag_reference_index;validated_slot_olang_map_entity_identity; candidate attached as auxiliary evidence only; verify against JPN and context; auxiliary candidates only; JPN remains authoritative; verify against JPN text and context
5D140CA7,55,55,55;55;55;55;55;55;55;55;55;55;55;55;55;55;55;55;55;55;55;55;55;55;55;55;55;55;55;55;55;55;55;55;55;55;55;55;55;55;55;55;55;55;55;55;55;55;55;55;55,49,,page58:tag4:entity55:key00DE7BCB:ref55:ord0;page82:tag7:entity55:key00DE7BCB:ref55:ord0;page88:tag11:entity55:key00DE7BCB:ref55:ord0;page94:tag11:entity55:key00DE7BCB:ref55:ord0;page100:tag10:entity55:key00DE7BCB:ref55:ord0;page106:tag10:entity55:key00DE7BCB:ref55:ord0;page112:tag9:entity55:key00DE7BCB:ref55:ord0;page118:tag10:entity55:key00DE7BCB:ref55:ord0;page124:tag9:entity55:key00DE7BCB:ref55:ord0;page130:tag10:entity55:key00DE7BCB:ref55:ord0;page136:tag9:entity55:key00DE7BCB:ref55:ord0;page142:tag9:entity55:key00DE7BCB:ref55:ord0;page148:tag9:entity55:key00DE7BCB:ref55:ord0;page154:tag10:entity55:key00DE7BCB:ref55:ord0;page160:tag9:entity55:key00DE7BCB:ref55:ord0;page166:tag9:entity55:key00DE7BCB:ref55:ord0;page172:tag10:entity55:key00DE7BCB:ref55:ord0;page178:tag9:entity55:key00DE7BCB:ref55:ord0;page184:tag9:entity55:key00DE7BCB:ref55:ord0;page190:tag9:entity55:key00DE7BCB:ref55:ord0;page196:tag9:entity55:key00DE7BCB:ref55:ord0;page202:tag9:entity55:key00DE7BCB:ref55:ord0;page208:tag9:entity55:key00DE7BCB:ref55:ord0;page214:tag9:entity55:key00DE7BCB:ref55:ord0;page220:tag11:entity55:key00DE7BCB:ref55:ord0;page226:tag9:entity55:key00DE7BCB:ref55:ord0;page232:tag10:entity55:key00DE7BCB:ref55:ord0;page238:tag9:entity55:key00DE7BCB:ref55:ord0;page244:tag9:entity55:key00DE7BCB:ref55:ord0;page250:tag11:entity55:key00DE7BCB:ref55:ord0;page256:tag9:entity55:key00DE7BCB:ref55:ord0;page262:tag8:entity55:key00DE7BCB:ref55:ord0;page268:tag9:entity55:key00DE7BCB:ref55:ord0;page274:tag9:entity55:key00DE7BCB:ref55:ord0;page280:tag10:entity55:key00DE7BCB:ref55:ord0;page286:tag10:entity55:key00DE7BCB:ref55:ord0;page292:tag10:entity55:key00DE7BCB:ref55:ord0;page298:tag10:entity55:key00DE7BCB:ref55:ord0;page304:tag9:entity55:key00DE7BCB:ref55:ord0;page310:tag10:entity55:key00DE7BCB:ref55:ord0;page316:tag9:entity55:key00DE7BCB:ref55:ord0;page322:tag8:entity55:key00DE7BCB:ref55:ord0;page328:tag9:entity55:key00DE7BCB:ref55:ord0;page334:tag11:entity55:key00DE7BCB:ref55:ord0;page340:tag11:entity55:key00DE7BCB:ref55:ord0;page346:tag8:entity55:key00DE7BCB:ref55:ord0;page352:tag9:entity55:key00DE7BCB:ref55:ord0;page358:tag8:entity55:key00DE7BCB:ref55:ord0;page364:tag10:entity55:key00DE7BCB:ref55:ord0,ついて来い！,敵がいるぞ！！,カバー！,,,,NOT_CHECKED,21,,NOT_STARTED,NOT_BUILT,NOT_TESTED,JPN_PRIMARY; MLG_CN_CONTEXT_AUXILIARY,mechanical template; resource_class=SLOT_OLANG; source_objects=49,敌人在这里！,"[""敌人在这里！""]",The enemy's here!,"[""The enemy's here!""]",AUX_CN_ATTACHED,exact_jpn_slot_page_tag_reference_index;validated_slot_olang_map_entity_identity,master status=AUX_CN_ATTACHED; mapping method=exact_jpn_slot_page_tag_reference_index;validated_slot_olang_map_entity_identity; candidate attached as auxiliary evidence only; verify against JPN and context; auxiliary candidates only; JPN remains authoritative; verify against JPN text and context
5D140CA7,56,56,56;56;56;56;56;56;56;56;56;56;56;56;56;56;56;56;56;56;56;56;56;56;56;56;56;56;56;56;56;56;56;56;56;56;56;56;56;56;56;56;56;56;56;56;56;56;56;56;56,49,,page58:tag4:entity53:key00BF3EC4:ref56:ord0;page82:tag7:entity53:key00BF3EC4:ref56:ord0;page88:tag11:entity53:key00BF3EC4:ref56:ord0;page94:tag11:entity53:key00BF3EC4:ref56:ord0;page100:tag10:entity53:key00BF3EC4:ref56:ord0;page106:tag10:entity53:key00BF3EC4:ref56:ord0;page112:tag9:entity53:key00BF3EC4:ref56:ord0;page118:tag10:entity53:key00BF3EC4:ref56:ord0;page124:tag9:entity53:key00BF3EC4:ref56:ord0;page130:tag10:entity53:key00BF3EC4:ref56:ord0;page136:tag9:entity53:key00BF3EC4:ref56:ord0;page142:tag9:entity53:key00BF3EC4:ref56:ord0;page148:tag9:entity53:key00BF3EC4:ref56:ord0;page154:tag10:entity53:key00BF3EC4:ref56:ord0;page160:tag9:entity53:key00BF3EC4:ref56:ord0;page166:tag9:entity53:key00BF3EC4:ref56:ord0;page172:tag10:entity53:key00BF3EC4:ref56:ord0;page178:tag9:entity53:key00BF3EC4:ref56:ord0;page184:tag9:entity53:key00BF3EC4:ref56:ord0;page190:tag9:entity53:key00BF3EC4:ref56:ord0;page196:tag9:entity53:key00BF3EC4:ref56:ord0;page202:tag9:entity53:key00BF3EC4:ref56:ord0;page208:tag9:entity53:key00BF3EC4:ref56:ord0;page214:tag9:entity53:key00BF3EC4:ref56:ord0;page220:tag11:entity53:key00BF3EC4:ref56:ord0;page226:tag9:entity53:key00BF3EC4:ref56:ord0;page232:tag10:entity53:key00BF3EC4:ref56:ord0;page238:tag9:entity53:key00BF3EC4:ref56:ord0;page244:tag9:entity53:key00BF3EC4:ref56:ord0;page250:tag11:entity53:key00BF3EC4:ref56:ord0;page256:tag9:entity53:key00BF3EC4:ref56:ord0;page262:tag8:entity53:key00BF3EC4:ref56:ord0;page268:tag9:entity53:key00BF3EC4:ref56:ord0;page274:tag9:entity53:key00BF3EC4:ref56:ord0;page280:tag10:entity53:key00BF3EC4:ref56:ord0;page286:tag10:entity53:key00BF3EC4:ref56:ord0;page292:tag10:entity53:key00BF3EC4:ref56:ord0;page298:tag10:entity53:key00BF3EC4:ref56:ord0;page304:tag9:entity53:key00BF3EC4:ref56:ord0;page310:tag10:entity53:key00BF3EC4:ref56:ord0;page316:tag9:entity53:key00BF3EC4:ref56:ord0;page322:tag8:entity53:key00BF3EC4:ref56:ord0;page328:tag9:entity53:key00BF3EC4:ref56:ord0;page334:tag11:entity53:key00BF3EC4:ref56:ord0;page340:tag11:entity53:key00BF3EC4:ref56:ord0;page346:tag8:entity53:key00BF3EC4:ref56:ord0;page352:tag9:entity53:key00BF3EC4:ref56:ord0;page358:tag8:entity53:key00BF3EC4:ref56:ord0;page364:tag10:entity53:key00BF3EC4:ref56:ord0,敵がいるぞ！！,カバー！,頼んだ,,,,NOT_CHECKED,12,,NOT_STARTED,NOT_BUILT,NOT_TESTED,JPN_PRIMARY; MLG_CN_CONTEXT_AUXILIARY,mechanical template; resource_class=SLOT_OLANG; source_objects=49,掩护！,"[""掩护！""]",Cover!,"[""Cover!""]",AUX_CN_ATTACHED,exact_jpn_slot_page_tag_reference_index;validated_slot_olang_map_entity_identity,master status=AUX_CN_ATTACHED; mapping method=exact_jpn_slot_page_tag_reference_index;validated_slot_olang_map_entity_identity; candidate attached as auxiliary evidence only; verify against JPN and context; auxiliary candidates only; JPN remains authoritative; verify against JPN text and context
5D140CA7,57,57,57;57;57;57;57;57;57;57;57;57;57;57;57;57;57;57;57;57;57;57;57;57;57;57;57;57;57;57;57;57;57;57;57;57;57;57;57;57;57;57;57;57;57;57;57;57;57;57;57,49,,page58:tag4:entity56:key00E35885:ref57:ord0;page82:tag7:entity56:key00E35885:ref57:ord0;page88:tag11:entity56:key00E35885:ref57:ord0;page94:tag11:entity56:key00E35885:ref57:ord0;page100:tag10:entity56:key00E35885:ref57:ord0;page106:tag10:entity56:key00E35885:ref57:ord0;page112:tag9:entity56:key00E35885:ref57:ord0;page118:tag10:entity56:key00E35885:ref57:ord0;page124:tag9:entity56:key00E35885:ref57:ord0;page130:tag10:entity56:key00E35885:ref57:ord0;page136:tag9:entity56:key00E35885:ref57:ord0;page142:tag9:entity56:key00E35885:ref57:ord0;page148:tag9:entity56:key00E35885:ref57:ord0;page154:tag10:entity56:key00E35885:ref57:ord0;page160:tag9:entity56:key00E35885:ref57:ord0;page166:tag9:entity56:key00E35885:ref57:ord0;page172:tag10:entity56:key00E35885:ref57:ord0;page178:tag9:entity56:key00E35885:ref57:ord0;page184:tag9:entity56:key00E35885:ref57:ord0;page190:tag9:entity56:key00E35885:ref57:ord0;page196:tag9:entity56:key00E35885:ref57:ord0;page202:tag9:entity56:key00E35885:ref57:ord0;page208:tag9:entity56:key00E35885:ref57:ord0;page214:tag9:entity56:key00E35885:ref57:ord0;page220:tag11:entity56:key00E35885:ref57:ord0;page226:tag9:entity56:key00E35885:ref57:ord0;page232:tag10:entity56:key00E35885:ref57:ord0;page238:tag9:entity56:key00E35885:ref57:ord0;page244:tag9:entity56:key00E35885:ref57:ord0;page250:tag11:entity56:key00E35885:ref57:ord0;page256:tag9:entity56:key00E35885:ref57:ord0;page262:tag8:entity56:key00E35885:ref57:ord0;page268:tag9:entity56:key00E35885:ref57:ord0;page274:tag9:entity56:key00E35885:ref57:ord0;page280:tag10:entity56:key00E35885:ref57:ord0;page286:tag10:entity56:key00E35885:ref57:ord0;page292:tag10:entity56:key00E35885:ref57:ord0;page298:tag10:entity56:key00E35885:ref57:ord0;page304:tag9:entity56:key00E35885:ref57:ord0;page310:tag10:entity56:key00E35885:ref57:ord0;page316:tag9:entity56:key00E35885:ref57:ord0;page322:tag8:entity56:key00E35885:ref57:ord0;page328:tag9:entity56:key00E35885:ref57:ord0;page334:tag11:entity56:key00E35885:ref57:ord0;page340:tag11:entity56:key00E35885:ref57:ord0;page346:tag8:entity56:key00E35885:ref57:ord0;page352:tag9:entity56:key00E35885:ref57:ord0;page358:tag8:entity56:key00E35885:ref57:ord0;page364:tag10:entity56:key00E35885:ref57:ord0,カバー！,頼んだ,WALK,,,,NOT_CHECKED,9,,NOT_STARTED,NOT_BUILT,NOT_TESTED,JPN_PRIMARY; MLG_CN_CONTEXT_AUXILIARY,mechanical template; resource_class=SLOT_OLANG; source_objects=49,就指望你了。,"[""就指望你了。""]",I'm counting on you.,"[""I'm counting on you.""]",AUX_CN_ATTACHED,exact_jpn_slot_page_tag_reference_index;validated_slot_olang_map_entity_identity,master status=AUX_CN_ATTACHED; mapping method=exact_jpn_slot_page_tag_reference_index;validated_slot_olang_map_entity_identity; candidate attached as auxiliary evidence only; verify against JPN and context; auxiliary candidates only; JPN remains authoritative; verify against JPN text and context
5D140CA7,58,58,58;58;58;58;58;58;58;58;58;58;58;58;58;58;58;58;58;58;58;58;58;58;58;58;58;58;58;58;58;58;58;58;58;58;58;58;58;58;58;58;58;58;58;58;58;58;58;58;58,49,,page58:tag4:entity62:key0056553A:ref58:ord0;page82:tag7:entity62:key0056553A:ref58:ord0;page88:tag11:entity62:key0056553A:ref58:ord0;page94:tag11:entity62:key0056553A:ref58:ord0;page100:tag10:entity62:key0056553A:ref58:ord0;page106:tag10:entity62:key0056553A:ref58:ord0;page112:tag9:entity62:key0056553A:ref58:ord0;page118:tag10:entity62:key0056553A:ref58:ord0;page124:tag9:entity62:key0056553A:ref58:ord0;page130:tag10:entity62:key0056553A:ref58:ord0;page136:tag9:entity62:key0056553A:ref58:ord0;page142:tag9:entity62:key0056553A:ref58:ord0;page148:tag9:entity62:key0056553A:ref58:ord0;page154:tag10:entity62:key0056553A:ref58:ord0;page160:tag9:entity62:key0056553A:ref58:ord0;page166:tag9:entity62:key0056553A:ref58:ord0;page172:tag10:entity62:key0056553A:ref58:ord0;page178:tag9:entity62:key0056553A:ref58:ord0;page184:tag9:entity62:key0056553A:ref58:ord0;page190:tag9:entity62:key0056553A:ref58:ord0;page196:tag9:entity62:key0056553A:ref58:ord0;page202:tag9:entity62:key0056553A:ref58:ord0;page208:tag9:entity62:key0056553A:ref58:ord0;page214:tag9:entity62:key0056553A:ref58:ord0;page220:tag11:entity62:key0056553A:ref58:ord0;page226:tag9:entity62:key0056553A:ref58:ord0;page232:tag10:entity62:key0056553A:ref58:ord0;page238:tag9:entity62:key0056553A:ref58:ord0;page244:tag9:entity62:key0056553A:ref58:ord0;page250:tag11:entity62:key0056553A:ref58:ord0;page256:tag9:entity62:key0056553A:ref58:ord0;page262:tag8:entity62:key0056553A:ref58:ord0;page268:tag9:entity62:key0056553A:ref58:ord0;page274:tag9:entity62:key0056553A:ref58:ord0;page280:tag10:entity62:key0056553A:ref58:ord0;page286:tag10:entity62:key0056553A:ref58:ord0;page292:tag10:entity62:key0056553A:ref58:ord0;page298:tag10:entity62:key0056553A:ref58:ord0;page304:tag9:entity62:key0056553A:ref58:ord0;page310:tag10:entity62:key0056553A:ref58:ord0;page316:tag9:entity62:key0056553A:ref58:ord0;page322:tag8:entity62:key0056553A:ref58:ord0;page328:tag9:entity62:key0056553A:ref58:ord0;page334:tag11:entity62:key0056553A:ref58:ord0;page340:tag11:entity62:key0056553A:ref58:ord0;page346:tag8:entity62:key0056553A:ref58:ord0;page352:tag9:entity62:key0056553A:ref58:ord0;page358:tag8:entity62:key0056553A:ref58:ord0;page364:tag10:entity62:key0056553A:ref58:ord0,頼んだ,WALK,RECOVERY,,,,NOT_CHECKED,4,,NOT_STARTED,NOT_BUILT,NOT_TESTED,JPN_PRIMARY; MLG_CN_CONTEXT_AUXILIARY,mechanical template; resource_class=SLOT_OLANG; source_objects=49,,[],WALK,"[""WALK""]",AUX_UNCHANGED,exact_jpn_slot_page_tag_reference_index;validated_slot_olang_map_entity_identity,auxiliary bank retains the original JPN text; auxiliary candidates only; JPN remains authoritative; verify against JPN text and context
5D140CA7,59,59,59;59;59;59;59;59;59;59;59;59;59;59;59;59;59;59;59;59;59;59;59;59;59;59;59;59;59;59;59;59;59;59;59;59;59;59;59;59;59;59;59;59;59;59;59;59;59;59;59,49,,page58:tag4:entity58:key0021E0FB:ref59:ord0;page82:tag7:entity58:key0021E0FB:ref59:ord0;page88:tag11:entity58:key0021E0FB:ref59:ord0;page94:tag11:entity58:key0021E0FB:ref59:ord0;page100:tag10:entity58:key0021E0FB:ref59:ord0;page106:tag10:entity58:key0021E0FB:ref59:ord0;page112:tag9:entity58:key0021E0FB:ref59:ord0;page118:tag10:entity58:key0021E0FB:ref59:ord0;page124:tag9:entity58:key0021E0FB:ref59:ord0;page130:tag10:entity58:key0021E0FB:ref59:ord0;page136:tag9:entity58:key0021E0FB:ref59:ord0;page142:tag9:entity58:key0021E0FB:ref59:ord0;page148:tag9:entity58:key0021E0FB:ref59:ord0;page154:tag10:entity58:key0021E0FB:ref59:ord0;page160:tag9:entity58:key0021E0FB:ref59:ord0;page166:tag9:entity58:key0021E0FB:ref59:ord0;page172:tag10:entity58:key0021E0FB:ref59:ord0;page178:tag9:entity58:key0021E0FB:ref59:ord0;page184:tag9:entity58:key0021E0FB:ref59:ord0;page190:tag9:entity58:key0021E0FB:ref59:ord0;page196:tag9:entity58:key0021E0FB:ref59:ord0;page202:tag9:entity58:key0021E0FB:ref59:ord0;page208:tag9:entity58:key0021E0FB:ref59:ord0;page214:tag9:entity58:key0021E0FB:ref59:ord0;page220:tag11:entity58:key0021E0FB:ref59:ord0;page226:tag9:entity58:key0021E0FB:ref59:ord0;page232:tag10:entity58:key0021E0FB:ref59:ord0;page238:tag9:entity58:key0021E0FB:ref59:ord0;page244:tag9:entity58:key0021E0FB:ref59:ord0;page250:tag11:entity58:key0021E0FB:ref59:ord0;page256:tag9:entity58:key0021E0FB:ref59:ord0;page262:tag8:entity58:key0021E0FB:ref59:ord0;page268:tag9:entity58:key0021E0FB:ref59:ord0;page274:tag9:entity58:key0021E0FB:ref59:ord0;page280:tag10:entity58:key0021E0FB:ref59:ord0;page286:tag10:entity58:key0021E0FB:ref59:ord0;page292:tag10:entity58:key0021E0FB:ref59:ord0;page298:tag10:entity58:key0021E0FB:ref59:ord0;page304:tag9:entity58:key0021E0FB:ref59:ord0;page310:tag10:entity58:key0021E0FB:ref59:ord0;page316:tag9:entity58:key0021E0FB:ref59:ord0;page322:tag8:entity58:key0021E0FB:ref59:ord0;page328:tag9:entity58:key0021E0FB:ref59:ord0;page334:tag11:entity58:key0021E0FB:ref59:ord0;page340:tag11:entity58:key0021E0FB:ref59:ord0;page346:tag8:entity58:key0021E0FB:ref59:ord0;page352:tag9:entity58:key0021E0FB:ref59:ord0;page358:tag8:entity58:key0021E0FB:ref59:ord0;page364:tag10:entity58:key0021E0FB:ref59:ord0,WALK,RECOVERY,OTHER,,,,NOT_CHECKED,8,,NOT_STARTED,NOT_BUILT,NOT_TESTED,JPN_PRIMARY; MLG_CN_CONTEXT_AUXILIARY,mechanical template; resource_class=SLOT_OLANG; source_objects=49,,[],RECOVERY,"[""RECOVERY""]",AUX_UNCHANGED,exact_jpn_slot_page_tag_reference_index;validated_slot_olang_map_entity_identity,auxiliary bank retains the original JPN text; auxiliary candidates only; JPN remains authoritative; verify against JPN text and context
5D140CA7,60,60,60;60;60;60;60;60;60;60;60;60;60;60;60;60;60;60;60;60;60;60;60;60;60;60;60;60;60;60;60;60;60;60;60;60;60;60;60;60;60;60;60;60;60;60;60;60;60;60;60,49,,page58:tag4:entity61:key005416FC:ref60:ord0;page82:tag7:entity61:key005416FC:ref60:ord0;page88:tag11:entity61:key005416FC:ref60:ord0;page94:tag11:entity61:key005416FC:ref60:ord0;page100:tag10:entity61:key005416FC:ref60:ord0;page106:tag10:entity61:key005416FC:ref60:ord0;page112:tag9:entity61:key005416FC:ref60:ord0;page118:tag10:entity61:key005416FC:ref60:ord0;page124:tag9:entity61:key005416FC:ref60:ord0;page130:tag10:entity61:key005416FC:ref60:ord0;page136:tag9:entity61:key005416FC:ref60:ord0;page142:tag9:entity61:key005416FC:ref60:ord0;page148:tag9:entity61:key005416FC:ref60:ord0;page154:tag10:entity61:key005416FC:ref60:ord0;page160:tag9:entity61:key005416FC:ref60:ord0;page166:tag9:entity61:key005416FC:ref60:ord0;page172:tag10:entity61:key005416FC:ref60:ord0;page178:tag9:entity61:key005416FC:ref60:ord0;page184:tag9:entity61:key005416FC:ref60:ord0;page190:tag9:entity61:key005416FC:ref60:ord0;page196:tag9:entity61:key005416FC:ref60:ord0;page202:tag9:entity61:key005416FC:ref60:ord0;page208:tag9:entity61:key005416FC:ref60:ord0;page214:tag9:entity61:key005416FC:ref60:ord0;page220:tag11:entity61:key005416FC:ref60:ord0;page226:tag9:entity61:key005416FC:ref60:ord0;page232:tag10:entity61:key005416FC:ref60:ord0;page238:tag9:entity61:key005416FC:ref60:ord0;page244:tag9:entity61:key005416FC:ref60:ord0;page250:tag11:entity61:key005416FC:ref60:ord0;page256:tag9:entity61:key005416FC:ref60:ord0;page262:tag8:entity61:key005416FC:ref60:ord0;page268:tag9:entity61:key005416FC:ref60:ord0;page274:tag9:entity61:key005416FC:ref60:ord0;page280:tag10:entity61:key005416FC:ref60:ord0;page286:tag10:entity61:key005416FC:ref60:ord0;page292:tag10:entity61:key005416FC:ref60:ord0;page298:tag10:entity61:key005416FC:ref60:ord0;page304:tag9:entity61:key005416FC:ref60:ord0;page310:tag10:entity61:key005416FC:ref60:ord0;page316:tag9:entity61:key005416FC:ref60:ord0;page322:tag8:entity61:key005416FC:ref60:ord0;page328:tag9:entity61:key005416FC:ref60:ord0;page334:tag11:entity61:key005416FC:ref60:ord0;page340:tag11:entity61:key005416FC:ref60:ord0;page346:tag8:entity61:key005416FC:ref60:ord0;page352:tag9:entity61:key005416FC:ref60:ord0;page358:tag8:entity61:key005416FC:ref60:ord0;page364:tag10:entity61:key005416FC:ref60:ord0,RECOVERY,OTHER,FAST MOVE,,,,NOT_CHECKED,5,,NOT_STARTED,NOT_BUILT,NOT_TESTED,JPN_PRIMARY; MLG_CN_CONTEXT_AUXILIARY,mechanical template; resource_class=SLOT_OLANG; source_objects=49,,[],OTHER,"[""OTHER""]",AUX_UNCHANGED,exact_jpn_slot_page_tag_reference_index;validated_slot_olang_map_entity_identity,auxiliary bank retains the original JPN text; auxiliary candidates only; JPN remains authoritative; verify against JPN text and context
5D140CA7,61,61,61;61;61;61;61;61;61;61;61;61;61;61;61;61;61;61;61;61;61;61;61;61;61;61;61;61;61;61;61;61;61;61;61;61;61;61;61;61;61;61;61;61;61;61;61;61;61;61;61,49,,page58:tag4:entity60:key00518E74:ref61:ord0;page82:tag7:entity60:key00518E74:ref61:ord0;page88:tag11:entity60:key00518E74:ref61:ord0;page94:tag11:entity60:key00518E74:ref61:ord0;page100:tag10:entity60:key00518E74:ref61:ord0;page106:tag10:entity60:key00518E74:ref61:ord0;page112:tag9:entity60:key00518E74:ref61:ord0;page118:tag10:entity60:key00518E74:ref61:ord0;page124:tag9:entity60:key00518E74:ref61:ord0;page130:tag10:entity60:key00518E74:ref61:ord0;page136:tag9:entity60:key00518E74:ref61:ord0;page142:tag9:entity60:key00518E74:ref61:ord0;page148:tag9:entity60:key00518E74:ref61:ord0;page154:tag10:entity60:key00518E74:ref61:ord0;page160:tag9:entity60:key00518E74:ref61:ord0;page166:tag9:entity60:key00518E74:ref61:ord0;page172:tag10:entity60:key00518E74:ref61:ord0;page178:tag9:entity60:key00518E74:ref61:ord0;page184:tag9:entity60:key00518E74:ref61:ord0;page190:tag9:entity60:key00518E74:ref61:ord0;page196:tag9:entity60:key00518E74:ref61:ord0;page202:tag9:entity60:key00518E74:ref61:ord0;page208:tag9:entity60:key00518E74:ref61:ord0;page214:tag9:entity60:key00518E74:ref61:ord0;page220:tag11:entity60:key00518E74:ref61:ord0;page226:tag9:entity60:key00518E74:ref61:ord0;page232:tag10:entity60:key00518E74:ref61:ord0;page238:tag9:entity60:key00518E74:ref61:ord0;page244:tag9:entity60:key00518E74:ref61:ord0;page250:tag11:entity60:key00518E74:ref61:ord0;page256:tag9:entity60:key00518E74:ref61:ord0;page262:tag8:entity60:key00518E74:ref61:ord0;page268:tag9:entity60:key00518E74:ref61:ord0;page274:tag9:entity60:key00518E74:ref61:ord0;page280:tag10:entity60:key00518E74:ref61:ord0;page286:tag10:entity60:key00518E74:ref61:ord0;page292:tag10:entity60:key00518E74:ref61:ord0;page298:tag10:entity60:key00518E74:ref61:ord0;page304:tag9:entity60:key00518E74:ref61:ord0;page310:tag10:entity60:key00518E74:ref61:ord0;page316:tag9:entity60:key00518E74:ref61:ord0;page322:tag8:entity60:key00518E74:ref61:ord0;page328:tag9:entity60:key00518E74:ref61:ord0;page334:tag11:entity60:key00518E74:ref61:ord0;page340:tag11:entity60:key00518E74:ref61:ord0;page346:tag8:entity60:key00518E74:ref61:ord0;page352:tag9:entity60:key00518E74:ref61:ord0;page358:tag8:entity60:key00518E74:ref61:ord0;page364:tag10:entity60:key00518E74:ref61:ord0,OTHER,FAST MOVE,SPIRIT,,,,NOT_CHECKED,9,,NOT_STARTED,NOT_BUILT,NOT_TESTED,JPN_PRIMARY; MLG_CN_CONTEXT_AUXILIARY,mechanical template; resource_class=SLOT_OLANG; source_objects=49,,[],FAST MOVE,"[""FAST MOVE""]",AUX_UNCHANGED,exact_jpn_slot_page_tag_reference_index;validated_slot_olang_map_entity_identity,auxiliary bank retains the original JPN text; auxiliary candidates only; JPN remains authoritative; verify against JPN text and context
5D140CA7,62,62,62;62;62;62;62;62;62;62;62;62;62;62;62;62;62;62;62;62;62;62;62;62;62;62;62;62;62;62;62;62;62;62;62;62;62;62;62;62;62;62;62;62;62;62;62;62;62;62;62,49,,page58:tag4:entity59:key00357F80:ref62:ord0;page82:tag7:entity59:key00357F80:ref62:ord0;page88:tag11:entity59:key00357F80:ref62:ord0;page94:tag11:entity59:key00357F80:ref62:ord0;page100:tag10:entity59:key00357F80:ref62:ord0;page106:tag10:entity59:key00357F80:ref62:ord0;page112:tag9:entity59:key00357F80:ref62:ord0;page118:tag10:entity59:key00357F80:ref62:ord0;page124:tag9:entity59:key00357F80:ref62:ord0;page130:tag10:entity59:key00357F80:ref62:ord0;page136:tag9:entity59:key00357F80:ref62:ord0;page142:tag9:entity59:key00357F80:ref62:ord0;page148:tag9:entity59:key00357F80:ref62:ord0;page154:tag10:entity59:key00357F80:ref62:ord0;page160:tag9:entity59:key00357F80:ref62:ord0;page166:tag9:entity59:key00357F80:ref62:ord0;page172:tag10:entity59:key00357F80:ref62:ord0;page178:tag9:entity59:key00357F80:ref62:ord0;page184:tag9:entity59:key00357F80:ref62:ord0;page190:tag9:entity59:key00357F80:ref62:ord0;page196:tag9:entity59:key00357F80:ref62:ord0;page202:tag9:entity59:key00357F80:ref62:ord0;page208:tag9:entity59:key00357F80:ref62:ord0;page214:tag9:entity59:key00357F80:ref62:ord0;page220:tag11:entity59:key00357F80:ref62:ord0;page226:tag9:entity59:key00357F80:ref62:ord0;page232:tag10:entity59:key00357F80:ref62:ord0;page238:tag9:entity59:key00357F80:ref62:ord0;page244:tag9:entity59:key00357F80:ref62:ord0;page250:tag11:entity59:key00357F80:ref62:ord0;page256:tag9:entity59:key00357F80:ref62:ord0;page262:tag8:entity59:key00357F80:ref62:ord0;page268:tag9:entity59:key00357F80:ref62:ord0;page274:tag9:entity59:key00357F80:ref62:ord0;page280:tag10:entity59:key00357F80:ref62:ord0;page286:tag10:entity59:key00357F80:ref62:ord0;page292:tag10:entity59:key00357F80:ref62:ord0;page298:tag10:entity59:key00357F80:ref62:ord0;page304:tag9:entity59:key00357F80:ref62:ord0;page310:tag10:entity59:key00357F80:ref62:ord0;page316:tag9:entity59:key00357F80:ref62:ord0;page322:tag8:entity59:key00357F80:ref62:ord0;page328:tag9:entity59:key00357F80:ref62:ord0;page334:tag11:entity59:key00357F80:ref62:ord0;page340:tag11:entity59:key00357F80:ref62:ord0;page346:tag8:entity59:key00357F80:ref62:ord0;page352:tag9:entity59:key00357F80:ref62:ord0;page358:tag8:entity59:key00357F80:ref62:ord0;page364:tag10:entity59:key00357F80:ref62:ord0,FAST MOVE,SPIRIT,CAMOUFLAGE,,,,NOT_CHECKED,6,,NOT_STARTED,NOT_BUILT,NOT_TESTED,JPN_PRIMARY; MLG_CN_CONTEXT_AUXILIARY,mechanical template; resource_class=SLOT_OLANG; source_objects=49,,[],SPIRIT,"[""SPIRIT""]",AUX_UNCHANGED,exact_jpn_slot_page_tag_reference_index;validated_slot_olang_map_entity_identity,auxiliary bank retains the original JPN text; auxiliary candidates only; JPN remains authoritative; verify against JPN text and context
5D140CA7,63,63,63;63;63;63;63;63;63;63;63;63;63;63;63;63;63;63;63;63;63;63;63;63;63;63;63;63;63;63;63;63;63;63;63;63;63;63;63;63;63;63;63;63;63;63;63;63;63;63;63,49,,page58:tag4:entity63:key007A6467:ref63:ord0;page82:tag7:entity63:key007A6467:ref63:ord0;page88:tag11:entity63:key007A6467:ref63:ord0;page94:tag11:entity63:key007A6467:ref63:ord0;page100:tag10:entity63:key007A6467:ref63:ord0;page106:tag10:entity63:key007A6467:ref63:ord0;page112:tag9:entity63:key007A6467:ref63:ord0;page118:tag10:entity63:key007A6467:ref63:ord0;page124:tag9:entity63:key007A6467:ref63:ord0;page130:tag10:entity63:key007A6467:ref63:ord0;page136:tag9:entity63:key007A6467:ref63:ord0;page142:tag9:entity63:key007A6467:ref63:ord0;page148:tag9:entity63:key007A6467:ref63:ord0;page154:tag10:entity63:key007A6467:ref63:ord0;page160:tag9:entity63:key007A6467:ref63:ord0;page166:tag9:entity63:key007A6467:ref63:ord0;page172:tag10:entity63:key007A6467:ref63:ord0;page178:tag9:entity63:key007A6467:ref63:ord0;page184:tag9:entity63:key007A6467:ref63:ord0;page190:tag9:entity63:key007A6467:ref63:ord0;page196:tag9:entity63:key007A6467:ref63:ord0;page202:tag9:entity63:key007A6467:ref63:ord0;page208:tag9:entity63:key007A6467:ref63:ord0;page214:tag9:entity63:key007A6467:ref63:ord0;page220:tag11:entity63:key007A6467:ref63:ord0;page226:tag9:entity63:key007A6467:ref63:ord0;page232:tag10:entity63:key007A6467:ref63:ord0;page238:tag9:entity63:key007A6467:ref63:ord0;page244:tag9:entity63:key007A6467:ref63:ord0;page250:tag11:entity63:key007A6467:ref63:ord0;page256:tag9:entity63:key007A6467:ref63:ord0;page262:tag8:entity63:key007A6467:ref63:ord0;page268:tag9:entity63:key007A6467:ref63:ord0;page274:tag9:entity63:key007A6467:ref63:ord0;page280:tag10:entity63:key007A6467:ref63:ord0;page286:tag10:entity63:key007A6467:ref63:ord0;page292:tag10:entity63:key007A6467:ref63:ord0;page298:tag10:entity63:key007A6467:ref63:ord0;page304:tag9:entity63:key007A6467:ref63:ord0;page310:tag10:entity63:key007A6467:ref63:ord0;page316:tag9:entity63:key007A6467:ref63:ord0;page322:tag8:entity63:key007A6467:ref63:ord0;page328:tag9:entity63:key007A6467:ref63:ord0;page334:tag11:entity63:key007A6467:ref63:ord0;page340:tag11:entity63:key007A6467:ref63:ord0;page346:tag8:entity63:key007A6467:ref63:ord0;page352:tag9:entity63:key007A6467:ref63:ord0;page358:tag8:entity63:key007A6467:ref63:ord0;page364:tag10:entity63:key007A6467:ref63:ord0,SPIRIT,CAMOUFLAGE,CHARA,,,,NOT_CHECKED,10,,NOT_STARTED,NOT_BUILT,NOT_TESTED,JPN_PRIMARY; MLG_CN_CONTEXT_AUXILIARY,mechanical template; resource_class=SLOT_OLANG; source_objects=49,,[],CAMOUFLAGE,"[""CAMOUFLAGE""]",AUX_UNCHANGED,exact_jpn_slot_page_tag_reference_index;validated_slot_olang_map_entity_identity,auxiliary bank retains the original JPN text; auxiliary candidates only; JPN remains authoritative; verify against JPN text and context
5D140CA7,64,64,64;64;64;64;64;64;64;64;64;64;64;64;64;64;64;64;64;64;64;64;64;64;64;64;64;64;64;64;64;64;64;64;64;64;64;64;64;64;64;64;64;64;64;64;64;64;64;64;64,49,,page58:tag4:entity65:key008DFC8A:ref64:ord0;page82:tag7:entity65:key008DFC8A:ref64:ord0;page88:tag11:entity65:key008DFC8A:ref64:ord0;page94:tag11:entity65:key008DFC8A:ref64:ord0;page100:tag10:entity65:key008DFC8A:ref64:ord0;page106:tag10:entity65:key008DFC8A:ref64:ord0;page112:tag9:entity65:key008DFC8A:ref64:ord0;page118:tag10:entity65:key008DFC8A:ref64:ord0;page124:tag9:entity65:key008DFC8A:ref64:ord0;page130:tag10:entity65:key008DFC8A:ref64:ord0;page136:tag9:entity65:key008DFC8A:ref64:ord0;page142:tag9:entity65:key008DFC8A:ref64:ord0;page148:tag9:entity65:key008DFC8A:ref64:ord0;page154:tag10:entity65:key008DFC8A:ref64:ord0;page160:tag9:entity65:key008DFC8A:ref64:ord0;page166:tag9:entity65:key008DFC8A:ref64:ord0;page172:tag10:entity65:key008DFC8A:ref64:ord0;page178:tag9:entity65:key008DFC8A:ref64:ord0;page184:tag9:entity65:key008DFC8A:ref64:ord0;page190:tag9:entity65:key008DFC8A:ref64:ord0;page196:tag9:entity65:key008DFC8A:ref64:ord0;page202:tag9:entity65:key008DFC8A:ref64:ord0;page208:tag9:entity65:key008DFC8A:ref64:ord0;page214:tag9:entity65:key008DFC8A:ref64:ord0;page220:tag11:entity65:key008DFC8A:ref64:ord0;page226:tag9:entity65:key008DFC8A:ref64:ord0;page232:tag10:entity65:key008DFC8A:ref64:ord0;page238:tag9:entity65:key008DFC8A:ref64:ord0;page244:tag9:entity65:key008DFC8A:ref64:ord0;page250:tag11:entity65:key008DFC8A:ref64:ord0;page256:tag9:entity65:key008DFC8A:ref64:ord0;page262:tag8:entity65:key008DFC8A:ref64:ord0;page268:tag9:entity65:key008DFC8A:ref64:ord0;page274:tag9:entity65:key008DFC8A:ref64:ord0;page280:tag10:entity65:key008DFC8A:ref64:ord0;page286:tag10:entity65:key008DFC8A:ref64:ord0;page292:tag10:entity65:key008DFC8A:ref64:ord0;page298:tag10:entity65:key008DFC8A:ref64:ord0;page304:tag9:entity65:key008DFC8A:ref64:ord0;page310:tag10:entity65:key008DFC8A:ref64:ord0;page316:tag9:entity65:key008DFC8A:ref64:ord0;page322:tag8:entity65:key008DFC8A:ref64:ord0;page328:tag9:entity65:key008DFC8A:ref64:ord0;page334:tag11:entity65:key008DFC8A:ref64:ord0;page340:tag11:entity65:key008DFC8A:ref64:ord0;page346:tag8:entity65:key008DFC8A:ref64:ord0;page352:tag9:entity65:key008DFC8A:ref64:ord0;page358:tag8:entity65:key008DFC8A:ref64:ord0;page364:tag10:entity65:key008DFC8A:ref64:ord0,CAMOUFLAGE,CHARA,ATTACK,,,,NOT_CHECKED,5,,NOT_STARTED,NOT_BUILT,NOT_TESTED,JPN_PRIMARY; MLG_CN_CONTEXT_AUXILIARY,mechanical template; resource_class=SLOT_OLANG; source_objects=49,CHARACTER,"[""CHARACTER""]",CHARACTER,"[""CHARACTER""]",AUX_CN_ATTACHED,exact_jpn_slot_page_tag_reference_index;validated_slot_olang_map_entity_identity,master status=AUX_CN_ATTACHED; mapping method=exact_jpn_slot_page_tag_reference_index;validated_slot_olang_map_entity_identity; candidate attached as auxiliary evidence only; verify against JPN and context; auxiliary candidates only; JPN remains authoritative; verify against JPN text and context
5D140CA7,65,65,65;65;65;65;65;65;65;65;65;65;65;65;65;65;65;65;65;65;65;65;65;65;65;65;65;65;65;65;65;65;65;65;65;65;65;65;65;65;65;65;65;65;65;65;65;65;65;65;65,49,,page58:tag4:entity64:key0088CDF9:ref65:ord0;page82:tag7:entity64:key0088CDF9:ref65:ord0;page88:tag11:entity64:key0088CDF9:ref65:ord0;page94:tag11:entity64:key0088CDF9:ref65:ord0;page100:tag10:entity64:key0088CDF9:ref65:ord0;page106:tag10:entity64:key0088CDF9:ref65:ord0;page112:tag9:entity64:key0088CDF9:ref65:ord0;page118:tag10:entity64:key0088CDF9:ref65:ord0;page124:tag9:entity64:key0088CDF9:ref65:ord0;page130:tag10:entity64:key0088CDF9:ref65:ord0;page136:tag9:entity64:key0088CDF9:ref65:ord0;page142:tag9:entity64:key0088CDF9:ref65:ord0;page148:tag9:entity64:key0088CDF9:ref65:ord0;page154:tag10:entity64:key0088CDF9:ref65:ord0;page160:tag9:entity64:key0088CDF9:ref65:ord0;page166:tag9:entity64:key0088CDF9:ref65:ord0;page172:tag10:entity64:key0088CDF9:ref65:ord0;page178:tag9:entity64:key0088CDF9:ref65:ord0;page184:tag9:entity64:key0088CDF9:ref65:ord0;page190:tag9:entity64:key0088CDF9:ref65:ord0;page196:tag9:entity64:key0088CDF9:ref65:ord0;page202:tag9:entity64:key0088CDF9:ref65:ord0;page208:tag9:entity64:key0088CDF9:ref65:ord0;page214:tag9:entity64:key0088CDF9:ref65:ord0;page220:tag11:entity64:key0088CDF9:ref65:ord0;page226:tag9:entity64:key0088CDF9:ref65:ord0;page232:tag10:entity64:key0088CDF9:ref65:ord0;page238:tag9:entity64:key0088CDF9:ref65:ord0;page244:tag9:entity64:key0088CDF9:ref65:ord0;page250:tag11:entity64:key0088CDF9:ref65:ord0;page256:tag9:entity64:key0088CDF9:ref65:ord0;page262:tag8:entity64:key0088CDF9:ref65:ord0;page268:tag9:entity64:key0088CDF9:ref65:ord0;page274:tag9:entity64:key0088CDF9:ref65:ord0;page280:tag10:entity64:key0088CDF9:ref65:ord0;page286:tag10:entity64:key0088CDF9:ref65:ord0;page292:tag10:entity64:key0088CDF9:ref65:ord0;page298:tag10:entity64:key0088CDF9:ref65:ord0;page304:tag9:entity64:key0088CDF9:ref65:ord0;page310:tag10:entity64:key0088CDF9:ref65:ord0;page316:tag9:entity64:key0088CDF9:ref65:ord0;page322:tag8:entity64:key0088CDF9:ref65:ord0;page328:tag9:entity64:key0088CDF9:ref65:ord0;page334:tag11:entity64:key0088CDF9:ref65:ord0;page340:tag11:entity64:key0088CDF9:ref65:ord0;page346:tag8:entity64:key0088CDF9:ref65:ord0;page352:tag9:entity64:key0088CDF9:ref65:ord0;page358:tag8:entity64:key0088CDF9:ref65:ord0;page364:tag10:entity64:key0088CDF9:ref65:ord0,CHARA,ATTACK,VOICE,,,,NOT_CHECKED,6,,NOT_STARTED,NOT_BUILT,NOT_TESTED,JPN_PRIMARY; MLG_CN_CONTEXT_AUXILIARY,mechanical template; resource_class=SLOT_OLANG; source_objects=49,,[],ATTACK,"[""ATTACK""]",AUX_UNCHANGED,exact_jpn_slot_page_tag_reference_index;validated_slot_olang_map_entity_identity,auxiliary bank retains the original JPN text; auxiliary candidates only; JPN remains authoritative; verify against JPN text and context
5D140CA7,66,66,66;66;66;66;66;66;66;66;66;66;66;66;66;66;66;66;66;66;66;66;66;66;66;66;66;66;66;66;66;66;66;66;66;66;66;66;66;66;66;66;66;66;66;66;66;66;66;66;66,49,,page58:tag4:entity68:key00D9661E:ref66:ord0;page82:tag7:entity68:key00D9661E:ref66:ord0;page88:tag11:entity68:key00D9661E:ref66:ord0;page94:tag11:entity68:key00D9661E:ref66:ord0;page100:tag10:entity68:key00D9661E:ref66:ord0;page106:tag10:entity68:key00D9661E:ref66:ord0;page112:tag9:entity68:key00D9661E:ref66:ord0;page118:tag10:entity68:key00D9661E:ref66:ord0;page124:tag9:entity68:key00D9661E:ref66:ord0;page130:tag10:entity68:key00D9661E:ref66:ord0;page136:tag9:entity68:key00D9661E:ref66:ord0;page142:tag9:entity68:key00D9661E:ref66:ord0;page148:tag9:entity68:key00D9661E:ref66:ord0;page154:tag10:entity68:key00D9661E:ref66:ord0;page160:tag9:entity68:key00D9661E:ref66:ord0;page166:tag9:entity68:key00D9661E:ref66:ord0;page172:tag10:entity68:key00D9661E:ref66:ord0;page178:tag9:entity68:key00D9661E:ref66:ord0;page184:tag9:entity68:key00D9661E:ref66:ord0;page190:tag9:entity68:key00D9661E:ref66:ord0;page196:tag9:entity68:key00D9661E:ref66:ord0;page202:tag9:entity68:key00D9661E:ref66:ord0;page208:tag9:entity68:key00D9661E:ref66:ord0;page214:tag9:entity68:key00D9661E:ref66:ord0;page220:tag11:entity68:key00D9661E:ref66:ord0;page226:tag9:entity68:key00D9661E:ref66:ord0;page232:tag10:entity68:key00D9661E:ref66:ord0;page238:tag9:entity68:key00D9661E:ref66:ord0;page244:tag9:entity68:key00D9661E:ref66:ord0;page250:tag11:entity68:key00D9661E:ref66:ord0;page256:tag9:entity68:key00D9661E:ref66:ord0;page262:tag8:entity68:key00D9661E:ref66:ord0;page268:tag9:entity68:key00D9661E:ref66:ord0;page274:tag9:entity68:key00D9661E:ref66:ord0;page280:tag10:entity68:key00D9661E:ref66:ord0;page286:tag10:entity68:key00D9661E:ref66:ord0;page292:tag10:entity68:key00D9661E:ref66:ord0;page298:tag10:entity68:key00D9661E:ref66:ord0;page304:tag9:entity68:key00D9661E:ref66:ord0;page310:tag10:entity68:key00D9661E:ref66:ord0;page316:tag9:entity68:key00D9661E:ref66:ord0;page322:tag8:entity68:key00D9661E:ref66:ord0;page328:tag9:entity68:key00D9661E:ref66:ord0;page334:tag11:entity68:key00D9661E:ref66:ord0;page340:tag11:entity68:key00D9661E:ref66:ord0;page346:tag8:entity68:key00D9661E:ref66:ord0;page352:tag9:entity68:key00D9661E:ref66:ord0;page358:tag8:entity68:key00D9661E:ref66:ord0;page364:tag10:entity68:key00D9661E:ref66:ord0,ATTACK,VOICE,CATEGORY,,,,NOT_CHECKED,5,,NOT_STARTED,NOT_BUILT,NOT_TESTED,JPN_PRIMARY; MLG_CN_CONTEXT_AUXILIARY,mechanical template; resource_class=SLOT_OLANG; source_objects=49,,[],VOICE,"[""VOICE""]",AUX_UNCHANGED,exact_jpn_slot_page_tag_reference_index;validated_slot_olang_map_entity_identity,auxiliary bank retains the original JPN text; auxiliary candidates only; JPN remains authoritative; verify against JPN text and context
5D140CA7,67,67,67;67;67;67;67;67;67;67;67;67;67;67;67;67;67;67;67;67;67;67;67;67;67;67;67;67;67;67;67;67;67;67;67;67;67;67;67;67;67;67;67;67;67;67;67;67;67;67;67,49,,page58:tag4:entity66:key00884A4C:ref67:ord0;page82:tag7:entity66:key00884A4C:ref67:ord0;page88:tag11:entity66:key00884A4C:ref67:ord0;page94:tag11:entity66:key00884A4C:ref67:ord0;page100:tag10:entity66:key00884A4C:ref67:ord0;page106:tag10:entity66:key00884A4C:ref67:ord0;page112:tag9:entity66:key00884A4C:ref67:ord0;page118:tag10:entity66:key00884A4C:ref67:ord0;page124:tag9:entity66:key00884A4C:ref67:ord0;page130:tag10:entity66:key00884A4C:ref67:ord0;page136:tag9:entity66:key00884A4C:ref67:ord0;page142:tag9:entity66:key00884A4C:ref67:ord0;page148:tag9:entity66:key00884A4C:ref67:ord0;page154:tag10:entity66:key00884A4C:ref67:ord0;page160:tag9:entity66:key00884A4C:ref67:ord0;page166:tag9:entity66:key00884A4C:ref67:ord0;page172:tag10:entity66:key00884A4C:ref67:ord0;page178:tag9:entity66:key00884A4C:ref67:ord0;page184:tag9:entity66:key00884A4C:ref67:ord0;page190:tag9:entity66:key00884A4C:ref67:ord0;page196:tag9:entity66:key00884A4C:ref67:ord0;page202:tag9:entity66:key00884A4C:ref67:ord0;page208:tag9:entity66:key00884A4C:ref67:ord0;page214:tag9:entity66:key00884A4C:ref67:ord0;page220:tag11:entity66:key00884A4C:ref67:ord0;page226:tag9:entity66:key00884A4C:ref67:ord0;page232:tag10:entity66:key00884A4C:ref67:ord0;page238:tag9:entity66:key00884A4C:ref67:ord0;page244:tag9:entity66:key00884A4C:ref67:ord0;page250:tag11:entity66:key00884A4C:ref67:ord0;page256:tag9:entity66:key00884A4C:ref67:ord0;page262:tag8:entity66:key00884A4C:ref67:ord0;page268:tag9:entity66:key00884A4C:ref67:ord0;page274:tag9:entity66:key00884A4C:ref67:ord0;page280:tag10:entity66:key00884A4C:ref67:ord0;page286:tag10:entity66:key00884A4C:ref67:ord0;page292:tag10:entity66:key00884A4C:ref67:ord0;page298:tag10:entity66:key00884A4C:ref67:ord0;page304:tag9:entity66:key00884A4C:ref67:ord0;page310:tag10:entity66:key00884A4C:ref67:ord0;page316:tag9:entity66:key00884A4C:ref67:ord0;page322:tag8:entity66:key00884A4C:ref67:ord0;page328:tag9:entity66:key00884A4C:ref67:ord0;page334:tag11:entity66:key00884A4C:ref67:ord0;page340:tag11:entity66:key00884A4C:ref67:ord0;page346:tag8:entity66:key00884A4C:ref67:ord0;page352:tag9:entity66:key00884A4C:ref67:ord0;page358:tag8:entity66:key00884A4C:ref67:ord0;page364:tag10:entity66:key00884A4C:ref67:ord0,VOICE,CATEGORY,CANCEL:SELECT BUTTON,,,,NOT_CHECKED,8,,NOT_STARTED,NOT_BUILT,NOT_TESTED,JPN_PRIMARY; MLG_CN_CONTEXT_AUXILIARY,mechanical template; resource_class=SLOT_OLANG; source_objects=49,,[],CATEGORY,"[""CATEGORY""]",AUX_UNCHANGED,exact_jpn_slot_page_tag_reference_index;validated_slot_olang_map_entity_identity,auxiliary bank retains the original JPN text; auxiliary candidates only; JPN remains authoritative; verify against JPN text and context
5D140CA7,68,68,68;68;68;68;68;68;68;68;68;68;68;68;68;68;68;68;68;68;68;68;68;68;68;68;68;68;68;68;68;68;68;68;68;68;68;68;68;68;68;68;68;68;68;68;68;68;68;68;68,49,,page58:tag4:entity67:key00945CAB:ref68:ord0;page82:tag7:entity67:key00945CAB:ref68:ord0;page88:tag11:entity67:key00945CAB:ref68:ord0;page94:tag11:entity67:key00945CAB:ref68:ord0;page100:tag10:entity67:key00945CAB:ref68:ord0;page106:tag10:entity67:key00945CAB:ref68:ord0;page112:tag9:entity67:key00945CAB:ref68:ord0;page118:tag10:entity67:key00945CAB:ref68:ord0;page124:tag9:entity67:key00945CAB:ref68:ord0;page130:tag10:entity67:key00945CAB:ref68:ord0;page136:tag9:entity67:key00945CAB:ref68:ord0;page142:tag9:entity67:key00945CAB:ref68:ord0;page148:tag9:entity67:key00945CAB:ref68:ord0;page154:tag10:entity67:key00945CAB:ref68:ord0;page160:tag9:entity67:key00945CAB:ref68:ord0;page166:tag9:entity67:key00945CAB:ref68:ord0;page172:tag10:entity67:key00945CAB:ref68:ord0;page178:tag9:entity67:key00945CAB:ref68:ord0;page184:tag9:entity67:key00945CAB:ref68:ord0;page190:tag9:entity67:key00945CAB:ref68:ord0;page196:tag9:entity67:key00945CAB:ref68:ord0;page202:tag9:entity67:key00945CAB:ref68:ord0;page208:tag9:entity67:key00945CAB:ref68:ord0;page214:tag9:entity67:key00945CAB:ref68:ord0;page220:tag11:entity67:key00945CAB:ref68:ord0;page226:tag9:entity67:key00945CAB:ref68:ord0;page232:tag10:entity67:key00945CAB:ref68:ord0;page238:tag9:entity67:key00945CAB:ref68:ord0;page244:tag9:entity67:key00945CAB:ref68:ord0;page250:tag11:entity67:key00945CAB:ref68:ord0;page256:tag9:entity67:key00945CAB:ref68:ord0;page262:tag8:entity67:key00945CAB:ref68:ord0;page268:tag9:entity67:key00945CAB:ref68:ord0;page274:tag9:entity67:key00945CAB:ref68:ord0;page280:tag10:entity67:key00945CAB:ref68:ord0;page286:tag10:entity67:key00945CAB:ref68:ord0;page292:tag10:entity67:key00945CAB:ref68:ord0;page298:tag10:entity67:key00945CAB:ref68:ord0;page304:tag9:entity67:key00945CAB:ref68:ord0;page310:tag10:entity67:key00945CAB:ref68:ord0;page316:tag9:entity67:key00945CAB:ref68:ord0;page322:tag8:entity67:key00945CAB:ref68:ord0;page328:tag9:entity67:key00945CAB:ref68:ord0;page334:tag11:entity67:key00945CAB:ref68:ord0;page340:tag11:entity67:key00945CAB:ref68:ord0;page346:tag8:entity67:key00945CAB:ref68:ord0;page352:tag9:entity67:key00945CAB:ref68:ord0;page358:tag8:entity67:key00945CAB:ref68:ord0;page364:tag10:entity67:key00945CAB:ref68:ord0,CATEGORY,CANCEL:SELECT BUTTON,ZEKE,,,,NOT_CHECKED,20,,NOT_STARTED,NOT_BUILT,NOT_TESTED,JPN_PRIMARY; MLG_CN_CONTEXT_AUXILIARY,mechanical template; resource_class=SLOT_OLANG; source_objects=49,CANCEL: SELECT BUTTON,"[""CANCEL: SELECT BUTTON""]",CANCEL: SELECT BUTTON,"[""CANCEL: SELECT BUTTON""]",AUX_CN_ATTACHED,exact_jpn_slot_page_tag_reference_index;validated_slot_olang_map_entity_identity,master status=AUX_CN_ATTACHED; mapping method=exact_jpn_slot_page_tag_reference_index;validated_slot_olang_map_entity_identity; candidate attached as auxiliary evidence only; verify against JPN and context; auxiliary candidates only; JPN remains authoritative; verify against JPN text and context
5D140CA7,69,69,69;69;69;69;69;69;69;69;69;69;69;69;69;69;69;69;69;69;69;69;69;69;69;69;69;69;69;69;69;69;69;69;69;69;69;69;69;69;69;69;69;69;69;69;69;69;69;69;69,49,,page58:tag4:entity69:key00A5D595:ref69:ord0;page82:tag7:entity69:key00A5D595:ref69:ord0;page88:tag11:entity69:key00A5D595:ref69:ord0;page94:tag11:entity69:key00A5D595:ref69:ord0;page100:tag10:entity69:key00A5D595:ref69:ord0;page106:tag10:entity69:key00A5D595:ref69:ord0;page112:tag9:entity69:key00A5D595:ref69:ord0;page118:tag10:entity69:key00A5D595:ref69:ord0;page124:tag9:entity69:key00A5D595:ref69:ord0;page130:tag10:entity69:key00A5D595:ref69:ord0;page136:tag9:entity69:key00A5D595:ref69:ord0;page142:tag9:entity69:key00A5D595:ref69:ord0;page148:tag9:entity69:key00A5D595:ref69:ord0;page154:tag10:entity69:key00A5D595:ref69:ord0;page160:tag9:entity69:key00A5D595:ref69:ord0;page166:tag9:entity69:key00A5D595:ref69:ord0;page172:tag10:entity69:key00A5D595:ref69:ord0;page178:tag9:entity69:key00A5D595:ref69:ord0;page184:tag9:entity69:key00A5D595:ref69:ord0;page190:tag9:entity69:key00A5D595:ref69:ord0;page196:tag9:entity69:key00A5D595:ref69:ord0;page202:tag9:entity69:key00A5D595:ref69:ord0;page208:tag9:entity69:key00A5D595:ref69:ord0;page214:tag9:entity69:key00A5D595:ref69:ord0;page220:tag11:entity69:key00A5D595:ref69:ord0;page226:tag9:entity69:key00A5D595:ref69:ord0;page232:tag10:entity69:key00A5D595:ref69:ord0;page238:tag9:entity69:key00A5D595:ref69:ord0;page244:tag9:entity69:key00A5D595:ref69:ord0;page250:tag11:entity69:key00A5D595:ref69:ord0;page256:tag9:entity69:key00A5D595:ref69:ord0;page262:tag8:entity69:key00A5D595:ref69:ord0;page268:tag9:entity69:key00A5D595:ref69:ord0;page274:tag9:entity69:key00A5D595:ref69:ord0;page280:tag10:entity69:key00A5D595:ref69:ord0;page286:tag10:entity69:key00A5D595:ref69:ord0;page292:tag10:entity69:key00A5D595:ref69:ord0;page298:tag10:entity69:key00A5D595:ref69:ord0;page304:tag9:entity69:key00A5D595:ref69:ord0;page310:tag10:entity69:key00A5D595:ref69:ord0;page316:tag9:entity69:key00A5D595:ref69:ord0;page322:tag8:entity69:key00A5D595:ref69:ord0;page328:tag9:entity69:key00A5D595:ref69:ord0;page334:tag11:entity69:key00A5D595:ref69:ord0;page340:tag11:entity69:key00A5D595:ref69:ord0;page346:tag8:entity69:key00A5D595:ref69:ord0;page352:tag9:entity69:key00A5D595:ref69:ord0;page358:tag8:entity69:key00A5D595:ref69:ord0;page364:tag10:entity69:key00A5D595:ref69:ord0,CANCEL:SELECT BUTTON,ZEKE,ZEKE:近接攻撃,,,,NOT_CHECKED,4,,NOT_STARTED,NOT_BUILT,NOT_TESTED,JPN_PRIMARY; MLG_CN_CONTEXT_AUXILIARY,mechanical template; resource_class=SLOT_OLANG; source_objects=49,,[],ZEKE,"[""ZEKE""]",AUX_UNCHANGED,exact_jpn_slot_page_tag_reference_index;validated_slot_olang_map_entity_identity,auxiliary bank retains the original JPN text; auxiliary candidates only; JPN remains authoritative; verify against JPN text and context
