file_id,unique_index,first_reference_index,reference_indices,reference_count,scene_context,entity_context,previous_jpn_text,jpn_text,next_jpn_text,jpn_control_tokens,cn_text,cn_control_tokens,control_structure_status,jpn_utf8_bytes,cn_utf8_bytes,translation_status,build_status,ingame_status,translation_basis,notes,mlg_cn_reference,mlg_cn_reference_variants,eng_reference,eng_reference_variants,reference_status,reference_method,reference_reason
5D3AF9CD,0,0,0,1,,page1951:tag2:entity9:key00000009:ref0:ord0,,そう オオルリアゲハを捕獲しに…,蝶々の専門家だ,,,,NOT_CHECKED,46,,NOT_STARTED,NOT_BUILT,NOT_TESTED,JPN_PRIMARY; MLG_CN_CONTEXT_AUXILIARY,mechanical template; resource_class=SLOT_OLANG; source_objects=1,"就是这样…需要赶在
华盛顿条约生效之前弄到一些…","[""就是这样…需要赶在\n华盛顿条约生效之前弄到一些…""]","That's it.. Need to get some before 
the Washington Treaty goes into effect...","[""That's it.. Need to get some before \nthe Washington Treaty goes into effect...""]",AUX_CN_ATTACHED,exact_jpn_slot_page_tag_reference_index;validated_slot_olang_map_entity_identity,master status=AUX_CN_ATTACHED; mapping method=exact_jpn_slot_page_tag_reference_index;validated_slot_olang_map_entity_identity; candidate attached as auxiliary evidence only; verify against JPN and context; auxiliary candidates only; JPN remains authoritative; verify against JPN text and context
5D3AF9CD,1,1,1,1,,page1951:tag2:entity8:key00000008:ref1:ord0,そう オオルリアゲハを捕獲しに…,蝶々の専門家だ,戦う 昆虫学者？,,,,NOT_CHECKED,21,,NOT_STARTED,NOT_BUILT,NOT_TESTED,JPN_PRIMARY; MLG_CN_CONTEXT_AUXILIARY,mechanical template; resource_class=SLOT_OLANG; source_objects=1,…闪蝶，也许？,"[""…闪蝶，也许？""]","...Morphos, maybe?","[""...Morphos, maybe?""]",AUX_CN_ATTACHED,exact_jpn_slot_page_tag_reference_index;validated_slot_olang_map_entity_identity,master status=AUX_CN_ATTACHED; mapping method=exact_jpn_slot_page_tag_reference_index;validated_slot_olang_map_entity_identity; candidate attached as auxiliary evidence only; verify against JPN and context; auxiliary candidates only; JPN remains authoritative; verify against JPN text and context
5D3AF9CD,2,2,2,1,,page1951:tag2:entity7:key00000007:ref2:ord0,蝶々の専門家だ,戦う 昆虫学者？,俺か？　俺は 昆虫学者だ,,,,NOT_CHECKED,22,,NOT_STARTED,NOT_BUILT,NOT_TESTED,JPN_PRIMARY; MLG_CN_CONTEXT_AUXILIARY,mechanical template; resource_class=SLOT_OLANG; source_objects=1,"尤利西斯蝶？嗯，
我以为它们不生活在哥斯达黎加。","[""尤利西斯蝶？嗯，\n我以为它们不生活在哥斯达黎加。""]","Ulysses? Hmm, 
I didn't think they lived in Costa Rica.","[""Ulysses? Hmm, \nI didn't think they lived in Costa Rica.""]",AUX_CN_ATTACHED,exact_jpn_slot_page_tag_reference_index;validated_slot_olang_map_entity_identity,master status=AUX_CN_ATTACHED; mapping method=exact_jpn_slot_page_tag_reference_index;validated_slot_olang_map_entity_identity; candidate attached as auxiliary evidence only; verify against JPN and context; auxiliary candidates only; JPN remains authoritative; verify against JPN text and context
5D3AF9CD,3,3,3,1,,page1951:tag2:entity6:key00000006:ref3:ord0,戦う 昆虫学者？,俺か？　俺は 昆虫学者だ,君は誰？　ここの傭兵とは様子が違うね,,,,NOT_CHECKED,34,,NOT_STARTED,NOT_BUILT,NOT_TESTED,JPN_PRIMARY; MLG_CN_CONTEXT_AUXILIARY,mechanical template; resource_class=SLOT_OLANG; source_objects=1,"我专攻蝴蝶。
我是来抓一只尤利西斯蝶的…","[""我专攻蝴蝶。\n我是来抓一只尤利西斯蝶的…""]","I specialize in butterflies.
I'm, here to catch a Ulysses...","[""I specialize in butterflies.\nI'm, here to catch a Ulysses...""]",AUX_CN_ATTACHED,exact_jpn_slot_page_tag_reference_index;validated_slot_olang_map_entity_identity,master status=AUX_CN_ATTACHED; mapping method=exact_jpn_slot_page_tag_reference_index;validated_slot_olang_map_entity_identity; candidate attached as auxiliary evidence only; verify against JPN and context; auxiliary candidates only; JPN remains authoritative; verify against JPN text and context
5D3AF9CD,4,4,4,1,,page1951:tag2:entity5:key00000005:ref4:ord0,俺か？　俺は 昆虫学者だ,君は誰？　ここの傭兵とは様子が違うね,ヒューイと呼んでくれ,,,,NOT_CHECKED,54,,NOT_STARTED,NOT_BUILT,NOT_TESTED,JPN_PRIMARY; MLG_CN_CONTEXT_AUXILIARY,mechanical template; resource_class=SLOT_OLANG; source_objects=1,一个…会打架的…昆虫学家？,"[""一个…会打架的…昆虫学家？""]",A... fighting... entomologist?,"[""A... fighting... entomologist?""]",AUX_CN_ATTACHED,exact_jpn_slot_page_tag_reference_index;validated_slot_olang_map_entity_identity,master status=AUX_CN_ATTACHED; mapping method=exact_jpn_slot_page_tag_reference_index;validated_slot_olang_map_entity_identity; candidate attached as auxiliary evidence only; verify against JPN and context; auxiliary candidates only; JPN remains authoritative; verify against JPN text and context
5D3AF9CD,5,5,5,1,,page1951:tag2:entity4:key00000004:ref5:ord0,君は誰？　ここの傭兵とは様子が違うね,ヒューイと呼んでくれ,"ここで雇われてる
いや 雇われていた かな",,,,NOT_CHECKED,30,,NOT_STARTED,NOT_BUILT,NOT_TESTED,JPN_PRIMARY; MLG_CN_CONTEXT_AUXILIARY,mechanical template; resource_class=SLOT_OLANG; source_objects=1,我？我是…昆虫学家。,"[""我？我是…昆虫学家。""]",Me? I'm... an entomologist.,"[""Me? I'm... an entomologist.""]",AUX_CN_ATTACHED,exact_jpn_slot_page_tag_reference_index;validated_slot_olang_map_entity_identity,master status=AUX_CN_ATTACHED; mapping method=exact_jpn_slot_page_tag_reference_index;validated_slot_olang_map_entity_identity; candidate attached as auxiliary evidence only; verify against JPN and context; auxiliary candidates only; JPN remains authoritative; verify against JPN text and context
5D3AF9CD,6,6,6,1,,page1951:tag2:entity3:key00000003:ref6:ord0,ヒューイと呼んでくれ,"ここで雇われてる
いや 雇われていた かな",あんたは？,,,,NOT_CHECKED,57,,NOT_STARTED,NOT_BUILT,NOT_TESTED,JPN_PRIMARY; MLG_CN_CONTEXT_AUXILIARY,mechanical template; resource_class=SLOT_OLANG; source_objects=1,"那你又是谁？
你看起来不像那些雇佣兵中的一员。","[""那你又是谁？\n你看起来不像那些雇佣兵中的一员。""]","And who might you be? 
You don't look like one of those mercenaries.","[""And who might you be? \nYou don't look like one of those mercenaries.""]",AUX_CN_ATTACHED,exact_jpn_slot_page_tag_reference_index;validated_slot_olang_map_entity_identity,master status=AUX_CN_ATTACHED; mapping method=exact_jpn_slot_page_tag_reference_index;validated_slot_olang_map_entity_identity; candidate attached as auxiliary evidence only; verify against JPN and context; auxiliary candidates only; JPN remains authoritative; verify against JPN text and context
5D3AF9CD,7,7,7,1,,page1951:tag2:entity2:key00000002:ref7:ord0,"ここで雇われてる
いや 雇われていた かな",あんたは？,君 大丈夫かい？,,,,NOT_CHECKED,15,,NOT_STARTED,NOT_BUILT,NOT_TESTED,JPN_PRIMARY; MLG_CN_CONTEXT_AUXILIARY,mechanical template; resource_class=SLOT_OLANG; source_objects=1,"我在这里工作。嗯，总之，
曾经是。我叫Huey。","[""我在这里工作。嗯，总之，\n曾经是。我叫Huey。""]","I work here. Well, used to, anyway. Name's Huey.","[""I work here. Well, used to, anyway. Name's Huey.""]",AUX_CN_ATTACHED,exact_jpn_slot_page_tag_reference_index;validated_slot_olang_map_entity_identity,master status=AUX_CN_ATTACHED; mapping method=exact_jpn_slot_page_tag_reference_index;validated_slot_olang_map_entity_identity; candidate attached as auxiliary evidence only; verify against JPN and context; auxiliary candidates only; JPN remains authoritative; verify against JPN text and context
5D3AF9CD,8,8,8,1,,page1951:tag2:entity17:key00000011:ref8:ord0,あんたは？,君 大丈夫かい？,ああ… 記憶違いだったかな,,,,NOT_CHECKED,22,,NOT_STARTED,NOT_BUILT,NOT_TESTED,JPN_PRIMARY; MLG_CN_CONTEXT_AUXILIARY,mechanical template; resource_class=SLOT_OLANG; source_objects=1,对和平行者发动核打击,"[""对和平行者发动核打击""]",Launching a nuclear strike against Peace Walker,"[""Launching a nuclear strike against Peace Walker""]",AUX_CN_ATTACHED,exact_jpn_slot_page_tag_reference_index;validated_slot_olang_map_entity_identity,master status=AUX_CN_ATTACHED; mapping method=exact_jpn_slot_page_tag_reference_index;validated_slot_olang_map_entity_identity; candidate attached as auxiliary evidence only; verify against JPN and context; auxiliary candidates only; JPN remains authoritative; verify against JPN text and context
5D3AF9CD,9,9,9,1,,page1951:tag2:entity16:key00000010:ref9:ord0,君 大丈夫かい？,ああ… 記憶違いだったかな,モルフォ蝶は対象になっていないけど？,,,,NOT_CHECKED,37,,NOT_STARTED,NOT_BUILT,NOT_TESTED,JPN_PRIMARY; MLG_CN_CONTEXT_AUXILIARY,mechanical template; resource_class=SLOT_OLANG; source_objects=1,腿。步行动力。,"[""腿。步行动力。""]",Legs. Walking power.,"[""Legs. Walking power.""]",AUX_CN_ATTACHED,exact_jpn_slot_page_tag_reference_index;validated_slot_olang_map_entity_identity,master status=AUX_CN_ATTACHED; mapping method=exact_jpn_slot_page_tag_reference_index;validated_slot_olang_map_entity_identity; candidate attached as auxiliary evidence only; verify against JPN and context; auxiliary candidates only; JPN remains authoritative; verify against JPN text and context
5D3AF9CD,10,10,10,1,,page1951:tag2:entity15:key0000000F:ref10:ord0,ああ… 記憶違いだったかな,モルフォ蝶は対象になっていないけど？,ワシントン条約が施行されてしまう前に…,,,,NOT_CHECKED,54,,NOT_STARTED,NOT_BUILT,NOT_TESTED,JPN_PRIMARY; MLG_CN_CONTEXT_AUXILIARY,mechanical template; resource_class=SLOT_OLANG; source_objects=1,和平行者…,"[""和平行者…""]",Peace Walker...,"[""Peace Walker...""]",AUX_CN_ATTACHED,exact_jpn_slot_page_tag_reference_index;validated_slot_olang_map_entity_identity,master status=AUX_CN_ATTACHED; mapping method=exact_jpn_slot_page_tag_reference_index;validated_slot_olang_map_entity_identity; candidate attached as auxiliary evidence only; verify against JPN and context; auxiliary candidates only; JPN remains authoritative; verify against JPN text and context
5D3AF9CD,11,11,11,1,,page1951:tag2:entity14:key0000000E:ref11:ord0,モルフォ蝶は対象になっていないけど？,ワシントン条約が施行されてしまう前に…,モルフォ蝶だ,,,,NOT_CHECKED,57,,NOT_STARTED,NOT_BUILT,NOT_TESTED,JPN_PRIMARY; MLG_CN_CONTEXT_AUXILIARY,mechanical template; resource_class=SLOT_OLANG; source_objects=1,我们称之为‘和平行者计划’。,"[""我们称之为‘和平行者计划’。""]","We called it the ""Peace Walker Project."" ","[""We called it the \""Peace Walker Project.\"" ""]",AUX_CN_ATTACHED,exact_jpn_slot_page_tag_reference_index;validated_slot_olang_map_entity_identity,master status=AUX_CN_ATTACHED; mapping method=exact_jpn_slot_page_tag_reference_index;validated_slot_olang_map_entity_identity; candidate attached as auxiliary evidence only; verify against JPN and context; auxiliary candidates only; JPN remains authoritative; verify against JPN text and context
5D3AF9CD,12,12,12,1,,page1951:tag2:entity13:key0000000D:ref12:ord0,ワシントン条約が施行されてしまう前に…,モルフォ蝶だ,…モルフォ蝶では？,,,,NOT_CHECKED,18,,NOT_STARTED,NOT_BUILT,NOT_TESTED,JPN_PRIMARY; MLG_CN_CONTEXT_AUXILIARY,mechanical template; resource_class=SLOT_OLANG; source_objects=1,这一切都是为了这个…,"[""这一切都是为了这个…""]",It's all for this...,"[""It's all for this...""]",AUX_CN_ATTACHED,exact_jpn_slot_page_tag_reference_index;validated_slot_olang_map_entity_identity,master status=AUX_CN_ATTACHED; mapping method=exact_jpn_slot_page_tag_reference_index;validated_slot_olang_map_entity_identity; candidate attached as auxiliary evidence only; verify against JPN and context; auxiliary candidates only; JPN remains authoritative; verify against JPN text and context
5D3AF9CD,13,13,13,1,,page1951:tag2:entity12:key0000000C:ref13:ord0,モルフォ蝶だ,…モルフォ蝶では？,コスタリカでは見ないな？,,,,NOT_CHECKED,27,,NOT_STARTED,NOT_BUILT,NOT_TESTED,JPN_PRIMARY; MLG_CN_CONTEXT_AUXILIARY,mechanical template; resource_class=SLOT_OLANG; source_objects=1,你确定你没事吧？,"[""你确定你没事吧？""]",You sure you're feeling all right?,"[""You sure you're feeling all right?""]",AUX_CN_ATTACHED,exact_jpn_slot_page_tag_reference_index;validated_slot_olang_map_entity_identity,master status=AUX_CN_ATTACHED; mapping method=exact_jpn_slot_page_tag_reference_index;validated_slot_olang_map_entity_identity; candidate attached as auxiliary evidence only; verify against JPN and context; auxiliary candidates only; JPN remains authoritative; verify against JPN text and context
5D3AF9CD,14,14,14,1,,page1951:tag2:entity11:key0000000B:ref14:ord0,…モルフォ蝶では？,コスタリカでは見ないな？,オオルリアゲハ？,,,,NOT_CHECKED,36,,NOT_STARTED,NOT_BUILT,NOT_TESTED,JPN_PRIMARY; MLG_CN_CONTEXT_AUXILIARY,mechanical template; resource_class=SLOT_OLANG; source_objects=1,呃…一定是忘了。,"[""呃…一定是忘了。""]",Ugh... Must have slipped my mind.,"[""Ugh... Must have slipped my mind.""]",AUX_CN_ATTACHED,exact_jpn_slot_page_tag_reference_index;validated_slot_olang_map_entity_identity,master status=AUX_CN_ATTACHED; mapping method=exact_jpn_slot_page_tag_reference_index;validated_slot_olang_map_entity_identity; candidate attached as auxiliary evidence only; verify against JPN and context; auxiliary candidates only; JPN remains authoritative; verify against JPN text and context
5D3AF9CD,15,15,15,1,,page1951:tag2:entity10:key0000000A:ref15:ord0,コスタリカでは見ないな？,オオルリアゲハ？,僕が造ったんだ,,,,NOT_CHECKED,24,,NOT_STARTED,NOT_BUILT,NOT_TESTED,JPN_PRIMARY; MLG_CN_CONTEXT_AUXILIARY,mechanical template; resource_class=SLOT_OLANG; source_objects=1,"这里写着闪蝶
不在条约覆盖范围内…","[""这里写着闪蝶\n不在条约覆盖范围内…""]","Says here Morphos aren't covered 
under the treaty...","[""Says here Morphos aren't covered \nunder the treaty...""]",AUX_CN_ATTACHED,exact_jpn_slot_page_tag_reference_index;validated_slot_olang_map_entity_identity,master status=AUX_CN_ATTACHED; mapping method=exact_jpn_slot_page_tag_reference_index;validated_slot_olang_map_entity_identity; candidate attached as auxiliary evidence only; verify against JPN and context; auxiliary candidates only; JPN remains authoritative; verify against JPN text and context
5D3AF9CD,16,16,16,1,,page1951:tag2:entity1:key00000001:ref16:ord0,オオルリアゲハ？,僕が造ったんだ,あれは無人兵器の試作品だ,,,,NOT_CHECKED,21,,NOT_STARTED,NOT_BUILT,NOT_TESTED,JPN_PRIMARY; MLG_CN_CONTEXT_AUXILIARY,mechanical template; resource_class=SLOT_OLANG; source_objects=1,你是谁？,"[""你是谁？""]",Who are you?,"[""Who are you?""]",AUX_CN_ATTACHED,exact_jpn_slot_page_tag_reference_index;validated_slot_olang_map_entity_identity,master status=AUX_CN_ATTACHED; mapping method=exact_jpn_slot_page_tag_reference_index;validated_slot_olang_map_entity_identity; candidate attached as auxiliary evidence only; verify against JPN and context; auxiliary candidates only; JPN remains authoritative; verify against JPN text and context
5D3AF9CD,17,17,17,1,,page1951:tag2:entity0:key00000000:ref17:ord0,僕が造ったんだ,あれは無人兵器の試作品だ,そう,,,,NOT_CHECKED,36,,NOT_STARTED,NOT_BUILT,NOT_TESTED,JPN_PRIMARY; MLG_CN_CONTEXT_AUXILIARY,mechanical template; resource_class=SLOT_OLANG; source_objects=1,"那是无人武器…一个原型。
是我自己造的。","[""那是无人武器…一个原型。\n是我自己造的。""]","That was an unmanned weapon... a prototype. 
I made it myself.","[""That was an unmanned weapon... a prototype. \nI made it myself.""]",AUX_CN_ATTACHED,exact_jpn_slot_page_tag_reference_index;validated_slot_olang_map_entity_identity,master status=AUX_CN_ATTACHED; mapping method=exact_jpn_slot_page_tag_reference_index;validated_slot_olang_map_entity_identity; candidate attached as auxiliary evidence only; verify against JPN and context; auxiliary candidates only; JPN remains authoritative; verify against JPN text and context
5D3AF9CD,18,18,18,1,,page1951:tag2:entity27:key00000009:ref18:ord0,あれは無人兵器の試作品だ,そう,計画…？,,,,NOT_CHECKED,6,,NOT_STARTED,NOT_BUILT,NOT_TESTED,JPN_PRIMARY; MLG_CN_CONTEXT_AUXILIARY,mechanical template; resource_class=SLOT_OLANG; source_objects=1,没错。,"[""没错。""]",That's right.,"[""That's right.""]",AUX_CN_ATTACHED,exact_jpn_slot_page_tag_reference_index;validated_slot_olang_map_entity_identity,master status=AUX_CN_ATTACHED; mapping method=exact_jpn_slot_page_tag_reference_index;validated_slot_olang_map_entity_identity; candidate attached as auxiliary evidence only; verify against JPN and context; auxiliary candidates only; JPN remains authoritative; verify against JPN text and context
5D3AF9CD,19,19,19,1,,page1951:tag2:entity26:key00000008:ref19:ord0,そう,計画…？,ついに計画が実行に移る,,,,NOT_CHECKED,12,,NOT_STARTED,NOT_BUILT,NOT_TESTED,JPN_PRIMARY; MLG_CN_CONTEXT_AUXILIARY,mechanical template; resource_class=SLOT_OLANG; source_objects=1,计划…？,"[""计划…？""]",Project...?,"[""Project...?""]",AUX_CN_ATTACHED,exact_jpn_slot_page_tag_reference_index;validated_slot_olang_map_entity_identity,master status=AUX_CN_ATTACHED; mapping method=exact_jpn_slot_page_tag_reference_index;validated_slot_olang_map_entity_identity; candidate attached as auxiliary evidence only; verify against JPN and context; auxiliary candidates only; JPN remains authoritative; verify against JPN text and context
5D3AF9CD,20,20,20,1,,page1951:tag2:entity25:key00000007:ref20:ord0,計画…？,ついに計画が実行に移る,核弾頭はあれに搭載された,,,,NOT_CHECKED,33,,NOT_STARTED,NOT_BUILT,NOT_TESTED,JPN_PRIMARY; MLG_CN_CONTEXT_AUXILIARY,mechanical template; resource_class=SLOT_OLANG; source_objects=1,计划正进入最后阶段。,"[""计划正进入最后阶段。""]",The project's entering its final phase.,"[""The project's entering its final phase.""]",AUX_CN_ATTACHED,exact_jpn_slot_page_tag_reference_index;validated_slot_olang_map_entity_identity,master status=AUX_CN_ATTACHED; mapping method=exact_jpn_slot_page_tag_reference_index;validated_slot_olang_map_entity_identity; candidate attached as auxiliary evidence only; verify against JPN and context; auxiliary candidates only; JPN remains authoritative; verify against JPN text and context
5D3AF9CD,21,21,21,1,,page1951:tag2:entity24:key00000006:ref21:ord0,ついに計画が実行に移る,核弾頭はあれに搭載された,君は… 単なる昆虫学者じゃなさそうだ,,,,NOT_CHECKED,36,,NOT_STARTED,NOT_BUILT,NOT_TESTED,JPN_PRIMARY; MLG_CN_CONTEXT_AUXILIARY,mechanical template; resource_class=SLOT_OLANG; source_objects=1,核弹装载在了那台机器上。,"[""核弹装载在了那台机器上。""]",The nukes were loaded on that machine.,"[""The nukes were loaded on that machine.""]",AUX_CN_ATTACHED,exact_jpn_slot_page_tag_reference_index;validated_slot_olang_map_entity_identity,master status=AUX_CN_ATTACHED; mapping method=exact_jpn_slot_page_tag_reference_index;validated_slot_olang_map_entity_identity; candidate attached as auxiliary evidence only; verify against JPN and context; auxiliary candidates only; JPN remains authoritative; verify against JPN text and context
5D3AF9CD,22,22,22,1,,page1951:tag2:entity23:key00000005:ref22:ord0,核弾頭はあれに搭載された,君は… 単なる昆虫学者じゃなさそうだ,ここで何をやってる？,,,,NOT_CHECKED,52,,NOT_STARTED,NOT_BUILT,NOT_TESTED,JPN_PRIMARY; MLG_CN_CONTEXT_AUXILIARY,mechanical template; resource_class=SLOT_OLANG; source_objects=1,"哼。我有种感觉，
你不是普通的昆虫学家。","[""哼。我有种感觉，\n你不是普通的昆虫学家。""]","Hmh. Something tells me 
you're no ordinary entomologist.","[""Hmh. Something tells me \nyou're no ordinary entomologist.""]",AUX_CN_ATTACHED,exact_jpn_slot_page_tag_reference_index;validated_slot_olang_map_entity_identity,master status=AUX_CN_ATTACHED; mapping method=exact_jpn_slot_page_tag_reference_index;validated_slot_olang_map_entity_identity; candidate attached as auxiliary evidence only; verify against JPN and context; auxiliary candidates only; JPN remains authoritative; verify against JPN text and context
5D3AF9CD,23,23,23,1,,page1951:tag2:entity22:key00000004:ref23:ord0,君は… 単なる昆虫学者じゃなさそうだ,ここで何をやってる？,あれは何だ？,,,,NOT_CHECKED,30,,NOT_STARTED,NOT_BUILT,NOT_TESTED,JPN_PRIMARY; MLG_CN_CONTEXT_AUXILIARY,mechanical template; resource_class=SLOT_OLANG; source_objects=1,那是什么东西？他们在这里做什么？,"[""那是什么东西？他们在这里做什么？""]",What was that thing? What are they doing here?,"[""What was that thing? What are they doing here?""]",AUX_CN_ATTACHED,exact_jpn_slot_page_tag_reference_index;validated_slot_olang_map_entity_identity,master status=AUX_CN_ATTACHED; mapping method=exact_jpn_slot_page_tag_reference_index;validated_slot_olang_map_entity_identity; candidate attached as auxiliary evidence only; verify against JPN and context; auxiliary candidates only; JPN remains authoritative; verify against JPN text and context
5D3AF9CD,24,24,24,1,,page1951:tag2:entity21:key00000003:ref24:ord0,ここで何をやってる？,あれは何だ？,正解でもあり… 不正解でもある,,,,NOT_CHECKED,18,,NOT_STARTED,NOT_BUILT,NOT_TESTED,JPN_PRIMARY; MLG_CN_CONTEXT_AUXILIARY,mechanical template; resource_class=SLOT_OLANG; source_objects=1,也不是。,"[""也不是。""]",and no.,"[""and no.""]",AUX_CN_ATTACHED,exact_jpn_slot_page_tag_reference_index;validated_slot_olang_map_entity_identity,master status=AUX_CN_ATTACHED; mapping method=exact_jpn_slot_page_tag_reference_index;validated_slot_olang_map_entity_identity; candidate attached as auxiliary evidence only; verify against JPN and context; auxiliary candidates only; JPN remains authoritative; verify against JPN text and context
5D3AF9CD,25,25,25,1,,page1951:tag2:entity20:key00000002:ref25:ord0,あれは何だ？,正解でもあり… 不正解でもある,全て この計画のため,,,,NOT_CHECKED,43,,NOT_STARTED,NOT_BUILT,NOT_TESTED,JPN_PRIMARY; MLG_CN_CONTEXT_AUXILIARY,mechanical template; resource_class=SLOT_OLANG; source_objects=1,是的…,"[""是的…""]",Yes... ,"[""Yes... ""]",AUX_CN_ATTACHED,exact_jpn_slot_page_tag_reference_index;validated_slot_olang_map_entity_identity,master status=AUX_CN_ATTACHED; mapping method=exact_jpn_slot_page_tag_reference_index;validated_slot_olang_map_entity_identity; candidate attached as auxiliary evidence only; verify against JPN and context; auxiliary candidates only; JPN remains authoritative; verify against JPN text and context
5D3AF9CD,26,26,26,1,,page1951:tag2:entity29:key0000000B:ref26:ord0,正解でもあり… 不正解でもある,全て この計画のため,"持ち込まれた熱核弾頭 コスタリカに乱立する各拠点基地
傭兵部隊 無人兵器 ここで行われている研究…",,,,NOT_CHECKED,28,,NOT_STARTED,NOT_BUILT,NOT_TESTED,JPN_PRIMARY; MLG_CN_CONTEXT_AUXILIARY,mechanical template; resource_class=SLOT_OLANG; source_objects=1,散布在哥斯达黎加各地的基地，,"[""散布在哥斯达黎加各地的基地，""]","the bases scattered throughout Costa Rica,","[""the bases scattered throughout Costa Rica,""]",AUX_CN_ATTACHED,exact_jpn_slot_page_tag_reference_index;validated_slot_olang_map_entity_identity,master status=AUX_CN_ATTACHED; mapping method=exact_jpn_slot_page_tag_reference_index;validated_slot_olang_map_entity_identity; candidate attached as auxiliary evidence only; verify against JPN and context; auxiliary candidates only; JPN remains authoritative; verify against JPN text and context
5D3AF9CD,27,27,27,1,,page1951:tag2:entity28:key0000000A:ref27:ord0,全て この計画のため,"持ち込まれた熱核弾頭 コスタリカに乱立する各拠点基地
傭兵部隊 無人兵器 ここで行われている研究…",あの蝶も あんたが造ったのか？“博士”,,,,NOT_CHECKED,139,,NOT_STARTED,NOT_BUILT,NOT_TESTED,JPN_PRIMARY; MLG_CN_CONTEXT_AUXILIARY,mechanical template; resource_class=SLOT_OLANG; source_objects=1,他们运来的热核弹头，,"[""他们运来的热核弹头，""]","The thermonuclear warheads they brought in,","[""The thermonuclear warheads they brought in,""]",AUX_CN_ATTACHED,exact_jpn_slot_page_tag_reference_index;validated_slot_olang_map_entity_identity,master status=AUX_CN_ATTACHED; mapping method=exact_jpn_slot_page_tag_reference_index;validated_slot_olang_map_entity_identity; candidate attached as auxiliary evidence only; verify against JPN and context; auxiliary candidates only; JPN remains authoritative; verify against JPN text and context
5D3AF9CD,28,28,28,1,,page1951:tag2:entity19:key00000001:ref28:ord0,"持ち込まれた熱核弾頭 コスタリカに乱立する各拠点基地
傭兵部隊 無人兵器 ここで行われている研究…",あの蝶も あんたが造ったのか？“博士”,どっちにしろ蝶には逃げられた,,,,NOT_CHECKED,55,,NOT_STARTED,NOT_BUILT,NOT_TESTED,JPN_PRIMARY; MLG_CN_CONTEXT_AUXILIARY,mechanical template; resource_class=SLOT_OLANG; source_objects=1,"那么，博士，
那个大‘蝴蝶’也是你造的吗？","[""那么，博士，\n那个大‘蝴蝶’也是你造的吗？""]","So how about it, doc? 
Did you make that big ""butterfly"" too?","[""So how about it, doc? \nDid you make that big \""butterfly\"" too?""]",AUX_CN_ATTACHED,exact_jpn_slot_page_tag_reference_index;validated_slot_olang_map_entity_identity,master status=AUX_CN_ATTACHED; mapping method=exact_jpn_slot_page_tag_reference_index;validated_slot_olang_map_entity_identity; candidate attached as auxiliary evidence only; verify against JPN and context; auxiliary candidates only; JPN remains authoritative; verify against JPN text and context
5D3AF9CD,29,29,29,1,,page1951:tag2:entity18:key00000000:ref29:ord0,あの蝶も あんたが造ったのか？“博士”,どっちにしろ蝶には逃げられた,CIAさ,,,,NOT_CHECKED,42,,NOT_STARTED,NOT_BUILT,NOT_TESTED,JPN_PRIMARY; MLG_CN_CONTEXT_AUXILIARY,mechanical template; resource_class=SLOT_OLANG; source_objects=1,总之，长话短说，那只蝴蝶跑了。,"[""总之，长话短说，那只蝴蝶跑了。""]","Anyway, long story short, the butterfly got away.","[""Anyway, long story short, the butterfly got away.""]",AUX_CN_ATTACHED,exact_jpn_slot_page_tag_reference_index;validated_slot_olang_map_entity_identity,master status=AUX_CN_ATTACHED; mapping method=exact_jpn_slot_page_tag_reference_index;validated_slot_olang_map_entity_identity; candidate attached as auxiliary evidence only; verify against JPN and context; auxiliary candidates only; JPN remains authoritative; verify against JPN text and context
5D3AF9CD,30,30,30,1,,page1951:tag2:entity39:key00000009:ref30:ord0,どっちにしろ蝶には逃げられた,CIAさ,"何故そんなものを<R=コスタリカ,ここ>で？",,,,NOT_CHECKED,6,,NOT_STARTED,NOT_BUILT,NOT_TESTED,JPN_PRIMARY; MLG_CN_CONTEXT_AUXILIARY,mechanical template; resource_class=SLOT_OLANG; source_objects=1,"为中情局(CIA)工作。
他们一年前邀请我来这里。","[""为中情局(CIA)工作。\n他们一年前邀请我来这里。""]",For the CIA. They invited me here a year ago.,"[""For the CIA. They invited me here a year ago.""]",AUX_CN_ATTACHED,exact_jpn_slot_page_tag_reference_index;validated_slot_olang_map_entity_identity,master status=AUX_CN_ATTACHED; mapping method=exact_jpn_slot_page_tag_reference_index;validated_slot_olang_map_entity_identity; candidate attached as auxiliary evidence only; verify against JPN and context; auxiliary candidates only; JPN remains authoritative; verify against JPN text and context
5D3AF9CD,31,31,31,1,,page1951:tag2:entity38:key00000008:ref31:ord0,CIAさ,"何故そんなものを<R=コスタリカ,ここ>で？",単純な命令しか利かないが ,"<R=コスタリカ,ここ>",,,NOT_CHECKED,56,,NOT_STARTED,NOT_BUILT,NOT_TESTED,JPN_PRIMARY; MLG_CN_CONTEXT_AUXILIARY,mechanical template; resource_class=SLOT_OLANG; source_objects=1,为什么在这里建造它们？,"[""为什么在这里建造它们？""]",Why build them here?,"[""Why build them here?""]",AUX_CN_ATTACHED,exact_jpn_slot_page_tag_reference_index;validated_slot_olang_map_entity_identity,master status=AUX_CN_ATTACHED; mapping method=exact_jpn_slot_page_tag_reference_index;validated_slot_olang_map_entity_identity; candidate attached as auxiliary evidence only; verify against JPN and context; auxiliary candidates only; JPN remains authoritative; verify against JPN text and context
5D3AF9CD,32,32,32,1,,page1951:tag2:entity37:key00000007:ref32:ord0,"何故そんなものを<R=コスタリカ,ここ>で？",単純な命令しか利かないが ,だから人が乗って操縦する必要がない,,,,NOT_CHECKED,37,,NOT_STARTED,NOT_BUILT,NOT_TESTED,JPN_PRIMARY; MLG_CN_CONTEXT_AUXILIARY,mechanical template; resource_class=SLOT_OLANG; source_objects=1,不过，它们只能遵循简单的命令。,"[""不过，它们只能遵循简单的命令。""]","They can only follow simple commands, though. ","[""They can only follow simple commands, though. ""]",AUX_CN_ATTACHED,exact_jpn_slot_page_tag_reference_index;validated_slot_olang_map_entity_identity,master status=AUX_CN_ATTACHED; mapping method=exact_jpn_slot_page_tag_reference_index;validated_slot_olang_map_entity_identity; candidate attached as auxiliary evidence only; verify against JPN and context; auxiliary candidates only; JPN remains authoritative; verify against JPN text and context
5D3AF9CD,33,33,33,1,,page1951:tag2:entity36:key00000006:ref33:ord0,単純な命令しか利かないが ,だから人が乗って操縦する必要がない,"電子頭脳によって駆動制御 目標の探知 追尾 攻撃
捕獲や移送を全て管理している ",,,,NOT_CHECKED,51,,NOT_STARTED,NOT_BUILT,NOT_TESTED,JPN_PRIMARY; MLG_CN_CONTEXT_AUXILIARY,mechanical template; resource_class=SLOT_OLANG; source_objects=1,不需要人类驾驶员。,"[""不需要人类驾驶员。""]",There's no need for a human pilot.,"[""There's no need for a human pilot.""]",AUX_CN_ATTACHED,exact_jpn_slot_page_tag_reference_index;validated_slot_olang_map_entity_identity,master status=AUX_CN_ATTACHED; mapping method=exact_jpn_slot_page_tag_reference_index;validated_slot_olang_map_entity_identity; candidate attached as auxiliary evidence only; verify against JPN and context; auxiliary candidates only; JPN remains authoritative; verify against JPN text and context
5D3AF9CD,34,34,34,1,,page1951:tag2:entity35:key00000005:ref34:ord0,だから人が乗って操縦する必要がない,"電子頭脳によって駆動制御 目標の探知 追尾 攻撃
捕獲や移送を全て管理している ",飛行タイプの『クリサリス』 キャタピラ走行の『コクーン』,,,,NOT_CHECKED,110,,NOT_STARTED,NOT_BUILT,NOT_TESTED,JPN_PRIMARY; MLG_CN_CONTEXT_AUXILIARY,mechanical template; resource_class=SLOT_OLANG; source_objects=1,"而运输功能
全部由电子大脑控制。","[""而运输功能\n全部由电子大脑控制。""]","and transport functions are 
all controlled by an electronic brain.","[""and transport functions are \nall controlled by an electronic brain.""]",AUX_CN_ATTACHED,exact_jpn_slot_page_tag_reference_index;validated_slot_olang_map_entity_identity,master status=AUX_CN_ATTACHED; mapping method=exact_jpn_slot_page_tag_reference_index;validated_slot_olang_map_entity_identity; candidate attached as auxiliary evidence only; verify against JPN and context; auxiliary candidates only; JPN remains authoritative; verify against JPN text and context
5D3AF9CD,35,35,35,1,,page1951:tag2:entity34:key00000004:ref35:ord0,"電子頭脳によって駆動制御 目標の探知 追尾 攻撃
捕獲や移送を全て管理している ",飛行タイプの『クリサリス』 キャタピラ走行の『コクーン』,さっきのが ホバー移動型の『ピューパ』,,,,NOT_CHECKED,82,,NOT_STARTED,NOT_BUILT,NOT_TESTED,JPN_PRIMARY; MLG_CN_CONTEXT_AUXILIARY,mechanical template; resource_class=SLOT_OLANG; source_objects=1,"马达控制、目标侦测、
跟踪、攻击、捕捉、","[""马达控制、目标侦测、\n跟踪、攻击、捕捉、""]","Motor control, target detection, 
tracking, attack, capture,","[""Motor control, target detection, \ntracking, attack, capture,""]",AUX_CN_ATTACHED,exact_jpn_slot_page_tag_reference_index;validated_slot_olang_map_entity_identity,master status=AUX_CN_ATTACHED; mapping method=exact_jpn_slot_page_tag_reference_index;validated_slot_olang_map_entity_identity; candidate attached as auxiliary evidence only; verify against JPN and context; auxiliary candidates only; JPN remains authoritative; verify against JPN text and context
5D3AF9CD,36,36,36,1,,page1951:tag2:entity33:key00000003:ref36:ord0,飛行タイプの『クリサリス』 キャタピラ走行の『コクーン』,さっきのが ホバー移動型の『ピューパ』,ロボットだよ,,,,NOT_CHECKED,55,,NOT_STARTED,NOT_BUILT,NOT_TESTED,JPN_PRIMARY; MLG_CN_CONTEXT_AUXILIARY,mechanical template; resource_class=SLOT_OLANG; source_objects=1,"还有一种飞行型叫Chrysalis，
以及履带型…Cocoon。","[""还有一种飞行型叫Chrysalis，\n以及履带型…Cocoon。""]","There's also a flying type called Chrysalis, 
and a treaded type... the Cocoon.","[""There's also a flying type called Chrysalis, \nand a treaded type... the Cocoon.""]",AUX_CN_ATTACHED,exact_jpn_slot_page_tag_reference_index;validated_slot_olang_map_entity_identity,master status=AUX_CN_ATTACHED; mapping method=exact_jpn_slot_page_tag_reference_index;validated_slot_olang_map_entity_identity; candidate attached as auxiliary evidence only; verify against JPN and context; auxiliary candidates only; JPN remains authoritative; verify against JPN text and context
5D3AF9CD,37,37,37,1,,page1951:tag2:entity32:key00000002:ref37:ord0,さっきのが ホバー移動型の『ピューパ』,ロボットだよ,ピースウォーカー…,,,,NOT_CHECKED,18,,NOT_STARTED,NOT_BUILT,NOT_TESTED,JPN_PRIMARY; MLG_CN_CONTEXT_AUXILIARY,mechanical template; resource_class=SLOT_OLANG; source_objects=1,机器人。你刚刚战斗的那个是Pupa。,"[""机器人。你刚刚战斗的那个是Pupa。""]",Robots. The one you just fought was a Pupa.,"[""Robots. The one you just fought was a Pupa.""]",AUX_CN_ATTACHED,exact_jpn_slot_page_tag_reference_index;validated_slot_olang_map_entity_identity,master status=AUX_CN_ATTACHED; mapping method=exact_jpn_slot_page_tag_reference_index;validated_slot_olang_map_entity_identity; candidate attached as auxiliary evidence only; verify against JPN and context; auxiliary candidates only; JPN remains authoritative; verify against JPN text and context
5D3AF9CD,38,38,38,1,,page1951:tag2:entity46:key00000010:ref38:ord0,ロボットだよ,ピースウォーカー…,"『<R=平和歩行計画,ピースウォーカー>』だ",,,,NOT_CHECKED,27,,NOT_STARTED,NOT_BUILT,NOT_TESTED,JPN_PRIMARY; MLG_CN_CONTEXT_AUXILIARY,mechanical template; resource_class=SLOT_OLANG; source_objects=1,"每一次都无需人类介入
来做决定。","[""每一次都无需人类介入\n来做决定。""]","every time, without needing human input
to make the call.","[""every time, without needing human input\nto make the call.""]",AUX_CN_ATTACHED,exact_jpn_slot_page_tag_reference_index;validated_slot_olang_map_entity_identity,master status=AUX_CN_ATTACHED; mapping method=exact_jpn_slot_page_tag_reference_index;validated_slot_olang_map_entity_identity; candidate attached as auxiliary evidence only; verify against JPN and context; auxiliary candidates only; JPN remains authoritative; verify against JPN text and context
5D3AF9CD,39,39,39,1,,page1951:tag2:entity45:key0000000F:ref39:ord0,ピースウォーカー…,"『<R=平和歩行計画,ピースウォーカー>』だ",あの男がここで進めている計画が ,"<R=平和歩行計画,ピースウォーカー>",,,NOT_CHECKED,56,,NOT_STARTED,NOT_BUILT,NOT_TESTED,JPN_PRIMARY; MLG_CN_CONTEXT_AUXILIARY,mechanical template; resource_class=SLOT_OLANG; source_objects=1,那是什么？,"[""那是什么？""]",What's that?,"[""What's that?""]",AUX_CN_ATTACHED,exact_jpn_slot_page_tag_reference_index;validated_slot_olang_map_entity_identity,master status=AUX_CN_ATTACHED; mapping method=exact_jpn_slot_page_tag_reference_index;validated_slot_olang_map_entity_identity; candidate attached as auxiliary evidence only; verify against JPN and context; auxiliary candidates only; JPN remains authoritative; verify against JPN text and context
5D3AF9CD,40,40,40,1,,page1951:tag2:entity44:key0000000E:ref40:ord0,"『<R=平和歩行計画,ピースウォーカー>』だ",あの男がここで進めている計画が ,冷戦最盛期の英雄…,,,,NOT_CHECKED,46,,NOT_STARTED,NOT_BUILT,NOT_TESTED,JPN_PRIMARY; MLG_CN_CONTEXT_AUXILIARY,mechanical template; resource_class=SLOT_OLANG; source_objects=1,…所以我回到了这一切开始的地方。,"[""…所以我回到了这一切开始的地方。""]",...So I went back to where it all started.,"[""...So I went back to where it all started.""]",AUX_CN_ATTACHED,exact_jpn_slot_page_tag_reference_index;validated_slot_olang_map_entity_identity,master status=AUX_CN_ATTACHED; mapping method=exact_jpn_slot_page_tag_reference_index;validated_slot_olang_map_entity_identity; candidate attached as auxiliary evidence only; verify against JPN and context; auxiliary candidates only; JPN remains authoritative; verify against JPN text and context
5D3AF9CD,41,41,41,1,,page1951:tag2:entity43:key0000000D:ref41:ord0,あの男がここで進めている計画が ,冷戦最盛期の英雄…,"中米の<R= 支局長 ,ステーションチーフ>
自称<R=熱き,ホット>・コールドマン",,,,NOT_CHECKED,27,,NOT_STARTED,NOT_BUILT,NOT_TESTED,JPN_PRIMARY; MLG_CN_CONTEXT_AUXILIARY,mechanical template; resource_class=SLOT_OLANG; source_objects=1,他是幕后主使。,"[""他是幕后主使。""]",He's the one running the show.,"[""He's the one running the show.""]",AUX_CN_ATTACHED,exact_jpn_slot_page_tag_reference_index;validated_slot_olang_map_entity_identity,master status=AUX_CN_ATTACHED; mapping method=exact_jpn_slot_page_tag_reference_index;validated_slot_olang_map_entity_identity; candidate attached as auxiliary evidence only; verify against JPN and context; auxiliary candidates only; JPN remains authoritative; verify against JPN text and context
5D3AF9CD,42,42,42,1,,page1951:tag2:entity42:key0000000C:ref42:ord0,冷戦最盛期の英雄…,"中米の<R= 支局長 ,ステーションチーフ>
自称<R=熱き,ホット>・コールドマン",さっきの男か,"<R= 支局長 ,ステーションチーフ> | <R=熱き,ホット>",,,NOT_CHECKED,100,,NOT_STARTED,NOT_BUILT,NOT_TESTED,JPN_PRIMARY; MLG_CN_CONTEXT_AUXILIARY,mechanical template; resource_class=SLOT_OLANG; source_objects=1,"那些雇佣兵、AI武器，
我们在这里进行的研究…","[""那些雇佣兵、AI武器，\n我们在这里进行的研究…""]","the mercenaries, the AI weapons, 
the research we were conducting here...","[""the mercenaries, the AI weapons, \nthe research we were conducting here...""]",AUX_CN_ATTACHED,exact_jpn_slot_page_tag_reference_index;validated_slot_olang_map_entity_identity,master status=AUX_CN_ATTACHED; mapping method=exact_jpn_slot_page_tag_reference_index;validated_slot_olang_map_entity_identity; candidate attached as auxiliary evidence only; verify against JPN and context; auxiliary candidates only; JPN remains authoritative; verify against JPN text and context
5D3AF9CD,43,43,43,1,,page1951:tag2:entity41:key0000000B:ref43:ord0,"中米の<R= 支局長 ,ステーションチーフ>
自称<R=熱き,ホット>・コールドマン",さっきの男か,1年前に ここに呼ばれたんだ ,,,,NOT_CHECKED,18,,NOT_STARTED,NOT_BUILT,NOT_TESTED,JPN_PRIMARY; MLG_CN_CONTEXT_AUXILIARY,mechanical template; resource_class=SLOT_OLANG; source_objects=1,"中情局(CIA)中美洲站站长。
名叫Hot Coldman。","[""中情局(CIA)中美洲站站长。\n名叫Hot Coldman。""]","The CIA's station chief for Central America. 
Goes by the name of Hot Coldman.","[""The CIA's station chief for Central America. \nGoes by the name of Hot Coldman.""]",AUX_CN_ATTACHED,exact_jpn_slot_page_tag_reference_index;validated_slot_olang_map_entity_identity,master status=AUX_CN_ATTACHED; mapping method=exact_jpn_slot_page_tag_reference_index;validated_slot_olang_map_entity_identity; candidate attached as auxiliary evidence only; verify against JPN and context; auxiliary candidates only; JPN remains authoritative; verify against JPN text and context
5D3AF9CD,44,44,44,1,,page1951:tag2:entity40:key0000000A:ref44:ord0,さっきの男か,1年前に ここに呼ばれたんだ ,無人兵器？,,,,NOT_CHECKED,39,,NOT_STARTED,NOT_BUILT,NOT_TESTED,JPN_PRIMARY; MLG_CN_CONTEXT_AUXILIARY,mechanical template; resource_class=SLOT_OLANG; source_objects=1,原来那家伙就是他。,"[""原来那家伙就是他。""]",That's who that guy was.,"[""That's who that guy was.""]",AUX_CN_ATTACHED,exact_jpn_slot_page_tag_reference_index;validated_slot_olang_map_entity_identity,master status=AUX_CN_ATTACHED; mapping method=exact_jpn_slot_page_tag_reference_index;validated_slot_olang_map_entity_identity; candidate attached as auxiliary evidence only; verify against JPN and context; auxiliary candidates only; JPN remains authoritative; verify against JPN text and context
5D3AF9CD,45,45,45,1,,page1951:tag2:entity31:key00000001:ref45:ord0,1年前に ここに呼ばれたんだ ,無人兵器？,この施設では無人兵器の開発が行われているんだ,,,,NOT_CHECKED,15,,NOT_STARTED,NOT_BUILT,NOT_TESTED,JPN_PRIMARY; MLG_CN_CONTEXT_AUXILIARY,mechanical template; resource_class=SLOT_OLANG; source_objects=1,无人驾驶？,"[""无人驾驶？""]",Unmanned?,"[""Unmanned?""]",AUX_CN_ATTACHED,exact_jpn_slot_page_tag_reference_index;validated_slot_olang_map_entity_identity,master status=AUX_CN_ATTACHED; mapping method=exact_jpn_slot_page_tag_reference_index;validated_slot_olang_map_entity_identity; candidate attached as auxiliary evidence only; verify against JPN and context; auxiliary candidates only; JPN remains authoritative; verify against JPN text and context
5D3AF9CD,46,46,46,1,,page1951:tag2:entity30:key00000000:ref46:ord0,無人兵器？,この施設では無人兵器の開発が行われているんだ,広大な湿地 熱帯雨林 まともに道も通せない,,,,NOT_CHECKED,66,,NOT_STARTED,NOT_BUILT,NOT_TESTED,JPN_PRIMARY; MLG_CN_CONTEXT_AUXILIARY,mechanical template; resource_class=SLOT_OLANG; source_objects=1,"我们使用这个设施
来开发无人武器。","[""我们使用这个设施\n来开发无人武器。""]","We used this facility 
to develop unmanned weapons.","[""We used this facility \nto develop unmanned weapons.""]",AUX_CN_ATTACHED,exact_jpn_slot_page_tag_reference_index;validated_slot_olang_map_entity_identity,master status=AUX_CN_ATTACHED; mapping method=exact_jpn_slot_page_tag_reference_index;validated_slot_olang_map_entity_identity; candidate attached as auxiliary evidence only; verify against JPN and context; auxiliary candidates only; JPN remains authoritative; verify against JPN text and context
5D3AF9CD,47,47,47,1,,page1951:tag2:entity56:key00000009:ref47:ord0,この施設では無人兵器の開発が行われているんだ,広大な湿地 熱帯雨林 まともに道も通せない,"カリブ海沿岸は<R= 乾期 ,ドライシーズン>も構わず一年中雨が降る ",,,,NOT_CHECKED,59,,NOT_STARTED,NOT_BUILT,NOT_TESTED,JPN_PRIMARY; MLG_CN_CONTEXT_AUXILIARY,mechanical template; resource_class=SLOT_OLANG; source_objects=1,这就是新的威慑力量？,"[""这就是新的威慑力量？""]",And this is the new deterrent?,"[""And this is the new deterrent?""]",AUX_CN_ATTACHED,exact_jpn_slot_page_tag_reference_index;validated_slot_olang_map_entity_identity,master status=AUX_CN_ATTACHED; mapping method=exact_jpn_slot_page_tag_reference_index;validated_slot_olang_map_entity_identity; candidate attached as auxiliary evidence only; verify against JPN and context; auxiliary candidates only; JPN remains authoritative; verify against JPN text and context
5D3AF9CD,48,48,48,1,,page1951:tag2:entity55:key00000008:ref48:ord0,広大な湿地 熱帯雨林 まともに道も通せない,"カリブ海沿岸は<R= 乾期 ,ドライシーズン>も構わず一年中雨が降る ",だが 問題はその移動方法だった,"<R= 乾期 ,ドライシーズン>",,,NOT_CHECKED,89,,NOT_STARTED,NOT_BUILT,NOT_TESTED,JPN_PRIMARY; MLG_CN_CONTEXT_AUXILIARY,mechanical template; resource_class=SLOT_OLANG; source_objects=1,"大幅降低其
在先发制人打击中被摧毁的风险。","[""大幅降低其\n在先发制人打击中被摧毁的风险。""]","drastically reducing the risk of it being 
destroyed in a pre-emptive strike.","[""drastically reducing the risk of it being \ndestroyed in a pre-emptive strike.""]",AUX_CN_ATTACHED,exact_jpn_slot_page_tag_reference_index;validated_slot_olang_map_entity_identity,master status=AUX_CN_ATTACHED; mapping method=exact_jpn_slot_page_tag_reference_index;validated_slot_olang_map_entity_identity; candidate attached as auxiliary evidence only; verify against JPN and context; auxiliary candidates only; JPN remains authoritative; verify against JPN text and context
5D3AF9CD,49,49,49,1,,page1951:tag2:entity54:key00000007:ref49:ord0,"カリブ海沿岸は<R= 乾期 ,ドライシーズン>も構わず一年中雨が降る ",だが 問題はその移動方法だった,それが 新たな抑止力となる？,,,,NOT_CHECKED,43,,NOT_STARTED,NOT_BUILT,NOT_TESTED,JPN_PRIMARY; MLG_CN_CONTEXT_AUXILIARY,mechanical template; resource_class=SLOT_OLANG; source_objects=1,"而隐形能力使其免于雷达
和卫星探测，","[""而隐形能力使其免于雷达\n和卫星探测，""]","and stealth shields it from radar
and satellite detection,","[""and stealth shields it from radar\nand satellite detection,""]",AUX_CN_ATTACHED,exact_jpn_slot_page_tag_reference_index;validated_slot_olang_map_entity_identity,master status=AUX_CN_ATTACHED; mapping method=exact_jpn_slot_page_tag_reference_index;validated_slot_olang_map_entity_identity; candidate attached as auxiliary evidence only; verify against JPN and context; auxiliary candidates only; JPN remains authoritative; verify against JPN text and context
5D3AF9CD,50,50,50,1,,page1951:tag2:entity53:key00000006:ref50:ord0,だが 問題はその移動方法だった,それが 新たな抑止力となる？,先制核攻撃で潰される危険も極めて低い,,,,NOT_CHECKED,40,,NOT_STARTED,NOT_BUILT,NOT_TESTED,JPN_PRIMARY; MLG_CN_CONTEXT_AUXILIARY,mechanical template; resource_class=SLOT_OLANG; source_objects=1,它能够自行移动，,"[""它能够自行移动，""]","It can move on its own,","[""It can move on its own,""]",AUX_CN_ATTACHED,exact_jpn_slot_page_tag_reference_index;validated_slot_olang_map_entity_identity,master status=AUX_CN_ATTACHED; mapping method=exact_jpn_slot_page_tag_reference_index;validated_slot_olang_map_entity_identity; candidate attached as auxiliary evidence only; verify against JPN and context; auxiliary candidates only; JPN remains authoritative; verify against JPN text and context
5D3AF9CD,51,51,51,1,,page1951:tag2:entity52:key00000005:ref51:ord0,それが 新たな抑止力となる？,先制核攻撃で潰される危険も極めて低い,"単独で移動が可能で
レーダーにも衛星にも捕捉されにくいステルスだから",,,,NOT_CHECKED,54,,NOT_STARTED,NOT_BUILT,NOT_TESTED,JPN_PRIMARY; MLG_CN_CONTEXT_AUXILIARY,mechanical template; resource_class=SLOT_OLANG; source_objects=1,并发动报复性核打击。,"[""并发动报复性核打击。""]",and launch a retaliatory nuclear strike.,"[""and launch a retaliatory nuclear strike.""]",AUX_CN_ATTACHED,exact_jpn_slot_page_tag_reference_index;validated_slot_olang_map_entity_identity,master status=AUX_CN_ATTACHED; mapping method=exact_jpn_slot_page_tag_reference_index;validated_slot_olang_map_entity_identity; candidate attached as auxiliary evidence only; verify against JPN and context; auxiliary candidates only; JPN remains authoritative; verify against JPN text and context
5D3AF9CD,52,52,52,1,,page1951:tag2:entity51:key00000004:ref52:ord0,先制核攻撃で潰される危険も極めて低い,"単独で移動が可能で
レーダーにも衛星にも捕捉されにくいステルスだから","最適な位置へ移動し 核ミサイルを発射する
<R= 自動報復 ,フェイル デッドリー>システム",,,,NOT_CHECKED,100,,NOT_STARTED,NOT_BUILT,NOT_TESTED,JPN_PRIMARY; MLG_CN_CONTEXT_AUXILIARY,mechanical template; resource_class=SLOT_OLANG; source_objects=1,"一种失效致命系统，能够
自动进入阵位","[""一种失效致命系统，能够\n自动进入阵位""]","A fail-deadly system that can 
automatically move into position","[""A fail-deadly system that can \nautomatically move into position""]",AUX_CN_ATTACHED,exact_jpn_slot_page_tag_reference_index;validated_slot_olang_map_entity_identity,master status=AUX_CN_ATTACHED; mapping method=exact_jpn_slot_page_tag_reference_index;validated_slot_olang_map_entity_identity; candidate attached as auxiliary evidence only; verify against JPN and context; auxiliary candidates only; JPN remains authoritative; verify against JPN text and context
5D3AF9CD,53,53,53,1,,page1951:tag2:entity50:key00000003:ref53:ord0,"単独で移動が可能で
レーダーにも衛星にも捕捉されにくいステルスだから","最適な位置へ移動し 核ミサイルを発射する
<R= 自動報復 ,フェイル デッドリー>システム",無人核兵器…？,"<R= 自動報復 ,フェイル デッドリー>",,,NOT_CHECKED,118,,NOT_STARTED,NOT_BUILT,NOT_TESTED,JPN_PRIMARY; MLG_CN_CONTEXT_AUXILIARY,mechanical template; resource_class=SLOT_OLANG; source_objects=1,无人…核平台…？,"[""无人…核平台…？""]",Unmanned... nuclear platform...?,"[""Unmanned... nuclear platform...?""]",AUX_CN_ATTACHED,exact_jpn_slot_page_tag_reference_index;validated_slot_olang_map_entity_identity,master status=AUX_CN_ATTACHED; mapping method=exact_jpn_slot_page_tag_reference_index;validated_slot_olang_map_entity_identity; candidate attached as auxiliary evidence only; verify against JPN and context; auxiliary candidates only; JPN remains authoritative; verify against JPN text and context
5D3AF9CD,54,54,54,1,,page1951:tag2:entity49:key00000002:ref54:ord0,"最適な位置へ移動し 核ミサイルを発射する
<R= 自動報復 ,フェイル デッドリー>システム",無人核兵器…？,歩く力だ,,,,NOT_CHECKED,21,,NOT_STARTED,NOT_BUILT,NOT_TESTED,JPN_PRIMARY; MLG_CN_CONTEXT_AUXILIARY,mechanical template; resource_class=SLOT_OLANG; source_objects=1,移动式无人核平台。,"[""移动式无人核平台。""]","A mobile, unmanned nuclear platform.","[""A mobile, unmanned nuclear platform.""]",AUX_CN_ATTACHED,exact_jpn_slot_page_tag_reference_index;validated_slot_olang_map_entity_identity,master status=AUX_CN_ATTACHED; mapping method=exact_jpn_slot_page_tag_reference_index;validated_slot_olang_map_entity_identity; candidate attached as auxiliary evidence only; verify against JPN and context; auxiliary candidates only; JPN remains authoritative; verify against JPN text and context
5D3AF9CD,55,55,55,1,,page1951:tag2:entity60:key0000000D:ref55:ord0,無人核兵器…？,歩く力だ,脚だ,,,,NOT_CHECKED,12,,NOT_STARTED,NOT_BUILT,NOT_TESTED,JPN_PRIMARY; MLG_CN_CONTEXT_AUXILIARY,mechanical template; resource_class=SLOT_OLANG; source_objects=1,"很多时候，
你连一条像样的路都修不了。","[""很多时候，\n你连一条像样的路都修不了。""]","A lot of the time 
you can't even build a proper road.","[""A lot of the time \nyou can't even build a proper road.""]",AUX_CN_ATTACHED,exact_jpn_slot_page_tag_reference_index;validated_slot_olang_map_entity_identity,master status=AUX_CN_ATTACHED; mapping method=exact_jpn_slot_page_tag_reference_index;validated_slot_olang_map_entity_identity; candidate attached as auxiliary evidence only; verify against JPN and context; auxiliary candidates only; JPN remains authoritative; verify against JPN text and context
5D3AF9CD,56,56,56,1,,page1951:tag2:entity59:key0000000C:ref56:ord0,歩く力だ,脚だ,なんだ,,,,NOT_CHECKED,6,,NOT_STARTED,NOT_BUILT,NOT_TESTED,JPN_PRIMARY; MLG_CN_CONTEXT_AUXILIARY,mechanical template; resource_class=SLOT_OLANG; source_objects=1,"显然在冷战巅峰时期，
他算是个英雄人物。","[""显然在冷战巅峰时期，\n他算是个英雄人物。""]","Apparently he was some sort of hero 
back at the height of the Cold War.","[""Apparently he was some sort of hero \nback at the height of the Cold War.""]",AUX_CN_ATTACHED,exact_jpn_slot_page_tag_reference_index;validated_slot_olang_map_entity_identity,master status=AUX_CN_ATTACHED; mapping method=exact_jpn_slot_page_tag_reference_index;validated_slot_olang_map_entity_identity; candidate attached as auxiliary evidence only; verify against JPN and context; auxiliary candidates only; JPN remains authoritative; verify against JPN text and context
5D3AF9CD,57,57,57,1,,page1951:tag2:entity58:key0000000B:ref57:ord0,脚だ,なんだ,…そこで僕は原点に還った,,,,NOT_CHECKED,9,,NOT_STARTED,NOT_BUILT,NOT_TESTED,JPN_PRIMARY; MLG_CN_CONTEXT_AUXILIARY,mechanical template; resource_class=SLOT_OLANG; source_objects=1,"加勒比地区没有旱季。
全年都在下雨。","[""加勒比地区没有旱季。\n全年都在下雨。""]","There's no dry season in the Caribbean. 
It rains all year round.","[""There's no dry season in the Caribbean. \nIt rains all year round.""]",AUX_CN_ATTACHED,exact_jpn_slot_page_tag_reference_index;validated_slot_olang_map_entity_identity,master status=AUX_CN_ATTACHED; mapping method=exact_jpn_slot_page_tag_reference_index;validated_slot_olang_map_entity_identity; candidate attached as auxiliary evidence only; verify against JPN and context; auxiliary candidates only; JPN remains authoritative; verify against JPN text and context
5D3AF9CD,58,58,58,1,,page1951:tag2:entity57:key0000000A:ref58:ord0,なんだ,…そこで僕は原点に還った,移動式無人核兵器をね,,,,NOT_CHECKED,36,,NOT_STARTED,NOT_BUILT,NOT_TESTED,JPN_PRIMARY; MLG_CN_CONTEXT_AUXILIARY,mechanical template; resource_class=SLOT_OLANG; source_objects=1,"理应如此。
问题在于移动系统。","[""理应如此。\n问题在于移动系统。""]","Supposed to be. 
The problem is the locomotion system.","[""Supposed to be. \nThe problem is the locomotion system.""]",AUX_CN_ATTACHED,exact_jpn_slot_page_tag_reference_index;validated_slot_olang_map_entity_identity,master status=AUX_CN_ATTACHED; mapping method=exact_jpn_slot_page_tag_reference_index;validated_slot_olang_map_entity_identity; candidate attached as auxiliary evidence only; verify against JPN and context; auxiliary candidates only; JPN remains authoritative; verify against JPN text and context
5D3AF9CD,59,59,59,1,,page1951:tag2:entity48:key00000001:ref59:ord0,…そこで僕は原点に還った,移動式無人核兵器をね,中南米カリブ海沿岸に 新型核兵器を配備する,,,,NOT_CHECKED,30,,NOT_STARTED,NOT_BUILT,NOT_TESTED,JPN_PRIMARY; MLG_CN_CONTEXT_AUXILIARY,mechanical template; resource_class=SLOT_OLANG; source_objects=1,沿着拉丁美洲的加勒比海岸。,"[""沿着拉丁美洲的加勒比海岸。""]",along the Caribbean coast of Latin America.,"[""along the Caribbean coast of Latin America.""]",AUX_CN_ATTACHED,exact_jpn_slot_page_tag_reference_index;validated_slot_olang_map_entity_identity,master status=AUX_CN_ATTACHED; mapping method=exact_jpn_slot_page_tag_reference_index;validated_slot_olang_map_entity_identity; candidate attached as auxiliary evidence only; verify against JPN and context; auxiliary candidates only; JPN remains authoritative; verify against JPN text and context
5D3AF9CD,60,60,60,1,,page1951:tag2:entity47:key00000000:ref60:ord0,移動式無人核兵器をね,中南米カリブ海沿岸に 新型核兵器を配備する,メタルギア か… ,,,,NOT_CHECKED,61,,NOT_STARTED,NOT_BUILT,NOT_TESTED,JPN_PRIMARY; MLG_CN_CONTEXT_AUXILIARY,mechanical template; resource_class=SLOT_OLANG; source_objects=1,"他们将部署
一种新型核武器","[""他们将部署\n一种新型核武器""]","They're going to deploy 
a new type of nuclear weapon","[""They're going to deploy \na new type of nuclear weapon""]",AUX_CN_ATTACHED,exact_jpn_slot_page_tag_reference_index;validated_slot_olang_map_entity_identity,master status=AUX_CN_ATTACHED; mapping method=exact_jpn_slot_page_tag_reference_index;validated_slot_olang_map_entity_identity; candidate attached as auxiliary evidence only; verify against JPN and context; auxiliary candidates only; JPN remains authoritative; verify against JPN text and context
5D3AF9CD,61,61,61,1,,page1951:tag2:entity69:key00000008:ref61:ord0,中南米カリブ海沿岸に 新型核兵器を配備する,メタルギア か… ,"<R=金属の歯車,メタル・ギア>… ",,,,NOT_CHECKED,23,,NOT_STARTED,NOT_BUILT,NOT_TESTED,JPN_PRIMARY; MLG_CN_CONTEXT_AUXILIARY,mechanical template; resource_class=SLOT_OLANG; source_objects=1,Metal Gear…,"[""Metal Gear…""]",Metal Gear...,"[""Metal Gear...""]",AUX_CN_ATTACHED,exact_jpn_slot_page_tag_reference_index;validated_slot_olang_map_entity_identity,master status=AUX_CN_ATTACHED; mapping method=exact_jpn_slot_page_tag_reference_index;validated_slot_olang_map_entity_identity; candidate attached as auxiliary evidence only; verify against JPN and context; auxiliary candidates only; JPN remains authoritative; verify against JPN text and context
5D3AF9CD,62,62,62,1,,page1951:tag2:entity68:key00000007:ref62:ord0,メタルギア か… ,"<R=金属の歯車,メタル・ギア>… ",歩兵と戦車を結ぶミッシング・リンク ,"<R=金属の歯車,メタル・ギア>",,,NOT_CHECKED,42,,NOT_STARTED,NOT_BUILT,NOT_TESTED,JPN_PRIMARY; MLG_CN_CONTEXT_AUXILIARY,mechanical template; resource_class=SLOT_OLANG; source_objects=1,Metal Gear…,"[""Metal Gear…""]",Metal Gear...,"[""Metal Gear...""]",AUX_CN_ATTACHED,exact_jpn_slot_page_tag_reference_index;validated_slot_olang_map_entity_identity,master status=AUX_CN_ATTACHED; mapping method=exact_jpn_slot_page_tag_reference_index;validated_slot_olang_map_entity_identity; candidate attached as auxiliary evidence only; verify against JPN and context; auxiliary candidates only; JPN remains authoritative; verify against JPN text and context
5D3AF9CD,63,63,63,1,,page1951:tag2:entity67:key00000006:ref63:ord0,"<R=金属の歯車,メタル・ギア>… ",歩兵と戦車を結ぶミッシング・リンク ,"基礎アイデアは東側の<R=借り物,パクリ>だけどね… ",,,,NOT_CHECKED,52,,NOT_STARTED,NOT_BUILT,NOT_TESTED,JPN_PRIMARY; MLG_CN_CONTEXT_AUXILIARY,mechanical template; resource_class=SLOT_OLANG; source_objects=1,步兵与炮兵之间缺失的一环。,"[""步兵与炮兵之间缺失的一环。""]",The missing link between infantry and artillery.,"[""The missing link between infantry and artillery.""]",AUX_CN_ATTACHED,exact_jpn_slot_page_tag_reference_index;validated_slot_olang_map_entity_identity,master status=AUX_CN_ATTACHED; mapping method=exact_jpn_slot_page_tag_reference_index;validated_slot_olang_map_entity_identity; candidate attached as auxiliary evidence only; verify against JPN and context; auxiliary candidates only; JPN remains authoritative; verify against JPN text and context
5D3AF9CD,64,64,64,1,,page1951:tag2:entity66:key00000005:ref64:ord0,歩兵と戦車を結ぶミッシング・リンク ,"基礎アイデアは東側の<R=借り物,パクリ>だけどね… ",歩く核兵器とはな…,"<R=借り物,パクリ>",,,NOT_CHECKED,69,,NOT_STARTED,NOT_BUILT,NOT_TESTED,JPN_PRIMARY; MLG_CN_CONTEXT_AUXILIARY,mechanical template; resource_class=SLOT_OLANG; source_objects=1,"我算是从铁幕那边
借来了最初的想法…","[""我算是从铁幕那边\n借来了最初的想法…""]","I sort of borrowed the original idea 
from behind the Iron Curtain...","[""I sort of borrowed the original idea \nfrom behind the Iron Curtain...""]",AUX_CN_ATTACHED,exact_jpn_slot_page_tag_reference_index;validated_slot_olang_map_entity_identity,master status=AUX_CN_ATTACHED; mapping method=exact_jpn_slot_page_tag_reference_index;validated_slot_olang_map_entity_identity; candidate attached as auxiliary evidence only; verify against JPN and context; auxiliary candidates only; JPN remains authoritative; verify against JPN text and context
5D3AF9CD,65,65,65,1,,page1951:tag2:entity65:key00000004:ref65:ord0,"基礎アイデアは東側の<R=借り物,パクリ>だけどね… ",歩く核兵器とはな…,組み立てと実地検証を ここで行っていた,,,,NOT_CHECKED,27,,NOT_STARTED,NOT_BUILT,NOT_TESTED,JPN_PRIMARY; MLG_CN_CONTEXT_AUXILIARY,mechanical template; resource_class=SLOT_OLANG; source_objects=1,一台行走的核弹…,"[""一台行走的核弹…""]",A walking nuke...,"[""A walking nuke...""]",AUX_CN_ATTACHED,exact_jpn_slot_page_tag_reference_index;validated_slot_olang_map_entity_identity,master status=AUX_CN_ATTACHED; mapping method=exact_jpn_slot_page_tag_reference_index;validated_slot_olang_map_entity_identity; candidate attached as auxiliary evidence only; verify against JPN and context; auxiliary candidates only; JPN remains authoritative; verify against JPN text and context
5D3AF9CD,66,66,66,1,,page1951:tag2:entity64:key00000003:ref66:ord0,歩く核兵器とはな…,組み立てと実地検証を ここで行っていた,"チコが見たバシリスコは…
<R=ピースウォーカー,こいつ>の事だったのか",,,,NOT_CHECKED,55,,NOT_STARTED,NOT_BUILT,NOT_TESTED,JPN_PRIMARY; MLG_CN_CONTEXT_AUXILIARY,mechanical template; resource_class=SLOT_OLANG; source_objects=1,我们在这里完成了组装和实地测试。,"[""我们在这里完成了组装和实地测试。""]",We did the assembly and field testing here.,"[""We did the assembly and field testing here.""]",AUX_CN_ATTACHED,exact_jpn_slot_page_tag_reference_index;validated_slot_olang_map_entity_identity,master status=AUX_CN_ATTACHED; mapping method=exact_jpn_slot_page_tag_reference_index;validated_slot_olang_map_entity_identity; candidate attached as auxiliary evidence only; verify against JPN and context; auxiliary candidates only; JPN remains authoritative; verify against JPN text and context
5D3AF9CD,67,67,67,1,,page1951:tag2:entity63:key00000002:ref67:ord0,組み立てと実地検証を ここで行っていた,"チコが見たバシリスコは…
<R=ピースウォーカー,こいつ>の事だったのか",それが『ピースウォーカー』だ,"<R=ピースウォーカー,こいつ>",,,NOT_CHECKED,96,,NOT_STARTED,NOT_BUILT,NOT_TESTED,JPN_PRIMARY; MLG_CN_CONTEXT_AUXILIARY,mechanical template; resource_class=SLOT_OLANG; source_objects=1,Chico的basilisco…,"[""Chico的basilisco…""]",Chico's basilisco...,"[""Chico's basilisco...""]",AUX_CN_ATTACHED,exact_jpn_slot_page_tag_reference_index;validated_slot_olang_map_entity_identity,master status=AUX_CN_ATTACHED; mapping method=exact_jpn_slot_page_tag_reference_index;validated_slot_olang_map_entity_identity; candidate attached as auxiliary evidence only; verify against JPN and context; auxiliary candidates only; JPN remains authoritative; verify against JPN text and context
5D3AF9CD,68,68,68,1,,page1951:tag2:entity62:key00000001:ref68:ord0,"チコが見たバシリスコは…
<R=ピースウォーカー,こいつ>の事だったのか",それが『ピースウォーカー』だ,"ソ連の<R=RDS-220,ツァーリ・ボンバ>をも超える
大型熱核弾頭を積載できる<R=自律歩行型核兵器,モビルランチャー>",,,,NOT_CHECKED,42,,NOT_STARTED,NOT_BUILT,NOT_TESTED,JPN_PRIMARY; MLG_CN_CONTEXT_AUXILIARY,mechanical template; resource_class=SLOT_OLANG; source_objects=1,"比苏联的RDS-220（沙皇炸弹）还强。
那就是和平行者。","[""比苏联的RDS-220（沙皇炸弹）还强。\n那就是和平行者。""]","than the Soviet RDS-220's (Tsar Bomba). 
That's Peace Walker.","[""than the Soviet RDS-220's (Tsar Bomba). \nThat's Peace Walker.""]",AUX_CN_ATTACHED,exact_jpn_slot_page_tag_reference_index;validated_slot_olang_map_entity_identity,master status=AUX_CN_ATTACHED; mapping method=exact_jpn_slot_page_tag_reference_index;validated_slot_olang_map_entity_identity; candidate attached as auxiliary evidence only; verify against JPN and context; auxiliary candidates only; JPN remains authoritative; verify against JPN text and context
5D3AF9CD,69,69,69,1,,page1951:tag2:entity61:key00000000:ref69:ord0,それが『ピースウォーカー』だ,"ソ連の<R=RDS-220,ツァーリ・ボンバ>をも超える
大型熱核弾頭を積載できる<R=自律歩行型核兵器,モビルランチャー>",そうすれば自国も滅んでしまう,"<R=RDS-220,ツァーリ・ボンバ> | <R=自律歩行型核兵器,モビルランチャー>",,,NOT_CHECKED,150,,NOT_STARTED,NOT_BUILT,NOT_TESTED,JPN_PRIMARY; MLG_CN_CONTEXT_AUXILIARY,mechanical template; resource_class=SLOT_OLANG; source_objects=1,"搭载热核弹头的移动发射装置，
其威力甚至更强大","[""搭载热核弹头的移动发射装置，\n其威力甚至更强大""]","A mobile launcher carrying a thermonuclear 
warhead even more powerful","[""A mobile launcher carrying a thermonuclear \nwarhead even more powerful""]",AUX_CN_ATTACHED,exact_jpn_slot_page_tag_reference_index;validated_slot_olang_map_entity_identity,master status=AUX_CN_ATTACHED; mapping method=exact_jpn_slot_page_tag_reference_index;validated_slot_olang_map_entity_identity; candidate attached as auxiliary evidence only; verify against JPN and context; auxiliary candidates only; JPN remains authoritative; verify against JPN text and context
5D3AF9CD,70,70,70,1,,page1951:tag2:entity79:key00000009:ref70:ord0,"ソ連の<R=RDS-220,ツァーリ・ボンバ>をも超える
大型熱核弾頭を積載できる<R=自律歩行型核兵器,モビルランチャー>",そうすれば自国も滅んでしまう,こちらが核を撃てば報復として相手も撃ち返すだろう,,,,NOT_CHECKED,42,,NOT_STARTED,NOT_BUILT,NOT_TESTED,JPN_PRIMARY; MLG_CN_CONTEXT_AUXILIARY,mechanical template; resource_class=SLOT_OLANG; source_objects=1,"这意味着发射本身就是自杀行为。
到头来，哪一方都无法使用核武器。","[""这意味着发射本身就是自杀行为。\n到头来，哪一方都无法使用核武器。""]","Which makes launching an act of suicide. 
In the end, neither side can use its nukes.","[""Which makes launching an act of suicide. \nIn the end, neither side can use its nukes.""]",AUX_CN_ATTACHED,exact_jpn_slot_page_tag_reference_index;validated_slot_olang_map_entity_identity,master status=AUX_CN_ATTACHED; mapping method=exact_jpn_slot_page_tag_reference_index;validated_slot_olang_map_entity_identity; candidate attached as auxiliary evidence only; verify against JPN and context; auxiliary candidates only; JPN remains authoritative; verify against JPN text and context
5D3AF9CD,71,71,71,1,,page1951:tag2:entity78:key00000008:ref71:ord0,そうすれば自国も滅んでしまう,こちらが核を撃てば報復として相手も撃ち返すだろう,「核によって核を制する」という考え方だ,,,,NOT_CHECKED,72,,NOT_STARTED,NOT_BUILT,NOT_TESTED,JPN_PRIMARY; MLG_CN_CONTEXT_AUXILIARY,mechanical template; resource_class=SLOT_OLANG; source_objects=1,"另一方必定会以牙还牙，
发射自己的核武器。","[""另一方必定会以牙还牙，\n发射自己的核武器。""]",the other is sure to launch theirs in retaliation.,"[""the other is sure to launch theirs in retaliation.""]",AUX_CN_ATTACHED,exact_jpn_slot_page_tag_reference_index;validated_slot_olang_map_entity_identity,master status=AUX_CN_ATTACHED; mapping method=exact_jpn_slot_page_tag_reference_index;validated_slot_olang_map_entity_identity; candidate attached as auxiliary evidence only; verify against JPN and context; auxiliary candidates only; JPN remains authoritative; verify against JPN text and context
5D3AF9CD,72,72,72,1,,page1951:tag2:entity77:key00000007:ref72:ord0,こちらが核を撃てば報復として相手も撃ち返すだろう,「核によって核を制する」という考え方だ,核抑止とは…,,,,NOT_CHECKED,57,,NOT_STARTED,NOT_BUILT,NOT_TESTED,JPN_PRIMARY; MLG_CN_CONTEXT_AUXILIARY,mechanical template; resource_class=SLOT_OLANG; source_objects=1,如果一方发射了核武器，,"[""如果一方发射了核武器，""]","If one side launches nuclear weapons,","[""If one side launches nuclear weapons,""]",AUX_CN_ATTACHED,exact_jpn_slot_page_tag_reference_index;validated_slot_olang_map_entity_identity,master status=AUX_CN_ATTACHED; mapping method=exact_jpn_slot_page_tag_reference_index;validated_slot_olang_map_entity_identity; candidate attached as auxiliary evidence only; verify against JPN and context; auxiliary candidates only; JPN remains authoritative; verify against JPN text and context
5D3AF9CD,73,73,73,1,,page1951:tag2:entity76:key00000006:ref73:ord0,「核によって核を制する」という考え方だ,核抑止とは…,その事実こそが必要だっていうんだ,,,,NOT_CHECKED,18,,NOT_STARTED,NOT_BUILT,NOT_TESTED,JPN_PRIMARY; MLG_CN_CONTEXT_AUXILIARY,mechanical template; resource_class=SLOT_OLANG; source_objects=1,"简单来说，核威慑就是用核武器
来制约核武器的理念。","[""简单来说，核威慑就是用核武器\n来制约核武器的理念。""]","Put simply, nuclear deterrence is the idea 
of using nukes to keep nukes in check.","[""Put simply, nuclear deterrence is the idea \nof using nukes to keep nukes in check.""]",AUX_CN_ATTACHED,exact_jpn_slot_page_tag_reference_index;validated_slot_olang_map_entity_identity,master status=AUX_CN_ATTACHED; mapping method=exact_jpn_slot_page_tag_reference_index;validated_slot_olang_map_entity_identity; candidate attached as auxiliary evidence only; verify against JPN and context; auxiliary candidates only; JPN remains authoritative; verify against JPN text and context
5D3AF9CD,74,74,74,1,,page1951:tag2:entity75:key00000005:ref74:ord0,核抑止とは…,その事実こそが必要だっていうんだ,「核を撃たれたら 絶対に核を撃ち返す」,,,,NOT_CHECKED,48,,NOT_STARTED,NOT_BUILT,NOT_TESTED,JPN_PRIMARY; MLG_CN_CONTEXT_AUXILIARY,mechanical template; resource_class=SLOT_OLANG; source_objects=1,"用他的话说，“要证明如果有人
攻击我们，我们必会反击。”","[""用他的话说，“要证明如果有人\n攻击我们，我们必会反击。”""]","In his words, ""to prove that if someone 
attacks us, we will strike back.""","[""In his words, \""to prove that if someone \nattacks us, we will strike back.\""""]",AUX_CN_ATTACHED,exact_jpn_slot_page_tag_reference_index;validated_slot_olang_map_entity_identity,master status=AUX_CN_ATTACHED; mapping method=exact_jpn_slot_page_tag_reference_index;validated_slot_olang_map_entity_identity; candidate attached as auxiliary evidence only; verify against JPN and context; auxiliary candidates only; JPN remains authoritative; verify against JPN text and context
5D3AF9CD,75,75,75,1,,page1951:tag2:entity74:key00000004:ref75:ord0,その事実こそが必要だっていうんだ,「核を撃たれたら 絶対に核を撃ち返す」,完全なる抑止力を証明するために 核を撃つ？ ,,,,NOT_CHECKED,55,,NOT_STARTED,NOT_BUILT,NOT_TESTED,JPN_PRIMARY; MLG_CN_CONTEXT_AUXILIARY,mechanical template; resource_class=SLOT_OLANG; source_objects=1,"等等。他发射核弹，是为了证明
他那完美的威慑理论可行？","[""等等。他发射核弹，是为了证明\n他那完美的威慑理论可行？""]","Wait. He's launching a nuke to prove 
that his perfect deterrent works?","[""Wait. He's launching a nuke to prove \nthat his perfect deterrent works?""]",AUX_CN_ATTACHED,exact_jpn_slot_page_tag_reference_index;validated_slot_olang_map_entity_identity,master status=AUX_CN_ATTACHED; mapping method=exact_jpn_slot_page_tag_reference_index;validated_slot_olang_map_entity_identity; candidate attached as auxiliary evidence only; verify against JPN and context; auxiliary candidates only; JPN remains authoritative; verify against JPN text and context
5D3AF9CD,76,76,76,1,,page1951:tag2:entity73:key00000003:ref76:ord0,「核を撃たれたら 絶対に核を撃ち返す」,完全なる抑止力を証明するために 核を撃つ？ ,"そこでコールドマンは予算確保のため 演習を兼ねて
<R=本部,ラングレー>にデモンストレーションを行うつもりなんだ ",,,,NOT_CHECKED,62,,NOT_STARTED,NOT_BUILT,NOT_TESTED,JPN_PRIMARY; MLG_CN_CONTEXT_AUXILIARY,mechanical template; resource_class=SLOT_OLANG; source_objects=1,"这同时也将作为
对兰利那帮人的一次展示。","[""这同时也将作为\n对兰利那帮人的一次展示。""]","which will also serve as a demonstration 
for the folks back at Langley.","[""which will also serve as a demonstration \nfor the folks back at Langley.""]",AUX_CN_ATTACHED,exact_jpn_slot_page_tag_reference_index;validated_slot_olang_map_entity_identity,master status=AUX_CN_ATTACHED; mapping method=exact_jpn_slot_page_tag_reference_index;validated_slot_olang_map_entity_identity; candidate attached as auxiliary evidence only; verify against JPN and context; auxiliary candidates only; JPN remains authoritative; verify against JPN text and context
5D3AF9CD,77,77,77,1,,page1951:tag2:entity72:key00000002:ref77:ord0,完全なる抑止力を証明するために 核を撃つ？ ,"そこでコールドマンは予算確保のため 演習を兼ねて
<R=本部,ラングレー>にデモンストレーションを行うつもりなんだ ",実際には 報復が完全に行われる保障はない ,"<R=本部,ラングレー>",,,NOT_CHECKED,158,,NOT_STARTED,NOT_BUILT,NOT_TESTED,JPN_PRIMARY; MLG_CN_CONTEXT_AUXILIARY,mechanical template; resource_class=SLOT_OLANG; source_objects=1,"Coldman需要资金。
为了获得资金，他正计划一次测试，","[""Coldman需要资金。\n为了获得资金，他正计划一次测试，""]","Coldman needs funding for that. 
And to get it, he's planning a test,","[""Coldman needs funding for that. \nAnd to get it, he's planning a test,""]",AUX_CN_ATTACHED,exact_jpn_slot_page_tag_reference_index;validated_slot_olang_map_entity_identity,master status=AUX_CN_ATTACHED; mapping method=exact_jpn_slot_page_tag_reference_index;validated_slot_olang_map_entity_identity; candidate attached as auxiliary evidence only; verify against JPN and context; auxiliary candidates only; JPN remains authoritative; verify against JPN text and context
5D3AF9CD,78,78,78,1,,page1951:tag2:entity86:key00000010:ref78:ord0,"そこでコールドマンは予算確保のため 演習を兼ねて
<R=本部,ラングレー>にデモンストレーションを行うつもりなんだ ",実際には 報復が完全に行われる保障はない ,核抑止論は あくまで机上の空論だ ,,,,NOT_CHECKED,59,,NOT_STARTED,NOT_BUILT,NOT_TESTED,JPN_PRIMARY; MLG_CN_CONTEXT_AUXILIARY,mechanical template; resource_class=SLOT_OLANG; source_objects=1,他们必须被阻止。,"[""他们必须被阻止。""]",They've got to be stopped.,"[""They've got to be stopped.""]",AUX_CN_ATTACHED,exact_jpn_slot_page_tag_reference_index;validated_slot_olang_map_entity_identity,master status=AUX_CN_ATTACHED; mapping method=exact_jpn_slot_page_tag_reference_index;validated_slot_olang_map_entity_identity; candidate attached as auxiliary evidence only; verify against JPN and context; auxiliary candidates only; JPN remains authoritative; verify against JPN text and context
5D3AF9CD,79,79,79,1,,page1951:tag2:entity85:key0000000F:ref79:ord0,実際には 報復が完全に行われる保障はない ,核抑止論は あくまで机上の空論だ ,だけど…,,,,NOT_CHECKED,47,,NOT_STARTED,NOT_BUILT,NOT_TESTED,JPN_PRIMARY; MLG_CN_CONTEXT_AUXILIARY,mechanical template; resource_class=SLOT_OLANG; source_objects=1,"实际上，没有任何保证
哪一方会真的实施报复。","[""实际上，没有任何保证\n哪一方会真的实施报复。""]","In reality, there's no guarantee that either side 
would follow through with retaliation.","[""In reality, there's no guarantee that either side \nwould follow through with retaliation.""]",AUX_CN_ATTACHED,exact_jpn_slot_page_tag_reference_index;validated_slot_olang_map_entity_identity,master status=AUX_CN_ATTACHED; mapping method=exact_jpn_slot_page_tag_reference_index;validated_slot_olang_map_entity_identity; candidate attached as auxiliary evidence only; verify against JPN and context; auxiliary candidates only; JPN remains authoritative; verify against JPN text and context
5D3AF9CD,80,80,80,1,,page1951:tag2:entity84:key0000000E:ref80:ord0,核抑止論は あくまで机上の空論だ ,だけど…,少なくとも 世界規模の戦争は抑制された,,,,NOT_CHECKED,12,,NOT_STARTED,NOT_BUILT,NOT_TESTED,JPN_PRIMARY; MLG_CN_CONTEXT_AUXILIARY,mechanical template; resource_class=SLOT_OLANG; source_objects=1,但核威慑理论只存在于纸面上。,"[""但核威慑理论只存在于纸面上。""]","But the theory of nuclear deterrence 
exists only on paper.","[""But the theory of nuclear deterrence \nexists only on paper.""]",AUX_CN_ATTACHED,exact_jpn_slot_page_tag_reference_index;validated_slot_olang_map_entity_identity,master status=AUX_CN_ATTACHED; mapping method=exact_jpn_slot_page_tag_reference_index;validated_slot_olang_map_entity_identity; candidate attached as auxiliary evidence only; verify against JPN and context; auxiliary candidates only; JPN remains authoritative; verify against JPN text and context
5D3AF9CD,81,81,81,1,,page1951:tag2:entity83:key0000000D:ref81:ord0,だけど…,少なくとも 世界規模の戦争は抑制された,核による抑止力が平和をもたらしたんだ,,,,NOT_CHECKED,55,,NOT_STARTED,NOT_BUILT,NOT_TESTED,JPN_PRIMARY; MLG_CN_CONTEXT_AUXILIARY,mechanical template; resource_class=SLOT_OLANG; source_objects=1,"至少，它防止了另一场
世界大战的爆发。","[""至少，它防止了另一场\n世界大战的爆发。""]","At the very least, it's prevented another 
World War from breaking out.","[""At the very least, it's prevented another \nWorld War from breaking out.""]",AUX_CN_ATTACHED,exact_jpn_slot_page_tag_reference_index;validated_slot_olang_map_entity_identity,master status=AUX_CN_ATTACHED; mapping method=exact_jpn_slot_page_tag_reference_index;validated_slot_olang_map_entity_identity; candidate attached as auxiliary evidence only; verify against JPN and context; auxiliary candidates only; JPN remains authoritative; verify against JPN text and context
5D3AF9CD,82,82,82,1,,page1951:tag2:entity82:key0000000C:ref82:ord0,少なくとも 世界規模の戦争は抑制された,核による抑止力が平和をもたらしたんだ,"そのおかげで 大国同士が全力で
衝突するような事態は回避された ",,,,NOT_CHECKED,54,,NOT_STARTED,NOT_BUILT,NOT_TESTED,JPN_PRIMARY; MLG_CN_CONTEXT_AUXILIARY,mechanical template; resource_class=SLOT_OLANG; source_objects=1,这里的地形遍布热带雨林…,"[""这里的地形遍布热带雨林…""]",The terrain is full of tropical rainforest...,"[""The terrain is full of tropical rainforest...""]",AUX_CN_ATTACHED,exact_jpn_slot_page_tag_reference_index;validated_slot_olang_map_entity_identity,master status=AUX_CN_ATTACHED; mapping method=exact_jpn_slot_page_tag_reference_index;validated_slot_olang_map_entity_identity; candidate attached as auxiliary evidence only; verify against JPN and context; auxiliary candidates only; JPN remains authoritative; verify against JPN text and context
5D3AF9CD,83,83,83,1,,page1951:tag2:entity81:key0000000B:ref83:ord0,核による抑止力が平和をもたらしたんだ,"そのおかげで 大国同士が全力で
衝突するような事態は回避された ",それゆえに お互いに核を撃てない,,,,NOT_CHECKED,90,,NOT_STARTED,NOT_BUILT,NOT_TESTED,JPN_PRIMARY; MLG_CN_CONTEXT_AUXILIARY,mechanical template; resource_class=SLOT_OLANG; source_objects=1,"世界两大超级大国
避免了全面对抗。","[""世界两大超级大国\n避免了全面对抗。""]","the world's two superpowers 
have avoided all-out confrontation.","[""the world's two superpowers \nhave avoided all-out confrontation.""]",AUX_CN_ATTACHED,exact_jpn_slot_page_tag_reference_index;validated_slot_olang_map_entity_identity,master status=AUX_CN_ATTACHED; mapping method=exact_jpn_slot_page_tag_reference_index;validated_slot_olang_map_entity_identity; candidate attached as auxiliary evidence only; verify against JPN and context; auxiliary candidates only; JPN remains authoritative; verify against JPN text and context
5D3AF9CD,84,84,84,1,,page1951:tag2:entity80:key0000000A:ref84:ord0,"そのおかげで 大国同士が全力で
衝突するような事態は回避された ",それゆえに お互いに核を撃てない,実際は 数十機もの配備が必要になる,,,,NOT_CHECKED,46,,NOT_STARTED,NOT_BUILT,NOT_TESTED,JPN_PRIMARY; MLG_CN_CONTEXT_AUXILIARY,mechanical template; resource_class=SLOT_OLANG; source_objects=1,正是得益于这一理论，,"[""正是得益于这一理论，""]",It's thanks to this doctrine that,"[""It's thanks to this doctrine that""]",AUX_CN_ATTACHED,exact_jpn_slot_page_tag_reference_index;validated_slot_olang_map_entity_identity,master status=AUX_CN_ATTACHED; mapping method=exact_jpn_slot_page_tag_reference_index;validated_slot_olang_map_entity_identity; candidate attached as auxiliary evidence only; verify against JPN and context; auxiliary candidates only; JPN remains authoritative; verify against JPN text and context
5D3AF9CD,85,85,85,1,,page1951:tag2:entity71:key00000001:ref85:ord0,それゆえに お互いに核を撃てない,実際は 数十機もの配備が必要になる,だが…,,,,NOT_CHECKED,49,,NOT_STARTED,NOT_BUILT,NOT_TESTED,JPN_PRIMARY; MLG_CN_CONTEXT_AUXILIARY,mechanical template; resource_class=SLOT_OLANG; source_objects=1,他们实际上需要部署几十枚才行。,"[""他们实际上需要部署几十枚才行。""]",They'd actually need to deploy dozens of them.,"[""They'd actually need to deploy dozens of them.""]",AUX_CN_ATTACHED,exact_jpn_slot_page_tag_reference_index;validated_slot_olang_map_entity_identity,master status=AUX_CN_ATTACHED; mapping method=exact_jpn_slot_page_tag_reference_index;validated_slot_olang_map_entity_identity; candidate attached as auxiliary evidence only; verify against JPN and context; auxiliary candidates only; JPN remains authoritative; verify against JPN text and context
5D3AF9CD,86,86,86,1,,page1951:tag2:entity70:key00000000:ref86:ord0,実際は 数十機もの配備が必要になる,だが…,だからこその無人システムだ,,,,NOT_CHECKED,9,,NOT_STARTED,NOT_BUILT,NOT_TESTED,JPN_PRIMARY; MLG_CN_CONTEXT_AUXILIARY,mechanical template; resource_class=SLOT_OLANG; source_objects=1,但是…,"[""但是…""]",But...,"[""But...""]",AUX_CN_ATTACHED,exact_jpn_slot_page_tag_reference_index;validated_slot_olang_map_entity_identity,master status=AUX_CN_ATTACHED; mapping method=exact_jpn_slot_page_tag_reference_index;validated_slot_olang_map_entity_identity; candidate attached as auxiliary evidence only; verify against JPN and context; auxiliary candidates only; JPN remains authoritative; verify against JPN text and context
5D3AF9CD,87,87,87,1,,page1951:tag2:entity96:key00000009:ref87:ord0,だが…,だからこその無人システムだ,"それこそが その <R=仮想敵国,どこかのだれか>に最初の1発を
撃たせてしまう “隙間”を作っていることになる",,,,NOT_CHECKED,39,,NOT_STARTED,NOT_BUILT,NOT_TESTED,JPN_PRIMARY; MLG_CN_CONTEXT_AUXILIARY,mechanical template; resource_class=SLOT_OLANG; source_objects=1,那么…,"[""那么…""]",So then...,"[""So then...""]",AUX_CN_ATTACHED,exact_jpn_slot_page_tag_reference_index;validated_slot_olang_map_entity_identity,master status=AUX_CN_ATTACHED; mapping method=exact_jpn_slot_page_tag_reference_index;validated_slot_olang_map_entity_identity; candidate attached as auxiliary evidence only; verify against JPN and context; auxiliary candidates only; JPN remains authoritative; verify against JPN text and context
5D3AF9CD,88,88,88,1,,page1951:tag2:entity95:key00000008:ref88:ord0,だからこその無人システムだ,"それこそが その <R=仮想敵国,どこかのだれか>に最初の1発を
撃たせてしまう “隙間”を作っていることになる",そう ,"<R=仮想敵国,どこかのだれか>",,,NOT_CHECKED,148,,NOT_STARTED,NOT_BUILT,NOT_TESTED,JPN_PRIMARY; MLG_CN_CONTEXT_AUXILIARY,mechanical template; resource_class=SLOT_OLANG; source_objects=1,"明知道这样做
实际上是在终结所有人类生命。","[""明知道这样做\n实际上是在终结所有人类生命。""]","knowing that they're 
effectively ending all human life. ","[""knowing that they're \neffectively ending all human life. ""]",AUX_CN_ATTACHED,exact_jpn_slot_page_tag_reference_index;validated_slot_olang_map_entity_identity,master status=AUX_CN_ATTACHED; mapping method=exact_jpn_slot_page_tag_reference_index;validated_slot_olang_map_entity_identity; candidate attached as auxiliary evidence only; verify against JPN and context; auxiliary candidates only; JPN remains authoritative; verify against JPN text and context
5D3AF9CD,89,89,89,1,,page1951:tag2:entity94:key00000007:ref89:ord0,"それこそが その <R=仮想敵国,どこかのだれか>に最初の1発を
撃たせてしまう “隙間”を作っていることになる",そう ,つまり抑止論の弱点は 報復の不確実さにあると？  ,,,,NOT_CHECKED,7,,NOT_STARTED,NOT_BUILT,NOT_TESTED,JPN_PRIMARY; MLG_CN_CONTEXT_AUXILIARY,mechanical template; resource_class=SLOT_OLANG; source_objects=1,他们将无法进行报复,"[""他们将无法进行报复""]",they're not gonna be able to retaliate,"[""they're not gonna be able to retaliate""]",AUX_CN_ATTACHED,exact_jpn_slot_page_tag_reference_index;validated_slot_olang_map_entity_identity,master status=AUX_CN_ATTACHED; mapping method=exact_jpn_slot_page_tag_reference_index;validated_slot_olang_map_entity_identity; candidate attached as auxiliary evidence only; verify against JPN and context; auxiliary candidates only; JPN remains authoritative; verify against JPN text and context
5D3AF9CD,90,90,90,1,,page1951:tag2:entity93:key00000006:ref90:ord0,そう ,つまり抑止論の弱点は 報復の不確実さにあると？  ,"まともな人間なら 世界が死滅することを解っていながら
核を撃ち返すことは出来ないはずだ ",,,,NOT_CHECKED,69,,NOT_STARTED,NOT_BUILT,NOT_TESTED,JPN_PRIMARY; MLG_CN_CONTEXT_AUXILIARY,mechanical template; resource_class=SLOT_OLANG; source_objects=1,"如果Y国的当权者
跟你我一样，","[""如果Y国的当权者\n跟你我一样，""]","If the people in charge 
in Country Y are like you and me,","[""If the people in charge \nin Country Y are like you and me,""]",AUX_CN_ATTACHED,exact_jpn_slot_page_tag_reference_index;validated_slot_olang_map_entity_identity,master status=AUX_CN_ATTACHED; mapping method=exact_jpn_slot_page_tag_reference_index;validated_slot_olang_map_entity_identity; candidate attached as auxiliary evidence only; verify against JPN and context; auxiliary candidates only; JPN remains authoritative; verify against JPN text and context
5D3AF9CD,91,91,91,1,,page1951:tag2:entity92:key00000005:ref91:ord0,つまり抑止論の弱点は 報復の不確実さにあると？  ,"まともな人間なら 世界が死滅することを解っていながら
核を撃ち返すことは出来ないはずだ ","最初の1発を <R=仮想敵国,どこかのだれか>が撃って来たとしても… ",,,,NOT_CHECKED,126,,NOT_STARTED,NOT_BUILT,NOT_TESTED,JPN_PRIMARY; MLG_CN_CONTEXT_AUXILIARY,mechanical template; resource_class=SLOT_OLANG; source_objects=1,"假设X国先发制人
攻打Y国…","[""假设X国先发制人\n攻打Y国…""]","Let's say Country X launches first 
against Country Y...","[""Let's say Country X launches first \nagainst Country Y...""]",AUX_CN_ATTACHED,exact_jpn_slot_page_tag_reference_index;validated_slot_olang_map_entity_identity,master status=AUX_CN_ATTACHED; mapping method=exact_jpn_slot_page_tag_reference_index;validated_slot_olang_map_entity_identity; candidate attached as auxiliary evidence only; verify against JPN and context; auxiliary candidates only; JPN remains authoritative; verify against JPN text and context
5D3AF9CD,92,92,92,1,,page1951:tag2:entity91:key00000004:ref92:ord0,"まともな人間なら 世界が死滅することを解っていながら
核を撃ち返すことは出来ないはずだ ","最初の1発を <R=仮想敵国,どこかのだれか>が撃って来たとしても… ",現実的に考えてくれ,"<R=仮想敵国,どこかのだれか>",,,NOT_CHECKED,89,,NOT_STARTED,NOT_BUILT,NOT_TESTED,JPN_PRIMARY; MLG_CN_CONTEXT_AUXILIARY,mechanical template; resource_class=SLOT_OLANG; source_objects=1,我给你举个现实中的例子吧。,"[""我给你举个现实中的例子吧。""]",Let me give you a real-world example.,"[""Let me give you a real-world example.""]",AUX_CN_ATTACHED,exact_jpn_slot_page_tag_reference_index;validated_slot_olang_map_entity_identity,master status=AUX_CN_ATTACHED; mapping method=exact_jpn_slot_page_tag_reference_index;validated_slot_olang_map_entity_identity; candidate attached as auxiliary evidence only; verify against JPN and context; auxiliary candidates only; JPN remains authoritative; verify against JPN text and context
5D3AF9CD,93,93,93,1,,page1951:tag2:entity90:key00000003:ref93:ord0,"最初の1発を <R=仮想敵国,どこかのだれか>が撃って来たとしても… ",現実的に考えてくれ,報復の決定を行うのが人間だということだ ,,,,NOT_CHECKED,27,,NOT_STARTED,NOT_BUILT,NOT_TESTED,JPN_PRIMARY; MLG_CN_CONTEXT_AUXILIARY,mechanical template; resource_class=SLOT_OLANG; source_objects=1,必须由人类来做决定。,"[""必须由人类来做决定。""]",has to be made by human beings.,"[""has to be made by human beings.""]",AUX_CN_ATTACHED,exact_jpn_slot_page_tag_reference_index;validated_slot_olang_map_entity_identity,master status=AUX_CN_ATTACHED; mapping method=exact_jpn_slot_page_tag_reference_index;validated_slot_olang_map_entity_identity; candidate attached as auxiliary evidence only; verify against JPN and context; auxiliary candidates only; JPN remains authoritative; verify against JPN text and context
5D3AF9CD,94,94,94,1,,page1951:tag2:entity89:key00000002:ref94:ord0,現実的に考えてくれ,報復の決定を行うのが人間だということだ ,"ピースウォーカーに向けて核攻撃を行うということは
自分に向けて発射ボタンを押すのと同じだ ",,,,NOT_CHECKED,58,,NOT_STARTED,NOT_BUILT,NOT_TESTED,JPN_PRIMARY; MLG_CN_CONTEXT_AUXILIARY,mechanical template; resource_class=SLOT_OLANG; source_objects=1,"但这个理论最大的缺陷在于，
报复的决定","[""但这个理论最大的缺陷在于，\n报复的决定""]","But the biggest flaw in the theory is 
that the decision to retaliate","[""But the biggest flaw in the theory is \nthat the decision to retaliate""]",AUX_CN_ATTACHED,exact_jpn_slot_page_tag_reference_index;validated_slot_olang_map_entity_identity,master status=AUX_CN_ATTACHED; mapping method=exact_jpn_slot_page_tag_reference_index;validated_slot_olang_map_entity_identity; candidate attached as auxiliary evidence only; verify against JPN and context; auxiliary candidates only; JPN remains authoritative; verify against JPN text and context
5D3AF9CD,95,95,95,1,,page1951:tag2:entity99:key0000000C:ref95:ord0,報復の決定を行うのが人間だということだ ,"ピースウォーカーに向けて核攻撃を行うということは
自分に向けて発射ボタンを押すのと同じだ ","人間の決定を待たず報復すべき場所を
判断して確実に核攻撃を実行する ",,,,NOT_CHECKED,131,,NOT_STARTED,NOT_BUILT,NOT_TESTED,JPN_PRIMARY; MLG_CN_CONTEXT_AUXILIARY,mechanical template; resource_class=SLOT_OLANG; source_objects=1,核威慑给我们带来了和平。,"[""核威慑给我们带来了和平。""]",Nuclear deterrence has brought us peace.,"[""Nuclear deterrence has brought us peace.""]",AUX_CN_ATTACHED,exact_jpn_slot_page_tag_reference_index;validated_slot_olang_map_entity_identity,master status=AUX_CN_ATTACHED; mapping method=exact_jpn_slot_page_tag_reference_index;validated_slot_olang_map_entity_identity; candidate attached as auxiliary evidence only; verify against JPN and context; auxiliary candidates only; JPN remains authoritative; verify against JPN text and context
5D3AF9CD,96,96,96,1,,page1951:tag2:entity98:key0000000B:ref96:ord0,"ピースウォーカーに向けて核攻撃を行うということは
自分に向けて発射ボタンを押すのと同じだ ","人間の決定を待たず報復すべき場所を
判断して確実に核攻撃を実行する ",ピースウォーカーなら絶対に報復する,,,,NOT_CHECKED,98,,NOT_STARTED,NOT_BUILT,NOT_TESTED,JPN_PRIMARY; MLG_CN_CONTEXT_AUXILIARY,mechanical template; resource_class=SLOT_OLANG; source_objects=1,说对了。,"[""说对了。""]",Bingo.,"[""Bingo.""]",AUX_CN_ATTACHED,exact_jpn_slot_page_tag_reference_index;validated_slot_olang_map_entity_identity,master status=AUX_CN_ATTACHED; mapping method=exact_jpn_slot_page_tag_reference_index;validated_slot_olang_map_entity_identity; candidate attached as auxiliary evidence only; verify against JPN and context; auxiliary candidates only; JPN remains authoritative; verify against JPN text and context
5D3AF9CD,97,97,97,1,,page1951:tag2:entity97:key0000000A:ref97:ord0,"人間の決定を待たず報復すべき場所を
判断して確実に核攻撃を実行する ",ピースウォーカーなら絶対に報復する,"そして何より<R=脆弱,ぜいじゃく>なのは",,,,NOT_CHECKED,51,,NOT_STARTED,NOT_BUILT,NOT_TESTED,JPN_PRIMARY; MLG_CN_CONTEXT_AUXILIARY,mechanical template; resource_class=SLOT_OLANG; source_objects=1,"核威慑理论中的薄弱环节，
就是报复的不确定性？","[""核威慑理论中的薄弱环节，\n就是报复的不确定性？""]",the weak link in nuclear deterrence theory is the uncertainty of retaliation?,"[""the weak link in nuclear deterrence theory is the uncertainty of retaliation?""]",AUX_CN_ATTACHED,exact_jpn_slot_page_tag_reference_index;validated_slot_olang_map_entity_identity,master status=AUX_CN_ATTACHED; mapping method=exact_jpn_slot_page_tag_reference_index;validated_slot_olang_map_entity_identity; candidate attached as auxiliary evidence only; verify against JPN and context; auxiliary candidates only; JPN remains authoritative; verify against JPN text and context
5D3AF9CD,98,98,98,1,,page1951:tag2:entity88:key00000001:ref98:ord0,ピースウォーカーなら絶対に報復する,"そして何より<R=脆弱,ぜいじゃく>なのは","先制攻撃で全てのミサイル基地を潰される可能性も
場所によっては撃ち返せない可能性もある","<R=脆弱,ぜいじゃく>",,,NOT_CHECKED,53,,NOT_STARTED,NOT_BUILT,NOT_TESTED,JPN_PRIMARY; MLG_CN_CONTEXT_AUXILIARY,mechanical template; resource_class=SLOT_OLANG; source_objects=1,…让他们无法报复。,"[""…让他们无法报复。""]",... Render them unable to retaliate.,"[""... Render them unable to retaliate.""]",AUX_CN_ATTACHED,exact_jpn_slot_page_tag_reference_index;validated_slot_olang_map_entity_identity,master status=AUX_CN_ATTACHED; mapping method=exact_jpn_slot_page_tag_reference_index;validated_slot_olang_map_entity_identity; candidate attached as auxiliary evidence only; verify against JPN and context; auxiliary candidates only; JPN remains authoritative; verify against JPN text and context
5D3AF9CD,99,99,99,1,,page1951:tag2:entity87:key00000000:ref99:ord0,"そして何より<R=脆弱,ぜいじゃく>なのは","先制攻撃で全てのミサイル基地を潰される可能性も
場所によっては撃ち返せない可能性もある","生涯を賭けた研究が産んだのは…
抑止という幻想の平和システム ",,,,NOT_CHECKED,127,,NOT_STARTED,NOT_BUILT,NOT_TESTED,JPN_PRIMARY; MLG_CN_CONTEXT_AUXILIARY,mechanical template; resource_class=SLOT_OLANG; source_objects=1,"有先发制人的打击可能
摧毁所有导弹基地的机会","[""有先发制人的打击可能\n摧毁所有导弹基地的机会""]",There's the chance that a pre-emptive strike could destroy all the missile bases,"[""There's the chance that a pre-emptive strike could destroy all the missile bases""]",AUX_CN_ATTACHED,exact_jpn_slot_page_tag_reference_index;validated_slot_olang_map_entity_identity,master status=AUX_CN_ATTACHED; mapping method=exact_jpn_slot_page_tag_reference_index;validated_slot_olang_map_entity_identity; candidate attached as auxiliary evidence only; verify against JPN and context; auxiliary candidates only; JPN remains authoritative; verify against JPN text and context
5D3AF9CD,100,100,100,1,,page1951:tag2:entity109:key00000009:ref100:ord0,"先制攻撃で全てのミサイル基地を潰される可能性も
場所によっては撃ち返せない可能性もある","生涯を賭けた研究が産んだのは…
抑止という幻想の平和システム ",僕の父は マンハッタン計画に参加していたんだ ,,,,NOT_CHECKED,89,,NOT_STARTED,NOT_BUILT,NOT_TESTED,JPN_PRIMARY; MLG_CN_CONTEXT_AUXILIARY,mechanical template; resource_class=SLOT_OLANG; source_objects=1,我父亲参与过曼哈顿计划。,"[""我父亲参与过曼哈顿计划。""]",My father worked on the Manhattan Project.,"[""My father worked on the Manhattan Project.""]",AUX_CN_ATTACHED,exact_jpn_slot_page_tag_reference_index;validated_slot_olang_map_entity_identity,master status=AUX_CN_ATTACHED; mapping method=exact_jpn_slot_page_tag_reference_index;validated_slot_olang_map_entity_identity; candidate attached as auxiliary evidence only; verify against JPN and context; auxiliary candidates only; JPN remains authoritative; verify against JPN text and context
5D3AF9CD,101,101,101,1,,page1951:tag2:entity108:key00000008:ref101:ord0,"生涯を賭けた研究が産んだのは…
抑止という幻想の平和システム ",僕の父は マンハッタン計画に参加していたんだ ,何故？,,,,NOT_CHECKED,65,,NOT_STARTED,NOT_BUILT,NOT_TESTED,JPN_PRIMARY; MLG_CN_CONTEXT_AUXILIARY,mechanical template; resource_class=SLOT_OLANG; source_objects=1,为什么？,"[""为什么？""]",Why?,"[""Why?""]",AUX_CN_ATTACHED,exact_jpn_slot_page_tag_reference_index;validated_slot_olang_map_entity_identity,master status=AUX_CN_ATTACHED; mapping method=exact_jpn_slot_page_tag_reference_index;validated_slot_olang_map_entity_identity; candidate attached as auxiliary evidence only; verify against JPN and context; auxiliary candidates only; JPN remains authoritative; verify against JPN text and context
5D3AF9CD,102,102,102,1,,page1951:tag2:entity107:key00000007:ref102:ord0,僕の父は マンハッタン計画に参加していたんだ ,何故？,…僕は 核抑止による平和を信じたかったんだ ,,,,NOT_CHECKED,9,,NOT_STARTED,NOT_BUILT,NOT_TESTED,JPN_PRIMARY; MLG_CN_CONTEXT_AUXILIARY,mechanical template; resource_class=SLOT_OLANG; source_objects=1,…我相信通过核威慑实现和平。,"[""…我相信通过核威慑实现和平。""]",...I believe in peace through nuclear deterrence.,"[""...I believe in peace through nuclear deterrence.""]",AUX_CN_ATTACHED,exact_jpn_slot_page_tag_reference_index;validated_slot_olang_map_entity_identity,master status=AUX_CN_ATTACHED; mapping method=exact_jpn_slot_page_tag_reference_index;validated_slot_olang_map_entity_identity; candidate attached as auxiliary evidence only; verify against JPN and context; auxiliary candidates only; JPN remains authoritative; verify against JPN text and context
5D3AF9CD,103,103,103,1,,page1951:tag2:entity106:key00000006:ref103:ord0,何故？,…僕は 核抑止による平和を信じたかったんだ ,それを信じたのか,,,,NOT_CHECKED,62,,NOT_STARTED,NOT_BUILT,NOT_TESTED,JPN_PRIMARY; MLG_CN_CONTEXT_AUXILIARY,mechanical template; resource_class=SLOT_OLANG; source_objects=1,你相信他说的？,"[""你相信他说的？""]",And you believe him?,"[""And you believe him?""]",AUX_CN_ATTACHED,exact_jpn_slot_page_tag_reference_index;validated_slot_olang_map_entity_identity,master status=AUX_CN_ATTACHED; mapping method=exact_jpn_slot_page_tag_reference_index;validated_slot_olang_map_entity_identity; candidate attached as auxiliary evidence only; verify against JPN and context; auxiliary candidates only; JPN remains authoritative; verify against JPN text and context
5D3AF9CD,104,104,104,1,,page1951:tag2:entity105:key00000005:ref104:ord0,…僕は 核抑止による平和を信じたかったんだ ,それを信じたのか,それで初めて コールドマンの抑止論が成立するんだ ,,,,NOT_CHECKED,24,,NOT_STARTED,NOT_BUILT,NOT_TESTED,JPN_PRIMARY; MLG_CN_CONTEXT_AUXILIARY,mechanical template; resource_class=SLOT_OLANG; source_objects=1,"…然后他那版本的威慑
就将达成。","[""…然后他那版本的威慑\n就将达成。""]","...And then his version of deterrence 
will be complete.","[""...And then his version of deterrence \nwill be complete.""]",AUX_CN_ATTACHED,exact_jpn_slot_page_tag_reference_index;validated_slot_olang_map_entity_identity,master status=AUX_CN_ATTACHED; mapping method=exact_jpn_slot_page_tag_reference_index;validated_slot_olang_map_entity_identity; candidate attached as auxiliary evidence only; verify against JPN and context; auxiliary candidates only; JPN remains authoritative; verify against JPN text and context
5D3AF9CD,105,105,105,1,,page1951:tag2:entity104:key00000004:ref105:ord0,それを信じたのか,それで初めて コールドマンの抑止論が成立するんだ ,あいつは撃つ,,,,NOT_CHECKED,71,,NOT_STARTED,NOT_BUILT,NOT_TESTED,JPN_PRIMARY; MLG_CN_CONTEXT_AUXILIARY,mechanical template; resource_class=SLOT_OLANG; source_objects=1,他会发射他的核弹…,"[""他会发射他的核弹…""]",He will launch his nuke... ,"[""He will launch his nuke... ""]",AUX_CN_ATTACHED,exact_jpn_slot_page_tag_reference_index;validated_slot_olang_map_entity_identity,master status=AUX_CN_ATTACHED; mapping method=exact_jpn_slot_page_tag_reference_index;validated_slot_olang_map_entity_identity; candidate attached as auxiliary evidence only; verify against JPN and context; auxiliary candidates only; JPN remains authoritative; verify against JPN text and context
5D3AF9CD,106,106,106,1,,page1951:tag2:entity103:key00000003:ref106:ord0,それで初めて コールドマンの抑止論が成立するんだ ,あいつは撃つ,"そのために コールドマンは<R=機械,マシン>による報復が
実行されるという事を 実演する必要があると言うんだ ",,,,NOT_CHECKED,18,,NOT_STARTED,NOT_BUILT,NOT_TESTED,JPN_PRIMARY; MLG_CN_CONTEXT_AUXILIARY,mechanical template; resource_class=SLOT_OLANG; source_objects=1,"我们需要证明报复
将由机器来执行。","[""我们需要证明报复\n将由机器来执行。""]","we need to demonstrate that retaliation 
will be carried out by a machine.","[""we need to demonstrate that retaliation \nwill be carried out by a machine.""]",AUX_CN_ATTACHED,exact_jpn_slot_page_tag_reference_index;validated_slot_olang_map_entity_identity,master status=AUX_CN_ATTACHED; mapping method=exact_jpn_slot_page_tag_reference_index;validated_slot_olang_map_entity_identity; candidate attached as auxiliary evidence only; verify against JPN and context; auxiliary candidates only; JPN remains authoritative; verify against JPN text and context
5D3AF9CD,107,107,107,1,,page1951:tag2:entity102:key00000002:ref107:ord0,あいつは撃つ,"そのために コールドマンは<R=機械,マシン>による報復が
実行されるという事を 実演する必要があると言うんだ ",計画を阻止するのか？,"<R=機械,マシン>",,,NOT_CHECKED,150,,NOT_STARTED,NOT_BUILT,NOT_TESTED,JPN_PRIMARY; MLG_CN_CONTEXT_AUXILIARY,mechanical template; resource_class=SLOT_OLANG; source_objects=1,"Coldman说的是，
要达到这个目标，","[""Coldman说的是，\n要达到这个目标，""]","What Coldman is saying is 
that to achieve this goal,","[""What Coldman is saying is \nthat to achieve this goal,""]",AUX_CN_ATTACHED,exact_jpn_slot_page_tag_reference_index;validated_slot_olang_map_entity_identity,master status=AUX_CN_ATTACHED; mapping method=exact_jpn_slot_page_tag_reference_index;validated_slot_olang_map_entity_identity; candidate attached as auxiliary evidence only; verify against JPN and context; auxiliary candidates only; JPN remains authoritative; verify against JPN text and context
5D3AF9CD,108,108,108,1,,page1951:tag2:entity119:key00000013:ref108:ord0,"そのために コールドマンは<R=機械,マシン>による報復が
実行されるという事を 実演する必要があると言うんだ ",計画を阻止するのか？,その基地は,,,,NOT_CHECKED,30,,NOT_STARTED,NOT_BUILT,NOT_TESTED,JPN_PRIMARY; MLG_CN_CONTEXT_AUXILIARY,mechanical template; resource_class=SLOT_OLANG; source_objects=1,基地在哪儿？,"[""基地在哪儿？""]",Where's the base?,"[""Where's the base?""]",AUX_CN_ATTACHED,exact_jpn_slot_page_tag_reference_index;validated_slot_olang_map_entity_identity,master status=AUX_CN_ATTACHED; mapping method=exact_jpn_slot_page_tag_reference_index;validated_slot_olang_map_entity_identity; candidate attached as auxiliary evidence only; verify against JPN and context; auxiliary candidates only; JPN remains authoritative; verify against JPN text and context
5D3AF9CD,109,109,109,1,,page1951:tag2:entity118:key00000012:ref109:ord0,計画を阻止するのか？,その基地は,最終実験の決行は5日後,,,,NOT_CHECKED,15,,NOT_STARTED,NOT_BUILT,NOT_TESTED,JPN_PRIMARY; MLG_CN_CONTEXT_AUXILIARY,mechanical template; resource_class=SLOT_OLANG; source_objects=1,"就等于按下
针对自己的发射按钮。","[""就等于按下\n针对自己的发射按钮。""]","is tantamount to pushing the launch button
against yourself.","[""is tantamount to pushing the launch button\nagainst yourself.""]",AUX_CN_ATTACHED,exact_jpn_slot_page_tag_reference_index;validated_slot_olang_map_entity_identity,master status=AUX_CN_ATTACHED; mapping method=exact_jpn_slot_page_tag_reference_index;validated_slot_olang_map_entity_identity; candidate attached as auxiliary evidence only; verify against JPN and context; auxiliary candidates only; JPN remains authoritative; verify against JPN text and context
5D3AF9CD,110,110,110,1,,page1951:tag2:entity117:key00000011:ref110:ord0,その基地は,最終実験の決行は5日後,国境沿いの基地だ,,,,NOT_CHECKED,31,,NOT_STARTED,NOT_BUILT,NOT_TESTED,JPN_PRIMARY; MLG_CN_CONTEXT_AUXILIARY,mechanical template; resource_class=SLOT_OLANG; source_objects=1,他们把弹头运到哪儿了？,"[""他们把弹头运到哪儿了？""]",Where'd they take the warheads?,"[""Where'd they take the warheads?""]",AUX_CN_ATTACHED,exact_jpn_slot_page_tag_reference_index;validated_slot_olang_map_entity_identity,master status=AUX_CN_ATTACHED; mapping method=exact_jpn_slot_page_tag_reference_index;validated_slot_olang_map_entity_identity; candidate attached as auxiliary evidence only; verify against JPN and context; auxiliary candidates only; JPN remains authoritative; verify against JPN text and context
5D3AF9CD,111,111,111,1,,page1951:tag2:entity116:key00000010:ref111:ord0,最終実験の決行は5日後,国境沿いの基地だ,あれは何処へ運ばれたんだ？,,,,NOT_CHECKED,24,,NOT_STARTED,NOT_BUILT,NOT_TESTED,JPN_PRIMARY; MLG_CN_CONTEXT_AUXILIARY,mechanical template; resource_class=SLOT_OLANG; source_objects=1,"和我之前做的那个舱很像…
但它的作用完全不同。","[""和我之前做的那个舱很像…\n但它的作用完全不同。""]","similar to the pod I worked on... 
but its role is completely different.","[""similar to the pod I worked on... \nbut its role is completely different.""]",AUX_CN_ATTACHED,exact_jpn_slot_page_tag_reference_index;validated_slot_olang_map_entity_identity,master status=AUX_CN_ATTACHED; mapping method=exact_jpn_slot_page_tag_reference_index;validated_slot_olang_map_entity_identity; candidate attached as auxiliary evidence only; verify against JPN and context; auxiliary candidates only; JPN remains authoritative; verify against JPN text and context
5D3AF9CD,112,112,112,1,,page1951:tag2:entity115:key0000000F:ref112:ord0,国境沿いの基地だ,あれは何処へ運ばれたんだ？,あいつを 核発射を止めさせなければ… ,,,,NOT_CHECKED,39,,NOT_STARTED,NOT_BUILT,NOT_TESTED,JPN_PRIMARY; MLG_CN_CONTEXT_AUXILIARY,mechanical template; resource_class=SLOT_OLANG; source_objects=1,"它会选择合适的目标，
并发动报复性核打击","[""它会选择合适的目标，\n并发动报复性核打击""]","It chooses the appropriate target 
and launches a retaliatory nuclear strike","[""It chooses the appropriate target \nand launches a retaliatory nuclear strike""]",AUX_CN_ATTACHED,exact_jpn_slot_page_tag_reference_index;validated_slot_olang_map_entity_identity,master status=AUX_CN_ATTACHED; mapping method=exact_jpn_slot_page_tag_reference_index;validated_slot_olang_map_entity_identity; candidate attached as auxiliary evidence only; verify against JPN and context; auxiliary candidates only; JPN remains authoritative; verify against JPN text and context
5D3AF9CD,113,113,113,1,,page1951:tag2:entity114:key0000000E:ref113:ord0,あれは何処へ運ばれたんだ？,あいつを 核発射を止めさせなければ… ,本当に核を使ってしまったら 全ては水の泡だ,,,,NOT_CHECKED,53,,NOT_STARTED,NOT_BUILT,NOT_TESTED,JPN_PRIMARY; MLG_CN_CONTEXT_AUXILIARY,mechanical template; resource_class=SLOT_OLANG; source_objects=1,有了和平行者，报复就变得确定无疑。,"[""有了和平行者，报复就变得确定无疑。""]","With Peace Walker, retaliation is certain.","[""With Peace Walker, retaliation is certain.""]",AUX_CN_ATTACHED,exact_jpn_slot_page_tag_reference_index;validated_slot_olang_map_entity_identity,master status=AUX_CN_ATTACHED; mapping method=exact_jpn_slot_page_tag_reference_index;validated_slot_olang_map_entity_identity; candidate attached as auxiliary evidence only; verify against JPN and context; auxiliary candidates only; JPN remains authoritative; verify against JPN text and context
5D3AF9CD,114,114,114,1,,page1951:tag2:entity113:key0000000D:ref114:ord0,あいつを 核発射を止めさせなければ… ,本当に核を使ってしまったら 全ては水の泡だ,でも… ,,,,NOT_CHECKED,61,,NOT_STARTED,NOT_BUILT,NOT_TESTED,JPN_PRIMARY; MLG_CN_CONTEXT_AUXILIARY,mechanical template; resource_class=SLOT_OLANG; source_objects=1,"…这就是为什么我们设计系统
为无人操作。","[""…这就是为什么我们设计系统\n为无人操作。""]","...Which is why we designed the system
to be unmanned.","[""...Which is why we designed the system\nto be unmanned.""]",AUX_CN_ATTACHED,exact_jpn_slot_page_tag_reference_index;validated_slot_olang_map_entity_identity,master status=AUX_CN_ATTACHED; mapping method=exact_jpn_slot_page_tag_reference_index;validated_slot_olang_map_entity_identity; candidate attached as auxiliary evidence only; verify against JPN and context; auxiliary candidates only; JPN remains authoritative; verify against JPN text and context
5D3AF9CD,115,115,115,1,,page1951:tag2:entity112:key0000000C:ref115:ord0,本当に核を使ってしまったら 全ては水の泡だ,でも… ,僕は核に向き合うしかなかったんだ,,,,NOT_CHECKED,10,,NOT_STARTED,NOT_BUILT,NOT_TESTED,JPN_PRIMARY; MLG_CN_CONTEXT_AUXILIARY,mechanical template; resource_class=SLOT_OLANG; source_objects=1,"而这制造了一个X国可以利用的
“漏洞”来发动先发制人的打击。","[""而这制造了一个X国可以利用的\n“漏洞”来发动先发制人的打击。""]","And that creates a ""loophole"" Country X 
can exploit to launch the first strike.","[""And that creates a \""loophole\"" Country X \ncan exploit to launch the first strike.""]",AUX_CN_ATTACHED,exact_jpn_slot_page_tag_reference_index;validated_slot_olang_map_entity_identity,master status=AUX_CN_ATTACHED; mapping method=exact_jpn_slot_page_tag_reference_index;validated_slot_olang_map_entity_identity; candidate attached as auxiliary evidence only; verify against JPN and context; auxiliary candidates only; JPN remains authoritative; verify against JPN text and context
5D3AF9CD,116,116,116,1,,page1951:tag2:entity111:key0000000B:ref116:ord0,でも… ,僕は核に向き合うしかなかったんだ,そして… 歩けない 僕が生まれた ,,,,NOT_CHECKED,48,,NOT_STARTED,NOT_BUILT,NOT_TESTED,JPN_PRIMARY; MLG_CN_CONTEXT_AUXILIARY,mechanical template; resource_class=SLOT_OLANG; source_objects=1,"而它只制造了这种称为威慑的
虚假和平。","[""而它只制造了这种称为威慑的\n虚假和平。""]","and all it created was this illusion of peace
called deterrence.","[""and all it created was this illusion of peace\ncalled deterrence.""]",AUX_CN_ATTACHED,exact_jpn_slot_page_tag_reference_index;validated_slot_olang_map_entity_identity,master status=AUX_CN_ATTACHED; mapping method=exact_jpn_slot_page_tag_reference_index;validated_slot_olang_map_entity_identity; candidate attached as auxiliary evidence only; verify against JPN and context; auxiliary candidates only; JPN remains authoritative; verify against JPN text and context
5D3AF9CD,117,117,117,1,,page1951:tag2:entity110:key0000000A:ref117:ord0,僕は核に向き合うしかなかったんだ,そして… 歩けない 僕が生まれた ,“どこかの誰か”は 確実に核を撃てなくなる ,,,,NOT_CHECKED,45,,NOT_STARTED,NOT_BUILT,NOT_TESTED,JPN_PRIMARY; MLG_CN_CONTEXT_AUXILIARY,mechanical template; resource_class=SLOT_OLANG; source_objects=1,他把毕生心血都倾注在那项研究上…,"[""他把毕生心血都倾注在那项研究上…""]",He put his whole life into that research...,"[""He put his whole life into that research...""]",AUX_CN_ATTACHED,exact_jpn_slot_page_tag_reference_index;validated_slot_olang_map_entity_identity,master status=AUX_CN_ATTACHED; mapping method=exact_jpn_slot_page_tag_reference_index;validated_slot_olang_map_entity_identity; candidate attached as auxiliary evidence only; verify against JPN and context; auxiliary candidates only; JPN remains authoritative; verify against JPN text and context
5D3AF9CD,118,118,118,1,,page1951:tag2:entity101:key00000001:ref118:ord0,そして… 歩けない 僕が生まれた ,“どこかの誰か”は 確実に核を撃てなくなる ,核抑止論の“隙間”は塞がる,,,,NOT_CHECKED,62,,NOT_STARTED,NOT_BUILT,NOT_TESTED,JPN_PRIMARY; MLG_CN_CONTEXT_AUXILIARY,mechanical template; resource_class=SLOT_OLANG; source_objects=1,"让X国的那帮朋友
彻底无法发射。","[""让X国的那帮朋友\n彻底无法发射。""]","rendering our friends in Country X 
completely unable to launch.","[""rendering our friends in Country X \ncompletely unable to launch.""]",AUX_CN_ATTACHED,exact_jpn_slot_page_tag_reference_index;validated_slot_olang_map_entity_identity,master status=AUX_CN_ATTACHED; mapping method=exact_jpn_slot_page_tag_reference_index;validated_slot_olang_map_entity_identity; candidate attached as auxiliary evidence only; verify against JPN and context; auxiliary candidates only; JPN remains authoritative; verify against JPN text and context
5D3AF9CD,119,119,119,1,,page1951:tag2:entity100:key00000000:ref119:ord0,“どこかの誰か”は 確実に核を撃てなくなる ,核抑止論の“隙間”は塞がる,"けれど 核抑止を実現するには 送られてくる
膨大なデータを分析し",,,,NOT_CHECKED,39,,NOT_STARTED,NOT_BUILT,NOT_TESTED,JPN_PRIMARY; MLG_CN_CONTEXT_AUXILIARY,mechanical template; resource_class=SLOT_OLANG; source_objects=1,"它封堵了
核威慑理论中的漏洞，","[""它封堵了\n核威慑理论中的漏洞，""]","It closes the loophole 
in nuclear deterrence theory,","[""It closes the loophole \nin nuclear deterrence theory,""]",AUX_CN_ATTACHED,exact_jpn_slot_page_tag_reference_index;validated_slot_olang_map_entity_identity,master status=AUX_CN_ATTACHED; mapping method=exact_jpn_slot_page_tag_reference_index;validated_slot_olang_map_entity_identity; candidate attached as auxiliary evidence only; verify against JPN and context; auxiliary candidates only; JPN remains authoritative; verify against JPN text and context
5D3AF9CD,120,120,120,1,,page1951:tag2:entity129:key00000009:ref120:ord0,核抑止論の“隙間”は塞がる,"けれど 核抑止を実現するには 送られてくる
膨大なデータを分析し",人間の小脳のようなものかな,,,,NOT_CHECKED,90,,NOT_STARTED,NOT_BUILT,NOT_TESTED,JPN_PRIMARY; MLG_CN_CONTEXT_AUXILIARY,mechanical template; resource_class=SLOT_OLANG; source_objects=1,但要想让核威慑生效，,"[""但要想让核威慑生效，""]","But for nuclear deterrence to work,","[""But for nuclear deterrence to work,""]",AUX_CN_ATTACHED,exact_jpn_slot_page_tag_reference_index;validated_slot_olang_map_entity_identity,master status=AUX_CN_ATTACHED; mapping method=exact_jpn_slot_page_tag_reference_index;validated_slot_olang_map_entity_identity; candidate attached as auxiliary evidence only; verify against JPN and context; auxiliary candidates only; JPN remains authoritative; verify against JPN text and context
5D3AF9CD,121,121,121,1,,page1951:tag2:entity128:key00000008:ref121:ord0,"けれど 核抑止を実現するには 送られてくる
膨大なデータを分析し",人間の小脳のようなものかな,"命令を受けて目的地まで移動したり
相手を攻撃したりするだけだ  ",,,,NOT_CHECKED,39,,NOT_STARTED,NOT_BUILT,NOT_TESTED,JPN_PRIMARY; MLG_CN_CONTEXT_AUXILIARY,mechanical template; resource_class=SLOT_OLANG; source_objects=1,"我想你可以把它
比作人类的小脑。","[""我想你可以把它\n比作人类的小脑。""]","I guess you could compare it 
to the human cerebellum.","[""I guess you could compare it \nto the human cerebellum.""]",AUX_CN_ATTACHED,exact_jpn_slot_page_tag_reference_index;validated_slot_olang_map_entity_identity,master status=AUX_CN_ATTACHED; mapping method=exact_jpn_slot_page_tag_reference_index;validated_slot_olang_map_entity_identity; candidate attached as auxiliary evidence only; verify against JPN and context; auxiliary candidates only; JPN remains authoritative; verify against JPN text and context
5D3AF9CD,122,122,122,1,,page1951:tag2:entity127:key00000007:ref122:ord0,人間の小脳のようなものかな,"命令を受けて目的地まで移動したり
相手を攻撃したりするだけだ  ",僕が担当していた電子頭脳『レプタイルポッド』は,,,,NOT_CHECKED,90,,NOT_STARTED,NOT_BUILT,NOT_TESTED,JPN_PRIMARY; MLG_CN_CONTEXT_AUXILIARY,mechanical template; resource_class=SLOT_OLANG; source_objects=1,"只能遵从
“去那里、攻击那个”之类的命令。","[""只能遵从\n“去那里、攻击那个”之类的命令。""]","can only follow commands like 
""go there, attack that.""","[""can only follow commands like \n\""go there, attack that.\""""]",AUX_CN_ATTACHED,exact_jpn_slot_page_tag_reference_index;validated_slot_olang_map_entity_identity,master status=AUX_CN_ATTACHED; mapping method=exact_jpn_slot_page_tag_reference_index;validated_slot_olang_map_entity_identity; candidate attached as auxiliary evidence only; verify against JPN and context; auxiliary candidates only; JPN remains authoritative; verify against JPN text and context
5D3AF9CD,123,123,123,1,,page1951:tag2:entity126:key00000006:ref123:ord0,"命令を受けて目的地まで移動したり
相手を攻撃したりするだけだ  ",僕が担当していた電子頭脳『レプタイルポッド』は,人工知能の部分 つまりは大脳だ ,,,,NOT_CHECKED,69,,NOT_STARTED,NOT_BUILT,NOT_TESTED,JPN_PRIMARY; MLG_CN_CONTEXT_AUXILIARY,mechanical template; resource_class=SLOT_OLANG; source_objects=1,"爬虫舱，
我一直在搞的那个电子脑，","[""爬虫舱，\n我一直在搞的那个电子脑，""]","The Reptile Pod, 
the electronic brain I was working on,","[""The Reptile Pod, \nthe electronic brain I was working on,""]",AUX_CN_ATTACHED,exact_jpn_slot_page_tag_reference_index;validated_slot_olang_map_entity_identity,master status=AUX_CN_ATTACHED; mapping method=exact_jpn_slot_page_tag_reference_index;validated_slot_olang_map_entity_identity; candidate attached as auxiliary evidence only; verify against JPN and context; auxiliary candidates only; JPN remains authoritative; verify against JPN text and context
5D3AF9CD,124,124,124,1,,page1951:tag2:entity125:key00000005:ref124:ord0,僕が担当していた電子頭脳『レプタイルポッド』は,人工知能の部分 つまりは大脳だ ,もうひとつ 絶対的な構成要素が欠けている ,,,,NOT_CHECKED,44,,NOT_STARTED,NOT_BUILT,NOT_TESTED,JPN_PRIMARY; MLG_CN_CONTEXT_AUXILIARY,mechanical template; resource_class=SLOT_OLANG; source_objects=1,它的大脑。,"[""它的大脑。""]",Its brain.,"[""Its brain.""]",AUX_CN_ATTACHED,exact_jpn_slot_page_tag_reference_index;validated_slot_olang_map_entity_identity,master status=AUX_CN_ATTACHED; mapping method=exact_jpn_slot_page_tag_reference_index;validated_slot_olang_map_entity_identity; candidate attached as auxiliary evidence only; verify against JPN and context; auxiliary candidates only; JPN remains authoritative; verify against JPN text and context
5D3AF9CD,125,125,125,1,,page1951:tag2:entity124:key00000004:ref125:ord0,人工知能の部分 つまりは大脳だ ,もうひとつ 絶対的な構成要素が欠けている ,どういうことだ？,,,,NOT_CHECKED,59,,NOT_STARTED,NOT_BUILT,NOT_TESTED,JPN_PRIMARY; MLG_CN_CONTEXT_AUXILIARY,mechanical template; resource_class=SLOT_OLANG; source_objects=1,那个AI。,"[""那个AI。""]",the AI.,"[""the AI.""]",AUX_CN_ATTACHED,exact_jpn_slot_page_tag_reference_index;validated_slot_olang_map_entity_identity,master status=AUX_CN_ATTACHED; mapping method=exact_jpn_slot_page_tag_reference_index;validated_slot_olang_map_entity_identity; candidate attached as auxiliary evidence only; verify against JPN and context; auxiliary candidates only; JPN remains authoritative; verify against JPN text and context
5D3AF9CD,126,126,126,1,,page1951:tag2:entity123:key00000003:ref126:ord0,もうひとつ 絶対的な構成要素が欠けている ,どういうことだ？,実は ピースウォーカーは… まだ完成していない ,,,,NOT_CHECKED,24,,NOT_STARTED,NOT_BUILT,NOT_TESTED,JPN_PRIMARY; MLG_CN_CONTEXT_AUXILIARY,mechanical template; resource_class=SLOT_OLANG; source_objects=1,它还缺少最后一个关键的结构组件：,"[""它还缺少最后一个关键的结构组件：""]",It's missing one last critical structural component:,"[""It's missing one last critical structural component:""]",AUX_CN_ATTACHED,exact_jpn_slot_page_tag_reference_index;validated_slot_olang_map_entity_identity,master status=AUX_CN_ATTACHED; mapping method=exact_jpn_slot_page_tag_reference_index;validated_slot_olang_map_entity_identity; candidate attached as auxiliary evidence only; verify against JPN and context; auxiliary candidates only; JPN remains authoritative; verify against JPN text and context
5D3AF9CD,127,127,127,1,,page1951:tag2:entity122:key00000002:ref127:ord0,どういうことだ？,実は ピースウォーカーは… まだ完成していない ,『Dr.ストレンジラブ』,,,,NOT_CHECKED,66,,NOT_STARTED,NOT_BUILT,NOT_TESTED,JPN_PRIMARY; MLG_CN_CONTEXT_AUXILIARY,mechanical template; resource_class=SLOT_OLANG; source_objects=1,你什么意思？,"[""你什么意思？""]",What do you mean?,"[""What do you mean?""]",AUX_CN_ATTACHED,exact_jpn_slot_page_tag_reference_index;validated_slot_olang_map_entity_identity,master status=AUX_CN_ATTACHED; mapping method=exact_jpn_slot_page_tag_reference_index;validated_slot_olang_map_entity_identity; candidate attached as auxiliary evidence only; verify against JPN and context; auxiliary candidates only; JPN remains authoritative; verify against JPN text and context
5D3AF9CD,128,128,128,1,,page1951:tag2:entity138:key00000012:ref128:ord0,実は ピースウォーカーは… まだ完成していない ,『Dr.ストレンジラブ』,"ストレンジラブ博士という<R=人工知能,AI>のエキスパートが
極秘裏に開発を進めている ",,,,NOT_CHECKED,30,,NOT_STARTED,NOT_BUILT,NOT_TESTED,JPN_PRIMARY; MLG_CN_CONTEXT_AUXILIARY,mechanical template; resource_class=SLOT_OLANG; source_objects=1,"在边境附近的一个基地。
最终测试在五天后。","[""在边境附近的一个基地。\n最终测试在五天后。""]","To a base near the border. 
The final test is five days from now.","[""To a base near the border. \nThe final test is five days from now.""]",AUX_CN_ATTACHED,exact_jpn_slot_page_tag_reference_index;validated_slot_olang_map_entity_identity,master status=AUX_CN_ATTACHED; mapping method=exact_jpn_slot_page_tag_reference_index;validated_slot_olang_map_entity_identity; candidate attached as auxiliary evidence only; verify against JPN and context; auxiliary candidates only; JPN remains authoritative; verify against JPN text and context
5D3AF9CD,129,129,129,1,,page1951:tag2:entity137:key00000011:ref129:ord0,『Dr.ストレンジラブ』,"ストレンジラブ博士という<R=人工知能,AI>のエキスパートが
極秘裏に開発を進めている ","ここから北に行った <R=研究施設,ラボ>だ ","<R=人工知能,AI>",,,NOT_CHECKED,117,,NOT_STARTED,NOT_BUILT,NOT_TESTED,JPN_PRIMARY; MLG_CN_CONTEXT_AUXILIARY,mechanical template; resource_class=SLOT_OLANG; source_objects=1,它是在哪里制造的？,"[""它是在哪里制造的？""]",Where's it being made?,"[""Where's it being made?""]",AUX_CN_ATTACHED,exact_jpn_slot_page_tag_reference_index;validated_slot_olang_map_entity_identity,master status=AUX_CN_ATTACHED; mapping method=exact_jpn_slot_page_tag_reference_index;validated_slot_olang_map_entity_identity; candidate attached as auxiliary evidence only; verify against JPN and context; auxiliary candidates only; JPN remains authoritative; verify against JPN text and context
5D3AF9CD,130,130,130,1,,page1951:tag2:entity136:key00000010:ref130:ord0,"ストレンジラブ博士という<R=人工知能,AI>のエキスパートが
極秘裏に開発を進めている ","ここから北に行った <R=研究施設,ラボ>だ ",それはどこで創られている？,"<R=研究施設,ラボ>",,,NOT_CHECKED,55,,NOT_STARTED,NOT_BUILT,NOT_TESTED,JPN_PRIMARY; MLG_CN_CONTEXT_AUXILIARY,mechanical template; resource_class=SLOT_OLANG; source_objects=1,"是从这里向北的<R=研究设施,Lab>。","[""是从这里向北的<R=研究设施,Lab>。""]",,[],AUX_CN_ATTACHED,exact_jpn_slot_page_tag_reference_index,master status=AUX_CN_ATTACHED; mapping method=exact_jpn_slot_page_tag_reference_index; candidate attached as auxiliary evidence only; verify against JPN and context; auxiliary candidates only; JPN remains authoritative; verify against JPN text and context
5D3AF9CD,131,131,131,1,,page1951:tag2:entity135:key0000000F:ref131:ord0,"ここから北に行った <R=研究施設,ラボ>だ ",それはどこで創られている？,"脳の構造を模したハードウェアは
僕のポッドと同じだけれど 役割はまるで違う ",,,,NOT_CHECKED,39,,NOT_STARTED,NOT_BUILT,NOT_TESTED,JPN_PRIMARY; MLG_CN_CONTEXT_AUXILIARY,mechanical template; resource_class=SLOT_OLANG; source_objects=1,"如果他们真的发射了，
那一切都白费了。","[""如果他们真的发射了，\n那一切都白费了。""]","if they do end up launching, 
it'll all have been for nothing.","[""if they do end up launching, \nit'll all have been for nothing.""]",AUX_CN_ATTACHED,exact_jpn_slot_page_tag_reference_index;validated_slot_olang_map_entity_identity,master status=AUX_CN_ATTACHED; mapping method=exact_jpn_slot_page_tag_reference_index;validated_slot_olang_map_entity_identity; candidate attached as auxiliary evidence only; verify against JPN and context; auxiliary candidates only; JPN remains authoritative; verify against JPN text and context
5D3AF9CD,132,132,132,1,,page1951:tag2:entity134:key0000000E:ref132:ord0,それはどこで創られている？,"脳の構造を模したハードウェアは
僕のポッドと同じだけれど 役割はまるで違う ",機械の大脳…,,,,NOT_CHECKED,108,,NOT_STARTED,NOT_BUILT,NOT_TESTED,JPN_PRIMARY; MLG_CN_CONTEXT_AUXILIARY,mechanical template; resource_class=SLOT_OLANG; source_objects=1,但是…,"[""但是…""]",But...,"[""But...""]",AUX_CN_ATTACHED,exact_jpn_slot_page_tag_reference_index;validated_slot_olang_map_entity_identity,master status=AUX_CN_ATTACHED; mapping method=exact_jpn_slot_page_tag_reference_index;validated_slot_olang_map_entity_identity; candidate attached as auxiliary evidence only; verify against JPN and context; auxiliary candidates only; JPN remains authoritative; verify against JPN text and context
5D3AF9CD,133,133,133,1,,page1951:tag2:entity133:key0000000D:ref133:ord0,"脳の構造を模したハードウェアは
僕のポッドと同じだけれど 役割はまるで違う ",機械の大脳…,だから大脳のような高度な判断力が必要なんだ,,,,NOT_CHECKED,18,,NOT_STARTED,NOT_BUILT,NOT_TESTED,JPN_PRIMARY; MLG_CN_CONTEXT_AUXILIARY,mechanical template; resource_class=SLOT_OLANG; source_objects=1,我别无选择，只能直面核弹。,"[""我别无选择，只能直面核弹。""]",I had no choice but to face up to the nukes.,"[""I had no choice but to face up to the nukes.""]",AUX_CN_ATTACHED,exact_jpn_slot_page_tag_reference_index;validated_slot_olang_map_entity_identity,master status=AUX_CN_ATTACHED; mapping method=exact_jpn_slot_page_tag_reference_index;validated_slot_olang_map_entity_identity; candidate attached as auxiliary evidence only; verify against JPN and context; auxiliary candidates only; JPN remains authoritative; verify against JPN text and context
5D3AF9CD,134,134,134,1,,page1951:tag2:entity132:key0000000C:ref134:ord0,機械の大脳…,だから大脳のような高度な判断力が必要なんだ,人間の指導者に代わってね,,,,NOT_CHECKED,63,,NOT_STARTED,NOT_BUILT,NOT_TESTED,JPN_PRIMARY; MLG_CN_CONTEXT_AUXILIARY,mechanical template; resource_class=SLOT_OLANG; source_objects=1,然后我出生了…无法行走。,"[""然后我出生了…无法行走。""]",And then I was born... unable to walk.,"[""And then I was born... unable to walk.""]",AUX_CN_ATTACHED,exact_jpn_slot_page_tag_reference_index;validated_slot_olang_map_entity_identity,master status=AUX_CN_ATTACHED; mapping method=exact_jpn_slot_page_tag_reference_index;validated_slot_olang_map_entity_identity; candidate attached as auxiliary evidence only; verify against JPN and context; auxiliary candidates only; JPN remains authoritative; verify against JPN text and context
5D3AF9CD,135,135,135,1,,page1951:tag2:entity131:key0000000B:ref135:ord0,だから大脳のような高度な判断力が必要なんだ,人間の指導者に代わってね,"各機が報復に適切な<R=目標,ターゲット>を選択して
決定する必要があるんだ  ",,,,NOT_CHECKED,36,,NOT_STARTED,NOT_BUILT,NOT_TESTED,JPN_PRIMARY; MLG_CN_CONTEXT_AUXILIARY,mechanical template; resource_class=SLOT_OLANG; source_objects=1,"它需要某种东西来分析
涌入的海量数据","[""它需要某种东西来分析\n涌入的海量数据""]","It needs something to analyze 
the huge volumes of data coming in","[""It needs something to analyze \nthe huge volumes of data coming in""]",AUX_CN_ATTACHED,exact_jpn_slot_page_tag_reference_index;validated_slot_olang_map_entity_identity,master status=AUX_CN_ATTACHED; mapping method=exact_jpn_slot_page_tag_reference_index;validated_slot_olang_map_entity_identity; candidate attached as auxiliary evidence only; verify against JPN and context; auxiliary candidates only; JPN remains authoritative; verify against JPN text and context
5D3AF9CD,136,136,136,1,,page1951:tag2:entity130:key0000000A:ref136:ord0,人間の指導者に代わってね,"各機が報復に適切な<R=目標,ターゲット>を選択して
決定する必要があるんだ  ",それよりも 確実な方法がある ,"<R=目標,ターゲット>",,,NOT_CHECKED,104,,NOT_STARTED,NOT_BUILT,NOT_TESTED,JPN_PRIMARY; MLG_CN_CONTEXT_AUXILIARY,mechanical template; resource_class=SLOT_OLANG; source_objects=1,"它必须取代
人类决策者来发挥作用。","[""它必须取代\n人类决策者来发挥作用。""]","it must function in place of 
a human decision-maker.","[""it must function in place of \na human decision-maker.""]",AUX_CN_ATTACHED,exact_jpn_slot_page_tag_reference_index;validated_slot_olang_map_entity_identity,master status=AUX_CN_ATTACHED; mapping method=exact_jpn_slot_page_tag_reference_index;validated_slot_olang_map_entity_identity; candidate attached as auxiliary evidence only; verify against JPN and context; auxiliary candidates only; JPN remains authoritative; verify against JPN text and context
5D3AF9CD,137,137,137,1,,page1951:tag2:entity121:key00000001:ref137:ord0,"各機が報復に適切な<R=目標,ターゲット>を選択して
決定する必要があるんだ  ",それよりも 確実な方法がある ,基地は遠い,,,,NOT_CHECKED,41,,NOT_STARTED,NOT_BUILT,NOT_TESTED,JPN_PRIMARY; MLG_CN_CONTEXT_AUXILIARY,mechanical template; resource_class=SLOT_OLANG; source_objects=1,你看，和平行者…还没完全完成。,"[""你看，和平行者…还没完全完成。""]","You see, Peace Walker... isn't quite finished yet.","[""You see, Peace Walker... isn't quite finished yet.""]",AUX_CN_ATTACHED,exact_jpn_slot_page_tag_reference_index;validated_slot_olang_map_entity_identity,master status=AUX_CN_ATTACHED; mapping method=exact_jpn_slot_page_tag_reference_index;validated_slot_olang_map_entity_identity; candidate attached as auxiliary evidence only; verify against JPN and context; auxiliary candidates only; JPN remains authoritative; verify against JPN text and context
5D3AF9CD,138,138,138,1,,page1951:tag2:entity120:key00000000:ref138:ord0,それよりも 確実な方法がある ,基地は遠い,ええと,,,,NOT_CHECKED,15,,NOT_STARTED,NOT_BUILT,NOT_TESTED,JPN_PRIMARY; MLG_CN_CONTEXT_AUXILIARY,mechanical template; resource_class=SLOT_OLANG; source_objects=1,"路程可不近。再说，
有个十拿九稳的办法能叫停这个项目…","[""路程可不近。再说，\n有个十拿九稳的办法能叫停这个项目…""]","It's kind of a hike. And besides, 
there's a sure fire way to halt the project... ","[""It's kind of a hike. And besides, \nthere's a sure fire way to halt the project... ""]",AUX_CN_ATTACHED,exact_jpn_slot_page_tag_reference_index;validated_slot_olang_map_entity_identity,master status=AUX_CN_ATTACHED; mapping method=exact_jpn_slot_page_tag_reference_index;validated_slot_olang_map_entity_identity; candidate attached as auxiliary evidence only; verify against JPN and context; auxiliary candidates only; JPN remains authoritative; verify against JPN text and context
5D3AF9CD,139,139,139,1,,page1951:tag2:entity148:key00000009:ref139:ord0,基地は遠い,ええと,手紙？ 推薦状か？,,,,NOT_CHECKED,9,,NOT_STARTED,NOT_BUILT,NOT_TESTED,JPN_PRIMARY; MLG_CN_CONTEXT_AUXILIARY,mechanical template; resource_class=SLOT_OLANG; source_objects=1,…别打开看，好吗？,"[""…别打开看，好吗？""]","...Don't read it, OK?","[""...Don't read it, OK?""]",AUX_CN_ATTACHED,exact_jpn_slot_page_tag_reference_index;validated_slot_olang_map_entity_identity,master status=AUX_CN_ATTACHED; mapping method=exact_jpn_slot_page_tag_reference_index;validated_slot_olang_map_entity_identity; candidate attached as auxiliary evidence only; verify against JPN and context; auxiliary candidates only; JPN remains authoritative; verify against JPN text and context
5D3AF9CD,140,140,140,1,,page1951:tag2:entity147:key00000008:ref140:ord0,ええと,手紙？ 推薦状か？,それと…,,,,NOT_CHECKED,25,,NOT_STARTED,NOT_BUILT,NOT_TESTED,JPN_PRIMARY; MLG_CN_CONTEXT_AUXILIARY,mechanical template; resource_class=SLOT_OLANG; source_objects=1,"嗯，这个嘛…是我给
Dr. Strangelove的。","[""嗯，这个嘛…是我给\nDr. Strangelove的。""]","Yeah, it's, um... it's from me to Dr. Strangelove.","[""Yeah, it's, um... it's from me to Dr. Strangelove.""]",AUX_CN_ATTACHED,exact_jpn_slot_page_tag_reference_index;validated_slot_olang_map_entity_identity,master status=AUX_CN_ATTACHED; mapping method=exact_jpn_slot_page_tag_reference_index;validated_slot_olang_map_entity_identity; candidate attached as auxiliary evidence only; verify against JPN and context; auxiliary candidates only; JPN remains authoritative; verify against JPN text and context
5D3AF9CD,141,141,141,1,,page1951:tag2:entity146:key00000007:ref141:ord0,手紙？ 推薦状か？,それと…,研究所のセキュリティをパスしてくれる,,,,NOT_CHECKED,12,,NOT_STARTED,NOT_BUILT,NOT_TESTED,JPN_PRIMARY; MLG_CN_CONTEXT_AUXILIARY,mechanical template; resource_class=SLOT_OLANG; source_objects=1,这是什么？推荐信吗？,"[""这是什么？推荐信吗？""]",What's this? A letter of recommendation?,"[""What's this? A letter of recommendation?""]",AUX_CN_ATTACHED,exact_jpn_slot_page_tag_reference_index;validated_slot_olang_map_entity_identity,master status=AUX_CN_ATTACHED; mapping method=exact_jpn_slot_page_tag_reference_index;validated_slot_olang_map_entity_identity; candidate attached as auxiliary evidence only; verify against JPN and context; auxiliary candidates only; JPN remains authoritative; verify against JPN text and context
5D3AF9CD,142,142,142,1,,page1951:tag2:entity145:key00000006:ref142:ord0,それと…,研究所のセキュリティをパスしてくれる,僕のIDカードを貸そう,,,,NOT_CHECKED,54,,NOT_STARTED,NOT_BUILT,NOT_TESTED,JPN_PRIMARY; MLG_CN_CONTEXT_AUXILIARY,mechanical template; resource_class=SLOT_OLANG; source_objects=1,哦…还有一件事…,"[""哦…还有一件事…""]",Oh... And one more thing...,"[""Oh... And one more thing...""]",AUX_CN_ATTACHED,exact_jpn_slot_page_tag_reference_index;validated_slot_olang_map_entity_identity,master status=AUX_CN_ATTACHED; mapping method=exact_jpn_slot_page_tag_reference_index;validated_slot_olang_map_entity_identity; candidate attached as auxiliary evidence only; verify against JPN and context; auxiliary candidates only; JPN remains authoritative; verify against JPN text and context
5D3AF9CD,143,143,143,1,,page1951:tag2:entity144:key00000005:ref143:ord0,研究所のセキュリティをパスしてくれる,僕のIDカードを貸そう,"<R=人工知能,AI>の方は まだ最終調整が終わっていないはずだ",,,,NOT_CHECKED,29,,NOT_STARTED,NOT_BUILT,NOT_TESTED,JPN_PRIMARY; MLG_CN_CONTEXT_AUXILIARY,mechanical template; resource_class=SLOT_OLANG; source_objects=1,"我把我的ID卡借给你。
有了它你就能通过实验室的安保了。","[""我把我的ID卡借给你。\n有了它你就能通过实验室的安保了。""]","I'll lend you my ID card. 
It'll get you through security at the lab.","[""I'll lend you my ID card. \nIt'll get you through security at the lab.""]",AUX_CN_ATTACHED,exact_jpn_slot_page_tag_reference_index;validated_slot_olang_map_entity_identity,master status=AUX_CN_ATTACHED; mapping method=exact_jpn_slot_page_tag_reference_index;validated_slot_olang_map_entity_identity; candidate attached as auxiliary evidence only; verify against JPN and context; auxiliary candidates only; JPN remains authoritative; verify against JPN text and context
5D3AF9CD,144,144,144,1,,page1951:tag2:entity143:key00000004:ref144:ord0,僕のIDカードを貸そう,"<R=人工知能,AI>の方は まだ最終調整が終わっていないはずだ","その<R=研究施設,ラボ>に行って
ピースウォーカーの“大脳”を破壊するんだ ","<R=人工知能,AI>",,,NOT_CHECKED,80,,NOT_STARTED,NOT_BUILT,NOT_TESTED,JPN_PRIMARY; MLG_CN_CONTEXT_AUXILIARY,mechanical template; resource_class=SLOT_OLANG; source_objects=1,"我很确定他们还没完成
最后的校准工作。","[""我很确定他们还没完成\n最后的校准工作。""]","I'm pretty sure they haven't finished
the final calibrations yet.","[""I'm pretty sure they haven't finished\nthe final calibrations yet.""]",AUX_CN_ATTACHED,exact_jpn_slot_page_tag_reference_index;validated_slot_olang_map_entity_identity,master status=AUX_CN_ATTACHED; mapping method=exact_jpn_slot_page_tag_reference_index;validated_slot_olang_map_entity_identity; candidate attached as auxiliary evidence only; verify against JPN and context; auxiliary candidates only; JPN remains authoritative; verify against JPN text and context
5D3AF9CD,145,145,145,1,,page1951:tag2:entity142:key00000003:ref145:ord0,"<R=人工知能,AI>の方は まだ最終調整が終わっていないはずだ","その<R=研究施設,ラボ>に行って
ピースウォーカーの“大脳”を破壊するんだ ",酷い人嫌いでね,"<R=研究施設,ラボ>",,,NOT_CHECKED,103,,NOT_STARTED,NOT_BUILT,NOT_TESTED,JPN_PRIMARY; MLG_CN_CONTEXT_AUXILIARY,mechanical template; resource_class=SLOT_OLANG; source_objects=1,"去实验室，
摧毁和平行者的大脑。","[""去实验室，\n摧毁和平行者的大脑。""]","Go to the lab and 
destroy Peace Walker's cerebrum.","[""Go to the lab and \ndestroy Peace Walker's cerebrum.""]",AUX_CN_ATTACHED,exact_jpn_slot_page_tag_reference_index;validated_slot_olang_map_entity_identity,master status=AUX_CN_ATTACHED; mapping method=exact_jpn_slot_page_tag_reference_index;validated_slot_olang_map_entity_identity; candidate attached as auxiliary evidence only; verify against JPN and context; auxiliary candidates only; JPN remains authoritative; verify against JPN text and context
5D3AF9CD,146,146,146,1,,page1951:tag2:entity141:key00000002:ref146:ord0,"その<R=研究施設,ラボ>に行って
ピースウォーカーの“大脳”を破壊するんだ ",酷い人嫌いでね,俺達のところに来ないか,,,,NOT_CHECKED,21,,NOT_STARTED,NOT_BUILT,NOT_TESTED,JPN_PRIMARY; MLG_CN_CONTEXT_AUXILIARY,mechanical template; resource_class=SLOT_OLANG; source_objects=1,"不过，天啊，真是个疯子！
她恨每一个人。","[""不过，天啊，真是个疯子！\n她恨每一个人。""]","but, man, what a basket case! 
She hates EVERYBODY.","[""but, man, what a basket case! \nShe hates EVERYBODY.""]",AUX_CN_ATTACHED,exact_jpn_slot_page_tag_reference_index;validated_slot_olang_map_entity_identity,master status=AUX_CN_ATTACHED; mapping method=exact_jpn_slot_page_tag_reference_index;validated_slot_olang_map_entity_identity; candidate attached as auxiliary evidence only; verify against JPN and context; auxiliary candidates only; JPN remains authoritative; verify against JPN text and context
5D3AF9CD,147,147,147,1,,page1951:tag2:entity155:key00000010:ref147:ord0,酷い人嫌いでね,俺達のところに来ないか,急ぐことはない,,,,NOT_CHECKED,33,,NOT_STARTED,NOT_BUILT,NOT_TESTED,JPN_PRIMARY; MLG_CN_CONTEXT_AUXILIARY,mechanical template; resource_class=SLOT_OLANG; source_objects=1,要不要加入我们？,"[""要不要加入我们？""]",,[],AUX_CN_ATTACHED,exact_jpn_slot_page_tag_reference_index,master status=AUX_CN_ATTACHED; mapping method=exact_jpn_slot_page_tag_reference_index; candidate attached as auxiliary evidence only; verify against JPN and context; auxiliary candidates only; JPN remains authoritative; verify against JPN text and context
5D3AF9CD,148,148,148,1,,page1951:tag2:entity154:key0000000F:ref148:ord0,俺達のところに来ないか,急ぐことはない,"このままじゃ 確実に<R=地獄,ヘル>に堕ちるだろうから ",,,,NOT_CHECKED,21,,NOT_STARTED,NOT_BUILT,NOT_TESTED,JPN_PRIMARY; MLG_CN_CONTEXT_AUXILIARY,mechanical template; resource_class=SLOT_OLANG; source_objects=1,"它的硬件结构
是仿照人脑构建的，","[""它的硬件结构\n是仿照人脑构建的，""]","The hardware configuration is 
modeled on the human brain,","[""The hardware configuration is \nmodeled on the human brain,""]",AUX_CN_ATTACHED,exact_jpn_slot_page_tag_reference_index;validated_slot_olang_map_entity_identity,master status=AUX_CN_ATTACHED; mapping method=exact_jpn_slot_page_tag_reference_index;validated_slot_olang_map_entity_identity; candidate attached as auxiliary evidence only; verify against JPN and context; auxiliary candidates only; JPN remains authoritative; verify against JPN text and context
5D3AF9CD,149,149,149,1,,page1951:tag2:entity153:key0000000E:ref149:ord0,急ぐことはない,"このままじゃ 確実に<R=地獄,ヘル>に堕ちるだろうから ",僕は… 僕は もう科学を棄てる ,"<R=地獄,ヘル>",,,NOT_CHECKED,73,,NOT_STARTED,NOT_BUILT,NOT_TESTED,JPN_PRIMARY; MLG_CN_CONTEXT_AUXILIARY,mechanical template; resource_class=SLOT_OLANG; source_objects=1,机械大脑…,"[""机械大脑…""]",The mechanical cerebrum...,"[""The mechanical cerebrum...""]",AUX_CN_ATTACHED,exact_jpn_slot_page_tag_reference_index;validated_slot_olang_map_entity_identity,master status=AUX_CN_ATTACHED; mapping method=exact_jpn_slot_page_tag_reference_index;validated_slot_olang_map_entity_identity; candidate attached as auxiliary evidence only; verify against JPN and context; auxiliary candidates only; JPN remains authoritative; verify against JPN text and context
5D3AF9CD,150,150,150,1,,page1951:tag2:entity152:key0000000D:ref150:ord0,"このままじゃ 確実に<R=地獄,ヘル>に堕ちるだろうから ",僕は… 僕は もう科学を棄てる ,ところで これからお前はどうする？ ,,,,NOT_CHECKED,42,,NOT_STARTED,NOT_BUILT,NOT_TESTED,JPN_PRIMARY; MLG_CN_CONTEXT_AUXILIARY,mechanical template; resource_class=SLOT_OLANG; source_objects=1,"所以，它需要拥有
大脑般的高级决策能力。","[""所以，它需要拥有\n大脑般的高级决策能力。""]","Hence, it needs the high-level decision-making ability of a cerebrum.","[""Hence, it needs the high-level decision-making ability of a cerebrum.""]",AUX_CN_ATTACHED,exact_jpn_slot_page_tag_reference_index;validated_slot_olang_map_entity_identity,master status=AUX_CN_ATTACHED; mapping method=exact_jpn_slot_page_tag_reference_index;validated_slot_olang_map_entity_identity; candidate attached as auxiliary evidence only; verify against JPN and context; auxiliary candidates only; JPN remains authoritative; verify against JPN text and context
5D3AF9CD,151,151,151,1,,page1951:tag2:entity151:key0000000C:ref151:ord0,僕は… 僕は もう科学を棄てる ,ところで これからお前はどうする？ ,…読むなよ,,,,NOT_CHECKED,50,,NOT_STARTED,NOT_BUILT,NOT_TESTED,JPN_PRIMARY; MLG_CN_CONTEXT_AUXILIARY,mechanical template; resource_class=SLOT_OLANG; source_objects=1,然后选择合适的报复目标。,"[""然后选择合适的报复目标。""]",and select an appropriate target for retaliation.,"[""and select an appropriate target for retaliation.""]",AUX_CN_ATTACHED,exact_jpn_slot_page_tag_reference_index;validated_slot_olang_map_entity_identity,master status=AUX_CN_ATTACHED; mapping method=exact_jpn_slot_page_tag_reference_index;validated_slot_olang_map_entity_identity; candidate attached as auxiliary evidence only; verify against JPN and context; auxiliary candidates only; JPN remains authoritative; verify against JPN text and context
5D3AF9CD,152,152,152,1,,page1951:tag2:entity150:key0000000B:ref152:ord0,ところで これからお前はどうする？ ,…読むなよ,これは 僕からストレンジラブへの手紙だ ,,,,NOT_CHECKED,15,,NOT_STARTED,NOT_BUILT,NOT_TESTED,JPN_PRIMARY; MLG_CN_CONTEXT_AUXILIARY,mechanical template; resource_class=SLOT_OLANG; source_objects=1,我…我已经不搞科学了。,"[""我…我已经不搞科学了。""]",I... I'm done with science.,"[""I... I'm done with science.""]",AUX_CN_ATTACHED,exact_jpn_slot_page_tag_reference_index;validated_slot_olang_map_entity_identity,master status=AUX_CN_ATTACHED; mapping method=exact_jpn_slot_page_tag_reference_index;validated_slot_olang_map_entity_identity; candidate attached as auxiliary evidence only; verify against JPN and context; auxiliary candidates only; JPN remains authoritative; verify against JPN text and context
5D3AF9CD,153,153,153,1,,page1951:tag2:entity149:key0000000A:ref153:ord0,…読むなよ,これは 僕からストレンジラブへの手紙だ ,確かにAI部門では最高レベルだけど イカれた博士さ ,,,,NOT_CHECKED,56,,NOT_STARTED,NOT_BUILT,NOT_TESTED,JPN_PRIMARY; MLG_CN_CONTEXT_AUXILIARY,mechanical template; resource_class=SLOT_OLANG; source_objects=1,那你接下来打算怎么办？,"[""那你接下来打算怎么办？""]",So what will you do now?,"[""So what will you do now?""]",AUX_CN_ATTACHED,exact_jpn_slot_page_tag_reference_index;validated_slot_olang_map_entity_identity,master status=AUX_CN_ATTACHED; mapping method=exact_jpn_slot_page_tag_reference_index;validated_slot_olang_map_entity_identity; candidate attached as auxiliary evidence only; verify against JPN and context; auxiliary candidates only; JPN remains authoritative; verify against JPN text and context
5D3AF9CD,154,154,154,1,,page1951:tag2:entity140:key00000001:ref154:ord0,これは 僕からストレンジラブへの手紙だ ,確かにAI部門では最高レベルだけど イカれた博士さ ,"あいつも<R=合衆国,アメリカ>からスカウトされてきたらしい",,,,NOT_CHECKED,70,,NOT_STARTED,NOT_BUILT,NOT_TESTED,JPN_PRIMARY; MLG_CN_CONTEXT_AUXILIARY,mechanical template; resource_class=SLOT_OLANG; source_objects=1,"在AI领域，
没人比她更强，这一点可以肯定。","[""在AI领域，\n没人比她更强，这一点可以肯定。""]","In the field of AI, 
there's no one better, that's for sure,","[""In the field of AI, \nthere's no one better, that's for sure,""]",AUX_CN_ATTACHED,exact_jpn_slot_page_tag_reference_index;validated_slot_olang_map_entity_identity,master status=AUX_CN_ATTACHED; mapping method=exact_jpn_slot_page_tag_reference_index;validated_slot_olang_map_entity_identity; candidate attached as auxiliary evidence only; verify against JPN and context; auxiliary candidates only; JPN remains authoritative; verify against JPN text and context
5D3AF9CD,155,155,155,1,,page1951:tag2:entity139:key00000000:ref155:ord0,確かにAI部門では最高レベルだけど イカれた博士さ ,"あいつも<R=合衆国,アメリカ>からスカウトされてきたらしい",スネーク…,"<R=合衆国,アメリカ>",,,NOT_CHECKED,80,,NOT_STARTED,NOT_BUILT,NOT_TESTED,JPN_PRIMARY; MLG_CN_CONTEXT_AUXILIARY,mechanical template; resource_class=SLOT_OLANG; source_objects=1,Strangelove也是从美国招来的。,"[""Strangelove也是从美国招来的。""]","Strangelove was recruited from the States, too.","[""Strangelove was recruited from the States, too.""]",AUX_CN_ATTACHED,exact_jpn_slot_page_tag_reference_index;validated_slot_olang_map_entity_identity,master status=AUX_CN_ATTACHED; mapping method=exact_jpn_slot_page_tag_reference_index;validated_slot_olang_map_entity_identity; candidate attached as auxiliary evidence only; verify against JPN and context; auxiliary candidates only; JPN remains authoritative; verify against JPN text and context
5D3AF9CD,156,156,156,1,,page1951:tag2:entity165:key00000009:ref156:ord0,"あいつも<R=合衆国,アメリカ>からスカウトされてきたらしい",スネーク…,…スネークと呼んでくれ,,,,NOT_CHECKED,15,,NOT_STARTED,NOT_BUILT,NOT_TESTED,JPN_PRIMARY; MLG_CN_CONTEXT_AUXILIARY,mechanical template; resource_class=SLOT_OLANG; source_objects=1,…叫我Snake就行。,"[""…叫我Snake就行。""]",...Call me Snake.,"[""...Call me Snake.""]",AUX_CN_ATTACHED,exact_jpn_slot_page_tag_reference_index;validated_slot_olang_map_entity_identity,master status=AUX_CN_ATTACHED; mapping method=exact_jpn_slot_page_tag_reference_index;validated_slot_olang_map_entity_identity; candidate attached as auxiliary evidence only; verify against JPN and context; auxiliary candidates only; JPN remains authoritative; verify against JPN text and context
5D3AF9CD,157,157,157,1,,page1951:tag2:entity164:key00000008:ref157:ord0,スネーク…,…スネークと呼んでくれ,"冷戦に翻弄され いらなくなったら 棄てられた…
だから何処にも所属していない ",,,,NOT_CHECKED,33,,NOT_STARTED,NOT_BUILT,NOT_TESTED,JPN_PRIMARY; MLG_CN_CONTEXT_AUXILIARY,mechanical template; resource_class=SLOT_OLANG; source_objects=1,"现在我没那么有用了，所以他们
就把我踢开了…我不听命于任何人。","[""现在我没那么有用了，所以他们\n就把我踢开了…我不听命于任何人。""]","Now I'm not so useful anymore, so they 
cut me loose... I don't answer to anyone.","[""Now I'm not so useful anymore, so they \ncut me loose... I don't answer to anyone.""]",AUX_CN_ATTACHED,exact_jpn_slot_page_tag_reference_index;validated_slot_olang_map_entity_identity,master status=AUX_CN_ATTACHED; mapping method=exact_jpn_slot_page_tag_reference_index;validated_slot_olang_map_entity_identity; candidate attached as auxiliary evidence only; verify against JPN and context; auxiliary candidates only; JPN remains authoritative; verify against JPN text and context
5D3AF9CD,158,158,158,1,,page1951:tag2:entity163:key00000007:ref158:ord0,…スネークと呼んでくれ,"冷戦に翻弄され いらなくなったら 棄てられた…
だから何処にも所属していない ",俺か？ お前と同じさ,,,,NOT_CHECKED,109,,NOT_STARTED,NOT_BUILT,NOT_TESTED,JPN_PRIMARY; MLG_CN_CONTEXT_AUXILIARY,mechanical template; resource_class=SLOT_OLANG; source_objects=1,我？我也是冷战工具，和你一样。,"[""我？我也是冷战工具，和你一样。""]","Me? I was a Cold War tool, same as you.","[""Me? I was a Cold War tool, same as you.""]",AUX_CN_ATTACHED,exact_jpn_slot_page_tag_reference_index;validated_slot_olang_map_entity_identity,master status=AUX_CN_ATTACHED; mapping method=exact_jpn_slot_page_tag_reference_index;validated_slot_olang_map_entity_identity; candidate attached as auxiliary evidence only; verify against JPN and context; auxiliary candidates only; JPN remains authoritative; verify against JPN text and context
5D3AF9CD,159,159,159,1,,page1951:tag2:entity162:key00000006:ref159:ord0,"冷戦に翻弄され いらなくなったら 棄てられた…
だから何処にも所属していない ",俺か？ お前と同じさ,君は 何処のエージェントなんだ？ ,,,,NOT_CHECKED,28,,NOT_STARTED,NOT_BUILT,NOT_TESTED,JPN_PRIMARY; MLG_CN_CONTEXT_AUXILIARY,mechanical template; resource_class=SLOT_OLANG; source_objects=1,你是个特工，对吧？你为谁工作？,"[""你是个特工，对吧？你为谁工作？""]","You're an agent, right? Who do you work for?","[""You're an agent, right? Who do you work for?""]",AUX_CN_ATTACHED,exact_jpn_slot_page_tag_reference_index;validated_slot_olang_map_entity_identity,master status=AUX_CN_ATTACHED; mapping method=exact_jpn_slot_page_tag_reference_index;validated_slot_olang_map_entity_identity; candidate attached as auxiliary evidence only; verify against JPN and context; auxiliary candidates only; JPN remains authoritative; verify against JPN text and context
5D3AF9CD,160,160,160,1,,page1951:tag2:entity161:key00000005:ref160:ord0,俺か？ お前と同じさ,君は 何処のエージェントなんだ？ ,蝶になった気分が味わえる,,,,NOT_CHECKED,47,,NOT_STARTED,NOT_BUILT,NOT_TESTED,JPN_PRIMARY; MLG_CN_CONTEXT_AUXILIARY,mechanical template; resource_class=SLOT_OLANG; source_objects=1,好好享受吧，你会感觉像只蝴蝶。,"[""好好享受吧，你会感觉像只蝴蝶。""]","Enjoy it, you'll feel like a butterfly.","[""Enjoy it, you'll feel like a butterfly.""]",AUX_CN_ATTACHED,exact_jpn_slot_page_tag_reference_index;validated_slot_olang_map_entity_identity,master status=AUX_CN_ATTACHED; mapping method=exact_jpn_slot_page_tag_reference_index;validated_slot_olang_map_entity_identity; candidate attached as auxiliary evidence only; verify against JPN and context; auxiliary candidates only; JPN remains authoritative; verify against JPN text and context
5D3AF9CD,161,161,161,1,,page1951:tag2:entity160:key00000004:ref161:ord0,君は 何処のエージェントなんだ？ ,蝶になった気分が味わえる,じゃあ 気球での旅をプレゼントしよう ,,,,NOT_CHECKED,36,,NOT_STARTED,NOT_BUILT,NOT_TESTED,JPN_PRIMARY; MLG_CN_CONTEXT_AUXILIARY,mechanical template; resource_class=SLOT_OLANG; source_objects=1,很好。报名还送一次免费气球旅行。,"[""很好。报名还送一次免费气球旅行。""]",Good. You get a free balloon trip for signing up.,"[""Good. You get a free balloon trip for signing up.""]",AUX_CN_ATTACHED,exact_jpn_slot_page_tag_reference_index;validated_slot_olang_map_entity_identity,master status=AUX_CN_ATTACHED; mapping method=exact_jpn_slot_page_tag_reference_index;validated_slot_olang_map_entity_identity; candidate attached as auxiliary evidence only; verify against JPN and context; auxiliary candidates only; JPN remains authoritative; verify against JPN text and context
5D3AF9CD,162,162,162,1,,page1951:tag2:entity159:key00000003:ref162:ord0,蝶になった気分が味わえる,じゃあ 気球での旅をプレゼントしよう ,"<R= 楽園 ,コスタリカ>よりは僕向きだ ",,,,NOT_CHECKED,53,,NOT_STARTED,NOT_BUILT,NOT_TESTED,JPN_PRIMARY; MLG_CN_CONTEXT_AUXILIARY,mechanical template; resource_class=SLOT_OLANG; source_objects=1,"比起这个“天堂”，我可能更适合
那种地方。","[""比起这个“天堂”，我可能更适合\n那种地方。""]","I'm probably better suited to 
something like that than this ""paradise.""","[""I'm probably better suited to \nsomething like that than this \""paradise.\""""]",AUX_CN_ATTACHED,exact_jpn_slot_page_tag_reference_index;validated_slot_olang_map_entity_identity,master status=AUX_CN_ATTACHED; mapping method=exact_jpn_slot_page_tag_reference_index;validated_slot_olang_map_entity_identity; candidate attached as auxiliary evidence only; verify against JPN and context; auxiliary candidates only; JPN remains authoritative; verify against JPN text and context
5D3AF9CD,163,163,163,1,,page1951:tag2:entity158:key00000002:ref163:ord0,じゃあ 気球での旅をプレゼントしよう ,"<R= 楽園 ,コスタリカ>よりは僕向きだ ","Dr.ストレンジラブの<R=研究施設,ラボ>だ ","<R= 楽園 ,コスタリカ>",,,NOT_CHECKED,50,,NOT_STARTED,NOT_BUILT,NOT_TESTED,JPN_PRIMARY; MLG_CN_CONTEXT_AUXILIARY,mechanical template; resource_class=SLOT_OLANG; source_objects=1,嗯。,"[""嗯。""]",Yeah.,"[""Yeah.""]",AUX_CN_ATTACHED,exact_jpn_slot_page_tag_reference_index;validated_slot_olang_map_entity_identity,master status=AUX_CN_ATTACHED; mapping method=exact_jpn_slot_page_tag_reference_index;validated_slot_olang_map_entity_identity; candidate attached as auxiliary evidence only; verify against JPN and context; auxiliary candidates only; JPN remains authoritative; verify against JPN text and context
5D3AF9CD,164,164,164,1,,page1951:tag2:entity171:key0000000F:ref164:ord0,"<R= 楽園 ,コスタリカ>よりは僕向きだ ","Dr.ストレンジラブの<R=研究施設,ラボ>だ ",遺跡があるだろう？,"<R=研究施設,ラボ>",,,NOT_CHECKED,54,,NOT_STARTED,NOT_BUILT,NOT_TESTED,JPN_PRIMARY; MLG_CN_CONTEXT_AUXILIARY,mechanical template; resource_class=SLOT_OLANG; source_objects=1,"你会在那里找到
Dr. Strangelove的实验室。","[""你会在那里找到\nDr. Strangelove的实验室。""]",That's where you'll find Dr. Strangelove's lab.,"[""That's where you'll find Dr. Strangelove's lab.""]",AUX_CN_ATTACHED,exact_jpn_slot_page_tag_reference_index;validated_slot_olang_map_entity_identity,master status=AUX_CN_ATTACHED; mapping method=exact_jpn_slot_page_tag_reference_index;validated_slot_olang_map_entity_identity; candidate attached as auxiliary evidence only; verify against JPN and context; auxiliary candidates only; JPN remains authoritative; verify against JPN text and context
5D3AF9CD,165,165,165,1,,page1951:tag2:entity170:key0000000E:ref165:ord0,"Dr.ストレンジラブの<R=研究施設,ラボ>だ ",遺跡があるだろう？,熱帯雲霧林の向こう,,,,NOT_CHECKED,27,,NOT_STARTED,NOT_BUILT,NOT_TESTED,JPN_PRIMARY; MLG_CN_CONTEXT_AUXILIARY,mechanical template; resource_class=SLOT_OLANG; source_objects=1,嗯。,"[""嗯。""]",Yeah.,"[""Yeah.""]",AUX_CN_ATTACHED,exact_jpn_slot_page_tag_reference_index;validated_slot_olang_map_entity_identity,master status=AUX_CN_ATTACHED; mapping method=exact_jpn_slot_page_tag_reference_index;validated_slot_olang_map_entity_identity; candidate attached as auxiliary evidence only; verify against JPN and context; auxiliary candidates only; JPN remains authoritative; verify against JPN text and context
5D3AF9CD,166,166,166,1,,page1951:tag2:entity169:key0000000D:ref166:ord0,遺跡があるだろう？,熱帯雲霧林の向こう,…見えるか？,,,,NOT_CHECKED,27,,NOT_STARTED,NOT_BUILT,NOT_TESTED,JPN_PRIMARY; MLG_CN_CONTEXT_AUXILIARY,mechanical template; resource_class=SLOT_OLANG; source_objects=1,话别说得太早。何不加入我们？,"[""话别说得太早。何不加入我们？""]",Not so fast. Why not join us?,"[""Not so fast. Why not join us?""]",AUX_CN_ATTACHED,exact_jpn_slot_page_tag_reference_index;validated_slot_olang_map_entity_identity,master status=AUX_CN_ATTACHED; mapping method=exact_jpn_slot_page_tag_reference_index;validated_slot_olang_map_entity_identity; candidate attached as auxiliary evidence only; verify against JPN and context; auxiliary candidates only; JPN remains authoritative; verify against JPN text and context
5D3AF9CD,167,167,167,1,,page1951:tag2:entity168:key0000000C:ref167:ord0,熱帯雲霧林の向こう,…見えるか？,そりゃ気のせいだろう,,,,NOT_CHECKED,18,,NOT_STARTED,NOT_BUILT,NOT_TESTED,JPN_PRIMARY; MLG_CN_CONTEXT_AUXILIARY,mechanical template; resource_class=SLOT_OLANG; source_objects=1,"照这样下去，我反正也已经
半只脚踏进地狱了。","[""照这样下去，我反正也已经\n半只脚踏进地狱了。""]","At this rate, I'm probably already 
halfway to hell anyway.","[""At this rate, I'm probably already \nhalfway to hell anyway.""]",AUX_CN_ATTACHED,exact_jpn_slot_page_tag_reference_index;validated_slot_olang_map_entity_identity,master status=AUX_CN_ATTACHED; mapping method=exact_jpn_slot_page_tag_reference_index;validated_slot_olang_map_entity_identity; candidate attached as auxiliary evidence only; verify against JPN and context; auxiliary candidates only; JPN remains authoritative; verify against JPN text and context
5D3AF9CD,168,168,168,1,,page1951:tag2:entity167:key0000000B:ref168:ord0,…見えるか？,そりゃ気のせいだろう,何だか呼び慣れた感じがする,,,,NOT_CHECKED,30,,NOT_STARTED,NOT_BUILT,NOT_TESTED,JPN_PRIMARY; MLG_CN_CONTEXT_AUXILIARY,mechanical template; resource_class=SLOT_OLANG; source_objects=1,大概只是既视感吧。,"[""大概只是既视感吧。""]",Probably just déjà vu.,"[""Probably just déjà vu.""]",AUX_CN_ATTACHED,exact_jpn_slot_page_tag_reference_index;validated_slot_olang_map_entity_identity,master status=AUX_CN_ATTACHED; mapping method=exact_jpn_slot_page_tag_reference_index;validated_slot_olang_map_entity_identity; candidate attached as auxiliary evidence only; verify against JPN and context; auxiliary candidates only; JPN remains authoritative; verify against JPN text and context
5D3AF9CD,169,169,169,1,,page1951:tag2:entity166:key0000000A:ref169:ord0,そりゃ気のせいだろう,何だか呼び慣れた感じがする,"<R=天国の外,アウター・ヘブン>…",,,,NOT_CHECKED,39,,NOT_STARTED,NOT_BUILT,NOT_TESTED,JPN_PRIMARY; MLG_CN_CONTEXT_AUXILIARY,mechanical template; resource_class=SLOT_OLANG; source_objects=1,Snake…这个名字总觉得在哪里听过。,"[""Snake…这个名字总觉得在哪里听过。""]",Snake... The name seems familiar somehow.,"[""Snake... The name seems familiar somehow.""]",AUX_CN_ATTACHED,exact_jpn_slot_page_tag_reference_index;validated_slot_olang_map_entity_identity,master status=AUX_CN_ATTACHED; mapping method=exact_jpn_slot_page_tag_reference_index;validated_slot_olang_map_entity_identity; candidate attached as auxiliary evidence only; verify against JPN and context; auxiliary candidates only; JPN remains authoritative; verify against JPN text and context
5D3AF9CD,170,170,170,1,,page1951:tag2:entity157:key00000001:ref170:ord0,何だか呼び慣れた感じがする,"<R=天国の外,アウター・ヘブン>…","お前にはふさわしい場所 <R=天国の外,アウター・ヘブン>だ","<R=天国の外,アウター・ヘブン>",,,NOT_CHECKED,44,,NOT_STARTED,NOT_BUILT,NOT_TESTED,JPN_PRIMARY; MLG_CN_CONTEXT_AUXILIARY,mechanical template; resource_class=SLOT_OLANG; source_objects=1,世外天堂…？,"[""世外天堂…？""]",Outer Heaven... ?,"[""Outer Heaven... ?""]",AUX_CN_ATTACHED,exact_jpn_slot_page_tag_reference_index;validated_slot_olang_map_entity_identity,master status=AUX_CN_ATTACHED; mapping method=exact_jpn_slot_page_tag_reference_index;validated_slot_olang_map_entity_identity; candidate attached as auxiliary evidence only; verify against JPN and context; auxiliary candidates only; JPN remains authoritative; verify against JPN text and context
5D3AF9CD,171,171,171,1,,page1951:tag2:entity156:key00000000:ref171:ord0,"<R=天国の外,アウター・ヘブン>…","お前にはふさわしい場所 <R=天国の外,アウター・ヘブン>だ",,"<R=天国の外,アウター・ヘブン>",,,NOT_CHECKED,78,,NOT_STARTED,NOT_BUILT,NOT_TESTED,JPN_PRIMARY; MLG_CN_CONTEXT_AUXILIARY,mechanical template; resource_class=SLOT_OLANG; source_objects=1,"我们的地方叫“世外天堂”。
你会很适合这里。","[""我们的地方叫“世外天堂”。\n你会很适合这里。""]","Our place is ""Outer Heaven."" You'd fit right in.","[""Our place is \""Outer Heaven.\"" You'd fit right in.""]",AUX_CN_ATTACHED,exact_jpn_slot_page_tag_reference_index;validated_slot_olang_map_entity_identity,master status=AUX_CN_ATTACHED; mapping method=exact_jpn_slot_page_tag_reference_index;validated_slot_olang_map_entity_identity; candidate attached as auxiliary evidence only; verify against JPN and context; auxiliary candidates only; JPN remains authoritative; verify against JPN text and context
