file_id,unique_index,first_reference_index,reference_indices,reference_count,scene_context,entity_context,previous_jpn_text,jpn_text,next_jpn_text,jpn_control_tokens,cn_text,cn_control_tokens,control_structure_status,jpn_utf8_bytes,cn_utf8_bytes,translation_status,build_status,ingame_status,translation_basis,notes,mlg_cn_reference,mlg_cn_reference_variants,eng_reference,eng_reference_variants,reference_status,reference_method,reference_reason
5D904CFF,0,0,0;1;2;3;4;5;6;7;8;9;11;12;13;14;15;16;24;25;26;27;28;35;36;37;38;39;52;54;55;56;57;123;124;136;137;138;140;143;144;145;146;147;148;149;150;151;152;154;155;156;157;158;159;160;161;162;163;165;166;167;168;169;170;171;173;174;177;179;180;190;191;192;193;194;195;196;197;199;202;203;205;206;207;210;211;221;227;228;229;230;232;233;234;235;236;237;238;239;240;241;243;244;245;246;247;248;249;250;251;252;254;255;256;257;258;259;260;261;262;263;265;266;267;268;269;270;271;272;273;274;276;277;278;279;280;281;282;283;284;285;288;289;290;291;292;293;294;295;296;297;299;300;301;302;303;304;305;306;307;308;310;311;312;313;314;315;316;317;318;319;321;322;323;324;325;326;327;328;329;330;332;333;334;335;336;337;338;339;340;341;343;344;345;346;347;348;349;350;351;352;354;355;356;357;358;359;360;361;362;363;365;366;367;368;369;370;371;372;373;374;376;377;378;379;380;381;382;383;384;385;387;388;389;390;391;392;393;394;395;396;399;400;401;402;403;404;405;406;407;410;411;412;413;414;415;416;417;418;419;421;422;423;424;428;429;430;432;433;434;435;436;437;438;439;440;441;443;444;445;446;447;448;449;450;451;452;454;455;456;457;458;459;460;461;462;463;465;466;467;468;469;470;471;472;473;474;476;477;478;479;480;481;482;483;484;485;487;488;489;490;491;492;493;494;495;496;498;499;500;501;502;503;504;505;506;507;563;565;566;567;636;637;638;639;640;641;643;644;645;646;647;648;649;650;651;652;654;655;656;657;658;659;660;661;662;663;665;666;667;668;669;670;671;672;673;674;676;677;678;679;680;681;682;683;684;685;688;689;690;691;692;693;694;695;696;697;699;700;701;702;703;704;705;706;707;708;710;711;712;713;714;715;716;717;718;719;721;722;723;724;725;726;727;728;729;730;732;733;734;735;736;737;738;739;740;741;743;744;745;746;747;748;749;750;751;752;754;755;756;757;758;759;760;761;762;763;765;766;767;768;769;770;771;772;773;774;776;777;778;779;780;781;782;783;784;785;787;788;789;790;791;792;793;794;795;796;799;800;801;802;803;804;805;806;807;808;810;811;812;813;814;815;816;817;818;819;821;822;823;824;825;826;827;828;829;830;832;833;834;835;836;837;838;839;840;841;843;844;845;846;847;848;849;850;851;852;854;855;856;857;858;859;860;861;862;863;865;866;867;868;876,551,,page22:tag4:entity99:key00000063:ref0:ord0;page22:tag4:entity98:key00000062:ref1:ord0;page22:tag4:entity97:key00000061:ref2:ord0;page22:tag4:entity96:key00000060:ref3:ord0;page22:tag4:entity95:key0000005F:ref4:ord0;page22:tag4:entity94:key0000005E:ref5:ord0;page22:tag4:entity93:key0000005D:ref6:ord0;page22:tag4:entity92:key0000005C:ref7:ord0;page22:tag4:entity91:key0000005B:ref8:ord0;page22:tag4:entity90:key0000005A:ref9:ord0;page22:tag4:entity89:key00000059:ref11:ord0;page22:tag4:entity88:key00000058:ref12:ord0;page22:tag4:entity87:key00000057:ref13:ord0;page22:tag4:entity86:key00000056:ref14:ord0;page22:tag4:entity85:key00000055:ref15:ord0;page22:tag4:entity84:key00000054:ref16:ord0;page22:tag4:entity77:key0000004D:ref24:ord0;page22:tag4:entity76:key0000004C:ref25:ord0;page22:tag4:entity75:key0000004B:ref26:ord0;page22:tag4:entity74:key0000004A:ref27:ord0;page22:tag4:entity73:key00000049:ref28:ord0;page22:tag4:entity67:key00000043:ref35:ord0;page22:tag4:entity66:key00000042:ref36:ord0;page22:tag4:entity65:key00000041:ref37:ord0;page22:tag4:entity64:key00000040:ref38:ord0;page22:tag4:entity63:key0000003F:ref39:ord0;page22:tag4:entity510:key000001FE:ref52:ord0;page22:tag4:entity509:key000001FD:ref54:ord0;page22:tag4:entity508:key000001FC:ref55:ord0;page22:tag4:entity507:key000001FB:ref56:ord0;page22:tag4:entity506:key000001FA:ref57:ord0;page22:tag4:entity447:key000001BF:ref123:ord0;page22:tag4:entity446:key000001BE:ref124:ord0;page22:tag4:entity435:key000001B3:ref136:ord0;page22:tag4:entity434:key000001B2:ref137:ord0;page22:tag4:entity433:key000001B1:ref138:ord0;page22:tag4:entity431:key000001AF:ref140:ord0;page22:tag4:entity429:key000001AD:ref143:ord0;page22:tag4:entity428:key000001AC:ref144:ord0;page22:tag4:entity427:key000001AB:ref145:ord0;page22:tag4:entity426:key000001AA:ref146:ord0;page22:tag4:entity425:key000001A9:ref147:ord0;page22:tag4:entity424:key000001A8:ref148:ord0;page22:tag4:entity423:key000001A7:ref149:ord0;page22:tag4:entity422:key000001A6:ref150:ord0;page22:tag4:entity421:key000001A5:ref151:ord0;page22:tag4:entity420:key000001A4:ref152:ord0;page22:tag4:entity419:key000001A3:ref154:ord0;page22:tag4:entity418:key000001A2:ref155:ord0;page22:tag4:entity417:key000001A1:ref156:ord0;page22:tag4:entity416:key000001A0:ref157:ord0;page22:tag4:entity415:key0000019F:ref158:ord0;page22:tag4:entity414:key0000019E:ref159:ord0;page22:tag4:entity413:key0000019D:ref160:ord0;page22:tag4:entity412:key0000019C:ref161:ord0;page22:tag4:entity411:key0000019B:ref162:ord0;page22:tag4:entity410:key0000019A:ref163:ord0;page22:tag4:entity409:key00000199:ref165:ord0;page22:tag4:entity408:key00000198:ref166:ord0;page22:tag4:entity407:key00000197:ref167:ord0;page22:tag4:entity406:key00000196:ref168:ord0;page22:tag4:entity405:key00000195:ref169:ord0;page22:tag4:entity404:key00000194:ref170:ord0;page22:tag4:entity403:key00000193:ref171:ord0;page22:tag4:entity401:key00000191:ref173:ord0;page22:tag4:entity400:key00000190:ref174:ord0;page22:tag4:entity399:key0000018F:ref177:ord0;page22:tag4:entity397:key0000018D:ref179:ord0;page22:tag4:entity396:key0000018C:ref180:ord0;page22:tag4:entity387:key00000183:ref190:ord0;page22:tag4:entity386:key00000182:ref191:ord0;page22:tag4:entity385:key00000181:ref192:ord0;page22:tag4:entity384:key00000180:ref193:ord0;page22:tag4:entity383:key0000017F:ref194:ord0;page22:tag4:entity382:key0000017E:ref195:ord0;page22:tag4:entity381:key0000017D:ref196:ord0;page22:tag4:entity380:key0000017C:ref197:ord0;page22:tag4:entity379:key0000017B:ref199:ord0;page22:tag4:entity376:key00000178:ref202:ord0;page22:tag4:entity375:key00000177:ref203:ord0;page22:tag4:entity373:key00000175:ref205:ord0;page22:tag4:entity372:key00000174:ref206:ord0;page22:tag4:entity371:key00000173:ref207:ord0;page22:tag4:entity369:key00000171:ref210:ord0;page22:tag4:entity368:key00000170:ref211:ord0;page22:tag4:entity359:key00000167:ref221:ord0;page22:tag4:entity353:key00000161:ref227:ord0;page22:tag4:entity352:key00000160:ref228:ord0;page22:tag4:entity351:key0000015F:ref229:ord0;page22:tag4:entity350:key0000015E:ref230:ord0;page22:tag4:entity349:key0000015D:ref232:ord0;page22:tag4:entity348:key0000015C:ref233:ord0;page22:tag4:entity347:key0000015B:ref234:ord0;page22:tag4:entity346:key0000015A:ref235:ord0;page22:tag4:entity345:key00000159:ref236:ord0;page22:tag4:entity344:key00000158:ref237:ord0;page22:tag4:entity343:key00000157:ref238:ord0;page22:tag4:entity342:key00000156:ref239:ord0;page22:tag4:entity341:key00000155:ref240:ord0;page22:tag4:entity340:key00000154:ref241:ord0;page22:tag4:entity339:key00000153:ref243:ord0;page22:tag4:entity338:key00000152:ref244:ord0;page22:tag4:entity337:key00000151:ref245:ord0;page22:tag4:entity336:key00000150:ref246:ord0;page22:tag4:entity335:key0000014F:ref247:ord0;page22:tag4:entity334:key0000014E:ref248:ord0;page22:tag4:entity333:key0000014D:ref249:ord0;page22:tag4:entity332:key0000014C:ref250:ord0;page22:tag4:entity331:key0000014B:ref251:ord0;page22:tag4:entity330:key0000014A:ref252:ord0;page22:tag4:entity329:key00000149:ref254:ord0;page22:tag4:entity328:key00000148:ref255:ord0;page22:tag4:entity327:key00000147:ref256:ord0;page22:tag4:entity326:key00000146:ref257:ord0;page22:tag4:entity325:key00000145:ref258:ord0;page22:tag4:entity324:key00000144:ref259:ord0;page22:tag4:entity323:key00000143:ref260:ord0;page22:tag4:entity322:key00000142:ref261:ord0;page22:tag4:entity321:key00000141:ref262:ord0;page22:tag4:entity320:key00000140:ref263:ord0;page22:tag4:entity319:key0000013F:ref265:ord0;page22:tag4:entity318:key0000013E:ref266:ord0;page22:tag4:entity317:key0000013D:ref267:ord0;page22:tag4:entity316:key0000013C:ref268:ord0;page22:tag4:entity315:key0000013B:ref269:ord0;page22:tag4:entity314:key0000013A:ref270:ord0;page22:tag4:entity313:key00000139:ref271:ord0;page22:tag4:entity312:key00000138:ref272:ord0;page22:tag4:entity311:key00000137:ref273:ord0;page22:tag4:entity310:key00000136:ref274:ord0;page22:tag4:entity309:key00000135:ref276:ord0;page22:tag4:entity308:key00000134:ref277:ord0;page22:tag4:entity307:key00000133:ref278:ord0;page22:tag4:entity306:key00000132:ref279:ord0;page22:tag4:entity305:key00000131:ref280:ord0;page22:tag4:entity304:key00000130:ref281:ord0;page22:tag4:entity303:key0000012F:ref282:ord0;page22:tag4:entity302:key0000012E:ref283:ord0;page22:tag4:entity301:key0000012D:ref284:ord0;page22:tag4:entity300:key0000012C:ref285:ord0;page22:tag4:entity299:key0000012B:ref288:ord0;page22:tag4:entity298:key0000012A:ref289:ord0;page22:tag4:entity297:key00000129:ref290:ord0;page22:tag4:entity296:key00000128:ref291:ord0;page22:tag4:entity295:key00000127:ref292:ord0;page22:tag4:entity294:key00000126:ref293:ord0;page22:tag4:entity293:key00000125:ref294:ord0;page22:tag4:entity292:key00000124:ref295:ord0;page22:tag4:entity291:key00000123:ref296:ord0;page22:tag4:entity290:key00000122:ref297:ord0;page22:tag4:entity289:key00000121:ref299:ord0;page22:tag4:entity288:key00000120:ref300:ord0;page22:tag4:entity287:key0000011F:ref301:ord0;page22:tag4:entity286:key0000011E:ref302:ord0;page22:tag4:entity285:key0000011D:ref303:ord0;page22:tag4:entity284:key0000011C:ref304:ord0;page22:tag4:entity283:key0000011B:ref305:ord0;page22:tag4:entity282:key0000011A:ref306:ord0;page22:tag4:entity281:key00000119:ref307:ord0;page22:tag4:entity280:key00000118:ref308:ord0;page22:tag4:entity279:key00000117:ref310:ord0;page22:tag4:entity278:key00000116:ref311:ord0;page22:tag4:entity277:key00000115:ref312:ord0;page22:tag4:entity276:key00000114:ref313:ord0;page22:tag4:entity275:key00000113:ref314:ord0;page22:tag4:entity274:key00000112:ref315:ord0;page22:tag4:entity273:key00000111:ref316:ord0;page22:tag4:entity272:key00000110:ref317:ord0;page22:tag4:entity271:key0000010F:ref318:ord0;page22:tag4:entity270:key0000010E:ref319:ord0;page22:tag4:entity269:key0000010D:ref321:ord0;page22:tag4:entity268:key0000010C:ref322:ord0;page22:tag4:entity267:key0000010B:ref323:ord0;page22:tag4:entity266:key0000010A:ref324:ord0;page22:tag4:entity265:key00000109:ref325:ord0;page22:tag4:entity264:key00000108:ref326:ord0;page22:tag4:entity263:key00000107:ref327:ord0;page22:tag4:entity262:key00000106:ref328:ord0;page22:tag4:entity261:key00000105:ref329:ord0;page22:tag4:entity260:key00000104:ref330:ord0;page22:tag4:entity259:key00000103:ref332:ord0;page22:tag4:entity258:key00000102:ref333:ord0;page22:tag4:entity257:key00000101:ref334:ord0;page22:tag4:entity256:key00000100:ref335:ord0;page22:tag4:entity255:key000000FF:ref336:ord0;page22:tag4:entity254:key000000FE:ref337:ord0;page22:tag4:entity253:key000000FD:ref338:ord0;page22:tag4:entity252:key000000FC:ref339:ord0;page22:tag4:entity251:key000000FB:ref340:ord0;page22:tag4:entity250:key000000FA:ref341:ord0;page22:tag4:entity249:key000000F9:ref343:ord0;page22:tag4:entity248:key000000F8:ref344:ord0;page22:tag4:entity247:key000000F7:ref345:ord0;page22:tag4:entity246:key000000F6:ref346:ord0;page22:tag4:entity245:key000000F5:ref347:ord0;page22:tag4:entity244:key000000F4:ref348:ord0;page22:tag4:entity243:key000000F3:ref349:ord0;page22:tag4:entity242:key000000F2:ref350:ord0;page22:tag4:entity241:key000000F1:ref351:ord0;page22:tag4:entity240:key000000F0:ref352:ord0;page22:tag4:entity239:key000000EF:ref354:ord0;page22:tag4:entity238:key000000EE:ref355:ord0;page22:tag4:entity237:key000000ED:ref356:ord0;page22:tag4:entity236:key000000EC:ref357:ord0;page22:tag4:entity235:key000000EB:ref358:ord0;page22:tag4:entity234:key000000EA:ref359:ord0;page22:tag4:entity233:key000000E9:ref360:ord0;page22:tag4:entity232:key000000E8:ref361:ord0;page22:tag4:entity231:key000000E7:ref362:ord0;page22:tag4:entity230:key000000E6:ref363:ord0;page22:tag4:entity229:key000000E5:ref365:ord0;page22:tag4:entity228:key000000E4:ref366:ord0;page22:tag4:entity227:key000000E3:ref367:ord0;page22:tag4:entity226:key000000E2:ref368:ord0;page22:tag4:entity225:key000000E1:ref369:ord0;page22:tag4:entity224:key000000E0:ref370:ord0;page22:tag4:entity223:key000000DF:ref371:ord0;page22:tag4:entity222:key000000DE:ref372:ord0;page22:tag4:entity221:key000000DD:ref373:ord0;page22:tag4:entity220:key000000DC:ref374:ord0;page22:tag4:entity219:key000000DB:ref376:ord0;page22:tag4:entity218:key000000DA:ref377:ord0;page22:tag4:entity217:key000000D9:ref378:ord0;page22:tag4:entity216:key000000D8:ref379:ord0;page22:tag4:entity215:key000000D7:ref380:ord0;page22:tag4:entity214:key000000D6:ref381:ord0;page22:tag4:entity213:key000000D5:ref382:ord0;page22:tag4:entity212:key000000D4:ref383:ord0;page22:tag4:entity211:key000000D3:ref384:ord0;page22:tag4:entity210:key000000D2:ref385:ord0;page22:tag4:entity209:key000000D1:ref387:ord0;page22:tag4:entity208:key000000D0:ref388:ord0;page22:tag4:entity207:key000000CF:ref389:ord0;page22:tag4:entity206:key000000CE:ref390:ord0;page22:tag4:entity205:key000000CD:ref391:ord0;page22:tag4:entity204:key000000CC:ref392:ord0;page22:tag4:entity203:key000000CB:ref393:ord0;page22:tag4:entity202:key000000CA:ref394:ord0;page22:tag4:entity201:key000000C9:ref395:ord0;page22:tag4:entity200:key000000C8:ref396:ord0;page22:tag4:entity199:key000000C7:ref399:ord0;page22:tag4:entity198:key000000C6:ref400:ord0;page22:tag4:entity197:key000000C5:ref401:ord0;page22:tag4:entity196:key000000C4:ref402:ord0;page22:tag4:entity195:key000000C3:ref403:ord0;page22:tag4:entity194:key000000C2:ref404:ord0;page22:tag4:entity193:key000000C1:ref405:ord0;page22:tag4:entity192:key000000C0:ref406:ord0;page22:tag4:entity191:key000000BF:ref407:ord0;page22:tag4:entity189:key000000BD:ref410:ord0;page22:tag4:entity188:key000000BC:ref411:ord0;page22:tag4:entity187:key000000BB:ref412:ord0;page22:tag4:entity186:key000000BA:ref413:ord0;page22:tag4:entity185:key000000B9:ref414:ord0;page22:tag4:entity184:key000000B8:ref415:ord0;page22:tag4:entity183:key000000B7:ref416:ord0;page22:tag4:entity182:key000000B6:ref417:ord0;page22:tag4:entity181:key000000B5:ref418:ord0;page22:tag4:entity180:key000000B4:ref419:ord0;page22:tag4:entity179:key000000B3:ref421:ord0;page22:tag4:entity178:key000000B2:ref422:ord0;page22:tag4:entity177:key000000B1:ref423:ord0;page22:tag4:entity176:key000000B0:ref424:ord0;page22:tag4:entity172:key000000AC:ref428:ord0;page22:tag4:entity171:key000000AB:ref429:ord0;page22:tag4:entity170:key000000AA:ref430:ord0;page22:tag4:entity169:key000000A9:ref432:ord0;page22:tag4:entity168:key000000A8:ref433:ord0;page22:tag4:entity167:key000000A7:ref434:ord0;page22:tag4:entity166:key000000A6:ref435:ord0;page22:tag4:entity165:key000000A5:ref436:ord0;page22:tag4:entity164:key000000A4:ref437:ord0;page22:tag4:entity163:key000000A3:ref438:ord0;page22:tag4:entity162:key000000A2:ref439:ord0;page22:tag4:entity161:key000000A1:ref440:ord0;page22:tag4:entity160:key000000A0:ref441:ord0;page22:tag4:entity159:key0000009F:ref443:ord0;page22:tag4:entity158:key0000009E:ref444:ord0;page22:tag4:entity157:key0000009D:ref445:ord0;page22:tag4:entity156:key0000009C:ref446:ord0;page22:tag4:entity155:key0000009B:ref447:ord0;page22:tag4:entity154:key0000009A:ref448:ord0;page22:tag4:entity153:key00000099:ref449:ord0;page22:tag4:entity152:key00000098:ref450:ord0;page22:tag4:entity151:key00000097:ref451:ord0;page22:tag4:entity150:key00000096:ref452:ord0;page22:tag4:entity149:key00000095:ref454:ord0;page22:tag4:entity148:key00000094:ref455:ord0;page22:tag4:entity147:key00000093:ref456:ord0;page22:tag4:entity146:key00000092:ref457:ord0;page22:tag4:entity145:key00000091:ref458:ord0;page22:tag4:entity144:key00000090:ref459:ord0;page22:tag4:entity143:key0000008F:ref460:ord0;page22:tag4:entity142:key0000008E:ref461:ord0;page22:tag4:entity141:key0000008D:ref462:ord0;page22:tag4:entity140:key0000008C:ref463:ord0;page22:tag4:entity139:key0000008B:ref465:ord0;page22:tag4:entity138:key0000008A:ref466:ord0;page22:tag4:entity137:key00000089:ref467:ord0;page22:tag4:entity136:key00000088:ref468:ord0;page22:tag4:entity135:key00000087:ref469:ord0;page22:tag4:entity134:key00000086:ref470:ord0;page22:tag4:entity133:key00000085:ref471:ord0;page22:tag4:entity132:key00000084:ref472:ord0;page22:tag4:entity131:key00000083:ref473:ord0;page22:tag4:entity130:key00000082:ref474:ord0;page22:tag4:entity129:key00000081:ref476:ord0;page22:tag4:entity128:key00000080:ref477:ord0;page22:tag4:entity127:key0000007F:ref478:ord0;page22:tag4:entity126:key0000007E:ref479:ord0;page22:tag4:entity125:key0000007D:ref480:ord0;page22:tag4:entity124:key0000007C:ref481:ord0;page22:tag4:entity123:key0000007B:ref482:ord0;page22:tag4:entity122:key0000007A:ref483:ord0;page22:tag4:entity121:key00000079:ref484:ord0;page22:tag4:entity120:key00000078:ref485:ord0;page22:tag4:entity119:key00000077:ref487:ord0;page22:tag4:entity118:key00000076:ref488:ord0;page22:tag4:entity117:key00000075:ref489:ord0;page22:tag4:entity116:key00000074:ref490:ord0;page22:tag4:entity115:key00000073:ref491:ord0;page22:tag4:entity114:key00000072:ref492:ord0;page22:tag4:entity113:key00000071:ref493:ord0;page22:tag4:entity112:key00000070:ref494:ord0;page22:tag4:entity111:key0000006F:ref495:ord0;page22:tag4:entity110:key0000006E:ref496:ord0;page22:tag4:entity109:key0000006D:ref498:ord0;page22:tag4:entity108:key0000006C:ref499:ord0;page22:tag4:entity107:key0000006B:ref500:ord0;page22:tag4:entity106:key0000006A:ref501:ord0;page22:tag4:entity105:key00000069:ref502:ord0;page22:tag4:entity104:key00000068:ref503:ord0;page22:tag4:entity103:key00000067:ref504:ord0;page22:tag4:entity102:key00000066:ref505:ord0;page22:tag4:entity101:key00000065:ref506:ord0;page22:tag4:entity100:key00000064:ref507:ord0;page22:tag4:entity1021:key000001FE:ref563:ord0;page22:tag4:entity1020:key000001FD:ref565:ord0;page22:tag4:entity1019:key000001FC:ref566:ord0;page22:tag4:entity1018:key000001FB:ref567:ord0;page22:tag4:entity956:key000001BD:ref636:ord0;page22:tag4:entity955:key000001BC:ref637:ord0;page22:tag4:entity954:key000001BB:ref638:ord0;page22:tag4:entity953:key000001BA:ref639:ord0;page22:tag4:entity952:key000001B9:ref640:ord0;page22:tag4:entity951:key000001B8:ref641:ord0;page22:tag4:entity950:key000001B7:ref643:ord0;page22:tag4:entity949:key000001B6:ref644:ord0;page22:tag4:entity948:key000001B5:ref645:ord0;page22:tag4:entity947:key000001B4:ref646:ord0;page22:tag4:entity946:key000001B3:ref647:ord0;page22:tag4:entity945:key000001B2:ref648:ord0;page22:tag4:entity944:key000001B1:ref649:ord0;page22:tag4:entity943:key000001B0:ref650:ord0;page22:tag4:entity942:key000001AF:ref651:ord0;page22:tag4:entity941:key000001AE:ref652:ord0;page22:tag4:entity940:key000001AD:ref654:ord0;page22:tag4:entity939:key000001AC:ref655:ord0;page22:tag4:entity938:key000001AB:ref656:ord0;page22:tag4:entity937:key000001AA:ref657:ord0;page22:tag4:entity936:key000001A9:ref658:ord0;page22:tag4:entity935:key000001A8:ref659:ord0;page22:tag4:entity934:key000001A7:ref660:ord0;page22:tag4:entity933:key000001A6:ref661:ord0;page22:tag4:entity932:key000001A5:ref662:ord0;page22:tag4:entity931:key000001A4:ref663:ord0;page22:tag4:entity930:key000001A3:ref665:ord0;page22:tag4:entity929:key000001A2:ref666:ord0;page22:tag4:entity928:key000001A1:ref667:ord0;page22:tag4:entity927:key000001A0:ref668:ord0;page22:tag4:entity926:key0000019F:ref669:ord0;page22:tag4:entity925:key0000019E:ref670:ord0;page22:tag4:entity924:key0000019D:ref671:ord0;page22:tag4:entity923:key0000019C:ref672:ord0;page22:tag4:entity922:key0000019B:ref673:ord0;page22:tag4:entity921:key0000019A:ref674:ord0;page22:tag4:entity920:key00000199:ref676:ord0;page22:tag4:entity919:key00000198:ref677:ord0;page22:tag4:entity918:key00000197:ref678:ord0;page22:tag4:entity917:key00000196:ref679:ord0;page22:tag4:entity916:key00000195:ref680:ord0;page22:tag4:entity915:key00000194:ref681:ord0;page22:tag4:entity914:key00000193:ref682:ord0;page22:tag4:entity913:key00000192:ref683:ord0;page22:tag4:entity912:key00000191:ref684:ord0;page22:tag4:entity911:key00000190:ref685:ord0;page22:tag4:entity910:key0000018F:ref688:ord0;page22:tag4:entity909:key0000018E:ref689:ord0;page22:tag4:entity908:key0000018D:ref690:ord0;page22:tag4:entity907:key0000018C:ref691:ord0;page22:tag4:entity906:key0000018B:ref692:ord0;page22:tag4:entity905:key0000018A:ref693:ord0;page22:tag4:entity904:key00000189:ref694:ord0;page22:tag4:entity903:key00000188:ref695:ord0;page22:tag4:entity902:key00000187:ref696:ord0;page22:tag4:entity901:key00000186:ref697:ord0;page22:tag4:entity900:key00000185:ref699:ord0;page22:tag4:entity899:key00000184:ref700:ord0;page22:tag4:entity898:key00000183:ref701:ord0;page22:tag4:entity897:key00000182:ref702:ord0;page22:tag4:entity896:key00000181:ref703:ord0;page22:tag4:entity895:key00000180:ref704:ord0;page22:tag4:entity894:key0000017F:ref705:ord0;page22:tag4:entity893:key0000017E:ref706:ord0;page22:tag4:entity892:key0000017D:ref707:ord0;page22:tag4:entity891:key0000017C:ref708:ord0;page22:tag4:entity890:key0000017B:ref710:ord0;page22:tag4:entity889:key0000017A:ref711:ord0;page22:tag4:entity888:key00000179:ref712:ord0;page22:tag4:entity887:key00000178:ref713:ord0;page22:tag4:entity886:key00000177:ref714:ord0;page22:tag4:entity885:key00000176:ref715:ord0;page22:tag4:entity884:key00000175:ref716:ord0;page22:tag4:entity883:key00000174:ref717:ord0;page22:tag4:entity882:key00000173:ref718:ord0;page22:tag4:entity881:key00000172:ref719:ord0;page22:tag4:entity880:key00000171:ref721:ord0;page22:tag4:entity879:key00000170:ref722:ord0;page22:tag4:entity878:key0000016F:ref723:ord0;page22:tag4:entity877:key0000016E:ref724:ord0;page22:tag4:entity876:key0000016D:ref725:ord0;page22:tag4:entity875:key0000016C:ref726:ord0;page22:tag4:entity874:key0000016B:ref727:ord0;page22:tag4:entity873:key0000016A:ref728:ord0;page22:tag4:entity872:key00000169:ref729:ord0;page22:tag4:entity871:key00000168:ref730:ord0;page22:tag4:entity870:key00000167:ref732:ord0;page22:tag4:entity869:key00000166:ref733:ord0;page22:tag4:entity868:key00000165:ref734:ord0;page22:tag4:entity867:key00000164:ref735:ord0;page22:tag4:entity866:key00000163:ref736:ord0;page22:tag4:entity865:key00000162:ref737:ord0;page22:tag4:entity864:key00000161:ref738:ord0;page22:tag4:entity863:key00000160:ref739:ord0;page22:tag4:entity862:key0000015F:ref740:ord0;page22:tag4:entity861:key0000015E:ref741:ord0;page22:tag4:entity860:key0000015D:ref743:ord0;page22:tag4:entity859:key0000015C:ref744:ord0;page22:tag4:entity858:key0000015B:ref745:ord0;page22:tag4:entity857:key0000015A:ref746:ord0;page22:tag4:entity856:key00000159:ref747:ord0;page22:tag4:entity855:key00000158:ref748:ord0;page22:tag4:entity854:key00000157:ref749:ord0;page22:tag4:entity853:key00000156:ref750:ord0;page22:tag4:entity852:key00000155:ref751:ord0;page22:tag4:entity851:key00000154:ref752:ord0;page22:tag4:entity850:key00000153:ref754:ord0;page22:tag4:entity849:key00000152:ref755:ord0;page22:tag4:entity848:key00000151:ref756:ord0;page22:tag4:entity847:key00000150:ref757:ord0;page22:tag4:entity846:key0000014F:ref758:ord0;page22:tag4:entity845:key0000014E:ref759:ord0;page22:tag4:entity844:key0000014D:ref760:ord0;page22:tag4:entity843:key0000014C:ref761:ord0;page22:tag4:entity842:key0000014B:ref762:ord0;page22:tag4:entity841:key0000014A:ref763:ord0;page22:tag4:entity840:key00000149:ref765:ord0;page22:tag4:entity839:key00000148:ref766:ord0;page22:tag4:entity838:key00000147:ref767:ord0;page22:tag4:entity837:key00000146:ref768:ord0;page22:tag4:entity836:key00000145:ref769:ord0;page22:tag4:entity835:key00000144:ref770:ord0;page22:tag4:entity834:key00000143:ref771:ord0;page22:tag4:entity833:key00000142:ref772:ord0;page22:tag4:entity832:key00000141:ref773:ord0;page22:tag4:entity831:key00000140:ref774:ord0;page22:tag4:entity830:key0000013F:ref776:ord0;page22:tag4:entity829:key0000013E:ref777:ord0;page22:tag4:entity828:key0000013D:ref778:ord0;page22:tag4:entity827:key0000013C:ref779:ord0;page22:tag4:entity826:key0000013B:ref780:ord0;page22:tag4:entity825:key0000013A:ref781:ord0;page22:tag4:entity824:key00000139:ref782:ord0;page22:tag4:entity823:key00000138:ref783:ord0;page22:tag4:entity822:key00000137:ref784:ord0;page22:tag4:entity821:key00000136:ref785:ord0;page22:tag4:entity820:key00000135:ref787:ord0;page22:tag4:entity819:key00000134:ref788:ord0;page22:tag4:entity818:key00000133:ref789:ord0;page22:tag4:entity817:key00000132:ref790:ord0;page22:tag4:entity816:key00000131:ref791:ord0;page22:tag4:entity815:key00000130:ref792:ord0;page22:tag4:entity814:key0000012F:ref793:ord0;page22:tag4:entity813:key0000012E:ref794:ord0;page22:tag4:entity812:key0000012D:ref795:ord0;page22:tag4:entity811:key0000012C:ref796:ord0;page22:tag4:entity810:key0000012B:ref799:ord0;page22:tag4:entity809:key0000012A:ref800:ord0;page22:tag4:entity808:key00000129:ref801:ord0;page22:tag4:entity807:key00000128:ref802:ord0;page22:tag4:entity806:key00000127:ref803:ord0;page22:tag4:entity805:key00000126:ref804:ord0;page22:tag4:entity804:key00000125:ref805:ord0;page22:tag4:entity803:key00000124:ref806:ord0;page22:tag4:entity802:key00000123:ref807:ord0;page22:tag4:entity801:key00000122:ref808:ord0;page22:tag4:entity800:key00000121:ref810:ord0;page22:tag4:entity799:key00000120:ref811:ord0;page22:tag4:entity798:key0000011F:ref812:ord0;page22:tag4:entity797:key0000011E:ref813:ord0;page22:tag4:entity796:key0000011D:ref814:ord0;page22:tag4:entity795:key0000011C:ref815:ord0;page22:tag4:entity794:key0000011B:ref816:ord0;page22:tag4:entity793:key0000011A:ref817:ord0;page22:tag4:entity792:key00000119:ref818:ord0;page22:tag4:entity791:key00000118:ref819:ord0;page22:tag4:entity790:key00000117:ref821:ord0;page22:tag4:entity789:key00000116:ref822:ord0;page22:tag4:entity788:key00000115:ref823:ord0;page22:tag4:entity787:key00000114:ref824:ord0;page22:tag4:entity786:key00000113:ref825:ord0;page22:tag4:entity785:key00000112:ref826:ord0;page22:tag4:entity784:key00000111:ref827:ord0;page22:tag4:entity783:key00000110:ref828:ord0;page22:tag4:entity782:key0000010F:ref829:ord0;page22:tag4:entity781:key0000010E:ref830:ord0;page22:tag4:entity780:key0000010D:ref832:ord0;page22:tag4:entity779:key0000010C:ref833:ord0;page22:tag4:entity778:key0000010B:ref834:ord0;page22:tag4:entity777:key0000010A:ref835:ord0;page22:tag4:entity776:key00000109:ref836:ord0;page22:tag4:entity775:key00000108:ref837:ord0;page22:tag4:entity774:key00000107:ref838:ord0;page22:tag4:entity773:key00000106:ref839:ord0;page22:tag4:entity772:key00000105:ref840:ord0;page22:tag4:entity771:key00000104:ref841:ord0;page22:tag4:entity770:key00000103:ref843:ord0;page22:tag4:entity769:key00000102:ref844:ord0;page22:tag4:entity768:key00000101:ref845:ord0;page22:tag4:entity767:key00000100:ref846:ord0;page22:tag4:entity766:key000000FF:ref847:ord0;page22:tag4:entity765:key000000FE:ref848:ord0;page22:tag4:entity764:key000000FD:ref849:ord0;page22:tag4:entity763:key000000FC:ref850:ord0;page22:tag4:entity762:key000000FB:ref851:ord0;page22:tag4:entity761:key000000FA:ref852:ord0;page22:tag4:entity760:key000000F9:ref854:ord0;page22:tag4:entity759:key000000F8:ref855:ord0;page22:tag4:entity758:key000000F7:ref856:ord0;page22:tag4:entity757:key000000F6:ref857:ord0;page22:tag4:entity756:key000000F5:ref858:ord0;page22:tag4:entity755:key000000F4:ref859:ord0;page22:tag4:entity754:key000000F3:ref860:ord0;page22:tag4:entity753:key000000F2:ref861:ord0;page22:tag4:entity752:key000000F1:ref862:ord0;page22:tag4:entity751:key000000F0:ref863:ord0;page22:tag4:entity750:key000000EF:ref865:ord0;page22:tag4:entity749:key000000EE:ref866:ord0;page22:tag4:entity748:key000000ED:ref867:ord0;page22:tag4:entity747:key000000EC:ref868:ord0;page22:tag4:entity740:key000000E5:ref876:ord0,,（不要）,"やあ、久しぶりだね。

突然手紙なんて出してごめん。
ほら、最近君、僕からの通信に出てくれないだろ…？
何か気に障ること言ったかな。それだったらごめん。謝るよ。
でも、できれば君に伝えたいことがあって…それで手紙を書いたんだけど…。

いや、もちろん今はそんな状況じゃないよね。
でも僕はとても、その、興味があるんだ。君…の研究に…さ…。
そう言えば、ポッドの研究は順調？
僕が書いた、二人の、その、AI同士のリンケージプログラム、
うまく機能してるといいんだけど…
もしうまく動かなかったら、そっちに行って…直しても…いいかな…？
ほら、だって、気になるもんじゃないか、ちゃんと無事で、元気か…
いや、プログラムが元気ってヘンだよね。ハハハ…。

ごめん、話がずれたね。
えっと、ともかく、ずっと言おうと思ってたんだ。
それこそ、君とNASAで初めて会った頃から…。
あの頃は楽しかったね。その…好きな、好きな…研究を思う存分できたしさ。
当時から僕は君を…君のことを…つまり君の研究のことを…評価してたんだ。
いや、それだけじゃない。
僕は、君のことを…す、す、す…すごい人だな、ってさあ。
ごめん、何言ってるか全然わかんないね。

だからその、君がNASAから突然いなくなった時は、とても悲しかった。
それではっきりとわかったんだ…。
僕には君が、君が、必要…っていうか研究に？
ああっ、違う！　っていや違わないけど、違うんだ、言いたいことは…。

とにかく、コスタリカで君に再会した時にはびっくりしたよ。
もしかしたら天の配剤かな、とか、誰かが書いたコードの上で、
僕たちは、その、そうなるようになってるのかな、とか。
君と僕、二人で、これからもずっと…その…二人で…
研究したい。
いや、研究だけじゃなくて、いやもちろん研究もなんだけど、
いろいろあるじゃないか、研究も。ねえ？

ごめん、また話がずれた。でも、もう時間がないんだ。
ピースウォーカーが完成したら、この計画も終わりだろ？
だから…えっと、その…ピースウォーカーは二人の共同作品…だよね？
だから、ピースウォーカーが完成した時は…その時は……

…いや、そうだね。まずは完成させるのが先決だよね、うん。そうだそうだ。
だからそれまで、前みたいに黙っていなくならないでほしいな、なんて…。

長々とごめん。とにかく研究の成功を祈ってるよ。

親愛なる博士へ
ヒューイ",,,,NOT_CHECKED,12,,NOT_STARTED,NOT_BUILT,NOT_TESTED,JPN_PRIMARY; MLG_CN_CONTEXT_AUXILIARY,mechanical template; resource_class=SLOT_OLANG; source_objects=551,无用途,"[""无用途"",""用稻草制成的纸箱。乍一看可能只是个普通箱子，但如果毫无防备的敌人靠得太近，可能会被拖进去，然后被彻底打晕。此外，如果你有装备了富尔顿回收系统的合作模式队友，你可以把受害者直接送回母基地。"",""#REF!"",""墨西哥玉米饼风味的油炸玉米片小吃。玉米饼是一种用玉米面团制成的扁平面包，是中美洲的传统主食，广泛用于制作软壳玉米卷。""]",（不要）,"[""（不要）"",""no use"",""A cardboard box made of straw. At first glance it may look like just an ordinary box, but if an unsuspecting enemy gets too close he might find himself dragged inside and knocked out cold. In addition, if you have a CO-OPS teammate with the Fulton recovery system equipped, you can send the victim straight back to Mother Base."",""#REF!"",""Taco-flavored, tortilla snack fried in oil. A flatbread made from cornmeal dough, the tortilla is a traditional staple of Central America that is widely used for soft shell tacos. ""]","[""AUX_UNCHANGED"",""AUX_CN_ATTACHED""]",exact_jpn_slot_page_tag_reference_index;validated_slot_olang_map_entity_identity,"[""auxiliary bank retains the original JPN text"",""master status=AUX_CN_ATTACHED; mapping method=exact_jpn_slot_page_tag_reference_index;validated_slot_olang_map_entity_identity; candidate attached as auxiliary evidence only; verify against JPN and context""]; auxiliary candidates only; JPN remains authoritative; verify against JPN text and context; multiple candidates aggregated from all real JPN references; split/merge/order mismatch remains possible; reference_status conflict across real JPN references; review all statuses"
5D904CFF,1,17,17,1,,page22:tag4:entity83:key00000053:ref17:ord0,（不要）,"やあ、久しぶりだね。

突然手紙なんて出してごめん。
ほら、最近君、僕からの通信に出てくれないだろ…？
何か気に障ること言ったかな。それだったらごめん。謝るよ。
でも、できれば君に伝えたいことがあって…それで手紙を書いたんだけど…。

いや、もちろん今はそんな状況じゃないよね。
でも僕はとても、その、興味があるんだ。君…の研究に…さ…。
そう言えば、ポッドの研究は順調？
僕が書いた、二人の、その、AI同士のリンケージプログラム、
うまく機能してるといいんだけど…
もしうまく動かなかったら、そっちに行って…直しても…いいかな…？
ほら、だって、気になるもんじゃないか、ちゃんと無事で、元気か…
いや、プログラムが元気ってヘンだよね。ハハハ…。

ごめん、話がずれたね。
えっと、ともかく、ずっと言おうと思ってたんだ。
それこそ、君とNASAで初めて会った頃から…。
あの頃は楽しかったね。その…好きな、好きな…研究を思う存分できたしさ。
当時から僕は君を…君のことを…つまり君の研究のことを…評価してたんだ。
いや、それだけじゃない。
僕は、君のことを…す、す、す…すごい人だな、ってさあ。
ごめん、何言ってるか全然わかんないね。

だからその、君がNASAから突然いなくなった時は、とても悲しかった。
それではっきりとわかったんだ…。
僕には君が、君が、必要…っていうか研究に？
ああっ、違う！　っていや違わないけど、違うんだ、言いたいことは…。

とにかく、コスタリカで君に再会した時にはびっくりしたよ。
もしかしたら天の配剤かな、とか、誰かが書いたコードの上で、
僕たちは、その、そうなるようになってるのかな、とか。
君と僕、二人で、これからもずっと…その…二人で…
研究したい。
いや、研究だけじゃなくて、いやもちろん研究もなんだけど、
いろいろあるじゃないか、研究も。ねえ？

ごめん、また話がずれた。でも、もう時間がないんだ。
ピースウォーカーが完成したら、この計画も終わりだろ？
だから…えっと、その…ピースウォーカーは二人の共同作品…だよね？
だから、ピースウォーカーが完成した時は…その時は……

…いや、そうだね。まずは完成させるのが先決だよね、うん。そうだそうだ。
だからそれまで、前みたいに黙っていなくならないでほしいな、なんて…。

長々とごめん。とにかく研究の成功を祈ってるよ。

親愛なる博士へ
ヒューイ","NWD-W202
ヘッドホン一体型のウォークマン。
ディスプレイなどの「機能を削る」ことで、シンプルな操作・大幅な
小型軽量化を実現。スパイラルネックバンドを使うことで、
装着中もずれにくく、軽い運動にも最適。曲の盛り上がり部分だけを
連続再生する「ZAPPIN<I=TM>」を搭載し、曲の検索に利用したり、
カウントダウン番組のような新しい聞き方も楽しめる。",,,,NOT_CHECKED,2939,,NOT_STARTED,NOT_BUILT,NOT_TESTED,JPN_PRIMARY; MLG_CN_CONTEXT_AUXILIARY,mechanical template; resource_class=SLOT_OLANG; source_objects=1,"嘿。好久不见，是吧？

抱歉突然写信给你。我一直想联系你，但是，你知道的，你一直没回…也许是我说了什么？如果是的话，我道歉。只是有些事我想告诉你。所以…我决定写封信…

我是说，显然现在不是最好的时机。但我，你知道，有点好奇。关于你的…研究什么的…说到这个，那个舱体进展如何？我想知道我写的那个程序有没有在运行。你知道的，就是那个把我们两个AI连在一起的那个。如果没运行，我随时可以…过去修一下…当然，如果你同意的话。为了我自己心安，真的。你知道，确保程序感觉良好…呃，我想你不会真的说程序“有感觉”，是吧？哈哈哈…

抱歉，我跑题了。那么，嗯，总之，我一直想告诉你一些事。我一直在想…回想我们在NASA初次见面的时候…那段时光真有趣。你知道，实现梦想，一直做着我们热爱的…那…那门科学。从那时起，我一直把你…你的…你的研究，也就是…置于最高的敬意之上。不，甚至更多。我觉得你是一个…一个…很…很——很——很棒的人。抱歉，我甚至不知道我在说什么。

所以当你突然从NASA消失时，我崩溃了。那时我终于明白…我…我需要你…为了我的研究，你看。我是说，不！嗯，是…也不是。很难解释…

总之，当我在哥斯达黎加再次见到你时，我简直不敢相信。我以为这也许是神的安排什么的…你知道，就像命中注定我们会这样。你和我，我们两个，从现在开始…你知道…只有你和我…一起做研究。我是说，不只是研究…嗯，当然也有研究。但研究可以有很多不同的含义，不是吗？

我又在胡言乱语了，抱歉。但我们时间不多了。当和平行者完成后，就结束了，对吧？那就是项目的终结。所以…我想说的是…嗯…和平行者有点像…我们一起创造的东西，你知道…而当它完成时…我们就会…

…我知道，我们还没完成。得先完成它，对吧？是的。在那之前，我只希望你不会像上次那样突然消失。

抱歉占用了你的时间。祝你研究顺利。

你亲爱的朋友，
Huey","[""嘿。好久不见，是吧？\n\n抱歉突然写信给你。我一直想联系你，但是，你知道的，你一直没回…也许是我说了什么？如果是的话，我道歉。只是有些事我想告诉你。所以…我决定写封信…\n\n我是说，显然现在不是最好的时机。但我，你知道，有点好奇。关于你的…研究什么的…说到这个，那个舱体进展如何？我想知道我写的那个程序有没有在运行。你知道的，就是那个把我们两个AI连在一起的那个。如果没运行，我随时可以…过去修一下…当然，如果你同意的话。为了我自己心安，真的。你知道，确保程序感觉良好…呃，我想你不会真的说程序“有感觉”，是吧？哈哈哈…\n\n抱歉，我跑题了。那么，嗯，总之，我一直想告诉你一些事。我一直在想…回想我们在NASA初次见面的时候…那段时光真有趣。你知道，实现梦想，一直做着我们热爱的…那…那门科学。从那时起，我一直把你…你的…你的研究，也就是…置于最高的敬意之上。不，甚至更多。我觉得你是一个…一个…很…很——很——很棒的人。抱歉，我甚至不知道我在说什么。\n\n所以当你突然从NASA消失时，我崩溃了。那时我终于明白…我…我需要你…为了我的研究，你看。我是说，不！嗯，是…也不是。很难解释…\n\n总之，当我在哥斯达黎加再次见到你时，我简直不敢相信。我以为这也许是神的安排什么的…你知道，就像命中注定我们会这样。你和我，我们两个，从现在开始…你知道…只有你和我…一起做研究。我是说，不只是研究…嗯，当然也有研究。但研究可以有很多不同的含义，不是吗？\n\n我又在胡言乱语了，抱歉。但我们时间不多了。当和平行者完成后，就结束了，对吧？那就是项目的终结。所以…我想说的是…嗯…和平行者有点像…我们一起创造的东西，你知道…而当它完成时…我们就会…\n\n…我知道，我们还没完成。得先完成它，对吧？是的。在那之前，我只希望你不会像上次那样突然消失。\n\n抱歉占用了你的时间。祝你研究顺利。\n\n你亲爱的朋友，\nHuey""]","Hey. Long time no see, huh?

Sorry for writing to you out of the blue like this. I've been trying to get in touch, but, you know, you haven't been answering... Was it something I said, maybe? If so, I apologize. It's just there's something I want to tell you. So... I decided to put it in a letter...

I mean, obviously this isn't the best time and all. But I was, you know, kind of curious. About your... research and stuff... Speaking of which, how's the pod coming along? I was wondering whether that program I wrote was working or not. You know, the one that links our two AIs together. If it's not, I could always... go over and fix it... if that's OK, of course. For my own peace of mind, really. You know, make sure the program's feeling alright... Er, I guess you wouldn't really say that a program ""has feelings,"" would you? Ha ha ha...

Sorry, I'm getting off track here. So, um, anyway, I've been meaning to tell you something for the longest time. I've been thinking... back when we first met at NASA... Those were fun times. You know, living the dream, getting to work all the time with the... the... science we loved. Ever since then, I've always held you... your... your research, that is... in the highest esteem. No, more than that. I think you're a... a w... w-w-w-wonderful person. Sorry, I don't even know what I'm trying to say here.

So when you disappeared from NASA all of a sudden, I was devastated. That's when it finally dawned on me... I... I need you... For my research, you see. I mean, no! Well, yes... and no. It's hard to explain...

Anyway, when I saw you again in Costa Rica I could hardly believe it. I thought maybe it was divine intervention or something... you know, like it was written somewhere that we were meant to be like this. You and me, the two of us, from now on... you know... just you and me... doing research together. I mean, not just research... Well, there is the research, of course. But research can have so many different meanings, can't it?

I'm rambling again, sorry. But we don't have much time left. When Peace Walker is finished, that's it, right? That's the end of the project. So... what I'm trying to say is... um... Peace Walker is kind of like... something we created together, you know... And when it's finished... then we'll......

...I know, we're not done yet. Need to finish it first, right? Yeah. Until we do, I just hope you won't disappear on me, like you did last time.

Sorry for taking up your time. I wish you the best of luck with your research.

Your dear friend,
Huey","[""Hey. Long time no see, huh?\n\nSorry for writing to you out of the blue like this. I've been trying to get in touch, but, you know, you haven't been answering... Was it something I said, maybe? If so, I apologize. It's just there's something I want to tell you. So... I decided to put it in a letter...\n\nI mean, obviously this isn't the best time and all. But I was, you know, kind of curious. About your... research and stuff... Speaking of which, how's the pod coming along? I was wondering whether that program I wrote was working or not. You know, the one that links our two AIs together. If it's not, I could always... go over and fix it... if that's OK, of course. For my own peace of mind, really. You know, make sure the program's feeling alright... Er, I guess you wouldn't really say that a program \""has feelings,\"" would you? Ha ha ha...\n\nSorry, I'm getting off track here. So, um, anyway, I've been meaning to tell you something for the longest time. I've been thinking... back when we first met at NASA... Those were fun times. You know, living the dream, getting to work all the time with the... the... science we loved. Ever since then, I've always held you... your... your research, that is... in the highest esteem. No, more than that. I think you're a... a w... w-w-w-wonderful person. Sorry, I don't even know what I'm trying to say here.\n\nSo when you disappeared from NASA all of a sudden, I was devastated. That's when it finally dawned on me... I... I need you... For my research, you see. I mean, no! Well, yes... and no. It's hard to explain...\n\nAnyway, when I saw you again in Costa Rica I could hardly believe it. I thought maybe it was divine intervention or something... you know, like it was written somewhere that we were meant to be like this. You and me, the two of us, from now on... you know... just you and me... doing research together. I mean, not just research... Well, there is the research, of course. But research can have so many different meanings, can't it?\n\nI'm rambling again, sorry. But we don't have much time left. When Peace Walker is finished, that's it, right? That's the end of the project. So... what I'm trying to say is... um... Peace Walker is kind of like... something we created together, you know... And when it's finished... then we'll......\n\n...I know, we're not done yet. Need to finish it first, right? Yeah. Until we do, I just hope you won't disappear on me, like you did last time.\n\nSorry for taking up your time. I wish you the best of luck with your research.\n\nYour dear friend,\nHuey""]",AUX_CN_ATTACHED,exact_jpn_slot_page_tag_reference_index;validated_slot_olang_map_entity_identity,master status=AUX_CN_ATTACHED; mapping method=exact_jpn_slot_page_tag_reference_index;validated_slot_olang_map_entity_identity; candidate attached as auxiliary evidence only; verify against JPN and context; auxiliary candidates only; JPN remains authoritative; verify against JPN text and context
5D904CFF,2,18,18,1,,page22:tag4:entity82:key00000052:ref18:ord0,"やあ、久しぶりだね。

突然手紙なんて出してごめん。
ほら、最近君、僕からの通信に出てくれないだろ…？
何か気に障ること言ったかな。それだったらごめん。謝るよ。
でも、できれば君に伝えたいことがあって…それで手紙を書いたんだけど…。

いや、もちろん今はそんな状況じゃないよね。
でも僕はとても、その、興味があるんだ。君…の研究に…さ…。
そう言えば、ポッドの研究は順調？
僕が書いた、二人の、その、AI同士のリンケージプログラム、
うまく機能してるといいんだけど…
もしうまく動かなかったら、そっちに行って…直しても…いいかな…？
ほら、だって、気になるもんじゃないか、ちゃんと無事で、元気か…
いや、プログラムが元気ってヘンだよね。ハハハ…。

ごめん、話がずれたね。
えっと、ともかく、ずっと言おうと思ってたんだ。
それこそ、君とNASAで初めて会った頃から…。
あの頃は楽しかったね。その…好きな、好きな…研究を思う存分できたしさ。
当時から僕は君を…君のことを…つまり君の研究のことを…評価してたんだ。
いや、それだけじゃない。
僕は、君のことを…す、す、す…すごい人だな、ってさあ。
ごめん、何言ってるか全然わかんないね。

だからその、君がNASAから突然いなくなった時は、とても悲しかった。
それではっきりとわかったんだ…。
僕には君が、君が、必要…っていうか研究に？
ああっ、違う！　っていや違わないけど、違うんだ、言いたいことは…。

とにかく、コスタリカで君に再会した時にはびっくりしたよ。
もしかしたら天の配剤かな、とか、誰かが書いたコードの上で、
僕たちは、その、そうなるようになってるのかな、とか。
君と僕、二人で、これからもずっと…その…二人で…
研究したい。
いや、研究だけじゃなくて、いやもちろん研究もなんだけど、
いろいろあるじゃないか、研究も。ねえ？

ごめん、また話がずれた。でも、もう時間がないんだ。
ピースウォーカーが完成したら、この計画も終わりだろ？
だから…えっと、その…ピースウォーカーは二人の共同作品…だよね？
だから、ピースウォーカーが完成した時は…その時は……

…いや、そうだね。まずは完成させるのが先決だよね、うん。そうだそうだ。
だからそれまで、前みたいに黙っていなくならないでほしいな、なんて…。

長々とごめん。とにかく研究の成功を祈ってるよ。

親愛なる博士へ
ヒューイ","NWD-W202
ヘッドホン一体型のウォークマン。
ディスプレイなどの「機能を削る」ことで、シンプルな操作・大幅な
小型軽量化を実現。スパイラルネックバンドを使うことで、
装着中もずれにくく、軽い運動にも最適。曲の盛り上がり部分だけを
連続再生する「ZAPPIN<I=TM>」を搭載し、曲の検索に利用したり、
カウントダウン番組のような新しい聞き方も楽しめる。","WM-EX88
ウォークマンのデザインと機能に新たな方向性を提示したモデル。
使いやすさを第一に考えたデザインを追求しつつも、持ち運び時の誤動作を
防ぐホールドシャッター、前後1曲の頭出しができ、動作状態が詳しく
液晶に表示される「曲探し液晶リモコン」など便利機能が充実したモデル。",<I=TM>,,,NOT_CHECKED,488,,NOT_STARTED,NOT_BUILT,NOT_TESTED,JPN_PRIMARY; MLG_CN_CONTEXT_AUXILIARY,mechanical template; resource_class=SLOT_OLANG; source_objects=1,"NWD-W202

一款带集成耳机的WALKMAN。显示和其他功能被精简到只保留最基本的部分，从而打造出更轻、更紧凑、操作更简单的系统。它采用螺旋式颈带以减少滑落，非常适合锻炼时使用。它还具备“ZAPPIN<I=TM>”功能，可以扫描歌曲，让用户像看精彩集锦一样，以短的连续片段享受最佳部分。","[""NWD-W202\n\n一款带集成耳机的WALKMAN。显示和其他功能被精简到只保留最基本的部分，从而打造出更轻、更紧凑、操作更简单的系统。它采用螺旋式颈带以减少滑落，非常适合锻炼时使用。它还具备“ZAPPIN<I=TM>”功能，可以扫描歌曲，让用户像看精彩集锦一样，以短的连续片段享受最佳部分。""]","NWD-W202

A WALKMAN with integrated headphones. The display and other functions have been stripped down to the bare essentials to create a lighter, more compact system with simpler controls. It utilizes a spiral neckband to reduce slipping, making it ideal for working out. It also features the ""ZAPPIN<I=TM>"" function that scans songs and lets users enjoy the best parts in short continuous clips like a highlight reel.","[""NWD-W202\n\nA WALKMAN with integrated headphones. The display and other functions have been stripped down to the bare essentials to create a lighter, more compact system with simpler controls. It utilizes a spiral neckband to reduce slipping, making it ideal for working out. It also features the \""ZAPPIN<I=TM>\"" function that scans songs and lets users enjoy the best parts in short continuous clips like a highlight reel.""]",AUX_CN_ATTACHED,exact_jpn_slot_page_tag_reference_index;validated_slot_olang_map_entity_identity,master status=AUX_CN_ATTACHED; mapping method=exact_jpn_slot_page_tag_reference_index;validated_slot_olang_map_entity_identity; candidate attached as auxiliary evidence only; verify against JPN and context; auxiliary candidates only; JPN remains authoritative; verify against JPN text and context
5D904CFF,3,19,19,1,,page22:tag4:entity81:key00000051:ref19:ord0,"NWD-W202
ヘッドホン一体型のウォークマン。
ディスプレイなどの「機能を削る」ことで、シンプルな操作・大幅な
小型軽量化を実現。スパイラルネックバンドを使うことで、
装着中もずれにくく、軽い運動にも最適。曲の盛り上がり部分だけを
連続再生する「ZAPPIN<I=TM>」を搭載し、曲の検索に利用したり、
カウントダウン番組のような新しい聞き方も楽しめる。","WM-EX88
ウォークマンのデザインと機能に新たな方向性を提示したモデル。
使いやすさを第一に考えたデザインを追求しつつも、持ち運び時の誤動作を
防ぐホールドシャッター、前後1曲の頭出しができ、動作状態が詳しく
液晶に表示される「曲探し液晶リモコン」など便利機能が充実したモデル。","WM-2
通常とは逆に、まずデザインが決まり、それに合わせてエンジニアが設計
した商品。初代ウォークマンよりさらに軽量化、カセットケースサイズまで
小型化されただけでなく、鮮明なステレオ音を再生するメタルテープ対応、
アンチローリングメカ搭載などの音質重視設計で爆発的な人気を博した
「ウォークマンII」。",,,,NOT_CHECKED,399,,NOT_STARTED,NOT_BUILT,NOT_TESTED,JPN_PRIMARY; MLG_CN_CONTEXT_AUXILIARY,mechanical template; resource_class=SLOT_OLANG; source_objects=1,"WM-EX88

EX88将WALKMAN的风格和功能带向了全新的方向。其设计仍然将易用性放在首位，但它还包含许多便捷的新功能，包括曲目跳转、一个不使用时可锁定的保持快门，以及一个在LCD屏幕上显示播放信息的“LCD歌曲搜索遥控器”。","[""WM-EX88\n\nEX88将WALKMAN的风格和功能带向了全新的方向。其设计仍然将易用性放在首位，但它还包含许多便捷的新功能，包括曲目跳转、一个不使用时可锁定的保持快门，以及一个在LCD屏幕上显示播放信息的“LCD歌曲搜索遥控器”。""]","WM-EX88

The EX88 takes the style and functionality of the WALKMAN in an entirely new direction. Its design still emphasizes ease of use above all else, but it also includes a number of handy new features, including track skipping, a hold shutter to keep it locked when not in use, and an ""LCD song search remote"" that displays play info on an LCD screen. ","[""WM-EX88\n\nThe EX88 takes the style and functionality of the WALKMAN in an entirely new direction. Its design still emphasizes ease of use above all else, but it also includes a number of handy new features, including track skipping, a hold shutter to keep it locked when not in use, and an \""LCD song search remote\"" that displays play info on an LCD screen. ""]",AUX_CN_ATTACHED,exact_jpn_slot_page_tag_reference_index;validated_slot_olang_map_entity_identity,master status=AUX_CN_ATTACHED; mapping method=exact_jpn_slot_page_tag_reference_index;validated_slot_olang_map_entity_identity; candidate attached as auxiliary evidence only; verify against JPN and context; auxiliary candidates only; JPN remains authoritative; verify against JPN text and context
5D904CFF,4,20,20,1,,page22:tag4:entity80:key00000050:ref20:ord0,"WM-EX88
ウォークマンのデザインと機能に新たな方向性を提示したモデル。
使いやすさを第一に考えたデザインを追求しつつも、持ち運び時の誤動作を
防ぐホールドシャッター、前後1曲の頭出しができ、動作状態が詳しく
液晶に表示される「曲探し液晶リモコン」など便利機能が充実したモデル。","WM-2
通常とは逆に、まずデザインが決まり、それに合わせてエンジニアが設計
した商品。初代ウォークマンよりさらに軽量化、カセットケースサイズまで
小型化されただけでなく、鮮明なステレオ音を再生するメタルテープ対応、
アンチローリングメカ搭載などの音質重視設計で爆発的な人気を博した
「ウォークマンII」。","TPS-L2
ステレオカセットプレーヤー“ウォークマン”1号機。
録音機能を省いた画期的なモデルは社内外の前評判に反して大ヒットとなり
新たなライフスタイルを創造。ボディカラーには、ブルージーンズを意識した
メタリックブルーを採用している。",,,,NOT_CHECKED,437,,NOT_STARTED,NOT_BUILT,NOT_TESTED,JPN_PRIMARY; MLG_CN_CONTEXT_AUXILIARY,mechanical template; resource_class=SLOT_OLANG; source_objects=1,"WM-2

与大多数消费产品不同，WALKMAN II是按照“设计优先，工程其次”的理念创造的。它不仅比原版更小更轻——差不多一个磁带盒大小——而且还被设计成最大化音质，支持金属磁带清晰明快的立体声，并内置防滚动机制。不难看出为什么WALKMAN II会如此大获成功。","[""WM-2\n\n与大多数消费产品不同，WALKMAN II是按照“设计优先，工程其次”的理念创造的。它不仅比原版更小更轻——差不多一个磁带盒大小——而且还被设计成最大化音质，支持金属磁带清晰明快的立体声，并内置防滚动机制。不难看出为什么WALKMAN II会如此大获成功。""]","WM-2

Unlike most consumer products, the WALKMAN II was created under a ""design first, engineering afterward"" philosophy. Not only is it even smaller and lighter than the original model - barely the size of a cassette case - it is designed to maximize sound quality, with support for the clear, crisp stereo sound of metal tapes and a built-in anti-rolling mechanism. It's easy to see why the WALKMAN II was such a runaway hit.","[""WM-2\n\nUnlike most consumer products, the WALKMAN II was created under a \""design first, engineering afterward\"" philosophy. Not only is it even smaller and lighter than the original model - barely the size of a cassette case - it is designed to maximize sound quality, with support for the clear, crisp stereo sound of metal tapes and a built-in anti-rolling mechanism. It's easy to see why the WALKMAN II was such a runaway hit.""]",AUX_CN_ATTACHED,exact_jpn_slot_page_tag_reference_index;validated_slot_olang_map_entity_identity,master status=AUX_CN_ATTACHED; mapping method=exact_jpn_slot_page_tag_reference_index;validated_slot_olang_map_entity_identity; candidate attached as auxiliary evidence only; verify against JPN and context; auxiliary candidates only; JPN remains authoritative; verify against JPN text and context
5D904CFF,5,22,22,1,,page22:tag4:entity79:key0000004F:ref22:ord0,"WM-2
通常とは逆に、まずデザインが決まり、それに合わせてエンジニアが設計
した商品。初代ウォークマンよりさらに軽量化、カセットケースサイズまで
小型化されただけでなく、鮮明なステレオ音を再生するメタルテープ対応、
アンチローリングメカ搭載などの音質重視設計で爆発的な人気を博した
「ウォークマンII」。","TPS-L2
ステレオカセットプレーヤー“ウォークマン”1号機。
録音機能を省いた画期的なモデルは社内外の前評判に反して大ヒットとなり
新たなライフスタイルを創造。ボディカラーには、ブルージーンズを意識した
メタリックブルーを採用している。","AXEフレグランスボディスプレー
AXEは世界最大級の消費財メーカー、Unileverが世界中で展開する
男性用化粧品ブランド。
AXEフレグランスボディスプレーは、本体を軽くひねってスプレー
するだけで、有名調香師が手がけた本格的な香りを手軽に楽しめる。
香りが薄くつくスプレー形式なのでつけ過ぎの心配もなく、
どんなシーンでもクールなあなたを演出。
http://www.axeeffect.jp
",,,,NOT_CHECKED,338,,NOT_STARTED,NOT_BUILT,NOT_TESTED,JPN_PRIMARY; MLG_CN_CONTEXT_AUXILIARY,mechanical template; resource_class=SLOT_OLANG; source_objects=1,"TPS-L2

“WALKMAN”立体声磁带播放器的第一代。尽管没有录音功能，WALKMAN还是顶住了公司内部和公众的质疑，引发了个人音响系统的革命，并创造了一种全新的生活方式。它的特点是金属蓝色的机身颜色，类似于蓝色牛仔裤的颜色。","[""TPS-L2\n\n“WALKMAN”立体声磁带播放器的第一代。尽管没有录音功能，WALKMAN还是顶住了公司内部和公众的质疑，引发了个人音响系统的革命，并创造了一种全新的生活方式。它的特点是金属蓝色的机身颜色，类似于蓝色牛仔裤的颜色。""]","TPS-L2

The first edition of the ""WALKMAN"" stereo cassette player. Despite its lack of a record function, the WALKMAN defied naysayers in the company and in the public to touch off a revolution in personal sound systems and create a whole new lifestyle. It features the metallic blue body color, akin to the color of blue jeans.","[""TPS-L2\n\nThe first edition of the \""WALKMAN\"" stereo cassette player. Despite its lack of a record function, the WALKMAN defied naysayers in the company and in the public to touch off a revolution in personal sound systems and create a whole new lifestyle. It features the metallic blue body color, akin to the color of blue jeans.""]",AUX_CN_ATTACHED,exact_jpn_slot_page_tag_reference_index;validated_slot_olang_map_entity_identity,master status=AUX_CN_ATTACHED; mapping method=exact_jpn_slot_page_tag_reference_index;validated_slot_olang_map_entity_identity; candidate attached as auxiliary evidence only; verify against JPN and context; auxiliary candidates only; JPN remains authoritative; verify against JPN text and context
5D904CFF,6,23,23,1,,page22:tag4:entity78:key0000004E:ref23:ord0,"TPS-L2
ステレオカセットプレーヤー“ウォークマン”1号機。
録音機能を省いた画期的なモデルは社内外の前評判に反して大ヒットとなり
新たなライフスタイルを創造。ボディカラーには、ブルージーンズを意識した
メタリックブルーを採用している。","AXEフレグランスボディスプレー
AXEは世界最大級の消費財メーカー、Unileverが世界中で展開する
男性用化粧品ブランド。
AXEフレグランスボディスプレーは、本体を軽くひねってスプレー
するだけで、有名調香師が手がけた本格的な香りを手軽に楽しめる。
香りが薄くつくスプレー形式なのでつけ過ぎの心配もなく、
どんなシーンでもクールなあなたを演出。
http://www.axeeffect.jp
",（不要）,,,,NOT_CHECKED,507,,NOT_STARTED,NOT_BUILT,NOT_TESTED,JPN_PRIMARY; MLG_CN_CONTEXT_AUXILIARY,mechanical template; resource_class=SLOT_OLANG; source_objects=1,在战场上，洗澡的机会少之又少。而在那重要的任务中，体臭不仅会分散你自己的注意力，也会分散你战友的注意力。这时候就需要这款身体香氛，它能散发温和的香气，让身心都得到放松，使你与战友能专注于手头的任务。,"[""在战场上，洗澡的机会少之又少。而在那重要的任务中，体臭不仅会分散你自己的注意力，也会分散你战友的注意力。这时候就需要这款身体香氛，它能散发温和的香气，让身心都得到放松，使你与战友能专注于手头的任务。""]","On the battlefield, showers are few and far between. And on that important mission, body odor can be a distraction not only to yourself, but to your brothers in arms. That's where this body fragrance comes in, providing a mild aroma that relaxes both body and soul, allowing you and your comrades to focus on the mission at hand.","[""On the battlefield, showers are few and far between. And on that important mission, body odor can be a distraction not only to yourself, but to your brothers in arms. That's where this body fragrance comes in, providing a mild aroma that relaxes both body and soul, allowing you and your comrades to focus on the mission at hand.""]",AUX_CN_ATTACHED,exact_jpn_slot_page_tag_reference_index;validated_slot_olang_map_entity_identity,master status=AUX_CN_ATTACHED; mapping method=exact_jpn_slot_page_tag_reference_index;validated_slot_olang_map_entity_identity; candidate attached as auxiliary evidence only; verify against JPN and context; auxiliary candidates only; JPN remains authoritative; verify against JPN text and context
5D904CFF,7,29,29,1,,page22:tag4:entity72:key00000048:ref29:ord0,（不要）,"ボンカレーネオ
2009年、発売41年目の2月12日、ボンカレーの日を記念して
「ボンカレーネオ」が新発売された。お母さんが家族の為に
手間ひまかけて作る愛情たっぷりの美味しさ。「ボンカレーネオ」は、
その原点を大切にしながら、時代と共に進化し続けるカレーである。
確かな素材で、ていねいに作られたボンカレーネオは、
“フタをあけ、箱ごとレンジで2分”で調理することも出来る。
これからも、「おいしい進化は、とまらない。」","ボンカレーゴールド21
2001年、“21世紀スタンダードカレー”として質・量とも
さらに充実された「ボンカレーゴールド21」の発売が開始
された。辛さだけの違いではなく、フルーティな甘口、
コクと旨みの中辛、スパイシーな辛口、辛さと旨さの熱辛と
それぞれの辛さに合った味の個性が特長である。",,,,NOT_CHECKED,599,,NOT_STARTED,NOT_BUILT,NOT_TESTED,JPN_PRIMARY; MLG_CN_CONTEXT_AUXILIARY,mechanical template; resource_class=SLOT_OLANG; source_objects=1,"即食速食咖喱，由MSF研究部门的实验室伙计们研发。
用肉类、蔬菜和其他食材配以香料烹制，咖喱菜原本是印度美食，后来传到了英国。
由于其香料可作防腐剂，食材又能提供均衡营养，咖喱被英国海军采纳为军用口粮。
20世纪初，日本为海军开发了咖喱作为口粮。当士兵们从战场归来，咖喱逐渐走进了日本家庭。
如今，咖喱被日本自卫队采用，也是Kaz Miller的最爱。
MSF已将咖喱开发成一种易于携带的口粮，封装在特制的蒸煮袋中保存。

经过改良，其风味甚至超越了新鲜烹制的咖喱。极有可能改变我们所知的美食未来！","[""即食速食咖喱，由MSF研究部门的实验室伙计们研发。\n用肉类、蔬菜和其他食材配以香料烹制，咖喱菜原本是印度美食，后来传到了英国。\n由于其香料可作防腐剂，食材又能提供均衡营养，咖喱被英国海军采纳为军用口粮。\n20世纪初，日本为海军开发了咖喱作为口粮。当士兵们从战场归来，咖喱逐渐走进了日本家庭。\n如今，咖喱被日本自卫队采用，也是Kaz Miller的最爱。\nMSF已将咖喱开发成一种易于携带的口粮，封装在特制的蒸煮袋中保存。\n\n经过改良，其风味甚至超越了新鲜烹制的咖喱。极有可能改变我们所知的美食未来！""]","Ready-to-eat, instant curry developed by the lab boys of MSF's research section.
Prepared with meat, vegetables and other ingredients cooked in spices, curry dishes are originally an Indian cuisine that made its way to the U.K.
With its spices acting as preservatives and ingredients that provide balanced nutrition, curry was adopted by the British Navy as military food.
In the early 20th century, Japan developed curry as rations for their navy. When the soldiers returned home from war, curry gradually found its way into Japanese households.
Currently, curry is adopted by Japan's Self-Defence Force and is Kaz Miller's favorite dish.
MSF has developed curry as a ration that can be easily carried, preserved in specially manufactured retort pouches.

Improved to the point that the flavor goes beyond that of freshly cooked curry. Most likely to change the future of cuisine as we know it!","[""Ready-to-eat, instant curry developed by the lab boys of MSF's research section.\nPrepared with meat, vegetables and other ingredients cooked in spices, curry dishes are originally an Indian cuisine that made its way to the U.K.\nWith its spices acting as preservatives and ingredients that provide balanced nutrition, curry was adopted by the British Navy as military food.\nIn the early 20th century, Japan developed curry as rations for their navy. When the soldiers returned home from war, curry gradually found its way into Japanese households.\nCurrently, curry is adopted by Japan's Self-Defence Force and is Kaz Miller's favorite dish.\nMSF has developed curry as a ration that can be easily carried, preserved in specially manufactured retort pouches.\r\n\r\nImproved to the point that the flavor goes beyond that of freshly cooked curry. Most likely to change the future of cuisine as we know it!""]",AUX_CN_ATTACHED,exact_jpn_slot_page_tag_reference_index;validated_slot_olang_map_entity_identity,master status=AUX_CN_ATTACHED; mapping method=exact_jpn_slot_page_tag_reference_index;validated_slot_olang_map_entity_identity; candidate attached as auxiliary evidence only; verify against JPN and context; auxiliary candidates only; JPN remains authoritative; verify against JPN text and context
5D904CFF,8,30,30;31,2,,page22:tag4:entity71:key00000047:ref30:ord0;page22:tag4:entity70:key00000046:ref31:ord0,"ボンカレーネオ
2009年、発売41年目の2月12日、ボンカレーの日を記念して
「ボンカレーネオ」が新発売された。お母さんが家族の為に
手間ひまかけて作る愛情たっぷりの美味しさ。「ボンカレーネオ」は、
その原点を大切にしながら、時代と共に進化し続けるカレーである。
確かな素材で、ていねいに作られたボンカレーネオは、
“フタをあけ、箱ごとレンジで2分”で調理することも出来る。
これからも、「おいしい進化は、とまらない。」","ボンカレーゴールド21
2001年、“21世紀スタンダードカレー”として質・量とも
さらに充実された「ボンカレーゴールド21」の発売が開始
された。辛さだけの違いではなく、フルーティな甘口、
コクと旨みの中辛、スパイシーな辛口、辛さと旨さの熱辛と
それぞれの辛さに合った味の個性が特長である。","ボンカレー
1968年2月12日、市販用として世界ではじめてのレトルト食品
「ボンカレー」が新発売された（発売当初阪神地区限定）。
いまや定番となった「ボンカレー」というネーミングだが、
これは、フランス語のBON（良い、おいしい）と英語のCURRY
（カレー）を組み合わせ、まさにおいしいカレーという意味が
込められた「ボンカレー」に決定されたのである。",,,,NOT_CHECKED,408,,NOT_STARTED,NOT_BUILT,NOT_TESTED,JPN_PRIMARY; MLG_CN_CONTEXT_AUXILIARY,mechanical template; resource_class=SLOT_OLANG; source_objects=2,"即食速食咖喱，由MSF研究部门的实验室伙计们研发。
用肉类、蔬菜和其他食材配以香料烹制，咖喱菜原本是印度美食，后来传到了英国。
由于其香料可作防腐剂，食材又能提供均衡营养，咖喱被英国海军采纳为军用口粮。
20世纪初，日本为海军开发了咖喱作为口粮。当士兵们从战场归来，咖喱逐渐走进了日本家庭。
如今，咖喱被日本自卫队采用，也是Kaz Miller的最爱。
MSF已将咖喱开发成一种易于携带的口粮，封装在特制的蒸煮袋中保存。

改良版，风味更接近新鲜烹制的咖喱。","[""即食速食咖喱，由MSF研究部门的实验室伙计们研发。\n用肉类、蔬菜和其他食材配以香料烹制，咖喱菜原本是印度美食，后来传到了英国。\n由于其香料可作防腐剂，食材又能提供均衡营养，咖喱被英国海军采纳为军用口粮。\n20世纪初，日本为海军开发了咖喱作为口粮。当士兵们从战场归来，咖喱逐渐走进了日本家庭。\n如今，咖喱被日本自卫队采用，也是Kaz Miller的最爱。\nMSF已将咖喱开发成一种易于携带的口粮，封装在特制的蒸煮袋中保存。\n\n改良版，风味更接近新鲜烹制的咖喱。""]","Ready-to-eat, instant curry developed by the lab boys of MSF's research section.
Prepared with meat, vegetables and other ingredients cooked in spices, curry dishes are originally an Indian cuisine that made its way to the U.K.
With its spices acting as preservatives and ingredients that provide balanced nutrition, curry was adopted by the British Navy as military food.
In the early 20th century, Japan developed curry as rations for their navy. When the soldiers returned home from war, curry gradually found its way into Japanese households.
Currently, curry is adopted by Japan's Self-Defence Force and is Kaz Miller's favorite dish.
MSF has developed curry as a ration that can be easily carried, preserved in specially manufactured retort pouches.

Improved version with a flavor that is much closer to freshly cooked curry.","[""Ready-to-eat, instant curry developed by the lab boys of MSF's research section.\nPrepared with meat, vegetables and other ingredients cooked in spices, curry dishes are originally an Indian cuisine that made its way to the U.K.\nWith its spices acting as preservatives and ingredients that provide balanced nutrition, curry was adopted by the British Navy as military food.\nIn the early 20th century, Japan developed curry as rations for their navy. When the soldiers returned home from war, curry gradually found its way into Japanese households.\nCurrently, curry is adopted by Japan's Self-Defence Force and is Kaz Miller's favorite dish.\nMSF has developed curry as a ration that can be easily carried, preserved in specially manufactured retort pouches.\n\nImproved version with a flavor that is much closer to freshly cooked curry.""]",AUX_CN_ATTACHED,exact_jpn_slot_page_tag_reference_index;validated_slot_olang_map_entity_identity,master status=AUX_CN_ATTACHED; mapping method=exact_jpn_slot_page_tag_reference_index;validated_slot_olang_map_entity_identity; candidate attached as auxiliary evidence only; verify against JPN and context; auxiliary candidates only; JPN remains authoritative; verify against JPN text and context
5D904CFF,9,33,33;34,2,,page22:tag4:entity69:key00000045:ref33:ord0;page22:tag4:entity68:key00000044:ref34:ord0,"ボンカレーゴールド21
2001年、“21世紀スタンダードカレー”として質・量とも
さらに充実された「ボンカレーゴールド21」の発売が開始
された。辛さだけの違いではなく、フルーティな甘口、
コクと旨みの中辛、スパイシーな辛口、辛さと旨さの熱辛と
それぞれの辛さに合った味の個性が特長である。","ボンカレー
1968年2月12日、市販用として世界ではじめてのレトルト食品
「ボンカレー」が新発売された（発売当初阪神地区限定）。
いまや定番となった「ボンカレー」というネーミングだが、
これは、フランス語のBON（良い、おいしい）と英語のCURRY
（カレー）を組み合わせ、まさにおいしいカレーという意味が
込められた「ボンカレー」に決定されたのである。",（不要）,,,,NOT_CHECKED,492,,NOT_STARTED,NOT_BUILT,NOT_TESTED,JPN_PRIMARY; MLG_CN_CONTEXT_AUXILIARY,mechanical template; resource_class=SLOT_OLANG; source_objects=2,"即食速食咖喱，由MSF研究部门的实验室伙计们研发。
用肉类、蔬菜和其他食材配以香料烹制，咖喱菜原本是印度美食，后来传到了英国。
由于其香料可作防腐剂，食材又能提供均衡营养，咖喱被英国海军采纳为军用口粮。
20世纪初，日本为海军开发了咖喱作为口粮。当士兵们从战场归来，咖喱逐渐走进了日本家庭。
如今，咖喱被日本自卫队采用，也是Kaz Miller的最爱。
MSF已将咖喱开发成一种易于携带的口粮，封装在特制的蒸煮袋中保存。","[""即食速食咖喱，由MSF研究部门的实验室伙计们研发。\n用肉类、蔬菜和其他食材配以香料烹制，咖喱菜原本是印度美食，后来传到了英国。\n由于其香料可作防腐剂，食材又能提供均衡营养，咖喱被英国海军采纳为军用口粮。\n20世纪初，日本为海军开发了咖喱作为口粮。当士兵们从战场归来，咖喱逐渐走进了日本家庭。\n如今，咖喱被日本自卫队采用，也是Kaz Miller的最爱。\nMSF已将咖喱开发成一种易于携带的口粮，封装在特制的蒸煮袋中保存。""]","Ready-to-eat, instant curry developed by the lab boys of MSF's research section.
Prepared with meat, vegetables and other ingredients cooked in spices, curry dishes are originally an Indian cuisine that made its way to the U.K.
With its spices acting as preservatives and ingredients that provide balanced nutrition, curry was adopted by the British Navy as military food.
In the early 20th century, Japan developed curry as rations for their navy. When the soldiers returned home from war, curry gradually found its way into Japanese households.
Currently, curry is adopted by Japan's Self-Defence Force and is Kaz Miller's favorite dish.
MSF has developed curry as a ration that can be easily carried, preserved in specially manufactured retort pouches.","[""Ready-to-eat, instant curry developed by the lab boys of MSF's research section.\nPrepared with meat, vegetables and other ingredients cooked in spices, curry dishes are originally an Indian cuisine that made its way to the U.K.\nWith its spices acting as preservatives and ingredients that provide balanced nutrition, curry was adopted by the British Navy as military food.\nIn the early 20th century, Japan developed curry as rations for their navy. When the soldiers returned home from war, curry gradually found its way into Japanese households.\nCurrently, curry is adopted by Japan's Self-Defence Force and is Kaz Miller's favorite dish.\nMSF has developed curry as a ration that can be easily carried, preserved in specially manufactured retort pouches.""]",AUX_CN_ATTACHED,exact_jpn_slot_page_tag_reference_index;validated_slot_olang_map_entity_identity,master status=AUX_CN_ATTACHED; mapping method=exact_jpn_slot_page_tag_reference_index;validated_slot_olang_map_entity_identity; candidate attached as auxiliary evidence only; verify against JPN and context; auxiliary candidates only; JPN remains authoritative; verify against JPN text and context
5D904CFF,10,125,125;126;127;128;129;130;132;133;134;135,10,,page22:tag4:entity445:key000001BD:ref125:ord0;page22:tag4:entity444:key000001BC:ref126:ord0;page22:tag4:entity443:key000001BB:ref127:ord0;page22:tag4:entity442:key000001BA:ref128:ord0;page22:tag4:entity441:key000001B9:ref129:ord0;page22:tag4:entity440:key000001B8:ref130:ord0;page22:tag4:entity439:key000001B7:ref132:ord0;page22:tag4:entity438:key000001B6:ref133:ord0;page22:tag4:entity437:key000001B5:ref134:ord0;page22:tag4:entity436:key000001B4:ref135:ord0,（不要）,（不要）（対戦専用）,（不要）,,,,NOT_CHECKED,30,,NOT_STARTED,NOT_BUILT,NOT_TESTED,JPN_PRIMARY; MLG_CN_CONTEXT_AUXILIARY,mechanical template; resource_class=SLOT_OLANG; source_objects=10,,[],（不要）（対戦専用）,"[""（不要）（対戦専用）""]",AUX_UNCHANGED,exact_jpn_slot_page_tag_reference_index;validated_slot_olang_map_entity_identity,auxiliary bank retains the original JPN text; auxiliary candidates only; JPN remains authoritative; verify against JPN text and context
5D904CFF,11,139,139;141;172;178;181;182;183;184;185;186;188;189;200;201;204;208;212;213;214;215;216;217;218;219,24,,page22:tag4:entity432:key000001B0:ref139:ord0;page22:tag4:entity430:key000001AE:ref141:ord0;page22:tag4:entity402:key00000192:ref172:ord0;page22:tag4:entity398:key0000018E:ref178:ord0;page22:tag4:entity395:key0000018B:ref181:ord0;page22:tag4:entity394:key0000018A:ref182:ord0;page22:tag4:entity393:key00000189:ref183:ord0;page22:tag4:entity392:key00000188:ref184:ord0;page22:tag4:entity391:key00000187:ref185:ord0;page22:tag4:entity390:key00000186:ref186:ord0;page22:tag4:entity389:key00000185:ref188:ord0;page22:tag4:entity388:key00000184:ref189:ord0;page22:tag4:entity378:key0000017A:ref200:ord0;page22:tag4:entity377:key00000179:ref201:ord0;page22:tag4:entity374:key00000176:ref204:ord0;page22:tag4:entity370:key00000172:ref208:ord0;page22:tag4:entity367:key0000016F:ref212:ord0;page22:tag4:entity366:key0000016E:ref213:ord0;page22:tag4:entity365:key0000016D:ref214:ord0;page22:tag4:entity364:key0000016C:ref215:ord0;page22:tag4:entity363:key0000016B:ref216:ord0;page22:tag4:entity362:key0000016A:ref217:ord0;page22:tag4:entity361:key00000169:ref218:ord0;page22:tag4:entity360:key00000168:ref219:ord0,（不要）,（不要）（ダウンロード）,（不要）,,,,NOT_CHECKED,36,,NOT_STARTED,NOT_BUILT,NOT_TESTED,JPN_PRIMARY; MLG_CN_CONTEXT_AUXILIARY,mechanical template; resource_class=SLOT_OLANG; source_objects=24,（不使用）（下载）,"[""（不使用）（下载）""]",（不要）（ダウンロード）,"[""（不要）（ダウンロード）""]",AUX_CN_ATTACHED,exact_jpn_slot_page_tag_reference_index;validated_slot_olang_map_entity_identity,master status=AUX_CN_ATTACHED; mapping method=exact_jpn_slot_page_tag_reference_index;validated_slot_olang_map_entity_identity; candidate attached as auxiliary evidence only; verify against JPN and context; auxiliary candidates only; JPN remains authoritative; verify against JPN text and context
5D904CFF,12,222,222;223;224,3,,page22:tag4:entity358:key00000166:ref222:ord0;page22:tag4:entity357:key00000165:ref223:ord0;page22:tag4:entity356:key00000164:ref224:ord0,（不要）,"ギアレックス
謎多き竜の眷属。別称、核竜。
大空を舞う翼膜は持っていないが、核による突然変異か
巨銃を連想させる突起を持ち、その強酸の体液攻撃を防ぐ
手段は皆無。","ティガレックス
強靭な肉体を持ちその鋭い牙はなにものをも噛み砕く。
まさに絶対的強者。その突進をとめられる者はいない。
怒らせたら最後、ハンターは死を覚悟するしかないだろう。

©CAPCOM CO., LTD.",,,,NOT_CHECKED,235,,NOT_STARTED,NOT_BUILT,NOT_TESTED,JPN_PRIMARY; MLG_CN_CONTEXT_AUXILIARY,mechanical template; resource_class=SLOT_OLANG; source_objects=3,"Gear Rex

龙家族的未知成员，也被称为“核龙”。虽然它没有翅膀，无法在空中飞行，但核试验引发的突然变异使它长出了一个类似炮塔的巨大突起物，从中喷出高度腐蚀性的液体，能融化它所接触到的任何东西。","[""Gear Rex\n\n龙家族的未知成员，也被称为“核龙”。虽然它没有翅膀，无法在空中飞行，但核试验引发的突然变异使它长出了一个类似炮塔的巨大突起物，从中喷出高度腐蚀性的液体，能融化它所接触到的任何东西。""]","Gear Rex
A mysterious member of the dragon family, also known as the ""nuclear dragon."" Although it lacks wings and cannot fly through the air, a sudden mutation brought on by nuclear testing has given it a giant protuberance reminiscent of a gun turret, from which it spews a highly corrosive liquid that melts absolutely anything it touches.","[""Gear Rex\nA mysterious member of the dragon family, also known as the \""nuclear dragon.\"" Although it lacks wings and cannot fly through the air, a sudden mutation brought on by nuclear testing has given it a giant protuberance reminiscent of a gun turret, from which it spews a highly corrosive liquid that melts absolutely anything it touches.""]",AUX_CN_ATTACHED,exact_jpn_slot_page_tag_reference_index;validated_slot_olang_map_entity_identity,master status=AUX_CN_ATTACHED; mapping method=exact_jpn_slot_page_tag_reference_index;validated_slot_olang_map_entity_identity; candidate attached as auxiliary evidence only; verify against JPN and context; auxiliary candidates only; JPN remains authoritative; verify against JPN text and context
5D904CFF,13,225,225,1,,page22:tag4:entity355:key00000163:ref225:ord0,"ギアレックス
謎多き竜の眷属。別称、核竜。
大空を舞う翼膜は持っていないが、核による突然変異か
巨銃を連想させる突起を持ち、その強酸の体液攻撃を防ぐ
手段は皆無。","ティガレックス
強靭な肉体を持ちその鋭い牙はなにものをも噛み砕く。
まさに絶対的強者。その突進をとめられる者はいない。
怒らせたら最後、ハンターは死を覚悟するしかないだろう。

©CAPCOM CO., LTD.","リオレウス
空の王者の異名を持つ、飛竜。
その異名に恥じない空中からの攻撃を得意とする。
空中からのブレスや爪攻撃に耐えられる者はいない。

©CAPCOM CO., LTD.",,,,NOT_CHECKED,275,,NOT_STARTED,NOT_BUILT,NOT_TESTED,JPN_PRIMARY; MLG_CN_CONTEXT_AUXILIARY,mechanical template; resource_class=SLOT_OLANG; source_objects=1,"轰龙

拥有岩石般坚硬的躯体和能撕裂一切的利刃獠牙，轰龙不愧是万兽之王。当它冲锋时，没有任何东西能阻挡它。如果惹恼了它，你可能就得开始祈祷了。

<I=CPY>CAPCOM CO., LTD.","[""轰龙\n\n拥有岩石般坚硬的躯体和能撕裂一切的利刃獠牙，轰龙不愧是万兽之王。当它冲锋时，没有任何东西能阻挡它。如果惹恼了它，你可能就得开始祈祷了。\n\n<I=CPY>CAPCOM CO., LTD.""]","Tigrex
With a rock-solid body and razor-sharp fangs that can tear through anything, Tigrex is truly the king of beasts. Nothing can stand in its way when it charges. Rub it the wrong way, and you may as well start saying your prayers.

<I=CPY>CAPCOM CO., LTD.","[""Tigrex\nWith a rock-solid body and razor-sharp fangs that can tear through anything, Tigrex is truly the king of beasts. Nothing can stand in its way when it charges. Rub it the wrong way, and you may as well start saying your prayers.\n\n<I=CPY>CAPCOM CO., LTD.""]",AUX_CN_ATTACHED,exact_jpn_slot_page_tag_reference_index;validated_slot_olang_map_entity_identity,master status=AUX_CN_ATTACHED; mapping method=exact_jpn_slot_page_tag_reference_index;validated_slot_olang_map_entity_identity; candidate attached as auxiliary evidence only; verify against JPN and context; auxiliary candidates only; JPN remains authoritative; verify against JPN text and context
5D904CFF,14,226,226,1,,page22:tag4:entity354:key00000162:ref226:ord0,"ティガレックス
強靭な肉体を持ちその鋭い牙はなにものをも噛み砕く。
まさに絶対的強者。その突進をとめられる者はいない。
怒らせたら最後、ハンターは死を覚悟するしかないだろう。

©CAPCOM CO., LTD.","リオレウス
空の王者の異名を持つ、飛竜。
その異名に恥じない空中からの攻撃を得意とする。
空中からのブレスや爪攻撃に耐えられる者はいない。

©CAPCOM CO., LTD.",（不要）,,,,NOT_CHECKED,221,,NOT_STARTED,NOT_BUILT,NOT_TESTED,JPN_PRIMARY; MLG_CN_CONTEXT_AUXILIARY,mechanical template; resource_class=SLOT_OLANG; source_objects=1,"雄火龙

有翼飞龙，也被称为“天空之王”。它绝对名副其实。凭借致命吐息和利爪攻击，雄火龙就是来自天空的死亡的代名词。

<I=CPY>CAPCOM CO., LTD.","[""雄火龙\n\n有翼飞龙，也被称为“天空之王”。它绝对名副其实。凭借致命吐息和利爪攻击，雄火龙就是来自天空的死亡的代名词。\n\n<I=CPY>CAPCOM CO., LTD.""]","Rathalos
A winged wyvern, also known as the ""King of the Skies."" And it certainly lives up to its name. With its deadly breath and claw attacks, Rathalos is synonymous with death from above.

<I=CPY>CAPCOM CO., LTD.","[""Rathalos\nA winged wyvern, also known as the \""King of the Skies.\"" And it certainly lives up to its name. With its deadly breath and claw attacks, Rathalos is synonymous with death from above.\n\n<I=CPY>CAPCOM CO., LTD.""]",AUX_CN_ATTACHED,exact_jpn_slot_page_tag_reference_index;validated_slot_olang_map_entity_identity,master status=AUX_CN_ATTACHED; mapping method=exact_jpn_slot_page_tag_reference_index;validated_slot_olang_map_entity_identity; candidate attached as auxiliary evidence only; verify against JPN and context; auxiliary candidates only; JPN remains authoritative; verify against JPN text and context
5D904CFF,15,408,408,1,,page22:tag4:entity190:key000000BE:ref408:ord0,（不要）,"枯れ草で作られた箱。
一見何の変哲もないただの箱にしか見えないが、敵を中に
引き込んで気絶させることが出来る。また、CO-OP時に
味方がフルトン回収システムを装備していると、引き込んだ敵を
マザーベースへ搬送可能。",（不要）,,,,NOT_CHECKED,306,,NOT_STARTED,NOT_BUILT,NOT_TESTED,JPN_PRIMARY; MLG_CN_CONTEXT_AUXILIARY,mechanical template; resource_class=SLOT_OLANG; source_objects=1,用稻草制成的纸箱。乍一看可能只是个普通箱子，但如果毫无防备的敌人靠得太近，可能会被拖进去，然后被彻底打晕。此外，如果你有装备了富尔顿回收系统的合作模式队友，你可以把受害者直接送回母基地。,"[""用稻草制成的纸箱。乍一看可能只是个普通箱子，但如果毫无防备的敌人靠得太近，可能会被拖进去，然后被彻底打晕。此外，如果你有装备了富尔顿回收系统的合作模式队友，你可以把受害者直接送回母基地。""]","A cardboard box made of straw. At first glance it may look like just an ordinary box, but if an unsuspecting enemy gets too close he might find himself dragged inside and knocked out cold. In addition, if you have a CO-OPS teammate with the Fulton recovery system equipped, you can send the victim straight back to Mother Base.","[""A cardboard box made of straw. At first glance it may look like just an ordinary box, but if an unsuspecting enemy gets too close he might find himself dragged inside and knocked out cold. In addition, if you have a CO-OPS teammate with the Fulton recovery system equipped, you can send the victim straight back to Mother Base.""]",AUX_CN_ATTACHED,exact_jpn_slot_page_tag_reference_index;validated_slot_olang_map_entity_identity,master status=AUX_CN_ATTACHED; mapping method=exact_jpn_slot_page_tag_reference_index;validated_slot_olang_map_entity_identity; candidate attached as auxiliary evidence only; verify against JPN and context; auxiliary candidates only; JPN remains authoritative; verify against JPN text and context
5D904CFF,16,425,425,1,,page22:tag4:entity175:key000000AF:ref425:ord0,（不要）,"ドリトス
スペイン語から派生して“小さな金塊”という意味を持つ「ドリトス」は、 
コーンをまるごとすりつぶして薄くのばしたものを、オーブンでこんがり
焼いてからパリッと油で揚げた、独特の食感と香ばしい風味が特徴の
スナック菓子。
日本では1987年に発売され、日本のスナック市場で最初に
トルティアチップスのカテゴリーを確立した商品として、
20年以上にわたって愛され続けている。","ペプシネックス
『ゼロカロリーでおいしい』を徹底追求したコーラ、ペプシネックス。
厚みがありながらキレのあるすっきりとした味わいで、
しかも『ゼロカロリー』。コーラならではの飲みごたえが特長。
インパクトのある『黒』をベースにシルバーのグラデーションを施した
スタイリッシュで存在感のあるデザインも高い支持を集めている。
『ＮＥＸ』とは、新時代のコーラ（NEXT COLA）が語源。
『NEW EXCITEMENT（新しい刺激）』
『NEW EXPERIENCE（新しい体験）』
『NEW EXPECTATION（新しい期待）』などの意味も込められている。",,,,NOT_CHECKED,542,,NOT_STARTED,NOT_BUILT,NOT_TESTED,JPN_PRIMARY; MLG_CN_CONTEXT_AUXILIARY,mechanical template; resource_class=SLOT_OLANG; source_objects=1,墨西哥玉米饼风味的油炸玉米片小吃。玉米饼是一种用玉米面团制成的扁平面包，是中美洲的传统主食，广泛用于制作软壳玉米卷。,"[""墨西哥玉米饼风味的油炸玉米片小吃。玉米饼是一种用玉米面团制成的扁平面包，是中美洲的传统主食，广泛用于制作软壳玉米卷。""]","Taco-flavored, tortilla snack fried in oil. A flatbread made from cornmeal dough, the tortilla is a traditional staple of Central America that is widely used for soft shell tacos. ","[""Taco-flavored, tortilla snack fried in oil. A flatbread made from cornmeal dough, the tortilla is a traditional staple of Central America that is widely used for soft shell tacos. ""]",AUX_CN_ATTACHED,exact_jpn_slot_page_tag_reference_index;validated_slot_olang_map_entity_identity,master status=AUX_CN_ATTACHED; mapping method=exact_jpn_slot_page_tag_reference_index;validated_slot_olang_map_entity_identity; candidate attached as auxiliary evidence only; verify against JPN and context; auxiliary candidates only; JPN remains authoritative; verify against JPN text and context
5D904CFF,17,426,426,1,,page22:tag4:entity174:key000000AE:ref426:ord0,"ドリトス
スペイン語から派生して“小さな金塊”という意味を持つ「ドリトス」は、 
コーンをまるごとすりつぶして薄くのばしたものを、オーブンでこんがり
焼いてからパリッと油で揚げた、独特の食感と香ばしい風味が特徴の
スナック菓子。
日本では1987年に発売され、日本のスナック市場で最初に
トルティアチップスのカテゴリーを確立した商品として、
20年以上にわたって愛され続けている。","ペプシネックス
『ゼロカロリーでおいしい』を徹底追求したコーラ、ペプシネックス。
厚みがありながらキレのあるすっきりとした味わいで、
しかも『ゼロカロリー』。コーラならではの飲みごたえが特長。
インパクトのある『黒』をベースにシルバーのグラデーションを施した
スタイリッシュで存在感のあるデザインも高い支持を集めている。
『ＮＥＸ』とは、新時代のコーラ（NEXT COLA）が語源。
『NEW EXCITEMENT（新しい刺激）』
『NEW EXPERIENCE（新しい体験）』
『NEW EXPECTATION（新しい期待）』などの意味も込められている。","マウンテンデュー
1958年にアメリカで誕生して以来、若者を中心に人気を集め、
日本を始め世界中で愛飲されているロングセラーブランド。
ゴクゴク飲める心地よい刺激で喉の渇きをいやすユニークな
柑橘系（シトラス）の味わいが特長の炭酸飲料。
マウンテンデューとは、『山のしずく』という意味で、
爽やかな美味しさを表している。",,,,NOT_CHECKED,712,,NOT_STARTED,NOT_BUILT,NOT_TESTED,JPN_PRIMARY; MLG_CN_CONTEXT_AUXILIARY,mechanical template; resource_class=SLOT_OLANG; source_objects=1,"过多的身体脂肪会降低战场存活几率，降低机动性和迷彩的隐蔽效果。
为控制身体脂肪，军方研发部门开发了一种人工甜味剂，进而促成了一种不含糖、零卡路里的碳酸饮料的推出，这饮料远远领先于它的时代。","[""过多的身体脂肪会降低战场存活几率，降低机动性和迷彩的隐蔽效果。\n为控制身体脂肪，军方研发部门开发了一种人工甜味剂，进而促成了一种不含糖、零卡路里的碳酸饮料的推出，这饮料远远领先于它的时代。""]","Excess body fat can lower the odds of survival on the battlefield, reducing mobility as well as the stealth benefits of camouflage.
To keep body fat in check, military R&D developed an artificial sweetener which in turn led to the introduction of a non-sugar, zero-calorie carbonated drink that is way ahead of its time.","[""Excess body fat can lower the odds of survival on the battlefield, reducing mobility as well as the stealth benefits of camouflage.\nTo keep body fat in check, military R&D developed an artificial sweetener which in turn led to the introduction of a non-sugar, zero-calorie carbonated drink that is way ahead of its time.""]",AUX_CN_ATTACHED,exact_jpn_slot_page_tag_reference_index;validated_slot_olang_map_entity_identity,master status=AUX_CN_ATTACHED; mapping method=exact_jpn_slot_page_tag_reference_index;validated_slot_olang_map_entity_identity; candidate attached as auxiliary evidence only; verify against JPN and context; auxiliary candidates only; JPN remains authoritative; verify against JPN text and context
5D904CFF,18,427,427,1,,page22:tag4:entity173:key000000AD:ref427:ord0,"ペプシネックス
『ゼロカロリーでおいしい』を徹底追求したコーラ、ペプシネックス。
厚みがありながらキレのあるすっきりとした味わいで、
しかも『ゼロカロリー』。コーラならではの飲みごたえが特長。
インパクトのある『黒』をベースにシルバーのグラデーションを施した
スタイリッシュで存在感のあるデザインも高い支持を集めている。
『ＮＥＸ』とは、新時代のコーラ（NEXT COLA）が語源。
『NEW EXCITEMENT（新しい刺激）』
『NEW EXPERIENCE（新しい体験）』
『NEW EXPECTATION（新しい期待）』などの意味も込められている。","マウンテンデュー
1958年にアメリカで誕生して以来、若者を中心に人気を集め、
日本を始め世界中で愛飲されているロングセラーブランド。
ゴクゴク飲める心地よい刺激で喉の渇きをいやすユニークな
柑橘系（シトラス）の味わいが特長の炭酸飲料。
マウンテンデューとは、『山のしずく』という意味で、
爽やかな美味しさを表している。",（不要）,,,,NOT_CHECKED,460,,NOT_STARTED,NOT_BUILT,NOT_TESTED,JPN_PRIMARY; MLG_CN_CONTEXT_AUXILIARY,mechanical template; resource_class=SLOT_OLANG; source_objects=1,罐装碳酸饮料，含有适量的柠檬酸和糖，用于减轻疲劳影响。清爽的柠檬酸味和碳酸气体的温和刺激，不仅在身体上，而且在精神上都有提神效果。,"[""罐装碳酸饮料，含有适量的柠檬酸和糖，用于减轻疲劳影响。清爽的柠檬酸味和碳酸气体的温和刺激，不仅在身体上，而且在精神上都有提神效果。""]","Canned carbonated drink containing moderate amounts of citric acid and sugar for reducing the effects of fatigue. The refreshing citric taste and the mild stimulation of carbonic acid has an invigorating effect not only physically, but mentally as well.","[""Canned carbonated drink containing moderate amounts of citric acid and sugar for reducing the effects of fatigue. The refreshing citric taste and the mild stimulation of carbonic acid has an invigorating effect not only physically, but mentally as well.""]",AUX_CN_ATTACHED,exact_jpn_slot_page_tag_reference_index;validated_slot_olang_map_entity_identity,master status=AUX_CN_ATTACHED; mapping method=exact_jpn_slot_page_tag_reference_index;validated_slot_olang_map_entity_identity; candidate attached as auxiliary evidence only; verify against JPN and context; auxiliary candidates only; JPN remains authoritative; verify against JPN text and context
5D904CFF,19,511,511;512;513;514;1013;1014;1015;1016;1017;1018,10,,page22:tag4:entity610:key00000063:ref511:ord0;page22:tag4:entity609:key00000062:ref512:ord0;page22:tag4:entity608:key00000061:ref513:ord0;page22:tag4:entity607:key00000060:ref514:ord0;page22:tag4:entity616:key00000069:ref1013:ord0;page22:tag4:entity615:key00000068:ref1014:ord0;page22:tag4:entity614:key00000067:ref1015:ord0;page22:tag4:entity613:key00000066:ref1016:ord0;page22:tag4:entity612:key00000065:ref1017:ord0;page22:tag4:entity611:key00000064:ref1018:ord0,（不要）,普通よりも大きめなダンボール箱。,ステルス状態になれる迷彩。,,,,NOT_CHECKED,48,,NOT_STARTED,NOT_BUILT,NOT_TESTED,JPN_PRIMARY; MLG_CN_CONTEXT_AUXILIARY,mechanical template; resource_class=SLOT_OLANG; source_objects=10,一个更大的纸箱。,"[""一个更大的纸箱。"",""（不使用）比普通纸箱更大的纸箱。""]",A bigger cardboard box.,"[""A bigger cardboard box."",""（不要）普通よりも大きめなダンボール箱。""]",AUX_CN_ATTACHED,exact_jpn_slot_page_tag_reference_index;validated_slot_olang_map_entity_identity,master status=AUX_CN_ATTACHED; mapping method=exact_jpn_slot_page_tag_reference_index;validated_slot_olang_map_entity_identity; candidate attached as auxiliary evidence only; verify against JPN and context; auxiliary candidates only; JPN remains authoritative; verify against JPN text and context; multiple candidates aggregated from all real JPN references; split/merge/order mismatch remains possible
5D904CFF,20,515,515,1,,page22:tag4:entity606:key0000005F:ref515:ord0,普通よりも大きめなダンボール箱。,ステルス状態になれる迷彩。,ステルス状態になれるマット。,,,,NOT_CHECKED,39,,NOT_STARTED,NOT_BUILT,NOT_TESTED,JPN_PRIMARY; MLG_CN_CONTEXT_AUXILIARY,mechanical template; resource_class=SLOT_OLANG; source_objects=1,"让使用者
肉眼隐形的迷彩。","[""让使用者\n肉眼隐形的迷彩。""]","Camouflage that renders the user
invisible to the naked eye.","[""Camouflage that renders the user\ninvisible to the naked eye.""]",AUX_CN_ATTACHED,exact_jpn_slot_page_tag_reference_index;validated_slot_olang_map_entity_identity,master status=AUX_CN_ATTACHED; mapping method=exact_jpn_slot_page_tag_reference_index;validated_slot_olang_map_entity_identity; candidate attached as auxiliary evidence only; verify against JPN and context; auxiliary candidates only; JPN remains authoritative; verify against JPN text and context
5D904CFF,21,516,516;517,2,,page22:tag4:entity605:key0000005E:ref516:ord0;page22:tag4:entity604:key0000005D:ref517:ord0,ステルス状態になれる迷彩。,ステルス状態になれるマット。,敵情報解析装置。,,,,NOT_CHECKED,42,,NOT_STARTED,NOT_BUILT,NOT_TESTED,JPN_PRIMARY; MLG_CN_CONTEXT_AUXILIARY,mechanical template; resource_class=SLOT_OLANG; source_objects=2,"让使用者
肉眼隐形的垫子。","[""让使用者\n肉眼隐形的垫子。""]","Mat that renders the user invisible to
the naked eye.","[""Mat that renders the user invisible to\nthe naked eye.""]",AUX_CN_ATTACHED,exact_jpn_slot_page_tag_reference_index;validated_slot_olang_map_entity_identity,master status=AUX_CN_ATTACHED; mapping method=exact_jpn_slot_page_tag_reference_index;validated_slot_olang_map_entity_identity; candidate attached as auxiliary evidence only; verify against JPN and context; auxiliary candidates only; JPN remains authoritative; verify against JPN text and context
5D904CFF,22,518,518;519;520;522;523,5,,page22:tag4:entity603:key0000005C:ref518:ord0;page22:tag4:entity602:key0000005B:ref519:ord0;page22:tag4:entity601:key0000005A:ref520:ord0;page22:tag4:entity600:key00000059:ref522:ord0;page22:tag4:entity599:key00000058:ref523:ord0,ステルス状態になれるマット。,敵情報解析装置。,ジャーナリスト御用達一眼カメラ。,,,,NOT_CHECKED,24,,NOT_STARTED,NOT_BUILT,NOT_TESTED,JPN_PRIMARY; MLG_CN_CONTEXT_AUXILIARY,mechanical template; resource_class=SLOT_OLANG; source_objects=5,分析敌方信息的设备。,"[""分析敌方信息的设备。""]",Device that analyzes enemy information.,"[""Device that analyzes enemy information.""]",AUX_CN_ATTACHED,exact_jpn_slot_page_tag_reference_index;validated_slot_olang_map_entity_identity,master status=AUX_CN_ATTACHED; mapping method=exact_jpn_slot_page_tag_reference_index;validated_slot_olang_map_entity_identity; candidate attached as auxiliary evidence only; verify against JPN and context; auxiliary candidates only; JPN remains authoritative; verify against JPN text and context
5D904CFF,23,524,524,1,,page22:tag4:entity598:key00000057:ref524:ord0,敵情報解析装置。,ジャーナリスト御用達一眼カメラ。,"ストレンジラブの研究施設に入るために使う
IDカード。",,,,NOT_CHECKED,48,,NOT_STARTED,NOT_BUILT,NOT_TESTED,JPN_PRIMARY; MLG_CN_CONTEXT_AUXILIARY,mechanical template; resource_class=SLOT_OLANG; source_objects=1,记者的单反相机。,"[""记者的单反相机。""]",Journalist's single-lens reflex camera.,"[""Journalist's single-lens reflex camera.""]",AUX_CN_ATTACHED,exact_jpn_slot_page_tag_reference_index;validated_slot_olang_map_entity_identity,master status=AUX_CN_ATTACHED; mapping method=exact_jpn_slot_page_tag_reference_index;validated_slot_olang_map_entity_identity; candidate attached as auxiliary evidence only; verify against JPN and context; auxiliary candidates only; JPN remains authoritative; verify against JPN text and context
5D904CFF,24,525,525,1,,page22:tag4:entity597:key00000056:ref525:ord0,ジャーナリスト御用達一眼カメラ。,"ストレンジラブの研究施設に入るために使う
IDカード。",独房のドアを開くために使うIDカード。,,,,NOT_CHECKED,75,,NOT_STARTED,NOT_BUILT,NOT_TESTED,JPN_PRIMARY; MLG_CN_CONTEXT_AUXILIARY,mechanical template; resource_class=SLOT_OLANG; source_objects=1,进入Strangelove实验室的ID卡。,"[""进入Strangelove实验室的ID卡。""]",ID card for entering Strangelove's lab.,"[""ID card for entering Strangelove's lab.""]",AUX_CN_ATTACHED,exact_jpn_slot_page_tag_reference_index;validated_slot_olang_map_entity_identity,master status=AUX_CN_ATTACHED; mapping method=exact_jpn_slot_page_tag_reference_index;validated_slot_olang_map_entity_identity; candidate attached as auxiliary evidence only; verify against JPN and context; auxiliary candidates only; JPN remains authoritative; verify against JPN text and context
5D904CFF,25,526,526,1,,page22:tag4:entity596:key00000055:ref526:ord0,"ストレンジラブの研究施設に入るために使う
IDカード。",独房のドアを開くために使うIDカード。,高硬度ワイヤーで作られた糸鋸。,,,,NOT_CHECKED,53,,NOT_STARTED,NOT_BUILT,NOT_TESTED,JPN_PRIMARY; MLG_CN_CONTEXT_AUXILIARY,mechanical template; resource_class=SLOT_OLANG; source_objects=1,用于打开牢房门的ID卡。,"[""用于打开牢房门的ID卡。""]",ID card for opening cell doors.,"[""ID card for opening cell doors.""]",AUX_CN_ATTACHED,exact_jpn_slot_page_tag_reference_index;validated_slot_olang_map_entity_identity,master status=AUX_CN_ATTACHED; mapping method=exact_jpn_slot_page_tag_reference_index;validated_slot_olang_map_entity_identity; candidate attached as auxiliary evidence only; verify against JPN and context; auxiliary candidates only; JPN remains authoritative; verify against JPN text and context
5D904CFF,26,527,527,1,,page22:tag4:entity595:key00000054:ref527:ord0,独房のドアを開くために使うIDカード。,高硬度ワイヤーで作られた糸鋸。,"ヒューイがスネークに託した、
ストレンジラブへの手紙。",,,,NOT_CHECKED,45,,NOT_STARTED,NOT_BUILT,NOT_TESTED,JPN_PRIMARY; MLG_CN_CONTEXT_AUXILIARY,mechanical template; resource_class=SLOT_OLANG; source_objects=1,钢丝锯。刃口带有金刚石锯齿。,"[""钢丝锯。刃口带有金刚石锯齿。""]","Jigsaw. Steel wire edged with diamond
teeth.","[""Jigsaw. Steel wire edged with diamond\nteeth.""]",AUX_CN_ATTACHED,exact_jpn_slot_page_tag_reference_index;validated_slot_olang_map_entity_identity,master status=AUX_CN_ATTACHED; mapping method=exact_jpn_slot_page_tag_reference_index;validated_slot_olang_map_entity_identity; candidate attached as auxiliary evidence only; verify against JPN and context; auxiliary candidates only; JPN remains authoritative; verify against JPN text and context
5D904CFF,27,528,528,1,,page22:tag4:entity594:key00000053:ref528:ord0,高硬度ワイヤーで作られた糸鋸。,"ヒューイがスネークに託した、
ストレンジラブへの手紙。","ポータブルオーディオプレーヤー。
BGMを自由に変更できる。",,,,NOT_CHECKED,79,,NOT_STARTED,NOT_BUILT,NOT_TESTED,JPN_PRIMARY; MLG_CN_CONTEXT_AUXILIARY,mechanical template; resource_class=SLOT_OLANG; source_objects=1,Huey托付给Snake转交Strangelove的信。,"[""Huey托付给Snake转交Strangelove的信。""]","Huey's letter to Strangelove entrusted
to Snake.","[""Huey's letter to Strangelove entrusted\nto Snake.""]",AUX_CN_ATTACHED,exact_jpn_slot_page_tag_reference_index;validated_slot_olang_map_entity_identity,master status=AUX_CN_ATTACHED; mapping method=exact_jpn_slot_page_tag_reference_index;validated_slot_olang_map_entity_identity; candidate attached as auxiliary evidence only; verify against JPN and context; auxiliary candidates only; JPN remains authoritative; verify against JPN text and context
5D904CFF,28,529,529;530;531;533,4,,page22:tag4:entity593:key00000052:ref529:ord0;page22:tag4:entity592:key00000051:ref530:ord0;page22:tag4:entity591:key00000050:ref531:ord0;page22:tag4:entity590:key0000004F:ref533:ord0,"ヒューイがスネークに託した、
ストレンジラブへの手紙。","ポータブルオーディオプレーヤー。
BGMを自由に変更できる。","使うと気力を回復してくれる
フレグランス　ボディスプレー",,,,NOT_CHECKED,82,,NOT_STARTED,NOT_BUILT,NOT_TESTED,JPN_PRIMARY; MLG_CN_CONTEXT_AUXILIARY,mechanical template; resource_class=SLOT_OLANG; source_objects=4,便携式音频播放器。允许你更换背景音乐。,"[""便携式音频播放器。允许你更换背景音乐。""]","Portable audio player. Allows you to
change background music.","[""Portable audio player. Allows you to\nchange background music.""]",AUX_CN_ATTACHED,exact_jpn_slot_page_tag_reference_index;validated_slot_olang_map_entity_identity,master status=AUX_CN_ATTACHED; mapping method=exact_jpn_slot_page_tag_reference_index;validated_slot_olang_map_entity_identity; candidate attached as auxiliary evidence only; verify against JPN and context; auxiliary candidates only; JPN remains authoritative; verify against JPN text and context
5D904CFF,29,534,534,1,,page22:tag4:entity589:key0000004E:ref534:ord0,"ポータブルオーディオプレーヤー。
BGMを自由に変更できる。","使うと気力を回復してくれる
フレグランス　ボディスプレー",軍用バッテリー。,,,,NOT_CHECKED,82,,NOT_STARTED,NOT_BUILT,NOT_TESTED,JPN_PRIMARY; MLG_CN_CONTEXT_AUXILIARY,mechanical template; resource_class=SLOT_OLANG; source_objects=1,"芳香身体喷雾。
恢复精神值。","[""芳香身体喷雾。\n恢复精神值。""]","Fragrant body spray. 
Recovers PSYCHE.","[""Fragrant body spray. \nRecovers PSYCHE.""]",AUX_CN_ATTACHED,exact_jpn_slot_page_tag_reference_index;validated_slot_olang_map_entity_identity,master status=AUX_CN_ATTACHED; mapping method=exact_jpn_slot_page_tag_reference_index;validated_slot_olang_map_entity_identity; candidate attached as auxiliary evidence only; verify against JPN and context; auxiliary candidates only; JPN remains authoritative; verify against JPN text and context
5D904CFF,30,535,535;536;537;538;539,5,,page22:tag4:entity588:key0000004D:ref535:ord0;page22:tag4:entity587:key0000004C:ref536:ord0;page22:tag4:entity586:key0000004B:ref537:ord0;page22:tag4:entity585:key0000004A:ref538:ord0;page22:tag4:entity584:key00000049:ref539:ord0,"使うと気力を回復してくれる
フレグランス　ボディスプレー",軍用バッテリー。,"レトルトカレー。
体力（LIFE）を回復する。",,,,NOT_CHECKED,24,,NOT_STARTED,NOT_BUILT,NOT_TESTED,JPN_PRIMARY; MLG_CN_CONTEXT_AUXILIARY,mechanical template; resource_class=SLOT_OLANG; source_objects=5,军用电池。,"[""军用电池。""]",Military battery.,"[""Military battery.""]",AUX_CN_ATTACHED,exact_jpn_slot_page_tag_reference_index;validated_slot_olang_map_entity_identity,master status=AUX_CN_ATTACHED; mapping method=exact_jpn_slot_page_tag_reference_index;validated_slot_olang_map_entity_identity; candidate attached as auxiliary evidence only; verify against JPN and context; auxiliary candidates only; JPN remains authoritative; verify against JPN text and context
5D904CFF,31,540,540;541;542;544;545,5,,page22:tag4:entity583:key00000048:ref540:ord0;page22:tag4:entity582:key00000047:ref541:ord0;page22:tag4:entity581:key00000046:ref542:ord0;page22:tag4:entity580:key00000045:ref544:ord0;page22:tag4:entity579:key00000044:ref545:ord0,軍用バッテリー。,"レトルトカレー。
体力（LIFE）を回復する。",軍用携帯糧食。LIFEを回復する。,,,,NOT_CHECKED,59,,NOT_STARTED,NOT_BUILT,NOT_TESTED,JPN_PRIMARY; MLG_CN_CONTEXT_AUXILIARY,mechanical template; resource_class=SLOT_OLANG; source_objects=5,"即食咖喱。
恢复生命值。","[""即食咖喱。\n恢复生命值。""]","Curry, Ready-to-Eat.
Recovers LIFE.","[""Curry, Ready-to-Eat.\nRecovers LIFE.""]",AUX_CN_ATTACHED,exact_jpn_slot_page_tag_reference_index;validated_slot_olang_map_entity_identity,master status=AUX_CN_ATTACHED; mapping method=exact_jpn_slot_page_tag_reference_index;validated_slot_olang_map_entity_identity; candidate attached as auxiliary evidence only; verify against JPN and context; auxiliary candidates only; JPN remains authoritative; verify against JPN text and context
5D904CFF,32,546,546;547;548;549;550,5,,page22:tag4:entity578:key00000043:ref546:ord0;page22:tag4:entity577:key00000042:ref547:ord0;page22:tag4:entity576:key00000041:ref548:ord0;page22:tag4:entity575:key00000040:ref549:ord0;page22:tag4:entity574:key0000003F:ref550:ord0,"レトルトカレー。
体力（LIFE）を回復する。",軍用携帯糧食。LIFEを回復する。,（不要）,,,,NOT_CHECKED,43,,NOT_STARTED,NOT_BUILT,NOT_TESTED,JPN_PRIMARY; MLG_CN_CONTEXT_AUXILIARY,mechanical template; resource_class=SLOT_OLANG; source_objects=5,即食口粮。恢复生命值。,"[""即食口粮。恢复生命值。""]","Meal, Ready-to-Eat. Recovers LIFE.","[""Meal, Ready-to-Eat. Recovers LIFE.""]",AUX_CN_ATTACHED,exact_jpn_slot_page_tag_reference_index;validated_slot_olang_map_entity_identity,master status=AUX_CN_ATTACHED; mapping method=exact_jpn_slot_page_tag_reference_index;validated_slot_olang_map_entity_identity; candidate attached as auxiliary evidence only; verify against JPN and context; auxiliary candidates only; JPN remains authoritative; verify against JPN text and context
5D904CFF,33,568,568,1,,page22:tag4:entity1017:key000001FA:ref568:ord0,（不要）,"哨戒兵から奪ったIDカード。
ストレンジラブの研究施設に入るために使う。",ソ連製ライフル・機関銃用徹甲弾。,,,,NOT_CHECKED,102,,NOT_STARTED,NOT_BUILT,NOT_TESTED,JPN_PRIMARY; MLG_CN_CONTEXT_AUXILIARY,mechanical template; resource_class=SLOT_OLANG; source_objects=1,从巡逻兵那里偷来的ID卡。用于进入Strangelove的实验室。,"[""从巡逻兵那里偷来的ID卡。用于进入Strangelove的实验室。""]","ID card stolen from patrolman. Used for
entering Strangelove's lab.","[""ID card stolen from patrolman. Used for\nentering Strangelove's lab.""]",AUX_CN_ATTACHED,exact_jpn_slot_page_tag_reference_index;validated_slot_olang_map_entity_identity,master status=AUX_CN_ATTACHED; mapping method=exact_jpn_slot_page_tag_reference_index;validated_slot_olang_map_entity_identity; candidate attached as auxiliary evidence only; verify against JPN and context; auxiliary candidates only; JPN remains authoritative; verify against JPN text and context
5D904CFF,34,634,634,1,,page22:tag4:entity958:key000001BF:ref634:ord0,"哨戒兵から奪ったIDカード。
ストレンジラブの研究施設に入るために使う。",ソ連製ライフル・機関銃用徹甲弾。,アサルトライフル用徹甲弾。,,,,NOT_CHECKED,48,,NOT_STARTED,NOT_BUILT,NOT_TESTED,JPN_PRIMARY; MLG_CN_CONTEXT_AUXILIARY,mechanical template; resource_class=SLOT_OLANG; source_objects=1,破甲苏制步枪和机枪弹药。,"[""破甲苏制步枪和机枪弹药。""]","Armor-Piercing, Soviet rifle and machine 
gun ammo.","[""Armor-Piercing, Soviet rifle and machine \ngun ammo.""]",AUX_CN_ATTACHED,exact_jpn_slot_page_tag_reference_index;validated_slot_olang_map_entity_identity,master status=AUX_CN_ATTACHED; mapping method=exact_jpn_slot_page_tag_reference_index;validated_slot_olang_map_entity_identity; candidate attached as auxiliary evidence only; verify against JPN and context; auxiliary candidates only; JPN remains authoritative; verify against JPN text and context
5D904CFF,35,635,635,1,,page22:tag4:entity957:key000001BE:ref635:ord0,ソ連製ライフル・機関銃用徹甲弾。,アサルトライフル用徹甲弾。,（不要）,,,,NOT_CHECKED,39,,NOT_STARTED,NOT_BUILT,NOT_TESTED,JPN_PRIMARY; MLG_CN_CONTEXT_AUXILIARY,mechanical template; resource_class=SLOT_OLANG; source_objects=1,破甲突击步枪弹药。,"[""破甲突击步枪弹药。""]",Armor-Piercing assault rifle ammo.,"[""Armor-Piercing assault rifle ammo.""]",AUX_CN_ATTACHED,exact_jpn_slot_page_tag_reference_index;validated_slot_olang_map_entity_identity,master status=AUX_CN_ATTACHED; mapping method=exact_jpn_slot_page_tag_reference_index;validated_slot_olang_map_entity_identity; candidate attached as auxiliary evidence only; verify against JPN and context; auxiliary candidates only; JPN remains authoritative; verify against JPN text and context
5D904CFF,36,869,869,1,,page22:tag4:entity746:key000000EB:ref869:ord0,（不要）,"カールグスタフ用予備弾薬。
フルトン回収機能付き。",M202用予備ロケット弾。,,,,NOT_CHECKED,73,,NOT_STARTED,NOT_BUILT,NOT_TESTED,JPN_PRIMARY; MLG_CN_CONTEXT_AUXILIARY,mechanical template; resource_class=SLOT_OLANG; source_objects=1,带有富尔顿回收装置的卡尔·古斯塔夫炮弹。,"[""带有富尔顿回收装置的卡尔·古斯塔夫炮弹。""]","Carl Gustav rounds with Fulton recovery
device.","[""Carl Gustav rounds with Fulton recovery\ndevice.""]",AUX_CN_ATTACHED,exact_jpn_slot_page_tag_reference_index;validated_slot_olang_map_entity_identity,master status=AUX_CN_ATTACHED; mapping method=exact_jpn_slot_page_tag_reference_index;validated_slot_olang_map_entity_identity; candidate attached as auxiliary evidence only; verify against JPN and context; auxiliary candidates only; JPN remains authoritative; verify against JPN text and context
5D904CFF,37,870,870,1,,page22:tag4:entity745:key000000EA:ref870:ord0,"カールグスタフ用予備弾薬。
フルトン回収機能付き。",M202用予備ロケット弾。,LAW用予備ロケット弾。,,,,NOT_CHECKED,31,,NOT_STARTED,NOT_BUILT,NOT_TESTED,JPN_PRIMARY; MLG_CN_CONTEXT_AUXILIARY,mechanical template; resource_class=SLOT_OLANG; source_objects=1,M202火箭弹,"[""M202火箭弹""]",M202 rocket.,"[""M202 rocket.""]",AUX_CN_ATTACHED,exact_jpn_slot_page_tag_reference_index;validated_slot_olang_map_entity_identity,master status=AUX_CN_ATTACHED; mapping method=exact_jpn_slot_page_tag_reference_index;validated_slot_olang_map_entity_identity; candidate attached as auxiliary evidence only; verify against JPN and context; auxiliary candidates only; JPN remains authoritative; verify against JPN text and context
5D904CFF,38,871,871,1,,page22:tag4:entity744:key000000E9:ref871:ord0,M202用予備ロケット弾。,LAW用予備ロケット弾。,M47用予備ミサイル。,,,,NOT_CHECKED,30,,NOT_STARTED,NOT_BUILT,NOT_TESTED,JPN_PRIMARY; MLG_CN_CONTEXT_AUXILIARY,mechanical template; resource_class=SLOT_OLANG; source_objects=1,LAW火箭弹,"[""LAW火箭弹""]",LAW rocket.,"[""LAW rocket.""]",AUX_CN_ATTACHED,exact_jpn_slot_page_tag_reference_index;validated_slot_olang_map_entity_identity,master status=AUX_CN_ATTACHED; mapping method=exact_jpn_slot_page_tag_reference_index;validated_slot_olang_map_entity_identity; candidate attached as auxiliary evidence only; verify against JPN and context; auxiliary candidates only; JPN remains authoritative; verify against JPN text and context
5D904CFF,39,872,872,1,,page22:tag4:entity743:key000000E8:ref872:ord0,LAW用予備ロケット弾。,M47用予備ミサイル。,XFIM-92A用予備ミサイル。,,,,NOT_CHECKED,27,,NOT_STARTED,NOT_BUILT,NOT_TESTED,JPN_PRIMARY; MLG_CN_CONTEXT_AUXILIARY,mechanical template; resource_class=SLOT_OLANG; source_objects=1,M47导弹,"[""M47导弹""]",M47 missile.,"[""M47 missile.""]",AUX_CN_ATTACHED,exact_jpn_slot_page_tag_reference_index;validated_slot_olang_map_entity_identity,master status=AUX_CN_ATTACHED; mapping method=exact_jpn_slot_page_tag_reference_index;validated_slot_olang_map_entity_identity; candidate attached as auxiliary evidence only; verify against JPN and context; auxiliary candidates only; JPN remains authoritative; verify against JPN text and context
5D904CFF,40,873,873,1,,page22:tag4:entity742:key000000E7:ref873:ord0,M47用予備ミサイル。,XFIM-92A用予備ミサイル。,FIM-43用予備ミサイル。,,,,NOT_CHECKED,32,,NOT_STARTED,NOT_BUILT,NOT_TESTED,JPN_PRIMARY; MLG_CN_CONTEXT_AUXILIARY,mechanical template; resource_class=SLOT_OLANG; source_objects=1,XFIM-92A导弹,"[""XFIM-92A导弹""]",XFIM-92A missile.,"[""XFIM-92A missile.""]",AUX_CN_ATTACHED,exact_jpn_slot_page_tag_reference_index;validated_slot_olang_map_entity_identity,master status=AUX_CN_ATTACHED; mapping method=exact_jpn_slot_page_tag_reference_index;validated_slot_olang_map_entity_identity; candidate attached as auxiliary evidence only; verify against JPN and context; auxiliary candidates only; JPN remains authoritative; verify against JPN text and context
5D904CFF,41,874,874,1,,page22:tag4:entity741:key000000E6:ref874:ord0,XFIM-92A用予備ミサイル。,FIM-43用予備ミサイル。,（不要）,,,,NOT_CHECKED,30,,NOT_STARTED,NOT_BUILT,NOT_TESTED,JPN_PRIMARY; MLG_CN_CONTEXT_AUXILIARY,mechanical template; resource_class=SLOT_OLANG; source_objects=1,FIM-43导弹,"[""FIM-43导弹""]",FIM-43 missile.,"[""FIM-43 missile.""]",AUX_CN_ATTACHED,exact_jpn_slot_page_tag_reference_index;validated_slot_olang_map_entity_identity,master status=AUX_CN_ATTACHED; mapping method=exact_jpn_slot_page_tag_reference_index;validated_slot_olang_map_entity_identity; candidate attached as auxiliary evidence only; verify against JPN and context; auxiliary candidates only; JPN remains authoritative; verify against JPN text and context
5D904CFF,42,877,877,1,,page22:tag4:entity739:key000000E4:ref877:ord0,（不要）,"カールグスタフ用予備弾薬。
多目的榴弾。",カールグスタフ用予備弾薬。,,,,NOT_CHECKED,58,,NOT_STARTED,NOT_BUILT,NOT_TESTED,JPN_PRIMARY; MLG_CN_CONTEXT_AUXILIARY,mechanical template; resource_class=SLOT_OLANG; source_objects=1,多功能卡尔·古斯塔夫破甲弹。,"[""多功能卡尔·古斯塔夫破甲弹。""]",Multipurpose Carl Gustav HEAT round.,"[""Multipurpose Carl Gustav HEAT round.""]",AUX_CN_ATTACHED,exact_jpn_slot_page_tag_reference_index;validated_slot_olang_map_entity_identity,master status=AUX_CN_ATTACHED; mapping method=exact_jpn_slot_page_tag_reference_index;validated_slot_olang_map_entity_identity; candidate attached as auxiliary evidence only; verify against JPN and context; auxiliary candidates only; JPN remains authoritative; verify against JPN text and context
5D904CFF,43,878,878,1,,page22:tag4:entity738:key000000E3:ref878:ord0,"カールグスタフ用予備弾薬。
多目的榴弾。",カールグスタフ用予備弾薬。,RPG7用予備グレネード。,,,,NOT_CHECKED,39,,NOT_STARTED,NOT_BUILT,NOT_TESTED,JPN_PRIMARY; MLG_CN_CONTEXT_AUXILIARY,mechanical template; resource_class=SLOT_OLANG; source_objects=1,卡尔·古斯塔夫弹药。,"[""卡尔·古斯塔夫弹药。""]",Carl Gustav rounds.,"[""Carl Gustav rounds.""]",AUX_CN_ATTACHED,exact_jpn_slot_page_tag_reference_index;validated_slot_olang_map_entity_identity,master status=AUX_CN_ATTACHED; mapping method=exact_jpn_slot_page_tag_reference_index;validated_slot_olang_map_entity_identity; candidate attached as auxiliary evidence only; verify against JPN and context; auxiliary candidates only; JPN remains authoritative; verify against JPN text and context
5D904CFF,44,879,879,1,,page22:tag4:entity737:key000000E2:ref879:ord0,カールグスタフ用予備弾薬。,RPG7用予備グレネード。,RPG2用予備グレネード。,,,,NOT_CHECKED,31,,NOT_STARTED,NOT_BUILT,NOT_TESTED,JPN_PRIMARY; MLG_CN_CONTEXT_AUXILIARY,mechanical template; resource_class=SLOT_OLANG; source_objects=1,RPG7榴弹,"[""RPG7榴弹""]",RPG7 grenade.,"[""RPG7 grenade.""]",AUX_CN_ATTACHED,exact_jpn_slot_page_tag_reference_index;validated_slot_olang_map_entity_identity,master status=AUX_CN_ATTACHED; mapping method=exact_jpn_slot_page_tag_reference_index;validated_slot_olang_map_entity_identity; candidate attached as auxiliary evidence only; verify against JPN and context; auxiliary candidates only; JPN remains authoritative; verify against JPN text and context
5D904CFF,45,880,880,1,,page22:tag4:entity736:key000000E1:ref880:ord0,RPG7用予備グレネード。,RPG2用予備グレネード。,『レールガン。』用飛翔体。,,,,NOT_CHECKED,31,,NOT_STARTED,NOT_BUILT,NOT_TESTED,JPN_PRIMARY; MLG_CN_CONTEXT_AUXILIARY,mechanical template; resource_class=SLOT_OLANG; source_objects=1,RPG2榴弹,"[""RPG2榴弹""]",RPG2 grenade.,"[""RPG2 grenade.""]",AUX_CN_ATTACHED,exact_jpn_slot_page_tag_reference_index;validated_slot_olang_map_entity_identity,master status=AUX_CN_ATTACHED; mapping method=exact_jpn_slot_page_tag_reference_index;validated_slot_olang_map_entity_identity; candidate attached as auxiliary evidence only; verify against JPN and context; auxiliary candidates only; JPN remains authoritative; verify against JPN text and context
5D904CFF,46,881,881,1,,page22:tag4:entity735:key000000E0:ref881:ord0,RPG2用予備グレネード。,『レールガン。』用飛翔体。,ライフル・機関銃用徹甲弾。,,,,NOT_CHECKED,39,,NOT_STARTED,NOT_BUILT,NOT_TESTED,JPN_PRIMARY; MLG_CN_CONTEXT_AUXILIARY,mechanical template; resource_class=SLOT_OLANG; source_objects=1,轨道炮弹药,"[""轨道炮弹药""]",Railgun ammo.,"[""Railgun ammo.""]",AUX_CN_ATTACHED,exact_jpn_slot_page_tag_reference_index;validated_slot_olang_map_entity_identity,master status=AUX_CN_ATTACHED; mapping method=exact_jpn_slot_page_tag_reference_index;validated_slot_olang_map_entity_identity; candidate attached as auxiliary evidence only; verify against JPN and context; auxiliary candidates only; JPN remains authoritative; verify against JPN text and context
5D904CFF,47,882,882,1,,page22:tag4:entity734:key000000DF:ref882:ord0,『レールガン。』用飛翔体。,ライフル・機関銃用徹甲弾。,"ライフル用麻酔弾。
非殺傷弾薬。",,,,NOT_CHECKED,39,,NOT_STARTED,NOT_BUILT,NOT_TESTED,JPN_PRIMARY; MLG_CN_CONTEXT_AUXILIARY,mechanical template; resource_class=SLOT_OLANG; source_objects=1,破甲步枪和机枪弹。,"[""破甲步枪和机枪弹。""]","Armor-Piercing rifle and machine gun
round.","[""Armor-Piercing rifle and machine gun\nround.""]",AUX_CN_ATTACHED,exact_jpn_slot_page_tag_reference_index;validated_slot_olang_map_entity_identity,master status=AUX_CN_ATTACHED; mapping method=exact_jpn_slot_page_tag_reference_index;validated_slot_olang_map_entity_identity; candidate attached as auxiliary evidence only; verify against JPN and context; auxiliary candidates only; JPN remains authoritative; verify against JPN text and context
5D904CFF,48,883,883,1,,page22:tag4:entity733:key000000DE:ref883:ord0,ライフル・機関銃用徹甲弾。,"ライフル用麻酔弾。
非殺傷弾薬。",火縄銃用の鉛玉。,,,,NOT_CHECKED,46,,NOT_STARTED,NOT_BUILT,NOT_TESTED,JPN_PRIMARY; MLG_CN_CONTEXT_AUXILIARY,mechanical template; resource_class=SLOT_OLANG; source_objects=1,麻醉步枪弹。非致命。,"[""麻醉步枪弹。非致命。""]",Anesthetic rifle round. Non-lethal.,"[""Anesthetic rifle round. Non-lethal.""]",AUX_CN_ATTACHED,exact_jpn_slot_page_tag_reference_index;validated_slot_olang_map_entity_identity,master status=AUX_CN_ATTACHED; mapping method=exact_jpn_slot_page_tag_reference_index;validated_slot_olang_map_entity_identity; candidate attached as auxiliary evidence only; verify against JPN and context; auxiliary candidates only; JPN remains authoritative; verify against JPN text and context
5D904CFF,49,884,884,1,,page22:tag4:entity732:key000000DD:ref884:ord0,"ライフル用麻酔弾。
非殺傷弾薬。",火縄銃用の鉛玉。,支援補給マーカー（射出型）,,,,NOT_CHECKED,24,,NOT_STARTED,NOT_BUILT,NOT_TESTED,JPN_PRIMARY; MLG_CN_CONTEXT_AUXILIARY,mechanical template; resource_class=SLOT_OLANG; source_objects=1,火枪铅弹。,"[""火枪铅弹。""]",Lead ball for a musket.,"[""Lead ball for a musket.""]",AUX_CN_ATTACHED,exact_jpn_slot_page_tag_reference_index;validated_slot_olang_map_entity_identity,master status=AUX_CN_ATTACHED; mapping method=exact_jpn_slot_page_tag_reference_index;validated_slot_olang_map_entity_identity; candidate attached as auxiliary evidence only; verify against JPN and context; auxiliary candidates only; JPN remains authoritative; verify against JPN text and context
5D904CFF,50,885,885,1,,page22:tag4:entity731:key000000DC:ref885:ord0,火縄銃用の鉛玉。,支援補給マーカー（射出型）,支援砲撃マーカー（射出型）,,,,NOT_CHECKED,39,,NOT_STARTED,NOT_BUILT,NOT_TESTED,JPN_PRIMARY; MLG_CN_CONTEXT_AUXILIARY,mechanical template; resource_class=SLOT_OLANG; source_objects=1,支援补给信标。（已发射）,"[""支援补给信标。（已发射）""]",Support supply marker. (Fired),"[""Support supply marker. (Fired)""]",AUX_CN_ATTACHED,exact_jpn_slot_page_tag_reference_index;validated_slot_olang_map_entity_identity,master status=AUX_CN_ATTACHED; mapping method=exact_jpn_slot_page_tag_reference_index;validated_slot_olang_map_entity_identity; candidate attached as auxiliary evidence only; verify against JPN and context; auxiliary candidates only; JPN remains authoritative; verify against JPN text and context
5D904CFF,51,887,887,1,,page22:tag4:entity730:key000000DB:ref887:ord0,支援補給マーカー（射出型）,支援砲撃マーカー（射出型）,"ソ連製グレネードランチャー用発煙弾。
非殺傷弾薬。",,,,NOT_CHECKED,39,,NOT_STARTED,NOT_BUILT,NOT_TESTED,JPN_PRIMARY; MLG_CN_CONTEXT_AUXILIARY,mechanical template; resource_class=SLOT_OLANG; source_objects=1,支援打击信标。（已发射）,"[""支援打击信标。（已发射）""]",Support strike marker. (Fired),"[""Support strike marker. (Fired)""]",AUX_CN_ATTACHED,exact_jpn_slot_page_tag_reference_index;validated_slot_olang_map_entity_identity,master status=AUX_CN_ATTACHED; mapping method=exact_jpn_slot_page_tag_reference_index;validated_slot_olang_map_entity_identity; candidate attached as auxiliary evidence only; verify against JPN and context; auxiliary candidates only; JPN remains authoritative; verify against JPN text and context
5D904CFF,52,888,888,1,,page22:tag4:entity729:key000000DA:ref888:ord0,支援砲撃マーカー（射出型）,"ソ連製グレネードランチャー用発煙弾。
非殺傷弾薬。","グレネードランチャー用発煙弾。
非殺傷弾薬。",,,,NOT_CHECKED,73,,NOT_STARTED,NOT_BUILT,NOT_TESTED,JPN_PRIMARY; MLG_CN_CONTEXT_AUXILIARY,mechanical template; resource_class=SLOT_OLANG; source_objects=1,苏制榴弹发射器烟雾弹。非致命。,"[""苏制榴弹发射器烟雾弹。非致命。""]","Soviet grenade launcher smoke rounds.
Non-lethal.","[""Soviet grenade launcher smoke rounds.\nNon-lethal.""]",AUX_CN_ATTACHED,exact_jpn_slot_page_tag_reference_index;validated_slot_olang_map_entity_identity,master status=AUX_CN_ATTACHED; mapping method=exact_jpn_slot_page_tag_reference_index;validated_slot_olang_map_entity_identity; candidate attached as auxiliary evidence only; verify against JPN and context; auxiliary candidates only; JPN remains authoritative; verify against JPN text and context
5D904CFF,53,889,889,1,,page22:tag4:entity728:key000000D9:ref889:ord0,"ソ連製グレネードランチャー用発煙弾。
非殺傷弾薬。","グレネードランチャー用発煙弾。
非殺傷弾薬。","ショットガン用ゴム弾。
非殺傷弾薬。",,,,NOT_CHECKED,64,,NOT_STARTED,NOT_BUILT,NOT_TESTED,JPN_PRIMARY; MLG_CN_CONTEXT_AUXILIARY,mechanical template; resource_class=SLOT_OLANG; source_objects=1,榴弹发射器烟雾弹。非致命。,"[""榴弹发射器烟雾弹。非致命。""]","Grenade launcher smoke rounds.
Non-lethal.","[""Grenade launcher smoke rounds.\nNon-lethal.""]",AUX_CN_ATTACHED,exact_jpn_slot_page_tag_reference_index;validated_slot_olang_map_entity_identity,master status=AUX_CN_ATTACHED; mapping method=exact_jpn_slot_page_tag_reference_index;validated_slot_olang_map_entity_identity; candidate attached as auxiliary evidence only; verify against JPN and context; auxiliary candidates only; JPN remains authoritative; verify against JPN text and context
5D904CFF,54,890,890,1,,page22:tag4:entity727:key000000D8:ref890:ord0,"グレネードランチャー用発煙弾。
非殺傷弾薬。","ショットガン用ゴム弾。
非殺傷弾薬。","中南米でよく飲まれているお茶。
気力を回復する。",,,,NOT_CHECKED,52,,NOT_STARTED,NOT_BUILT,NOT_TESTED,JPN_PRIMARY; MLG_CN_CONTEXT_AUXILIARY,mechanical template; resource_class=SLOT_OLANG; source_objects=1,橡胶霰弹枪弹。非致命。,"[""橡胶霰弹枪弹。非致命。""]",Rubber shotgun rounds. Non-lethal.,"[""Rubber shotgun rounds. Non-lethal.""]",AUX_CN_ATTACHED,exact_jpn_slot_page_tag_reference_index;validated_slot_olang_map_entity_identity,master status=AUX_CN_ATTACHED; mapping method=exact_jpn_slot_page_tag_reference_index;validated_slot_olang_map_entity_identity; candidate attached as auxiliary evidence only; verify against JPN and context; auxiliary candidates only; JPN remains authoritative; verify against JPN text and context
5D904CFF,55,891,891;892;893;894;895,5,,page22:tag4:entity726:key000000D7:ref891:ord0;page22:tag4:entity725:key000000D6:ref892:ord0;page22:tag4:entity724:key000000D5:ref893:ord0;page22:tag4:entity723:key000000D4:ref894:ord0;page22:tag4:entity722:key000000D3:ref895:ord0,"ショットガン用ゴム弾。
非殺傷弾薬。","中南米でよく飲まれているお茶。
気力を回復する。",焦げたレーション。おいしそうには見えない…。,,,,NOT_CHECKED,70,,NOT_STARTED,NOT_BUILT,NOT_TESTED,JPN_PRIMARY; MLG_CN_CONTEXT_AUXILIARY,mechanical template; resource_class=SLOT_OLANG; source_objects=5,"拉丁美洲流行的茶。恢复
精神值。","[""拉丁美洲流行的茶。恢复\n精神值。""]","Tea popular in Latin America. Recovers
PSYCHE.","[""Tea popular in Latin America. Recovers\nPSYCHE.""]",AUX_CN_ATTACHED,exact_jpn_slot_page_tag_reference_index;validated_slot_olang_map_entity_identity,master status=AUX_CN_ATTACHED; mapping method=exact_jpn_slot_page_tag_reference_index;validated_slot_olang_map_entity_identity; candidate attached as auxiliary evidence only; verify against JPN and context; auxiliary candidates only; JPN remains authoritative; verify against JPN text and context
5D904CFF,56,896,896;898;899;900;901,5,,page22:tag4:entity721:key000000D2:ref896:ord0;page22:tag4:entity720:key000000D1:ref898:ord0;page22:tag4:entity719:key000000D0:ref899:ord0;page22:tag4:entity718:key000000CF:ref900:ord0;page22:tag4:entity717:key000000CE:ref901:ord0,"中南米でよく飲まれているお茶。
気力を回復する。",焦げたレーション。おいしそうには見えない…。,よく火の通ったレーション。とてもおいしそう。,,,,NOT_CHECKED,66,,NOT_STARTED,NOT_BUILT,NOT_TESTED,JPN_PRIMARY; MLG_CN_CONTEXT_AUXILIARY,mechanical template; resource_class=SLOT_OLANG; source_objects=5,烧焦的口粮。看起来不怎么样。,"[""烧焦的口粮。看起来不怎么样。""]","Burnt ration. Doesn't look that
great.","[""Burnt ration. Doesn't look that\ngreat.""]",AUX_CN_ATTACHED,exact_jpn_slot_page_tag_reference_index;validated_slot_olang_map_entity_identity,master status=AUX_CN_ATTACHED; mapping method=exact_jpn_slot_page_tag_reference_index;validated_slot_olang_map_entity_identity; candidate attached as auxiliary evidence only; verify against JPN and context; auxiliary candidates only; JPN remains authoritative; verify against JPN text and context
5D904CFF,57,902,902;903;904;905;906,5,,page22:tag4:entity716:key000000CD:ref902:ord0;page22:tag4:entity715:key000000CC:ref903:ord0;page22:tag4:entity714:key000000CB:ref904:ord0;page22:tag4:entity713:key000000CA:ref905:ord0;page22:tag4:entity712:key000000C9:ref906:ord0,焦げたレーション。おいしそうには見えない…。,よく火の通ったレーション。とてもおいしそう。,生焼けのレーション。かなり気持ち悪い…。,,,,NOT_CHECKED,66,,NOT_STARTED,NOT_BUILT,NOT_TESTED,JPN_PRIMARY; MLG_CN_CONTEXT_AUXILIARY,mechanical template; resource_class=SLOT_OLANG; source_objects=5,"彻底煮熟的口粮。看起来
很美味。","[""彻底煮熟的口粮。看起来\n很美味。""]","Thoroughly cooked ration. Looks
delicious.","[""Thoroughly cooked ration. Looks\ndelicious.""]",AUX_CN_ATTACHED,exact_jpn_slot_page_tag_reference_index;validated_slot_olang_map_entity_identity,master status=AUX_CN_ATTACHED; mapping method=exact_jpn_slot_page_tag_reference_index;validated_slot_olang_map_entity_identity; candidate attached as auxiliary evidence only; verify against JPN and context; auxiliary candidates only; JPN remains authoritative; verify against JPN text and context
5D904CFF,58,907,907;910;911;912;913,5,,page22:tag4:entity711:key000000C8:ref907:ord0;page22:tag4:entity710:key000000C7:ref910:ord0;page22:tag4:entity709:key000000C6:ref911:ord0;page22:tag4:entity708:key000000C5:ref912:ord0;page22:tag4:entity707:key000000C4:ref913:ord0,よく火の通ったレーション。とてもおいしそう。,生焼けのレーション。かなり気持ち悪い…。,救急救命効果のあるダンボール箱。,,,,NOT_CHECKED,60,,NOT_STARTED,NOT_BUILT,NOT_TESTED,JPN_PRIMARY; MLG_CN_CONTEXT_AUXILIARY,mechanical template; resource_class=SLOT_OLANG; source_objects=5,"未煮熟的口粮。看起来相当
恶心。","[""未煮熟的口粮。看起来相当\n恶心。""]","Undercooked ration. Looks quite
disgusting.","[""Undercooked ration. Looks quite\ndisgusting.""]",AUX_CN_ATTACHED,exact_jpn_slot_page_tag_reference_index;validated_slot_olang_map_entity_identity,master status=AUX_CN_ATTACHED; mapping method=exact_jpn_slot_page_tag_reference_index;validated_slot_olang_map_entity_identity; candidate attached as auxiliary evidence only; verify against JPN and context; auxiliary candidates only; JPN remains authoritative; verify against JPN text and context
5D904CFF,59,914,914;915;916;917;918,5,,page22:tag4:entity706:key000000C3:ref914:ord0;page22:tag4:entity705:key000000C2:ref915:ord0;page22:tag4:entity704:key000000C1:ref916:ord0;page22:tag4:entity703:key000000C0:ref917:ord0;page22:tag4:entity702:key000000BF:ref918:ord0,生焼けのレーション。かなり気持ち悪い…。,救急救命効果のあるダンボール箱。,"枯れ草で作られた箱。
特殊な効果がある。",,,,NOT_CHECKED,48,,NOT_STARTED,NOT_BUILT,NOT_TESTED,JPN_PRIMARY; MLG_CN_CONTEXT_AUXILIARY,mechanical template; resource_class=SLOT_OLANG; source_objects=5,具有急救效果的纸箱。,"[""具有急救效果的纸箱。""]",Cardboard box with first-aid effects.,"[""Cardboard box with first-aid effects.""]",AUX_CN_ATTACHED,exact_jpn_slot_page_tag_reference_index;validated_slot_olang_map_entity_identity,master status=AUX_CN_ATTACHED; mapping method=exact_jpn_slot_page_tag_reference_index;validated_slot_olang_map_entity_identity; candidate attached as auxiliary evidence only; verify against JPN and context; auxiliary candidates only; JPN remains authoritative; verify against JPN text and context
5D904CFF,60,919,919,1,,page22:tag4:entity701:key000000BE:ref919:ord0,救急救命効果のあるダンボール箱。,"枯れ草で作られた箱。
特殊な効果がある。",ここにいてはいけない…,,,,NOT_CHECKED,58,,NOT_STARTED,NOT_BUILT,NOT_TESTED,JPN_PRIMARY; MLG_CN_CONTEXT_AUXILIARY,mechanical template; resource_class=SLOT_OLANG; source_objects=1,"用稻草制成的纸箱。
拥有特殊的力量。","[""用稻草制成的纸箱。\n拥有特殊的力量。""]","Cardboard box made of straw.
Possesses a special power.","[""Cardboard box made of straw.\nPossesses a special power.""]",AUX_CN_ATTACHED,exact_jpn_slot_page_tag_reference_index;validated_slot_olang_map_entity_identity,master status=AUX_CN_ATTACHED; mapping method=exact_jpn_slot_page_tag_reference_index;validated_slot_olang_map_entity_identity; candidate attached as auxiliary evidence only; verify against JPN and context; auxiliary candidates only; JPN remains authoritative; verify against JPN text and context
5D904CFF,61,921,921,1,,page22:tag4:entity700:key000000BD:ref921:ord0,"枯れ草で作られた箱。
特殊な効果がある。",ここにいてはいけない…,"発煙効果のある爆破機能を持った
ダンボール箱。",,,,NOT_CHECKED,33,,NOT_STARTED,NOT_BUILT,NOT_TESTED,JPN_PRIMARY; MLG_CN_CONTEXT_AUXILIARY,mechanical template; resource_class=SLOT_OLANG; source_objects=1,（不使用）不该待在这里……,"[""（不使用）不该待在这里……""]",（不要）ここにいてはいけない…,"[""（不要）ここにいてはいけない…""]",AUX_CN_ATTACHED,exact_jpn_slot_page_tag_reference_index;validated_slot_olang_map_entity_identity,master status=AUX_CN_ATTACHED; mapping method=exact_jpn_slot_page_tag_reference_index;validated_slot_olang_map_entity_identity; candidate attached as auxiliary evidence only; verify against JPN and context; auxiliary candidates only; JPN remains authoritative; verify against JPN text and context
5D904CFF,62,922,922;923;924;925,4,,page22:tag4:entity699:key000000BC:ref922:ord0;page22:tag4:entity698:key000000BB:ref923:ord0;page22:tag4:entity697:key000000BA:ref924:ord0;page22:tag4:entity696:key000000B9:ref925:ord0,ここにいてはいけない…,"発煙効果のある爆破機能を持った
ダンボール箱。","スタン効果のある爆破機能を持った
ダンボール箱。",,,,NOT_CHECKED,67,,NOT_STARTED,NOT_BUILT,NOT_TESTED,JPN_PRIMARY; MLG_CN_CONTEXT_AUXILIARY,mechanical template; resource_class=SLOT_OLANG; source_objects=4,装有会释放烟雾的爆炸装置的纸箱。,"[""装有会释放烟雾的爆炸装置的纸箱。""]","Cardboard box with explosive device
that releases smoke.","[""Cardboard box with explosive device\nthat releases smoke.""]",AUX_CN_ATTACHED,exact_jpn_slot_page_tag_reference_index;validated_slot_olang_map_entity_identity,master status=AUX_CN_ATTACHED; mapping method=exact_jpn_slot_page_tag_reference_index;validated_slot_olang_map_entity_identity; candidate attached as auxiliary evidence only; verify against JPN and context; auxiliary candidates only; JPN remains authoritative; verify against JPN text and context
5D904CFF,63,926,926;927;928;929,4,,page22:tag4:entity695:key000000B8:ref926:ord0;page22:tag4:entity694:key000000B7:ref927:ord0;page22:tag4:entity693:key000000B6:ref928:ord0;page22:tag4:entity692:key000000B5:ref929:ord0,"発煙効果のある爆破機能を持った
ダンボール箱。","スタン効果のある爆破機能を持った
ダンボール箱。",爆破機能を持ったダンボール箱。,,,,NOT_CHECKED,70,,NOT_STARTED,NOT_BUILT,NOT_TESTED,JPN_PRIMARY; MLG_CN_CONTEXT_AUXILIARY,mechanical template; resource_class=SLOT_OLANG; source_objects=4,"装有爆炸装置的纸箱，
带有眩晕效果。","[""装有爆炸装置的纸箱，\n带有眩晕效果。""]","Cardboard box with explosive device
that has a stun effect.","[""Cardboard box with explosive device\nthat has a stun effect.""]",AUX_CN_ATTACHED,exact_jpn_slot_page_tag_reference_index;validated_slot_olang_map_entity_identity,master status=AUX_CN_ATTACHED; mapping method=exact_jpn_slot_page_tag_reference_index;validated_slot_olang_map_entity_identity; candidate attached as auxiliary evidence only; verify against JPN and context; auxiliary candidates only; JPN remains authoritative; verify against JPN text and context
5D904CFF,64,930,930;932;933;934;935,5,,page22:tag4:entity691:key000000B4:ref930:ord0;page22:tag4:entity690:key000000B3:ref932:ord0;page22:tag4:entity689:key000000B2:ref933:ord0;page22:tag4:entity688:key000000B1:ref934:ord0;page22:tag4:entity687:key000000B0:ref935:ord0,"スタン効果のある爆破機能を持った
ダンボール箱。",爆破機能を持ったダンボール箱。,"おいしいトルティアチップス。
LIFEを回復する。",,,,NOT_CHECKED,45,,NOT_STARTED,NOT_BUILT,NOT_TESTED,JPN_PRIMARY; MLG_CN_CONTEXT_AUXILIARY,mechanical template; resource_class=SLOT_OLANG; source_objects=5,装有引爆装置的纸箱。,"[""装有引爆装置的纸箱。""]",Cardboard box with detonation device.,"[""Cardboard box with detonation device.""]",AUX_CN_ATTACHED,exact_jpn_slot_page_tag_reference_index;validated_slot_olang_map_entity_identity,master status=AUX_CN_ATTACHED; mapping method=exact_jpn_slot_page_tag_reference_index;validated_slot_olang_map_entity_identity; candidate attached as auxiliary evidence only; verify against JPN and context; auxiliary candidates only; JPN remains authoritative; verify against JPN text and context
5D904CFF,65,936,936,1,,page22:tag4:entity686:key000000AF:ref936:ord0,爆破機能を持ったダンボール箱。,"おいしいトルティアチップス。
LIFEを回復する。","ゼロカロリーでおいしいを追求したコーラ。
キレのある味わいと強い刺激でリフレッシュ。",,,,NOT_CHECKED,65,,NOT_STARTED,NOT_BUILT,NOT_TESTED,JPN_PRIMARY; MLG_CN_CONTEXT_AUXILIARY,mechanical template; resource_class=SLOT_OLANG; source_objects=1,"美味的墨西哥玉米片。
恢复生命值。","[""美味的墨西哥玉米片。\n恢复生命值。""]","Tasty tortilla chips. 
Recovers LIFE.","[""Tasty tortilla chips. \nRecovers LIFE.""]",AUX_CN_ATTACHED,exact_jpn_slot_page_tag_reference_index;validated_slot_olang_map_entity_identity,master status=AUX_CN_ATTACHED; mapping method=exact_jpn_slot_page_tag_reference_index;validated_slot_olang_map_entity_identity; candidate attached as auxiliary evidence only; verify against JPN and context; auxiliary candidates only; JPN remains authoritative; verify against JPN text and context
5D904CFF,66,937,937,1,,page22:tag4:entity685:key000000AE:ref937:ord0,"おいしいトルティアチップス。
LIFEを回復する。","ゼロカロリーでおいしいを追求したコーラ。
キレのある味わいと強い刺激でリフレッシュ。","クセになる柑橘系の味わいの炭酸飲料。
ゴクゴク飲める心地よい刺激が渇きを癒す。",,,,NOT_CHECKED,124,,NOT_STARTED,NOT_BUILT,NOT_TESTED,JPN_PRIMARY; MLG_CN_CONTEXT_AUXILIARY,mechanical template; resource_class=SLOT_OLANG; source_objects=1,"零卡路里碳酸饮料。
带来强烈的清爽感。","[""零卡路里碳酸饮料。\n带来强烈的清爽感。""]","Zero-calorie carbonated soft drink. 
Provides intense refreshment.","[""Zero-calorie carbonated soft drink. \nProvides intense refreshment.""]",AUX_CN_ATTACHED,exact_jpn_slot_page_tag_reference_index;validated_slot_olang_map_entity_identity,master status=AUX_CN_ATTACHED; mapping method=exact_jpn_slot_page_tag_reference_index;validated_slot_olang_map_entity_identity; candidate attached as auxiliary evidence only; verify against JPN and context; auxiliary candidates only; JPN remains authoritative; verify against JPN text and context
5D904CFF,67,938,938,1,,page22:tag4:entity684:key000000AD:ref938:ord0,"ゼロカロリーでおいしいを追求したコーラ。
キレのある味わいと強い刺激でリフレッシュ。","クセになる柑橘系の味わいの炭酸飲料。
ゴクゴク飲める心地よい刺激が渇きを癒す。",音源位置表示センサー。,,,,NOT_CHECKED,115,,NOT_STARTED,NOT_BUILT,NOT_TESTED,JPN_PRIMARY; MLG_CN_CONTEXT_AUXILIARY,mechanical template; resource_class=SLOT_OLANG; source_objects=1,"柑橘味碳酸饮料。
非常清爽。","[""柑橘味碳酸饮料。\n非常清爽。""]","Citrus-flavored carbonated soft drink. 
Highly refreshing.","[""Citrus-flavored carbonated soft drink. \nHighly refreshing.""]",AUX_CN_ATTACHED,exact_jpn_slot_page_tag_reference_index;validated_slot_olang_map_entity_identity,master status=AUX_CN_ATTACHED; mapping method=exact_jpn_slot_page_tag_reference_index;validated_slot_olang_map_entity_identity; candidate attached as auxiliary evidence only; verify against JPN and context; auxiliary candidates only; JPN remains authoritative; verify against JPN text and context
5D904CFF,68,939,939;940;941;943;944,5,,page22:tag4:entity683:key000000AC:ref939:ord0;page22:tag4:entity682:key000000AB:ref940:ord0;page22:tag4:entity681:key000000AA:ref941:ord0;page22:tag4:entity680:key000000A9:ref943:ord0;page22:tag4:entity679:key000000A8:ref944:ord0,"クセになる柑橘系の味わいの炭酸飲料。
ゴクゴク飲める心地よい刺激が渇きを癒す。",音源位置表示センサー。,高性能全方位監視レーダー。,,,,NOT_CHECKED,33,,NOT_STARTED,NOT_BUILT,NOT_TESTED,JPN_PRIMARY; MLG_CN_CONTEXT_AUXILIARY,mechanical template; resource_class=SLOT_OLANG; source_objects=5,声源显示传感器。,"[""声源显示传感器。""]",Sound source display sensor.,"[""Sound source display sensor.""]",AUX_CN_ATTACHED,exact_jpn_slot_page_tag_reference_index;validated_slot_olang_map_entity_identity,master status=AUX_CN_ATTACHED; mapping method=exact_jpn_slot_page_tag_reference_index;validated_slot_olang_map_entity_identity; candidate attached as auxiliary evidence only; verify against JPN and context; auxiliary candidates only; JPN remains authoritative; verify against JPN text and context
5D904CFF,69,945,945;946;947;948;949,5,,page22:tag4:entity678:key000000A7:ref945:ord0;page22:tag4:entity677:key000000A6:ref946:ord0;page22:tag4:entity676:key000000A5:ref947:ord0;page22:tag4:entity675:key000000A4:ref948:ord0;page22:tag4:entity674:key000000A3:ref949:ord0,音源位置表示センサー。,高性能全方位監視レーダー。,全方位音響視覚化センサー。,,,,NOT_CHECKED,39,,NOT_STARTED,NOT_BUILT,NOT_TESTED,JPN_PRIMARY; MLG_CN_CONTEXT_AUXILIARY,mechanical template; resource_class=SLOT_OLANG; source_objects=5,"大功率全方位监视
雷达。","[""大功率全方位监视\n雷达。""]","High-power omnidirectional surveillance
radar.","[""High-power omnidirectional surveillance\nradar.""]",AUX_CN_ATTACHED,exact_jpn_slot_page_tag_reference_index;validated_slot_olang_map_entity_identity,master status=AUX_CN_ATTACHED; mapping method=exact_jpn_slot_page_tag_reference_index;validated_slot_olang_map_entity_identity; candidate attached as auxiliary evidence only; verify against JPN and context; auxiliary candidates only; JPN remains authoritative; verify against JPN text and context
5D904CFF,70,950,950;951,2,,page22:tag4:entity673:key000000A2:ref950:ord0;page22:tag4:entity672:key000000A1:ref951:ord0,高性能全方位監視レーダー。,全方位音響視覚化センサー。,"撃ち込むと相手を気絶させる
特殊弾薬。",,,,NOT_CHECKED,39,,NOT_STARTED,NOT_BUILT,NOT_TESTED,JPN_PRIMARY; MLG_CN_CONTEXT_AUXILIARY,mechanical template; resource_class=SLOT_OLANG; source_objects=2,"全方位声学可视化
传感器。","[""全方位声学可视化\n传感器。""]","Omnidirectional acoustic visualization
sensor.","[""Omnidirectional acoustic visualization\nsensor.""]",AUX_CN_ATTACHED,exact_jpn_slot_page_tag_reference_index;validated_slot_olang_map_entity_identity,master status=AUX_CN_ATTACHED; mapping method=exact_jpn_slot_page_tag_reference_index;validated_slot_olang_map_entity_identity; candidate attached as auxiliary evidence only; verify against JPN and context; auxiliary candidates only; JPN remains authoritative; verify against JPN text and context
5D904CFF,71,952,952,1,,page22:tag4:entity671:key000000A0:ref952:ord0,全方位音響視覚化センサー。,"撃ち込むと相手を気絶させる
特殊弾薬。","撃ち込むと相手のLIFEを回復する
特殊弾薬。",,,,NOT_CHECKED,55,,NOT_STARTED,NOT_BUILT,NOT_TESTED,JPN_PRIMARY; MLG_CN_CONTEXT_AUXILIARY,mechanical template; resource_class=SLOT_OLANG; source_objects=1,"让目标失去意识的
特殊弹药。","[""让目标失去意识的\n特殊弹药。""]","Special ammo that knocks its target
unconscious.","[""Special ammo that knocks its target\nunconscious.""]",AUX_CN_ATTACHED,exact_jpn_slot_page_tag_reference_index;validated_slot_olang_map_entity_identity,master status=AUX_CN_ATTACHED; mapping method=exact_jpn_slot_page_tag_reference_index;validated_slot_olang_map_entity_identity; candidate attached as auxiliary evidence only; verify against JPN and context; auxiliary candidates only; JPN remains authoritative; verify against JPN text and context
5D904CFF,72,954,954,1,,page22:tag4:entity670:key0000009F:ref954:ord0,"撃ち込むと相手を気絶させる
特殊弾薬。","撃ち込むと相手のLIFEを回復する
特殊弾薬。","撃ち込むと相手の気力を回復する
特殊弾薬。",,,,NOT_CHECKED,59,,NOT_STARTED,NOT_BUILT,NOT_TESTED,JPN_PRIMARY; MLG_CN_CONTEXT_AUXILIARY,mechanical template; resource_class=SLOT_OLANG; source_objects=1,"恢复目标生命值的
特殊弹药。","[""恢复目标生命值的\n特殊弹药。""]","Special ammo that recovers its target's
LIFE.","[""Special ammo that recovers its target's\nLIFE.""]",AUX_CN_ATTACHED,exact_jpn_slot_page_tag_reference_index;validated_slot_olang_map_entity_identity,master status=AUX_CN_ATTACHED; mapping method=exact_jpn_slot_page_tag_reference_index;validated_slot_olang_map_entity_identity; candidate attached as auxiliary evidence only; verify against JPN and context; auxiliary candidates only; JPN remains authoritative; verify against JPN text and context
5D904CFF,73,955,955,1,,page22:tag4:entity669:key0000009E:ref955:ord0,"撃ち込むと相手のLIFEを回復する
特殊弾薬。","撃ち込むと相手の気力を回復する
特殊弾薬。",小型成形炸薬弾。カンプピストル専用。,,,,NOT_CHECKED,61,,NOT_STARTED,NOT_BUILT,NOT_TESTED,JPN_PRIMARY; MLG_CN_CONTEXT_AUXILIARY,mechanical template; resource_class=SLOT_OLANG; source_objects=1,"恢复目标精神值的
特殊弹药。","[""恢复目标精神值的\n特殊弹药。""]","Special ammo that recovers its target's
PSYCHE.","[""Special ammo that recovers its target's\nPSYCHE.""]",AUX_CN_ATTACHED,exact_jpn_slot_page_tag_reference_index;validated_slot_olang_map_entity_identity,master status=AUX_CN_ATTACHED; mapping method=exact_jpn_slot_page_tag_reference_index;validated_slot_olang_map_entity_identity; candidate attached as auxiliary evidence only; verify against JPN and context; auxiliary candidates only; JPN remains authoritative; verify against JPN text and context
5D904CFF,74,956,956,1,,page22:tag4:entity668:key0000009D:ref956:ord0,"撃ち込むと相手の気力を回復する
特殊弾薬。",小型成形炸薬弾。カンプピストル専用。,ソ連製中型拳銃用弾薬。,,,,NOT_CHECKED,54,,NOT_STARTED,NOT_BUILT,NOT_TESTED,JPN_PRIMARY; MLG_CN_CONTEXT_AUXILIARY,mechanical template; resource_class=SLOT_OLANG; source_objects=1,"Kampfpistole用的小型
高爆反坦克弹药。","[""Kampfpistole用的小型\n高爆反坦克弹药。""]","Small high-explosive anti-tank ammo for
the Kampfpistole.","[""Small high-explosive anti-tank ammo for\nthe Kampfpistole.""]",AUX_CN_ATTACHED,exact_jpn_slot_page_tag_reference_index;validated_slot_olang_map_entity_identity,master status=AUX_CN_ATTACHED; mapping method=exact_jpn_slot_page_tag_reference_index;validated_slot_olang_map_entity_identity; candidate attached as auxiliary evidence only; verify against JPN and context; auxiliary candidates only; JPN remains authoritative; verify against JPN text and context
5D904CFF,75,957,957,1,,page22:tag4:entity667:key0000009C:ref957:ord0,小型成形炸薬弾。カンプピストル専用。,ソ連製中型拳銃用弾薬。,サブマシンガン用弾薬。,,,,NOT_CHECKED,33,,NOT_STARTED,NOT_BUILT,NOT_TESTED,JPN_PRIMARY; MLG_CN_CONTEXT_AUXILIARY,mechanical template; resource_class=SLOT_OLANG; source_objects=1,苏联中型手枪弹药。,"[""苏联中型手枪弹药。""]",Soviet medium-frame handgun ammo.,"[""Soviet medium-frame handgun ammo.""]",AUX_CN_ATTACHED,exact_jpn_slot_page_tag_reference_index;validated_slot_olang_map_entity_identity,master status=AUX_CN_ATTACHED; mapping method=exact_jpn_slot_page_tag_reference_index;validated_slot_olang_map_entity_identity; candidate attached as auxiliary evidence only; verify against JPN and context; auxiliary candidates only; JPN remains authoritative; verify against JPN text and context
5D904CFF,76,958,958;970,2,,page22:tag4:entity666:key0000009B:ref958:ord0;page22:tag4:entity655:key00000090:ref970:ord0,ソ連製中型拳銃用弾薬。,サブマシンガン用弾薬。,旧式大口径ライフル用弾薬。,,,,NOT_CHECKED,33,,NOT_STARTED,NOT_BUILT,NOT_TESTED,JPN_PRIMARY; MLG_CN_CONTEXT_AUXILIARY,mechanical template; resource_class=SLOT_OLANG; source_objects=2,冲锋枪弹药。,"[""冲锋枪弹药。""]",Submachine gun ammo.,"[""Submachine gun ammo.""]",AUX_CN_ATTACHED,exact_jpn_slot_page_tag_reference_index;validated_slot_olang_map_entity_identity,master status=AUX_CN_ATTACHED; mapping method=exact_jpn_slot_page_tag_reference_index;validated_slot_olang_map_entity_identity; candidate attached as auxiliary evidence only; verify against JPN and context; auxiliary candidates only; JPN remains authoritative; verify against JPN text and context
5D904CFF,77,959,959,1,,page22:tag4:entity665:key0000009A:ref959:ord0,サブマシンガン用弾薬。,旧式大口径ライフル用弾薬。,ソ連製ライフル・機関銃用弾薬。,,,,NOT_CHECKED,39,,NOT_STARTED,NOT_BUILT,NOT_TESTED,JPN_PRIMARY; MLG_CN_CONTEXT_AUXILIARY,mechanical template; resource_class=SLOT_OLANG; source_objects=1,"老式大口径步枪
弹药。","[""老式大口径步枪\n弹药。""]","Old-fashioned large-caliber rifle
ammo.","[""Old-fashioned large-caliber rifle\nammo.""]",AUX_CN_ATTACHED,exact_jpn_slot_page_tag_reference_index;validated_slot_olang_map_entity_identity,master status=AUX_CN_ATTACHED; mapping method=exact_jpn_slot_page_tag_reference_index;validated_slot_olang_map_entity_identity; candidate attached as auxiliary evidence only; verify against JPN and context; auxiliary candidates only; JPN remains authoritative; verify against JPN text and context
5D904CFF,78,960,960,1,,page22:tag4:entity664:key00000099:ref960:ord0,旧式大口径ライフル用弾薬。,ソ連製ライフル・機関銃用弾薬。,大口径ライフル・機関銃用弾薬。,,,,NOT_CHECKED,45,,NOT_STARTED,NOT_BUILT,NOT_TESTED,JPN_PRIMARY; MLG_CN_CONTEXT_AUXILIARY,mechanical template; resource_class=SLOT_OLANG; source_objects=1,苏制步枪和机枪弹药。,"[""苏制步枪和机枪弹药。""]",Soviet rifle and machine gun ammo.,"[""Soviet rifle and machine gun ammo.""]",AUX_CN_ATTACHED,exact_jpn_slot_page_tag_reference_index;validated_slot_olang_map_entity_identity,master status=AUX_CN_ATTACHED; mapping method=exact_jpn_slot_page_tag_reference_index;validated_slot_olang_map_entity_identity; candidate attached as auxiliary evidence only; verify against JPN and context; auxiliary candidates only; JPN remains authoritative; verify against JPN text and context
5D904CFF,79,961,961,1,,page22:tag4:entity663:key00000098:ref961:ord0,ソ連製ライフル・機関銃用弾薬。,大口径ライフル・機関銃用弾薬。,ソ連製アサルトライフル用弾薬。,,,,NOT_CHECKED,45,,NOT_STARTED,NOT_BUILT,NOT_TESTED,JPN_PRIMARY; MLG_CN_CONTEXT_AUXILIARY,mechanical template; resource_class=SLOT_OLANG; source_objects=1,"大口径步枪和机枪
弹药。","[""大口径步枪和机枪\n弹药。""]","Large-caliber rifle and machine gun
ammo.","[""Large-caliber rifle and machine gun\nammo.""]",AUX_CN_ATTACHED,exact_jpn_slot_page_tag_reference_index;validated_slot_olang_map_entity_identity,master status=AUX_CN_ATTACHED; mapping method=exact_jpn_slot_page_tag_reference_index;validated_slot_olang_map_entity_identity; candidate attached as auxiliary evidence only; verify against JPN and context; auxiliary candidates only; JPN remains authoritative; verify against JPN text and context
5D904CFF,80,962,962,1,,page22:tag4:entity662:key00000097:ref962:ord0,大口径ライフル・機関銃用弾薬。,ソ連製アサルトライフル用弾薬。,アサルトライフル用弾薬。,,,,NOT_CHECKED,45,,NOT_STARTED,NOT_BUILT,NOT_TESTED,JPN_PRIMARY; MLG_CN_CONTEXT_AUXILIARY,mechanical template; resource_class=SLOT_OLANG; source_objects=1,苏制突击步枪弹药。,"[""苏制突击步枪弹药。""]",Soviet assault rifle ammo.,"[""Soviet assault rifle ammo.""]",AUX_CN_ATTACHED,exact_jpn_slot_page_tag_reference_index;validated_slot_olang_map_entity_identity,master status=AUX_CN_ATTACHED; mapping method=exact_jpn_slot_page_tag_reference_index;validated_slot_olang_map_entity_identity; candidate attached as auxiliary evidence only; verify against JPN and context; auxiliary candidates only; JPN remains authoritative; verify against JPN text and context
5D904CFF,81,963,963,1,,page22:tag4:entity661:key00000096:ref963:ord0,ソ連製アサルトライフル用弾薬。,アサルトライフル用弾薬。,大型拳銃、サブマシンガン用弾薬。,,,,NOT_CHECKED,36,,NOT_STARTED,NOT_BUILT,NOT_TESTED,JPN_PRIMARY; MLG_CN_CONTEXT_AUXILIARY,mechanical template; resource_class=SLOT_OLANG; source_objects=1,突击步枪弹药。,"[""突击步枪弹药。""]",Assault rifle ammo.,"[""Assault rifle ammo.""]",AUX_CN_ATTACHED,exact_jpn_slot_page_tag_reference_index;validated_slot_olang_map_entity_identity,master status=AUX_CN_ATTACHED; mapping method=exact_jpn_slot_page_tag_reference_index;validated_slot_olang_map_entity_identity; candidate attached as auxiliary evidence only; verify against JPN and context; auxiliary candidates only; JPN remains authoritative; verify against JPN text and context
5D904CFF,82,965,965,1,,page22:tag4:entity660:key00000095:ref965:ord0,アサルトライフル用弾薬。,大型拳銃、サブマシンガン用弾薬。,"グレネードランチャー用弾薬。
東側諸国装備用。",,,,NOT_CHECKED,48,,NOT_STARTED,NOT_BUILT,NOT_TESTED,JPN_PRIMARY; MLG_CN_CONTEXT_AUXILIARY,mechanical template; resource_class=SLOT_OLANG; source_objects=1,"大型手枪和冲锋枪
弹药。","[""大型手枪和冲锋枪\n弹药。""]","Large-frame handgun and submachine gun
ammo.","[""Large-frame handgun and submachine gun\nammo.""]",AUX_CN_ATTACHED,exact_jpn_slot_page_tag_reference_index;validated_slot_olang_map_entity_identity,master status=AUX_CN_ATTACHED; mapping method=exact_jpn_slot_page_tag_reference_index;validated_slot_olang_map_entity_identity; candidate attached as auxiliary evidence only; verify against JPN and context; auxiliary candidates only; JPN remains authoritative; verify against JPN text and context
5D904CFF,83,966,966,1,,page22:tag4:entity659:key00000094:ref966:ord0,大型拳銃、サブマシンガン用弾薬。,"グレネードランチャー用弾薬。
東側諸国装備用。","グレネードランチャー用弾薬。
西側諸国装備用。",,,,NOT_CHECKED,67,,NOT_STARTED,NOT_BUILT,NOT_TESTED,JPN_PRIMARY; MLG_CN_CONTEXT_AUXILIARY,mechanical template; resource_class=SLOT_OLANG; source_objects=1,"东方型号的
榴弹发射器弹药。","[""东方型号的\n榴弹发射器弹药。""]","Grenade launcher ammo for Eastern
models.","[""Grenade launcher ammo for Eastern\nmodels.""]",AUX_CN_ATTACHED,exact_jpn_slot_page_tag_reference_index;validated_slot_olang_map_entity_identity,master status=AUX_CN_ATTACHED; mapping method=exact_jpn_slot_page_tag_reference_index;validated_slot_olang_map_entity_identity; candidate attached as auxiliary evidence only; verify against JPN and context; auxiliary candidates only; JPN remains authoritative; verify against JPN text and context
5D904CFF,84,967,967,1,,page22:tag4:entity658:key00000093:ref967:ord0,"グレネードランチャー用弾薬。
東側諸国装備用。","グレネードランチャー用弾薬。
西側諸国装備用。",試作ケースレス弾薬。G11専用。,,,,NOT_CHECKED,67,,NOT_STARTED,NOT_BUILT,NOT_TESTED,JPN_PRIMARY; MLG_CN_CONTEXT_AUXILIARY,mechanical template; resource_class=SLOT_OLANG; source_objects=1,"西方型号的
榴弹发射器弹药。","[""西方型号的\n榴弹发射器弹药。""]","Grenade launcher ammo for Western
models.","[""Grenade launcher ammo for Western\nmodels.""]",AUX_CN_ATTACHED,exact_jpn_slot_page_tag_reference_index;validated_slot_olang_map_entity_identity,master status=AUX_CN_ATTACHED; mapping method=exact_jpn_slot_page_tag_reference_index;validated_slot_olang_map_entity_identity; candidate attached as auxiliary evidence only; verify against JPN and context; auxiliary candidates only; JPN remains authoritative; verify against JPN text and context
5D904CFF,85,968,968,1,,page22:tag4:entity657:key00000092:ref968:ord0,"グレネードランチャー用弾薬。
西側諸国装備用。",試作ケースレス弾薬。G11専用。,リボルバー用弾薬。,,,,NOT_CHECKED,42,,NOT_STARTED,NOT_BUILT,NOT_TESTED,JPN_PRIMARY; MLG_CN_CONTEXT_AUXILIARY,mechanical template; resource_class=SLOT_OLANG; source_objects=1,G11原型无壳弹药。,"[""G11原型无壳弹药。""]",G11 prototype caseless ammo.,"[""G11 prototype caseless ammo.""]",AUX_CN_ATTACHED,exact_jpn_slot_page_tag_reference_index;validated_slot_olang_map_entity_identity,master status=AUX_CN_ATTACHED; mapping method=exact_jpn_slot_page_tag_reference_index;validated_slot_olang_map_entity_identity; candidate attached as auxiliary evidence only; verify against JPN and context; auxiliary candidates only; JPN remains authoritative; verify against JPN text and context
5D904CFF,86,969,969,1,,page22:tag4:entity656:key00000091:ref969:ord0,試作ケースレス弾薬。G11専用。,リボルバー用弾薬。,サブマシンガン用弾薬。,,,,NOT_CHECKED,27,,NOT_STARTED,NOT_BUILT,NOT_TESTED,JPN_PRIMARY; MLG_CN_CONTEXT_AUXILIARY,mechanical template; resource_class=SLOT_OLANG; source_objects=1,左轮手枪弹药。,"[""左轮手枪弹药。""]",Revolver ammo.,"[""Revolver ammo.""]",AUX_CN_ATTACHED,exact_jpn_slot_page_tag_reference_index;validated_slot_olang_map_entity_identity,master status=AUX_CN_ATTACHED; mapping method=exact_jpn_slot_page_tag_reference_index;validated_slot_olang_map_entity_identity; candidate attached as auxiliary evidence only; verify against JPN and context; auxiliary candidates only; JPN remains authoritative; verify against JPN text and context
5D904CFF,87,971,971,1,,page22:tag4:entity654:key0000008F:ref971:ord0,サブマシンガン用弾薬。,特殊ショットガン用弾薬。CAW専用。,対戦車ライフル用弾薬。,,,,NOT_CHECKED,48,,NOT_STARTED,NOT_BUILT,NOT_TESTED,JPN_PRIMARY; MLG_CN_CONTEXT_AUXILIARY,mechanical template; resource_class=SLOT_OLANG; source_objects=1,CAW霰弹枪的特殊弹药。,"[""CAW霰弹枪的特殊弹药。""]",Special CAW shotgun ammo.,"[""Special CAW shotgun ammo.""]",AUX_CN_ATTACHED,exact_jpn_slot_page_tag_reference_index;validated_slot_olang_map_entity_identity,master status=AUX_CN_ATTACHED; mapping method=exact_jpn_slot_page_tag_reference_index;validated_slot_olang_map_entity_identity; candidate attached as auxiliary evidence only; verify against JPN and context; auxiliary candidates only; JPN remains authoritative; verify against JPN text and context
5D904CFF,88,972,972,1,,page22:tag4:entity653:key0000008E:ref972:ord0,特殊ショットガン用弾薬。CAW専用。,対戦車ライフル用弾薬。,ショットガン用弾薬。,,,,NOT_CHECKED,33,,NOT_STARTED,NOT_BUILT,NOT_TESTED,JPN_PRIMARY; MLG_CN_CONTEXT_AUXILIARY,mechanical template; resource_class=SLOT_OLANG; source_objects=1,反坦克步枪弹药。,"[""反坦克步枪弹药。""]",Anti-tank rifle ammo.,"[""Anti-tank rifle ammo.""]",AUX_CN_ATTACHED,exact_jpn_slot_page_tag_reference_index;validated_slot_olang_map_entity_identity,master status=AUX_CN_ATTACHED; mapping method=exact_jpn_slot_page_tag_reference_index;validated_slot_olang_map_entity_identity; candidate attached as auxiliary evidence only; verify against JPN and context; auxiliary candidates only; JPN remains authoritative; verify against JPN text and context
5D904CFF,89,973,973,1,,page22:tag4:entity652:key0000008D:ref973:ord0,対戦車ライフル用弾薬。,ショットガン用弾薬。,"古いバンダナ。
装備すると、無限に弾薬が補充される。",,,,NOT_CHECKED,30,,NOT_STARTED,NOT_BUILT,NOT_TESTED,JPN_PRIMARY; MLG_CN_CONTEXT_AUXILIARY,mechanical template; resource_class=SLOT_OLANG; source_objects=1,霰弹枪弹药,"[""霰弹枪弹药""]",Shotgun ammo.,"[""Shotgun ammo.""]",AUX_CN_ATTACHED,exact_jpn_slot_page_tag_reference_index;validated_slot_olang_map_entity_identity,master status=AUX_CN_ATTACHED; mapping method=exact_jpn_slot_page_tag_reference_index;validated_slot_olang_map_entity_identity; candidate attached as auxiliary evidence only; verify against JPN and context; auxiliary candidates only; JPN remains authoritative; verify against JPN text and context
5D904CFF,90,974,974,1,,page22:tag4:entity651:key0000008C:ref974:ord0,ショットガン用弾薬。,"古いバンダナ。
装備すると、無限に弾薬が補充される。",可変倍率双眼鏡。,,,,NOT_CHECKED,76,,NOT_STARTED,NOT_BUILT,NOT_TESTED,JPN_PRIMARY; MLG_CN_CONTEXT_AUXILIARY,mechanical template; resource_class=SLOT_OLANG; source_objects=1,"一条旧头巾。装备后供应
无限弹药。","[""一条旧头巾。装备后供应\n无限弹药。""]","An old bandana. Supplies unlimited ammo
when equipped.","[""An old bandana. Supplies unlimited ammo\nwhen equipped.""]",AUX_CN_ATTACHED,exact_jpn_slot_page_tag_reference_index;validated_slot_olang_map_entity_identity,master status=AUX_CN_ATTACHED; mapping method=exact_jpn_slot_page_tag_reference_index;validated_slot_olang_map_entity_identity; candidate attached as auxiliary evidence only; verify against JPN and context; auxiliary candidates only; JPN remains authoritative; verify against JPN text and context
5D904CFF,91,976,976,1,,page22:tag4:entity650:key0000008B:ref976:ord0,"古いバンダナ。
装備すると、無限に弾薬が補充される。",可変倍率双眼鏡。,"個人携行用防弾盾。
色付き。",,,,NOT_CHECKED,24,,NOT_STARTED,NOT_BUILT,NOT_TESTED,JPN_PRIMARY; MLG_CN_CONTEXT_AUXILIARY,mechanical template; resource_class=SLOT_OLANG; source_objects=1,可变倍率望远镜。,"[""可变倍率望远镜。""]",Binoculars with variable magnification.,"[""Binoculars with variable magnification.""]",AUX_CN_ATTACHED,exact_jpn_slot_page_tag_reference_index;validated_slot_olang_map_entity_identity,master status=AUX_CN_ATTACHED; mapping method=exact_jpn_slot_page_tag_reference_index;validated_slot_olang_map_entity_identity; candidate attached as auxiliary evidence only; verify against JPN and context; auxiliary candidates only; JPN remains authoritative; verify against JPN text and context
5D904CFF,92,977,977;978;979;980;981,5,,page22:tag4:entity649:key0000008A:ref977:ord0;page22:tag4:entity648:key00000089:ref978:ord0;page22:tag4:entity647:key00000088:ref979:ord0;page22:tag4:entity646:key00000087:ref980:ord0;page22:tag4:entity645:key00000086:ref981:ord0,可変倍率双眼鏡。,"個人携行用防弾盾。
色付き。",個人携行用防弾盾。,,,,NOT_CHECKED,40,,NOT_STARTED,NOT_BUILT,NOT_TESTED,JPN_PRIMARY; MLG_CN_CONTEXT_AUXILIARY,mechanical template; resource_class=SLOT_OLANG; source_objects=5,彩色防弹护盾。,"[""彩色防弹护盾。""]",Bulletproof protective shield. Colored.,"[""Bulletproof protective shield. Colored.""]",AUX_CN_ATTACHED,exact_jpn_slot_page_tag_reference_index;validated_slot_olang_map_entity_identity,master status=AUX_CN_ATTACHED; mapping method=exact_jpn_slot_page_tag_reference_index;validated_slot_olang_map_entity_identity; candidate attached as auxiliary evidence only; verify against JPN and context; auxiliary candidates only; JPN remains authoritative; verify against JPN text and context
5D904CFF,93,982,982;983;984;985;987,5,,page22:tag4:entity644:key00000085:ref982:ord0;page22:tag4:entity643:key00000084:ref983:ord0;page22:tag4:entity642:key00000083:ref984:ord0;page22:tag4:entity641:key00000082:ref985:ord0;page22:tag4:entity640:key00000081:ref987:ord0,"個人携行用防弾盾。
色付き。",個人携行用防弾盾。,"人員の回収ならびに後送のために
用いるシステム。",,,,NOT_CHECKED,27,,NOT_STARTED,NOT_BUILT,NOT_TESTED,JPN_PRIMARY; MLG_CN_CONTEXT_AUXILIARY,mechanical template; resource_class=SLOT_OLANG; source_objects=5,防弹护盾。,"[""防弹护盾。""]",Bulletproof protective shield.,"[""Bulletproof protective shield.""]",AUX_CN_ATTACHED,exact_jpn_slot_page_tag_reference_index;validated_slot_olang_map_entity_identity,master status=AUX_CN_ATTACHED; mapping method=exact_jpn_slot_page_tag_reference_index;validated_slot_olang_map_entity_identity; candidate attached as auxiliary evidence only; verify against JPN and context; auxiliary candidates only; JPN remains authoritative; verify against JPN text and context
5D904CFF,94,988,988;989;990;991;992,5,,page22:tag4:entity639:key00000080:ref988:ord0;page22:tag4:entity638:key0000007F:ref989:ord0;page22:tag4:entity637:key0000007E:ref990:ord0;page22:tag4:entity636:key0000007D:ref991:ord0;page22:tag4:entity635:key0000007C:ref992:ord0,個人携行用防弾盾。,"人員の回収ならびに後送のために
用いるシステム。",複合機能暗視ゴーグル。,,,,NOT_CHECKED,70,,NOT_STARTED,NOT_BUILT,NOT_TESTED,JPN_PRIMARY; MLG_CN_CONTEXT_AUXILIARY,mechanical template; resource_class=SLOT_OLANG; source_objects=5,人员回收与撤离系统。,"[""人员回收与撤离系统。""]",Personnel recovery & evacuation system.,"[""Personnel recovery & evacuation system.""]",AUX_CN_ATTACHED,exact_jpn_slot_page_tag_reference_index;validated_slot_olang_map_entity_identity,master status=AUX_CN_ATTACHED; mapping method=exact_jpn_slot_page_tag_reference_index;validated_slot_olang_map_entity_identity; candidate attached as auxiliary evidence only; verify against JPN and context; auxiliary candidates only; JPN remains authoritative; verify against JPN text and context
5D904CFF,95,993,993;994;995;996;998,5,,page22:tag4:entity634:key0000007B:ref993:ord0;page22:tag4:entity633:key0000007A:ref994:ord0;page22:tag4:entity632:key00000079:ref995:ord0;page22:tag4:entity631:key00000078:ref996:ord0;page22:tag4:entity630:key00000077:ref998:ord0,"人員の回収ならびに後送のために
用いるシステム。",複合機能暗視ゴーグル。,"タンデム複座のダンボール製戦車。
スモーク砲装備。",,,,NOT_CHECKED,33,,NOT_STARTED,NOT_BUILT,NOT_TESTED,JPN_PRIMARY; MLG_CN_CONTEXT_AUXILIARY,mechanical template; resource_class=SLOT_OLANG; source_objects=5,双重功能夜视仪。,"[""双重功能夜视仪。""]",Night vision goggles with dual functionality.,"[""Night vision goggles with dual functionality.""]",AUX_CN_ATTACHED,exact_jpn_slot_page_tag_reference_index;validated_slot_olang_map_entity_identity,master status=AUX_CN_ATTACHED; mapping method=exact_jpn_slot_page_tag_reference_index;validated_slot_olang_map_entity_identity; candidate attached as auxiliary evidence only; verify against JPN and context; auxiliary candidates only; JPN remains authoritative; verify against JPN text and context
5D904CFF,96,999,999;1000;1001;1002,4,,page22:tag4:entity629:key00000076:ref999:ord0;page22:tag4:entity628:key00000075:ref1000:ord0;page22:tag4:entity627:key00000074:ref1001:ord0;page22:tag4:entity626:key00000073:ref1002:ord0,複合機能暗視ゴーグル。,"タンデム複座のダンボール製戦車。
スモーク砲装備。","タンデム複座のダンボール製戦車。
スタン砲装備。",,,,NOT_CHECKED,73,,NOT_STARTED,NOT_BUILT,NOT_TESTED,JPN_PRIMARY; MLG_CN_CONTEXT_AUXILIARY,mechanical template; resource_class=SLOT_OLANG; source_objects=4,"可乘坐两人的纸箱坦克。
装备烟雾弹。","[""可乘坐两人的纸箱坦克。\n装备烟雾弹。""]","A cardboard box tank that seats two.
Equipped with smoke shells.","[""A cardboard box tank that seats two.\nEquipped with smoke shells.""]",AUX_CN_ATTACHED,exact_jpn_slot_page_tag_reference_index;validated_slot_olang_map_entity_identity,master status=AUX_CN_ATTACHED; mapping method=exact_jpn_slot_page_tag_reference_index;validated_slot_olang_map_entity_identity; candidate attached as auxiliary evidence only; verify against JPN and context; auxiliary candidates only; JPN remains authoritative; verify against JPN text and context
5D904CFF,97,1003,1003;1004;1005;1006,4,,page22:tag4:entity625:key00000072:ref1003:ord0;page22:tag4:entity624:key00000071:ref1004:ord0;page22:tag4:entity623:key00000070:ref1005:ord0;page22:tag4:entity622:key0000006F:ref1006:ord0,"タンデム複座のダンボール製戦車。
スモーク砲装備。","タンデム複座のダンボール製戦車。
スタン砲装備。",タンデム複座のダンボール製戦車。,,,,NOT_CHECKED,70,,NOT_STARTED,NOT_BUILT,NOT_TESTED,JPN_PRIMARY; MLG_CN_CONTEXT_AUXILIARY,mechanical template; resource_class=SLOT_OLANG; source_objects=4,"可乘坐两人的纸箱坦克。
装备眩晕炮。","[""可乘坐两人的纸箱坦克。\n装备眩晕炮。""]","A cardboard box tank that seats two.
Equipped with stun cannon.","[""A cardboard box tank that seats two.\nEquipped with stun cannon.""]",AUX_CN_ATTACHED,exact_jpn_slot_page_tag_reference_index;validated_slot_olang_map_entity_identity,master status=AUX_CN_ATTACHED; mapping method=exact_jpn_slot_page_tag_reference_index;validated_slot_olang_map_entity_identity; candidate attached as auxiliary evidence only; verify against JPN and context; auxiliary candidates only; JPN remains authoritative; verify against JPN text and context
5D904CFF,98,1007,1007;1009;1010;1011;1012,5,,page22:tag4:entity621:key0000006E:ref1007:ord0;page22:tag4:entity620:key0000006D:ref1009:ord0;page22:tag4:entity619:key0000006C:ref1010:ord0;page22:tag4:entity618:key0000006B:ref1011:ord0;page22:tag4:entity617:key0000006A:ref1012:ord0,"タンデム複座のダンボール製戦車。
スタン砲装備。",タンデム複座のダンボール製戦車。,普通よりも大きめなダンボール箱。,,,,NOT_CHECKED,48,,NOT_STARTED,NOT_BUILT,NOT_TESTED,JPN_PRIMARY; MLG_CN_CONTEXT_AUXILIARY,mechanical template; resource_class=SLOT_OLANG; source_objects=5,可乘坐两人的纸箱坦克。,"[""可乘坐两人的纸箱坦克。""]",A cardboard box tank that seats two.,"[""A cardboard box tank that seats two.""]",AUX_CN_ATTACHED,exact_jpn_slot_page_tag_reference_index;validated_slot_olang_map_entity_identity,master status=AUX_CN_ATTACHED; mapping method=exact_jpn_slot_page_tag_reference_index;validated_slot_olang_map_entity_identity; candidate attached as auxiliary evidence only; verify against JPN and context; auxiliary candidates only; JPN remains authoritative; verify against JPN text and context
