file_id,unique_index,first_reference_index,reference_indices,reference_count,scene_context,entity_context,previous_jpn_text,jpn_text,next_jpn_text,jpn_control_tokens,cn_text,cn_control_tokens,control_structure_status,jpn_utf8_bytes,cn_utf8_bytes,translation_status,build_status,ingame_status,translation_basis,notes,mlg_cn_reference,mlg_cn_reference_variants,eng_reference,eng_reference_variants,reference_status,reference_method,reference_reason
5D99CB1E,0,0,0;0;0;0;0;0;0;0;0;0;0;0;0;0;0;0;0;0;0;0;0;0;0;0;0;0;0;0;0;0;0;0;0;0;0;0;0;0;0;0;0;0;0;0;0;0;0;0;0;0;0,51,,page22:tag2:entity0:key0029E0FC:ref0:ord0;page58:tag1:entity0:key0029E0FC:ref0:ord0;page76:tag8:entity0:key0029E0FC:ref0:ord0;page82:tag3:entity0:key0029E0FC:ref0:ord0;page88:tag5:entity0:key0029E0FC:ref0:ord0;page94:tag4:entity0:key0029E0FC:ref0:ord0;page100:tag4:entity0:key0029E0FC:ref0:ord0;page106:tag4:entity0:key0029E0FC:ref0:ord0;page112:tag4:entity0:key0029E0FC:ref0:ord0;page118:tag4:entity0:key0029E0FC:ref0:ord0;page124:tag4:entity0:key0029E0FC:ref0:ord0;page130:tag3:entity0:key0029E0FC:ref0:ord0;page136:tag3:entity0:key0029E0FC:ref0:ord0;page142:tag3:entity0:key0029E0FC:ref0:ord0;page148:tag4:entity0:key0029E0FC:ref0:ord0;page154:tag5:entity0:key0029E0FC:ref0:ord0;page160:tag3:entity0:key0029E0FC:ref0:ord0;page166:tag3:entity0:key0029E0FC:ref0:ord0;page172:tag4:entity0:key0029E0FC:ref0:ord0;page178:tag4:entity0:key0029E0FC:ref0:ord0;page184:tag4:entity0:key0029E0FC:ref0:ord0;page190:tag2:entity0:key0029E0FC:ref0:ord0;page196:tag2:entity0:key0029E0FC:ref0:ord0;page202:tag4:entity0:key0029E0FC:ref0:ord0;page208:tag4:entity0:key0029E0FC:ref0:ord0;page214:tag3:entity0:key0029E0FC:ref0:ord0;page220:tag4:entity0:key0029E0FC:ref0:ord0;page226:tag4:entity0:key0029E0FC:ref0:ord0;page232:tag4:entity0:key0029E0FC:ref0:ord0;page238:tag2:entity0:key0029E0FC:ref0:ord0;page244:tag4:entity0:key0029E0FC:ref0:ord0;page250:tag4:entity0:key0029E0FC:ref0:ord0;page256:tag2:entity0:key0029E0FC:ref0:ord0;page262:tag2:entity0:key0029E0FC:ref0:ord0;page268:tag4:entity0:key0029E0FC:ref0:ord0;page274:tag4:entity0:key0029E0FC:ref0:ord0;page280:tag4:entity0:key0029E0FC:ref0:ord0;page286:tag4:entity0:key0029E0FC:ref0:ord0;page292:tag4:entity0:key0029E0FC:ref0:ord0;page298:tag4:entity0:key0029E0FC:ref0:ord0;page304:tag4:entity0:key0029E0FC:ref0:ord0;page310:tag4:entity0:key0029E0FC:ref0:ord0;page316:tag4:entity0:key0029E0FC:ref0:ord0;page322:tag2:entity0:key0029E0FC:ref0:ord0;page328:tag4:entity0:key0029E0FC:ref0:ord0;page334:tag5:entity0:key0029E0FC:ref0:ord0;page340:tag4:entity0:key0029E0FC:ref0:ord0;page346:tag2:entity0:key0029E0FC:ref0:ord0;page352:tag2:entity0:key0029E0FC:ref0:ord0;page358:tag2:entity0:key0029E0FC:ref0:ord0;page364:tag2:entity0:key0029E0FC:ref0:ord0,,"









         1974年11月4日  15:42   ","









         1974年11月10日  ",,,,NOT_CHECKED,45,,NOT_STARTED,NOT_BUILT,NOT_TESTED,JPN_PRIMARY; MLG_CN_CONTEXT_AUXILIARY,mechanical template; resource_class=SLOT_OLANG; source_objects=51,"







1974年11月4日 15:42","[""\n\n\n\n\n\n\n\n1974年11月4日 15:42""]","









         November 4, 1974 15:42","[""\n\n\n\n\n\n\n\n\n\n         November 4, 1974 15:42""]",AUX_CN_ATTACHED,exact_jpn_slot_page_tag_reference_index;validated_slot_olang_map_entity_identity,master status=AUX_CN_ATTACHED; mapping method=exact_jpn_slot_page_tag_reference_index;validated_slot_olang_map_entity_identity; candidate attached as auxiliary evidence only; verify against JPN and context; auxiliary candidates only; JPN remains authoritative; verify against JPN text and context
5D99CB1E,1,1,1;1;1;1;1;1;1;1;1;1;1;1;1;1;1;1;1;1;1;1;1;1;1;1;1;1;1;1;1;1;1;1;1;1;1;1;1;1;1;1;1;1;1;1;1;1;1;1;1;1;1,51,,page22:tag2:entity1:key0029E0FC:ref1:ord0;page58:tag1:entity1:key0029E0FC:ref1:ord0;page76:tag8:entity1:key0029E0FC:ref1:ord0;page82:tag3:entity1:key0029E0FC:ref1:ord0;page88:tag5:entity1:key0029E0FC:ref1:ord0;page94:tag4:entity1:key0029E0FC:ref1:ord0;page100:tag4:entity1:key0029E0FC:ref1:ord0;page106:tag4:entity1:key0029E0FC:ref1:ord0;page112:tag4:entity1:key0029E0FC:ref1:ord0;page118:tag4:entity1:key0029E0FC:ref1:ord0;page124:tag4:entity1:key0029E0FC:ref1:ord0;page130:tag3:entity1:key0029E0FC:ref1:ord0;page136:tag3:entity1:key0029E0FC:ref1:ord0;page142:tag3:entity1:key0029E0FC:ref1:ord0;page148:tag4:entity1:key0029E0FC:ref1:ord0;page154:tag5:entity1:key0029E0FC:ref1:ord0;page160:tag3:entity1:key0029E0FC:ref1:ord0;page166:tag3:entity1:key0029E0FC:ref1:ord0;page172:tag4:entity1:key0029E0FC:ref1:ord0;page178:tag4:entity1:key0029E0FC:ref1:ord0;page184:tag4:entity1:key0029E0FC:ref1:ord0;page190:tag2:entity1:key0029E0FC:ref1:ord0;page196:tag2:entity1:key0029E0FC:ref1:ord0;page202:tag4:entity1:key0029E0FC:ref1:ord0;page208:tag4:entity1:key0029E0FC:ref1:ord0;page214:tag3:entity1:key0029E0FC:ref1:ord0;page220:tag4:entity1:key0029E0FC:ref1:ord0;page226:tag4:entity1:key0029E0FC:ref1:ord0;page232:tag4:entity1:key0029E0FC:ref1:ord0;page238:tag2:entity1:key0029E0FC:ref1:ord0;page244:tag4:entity1:key0029E0FC:ref1:ord0;page250:tag4:entity1:key0029E0FC:ref1:ord0;page256:tag2:entity1:key0029E0FC:ref1:ord0;page262:tag2:entity1:key0029E0FC:ref1:ord0;page268:tag4:entity1:key0029E0FC:ref1:ord0;page274:tag4:entity1:key0029E0FC:ref1:ord0;page280:tag4:entity1:key0029E0FC:ref1:ord0;page286:tag4:entity1:key0029E0FC:ref1:ord0;page292:tag4:entity1:key0029E0FC:ref1:ord0;page298:tag4:entity1:key0029E0FC:ref1:ord0;page304:tag4:entity1:key0029E0FC:ref1:ord0;page310:tag4:entity1:key0029E0FC:ref1:ord0;page316:tag4:entity1:key0029E0FC:ref1:ord0;page322:tag2:entity1:key0029E0FC:ref1:ord0;page328:tag4:entity1:key0029E0FC:ref1:ord0;page334:tag5:entity1:key0029E0FC:ref1:ord0;page340:tag4:entity1:key0029E0FC:ref1:ord0;page346:tag2:entity1:key0029E0FC:ref1:ord0;page352:tag2:entity1:key0029E0FC:ref1:ord0;page358:tag2:entity1:key0029E0FC:ref1:ord0;page364:tag2:entity1:key0029E0FC:ref1:ord0,"









         1974年11月4日  15:42   ","









         1974年11月10日  ","










          コロンビア　バランキヤ港沿岸   ",,,,NOT_CHECKED,38,,NOT_STARTED,NOT_BUILT,NOT_TESTED,JPN_PRIMARY; MLG_CN_CONTEXT_AUXILIARY,mechanical template; resource_class=SLOT_OLANG; source_objects=51,"







1974年11月10日","[""\n\n\n\n\n\n\n\n1974年11月10日""]","









         November 10, 1974","[""\n\n\n\n\n\n\n\n\n\n         November 10, 1974""]",AUX_CN_ATTACHED,exact_jpn_slot_page_tag_reference_index;validated_slot_olang_map_entity_identity,master status=AUX_CN_ATTACHED; mapping method=exact_jpn_slot_page_tag_reference_index;validated_slot_olang_map_entity_identity; candidate attached as auxiliary evidence only; verify against JPN and context; auxiliary candidates only; JPN remains authoritative; verify against JPN text and context
5D99CB1E,2,2,2;2;2;2;2;2;2;2;2;2;2;2;2;2;2;2;2;2;2;2;2;2;2;2;2;2;2;2;2;2;2;2;2;2;2;2;2;2;2;2;2;2;2;2;2;2;2;2;2;2;2,51,,page22:tag2:entity2:key0029E0FC:ref2:ord0;page58:tag1:entity2:key0029E0FC:ref2:ord0;page76:tag8:entity2:key0029E0FC:ref2:ord0;page82:tag3:entity2:key0029E0FC:ref2:ord0;page88:tag5:entity2:key0029E0FC:ref2:ord0;page94:tag4:entity2:key0029E0FC:ref2:ord0;page100:tag4:entity2:key0029E0FC:ref2:ord0;page106:tag4:entity2:key0029E0FC:ref2:ord0;page112:tag4:entity2:key0029E0FC:ref2:ord0;page118:tag4:entity2:key0029E0FC:ref2:ord0;page124:tag4:entity2:key0029E0FC:ref2:ord0;page130:tag3:entity2:key0029E0FC:ref2:ord0;page136:tag3:entity2:key0029E0FC:ref2:ord0;page142:tag3:entity2:key0029E0FC:ref2:ord0;page148:tag4:entity2:key0029E0FC:ref2:ord0;page154:tag5:entity2:key0029E0FC:ref2:ord0;page160:tag3:entity2:key0029E0FC:ref2:ord0;page166:tag3:entity2:key0029E0FC:ref2:ord0;page172:tag4:entity2:key0029E0FC:ref2:ord0;page178:tag4:entity2:key0029E0FC:ref2:ord0;page184:tag4:entity2:key0029E0FC:ref2:ord0;page190:tag2:entity2:key0029E0FC:ref2:ord0;page196:tag2:entity2:key0029E0FC:ref2:ord0;page202:tag4:entity2:key0029E0FC:ref2:ord0;page208:tag4:entity2:key0029E0FC:ref2:ord0;page214:tag3:entity2:key0029E0FC:ref2:ord0;page220:tag4:entity2:key0029E0FC:ref2:ord0;page226:tag4:entity2:key0029E0FC:ref2:ord0;page232:tag4:entity2:key0029E0FC:ref2:ord0;page238:tag2:entity2:key0029E0FC:ref2:ord0;page244:tag4:entity2:key0029E0FC:ref2:ord0;page250:tag4:entity2:key0029E0FC:ref2:ord0;page256:tag2:entity2:key0029E0FC:ref2:ord0;page262:tag2:entity2:key0029E0FC:ref2:ord0;page268:tag4:entity2:key0029E0FC:ref2:ord0;page274:tag4:entity2:key0029E0FC:ref2:ord0;page280:tag4:entity2:key0029E0FC:ref2:ord0;page286:tag4:entity2:key0029E0FC:ref2:ord0;page292:tag4:entity2:key0029E0FC:ref2:ord0;page298:tag4:entity2:key0029E0FC:ref2:ord0;page304:tag4:entity2:key0029E0FC:ref2:ord0;page310:tag4:entity2:key0029E0FC:ref2:ord0;page316:tag4:entity2:key0029E0FC:ref2:ord0;page322:tag2:entity2:key0029E0FC:ref2:ord0;page328:tag4:entity2:key0029E0FC:ref2:ord0;page334:tag5:entity2:key0029E0FC:ref2:ord0;page340:tag4:entity2:key0029E0FC:ref2:ord0;page346:tag2:entity2:key0029E0FC:ref2:ord0;page352:tag2:entity2:key0029E0FC:ref2:ord0;page358:tag2:entity2:key0029E0FC:ref2:ord0;page364:tag2:entity2:key0029E0FC:ref2:ord0,"









         1974年11月10日  ","










          コロンビア　バランキヤ港沿岸   ","










          コスタリカ　カリブ海沿岸  ",,,,NOT_CHECKED,66,,NOT_STARTED,NOT_BUILT,NOT_TESTED,JPN_PRIMARY; MLG_CN_CONTEXT_AUXILIARY,mechanical template; resource_class=SLOT_OLANG; source_objects=51,"








哥伦比亚，巴兰基亚海岸","[""\n\n\n\n\n\n\n\n\n哥伦比亚，巴兰基亚海岸""]","










          Barranquilla Coast, Colombia","[""\n\n\n\n\n\n\n\n\n\n\n          Barranquilla Coast, Colombia""]",AUX_CN_ATTACHED,exact_jpn_slot_page_tag_reference_index;validated_slot_olang_map_entity_identity,master status=AUX_CN_ATTACHED; mapping method=exact_jpn_slot_page_tag_reference_index;validated_slot_olang_map_entity_identity; candidate attached as auxiliary evidence only; verify against JPN and context; auxiliary candidates only; JPN remains authoritative; verify against JPN text and context
5D99CB1E,3,3,3;3;3;3;3;3;3;3;3;3;3;3;3;3;3;3;3;3;3;3;3;3;3;3;3;3;3;3;3;3;3;3;3;3;3;3;3;3;3;3;3;3;3;3;3;3;3;3;3;3;3,51,,page22:tag2:entity3:key0029E0FC:ref3:ord0;page58:tag1:entity3:key0029E0FC:ref3:ord0;page76:tag8:entity3:key0029E0FC:ref3:ord0;page82:tag3:entity3:key0029E0FC:ref3:ord0;page88:tag5:entity3:key0029E0FC:ref3:ord0;page94:tag4:entity3:key0029E0FC:ref3:ord0;page100:tag4:entity3:key0029E0FC:ref3:ord0;page106:tag4:entity3:key0029E0FC:ref3:ord0;page112:tag4:entity3:key0029E0FC:ref3:ord0;page118:tag4:entity3:key0029E0FC:ref3:ord0;page124:tag4:entity3:key0029E0FC:ref3:ord0;page130:tag3:entity3:key0029E0FC:ref3:ord0;page136:tag3:entity3:key0029E0FC:ref3:ord0;page142:tag3:entity3:key0029E0FC:ref3:ord0;page148:tag4:entity3:key0029E0FC:ref3:ord0;page154:tag5:entity3:key0029E0FC:ref3:ord0;page160:tag3:entity3:key0029E0FC:ref3:ord0;page166:tag3:entity3:key0029E0FC:ref3:ord0;page172:tag4:entity3:key0029E0FC:ref3:ord0;page178:tag4:entity3:key0029E0FC:ref3:ord0;page184:tag4:entity3:key0029E0FC:ref3:ord0;page190:tag2:entity3:key0029E0FC:ref3:ord0;page196:tag2:entity3:key0029E0FC:ref3:ord0;page202:tag4:entity3:key0029E0FC:ref3:ord0;page208:tag4:entity3:key0029E0FC:ref3:ord0;page214:tag3:entity3:key0029E0FC:ref3:ord0;page220:tag4:entity3:key0029E0FC:ref3:ord0;page226:tag4:entity3:key0029E0FC:ref3:ord0;page232:tag4:entity3:key0029E0FC:ref3:ord0;page238:tag2:entity3:key0029E0FC:ref3:ord0;page244:tag4:entity3:key0029E0FC:ref3:ord0;page250:tag4:entity3:key0029E0FC:ref3:ord0;page256:tag2:entity3:key0029E0FC:ref3:ord0;page262:tag2:entity3:key0029E0FC:ref3:ord0;page268:tag4:entity3:key0029E0FC:ref3:ord0;page274:tag4:entity3:key0029E0FC:ref3:ord0;page280:tag4:entity3:key0029E0FC:ref3:ord0;page286:tag4:entity3:key0029E0FC:ref3:ord0;page292:tag4:entity3:key0029E0FC:ref3:ord0;page298:tag4:entity3:key0029E0FC:ref3:ord0;page304:tag4:entity3:key0029E0FC:ref3:ord0;page310:tag4:entity3:key0029E0FC:ref3:ord0;page316:tag4:entity3:key0029E0FC:ref3:ord0;page322:tag2:entity3:key0029E0FC:ref3:ord0;page328:tag4:entity3:key0029E0FC:ref3:ord0;page334:tag5:entity3:key0029E0FC:ref3:ord0;page340:tag4:entity3:key0029E0FC:ref3:ord0;page346:tag2:entity3:key0029E0FC:ref3:ord0;page352:tag2:entity3:key0029E0FC:ref3:ord0;page358:tag2:entity3:key0029E0FC:ref3:ord0;page364:tag2:entity3:key0029E0FC:ref3:ord0,"










          コロンビア　バランキヤ港沿岸   ","










          コスタリカ　カリブ海沿岸  ",OPENING/TUTORIAL ,,,,NOT_CHECKED,59,,NOT_STARTED,NOT_BUILT,NOT_TESTED,JPN_PRIMARY; MLG_CN_CONTEXT_AUXILIARY,mechanical template; resource_class=SLOT_OLANG; source_objects=51,"








哥斯达黎加，加勒比海岸","[""\n\n\n\n\n\n\n\n\n哥斯达黎加，加勒比海岸""]","










          Caribbean Coast, Costa Rica","[""\n\n\n\n\n\n\n\n\n\n\n          Caribbean Coast, Costa Rica""]",AUX_CN_ATTACHED,exact_jpn_slot_page_tag_reference_index;validated_slot_olang_map_entity_identity,master status=AUX_CN_ATTACHED; mapping method=exact_jpn_slot_page_tag_reference_index;validated_slot_olang_map_entity_identity; candidate attached as auxiliary evidence only; verify against JPN and context; auxiliary candidates only; JPN remains authoritative; verify against JPN text and context
5D99CB1E,4,4,4;4;4;4;4;4;4;4;4;4;4;4;4;4;4;4;4;4;4;4;4;4;4;4;4;4;4;4;4;4;4;4;4;4;4;4;4;4;4;4;4;4;4;4;4;4;4;4;4;4;4,51,,page22:tag2:entity4:key0029E0FC:ref4:ord0;page58:tag1:entity4:key0029E0FC:ref4:ord0;page76:tag8:entity4:key0029E0FC:ref4:ord0;page82:tag3:entity4:key0029E0FC:ref4:ord0;page88:tag5:entity4:key0029E0FC:ref4:ord0;page94:tag4:entity4:key0029E0FC:ref4:ord0;page100:tag4:entity4:key0029E0FC:ref4:ord0;page106:tag4:entity4:key0029E0FC:ref4:ord0;page112:tag4:entity4:key0029E0FC:ref4:ord0;page118:tag4:entity4:key0029E0FC:ref4:ord0;page124:tag4:entity4:key0029E0FC:ref4:ord0;page130:tag3:entity4:key0029E0FC:ref4:ord0;page136:tag3:entity4:key0029E0FC:ref4:ord0;page142:tag3:entity4:key0029E0FC:ref4:ord0;page148:tag4:entity4:key0029E0FC:ref4:ord0;page154:tag5:entity4:key0029E0FC:ref4:ord0;page160:tag3:entity4:key0029E0FC:ref4:ord0;page166:tag3:entity4:key0029E0FC:ref4:ord0;page172:tag4:entity4:key0029E0FC:ref4:ord0;page178:tag4:entity4:key0029E0FC:ref4:ord0;page184:tag4:entity4:key0029E0FC:ref4:ord0;page190:tag2:entity4:key0029E0FC:ref4:ord0;page196:tag2:entity4:key0029E0FC:ref4:ord0;page202:tag4:entity4:key0029E0FC:ref4:ord0;page208:tag4:entity4:key0029E0FC:ref4:ord0;page214:tag3:entity4:key0029E0FC:ref4:ord0;page220:tag4:entity4:key0029E0FC:ref4:ord0;page226:tag4:entity4:key0029E0FC:ref4:ord0;page232:tag4:entity4:key0029E0FC:ref4:ord0;page238:tag2:entity4:key0029E0FC:ref4:ord0;page244:tag4:entity4:key0029E0FC:ref4:ord0;page250:tag4:entity4:key0029E0FC:ref4:ord0;page256:tag2:entity4:key0029E0FC:ref4:ord0;page262:tag2:entity4:key0029E0FC:ref4:ord0;page268:tag4:entity4:key0029E0FC:ref4:ord0;page274:tag4:entity4:key0029E0FC:ref4:ord0;page280:tag4:entity4:key0029E0FC:ref4:ord0;page286:tag4:entity4:key0029E0FC:ref4:ord0;page292:tag4:entity4:key0029E0FC:ref4:ord0;page298:tag4:entity4:key0029E0FC:ref4:ord0;page304:tag4:entity4:key0029E0FC:ref4:ord0;page310:tag4:entity4:key0029E0FC:ref4:ord0;page316:tag4:entity4:key0029E0FC:ref4:ord0;page322:tag2:entity4:key0029E0FC:ref4:ord0;page328:tag4:entity4:key0029E0FC:ref4:ord0;page334:tag5:entity4:key0029E0FC:ref4:ord0;page340:tag4:entity4:key0029E0FC:ref4:ord0;page346:tag2:entity4:key0029E0FC:ref4:ord0;page352:tag2:entity4:key0029E0FC:ref4:ord0;page358:tag2:entity4:key0029E0FC:ref4:ord0;page364:tag2:entity4:key0029E0FC:ref4:ord0,"










          コスタリカ　カリブ海沿岸  ",OPENING/TUTORIAL ,"
MISSION COMPLETE ",,,,NOT_CHECKED,17,,NOT_STARTED,NOT_BUILT,NOT_TESTED,JPN_PRIMARY; MLG_CN_CONTEXT_AUXILIARY,mechanical template; resource_class=SLOT_OLANG; source_objects=51,开场/教程,"[""开场/教程""]",OPENING/TUTORIAL ,"[""OPENING/TUTORIAL ""]",AUX_CN_ATTACHED,exact_jpn_slot_page_tag_reference_index;validated_slot_olang_map_entity_identity,master status=AUX_CN_ATTACHED; mapping method=exact_jpn_slot_page_tag_reference_index;validated_slot_olang_map_entity_identity; candidate attached as auxiliary evidence only; verify against JPN and context; auxiliary candidates only; JPN remains authoritative; verify against JPN text and context
5D99CB1E,5,5,5;7;9;11;5;7;9;11;5;7;9;11;5;7;9;11;5;7;9;11;5;7;9;11;5;7;9;11;5;7;9;11;5;7;9;11;5;7;9;11;5;7;9;11;5;7;9;11;5;7;9;11;5;7;9;11;5;7;9;11;5;7;9;11;5;7;9;11;5;7;9;11;5;7;9;11;5;7;9;11;5;7;9;11;5;7;9;11;5;7;9;11;5;7;9;11;5;7;9;11;5;7;9;11;5;7;9;11;5;7;9;11;5;7;9;11;5;7;9;11;5;7;9;11;5;7;9;11;5;7;9;11;5;7;9;11;5;7;9;11;5;7;9;11;5;7;9;11;5;7;9;11;5;7;9;11;5;7;9;11;5;7;9;11;5;7;9;11;5;7;9;11;5;7;9;11;5;7;9;11;5;7;9;11;5;7;9;11;5;7;9;11;5;7;9;11;5;7;9;11;5;7;9;11,204,,page22:tag2:entity5:key0029E0FC:ref5:ord0;page22:tag2:entity7:key0029E0FC:ref7:ord0;page22:tag2:entity9:key0029E0FC:ref9:ord0;page22:tag2:entity11:key0029E0FC:ref11:ord0;page58:tag1:entity5:key0029E0FC:ref5:ord0;page58:tag1:entity7:key0029E0FC:ref7:ord0;page58:tag1:entity9:key0029E0FC:ref9:ord0;page58:tag1:entity11:key0029E0FC:ref11:ord0;page76:tag8:entity5:key0029E0FC:ref5:ord0;page76:tag8:entity7:key0029E0FC:ref7:ord0;page76:tag8:entity9:key0029E0FC:ref9:ord0;page76:tag8:entity11:key0029E0FC:ref11:ord0;page82:tag3:entity5:key0029E0FC:ref5:ord0;page82:tag3:entity7:key0029E0FC:ref7:ord0;page82:tag3:entity9:key0029E0FC:ref9:ord0;page82:tag3:entity11:key0029E0FC:ref11:ord0;page88:tag5:entity5:key0029E0FC:ref5:ord0;page88:tag5:entity7:key0029E0FC:ref7:ord0;page88:tag5:entity9:key0029E0FC:ref9:ord0;page88:tag5:entity11:key0029E0FC:ref11:ord0;page94:tag4:entity5:key0029E0FC:ref5:ord0;page94:tag4:entity7:key0029E0FC:ref7:ord0;page94:tag4:entity9:key0029E0FC:ref9:ord0;page94:tag4:entity11:key0029E0FC:ref11:ord0;page100:tag4:entity5:key0029E0FC:ref5:ord0;page100:tag4:entity7:key0029E0FC:ref7:ord0;page100:tag4:entity9:key0029E0FC:ref9:ord0;page100:tag4:entity11:key0029E0FC:ref11:ord0;page106:tag4:entity5:key0029E0FC:ref5:ord0;page106:tag4:entity7:key0029E0FC:ref7:ord0;page106:tag4:entity9:key0029E0FC:ref9:ord0;page106:tag4:entity11:key0029E0FC:ref11:ord0;page112:tag4:entity5:key0029E0FC:ref5:ord0;page112:tag4:entity7:key0029E0FC:ref7:ord0;page112:tag4:entity9:key0029E0FC:ref9:ord0;page112:tag4:entity11:key0029E0FC:ref11:ord0;page118:tag4:entity5:key0029E0FC:ref5:ord0;page118:tag4:entity7:key0029E0FC:ref7:ord0;page118:tag4:entity9:key0029E0FC:ref9:ord0;page118:tag4:entity11:key0029E0FC:ref11:ord0;page124:tag4:entity5:key0029E0FC:ref5:ord0;page124:tag4:entity7:key0029E0FC:ref7:ord0;page124:tag4:entity9:key0029E0FC:ref9:ord0;page124:tag4:entity11:key0029E0FC:ref11:ord0;page130:tag3:entity5:key0029E0FC:ref5:ord0;page130:tag3:entity7:key0029E0FC:ref7:ord0;page130:tag3:entity9:key0029E0FC:ref9:ord0;page130:tag3:entity11:key0029E0FC:ref11:ord0;page136:tag3:entity5:key0029E0FC:ref5:ord0;page136:tag3:entity7:key0029E0FC:ref7:ord0;page136:tag3:entity9:key0029E0FC:ref9:ord0;page136:tag3:entity11:key0029E0FC:ref11:ord0;page142:tag3:entity5:key0029E0FC:ref5:ord0;page142:tag3:entity7:key0029E0FC:ref7:ord0;page142:tag3:entity9:key0029E0FC:ref9:ord0;page142:tag3:entity11:key0029E0FC:ref11:ord0;page148:tag4:entity5:key0029E0FC:ref5:ord0;page148:tag4:entity7:key0029E0FC:ref7:ord0;page148:tag4:entity9:key0029E0FC:ref9:ord0;page148:tag4:entity11:key0029E0FC:ref11:ord0;page154:tag5:entity5:key0029E0FC:ref5:ord0;page154:tag5:entity7:key0029E0FC:ref7:ord0;page154:tag5:entity9:key0029E0FC:ref9:ord0;page154:tag5:entity11:key0029E0FC:ref11:ord0;page160:tag3:entity5:key0029E0FC:ref5:ord0;page160:tag3:entity7:key0029E0FC:ref7:ord0;page160:tag3:entity9:key0029E0FC:ref9:ord0;page160:tag3:entity11:key0029E0FC:ref11:ord0;page166:tag3:entity5:key0029E0FC:ref5:ord0;page166:tag3:entity7:key0029E0FC:ref7:ord0;page166:tag3:entity9:key0029E0FC:ref9:ord0;page166:tag3:entity11:key0029E0FC:ref11:ord0;page172:tag4:entity5:key0029E0FC:ref5:ord0;page172:tag4:entity7:key0029E0FC:ref7:ord0;page172:tag4:entity9:key0029E0FC:ref9:ord0;page172:tag4:entity11:key0029E0FC:ref11:ord0;page178:tag4:entity5:key0029E0FC:ref5:ord0;page178:tag4:entity7:key0029E0FC:ref7:ord0;page178:tag4:entity9:key0029E0FC:ref9:ord0;page178:tag4:entity11:key0029E0FC:ref11:ord0;page184:tag4:entity5:key0029E0FC:ref5:ord0;page184:tag4:entity7:key0029E0FC:ref7:ord0;page184:tag4:entity9:key0029E0FC:ref9:ord0;page184:tag4:entity11:key0029E0FC:ref11:ord0;page190:tag2:entity5:key0029E0FC:ref5:ord0;page190:tag2:entity7:key0029E0FC:ref7:ord0;page190:tag2:entity9:key0029E0FC:ref9:ord0;page190:tag2:entity11:key0029E0FC:ref11:ord0;page196:tag2:entity5:key0029E0FC:ref5:ord0;page196:tag2:entity7:key0029E0FC:ref7:ord0;page196:tag2:entity9:key0029E0FC:ref9:ord0;page196:tag2:entity11:key0029E0FC:ref11:ord0;page202:tag4:entity5:key0029E0FC:ref5:ord0;page202:tag4:entity7:key0029E0FC:ref7:ord0;page202:tag4:entity9:key0029E0FC:ref9:ord0;page202:tag4:entity11:key0029E0FC:ref11:ord0;page208:tag4:entity5:key0029E0FC:ref5:ord0;page208:tag4:entity7:key0029E0FC:ref7:ord0;page208:tag4:entity9:key0029E0FC:ref9:ord0;page208:tag4:entity11:key0029E0FC:ref11:ord0;page214:tag3:entity5:key0029E0FC:ref5:ord0;page214:tag3:entity7:key0029E0FC:ref7:ord0;page214:tag3:entity9:key0029E0FC:ref9:ord0;page214:tag3:entity11:key0029E0FC:ref11:ord0;page220:tag4:entity5:key0029E0FC:ref5:ord0;page220:tag4:entity7:key0029E0FC:ref7:ord0;page220:tag4:entity9:key0029E0FC:ref9:ord0;page220:tag4:entity11:key0029E0FC:ref11:ord0;page226:tag4:entity5:key0029E0FC:ref5:ord0;page226:tag4:entity7:key0029E0FC:ref7:ord0;page226:tag4:entity9:key0029E0FC:ref9:ord0;page226:tag4:entity11:key0029E0FC:ref11:ord0;page232:tag4:entity5:key0029E0FC:ref5:ord0;page232:tag4:entity7:key0029E0FC:ref7:ord0;page232:tag4:entity9:key0029E0FC:ref9:ord0;page232:tag4:entity11:key0029E0FC:ref11:ord0;page238:tag2:entity5:key0029E0FC:ref5:ord0;page238:tag2:entity7:key0029E0FC:ref7:ord0;page238:tag2:entity9:key0029E0FC:ref9:ord0;page238:tag2:entity11:key0029E0FC:ref11:ord0;page244:tag4:entity5:key0029E0FC:ref5:ord0;page244:tag4:entity7:key0029E0FC:ref7:ord0;page244:tag4:entity9:key0029E0FC:ref9:ord0;page244:tag4:entity11:key0029E0FC:ref11:ord0;page250:tag4:entity5:key0029E0FC:ref5:ord0;page250:tag4:entity7:key0029E0FC:ref7:ord0;page250:tag4:entity9:key0029E0FC:ref9:ord0;page250:tag4:entity11:key0029E0FC:ref11:ord0;page256:tag2:entity5:key0029E0FC:ref5:ord0;page256:tag2:entity7:key0029E0FC:ref7:ord0;page256:tag2:entity9:key0029E0FC:ref9:ord0;page256:tag2:entity11:key0029E0FC:ref11:ord0;page262:tag2:entity5:key0029E0FC:ref5:ord0;page262:tag2:entity7:key0029E0FC:ref7:ord0;page262:tag2:entity9:key0029E0FC:ref9:ord0;page262:tag2:entity11:key0029E0FC:ref11:ord0;page268:tag4:entity5:key0029E0FC:ref5:ord0;page268:tag4:entity7:key0029E0FC:ref7:ord0;page268:tag4:entity9:key0029E0FC:ref9:ord0;page268:tag4:entity11:key0029E0FC:ref11:ord0;page274:tag4:entity5:key0029E0FC:ref5:ord0;page274:tag4:entity7:key0029E0FC:ref7:ord0;page274:tag4:entity9:key0029E0FC:ref9:ord0;page274:tag4:entity11:key0029E0FC:ref11:ord0;page280:tag4:entity5:key0029E0FC:ref5:ord0;page280:tag4:entity7:key0029E0FC:ref7:ord0;page280:tag4:entity9:key0029E0FC:ref9:ord0;page280:tag4:entity11:key0029E0FC:ref11:ord0;page286:tag4:entity5:key0029E0FC:ref5:ord0;page286:tag4:entity7:key0029E0FC:ref7:ord0;page286:tag4:entity9:key0029E0FC:ref9:ord0;page286:tag4:entity11:key0029E0FC:ref11:ord0;page292:tag4:entity5:key0029E0FC:ref5:ord0;page292:tag4:entity7:key0029E0FC:ref7:ord0;page292:tag4:entity9:key0029E0FC:ref9:ord0;page292:tag4:entity11:key0029E0FC:ref11:ord0;page298:tag4:entity5:key0029E0FC:ref5:ord0;page298:tag4:entity7:key0029E0FC:ref7:ord0;page298:tag4:entity9:key0029E0FC:ref9:ord0;page298:tag4:entity11:key0029E0FC:ref11:ord0;page304:tag4:entity5:key0029E0FC:ref5:ord0;page304:tag4:entity7:key0029E0FC:ref7:ord0;page304:tag4:entity9:key0029E0FC:ref9:ord0;page304:tag4:entity11:key0029E0FC:ref11:ord0;page310:tag4:entity5:key0029E0FC:ref5:ord0;page310:tag4:entity7:key0029E0FC:ref7:ord0;page310:tag4:entity9:key0029E0FC:ref9:ord0;page310:tag4:entity11:key0029E0FC:ref11:ord0;page316:tag4:entity5:key0029E0FC:ref5:ord0;page316:tag4:entity7:key0029E0FC:ref7:ord0;page316:tag4:entity9:key0029E0FC:ref9:ord0;page316:tag4:entity11:key0029E0FC:ref11:ord0;page322:tag2:entity5:key0029E0FC:ref5:ord0;page322:tag2:entity7:key0029E0FC:ref7:ord0;page322:tag2:entity9:key0029E0FC:ref9:ord0;page322:tag2:entity11:key0029E0FC:ref11:ord0;page328:tag4:entity5:key0029E0FC:ref5:ord0;page328:tag4:entity7:key0029E0FC:ref7:ord0;page328:tag4:entity9:key0029E0FC:ref9:ord0;page328:tag4:entity11:key0029E0FC:ref11:ord0;page334:tag5:entity5:key0029E0FC:ref5:ord0;page334:tag5:entity7:key0029E0FC:ref7:ord0;page334:tag5:entity9:key0029E0FC:ref9:ord0;page334:tag5:entity11:key0029E0FC:ref11:ord0;page340:tag4:entity5:key0029E0FC:ref5:ord0;page340:tag4:entity7:key0029E0FC:ref7:ord0;page340:tag4:entity9:key0029E0FC:ref9:ord0;page340:tag4:entity11:key0029E0FC:ref11:ord0;page346:tag2:entity5:key0029E0FC:ref5:ord0;page346:tag2:entity7:key0029E0FC:ref7:ord0;page346:tag2:entity9:key0029E0FC:ref9:ord0;page346:tag2:entity11:key0029E0FC:ref11:ord0;page352:tag2:entity5:key0029E0FC:ref5:ord0;page352:tag2:entity7:key0029E0FC:ref7:ord0;page352:tag2:entity9:key0029E0FC:ref9:ord0;page352:tag2:entity11:key0029E0FC:ref11:ord0;page358:tag2:entity5:key0029E0FC:ref5:ord0;page358:tag2:entity7:key0029E0FC:ref7:ord0;page358:tag2:entity9:key0029E0FC:ref9:ord0;page358:tag2:entity11:key0029E0FC:ref11:ord0;page364:tag2:entity5:key0029E0FC:ref5:ord0;page364:tag2:entity7:key0029E0FC:ref7:ord0;page364:tag2:entity9:key0029E0FC:ref9:ord0;page364:tag2:entity11:key0029E0FC:ref11:ord0,OPENING/TUTORIAL ,"
MISSION COMPLETE ",TAKE CONTROL OF THE ENEMIES' STRONGHOLD ,,,,NOT_CHECKED,18,,NOT_STARTED,NOT_BUILT,NOT_TESTED,JPN_PRIMARY; MLG_CN_CONTEXT_AUXILIARY,mechanical template; resource_class=SLOT_OLANG; source_objects=204,"
任务完成","[""\n任务完成""]","
MISSION COMPLETE ","[""\nMISSION COMPLETE ""]",AUX_CN_ATTACHED,exact_jpn_slot_page_tag_reference_index;validated_slot_olang_map_entity_identity,master status=AUX_CN_ATTACHED; mapping method=exact_jpn_slot_page_tag_reference_index;validated_slot_olang_map_entity_identity; candidate attached as auxiliary evidence only; verify against JPN and context; auxiliary candidates only; JPN remains authoritative; verify against JPN text and context
5D99CB1E,6,6,6;6;6;6;6;6;6;6;6;6;6;6;6;6;6;6;6;6;6;6;6;6;6;6;6;6;6;6;6;6;6;6;6;6;6;6;6;6;6;6;6;6;6;6;6;6;6;6;6;6;6,51,,page22:tag2:entity6:key0029E0FC:ref6:ord0;page58:tag1:entity6:key0029E0FC:ref6:ord0;page76:tag8:entity6:key0029E0FC:ref6:ord0;page82:tag3:entity6:key0029E0FC:ref6:ord0;page88:tag5:entity6:key0029E0FC:ref6:ord0;page94:tag4:entity6:key0029E0FC:ref6:ord0;page100:tag4:entity6:key0029E0FC:ref6:ord0;page106:tag4:entity6:key0029E0FC:ref6:ord0;page112:tag4:entity6:key0029E0FC:ref6:ord0;page118:tag4:entity6:key0029E0FC:ref6:ord0;page124:tag4:entity6:key0029E0FC:ref6:ord0;page130:tag3:entity6:key0029E0FC:ref6:ord0;page136:tag3:entity6:key0029E0FC:ref6:ord0;page142:tag3:entity6:key0029E0FC:ref6:ord0;page148:tag4:entity6:key0029E0FC:ref6:ord0;page154:tag5:entity6:key0029E0FC:ref6:ord0;page160:tag3:entity6:key0029E0FC:ref6:ord0;page166:tag3:entity6:key0029E0FC:ref6:ord0;page172:tag4:entity6:key0029E0FC:ref6:ord0;page178:tag4:entity6:key0029E0FC:ref6:ord0;page184:tag4:entity6:key0029E0FC:ref6:ord0;page190:tag2:entity6:key0029E0FC:ref6:ord0;page196:tag2:entity6:key0029E0FC:ref6:ord0;page202:tag4:entity6:key0029E0FC:ref6:ord0;page208:tag4:entity6:key0029E0FC:ref6:ord0;page214:tag3:entity6:key0029E0FC:ref6:ord0;page220:tag4:entity6:key0029E0FC:ref6:ord0;page226:tag4:entity6:key0029E0FC:ref6:ord0;page232:tag4:entity6:key0029E0FC:ref6:ord0;page238:tag2:entity6:key0029E0FC:ref6:ord0;page244:tag4:entity6:key0029E0FC:ref6:ord0;page250:tag4:entity6:key0029E0FC:ref6:ord0;page256:tag2:entity6:key0029E0FC:ref6:ord0;page262:tag2:entity6:key0029E0FC:ref6:ord0;page268:tag4:entity6:key0029E0FC:ref6:ord0;page274:tag4:entity6:key0029E0FC:ref6:ord0;page280:tag4:entity6:key0029E0FC:ref6:ord0;page286:tag4:entity6:key0029E0FC:ref6:ord0;page292:tag4:entity6:key0029E0FC:ref6:ord0;page298:tag4:entity6:key0029E0FC:ref6:ord0;page304:tag4:entity6:key0029E0FC:ref6:ord0;page310:tag4:entity6:key0029E0FC:ref6:ord0;page316:tag4:entity6:key0029E0FC:ref6:ord0;page322:tag2:entity6:key0029E0FC:ref6:ord0;page328:tag4:entity6:key0029E0FC:ref6:ord0;page334:tag5:entity6:key0029E0FC:ref6:ord0;page340:tag4:entity6:key0029E0FC:ref6:ord0;page346:tag2:entity6:key0029E0FC:ref6:ord0;page352:tag2:entity6:key0029E0FC:ref6:ord0;page358:tag2:entity6:key0029E0FC:ref6:ord0;page364:tag2:entity6:key0029E0FC:ref6:ord0,"
MISSION COMPLETE ",TAKE CONTROL OF THE ENEMIES' STRONGHOLD ,"
MISSION COMPLETE ",,,,NOT_CHECKED,40,,NOT_STARTED,NOT_BUILT,NOT_TESTED,JPN_PRIMARY; MLG_CN_CONTEXT_AUXILIARY,mechanical template; resource_class=SLOT_OLANG; source_objects=51,夺取敌方据点,"[""夺取敌方据点""]",TAKE CONTROL OF THE ENEMIES' STRONGHOLD ,"[""TAKE CONTROL OF THE ENEMIES' STRONGHOLD ""]",AUX_CN_ATTACHED,exact_jpn_slot_page_tag_reference_index;validated_slot_olang_map_entity_identity,master status=AUX_CN_ATTACHED; mapping method=exact_jpn_slot_page_tag_reference_index;validated_slot_olang_map_entity_identity; candidate attached as auxiliary evidence only; verify against JPN and context; auxiliary candidates only; JPN remains authoritative; verify against JPN text and context
5D99CB1E,7,8,8;8;8;8;8;8;8;8;8;8;8;8;8;8;8;8;8;8;8;8;8;8;8;8;8;8;8;8;8;8;8;8;8;8;8;8;8;8;8;8;8;8;8;8;8;8;8;8;8;8;8,51,,page22:tag2:entity8:key0029E0FC:ref8:ord0;page58:tag1:entity8:key0029E0FC:ref8:ord0;page76:tag8:entity8:key0029E0FC:ref8:ord0;page82:tag3:entity8:key0029E0FC:ref8:ord0;page88:tag5:entity8:key0029E0FC:ref8:ord0;page94:tag4:entity8:key0029E0FC:ref8:ord0;page100:tag4:entity8:key0029E0FC:ref8:ord0;page106:tag4:entity8:key0029E0FC:ref8:ord0;page112:tag4:entity8:key0029E0FC:ref8:ord0;page118:tag4:entity8:key0029E0FC:ref8:ord0;page124:tag4:entity8:key0029E0FC:ref8:ord0;page130:tag3:entity8:key0029E0FC:ref8:ord0;page136:tag3:entity8:key0029E0FC:ref8:ord0;page142:tag3:entity8:key0029E0FC:ref8:ord0;page148:tag4:entity8:key0029E0FC:ref8:ord0;page154:tag5:entity8:key0029E0FC:ref8:ord0;page160:tag3:entity8:key0029E0FC:ref8:ord0;page166:tag3:entity8:key0029E0FC:ref8:ord0;page172:tag4:entity8:key0029E0FC:ref8:ord0;page178:tag4:entity8:key0029E0FC:ref8:ord0;page184:tag4:entity8:key0029E0FC:ref8:ord0;page190:tag2:entity8:key0029E0FC:ref8:ord0;page196:tag2:entity8:key0029E0FC:ref8:ord0;page202:tag4:entity8:key0029E0FC:ref8:ord0;page208:tag4:entity8:key0029E0FC:ref8:ord0;page214:tag3:entity8:key0029E0FC:ref8:ord0;page220:tag4:entity8:key0029E0FC:ref8:ord0;page226:tag4:entity8:key0029E0FC:ref8:ord0;page232:tag4:entity8:key0029E0FC:ref8:ord0;page238:tag2:entity8:key0029E0FC:ref8:ord0;page244:tag4:entity8:key0029E0FC:ref8:ord0;page250:tag4:entity8:key0029E0FC:ref8:ord0;page256:tag2:entity8:key0029E0FC:ref8:ord0;page262:tag2:entity8:key0029E0FC:ref8:ord0;page268:tag4:entity8:key0029E0FC:ref8:ord0;page274:tag4:entity8:key0029E0FC:ref8:ord0;page280:tag4:entity8:key0029E0FC:ref8:ord0;page286:tag4:entity8:key0029E0FC:ref8:ord0;page292:tag4:entity8:key0029E0FC:ref8:ord0;page298:tag4:entity8:key0029E0FC:ref8:ord0;page304:tag4:entity8:key0029E0FC:ref8:ord0;page310:tag4:entity8:key0029E0FC:ref8:ord0;page316:tag4:entity8:key0029E0FC:ref8:ord0;page322:tag2:entity8:key0029E0FC:ref8:ord0;page328:tag4:entity8:key0029E0FC:ref8:ord0;page334:tag5:entity8:key0029E0FC:ref8:ord0;page340:tag4:entity8:key0029E0FC:ref8:ord0;page346:tag2:entity8:key0029E0FC:ref8:ord0;page352:tag2:entity8:key0029E0FC:ref8:ord0;page358:tag2:entity8:key0029E0FC:ref8:ord0;page364:tag2:entity8:key0029E0FC:ref8:ord0,"
MISSION COMPLETE ",STOP THE TANK : BANANAL FRUTA DE ORO ,"
MISSION COMPLETE ",,,,NOT_CHECKED,37,,NOT_STARTED,NOT_BUILT,NOT_TESTED,JPN_PRIMARY; MLG_CN_CONTEXT_AUXILIARY,mechanical template; resource_class=SLOT_OLANG; source_objects=51,阻止坦克：黄金果实香蕉园,"[""阻止坦克：黄金果实香蕉园""]",STOP THE TANK : BANANAL FRUTA DE ORO ,"[""STOP THE TANK : BANANAL FRUTA DE ORO ""]",AUX_CN_ATTACHED,exact_jpn_slot_page_tag_reference_index;validated_slot_olang_map_entity_identity,master status=AUX_CN_ATTACHED; mapping method=exact_jpn_slot_page_tag_reference_index;validated_slot_olang_map_entity_identity; candidate attached as auxiliary evidence only; verify against JPN and context; auxiliary candidates only; JPN remains authoritative; verify against JPN text and context
5D99CB1E,8,10,10;10;10;10;10;10;10;10;10;10;10;10;10;10;10;10;10;10;10;10;10;10;10;10;10;10;10;10;10;10;10;10;10;10;10;10;10;10;10;10;10;10;10;10;10;10;10;10;10;10;10,51,,page22:tag2:entity10:key0029E0FC:ref10:ord0;page58:tag1:entity10:key0029E0FC:ref10:ord0;page76:tag8:entity10:key0029E0FC:ref10:ord0;page82:tag3:entity10:key0029E0FC:ref10:ord0;page88:tag5:entity10:key0029E0FC:ref10:ord0;page94:tag4:entity10:key0029E0FC:ref10:ord0;page100:tag4:entity10:key0029E0FC:ref10:ord0;page106:tag4:entity10:key0029E0FC:ref10:ord0;page112:tag4:entity10:key0029E0FC:ref10:ord0;page118:tag4:entity10:key0029E0FC:ref10:ord0;page124:tag4:entity10:key0029E0FC:ref10:ord0;page130:tag3:entity10:key0029E0FC:ref10:ord0;page136:tag3:entity10:key0029E0FC:ref10:ord0;page142:tag3:entity10:key0029E0FC:ref10:ord0;page148:tag4:entity10:key0029E0FC:ref10:ord0;page154:tag5:entity10:key0029E0FC:ref10:ord0;page160:tag3:entity10:key0029E0FC:ref10:ord0;page166:tag3:entity10:key0029E0FC:ref10:ord0;page172:tag4:entity10:key0029E0FC:ref10:ord0;page178:tag4:entity10:key0029E0FC:ref10:ord0;page184:tag4:entity10:key0029E0FC:ref10:ord0;page190:tag2:entity10:key0029E0FC:ref10:ord0;page196:tag2:entity10:key0029E0FC:ref10:ord0;page202:tag4:entity10:key0029E0FC:ref10:ord0;page208:tag4:entity10:key0029E0FC:ref10:ord0;page214:tag3:entity10:key0029E0FC:ref10:ord0;page220:tag4:entity10:key0029E0FC:ref10:ord0;page226:tag4:entity10:key0029E0FC:ref10:ord0;page232:tag4:entity10:key0029E0FC:ref10:ord0;page238:tag2:entity10:key0029E0FC:ref10:ord0;page244:tag4:entity10:key0029E0FC:ref10:ord0;page250:tag4:entity10:key0029E0FC:ref10:ord0;page256:tag2:entity10:key0029E0FC:ref10:ord0;page262:tag2:entity10:key0029E0FC:ref10:ord0;page268:tag4:entity10:key0029E0FC:ref10:ord0;page274:tag4:entity10:key0029E0FC:ref10:ord0;page280:tag4:entity10:key0029E0FC:ref10:ord0;page286:tag4:entity10:key0029E0FC:ref10:ord0;page292:tag4:entity10:key0029E0FC:ref10:ord0;page298:tag4:entity10:key0029E0FC:ref10:ord0;page304:tag4:entity10:key0029E0FC:ref10:ord0;page310:tag4:entity10:key0029E0FC:ref10:ord0;page316:tag4:entity10:key0029E0FC:ref10:ord0;page322:tag2:entity10:key0029E0FC:ref10:ord0;page328:tag4:entity10:key0029E0FC:ref10:ord0;page334:tag5:entity10:key0029E0FC:ref10:ord0;page340:tag4:entity10:key0029E0FC:ref10:ord0;page346:tag2:entity10:key0029E0FC:ref10:ord0;page352:tag2:entity10:key0029E0FC:ref10:ord0;page358:tag2:entity10:key0029E0FC:ref10:ord0;page364:tag2:entity10:key0029E0FC:ref10:ord0,"
MISSION COMPLETE ",ASSAULT ON THE CRATER BASE ,"
MISSION COMPLETE ",,,,NOT_CHECKED,27,,NOT_STARTED,NOT_BUILT,NOT_TESTED,JPN_PRIMARY; MLG_CN_CONTEXT_AUXILIARY,mechanical template; resource_class=SLOT_OLANG; source_objects=51,突袭陨石坑基地,"[""突袭陨石坑基地""]",ASSAULT ON THE CRATER BASE ,"[""ASSAULT ON THE CRATER BASE ""]",AUX_CN_ATTACHED,exact_jpn_slot_page_tag_reference_index;validated_slot_olang_map_entity_identity,master status=AUX_CN_ATTACHED; mapping method=exact_jpn_slot_page_tag_reference_index;validated_slot_olang_map_entity_identity; candidate attached as auxiliary evidence only; verify against JPN and context; auxiliary candidates only; JPN remains authoritative; verify against JPN text and context
5D99CB1E,9,12,12;12;12;12;12;12;12;12;12;12;12;12;12;12;12;12;12;12;12;12;12;12;12;12;12;12;12;12;12;12;12;12;12;12;12;12;12;12;12;12;12;12;12;12;12;12;12;12;12;12;12,51,,page22:tag2:entity12:key0029E0FC:ref12:ord0;page58:tag1:entity12:key0029E0FC:ref12:ord0;page76:tag8:entity12:key0029E0FC:ref12:ord0;page82:tag3:entity12:key0029E0FC:ref12:ord0;page88:tag5:entity12:key0029E0FC:ref12:ord0;page94:tag4:entity12:key0029E0FC:ref12:ord0;page100:tag4:entity12:key0029E0FC:ref12:ord0;page106:tag4:entity12:key0029E0FC:ref12:ord0;page112:tag4:entity12:key0029E0FC:ref12:ord0;page118:tag4:entity12:key0029E0FC:ref12:ord0;page124:tag4:entity12:key0029E0FC:ref12:ord0;page130:tag3:entity12:key0029E0FC:ref12:ord0;page136:tag3:entity12:key0029E0FC:ref12:ord0;page142:tag3:entity12:key0029E0FC:ref12:ord0;page148:tag4:entity12:key0029E0FC:ref12:ord0;page154:tag5:entity12:key0029E0FC:ref12:ord0;page160:tag3:entity12:key0029E0FC:ref12:ord0;page166:tag3:entity12:key0029E0FC:ref12:ord0;page172:tag4:entity12:key0029E0FC:ref12:ord0;page178:tag4:entity12:key0029E0FC:ref12:ord0;page184:tag4:entity12:key0029E0FC:ref12:ord0;page190:tag2:entity12:key0029E0FC:ref12:ord0;page196:tag2:entity12:key0029E0FC:ref12:ord0;page202:tag4:entity12:key0029E0FC:ref12:ord0;page208:tag4:entity12:key0029E0FC:ref12:ord0;page214:tag3:entity12:key0029E0FC:ref12:ord0;page220:tag4:entity12:key0029E0FC:ref12:ord0;page226:tag4:entity12:key0029E0FC:ref12:ord0;page232:tag4:entity12:key0029E0FC:ref12:ord0;page238:tag2:entity12:key0029E0FC:ref12:ord0;page244:tag4:entity12:key0029E0FC:ref12:ord0;page250:tag4:entity12:key0029E0FC:ref12:ord0;page256:tag2:entity12:key0029E0FC:ref12:ord0;page262:tag2:entity12:key0029E0FC:ref12:ord0;page268:tag4:entity12:key0029E0FC:ref12:ord0;page274:tag4:entity12:key0029E0FC:ref12:ord0;page280:tag4:entity12:key0029E0FC:ref12:ord0;page286:tag4:entity12:key0029E0FC:ref12:ord0;page292:tag4:entity12:key0029E0FC:ref12:ord0;page298:tag4:entity12:key0029E0FC:ref12:ord0;page304:tag4:entity12:key0029E0FC:ref12:ord0;page310:tag4:entity12:key0029E0FC:ref12:ord0;page316:tag4:entity12:key0029E0FC:ref12:ord0;page322:tag2:entity12:key0029E0FC:ref12:ord0;page328:tag4:entity12:key0029E0FC:ref12:ord0;page334:tag5:entity12:key0029E0FC:ref12:ord0;page340:tag4:entity12:key0029E0FC:ref12:ord0;page346:tag2:entity12:key0029E0FC:ref12:ord0;page352:tag2:entity12:key0029E0FC:ref12:ord0;page358:tag2:entity12:key0029E0FC:ref12:ord0;page364:tag2:entity12:key0029E0FC:ref12:ord0,"
MISSION COMPLETE ",1974年11月4日  20:31,コロンビア　バランキア港沿岸,,,,NOT_CHECKED,23,,NOT_STARTED,NOT_BUILT,NOT_TESTED,JPN_PRIMARY; MLG_CN_CONTEXT_AUXILIARY,mechanical template; resource_class=SLOT_OLANG; source_objects=51,1974年11月4日 20:31,"[""1974年11月4日 20:31""]","November 4, 1974 20:31","[""November 4, 1974 20:31""]",AUX_CN_ATTACHED,exact_jpn_slot_page_tag_reference_index;validated_slot_olang_map_entity_identity,master status=AUX_CN_ATTACHED; mapping method=exact_jpn_slot_page_tag_reference_index;validated_slot_olang_map_entity_identity; candidate attached as auxiliary evidence only; verify against JPN and context; auxiliary candidates only; JPN remains authoritative; verify against JPN text and context
5D99CB1E,10,13,13;13;13;13;13;13;13;13;13;13;13;13;13;13;13;13;13;13;13;13;13;13;13;13;13;13;13;13;13;13;13;13;13;13;13;13;13;13;13;13;13;13;13;13;13;13;13;13;13;13;13,51,,page22:tag2:entity13:key0029E0FC:ref13:ord0;page58:tag1:entity13:key0029E0FC:ref13:ord0;page76:tag8:entity13:key0029E0FC:ref13:ord0;page82:tag3:entity13:key0029E0FC:ref13:ord0;page88:tag5:entity13:key0029E0FC:ref13:ord0;page94:tag4:entity13:key0029E0FC:ref13:ord0;page100:tag4:entity13:key0029E0FC:ref13:ord0;page106:tag4:entity13:key0029E0FC:ref13:ord0;page112:tag4:entity13:key0029E0FC:ref13:ord0;page118:tag4:entity13:key0029E0FC:ref13:ord0;page124:tag4:entity13:key0029E0FC:ref13:ord0;page130:tag3:entity13:key0029E0FC:ref13:ord0;page136:tag3:entity13:key0029E0FC:ref13:ord0;page142:tag3:entity13:key0029E0FC:ref13:ord0;page148:tag4:entity13:key0029E0FC:ref13:ord0;page154:tag5:entity13:key0029E0FC:ref13:ord0;page160:tag3:entity13:key0029E0FC:ref13:ord0;page166:tag3:entity13:key0029E0FC:ref13:ord0;page172:tag4:entity13:key0029E0FC:ref13:ord0;page178:tag4:entity13:key0029E0FC:ref13:ord0;page184:tag4:entity13:key0029E0FC:ref13:ord0;page190:tag2:entity13:key0029E0FC:ref13:ord0;page196:tag2:entity13:key0029E0FC:ref13:ord0;page202:tag4:entity13:key0029E0FC:ref13:ord0;page208:tag4:entity13:key0029E0FC:ref13:ord0;page214:tag3:entity13:key0029E0FC:ref13:ord0;page220:tag4:entity13:key0029E0FC:ref13:ord0;page226:tag4:entity13:key0029E0FC:ref13:ord0;page232:tag4:entity13:key0029E0FC:ref13:ord0;page238:tag2:entity13:key0029E0FC:ref13:ord0;page244:tag4:entity13:key0029E0FC:ref13:ord0;page250:tag4:entity13:key0029E0FC:ref13:ord0;page256:tag2:entity13:key0029E0FC:ref13:ord0;page262:tag2:entity13:key0029E0FC:ref13:ord0;page268:tag4:entity13:key0029E0FC:ref13:ord0;page274:tag4:entity13:key0029E0FC:ref13:ord0;page280:tag4:entity13:key0029E0FC:ref13:ord0;page286:tag4:entity13:key0029E0FC:ref13:ord0;page292:tag4:entity13:key0029E0FC:ref13:ord0;page298:tag4:entity13:key0029E0FC:ref13:ord0;page304:tag4:entity13:key0029E0FC:ref13:ord0;page310:tag4:entity13:key0029E0FC:ref13:ord0;page316:tag4:entity13:key0029E0FC:ref13:ord0;page322:tag2:entity13:key0029E0FC:ref13:ord0;page328:tag4:entity13:key0029E0FC:ref13:ord0;page334:tag5:entity13:key0029E0FC:ref13:ord0;page340:tag4:entity13:key0029E0FC:ref13:ord0;page346:tag2:entity13:key0029E0FC:ref13:ord0;page352:tag2:entity13:key0029E0FC:ref13:ord0;page358:tag2:entity13:key0029E0FC:ref13:ord0;page364:tag2:entity13:key0029E0FC:ref13:ord0,1974年11月4日  20:31,コロンビア　バランキア港沿岸,1974年11月19日　コスタリカ,,,,NOT_CHECKED,42,,NOT_STARTED,NOT_BUILT,NOT_TESTED,JPN_PRIMARY; MLG_CN_CONTEXT_AUXILIARY,mechanical template; resource_class=SLOT_OLANG; source_objects=51,哥伦比亚，巴兰基亚海岸,"[""哥伦比亚，巴兰基亚海岸""]","Barranquilla Coast, Colombia","[""Barranquilla Coast, Colombia""]",AUX_CN_ATTACHED,exact_jpn_slot_page_tag_reference_index;validated_slot_olang_map_entity_identity,master status=AUX_CN_ATTACHED; mapping method=exact_jpn_slot_page_tag_reference_index;validated_slot_olang_map_entity_identity; candidate attached as auxiliary evidence only; verify against JPN and context; auxiliary candidates only; JPN remains authoritative; verify against JPN text and context
5D99CB1E,11,14,14;14;14;14;14;14;14;14;14;14;14;14;14;14;14;14;14;14;14;14;14;14;14;14;14;14;14;14;14;14;14;14;14;14;14;14;14;14;14;14;14;14;14;14;14;14;14;14;14;14;14,51,,page22:tag2:entity14:key0029E0FC:ref14:ord0;page58:tag1:entity14:key0029E0FC:ref14:ord0;page76:tag8:entity14:key0029E0FC:ref14:ord0;page82:tag3:entity14:key0029E0FC:ref14:ord0;page88:tag5:entity14:key0029E0FC:ref14:ord0;page94:tag4:entity14:key0029E0FC:ref14:ord0;page100:tag4:entity14:key0029E0FC:ref14:ord0;page106:tag4:entity14:key0029E0FC:ref14:ord0;page112:tag4:entity14:key0029E0FC:ref14:ord0;page118:tag4:entity14:key0029E0FC:ref14:ord0;page124:tag4:entity14:key0029E0FC:ref14:ord0;page130:tag3:entity14:key0029E0FC:ref14:ord0;page136:tag3:entity14:key0029E0FC:ref14:ord0;page142:tag3:entity14:key0029E0FC:ref14:ord0;page148:tag4:entity14:key0029E0FC:ref14:ord0;page154:tag5:entity14:key0029E0FC:ref14:ord0;page160:tag3:entity14:key0029E0FC:ref14:ord0;page166:tag3:entity14:key0029E0FC:ref14:ord0;page172:tag4:entity14:key0029E0FC:ref14:ord0;page178:tag4:entity14:key0029E0FC:ref14:ord0;page184:tag4:entity14:key0029E0FC:ref14:ord0;page190:tag2:entity14:key0029E0FC:ref14:ord0;page196:tag2:entity14:key0029E0FC:ref14:ord0;page202:tag4:entity14:key0029E0FC:ref14:ord0;page208:tag4:entity14:key0029E0FC:ref14:ord0;page214:tag3:entity14:key0029E0FC:ref14:ord0;page220:tag4:entity14:key0029E0FC:ref14:ord0;page226:tag4:entity14:key0029E0FC:ref14:ord0;page232:tag4:entity14:key0029E0FC:ref14:ord0;page238:tag2:entity14:key0029E0FC:ref14:ord0;page244:tag4:entity14:key0029E0FC:ref14:ord0;page250:tag4:entity14:key0029E0FC:ref14:ord0;page256:tag2:entity14:key0029E0FC:ref14:ord0;page262:tag2:entity14:key0029E0FC:ref14:ord0;page268:tag4:entity14:key0029E0FC:ref14:ord0;page274:tag4:entity14:key0029E0FC:ref14:ord0;page280:tag4:entity14:key0029E0FC:ref14:ord0;page286:tag4:entity14:key0029E0FC:ref14:ord0;page292:tag4:entity14:key0029E0FC:ref14:ord0;page298:tag4:entity14:key0029E0FC:ref14:ord0;page304:tag4:entity14:key0029E0FC:ref14:ord0;page310:tag4:entity14:key0029E0FC:ref14:ord0;page316:tag4:entity14:key0029E0FC:ref14:ord0;page322:tag2:entity14:key0029E0FC:ref14:ord0;page328:tag4:entity14:key0029E0FC:ref14:ord0;page334:tag5:entity14:key0029E0FC:ref14:ord0;page340:tag4:entity14:key0029E0FC:ref14:ord0;page346:tag2:entity14:key0029E0FC:ref14:ord0;page352:tag2:entity14:key0029E0FC:ref14:ord0;page358:tag2:entity14:key0029E0FC:ref14:ord0;page364:tag2:entity14:key0029E0FC:ref14:ord0,コロンビア　バランキア港沿岸,1974年11月19日　コスタリカ,エレディア中央　セルバ・デ・ラ・レチェ,,,,NOT_CHECKED,35,,NOT_STARTED,NOT_BUILT,NOT_TESTED,JPN_PRIMARY; MLG_CN_CONTEXT_AUXILIARY,mechanical template; resource_class=SLOT_OLANG; source_objects=51,1974年11月19日 哥斯达黎加,"[""1974年11月19日 哥斯达黎加""]","November 19, 1974 Costa Rica","[""November 19, 1974 Costa Rica""]",AUX_CN_ATTACHED,exact_jpn_slot_page_tag_reference_index;validated_slot_olang_map_entity_identity,master status=AUX_CN_ATTACHED; mapping method=exact_jpn_slot_page_tag_reference_index;validated_slot_olang_map_entity_identity; candidate attached as auxiliary evidence only; verify against JPN and context; auxiliary candidates only; JPN remains authoritative; verify against JPN text and context
5D99CB1E,12,15,15;15;15;15;15;15;15;15;15;15;15;15;15;15;15;15;15;15;15;15;15;15;15;15;15;15;15;15;15;15;15;15;15;15;15;15;15;15;15;15;15;15;15;15;15;15;15;15;15;15;15,51,,page22:tag2:entity15:key0029E0FC:ref15:ord0;page58:tag1:entity15:key0029E0FC:ref15:ord0;page76:tag8:entity15:key0029E0FC:ref15:ord0;page82:tag3:entity15:key0029E0FC:ref15:ord0;page88:tag5:entity15:key0029E0FC:ref15:ord0;page94:tag4:entity15:key0029E0FC:ref15:ord0;page100:tag4:entity15:key0029E0FC:ref15:ord0;page106:tag4:entity15:key0029E0FC:ref15:ord0;page112:tag4:entity15:key0029E0FC:ref15:ord0;page118:tag4:entity15:key0029E0FC:ref15:ord0;page124:tag4:entity15:key0029E0FC:ref15:ord0;page130:tag3:entity15:key0029E0FC:ref15:ord0;page136:tag3:entity15:key0029E0FC:ref15:ord0;page142:tag3:entity15:key0029E0FC:ref15:ord0;page148:tag4:entity15:key0029E0FC:ref15:ord0;page154:tag5:entity15:key0029E0FC:ref15:ord0;page160:tag3:entity15:key0029E0FC:ref15:ord0;page166:tag3:entity15:key0029E0FC:ref15:ord0;page172:tag4:entity15:key0029E0FC:ref15:ord0;page178:tag4:entity15:key0029E0FC:ref15:ord0;page184:tag4:entity15:key0029E0FC:ref15:ord0;page190:tag2:entity15:key0029E0FC:ref15:ord0;page196:tag2:entity15:key0029E0FC:ref15:ord0;page202:tag4:entity15:key0029E0FC:ref15:ord0;page208:tag4:entity15:key0029E0FC:ref15:ord0;page214:tag3:entity15:key0029E0FC:ref15:ord0;page220:tag4:entity15:key0029E0FC:ref15:ord0;page226:tag4:entity15:key0029E0FC:ref15:ord0;page232:tag4:entity15:key0029E0FC:ref15:ord0;page238:tag2:entity15:key0029E0FC:ref15:ord0;page244:tag4:entity15:key0029E0FC:ref15:ord0;page250:tag4:entity15:key0029E0FC:ref15:ord0;page256:tag2:entity15:key0029E0FC:ref15:ord0;page262:tag2:entity15:key0029E0FC:ref15:ord0;page268:tag4:entity15:key0029E0FC:ref15:ord0;page274:tag4:entity15:key0029E0FC:ref15:ord0;page280:tag4:entity15:key0029E0FC:ref15:ord0;page286:tag4:entity15:key0029E0FC:ref15:ord0;page292:tag4:entity15:key0029E0FC:ref15:ord0;page298:tag4:entity15:key0029E0FC:ref15:ord0;page304:tag4:entity15:key0029E0FC:ref15:ord0;page310:tag4:entity15:key0029E0FC:ref15:ord0;page316:tag4:entity15:key0029E0FC:ref15:ord0;page322:tag2:entity15:key0029E0FC:ref15:ord0;page328:tag4:entity15:key0029E0FC:ref15:ord0;page334:tag5:entity15:key0029E0FC:ref15:ord0;page340:tag4:entity15:key0029E0FC:ref15:ord0;page346:tag2:entity15:key0029E0FC:ref15:ord0;page352:tag2:entity15:key0029E0FC:ref15:ord0;page358:tag2:entity15:key0029E0FC:ref15:ord0;page364:tag2:entity15:key0029E0FC:ref15:ord0,1974年11月19日　コスタリカ,エレディア中央　セルバ・デ・ラ・レチェ,1974年11月21日　コスタリカ,,,,NOT_CHECKED,57,,NOT_STARTED,NOT_BUILT,NOT_TESTED,JPN_PRIMARY; MLG_CN_CONTEXT_AUXILIARY,mechanical template; resource_class=SLOT_OLANG; source_objects=51,牛奶丛林，埃雷迪亚中部,"[""牛奶丛林，埃雷迪亚中部""]","Selva de la Leche, Central Heredia","[""Selva de la Leche, Central Heredia""]",AUX_CN_ATTACHED,exact_jpn_slot_page_tag_reference_index;validated_slot_olang_map_entity_identity,master status=AUX_CN_ATTACHED; mapping method=exact_jpn_slot_page_tag_reference_index;validated_slot_olang_map_entity_identity; candidate attached as auxiliary evidence only; verify against JPN and context; auxiliary candidates only; JPN remains authoritative; verify against JPN text and context
5D99CB1E,13,16,16;16;16;16;16;16;16;16;16;16;16;16;16;16;16;16;16;16;16;16;16;16;16;16;16;16;16;16;16;16;16;16;16;16;16;16;16;16;16;16;16;16;16;16;16;16;16;16;16;16;16,51,,page22:tag2:entity16:key0029E0FC:ref16:ord0;page58:tag1:entity16:key0029E0FC:ref16:ord0;page76:tag8:entity16:key0029E0FC:ref16:ord0;page82:tag3:entity16:key0029E0FC:ref16:ord0;page88:tag5:entity16:key0029E0FC:ref16:ord0;page94:tag4:entity16:key0029E0FC:ref16:ord0;page100:tag4:entity16:key0029E0FC:ref16:ord0;page106:tag4:entity16:key0029E0FC:ref16:ord0;page112:tag4:entity16:key0029E0FC:ref16:ord0;page118:tag4:entity16:key0029E0FC:ref16:ord0;page124:tag4:entity16:key0029E0FC:ref16:ord0;page130:tag3:entity16:key0029E0FC:ref16:ord0;page136:tag3:entity16:key0029E0FC:ref16:ord0;page142:tag3:entity16:key0029E0FC:ref16:ord0;page148:tag4:entity16:key0029E0FC:ref16:ord0;page154:tag5:entity16:key0029E0FC:ref16:ord0;page160:tag3:entity16:key0029E0FC:ref16:ord0;page166:tag3:entity16:key0029E0FC:ref16:ord0;page172:tag4:entity16:key0029E0FC:ref16:ord0;page178:tag4:entity16:key0029E0FC:ref16:ord0;page184:tag4:entity16:key0029E0FC:ref16:ord0;page190:tag2:entity16:key0029E0FC:ref16:ord0;page196:tag2:entity16:key0029E0FC:ref16:ord0;page202:tag4:entity16:key0029E0FC:ref16:ord0;page208:tag4:entity16:key0029E0FC:ref16:ord0;page214:tag3:entity16:key0029E0FC:ref16:ord0;page220:tag4:entity16:key0029E0FC:ref16:ord0;page226:tag4:entity16:key0029E0FC:ref16:ord0;page232:tag4:entity16:key0029E0FC:ref16:ord0;page238:tag2:entity16:key0029E0FC:ref16:ord0;page244:tag4:entity16:key0029E0FC:ref16:ord0;page250:tag4:entity16:key0029E0FC:ref16:ord0;page256:tag2:entity16:key0029E0FC:ref16:ord0;page262:tag2:entity16:key0029E0FC:ref16:ord0;page268:tag4:entity16:key0029E0FC:ref16:ord0;page274:tag4:entity16:key0029E0FC:ref16:ord0;page280:tag4:entity16:key0029E0FC:ref16:ord0;page286:tag4:entity16:key0029E0FC:ref16:ord0;page292:tag4:entity16:key0029E0FC:ref16:ord0;page298:tag4:entity16:key0029E0FC:ref16:ord0;page304:tag4:entity16:key0029E0FC:ref16:ord0;page310:tag4:entity16:key0029E0FC:ref16:ord0;page316:tag4:entity16:key0029E0FC:ref16:ord0;page322:tag2:entity16:key0029E0FC:ref16:ord0;page328:tag4:entity16:key0029E0FC:ref16:ord0;page334:tag5:entity16:key0029E0FC:ref16:ord0;page340:tag4:entity16:key0029E0FC:ref16:ord0;page346:tag2:entity16:key0029E0FC:ref16:ord0;page352:tag2:entity16:key0029E0FC:ref16:ord0;page358:tag2:entity16:key0029E0FC:ref16:ord0;page364:tag2:entity16:key0029E0FC:ref16:ord0,エレディア中央　セルバ・デ・ラ・レチェ,1974年11月21日　コスタリカ,エレディア東　採掘場偽装基地,,,,NOT_CHECKED,35,,NOT_STARTED,NOT_BUILT,NOT_TESTED,JPN_PRIMARY; MLG_CN_CONTEXT_AUXILIARY,mechanical template; resource_class=SLOT_OLANG; source_objects=51,1974年11月21日 哥斯达黎加,"[""1974年11月21日 哥斯达黎加""]","November 21, 1974 Costa Rica","[""November 21, 1974 Costa Rica""]",AUX_CN_ATTACHED,exact_jpn_slot_page_tag_reference_index;validated_slot_olang_map_entity_identity,master status=AUX_CN_ATTACHED; mapping method=exact_jpn_slot_page_tag_reference_index;validated_slot_olang_map_entity_identity; candidate attached as auxiliary evidence only; verify against JPN and context; auxiliary candidates only; JPN remains authoritative; verify against JPN text and context
5D99CB1E,14,17,17;17;17;17;17;17;17;17;17;17;17;17;17;17;17;17;17;17;17;17;17;17;17;17;17;17;17;17;17;17;17;17;17;17;17;17;17;17;17;17;17;17;17;17;17;17;17;17;17;17;17,51,,page22:tag2:entity17:key0029E0FC:ref17:ord0;page58:tag1:entity17:key0029E0FC:ref17:ord0;page76:tag8:entity17:key0029E0FC:ref17:ord0;page82:tag3:entity17:key0029E0FC:ref17:ord0;page88:tag5:entity17:key0029E0FC:ref17:ord0;page94:tag4:entity17:key0029E0FC:ref17:ord0;page100:tag4:entity17:key0029E0FC:ref17:ord0;page106:tag4:entity17:key0029E0FC:ref17:ord0;page112:tag4:entity17:key0029E0FC:ref17:ord0;page118:tag4:entity17:key0029E0FC:ref17:ord0;page124:tag4:entity17:key0029E0FC:ref17:ord0;page130:tag3:entity17:key0029E0FC:ref17:ord0;page136:tag3:entity17:key0029E0FC:ref17:ord0;page142:tag3:entity17:key0029E0FC:ref17:ord0;page148:tag4:entity17:key0029E0FC:ref17:ord0;page154:tag5:entity17:key0029E0FC:ref17:ord0;page160:tag3:entity17:key0029E0FC:ref17:ord0;page166:tag3:entity17:key0029E0FC:ref17:ord0;page172:tag4:entity17:key0029E0FC:ref17:ord0;page178:tag4:entity17:key0029E0FC:ref17:ord0;page184:tag4:entity17:key0029E0FC:ref17:ord0;page190:tag2:entity17:key0029E0FC:ref17:ord0;page196:tag2:entity17:key0029E0FC:ref17:ord0;page202:tag4:entity17:key0029E0FC:ref17:ord0;page208:tag4:entity17:key0029E0FC:ref17:ord0;page214:tag3:entity17:key0029E0FC:ref17:ord0;page220:tag4:entity17:key0029E0FC:ref17:ord0;page226:tag4:entity17:key0029E0FC:ref17:ord0;page232:tag4:entity17:key0029E0FC:ref17:ord0;page238:tag2:entity17:key0029E0FC:ref17:ord0;page244:tag4:entity17:key0029E0FC:ref17:ord0;page250:tag4:entity17:key0029E0FC:ref17:ord0;page256:tag2:entity17:key0029E0FC:ref17:ord0;page262:tag2:entity17:key0029E0FC:ref17:ord0;page268:tag4:entity17:key0029E0FC:ref17:ord0;page274:tag4:entity17:key0029E0FC:ref17:ord0;page280:tag4:entity17:key0029E0FC:ref17:ord0;page286:tag4:entity17:key0029E0FC:ref17:ord0;page292:tag4:entity17:key0029E0FC:ref17:ord0;page298:tag4:entity17:key0029E0FC:ref17:ord0;page304:tag4:entity17:key0029E0FC:ref17:ord0;page310:tag4:entity17:key0029E0FC:ref17:ord0;page316:tag4:entity17:key0029E0FC:ref17:ord0;page322:tag2:entity17:key0029E0FC:ref17:ord0;page328:tag4:entity17:key0029E0FC:ref17:ord0;page334:tag5:entity17:key0029E0FC:ref17:ord0;page340:tag4:entity17:key0029E0FC:ref17:ord0;page346:tag2:entity17:key0029E0FC:ref17:ord0;page352:tag2:entity17:key0029E0FC:ref17:ord0;page358:tag2:entity17:key0029E0FC:ref17:ord0;page364:tag2:entity17:key0029E0FC:ref17:ord0,1974年11月21日　コスタリカ,エレディア東　採掘場偽装基地,1974年11月23日,,,,NOT_CHECKED,42,,NOT_STARTED,NOT_BUILT,NOT_TESTED,JPN_PRIMARY; MLG_CN_CONTEXT_AUXILIARY,mechanical template; resource_class=SLOT_OLANG; source_objects=51,矿场基地，埃雷迪亚东部,"[""矿场基地，埃雷迪亚东部""]","Mine Base, Eastern Heredia","[""Mine Base, Eastern Heredia""]",AUX_CN_ATTACHED,exact_jpn_slot_page_tag_reference_index;validated_slot_olang_map_entity_identity,master status=AUX_CN_ATTACHED; mapping method=exact_jpn_slot_page_tag_reference_index;validated_slot_olang_map_entity_identity; candidate attached as auxiliary evidence only; verify against JPN and context; auxiliary candidates only; JPN remains authoritative; verify against JPN text and context
5D99CB1E,15,18,18;18;18;18;18;18;18;18;18;18;18;18;18;18;18;18;18;18;18;18;18;18;18;18;18;18;18;18;18;18;18;18;18;18;18;18;18;18;18;18;18;18;18;18;18;18;18;18;18;18;18,51,,page22:tag2:entity18:key0029E0FC:ref18:ord0;page58:tag1:entity18:key0029E0FC:ref18:ord0;page76:tag8:entity18:key0029E0FC:ref18:ord0;page82:tag3:entity18:key0029E0FC:ref18:ord0;page88:tag5:entity18:key0029E0FC:ref18:ord0;page94:tag4:entity18:key0029E0FC:ref18:ord0;page100:tag4:entity18:key0029E0FC:ref18:ord0;page106:tag4:entity18:key0029E0FC:ref18:ord0;page112:tag4:entity18:key0029E0FC:ref18:ord0;page118:tag4:entity18:key0029E0FC:ref18:ord0;page124:tag4:entity18:key0029E0FC:ref18:ord0;page130:tag3:entity18:key0029E0FC:ref18:ord0;page136:tag3:entity18:key0029E0FC:ref18:ord0;page142:tag3:entity18:key0029E0FC:ref18:ord0;page148:tag4:entity18:key0029E0FC:ref18:ord0;page154:tag5:entity18:key0029E0FC:ref18:ord0;page160:tag3:entity18:key0029E0FC:ref18:ord0;page166:tag3:entity18:key0029E0FC:ref18:ord0;page172:tag4:entity18:key0029E0FC:ref18:ord0;page178:tag4:entity18:key0029E0FC:ref18:ord0;page184:tag4:entity18:key0029E0FC:ref18:ord0;page190:tag2:entity18:key0029E0FC:ref18:ord0;page196:tag2:entity18:key0029E0FC:ref18:ord0;page202:tag4:entity18:key0029E0FC:ref18:ord0;page208:tag4:entity18:key0029E0FC:ref18:ord0;page214:tag3:entity18:key0029E0FC:ref18:ord0;page220:tag4:entity18:key0029E0FC:ref18:ord0;page226:tag4:entity18:key0029E0FC:ref18:ord0;page232:tag4:entity18:key0029E0FC:ref18:ord0;page238:tag2:entity18:key0029E0FC:ref18:ord0;page244:tag4:entity18:key0029E0FC:ref18:ord0;page250:tag4:entity18:key0029E0FC:ref18:ord0;page256:tag2:entity18:key0029E0FC:ref18:ord0;page262:tag2:entity18:key0029E0FC:ref18:ord0;page268:tag4:entity18:key0029E0FC:ref18:ord0;page274:tag4:entity18:key0029E0FC:ref18:ord0;page280:tag4:entity18:key0029E0FC:ref18:ord0;page286:tag4:entity18:key0029E0FC:ref18:ord0;page292:tag4:entity18:key0029E0FC:ref18:ord0;page298:tag4:entity18:key0029E0FC:ref18:ord0;page304:tag4:entity18:key0029E0FC:ref18:ord0;page310:tag4:entity18:key0029E0FC:ref18:ord0;page316:tag4:entity18:key0029E0FC:ref18:ord0;page322:tag2:entity18:key0029E0FC:ref18:ord0;page328:tag4:entity18:key0029E0FC:ref18:ord0;page334:tag5:entity18:key0029E0FC:ref18:ord0;page340:tag4:entity18:key0029E0FC:ref18:ord0;page346:tag2:entity18:key0029E0FC:ref18:ord0;page352:tag2:entity18:key0029E0FC:ref18:ord0;page358:tag2:entity18:key0029E0FC:ref18:ord0;page364:tag2:entity18:key0029E0FC:ref18:ord0,エレディア東　採掘場偽装基地,1974年11月23日,コスタリカ－ニカラグア国境　サン・ファン河,,,,NOT_CHECKED,17,,NOT_STARTED,NOT_BUILT,NOT_TESTED,JPN_PRIMARY; MLG_CN_CONTEXT_AUXILIARY,mechanical template; resource_class=SLOT_OLANG; source_objects=51,,[],"November 23, 1974","[""November 23, 1974""]",AUX_UNCHANGED,exact_jpn_slot_page_tag_reference_index;validated_slot_olang_map_entity_identity,auxiliary bank retains the original JPN text; auxiliary candidates only; JPN remains authoritative; verify against JPN text and context
5D99CB1E,16,19,19;19;19;19;19;19;19;19;19;19;19;19;19;19;19;19;19;19;19;19;19;19;19;19;19;19;19;19;19;19;19;19;19;19;19;19;19;19;19;19;19;19;19;19;19;19;19;19;19;19;19,51,,page22:tag2:entity19:key0029E0FC:ref19:ord0;page58:tag1:entity19:key0029E0FC:ref19:ord0;page76:tag8:entity19:key0029E0FC:ref19:ord0;page82:tag3:entity19:key0029E0FC:ref19:ord0;page88:tag5:entity19:key0029E0FC:ref19:ord0;page94:tag4:entity19:key0029E0FC:ref19:ord0;page100:tag4:entity19:key0029E0FC:ref19:ord0;page106:tag4:entity19:key0029E0FC:ref19:ord0;page112:tag4:entity19:key0029E0FC:ref19:ord0;page118:tag4:entity19:key0029E0FC:ref19:ord0;page124:tag4:entity19:key0029E0FC:ref19:ord0;page130:tag3:entity19:key0029E0FC:ref19:ord0;page136:tag3:entity19:key0029E0FC:ref19:ord0;page142:tag3:entity19:key0029E0FC:ref19:ord0;page148:tag4:entity19:key0029E0FC:ref19:ord0;page154:tag5:entity19:key0029E0FC:ref19:ord0;page160:tag3:entity19:key0029E0FC:ref19:ord0;page166:tag3:entity19:key0029E0FC:ref19:ord0;page172:tag4:entity19:key0029E0FC:ref19:ord0;page178:tag4:entity19:key0029E0FC:ref19:ord0;page184:tag4:entity19:key0029E0FC:ref19:ord0;page190:tag2:entity19:key0029E0FC:ref19:ord0;page196:tag2:entity19:key0029E0FC:ref19:ord0;page202:tag4:entity19:key0029E0FC:ref19:ord0;page208:tag4:entity19:key0029E0FC:ref19:ord0;page214:tag3:entity19:key0029E0FC:ref19:ord0;page220:tag4:entity19:key0029E0FC:ref19:ord0;page226:tag4:entity19:key0029E0FC:ref19:ord0;page232:tag4:entity19:key0029E0FC:ref19:ord0;page238:tag2:entity19:key0029E0FC:ref19:ord0;page244:tag4:entity19:key0029E0FC:ref19:ord0;page250:tag4:entity19:key0029E0FC:ref19:ord0;page256:tag2:entity19:key0029E0FC:ref19:ord0;page262:tag2:entity19:key0029E0FC:ref19:ord0;page268:tag4:entity19:key0029E0FC:ref19:ord0;page274:tag4:entity19:key0029E0FC:ref19:ord0;page280:tag4:entity19:key0029E0FC:ref19:ord0;page286:tag4:entity19:key0029E0FC:ref19:ord0;page292:tag4:entity19:key0029E0FC:ref19:ord0;page298:tag4:entity19:key0029E0FC:ref19:ord0;page304:tag4:entity19:key0029E0FC:ref19:ord0;page310:tag4:entity19:key0029E0FC:ref19:ord0;page316:tag4:entity19:key0029E0FC:ref19:ord0;page322:tag2:entity19:key0029E0FC:ref19:ord0;page328:tag4:entity19:key0029E0FC:ref19:ord0;page334:tag5:entity19:key0029E0FC:ref19:ord0;page340:tag4:entity19:key0029E0FC:ref19:ord0;page346:tag2:entity19:key0029E0FC:ref19:ord0;page352:tag2:entity19:key0029E0FC:ref19:ord0;page358:tag2:entity19:key0029E0FC:ref19:ord0;page364:tag2:entity19:key0029E0FC:ref19:ord0,1974年11月23日,コスタリカ－ニカラグア国境　サン・ファン河,ニカラグア湖南東部　米軍ミサイル基地,,,,NOT_CHECKED,63,,NOT_STARTED,NOT_BUILT,NOT_TESTED,JPN_PRIMARY; MLG_CN_CONTEXT_AUXILIARY,mechanical template; resource_class=SLOT_OLANG; source_objects=51,圣胡安河，哥斯达黎加/尼加拉瓜边境,"[""圣胡安河，哥斯达黎加/尼加拉瓜边境""]","Rio San Juan, Costa Rica/Nicaraguan Border","[""Rio San Juan, Costa Rica/Nicaraguan Border""]",AUX_CN_ATTACHED,exact_jpn_slot_page_tag_reference_index;validated_slot_olang_map_entity_identity,master status=AUX_CN_ATTACHED; mapping method=exact_jpn_slot_page_tag_reference_index;validated_slot_olang_map_entity_identity; candidate attached as auxiliary evidence only; verify against JPN and context; auxiliary candidates only; JPN remains authoritative; verify against JPN text and context
5D99CB1E,17,20,20;20;20;20;20;20;20;20;20;20;20;20;20;20;20;20;20;20;20;20;20;20;20;20;20;20;20;20;20;20;20;20;20;20;20;20;20;20;20;20;20;20;20;20;20;20;20;20;20;20;20,51,,page22:tag2:entity20:key0029E0FC:ref20:ord0;page58:tag1:entity20:key0029E0FC:ref20:ord0;page76:tag8:entity20:key0029E0FC:ref20:ord0;page82:tag3:entity20:key0029E0FC:ref20:ord0;page88:tag5:entity20:key0029E0FC:ref20:ord0;page94:tag4:entity20:key0029E0FC:ref20:ord0;page100:tag4:entity20:key0029E0FC:ref20:ord0;page106:tag4:entity20:key0029E0FC:ref20:ord0;page112:tag4:entity20:key0029E0FC:ref20:ord0;page118:tag4:entity20:key0029E0FC:ref20:ord0;page124:tag4:entity20:key0029E0FC:ref20:ord0;page130:tag3:entity20:key0029E0FC:ref20:ord0;page136:tag3:entity20:key0029E0FC:ref20:ord0;page142:tag3:entity20:key0029E0FC:ref20:ord0;page148:tag4:entity20:key0029E0FC:ref20:ord0;page154:tag5:entity20:key0029E0FC:ref20:ord0;page160:tag3:entity20:key0029E0FC:ref20:ord0;page166:tag3:entity20:key0029E0FC:ref20:ord0;page172:tag4:entity20:key0029E0FC:ref20:ord0;page178:tag4:entity20:key0029E0FC:ref20:ord0;page184:tag4:entity20:key0029E0FC:ref20:ord0;page190:tag2:entity20:key0029E0FC:ref20:ord0;page196:tag2:entity20:key0029E0FC:ref20:ord0;page202:tag4:entity20:key0029E0FC:ref20:ord0;page208:tag4:entity20:key0029E0FC:ref20:ord0;page214:tag3:entity20:key0029E0FC:ref20:ord0;page220:tag4:entity20:key0029E0FC:ref20:ord0;page226:tag4:entity20:key0029E0FC:ref20:ord0;page232:tag4:entity20:key0029E0FC:ref20:ord0;page238:tag2:entity20:key0029E0FC:ref20:ord0;page244:tag4:entity20:key0029E0FC:ref20:ord0;page250:tag4:entity20:key0029E0FC:ref20:ord0;page256:tag2:entity20:key0029E0FC:ref20:ord0;page262:tag2:entity20:key0029E0FC:ref20:ord0;page268:tag4:entity20:key0029E0FC:ref20:ord0;page274:tag4:entity20:key0029E0FC:ref20:ord0;page280:tag4:entity20:key0029E0FC:ref20:ord0;page286:tag4:entity20:key0029E0FC:ref20:ord0;page292:tag4:entity20:key0029E0FC:ref20:ord0;page298:tag4:entity20:key0029E0FC:ref20:ord0;page304:tag4:entity20:key0029E0FC:ref20:ord0;page310:tag4:entity20:key0029E0FC:ref20:ord0;page316:tag4:entity20:key0029E0FC:ref20:ord0;page322:tag2:entity20:key0029E0FC:ref20:ord0;page328:tag4:entity20:key0029E0FC:ref20:ord0;page334:tag5:entity20:key0029E0FC:ref20:ord0;page340:tag4:entity20:key0029E0FC:ref20:ord0;page346:tag2:entity20:key0029E0FC:ref20:ord0;page352:tag2:entity20:key0029E0FC:ref20:ord0;page358:tag2:entity20:key0029E0FC:ref20:ord0;page364:tag2:entity20:key0029E0FC:ref20:ord0,コスタリカ－ニカラグア国境　サン・ファン河,ニカラグア湖南東部　米軍ミサイル基地,ニカラグア　米軍ミサイル基地,,,,NOT_CHECKED,54,,NOT_STARTED,NOT_BUILT,NOT_TESTED,JPN_PRIMARY; MLG_CN_CONTEXT_AUXILIARY,mechanical template; resource_class=SLOT_OLANG; source_objects=51,美国导弹基地，尼加拉瓜东南海岸,"[""美国导弹基地，尼加拉瓜东南海岸""]","U.S. Missile Base, Southeastern shore of Nicaragua","[""U.S. Missile Base, Southeastern shore of Nicaragua""]",AUX_CN_ATTACHED,exact_jpn_slot_page_tag_reference_index;validated_slot_olang_map_entity_identity,master status=AUX_CN_ATTACHED; mapping method=exact_jpn_slot_page_tag_reference_index;validated_slot_olang_map_entity_identity; candidate attached as auxiliary evidence only; verify against JPN and context; auxiliary candidates only; JPN remains authoritative; verify against JPN text and context
5D99CB1E,18,21,21;21;21;21;21;21;21;21;21;21;21;21;21;21;21;21;21;21;21;21;21;21;21;21;21;21;21;21;21;21;21;21;21;21;21;21;21;21;21;21;21;21;21;21;21;21;21;21;21;21;21,51,,page22:tag2:entity21:key0029E0FC:ref21:ord0;page58:tag1:entity21:key0029E0FC:ref21:ord0;page76:tag8:entity21:key0029E0FC:ref21:ord0;page82:tag3:entity21:key0029E0FC:ref21:ord0;page88:tag5:entity21:key0029E0FC:ref21:ord0;page94:tag4:entity21:key0029E0FC:ref21:ord0;page100:tag4:entity21:key0029E0FC:ref21:ord0;page106:tag4:entity21:key0029E0FC:ref21:ord0;page112:tag4:entity21:key0029E0FC:ref21:ord0;page118:tag4:entity21:key0029E0FC:ref21:ord0;page124:tag4:entity21:key0029E0FC:ref21:ord0;page130:tag3:entity21:key0029E0FC:ref21:ord0;page136:tag3:entity21:key0029E0FC:ref21:ord0;page142:tag3:entity21:key0029E0FC:ref21:ord0;page148:tag4:entity21:key0029E0FC:ref21:ord0;page154:tag5:entity21:key0029E0FC:ref21:ord0;page160:tag3:entity21:key0029E0FC:ref21:ord0;page166:tag3:entity21:key0029E0FC:ref21:ord0;page172:tag4:entity21:key0029E0FC:ref21:ord0;page178:tag4:entity21:key0029E0FC:ref21:ord0;page184:tag4:entity21:key0029E0FC:ref21:ord0;page190:tag2:entity21:key0029E0FC:ref21:ord0;page196:tag2:entity21:key0029E0FC:ref21:ord0;page202:tag4:entity21:key0029E0FC:ref21:ord0;page208:tag4:entity21:key0029E0FC:ref21:ord0;page214:tag3:entity21:key0029E0FC:ref21:ord0;page220:tag4:entity21:key0029E0FC:ref21:ord0;page226:tag4:entity21:key0029E0FC:ref21:ord0;page232:tag4:entity21:key0029E0FC:ref21:ord0;page238:tag2:entity21:key0029E0FC:ref21:ord0;page244:tag4:entity21:key0029E0FC:ref21:ord0;page250:tag4:entity21:key0029E0FC:ref21:ord0;page256:tag2:entity21:key0029E0FC:ref21:ord0;page262:tag2:entity21:key0029E0FC:ref21:ord0;page268:tag4:entity21:key0029E0FC:ref21:ord0;page274:tag4:entity21:key0029E0FC:ref21:ord0;page280:tag4:entity21:key0029E0FC:ref21:ord0;page286:tag4:entity21:key0029E0FC:ref21:ord0;page292:tag4:entity21:key0029E0FC:ref21:ord0;page298:tag4:entity21:key0029E0FC:ref21:ord0;page304:tag4:entity21:key0029E0FC:ref21:ord0;page310:tag4:entity21:key0029E0FC:ref21:ord0;page316:tag4:entity21:key0029E0FC:ref21:ord0;page322:tag2:entity21:key0029E0FC:ref21:ord0;page328:tag4:entity21:key0029E0FC:ref21:ord0;page334:tag5:entity21:key0029E0FC:ref21:ord0;page340:tag4:entity21:key0029E0FC:ref21:ord0;page346:tag2:entity21:key0029E0FC:ref21:ord0;page352:tag2:entity21:key0029E0FC:ref21:ord0;page358:tag2:entity21:key0029E0FC:ref21:ord0;page364:tag2:entity21:key0029E0FC:ref21:ord0,ニカラグア湖南東部　米軍ミサイル基地,ニカラグア　米軍ミサイル基地,通信塔　モニタールーム,,,,NOT_CHECKED,42,,NOT_STARTED,NOT_BUILT,NOT_TESTED,JPN_PRIMARY; MLG_CN_CONTEXT_AUXILIARY,mechanical template; resource_class=SLOT_OLANG; source_objects=51,美国导弹基地，尼加拉瓜,"[""美国导弹基地，尼加拉瓜""]","U.S. Missile Base, Nicaragua","[""U.S. Missile Base, Nicaragua""]",AUX_CN_ATTACHED,exact_jpn_slot_page_tag_reference_index;validated_slot_olang_map_entity_identity,master status=AUX_CN_ATTACHED; mapping method=exact_jpn_slot_page_tag_reference_index;validated_slot_olang_map_entity_identity; candidate attached as auxiliary evidence only; verify against JPN and context; auxiliary candidates only; JPN remains authoritative; verify against JPN text and context
5D99CB1E,19,22,22;22;22;22;22;22;22;22;22;22;22;22;22;22;22;22;22;22;22;22;22;22;22;22;22;22;22;22;22;22;22;22;22;22;22;22;22;22;22;22;22;22;22;22;22;22;22;22;22;22;22,51,,page22:tag2:entity22:key0029E0FC:ref22:ord0;page58:tag1:entity22:key0029E0FC:ref22:ord0;page76:tag8:entity22:key0029E0FC:ref22:ord0;page82:tag3:entity22:key0029E0FC:ref22:ord0;page88:tag5:entity22:key0029E0FC:ref22:ord0;page94:tag4:entity22:key0029E0FC:ref22:ord0;page100:tag4:entity22:key0029E0FC:ref22:ord0;page106:tag4:entity22:key0029E0FC:ref22:ord0;page112:tag4:entity22:key0029E0FC:ref22:ord0;page118:tag4:entity22:key0029E0FC:ref22:ord0;page124:tag4:entity22:key0029E0FC:ref22:ord0;page130:tag3:entity22:key0029E0FC:ref22:ord0;page136:tag3:entity22:key0029E0FC:ref22:ord0;page142:tag3:entity22:key0029E0FC:ref22:ord0;page148:tag4:entity22:key0029E0FC:ref22:ord0;page154:tag5:entity22:key0029E0FC:ref22:ord0;page160:tag3:entity22:key0029E0FC:ref22:ord0;page166:tag3:entity22:key0029E0FC:ref22:ord0;page172:tag4:entity22:key0029E0FC:ref22:ord0;page178:tag4:entity22:key0029E0FC:ref22:ord0;page184:tag4:entity22:key0029E0FC:ref22:ord0;page190:tag2:entity22:key0029E0FC:ref22:ord0;page196:tag2:entity22:key0029E0FC:ref22:ord0;page202:tag4:entity22:key0029E0FC:ref22:ord0;page208:tag4:entity22:key0029E0FC:ref22:ord0;page214:tag3:entity22:key0029E0FC:ref22:ord0;page220:tag4:entity22:key0029E0FC:ref22:ord0;page226:tag4:entity22:key0029E0FC:ref22:ord0;page232:tag4:entity22:key0029E0FC:ref22:ord0;page238:tag2:entity22:key0029E0FC:ref22:ord0;page244:tag4:entity22:key0029E0FC:ref22:ord0;page250:tag4:entity22:key0029E0FC:ref22:ord0;page256:tag2:entity22:key0029E0FC:ref22:ord0;page262:tag2:entity22:key0029E0FC:ref22:ord0;page268:tag4:entity22:key0029E0FC:ref22:ord0;page274:tag4:entity22:key0029E0FC:ref22:ord0;page280:tag4:entity22:key0029E0FC:ref22:ord0;page286:tag4:entity22:key0029E0FC:ref22:ord0;page292:tag4:entity22:key0029E0FC:ref22:ord0;page298:tag4:entity22:key0029E0FC:ref22:ord0;page304:tag4:entity22:key0029E0FC:ref22:ord0;page310:tag4:entity22:key0029E0FC:ref22:ord0;page316:tag4:entity22:key0029E0FC:ref22:ord0;page322:tag2:entity22:key0029E0FC:ref22:ord0;page328:tag4:entity22:key0029E0FC:ref22:ord0;page334:tag5:entity22:key0029E0FC:ref22:ord0;page340:tag4:entity22:key0029E0FC:ref22:ord0;page346:tag2:entity22:key0029E0FC:ref22:ord0;page352:tag2:entity22:key0029E0FC:ref22:ord0;page358:tag2:entity22:key0029E0FC:ref22:ord0;page364:tag2:entity22:key0029E0FC:ref22:ord0,ニカラグア　米軍ミサイル基地,通信塔　モニタールーム,管制塔最上層　司令室,,,,NOT_CHECKED,33,,NOT_STARTED,NOT_BUILT,NOT_TESTED,JPN_PRIMARY; MLG_CN_CONTEXT_AUXILIARY,mechanical template; resource_class=SLOT_OLANG; source_objects=51,监控室，通信塔,"[""监控室，通信塔""]","Monitor Room, Communications Tower","[""Monitor Room, Communications Tower""]",AUX_CN_ATTACHED,exact_jpn_slot_page_tag_reference_index;validated_slot_olang_map_entity_identity,master status=AUX_CN_ATTACHED; mapping method=exact_jpn_slot_page_tag_reference_index;validated_slot_olang_map_entity_identity; candidate attached as auxiliary evidence only; verify against JPN and context; auxiliary candidates only; JPN remains authoritative; verify against JPN text and context
5D99CB1E,20,23,23;23;23;23;23;23;23;23;23;23;23;23;23;23;23;23;23;23;23;23;23;23;23;23;23;23;23;23;23;23;23;23;23;23;23;23;23;23;23;23;23;23;23;23;23;23;23;23;23;23;23,51,,page22:tag2:entity23:key0029E0FC:ref23:ord0;page58:tag1:entity23:key0029E0FC:ref23:ord0;page76:tag8:entity23:key0029E0FC:ref23:ord0;page82:tag3:entity23:key0029E0FC:ref23:ord0;page88:tag5:entity23:key0029E0FC:ref23:ord0;page94:tag4:entity23:key0029E0FC:ref23:ord0;page100:tag4:entity23:key0029E0FC:ref23:ord0;page106:tag4:entity23:key0029E0FC:ref23:ord0;page112:tag4:entity23:key0029E0FC:ref23:ord0;page118:tag4:entity23:key0029E0FC:ref23:ord0;page124:tag4:entity23:key0029E0FC:ref23:ord0;page130:tag3:entity23:key0029E0FC:ref23:ord0;page136:tag3:entity23:key0029E0FC:ref23:ord0;page142:tag3:entity23:key0029E0FC:ref23:ord0;page148:tag4:entity23:key0029E0FC:ref23:ord0;page154:tag5:entity23:key0029E0FC:ref23:ord0;page160:tag3:entity23:key0029E0FC:ref23:ord0;page166:tag3:entity23:key0029E0FC:ref23:ord0;page172:tag4:entity23:key0029E0FC:ref23:ord0;page178:tag4:entity23:key0029E0FC:ref23:ord0;page184:tag4:entity23:key0029E0FC:ref23:ord0;page190:tag2:entity23:key0029E0FC:ref23:ord0;page196:tag2:entity23:key0029E0FC:ref23:ord0;page202:tag4:entity23:key0029E0FC:ref23:ord0;page208:tag4:entity23:key0029E0FC:ref23:ord0;page214:tag3:entity23:key0029E0FC:ref23:ord0;page220:tag4:entity23:key0029E0FC:ref23:ord0;page226:tag4:entity23:key0029E0FC:ref23:ord0;page232:tag4:entity23:key0029E0FC:ref23:ord0;page238:tag2:entity23:key0029E0FC:ref23:ord0;page244:tag4:entity23:key0029E0FC:ref23:ord0;page250:tag4:entity23:key0029E0FC:ref23:ord0;page256:tag2:entity23:key0029E0FC:ref23:ord0;page262:tag2:entity23:key0029E0FC:ref23:ord0;page268:tag4:entity23:key0029E0FC:ref23:ord0;page274:tag4:entity23:key0029E0FC:ref23:ord0;page280:tag4:entity23:key0029E0FC:ref23:ord0;page286:tag4:entity23:key0029E0FC:ref23:ord0;page292:tag4:entity23:key0029E0FC:ref23:ord0;page298:tag4:entity23:key0029E0FC:ref23:ord0;page304:tag4:entity23:key0029E0FC:ref23:ord0;page310:tag4:entity23:key0029E0FC:ref23:ord0;page316:tag4:entity23:key0029E0FC:ref23:ord0;page322:tag2:entity23:key0029E0FC:ref23:ord0;page328:tag4:entity23:key0029E0FC:ref23:ord0;page334:tag5:entity23:key0029E0FC:ref23:ord0;page340:tag4:entity23:key0029E0FC:ref23:ord0;page346:tag2:entity23:key0029E0FC:ref23:ord0;page352:tag2:entity23:key0029E0FC:ref23:ord0;page358:tag2:entity23:key0029E0FC:ref23:ord0;page364:tag2:entity23:key0029E0FC:ref23:ord0,通信塔　モニタールーム,管制塔最上層　司令室,アメリカ　コロラド州,,,,NOT_CHECKED,30,,NOT_STARTED,NOT_BUILT,NOT_TESTED,JPN_PRIMARY; MLG_CN_CONTEXT_AUXILIARY,mechanical template; resource_class=SLOT_OLANG; source_objects=51,控制室，控制塔顶层,"[""控制室，控制塔顶层""]","Control Room, Control Tower Top Floor","[""Control Room, Control Tower Top Floor""]",AUX_CN_ATTACHED,exact_jpn_slot_page_tag_reference_index;validated_slot_olang_map_entity_identity,master status=AUX_CN_ATTACHED; mapping method=exact_jpn_slot_page_tag_reference_index;validated_slot_olang_map_entity_identity; candidate attached as auxiliary evidence only; verify against JPN and context; auxiliary candidates only; JPN remains authoritative; verify against JPN text and context
5D99CB1E,21,24,24;24;24;24;24;24;24;24;24;24;24;24;24;24;24;24;24;24;24;24;24;24;24;24;24;24;24;24;24;24;24;24;24;24;24;24;24;24;24;24;24;24;24;24;24;24;24;24;24;24;24,51,,page22:tag2:entity24:key0029E0FC:ref24:ord0;page58:tag1:entity24:key0029E0FC:ref24:ord0;page76:tag8:entity24:key0029E0FC:ref24:ord0;page82:tag3:entity24:key0029E0FC:ref24:ord0;page88:tag5:entity24:key0029E0FC:ref24:ord0;page94:tag4:entity24:key0029E0FC:ref24:ord0;page100:tag4:entity24:key0029E0FC:ref24:ord0;page106:tag4:entity24:key0029E0FC:ref24:ord0;page112:tag4:entity24:key0029E0FC:ref24:ord0;page118:tag4:entity24:key0029E0FC:ref24:ord0;page124:tag4:entity24:key0029E0FC:ref24:ord0;page130:tag3:entity24:key0029E0FC:ref24:ord0;page136:tag3:entity24:key0029E0FC:ref24:ord0;page142:tag3:entity24:key0029E0FC:ref24:ord0;page148:tag4:entity24:key0029E0FC:ref24:ord0;page154:tag5:entity24:key0029E0FC:ref24:ord0;page160:tag3:entity24:key0029E0FC:ref24:ord0;page166:tag3:entity24:key0029E0FC:ref24:ord0;page172:tag4:entity24:key0029E0FC:ref24:ord0;page178:tag4:entity24:key0029E0FC:ref24:ord0;page184:tag4:entity24:key0029E0FC:ref24:ord0;page190:tag2:entity24:key0029E0FC:ref24:ord0;page196:tag2:entity24:key0029E0FC:ref24:ord0;page202:tag4:entity24:key0029E0FC:ref24:ord0;page208:tag4:entity24:key0029E0FC:ref24:ord0;page214:tag3:entity24:key0029E0FC:ref24:ord0;page220:tag4:entity24:key0029E0FC:ref24:ord0;page226:tag4:entity24:key0029E0FC:ref24:ord0;page232:tag4:entity24:key0029E0FC:ref24:ord0;page238:tag2:entity24:key0029E0FC:ref24:ord0;page244:tag4:entity24:key0029E0FC:ref24:ord0;page250:tag4:entity24:key0029E0FC:ref24:ord0;page256:tag2:entity24:key0029E0FC:ref24:ord0;page262:tag2:entity24:key0029E0FC:ref24:ord0;page268:tag4:entity24:key0029E0FC:ref24:ord0;page274:tag4:entity24:key0029E0FC:ref24:ord0;page280:tag4:entity24:key0029E0FC:ref24:ord0;page286:tag4:entity24:key0029E0FC:ref24:ord0;page292:tag4:entity24:key0029E0FC:ref24:ord0;page298:tag4:entity24:key0029E0FC:ref24:ord0;page304:tag4:entity24:key0029E0FC:ref24:ord0;page310:tag4:entity24:key0029E0FC:ref24:ord0;page316:tag4:entity24:key0029E0FC:ref24:ord0;page322:tag2:entity24:key0029E0FC:ref24:ord0;page328:tag4:entity24:key0029E0FC:ref24:ord0;page334:tag5:entity24:key0029E0FC:ref24:ord0;page340:tag4:entity24:key0029E0FC:ref24:ord0;page346:tag2:entity24:key0029E0FC:ref24:ord0;page352:tag2:entity24:key0029E0FC:ref24:ord0;page358:tag2:entity24:key0029E0FC:ref24:ord0;page364:tag2:entity24:key0029E0FC:ref24:ord0,管制塔最上層　司令室,アメリカ　コロラド州,シャイアンマウンテン空軍基地　NORAD司令部,,,,NOT_CHECKED,30,,NOT_STARTED,NOT_BUILT,NOT_TESTED,JPN_PRIMARY; MLG_CN_CONTEXT_AUXILIARY,mechanical template; resource_class=SLOT_OLANG; source_objects=51,美国科罗拉多州,"[""美国科罗拉多州""]","Colorado, USA","[""Colorado, USA""]",AUX_CN_ATTACHED,exact_jpn_slot_page_tag_reference_index;validated_slot_olang_map_entity_identity,master status=AUX_CN_ATTACHED; mapping method=exact_jpn_slot_page_tag_reference_index;validated_slot_olang_map_entity_identity; candidate attached as auxiliary evidence only; verify against JPN and context; auxiliary candidates only; JPN remains authoritative; verify against JPN text and context
5D99CB1E,22,25,25;25;25;25;25;25;25;25;25;25;25;25;25;25;25;25;25;25;25;25;25;25;25;25;25;25;25;25;25;25;25;25;25;25;25;25;25;25;25;25;25;25;25;25;25;25;25;25;25;25;25,51,,page22:tag2:entity25:key0029E0FC:ref25:ord0;page58:tag1:entity25:key0029E0FC:ref25:ord0;page76:tag8:entity25:key0029E0FC:ref25:ord0;page82:tag3:entity25:key0029E0FC:ref25:ord0;page88:tag5:entity25:key0029E0FC:ref25:ord0;page94:tag4:entity25:key0029E0FC:ref25:ord0;page100:tag4:entity25:key0029E0FC:ref25:ord0;page106:tag4:entity25:key0029E0FC:ref25:ord0;page112:tag4:entity25:key0029E0FC:ref25:ord0;page118:tag4:entity25:key0029E0FC:ref25:ord0;page124:tag4:entity25:key0029E0FC:ref25:ord0;page130:tag3:entity25:key0029E0FC:ref25:ord0;page136:tag3:entity25:key0029E0FC:ref25:ord0;page142:tag3:entity25:key0029E0FC:ref25:ord0;page148:tag4:entity25:key0029E0FC:ref25:ord0;page154:tag5:entity25:key0029E0FC:ref25:ord0;page160:tag3:entity25:key0029E0FC:ref25:ord0;page166:tag3:entity25:key0029E0FC:ref25:ord0;page172:tag4:entity25:key0029E0FC:ref25:ord0;page178:tag4:entity25:key0029E0FC:ref25:ord0;page184:tag4:entity25:key0029E0FC:ref25:ord0;page190:tag2:entity25:key0029E0FC:ref25:ord0;page196:tag2:entity25:key0029E0FC:ref25:ord0;page202:tag4:entity25:key0029E0FC:ref25:ord0;page208:tag4:entity25:key0029E0FC:ref25:ord0;page214:tag3:entity25:key0029E0FC:ref25:ord0;page220:tag4:entity25:key0029E0FC:ref25:ord0;page226:tag4:entity25:key0029E0FC:ref25:ord0;page232:tag4:entity25:key0029E0FC:ref25:ord0;page238:tag2:entity25:key0029E0FC:ref25:ord0;page244:tag4:entity25:key0029E0FC:ref25:ord0;page250:tag4:entity25:key0029E0FC:ref25:ord0;page256:tag2:entity25:key0029E0FC:ref25:ord0;page262:tag2:entity25:key0029E0FC:ref25:ord0;page268:tag4:entity25:key0029E0FC:ref25:ord0;page274:tag4:entity25:key0029E0FC:ref25:ord0;page280:tag4:entity25:key0029E0FC:ref25:ord0;page286:tag4:entity25:key0029E0FC:ref25:ord0;page292:tag4:entity25:key0029E0FC:ref25:ord0;page298:tag4:entity25:key0029E0FC:ref25:ord0;page304:tag4:entity25:key0029E0FC:ref25:ord0;page310:tag4:entity25:key0029E0FC:ref25:ord0;page316:tag4:entity25:key0029E0FC:ref25:ord0;page322:tag2:entity25:key0029E0FC:ref25:ord0;page328:tag4:entity25:key0029E0FC:ref25:ord0;page334:tag5:entity25:key0029E0FC:ref25:ord0;page340:tag4:entity25:key0029E0FC:ref25:ord0;page346:tag2:entity25:key0029E0FC:ref25:ord0;page352:tag2:entity25:key0029E0FC:ref25:ord0;page358:tag2:entity25:key0029E0FC:ref25:ord0;page364:tag2:entity25:key0029E0FC:ref25:ord0,アメリカ　コロラド州,シャイアンマウンテン空軍基地　NORAD司令部,アメリカ　ワシントンDC,,,,NOT_CHECKED,59,,NOT_STARTED,NOT_BUILT,NOT_TESTED,JPN_PRIMARY; MLG_CN_CONTEXT_AUXILIARY,mechanical template; resource_class=SLOT_OLANG; source_objects=51,北美防空司令部夏延山作战中心,"[""北美防空司令部夏延山作战中心""]",NORAD Cheyenne Mountain Operations Center,"[""NORAD Cheyenne Mountain Operations Center""]",AUX_CN_ATTACHED,exact_jpn_slot_page_tag_reference_index;validated_slot_olang_map_entity_identity,master status=AUX_CN_ATTACHED; mapping method=exact_jpn_slot_page_tag_reference_index;validated_slot_olang_map_entity_identity; candidate attached as auxiliary evidence only; verify against JPN and context; auxiliary candidates only; JPN remains authoritative; verify against JPN text and context
5D99CB1E,23,26,26;26;26;26;26;26;26;26;26;26;26;26;26;26;26;26;26;26;26;26;26;26;26;26;26;26;26;26;26;26;26;26;26;26;26;26;26;26;26;26;26;26;26;26;26;26;26;26;26;26;26,51,,page22:tag2:entity26:key0029E0FC:ref26:ord0;page58:tag1:entity26:key0029E0FC:ref26:ord0;page76:tag8:entity26:key0029E0FC:ref26:ord0;page82:tag3:entity26:key0029E0FC:ref26:ord0;page88:tag5:entity26:key0029E0FC:ref26:ord0;page94:tag4:entity26:key0029E0FC:ref26:ord0;page100:tag4:entity26:key0029E0FC:ref26:ord0;page106:tag4:entity26:key0029E0FC:ref26:ord0;page112:tag4:entity26:key0029E0FC:ref26:ord0;page118:tag4:entity26:key0029E0FC:ref26:ord0;page124:tag4:entity26:key0029E0FC:ref26:ord0;page130:tag3:entity26:key0029E0FC:ref26:ord0;page136:tag3:entity26:key0029E0FC:ref26:ord0;page142:tag3:entity26:key0029E0FC:ref26:ord0;page148:tag4:entity26:key0029E0FC:ref26:ord0;page154:tag5:entity26:key0029E0FC:ref26:ord0;page160:tag3:entity26:key0029E0FC:ref26:ord0;page166:tag3:entity26:key0029E0FC:ref26:ord0;page172:tag4:entity26:key0029E0FC:ref26:ord0;page178:tag4:entity26:key0029E0FC:ref26:ord0;page184:tag4:entity26:key0029E0FC:ref26:ord0;page190:tag2:entity26:key0029E0FC:ref26:ord0;page196:tag2:entity26:key0029E0FC:ref26:ord0;page202:tag4:entity26:key0029E0FC:ref26:ord0;page208:tag4:entity26:key0029E0FC:ref26:ord0;page214:tag3:entity26:key0029E0FC:ref26:ord0;page220:tag4:entity26:key0029E0FC:ref26:ord0;page226:tag4:entity26:key0029E0FC:ref26:ord0;page232:tag4:entity26:key0029E0FC:ref26:ord0;page238:tag2:entity26:key0029E0FC:ref26:ord0;page244:tag4:entity26:key0029E0FC:ref26:ord0;page250:tag4:entity26:key0029E0FC:ref26:ord0;page256:tag2:entity26:key0029E0FC:ref26:ord0;page262:tag2:entity26:key0029E0FC:ref26:ord0;page268:tag4:entity26:key0029E0FC:ref26:ord0;page274:tag4:entity26:key0029E0FC:ref26:ord0;page280:tag4:entity26:key0029E0FC:ref26:ord0;page286:tag4:entity26:key0029E0FC:ref26:ord0;page292:tag4:entity26:key0029E0FC:ref26:ord0;page298:tag4:entity26:key0029E0FC:ref26:ord0;page304:tag4:entity26:key0029E0FC:ref26:ord0;page310:tag4:entity26:key0029E0FC:ref26:ord0;page316:tag4:entity26:key0029E0FC:ref26:ord0;page322:tag2:entity26:key0029E0FC:ref26:ord0;page328:tag4:entity26:key0029E0FC:ref26:ord0;page334:tag5:entity26:key0029E0FC:ref26:ord0;page340:tag4:entity26:key0029E0FC:ref26:ord0;page346:tag2:entity26:key0029E0FC:ref26:ord0;page352:tag2:entity26:key0029E0FC:ref26:ord0;page358:tag2:entity26:key0029E0FC:ref26:ord0;page364:tag2:entity26:key0029E0FC:ref26:ord0,シャイアンマウンテン空軍基地　NORAD司令部,アメリカ　ワシントンDC,国防総省　国家軍事指揮センター（NMCC）,,,,NOT_CHECKED,32,,NOT_STARTED,NOT_BUILT,NOT_TESTED,JPN_PRIMARY; MLG_CN_CONTEXT_AUXILIARY,mechanical template; resource_class=SLOT_OLANG; source_objects=51,美国华盛顿特区,"[""美国华盛顿特区""]","Washington DC, USA","[""Washington DC, USA""]",AUX_CN_ATTACHED,exact_jpn_slot_page_tag_reference_index;validated_slot_olang_map_entity_identity,master status=AUX_CN_ATTACHED; mapping method=exact_jpn_slot_page_tag_reference_index;validated_slot_olang_map_entity_identity; candidate attached as auxiliary evidence only; verify against JPN and context; auxiliary candidates only; JPN remains authoritative; verify against JPN text and context
5D99CB1E,24,27,27;27;27;27;27;27;27;27;27;27;27;27;27;27;27;27;27;27;27;27;27;27;27;27;27;27;27;27;27;27;27;27;27;27;27;27;27;27;27;27;27;27;27;27;27;27;27;27;27;27;27,51,,page22:tag2:entity27:key0029E0FC:ref27:ord0;page58:tag1:entity27:key0029E0FC:ref27:ord0;page76:tag8:entity27:key0029E0FC:ref27:ord0;page82:tag3:entity27:key0029E0FC:ref27:ord0;page88:tag5:entity27:key0029E0FC:ref27:ord0;page94:tag4:entity27:key0029E0FC:ref27:ord0;page100:tag4:entity27:key0029E0FC:ref27:ord0;page106:tag4:entity27:key0029E0FC:ref27:ord0;page112:tag4:entity27:key0029E0FC:ref27:ord0;page118:tag4:entity27:key0029E0FC:ref27:ord0;page124:tag4:entity27:key0029E0FC:ref27:ord0;page130:tag3:entity27:key0029E0FC:ref27:ord0;page136:tag3:entity27:key0029E0FC:ref27:ord0;page142:tag3:entity27:key0029E0FC:ref27:ord0;page148:tag4:entity27:key0029E0FC:ref27:ord0;page154:tag5:entity27:key0029E0FC:ref27:ord0;page160:tag3:entity27:key0029E0FC:ref27:ord0;page166:tag3:entity27:key0029E0FC:ref27:ord0;page172:tag4:entity27:key0029E0FC:ref27:ord0;page178:tag4:entity27:key0029E0FC:ref27:ord0;page184:tag4:entity27:key0029E0FC:ref27:ord0;page190:tag2:entity27:key0029E0FC:ref27:ord0;page196:tag2:entity27:key0029E0FC:ref27:ord0;page202:tag4:entity27:key0029E0FC:ref27:ord0;page208:tag4:entity27:key0029E0FC:ref27:ord0;page214:tag3:entity27:key0029E0FC:ref27:ord0;page220:tag4:entity27:key0029E0FC:ref27:ord0;page226:tag4:entity27:key0029E0FC:ref27:ord0;page232:tag4:entity27:key0029E0FC:ref27:ord0;page238:tag2:entity27:key0029E0FC:ref27:ord0;page244:tag4:entity27:key0029E0FC:ref27:ord0;page250:tag4:entity27:key0029E0FC:ref27:ord0;page256:tag2:entity27:key0029E0FC:ref27:ord0;page262:tag2:entity27:key0029E0FC:ref27:ord0;page268:tag4:entity27:key0029E0FC:ref27:ord0;page274:tag4:entity27:key0029E0FC:ref27:ord0;page280:tag4:entity27:key0029E0FC:ref27:ord0;page286:tag4:entity27:key0029E0FC:ref27:ord0;page292:tag4:entity27:key0029E0FC:ref27:ord0;page298:tag4:entity27:key0029E0FC:ref27:ord0;page304:tag4:entity27:key0029E0FC:ref27:ord0;page310:tag4:entity27:key0029E0FC:ref27:ord0;page316:tag4:entity27:key0029E0FC:ref27:ord0;page322:tag2:entity27:key0029E0FC:ref27:ord0;page328:tag4:entity27:key0029E0FC:ref27:ord0;page334:tag5:entity27:key0029E0FC:ref27:ord0;page340:tag4:entity27:key0029E0FC:ref27:ord0;page346:tag2:entity27:key0029E0FC:ref27:ord0;page352:tag2:entity27:key0029E0FC:ref27:ord0;page358:tag2:entity27:key0029E0FC:ref27:ord0;page364:tag2:entity27:key0029E0FC:ref27:ord0,アメリカ　ワシントンDC,国防総省　国家軍事指揮センター（NMCC）,"










         コスタリカ　カリブ海沿岸　ボスケ・デル・アルバ  ",,,,NOT_CHECKED,55,,NOT_STARTED,NOT_BUILT,NOT_TESTED,JPN_PRIMARY; MLG_CN_CONTEXT_AUXILIARY,mechanical template; resource_class=SLOT_OLANG; source_objects=51,五角大楼——国家军事指挥中心(NMCC),"[""五角大楼——国家军事指挥中心(NMCC)""]",Pentagon - National Military Command Center (NMCC),"[""Pentagon - National Military Command Center (NMCC)""]",AUX_CN_ATTACHED,exact_jpn_slot_page_tag_reference_index;validated_slot_olang_map_entity_identity,master status=AUX_CN_ATTACHED; mapping method=exact_jpn_slot_page_tag_reference_index;validated_slot_olang_map_entity_identity; candidate attached as auxiliary evidence only; verify against JPN and context; auxiliary candidates only; JPN remains authoritative; verify against JPN text and context
5D99CB1E,25,28,28;28;28;28;28;28;28;28;28;28;28;28;28;28;28;28;28;28;28;28;28;28;28;28;28;28;28;28;28;28;28;28;28;28;28;28;28;28;28;28;28;28;28;28;28;28;28;28;28;28;28,51,,page22:tag2:entity28:key0029E0FC:ref28:ord0;page58:tag1:entity28:key0029E0FC:ref28:ord0;page76:tag8:entity28:key0029E0FC:ref28:ord0;page82:tag3:entity28:key0029E0FC:ref28:ord0;page88:tag5:entity28:key0029E0FC:ref28:ord0;page94:tag4:entity28:key0029E0FC:ref28:ord0;page100:tag4:entity28:key0029E0FC:ref28:ord0;page106:tag4:entity28:key0029E0FC:ref28:ord0;page112:tag4:entity28:key0029E0FC:ref28:ord0;page118:tag4:entity28:key0029E0FC:ref28:ord0;page124:tag4:entity28:key0029E0FC:ref28:ord0;page130:tag3:entity28:key0029E0FC:ref28:ord0;page136:tag3:entity28:key0029E0FC:ref28:ord0;page142:tag3:entity28:key0029E0FC:ref28:ord0;page148:tag4:entity28:key0029E0FC:ref28:ord0;page154:tag5:entity28:key0029E0FC:ref28:ord0;page160:tag3:entity28:key0029E0FC:ref28:ord0;page166:tag3:entity28:key0029E0FC:ref28:ord0;page172:tag4:entity28:key0029E0FC:ref28:ord0;page178:tag4:entity28:key0029E0FC:ref28:ord0;page184:tag4:entity28:key0029E0FC:ref28:ord0;page190:tag2:entity28:key0029E0FC:ref28:ord0;page196:tag2:entity28:key0029E0FC:ref28:ord0;page202:tag4:entity28:key0029E0FC:ref28:ord0;page208:tag4:entity28:key0029E0FC:ref28:ord0;page214:tag3:entity28:key0029E0FC:ref28:ord0;page220:tag4:entity28:key0029E0FC:ref28:ord0;page226:tag4:entity28:key0029E0FC:ref28:ord0;page232:tag4:entity28:key0029E0FC:ref28:ord0;page238:tag2:entity28:key0029E0FC:ref28:ord0;page244:tag4:entity28:key0029E0FC:ref28:ord0;page250:tag4:entity28:key0029E0FC:ref28:ord0;page256:tag2:entity28:key0029E0FC:ref28:ord0;page262:tag2:entity28:key0029E0FC:ref28:ord0;page268:tag4:entity28:key0029E0FC:ref28:ord0;page274:tag4:entity28:key0029E0FC:ref28:ord0;page280:tag4:entity28:key0029E0FC:ref28:ord0;page286:tag4:entity28:key0029E0FC:ref28:ord0;page292:tag4:entity28:key0029E0FC:ref28:ord0;page298:tag4:entity28:key0029E0FC:ref28:ord0;page304:tag4:entity28:key0029E0FC:ref28:ord0;page310:tag4:entity28:key0029E0FC:ref28:ord0;page316:tag4:entity28:key0029E0FC:ref28:ord0;page322:tag2:entity28:key0029E0FC:ref28:ord0;page328:tag4:entity28:key0029E0FC:ref28:ord0;page334:tag5:entity28:key0029E0FC:ref28:ord0;page340:tag4:entity28:key0029E0FC:ref28:ord0;page346:tag2:entity28:key0029E0FC:ref28:ord0;page352:tag2:entity28:key0029E0FC:ref28:ord0;page358:tag2:entity28:key0029E0FC:ref28:ord0;page364:tag2:entity28:key0029E0FC:ref28:ord0,国防総省　国家軍事指揮センター（NMCC）,"










         コスタリカ　カリブ海沿岸　ボスケ・デル・アルバ  ",国防総省　国家軍事指揮センター,,,,NOT_CHECKED,91,,NOT_STARTED,NOT_BUILT,NOT_TESTED,JPN_PRIMARY; MLG_CN_CONTEXT_AUXILIARY,mechanical template; resource_class=SLOT_OLANG; source_objects=51,"








破晓森林，哥斯达黎加加勒比海岸","[""\n\n\n\n\n\n\n\n\n破晓森林，哥斯达黎加加勒比海岸""]","










          Bosque del Alba, Caribbean Coast of Costa Rica","[""\n\n\n\n\n\n\n\n\n\n\n          Bosque del Alba, Caribbean Coast of Costa Rica""]",AUX_CN_ATTACHED,exact_jpn_slot_page_tag_reference_index;validated_slot_olang_map_entity_identity,master status=AUX_CN_ATTACHED; mapping method=exact_jpn_slot_page_tag_reference_index;validated_slot_olang_map_entity_identity; candidate attached as auxiliary evidence only; verify against JPN and context; auxiliary candidates only; JPN remains authoritative; verify against JPN text and context
5D99CB1E,26,29,29;29;29;29;29;29;29;29;29;29;29;29;29;29;29;29;29;29;29;29;29;29;29;29;29;29;29;29;29;29;29;29;29;29;29;29;29;29;29;29;29;29;29;29;29;29;29;29;29;29;29,51,,page22:tag2:entity29:key0029E0FC:ref29:ord0;page58:tag1:entity29:key0029E0FC:ref29:ord0;page76:tag8:entity29:key0029E0FC:ref29:ord0;page82:tag3:entity29:key0029E0FC:ref29:ord0;page88:tag5:entity29:key0029E0FC:ref29:ord0;page94:tag4:entity29:key0029E0FC:ref29:ord0;page100:tag4:entity29:key0029E0FC:ref29:ord0;page106:tag4:entity29:key0029E0FC:ref29:ord0;page112:tag4:entity29:key0029E0FC:ref29:ord0;page118:tag4:entity29:key0029E0FC:ref29:ord0;page124:tag4:entity29:key0029E0FC:ref29:ord0;page130:tag3:entity29:key0029E0FC:ref29:ord0;page136:tag3:entity29:key0029E0FC:ref29:ord0;page142:tag3:entity29:key0029E0FC:ref29:ord0;page148:tag4:entity29:key0029E0FC:ref29:ord0;page154:tag5:entity29:key0029E0FC:ref29:ord0;page160:tag3:entity29:key0029E0FC:ref29:ord0;page166:tag3:entity29:key0029E0FC:ref29:ord0;page172:tag4:entity29:key0029E0FC:ref29:ord0;page178:tag4:entity29:key0029E0FC:ref29:ord0;page184:tag4:entity29:key0029E0FC:ref29:ord0;page190:tag2:entity29:key0029E0FC:ref29:ord0;page196:tag2:entity29:key0029E0FC:ref29:ord0;page202:tag4:entity29:key0029E0FC:ref29:ord0;page208:tag4:entity29:key0029E0FC:ref29:ord0;page214:tag3:entity29:key0029E0FC:ref29:ord0;page220:tag4:entity29:key0029E0FC:ref29:ord0;page226:tag4:entity29:key0029E0FC:ref29:ord0;page232:tag4:entity29:key0029E0FC:ref29:ord0;page238:tag2:entity29:key0029E0FC:ref29:ord0;page244:tag4:entity29:key0029E0FC:ref29:ord0;page250:tag4:entity29:key0029E0FC:ref29:ord0;page256:tag2:entity29:key0029E0FC:ref29:ord0;page262:tag2:entity29:key0029E0FC:ref29:ord0;page268:tag4:entity29:key0029E0FC:ref29:ord0;page274:tag4:entity29:key0029E0FC:ref29:ord0;page280:tag4:entity29:key0029E0FC:ref29:ord0;page286:tag4:entity29:key0029E0FC:ref29:ord0;page292:tag4:entity29:key0029E0FC:ref29:ord0;page298:tag4:entity29:key0029E0FC:ref29:ord0;page304:tag4:entity29:key0029E0FC:ref29:ord0;page310:tag4:entity29:key0029E0FC:ref29:ord0;page316:tag4:entity29:key0029E0FC:ref29:ord0;page322:tag2:entity29:key0029E0FC:ref29:ord0;page328:tag4:entity29:key0029E0FC:ref29:ord0;page334:tag5:entity29:key0029E0FC:ref29:ord0;page340:tag4:entity29:key0029E0FC:ref29:ord0;page346:tag2:entity29:key0029E0FC:ref29:ord0;page352:tag2:entity29:key0029E0FC:ref29:ord0;page358:tag2:entity29:key0029E0FC:ref29:ord0;page364:tag2:entity29:key0029E0FC:ref29:ord0,"










         コスタリカ　カリブ海沿岸　ボスケ・デル・アルバ  ",国防総省　国家軍事指揮センター,緊急会議室（ECR）,,,,NOT_CHECKED,45,,NOT_STARTED,NOT_BUILT,NOT_TESTED,JPN_PRIMARY; MLG_CN_CONTEXT_AUXILIARY,mechanical template; resource_class=SLOT_OLANG; source_objects=51,五角大楼——国家军事指挥中心,"[""五角大楼——国家军事指挥中心""]",Pentagon - National Military Command Center,"[""Pentagon - National Military Command Center""]",AUX_CN_ATTACHED,exact_jpn_slot_page_tag_reference_index;validated_slot_olang_map_entity_identity,master status=AUX_CN_ATTACHED; mapping method=exact_jpn_slot_page_tag_reference_index;validated_slot_olang_map_entity_identity; candidate attached as auxiliary evidence only; verify against JPN and context; auxiliary candidates only; JPN remains authoritative; verify against JPN text and context
5D99CB1E,27,30,30;30;30;30;30;30;30;30;30;30;30;30;30;30;30;30;30;30;30;30;30;30;30;30;30;30;30;30;30;30;30;30;30;30;30;30;30;30;30;30;30;30;30;30;30;30;30;30;30;30;30,51,,page22:tag2:entity30:key0029E0FC:ref30:ord0;page58:tag1:entity30:key0029E0FC:ref30:ord0;page76:tag8:entity30:key0029E0FC:ref30:ord0;page82:tag3:entity30:key0029E0FC:ref30:ord0;page88:tag5:entity30:key0029E0FC:ref30:ord0;page94:tag4:entity30:key0029E0FC:ref30:ord0;page100:tag4:entity30:key0029E0FC:ref30:ord0;page106:tag4:entity30:key0029E0FC:ref30:ord0;page112:tag4:entity30:key0029E0FC:ref30:ord0;page118:tag4:entity30:key0029E0FC:ref30:ord0;page124:tag4:entity30:key0029E0FC:ref30:ord0;page130:tag3:entity30:key0029E0FC:ref30:ord0;page136:tag3:entity30:key0029E0FC:ref30:ord0;page142:tag3:entity30:key0029E0FC:ref30:ord0;page148:tag4:entity30:key0029E0FC:ref30:ord0;page154:tag5:entity30:key0029E0FC:ref30:ord0;page160:tag3:entity30:key0029E0FC:ref30:ord0;page166:tag3:entity30:key0029E0FC:ref30:ord0;page172:tag4:entity30:key0029E0FC:ref30:ord0;page178:tag4:entity30:key0029E0FC:ref30:ord0;page184:tag4:entity30:key0029E0FC:ref30:ord0;page190:tag2:entity30:key0029E0FC:ref30:ord0;page196:tag2:entity30:key0029E0FC:ref30:ord0;page202:tag4:entity30:key0029E0FC:ref30:ord0;page208:tag4:entity30:key0029E0FC:ref30:ord0;page214:tag3:entity30:key0029E0FC:ref30:ord0;page220:tag4:entity30:key0029E0FC:ref30:ord0;page226:tag4:entity30:key0029E0FC:ref30:ord0;page232:tag4:entity30:key0029E0FC:ref30:ord0;page238:tag2:entity30:key0029E0FC:ref30:ord0;page244:tag4:entity30:key0029E0FC:ref30:ord0;page250:tag4:entity30:key0029E0FC:ref30:ord0;page256:tag2:entity30:key0029E0FC:ref30:ord0;page262:tag2:entity30:key0029E0FC:ref30:ord0;page268:tag4:entity30:key0029E0FC:ref30:ord0;page274:tag4:entity30:key0029E0FC:ref30:ord0;page280:tag4:entity30:key0029E0FC:ref30:ord0;page286:tag4:entity30:key0029E0FC:ref30:ord0;page292:tag4:entity30:key0029E0FC:ref30:ord0;page298:tag4:entity30:key0029E0FC:ref30:ord0;page304:tag4:entity30:key0029E0FC:ref30:ord0;page310:tag4:entity30:key0029E0FC:ref30:ord0;page316:tag4:entity30:key0029E0FC:ref30:ord0;page322:tag2:entity30:key0029E0FC:ref30:ord0;page328:tag4:entity30:key0029E0FC:ref30:ord0;page334:tag5:entity30:key0029E0FC:ref30:ord0;page340:tag4:entity30:key0029E0FC:ref30:ord0;page346:tag2:entity30:key0029E0FC:ref30:ord0;page352:tag2:entity30:key0029E0FC:ref30:ord0;page358:tag2:entity30:key0029E0FC:ref30:ord0;page364:tag2:entity30:key0029E0FC:ref30:ord0,国防総省　国家軍事指揮センター,緊急会議室（ECR）,1964年9月　ソ連領内,,,,NOT_CHECKED,24,,NOT_STARTED,NOT_BUILT,NOT_TESTED,JPN_PRIMARY; MLG_CN_CONTEXT_AUXILIARY,mechanical template; resource_class=SLOT_OLANG; source_objects=51,紧急会议室,"[""紧急会议室""]",Emergency Conference Room,"[""Emergency Conference Room""]",AUX_CN_ATTACHED,exact_jpn_slot_page_tag_reference_index;validated_slot_olang_map_entity_identity,master status=AUX_CN_ATTACHED; mapping method=exact_jpn_slot_page_tag_reference_index;validated_slot_olang_map_entity_identity; candidate attached as auxiliary evidence only; verify against JPN and context; auxiliary candidates only; JPN remains authoritative; verify against JPN text and context
5D99CB1E,28,31,31;31;31;31;31;31;31;31;31;31;31;31;31;31;31;31;31;31;31;31;31;31;31;31;31;31;31;31;31;31;31;31;31;31;31;31;31;31;31;31;31;31;31;31;31;31;31;31;31;31;31,51,,page22:tag2:entity31:key0029E0FC:ref31:ord0;page58:tag1:entity31:key0029E0FC:ref31:ord0;page76:tag8:entity31:key0029E0FC:ref31:ord0;page82:tag3:entity31:key0029E0FC:ref31:ord0;page88:tag5:entity31:key0029E0FC:ref31:ord0;page94:tag4:entity31:key0029E0FC:ref31:ord0;page100:tag4:entity31:key0029E0FC:ref31:ord0;page106:tag4:entity31:key0029E0FC:ref31:ord0;page112:tag4:entity31:key0029E0FC:ref31:ord0;page118:tag4:entity31:key0029E0FC:ref31:ord0;page124:tag4:entity31:key0029E0FC:ref31:ord0;page130:tag3:entity31:key0029E0FC:ref31:ord0;page136:tag3:entity31:key0029E0FC:ref31:ord0;page142:tag3:entity31:key0029E0FC:ref31:ord0;page148:tag4:entity31:key0029E0FC:ref31:ord0;page154:tag5:entity31:key0029E0FC:ref31:ord0;page160:tag3:entity31:key0029E0FC:ref31:ord0;page166:tag3:entity31:key0029E0FC:ref31:ord0;page172:tag4:entity31:key0029E0FC:ref31:ord0;page178:tag4:entity31:key0029E0FC:ref31:ord0;page184:tag4:entity31:key0029E0FC:ref31:ord0;page190:tag2:entity31:key0029E0FC:ref31:ord0;page196:tag2:entity31:key0029E0FC:ref31:ord0;page202:tag4:entity31:key0029E0FC:ref31:ord0;page208:tag4:entity31:key0029E0FC:ref31:ord0;page214:tag3:entity31:key0029E0FC:ref31:ord0;page220:tag4:entity31:key0029E0FC:ref31:ord0;page226:tag4:entity31:key0029E0FC:ref31:ord0;page232:tag4:entity31:key0029E0FC:ref31:ord0;page238:tag2:entity31:key0029E0FC:ref31:ord0;page244:tag4:entity31:key0029E0FC:ref31:ord0;page250:tag4:entity31:key0029E0FC:ref31:ord0;page256:tag2:entity31:key0029E0FC:ref31:ord0;page262:tag2:entity31:key0029E0FC:ref31:ord0;page268:tag4:entity31:key0029E0FC:ref31:ord0;page274:tag4:entity31:key0029E0FC:ref31:ord0;page280:tag4:entity31:key0029E0FC:ref31:ord0;page286:tag4:entity31:key0029E0FC:ref31:ord0;page292:tag4:entity31:key0029E0FC:ref31:ord0;page298:tag4:entity31:key0029E0FC:ref31:ord0;page304:tag4:entity31:key0029E0FC:ref31:ord0;page310:tag4:entity31:key0029E0FC:ref31:ord0;page316:tag4:entity31:key0029E0FC:ref31:ord0;page322:tag2:entity31:key0029E0FC:ref31:ord0;page328:tag4:entity31:key0029E0FC:ref31:ord0;page334:tag5:entity31:key0029E0FC:ref31:ord0;page340:tag4:entity31:key0029E0FC:ref31:ord0;page346:tag2:entity31:key0029E0FC:ref31:ord0;page352:tag2:entity31:key0029E0FC:ref31:ord0;page358:tag2:entity31:key0029E0FC:ref31:ord0;page364:tag2:entity31:key0029E0FC:ref31:ord0,緊急会議室（ECR）,1964年9月　ソ連領内,グロズニィグラード　ロコヴォイ・ビエレッグ,,,,NOT_CHECKED,26,,NOT_STARTED,NOT_BUILT,NOT_TESTED,JPN_PRIMARY; MLG_CN_CONTEXT_AUXILIARY,mechanical template; resource_class=SLOT_OLANG; source_objects=51,1964年9月，苏联,"[""1964年9月，苏联""]","September 1964, The Soviet Union","[""September 1964, The Soviet Union""]",AUX_CN_ATTACHED,exact_jpn_slot_page_tag_reference_index;validated_slot_olang_map_entity_identity,master status=AUX_CN_ATTACHED; mapping method=exact_jpn_slot_page_tag_reference_index;validated_slot_olang_map_entity_identity; candidate attached as auxiliary evidence only; verify against JPN and context; auxiliary candidates only; JPN remains authoritative; verify against JPN text and context
5D99CB1E,29,32,32;32;32;32;32;32;32;32;32;32;32;32;32;32;32;32;32;32;32;32;32;32;32;32;32;32;32;32;32;32;32;32;32;32;32;32;32;32;32;32;32;32;32;32;32;32;32;32;32;32;32,51,,page22:tag2:entity32:key0029E0FC:ref32:ord0;page58:tag1:entity32:key0029E0FC:ref32:ord0;page76:tag8:entity32:key0029E0FC:ref32:ord0;page82:tag3:entity32:key0029E0FC:ref32:ord0;page88:tag5:entity32:key0029E0FC:ref32:ord0;page94:tag4:entity32:key0029E0FC:ref32:ord0;page100:tag4:entity32:key0029E0FC:ref32:ord0;page106:tag4:entity32:key0029E0FC:ref32:ord0;page112:tag4:entity32:key0029E0FC:ref32:ord0;page118:tag4:entity32:key0029E0FC:ref32:ord0;page124:tag4:entity32:key0029E0FC:ref32:ord0;page130:tag3:entity32:key0029E0FC:ref32:ord0;page136:tag3:entity32:key0029E0FC:ref32:ord0;page142:tag3:entity32:key0029E0FC:ref32:ord0;page148:tag4:entity32:key0029E0FC:ref32:ord0;page154:tag5:entity32:key0029E0FC:ref32:ord0;page160:tag3:entity32:key0029E0FC:ref32:ord0;page166:tag3:entity32:key0029E0FC:ref32:ord0;page172:tag4:entity32:key0029E0FC:ref32:ord0;page178:tag4:entity32:key0029E0FC:ref32:ord0;page184:tag4:entity32:key0029E0FC:ref32:ord0;page190:tag2:entity32:key0029E0FC:ref32:ord0;page196:tag2:entity32:key0029E0FC:ref32:ord0;page202:tag4:entity32:key0029E0FC:ref32:ord0;page208:tag4:entity32:key0029E0FC:ref32:ord0;page214:tag3:entity32:key0029E0FC:ref32:ord0;page220:tag4:entity32:key0029E0FC:ref32:ord0;page226:tag4:entity32:key0029E0FC:ref32:ord0;page232:tag4:entity32:key0029E0FC:ref32:ord0;page238:tag2:entity32:key0029E0FC:ref32:ord0;page244:tag4:entity32:key0029E0FC:ref32:ord0;page250:tag4:entity32:key0029E0FC:ref32:ord0;page256:tag2:entity32:key0029E0FC:ref32:ord0;page262:tag2:entity32:key0029E0FC:ref32:ord0;page268:tag4:entity32:key0029E0FC:ref32:ord0;page274:tag4:entity32:key0029E0FC:ref32:ord0;page280:tag4:entity32:key0029E0FC:ref32:ord0;page286:tag4:entity32:key0029E0FC:ref32:ord0;page292:tag4:entity32:key0029E0FC:ref32:ord0;page298:tag4:entity32:key0029E0FC:ref32:ord0;page304:tag4:entity32:key0029E0FC:ref32:ord0;page310:tag4:entity32:key0029E0FC:ref32:ord0;page316:tag4:entity32:key0029E0FC:ref32:ord0;page322:tag2:entity32:key0029E0FC:ref32:ord0;page328:tag4:entity32:key0029E0FC:ref32:ord0;page334:tag5:entity32:key0029E0FC:ref32:ord0;page340:tag4:entity32:key0029E0FC:ref32:ord0;page346:tag2:entity32:key0029E0FC:ref32:ord0;page352:tag2:entity32:key0029E0FC:ref32:ord0;page358:tag2:entity32:key0029E0FC:ref32:ord0;page364:tag2:entity32:key0029E0FC:ref32:ord0,1964年9月　ソ連領内,グロズニィグラード　ロコヴォイ・ビエレッグ,『恋の抑止力』                ,,,,NOT_CHECKED,63,,NOT_STARTED,NOT_BUILT,NOT_TESTED,JPN_PRIMARY; MLG_CN_CONTEXT_AUXILIARY,mechanical template; resource_class=SLOT_OLANG; source_objects=51,格罗兹尼格勒，罗科沃伊贝雷格,"[""格罗兹尼格勒，罗科沃伊贝雷格""]","Groznyj Grad, Rokovoj Bereg","[""Groznyj Grad, Rokovoj Bereg""]",AUX_CN_ATTACHED,exact_jpn_slot_page_tag_reference_index;validated_slot_olang_map_entity_identity,master status=AUX_CN_ATTACHED; mapping method=exact_jpn_slot_page_tag_reference_index;validated_slot_olang_map_entity_identity; candidate attached as auxiliary evidence only; verify against JPN and context; auxiliary candidates only; JPN remains authoritative; verify against JPN text and context
5D99CB1E,30,33,33;33;33;33;33;33;33;33;33;33;33;33;33;33;33;33;33;33;33;33;33;33;33;33;33;33;33;33;33;33;33;33;33;33;33;33;33;33;33;33;33;33;33;33;33;33;33;33;33;33;33,51,,page22:tag2:entity33:key0029E0FC:ref33:ord0;page58:tag1:entity33:key0029E0FC:ref33:ord0;page76:tag8:entity33:key0029E0FC:ref33:ord0;page82:tag3:entity33:key0029E0FC:ref33:ord0;page88:tag5:entity33:key0029E0FC:ref33:ord0;page94:tag4:entity33:key0029E0FC:ref33:ord0;page100:tag4:entity33:key0029E0FC:ref33:ord0;page106:tag4:entity33:key0029E0FC:ref33:ord0;page112:tag4:entity33:key0029E0FC:ref33:ord0;page118:tag4:entity33:key0029E0FC:ref33:ord0;page124:tag4:entity33:key0029E0FC:ref33:ord0;page130:tag3:entity33:key0029E0FC:ref33:ord0;page136:tag3:entity33:key0029E0FC:ref33:ord0;page142:tag3:entity33:key0029E0FC:ref33:ord0;page148:tag4:entity33:key0029E0FC:ref33:ord0;page154:tag5:entity33:key0029E0FC:ref33:ord0;page160:tag3:entity33:key0029E0FC:ref33:ord0;page166:tag3:entity33:key0029E0FC:ref33:ord0;page172:tag4:entity33:key0029E0FC:ref33:ord0;page178:tag4:entity33:key0029E0FC:ref33:ord0;page184:tag4:entity33:key0029E0FC:ref33:ord0;page190:tag2:entity33:key0029E0FC:ref33:ord0;page196:tag2:entity33:key0029E0FC:ref33:ord0;page202:tag4:entity33:key0029E0FC:ref33:ord0;page208:tag4:entity33:key0029E0FC:ref33:ord0;page214:tag3:entity33:key0029E0FC:ref33:ord0;page220:tag4:entity33:key0029E0FC:ref33:ord0;page226:tag4:entity33:key0029E0FC:ref33:ord0;page232:tag4:entity33:key0029E0FC:ref33:ord0;page238:tag2:entity33:key0029E0FC:ref33:ord0;page244:tag4:entity33:key0029E0FC:ref33:ord0;page250:tag4:entity33:key0029E0FC:ref33:ord0;page256:tag2:entity33:key0029E0FC:ref33:ord0;page262:tag2:entity33:key0029E0FC:ref33:ord0;page268:tag4:entity33:key0029E0FC:ref33:ord0;page274:tag4:entity33:key0029E0FC:ref33:ord0;page280:tag4:entity33:key0029E0FC:ref33:ord0;page286:tag4:entity33:key0029E0FC:ref33:ord0;page292:tag4:entity33:key0029E0FC:ref33:ord0;page298:tag4:entity33:key0029E0FC:ref33:ord0;page304:tag4:entity33:key0029E0FC:ref33:ord0;page310:tag4:entity33:key0029E0FC:ref33:ord0;page316:tag4:entity33:key0029E0FC:ref33:ord0;page322:tag2:entity33:key0029E0FC:ref33:ord0;page328:tag4:entity33:key0029E0FC:ref33:ord0;page334:tag5:entity33:key0029E0FC:ref33:ord0;page340:tag4:entity33:key0029E0FC:ref33:ord0;page346:tag2:entity33:key0029E0FC:ref33:ord0;page352:tag2:entity33:key0029E0FC:ref33:ord0;page358:tag2:entity33:key0029E0FC:ref33:ord0;page364:tag2:entity33:key0029E0FC:ref33:ord0,グロズニィグラード　ロコヴォイ・ビエレッグ,『恋の抑止力』                ,唄：パス（CV：水樹奈々）　  ,,,,NOT_CHECKED,37,,NOT_STARTED,NOT_BUILT,NOT_TESTED,JPN_PRIMARY; MLG_CN_CONTEXT_AUXILIARY,mechanical template; resource_class=SLOT_OLANG; source_objects=51,美国导弹基地，,"[""美国导弹基地，""]","U.S. Missile Base,","[""U.S. Missile Base,""]",AUX_CN_ATTACHED,exact_jpn_slot_page_tag_reference_index;validated_slot_olang_map_entity_identity,master status=AUX_CN_ATTACHED; mapping method=exact_jpn_slot_page_tag_reference_index;validated_slot_olang_map_entity_identity; candidate attached as auxiliary evidence only; verify against JPN and context; auxiliary candidates only; JPN remains authoritative; verify against JPN text and context
5D99CB1E,31,34,34;34;34;34;34;34;34;34;34;34;34;34;34;34;34;34;34;34;34;34;34;34;34;34;34;34;34;34;34;34;34;34;34;34;34;34;34;34;34;34;34;34;34;34;34;34;34;34;34;34;34,51,,page22:tag2:entity34:key0029E0FC:ref34:ord0;page58:tag1:entity34:key0029E0FC:ref34:ord0;page76:tag8:entity34:key0029E0FC:ref34:ord0;page82:tag3:entity34:key0029E0FC:ref34:ord0;page88:tag5:entity34:key0029E0FC:ref34:ord0;page94:tag4:entity34:key0029E0FC:ref34:ord0;page100:tag4:entity34:key0029E0FC:ref34:ord0;page106:tag4:entity34:key0029E0FC:ref34:ord0;page112:tag4:entity34:key0029E0FC:ref34:ord0;page118:tag4:entity34:key0029E0FC:ref34:ord0;page124:tag4:entity34:key0029E0FC:ref34:ord0;page130:tag3:entity34:key0029E0FC:ref34:ord0;page136:tag3:entity34:key0029E0FC:ref34:ord0;page142:tag3:entity34:key0029E0FC:ref34:ord0;page148:tag4:entity34:key0029E0FC:ref34:ord0;page154:tag5:entity34:key0029E0FC:ref34:ord0;page160:tag3:entity34:key0029E0FC:ref34:ord0;page166:tag3:entity34:key0029E0FC:ref34:ord0;page172:tag4:entity34:key0029E0FC:ref34:ord0;page178:tag4:entity34:key0029E0FC:ref34:ord0;page184:tag4:entity34:key0029E0FC:ref34:ord0;page190:tag2:entity34:key0029E0FC:ref34:ord0;page196:tag2:entity34:key0029E0FC:ref34:ord0;page202:tag4:entity34:key0029E0FC:ref34:ord0;page208:tag4:entity34:key0029E0FC:ref34:ord0;page214:tag3:entity34:key0029E0FC:ref34:ord0;page220:tag4:entity34:key0029E0FC:ref34:ord0;page226:tag4:entity34:key0029E0FC:ref34:ord0;page232:tag4:entity34:key0029E0FC:ref34:ord0;page238:tag2:entity34:key0029E0FC:ref34:ord0;page244:tag4:entity34:key0029E0FC:ref34:ord0;page250:tag4:entity34:key0029E0FC:ref34:ord0;page256:tag2:entity34:key0029E0FC:ref34:ord0;page262:tag2:entity34:key0029E0FC:ref34:ord0;page268:tag4:entity34:key0029E0FC:ref34:ord0;page274:tag4:entity34:key0029E0FC:ref34:ord0;page280:tag4:entity34:key0029E0FC:ref34:ord0;page286:tag4:entity34:key0029E0FC:ref34:ord0;page292:tag4:entity34:key0029E0FC:ref34:ord0;page298:tag4:entity34:key0029E0FC:ref34:ord0;page304:tag4:entity34:key0029E0FC:ref34:ord0;page310:tag4:entity34:key0029E0FC:ref34:ord0;page316:tag4:entity34:key0029E0FC:ref34:ord0;page322:tag2:entity34:key0029E0FC:ref34:ord0;page328:tag4:entity34:key0029E0FC:ref34:ord0;page334:tag5:entity34:key0029E0FC:ref34:ord0;page340:tag4:entity34:key0029E0FC:ref34:ord0;page346:tag2:entity34:key0029E0FC:ref34:ord0;page352:tag2:entity34:key0029E0FC:ref34:ord0;page358:tag2:entity34:key0029E0FC:ref34:ord0;page364:tag2:entity34:key0029E0FC:ref34:ord0,『恋の抑止力』                ,唄：パス（CV：水樹奈々）　  ,『HEAVENS DIVIDE』     ,,,,NOT_CHECKED,40,,NOT_STARTED,NOT_BUILT,NOT_TESTED,JPN_PRIMARY; MLG_CN_CONTEXT_AUXILIARY,mechanical template; resource_class=SLOT_OLANG; source_objects=51,尼加拉瓜东南海岸,"[""尼加拉瓜东南海岸""]",Southeastern shore of Nicaragua,"[""Southeastern shore of Nicaragua""]",AUX_CN_ATTACHED,exact_jpn_slot_page_tag_reference_index;validated_slot_olang_map_entity_identity,master status=AUX_CN_ATTACHED; mapping method=exact_jpn_slot_page_tag_reference_index;validated_slot_olang_map_entity_identity; candidate attached as auxiliary evidence only; verify against JPN and context; auxiliary candidates only; JPN remains authoritative; verify against JPN text and context
5D99CB1E,32,35,35;35;35;35;35;35;35;35;35;35;35;35;35;35;35;35;35;35;35;35;35;35;35;35;35;35;35;35;35;35;35;35;35;35;35;35;35;35;35;35;35;35;35;35;35;35;35;35;35;35;35,51,,page22:tag2:entity35:key0029E0FC:ref35:ord0;page58:tag1:entity35:key0029E0FC:ref35:ord0;page76:tag8:entity35:key0029E0FC:ref35:ord0;page82:tag3:entity35:key0029E0FC:ref35:ord0;page88:tag5:entity35:key0029E0FC:ref35:ord0;page94:tag4:entity35:key0029E0FC:ref35:ord0;page100:tag4:entity35:key0029E0FC:ref35:ord0;page106:tag4:entity35:key0029E0FC:ref35:ord0;page112:tag4:entity35:key0029E0FC:ref35:ord0;page118:tag4:entity35:key0029E0FC:ref35:ord0;page124:tag4:entity35:key0029E0FC:ref35:ord0;page130:tag3:entity35:key0029E0FC:ref35:ord0;page136:tag3:entity35:key0029E0FC:ref35:ord0;page142:tag3:entity35:key0029E0FC:ref35:ord0;page148:tag4:entity35:key0029E0FC:ref35:ord0;page154:tag5:entity35:key0029E0FC:ref35:ord0;page160:tag3:entity35:key0029E0FC:ref35:ord0;page166:tag3:entity35:key0029E0FC:ref35:ord0;page172:tag4:entity35:key0029E0FC:ref35:ord0;page178:tag4:entity35:key0029E0FC:ref35:ord0;page184:tag4:entity35:key0029E0FC:ref35:ord0;page190:tag2:entity35:key0029E0FC:ref35:ord0;page196:tag2:entity35:key0029E0FC:ref35:ord0;page202:tag4:entity35:key0029E0FC:ref35:ord0;page208:tag4:entity35:key0029E0FC:ref35:ord0;page214:tag3:entity35:key0029E0FC:ref35:ord0;page220:tag4:entity35:key0029E0FC:ref35:ord0;page226:tag4:entity35:key0029E0FC:ref35:ord0;page232:tag4:entity35:key0029E0FC:ref35:ord0;page238:tag2:entity35:key0029E0FC:ref35:ord0;page244:tag4:entity35:key0029E0FC:ref35:ord0;page250:tag4:entity35:key0029E0FC:ref35:ord0;page256:tag2:entity35:key0029E0FC:ref35:ord0;page262:tag2:entity35:key0029E0FC:ref35:ord0;page268:tag4:entity35:key0029E0FC:ref35:ord0;page274:tag4:entity35:key0029E0FC:ref35:ord0;page280:tag4:entity35:key0029E0FC:ref35:ord0;page286:tag4:entity35:key0029E0FC:ref35:ord0;page292:tag4:entity35:key0029E0FC:ref35:ord0;page298:tag4:entity35:key0029E0FC:ref35:ord0;page304:tag4:entity35:key0029E0FC:ref35:ord0;page310:tag4:entity35:key0029E0FC:ref35:ord0;page316:tag4:entity35:key0029E0FC:ref35:ord0;page322:tag2:entity35:key0029E0FC:ref35:ord0;page328:tag4:entity35:key0029E0FC:ref35:ord0;page334:tag5:entity35:key0029E0FC:ref35:ord0;page340:tag4:entity35:key0029E0FC:ref35:ord0;page346:tag2:entity35:key0029E0FC:ref35:ord0;page352:tag2:entity35:key0029E0FC:ref35:ord0;page358:tag2:entity35:key0029E0FC:ref35:ord0;page364:tag2:entity35:key0029E0FC:ref35:ord0,唄：パス（CV：水樹奈々）　  ,『HEAVENS DIVIDE』     ,唄：Donna Burke        ,,,,NOT_CHECKED,25,,NOT_STARTED,NOT_BUILT,NOT_TESTED,JPN_PRIMARY; MLG_CN_CONTEXT_AUXILIARY,mechanical template; resource_class=SLOT_OLANG; source_objects=51,北美防空司令部(NORAD),"[""北美防空司令部(NORAD)""]",NORAD,"[""NORAD""]",AUX_CN_ATTACHED,exact_jpn_slot_page_tag_reference_index;validated_slot_olang_map_entity_identity,master status=AUX_CN_ATTACHED; mapping method=exact_jpn_slot_page_tag_reference_index;validated_slot_olang_map_entity_identity; candidate attached as auxiliary evidence only; verify against JPN and context; auxiliary candidates only; JPN remains authoritative; verify against JPN text and context
5D99CB1E,33,36,36;36;36;36;36;36;36;36;36;36;36;36;36;36;36;36;36;36;36;36;36;36;36;36;36;36;36;36;36;36;36;36;36;36;36;36;36;36;36;36;36;36;36;36;36;36;36;36;36;36;36,51,,page22:tag2:entity36:key0029E0FC:ref36:ord0;page58:tag1:entity36:key0029E0FC:ref36:ord0;page76:tag8:entity36:key0029E0FC:ref36:ord0;page82:tag3:entity36:key0029E0FC:ref36:ord0;page88:tag5:entity36:key0029E0FC:ref36:ord0;page94:tag4:entity36:key0029E0FC:ref36:ord0;page100:tag4:entity36:key0029E0FC:ref36:ord0;page106:tag4:entity36:key0029E0FC:ref36:ord0;page112:tag4:entity36:key0029E0FC:ref36:ord0;page118:tag4:entity36:key0029E0FC:ref36:ord0;page124:tag4:entity36:key0029E0FC:ref36:ord0;page130:tag3:entity36:key0029E0FC:ref36:ord0;page136:tag3:entity36:key0029E0FC:ref36:ord0;page142:tag3:entity36:key0029E0FC:ref36:ord0;page148:tag4:entity36:key0029E0FC:ref36:ord0;page154:tag5:entity36:key0029E0FC:ref36:ord0;page160:tag3:entity36:key0029E0FC:ref36:ord0;page166:tag3:entity36:key0029E0FC:ref36:ord0;page172:tag4:entity36:key0029E0FC:ref36:ord0;page178:tag4:entity36:key0029E0FC:ref36:ord0;page184:tag4:entity36:key0029E0FC:ref36:ord0;page190:tag2:entity36:key0029E0FC:ref36:ord0;page196:tag2:entity36:key0029E0FC:ref36:ord0;page202:tag4:entity36:key0029E0FC:ref36:ord0;page208:tag4:entity36:key0029E0FC:ref36:ord0;page214:tag3:entity36:key0029E0FC:ref36:ord0;page220:tag4:entity36:key0029E0FC:ref36:ord0;page226:tag4:entity36:key0029E0FC:ref36:ord0;page232:tag4:entity36:key0029E0FC:ref36:ord0;page238:tag2:entity36:key0029E0FC:ref36:ord0;page244:tag4:entity36:key0029E0FC:ref36:ord0;page250:tag4:entity36:key0029E0FC:ref36:ord0;page256:tag2:entity36:key0029E0FC:ref36:ord0;page262:tag2:entity36:key0029E0FC:ref36:ord0;page268:tag4:entity36:key0029E0FC:ref36:ord0;page274:tag4:entity36:key0029E0FC:ref36:ord0;page280:tag4:entity36:key0029E0FC:ref36:ord0;page286:tag4:entity36:key0029E0FC:ref36:ord0;page292:tag4:entity36:key0029E0FC:ref36:ord0;page298:tag4:entity36:key0029E0FC:ref36:ord0;page304:tag4:entity36:key0029E0FC:ref36:ord0;page310:tag4:entity36:key0029E0FC:ref36:ord0;page316:tag4:entity36:key0029E0FC:ref36:ord0;page322:tag2:entity36:key0029E0FC:ref36:ord0;page328:tag4:entity36:key0029E0FC:ref36:ord0;page334:tag5:entity36:key0029E0FC:ref36:ord0;page340:tag4:entity36:key0029E0FC:ref36:ord0;page346:tag2:entity36:key0029E0FC:ref36:ord0;page352:tag2:entity36:key0029E0FC:ref36:ord0;page358:tag2:entity36:key0029E0FC:ref36:ord0;page364:tag2:entity36:key0029E0FC:ref36:ord0,『HEAVENS DIVIDE』     ,唄：Donna Burke        ,"









         1974年11月4日  15:42   ",,,,NOT_CHECKED,25,,NOT_STARTED,NOT_BUILT,NOT_TESTED,JPN_PRIMARY; MLG_CN_CONTEXT_AUXILIARY,mechanical template; resource_class=SLOT_OLANG; source_objects=51,夏延山作战中心,"[""夏延山作战中心""]",Cheyenne Mountain Operations Center,"[""Cheyenne Mountain Operations Center""]",AUX_CN_ATTACHED,exact_jpn_slot_page_tag_reference_index;validated_slot_olang_map_entity_identity,master status=AUX_CN_ATTACHED; mapping method=exact_jpn_slot_page_tag_reference_index;validated_slot_olang_map_entity_identity; candidate attached as auxiliary evidence only; verify against JPN and context; auxiliary candidates only; JPN remains authoritative; verify against JPN text and context
