file_id,unique_index,first_reference_index,reference_indices,reference_count,scene_context,entity_context,previous_jpn_text,jpn_text,next_jpn_text,jpn_control_tokens,cn_text,cn_control_tokens,control_structure_status,jpn_utf8_bytes,cn_utf8_bytes,translation_status,build_status,ingame_status,translation_basis,notes,mlg_cn_reference,mlg_cn_reference_variants,eng_reference,eng_reference_variants,reference_status,reference_method,reference_reason
5DA60C2A,0,0,0,1,,page28:tag12:entity1:key002E6EBB:ref0:ord0,,TUTORIAL LIST,START BUTTON,,,,NOT_CHECKED,13,,NOT_STARTED,NOT_BUILT,NOT_TESTED,JPN_PRIMARY; MLG_CN_CONTEXT_AUXILIARY,mechanical template; resource_class=SLOT_OLANG; source_objects=1,,[],TUTORIAL LIST,"[""TUTORIAL LIST""]",AUX_UNCHANGED,exact_jpn_slot_page_tag_reference_index;validated_slot_olang_map_entity_identity,auxiliary bank retains the original JPN text; auxiliary candidates only; JPN remains authoritative; verify against JPN text and context
5DA60C2A,1,1,1,1,,page28:tag12:entity4:key00D9D9B9:ref1:ord0,TUTORIAL LIST,START BUTTON,SELECT BUTTON,,,,NOT_CHECKED,12,,NOT_STARTED,NOT_BUILT,NOT_TESTED,JPN_PRIMARY; MLG_CN_CONTEXT_AUXILIARY,mechanical template; resource_class=SLOT_OLANG; source_objects=1,,[],START BUTTON,"[""START BUTTON""]",AUX_UNCHANGED,exact_jpn_slot_page_tag_reference_index;validated_slot_olang_map_entity_identity,auxiliary bank retains the original JPN text; auxiliary candidates only; JPN remains authoritative; verify against JPN text and context
5DA60C2A,2,2,2,1,,page28:tag12:entity3:key0050818E:ref2:ord0,START BUTTON,SELECT BUTTON,KEY HELP,,,,NOT_CHECKED,13,,NOT_STARTED,NOT_BUILT,NOT_TESTED,JPN_PRIMARY; MLG_CN_CONTEXT_AUXILIARY,mechanical template; resource_class=SLOT_OLANG; source_objects=1,,[],SELECT BUTTON,"[""SELECT BUTTON""]",AUX_UNCHANGED,exact_jpn_slot_page_tag_reference_index;validated_slot_olang_map_entity_identity,auxiliary bank retains the original JPN text; auxiliary candidates only; JPN remains authoritative; verify against JPN text and context
5DA60C2A,3,3,3,1,,page28:tag12:entity0:key00291428:ref3:ord0,SELECT BUTTON,KEY HELP,ICON HELP,,,,NOT_CHECKED,8,,NOT_STARTED,NOT_BUILT,NOT_TESTED,JPN_PRIMARY; MLG_CN_CONTEXT_AUXILIARY,mechanical template; resource_class=SLOT_OLANG; source_objects=1,CONTROLS HELP,"[""CONTROLS HELP""]",CONTROLS HELP,"[""CONTROLS HELP""]",AUX_CN_ATTACHED,exact_jpn_slot_page_tag_reference_index;validated_slot_olang_map_entity_identity,master status=AUX_CN_ATTACHED; mapping method=exact_jpn_slot_page_tag_reference_index;validated_slot_olang_map_entity_identity; candidate attached as auxiliary evidence only; verify against JPN and context; auxiliary candidates only; JPN remains authoritative; verify against JPN text and context
5DA60C2A,4,4,4,1,,page28:tag12:entity2:key00361A4E:ref4:ord0,KEY HELP,ICON HELP,生産条件の班アイコンについて,,,,NOT_CHECKED,9,,NOT_STARTED,NOT_BUILT,NOT_TESTED,JPN_PRIMARY; MLG_CN_CONTEXT_AUXILIARY,mechanical template; resource_class=SLOT_OLANG; source_objects=1,,[],ICON HELP,"[""ICON HELP""]",AUX_UNCHANGED,exact_jpn_slot_page_tag_reference_index;validated_slot_olang_map_entity_identity,auxiliary bank retains the original JPN text; auxiliary candidates only; JPN remains authoritative; verify against JPN text and context
5DA60C2A,5,5,5;109;117;145;152,5,,page28:tag12:entity67:key00770493:ref5:ord0;page28:tag12:entity59:key00754891:ref109:ord0;page28:tag12:entity44:key00284EE7:ref117:ord0;page28:tag12:entity105:key00A8E7BD:ref145:ord0;page28:tag12:entity103:key00A84EAD:ref152:ord0,ICON HELP,生産条件の班アイコンについて,武器スペックアイコンについて,,,,NOT_CHECKED,42,,NOT_STARTED,NOT_BUILT,NOT_TESTED,JPN_PRIMARY; MLG_CN_CONTEXT_AUXILIARY,mechanical template; resource_class=SLOT_OLANG; source_objects=5,生产条件·队伍图标,"[""生产条件·队伍图标""]",Production Condition Team Icons,"[""Production Condition Team Icons""]",AUX_CN_ATTACHED,exact_jpn_slot_page_tag_reference_index;validated_slot_olang_map_entity_identity,master status=AUX_CN_ATTACHED; mapping method=exact_jpn_slot_page_tag_reference_index;validated_slot_olang_map_entity_identity; candidate attached as auxiliary evidence only; verify against JPN and context; auxiliary candidates only; JPN remains authoritative; verify against JPN text and context
5DA60C2A,6,6,6;118,2,,page28:tag12:entity66:key00770492:ref6:ord0;page28:tag12:entity43:key00284EE6:ref118:ord0,生産条件の班アイコンについて,武器スペックアイコンについて,武器のタグアイコンについて,,,,NOT_CHECKED,42,,NOT_STARTED,NOT_BUILT,NOT_TESTED,JPN_PRIMARY; MLG_CN_CONTEXT_AUXILIARY,mechanical template; resource_class=SLOT_OLANG; source_objects=2,武器规格图标,"[""武器规格图标""]",Weapon Specs Icons,"[""Weapon Specs Icons""]",AUX_CN_ATTACHED,exact_jpn_slot_page_tag_reference_index;validated_slot_olang_map_entity_identity,master status=AUX_CN_ATTACHED; mapping method=exact_jpn_slot_page_tag_reference_index;validated_slot_olang_map_entity_identity; candidate attached as auxiliary evidence only; verify against JPN and context; auxiliary candidates only; JPN remains authoritative; verify against JPN text and context
5DA60C2A,7,7,7;120,2,,page28:tag12:entity65:key00770490:ref7:ord0;page28:tag12:entity41:key00284EE4:ref120:ord0,武器スペックアイコンについて,武器のタグアイコンについて,諜報班,,,,NOT_CHECKED,39,,NOT_STARTED,NOT_BUILT,NOT_TESTED,JPN_PRIMARY; MLG_CN_CONTEXT_AUXILIARY,mechanical template; resource_class=SLOT_OLANG; source_objects=2,武器标签图标,"[""武器标签图标""]",Weapon Tag Icons,"[""Weapon Tag Icons""]",AUX_CN_ATTACHED,exact_jpn_slot_page_tag_reference_index;validated_slot_olang_map_entity_identity,master status=AUX_CN_ATTACHED; mapping method=exact_jpn_slot_page_tag_reference_index;validated_slot_olang_map_entity_identity; candidate attached as auxiliary evidence only; verify against JPN and context; auxiliary candidates only; JPN remains authoritative; verify against JPN text and context
5DA60C2A,8,8,8;111;122;146;155,5,,page28:tag12:entity29:key000C17BE:ref8:ord0;page28:tag12:entity15:key000C09C0:ref111:ord0;page28:tag12:entity121:key00A9A210:ref122:ord0;page28:tag12:entity64:key0075A6B6:ref146:ord0;page28:tag12:entity166:key00EDA1F0:ref155:ord0,武器のタグアイコンについて,諜報班,医療班,,,,NOT_CHECKED,9,,NOT_STARTED,NOT_BUILT,NOT_TESTED,JPN_PRIMARY; MLG_CN_CONTEXT_AUXILIARY,mechanical template; resource_class=SLOT_OLANG; source_objects=5,情报班,"[""情报班""]",Intel Team,"[""Intel Team""]",AUX_CN_ATTACHED,exact_jpn_slot_page_tag_reference_index;validated_slot_olang_map_entity_identity,master status=AUX_CN_ATTACHED; mapping method=exact_jpn_slot_page_tag_reference_index;validated_slot_olang_map_entity_identity; candidate attached as auxiliary evidence only; verify against JPN and context; auxiliary candidates only; JPN remains authoritative; verify against JPN text and context
5DA60C2A,9,9,9;112;123;147;156,5,,page28:tag12:entity28:key000C17BD:ref9:ord0;page28:tag12:entity14:key000C09BF:ref112:ord0;page28:tag12:entity120:key00A9A20F:ref123:ord0;page28:tag12:entity63:key0075A6B5:ref147:ord0;page28:tag12:entity165:key00EDA1EF:ref156:ord0,諜報班,医療班,糧食班,,,,NOT_CHECKED,9,,NOT_STARTED,NOT_BUILT,NOT_TESTED,JPN_PRIMARY; MLG_CN_CONTEXT_AUXILIARY,mechanical template; resource_class=SLOT_OLANG; source_objects=5,医疗班,"[""医疗班""]",Medical Team,"[""Medical Team""]",AUX_CN_ATTACHED,exact_jpn_slot_page_tag_reference_index;validated_slot_olang_map_entity_identity,master status=AUX_CN_ATTACHED; mapping method=exact_jpn_slot_page_tag_reference_index;validated_slot_olang_map_entity_identity; candidate attached as auxiliary evidence only; verify against JPN and context; auxiliary candidates only; JPN remains authoritative; verify against JPN text and context
5DA60C2A,10,10,10;113;124;148;157,5,,page28:tag12:entity27:key000C17BC:ref10:ord0;page28:tag12:entity13:key000C09BE:ref113:ord0;page28:tag12:entity119:key00A9A20E:ref124:ord0;page28:tag12:entity62:key0075A6B4:ref148:ord0;page28:tag12:entity164:key00EDA1EE:ref157:ord0,医療班,糧食班,研究開発班,,,,NOT_CHECKED,9,,NOT_STARTED,NOT_BUILT,NOT_TESTED,JPN_PRIMARY; MLG_CN_CONTEXT_AUXILIARY,mechanical template; resource_class=SLOT_OLANG; source_objects=5,食堂班,"[""食堂班""]",Mess Hall Team,"[""Mess Hall Team""]",AUX_CN_ATTACHED,exact_jpn_slot_page_tag_reference_index;validated_slot_olang_map_entity_identity,master status=AUX_CN_ATTACHED; mapping method=exact_jpn_slot_page_tag_reference_index;validated_slot_olang_map_entity_identity; candidate attached as auxiliary evidence only; verify against JPN and context; auxiliary candidates only; JPN remains authoritative; verify against JPN text and context
5DA60C2A,11,11,11;114;125;149;158,5,,page28:tag12:entity26:key000C17BB:ref11:ord0;page28:tag12:entity12:key000C09BD:ref114:ord0;page28:tag12:entity118:key00A9A20D:ref125:ord0;page28:tag12:entity61:key0075A6B3:ref149:ord0;page28:tag12:entity163:key00EDA1ED:ref158:ord0,糧食班,研究開発班,実戦部隊,,,,NOT_CHECKED,15,,NOT_STARTED,NOT_BUILT,NOT_TESTED,JPN_PRIMARY; MLG_CN_CONTEXT_AUXILIARY,mechanical template; resource_class=SLOT_OLANG; source_objects=5,研发班,"[""研发班""]",R&D Team,"[""R&D Team""]",AUX_CN_ATTACHED,exact_jpn_slot_page_tag_reference_index;validated_slot_olang_map_entity_identity,master status=AUX_CN_ATTACHED; mapping method=exact_jpn_slot_page_tag_reference_index;validated_slot_olang_map_entity_identity; candidate attached as auxiliary evidence only; verify against JPN and context; auxiliary candidates only; JPN remains authoritative; verify against JPN text and context
5DA60C2A,12,12,12;115;126;150;159,5,,page28:tag12:entity25:key000C17BA:ref12:ord0;page28:tag12:entity11:key000C09BC:ref115:ord0;page28:tag12:entity117:key00A9A20C:ref126:ord0;page28:tag12:entity60:key0075A6B2:ref150:ord0;page28:tag12:entity162:key00EDA1EC:ref159:ord0,研究開発班,実戦部隊,装弾数,,,,NOT_CHECKED,12,,NOT_STARTED,NOT_BUILT,NOT_TESTED,JPN_PRIMARY; MLG_CN_CONTEXT_AUXILIARY,mechanical template; resource_class=SLOT_OLANG; source_objects=5,战斗部队,"[""战斗部队""]",Combat Unit,"[""Combat Unit""]",AUX_CN_ATTACHED,exact_jpn_slot_page_tag_reference_index;validated_slot_olang_map_entity_identity,master status=AUX_CN_ATTACHED; mapping method=exact_jpn_slot_page_tag_reference_index;validated_slot_olang_map_entity_identity; candidate attached as auxiliary evidence only; verify against JPN and context; auxiliary candidates only; JPN remains authoritative; verify against JPN text and context
5DA60C2A,13,13,13;127,2,,page28:tag12:entity24:key000C17B9:ref13:ord0;page28:tag12:entity116:key00A9A20B:ref127:ord0,実戦部隊,装弾数,カムフラ率,,,,NOT_CHECKED,9,,NOT_STARTED,NOT_BUILT,NOT_TESTED,JPN_PRIMARY; MLG_CN_CONTEXT_AUXILIARY,mechanical template; resource_class=SLOT_OLANG; source_objects=2,容量,"[""容量""]",Capacity,"[""Capacity""]",AUX_CN_ATTACHED,exact_jpn_slot_page_tag_reference_index;validated_slot_olang_map_entity_identity,master status=AUX_CN_ATTACHED; mapping method=exact_jpn_slot_page_tag_reference_index;validated_slot_olang_map_entity_identity; candidate attached as auxiliary evidence only; verify against JPN and context; auxiliary candidates only; JPN remains authoritative; verify against JPN text and context
5DA60C2A,14,14,14;128,2,,page28:tag12:entity23:key000C17B8:ref14:ord0;page28:tag12:entity115:key00A9A20A:ref128:ord0,装弾数,カムフラ率,集弾性能,,,,NOT_CHECKED,15,,NOT_STARTED,NOT_BUILT,NOT_TESTED,JPN_PRIMARY; MLG_CN_CONTEXT_AUXILIARY,mechanical template; resource_class=SLOT_OLANG; source_objects=2,迷彩指数,"[""迷彩指数""]",Camo Index,"[""Camo Index""]",AUX_CN_ATTACHED,exact_jpn_slot_page_tag_reference_index;validated_slot_olang_map_entity_identity,master status=AUX_CN_ATTACHED; mapping method=exact_jpn_slot_page_tag_reference_index;validated_slot_olang_map_entity_identity; candidate attached as auxiliary evidence only; verify against JPN and context; auxiliary candidates only; JPN remains authoritative; verify against JPN text and context
5DA60C2A,15,15,15;129,2,,page28:tag12:entity22:key000C17A1:ref15:ord0;page28:tag12:entity114:key00A9A1F3:ref129:ord0,カムフラ率,集弾性能,連射性能,,,,NOT_CHECKED,12,,NOT_STARTED,NOT_BUILT,NOT_TESTED,JPN_PRIMARY; MLG_CN_CONTEXT_AUXILIARY,mechanical template; resource_class=SLOT_OLANG; source_objects=2,射击散布,"[""射击散布""]",Firing Spread,"[""Firing Spread""]",AUX_CN_ATTACHED,exact_jpn_slot_page_tag_reference_index;validated_slot_olang_map_entity_identity,master status=AUX_CN_ATTACHED; mapping method=exact_jpn_slot_page_tag_reference_index;validated_slot_olang_map_entity_identity; candidate attached as auxiliary evidence only; verify against JPN and context; auxiliary candidates only; JPN remains authoritative; verify against JPN text and context
5DA60C2A,16,16,16;130,2,,page28:tag12:entity21:key000C17A0:ref16:ord0;page28:tag12:entity113:key00A9A1F2:ref130:ord0,集弾性能,連射性能,行動抑止性能,,,,NOT_CHECKED,12,,NOT_STARTED,NOT_BUILT,NOT_TESTED,JPN_PRIMARY; MLG_CN_CONTEXT_AUXILIARY,mechanical template; resource_class=SLOT_OLANG; source_objects=2,连射,"[""连射""]",Rapid Fire,"[""Rapid Fire""]",AUX_CN_ATTACHED,exact_jpn_slot_page_tag_reference_index;validated_slot_olang_map_entity_identity,master status=AUX_CN_ATTACHED; mapping method=exact_jpn_slot_page_tag_reference_index;validated_slot_olang_map_entity_identity; candidate attached as auxiliary evidence only; verify against JPN and context; auxiliary candidates only; JPN remains authoritative; verify against JPN text and context
5DA60C2A,17,17,17;131,2,,page28:tag12:entity20:key000C179F:ref17:ord0;page28:tag12:entity112:key00A9A1F1:ref131:ord0,連射性能,行動抑止性能,威力,,,,NOT_CHECKED,18,,NOT_STARTED,NOT_BUILT,NOT_TESTED,JPN_PRIMARY; MLG_CN_CONTEXT_AUXILIARY,mechanical template; resource_class=SLOT_OLANG; source_objects=2,停止力,"[""停止力""]",Stopping Power,"[""Stopping Power""]",AUX_CN_ATTACHED,exact_jpn_slot_page_tag_reference_index;validated_slot_olang_map_entity_identity,master status=AUX_CN_ATTACHED; mapping method=exact_jpn_slot_page_tag_reference_index;validated_slot_olang_map_entity_identity; candidate attached as auxiliary evidence only; verify against JPN and context; auxiliary candidates only; JPN remains authoritative; verify against JPN text and context
5DA60C2A,18,18,18;132,2,,page28:tag12:entity19:key000C179E:ref18:ord0;page28:tag12:entity111:key00A9A1F0:ref132:ord0,行動抑止性能,威力,★のとなりの数字がランク数を表します。,,,,NOT_CHECKED,6,,NOT_STARTED,NOT_BUILT,NOT_TESTED,JPN_PRIMARY; MLG_CN_CONTEXT_AUXILIARY,mechanical template; resource_class=SLOT_OLANG; source_objects=2,,[],Power,"[""Power""]",AUX_UNCHANGED,exact_jpn_slot_page_tag_reference_index;validated_slot_olang_map_entity_identity,auxiliary bank retains the original JPN text; auxiliary candidates only; JPN remains authoritative; verify against JPN text and context
5DA60C2A,19,19,19;116;121;154,4,,page28:tag12:entity18:key000C179B:ref19:ord0;page28:tag12:entity10:key000C09BA:ref116:ord0;page28:tag12:entity122:key00A9A211:ref121:ord0;page28:tag12:entity167:key00EDA1F1:ref154:ord0,威力,★のとなりの数字がランク数を表します。,【ZZZ】攻撃対象を眠らせる武器　【STN】敵を気絶させる武器,,,,NOT_CHECKED,57,,NOT_STARTED,NOT_BUILT,NOT_TESTED,JPN_PRIMARY; MLG_CN_CONTEXT_AUXILIARY,mechanical template; resource_class=SLOT_OLANG; source_objects=4,星星旁边的数字代表等级。,"[""星星旁边的数字代表等级。""]",Numbers next to stars represent ranks.,"[""Numbers next to stars represent ranks.""]",AUX_CN_ATTACHED,exact_jpn_slot_page_tag_reference_index;validated_slot_olang_map_entity_identity,master status=AUX_CN_ATTACHED; mapping method=exact_jpn_slot_page_tag_reference_index;validated_slot_olang_map_entity_identity; candidate attached as auxiliary evidence only; verify against JPN and context; auxiliary candidates only; JPN remains authoritative; verify against JPN text and context
5DA60C2A,20,20,20;136,2,,page28:tag12:entity17:key000C179A:ref20:ord0;page28:tag12:entity107:key00A9A1EC:ref136:ord0,★のとなりの数字がランク数を表します。,【ZZZ】攻撃対象を眠らせる武器　【STN】敵を気絶させる武器,【CQC】CQCが可能な武器,,,,NOT_CHECKED,81,,NOT_STARTED,NOT_BUILT,NOT_TESTED,JPN_PRIMARY; MLG_CN_CONTEXT_AUXILIARY,mechanical template; resource_class=SLOT_OLANG; source_objects=2,[ZZZ] 使目标入睡的武器。 [STN] 使敌人昏迷的武器。,"[""[ZZZ] 使目标入睡的武器。 [STN] 使敌人昏迷的武器。""]",[ZZZ] Weapon that puts targets to sleep. [STN] Weapon that knocks enemies out.,"[""[ZZZ] Weapon that puts targets to sleep. [STN] Weapon that knocks enemies out.""]",AUX_CN_ATTACHED,exact_jpn_slot_page_tag_reference_index;validated_slot_olang_map_entity_identity,master status=AUX_CN_ATTACHED; mapping method=exact_jpn_slot_page_tag_reference_index;validated_slot_olang_map_entity_identity; candidate attached as auxiliary evidence only; verify against JPN and context; auxiliary candidates only; JPN remains authoritative; verify against JPN text and context
5DA60C2A,21,21,21;137,2,,page28:tag12:entity16:key000C1799:ref21:ord0;page28:tag12:entity106:key00A9A1EB:ref137:ord0,【ZZZ】攻撃対象を眠らせる武器　【STN】敵を気絶させる武器,【CQC】CQCが可能な武器,スタッフの状態を表すアイコンについて,,,,NOT_CHECKED,30,,NOT_STARTED,NOT_BUILT,NOT_TESTED,JPN_PRIMARY; MLG_CN_CONTEXT_AUXILIARY,mechanical template; resource_class=SLOT_OLANG; source_objects=2,[CQC] 允许使用CQC的武器,"[""[CQC] 允许使用CQC的武器"",""[CQC] 可使用CQC的武器。""]",[CQC] Weapon that allows CQC,"[""[CQC] Weapon that allows CQC"",""[CQC] Weapon that allows CQC.""]",AUX_CN_ATTACHED,exact_jpn_slot_page_tag_reference_index;validated_slot_olang_map_entity_identity,master status=AUX_CN_ATTACHED; mapping method=exact_jpn_slot_page_tag_reference_index;validated_slot_olang_map_entity_identity; candidate attached as auxiliary evidence only; verify against JPN and context; auxiliary candidates only; JPN remains authoritative; verify against JPN text and context; multiple candidates aggregated from all real JPN references; split/merge/order mismatch remains possible
5DA60C2A,22,22,22;57,2,,page28:tag12:entity158:key00E60F81:ref22:ord0;page28:tag12:entity9:key00042F8A:ref57:ord0,【CQC】CQCが可能な武器,スタッフの状態を表すアイコンについて,スタッフのスキルアイコンについて,,,,NOT_CHECKED,54,,NOT_STARTED,NOT_BUILT,NOT_TESTED,JPN_PRIMARY; MLG_CN_CONTEXT_AUXILIARY,mechanical template; resource_class=SLOT_OLANG; source_objects=2,表示人员状态的图标,"[""表示人员状态的图标""]",Icons Representing Staff Status,"[""Icons Representing Staff Status""]",AUX_CN_ATTACHED,exact_jpn_slot_page_tag_reference_index;validated_slot_olang_map_entity_identity,master status=AUX_CN_ATTACHED; mapping method=exact_jpn_slot_page_tag_reference_index;validated_slot_olang_map_entity_identity; candidate attached as auxiliary evidence only; verify against JPN and context; auxiliary candidates only; JPN remains authoritative; verify against JPN text and context
5DA60C2A,23,23,23;58,2,,page28:tag12:entity157:key00E60F80:ref23:ord0;page28:tag12:entity8:key00042F89:ref58:ord0,スタッフの状態を表すアイコンについて,スタッフのスキルアイコンについて,スタッフの戦闘能力アイコンについて,,,,NOT_CHECKED,48,,NOT_STARTED,NOT_BUILT,NOT_TESTED,JPN_PRIMARY; MLG_CN_CONTEXT_AUXILIARY,mechanical template; resource_class=SLOT_OLANG; source_objects=2,人员技能图标,"[""人员技能图标""]",Staff Skill Icons,"[""Staff Skill Icons""]",AUX_CN_ATTACHED,exact_jpn_slot_page_tag_reference_index;validated_slot_olang_map_entity_identity,master status=AUX_CN_ATTACHED; mapping method=exact_jpn_slot_page_tag_reference_index;validated_slot_olang_map_entity_identity; candidate attached as auxiliary evidence only; verify against JPN and context; auxiliary candidates only; JPN remains authoritative; verify against JPN text and context
5DA60C2A,24,24,24;59,2,,page28:tag12:entity156:key00E60F7F:ref24:ord0;page28:tag12:entity7:key00042F88:ref59:ord0,スタッフのスキルアイコンについて,スタッフの戦闘能力アイコンについて,スタッフのタグについて,,,,NOT_CHECKED,51,,NOT_STARTED,NOT_BUILT,NOT_TESTED,JPN_PRIMARY; MLG_CN_CONTEXT_AUXILIARY,mechanical template; resource_class=SLOT_OLANG; source_objects=2,人员战斗能力图标,"[""人员战斗能力图标""]",Staff Combat Ability Icons,"[""Staff Combat Ability Icons""]",AUX_CN_ATTACHED,exact_jpn_slot_page_tag_reference_index;validated_slot_olang_map_entity_identity,master status=AUX_CN_ATTACHED; mapping method=exact_jpn_slot_page_tag_reference_index;validated_slot_olang_map_entity_identity; candidate attached as auxiliary evidence only; verify against JPN and context; auxiliary candidates only; JPN remains authoritative; verify against JPN text and context
5DA60C2A,25,25,25;60,2,,page28:tag12:entity155:key00E60F7E:ref25:ord0;page28:tag12:entity6:key00042F87:ref60:ord0,スタッフの戦闘能力アイコンについて,スタッフのタグについて,スタッフの能力アイコンについて,,,,NOT_CHECKED,33,,NOT_STARTED,NOT_BUILT,NOT_TESTED,JPN_PRIMARY; MLG_CN_CONTEXT_AUXILIARY,mechanical template; resource_class=SLOT_OLANG; source_objects=2,人员标签,"[""人员标签""]",Staff Tags,"[""Staff Tags""]",AUX_CN_ATTACHED,exact_jpn_slot_page_tag_reference_index;validated_slot_olang_map_entity_identity,master status=AUX_CN_ATTACHED; mapping method=exact_jpn_slot_page_tag_reference_index;validated_slot_olang_map_entity_identity; candidate attached as auxiliary evidence only; verify against JPN and context; auxiliary candidates only; JPN remains authoritative; verify against JPN text and context
5DA60C2A,26,26,26;61,2,,page28:tag12:entity154:key00E60F7D:ref26:ord0;page28:tag12:entity5:key00042F86:ref61:ord0,スタッフのタグについて,スタッフの能力アイコンについて,『OUTER OPS』で派遣中である状態を示します。,,,,NOT_CHECKED,45,,NOT_STARTED,NOT_BUILT,NOT_TESTED,JPN_PRIMARY; MLG_CN_CONTEXT_AUXILIARY,mechanical template; resource_class=SLOT_OLANG; source_objects=2,人员能力图标,"[""人员能力图标""]",Staff Ability Icons,"[""Staff Ability Icons""]",AUX_CN_ATTACHED,exact_jpn_slot_page_tag_reference_index;validated_slot_olang_map_entity_identity,master status=AUX_CN_ATTACHED; mapping method=exact_jpn_slot_page_tag_reference_index;validated_slot_olang_map_entity_identity; candidate attached as auxiliary evidence only; verify against JPN and context; auxiliary candidates only; JPN remains authoritative; verify against JPN text and context
5DA60C2A,27,27,27,1,,page28:tag12:entity97:key0077904F:ref27:ord0,スタッフの能力アイコンについて,『OUTER OPS』で派遣中である状態を示します。,各種能力が低下している状態です。,,,,NOT_CHECKED,60,,NOT_STARTED,NOT_BUILT,NOT_TESTED,JPN_PRIMARY; MLG_CN_CONTEXT_AUXILIARY,mechanical template; resource_class=SLOT_OLANG; source_objects=1,表示该人员已派遣执行派遣任务。,"[""表示该人员已派遣执行派遣任务。""]",Indicates that staff is dispatched on OUTER OPS.,"[""Indicates that staff is dispatched on OUTER OPS.""]",AUX_CN_ATTACHED,exact_jpn_slot_page_tag_reference_index;validated_slot_olang_map_entity_identity,master status=AUX_CN_ATTACHED; mapping method=exact_jpn_slot_page_tag_reference_index;validated_slot_olang_map_entity_identity; candidate attached as auxiliary evidence only; verify against JPN and context; auxiliary candidates only; JPN remains authoritative; verify against JPN text and context
5DA60C2A,28,28,28;63,2,,page28:tag12:entity96:key00779038:ref28:ord0;page28:tag12:entity152:key00B88138:ref63:ord0,『OUTER OPS』で派遣中である状態を示します。,各種能力が低下している状態です。,『PTSD』状態を示します。『診療所』以外に配属させていると状態が悪化します。,,,,NOT_CHECKED,48,,NOT_STARTED,NOT_BUILT,NOT_TESTED,JPN_PRIMARY; MLG_CN_CONTEXT_AUXILIARY,mechanical template; resource_class=SLOT_OLANG; source_objects=2,表示能力当前已减弱。,"[""表示能力当前已减弱。""]",Indicates that abilities have currently weakened.,"[""Indicates that abilities have currently weakened.""]",AUX_CN_ATTACHED,exact_jpn_slot_page_tag_reference_index;validated_slot_olang_map_entity_identity,master status=AUX_CN_ATTACHED; mapping method=exact_jpn_slot_page_tag_reference_index;validated_slot_olang_map_entity_identity; candidate attached as auxiliary evidence only; verify against JPN and context; auxiliary candidates only; JPN remains authoritative; verify against JPN text and context
5DA60C2A,29,29,29;64,2,,page28:tag12:entity95:key00779037:ref29:ord0;page28:tag12:entity151:key00B88137:ref64:ord0,各種能力が低下している状態です。,『PTSD』状態を示します。『診療所』以外に配属させていると状態が悪化します。,『負傷』状態を示します。『診療所』以外に配属させていると状態が悪化します。,,,,NOT_CHECKED,109,,NOT_STARTED,NOT_BUILT,NOT_TESTED,JPN_PRIMARY; MLG_CN_CONTEXT_AUXILIARY,mechanical template; resource_class=SLOT_OLANG; source_objects=2,表示PTSD状态。若不将其安置在病房，人员状况会恶化。,"[""表示PTSD状态。若不将其安置在病房，人员状况会恶化。""]",Represents PTSD status. Staff condition will worsen if not placed in Sickbay.,"[""Represents PTSD status. Staff condition will worsen if not placed in Sickbay.""]",AUX_CN_ATTACHED,exact_jpn_slot_page_tag_reference_index;validated_slot_olang_map_entity_identity,master status=AUX_CN_ATTACHED; mapping method=exact_jpn_slot_page_tag_reference_index;validated_slot_olang_map_entity_identity; candidate attached as auxiliary evidence only; verify against JPN and context; auxiliary candidates only; JPN remains authoritative; verify against JPN text and context
5DA60C2A,30,30,30;65,2,,page28:tag12:entity94:key00779036:ref30:ord0;page28:tag12:entity150:key00B88136:ref65:ord0,『PTSD』状態を示します。『診療所』以外に配属させていると状態が悪化します。,『負傷』状態を示します。『診療所』以外に配属させていると状態が悪化します。,『病気』状態を示します。『診療所』以外に配属させていると状態が悪化します。,,,,NOT_CHECKED,111,,NOT_STARTED,NOT_BUILT,NOT_TESTED,JPN_PRIMARY; MLG_CN_CONTEXT_AUXILIARY,mechanical template; resource_class=SLOT_OLANG; source_objects=2,表示负伤状态。若不将其安置在病房，人员状况会恶化。,"[""表示负伤状态。若不将其安置在病房，人员状况会恶化。""]",Represents wounded status. Staff condition will worsen if not placed in Sickbay.,"[""Represents wounded status. Staff condition will worsen if not placed in Sickbay.""]",AUX_CN_ATTACHED,exact_jpn_slot_page_tag_reference_index;validated_slot_olang_map_entity_identity,master status=AUX_CN_ATTACHED; mapping method=exact_jpn_slot_page_tag_reference_index;validated_slot_olang_map_entity_identity; candidate attached as auxiliary evidence only; verify against JPN and context; auxiliary candidates only; JPN remains authoritative; verify against JPN text and context
5DA60C2A,31,31,31;66,2,,page28:tag12:entity93:key00779035:ref31:ord0;page28:tag12:entity149:key00B88135:ref66:ord0,『負傷』状態を示します。『診療所』以外に配属させていると状態が悪化します。,『病気』状態を示します。『診療所』以外に配属させていると状態が悪化します。,『敵属性』を示します。このゲージが０になるまでは、『営倉』から出すことができません。,,,,NOT_CHECKED,111,,NOT_STARTED,NOT_BUILT,NOT_TESTED,JPN_PRIMARY; MLG_CN_CONTEXT_AUXILIARY,mechanical template; resource_class=SLOT_OLANG; source_objects=2,表示患病状态。若不将其安置在病房，人员状况会恶化。,"[""表示患病状态。若不将其安置在病房，人员状况会恶化。""]",Represents sick status. Staff condition will worsen if not placed in Sickbay.,"[""Represents sick status. Staff condition will worsen if not placed in Sickbay.""]",AUX_CN_ATTACHED,exact_jpn_slot_page_tag_reference_index;validated_slot_olang_map_entity_identity,master status=AUX_CN_ATTACHED; mapping method=exact_jpn_slot_page_tag_reference_index;validated_slot_olang_map_entity_identity; candidate attached as auxiliary evidence only; verify against JPN and context; auxiliary candidates only; JPN remains authoritative; verify against JPN text and context
5DA60C2A,32,32,32;67,2,,page28:tag12:entity92:key00779034:ref32:ord0;page28:tag12:entity148:key00B88134:ref67:ord0,『病気』状態を示します。『診療所』以外に配属させていると状態が悪化します。,『敵属性』を示します。このゲージが０になるまでは、『営倉』から出すことができません。,『士気』を示します。値が高いほど各種能力が上昇します。,,,,NOT_CHECKED,126,,NOT_STARTED,NOT_BUILT,NOT_TESTED,JPN_PRIMARY; MLG_CN_CONTEXT_AUXILIARY,mechanical template; resource_class=SLOT_OLANG; source_objects=2,表示敌意。此数值归零前，人员无法离开禁闭室。,"[""表示敌意。此数值归零前，人员无法离开禁闭室。""]",Represents hostility. Staff cannot leave Brig until this reaches zero.,"[""Represents hostility. Staff cannot leave Brig until this reaches zero.""]",AUX_CN_ATTACHED,exact_jpn_slot_page_tag_reference_index;validated_slot_olang_map_entity_identity,master status=AUX_CN_ATTACHED; mapping method=exact_jpn_slot_page_tag_reference_index;validated_slot_olang_map_entity_identity; candidate attached as auxiliary evidence only; verify against JPN and context; auxiliary candidates only; JPN remains authoritative; verify against JPN text and context
5DA60C2A,33,33,33;68,2,,page28:tag12:entity91:key00779033:ref33:ord0;page28:tag12:entity147:key00B88133:ref68:ord0,『敵属性』を示します。このゲージが０になるまでは、『営倉』から出すことができません。,『士気』を示します。値が高いほど各種能力が上昇します。,諜報班スキル,,,,NOT_CHECKED,81,,NOT_STARTED,NOT_BUILT,NOT_TESTED,JPN_PRIMARY; MLG_CN_CONTEXT_AUXILIARY,mechanical template; resource_class=SLOT_OLANG; source_objects=2,表示士气。数值越高，各项能力提升越大。,"[""表示士气。数值越高，各项能力提升越大。""]","Represents morale. The higher the value, the more each ability increases.","[""Represents morale. The higher the value, the more each ability increases.""]",AUX_CN_ATTACHED,exact_jpn_slot_page_tag_reference_index;validated_slot_olang_map_entity_identity,master status=AUX_CN_ATTACHED; mapping method=exact_jpn_slot_page_tag_reference_index;validated_slot_olang_map_entity_identity; candidate attached as auxiliary evidence only; verify against JPN and context; auxiliary candidates only; JPN remains authoritative; verify against JPN text and context
5DA60C2A,34,34,34;69,2,,page28:tag12:entity90:key00779032:ref34:ord0;page28:tag12:entity146:key00B88132:ref69:ord0,『士気』を示します。値が高いほど各種能力が上昇します。,諜報班スキル,医療班スキル,,,,NOT_CHECKED,18,,NOT_STARTED,NOT_BUILT,NOT_TESTED,JPN_PRIMARY; MLG_CN_CONTEXT_AUXILIARY,mechanical template; resource_class=SLOT_OLANG; source_objects=2,情报班技能,"[""情报班技能""]",Intel Team Skills,"[""Intel Team Skills""]",AUX_CN_ATTACHED,exact_jpn_slot_page_tag_reference_index;validated_slot_olang_map_entity_identity,master status=AUX_CN_ATTACHED; mapping method=exact_jpn_slot_page_tag_reference_index;validated_slot_olang_map_entity_identity; candidate attached as auxiliary evidence only; verify against JPN and context; auxiliary candidates only; JPN remains authoritative; verify against JPN text and context
5DA60C2A,35,35,35;70,2,,page28:tag12:entity89:key00779031:ref35:ord0;page28:tag12:entity145:key00B88131:ref70:ord0,諜報班スキル,医療班スキル,糧食班スキル,,,,NOT_CHECKED,18,,NOT_STARTED,NOT_BUILT,NOT_TESTED,JPN_PRIMARY; MLG_CN_CONTEXT_AUXILIARY,mechanical template; resource_class=SLOT_OLANG; source_objects=2,医疗班技能,"[""医疗班技能""]",Medical Team Skills,"[""Medical Team Skills""]",AUX_CN_ATTACHED,exact_jpn_slot_page_tag_reference_index;validated_slot_olang_map_entity_identity,master status=AUX_CN_ATTACHED; mapping method=exact_jpn_slot_page_tag_reference_index;validated_slot_olang_map_entity_identity; candidate attached as auxiliary evidence only; verify against JPN and context; auxiliary candidates only; JPN remains authoritative; verify against JPN text and context
5DA60C2A,36,36,36;71,2,,page28:tag12:entity88:key00779030:ref36:ord0;page28:tag12:entity144:key00B88130:ref71:ord0,医療班スキル,糧食班スキル,研究開発班スキル,,,,NOT_CHECKED,18,,NOT_STARTED,NOT_BUILT,NOT_TESTED,JPN_PRIMARY; MLG_CN_CONTEXT_AUXILIARY,mechanical template; resource_class=SLOT_OLANG; source_objects=2,食堂班技能,"[""食堂班技能""]",Mess Hall Team Skills,"[""Mess Hall Team Skills""]",AUX_CN_ATTACHED,exact_jpn_slot_page_tag_reference_index;validated_slot_olang_map_entity_identity,master status=AUX_CN_ATTACHED; mapping method=exact_jpn_slot_page_tag_reference_index;validated_slot_olang_map_entity_identity; candidate attached as auxiliary evidence only; verify against JPN and context; auxiliary candidates only; JPN remains authoritative; verify against JPN text and context
5DA60C2A,37,37,37;72,2,,page28:tag12:entity87:key0077902F:ref37:ord0;page28:tag12:entity143:key00B8812F:ref72:ord0,糧食班スキル,研究開発班スキル,実戦部隊スキル,,,,NOT_CHECKED,24,,NOT_STARTED,NOT_BUILT,NOT_TESTED,JPN_PRIMARY; MLG_CN_CONTEXT_AUXILIARY,mechanical template; resource_class=SLOT_OLANG; source_objects=2,研发班技能,"[""研发班技能""]",R&D Team Skills,"[""R&D Team Skills""]",AUX_CN_ATTACHED,exact_jpn_slot_page_tag_reference_index;validated_slot_olang_map_entity_identity,master status=AUX_CN_ATTACHED; mapping method=exact_jpn_slot_page_tag_reference_index;validated_slot_olang_map_entity_identity; candidate attached as auxiliary evidence only; verify against JPN and context; auxiliary candidates only; JPN remains authoritative; verify against JPN text and context
5DA60C2A,38,38,38;73,2,,page28:tag12:entity86:key00779018:ref38:ord0;page28:tag12:entity142:key00B88118:ref73:ord0,研究開発班スキル,実戦部隊スキル,ミッション系スキル,,,,NOT_CHECKED,21,,NOT_STARTED,NOT_BUILT,NOT_TESTED,JPN_PRIMARY; MLG_CN_CONTEXT_AUXILIARY,mechanical template; resource_class=SLOT_OLANG; source_objects=2,战斗班技能,"[""战斗班技能""]",Combat Unit Skills,"[""Combat Unit Skills""]",AUX_CN_ATTACHED,exact_jpn_slot_page_tag_reference_index;validated_slot_olang_map_entity_identity,master status=AUX_CN_ATTACHED; mapping method=exact_jpn_slot_page_tag_reference_index;validated_slot_olang_map_entity_identity; candidate attached as auxiliary evidence only; verify against JPN and context; auxiliary candidates only; JPN remains authoritative; verify against JPN text and context
5DA60C2A,39,39,39;74,2,,page28:tag12:entity85:key00779017:ref39:ord0;page28:tag12:entity141:key00B88117:ref74:ord0,実戦部隊スキル,ミッション系スキル,防御能力,,,,NOT_CHECKED,27,,NOT_STARTED,NOT_BUILT,NOT_TESTED,JPN_PRIMARY; MLG_CN_CONTEXT_AUXILIARY,mechanical template; resource_class=SLOT_OLANG; source_objects=2,任务技能,"[""任务技能""]",Mission Skills,"[""Mission Skills""]",AUX_CN_ATTACHED,exact_jpn_slot_page_tag_reference_index;validated_slot_olang_map_entity_identity,master status=AUX_CN_ATTACHED; mapping method=exact_jpn_slot_page_tag_reference_index;validated_slot_olang_map_entity_identity; candidate attached as auxiliary evidence only; verify against JPN and context; auxiliary candidates only; JPN remains authoritative; verify against JPN text and context
5DA60C2A,40,40,40;75,2,,page28:tag12:entity84:key00779016:ref40:ord0;page28:tag12:entity140:key00B88116:ref75:ord0,ミッション系スキル,防御能力,格闘能力,,,,NOT_CHECKED,12,,NOT_STARTED,NOT_BUILT,NOT_TESTED,JPN_PRIMARY; MLG_CN_CONTEXT_AUXILIARY,mechanical template; resource_class=SLOT_OLANG; source_objects=2,防御,"[""防御""]",Defense,"[""Defense""]",AUX_CN_ATTACHED,exact_jpn_slot_page_tag_reference_index;validated_slot_olang_map_entity_identity,master status=AUX_CN_ATTACHED; mapping method=exact_jpn_slot_page_tag_reference_index;validated_slot_olang_map_entity_identity; candidate attached as auxiliary evidence only; verify against JPN and context; auxiliary candidates only; JPN remains authoritative; verify against JPN text and context
5DA60C2A,41,41,41;76,2,,page28:tag12:entity83:key00779015:ref41:ord0;page28:tag12:entity139:key00B88115:ref76:ord0,防御能力,格闘能力,走り速度,,,,NOT_CHECKED,12,,NOT_STARTED,NOT_BUILT,NOT_TESTED,JPN_PRIMARY; MLG_CN_CONTEXT_AUXILIARY,mechanical template; resource_class=SLOT_OLANG; source_objects=2,战斗,"[""战斗""]",Fight,"[""Fight""]",AUX_CN_ATTACHED,exact_jpn_slot_page_tag_reference_index;validated_slot_olang_map_entity_identity,master status=AUX_CN_ATTACHED; mapping method=exact_jpn_slot_page_tag_reference_index;validated_slot_olang_map_entity_identity; candidate attached as auxiliary evidence only; verify against JPN and context; auxiliary candidates only; JPN remains authoritative; verify against JPN text and context
5DA60C2A,42,42,42;77,2,,page28:tag12:entity82:key00779014:ref42:ord0;page28:tag12:entity138:key00B88114:ref77:ord0,格闘能力,走り速度,歩き速度,,,,NOT_CHECKED,12,,NOT_STARTED,NOT_BUILT,NOT_TESTED,JPN_PRIMARY; MLG_CN_CONTEXT_AUXILIARY,mechanical template; resource_class=SLOT_OLANG; source_objects=2,奔跑速度,"[""奔跑速度""]",Run Speed,"[""Run Speed""]",AUX_CN_ATTACHED,exact_jpn_slot_page_tag_reference_index;validated_slot_olang_map_entity_identity,master status=AUX_CN_ATTACHED; mapping method=exact_jpn_slot_page_tag_reference_index;validated_slot_olang_map_entity_identity; candidate attached as auxiliary evidence only; verify against JPN and context; auxiliary candidates only; JPN remains authoritative; verify against JPN text and context
5DA60C2A,43,43,43;78,2,,page28:tag12:entity81:key00779013:ref43:ord0;page28:tag12:entity137:key00B88113:ref78:ord0,走り速度,歩き速度,設置能力,,,,NOT_CHECKED,12,,NOT_STARTED,NOT_BUILT,NOT_TESTED,JPN_PRIMARY; MLG_CN_CONTEXT_AUXILIARY,mechanical template; resource_class=SLOT_OLANG; source_objects=2,步行速度,"[""步行速度""]",Walk Speed,"[""Walk Speed""]",AUX_CN_ATTACHED,exact_jpn_slot_page_tag_reference_index;validated_slot_olang_map_entity_identity,master status=AUX_CN_ATTACHED; mapping method=exact_jpn_slot_page_tag_reference_index;validated_slot_olang_map_entity_identity; candidate attached as auxiliary evidence only; verify against JPN and context; auxiliary candidates only; JPN remains authoritative; verify against JPN text and context
5DA60C2A,44,44,44;79,2,,page28:tag12:entity80:key00779012:ref44:ord0;page28:tag12:entity136:key00B88112:ref79:ord0,歩き速度,設置能力,投擲能力,,,,NOT_CHECKED,12,,NOT_STARTED,NOT_BUILT,NOT_TESTED,JPN_PRIMARY; MLG_CN_CONTEXT_AUXILIARY,mechanical template; resource_class=SLOT_OLANG; source_objects=2,放置,"[""放置""]",Place,"[""Place""]",AUX_CN_ATTACHED,exact_jpn_slot_page_tag_reference_index;validated_slot_olang_map_entity_identity,master status=AUX_CN_ATTACHED; mapping method=exact_jpn_slot_page_tag_reference_index;validated_slot_olang_map_entity_identity; candidate attached as auxiliary evidence only; verify against JPN and context; auxiliary candidates only; JPN remains authoritative; verify against JPN text and context
5DA60C2A,45,45,45;80,2,,page28:tag12:entity79:key00779011:ref45:ord0;page28:tag12:entity135:key00B88111:ref80:ord0,設置能力,投擲能力,リロード能力,,,,NOT_CHECKED,12,,NOT_STARTED,NOT_BUILT,NOT_TESTED,JPN_PRIMARY; MLG_CN_CONTEXT_AUXILIARY,mechanical template; resource_class=SLOT_OLANG; source_objects=2,投掷,"[""投掷""]",Throw,"[""Throw""]",AUX_CN_ATTACHED,exact_jpn_slot_page_tag_reference_index;validated_slot_olang_map_entity_identity,master status=AUX_CN_ATTACHED; mapping method=exact_jpn_slot_page_tag_reference_index;validated_slot_olang_map_entity_identity; candidate attached as auxiliary evidence only; verify against JPN and context; auxiliary candidates only; JPN remains authoritative; verify against JPN text and context
5DA60C2A,46,46,46;81,2,,page28:tag12:entity78:key00779010:ref46:ord0;page28:tag12:entity134:key00B88110:ref81:ord0,投擲能力,リロード能力,射撃能力,,,,NOT_CHECKED,18,,NOT_STARTED,NOT_BUILT,NOT_TESTED,JPN_PRIMARY; MLG_CN_CONTEXT_AUXILIARY,mechanical template; resource_class=SLOT_OLANG; source_objects=2,装弹,"[""装弹""]",Reload,"[""Reload""]",AUX_CN_ATTACHED,exact_jpn_slot_page_tag_reference_index;validated_slot_olang_map_entity_identity,master status=AUX_CN_ATTACHED; mapping method=exact_jpn_slot_page_tag_reference_index;validated_slot_olang_map_entity_identity; candidate attached as auxiliary evidence only; verify against JPN and context; auxiliary candidates only; JPN remains authoritative; verify against JPN text and context
5DA60C2A,47,47,47;82,2,,page28:tag12:entity77:key0077900F:ref47:ord0;page28:tag12:entity133:key00B8810F:ref82:ord0,リロード能力,射撃能力,【TRD】『TRADE』して獲得したスタッフ,,,,NOT_CHECKED,12,,NOT_STARTED,NOT_BUILT,NOT_TESTED,JPN_PRIMARY; MLG_CN_CONTEXT_AUXILIARY,mechanical template; resource_class=SLOT_OLANG; source_objects=2,射击,"[""射击""]",Shoot,"[""Shoot""]",AUX_CN_ATTACHED,exact_jpn_slot_page_tag_reference_index;validated_slot_olang_map_entity_identity,master status=AUX_CN_ATTACHED; mapping method=exact_jpn_slot_page_tag_reference_index;validated_slot_olang_map_entity_identity; candidate attached as auxiliary evidence only; verify against JPN and context; auxiliary candidates only; JPN remains authoritative; verify against JPN text and context
5DA60C2A,48,48,48;83,2,,page28:tag12:entity76:key00778FF8:ref48:ord0;page28:tag12:entity132:key00B880F8:ref83:ord0,射撃能力,【TRD】『TRADE』して獲得したスタッフ,【POW】捕虜として捕らえられていたスタッフ,,,,NOT_CHECKED,50,,NOT_STARTED,NOT_BUILT,NOT_TESTED,JPN_PRIMARY; MLG_CN_CONTEXT_AUXILIARY,mechanical template; resource_class=SLOT_OLANG; source_objects=2,[TRD] 通过交易获得的人员,"[""[TRD] 通过交易获得的人员""]",[TRD] Staff acquired through trading,"[""[TRD] Staff acquired through trading""]",AUX_CN_ATTACHED,exact_jpn_slot_page_tag_reference_index;validated_slot_olang_map_entity_identity,master status=AUX_CN_ATTACHED; mapping method=exact_jpn_slot_page_tag_reference_index;validated_slot_olang_map_entity_identity; candidate attached as auxiliary evidence only; verify against JPN and context; auxiliary candidates only; JPN remains authoritative; verify against JPN text and context
5DA60C2A,49,49,49;84,2,,page28:tag12:entity75:key00778FF7:ref49:ord0;page28:tag12:entity131:key00B880F7:ref84:ord0,【TRD】『TRADE』して獲得したスタッフ,【POW】捕虜として捕らえられていたスタッフ,【UNQ】特別なスタッフ,,,,NOT_CHECKED,60,,NOT_STARTED,NOT_BUILT,NOT_TESTED,JPN_PRIMARY; MLG_CN_CONTEXT_AUXILIARY,mechanical template; resource_class=SLOT_OLANG; source_objects=2,[POW] 曾是俘虏的人员,"[""[POW] 曾是俘虏的人员""]",[POW] Staff who are former prisoners,"[""[POW] Staff who are former prisoners""]",AUX_CN_ATTACHED,exact_jpn_slot_page_tag_reference_index;validated_slot_olang_map_entity_identity,master status=AUX_CN_ATTACHED; mapping method=exact_jpn_slot_page_tag_reference_index;validated_slot_olang_map_entity_identity; candidate attached as auxiliary evidence only; verify against JPN and context; auxiliary candidates only; JPN remains authoritative; verify against JPN text and context
5DA60C2A,50,50,50;85,2,,page28:tag12:entity74:key00778FF6:ref50:ord0;page28:tag12:entity130:key00B880F6:ref85:ord0,【POW】捕虜として捕らえられていたスタッフ,【UNQ】特別なスタッフ,【NML】通常のスタッフ　【COL】パスワードなど特定の条件で獲得したスタッフ　【VOL】志願して入隊したスタッフ,,,,NOT_CHECKED,30,,NOT_STARTED,NOT_BUILT,NOT_TESTED,JPN_PRIMARY; MLG_CN_CONTEXT_AUXILIARY,mechanical template; resource_class=SLOT_OLANG; source_objects=2,[UNQ] 特殊人员,"[""[UNQ] 特殊人员""]",[UNQ] Special staff,"[""[UNQ] Special staff""]",AUX_CN_ATTACHED,exact_jpn_slot_page_tag_reference_index;validated_slot_olang_map_entity_identity,master status=AUX_CN_ATTACHED; mapping method=exact_jpn_slot_page_tag_reference_index;validated_slot_olang_map_entity_identity; candidate attached as auxiliary evidence only; verify against JPN and context; auxiliary candidates only; JPN remains authoritative; verify against JPN text and context
5DA60C2A,51,51,51;86,2,,page28:tag12:entity73:key00778FF5:ref51:ord0;page28:tag12:entity129:key00B880F5:ref86:ord0,【UNQ】特別なスタッフ,【NML】通常のスタッフ　【COL】パスワードなど特定の条件で獲得したスタッフ　【VOL】志願して入隊したスタッフ,諜報班の能力,,,,NOT_CHECKED,153,,NOT_STARTED,NOT_BUILT,NOT_TESTED,JPN_PRIMARY; MLG_CN_CONTEXT_AUXILIARY,mechanical template; resource_class=SLOT_OLANG; source_objects=2,[NML] 普通人员 [COL] 通过密码等特殊手段获得的人员 [VOL] 自愿加入的人员,"[""[NML] 普通人员 [COL] 通过密码等特殊手段获得的人员 [VOL] 自愿加入的人员""]",[NML] Normal staff [COL] Staff acquired through special means such as passwords [VOL] Staff who volunteered,"[""[NML] Normal staff [COL] Staff acquired through special means such as passwords [VOL] Staff who volunteered""]",AUX_CN_ATTACHED,exact_jpn_slot_page_tag_reference_index;validated_slot_olang_map_entity_identity,master status=AUX_CN_ATTACHED; mapping method=exact_jpn_slot_page_tag_reference_index;validated_slot_olang_map_entity_identity; candidate attached as auxiliary evidence only; verify against JPN and context; auxiliary candidates only; JPN remains authoritative; verify against JPN text and context
5DA60C2A,52,52,52,1,,page28:tag12:entity72:key00778FF4:ref52:ord0,【NML】通常のスタッフ　【COL】パスワードなど特定の条件で獲得したスタッフ　【VOL】志願して入隊したスタッフ,諜報班の能力,医療班の能力,,,,NOT_CHECKED,18,,NOT_STARTED,NOT_BUILT,NOT_TESTED,JPN_PRIMARY; MLG_CN_CONTEXT_AUXILIARY,mechanical template; resource_class=SLOT_OLANG; source_objects=1,适合情报班的技能。,"[""适合情报班的技能。""]",Abilities suited for Intel Team.,"[""Abilities suited for Intel Team.""]",AUX_CN_ATTACHED,exact_jpn_slot_page_tag_reference_index;validated_slot_olang_map_entity_identity,master status=AUX_CN_ATTACHED; mapping method=exact_jpn_slot_page_tag_reference_index;validated_slot_olang_map_entity_identity; candidate attached as auxiliary evidence only; verify against JPN and context; auxiliary candidates only; JPN remains authoritative; verify against JPN text and context
5DA60C2A,53,53,53,1,,page28:tag12:entity71:key00778FF3:ref53:ord0,諜報班の能力,医療班の能力,糧食班の能力,,,,NOT_CHECKED,18,,NOT_STARTED,NOT_BUILT,NOT_TESTED,JPN_PRIMARY; MLG_CN_CONTEXT_AUXILIARY,mechanical template; resource_class=SLOT_OLANG; source_objects=1,适合医疗班的技能。,"[""适合医疗班的技能。""]",Abilities suited for Medical Team.,"[""Abilities suited for Medical Team.""]",AUX_CN_ATTACHED,exact_jpn_slot_page_tag_reference_index;validated_slot_olang_map_entity_identity,master status=AUX_CN_ATTACHED; mapping method=exact_jpn_slot_page_tag_reference_index;validated_slot_olang_map_entity_identity; candidate attached as auxiliary evidence only; verify against JPN and context; auxiliary candidates only; JPN remains authoritative; verify against JPN text and context
5DA60C2A,54,54,54,1,,page28:tag12:entity70:key00778FF2:ref54:ord0,医療班の能力,糧食班の能力,研究開発班の能力,,,,NOT_CHECKED,18,,NOT_STARTED,NOT_BUILT,NOT_TESTED,JPN_PRIMARY; MLG_CN_CONTEXT_AUXILIARY,mechanical template; resource_class=SLOT_OLANG; source_objects=1,适合食堂班的技能。,"[""适合食堂班的技能。""]",Abilities suited for Mess Hall Team.,"[""Abilities suited for Mess Hall Team.""]",AUX_CN_ATTACHED,exact_jpn_slot_page_tag_reference_index;validated_slot_olang_map_entity_identity,master status=AUX_CN_ATTACHED; mapping method=exact_jpn_slot_page_tag_reference_index;validated_slot_olang_map_entity_identity; candidate attached as auxiliary evidence only; verify against JPN and context; auxiliary candidates only; JPN remains authoritative; verify against JPN text and context
5DA60C2A,55,55,55,1,,page28:tag12:entity69:key00778FF1:ref55:ord0,糧食班の能力,研究開発班の能力,実戦部隊の能力,,,,NOT_CHECKED,24,,NOT_STARTED,NOT_BUILT,NOT_TESTED,JPN_PRIMARY; MLG_CN_CONTEXT_AUXILIARY,mechanical template; resource_class=SLOT_OLANG; source_objects=1,适合研发班的技能。,"[""适合研发班的技能。""]",Abilities suited for R&D Team.,"[""Abilities suited for R&D Team.""]",AUX_CN_ATTACHED,exact_jpn_slot_page_tag_reference_index;validated_slot_olang_map_entity_identity,master status=AUX_CN_ATTACHED; mapping method=exact_jpn_slot_page_tag_reference_index;validated_slot_olang_map_entity_identity; candidate attached as auxiliary evidence only; verify against JPN and context; auxiliary candidates only; JPN remains authoritative; verify against JPN text and context
5DA60C2A,56,56,56,1,,page28:tag12:entity68:key00778FF0:ref56:ord0,研究開発班の能力,実戦部隊の能力,スタッフの状態を表すアイコンについて,,,,NOT_CHECKED,21,,NOT_STARTED,NOT_BUILT,NOT_TESTED,JPN_PRIMARY; MLG_CN_CONTEXT_AUXILIARY,mechanical template; resource_class=SLOT_OLANG; source_objects=1,适合战斗班的技能。,"[""适合战斗班的技能。""]",Abilities suited for Combat Unit.,"[""Abilities suited for Combat Unit.""]",AUX_CN_ATTACHED,exact_jpn_slot_page_tag_reference_index;validated_slot_olang_map_entity_identity,master status=AUX_CN_ATTACHED; mapping method=exact_jpn_slot_page_tag_reference_index;validated_slot_olang_map_entity_identity; candidate attached as auxiliary evidence only; verify against JPN and context; auxiliary candidates only; JPN remains authoritative; verify against JPN text and context
5DA60C2A,57,62,62,1,,page28:tag12:entity153:key00B8814F:ref62:ord0,スタッフの能力アイコンについて,傭兵として派遣中であることを示します。,各種能力が低下している状態です。,,,,NOT_CHECKED,57,,NOT_STARTED,NOT_BUILT,NOT_TESTED,JPN_PRIMARY; MLG_CN_CONTEXT_AUXILIARY,mechanical template; resource_class=SLOT_OLANG; source_objects=1,表示该人员已派遣执行派遣任务。,"[""表示该人员已派遣执行派遣任务。""]",Indicates that staff is dispatched on OUTER OPS.,"[""Indicates that staff is dispatched on OUTER OPS.""]",AUX_CN_ATTACHED,exact_jpn_slot_page_tag_reference_index;validated_slot_olang_map_entity_identity,master status=AUX_CN_ATTACHED; mapping method=exact_jpn_slot_page_tag_reference_index;validated_slot_olang_map_entity_identity; candidate attached as auxiliary evidence only; verify against JPN and context; auxiliary candidates only; JPN remains authoritative; verify against JPN text and context
5DA60C2A,58,87,87,1,,page28:tag12:entity128:key00B880F4:ref87:ord0,【NML】通常のスタッフ　【COL】パスワードなど特定の条件で獲得したスタッフ　【VOL】志願して入隊したスタッフ,『諜報班』向きの能力を表します。,『医療班』向きの能力を表します。,,,,NOT_CHECKED,48,,NOT_STARTED,NOT_BUILT,NOT_TESTED,JPN_PRIMARY; MLG_CN_CONTEXT_AUXILIARY,mechanical template; resource_class=SLOT_OLANG; source_objects=1,适合情报班的技能。,"[""适合情报班的技能。""]",Abilities suited for Intel Team.,"[""Abilities suited for Intel Team.""]",AUX_CN_ATTACHED,exact_jpn_slot_page_tag_reference_index;validated_slot_olang_map_entity_identity,master status=AUX_CN_ATTACHED; mapping method=exact_jpn_slot_page_tag_reference_index;validated_slot_olang_map_entity_identity; candidate attached as auxiliary evidence only; verify against JPN and context; auxiliary candidates only; JPN remains authoritative; verify against JPN text and context
5DA60C2A,59,88,88,1,,page28:tag12:entity127:key00B880F3:ref88:ord0,『諜報班』向きの能力を表します。,『医療班』向きの能力を表します。,『糧食班』向きの能力を表します。,,,,NOT_CHECKED,48,,NOT_STARTED,NOT_BUILT,NOT_TESTED,JPN_PRIMARY; MLG_CN_CONTEXT_AUXILIARY,mechanical template; resource_class=SLOT_OLANG; source_objects=1,适合医疗班的技能。,"[""适合医疗班的技能。""]",Abilities suited for Medical Team.,"[""Abilities suited for Medical Team.""]",AUX_CN_ATTACHED,exact_jpn_slot_page_tag_reference_index;validated_slot_olang_map_entity_identity,master status=AUX_CN_ATTACHED; mapping method=exact_jpn_slot_page_tag_reference_index;validated_slot_olang_map_entity_identity; candidate attached as auxiliary evidence only; verify against JPN and context; auxiliary candidates only; JPN remains authoritative; verify against JPN text and context
5DA60C2A,60,89,89,1,,page28:tag12:entity126:key00B880F2:ref89:ord0,『医療班』向きの能力を表します。,『糧食班』向きの能力を表します。,『研究開発班』向きの能力を表します。,,,,NOT_CHECKED,48,,NOT_STARTED,NOT_BUILT,NOT_TESTED,JPN_PRIMARY; MLG_CN_CONTEXT_AUXILIARY,mechanical template; resource_class=SLOT_OLANG; source_objects=1,适合食堂班的技能。,"[""适合食堂班的技能。""]",Abilities suited for Mess Hall Team.,"[""Abilities suited for Mess Hall Team.""]",AUX_CN_ATTACHED,exact_jpn_slot_page_tag_reference_index;validated_slot_olang_map_entity_identity,master status=AUX_CN_ATTACHED; mapping method=exact_jpn_slot_page_tag_reference_index;validated_slot_olang_map_entity_identity; candidate attached as auxiliary evidence only; verify against JPN and context; auxiliary candidates only; JPN remains authoritative; verify against JPN text and context
5DA60C2A,61,90,90,1,,page28:tag12:entity125:key00B880F1:ref90:ord0,『糧食班』向きの能力を表します。,『研究開発班』向きの能力を表します。,『実戦部隊』向きの能力を表します。,,,,NOT_CHECKED,54,,NOT_STARTED,NOT_BUILT,NOT_TESTED,JPN_PRIMARY; MLG_CN_CONTEXT_AUXILIARY,mechanical template; resource_class=SLOT_OLANG; source_objects=1,适合研发班的技能。,"[""适合研发班的技能。""]",Abilities suited for R&D Team.,"[""Abilities suited for R&D Team.""]",AUX_CN_ATTACHED,exact_jpn_slot_page_tag_reference_index;validated_slot_olang_map_entity_identity,master status=AUX_CN_ATTACHED; mapping method=exact_jpn_slot_page_tag_reference_index;validated_slot_olang_map_entity_identity; candidate attached as auxiliary evidence only; verify against JPN and context; auxiliary candidates only; JPN remains authoritative; verify against JPN text and context
5DA60C2A,62,91,91,1,,page28:tag12:entity124:key00B880F0:ref91:ord0,『研究開発班』向きの能力を表します。,『実戦部隊』向きの能力を表します。,友情度、英雄度アイコンについて,,,,NOT_CHECKED,51,,NOT_STARTED,NOT_BUILT,NOT_TESTED,JPN_PRIMARY; MLG_CN_CONTEXT_AUXILIARY,mechanical template; resource_class=SLOT_OLANG; source_objects=1,适合战斗班的技能。,"[""适合战斗班的技能。""]",Abilities suited for Combat Unit.,"[""Abilities suited for Combat Unit.""]",AUX_CN_ATTACHED,exact_jpn_slot_page_tag_reference_index;validated_slot_olang_map_entity_identity,master status=AUX_CN_ATTACHED; mapping method=exact_jpn_slot_page_tag_reference_index;validated_slot_olang_map_entity_identity; candidate attached as auxiliary evidence only; verify against JPN and context; auxiliary candidates only; JPN remains authoritative; verify against JPN text and context
5DA60C2A,63,92,92,1,,page28:tag12:entity57:key00750B9F:ref92:ord0,『実戦部隊』向きの能力を表します。,友情度、英雄度アイコンについて,友情度,,,,NOT_CHECKED,45,,NOT_STARTED,NOT_BUILT,NOT_TESTED,JPN_PRIMARY; MLG_CN_CONTEXT_AUXILIARY,mechanical template; resource_class=SLOT_OLANG; source_objects=1,英雄值与战友情图标,"[""英雄值与战友情图标""]",Heroism and Camaraderie Icons,"[""Heroism and Camaraderie Icons""]",AUX_CN_ATTACHED,exact_jpn_slot_page_tag_reference_index;validated_slot_olang_map_entity_identity,master status=AUX_CN_ATTACHED; mapping method=exact_jpn_slot_page_tag_reference_index;validated_slot_olang_map_entity_identity; candidate attached as auxiliary evidence only; verify against JPN and context; auxiliary candidates only; JPN remains authoritative; verify against JPN text and context
5DA60C2A,64,93,93,1,,page28:tag12:entity100:key008407D2:ref93:ord0,友情度、英雄度アイコンについて,友情度,英雄度,,,,NOT_CHECKED,9,,NOT_STARTED,NOT_BUILT,NOT_TESTED,JPN_PRIMARY; MLG_CN_CONTEXT_AUXILIARY,mechanical template; resource_class=SLOT_OLANG; source_objects=1,战友情谊,"[""战友情谊""]",Camaraderie,"[""Camaraderie""]",AUX_CN_ATTACHED,exact_jpn_slot_page_tag_reference_index;validated_slot_olang_map_entity_identity,master status=AUX_CN_ATTACHED; mapping method=exact_jpn_slot_page_tag_reference_index;validated_slot_olang_map_entity_identity; candidate attached as auxiliary evidence only; verify against JPN and context; auxiliary candidates only; JPN remains authoritative; verify against JPN text and context
5DA60C2A,65,94,94,1,,page28:tag12:entity99:key008407D1:ref94:ord0,友情度,英雄度,『METAL GEAR ZEKE』スペックアイコンについて,,,,NOT_CHECKED,9,,NOT_STARTED,NOT_BUILT,NOT_TESTED,JPN_PRIMARY; MLG_CN_CONTEXT_AUXILIARY,mechanical template; resource_class=SLOT_OLANG; source_objects=1,英雄值,"[""英雄值""]",Heroism,"[""Heroism""]",AUX_CN_ATTACHED,exact_jpn_slot_page_tag_reference_index;validated_slot_olang_map_entity_identity,master status=AUX_CN_ATTACHED; mapping method=exact_jpn_slot_page_tag_reference_index;validated_slot_olang_map_entity_identity; candidate attached as auxiliary evidence only; verify against JPN and context; auxiliary candidates only; JPN remains authoritative; verify against JPN text and context
5DA60C2A,66,95,95,1,,page28:tag12:entity123:key00B748F2:ref95:ord0,英雄度,『METAL GEAR ZEKE』スペックアイコンについて,行動回数,,,,NOT_CHECKED,57,,NOT_STARTED,NOT_BUILT,NOT_TESTED,JPN_PRIMARY; MLG_CN_CONTEXT_AUXILIARY,mechanical template; resource_class=SLOT_OLANG; source_objects=1,Metal Gear ZEKE 规格图标,"[""Metal Gear ZEKE 规格图标""]",Metal Gear ZEKE Specs Icons,"[""Metal Gear ZEKE Specs Icons""]",AUX_CN_ATTACHED,exact_jpn_slot_page_tag_reference_index;validated_slot_olang_map_entity_identity,master status=AUX_CN_ATTACHED; mapping method=exact_jpn_slot_page_tag_reference_index;validated_slot_olang_map_entity_identity; candidate attached as auxiliary evidence only; verify against JPN and context; auxiliary candidates only; JPN remains authoritative; verify against JPN text and context
5DA60C2A,67,96,96;103;139,3,,page28:tag12:entity39:key001E19C1:ref96:ord0;page28:tag12:entity50:key002C685E:ref103:ord0;page28:tag12:entity56:key003180C4:ref139:ord0,『METAL GEAR ZEKE』スペックアイコンについて,行動回数,回避力,,,,NOT_CHECKED,12,,NOT_STARTED,NOT_BUILT,NOT_TESTED,JPN_PRIMARY; MLG_CN_CONTEXT_AUXILIARY,mechanical template; resource_class=SLOT_OLANG; source_objects=3,行动频率,"[""行动频率""]",Action Frequency,"[""Action Frequency""]",AUX_CN_ATTACHED,exact_jpn_slot_page_tag_reference_index;validated_slot_olang_map_entity_identity,master status=AUX_CN_ATTACHED; mapping method=exact_jpn_slot_page_tag_reference_index;validated_slot_olang_map_entity_identity; candidate attached as auxiliary evidence only; verify against JPN and context; auxiliary candidates only; JPN remains authoritative; verify against JPN text and context
5DA60C2A,68,97,97;104;140,3,,page28:tag12:entity38:key001E19C0:ref97:ord0;page28:tag12:entity49:key002C685D:ref104:ord0;page28:tag12:entity55:key003180C3:ref140:ord0,行動回数,回避力,防御力,,,,NOT_CHECKED,9,,NOT_STARTED,NOT_BUILT,NOT_TESTED,JPN_PRIMARY; MLG_CN_CONTEXT_AUXILIARY,mechanical template; resource_class=SLOT_OLANG; source_objects=3,回避,"[""回避""]",Evasion,"[""Evasion""]",AUX_CN_ATTACHED,exact_jpn_slot_page_tag_reference_index;validated_slot_olang_map_entity_identity,master status=AUX_CN_ATTACHED; mapping method=exact_jpn_slot_page_tag_reference_index;validated_slot_olang_map_entity_identity; candidate attached as auxiliary evidence only; verify against JPN and context; auxiliary candidates only; JPN remains authoritative; verify against JPN text and context
5DA60C2A,69,98,98;105;141,3,,page28:tag12:entity37:key001E19BF:ref98:ord0;page28:tag12:entity48:key002C685C:ref105:ord0;page28:tag12:entity54:key003180C2:ref141:ord0,回避力,防御力,命中性能,,,,NOT_CHECKED,9,,NOT_STARTED,NOT_BUILT,NOT_TESTED,JPN_PRIMARY; MLG_CN_CONTEXT_AUXILIARY,mechanical template; resource_class=SLOT_OLANG; source_objects=3,防御,"[""防御""]",Defense,"[""Defense""]",AUX_CN_ATTACHED,exact_jpn_slot_page_tag_reference_index;validated_slot_olang_map_entity_identity,master status=AUX_CN_ATTACHED; mapping method=exact_jpn_slot_page_tag_reference_index;validated_slot_olang_map_entity_identity; candidate attached as auxiliary evidence only; verify against JPN and context; auxiliary candidates only; JPN remains authoritative; verify against JPN text and context
5DA60C2A,70,99,99;106;142,3,,page28:tag12:entity36:key001E19BE:ref99:ord0;page28:tag12:entity47:key002C685B:ref106:ord0;page28:tag12:entity53:key003180C1:ref142:ord0,防御力,命中性能,攻撃回数,,,,NOT_CHECKED,12,,NOT_STARTED,NOT_BUILT,NOT_TESTED,JPN_PRIMARY; MLG_CN_CONTEXT_AUXILIARY,mechanical template; resource_class=SLOT_OLANG; source_objects=3,命中率,"[""命中率""]",Accuracy,"[""Accuracy""]",AUX_CN_ATTACHED,exact_jpn_slot_page_tag_reference_index;validated_slot_olang_map_entity_identity,master status=AUX_CN_ATTACHED; mapping method=exact_jpn_slot_page_tag_reference_index;validated_slot_olang_map_entity_identity; candidate attached as auxiliary evidence only; verify against JPN and context; auxiliary candidates only; JPN remains authoritative; verify against JPN text and context
5DA60C2A,71,100,100;107;143,3,,page28:tag12:entity35:key001E19BD:ref100:ord0;page28:tag12:entity46:key002C685A:ref107:ord0;page28:tag12:entity52:key003180C0:ref143:ord0,命中性能,攻撃回数,攻撃力,,,,NOT_CHECKED,12,,NOT_STARTED,NOT_BUILT,NOT_TESTED,JPN_PRIMARY; MLG_CN_CONTEXT_AUXILIARY,mechanical template; resource_class=SLOT_OLANG; source_objects=3,攻击频率,"[""攻击频率""]",Attack Frequency,"[""Attack Frequency""]",AUX_CN_ATTACHED,exact_jpn_slot_page_tag_reference_index;validated_slot_olang_map_entity_identity,master status=AUX_CN_ATTACHED; mapping method=exact_jpn_slot_page_tag_reference_index;validated_slot_olang_map_entity_identity; candidate attached as auxiliary evidence only; verify against JPN and context; auxiliary candidates only; JPN remains authoritative; verify against JPN text and context
5DA60C2A,72,101,101;108;144,3,,page28:tag12:entity34:key001E19BC:ref101:ord0;page28:tag12:entity45:key002C6859:ref108:ord0;page28:tag12:entity51:key003180BF:ref144:ord0,攻撃回数,攻撃力,兵器スペックアイコンについて,,,,NOT_CHECKED,9,,NOT_STARTED,NOT_BUILT,NOT_TESTED,JPN_PRIMARY; MLG_CN_CONTEXT_AUXILIARY,mechanical template; resource_class=SLOT_OLANG; source_objects=3,攻击力,"[""攻击力""]",Attack Power,"[""Attack Power""]",AUX_CN_ATTACHED,exact_jpn_slot_page_tag_reference_index;validated_slot_olang_map_entity_identity,master status=AUX_CN_ATTACHED; mapping method=exact_jpn_slot_page_tag_reference_index;validated_slot_olang_map_entity_identity; candidate attached as auxiliary evidence only; verify against JPN and context; auxiliary candidates only; JPN remains authoritative; verify against JPN text and context
5DA60C2A,73,102,102;138,2,,page28:tag12:entity98:key00811C94:ref102:ord0;page28:tag12:entity40:key00242955:ref138:ord0,攻撃力,兵器スペックアイコンについて,行動回数,,,,NOT_CHECKED,42,,NOT_STARTED,NOT_BUILT,NOT_TESTED,JPN_PRIMARY; MLG_CN_CONTEXT_AUXILIARY,mechanical template; resource_class=SLOT_OLANG; source_objects=2,载具规格图标,"[""载具规格图标""]",Mech Specs Icons,"[""Mech Specs Icons""]",AUX_CN_ATTACHED,exact_jpn_slot_page_tag_reference_index;validated_slot_olang_map_entity_identity,master status=AUX_CN_ATTACHED; mapping method=exact_jpn_slot_page_tag_reference_index;validated_slot_olang_map_entity_identity; candidate attached as auxiliary evidence only; verify against JPN and context; auxiliary candidates only; JPN remains authoritative; verify against JPN text and context
5DA60C2A,74,110,110;151,2,,page28:tag12:entity58:key00754890:ref110:ord0;page28:tag12:entity104:key00A84EAE:ref151:ord0,生産条件の班アイコンについて,アイテムのタグアイコンについて,諜報班,,,,NOT_CHECKED,45,,NOT_STARTED,NOT_BUILT,NOT_TESTED,JPN_PRIMARY; MLG_CN_CONTEXT_AUXILIARY,mechanical template; resource_class=SLOT_OLANG; source_objects=2,物品标签图标,"[""物品标签图标""]",Item Tag Icons,"[""Item Tag Icons""]",AUX_CN_ATTACHED,exact_jpn_slot_page_tag_reference_index;validated_slot_olang_map_entity_identity,master status=AUX_CN_ATTACHED; mapping method=exact_jpn_slot_page_tag_reference_index;validated_slot_olang_map_entity_identity; candidate attached as auxiliary evidence only; verify against JPN and context; auxiliary candidates only; JPN remains authoritative; verify against JPN text and context
5DA60C2A,75,119,119;153,2,,page28:tag12:entity42:key00284EE5:ref119:ord0;page28:tag12:entity102:key00A84EAC:ref153:ord0,武器スペックアイコンについて,開発状況表示アイコンについて,武器のタグアイコンについて,,,,NOT_CHECKED,42,,NOT_STARTED,NOT_BUILT,NOT_TESTED,JPN_PRIMARY; MLG_CN_CONTEXT_AUXILIARY,mechanical template; resource_class=SLOT_OLANG; source_objects=2,开发状态显示图标,"[""开发状态显示图标""]",Development Status Display Icons,"[""Development Status Display Icons""]",AUX_CN_ATTACHED,exact_jpn_slot_page_tag_reference_index;validated_slot_olang_map_entity_identity,master status=AUX_CN_ATTACHED; mapping method=exact_jpn_slot_page_tag_reference_index;validated_slot_olang_map_entity_identity; candidate attached as auxiliary evidence only; verify against JPN and context; auxiliary candidates only; JPN remains authoritative; verify against JPN text and context
5DA60C2A,76,133,133;160,2,,page28:tag12:entity110:key00A9A1EF:ref133:ord0;page28:tag12:entity161:key00EDA1EB:ref160:ord0,威力,開発が進行している状態です。,開発可能になっている状態です。,,,,NOT_CHECKED,42,,NOT_STARTED,NOT_BUILT,NOT_TESTED,JPN_PRIMARY; MLG_CN_CONTEXT_AUXILIARY,mechanical template; resource_class=SLOT_OLANG; source_objects=2,开发中。,"[""开发中。""]",Development is underway.,"[""Development is underway.""]",AUX_CN_ATTACHED,exact_jpn_slot_page_tag_reference_index;validated_slot_olang_map_entity_identity,master status=AUX_CN_ATTACHED; mapping method=exact_jpn_slot_page_tag_reference_index;validated_slot_olang_map_entity_identity; candidate attached as auxiliary evidence only; verify against JPN and context; auxiliary candidates only; JPN remains authoritative; verify against JPN text and context
5DA60C2A,77,134,134;161,2,,page28:tag12:entity109:key00A9A1EE:ref134:ord0;page28:tag12:entity160:key00EDA1EA:ref161:ord0,開発が進行している状態です。,開発可能になっている状態です。,開発条件を満たしていない状態です。,,,,NOT_CHECKED,45,,NOT_STARTED,NOT_BUILT,NOT_TESTED,JPN_PRIMARY; MLG_CN_CONTEXT_AUXILIARY,mechanical template; resource_class=SLOT_OLANG; source_objects=2,可以开始开发。,"[""可以开始开发。""]",Development can begin.,"[""Development can begin.""]",AUX_CN_ATTACHED,exact_jpn_slot_page_tag_reference_index;validated_slot_olang_map_entity_identity,master status=AUX_CN_ATTACHED; mapping method=exact_jpn_slot_page_tag_reference_index;validated_slot_olang_map_entity_identity; candidate attached as auxiliary evidence only; verify against JPN and context; auxiliary candidates only; JPN remains authoritative; verify against JPN text and context
5DA60C2A,78,135,135;162,2,,page28:tag12:entity108:key00A9A1ED:ref135:ord0;page28:tag12:entity159:key00EDA1E9:ref162:ord0,開発可能になっている状態です。,開発条件を満たしていない状態です。,【ZZZ】攻撃対象を眠らせる武器　【STN】敵を気絶させる武器,,,,NOT_CHECKED,51,,NOT_STARTED,NOT_BUILT,NOT_TESTED,JPN_PRIMARY; MLG_CN_CONTEXT_AUXILIARY,mechanical template; resource_class=SLOT_OLANG; source_objects=2,尚未满足开发条件。,"[""尚未满足开发条件。""]",Development conditions have not been met.,"[""Development conditions have not been met.""]",AUX_CN_ATTACHED,exact_jpn_slot_page_tag_reference_index;validated_slot_olang_map_entity_identity,master status=AUX_CN_ATTACHED; mapping method=exact_jpn_slot_page_tag_reference_index;validated_slot_olang_map_entity_identity; candidate attached as auxiliary evidence only; verify against JPN and context; auxiliary candidates only; JPN remains authoritative; verify against JPN text and context
5DA60C2A,79,163,163,1,,page28:tag12:entity101:key0096F0D0:ref163:ord0,開発条件を満たしていない状態です。,ミッションリストのアイコンについて,クリア済ミッション,,,,NOT_CHECKED,51,,NOT_STARTED,NOT_BUILT,NOT_TESTED,JPN_PRIMARY; MLG_CN_CONTEXT_AUXILIARY,mechanical template; resource_class=SLOT_OLANG; source_objects=1,任务列表图标,"[""任务列表图标""]",Mission List Icons,"[""Mission List Icons""]",AUX_CN_ATTACHED,exact_jpn_slot_page_tag_reference_index;validated_slot_olang_map_entity_identity,master status=AUX_CN_ATTACHED; mapping method=exact_jpn_slot_page_tag_reference_index;validated_slot_olang_map_entity_identity; candidate attached as auxiliary evidence only; verify against JPN and context; auxiliary candidates only; JPN remains authoritative; verify against JPN text and context
5DA60C2A,80,164,164,1,,page28:tag12:entity33:key000D16FE:ref164:ord0,ミッションリストのアイコンについて,クリア済ミッション,未クリアミッション,,,,NOT_CHECKED,27,,NOT_STARTED,NOT_BUILT,NOT_TESTED,JPN_PRIMARY; MLG_CN_CONTEXT_AUXILIARY,mechanical template; resource_class=SLOT_OLANG; source_objects=1,已通关,"[""已通关""]",Cleared,"[""Cleared""]",AUX_CN_ATTACHED,exact_jpn_slot_page_tag_reference_index;validated_slot_olang_map_entity_identity,master status=AUX_CN_ATTACHED; mapping method=exact_jpn_slot_page_tag_reference_index;validated_slot_olang_map_entity_identity; candidate attached as auxiliary evidence only; verify against JPN and context; auxiliary candidates only; JPN remains authoritative; verify against JPN text and context
5DA60C2A,81,165,165,1,,page28:tag12:entity32:key000D16FD:ref165:ord0,クリア済ミッション,未クリアミッション,敵部隊勢力ランク,,,,NOT_CHECKED,27,,NOT_STARTED,NOT_BUILT,NOT_TESTED,JPN_PRIMARY; MLG_CN_CONTEXT_AUXILIARY,mechanical template; resource_class=SLOT_OLANG; source_objects=1,未通关,"[""未通关""]",Not Cleared,"[""Not Cleared""]",AUX_CN_ATTACHED,exact_jpn_slot_page_tag_reference_index;validated_slot_olang_map_entity_identity,master status=AUX_CN_ATTACHED; mapping method=exact_jpn_slot_page_tag_reference_index;validated_slot_olang_map_entity_identity; candidate attached as auxiliary evidence only; verify against JPN and context; auxiliary candidates only; JPN remains authoritative; verify against JPN text and context
5DA60C2A,82,166,166,1,,page28:tag12:entity31:key000D16FC:ref166:ord0,未クリアミッション,敵部隊勢力ランク,出撃中,,,,NOT_CHECKED,24,,NOT_STARTED,NOT_BUILT,NOT_TESTED,JPN_PRIMARY; MLG_CN_CONTEXT_AUXILIARY,mechanical template; resource_class=SLOT_OLANG; source_objects=1,敌军战力等级,"[""敌军战力等级""]",Enemy Forces Power Rank,"[""Enemy Forces Power Rank""]",AUX_CN_ATTACHED,exact_jpn_slot_page_tag_reference_index;validated_slot_olang_map_entity_identity,master status=AUX_CN_ATTACHED; mapping method=exact_jpn_slot_page_tag_reference_index;validated_slot_olang_map_entity_identity; candidate attached as auxiliary evidence only; verify against JPN and context; auxiliary candidates only; JPN remains authoritative; verify against JPN text and context
5DA60C2A,83,167,167,1,,page28:tag12:entity30:key000D16FB:ref167:ord0,敵部隊勢力ランク,出撃中,『METAL GEAR ZEKE』の開発について,,,,NOT_CHECKED,9,,NOT_STARTED,NOT_BUILT,NOT_TESTED,JPN_PRIMARY; MLG_CN_CONTEXT_AUXILIARY,mechanical template; resource_class=SLOT_OLANG; source_objects=1,派遣中,"[""派遣中""]",Currently Dispatched,"[""Currently Dispatched""]",AUX_CN_ATTACHED,exact_jpn_slot_page_tag_reference_index;validated_slot_olang_map_entity_identity,master status=AUX_CN_ATTACHED; mapping method=exact_jpn_slot_page_tag_reference_index;validated_slot_olang_map_entity_identity; candidate attached as auxiliary evidence only; verify against JPN and context; auxiliary candidates only; JPN remains authoritative; verify against JPN text and context
5DA60C2A,84,168,168,1,,page28:tag12:entity175:key002AA139:ref168:ord0,出撃中,『METAL GEAR ZEKE』の開発について,METAL GEAR,,,,NOT_CHECKED,42,,NOT_STARTED,NOT_BUILT,NOT_TESTED,JPN_PRIMARY; MLG_CN_CONTEXT_AUXILIARY,mechanical template; resource_class=SLOT_OLANG; source_objects=1,开发Metal Gear ZEKE,"[""开发Metal Gear ZEKE""]",Developing Metal Gear ZEKE,"[""Developing Metal Gear ZEKE""]",AUX_CN_ATTACHED,exact_jpn_slot_page_tag_reference_index;validated_slot_olang_map_entity_identity,master status=AUX_CN_ATTACHED; mapping method=exact_jpn_slot_page_tag_reference_index;validated_slot_olang_map_entity_identity; candidate attached as auxiliary evidence only; verify against JPN and context; auxiliary candidates only; JPN remains authoritative; verify against JPN text and context
5DA60C2A,85,169,169,1,,page28:tag12:entity180:key003E1052:ref169:ord0,『METAL GEAR ZEKE』の開発について,METAL GEAR,ダンボールの送受信について,,,,NOT_CHECKED,10,,NOT_STARTED,NOT_BUILT,NOT_TESTED,JPN_PRIMARY; MLG_CN_CONTEXT_AUXILIARY,mechanical template; resource_class=SLOT_OLANG; source_objects=1,,[],METAL GEAR,"[""METAL GEAR""]",AUX_UNCHANGED,exact_jpn_slot_page_tag_reference_index;validated_slot_olang_map_entity_identity,auxiliary bank retains the original JPN text; auxiliary candidates only; JPN remains authoritative; verify against JPN text and context
5DA60C2A,86,170,170,1,,page28:tag12:entity174:key002A2139:ref170:ord0,METAL GEAR,ダンボールの送受信について,DELIVERY,,,,NOT_CHECKED,39,,NOT_STARTED,NOT_BUILT,NOT_TESTED,JPN_PRIMARY; MLG_CN_CONTEXT_AUXILIARY,mechanical template; resource_class=SLOT_OLANG; source_objects=1,发送与接收箱子,"[""发送与接收箱子""]",Sending and Receiving Boxes,"[""Sending and Receiving Boxes""]",AUX_CN_ATTACHED,exact_jpn_slot_page_tag_reference_index;validated_slot_olang_map_entity_identity,master status=AUX_CN_ATTACHED; mapping method=exact_jpn_slot_page_tag_reference_index;validated_slot_olang_map_entity_identity; candidate attached as auxiliary evidence only; verify against JPN and context; auxiliary candidates only; JPN remains authoritative; verify against JPN text and context
5DA60C2A,87,171,171,1,,page28:tag12:entity179:key003E1051:ref171:ord0,ダンボールの送受信について,DELIVERY,傭兵派遣について,,,,NOT_CHECKED,8,,NOT_STARTED,NOT_BUILT,NOT_TESTED,JPN_PRIMARY; MLG_CN_CONTEXT_AUXILIARY,mechanical template; resource_class=SLOT_OLANG; source_objects=1,,[],DELIVERY,"[""DELIVERY""]",AUX_UNCHANGED,exact_jpn_slot_page_tag_reference_index;validated_slot_olang_map_entity_identity,auxiliary bank retains the original JPN text; auxiliary candidates only; JPN remains authoritative; verify against JPN text and context
5DA60C2A,88,172,172,1,,page28:tag12:entity173:key0029A139:ref172:ord0,DELIVERY,傭兵派遣について,OUTER OPS,,,,NOT_CHECKED,24,,NOT_STARTED,NOT_BUILT,NOT_TESTED,JPN_PRIMARY; MLG_CN_CONTEXT_AUXILIARY,mechanical template; resource_class=SLOT_OLANG; source_objects=1,派遣士兵,"[""派遣士兵""]",Dispatching Soldiers,"[""Dispatching Soldiers""]",AUX_CN_ATTACHED,exact_jpn_slot_page_tag_reference_index;validated_slot_olang_map_entity_identity,master status=AUX_CN_ATTACHED; mapping method=exact_jpn_slot_page_tag_reference_index;validated_slot_olang_map_entity_identity; candidate attached as auxiliary evidence only; verify against JPN and context; auxiliary candidates only; JPN remains authoritative; verify against JPN text and context
5DA60C2A,89,173,173,1,,page28:tag12:entity178:key003E1050:ref173:ord0,傭兵派遣について,OUTER OPS,武器・アイテムの開発について,,,,NOT_CHECKED,9,,NOT_STARTED,NOT_BUILT,NOT_TESTED,JPN_PRIMARY; MLG_CN_CONTEXT_AUXILIARY,mechanical template; resource_class=SLOT_OLANG; source_objects=1,,[],OUTER OPS,"[""OUTER OPS""]",AUX_UNCHANGED,exact_jpn_slot_page_tag_reference_index;validated_slot_olang_map_entity_identity,auxiliary bank retains the original JPN text; auxiliary candidates only; JPN remains authoritative; verify against JPN text and context
5DA60C2A,90,174,174,1,,page28:tag12:entity172:key00292139:ref174:ord0,OUTER OPS,武器・アイテムの開発について,DEVELOP,,,,NOT_CHECKED,42,,NOT_STARTED,NOT_BUILT,NOT_TESTED,JPN_PRIMARY; MLG_CN_CONTEXT_AUXILIARY,mechanical template; resource_class=SLOT_OLANG; source_objects=1,研发武器与道具,"[""研发武器与道具""]",Developing Weapons and Items,"[""Developing Weapons and Items""]",AUX_CN_ATTACHED,exact_jpn_slot_page_tag_reference_index;validated_slot_olang_map_entity_identity,master status=AUX_CN_ATTACHED; mapping method=exact_jpn_slot_page_tag_reference_index;validated_slot_olang_map_entity_identity; candidate attached as auxiliary evidence only; verify against JPN and context; auxiliary candidates only; JPN remains authoritative; verify against JPN text and context
5DA60C2A,91,175,175,1,,page28:tag12:entity177:key003E104F:ref175:ord0,武器・アイテムの開発について,DEVELOP,諜報班について,,,,NOT_CHECKED,7,,NOT_STARTED,NOT_BUILT,NOT_TESTED,JPN_PRIMARY; MLG_CN_CONTEXT_AUXILIARY,mechanical template; resource_class=SLOT_OLANG; source_objects=1,R&D,"[""R&D""]",R&D,"[""R&D""]",AUX_CN_ATTACHED,exact_jpn_slot_page_tag_reference_index;validated_slot_olang_map_entity_identity,master status=AUX_CN_ATTACHED; mapping method=exact_jpn_slot_page_tag_reference_index;validated_slot_olang_map_entity_identity; candidate attached as auxiliary evidence only; verify against JPN and context; auxiliary candidates only; JPN remains authoritative; verify against JPN text and context
5DA60C2A,92,176,176,1,,page28:tag12:entity171:key0028A13C:ref176:ord0,DEVELOP,諜報班について,医療班と診療所について,,,,NOT_CHECKED,21,,NOT_STARTED,NOT_BUILT,NOT_TESTED,JPN_PRIMARY; MLG_CN_CONTEXT_AUXILIARY,mechanical template; resource_class=SLOT_OLANG; source_objects=1,情报班,"[""情报班""]",The Intel Team,"[""The Intel Team""]",AUX_CN_ATTACHED,exact_jpn_slot_page_tag_reference_index;validated_slot_olang_map_entity_identity,master status=AUX_CN_ATTACHED; mapping method=exact_jpn_slot_page_tag_reference_index;validated_slot_olang_map_entity_identity; candidate attached as auxiliary evidence only; verify against JPN and context; auxiliary candidates only; JPN remains authoritative; verify against JPN text and context
5DA60C2A,93,177,177,1,,page28:tag12:entity170:key0028A13B:ref177:ord0,諜報班について,医療班と診療所について,糧食班について,,,,NOT_CHECKED,33,,NOT_STARTED,NOT_BUILT,NOT_TESTED,JPN_PRIMARY; MLG_CN_CONTEXT_AUXILIARY,mechanical template; resource_class=SLOT_OLANG; source_objects=1,医疗班与病房,"[""医疗班与病房""]",The Medical Team and the Sickbay,"[""The Medical Team and the Sickbay""]",AUX_CN_ATTACHED,exact_jpn_slot_page_tag_reference_index;validated_slot_olang_map_entity_identity,master status=AUX_CN_ATTACHED; mapping method=exact_jpn_slot_page_tag_reference_index;validated_slot_olang_map_entity_identity; candidate attached as auxiliary evidence only; verify against JPN and context; auxiliary candidates only; JPN remains authoritative; verify against JPN text and context
5DA60C2A,94,178,178,1,,page28:tag12:entity169:key0028A13A:ref178:ord0,医療班と診療所について,糧食班について,スタッフの配属について,,,,NOT_CHECKED,21,,NOT_STARTED,NOT_BUILT,NOT_TESTED,JPN_PRIMARY; MLG_CN_CONTEXT_AUXILIARY,mechanical template; resource_class=SLOT_OLANG; source_objects=1,食堂班,"[""食堂班""]",The Mess Hall Team,"[""The Mess Hall Team""]",AUX_CN_ATTACHED,exact_jpn_slot_page_tag_reference_index;validated_slot_olang_map_entity_identity,master status=AUX_CN_ATTACHED; mapping method=exact_jpn_slot_page_tag_reference_index;validated_slot_olang_map_entity_identity; candidate attached as auxiliary evidence only; verify against JPN and context; auxiliary candidates only; JPN remains authoritative; verify against JPN text and context
5DA60C2A,95,179,179,1,,page28:tag12:entity168:key0028A139:ref179:ord0,糧食班について,スタッフの配属について,STAFF,,,,NOT_CHECKED,33,,NOT_STARTED,NOT_BUILT,NOT_TESTED,JPN_PRIMARY; MLG_CN_CONTEXT_AUXILIARY,mechanical template; resource_class=SLOT_OLANG; source_objects=1,分配人员,"[""分配人员""]",Assigning Staff,"[""Assigning Staff""]",AUX_CN_ATTACHED,exact_jpn_slot_page_tag_reference_index;validated_slot_olang_map_entity_identity,master status=AUX_CN_ATTACHED; mapping method=exact_jpn_slot_page_tag_reference_index;validated_slot_olang_map_entity_identity; candidate attached as auxiliary evidence only; verify against JPN and context; auxiliary candidates only; JPN remains authoritative; verify against JPN text and context
5DA60C2A,96,180,180,1,,page28:tag12:entity176:key003E104E:ref180:ord0,スタッフの配属について,STAFF,使用しない,,,,NOT_CHECKED,5,,NOT_STARTED,NOT_BUILT,NOT_TESTED,JPN_PRIMARY; MLG_CN_CONTEXT_AUXILIARY,mechanical template; resource_class=SLOT_OLANG; source_objects=1,,[],STAFF,"[""STAFF""]",AUX_UNCHANGED,exact_jpn_slot_page_tag_reference_index;validated_slot_olang_map_entity_identity,auxiliary bank retains the original JPN text; auxiliary candidates only; JPN remains authoritative; verify against JPN text and context
5DA60C2A,97,181,181;182;183;184;192;193;194;195;196;205;206;207;208;209;221;222;234;235;247;248;249;260;261;273;274;286;287;288;294;299;300;301;312;313;325;327;338;340;343;344;351;352;356;357;361;362;364;377;390;392;403;405,52,,page28:tag12:entity182:key001B7151:ref181:ord0;page28:tag12:entity192:key0095DC1E:ref182:ord0;page28:tag12:entity190:key007EDC00:ref183:ord0;page28:tag12:entity184:key003C54C6:ref184:ord0;page28:tag12:entity181:key00169D43:ref192:ord0;page28:tag12:entity193:key00969D41:ref193:ord0;page28:tag12:entity195:key001B7151:ref194:ord0;page28:tag12:entity205:key0095DC1E:ref195:ord0;page28:tag12:entity203:key007EDC00:ref196:ord0;page28:tag12:entity194:key00169D43:ref205:ord0;page28:tag12:entity206:key00969D41:ref206:ord0;page28:tag12:entity208:key001B7151:ref207:ord0;page28:tag12:entity218:key0095DC1E:ref208:ord0;page28:tag12:entity216:key007EDC00:ref209:ord0;page28:tag12:entity231:key0095DC1E:ref221:ord0;page28:tag12:entity229:key007EDC00:ref222:ord0;page28:tag12:entity244:key0095DC1E:ref234:ord0;page28:tag12:entity242:key007EDC00:ref235:ord0;page28:tag12:entity257:key0095DC1E:ref247:ord0;page28:tag12:entity255:key007EDC00:ref248:ord0;page28:tag12:entity249:key003C54C6:ref249:ord0;page28:tag12:entity270:key0095DC1E:ref260:ord0;page28:tag12:entity268:key007EDC00:ref261:ord0;page28:tag12:entity283:key0095DC1E:ref273:ord0;page28:tag12:entity281:key007EDC00:ref274:ord0;page28:tag12:entity296:key0095DC1E:ref286:ord0;page28:tag12:entity294:key007EDC00:ref287:ord0;page28:tag12:entity288:key003C54C6:ref288:ord0;page28:tag12:entity292:key005BD34D:ref294:ord0;page28:tag12:entity309:key0095DC1E:ref299:ord0;page28:tag12:entity307:key007EDC00:ref300:ord0;page28:tag12:entity301:key003C54C6:ref301:ord0;page28:tag12:entity322:key0095DC1E:ref312:ord0;page28:tag12:entity320:key007EDC00:ref313:ord0;page28:tag12:entity335:key0095DC1E:ref325:ord0;page28:tag12:entity327:key003C54C6:ref327:ord0;page28:tag12:entity348:key0095DC1E:ref338:ord0;page28:tag12:entity340:key003C54C6:ref340:ord0;page28:tag12:entity341:key004C3B24:ref343:ord0;page28:tag12:entity339:key0038DEF1:ref344:ord0;page28:tag12:entity361:key0095DC1E:ref351:ord0;page28:tag12:entity359:key007EDC00:ref352:ord0;page28:tag12:entity354:key004C3B24:ref356:ord0;page28:tag12:entity352:key0038DEF1:ref357:ord0;page28:tag12:entity350:key00169D43:ref361:ord0;page28:tag12:entity362:key00969D41:ref362:ord0;page28:tag12:entity374:key0095DC1E:ref364:ord0;page28:tag12:entity387:key0095DC1E:ref377:ord0;page28:tag12:entity400:key0095DC1E:ref390:ord0;page28:tag12:entity392:key003C54C6:ref392:ord0;page28:tag12:entity413:key0095DC1E:ref403:ord0;page28:tag12:entity405:key003C54C6:ref405:ord0,STAFF,使用しない,ヘルプ起動,,,,NOT_CHECKED,15,,NOT_STARTED,NOT_BUILT,NOT_TESTED,JPN_PRIMARY; MLG_CN_CONTEXT_AUXILIARY,mechanical template; resource_class=SLOT_OLANG; source_objects=52,NOT USED,"[""NOT USED"",""未使用"",""返回""]",NOT USED,"[""NOT USED"",""Not Used"",""Back""]",AUX_CN_ATTACHED,exact_jpn_slot_page_tag_reference_index;validated_slot_olang_map_entity_identity,master status=AUX_CN_ATTACHED; mapping method=exact_jpn_slot_page_tag_reference_index;validated_slot_olang_map_entity_identity; candidate attached as auxiliary evidence only; verify against JPN and context; auxiliary candidates only; JPN remains authoritative; verify against JPN text and context; multiple candidates aggregated from all real JPN references; split/merge/order mismatch remains possible
5DA60C2A,98,185,185;198;211;224;237;250;263;276;289;302;315;328;341;354;367;380;393;406,18,,page28:tag12:entity189:key006A9054:ref185:ord0;page28:tag12:entity202:key006A9054:ref198:ord0;page28:tag12:entity215:key006A9054:ref211:ord0;page28:tag12:entity228:key006A9054:ref224:ord0;page28:tag12:entity241:key006A9054:ref237:ord0;page28:tag12:entity254:key006A9054:ref250:ord0;page28:tag12:entity267:key006A9054:ref263:ord0;page28:tag12:entity280:key006A9054:ref276:ord0;page28:tag12:entity293:key006A9054:ref289:ord0;page28:tag12:entity306:key006A9054:ref302:ord0;page28:tag12:entity319:key006A9054:ref315:ord0;page28:tag12:entity332:key006A9054:ref328:ord0;page28:tag12:entity345:key006A9054:ref341:ord0;page28:tag12:entity358:key006A9054:ref354:ord0;page28:tag12:entity371:key006A9054:ref367:ord0;page28:tag12:entity384:key006A9054:ref380:ord0;page28:tag12:entity397:key006A9054:ref393:ord0;page28:tag12:entity410:key006A9054:ref406:ord0,使用しない,ヘルプ起動,カーソル移動,,,,NOT_CHECKED,15,,NOT_STARTED,NOT_BUILT,NOT_TESTED,JPN_PRIMARY; MLG_CN_CONTEXT_AUXILIARY,mechanical template; resource_class=SLOT_OLANG; source_objects=18,帮助,"[""帮助""]",Help,"[""Help""]","[""AUX_EMPTY"",""AUX_CN_ATTACHED""]",exact_jpn_slot_page_tag_reference_index;validated_slot_olang_map_entity_identity,"[""auxiliary bank contains an empty string at this coordinate"",""master status=AUX_CN_ATTACHED; mapping method=exact_jpn_slot_page_tag_reference_index;validated_slot_olang_map_entity_identity; candidate attached as auxiliary evidence only; verify against JPN and context""]; auxiliary candidates only; JPN remains authoritative; verify against JPN text and context; reference_status conflict across real JPN references; review all statuses"
5DA60C2A,99,186,186;187;188;189;199;200;201;202;212;213;214;215;225;226;227;228;238;239;240;241;251;252;253;254;264;265;266;267;277;278;279;280;290;291;292;293;303;304;305;306;316;317;318;319;329;332;342;345;355;358;407;410,52,,page28:tag12:entity187:key00539262:ref186:ord0;page28:tag12:entity185:key004C3B24:ref187:ord0;page28:tag12:entity183:key0038DEF1:ref188:ord0;page28:tag12:entity186:key0052DB1B:ref189:ord0;page28:tag12:entity200:key00539262:ref199:ord0;page28:tag12:entity198:key004C3B24:ref200:ord0;page28:tag12:entity196:key0038DEF1:ref201:ord0;page28:tag12:entity199:key0052DB1B:ref202:ord0;page28:tag12:entity213:key00539262:ref212:ord0;page28:tag12:entity211:key004C3B24:ref213:ord0;page28:tag12:entity209:key0038DEF1:ref214:ord0;page28:tag12:entity212:key0052DB1B:ref215:ord0;page28:tag12:entity226:key00539262:ref225:ord0;page28:tag12:entity224:key004C3B24:ref226:ord0;page28:tag12:entity222:key0038DEF1:ref227:ord0;page28:tag12:entity225:key0052DB1B:ref228:ord0;page28:tag12:entity239:key00539262:ref238:ord0;page28:tag12:entity237:key004C3B24:ref239:ord0;page28:tag12:entity235:key0038DEF1:ref240:ord0;page28:tag12:entity238:key0052DB1B:ref241:ord0;page28:tag12:entity252:key00539262:ref251:ord0;page28:tag12:entity250:key004C3B24:ref252:ord0;page28:tag12:entity248:key0038DEF1:ref253:ord0;page28:tag12:entity251:key0052DB1B:ref254:ord0;page28:tag12:entity265:key00539262:ref264:ord0;page28:tag12:entity263:key004C3B24:ref265:ord0;page28:tag12:entity261:key0038DEF1:ref266:ord0;page28:tag12:entity264:key0052DB1B:ref267:ord0;page28:tag12:entity278:key00539262:ref277:ord0;page28:tag12:entity276:key004C3B24:ref278:ord0;page28:tag12:entity274:key0038DEF1:ref279:ord0;page28:tag12:entity277:key0052DB1B:ref280:ord0;page28:tag12:entity291:key00539262:ref290:ord0;page28:tag12:entity289:key004C3B24:ref291:ord0;page28:tag12:entity287:key0038DEF1:ref292:ord0;page28:tag12:entity290:key0052DB1B:ref293:ord0;page28:tag12:entity304:key00539262:ref303:ord0;page28:tag12:entity302:key004C3B24:ref304:ord0;page28:tag12:entity300:key0038DEF1:ref305:ord0;page28:tag12:entity303:key0052DB1B:ref306:ord0;page28:tag12:entity317:key00539262:ref316:ord0;page28:tag12:entity315:key004C3B24:ref317:ord0;page28:tag12:entity313:key0038DEF1:ref318:ord0;page28:tag12:entity316:key0052DB1B:ref319:ord0;page28:tag12:entity330:key00539262:ref329:ord0;page28:tag12:entity329:key0052DB1B:ref332:ord0;page28:tag12:entity343:key00539262:ref342:ord0;page28:tag12:entity342:key0052DB1B:ref345:ord0;page28:tag12:entity356:key00539262:ref355:ord0;page28:tag12:entity355:key0052DB1B:ref358:ord0;page28:tag12:entity408:key00539262:ref407:ord0;page28:tag12:entity407:key0052DB1B:ref410:ord0,ヘルプ起動,カーソル移動,決定,,,,NOT_CHECKED,18,,NOT_STARTED,NOT_BUILT,NOT_TESTED,JPN_PRIMARY; MLG_CN_CONTEXT_AUXILIARY,mechanical template; resource_class=SLOT_OLANG; source_objects=52,MOVE CURSOR,"[""MOVE CURSOR"",""移动光标""]",MOVE CURSOR,"[""MOVE CURSOR"",""Move Cursor""]",AUX_CN_ATTACHED,exact_jpn_slot_page_tag_reference_index;validated_slot_olang_map_entity_identity,master status=AUX_CN_ATTACHED; mapping method=exact_jpn_slot_page_tag_reference_index;validated_slot_olang_map_entity_identity; candidate attached as auxiliary evidence only; verify against JPN and context; auxiliary candidates only; JPN remains authoritative; verify against JPN text and context; multiple candidates aggregated from all real JPN references; split/merge/order mismatch remains possible
5DA60C2A,100,190,190;203;216;255;268;307;320;333;346;359;372;398;411,13,,page28:tag12:entity188:key005BD34D:ref190:ord0;page28:tag12:entity201:key005BD34D:ref203:ord0;page28:tag12:entity214:key005BD34D:ref216:ord0;page28:tag12:entity253:key005BD34D:ref255:ord0;page28:tag12:entity266:key005BD34D:ref268:ord0;page28:tag12:entity305:key005BD34D:ref307:ord0;page28:tag12:entity318:key005BD34D:ref320:ord0;page28:tag12:entity331:key005BD34D:ref333:ord0;page28:tag12:entity344:key005BD34D:ref346:ord0;page28:tag12:entity357:key005BD34D:ref359:ord0;page28:tag12:entity370:key005BD34D:ref372:ord0;page28:tag12:entity396:key005BD34D:ref398:ord0;page28:tag12:entity409:key005BD34D:ref411:ord0,カーソル移動,決定,戻る,,,,NOT_CHECKED,6,,NOT_STARTED,NOT_BUILT,NOT_TESTED,JPN_PRIMARY; MLG_CN_CONTEXT_AUXILIARY,mechanical template; resource_class=SLOT_OLANG; source_objects=13,SELECT,"[""SELECT"",""返回/取消"",""返回"",""返回/取消/重置选择状态""]",SELECT,"[""SELECT"",""Back / Cancel"",""Back"",""Back / Cancel / Reset Selection State""]",AUX_CN_ATTACHED,exact_jpn_slot_page_tag_reference_index;validated_slot_olang_map_entity_identity,master status=AUX_CN_ATTACHED; mapping method=exact_jpn_slot_page_tag_reference_index;validated_slot_olang_map_entity_identity; candidate attached as auxiliary evidence only; verify against JPN and context; auxiliary candidates only; JPN remains authoritative; verify against JPN text and context; multiple candidates aggregated from all real JPN references; split/merge/order mismatch remains possible
5DA60C2A,101,191,191;243;256;269;282;295;308;334;347;360;412,11,,page28:tag12:entity191:key00916E3E:ref191:ord0;page28:tag12:entity243:key00916E3E:ref243:ord0;page28:tag12:entity256:key00916E3E:ref256:ord0;page28:tag12:entity269:key00916E3E:ref269:ord0;page28:tag12:entity282:key00916E3E:ref282:ord0;page28:tag12:entity295:key00916E3E:ref295:ord0;page28:tag12:entity308:key00916E3E:ref308:ord0;page28:tag12:entity334:key00916E3E:ref334:ord0;page28:tag12:entity347:key00916E3E:ref347:ord0;page28:tag12:entity360:key00916E3E:ref360:ord0;page28:tag12:entity412:key00916E3E:ref412:ord0,決定,戻る,使用しない,,,,NOT_CHECKED,6,,NOT_STARTED,NOT_BUILT,NOT_TESTED,JPN_PRIMARY; MLG_CN_CONTEXT_AUXILIARY,mechanical template; resource_class=SLOT_OLANG; source_objects=11,条件/开发/详情,"[""条件/开发/详情"",""选择""]",Conditions / Develop / Details,"[""Conditions / Develop / Details"",""Select""]","[""AUX_EMPTY"",""AUX_CN_ATTACHED""]",exact_jpn_slot_page_tag_reference_index;validated_slot_olang_map_entity_identity,"[""auxiliary bank contains an empty string at this coordinate"",""master status=AUX_CN_ATTACHED; mapping method=exact_jpn_slot_page_tag_reference_index;validated_slot_olang_map_entity_identity; candidate attached as auxiliary evidence only; verify against JPN and context""]; auxiliary candidates only; JPN remains authoritative; verify against JPN text and context; multiple candidates aggregated from all real JPN references; split/merge/order mismatch remains possible; reference_status conflict across real JPN references; review all statuses"
5DA60C2A,102,197,197;314,2,,page28:tag12:entity197:key003C54C6:ref197:ord0;page28:tag12:entity314:key003C54C6:ref314:ord0,使用しない,削除,ヘルプ起動,,,,NOT_CHECKED,6,,NOT_STARTED,NOT_BUILT,NOT_TESTED,JPN_PRIMARY; MLG_CN_CONTEXT_AUXILIARY,mechanical template; resource_class=SLOT_OLANG; source_objects=2,取消,"[""取消""]",Cancel,"[""Cancel""]","[""AUX_EMPTY"",""AUX_CN_ATTACHED""]",exact_jpn_slot_page_tag_reference_index;validated_slot_olang_map_entity_identity,"[""auxiliary bank contains an empty string at this coordinate"",""master status=AUX_CN_ATTACHED; mapping method=exact_jpn_slot_page_tag_reference_index;validated_slot_olang_map_entity_identity; candidate attached as auxiliary evidence only; verify against JPN and context""]; auxiliary candidates only; JPN remains authoritative; verify against JPN text and context; reference_status conflict across real JPN references; review all statuses"
5DA60C2A,103,204,204;217;230;321,4,,page28:tag12:entity204:key00916E3E:ref204:ord0;page28:tag12:entity217:key00916E3E:ref217:ord0;page28:tag12:entity230:key00916E3E:ref230:ord0;page28:tag12:entity321:key00916E3E:ref321:ord0,決定,戻る/キャンセル,使用しない,,,,NOT_CHECKED,22,,NOT_STARTED,NOT_BUILT,NOT_TESTED,JPN_PRIMARY; MLG_CN_CONTEXT_AUXILIARY,mechanical template; resource_class=SLOT_OLANG; source_objects=4,选择,"[""选择"",""选择/打开""]",Select,"[""Select"",""Select / Open""]","[""AUX_EMPTY"",""AUX_CN_ATTACHED""]",exact_jpn_slot_page_tag_reference_index;validated_slot_olang_map_entity_identity,"[""auxiliary bank contains an empty string at this coordinate"",""master status=AUX_CN_ATTACHED; mapping method=exact_jpn_slot_page_tag_reference_index;validated_slot_olang_map_entity_identity; candidate attached as auxiliary evidence only; verify against JPN and context""]; auxiliary candidates only; JPN remains authoritative; verify against JPN text and context; multiple candidates aggregated from all real JPN references; split/merge/order mismatch remains possible; reference_status conflict across real JPN references; review all statuses"
5DA60C2A,104,210,210,1,,page28:tag12:entity210:key003C54C6:ref210:ord0,使用しない,登録解除,ヘルプ起動,,,,NOT_CHECKED,12,,NOT_STARTED,NOT_BUILT,NOT_TESTED,JPN_PRIMARY; MLG_CN_CONTEXT_AUXILIARY,mechanical template; resource_class=SLOT_OLANG; source_objects=1,取消分配,"[""取消分配""]",Unassign,"[""Unassign""]",AUX_CN_ATTACHED,exact_jpn_slot_page_tag_reference_index;validated_slot_olang_map_entity_identity,master status=AUX_CN_ATTACHED; mapping method=exact_jpn_slot_page_tag_reference_index;validated_slot_olang_map_entity_identity; candidate attached as auxiliary evidence only; verify against JPN and context; auxiliary candidates only; JPN remains authoritative; verify against JPN text and context
5DA60C2A,105,218,218;219;231;232;244;245;257;258;270;271;283;284;296;297;309;310;322;323;335;336;348;349;374;375;387;388;400;401;413;414,30,,page28:tag12:entity207:key00169D43:ref218:ord0;page28:tag12:entity219:key00969D41:ref219:ord0;page28:tag12:entity220:key00169D43:ref231:ord0;page28:tag12:entity232:key00969D41:ref232:ord0;page28:tag12:entity233:key00169D43:ref244:ord0;page28:tag12:entity245:key00969D41:ref245:ord0;page28:tag12:entity246:key00169D43:ref257:ord0;page28:tag12:entity258:key00969D41:ref258:ord0;page28:tag12:entity259:key00169D43:ref270:ord0;page28:tag12:entity271:key00969D41:ref271:ord0;page28:tag12:entity272:key00169D43:ref283:ord0;page28:tag12:entity284:key00969D41:ref284:ord0;page28:tag12:entity285:key00169D43:ref296:ord0;page28:tag12:entity297:key00969D41:ref297:ord0;page28:tag12:entity298:key00169D43:ref309:ord0;page28:tag12:entity310:key00969D41:ref310:ord0;page28:tag12:entity311:key00169D43:ref322:ord0;page28:tag12:entity323:key00969D41:ref323:ord0;page28:tag12:entity324:key00169D43:ref335:ord0;page28:tag12:entity336:key00969D41:ref336:ord0;page28:tag12:entity337:key00169D43:ref348:ord0;page28:tag12:entity349:key00969D41:ref349:ord0;page28:tag12:entity363:key00169D43:ref374:ord0;page28:tag12:entity375:key00969D41:ref375:ord0;page28:tag12:entity376:key00169D43:ref387:ord0;page28:tag12:entity388:key00969D41:ref388:ord0;page28:tag12:entity389:key00169D43:ref400:ord0;page28:tag12:entity401:key00969D41:ref401:ord0;page28:tag12:entity402:key00169D43:ref413:ord0;page28:tag12:entity414:key00969D41:ref414:ord0,戻る/キャンセル,タブ切替,試聴,,,,NOT_CHECKED,12,,NOT_STARTED,NOT_BUILT,NOT_TESTED,JPN_PRIMARY; MLG_CN_CONTEXT_AUXILIARY,mechanical template; resource_class=SLOT_OLANG; source_objects=30,切换标签,"[""切换标签"",""未使用""]",Change Tab,"[""Change Tab"",""Not Used""]",AUX_CN_ATTACHED,exact_jpn_slot_page_tag_reference_index;validated_slot_olang_map_entity_identity,master status=AUX_CN_ATTACHED; mapping method=exact_jpn_slot_page_tag_reference_index;validated_slot_olang_map_entity_identity; candidate attached as auxiliary evidence only; verify against JPN and context; auxiliary candidates only; JPN remains authoritative; verify against JPN text and context; multiple candidates aggregated from all real JPN references; split/merge/order mismatch remains possible
5DA60C2A,106,220,220,1,,page28:tag12:entity221:key001B7151:ref220:ord0,タブ切替,試聴,使用しない,,,,NOT_CHECKED,6,,NOT_STARTED,NOT_BUILT,NOT_TESTED,JPN_PRIMARY; MLG_CN_CONTEXT_AUXILIARY,mechanical template; resource_class=SLOT_OLANG; source_objects=1,播放,"[""播放""]",Play,"[""Play""]",AUX_CN_ATTACHED,exact_jpn_slot_page_tag_reference_index;validated_slot_olang_map_entity_identity,master status=AUX_CN_ATTACHED; mapping method=exact_jpn_slot_page_tag_reference_index;validated_slot_olang_map_entity_identity; candidate attached as auxiliary evidence only; verify against JPN and context; auxiliary candidates only; JPN remains authoritative; verify against JPN text and context
5DA60C2A,107,223,223,1,,page28:tag12:entity223:key003C54C6:ref223:ord0,使用しない,削除/初期化,ヘルプ起動,,,,NOT_CHECKED,16,,NOT_STARTED,NOT_BUILT,NOT_TESTED,JPN_PRIMARY; MLG_CN_CONTEXT_AUXILIARY,mechanical template; resource_class=SLOT_OLANG; source_objects=1,删除/重置,"[""删除/重置""]",Delete / Reset,"[""Delete / Reset""]",AUX_CN_ATTACHED,exact_jpn_slot_page_tag_reference_index;validated_slot_olang_map_entity_identity,master status=AUX_CN_ATTACHED; mapping method=exact_jpn_slot_page_tag_reference_index;validated_slot_olang_map_entity_identity; candidate attached as auxiliary evidence only; verify against JPN and context; auxiliary candidates only; JPN remains authoritative; verify against JPN text and context
5DA60C2A,108,229,229,1,,page28:tag12:entity227:key005BD34D:ref229:ord0,カーソル移動,決定/開封,戻る/キャンセル,,,,NOT_CHECKED,13,,NOT_STARTED,NOT_BUILT,NOT_TESTED,JPN_PRIMARY; MLG_CN_CONTEXT_AUXILIARY,mechanical template; resource_class=SLOT_OLANG; source_objects=1,返回/取消,"[""返回/取消""]",Back / Cancel,"[""Back / Cancel""]",AUX_CN_ATTACHED,exact_jpn_slot_page_tag_reference_index;validated_slot_olang_map_entity_identity,master status=AUX_CN_ATTACHED; mapping method=exact_jpn_slot_page_tag_reference_index;validated_slot_olang_map_entity_identity; candidate attached as auxiliary evidence only; verify against JPN and context; auxiliary candidates only; JPN remains authoritative; verify against JPN text and context
5DA60C2A,109,233,233;246;259;272;324;337;363;376;389;402,10,,page28:tag12:entity234:key001B7151:ref233:ord0;page28:tag12:entity247:key001B7151:ref246:ord0;page28:tag12:entity260:key001B7151:ref259:ord0;page28:tag12:entity273:key001B7151:ref272:ord0;page28:tag12:entity325:key001B7151:ref324:ord0;page28:tag12:entity338:key001B7151:ref337:ord0;page28:tag12:entity364:key001B7151:ref363:ord0;page28:tag12:entity377:key001B7151:ref376:ord0;page28:tag12:entity390:key001B7151:ref389:ord0;page28:tag12:entity403:key001B7151:ref402:ord0,タブ切替,詳細画面表示/モデルビューア起動,使用しない,,,,NOT_CHECKED,46,,NOT_STARTED,NOT_BUILT,NOT_TESTED,JPN_PRIMARY; MLG_CN_CONTEXT_AUXILIARY,mechanical template; resource_class=SLOT_OLANG; source_objects=10,详情画面/模型查看器,"[""详情画面/模型查看器""]",Details Screen / Model Viewer,"[""Details Screen / Model Viewer""]",AUX_CN_ATTACHED,exact_jpn_slot_page_tag_reference_index;validated_slot_olang_map_entity_identity,master status=AUX_CN_ATTACHED; mapping method=exact_jpn_slot_page_tag_reference_index;validated_slot_olang_map_entity_identity; candidate attached as auxiliary evidence only; verify against JPN and context; auxiliary candidates only; JPN remains authoritative; verify against JPN text and context
5DA60C2A,110,236,236;275,2,,page28:tag12:entity236:key003C54C6:ref236:ord0;page28:tag12:entity275:key003C54C6:ref275:ord0,使用しない,系図ジャンプ（「開発状況」「新作」タブで使用）,ヘルプ起動,,,,NOT_CHECKED,69,,NOT_STARTED,NOT_BUILT,NOT_TESTED,JPN_PRIMARY; MLG_CN_CONTEXT_AUXILIARY,mechanical template; resource_class=SLOT_OLANG; source_objects=2,跳转（仅限“开发状态”和“NEW”标签页）,"[""跳转（仅限“开发状态”和“NEW”标签页）""]","Jump (only on ""DEVELOPMENT STATUS"" and ""NEW"" tabs)","[""Jump (only on \""DEVELOPMENT STATUS\"" and \""NEW\"" tabs)""]",AUX_CN_ATTACHED,exact_jpn_slot_page_tag_reference_index;validated_slot_olang_map_entity_identity,master status=AUX_CN_ATTACHED; mapping method=exact_jpn_slot_page_tag_reference_index;validated_slot_olang_map_entity_identity; candidate attached as auxiliary evidence only; verify against JPN and context; auxiliary candidates only; JPN remains authoritative; verify against JPN text and context
5DA60C2A,111,242,242;281,2,,page28:tag12:entity240:key005BD34D:ref242:ord0;page28:tag12:entity279:key005BD34D:ref281:ord0,カーソル移動,条件表示/開発実行/詳細表示,戻る,,,,NOT_CHECKED,38,,NOT_STARTED,NOT_BUILT,NOT_TESTED,JPN_PRIMARY; MLG_CN_CONTEXT_AUXILIARY,mechanical template; resource_class=SLOT_OLANG; source_objects=2,返回,"[""返回""]",Back,"[""Back""]",AUX_CN_ATTACHED,exact_jpn_slot_page_tag_reference_index;validated_slot_olang_map_entity_identity,master status=AUX_CN_ATTACHED; mapping method=exact_jpn_slot_page_tag_reference_index;validated_slot_olang_map_entity_identity; candidate attached as auxiliary evidence only; verify against JPN and context; auxiliary candidates only; JPN remains authoritative; verify against JPN text and context
5DA60C2A,112,262,262,1,,page28:tag12:entity262:key003C54C6:ref262:ord0,使用しない,破棄,ヘルプ起動,,,,NOT_CHECKED,6,,NOT_STARTED,NOT_BUILT,NOT_TESTED,JPN_PRIMARY; MLG_CN_CONTEXT_AUXILIARY,mechanical template; resource_class=SLOT_OLANG; source_objects=1,删除,"[""删除""]",Delete,"[""Delete""]",AUX_CN_ATTACHED,exact_jpn_slot_page_tag_reference_index;validated_slot_olang_map_entity_identity,master status=AUX_CN_ATTACHED; mapping method=exact_jpn_slot_page_tag_reference_index;validated_slot_olang_map_entity_identity; candidate attached as auxiliary evidence only; verify against JPN and context; auxiliary candidates only; JPN remains authoritative; verify against JPN text and context
5DA60C2A,113,285,285;298,2,,page28:tag12:entity286:key001B7151:ref285:ord0;page28:tag12:entity299:key001B7151:ref298:ord0,タブ切替,モデルビューア起動,使用しない,,,,NOT_CHECKED,27,,NOT_STARTED,NOT_BUILT,NOT_TESTED,JPN_PRIMARY; MLG_CN_CONTEXT_AUXILIARY,mechanical template; resource_class=SLOT_OLANG; source_objects=2,模型查看器,"[""模型查看器""]",Model Viewer,"[""Model Viewer""]",AUX_CN_ATTACHED,exact_jpn_slot_page_tag_reference_index;validated_slot_olang_map_entity_identity,master status=AUX_CN_ATTACHED; mapping method=exact_jpn_slot_page_tag_reference_index;validated_slot_olang_map_entity_identity; candidate attached as auxiliary evidence only; verify against JPN and context; auxiliary candidates only; JPN remains authoritative; verify against JPN text and context
5DA60C2A,114,311,311,1,,page28:tag12:entity312:key001B7151:ref311:ord0,タブ切替,称号選択画面表示,使用しない,,,,NOT_CHECKED,24,,NOT_STARTED,NOT_BUILT,NOT_TESTED,JPN_PRIMARY; MLG_CN_CONTEXT_AUXILIARY,mechanical template; resource_class=SLOT_OLANG; source_objects=1,代号选择画面,"[""代号选择画面""]",Codename Selection Screen,"[""Codename Selection Screen""]",AUX_CN_ATTACHED,exact_jpn_slot_page_tag_reference_index;validated_slot_olang_map_entity_identity,master status=AUX_CN_ATTACHED; mapping method=exact_jpn_slot_page_tag_reference_index;validated_slot_olang_map_entity_identity; candidate attached as auxiliary evidence only; verify against JPN and context; auxiliary candidates only; JPN remains authoritative; verify against JPN text and context
5DA60C2A,115,326,326;339;365;378;391;404,6,,page28:tag12:entity333:key007EDC00:ref326:ord0;page28:tag12:entity346:key007EDC00:ref339:ord0;page28:tag12:entity372:key007EDC00:ref365:ord0;page28:tag12:entity385:key007EDC00:ref378:ord0;page28:tag12:entity398:key007EDC00:ref391:ord0;page28:tag12:entity411:key007EDC00:ref404:ord0,使用しない,ソートモード起動,使用しない,,,,NOT_CHECKED,24,,NOT_STARTED,NOT_BUILT,NOT_TESTED,JPN_PRIMARY; MLG_CN_CONTEXT_AUXILIARY,mechanical template; resource_class=SLOT_OLANG; source_objects=6,排序模式,"[""排序模式""]",Sort Mode,"[""Sort Mode""]",AUX_CN_ATTACHED,exact_jpn_slot_page_tag_reference_index;validated_slot_olang_map_entity_identity,master status=AUX_CN_ATTACHED; mapping method=exact_jpn_slot_page_tag_reference_index;validated_slot_olang_map_entity_identity; candidate attached as auxiliary evidence only; verify against JPN and context; auxiliary candidates only; JPN remains authoritative; verify against JPN text and context
5DA60C2A,116,330,330;331;408;409,4,,page28:tag12:entity328:key004C3B24:ref330:ord0;page28:tag12:entity326:key0038DEF1:ref331:ord0;page28:tag12:entity406:key004C3B24:ref408:ord0;page28:tag12:entity404:key0038DEF1:ref409:ord0,カーソル移動,ランク変更,カーソル移動,,,,NOT_CHECKED,15,,NOT_STARTED,NOT_BUILT,NOT_TESTED,JPN_PRIMARY; MLG_CN_CONTEXT_AUXILIARY,mechanical template; resource_class=SLOT_OLANG; source_objects=4,切换军衔,"[""切换军衔""]",Change Rank,"[""Change Rank""]",AUX_CN_ATTACHED,exact_jpn_slot_page_tag_reference_index;validated_slot_olang_map_entity_identity,master status=AUX_CN_ATTACHED; mapping method=exact_jpn_slot_page_tag_reference_index;validated_slot_olang_map_entity_identity; candidate attached as auxiliary evidence only; verify against JPN and context; auxiliary candidates only; JPN remains authoritative; verify against JPN text and context
5DA60C2A,117,350,350,1,,page28:tag12:entity351:key001B7151:ref350:ord0,タブ切替,モデルビューア起動/試聴,使用しない,,,,NOT_CHECKED,34,,NOT_STARTED,NOT_BUILT,NOT_TESTED,JPN_PRIMARY; MLG_CN_CONTEXT_AUXILIARY,mechanical template; resource_class=SLOT_OLANG; source_objects=1,模型查看器 / 播放,"[""模型查看器 / 播放""]",Model Viewer / Play,"[""Model Viewer / Play""]",AUX_CN_ATTACHED,exact_jpn_slot_page_tag_reference_index;validated_slot_olang_map_entity_identity,master status=AUX_CN_ATTACHED; mapping method=exact_jpn_slot_page_tag_reference_index;validated_slot_olang_map_entity_identity; candidate attached as auxiliary evidence only; verify against JPN and context; auxiliary candidates only; JPN remains authoritative; verify against JPN text and context
5DA60C2A,118,353,353,1,,page28:tag12:entity353:key003C54C6:ref353:ord0,使用しない,選択/選択解除/装備解除/破棄,ヘルプ起動,,,,NOT_CHECKED,39,,NOT_STARTED,NOT_BUILT,NOT_TESTED,JPN_PRIMARY; MLG_CN_CONTEXT_AUXILIARY,mechanical template; resource_class=SLOT_OLANG; source_objects=1,选择/取消/卸下装备/丢弃,"[""选择/取消/卸下装备/丢弃""]",Select / Cancel / Remove Equipment / Discard,"[""Select / Cancel / Remove Equipment / Discard""]",AUX_CN_ATTACHED,exact_jpn_slot_page_tag_reference_index;validated_slot_olang_map_entity_identity,master status=AUX_CN_ATTACHED; mapping method=exact_jpn_slot_page_tag_reference_index;validated_slot_olang_map_entity_identity; candidate attached as auxiliary evidence only; verify against JPN and context; auxiliary candidates only; JPN remains authoritative; verify against JPN text and context
5DA60C2A,119,366,366;379,2,,page28:tag12:entity366:key003C54C6:ref366:ord0;page28:tag12:entity379:key003C54C6:ref379:ord0,ソートモード起動,選択/選択解除,ヘルプ起動,,,,NOT_CHECKED,19,,NOT_STARTED,NOT_BUILT,NOT_TESTED,JPN_PRIMARY; MLG_CN_CONTEXT_AUXILIARY,mechanical template; resource_class=SLOT_OLANG; source_objects=2,选择/取消选择,"[""选择/取消选择""]",Select / Cancel Selection,"[""Select / Cancel Selection""]",AUX_CN_ATTACHED,exact_jpn_slot_page_tag_reference_index;validated_slot_olang_map_entity_identity,master status=AUX_CN_ATTACHED; mapping method=exact_jpn_slot_page_tag_reference_index;validated_slot_olang_map_entity_identity; candidate attached as auxiliary evidence only; verify against JPN and context; auxiliary candidates only; JPN remains authoritative; verify against JPN text and context
5DA60C2A,120,368,368;371;381;384;394;397,6,,page28:tag12:entity369:key00539262:ref368:ord0;page28:tag12:entity368:key0052DB1B:ref371:ord0;page28:tag12:entity382:key00539262:ref381:ord0;page28:tag12:entity381:key0052DB1B:ref384:ord0;page28:tag12:entity395:key00539262:ref394:ord0;page28:tag12:entity394:key0052DB1B:ref397:ord0,ヘルプ起動,カーソル移動/表示スタッフ切替,カーソル移動/表示モード切替,,,,NOT_CHECKED,43,,NOT_STARTED,NOT_BUILT,NOT_TESTED,JPN_PRIMARY; MLG_CN_CONTEXT_AUXILIARY,mechanical template; resource_class=SLOT_OLANG; source_objects=6,移动光标/切换人员,"[""移动光标/切换人员""]",Move Cursor / Change Staff,"[""Move Cursor / Change Staff""]",AUX_CN_ATTACHED,exact_jpn_slot_page_tag_reference_index;validated_slot_olang_map_entity_identity,master status=AUX_CN_ATTACHED; mapping method=exact_jpn_slot_page_tag_reference_index;validated_slot_olang_map_entity_identity; candidate attached as auxiliary evidence only; verify against JPN and context; auxiliary candidates only; JPN remains authoritative; verify against JPN text and context
5DA60C2A,121,369,369;370;395;396,4,,page28:tag12:entity367:key004C3B24:ref369:ord0;page28:tag12:entity365:key0038DEF1:ref370:ord0;page28:tag12:entity393:key004C3B24:ref395:ord0;page28:tag12:entity391:key0038DEF1:ref396:ord0,カーソル移動/表示スタッフ切替,カーソル移動/表示モード切替,カーソル移動/表示スタッフ切替,,,,NOT_CHECKED,40,,NOT_STARTED,NOT_BUILT,NOT_TESTED,JPN_PRIMARY; MLG_CN_CONTEXT_AUXILIARY,mechanical template; resource_class=SLOT_OLANG; source_objects=4,移动光标/切换列表模式,"[""移动光标/切换列表模式""]",Move Cursor / Change List Mode,"[""Move Cursor / Change List Mode""]",AUX_CN_ATTACHED,exact_jpn_slot_page_tag_reference_index;validated_slot_olang_map_entity_identity,master status=AUX_CN_ATTACHED; mapping method=exact_jpn_slot_page_tag_reference_index;validated_slot_olang_map_entity_identity; candidate attached as auxiliary evidence only; verify against JPN and context; auxiliary candidates only; JPN remains authoritative; verify against JPN text and context
5DA60C2A,122,373,373;399,2,,page28:tag12:entity373:key00916E3E:ref373:ord0;page28:tag12:entity399:key00916E3E:ref399:ord0,決定,戻る/キャンセル/選択状態初期化,タブ切替,,,,NOT_CHECKED,44,,NOT_STARTED,NOT_BUILT,NOT_TESTED,JPN_PRIMARY; MLG_CN_CONTEXT_AUXILIARY,mechanical template; resource_class=SLOT_OLANG; source_objects=2,选择,"[""选择""]",Select,"[""Select""]",AUX_CN_ATTACHED,exact_jpn_slot_page_tag_reference_index;validated_slot_olang_map_entity_identity,master status=AUX_CN_ATTACHED; mapping method=exact_jpn_slot_page_tag_reference_index;validated_slot_olang_map_entity_identity; candidate attached as auxiliary evidence only; verify against JPN and context; auxiliary candidates only; JPN remains authoritative; verify against JPN text and context
5DA60C2A,123,382,382;383,2,,page28:tag12:entity380:key004C3B24:ref382:ord0;page28:tag12:entity378:key0038DEF1:ref383:ord0,カーソル移動/表示スタッフ切替,カーソル移動/リストモード切替,カーソル移動/表示スタッフ切替,,,,NOT_CHECKED,43,,NOT_STARTED,NOT_BUILT,NOT_TESTED,JPN_PRIMARY; MLG_CN_CONTEXT_AUXILIARY,mechanical template; resource_class=SLOT_OLANG; source_objects=2,移动光标/切换列表模式,"[""移动光标/切换列表模式""]",Move Cursor / Change List Mode,"[""Move Cursor / Change List Mode""]",AUX_CN_ATTACHED,exact_jpn_slot_page_tag_reference_index;validated_slot_olang_map_entity_identity,master status=AUX_CN_ATTACHED; mapping method=exact_jpn_slot_page_tag_reference_index;validated_slot_olang_map_entity_identity; candidate attached as auxiliary evidence only; verify against JPN and context; auxiliary candidates only; JPN remains authoritative; verify against JPN text and context
5DA60C2A,124,385,385,1,,page28:tag12:entity383:key005BD34D:ref385:ord0,カーソル移動/表示スタッフ切替,決定/スキル詳細表示,戻る/選択全解除,,,,NOT_CHECKED,28,,NOT_STARTED,NOT_BUILT,NOT_TESTED,JPN_PRIMARY; MLG_CN_CONTEXT_AUXILIARY,mechanical template; resource_class=SLOT_OLANG; source_objects=1,返回／取消全部选择,"[""返回／取消全部选择""]",Back / Cancel Entire Selection,"[""Back / Cancel Entire Selection""]",AUX_CN_ATTACHED,exact_jpn_slot_page_tag_reference_index;validated_slot_olang_map_entity_identity,master status=AUX_CN_ATTACHED; mapping method=exact_jpn_slot_page_tag_reference_index;validated_slot_olang_map_entity_identity; candidate attached as auxiliary evidence only; verify against JPN and context; auxiliary candidates only; JPN remains authoritative; verify against JPN text and context
5DA60C2A,125,386,386,1,,page28:tag12:entity386:key00916E3E:ref386:ord0,決定/スキル詳細表示,戻る/選択全解除,タブ切替,,,,NOT_CHECKED,22,,NOT_STARTED,NOT_BUILT,NOT_TESTED,JPN_PRIMARY; MLG_CN_CONTEXT_AUXILIARY,mechanical template; resource_class=SLOT_OLANG; source_objects=1,选择/技能详情,"[""选择/技能详情""]",Select / Skill Details,"[""Select / Skill Details""]",AUX_CN_ATTACHED,exact_jpn_slot_page_tag_reference_index;validated_slot_olang_map_entity_identity,master status=AUX_CN_ATTACHED; mapping method=exact_jpn_slot_page_tag_reference_index;validated_slot_olang_map_entity_identity; candidate attached as auxiliary evidence only; verify against JPN and context; auxiliary candidates only; JPN remains authoritative; verify against JPN text and context
