file_id,unique_index,first_reference_index,reference_indices,reference_count,scene_context,entity_context,previous_jpn_text,jpn_text,next_jpn_text,jpn_control_tokens,cn_text,cn_control_tokens,control_structure_status,jpn_utf8_bytes,cn_utf8_bytes,translation_status,build_status,ingame_status,translation_basis,notes,mlg_cn_reference,mlg_cn_reference_variants,eng_reference,eng_reference_variants,reference_status,reference_method,reference_reason
5DD2A877,0,0,0;0;0,3,,page4:tag2:entity9:key009CD659:ref0:ord0;page10:tag3:entity9:key009CD659:ref0:ord0;page292:tag5:entity9:key009CD659:ref0:ord0,,METAL GEAR SOLID PEACE WALKER,RESTART MISSION,,,,NOT_CHECKED,29,,NOT_STARTED,NOT_BUILT,NOT_TESTED,JPN_PRIMARY; MLG_CN_CONTEXT_AUXILIARY,mechanical template; resource_class=SLOT_OLANG; source_objects=3,,[],METAL GEAR SOLID PEACE WALKER,"[""METAL GEAR SOLID PEACE WALKER""]",AUX_UNCHANGED,exact_jpn_slot_page_tag_reference_index;validated_slot_olang_map_entity_identity,auxiliary bank retains the original JPN text; auxiliary candidates only; JPN remains authoritative; verify against JPN text and context
5DD2A877,1,1,1;1;1,3,,page4:tag2:entity3:key005A3C76:ref1:ord0;page10:tag3:entity3:key005A3C76:ref1:ord0;page292:tag5:entity3:key005A3C76:ref1:ord0,METAL GEAR SOLID PEACE WALKER,RESTART MISSION,MISSION SELECT,,,,NOT_CHECKED,15,,NOT_STARTED,NOT_BUILT,NOT_TESTED,JPN_PRIMARY; MLG_CN_CONTEXT_AUXILIARY,mechanical template; resource_class=SLOT_OLANG; source_objects=3,,[],RESTART MISSION,"[""RESTART MISSION""]",AUX_UNCHANGED,exact_jpn_slot_page_tag_reference_index;validated_slot_olang_map_entity_identity,auxiliary bank retains the original JPN text; auxiliary candidates only; JPN remains authoritative; verify against JPN text and context
5DD2A877,2,2,2;2;2,3,,page4:tag2:entity0:key001AD08A:ref2:ord0;page10:tag3:entity0:key001AD08A:ref2:ord0;page292:tag5:entity0:key001AD08A:ref2:ord0,RESTART MISSION,MISSION SELECT,GAME OVER,,,,NOT_CHECKED,14,,NOT_STARTED,NOT_BUILT,NOT_TESTED,JPN_PRIMARY; MLG_CN_CONTEXT_AUXILIARY,mechanical template; resource_class=SLOT_OLANG; source_objects=3,SELECT MISSION,"[""SELECT MISSION""]",SELECT MISSION,"[""SELECT MISSION""]",AUX_CN_ATTACHED,exact_jpn_slot_page_tag_reference_index;validated_slot_olang_map_entity_identity,master status=AUX_CN_ATTACHED; mapping method=exact_jpn_slot_page_tag_reference_index;validated_slot_olang_map_entity_identity; candidate attached as auxiliary evidence only; verify against JPN and context; auxiliary candidates only; JPN remains authoritative; verify against JPN text and context
5DD2A877,3,4,4;4;4,3,,page4:tag2:entity8:key008CB632:ref4:ord0;page10:tag3:entity8:key008CB632:ref4:ord0;page292:tag5:entity8:key008CB632:ref4:ord0,MISSION SELECT,GAME OVER,ホストの決定を待っています。,,,,NOT_CHECKED,9,,NOT_STARTED,NOT_BUILT,NOT_TESTED,JPN_PRIMARY; MLG_CN_CONTEXT_AUXILIARY,mechanical template; resource_class=SLOT_OLANG; source_objects=3,,[],GAME OVER,"[""GAME OVER""]",AUX_UNCHANGED,exact_jpn_slot_page_tag_reference_index;validated_slot_olang_map_entity_identity,auxiliary bank retains the original JPN text; auxiliary candidates only; JPN remains authoritative; verify against JPN text and context
5DD2A877,4,5,5;5;5,3,,page4:tag2:entity5:key0075081C:ref5:ord0;page10:tag3:entity5:key0075081C:ref5:ord0;page292:tag5:entity5:key0075081C:ref5:ord0,GAME OVER,ホストの決定を待っています。,他のプレイヤーの決定を待っています。,,,,NOT_CHECKED,42,,NOT_STARTED,NOT_BUILT,NOT_TESTED,JPN_PRIMARY; MLG_CN_CONTEXT_AUXILIARY,mechanical template; resource_class=SLOT_OLANG; source_objects=3,正在等待主机。,"[""正在等待主机。""]",Waiting for the host.,"[""Waiting for the host.""]",AUX_CN_ATTACHED,exact_jpn_slot_page_tag_reference_index;validated_slot_olang_map_entity_identity,master status=AUX_CN_ATTACHED; mapping method=exact_jpn_slot_page_tag_reference_index;validated_slot_olang_map_entity_identity; candidate attached as auxiliary evidence only; verify against JPN and context; auxiliary candidates only; JPN remains authoritative; verify against JPN text and context
5DD2A877,5,6,6;6;6,3,,page4:tag2:entity11:key00CFE5D3:ref6:ord0;page10:tag3:entity11:key00CFE5D3:ref6:ord0;page292:tag5:entity11:key00CFE5D3:ref6:ord0,ホストの決定を待っています。,他のプレイヤーの決定を待っています。,カウントが0になると自動的にミッションをリスタートします。,,,,NOT_CHECKED,54,,NOT_STARTED,NOT_BUILT,NOT_TESTED,JPN_PRIMARY; MLG_CN_CONTEXT_AUXILIARY,mechanical template; resource_class=SLOT_OLANG; source_objects=3,正在等待其他玩家。,"[""正在等待其他玩家。""]",Waiting for other players.,"[""Waiting for other players.""]",AUX_CN_ATTACHED,exact_jpn_slot_page_tag_reference_index;validated_slot_olang_map_entity_identity,master status=AUX_CN_ATTACHED; mapping method=exact_jpn_slot_page_tag_reference_index;validated_slot_olang_map_entity_identity; candidate attached as auxiliary evidence only; verify against JPN and context; auxiliary candidates only; JPN remains authoritative; verify against JPN text and context
5DD2A877,6,7,7;7;7,3,,page4:tag2:entity2:key004A4F2C:ref7:ord0;page10:tag3:entity2:key004A4F2C:ref7:ord0;page292:tag5:entity2:key004A4F2C:ref7:ord0,他のプレイヤーの決定を待っています。,カウントが0になると自動的にミッションをリスタートします。,    ,,,,NOT_CHECKED,85,,NOT_STARTED,NOT_BUILT,NOT_TESTED,JPN_PRIMARY; MLG_CN_CONTEXT_AUXILIARY,mechanical template; resource_class=SLOT_OLANG; source_objects=3,倒计时归零后，游戏将自动继续。,"[""倒计时归零后，游戏将自动继续。""]","When count reaches 0, game will continue automatically.","[""When count reaches 0, game will continue automatically.""]",AUX_CN_ATTACHED,exact_jpn_slot_page_tag_reference_index;validated_slot_olang_map_entity_identity,master status=AUX_CN_ATTACHED; mapping method=exact_jpn_slot_page_tag_reference_index;validated_slot_olang_map_entity_identity; candidate attached as auxiliary evidence only; verify against JPN and context; auxiliary candidates only; JPN remains authoritative; verify against JPN text and context
5DD2A877,7,8,8;12;8;12;8;12,6,,page4:tag2:entity7:key007D4683:ref8:ord0;page4:tag2:entity6:key007C4683:ref12:ord0;page10:tag3:entity7:key007D4683:ref8:ord0;page10:tag3:entity6:key007C4683:ref12:ord0;page292:tag5:entity7:key007D4683:ref8:ord0;page292:tag5:entity6:key007C4683:ref12:ord0,カウントが0になると自動的にミッションをリスタートします。,    ,「何故…？　自分の命と引き替えに？」（レベル中）,,,,NOT_CHECKED,4,,NOT_STARTED,NOT_BUILT,NOT_TESTED,JPN_PRIMARY; MLG_CN_CONTEXT_AUXILIARY,mechanical template; resource_class=SLOT_OLANG; source_objects=6,,[],    ,"[""    ""]",AUX_UNCHANGED,exact_jpn_slot_page_tag_reference_index;validated_slot_olang_map_entity_identity,auxiliary bank retains the original JPN text; auxiliary candidates only; JPN remains authoritative; verify against JPN text and context
5DD2A877,8,13,13;13;13,3,,page4:tag2:entity13:key00000000:ref13:ord0;page10:tag3:entity13:key00000000:ref13:ord0;page292:tag5:entity13:key00000000:ref13:ord0,    ,「何故…？　自分の命と引き替えに？」（レベル中）,「嘘だスネーク、スネーーーク！！」（レベル高）,,,,NOT_CHECKED,72,,NOT_STARTED,NOT_BUILT,NOT_TESTED,JPN_PRIMARY; MLG_CN_CONTEXT_AUXILIARY,mechanical template; resource_class=SLOT_OLANG; source_objects=3,为什么…？你的秘密真的值得你付出生命吗？,"[""为什么…？你的秘密真的值得你付出生命吗？""]",Why...? Are your secrets really worth your life?,"[""Why...? Are your secrets really worth your life?""]",AUX_CN_ATTACHED,exact_jpn_slot_page_tag_reference_index;validated_slot_olang_map_entity_identity,master status=AUX_CN_ATTACHED; mapping method=exact_jpn_slot_page_tag_reference_index;validated_slot_olang_map_entity_identity; candidate attached as auxiliary evidence only; verify against JPN and context; auxiliary candidates only; JPN remains authoritative; verify against JPN text and context
5DD2A877,9,14,14;14;14,3,,page4:tag2:entity14:key00000000:ref14:ord0;page10:tag3:entity14:key00000000:ref14:ord0;page292:tag5:entity14:key00000000:ref14:ord0,「何故…？　自分の命と引き替えに？」（レベル中）,「嘘だスネーク、スネーーーク！！」（レベル高）,"どうしたのスネーク！？　
スネーーーーク！！",,,,NOT_CHECKED,69,,NOT_STARTED,NOT_BUILT,NOT_TESTED,JPN_PRIMARY; MLG_CN_CONTEXT_AUXILIARY,mechanical template; resource_class=SLOT_OLANG; source_objects=3,你在撒谎，Snake！Snake——！,"[""你在撒谎，Snake！Snake——！""]","You're LYING, Snake! SNA-A-AKE!","[""You're LYING, Snake! SNA-A-AKE!""]",AUX_CN_ATTACHED,exact_jpn_slot_page_tag_reference_index;validated_slot_olang_map_entity_identity,master status=AUX_CN_ATTACHED; mapping method=exact_jpn_slot_page_tag_reference_index;validated_slot_olang_map_entity_identity; candidate attached as auxiliary evidence only; verify against JPN and context; auxiliary candidates only; JPN remains authoritative; verify against JPN text and context
5DD2A877,10,15,15;15;15,3,,page4:tag2:entity15:key00000000:ref15:ord0;page10:tag3:entity15:key00000000:ref15:ord0;page292:tag5:entity15:key00000000:ref15:ord0,「嘘だスネーク、スネーーーク！！」（レベル高）,"どうしたのスネーク！？　
スネーーーーク！！","スネーク…冗談でしょ！？
まだたくさん教えて欲しいことが…スネーーーーク！！",,,,NOT_CHECKED,64,,NOT_STARTED,NOT_BUILT,NOT_TESTED,JPN_PRIMARY; MLG_CN_CONTEXT_AUXILIARY,mechanical template; resource_class=SLOT_OLANG; source_objects=3,发生了什么，Snake？！Snake——！,"[""发生了什么，Snake？！Snake——！""]","What happened, Snake?! Snaaaaaaaake!","[""What happened, Snake?! Snaaaaaaaake!""]",AUX_CN_ATTACHED,exact_jpn_slot_page_tag_reference_index;validated_slot_olang_map_entity_identity,master status=AUX_CN_ATTACHED; mapping method=exact_jpn_slot_page_tag_reference_index;validated_slot_olang_map_entity_identity; candidate attached as auxiliary evidence only; verify against JPN and context; auxiliary candidates only; JPN remains authoritative; verify against JPN text and context
5DD2A877,11,17,17;17;17,3,,page4:tag2:entity16:key00000000:ref17:ord0;page10:tag3:entity16:key00000000:ref17:ord0;page292:tag5:entity16:key00000000:ref17:ord0,"どうしたのスネーク！？　
スネーーーーク！！","スネーク…冗談でしょ！？
まだたくさん教えて欲しいことが…スネーーーーク！！","立ち上がってスネーク お願い！
もう<R=司令官,コマンダンテ>を失うのは嫌！　スネーーーク！！",,,,NOT_CHECKED,112,,NOT_STARTED,NOT_BUILT,NOT_TESTED,JPN_PRIMARY; MLG_CN_CONTEXT_AUXILIARY,mechanical template; resource_class=SLOT_OLANG; source_objects=3,这不可能…Snake！,"[""这不可能…Snake！""]",This cannot be... Snake!,"[""This cannot be... Snake!""]",AUX_CN_ATTACHED,exact_jpn_slot_page_tag_reference_index;validated_slot_olang_map_entity_identity,master status=AUX_CN_ATTACHED; mapping method=exact_jpn_slot_page_tag_reference_index;validated_slot_olang_map_entity_identity; candidate attached as auxiliary evidence only; verify against JPN and context; auxiliary candidates only; JPN remains authoritative; verify against JPN text and context
5DD2A877,12,18,18;18;18,3,,page4:tag2:entity18:key00000000:ref18:ord0;page10:tag3:entity18:key00000000:ref18:ord0;page292:tag5:entity18:key00000000:ref18:ord0,"スネーク…冗談でしょ！？
まだたくさん教えて欲しいことが…スネーーーーク！！","立ち上がってスネーク お願い！
もう<R=司令官,コマンダンテ>を失うのは嫌！　スネーーーク！！","どうしてスネーク！？
あと...あともう少しだったのに...！！","<R=司令官,コマンダンテ>",,,NOT_CHECKED,130,,NOT_STARTED,NOT_BUILT,NOT_TESTED,JPN_PRIMARY; MLG_CN_CONTEXT_AUXILIARY,mechanical template; resource_class=SLOT_OLANG; source_objects=3,快起来，Snake，求你了！我不能再失去一位指挥官了！Snake——！,"[""快起来，Snake，求你了！我不能再失去一位指挥官了！Snake——！""]","Get up, Snake, please! I cannot lose another comandante! Snaaaaaake!","[""Get up, Snake, please! I cannot lose another comandante! Snaaaaaake!""]",AUX_CN_ATTACHED,exact_jpn_slot_page_tag_reference_index;validated_slot_olang_map_entity_identity,master status=AUX_CN_ATTACHED; mapping method=exact_jpn_slot_page_tag_reference_index;validated_slot_olang_map_entity_identity; candidate attached as auxiliary evidence only; verify against JPN and context; auxiliary candidates only; JPN remains authoritative; verify against JPN text and context
5DD2A877,13,19,19;19;19,3,,page4:tag2:entity19:key00000000:ref19:ord0;page10:tag3:entity19:key00000000:ref19:ord0;page292:tag5:entity19:key00000000:ref19:ord0,"立ち上がってスネーク お願い！
もう<R=司令官,コマンダンテ>を失うのは嫌！　スネーーーク！！","どうしてスネーク！？
あと...あともう少しだったのに...！！","応答して！　いったい何があったの！？　
ねえ 答えて！！",,,,NOT_CHECKED,82,,NOT_STARTED,NOT_BUILT,NOT_TESTED,JPN_PRIMARY; MLG_CN_CONTEXT_AUXILIARY,mechanical template; resource_class=SLOT_OLANG; source_objects=3,Snake，不！你…你差一点就成功了！,"[""Snake，不！你…你差一点就成功了！""]","Snake, no! You were... you were so close!","[""Snake, no! You were... you were so close!""]",AUX_CN_ATTACHED,exact_jpn_slot_page_tag_reference_index;validated_slot_olang_map_entity_identity,master status=AUX_CN_ATTACHED; mapping method=exact_jpn_slot_page_tag_reference_index;validated_slot_olang_map_entity_identity; candidate attached as auxiliary evidence only; verify against JPN and context; auxiliary candidates only; JPN remains authoritative; verify against JPN text and context
5DD2A877,14,20,20;20;20,3,,page4:tag2:entity20:key00000000:ref20:ord0;page10:tag3:entity20:key00000000:ref20:ord0;page292:tag5:entity20:key00000000:ref20:ord0,"どうしてスネーク！？
あと...あともう少しだったのに...！！","応答して！　いったい何があったの！？　
ねえ 答えて！！","何があったの？　損害は！？　
応答して お願い！！",,,,NOT_CHECKED,80,,NOT_STARTED,NOT_BUILT,NOT_TESTED,JPN_PRIMARY; MLG_CN_CONTEXT_AUXILIARY,mechanical template; resource_class=SLOT_OLANG; source_objects=3,发生了什么？！你能听到我吗？说句话啊！,"[""发生了什么？！你能听到我吗？说句话啊！""]",What happened?! Can you hear me? Say something!,"[""What happened?! Can you hear me? Say something!""]",AUX_CN_ATTACHED,exact_jpn_slot_page_tag_reference_index;validated_slot_olang_map_entity_identity,master status=AUX_CN_ATTACHED; mapping method=exact_jpn_slot_page_tag_reference_index;validated_slot_olang_map_entity_identity; candidate attached as auxiliary evidence only; verify against JPN and context; auxiliary candidates only; JPN remains authoritative; verify against JPN text and context
5DD2A877,15,21,21;21;21,3,,page4:tag2:entity21:key00000000:ref21:ord0;page10:tag3:entity21:key00000000:ref21:ord0;page292:tag5:entity21:key00000000:ref21:ord0,"応答して！　いったい何があったの！？　
ねえ 答えて！！","何があったの？　損害は！？　
応答して お願い！！","応答して ねえ！
一緒に<R=祖国,ニカラグア>を解放するんでしょ！？",,,,NOT_CHECKED,71,,NOT_STARTED,NOT_BUILT,NOT_TESTED,JPN_PRIMARY; MLG_CN_CONTEXT_AUXILIARY,mechanical template; resource_class=SLOT_OLANG; source_objects=3,怎么回事？你受伤了吗？请回话！,"[""怎么回事？你受伤了吗？请回话！""]","What is going on? Are you injured? Please, come in!","[""What is going on? Are you injured? Please, come in!""]",AUX_CN_ATTACHED,exact_jpn_slot_page_tag_reference_index;validated_slot_olang_map_entity_identity,master status=AUX_CN_ATTACHED; mapping method=exact_jpn_slot_page_tag_reference_index;validated_slot_olang_map_entity_identity; candidate attached as auxiliary evidence only; verify against JPN and context; auxiliary candidates only; JPN remains authoritative; verify against JPN text and context
5DD2A877,16,22,22;22;22,3,,page4:tag2:entity22:key00000000:ref22:ord0;page10:tag3:entity22:key00000000:ref22:ord0;page292:tag5:entity22:key00000000:ref22:ord0,"何があったの？　損害は！？　
応答して お願い！！","応答して ねえ！
一緒に<R=祖国,ニカラグア>を解放するんでしょ！？","スネーク 戻ってきて！　
作戦は中止よ 仲間が落ちた...！","<R=祖国,ニカラグア>",,,NOT_CHECKED,91,,NOT_STARTED,NOT_BUILT,NOT_TESTED,JPN_PRIMARY; MLG_CN_CONTEXT_AUXILIARY,mechanical template; resource_class=SLOT_OLANG; source_objects=3,不！跟我说话！我们还要一起解放尼加拉瓜呢！,"[""不！跟我说话！我们还要一起解放尼加拉瓜呢！""]",No! Talk to me! We still have to liberate Nicaragua together!,"[""No! Talk to me! We still have to liberate Nicaragua together!""]",AUX_CN_ATTACHED,exact_jpn_slot_page_tag_reference_index;validated_slot_olang_map_entity_identity,master status=AUX_CN_ATTACHED; mapping method=exact_jpn_slot_page_tag_reference_index;validated_slot_olang_map_entity_identity; candidate attached as auxiliary evidence only; verify against JPN and context; auxiliary candidates only; JPN remains authoritative; verify against JPN text and context
5DD2A877,17,24,24;24;24,3,,page4:tag2:entity23:key00000000:ref24:ord0;page10:tag3:entity23:key00000000:ref24:ord0;page292:tag5:entity23:key00000000:ref24:ord0,"応答して ねえ！
一緒に<R=祖国,ニカラグア>を解放するんでしょ！？","スネーク 戻ってきて！　
作戦は中止よ 仲間が落ちた...！","ボスともあろうものが 
どうして<R=同志,コンパ>から目を離したの！？",,,,NOT_CHECKED,78,,NOT_STARTED,NOT_BUILT,NOT_TESTED,JPN_PRIMARY; MLG_CN_CONTEXT_AUXILIARY,mechanical template; resource_class=SLOT_OLANG; source_objects=3,Snake，返回基地！我们必须中止任务。,"[""Snake，返回基地！我们必须中止任务。""]","Snake, return to base! We have to abort.","[""Snake, return to base! We have to abort.""]",AUX_CN_ATTACHED,exact_jpn_slot_page_tag_reference_index;validated_slot_olang_map_entity_identity,master status=AUX_CN_ATTACHED; mapping method=exact_jpn_slot_page_tag_reference_index;validated_slot_olang_map_entity_identity; candidate attached as auxiliary evidence only; verify against JPN and context; auxiliary candidates only; JPN remains authoritative; verify against JPN text and context
5DD2A877,18,26,26;26;26,3,,page4:tag2:entity26:key00000001:ref26:ord0;page10:tag3:entity26:key00000001:ref26:ord0;page292:tag5:entity26:key00000001:ref26:ord0,"スネーク 戻ってきて！　
作戦は中止よ 仲間が落ちた...！","ボスともあろうものが 
どうして<R=同志,コンパ>から目を離したの！？","スネーク 作戦は中止よ！　
仲間が落ちた...","<R=同志,コンパ>",,,NOT_CHECKED,94,,NOT_STARTED,NOT_BUILT,NOT_TESTED,JPN_PRIMARY; MLG_CN_CONTEXT_AUXILIARY,mechanical template; resource_class=SLOT_OLANG; source_objects=3,你的搭档倒下了…你怎么能没照看好我们的同伴？！,"[""你的搭档倒下了…你怎么能没照看好我们的同伴？！""]",Your partner took a fall... How could you take your eyes off our compas?! ,"[""Your partner took a fall... How could you take your eyes off our compas?! ""]",AUX_CN_ATTACHED,exact_jpn_slot_page_tag_reference_index;validated_slot_olang_map_entity_identity,master status=AUX_CN_ATTACHED; mapping method=exact_jpn_slot_page_tag_reference_index;validated_slot_olang_map_entity_identity; candidate attached as auxiliary evidence only; verify against JPN and context; auxiliary candidates only; JPN remains authoritative; verify against JPN text and context
5DD2A877,19,27,27;27;27,3,,page4:tag2:entity25:key00000000:ref27:ord0;page10:tag3:entity25:key00000000:ref27:ord0;page292:tag5:entity25:key00000000:ref27:ord0,"ボスともあろうものが 
どうして<R=同志,コンパ>から目を離したの！？","スネーク 作戦は中止よ！　
仲間が落ちた...","戻って！　作戦は中止
仲間が落ちた...残念よ",,,,NOT_CHECKED,59,,NOT_STARTED,NOT_BUILT,NOT_TESTED,JPN_PRIMARY; MLG_CN_CONTEXT_AUXILIARY,mechanical template; resource_class=SLOT_OLANG; source_objects=3,Snake，我们要中止任务了！,"[""Snake，我们要中止任务了！""]","Snake, we are aborting the operation! ","[""Snake, we are aborting the operation! ""]",AUX_CN_ATTACHED,exact_jpn_slot_page_tag_reference_index;validated_slot_olang_map_entity_identity,master status=AUX_CN_ATTACHED; mapping method=exact_jpn_slot_page_tag_reference_index;validated_slot_olang_map_entity_identity; candidate attached as auxiliary evidence only; verify against JPN and context; auxiliary candidates only; JPN remains authoritative; verify against JPN text and context
5DD2A877,20,29,29;29;29,3,,page4:tag2:entity28:key00000000:ref29:ord0;page10:tag3:entity28:key00000000:ref29:ord0;page292:tag5:entity28:key00000000:ref29:ord0,"スネーク 作戦は中止よ！　
仲間が落ちた...","戻って！　作戦は中止
仲間が落ちた...残念よ","作戦は中止よ 仲間が落ちた
...どうしてこんなことに...",,,,NOT_CHECKED,61,,NOT_STARTED,NOT_BUILT,NOT_TESTED,JPN_PRIMARY; MLG_CN_CONTEXT_AUXILIARY,mechanical template; resource_class=SLOT_OLANG; source_objects=3,返回基地！我们要中止任务。,"[""返回基地！我们要中止任务。""]",Return to base! We're aborting. ,"[""Return to base! We're aborting. ""]",AUX_CN_ATTACHED,exact_jpn_slot_page_tag_reference_index;validated_slot_olang_map_entity_identity,master status=AUX_CN_ATTACHED; mapping method=exact_jpn_slot_page_tag_reference_index;validated_slot_olang_map_entity_identity; candidate attached as auxiliary evidence only; verify against JPN and context; auxiliary candidates only; JPN remains authoritative; verify against JPN text and context
5DD2A877,21,31,31;31;31,3,,page4:tag2:entity30:key00000000:ref31:ord0;page10:tag3:entity30:key00000000:ref31:ord0;page292:tag5:entity30:key00000000:ref31:ord0,"戻って！　作戦は中止
仲間が落ちた...残念よ","作戦は中止よ 仲間が落ちた
...どうしてこんなことに...","どうしたスネーク 何があった！？　
<R=応答,アクノリッジ>を返せ スネーーーク！！",,,,NOT_CHECKED,74,,NOT_STARTED,NOT_BUILT,NOT_TESTED,JPN_PRIMARY; MLG_CN_CONTEXT_AUXILIARY,mechanical template; resource_class=SLOT_OLANG; source_objects=3,任务已中止。你的搭档倒下了。,"[""任务已中止。你的搭档倒下了。""]",The operation is aborted. Your partner has taken a fall. ,"[""The operation is aborted. Your partner has taken a fall. ""]",AUX_CN_ATTACHED,exact_jpn_slot_page_tag_reference_index;validated_slot_olang_map_entity_identity,master status=AUX_CN_ATTACHED; mapping method=exact_jpn_slot_page_tag_reference_index;validated_slot_olang_map_entity_identity; candidate attached as auxiliary evidence only; verify against JPN and context; auxiliary candidates only; JPN remains authoritative; verify against JPN text and context
5DD2A877,22,32,32;32;32,3,,page4:tag2:entity32:key00000000:ref32:ord0;page10:tag3:entity32:key00000000:ref32:ord0;page292:tag5:entity32:key00000000:ref32:ord0,"作戦は中止よ 仲間が落ちた
...どうしてこんなことに...","どうしたスネーク 何があった！？　
<R=応答,アクノリッジ>を返せ スネーーーク！！","しっかりしろスネーク！　
それでもあの人の弟子か！？","<R=応答,アクノリッジ>",,,NOT_CHECKED,113,,NOT_STARTED,NOT_BUILT,NOT_TESTED,JPN_PRIMARY; MLG_CN_CONTEXT_AUXILIARY,mechanical template; resource_class=SLOT_OLANG; source_objects=3,怎么回事？发生了什么，Snake？收到请回答！Snake——！！,"[""怎么回事？发生了什么，Snake？收到请回答！Snake——！！""]","What's going on? What happened, Snake? Acknowledge! SNA-A-AKE!!","[""What's going on? What happened, Snake? Acknowledge! SNA-A-AKE!!""]",AUX_CN_ATTACHED,exact_jpn_slot_page_tag_reference_index;validated_slot_olang_map_entity_identity,master status=AUX_CN_ATTACHED; mapping method=exact_jpn_slot_page_tag_reference_index;validated_slot_olang_map_entity_identity; candidate attached as auxiliary evidence only; verify against JPN and context; auxiliary candidates only; JPN remains authoritative; verify against JPN text and context
5DD2A877,23,33,33;33;33,3,,page4:tag2:entity33:key00000000:ref33:ord0;page10:tag3:entity33:key00000000:ref33:ord0;page292:tag5:entity33:key00000000:ref33:ord0,"どうしたスネーク 何があった！？　
<R=応答,アクノリッジ>を返せ スネーーーク！！","しっかりしろスネーク！　
それでもあの人の弟子か！？",見込み違いだったな...残念だよ スネーク...,,,,NOT_CHECKED,76,,NOT_STARTED,NOT_BUILT,NOT_TESTED,JPN_PRIMARY; MLG_CN_CONTEXT_AUXILIARY,mechanical template; resource_class=SLOT_OLANG; source_objects=3,别现在放弃啊，Snake！你还自称是她的弟子？！,"[""别现在放弃啊，Snake！你还自称是她的弟子？！""]","Don't quit on me now, Snake! You call yourself her disciple?!","[""Don't quit on me now, Snake! You call yourself her disciple?!""]",AUX_CN_ATTACHED,exact_jpn_slot_page_tag_reference_index;validated_slot_olang_map_entity_identity,master status=AUX_CN_ATTACHED; mapping method=exact_jpn_slot_page_tag_reference_index;validated_slot_olang_map_entity_identity; candidate attached as auxiliary evidence only; verify against JPN and context; auxiliary candidates only; JPN remains authoritative; verify against JPN text and context
5DD2A877,24,34,34;34;34,3,,page4:tag2:entity34:key00000000:ref34:ord0;page10:tag3:entity34:key00000000:ref34:ord0;page292:tag5:entity34:key00000000:ref34:ord0,"しっかりしろスネーク！　
それでもあの人の弟子か！？",見込み違いだったな...残念だよ スネーク...,"どうした 状況を報告しろ！　
<R=応答,アクノリッジ>を返せ！",,,,NOT_CHECKED,58,,NOT_STARTED,NOT_BUILT,NOT_TESTED,JPN_PRIMARY; MLG_CN_CONTEXT_AUXILIARY,mechanical template; resource_class=SLOT_OLANG; source_objects=3,你让我失望了，Snake…看来我看错你了…,"[""你让我失望了，Snake…看来我看错你了…""]","You disappoint me, Snake... It seems I misjudged you...","[""You disappoint me, Snake... It seems I misjudged you...""]",AUX_CN_ATTACHED,exact_jpn_slot_page_tag_reference_index;validated_slot_olang_map_entity_identity,master status=AUX_CN_ATTACHED; mapping method=exact_jpn_slot_page_tag_reference_index;validated_slot_olang_map_entity_identity; candidate attached as auxiliary evidence only; verify against JPN and context; auxiliary candidates only; JPN remains authoritative; verify against JPN text and context
5DD2A877,25,35,35;35;35,3,,page4:tag2:entity35:key00000000:ref35:ord0;page10:tag3:entity35:key00000000:ref35:ord0;page292:tag5:entity35:key00000000:ref35:ord0,見込み違いだったな...残念だよ スネーク...,"どうした 状況を報告しろ！　
<R=応答,アクノリッジ>を返せ！","どうした 答えろ！　
せめて状況を報告してからに...ダメか...","<R=応答,アクノリッジ>",,,NOT_CHECKED,82,,NOT_STARTED,NOT_BUILT,NOT_TESTED,JPN_PRIMARY; MLG_CN_CONTEXT_AUXILIARY,mechanical template; resource_class=SLOT_OLANG; source_objects=3,发生了什么？给我一份状态报告！收到请回答！,"[""发生了什么？给我一份状态报告！收到请回答！""]",What's happened? Give me a status report! Acknowledge!,"[""What's happened? Give me a status report! Acknowledge!""]",AUX_CN_ATTACHED,exact_jpn_slot_page_tag_reference_index;validated_slot_olang_map_entity_identity,master status=AUX_CN_ATTACHED; mapping method=exact_jpn_slot_page_tag_reference_index;validated_slot_olang_map_entity_identity; candidate attached as auxiliary evidence only; verify against JPN and context; auxiliary candidates only; JPN remains authoritative; verify against JPN text and context
5DD2A877,26,36,36;36;36,3,,page4:tag2:entity36:key00000000:ref36:ord0;page10:tag3:entity36:key00000000:ref36:ord0;page292:tag5:entity36:key00000000:ref36:ord0,"どうした 状況を報告しろ！　
<R=応答,アクノリッジ>を返せ！","どうした 答えろ！　
せめて状況を報告してからに...ダメか...","何てこと...
これは正しい結果だったのか...？",,,,NOT_CHECKED,83,,NOT_STARTED,NOT_BUILT,NOT_TESTED,JPN_PRIMARY; MLG_CN_CONTEXT_AUXILIARY,mechanical template; resource_class=SLOT_OLANG; source_objects=3,回答我，士兵！至少给我个状态报告…还是说已经太迟了…,"[""回答我，士兵！至少给我个状态报告…还是说已经太迟了…""]","Respond, soldier! At least give me a status report... or is it too late...","[""Respond, soldier! At least give me a status report... or is it too late...""]",AUX_CN_ATTACHED,exact_jpn_slot_page_tag_reference_index;validated_slot_olang_map_entity_identity,master status=AUX_CN_ATTACHED; mapping method=exact_jpn_slot_page_tag_reference_index;validated_slot_olang_map_entity_identity; candidate attached as auxiliary evidence only; verify against JPN and context; auxiliary candidates only; JPN remains authoritative; verify against JPN text and context
5DD2A877,27,37,37;37;37,3,,page4:tag2:entity37:key00000000:ref37:ord0;page10:tag3:entity37:key00000000:ref37:ord0;page292:tag5:entity37:key00000000:ref37:ord0,"どうした 答えろ！　
せめて状況を報告してからに...ダメか...","何てこと...
これは正しい結果だったのか...？","戻ってこい スネーク！　お前の仲間が落ちた
作戦は中止だ！！",,,,NOT_CHECKED,61,,NOT_STARTED,NOT_BUILT,NOT_TESTED,JPN_PRIMARY; MLG_CN_CONTEXT_AUXILIARY,mechanical template; resource_class=SLOT_OLANG; source_objects=3,不…结果不该是这样的…,"[""不…结果不该是这样的…""]",No... This can't be the right outcome...,"[""No... This can't be the right outcome...""]",AUX_CN_ATTACHED,exact_jpn_slot_page_tag_reference_index;validated_slot_olang_map_entity_identity,master status=AUX_CN_ATTACHED; mapping method=exact_jpn_slot_page_tag_reference_index;validated_slot_olang_map_entity_identity; candidate attached as auxiliary evidence only; verify against JPN and context; auxiliary candidates only; JPN remains authoritative; verify against JPN text and context
5DD2A877,28,38,38;38;38,3,,page4:tag2:entity38:key00000000:ref38:ord0;page10:tag3:entity38:key00000000:ref38:ord0;page292:tag5:entity38:key00000000:ref38:ord0,"何てこと...
これは正しい結果だったのか...？","戻ってこい スネーク！　お前の仲間が落ちた
作戦は中止だ！！","戻ってこい お前の仲間が落ちた！　
何してた あの人なら仲間を見捨てはしなかったぞ！",,,,NOT_CHECKED,86,,NOT_STARTED,NOT_BUILT,NOT_TESTED,JPN_PRIMARY; MLG_CN_CONTEXT_AUXILIARY,mechanical template; resource_class=SLOT_OLANG; source_objects=3,返回基地，Snake！你的队友倒下了。任务中止！！,"[""返回基地，Snake！你的队友倒下了。任务中止！！""]","Return to base, Snake! Your teammate's had a fall. The mission is aborted!!","[""Return to base, Snake! Your teammate's had a fall. The mission is aborted!!""]",AUX_CN_ATTACHED,exact_jpn_slot_page_tag_reference_index;validated_slot_olang_map_entity_identity,master status=AUX_CN_ATTACHED; mapping method=exact_jpn_slot_page_tag_reference_index;validated_slot_olang_map_entity_identity; candidate attached as auxiliary evidence only; verify against JPN and context; auxiliary candidates only; JPN remains authoritative; verify against JPN text and context
5DD2A877,29,40,40;40;40,3,,page4:tag2:entity39:key00000000:ref40:ord0;page10:tag3:entity39:key00000000:ref40:ord0;page292:tag5:entity39:key00000000:ref40:ord0,"戻ってこい スネーク！　お前の仲間が落ちた
作戦は中止だ！！","戻ってこい お前の仲間が落ちた！　
何してた あの人なら仲間を見捨てはしなかったぞ！","戻って来るんだ 同行者が落ちた
態勢を立て直せ！",,,,NOT_CHECKED,120,,NOT_STARTED,NOT_BUILT,NOT_TESTED,JPN_PRIMARY; MLG_CN_CONTEXT_AUXILIARY,mechanical template; resource_class=SLOT_OLANG; source_objects=3,返回基地，你的队友倒下了！你当时在哪？,"[""返回基地，你的队友倒下了！你当时在哪？""]","Return to base, your teammate's fallen! Where were you?","[""Return to base, your teammate's fallen! Where were you?""]",AUX_CN_ATTACHED,exact_jpn_slot_page_tag_reference_index;validated_slot_olang_map_entity_identity,master status=AUX_CN_ATTACHED; mapping method=exact_jpn_slot_page_tag_reference_index;validated_slot_olang_map_entity_identity; candidate attached as auxiliary evidence only; verify against JPN and context; auxiliary candidates only; JPN remains authoritative; verify against JPN text and context
5DD2A877,30,41,41;41;41,3,,page4:tag2:entity41:key00000000:ref41:ord0;page10:tag3:entity41:key00000000:ref41:ord0;page292:tag5:entity41:key00000000:ref41:ord0,"戻ってこい お前の仲間が落ちた！　
何してた あの人なら仲間を見捨てはしなかったぞ！","戻って来るんだ 同行者が落ちた
態勢を立て直せ！","作戦は中止だ 同行者が落ちた
...人は脆い...",,,,NOT_CHECKED,68,,NOT_STARTED,NOT_BUILT,NOT_TESTED,JPN_PRIMARY; MLG_CN_CONTEXT_AUXILIARY,mechanical template; resource_class=SLOT_OLANG; source_objects=3,你的同伴倒下了。返回基地重新集结！,"[""你的同伴倒下了。返回基地重新集结！""]",Your companion has fallen. Return to base and regroup!,"[""Your companion has fallen. Return to base and regroup!""]",AUX_CN_ATTACHED,exact_jpn_slot_page_tag_reference_index;validated_slot_olang_map_entity_identity,master status=AUX_CN_ATTACHED; mapping method=exact_jpn_slot_page_tag_reference_index;validated_slot_olang_map_entity_identity; candidate attached as auxiliary evidence only; verify against JPN and context; auxiliary candidates only; JPN remains authoritative; verify against JPN text and context
5DD2A877,31,42,42;42;42,3,,page4:tag2:entity42:key00000000:ref42:ord0;page10:tag3:entity42:key00000000:ref42:ord0;page292:tag5:entity42:key00000000:ref42:ord0,"戻って来るんだ 同行者が落ちた
態勢を立て直せ！","作戦は中止だ 同行者が落ちた
...人は脆い...","スネーク！　ねえ どうしちゃったの？
スネーーーク！！",,,,NOT_CHECKED,59,,NOT_STARTED,NOT_BUILT,NOT_TESTED,JPN_PRIMARY; MLG_CN_CONTEXT_AUXILIARY,mechanical template; resource_class=SLOT_OLANG; source_objects=3,任务中止，你的同伴倒下了。人类真是脆弱的生物…,"[""任务中止，你的同伴倒下了。人类真是脆弱的生物…""]","Mission aborted, your companion's fallen. Humans are such fragile creatures...","[""Mission aborted, your companion's fallen. Humans are such fragile creatures...""]",AUX_CN_ATTACHED,exact_jpn_slot_page_tag_reference_index;validated_slot_olang_map_entity_identity,master status=AUX_CN_ATTACHED; mapping method=exact_jpn_slot_page_tag_reference_index;validated_slot_olang_map_entity_identity; candidate attached as auxiliary evidence only; verify against JPN and context; auxiliary candidates only; JPN remains authoritative; verify against JPN text and context
5DD2A877,32,43,43;43;43,3,,page4:tag2:entity43:key00000000:ref43:ord0;page10:tag3:entity43:key00000000:ref43:ord0;page292:tag5:entity43:key00000000:ref43:ord0,"作戦は中止だ 同行者が落ちた
...人は脆い...","スネーク！　ねえ どうしちゃったの？
スネーーーク！！","スネークどうしたの返事して！　
スネークってば！！",,,,NOT_CHECKED,77,,NOT_STARTED,NOT_BUILT,NOT_TESTED,JPN_PRIMARY; MLG_CN_CONTEXT_AUXILIARY,mechanical template; resource_class=SLOT_OLANG; source_objects=3,Snake！发生了什么？！Snake——！,"[""Snake！发生了什么？！Snake——！""]",Snake! What happened?! Snaaaaaake!,"[""Snake! What happened?! Snaaaaaake!""]",AUX_CN_ATTACHED,exact_jpn_slot_page_tag_reference_index;validated_slot_olang_map_entity_identity,master status=AUX_CN_ATTACHED; mapping method=exact_jpn_slot_page_tag_reference_index;validated_slot_olang_map_entity_identity; candidate attached as auxiliary evidence only; verify against JPN and context; auxiliary candidates only; JPN remains authoritative; verify against JPN text and context
5DD2A877,33,44,44;44;44,3,,page4:tag2:entity44:key00000000:ref44:ord0;page10:tag3:entity44:key00000000:ref44:ord0;page292:tag5:entity44:key00000000:ref44:ord0,"スネーク！　ねえ どうしちゃったの？
スネーーーク！！","スネークどうしたの返事して！　
スネークってば！！","鳥が哭いてる......どうしたのスネーク！　
応答して！！",,,,NOT_CHECKED,73,,NOT_STARTED,NOT_BUILT,NOT_TESTED,JPN_PRIMARY; MLG_CN_CONTEXT_AUXILIARY,mechanical template; resource_class=SLOT_OLANG; source_objects=3,怎么回事？Snake，回答我！Snake——！,"[""怎么回事？Snake，回答我！Snake——！""]","What is going on?  Snake, Answer me! Snaaake!","[""What is going on?  Snake, Answer me! Snaaake!""]",AUX_CN_ATTACHED,exact_jpn_slot_page_tag_reference_index;validated_slot_olang_map_entity_identity,master status=AUX_CN_ATTACHED; mapping method=exact_jpn_slot_page_tag_reference_index;validated_slot_olang_map_entity_identity; candidate attached as auxiliary evidence only; verify against JPN and context; auxiliary candidates only; JPN remains authoritative; verify against JPN text and context
5DD2A877,34,46,46;46;46,3,,page4:tag2:entity45:key00000000:ref46:ord0;page10:tag3:entity45:key00000000:ref46:ord0;page292:tag5:entity45:key00000000:ref46:ord0,"スネークどうしたの返事して！　
スネークってば！！","鳥が哭いてる......どうしたのスネーク！　
応答して！！",いくらでもするから　キョーッキョーッ...,,,,NOT_CHECKED,76,,NOT_STARTED,NOT_BUILT,NOT_TESTED,JPN_PRIMARY; MLG_CN_CONTEXT_AUXILIARY,mechanical template; resource_class=SLOT_OLANG; source_objects=3,鸟儿在哭泣…发生了什么？Snake？,"[""鸟儿在哭泣…发生了什么？Snake？""]",The birds are weeping... What happened?  Snake?  ,"[""The birds are weeping... What happened?  Snake?  ""]",AUX_CN_ATTACHED,exact_jpn_slot_page_tag_reference_index;validated_slot_olang_map_entity_identity,master status=AUX_CN_ATTACHED; mapping method=exact_jpn_slot_page_tag_reference_index;validated_slot_olang_map_entity_identity; candidate attached as auxiliary evidence only; verify against JPN and context; auxiliary candidates only; JPN remains authoritative; verify against JPN text and context
5DD2A877,35,47,47;47;47,3,,page4:tag2:entity48:key00000001:ref47:ord0;page10:tag3:entity48:key00000001:ref47:ord0;page292:tag5:entity48:key00000001:ref47:ord0,"鳥が哭いてる......どうしたのスネーク！　
応答して！！",いくらでもするから　キョーッキョーッ...,"スネーク 立ち上がってお願い！　ずっとせがんでた
ケツァールの鳴き真似してあげるから！",,,,NOT_CHECKED,57,,NOT_STARTED,NOT_BUILT,NOT_TESTED,JPN_PRIMARY; MLG_CN_CONTEXT_AUXILIARY,mechanical template; resource_class=SLOT_OLANG; source_objects=3,来，我给你学一声凤尾绿咬鹃叫！咕噢，咕噢…,"[""来，我给你学一声凤尾绿咬鹃叫！咕噢，咕噢…""]","Here, I'll do a quetzal for you! Kyoooh, kyoooh...","[""Here, I'll do a quetzal for you! Kyoooh, kyoooh...""]",AUX_CN_ATTACHED,exact_jpn_slot_page_tag_reference_index;validated_slot_olang_map_entity_identity,master status=AUX_CN_ATTACHED; mapping method=exact_jpn_slot_page_tag_reference_index;validated_slot_olang_map_entity_identity; candidate attached as auxiliary evidence only; verify against JPN and context; auxiliary candidates only; JPN remains authoritative; verify against JPN text and context
5DD2A877,36,48,48;48;48,3,,page4:tag2:entity47:key00000000:ref48:ord0;page10:tag3:entity47:key00000000:ref48:ord0;page292:tag5:entity47:key00000000:ref48:ord0,いくらでもするから　キョーッキョーッ...,"スネーク 立ち上がってお願い！　ずっとせがんでた
ケツァールの鳴き真似してあげるから！","ねえ 何があったの！？
お願い 答えて......！",,,,NOT_CHECKED,125,,NOT_STARTED,NOT_BUILT,NOT_TESTED,JPN_PRIMARY; MLG_CN_CONTEXT_AUXILIARY,mechanical template; resource_class=SLOT_OLANG; source_objects=3,Snake，快起来，求你了！,"[""Snake，快起来，求你了！""]","Snake, get up, please! ","[""Snake, get up, please! ""]",AUX_CN_ATTACHED,exact_jpn_slot_page_tag_reference_index;validated_slot_olang_map_entity_identity,master status=AUX_CN_ATTACHED; mapping method=exact_jpn_slot_page_tag_reference_index;validated_slot_olang_map_entity_identity; candidate attached as auxiliary evidence only; verify against JPN and context; auxiliary candidates only; JPN remains authoritative; verify against JPN text and context
5DD2A877,37,49,49;49;49,3,,page4:tag2:entity49:key00000000:ref49:ord0;page10:tag3:entity49:key00000000:ref49:ord0;page292:tag5:entity49:key00000000:ref49:ord0,"スネーク 立ち上がってお願い！　ずっとせがんでた
ケツァールの鳴き真似してあげるから！","ねえ 何があったの！？
お願い 答えて......！","応答して ねえ！　ねえったら！！
...どうしちゃったのかしら...",,,,NOT_CHECKED,60,,NOT_STARTED,NOT_BUILT,NOT_TESTED,JPN_PRIMARY; MLG_CN_CONTEXT_AUXILIARY,mechanical template; resource_class=SLOT_OLANG; source_objects=3,喂，发生了什么？！请回答我！,"[""喂，发生了什么？！请回答我！""]","Hey, what happened?! Please, answer me!","[""Hey, what happened?! Please, answer me!""]",AUX_CN_ATTACHED,exact_jpn_slot_page_tag_reference_index;validated_slot_olang_map_entity_identity,master status=AUX_CN_ATTACHED; mapping method=exact_jpn_slot_page_tag_reference_index;validated_slot_olang_map_entity_identity; candidate attached as auxiliary evidence only; verify against JPN and context; auxiliary candidates only; JPN remains authoritative; verify against JPN text and context
5DD2A877,38,50,50;50;50,3,,page4:tag2:entity50:key00000000:ref50:ord0;page10:tag3:entity50:key00000000:ref50:ord0;page292:tag5:entity50:key00000000:ref50:ord0,"ねえ 何があったの！？
お願い 答えて......！","応答して ねえ！　ねえったら！！
...どうしちゃったのかしら...",あなたは...鳥になったの？,,,,NOT_CHECKED,86,,NOT_STARTED,NOT_BUILT,NOT_TESTED,JPN_PRIMARY; MLG_CN_CONTEXT_AUXILIARY,mechanical template; resource_class=SLOT_OLANG; source_objects=3,跟我说说话！你在吗？哦，发生了什么？,"[""跟我说说话！你在吗？哦，发生了什么？""]","Talk to me! Are you there?  Oh, what happened?","[""Talk to me! Are you there?  Oh, what happened?""]",AUX_CN_ATTACHED,exact_jpn_slot_page_tag_reference_index;validated_slot_olang_map_entity_identity,master status=AUX_CN_ATTACHED; mapping method=exact_jpn_slot_page_tag_reference_index;validated_slot_olang_map_entity_identity; candidate attached as auxiliary evidence only; verify against JPN and context; auxiliary candidates only; JPN remains authoritative; verify against JPN text and context
5DD2A877,39,51,51;51;51,3,,page4:tag2:entity51:key00000000:ref51:ord0;page10:tag3:entity51:key00000000:ref51:ord0;page292:tag5:entity51:key00000000:ref51:ord0,"応答して ねえ！　ねえったら！！
...どうしちゃったのかしら...",あなたは...鳥になったの？,"スネーク どうしよう！？
あなたのお友達が落ちちゃった！　戻ってきて！！",,,,NOT_CHECKED,36,,NOT_STARTED,NOT_BUILT,NOT_TESTED,JPN_PRIMARY; MLG_CN_CONTEXT_AUXILIARY,mechanical template; resource_class=SLOT_OLANG; source_objects=3,你…也已经飞向天空了吗？,"[""你…也已经飞向天空了吗？""]",Have you... taken to the skies yourself now?,"[""Have you... taken to the skies yourself now?""]",AUX_CN_ATTACHED,exact_jpn_slot_page_tag_reference_index;validated_slot_olang_map_entity_identity,master status=AUX_CN_ATTACHED; mapping method=exact_jpn_slot_page_tag_reference_index;validated_slot_olang_map_entity_identity; candidate attached as auxiliary evidence only; verify against JPN and context; auxiliary candidates only; JPN remains authoritative; verify against JPN text and context
5DD2A877,40,52,52;52;52,3,,page4:tag2:entity52:key00000000:ref52:ord0;page10:tag3:entity52:key00000000:ref52:ord0;page292:tag5:entity52:key00000000:ref52:ord0,あなたは...鳥になったの？,"スネーク どうしよう！？
あなたのお友達が落ちちゃった！　戻ってきて！！","スネーク 戻って！
今 あなたのお友達が落ちて...人に翼があれば...",,,,NOT_CHECKED,104,,NOT_STARTED,NOT_BUILT,NOT_TESTED,JPN_PRIMARY; MLG_CN_CONTEXT_AUXILIARY,mechanical template; resource_class=SLOT_OLANG; source_objects=3,我们怎么办，Snake？！你的朋友倒下了！立刻回来！,"[""我们怎么办，Snake？！你的朋友倒下了！立刻回来！""]","What do we do, Snake?! Your friend has fallen! Come back immediately!","[""What do we do, Snake?! Your friend has fallen! Come back immediately!""]",AUX_CN_ATTACHED,exact_jpn_slot_page_tag_reference_index;validated_slot_olang_map_entity_identity,master status=AUX_CN_ATTACHED; mapping method=exact_jpn_slot_page_tag_reference_index;validated_slot_olang_map_entity_identity; candidate attached as auxiliary evidence only; verify against JPN and context; auxiliary candidates only; JPN remains authoritative; verify against JPN text and context
5DD2A877,41,53,53;53;53,3,,page4:tag2:entity53:key00000000:ref53:ord0;page10:tag3:entity53:key00000000:ref53:ord0;page292:tag5:entity53:key00000000:ref53:ord0,"スネーク どうしよう！？
あなたのお友達が落ちちゃった！　戻ってきて！！","スネーク 戻って！
今 あなたのお友達が落ちて...人に翼があれば...","急いで戻って！
あなたのお友達が落ちちゃったわよ！！　ああ...",,,,NOT_CHECKED,90,,NOT_STARTED,NOT_BUILT,NOT_TESTED,JPN_PRIMARY; MLG_CN_CONTEXT_AUXILIARY,mechanical template; resource_class=SLOT_OLANG; source_objects=3,回来吧，Snake！你的朋友倒下了…要是人有翅膀就好了…,"[""回来吧，Snake！你的朋友倒下了…要是人有翅膀就好了…""]","Come back, Snake! Your friend has fallen... If only man had wings...","[""Come back, Snake! Your friend has fallen... If only man had wings...""]",AUX_CN_ATTACHED,exact_jpn_slot_page_tag_reference_index;validated_slot_olang_map_entity_identity,master status=AUX_CN_ATTACHED; mapping method=exact_jpn_slot_page_tag_reference_index;validated_slot_olang_map_entity_identity; candidate attached as auxiliary evidence only; verify against JPN and context; auxiliary candidates only; JPN remains authoritative; verify against JPN text and context
5DD2A877,42,54,54;54;54,3,,page4:tag2:entity54:key00000000:ref54:ord0;page10:tag3:entity54:key00000000:ref54:ord0;page292:tag5:entity54:key00000000:ref54:ord0,"スネーク 戻って！
今 あなたのお友達が落ちて...人に翼があれば...","急いで戻って！
あなたのお友達が落ちちゃったわよ！！　ああ...","そんな 嘘でしょ...
今 あなたのお友達が落ちて...戻って来て！！",,,,NOT_CHECKED,88,,NOT_STARTED,NOT_BUILT,NOT_TESTED,JPN_PRIMARY; MLG_CN_CONTEXT_AUXILIARY,mechanical template; resource_class=SLOT_OLANG; source_objects=3,快回来！你的朋友倒下了！哦，我的上帝…,"[""快回来！你的朋友倒下了！哦，我的上帝…""]",Hurry back! Your friend has fallen! Oh mon Dieu...,"[""Hurry back! Your friend has fallen! Oh mon Dieu...""]",AUX_CN_ATTACHED,exact_jpn_slot_page_tag_reference_index;validated_slot_olang_map_entity_identity,master status=AUX_CN_ATTACHED; mapping method=exact_jpn_slot_page_tag_reference_index;validated_slot_olang_map_entity_identity; candidate attached as auxiliary evidence only; verify against JPN and context; auxiliary candidates only; JPN remains authoritative; verify against JPN text and context
5DD2A877,43,55,55;55;55,3,,page4:tag2:entity55:key00000000:ref55:ord0;page10:tag3:entity55:key00000000:ref55:ord0;page292:tag5:entity55:key00000000:ref55:ord0,"急いで戻って！
あなたのお友達が落ちちゃったわよ！！　ああ...","そんな 嘘でしょ...
今 あなたのお友達が落ちて...戻って来て！！","スネーク どうしたんだよ！？
答えてくれよ スネーーーク！！",,,,NOT_CHECKED,87,,NOT_STARTED,NOT_BUILT,NOT_TESTED,JPN_PRIMARY; MLG_CN_CONTEXT_AUXILIARY,mechanical template; resource_class=SLOT_OLANG; source_objects=3,我不敢相信…你的朋友倒下了…回来吧！,"[""我不敢相信…你的朋友倒下了…回来吧！""]",I cannot believe this... Your friend has fallen... Come back!,"[""I cannot believe this... Your friend has fallen... Come back!""]",AUX_CN_ATTACHED,exact_jpn_slot_page_tag_reference_index;validated_slot_olang_map_entity_identity,master status=AUX_CN_ATTACHED; mapping method=exact_jpn_slot_page_tag_reference_index;validated_slot_olang_map_entity_identity; candidate attached as auxiliary evidence only; verify against JPN and context; auxiliary candidates only; JPN remains authoritative; verify against JPN text and context
5DD2A877,44,56,56;56;56,3,,page4:tag2:entity56:key00000000:ref56:ord0;page10:tag3:entity56:key00000000:ref56:ord0;page292:tag5:entity56:key00000000:ref56:ord0,"そんな 嘘でしょ...
今 あなたのお友達が落ちて...戻って来て！！","スネーク どうしたんだよ！？
答えてくれよ スネーーーク！！","スネーク 答えてくれよ！
一緒にUMAを探すんだろ！？スネーーーク！！",,,,NOT_CHECKED,84,,NOT_STARTED,NOT_BUILT,NOT_TESTED,JPN_PRIMARY; MLG_CN_CONTEXT_AUXILIARY,mechanical template; resource_class=SLOT_OLANG; source_objects=3,Snake，发生了什么？！回答我！Snake——！,"[""Snake，发生了什么？！回答我！Snake——！""]","Snake, what happened?! Answer me! Snaaaaake!","[""Snake, what happened?! Answer me! Snaaaaake!""]",AUX_CN_ATTACHED,exact_jpn_slot_page_tag_reference_index;validated_slot_olang_map_entity_identity,master status=AUX_CN_ATTACHED; mapping method=exact_jpn_slot_page_tag_reference_index;validated_slot_olang_map_entity_identity; candidate attached as auxiliary evidence only; verify against JPN and context; auxiliary candidates only; JPN remains authoritative; verify against JPN text and context
5DD2A877,45,57,57;57;57,3,,page4:tag2:entity57:key00000000:ref57:ord0;page10:tag3:entity57:key00000000:ref57:ord0;page292:tag5:entity57:key00000000:ref57:ord0,"スネーク どうしたんだよ！？
答えてくれよ スネーーーク！！","スネーク 答えてくれよ！
一緒にUMAを探すんだろ！？スネーーーク！！","嘘だろスネーク！？
俺たちを置いて...！スネーーーーク！！",,,,NOT_CHECKED,95,,NOT_STARTED,NOT_BUILT,NOT_TESTED,JPN_PRIMARY; MLG_CN_CONTEXT_AUXILIARY,mechanical template; resource_class=SLOT_OLANG; source_objects=3,Snake！怎么回事？我们还要一起寻找未知生物呢！Snake——！,"[""Snake！怎么回事？我们还要一起寻找未知生物呢！Snake——！""]",Snake! What's going on? We still gotta look for UMAs together! Snaaaaake!,"[""Snake! What's going on? We still gotta look for UMAs together! Snaaaaake!""]",AUX_CN_ATTACHED,exact_jpn_slot_page_tag_reference_index;validated_slot_olang_map_entity_identity,master status=AUX_CN_ATTACHED; mapping method=exact_jpn_slot_page_tag_reference_index;validated_slot_olang_map_entity_identity; candidate attached as auxiliary evidence only; verify against JPN and context; auxiliary candidates only; JPN remains authoritative; verify against JPN text and context
5DD2A877,46,58,58;58;58,3,,page4:tag2:entity58:key00000000:ref58:ord0;page10:tag3:entity58:key00000000:ref58:ord0;page292:tag5:entity58:key00000000:ref58:ord0,"スネーク 答えてくれよ！
一緒にUMAを探すんだろ！？スネーーーク！！","嘘だろスネーク！？
俺たちを置いて...！スネーーーーク！！","一体どうしたんだ！？ねえ 応答してくれよ！
頼むよ！！",,,,NOT_CHECKED,82,,NOT_STARTED,NOT_BUILT,NOT_TESTED,JPN_PRIMARY; MLG_CN_CONTEXT_AUXILIARY,mechanical template; resource_class=SLOT_OLANG; source_objects=3,拜托，Snake！你不能就这样丢下我们！Snake——！,"[""拜托，Snake！你不能就这样丢下我们！Snake——！""]","Come on, Snake! You can't just leave us like this! Snaaaaaaake!","[""Come on, Snake! You can't just leave us like this! Snaaaaaaake!""]",AUX_CN_ATTACHED,exact_jpn_slot_page_tag_reference_index;validated_slot_olang_map_entity_identity,master status=AUX_CN_ATTACHED; mapping method=exact_jpn_slot_page_tag_reference_index;validated_slot_olang_map_entity_identity; candidate attached as auxiliary evidence only; verify against JPN and context; auxiliary candidates only; JPN remains authoritative; verify against JPN text and context
5DD2A877,47,59,59;59;59,3,,page4:tag2:entity59:key00000000:ref59:ord0;page10:tag3:entity59:key00000000:ref59:ord0;page292:tag5:entity59:key00000000:ref59:ord0,"嘘だろスネーク！？
俺たちを置いて...！スネーーーーク！！","一体どうしたんだ！？ねえ 応答してくれよ！
頼むよ！！","どうしたんだよ一体！
ねえ ねえったら......！",,,,NOT_CHECKED,77,,NOT_STARTED,NOT_BUILT,NOT_TESTED,JPN_PRIMARY; MLG_CN_CONTEXT_AUXILIARY,mechanical template; resource_class=SLOT_OLANG; source_objects=3,到底发生了什么？！跟我说说话！求你了！,"[""到底发生了什么？！跟我说说话！求你了！""]",What the heck happened?! Talk to me! Please!,"[""What the heck happened?! Talk to me! Please!""]",AUX_CN_ATTACHED,exact_jpn_slot_page_tag_reference_index;validated_slot_olang_map_entity_identity,master status=AUX_CN_ATTACHED; mapping method=exact_jpn_slot_page_tag_reference_index;validated_slot_olang_map_entity_identity; candidate attached as auxiliary evidence only; verify against JPN and context; auxiliary candidates only; JPN remains authoritative; verify against JPN text and context
5DD2A877,48,60,60;60;60,3,,page4:tag2:entity60:key00000000:ref60:ord0;page10:tag3:entity60:key00000000:ref60:ord0;page292:tag5:entity60:key00000000:ref60:ord0,"一体どうしたんだ！？ねえ 応答してくれよ！
頼むよ！！","どうしたんだよ一体！
ねえ ねえったら......！","答えてくれよ！
一緒に<R= 祖国 ,ニカラグア>に帰るんだろ！？　なあ...！",,,,NOT_CHECKED,62,,NOT_STARTED,NOT_BUILT,NOT_TESTED,JPN_PRIMARY; MLG_CN_CONTEXT_AUXILIARY,mechanical template; resource_class=SLOT_OLANG; source_objects=3,怎么回事？！你还能听到我吗？请回话！,"[""怎么回事？！你还能听到我吗？请回话！""]",What's going on?! Can you still hear me? Come in!,"[""What's going on?! Can you still hear me? Come in!""]",AUX_CN_ATTACHED,exact_jpn_slot_page_tag_reference_index;validated_slot_olang_map_entity_identity,master status=AUX_CN_ATTACHED; mapping method=exact_jpn_slot_page_tag_reference_index;validated_slot_olang_map_entity_identity; candidate attached as auxiliary evidence only; verify against JPN and context; auxiliary candidates only; JPN remains authoritative; verify against JPN text and context
5DD2A877,49,62,62;62;62,3,,page4:tag2:entity61:key00000000:ref62:ord0;page10:tag3:entity61:key00000000:ref62:ord0;page292:tag5:entity61:key00000000:ref62:ord0,"どうしたんだよ一体！
ねえ ねえったら......！","答えてくれよ！
一緒に<R= 祖国 ,ニカラグア>に帰るんだろ！？　なあ...！","戻ってきて スネーク！作戦は中止だよ
...仲間が落ちちゃったんだ...","<R= 祖国 ,ニカラグア>",,,NOT_CHECKED,98,,NOT_STARTED,NOT_BUILT,NOT_TESTED,JPN_PRIMARY; MLG_CN_CONTEXT_AUXILIARY,mechanical template; resource_class=SLOT_OLANG; source_objects=3,我们原本要一起回尼加拉瓜的！,"[""我们原本要一起回尼加拉瓜的！""]",We were going to go back to Nicaragua together!,"[""We were going to go back to Nicaragua together!""]",AUX_CN_ATTACHED,exact_jpn_slot_page_tag_reference_index;validated_slot_olang_map_entity_identity,master status=AUX_CN_ATTACHED; mapping method=exact_jpn_slot_page_tag_reference_index;validated_slot_olang_map_entity_identity; candidate attached as auxiliary evidence only; verify against JPN and context; auxiliary candidates only; JPN remains authoritative; verify against JPN text and context
5DD2A877,50,63,63;63;63,3,,page4:tag2:entity63:key00000000:ref63:ord0;page10:tag3:entity63:key00000000:ref63:ord0;page292:tag5:entity63:key00000000:ref63:ord0,"答えてくれよ！
一緒に<R= 祖国 ,ニカラグア>に帰るんだろ！？　なあ...！","戻ってきて スネーク！作戦は中止だよ
...仲間が落ちちゃったんだ...","仲間が落ちちゃった...戻ってきてスネーク
どうしてちゃんと見てなかったんだよ！？",,,,NOT_CHECKED,92,,NOT_STARTED,NOT_BUILT,NOT_TESTED,JPN_PRIMARY; MLG_CN_CONTEXT_AUXILIARY,mechanical template; resource_class=SLOT_OLANG; source_objects=3,返回基地，Snake！任务中止了。你的搭档倒下了…,"[""返回基地，Snake！任务中止了。你的搭档倒下了…""]","Return to base, Snake! The mission's aborted. Your partner took a fall...","[""Return to base, Snake! The mission's aborted. Your partner took a fall...""]",AUX_CN_ATTACHED,exact_jpn_slot_page_tag_reference_index;validated_slot_olang_map_entity_identity,master status=AUX_CN_ATTACHED; mapping method=exact_jpn_slot_page_tag_reference_index;validated_slot_olang_map_entity_identity; candidate attached as auxiliary evidence only; verify against JPN and context; auxiliary candidates only; JPN remains authoritative; verify against JPN text and context
5DD2A877,51,65,65;65;65,3,,page4:tag2:entity64:key00000000:ref65:ord0;page10:tag3:entity64:key00000000:ref65:ord0;page292:tag5:entity64:key00000000:ref65:ord0,"戻ってきて スネーク！作戦は中止だよ
...仲間が落ちちゃったんだ...","仲間が落ちちゃった...戻ってきてスネーク
どうしてちゃんと見てなかったんだよ！？","まだだ！
まだ終わってなーい！",,,,NOT_CHECKED,115,,NOT_STARTED,NOT_BUILT,NOT_TESTED,JPN_PRIMARY; MLG_CN_CONTEXT_AUXILIARY,mechanical template; resource_class=SLOT_OLANG; source_objects=3,你的搭档倒下了…最好回来吧，Snake。,"[""你的搭档倒下了…最好回来吧，Snake。""]","Your partner took a fall... Better come back, Snake.","[""Your partner took a fall... Better come back, Snake.""]",AUX_CN_ATTACHED,exact_jpn_slot_page_tag_reference_index;validated_slot_olang_map_entity_identity,master status=AUX_CN_ATTACHED; mapping method=exact_jpn_slot_page_tag_reference_index;validated_slot_olang_map_entity_identity; candidate attached as auxiliary evidence only; verify against JPN and context; auxiliary candidates only; JPN remains authoritative; verify against JPN text and context
5DD2A877,52,66,66;66;66,3,,page4:tag2:entity66:key00000000:ref66:ord0;page10:tag3:entity66:key00000000:ref66:ord0;page292:tag5:entity66:key00000000:ref66:ord0,"仲間が落ちちゃった...戻ってきてスネーク
どうしてちゃんと見てなかったんだよ！？","まだだ！
まだ終わってなーい！","<R=同志,コンパ>が落ちた！
一旦戻ってきて態勢を立て直すんだ",,,,NOT_CHECKED,43,,NOT_STARTED,NOT_BUILT,NOT_TESTED,JPN_PRIMARY; MLG_CN_CONTEXT_AUXILIARY,mechanical template; resource_class=SLOT_OLANG; source_objects=3,不！还不能就这么结束！,"[""不！还不能就这么结束！""]",No! It can't be over yet!,"[""No! It can't be over yet!""]",AUX_CN_ATTACHED,exact_jpn_slot_page_tag_reference_index;validated_slot_olang_map_entity_identity,master status=AUX_CN_ATTACHED; mapping method=exact_jpn_slot_page_tag_reference_index;validated_slot_olang_map_entity_identity; candidate attached as auxiliary evidence only; verify against JPN and context; auxiliary candidates only; JPN remains authoritative; verify against JPN text and context
5DD2A877,53,67,67;67;67,3,,page4:tag2:entity67:key00000000:ref67:ord0;page10:tag3:entity67:key00000000:ref67:ord0;page292:tag5:entity67:key00000000:ref67:ord0,"まだだ！
まだ終わってなーい！","<R=同志,コンパ>が落ちた！
一旦戻ってきて態勢を立て直すんだ","スネーク どうしたの！？　
答えて スネーーーーク！！","<R=同志,コンパ>",,,NOT_CHECKED,84,,NOT_STARTED,NOT_BUILT,NOT_TESTED,JPN_PRIMARY; MLG_CN_CONTEXT_AUXILIARY,mechanical template; resource_class=SLOT_OLANG; source_objects=3,返回基地！有同伴倒下了！我们得重新整顿。,"[""返回基地！有同伴倒下了！我们得重新整顿。""]",Return to base! A compa fell! We gotta reorganize things.,"[""Return to base! A compa fell! We gotta reorganize things.""]",AUX_CN_ATTACHED,exact_jpn_slot_page_tag_reference_index;validated_slot_olang_map_entity_identity,master status=AUX_CN_ATTACHED; mapping method=exact_jpn_slot_page_tag_reference_index;validated_slot_olang_map_entity_identity; candidate attached as auxiliary evidence only; verify against JPN and context; auxiliary candidates only; JPN remains authoritative; verify against JPN text and context
5DD2A877,54,68,68;68;68,3,,page4:tag2:entity68:key00000000:ref68:ord0;page10:tag3:entity68:key00000000:ref68:ord0;page292:tag5:entity68:key00000000:ref68:ord0,"<R=同志,コンパ>が落ちた！
一旦戻ってきて態勢を立て直すんだ","スネーク どうしたの！？　
答えて スネーーーーク！！","嘘でしょスネーク...こんなの嫌...
答えて スネーーク！",,,,NOT_CHECKED,75,,NOT_STARTED,NOT_BUILT,NOT_TESTED,JPN_PRIMARY; MLG_CN_CONTEXT_AUXILIARY,mechanical template; resource_class=SLOT_OLANG; source_objects=3,Snake，发生什么事了？！说句话啊！Snaaaaaaake！,"[""Snake，发生什么事了？！说句话啊！Snaaaaaaake！""]","Snake, what happened?! Say something! Snaaaaaaake!","[""Snake, what happened?! Say something! Snaaaaaaake!""]",AUX_CN_ATTACHED,exact_jpn_slot_page_tag_reference_index;validated_slot_olang_map_entity_identity,master status=AUX_CN_ATTACHED; mapping method=exact_jpn_slot_page_tag_reference_index;validated_slot_olang_map_entity_identity; candidate attached as auxiliary evidence only; verify against JPN and context; auxiliary candidates only; JPN remains authoritative; verify against JPN text and context
5DD2A877,55,69,69;69;69,3,,page4:tag2:entity69:key00000000:ref69:ord0;page10:tag3:entity69:key00000000:ref69:ord0;page292:tag5:entity69:key00000000:ref69:ord0,"スネーク どうしたの！？　
答えて スネーーーーク！！","嘘でしょスネーク...こんなの嫌...
答えて スネーーク！","スネークお願い あなたが倒れたら 
コスタリカの平和は...応答して スネーク！！",,,,NOT_CHECKED,74,,NOT_STARTED,NOT_BUILT,NOT_TESTED,JPN_PRIMARY; MLG_CN_CONTEXT_AUXILIARY,mechanical template; resource_class=SLOT_OLANG; source_objects=3,这不可能…告诉我你没事，Snake！Snaaaake！,"[""这不可能…告诉我你没事，Snake！Snaaaake！""]","This can't be happening... Tell me you're OK, Snake! Snaaaake!","[""This can't be happening... Tell me you're OK, Snake! Snaaaake!""]",AUX_CN_ATTACHED,exact_jpn_slot_page_tag_reference_index;validated_slot_olang_map_entity_identity,master status=AUX_CN_ATTACHED; mapping method=exact_jpn_slot_page_tag_reference_index;validated_slot_olang_map_entity_identity; candidate attached as auxiliary evidence only; verify against JPN and context; auxiliary candidates only; JPN remains authoritative; verify against JPN text and context
5DD2A877,56,70,70;70;70,3,,page4:tag2:entity70:key00000000:ref70:ord0;page10:tag3:entity70:key00000000:ref70:ord0;page292:tag5:entity70:key00000000:ref70:ord0,"嘘でしょスネーク...こんなの嫌...
答えて スネーーク！","スネークお願い あなたが倒れたら 
コスタリカの平和は...応答して スネーク！！","どうしたの！？　
応答して！　お願い！！",,,,NOT_CHECKED,109,,NOT_STARTED,NOT_BUILT,NOT_TESTED,JPN_PRIMARY; MLG_CN_CONTEXT_AUXILIARY,mechanical template; resource_class=SLOT_OLANG; source_objects=3,站起来，Snake！没有你，哥斯达黎加就完了！Snaaake！,"[""站起来，Snake！没有你，哥斯达黎加就完了！Snaaake！""]","Get up, Snake! Without you, Costa Rica's finished! Snaaake!","[""Get up, Snake! Without you, Costa Rica's finished! Snaaake!""]",AUX_CN_ATTACHED,exact_jpn_slot_page_tag_reference_index;validated_slot_olang_map_entity_identity,master status=AUX_CN_ATTACHED; mapping method=exact_jpn_slot_page_tag_reference_index;validated_slot_olang_map_entity_identity; candidate attached as auxiliary evidence only; verify against JPN and context; auxiliary candidates only; JPN remains authoritative; verify against JPN text and context
5DD2A877,57,71,71;71;71,3,,page4:tag2:entity71:key00000000:ref71:ord0;page10:tag3:entity71:key00000000:ref71:ord0;page292:tag5:entity71:key00000000:ref71:ord0,"スネークお願い あなたが倒れたら 
コスタリカの平和は...応答して スネーク！！","どうしたの！？　
応答して！　お願い！！","応答して！　ねえ！！　
もう人が死ぬのはいや...！！",,,,NOT_CHECKED,58,,NOT_STARTED,NOT_BUILT,NOT_TESTED,JPN_PRIMARY; MLG_CN_CONTEXT_AUXILIARY,mechanical template; resource_class=SLOT_OLANG; source_objects=3,发生什么事了？！说句话啊！,"[""发生什么事了？！说句话啊！""]",What happened?! Say something!,"[""What happened?! Say something!""]",AUX_CN_ATTACHED,exact_jpn_slot_page_tag_reference_index;validated_slot_olang_map_entity_identity,master status=AUX_CN_ATTACHED; mapping method=exact_jpn_slot_page_tag_reference_index;validated_slot_olang_map_entity_identity; candidate attached as auxiliary evidence only; verify against JPN and context; auxiliary candidates only; JPN remains authoritative; verify against JPN text and context
5DD2A877,58,72,72;72;72,3,,page4:tag2:entity72:key00000000:ref72:ord0;page10:tag3:entity72:key00000000:ref72:ord0;page292:tag5:entity72:key00000000:ref72:ord0,"どうしたの！？　
応答して！　お願い！！","応答して！　ねえ！！　
もう人が死ぬのはいや...！！","お願い 立ち上がって...
一緒にコスタリカの平和を守って...！",,,,NOT_CHECKED,73,,NOT_STARTED,NOT_BUILT,NOT_TESTED,JPN_PRIMARY; MLG_CN_CONTEXT_AUXILIARY,mechanical template; resource_class=SLOT_OLANG; source_objects=3,不，别告诉我…我不想再看到任何人牺牲！,"[""不，别告诉我…我不想再看到任何人牺牲！""]","No, don't tell me... I don't want to see anyone else die!","[""No, don't tell me... I don't want to see anyone else die!""]",AUX_CN_ATTACHED,exact_jpn_slot_page_tag_reference_index;validated_slot_olang_map_entity_identity,master status=AUX_CN_ATTACHED; mapping method=exact_jpn_slot_page_tag_reference_index;validated_slot_olang_map_entity_identity; candidate attached as auxiliary evidence only; verify against JPN and context; auxiliary candidates only; JPN remains authoritative; verify against JPN text and context
5DD2A877,59,73,73;73;73,3,,page4:tag2:entity73:key00000000:ref73:ord0;page10:tag3:entity73:key00000000:ref73:ord0;page292:tag5:entity73:key00000000:ref73:ord0,"応答して！　ねえ！！　
もう人が死ぬのはいや...！！","お願い 立ち上がって...
一緒にコスタリカの平和を守って...！","スネーク 何があったんだい！？　
応答してくれ スネーーーク！！",,,,NOT_CHECKED,83,,NOT_STARTED,NOT_BUILT,NOT_TESTED,JPN_PRIMARY; MLG_CN_CONTEXT_AUXILIARY,mechanical template; resource_class=SLOT_OLANG; source_objects=3,求你了，站起来！哥斯达黎加需要你！,"[""求你了，站起来！哥斯达黎加需要你！""]","Please, get up! Costa Rica needs you!","[""Please, get up! Costa Rica needs you!""]",AUX_CN_ATTACHED,exact_jpn_slot_page_tag_reference_index;validated_slot_olang_map_entity_identity,master status=AUX_CN_ATTACHED; mapping method=exact_jpn_slot_page_tag_reference_index;validated_slot_olang_map_entity_identity; candidate attached as auxiliary evidence only; verify against JPN and context; auxiliary candidates only; JPN remains authoritative; verify against JPN text and context
5DD2A877,60,74,74;74;74,3,,page4:tag2:entity74:key00000000:ref74:ord0;page10:tag3:entity74:key00000000:ref74:ord0;page292:tag5:entity74:key00000000:ref74:ord0,"お願い 立ち上がって...
一緒にコスタリカの平和を守って...！","スネーク 何があったんだい！？　
応答してくれ スネーーーク！！","スネーク どうしたんだ！　君の力はこんなものじゃ
ないだろう！？　スネーーーク！！",,,,NOT_CHECKED,90,,NOT_STARTED,NOT_BUILT,NOT_TESTED,JPN_PRIMARY; MLG_CN_CONTEXT_AUXILIARY,mechanical template; resource_class=SLOT_OLANG; source_objects=3,Snake，发生什么事了？回答我！SNA-A-AKE！！,"[""Snake，发生什么事了？回答我！SNA-A-AKE！！""]","Snake, what happened? Answer me! SNA-A-AKE!!","[""Snake, what happened? Answer me! SNA-A-AKE!!""]",AUX_CN_ATTACHED,exact_jpn_slot_page_tag_reference_index;validated_slot_olang_map_entity_identity,master status=AUX_CN_ATTACHED; mapping method=exact_jpn_slot_page_tag_reference_index;validated_slot_olang_map_entity_identity; candidate attached as auxiliary evidence only; verify against JPN and context; auxiliary candidates only; JPN remains authoritative; verify against JPN text and context
5DD2A877,61,75,75;75;75,3,,page4:tag2:entity75:key00000000:ref75:ord0;page10:tag3:entity75:key00000000:ref75:ord0;page292:tag5:entity75:key00000000:ref75:ord0,"スネーク 何があったんだい！？　
応答してくれ スネーーーク！！","スネーク どうしたんだ！　君の力はこんなものじゃ
ないだろう！？　スネーーーク！！","スネーク しっかりしてくれ！ 誰がピースウォーカーを
止めるんだ！？　スネーーーーク！！",,,,NOT_CHECKED,119,,NOT_STARTED,NOT_BUILT,NOT_TESTED,JPN_PRIMARY; MLG_CN_CONTEXT_AUXILIARY,mechanical template; resource_class=SLOT_OLANG; source_objects=3,Snake，你没事吧？！振作点！SNA-A-AKE！！,"[""Snake，你没事吧？！振作点！SNA-A-AKE！！""]","Snake, you OK?! C'mon, shake it off! SNA-A-AKE!!","[""Snake, you OK?! C'mon, shake it off! SNA-A-AKE!!""]",AUX_CN_ATTACHED,exact_jpn_slot_page_tag_reference_index;validated_slot_olang_map_entity_identity,master status=AUX_CN_ATTACHED; mapping method=exact_jpn_slot_page_tag_reference_index;validated_slot_olang_map_entity_identity; candidate attached as auxiliary evidence only; verify against JPN and context; auxiliary candidates only; JPN remains authoritative; verify against JPN text and context
5DD2A877,62,77,77;77;77,3,,page4:tag2:entity76:key00000000:ref77:ord0;page10:tag3:entity76:key00000000:ref77:ord0;page292:tag5:entity76:key00000000:ref77:ord0,"スネーク どうしたんだ！　君の力はこんなものじゃ
ないだろう！？　スネーーーク！！","スネーク しっかりしてくれ！ 誰がピースウォーカーを
止めるんだ！？　スネーーーーク！！","スネーク！　立ち上がってくれスネーク！！　
せめて手紙を渡してから...",,,,NOT_CHECKED,126,,NOT_STARTED,NOT_BUILT,NOT_TESTED,JPN_PRIMARY; MLG_CN_CONTEXT_AUXILIARY,mechanical template; resource_class=SLOT_OLANG; source_objects=3,别死啊，Snake！现在还有谁能阻止和平行者？！,"[""别死啊，Snake！现在还有谁能阻止和平行者？！""]","Don't die on me, Snake! Who's gonna stop Peace Walker now?!","[""Don't die on me, Snake! Who's gonna stop Peace Walker now?!""]",AUX_CN_ATTACHED,exact_jpn_slot_page_tag_reference_index;validated_slot_olang_map_entity_identity,master status=AUX_CN_ATTACHED; mapping method=exact_jpn_slot_page_tag_reference_index;validated_slot_olang_map_entity_identity; candidate attached as auxiliary evidence only; verify against JPN and context; auxiliary candidates only; JPN remains authoritative; verify against JPN text and context
5DD2A877,63,79,79;79;79,3,,page4:tag2:entity78:key00000000:ref79:ord0;page10:tag3:entity78:key00000000:ref79:ord0;page292:tag5:entity78:key00000000:ref79:ord0,"スネーク しっかりしてくれ！ 誰がピースウォーカーを
止めるんだ！？　スネーーーーク！！","スネーク！　立ち上がってくれスネーク！！　
せめて手紙を渡してから...","どうした 何があったんだ？　
回路は生きてるだろ 応答してくれ！",,,,NOT_CHECKED,100,,NOT_STARTED,NOT_BUILT,NOT_TESTED,JPN_PRIMARY; MLG_CN_CONTEXT_AUXILIARY,mechanical template; resource_class=SLOT_OLANG; source_objects=3,Snake！站起来，Snake！,"[""Snake！站起来，Snake！""]","Snake! Get up, Snake!","[""Snake! Get up, Snake!""]",AUX_CN_ATTACHED,exact_jpn_slot_page_tag_reference_index;validated_slot_olang_map_entity_identity,master status=AUX_CN_ATTACHED; mapping method=exact_jpn_slot_page_tag_reference_index;validated_slot_olang_map_entity_identity; candidate attached as auxiliary evidence only; verify against JPN and context; auxiliary candidates only; JPN remains authoritative; verify against JPN text and context
5DD2A877,64,81,81;81;81,3,,page4:tag2:entity80:key00000000:ref81:ord0;page10:tag3:entity80:key00000000:ref81:ord0;page292:tag5:entity80:key00000000:ref81:ord0,"スネーク！　立ち上がってくれスネーク！！　
せめて手紙を渡してから...","どうした 何があったんだ？　
回路は生きてるだろ 応答してくれ！","どうした 応答してくれ！　
世界が核の炎に包まれてもいいのか...！？",,,,NOT_CHECKED,90,,NOT_STARTED,NOT_BUILT,NOT_TESTED,JPN_PRIMARY; MLG_CN_CONTEXT_AUXILIARY,mechanical template; resource_class=SLOT_OLANG; source_objects=3,发生什么事了？你没事吧？,"[""发生什么事了？你没事吧？""]",What happened? Are you OK?,"[""What happened? Are you OK?""]",AUX_CN_ATTACHED,exact_jpn_slot_page_tag_reference_index;validated_slot_olang_map_entity_identity,master status=AUX_CN_ATTACHED; mapping method=exact_jpn_slot_page_tag_reference_index;validated_slot_olang_map_entity_identity; candidate attached as auxiliary evidence only; verify against JPN and context; auxiliary candidates only; JPN remains authoritative; verify against JPN text and context
5DD2A877,65,83,83;83;83,3,,page4:tag2:entity82:key00000000:ref83:ord0;page10:tag3:entity82:key00000000:ref83:ord0;page292:tag5:entity82:key00000000:ref83:ord0,"どうした 何があったんだ？　
回路は生きてるだろ 応答してくれ！","どうした 応答してくれ！　
世界が核の炎に包まれてもいいのか...！？",すまない...僕が作った兵器のせいで...,,,,NOT_CHECKED,95,,NOT_STARTED,NOT_BUILT,NOT_TESTED,JPN_PRIMARY; MLG_CN_CONTEXT_AUXILIARY,mechanical template; resource_class=SLOT_OLANG; source_objects=3,怎么回事？回应！,"[""怎么回事？回应！""]",What's going on? Respond!,"[""What's going on? Respond!""]",AUX_CN_ATTACHED,exact_jpn_slot_page_tag_reference_index;validated_slot_olang_map_entity_identity,master status=AUX_CN_ATTACHED; mapping method=exact_jpn_slot_page_tag_reference_index;validated_slot_olang_map_entity_identity; candidate attached as auxiliary evidence only; verify against JPN and context; auxiliary candidates only; JPN remains authoritative; verify against JPN text and context
5DD2A877,66,84,84;84;84,3,,page4:tag2:entity84:key00000000:ref84:ord0;page10:tag3:entity84:key00000000:ref84:ord0;page292:tag5:entity84:key00000000:ref84:ord0,"どうした 応答してくれ！　
世界が核の炎に包まれてもいいのか...！？",すまない...僕が作った兵器のせいで...,"何があったんだ スネーク！
スネーーーークっ！！",,,,NOT_CHECKED,51,,NOT_STARTED,NOT_BUILT,NOT_TESTED,JPN_PRIMARY; MLG_CN_CONTEXT_AUXILIARY,mechanical template; resource_class=SLOT_OLANG; source_objects=3,被我自己创造的东西…请原谅我…,"[""被我自己创造的东西…请原谅我…""]",By my own creation... Please forgive me...,"[""By my own creation... Please forgive me...""]",AUX_CN_ATTACHED,exact_jpn_slot_page_tag_reference_index;validated_slot_olang_map_entity_identity,master status=AUX_CN_ATTACHED; mapping method=exact_jpn_slot_page_tag_reference_index;validated_slot_olang_map_entity_identity; candidate attached as auxiliary evidence only; verify against JPN and context; auxiliary candidates only; JPN remains authoritative; verify against JPN text and context
5DD2A877,67,85,85;85;85,3,,page4:tag2:entity85:key00000000:ref85:ord0;page10:tag3:entity85:key00000000:ref85:ord0;page292:tag5:entity85:key00000000:ref85:ord0,すまない...僕が作った兵器のせいで...,"何があったんだ スネーク！
スネーーーークっ！！","スネーク 応答してくれ！
スネーーーーークっ！！",,,,NOT_CHECKED,68,,NOT_STARTED,NOT_BUILT,NOT_TESTED,JPN_PRIMARY; MLG_CN_CONTEXT_AUXILIARY,mechanical template; resource_class=SLOT_OLANG; source_objects=3,"发生什么事了，Snake？！
Snake！","[""发生什么事了，Snake？！\nSnake！""]","What happened, Snake?!
Snake!","[""What happened, Snake?!\nSnake!""]",AUX_CN_ATTACHED,exact_jpn_slot_page_tag_reference_index;validated_slot_olang_map_entity_identity,master status=AUX_CN_ATTACHED; mapping method=exact_jpn_slot_page_tag_reference_index;validated_slot_olang_map_entity_identity; candidate attached as auxiliary evidence only; verify against JPN and context; auxiliary candidates only; JPN remains authoritative; verify against JPN text and context
5DD2A877,68,86,86;86;86,3,,page4:tag2:entity86:key00000000:ref86:ord0;page10:tag3:entity86:key00000000:ref86:ord0;page292:tag5:entity86:key00000000:ref86:ord0,"何があったんだ スネーク！
スネーーーークっ！！","スネーク 応答してくれ！
スネーーーーークっ！！","大丈夫か！？　
スネーク！　スネーーークっ！！",,,,NOT_CHECKED,68,,NOT_STARTED,NOT_BUILT,NOT_TESTED,JPN_PRIMARY; MLG_CN_CONTEXT_AUXILIARY,mechanical template; resource_class=SLOT_OLANG; source_objects=3,"Snake！快回答，Snake！
Snake！","[""Snake！快回答，Snake！\nSnake！""]","Snake! Come in, Snake!
Snake!","[""Snake! Come in, Snake!\nSnake!""]",AUX_CN_ATTACHED,exact_jpn_slot_page_tag_reference_index;validated_slot_olang_map_entity_identity,master status=AUX_CN_ATTACHED; mapping method=exact_jpn_slot_page_tag_reference_index;validated_slot_olang_map_entity_identity; candidate attached as auxiliary evidence only; verify against JPN and context; auxiliary candidates only; JPN remains authoritative; verify against JPN text and context
5DD2A877,69,87,87;87;87,3,,page4:tag2:entity87:key00000000:ref87:ord0;page10:tag3:entity87:key00000000:ref87:ord0;page292:tag5:entity87:key00000000:ref87:ord0,"スネーク 応答してくれ！
スネーーーーークっ！！","大丈夫か！？　
スネーク！　スネーーークっ！！","どうしたんだボスっ！
答えてくれ！　ボスーっ！！",,,,NOT_CHECKED,67,,NOT_STARTED,NOT_BUILT,NOT_TESTED,JPN_PRIMARY; MLG_CN_CONTEXT_AUXILIARY,mechanical template; resource_class=SLOT_OLANG; source_objects=3,"你没事吧？！Snake？！
Snake！","[""你没事吧？！Snake？！\nSnake！""]","Are you all right?! Snake?!
Snake!","[""Are you all right?! Snake?!\nSnake!""]",AUX_CN_ATTACHED,exact_jpn_slot_page_tag_reference_index;validated_slot_olang_map_entity_identity,master status=AUX_CN_ATTACHED; mapping method=exact_jpn_slot_page_tag_reference_index;validated_slot_olang_map_entity_identity; candidate attached as auxiliary evidence only; verify against JPN and context; auxiliary candidates only; JPN remains authoritative; verify against JPN text and context
5DD2A877,70,88,88;88;88,3,,page4:tag2:entity88:key00000000:ref88:ord0;page10:tag3:entity88:key00000000:ref88:ord0;page292:tag5:entity88:key00000000:ref88:ord0,"大丈夫か！？　
スネーク！　スネーーークっ！！","どうしたんだボスっ！
答えてくれ！　ボスーっ！！","スネーク どうした どうしたんだ！？
状況を知らせてくれ スネーーーク！！",,,,NOT_CHECKED,70,,NOT_STARTED,NOT_BUILT,NOT_TESTED,JPN_PRIMARY; MLG_CN_CONTEXT_AUXILIARY,mechanical template; resource_class=SLOT_OLANG; source_objects=3,"怎么了，Boss？
回应！Boss！","[""怎么了，Boss？\n回应！Boss！""]","What's wrong, Boss?
Respond! Boss!","[""What's wrong, Boss?\nRespond! Boss!""]",AUX_CN_ATTACHED,exact_jpn_slot_page_tag_reference_index;validated_slot_olang_map_entity_identity,master status=AUX_CN_ATTACHED; mapping method=exact_jpn_slot_page_tag_reference_index;validated_slot_olang_map_entity_identity; candidate attached as auxiliary evidence only; verify against JPN and context; auxiliary candidates only; JPN remains authoritative; verify against JPN text and context
5DD2A877,71,89,89;90;89;90;89;90,6,,page4:tag2:entity89:key00000000:ref89:ord0;page4:tag2:entity90:key00000000:ref90:ord0;page10:tag3:entity89:key00000000:ref89:ord0;page10:tag3:entity90:key00000000:ref90:ord0;page292:tag5:entity89:key00000000:ref89:ord0;page292:tag5:entity90:key00000000:ref90:ord0,"どうしたんだボスっ！
答えてくれ！　ボスーっ！！","スネーク どうした どうしたんだ！？
状況を知らせてくれ スネーーーク！！","嘘だろスネーク！？こんなところで
終わりじゃないはずだ！ スネーーーク！！",,,,NOT_CHECKED,103,,NOT_STARTED,NOT_BUILT,NOT_TESTED,JPN_PRIMARY; MLG_CN_CONTEXT_AUXILIARY,mechanical template; resource_class=SLOT_OLANG; source_objects=6,"怎么回事，Snake？！报告！
你的情况如何？！Snake！","[""怎么回事，Snake？！报告！\n你的情况如何？！Snake！"",""怎么回事，Snake？！报告！你的情况如何？！Snaaaaaaake！""]","What's going on, Snake?! Report!
What's your situation?! Snake!","[""What's going on, Snake?! Report!\nWhat's your situation?! Snake!"",""What's going on, Snake?! Report! What's your situation?! Snaaaaaaake!""]",AUX_CN_ATTACHED,exact_jpn_slot_page_tag_reference_index;validated_slot_olang_map_entity_identity,master status=AUX_CN_ATTACHED; mapping method=exact_jpn_slot_page_tag_reference_index;validated_slot_olang_map_entity_identity; candidate attached as auxiliary evidence only; verify against JPN and context; auxiliary candidates only; JPN remains authoritative; verify against JPN text and context; multiple candidates aggregated from all real JPN references; split/merge/order mismatch remains possible
5DD2A877,72,91,91;91;91,3,,page4:tag2:entity91:key00000000:ref91:ord0;page10:tag3:entity91:key00000000:ref91:ord0;page292:tag5:entity91:key00000000:ref91:ord0,"スネーク どうした どうしたんだ！？
状況を知らせてくれ スネーーーク！！","嘘だろスネーク！？こんなところで
終わりじゃないはずだ！ スネーーーク！！","どうした？　何があったんだ！？
応答せよ！　応答せよ！",,,,NOT_CHECKED,107,,NOT_STARTED,NOT_BUILT,NOT_TESTED,JPN_PRIMARY; MLG_CN_CONTEXT_AUXILIARY,mechanical template; resource_class=SLOT_OLANG; source_objects=3,"别开玩笑了，Snake！
你不能让一切在这里结束！Snake！","[""别开玩笑了，Snake！\n你不能让一切在这里结束！Snake！""]","Stop kidding around, Snake!
You can't let it end here! Snake!","[""Stop kidding around, Snake!\nYou can't let it end here! Snake!""]",AUX_CN_ATTACHED,exact_jpn_slot_page_tag_reference_index;validated_slot_olang_map_entity_identity,master status=AUX_CN_ATTACHED; mapping method=exact_jpn_slot_page_tag_reference_index;validated_slot_olang_map_entity_identity; candidate attached as auxiliary evidence only; verify against JPN and context; auxiliary candidates only; JPN remains authoritative; verify against JPN text and context
5DD2A877,73,92,92;92;92,3,,page4:tag2:entity92:key00000000:ref92:ord0;page10:tag3:entity92:key00000000:ref92:ord0;page292:tag5:entity92:key00000000:ref92:ord0,"嘘だろスネーク！？こんなところで
終わりじゃないはずだ！ スネーーーク！！","どうした？　何があったんだ！？
応答せよ！　応答せよ！","おい！　何があった！？
答えろ！　答えるんだ！！",,,,NOT_CHECKED,79,,NOT_STARTED,NOT_BUILT,NOT_TESTED,JPN_PRIMARY; MLG_CN_CONTEXT_AUXILIARY,mechanical template; resource_class=SLOT_OLANG; source_objects=3,怎么了？发生什么事了？！报告你的状态！报告！,"[""怎么了？发生什么事了？！报告你的状态！报告！""]",What's wrong? What happened?! Report your status! Report!,"[""What's wrong? What happened?! Report your status! Report!""]",AUX_CN_ATTACHED,exact_jpn_slot_page_tag_reference_index;validated_slot_olang_map_entity_identity,master status=AUX_CN_ATTACHED; mapping method=exact_jpn_slot_page_tag_reference_index;validated_slot_olang_map_entity_identity; candidate attached as auxiliary evidence only; verify against JPN and context; auxiliary candidates only; JPN remains authoritative; verify against JPN text and context
5DD2A877,74,93,93;93;93,3,,page4:tag2:entity93:key00000000:ref93:ord0;page10:tag3:entity93:key00000000:ref93:ord0;page292:tag5:entity93:key00000000:ref93:ord0,"どうした？　何があったんだ！？
応答せよ！　応答せよ！","おい！　何があった！？
答えろ！　答えるんだ！！","まずい やられたか！？　おい！　応答しろ...！
ダメか...",,,,NOT_CHECKED,70,,NOT_STARTED,NOT_BUILT,NOT_TESTED,JPN_PRIMARY; MLG_CN_CONTEXT_AUXILIARY,mechanical template; resource_class=SLOT_OLANG; source_objects=3,喂！怎么回事？！报告！快报告，该死！,"[""喂！怎么回事？！报告！快报告，该死！""]","Hey! What's going on?! Report! Report, damnit!","[""Hey! What's going on?! Report! Report, damnit!""]",AUX_CN_ATTACHED,exact_jpn_slot_page_tag_reference_index;validated_slot_olang_map_entity_identity,master status=AUX_CN_ATTACHED; mapping method=exact_jpn_slot_page_tag_reference_index;validated_slot_olang_map_entity_identity; candidate attached as auxiliary evidence only; verify against JPN and context; auxiliary candidates only; JPN remains authoritative; verify against JPN text and context
5DD2A877,75,94,94;94;94,3,,page4:tag2:entity94:key00000000:ref94:ord0;page10:tag3:entity94:key00000000:ref94:ord0;page292:tag5:entity94:key00000000:ref94:ord0,"おい！　何があった！？
答えろ！　答えるんだ！！","まずい やられたか！？　おい！　応答しろ...！
ダメか...","どうした！？　何故応答しない！
状況を報告するんだ！！",,,,NOT_CHECKED,77,,NOT_STARTED,NOT_BUILT,NOT_TESTED,JPN_PRIMARY; MLG_CN_CONTEXT_AUXILIARY,mechanical template; resource_class=SLOT_OLANG; source_objects=3,该死，他们把我们害惨了。你没事吧？回应！,"[""该死，他们把我们害惨了。你没事吧？回应！""]","Damn, they got us good. Are you all right? Respond!","[""Damn, they got us good. Are you all right? Respond!""]",AUX_CN_ATTACHED,exact_jpn_slot_page_tag_reference_index;validated_slot_olang_map_entity_identity,master status=AUX_CN_ATTACHED; mapping method=exact_jpn_slot_page_tag_reference_index;validated_slot_olang_map_entity_identity; candidate attached as auxiliary evidence only; verify against JPN and context; auxiliary candidates only; JPN remains authoritative; verify against JPN text and context
5DD2A877,76,95,95;96;95;96;95;96,6,,page4:tag2:entity95:key00000000:ref95:ord0;page4:tag2:entity96:key00000000:ref96:ord0;page10:tag3:entity95:key00000000:ref95:ord0;page10:tag3:entity96:key00000000:ref96:ord0;page292:tag5:entity95:key00000000:ref95:ord0;page292:tag5:entity96:key00000000:ref96:ord0,"まずい やられたか！？　おい！　応答しろ...！
ダメか...","どうした！？　何故応答しない！
状況を報告するんだ！！","まずいぞスネーク
仲間が落ちた 作戦中止だ！",,,,NOT_CHECKED,79,,NOT_STARTED,NOT_BUILT,NOT_TESTED,JPN_PRIMARY; MLG_CN_CONTEXT_AUXILIARY,mechanical template; resource_class=SLOT_OLANG; source_objects=6,怎么了？为什么不回应？！请求状态报告！,"[""怎么了？为什么不回应？！请求状态报告！""]",What's wrong? Why aren't you responding?! Requesting status report!,"[""What's wrong? Why aren't you responding?! Requesting status report!""]",AUX_CN_ATTACHED,exact_jpn_slot_page_tag_reference_index;validated_slot_olang_map_entity_identity,master status=AUX_CN_ATTACHED; mapping method=exact_jpn_slot_page_tag_reference_index;validated_slot_olang_map_entity_identity; candidate attached as auxiliary evidence only; verify against JPN and context; auxiliary candidates only; JPN remains authoritative; verify against JPN text and context
5DD2A877,77,97,97;97;97,3,,page4:tag2:entity97:key00000000:ref97:ord0;page10:tag3:entity97:key00000000:ref97:ord0;page292:tag5:entity97:key00000000:ref97:ord0,"どうした！？　何故応答しない！
状況を報告するんだ！！","まずいぞスネーク
仲間が落ちた 作戦中止だ！", ,,,,NOT_CHECKED,62,,NOT_STARTED,NOT_BUILT,NOT_TESTED,JPN_PRIMARY; MLG_CN_CONTEXT_AUXILIARY,mechanical template; resource_class=SLOT_OLANG; source_objects=3,"结束了，Snake。你的同伴倒下了。
任务取消！","[""结束了，Snake。你的同伴倒下了。\n任务取消！""]","It's over, Snake. Your buddy fell in.
The mission is off!","[""It's over, Snake. Your buddy fell in.\nThe mission is off!""]",AUX_CN_ATTACHED,exact_jpn_slot_page_tag_reference_index;validated_slot_olang_map_entity_identity,master status=AUX_CN_ATTACHED; mapping method=exact_jpn_slot_page_tag_reference_index;validated_slot_olang_map_entity_identity; candidate attached as auxiliary evidence only; verify against JPN and context; auxiliary candidates only; JPN remains authoritative; verify against JPN text and context
5DD2A877,78,98,98;100;102;98;100;102;98;100;102,9,,page4:tag2:entity99:key00000001:ref98:ord0;page4:tag2:entity101:key00000001:ref100:ord0;page4:tag2:entity103:key00000001:ref102:ord0;page10:tag3:entity99:key00000001:ref98:ord0;page10:tag3:entity101:key00000001:ref100:ord0;page10:tag3:entity103:key00000001:ref102:ord0;page292:tag5:entity99:key00000001:ref98:ord0;page292:tag5:entity101:key00000001:ref100:ord0;page292:tag5:entity103:key00000001:ref102:ord0,"まずいぞスネーク
仲間が落ちた 作戦中止だ！", ,"作戦中止だ スネーク！
仲間が落ちた！！",,,,NOT_CHECKED,1,,NOT_STARTED,NOT_BUILT,NOT_TESTED,JPN_PRIMARY; MLG_CN_CONTEXT_AUXILIARY,mechanical template; resource_class=SLOT_OLANG; source_objects=9,你怎么能让他死掉？！,"[""你怎么能让他死掉？！"",""太可惜了…"",""我要取消任务。\n返回基地…""]",How could you let him die?!,"[""How could you let him die?!"",""Too bad..."",""I'm calling off the mission.\nReturn to base...""]",AUX_CN_ATTACHED,exact_jpn_slot_page_tag_reference_index;validated_slot_olang_map_entity_identity,master status=AUX_CN_ATTACHED; mapping method=exact_jpn_slot_page_tag_reference_index;validated_slot_olang_map_entity_identity; candidate attached as auxiliary evidence only; verify against JPN and context; auxiliary candidates only; JPN remains authoritative; verify against JPN text and context; multiple candidates aggregated from all real JPN references; split/merge/order mismatch remains possible
5DD2A877,79,99,99;99;99,3,,page4:tag2:entity98:key00000000:ref99:ord0;page10:tag3:entity98:key00000000:ref99:ord0;page292:tag5:entity98:key00000000:ref99:ord0, ,"作戦中止だ スネーク！
仲間が落ちた！！", ,,,,NOT_CHECKED,56,,NOT_STARTED,NOT_BUILT,NOT_TESTED,JPN_PRIMARY; MLG_CN_CONTEXT_AUXILIARY,mechanical template; resource_class=SLOT_OLANG; source_objects=3,"中止任务，Snake！
你的同伴倒下了！","[""中止任务，Snake！\n你的同伴倒下了！""]","Abort the mission, Snake!
Your buddy fell in!","[""Abort the mission, Snake!\nYour buddy fell in!""]",AUX_CN_ATTACHED,exact_jpn_slot_page_tag_reference_index;validated_slot_olang_map_entity_identity,master status=AUX_CN_ATTACHED; mapping method=exact_jpn_slot_page_tag_reference_index;validated_slot_olang_map_entity_identity; candidate attached as auxiliary evidence only; verify against JPN and context; auxiliary candidates only; JPN remains authoritative; verify against JPN text and context
5DD2A877,80,101,101;101;101,3,,page4:tag2:entity100:key00000000:ref101:ord0;page10:tag3:entity100:key00000000:ref101:ord0;page292:tag5:entity100:key00000000:ref101:ord0, ,"止まれスネーク 作戦は中止だ
仲間が行動不能になった　残念だよ...", ,,,,NOT_CHECKED,92,,NOT_STARTED,NOT_BUILT,NOT_TESTED,JPN_PRIMARY; MLG_CN_CONTEXT_AUXILIARY,mechanical template; resource_class=SLOT_OLANG; source_objects=3,"等等，Snake。你的人已经失去战斗力。
任务取消了。","[""等等，Snake。你的人已经失去战斗力。\n任务取消了。""]","Hold it, Snake. Your man's been incapacitated.
The mission's canceled.","[""Hold it, Snake. Your man's been incapacitated.\nThe mission's canceled.""]",AUX_CN_ATTACHED,exact_jpn_slot_page_tag_reference_index;validated_slot_olang_map_entity_identity,master status=AUX_CN_ATTACHED; mapping method=exact_jpn_slot_page_tag_reference_index;validated_slot_olang_map_entity_identity; candidate attached as auxiliary evidence only; verify against JPN and context; auxiliary candidates only; JPN remains authoritative; verify against JPN text and context
5DD2A877,81,103,103;103;103,3,,page4:tag2:entity102:key00000000:ref103:ord0;page10:tag3:entity102:key00000000:ref103:ord0;page292:tag5:entity102:key00000000:ref103:ord0, ,"仲間からの応答が途絶えた！
作戦中止だ スネーク　帰投してくれ...","まずいぞ 仲間が落ちた
作戦中止だ！",,,,NOT_CHECKED,92,,NOT_STARTED,NOT_BUILT,NOT_TESTED,JPN_PRIMARY; MLG_CN_CONTEXT_AUXILIARY,mechanical template; resource_class=SLOT_OLANG; source_objects=3,"我联系不上
你的搭档，Snake。","[""我联系不上\n你的搭档，Snake。""]","I'm getting no response
from your partner, Snake.","[""I'm getting no response\nfrom your partner, Snake.""]",AUX_CN_ATTACHED,exact_jpn_slot_page_tag_reference_index;validated_slot_olang_map_entity_identity,master status=AUX_CN_ATTACHED; mapping method=exact_jpn_slot_page_tag_reference_index;validated_slot_olang_map_entity_identity; candidate attached as auxiliary evidence only; verify against JPN and context; auxiliary candidates only; JPN remains authoritative; verify against JPN text and context
5DD2A877,82,104,104;104;104,3,,page4:tag2:entity104:key00000000:ref104:ord0;page10:tag3:entity104:key00000000:ref104:ord0;page292:tag5:entity104:key00000000:ref104:ord0,"仲間からの応答が途絶えた！
作戦中止だ スネーク　帰投してくれ...","まずいぞ 仲間が落ちた
作戦中止だ！","仲間が落ちた！
作戦は中止だ 帰投せよ！",,,,NOT_CHECKED,50,,NOT_STARTED,NOT_BUILT,NOT_TESTED,JPN_PRIMARY; MLG_CN_CONTEXT_AUXILIARY,mechanical template; resource_class=SLOT_OLANG; source_objects=3,该死，老兄！你的搭档倒下了。我们得中止任务！,"[""该死，老兄！你的搭档倒下了。我们得中止任务！""]","Damnit, man! Your partner fell in. We have to abort!","[""Damnit, man! Your partner fell in. We have to abort!""]",AUX_CN_ATTACHED,exact_jpn_slot_page_tag_reference_index;validated_slot_olang_map_entity_identity,master status=AUX_CN_ATTACHED; mapping method=exact_jpn_slot_page_tag_reference_index;validated_slot_olang_map_entity_identity; candidate attached as auxiliary evidence only; verify against JPN and context; auxiliary candidates only; JPN remains authoritative; verify against JPN text and context
5DD2A877,83,105,105;105;105,3,,page4:tag2:entity105:key00000000:ref105:ord0;page10:tag3:entity105:key00000000:ref105:ord0;page292:tag5:entity105:key00000000:ref105:ord0,"まずいぞ 仲間が落ちた
作戦中止だ！","仲間が落ちた！
作戦は中止だ 帰投せよ！","作戦は中止だ 仲間が行動不能になった
戻ってこい...",,,,NOT_CHECKED,56,,NOT_STARTED,NOT_BUILT,NOT_TESTED,JPN_PRIMARY; MLG_CN_CONTEXT_AUXILIARY,mechanical template; resource_class=SLOT_OLANG; source_objects=3,我们失去了一位同伴！这次行动结束了。返回基地！,"[""我们失去了一位同伴！这次行动结束了。返回基地！""]",We lost someone! This operation is over. Return to base!,"[""We lost someone! This operation is over. Return to base!""]",AUX_CN_ATTACHED,exact_jpn_slot_page_tag_reference_index;validated_slot_olang_map_entity_identity,master status=AUX_CN_ATTACHED; mapping method=exact_jpn_slot_page_tag_reference_index;validated_slot_olang_map_entity_identity; candidate attached as auxiliary evidence only; verify against JPN and context; auxiliary candidates only; JPN remains authoritative; verify against JPN text and context
5DD2A877,84,106,106;106;106,3,,page4:tag2:entity106:key00000000:ref106:ord0;page10:tag3:entity106:key00000000:ref106:ord0;page292:tag5:entity106:key00000000:ref106:ord0,"仲間が落ちた！
作戦は中止だ 帰投せよ！","作戦は中止だ 仲間が行動不能になった
戻ってこい...","作戦は中止だ
仲間が行動不能になった",,,,NOT_CHECKED,71,,NOT_STARTED,NOT_BUILT,NOT_TESTED,JPN_PRIMARY; MLG_CN_CONTEXT_AUXILIARY,mechanical template; resource_class=SLOT_OLANG; source_objects=3,中止任务。我们有一个人倒下了。快回来吧…,"[""中止任务。我们有一个人倒下了。快回来吧…""]",Abort the mission. We have a man down. Just come back...,"[""Abort the mission. We have a man down. Just come back...""]",AUX_CN_ATTACHED,exact_jpn_slot_page_tag_reference_index;validated_slot_olang_map_entity_identity,master status=AUX_CN_ATTACHED; mapping method=exact_jpn_slot_page_tag_reference_index;validated_slot_olang_map_entity_identity; candidate attached as auxiliary evidence only; verify against JPN and context; auxiliary candidates only; JPN remains authoritative; verify against JPN text and context
5DD2A877,85,107,107;107;107,3,,page4:tag2:entity107:key00000000:ref107:ord0;page10:tag3:entity107:key00000000:ref107:ord0;page292:tag5:entity107:key00000000:ref107:ord0,"作戦は中止だ 仲間が行動不能になった
戻ってこい...","作戦は中止だ
仲間が行動不能になった","仲間からの応答が途絶えた
作戦中止だ 帰投せよ！",,,,NOT_CHECKED,52,,NOT_STARTED,NOT_BUILT,NOT_TESTED,JPN_PRIMARY; MLG_CN_CONTEXT_AUXILIARY,mechanical template; resource_class=SLOT_OLANG; source_objects=3,中止任务。我们有一个人倒下了。,"[""中止任务。我们有一个人倒下了。""]",Abort the mission. We have a man down.,"[""Abort the mission. We have a man down.""]",AUX_CN_ATTACHED,exact_jpn_slot_page_tag_reference_index;validated_slot_olang_map_entity_identity,master status=AUX_CN_ATTACHED; mapping method=exact_jpn_slot_page_tag_reference_index;validated_slot_olang_map_entity_identity; candidate attached as auxiliary evidence only; verify against JPN and context; auxiliary candidates only; JPN remains authoritative; verify against JPN text and context
5DD2A877,86,108,108;108;108,3,,page4:tag2:entity108:key00000000:ref108:ord0;page10:tag3:entity108:key00000000:ref108:ord0;page292:tag5:entity108:key00000000:ref108:ord0,"作戦は中止だ
仲間が行動不能になった","仲間からの応答が途絶えた
作戦中止だ 帰投せよ！","気絶してた兵士がお目覚めだ
こうなったら回収できん 帰投してくれ",,,,NOT_CHECKED,68,,NOT_STARTED,NOT_BUILT,NOT_TESTED,JPN_PRIMARY; MLG_CN_CONTEXT_AUXILIARY,mechanical template; resource_class=SLOT_OLANG; source_objects=3,我联系不上你的搭档。我要取消任务。立即返回！,"[""我联系不上你的搭档。我要取消任务。立即返回！""]",I can't reach your partner. I'm calling off the mission. Return immediately!,"[""I can't reach your partner. I'm calling off the mission. Return immediately!""]",AUX_CN_ATTACHED,exact_jpn_slot_page_tag_reference_index;validated_slot_olang_map_entity_identity,master status=AUX_CN_ATTACHED; mapping method=exact_jpn_slot_page_tag_reference_index;validated_slot_olang_map_entity_identity; candidate attached as auxiliary evidence only; verify against JPN and context; auxiliary candidates only; JPN remains authoritative; verify against JPN text and context
5DD2A877,87,110,110;110;110,3,,page4:tag2:entity109:key00000000:ref110:ord0;page10:tag3:entity109:key00000000:ref110:ord0;page292:tag5:entity109:key00000000:ref110:ord0,"仲間からの応答が途絶えた
作戦中止だ 帰投せよ！","気絶してた兵士がお目覚めだ
こうなったら回収できん 帰投してくれ","捕虜が別の場所に移されてしまった
残念だが救出は無理だ 帰投してくれ",,,,NOT_CHECKED,92,,NOT_STARTED,NOT_BUILT,NOT_TESTED,JPN_PRIMARY; MLG_CN_CONTEXT_AUXILIARY,mechanical template; resource_class=SLOT_OLANG; source_objects=3,那名昏迷的士兵正在苏醒。,"[""那名昏迷的士兵正在苏醒。""]",The unconscious soldier is coming to.,"[""The unconscious soldier is coming to.""]",AUX_CN_ATTACHED,exact_jpn_slot_page_tag_reference_index;validated_slot_olang_map_entity_identity,master status=AUX_CN_ATTACHED; mapping method=exact_jpn_slot_page_tag_reference_index;validated_slot_olang_map_entity_identity; candidate attached as auxiliary evidence only; verify against JPN and context; auxiliary candidates only; JPN remains authoritative; verify against JPN text and context
5DD2A877,88,112,112;112;112,3,,page4:tag2:entity111:key00000000:ref112:ord0;page10:tag3:entity111:key00000000:ref112:ord0;page292:tag5:entity111:key00000000:ref112:ord0,"気絶してた兵士がお目覚めだ
こうなったら回収できん 帰投してくれ","捕虜が別の場所に移されてしまった
残念だが救出は無理だ 帰投してくれ","作戦中止だ！
<R=偵察,スカウト>兵は殺さずにフルトン回収しろと言ったろう",,,,NOT_CHECKED,98,,NOT_STARTED,NOT_BUILT,NOT_TESTED,JPN_PRIMARY; MLG_CN_CONTEXT_AUXILIARY,mechanical template; resource_class=SLOT_OLANG; source_objects=3,囚犯已经被转移到别处了。我们现在救不了他了。,"[""囚犯已经被转移到别处了。我们现在救不了他了。""]",The prisoner's been moved to another location. We can't rescue him now.,"[""The prisoner's been moved to another location. We can't rescue him now.""]",AUX_CN_ATTACHED,exact_jpn_slot_page_tag_reference_index;validated_slot_olang_map_entity_identity,master status=AUX_CN_ATTACHED; mapping method=exact_jpn_slot_page_tag_reference_index;validated_slot_olang_map_entity_identity; candidate attached as auxiliary evidence only; verify against JPN and context; auxiliary candidates only; JPN remains authoritative; verify against JPN text and context
5DD2A877,89,114,114;114;114,3,,page4:tag2:entity113:key00000000:ref114:ord0;page10:tag3:entity113:key00000000:ref114:ord0;page292:tag5:entity113:key00000000:ref114:ord0,"捕虜が別の場所に移されてしまった
残念だが救出は無理だ 帰投してくれ","作戦中止だ！
<R=偵察,スカウト>兵は殺さずにフルトン回収しろと言ったろう","拠点が全部制圧されちまった
完敗だ","<R=偵察,スカウト>",,,NOT_CHECKED,102,,NOT_STARTED,NOT_BUILT,NOT_TESTED,JPN_PRIMARY; MLG_CN_CONTEXT_AUXILIARY,mechanical template; resource_class=SLOT_OLANG; source_objects=3,取消行动！,"[""取消行动！""]",Call off the operation! ,"[""Call off the operation! ""]",AUX_CN_ATTACHED,exact_jpn_slot_page_tag_reference_index;validated_slot_olang_map_entity_identity,master status=AUX_CN_ATTACHED; mapping method=exact_jpn_slot_page_tag_reference_index;validated_slot_olang_map_entity_identity; candidate attached as auxiliary evidence only; verify against JPN and context; auxiliary candidates only; JPN remains authoritative; verify against JPN text and context
5DD2A877,90,116,116;116;116,3,,page4:tag2:entity115:key00000000:ref116:ord0;page10:tag3:entity115:key00000000:ref116:ord0;page292:tag5:entity115:key00000000:ref116:ord0,"作戦中止だ！
<R=偵察,スカウト>兵は殺さずにフルトン回収しろと言ったろう","拠点が全部制圧されちまった
完敗だ","作戦中止だ
アイテムが奪われた せっかく手に入れたのにな...畜生",,,,NOT_CHECKED,49,,NOT_STARTED,NOT_BUILT,NOT_TESTED,JPN_PRIMARY; MLG_CN_CONTEXT_AUXILIARY,mechanical template; resource_class=SLOT_OLANG; source_objects=3,所有基地都已被占领。,"[""所有基地都已被占领。""]",All the bases have been overrun. ,"[""All the bases have been overrun. ""]",AUX_CN_ATTACHED,exact_jpn_slot_page_tag_reference_index;validated_slot_olang_map_entity_identity,master status=AUX_CN_ATTACHED; mapping method=exact_jpn_slot_page_tag_reference_index;validated_slot_olang_map_entity_identity; candidate attached as auxiliary evidence only; verify against JPN and context; auxiliary candidates only; JPN remains authoritative; verify against JPN text and context
5DD2A877,91,117,117;117;117,3,,page4:tag2:entity117:key00000000:ref117:ord0;page10:tag3:entity117:key00000000:ref117:ord0;page292:tag5:entity117:key00000000:ref117:ord0,"拠点が全部制圧されちまった
完敗だ","作戦中止だ
アイテムが奪われた せっかく手に入れたのにな...畜生","確保したアイテムが全部奪われちまった
作戦は失敗だよ",,,,NOT_CHECKED,89,,NOT_STARTED,NOT_BUILT,NOT_TESTED,JPN_PRIMARY; MLG_CN_CONTEXT_AUXILIARY,mechanical template; resource_class=SLOT_OLANG; source_objects=3,"中止任务——他们偷走了一件物品。
而你本来拿着它…该死！","[""中止任务——他们偷走了一件物品。\n而你本来拿着它…该死！""]","Abort mission - they stole an item.
And you had it, too... Damnit!","[""Abort mission - they stole an item.\nAnd you had it, too... Damnit!""]",AUX_CN_ATTACHED,exact_jpn_slot_page_tag_reference_index;validated_slot_olang_map_entity_identity,master status=AUX_CN_ATTACHED; mapping method=exact_jpn_slot_page_tag_reference_index;validated_slot_olang_map_entity_identity; candidate attached as auxiliary evidence only; verify against JPN and context; auxiliary candidates only; JPN remains authoritative; verify against JPN text and context
5DD2A877,92,119,119;119;119,3,,page4:tag2:entity118:key00000000:ref119:ord0;page10:tag3:entity118:key00000000:ref119:ord0;page292:tag5:entity118:key00000000:ref119:ord0,"作戦中止だ
アイテムが奪われた せっかく手に入れたのにな...畜生","確保したアイテムが全部奪われちまった
作戦は失敗だよ","捕虜が敵兵に捕まった 作戦は失敗だ
彼が自力で逃げ出せることを祈ろう",,,,NOT_CHECKED,76,,NOT_STARTED,NOT_BUILT,NOT_TESTED,JPN_PRIMARY; MLG_CN_CONTEXT_AUXILIARY,mechanical template; resource_class=SLOT_OLANG; source_objects=3,我们缴获的所有物品都被偷走了。,"[""我们缴获的所有物品都被偷走了。""]",All of the items we secured have been stolen.,"[""All of the items we secured have been stolen.""]",AUX_CN_ATTACHED,exact_jpn_slot_page_tag_reference_index;validated_slot_olang_map_entity_identity,master status=AUX_CN_ATTACHED; mapping method=exact_jpn_slot_page_tag_reference_index;validated_slot_olang_map_entity_identity; candidate attached as auxiliary evidence only; verify against JPN and context; auxiliary candidates only; JPN remains authoritative; verify against JPN text and context
5DD2A877,93,121,121;121;121,3,,page4:tag2:entity120:key00000000:ref121:ord0;page10:tag3:entity120:key00000000:ref121:ord0;page292:tag5:entity120:key00000000:ref121:ord0,"確保したアイテムが全部奪われちまった
作戦は失敗だよ","捕虜が敵兵に捕まった 作戦は失敗だ
彼が自力で逃げ出せることを祈ろう","時間切れだ！ ここは一旦退くんだ
作戦は中止する",,,,NOT_CHECKED,98,,NOT_STARTED,NOT_BUILT,NOT_TESTED,JPN_PRIMARY; MLG_CN_CONTEXT_AUXILIARY,mechanical template; resource_class=SLOT_OLANG; source_objects=3,敌军士兵抓住了囚犯。任务失败了。,"[""敌军士兵抓住了囚犯。任务失败了。""]",Enemy soldiers captured the prisoner. The mission's a failure.,"[""Enemy soldiers captured the prisoner. The mission's a failure.""]",AUX_CN_ATTACHED,exact_jpn_slot_page_tag_reference_index;validated_slot_olang_map_entity_identity,master status=AUX_CN_ATTACHED; mapping method=exact_jpn_slot_page_tag_reference_index;validated_slot_olang_map_entity_identity; candidate attached as auxiliary evidence only; verify against JPN and context; auxiliary candidates only; JPN remains authoritative; verify against JPN text and context
5DD2A877,94,123,123;123;123,3,,page4:tag2:entity122:key00000000:ref123:ord0;page10:tag3:entity122:key00000000:ref123:ord0;page292:tag5:entity122:key00000000:ref123:ord0,"捕虜が敵兵に捕まった 作戦は失敗だ
彼が自力で逃げ出せることを祈ろう","時間切れだ！ ここは一旦退くんだ
作戦は中止する","弾切れだな 作戦中止だ
戻ってくれ",,,,NOT_CHECKED,68,,NOT_STARTED,NOT_BUILT,NOT_TESTED,JPN_PRIMARY; MLG_CN_CONTEXT_AUXILIARY,mechanical template; resource_class=SLOT_OLANG; source_objects=3,时间到！,"[""时间到！""]",Time's up! ,"[""Time's up! ""]",AUX_CN_ATTACHED,exact_jpn_slot_page_tag_reference_index;validated_slot_olang_map_entity_identity,master status=AUX_CN_ATTACHED; mapping method=exact_jpn_slot_page_tag_reference_index;validated_slot_olang_map_entity_identity; candidate attached as auxiliary evidence only; verify against JPN and context; auxiliary candidates only; JPN remains authoritative; verify against JPN text and context
5DD2A877,95,125,125;125;125,3,,page4:tag2:entity124:key00000000:ref125:ord0;page10:tag3:entity124:key00000000:ref125:ord0;page292:tag5:entity124:key00000000:ref125:ord0,"時間切れだ！ ここは一旦退くんだ
作戦は中止する","弾切れだな 作戦中止だ
戻ってくれ","弾切れだな
さすがのあんたでも無理だったか...作戦は中止だ",,,,NOT_CHECKED,47,,NOT_STARTED,NOT_BUILT,NOT_TESTED,JPN_PRIMARY; MLG_CN_CONTEXT_AUXILIARY,mechanical template; resource_class=SLOT_OLANG; source_objects=3,没弹药了，是吗？,"[""没弹药了，是吗？""]","Out of ammo, huh?","[""Out of ammo, huh?""]",AUX_CN_ATTACHED,exact_jpn_slot_page_tag_reference_index;validated_slot_olang_map_entity_identity,master status=AUX_CN_ATTACHED; mapping method=exact_jpn_slot_page_tag_reference_index;validated_slot_olang_map_entity_identity; candidate attached as auxiliary evidence only; verify against JPN and context; auxiliary candidates only; JPN remains authoritative; verify against JPN text and context
5DD2A877,96,128,128;128;128,3,,page4:tag2:entity126:key00000000:ref128:ord0;page10:tag3:entity126:key00000000:ref128:ord0;page292:tag5:entity126:key00000000:ref128:ord0,"弾切れだな 作戦中止だ
戻ってくれ","弾切れだな
さすがのあんたでも無理だったか...作戦は中止だ","弾がなくなったようだな
俺の見込み違いだったか...帰ってこい",,,,NOT_CHECKED,82,,NOT_STARTED,NOT_BUILT,NOT_TESTED,JPN_PRIMARY; MLG_CN_CONTEXT_AUXILIARY,mechanical template; resource_class=SLOT_OLANG; source_objects=3,没弹药了吧？,"[""没弹药了吧？""]","Out of ammo, huh? ","[""Out of ammo, huh? ""]",AUX_CN_ATTACHED,exact_jpn_slot_page_tag_reference_index;validated_slot_olang_map_entity_identity,master status=AUX_CN_ATTACHED; mapping method=exact_jpn_slot_page_tag_reference_index;validated_slot_olang_map_entity_identity; candidate attached as auxiliary evidence only; verify against JPN and context; auxiliary candidates only; JPN remains authoritative; verify against JPN text and context
5DD2A877,97,130,130;130;130,3,,page4:tag2:entity129:key00000000:ref130:ord0;page10:tag3:entity129:key00000000:ref130:ord0;page292:tag5:entity129:key00000000:ref130:ord0,"弾切れだな
さすがのあんたでも無理だったか...作戦は中止だ","弾がなくなったようだな
俺の見込み違いだったか...帰ってこい",うぐぉぁーーっ！！,,,,NOT_CHECKED,85,,NOT_STARTED,NOT_BUILT,NOT_TESTED,JPN_PRIMARY; MLG_CN_CONTEXT_AUXILIARY,mechanical template; resource_class=SLOT_OLANG; source_objects=3,看来你没弹药了。,"[""看来你没弹药了。""]",Looks like you're out of ammo.,"[""Looks like you're out of ammo.""]",AUX_CN_ATTACHED,exact_jpn_slot_page_tag_reference_index;validated_slot_olang_map_entity_identity,master status=AUX_CN_ATTACHED; mapping method=exact_jpn_slot_page_tag_reference_index;validated_slot_olang_map_entity_identity; candidate attached as auxiliary evidence only; verify against JPN and context; auxiliary candidates only; JPN remains authoritative; verify against JPN text and context
5DD2A877,98,131,131;131;131,3,,page4:tag2:entity131:key00000000:ref131:ord0;page10:tag3:entity131:key00000000:ref131:ord0;page292:tag5:entity131:key00000000:ref131:ord0,"弾がなくなったようだな
俺の見込み違いだったか...帰ってこい",うぐぉぁーーっ！！,"各班消火にあたれ！
くそっ 追いつかん...！ うぉーっ！",,,,NOT_CHECKED,27,,NOT_STARTED,NOT_BUILT,NOT_TESTED,JPN_PRIMARY; MLG_CN_CONTEXT_AUXILIARY,mechanical template; resource_class=SLOT_OLANG; source_objects=3,啊啊啊啊啊啊啊！,"[""啊啊啊啊啊啊啊！""]",Aaaaaaaaaah!,"[""Aaaaaaaaaah!""]",AUX_CN_ATTACHED,exact_jpn_slot_page_tag_reference_index;validated_slot_olang_map_entity_identity,master status=AUX_CN_ATTACHED; mapping method=exact_jpn_slot_page_tag_reference_index;validated_slot_olang_map_entity_identity; candidate attached as auxiliary evidence only; verify against JPN and context; auxiliary candidates only; JPN remains authoritative; verify against JPN text and context
5DD2A877,99,132,132;132;132,3,,page4:tag2:entity132:key00000000:ref132:ord0;page10:tag3:entity132:key00000000:ref132:ord0;page292:tag5:entity132:key00000000:ref132:ord0,うぐぉぁーーっ！！,"各班消火にあたれ！
くそっ 追いつかん...！ うぉーっ！",おふくろ...そこにいるのはおふくろか？ うぉあっ...！,,,,NOT_CHECKED,75,,NOT_STARTED,NOT_BUILT,NOT_TESTED,JPN_PRIMARY; MLG_CN_CONTEXT_AUXILIARY,mechanical template; resource_class=SLOT_OLANG; source_objects=3,大家，把火扑灭！该死——我们永远赶不上了！呃啊！,"[""大家，把火扑灭！该死——我们永远赶不上了！呃啊！""]","Everyone, get those fires out! Dammit - we'll never catch up! Argh!","[""Everyone, get those fires out! Dammit - we'll never catch up! Argh!""]",AUX_CN_ATTACHED,exact_jpn_slot_page_tag_reference_index;validated_slot_olang_map_entity_identity,master status=AUX_CN_ATTACHED; mapping method=exact_jpn_slot_page_tag_reference_index;validated_slot_olang_map_entity_identity; candidate attached as auxiliary evidence only; verify against JPN and context; auxiliary candidates only; JPN remains authoritative; verify against JPN text and context
5DD2A877,100,133,133;133;133,3,,page4:tag2:entity133:key00000000:ref133:ord0;page10:tag3:entity133:key00000000:ref133:ord0;page292:tag5:entity133:key00000000:ref133:ord0,"各班消火にあたれ！
くそっ 追いつかん...！ うぉーっ！",おふくろ...そこにいるのはおふくろか？ うぉあっ...！,"何をしている
殺してはダメだと言ったろう！",,,,NOT_CHECKED,73,,NOT_STARTED,NOT_BUILT,NOT_TESTED,JPN_PRIMARY; MLG_CN_CONTEXT_AUXILIARY,mechanical template; resource_class=SLOT_OLANG; source_objects=3,妈妈…是你吗，妈妈…？啊——！！,"[""妈妈…是你吗，妈妈…？啊——！！""]","Mom... Is that you, Mom...? Aarrgh!!","[""Mom... Is that you, Mom...? Aarrgh!!""]",AUX_CN_ATTACHED,exact_jpn_slot_page_tag_reference_index;validated_slot_olang_map_entity_identity,master status=AUX_CN_ATTACHED; mapping method=exact_jpn_slot_page_tag_reference_index;validated_slot_olang_map_entity_identity; candidate attached as auxiliary evidence only; verify against JPN and context; auxiliary candidates only; JPN remains authoritative; verify against JPN text and context
5DD2A877,101,134,134;134;134,3,,page4:tag2:entity134:key00000000:ref134:ord0;page10:tag3:entity134:key00000000:ref134:ord0;page292:tag5:entity134:key00000000:ref134:ord0,おふくろ...そこにいるのはおふくろか？ うぉあっ...！,"何をしている
殺してはダメだと言ったろう！","見つかっちまったか
訓練は終了だ 戻ってくれ",,,,NOT_CHECKED,61,,NOT_STARTED,NOT_BUILT,NOT_TESTED,JPN_PRIMARY; MLG_CN_CONTEXT_AUXILIARY,mechanical template; resource_class=SLOT_OLANG; source_objects=3,你在干什么？我不是让你留他活口吗！,"[""你在干什么？我不是让你留他活口吗！""]",What are you doing? I told you to keep him alive!,"[""What are you doing? I told you to keep him alive!""]",AUX_CN_ATTACHED,exact_jpn_slot_page_tag_reference_index;validated_slot_olang_map_entity_identity,master status=AUX_CN_ATTACHED; mapping method=exact_jpn_slot_page_tag_reference_index;validated_slot_olang_map_entity_identity; candidate attached as auxiliary evidence only; verify against JPN and context; auxiliary candidates only; JPN remains authoritative; verify against JPN text and context
5DD2A877,102,135,135;135;135,3,,page4:tag2:entity135:key00000000:ref135:ord0;page10:tag3:entity135:key00000000:ref135:ord0;page292:tag5:entity135:key00000000:ref135:ord0,"何をしている
殺してはダメだと言ったろう！","見つかっちまったか
訓練は終了だ 戻ってくれ","クソっ！
研究員がやられた ミッション失敗だ！",,,,NOT_CHECKED,62,,NOT_STARTED,NOT_BUILT,NOT_TESTED,JPN_PRIMARY; MLG_CN_CONTEXT_AUXILIARY,mechanical template; resource_class=SLOT_OLANG; source_objects=3,他们发现你了？训练结束——回来吧。,"[""他们发现你了？训练结束——回来吧。""]",They spotted you? Training is over - come on back.,"[""They spotted you? Training is over - come on back.""]",AUX_CN_ATTACHED,exact_jpn_slot_page_tag_reference_index;validated_slot_olang_map_entity_identity,master status=AUX_CN_ATTACHED; mapping method=exact_jpn_slot_page_tag_reference_index;validated_slot_olang_map_entity_identity; candidate attached as auxiliary evidence only; verify against JPN and context; auxiliary candidates only; JPN remains authoritative; verify against JPN text and context
5DD2A877,103,136,136;136;136,3,,page4:tag2:entity136:key00000000:ref136:ord0;page10:tag3:entity136:key00000000:ref136:ord0;page292:tag5:entity136:key00000000:ref136:ord0,"見つかっちまったか
訓練は終了だ 戻ってくれ","クソっ！
研究員がやられた ミッション失敗だ！","タイムアウトだ
ミッション失敗",,,,NOT_CHECKED,65,,NOT_STARTED,NOT_BUILT,NOT_TESTED,JPN_PRIMARY; MLG_CN_CONTEXT_AUXILIARY,mechanical template; resource_class=SLOT_OLANG; source_objects=3,不！他们抓走了研究员——任务失败！,"[""不！他们抓走了研究员——任务失败！""]",No! They got the researcher - mission failed!,"[""No! They got the researcher - mission failed!""]",AUX_CN_ATTACHED,exact_jpn_slot_page_tag_reference_index;validated_slot_olang_map_entity_identity,master status=AUX_CN_ATTACHED; mapping method=exact_jpn_slot_page_tag_reference_index;validated_slot_olang_map_entity_identity; candidate attached as auxiliary evidence only; verify against JPN and context; auxiliary candidates only; JPN remains authoritative; verify against JPN text and context
5DD2A877,104,137,137;137;137,3,,page4:tag2:entity137:key00000000:ref137:ord0;page10:tag3:entity137:key00000000:ref137:ord0;page292:tag5:entity137:key00000000:ref137:ord0,"クソっ！
研究員がやられた ミッション失敗だ！","タイムアウトだ
ミッション失敗","時間切れだ...
目的は未達成か...",,,,NOT_CHECKED,43,,NOT_STARTED,NOT_BUILT,NOT_TESTED,JPN_PRIMARY; MLG_CN_CONTEXT_AUXILIARY,mechanical template; resource_class=SLOT_OLANG; source_objects=3,时间到。任务失败。,"[""时间到。任务失败。""]",Time's up. You failed the mission.,"[""Time's up. You failed the mission.""]",AUX_CN_ATTACHED,exact_jpn_slot_page_tag_reference_index;validated_slot_olang_map_entity_identity,master status=AUX_CN_ATTACHED; mapping method=exact_jpn_slot_page_tag_reference_index;validated_slot_olang_map_entity_identity; candidate attached as auxiliary evidence only; verify against JPN and context; auxiliary candidates only; JPN remains authoritative; verify against JPN text and context
5DD2A877,105,138,138;138;138,3,,page4:tag2:entity138:key00000000:ref138:ord0;page10:tag3:entity138:key00000000:ref138:ord0;page292:tag5:entity138:key00000000:ref138:ord0,"タイムアウトだ
ミッション失敗","時間切れだ...
目的は未達成か...","ダメだ タイムリミットに間に合わない
作戦は失敗だ",,,,NOT_CHECKED,43,,NOT_STARTED,NOT_BUILT,NOT_TESTED,JPN_PRIMARY; MLG_CN_CONTEXT_AUXILIARY,mechanical template; resource_class=SLOT_OLANG; source_objects=3,时间到了…任务未完成…,"[""时间到了…任务未完成…""]",You're out of time... Mission incomplete...,"[""You're out of time... Mission incomplete...""]",AUX_CN_ATTACHED,exact_jpn_slot_page_tag_reference_index;validated_slot_olang_map_entity_identity,master status=AUX_CN_ATTACHED; mapping method=exact_jpn_slot_page_tag_reference_index;validated_slot_olang_map_entity_identity; candidate attached as auxiliary evidence only; verify against JPN and context; auxiliary candidates only; JPN remains authoritative; verify against JPN text and context
5DD2A877,106,139,139;139;139,3,,page4:tag2:entity139:key00000000:ref139:ord0;page10:tag3:entity139:key00000000:ref139:ord0;page292:tag5:entity139:key00000000:ref139:ord0,"時間切れだ...
目的は未達成か...","ダメだ タイムリミットに間に合わない
作戦は失敗だ","スネーク...
ピースウォーカーは核を発射してしまったお終いだ",,,,NOT_CHECKED,71,,NOT_STARTED,NOT_BUILT,NOT_TESTED,JPN_PRIMARY; MLG_CN_CONTEXT_AUXILIARY,mechanical template; resource_class=SLOT_OLANG; source_objects=3,算了吧，你根本来不及。任务已经结束了。,"[""算了吧，你根本来不及。任务已经结束了。""]","Forget it, you'll never make it in time. The mission's over.","[""Forget it, you'll never make it in time. The mission's over.""]",AUX_CN_ATTACHED,exact_jpn_slot_page_tag_reference_index;validated_slot_olang_map_entity_identity,master status=AUX_CN_ATTACHED; mapping method=exact_jpn_slot_page_tag_reference_index;validated_slot_olang_map_entity_identity; candidate attached as auxiliary evidence only; verify against JPN and context; auxiliary candidates only; JPN remains authoritative; verify against JPN text and context
5DD2A877,107,140,140;140;140,3,,page4:tag2:entity140:key00000000:ref140:ord0;page10:tag3:entity140:key00000000:ref140:ord0;page292:tag5:entity140:key00000000:ref140:ord0,"ダメだ タイムリミットに間に合わない
作戦は失敗だ","スネーク...
ピースウォーカーは核を発射してしまったお終いだ",ペンタゴンの連中は世界の破滅を選んだんだ,,,,NOT_CHECKED,85,,NOT_STARTED,NOT_BUILT,NOT_TESTED,JPN_PRIMARY; MLG_CN_CONTEXT_AUXILIARY,mechanical template; resource_class=SLOT_OLANG; source_objects=3,Snake…和平行者发射了核弹。一切都完了。,"[""Snake…和平行者发射了核弹。一切都完了。""]","Snake... Peace Walker launched the nuke.
It's all over.","[""Snake... Peace Walker launched the nuke.\nIt's all over.""]",AUX_CN_ATTACHED,exact_jpn_slot_page_tag_reference_index;validated_slot_olang_map_entity_identity,master status=AUX_CN_ATTACHED; mapping method=exact_jpn_slot_page_tag_reference_index;validated_slot_olang_map_entity_identity; candidate attached as auxiliary evidence only; verify against JPN and context; auxiliary candidates only; JPN remains authoritative; verify against JPN text and context
5DD2A877,108,141,141;141;141,3,,page4:tag2:entity142:key00000001:ref141:ord0;page10:tag3:entity142:key00000001:ref141:ord0;page292:tag5:entity142:key00000001:ref141:ord0,"スネーク...
ピースウォーカーは核を発射してしまったお終いだ",ペンタゴンの連中は世界の破滅を選んだんだ,スネーク...核が発射された,,,,NOT_CHECKED,60,,NOT_STARTED,NOT_BUILT,NOT_TESTED,JPN_PRIMARY; MLG_CN_CONTEXT_AUXILIARY,mechanical template; resource_class=SLOT_OLANG; source_objects=3,五角大楼那些混蛋，就这么把世界推入了核浩劫！,"[""五角大楼那些混蛋，就这么把世界推入了核浩劫！""]",Those bastards from the Pentagon just plunged the world into a nuclear apocalypse!,"[""Those bastards from the Pentagon just plunged the world into a nuclear apocalypse!""]",AUX_CN_ATTACHED,exact_jpn_slot_page_tag_reference_index;validated_slot_olang_map_entity_identity,master status=AUX_CN_ATTACHED; mapping method=exact_jpn_slot_page_tag_reference_index;validated_slot_olang_map_entity_identity; candidate attached as auxiliary evidence only; verify against JPN and context; auxiliary candidates only; JPN remains authoritative; verify against JPN text and context
5DD2A877,109,142,142;142;142,3,,page4:tag2:entity141:key00000000:ref142:ord0;page10:tag3:entity141:key00000000:ref142:ord0;page292:tag5:entity141:key00000000:ref142:ord0,ペンタゴンの連中は世界の破滅を選んだんだ,スネーク...核が発射された,"ミッション失敗だ
帰投しろ！",,,,NOT_CHECKED,36,,NOT_STARTED,NOT_BUILT,NOT_TESTED,JPN_PRIMARY; MLG_CN_CONTEXT_AUXILIARY,mechanical template; resource_class=SLOT_OLANG; source_objects=3,Snake…核弹已经发射了。,"[""Snake…核弹已经发射了。""]",Snake... The nuke was launched.,"[""Snake... The nuke was launched.""]",AUX_CN_ATTACHED,exact_jpn_slot_page_tag_reference_index;validated_slot_olang_map_entity_identity,master status=AUX_CN_ATTACHED; mapping method=exact_jpn_slot_page_tag_reference_index;validated_slot_olang_map_entity_identity; candidate attached as auxiliary evidence only; verify against JPN and context; auxiliary candidates only; JPN remains authoritative; verify against JPN text and context
5DD2A877,110,143,143;144;145;146;147;148;143;144;145;146;147;148;143;144;145;146;147;148,18,,page4:tag2:entity143:key00000000:ref143:ord0;page4:tag2:entity144:key00000000:ref144:ord0;page4:tag2:entity145:key00000000:ref145:ord0;page4:tag2:entity146:key00000000:ref146:ord0;page4:tag2:entity147:key00000000:ref147:ord0;page4:tag2:entity148:key00000000:ref148:ord0;page10:tag3:entity143:key00000000:ref143:ord0;page10:tag3:entity144:key00000000:ref144:ord0;page10:tag3:entity145:key00000000:ref145:ord0;page10:tag3:entity146:key00000000:ref146:ord0;page10:tag3:entity147:key00000000:ref147:ord0;page10:tag3:entity148:key00000000:ref148:ord0;page292:tag5:entity143:key00000000:ref143:ord0;page292:tag5:entity144:key00000000:ref144:ord0;page292:tag5:entity145:key00000000:ref145:ord0;page292:tag5:entity146:key00000000:ref146:ord0;page292:tag5:entity147:key00000000:ref147:ord0;page292:tag5:entity148:key00000000:ref148:ord0,スネーク...核が発射された,"ミッション失敗だ
帰投しろ！",ジ・エンド,,,,NOT_CHECKED,40,,NOT_STARTED,NOT_BUILT,NOT_TESTED,JPN_PRIMARY; MLG_CN_CONTEXT_AUXILIARY,mechanical template; resource_class=SLOT_OLANG; source_objects=18,任务失败了。返回基地！,"[""任务失败了。返回基地！""]",The mission's a failure. Return to base!,"[""The mission's a failure. Return to base!""]",AUX_CN_ATTACHED,exact_jpn_slot_page_tag_reference_index;validated_slot_olang_map_entity_identity,master status=AUX_CN_ATTACHED; mapping method=exact_jpn_slot_page_tag_reference_index;validated_slot_olang_map_entity_identity; candidate attached as auxiliary evidence only; verify against JPN and context; auxiliary candidates only; JPN remains authoritative; verify against JPN text and context
5DD2A877,111,149,149;150;149;150;149;150,6,,page4:tag2:entity150:key00000001:ref149:ord0;page4:tag2:entity149:key00000000:ref150:ord0;page10:tag3:entity150:key00000001:ref149:ord0;page10:tag3:entity149:key00000000:ref150:ord0;page292:tag5:entity150:key00000001:ref149:ord0;page292:tag5:entity149:key00000000:ref150:ord0,"ミッション失敗だ
帰投しろ！",ジ・エンド,"パス 待ってくれ！
パスぅ！",,,,NOT_CHECKED,15,,NOT_STARTED,NOT_BUILT,NOT_TESTED,JPN_PRIMARY; MLG_CN_CONTEXT_AUXILIARY,mechanical template; resource_class=SLOT_OLANG; source_objects=6,结束了！,"[""结束了！""]",The End!,"[""The End!""]",AUX_CN_ATTACHED,exact_jpn_slot_page_tag_reference_index;validated_slot_olang_map_entity_identity,master status=AUX_CN_ATTACHED; mapping method=exact_jpn_slot_page_tag_reference_index;validated_slot_olang_map_entity_identity; candidate attached as auxiliary evidence only; verify against JPN and context; auxiliary candidates only; JPN remains authoritative; verify against JPN text and context
5DD2A877,112,151,151;151;151,3,,page4:tag2:entity151:key00000000:ref151:ord0;page10:tag3:entity151:key00000000:ref151:ord0;page292:tag5:entity151:key00000000:ref151:ord0,ジ・エンド,"パス 待ってくれ！
パスぅ！","俺が悪かった 行かないでくれ！
パス パスぅ！",,,,NOT_CHECKED,38,,NOT_STARTED,NOT_BUILT,NOT_TESTED,JPN_PRIMARY; MLG_CN_CONTEXT_AUXILIARY,mechanical template; resource_class=SLOT_OLANG; source_objects=3,Paz，等等！PA-A-AZ！,"[""Paz，等等！PA-A-AZ！""]","Paz, wait! PA-A-AZ!","[""Paz, wait! PA-A-AZ!""]",AUX_CN_ATTACHED,exact_jpn_slot_page_tag_reference_index;validated_slot_olang_map_entity_identity,master status=AUX_CN_ATTACHED; mapping method=exact_jpn_slot_page_tag_reference_index;validated_slot_olang_map_entity_identity; candidate attached as auxiliary evidence only; verify against JPN and context; auxiliary candidates only; JPN remains authoritative; verify against JPN text and context
5DD2A877,113,152,152;152;152,3,,page4:tag2:entity152:key00000000:ref152:ord0;page10:tag3:entity152:key00000000:ref152:ord0;page292:tag5:entity152:key00000000:ref152:ord0,"パス 待ってくれ！
パスぅ！","俺が悪かった 行かないでくれ！
パス パスぅ！","カズ おい待ってくれ！
カズぅ！",,,,NOT_CHECKED,63,,NOT_STARTED,NOT_BUILT,NOT_TESTED,JPN_PRIMARY; MLG_CN_CONTEXT_AUXILIARY,mechanical template; resource_class=SLOT_OLANG; source_objects=3,Paz，对不起！别走！PA-A-AZ！,"[""Paz，对不起！别走！PA-A-AZ！""]","Paz, I'm sorry! Don't walk away! PA-A-AZ!","[""Paz, I'm sorry! Don't walk away! PA-A-AZ!""]",AUX_CN_ATTACHED,exact_jpn_slot_page_tag_reference_index;validated_slot_olang_map_entity_identity,master status=AUX_CN_ATTACHED; mapping method=exact_jpn_slot_page_tag_reference_index;validated_slot_olang_map_entity_identity; candidate attached as auxiliary evidence only; verify against JPN and context; auxiliary candidates only; JPN remains authoritative; verify against JPN text and context
5DD2A877,114,153,153;153;153,3,,page4:tag2:entity153:key00000000:ref153:ord0;page10:tag3:entity153:key00000000:ref153:ord0;page292:tag5:entity153:key00000000:ref153:ord0,"俺が悪かった 行かないでくれ！
パス パスぅ！","カズ おい待ってくれ！
カズぅ！","すまん カズ やり直そう！
おい カズ カズぅ！",,,,NOT_CHECKED,44,,NOT_STARTED,NOT_BUILT,NOT_TESTED,JPN_PRIMARY; MLG_CN_CONTEXT_AUXILIARY,mechanical template; resource_class=SLOT_OLANG; source_objects=3,嘿，Kaz，回来！KA-A-AZ！,"[""嘿，Kaz，回来！KA-A-AZ！""]","Hey, Kaz, come back! KA-A-AZ!","[""Hey, Kaz, come back! KA-A-AZ!""]",AUX_CN_ATTACHED,exact_jpn_slot_page_tag_reference_index;validated_slot_olang_map_entity_identity,master status=AUX_CN_ATTACHED; mapping method=exact_jpn_slot_page_tag_reference_index;validated_slot_olang_map_entity_identity; candidate attached as auxiliary evidence only; verify against JPN and context; auxiliary candidates only; JPN remains authoritative; verify against JPN text and context
5DD2A877,115,154,154;154;154,3,,page4:tag2:entity154:key00000000:ref154:ord0;page10:tag3:entity154:key00000000:ref154:ord0;page292:tag5:entity154:key00000000:ref154:ord0,"カズ おい待ってくれ！
カズぅ！","すまん カズ やり直そう！
おい カズ カズぅ！",アマンダ （CV：朴 璐美）,,,,NOT_CHECKED,62,,NOT_STARTED,NOT_BUILT,NOT_TESTED,JPN_PRIMARY; MLG_CN_CONTEXT_AUXILIARY,mechanical template; resource_class=SLOT_OLANG; source_objects=3,Kaz，对不起！我不是故意的！拜托！KA-A-AZ！,"[""Kaz，对不起！我不是故意的！拜托！KA-A-AZ！""]","Kaz, I'm sorry! I didn't mean it! C'mon! KA-A-AZ!","[""Kaz, I'm sorry! I didn't mean it! C'mon! KA-A-AZ!""]",AUX_CN_ATTACHED,exact_jpn_slot_page_tag_reference_index;validated_slot_olang_map_entity_identity,master status=AUX_CN_ATTACHED; mapping method=exact_jpn_slot_page_tag_reference_index;validated_slot_olang_map_entity_identity; candidate attached as auxiliary evidence only; verify against JPN and context; auxiliary candidates only; JPN remains authoritative; verify against JPN text and context
5DD2A877,116,155,155;155;155,3,,page4:tag2:entity155:key00000000:ref155:ord0;page10:tag3:entity155:key00000000:ref155:ord0;page292:tag5:entity155:key00000000:ref155:ord0,"すまん カズ やり直そう！
おい カズ カズぅ！",アマンダ （CV：朴 璐美）,セシール （CV：小林ゆう）,,,,NOT_CHECKED,34,,NOT_STARTED,NOT_BUILT,NOT_TESTED,JPN_PRIMARY; MLG_CN_CONTEXT_AUXILIARY,mechanical template; resource_class=SLOT_OLANG; source_objects=3,Amanda (Grey DeLisle),"[""Amanda (Grey DeLisle)""]",Amanda (Grey DeLisle),"[""Amanda (Grey DeLisle)""]",AUX_CN_ATTACHED,exact_jpn_slot_page_tag_reference_index;validated_slot_olang_map_entity_identity,master status=AUX_CN_ATTACHED; mapping method=exact_jpn_slot_page_tag_reference_index;validated_slot_olang_map_entity_identity; candidate attached as auxiliary evidence only; verify against JPN and context; auxiliary candidates only; JPN remains authoritative; verify against JPN text and context
5DD2A877,117,156,156;156;156,3,,page4:tag2:entity156:key00000000:ref156:ord0;page10:tag3:entity156:key00000000:ref156:ord0;page292:tag5:entity156:key00000000:ref156:ord0,アマンダ （CV：朴 璐美）,セシール （CV：小林ゆう）,チコ （CV：井上喜久子）,,,,NOT_CHECKED,36,,NOT_STARTED,NOT_BUILT,NOT_TESTED,JPN_PRIMARY; MLG_CN_CONTEXT_AUXILIARY,mechanical template; resource_class=SLOT_OLANG; source_objects=3,Cécile (Cathrine Taber),"[""Cécile (Cathrine Taber)""]",Cécile (Cathrine Taber),"[""Cécile (Cathrine Taber)""]",AUX_CN_ATTACHED,exact_jpn_slot_page_tag_reference_index;validated_slot_olang_map_entity_identity,master status=AUX_CN_ATTACHED; mapping method=exact_jpn_slot_page_tag_reference_index;validated_slot_olang_map_entity_identity; candidate attached as auxiliary evidence only; verify against JPN and context; auxiliary candidates only; JPN remains authoritative; verify against JPN text and context
5DD2A877,118,157,157;157;157,3,,page4:tag2:entity157:key00000000:ref157:ord0;page10:tag3:entity157:key00000000:ref157:ord0;page292:tag5:entity157:key00000000:ref157:ord0,セシール （CV：小林ゆう）,チコ （CV：井上喜久子）,ストレンジラブ （CV：菊地由美）,,,,NOT_CHECKED,33,,NOT_STARTED,NOT_BUILT,NOT_TESTED,JPN_PRIMARY; MLG_CN_CONTEXT_AUXILIARY,mechanical template; resource_class=SLOT_OLANG; source_objects=3,Chico (Antony Del Rio),"[""Chico (Antony Del Rio)""]",Chico (Antony Del Rio),"[""Chico (Antony Del Rio)""]",AUX_CN_ATTACHED,exact_jpn_slot_page_tag_reference_index;validated_slot_olang_map_entity_identity,master status=AUX_CN_ATTACHED; mapping method=exact_jpn_slot_page_tag_reference_index;validated_slot_olang_map_entity_identity; candidate attached as auxiliary evidence only; verify against JPN and context; auxiliary candidates only; JPN remains authoritative; verify against JPN text and context
5DD2A877,119,158,158;158;158,3,,page4:tag2:entity158:key00000000:ref158:ord0;page10:tag3:entity158:key00000000:ref158:ord0;page292:tag5:entity158:key00000000:ref158:ord0,チコ （CV：井上喜久子）,ストレンジラブ （CV：菊地由美）,ヒューイ （CV：田中秀幸）,,,,NOT_CHECKED,45,,NOT_STARTED,NOT_BUILT,NOT_TESTED,JPN_PRIMARY; MLG_CN_CONTEXT_AUXILIARY,mechanical template; resource_class=SLOT_OLANG; source_objects=3,Strangelove (Vanessa Marshall),"[""Strangelove (Vanessa Marshall)""]",Strangelove (Vanessa Marshall),"[""Strangelove (Vanessa Marshall)""]",AUX_CN_ATTACHED,exact_jpn_slot_page_tag_reference_index;validated_slot_olang_map_entity_identity,master status=AUX_CN_ATTACHED; mapping method=exact_jpn_slot_page_tag_reference_index;validated_slot_olang_map_entity_identity; candidate attached as auxiliary evidence only; verify against JPN and context; auxiliary candidates only; JPN remains authoritative; verify against JPN text and context
5DD2A877,120,159,159;159;159,3,,page4:tag2:entity159:key00000000:ref159:ord0;page10:tag3:entity159:key00000000:ref159:ord0;page292:tag5:entity159:key00000000:ref159:ord0,ストレンジラブ （CV：菊地由美）,ヒューイ （CV：田中秀幸）,ミラー （CV：杉田智和）,,,,NOT_CHECKED,36,,NOT_STARTED,NOT_BUILT,NOT_TESTED,JPN_PRIMARY; MLG_CN_CONTEXT_AUXILIARY,mechanical template; resource_class=SLOT_OLANG; source_objects=3,Huey (Christopher Randolph),"[""Huey (Christopher Randolph)""]",Huey (Christopher Randolph),"[""Huey (Christopher Randolph)""]",AUX_CN_ATTACHED,exact_jpn_slot_page_tag_reference_index;validated_slot_olang_map_entity_identity,master status=AUX_CN_ATTACHED; mapping method=exact_jpn_slot_page_tag_reference_index;validated_slot_olang_map_entity_identity; candidate attached as auxiliary evidence only; verify against JPN and context; auxiliary candidates only; JPN remains authoritative; verify against JPN text and context
5DD2A877,121,160,160;160;160,3,,page4:tag2:entity160:key00000000:ref160:ord0;page10:tag3:entity160:key00000000:ref160:ord0;page292:tag5:entity160:key00000000:ref160:ord0,ヒューイ （CV：田中秀幸）,ミラー （CV：杉田智和）,パス （CV：水樹奈々）,,,,NOT_CHECKED,33,,NOT_STARTED,NOT_BUILT,NOT_TESTED,JPN_PRIMARY; MLG_CN_CONTEXT_AUXILIARY,mechanical template; resource_class=SLOT_OLANG; source_objects=3,Miller (Robin Atkin Downes),"[""Miller (Robin Atkin Downes)""]",Miller (Robin Atkin Downes),"[""Miller (Robin Atkin Downes)""]",AUX_CN_ATTACHED,exact_jpn_slot_page_tag_reference_index;validated_slot_olang_map_entity_identity,master status=AUX_CN_ATTACHED; mapping method=exact_jpn_slot_page_tag_reference_index;validated_slot_olang_map_entity_identity; candidate attached as auxiliary evidence only; verify against JPN and context; auxiliary candidates only; JPN remains authoritative; verify against JPN text and context
5DD2A877,122,161,161;161;161,3,,page4:tag2:entity161:key00000000:ref161:ord0;page10:tag3:entity161:key00000000:ref161:ord0;page292:tag5:entity161:key00000000:ref161:ord0,ミラー （CV：杉田智和）,パス （CV：水樹奈々）,スネーク （CV：大塚明夫）,,,,NOT_CHECKED,30,,NOT_STARTED,NOT_BUILT,NOT_TESTED,JPN_PRIMARY; MLG_CN_CONTEXT_AUXILIARY,mechanical template; resource_class=SLOT_OLANG; source_objects=3,Paz (Tara Strong),"[""Paz (Tara Strong)""]",Paz (Tara Strong),"[""Paz (Tara Strong)""]",AUX_CN_ATTACHED,exact_jpn_slot_page_tag_reference_index;validated_slot_olang_map_entity_identity,master status=AUX_CN_ATTACHED; mapping method=exact_jpn_slot_page_tag_reference_index;validated_slot_olang_map_entity_identity; candidate attached as auxiliary evidence only; verify against JPN and context; auxiliary candidates only; JPN remains authoritative; verify against JPN text and context
5DD2A877,123,162,162;162;162,3,,page4:tag2:entity162:key00000000:ref162:ord0;page10:tag3:entity162:key00000000:ref162:ord0;page292:tag5:entity162:key00000000:ref162:ord0,パス （CV：水樹奈々）,スネーク （CV：大塚明夫）,METAL GEAR SOLID PEACE WALKER,,,,NOT_CHECKED,36,,NOT_STARTED,NOT_BUILT,NOT_TESTED,JPN_PRIMARY; MLG_CN_CONTEXT_AUXILIARY,mechanical template; resource_class=SLOT_OLANG; source_objects=3,Snake (David Hayter),"[""Snake (David Hayter)""]",Snake (David Hayter),"[""Snake (David Hayter)""]",AUX_CN_ATTACHED,exact_jpn_slot_page_tag_reference_index;validated_slot_olang_map_entity_identity,master status=AUX_CN_ATTACHED; mapping method=exact_jpn_slot_page_tag_reference_index;validated_slot_olang_map_entity_identity; candidate attached as auxiliary evidence only; verify against JPN and context; auxiliary candidates only; JPN remains authoritative; verify against JPN text and context
