file_id,unique_index,first_reference_index,reference_indices,reference_count,scene_context,entity_context,previous_jpn_text,jpn_text,next_jpn_text,jpn_control_tokens,cn_text,cn_control_tokens,control_structure_status,jpn_utf8_bytes,cn_utf8_bytes,translation_status,build_status,ingame_status,translation_basis,notes
LANG_MISSION_INFO.OLANG,0,0,0;1;3;4;0;1;3;4;0;1;3;4,12,,page15:tag:entity434:key0088A028:ref0:ord0;page15:tag:entity766:key00F56224:ref1:ord0;page15:tag:entity323:key00580D7C:ref3:ord0;page15:tag:entity305:key004A5600:ref4:ord0;page174:tag:entity434:key0088A028:ref0:ord0;page174:tag:entity766:key00F56224:ref1:ord0;page174:tag:entity323:key00580D7C:ref3:ord0;page174:tag:entity305:key004A5600:ref4:ord0;page180:tag:entity434:key0088A028:ref0:ord0;page180:tag:entity766:key00F56224:ref1:ord0;page180:tag:entity323:key00580D7C:ref3:ord0;page180:tag:entity305:key004A5600:ref4:ord0,,【EXTRA OPS：没】メタルギアZEKE・クロスバトル,敵マザーベースに侵入し、<C=FF4040>メタルギアZEKEを破壊<C=R>せよ。,,【EXTRA OPS：没】METAL GEAR ZEKE・交叉战,,MATCH,61,48,APPROVED,READY,NOT_TESTED,JPN_PRIMARY; MLG_CN_CONTEXT_AUXILIARY,mechanical template; resource_class=STAGEDAT_OLANG; source_objects=12; review_flag=SOURCE_没_MARKER_PRESERVED
LANG_MISSION_INFO.OLANG,1,2,2;2;2,3,,page15:tag:entity306:key004CADD3:ref2:ord0;page174:tag:entity306:key004CADD3:ref2:ord0;page180:tag:entity306:key004CADD3:ref2:ord0,【EXTRA OPS：没】メタルギアZEKE・クロスバトル,敵マザーベースに侵入し、<C=FF4040>メタルギアZEKEを破壊<C=R>せよ。,【EXTRA OPS：没】メタルギアZEKE・クロスバトル,<C=FF4040> | <C=R>,潜入敌方Mother Base，<C=FF4040>摧毁METAL GEAR ZEKE<C=R>。,<C=FF4040> | <C=R>,MATCH,88,65,APPROVED,READY,NOT_TESTED,JPN_PRIMARY; MLG_CN_CONTEXT_AUXILIARY,mechanical template; resource_class=STAGEDAT_OLANG; source_objects=3; review_flag=CONTROL_COLOR_ORDER_PRESERVED
LANG_MISSION_INFO.OLANG,2,5,5;5;5,3,,page15:tag:entity52:key001C1B27:ref5:ord0;page174:tag:entity52:key001C1B27:ref5:ord0;page180:tag:entity52:key001C1B27:ref5:ord0,【EXTRA OPS：没】メタルギアZEKE・クロスバトル,"<C=FF4040>メタルギアZEKEを遠隔操作<C=R>し、マザーベース<C=FF4040>侵入者を
殲滅<C=R>せよ。",【EXTRA OPS：120】対メタルギアZEKE　模擬戦,<C=FF4040> | <C=R> | <C=FF4040> | <C=R>,"<C=FF4040>远程操纵METAL GEAR ZEKE<C=R>，将Mother Base的<C=FF4040>入侵者
全部歼灭<C=R>。",<C=FF4040> | <C=R> | <C=FF4040> | <C=R>,MATCH,116,102,APPROVED,READY,NOT_TESTED,JPN_PRIMARY; MLG_CN_CONTEXT_AUXILIARY,mechanical template; resource_class=STAGEDAT_OLANG; source_objects=3; review_flag=CONTROL_COLOR_ORDER_AND_NEWLINE_PRESERVED
LANG_MISSION_INFO.OLANG,3,6,6;7;6;7;6;7,6,,page15:tag:entity321:key00570D7C:ref6:ord0;page15:tag:entity304:key004A55C0:ref7:ord0;page174:tag:entity321:key00570D7C:ref6:ord0;page174:tag:entity304:key004A55C0:ref7:ord0;page180:tag:entity321:key00570D7C:ref6:ord0;page180:tag:entity304:key004A55C0:ref7:ord0,"<C=FF4040>メタルギアZEKEを遠隔操作<C=R>し、マザーベース<C=FF4040>侵入者を
殲滅<C=R>せよ。",【EXTRA OPS：120】対メタルギアZEKE　模擬戦,"<C=FF4040>搭載AI<C=R>の演習データ集積のための<C=FF4040>実戦シミュレーション<C=R>。
シミュレーションのため、ここでメタルギアZEKEへ与えたダメージは
メタルギアZEKE実機には反映されない。
WALKMAN持ち込み不可。",,【EXTRA OPS：120】对METAL GEAR ZEKE　模拟战,,MATCH,55,51,APPROVED,READY,NOT_TESTED,JPN_PRIMARY; MLG_CN_CONTEXT_AUXILIARY,mechanical template; resource_class=STAGEDAT_OLANG; source_objects=6; review_flag=FULLWIDTH_SPACE_PRESERVED
LANG_MISSION_INFO.OLANG,4,8,8;8;8,3,,page15:tag:entity48:key001B1B27:ref8:ord0;page174:tag:entity48:key001B1B27:ref8:ord0;page180:tag:entity48:key001B1B27:ref8:ord0,【EXTRA OPS：120】対メタルギアZEKE　模擬戦,"<C=FF4040>搭載AI<C=R>の演習データ集積のための<C=FF4040>実戦シミュレーション<C=R>。
シミュレーションのため、ここでメタルギアZEKEへ与えたダメージは
メタルギアZEKE実機には反映されない。
WALKMAN持ち込み不可。",【EXTRA OPS：119】対ピースウォーカー改戦,<C=FF4040> | <C=R> | <C=FF4040> | <C=R>,"为收集<C=FF4040>机载AI<C=R>的演习数据而进行的<C=FF4040>实战模拟<C=R>。
由于是模拟，在此对METAL GEAR ZEKE造成的伤害
不会反映到METAL GEAR ZEKE实体上。
禁止携带WALKMAN。",<C=FF4040> | <C=R> | <C=FF4040> | <C=R>,MATCH,281,213,APPROVED,READY,NOT_TESTED,JPN_PRIMARY; MLG_CN_CONTEXT_AUXILIARY,mechanical template; resource_class=STAGEDAT_OLANG; source_objects=3; review_flag=CONTROL_COLOR_ORDER_AND_NEWLINE_LAYOUT_PRESERVED
LANG_MISSION_INFO.OLANG,5,9,9;10;9;10;9;10,6,,page15:tag:entity112:key00400D7C:ref9:ord0;page15:tag:entity303:key004A5000:ref10:ord0;page174:tag:entity112:key00400D7C:ref9:ord0;page174:tag:entity303:key004A5000:ref10:ord0;page180:tag:entity112:key00400D7C:ref9:ord0;page180:tag:entity303:key004A5000:ref10:ord0,"<C=FF4040>搭載AI<C=R>の演習データ集積のための<C=FF4040>実戦シミュレーション<C=R>。
シミュレーションのため、ここでメタルギアZEKEへ与えたダメージは
メタルギアZEKE実機には反映されない。
WALKMAN持ち込み不可。",【EXTRA OPS：119】対ピースウォーカー改戦,"　作戦エリア：米軍ミサイル基地・滑走路
<C=FF4040>ピースウォーカー改を無力化<C=R>せよ。
破壊、または搭載AIを静止させることで
ミッションは完了する。",,【EXTRA OPS：119】对和平行者改型战,,MATCH,54,45,APPROVED,READY,NOT_TESTED,JPN_PRIMARY; MLG_CN_CONTEXT_AUXILIARY,mechanical template; resource_class=STAGEDAT_OLANG; source_objects=6
LANG_MISSION_INFO.OLANG,6,11,11;11;11,3,,page15:tag:entity11:key00041B27:ref11:ord0;page174:tag:entity11:key00041B27:ref11:ord0;page180:tag:entity11:key00041B27:ref11:ord0,【EXTRA OPS：119】対ピースウォーカー改戦,"　作戦エリア：米軍ミサイル基地・滑走路
<C=FF4040>ピースウォーカー改を無力化<C=R>せよ。
破壊、または搭載AIを静止させることで
ミッションは完了する。",sbm258/バシリスコ：２足-3,<C=FF4040> | <C=R>,"　作战区域：美军导弹基地・跑道
<C=FF4040>使和平行者改型失去行动能力<C=R>。
通过摧毁或停止机载AI
即可完成任务。",<C=FF4040> | <C=R>,MATCH,209,155,APPROVED,READY,NOT_TESTED,JPN_PRIMARY; MLG_CN_CONTEXT_AUXILIARY,mechanical template; resource_class=STAGEDAT_OLANG; source_objects=3; review_flag=FULLWIDTH_INDENT_AND_CONTROL_PRESERVED; JPN_無力化_NONLETHAL_SEMANTICS
LANG_MISSION_INFO.OLANG,7,12,12;13;12;13;12;13,6,,page15:tag:entity109:key003F0D7C:ref12:ord0;page15:tag:entity302:key004A4FC0:ref13:ord0;page174:tag:entity109:key003F0D7C:ref12:ord0;page174:tag:entity302:key004A4FC0:ref13:ord0;page180:tag:entity109:key003F0D7C:ref12:ord0;page180:tag:entity302:key004A4FC0:ref13:ord0,"　作戦エリア：米軍ミサイル基地・滑走路
<C=FF4040>ピースウォーカー改を無力化<C=R>せよ。
破壊、または搭載AIを静止させることで
ミッションは完了する。",sbm258/バシリスコ：２足-3,sbm258内容/バシリスコ：２足-3,,sbm258/巴西利斯科：双足-3,,MATCH,33,33,APPROVED,READY,NOT_TESTED,JPN_PRIMARY; MLG_CN_CONTEXT_AUXILIARY,mechanical template; resource_class=STAGEDAT_OLANG; source_objects=6; review_flag=DEV_OR_PLACEHOLDER_LABEL_LOCALIZED_CONSERVATIVELY; REVIEW_TERM
LANG_MISSION_INFO.OLANG,8,14,14;14;14,3,,page15:tag:entity9:key00031B27:ref14:ord0;page174:tag:entity9:key00031B27:ref14:ord0;page180:tag:entity9:key00031B27:ref14:ord0,sbm258/バシリスコ：２足-3,sbm258内容/バシリスコ：２足-3,【EXTRA OPS：117】対コクーン改戦,,sbm258内容/巴西利斯科：双足-3,,MATCH,39,39,APPROVED,READY,NOT_TESTED,JPN_PRIMARY; MLG_CN_CONTEXT_AUXILIARY,mechanical template; resource_class=STAGEDAT_OLANG; source_objects=3; review_flag=DEV_OR_PLACEHOLDER_LABEL_LOCALIZED_CONSERVATIVELY; REVIEW_TERM
LANG_MISSION_INFO.OLANG,9,15,15;16;15;16;15;16,6,,page15:tag:entity106:key003E0D7C:ref15:ord0;page15:tag:entity301:key004A4F80:ref16:ord0;page174:tag:entity106:key003E0D7C:ref15:ord0;page174:tag:entity301:key004A4F80:ref16:ord0;page180:tag:entity106:key003E0D7C:ref15:ord0;page180:tag:entity301:key004A4F80:ref16:ord0,sbm258内容/バシリスコ：２足-3,【EXTRA OPS：117】対コクーン改戦,"　作戦エリア：採掘場底部
<C=FF4040>コクーン改を無力化<C=R>せよ。
破壊、または搭載AIを静止させることで
ミッションは完了する。",,【EXTRA OPS：117】对Cocoon改型战,,MATCH,42,39,APPROVED,READY,NOT_TESTED,JPN_PRIMARY; MLG_CN_CONTEXT_AUXILIARY,mechanical template; resource_class=STAGEDAT_OLANG; source_objects=6
LANG_MISSION_INFO.OLANG,10,17,17;17;17,3,,page15:tag:entity7:key00021B27:ref17:ord0;page174:tag:entity7:key00021B27:ref17:ord0;page180:tag:entity7:key00021B27:ref17:ord0,【EXTRA OPS：117】対コクーン改戦,"　作戦エリア：採掘場底部
<C=FF4040>コクーン改を無力化<C=R>せよ。
破壊、または搭載AIを静止させることで
ミッションは完了する。",【EXTRA OPS：115】対クリサリス改戦,<C=FF4040> | <C=R>,"　作战区域：采掘场底部
<C=FF4040>使Cocoon改型失去行动能力<C=R>。
通过摧毁或停止机载AI
即可完成任务。",<C=FF4040> | <C=R>,MATCH,176,137,APPROVED,READY,NOT_TESTED,JPN_PRIMARY; MLG_CN_CONTEXT_AUXILIARY,mechanical template; resource_class=STAGEDAT_OLANG; source_objects=3; review_flag=FULLWIDTH_INDENT_AND_CONTROL_PRESERVED; JPN_無力化_NONLETHAL_SEMANTICS
LANG_MISSION_INFO.OLANG,11,18,18;19;18;19;18;19,6,,page15:tag:entity103:key003D0D7C:ref18:ord0;page15:tag:entity300:key004A4F40:ref19:ord0;page174:tag:entity103:key003D0D7C:ref18:ord0;page174:tag:entity300:key004A4F40:ref19:ord0;page180:tag:entity103:key003D0D7C:ref18:ord0;page180:tag:entity300:key004A4F40:ref19:ord0,"　作戦エリア：採掘場底部
<C=FF4040>コクーン改を無力化<C=R>せよ。
破壊、または搭載AIを静止させることで
ミッションは完了する。",【EXTRA OPS：115】対クリサリス改戦,"　作戦エリア：人工知性研究所
<C=FF4040>クリサリス改を無力化<C=R>せよ。
破壊、または搭載AIを静止させることで
ミッションは完了する。",,【EXTRA OPS：115】对Chrysalis改型战,,MATCH,45,42,APPROVED,READY,NOT_TESTED,JPN_PRIMARY; MLG_CN_CONTEXT_AUXILIARY,mechanical template; resource_class=STAGEDAT_OLANG; source_objects=6
LANG_MISSION_INFO.OLANG,12,20,20;20;20,3,,page15:tag:entity5:key00011B27:ref20:ord0;page174:tag:entity5:key00011B27:ref20:ord0;page180:tag:entity5:key00011B27:ref20:ord0,【EXTRA OPS：115】対クリサリス改戦,"　作戦エリア：人工知性研究所
<C=FF4040>クリサリス改を無力化<C=R>せよ。
破壊、または搭載AIを静止させることで
ミッションは完了する。",【EXTRA OPS：113】対ピューパ改戦,<C=FF4040> | <C=R>,"　作战区域：人工智能研究所
<C=FF4040>使Chrysalis改型失去行动能力<C=R>。
通过摧毁或停止机载AI
即可完成任务。",<C=FF4040> | <C=R>,MATCH,185,146,APPROVED,READY,NOT_TESTED,JPN_PRIMARY; MLG_CN_CONTEXT_AUXILIARY,mechanical template; resource_class=STAGEDAT_OLANG; source_objects=3; review_flag=FULLWIDTH_INDENT_AND_CONTROL_PRESERVED; JPN_無力化_NONLETHAL_SEMANTICS
LANG_MISSION_INFO.OLANG,13,21,21;22;21;22;21;22,6,,page15:tag:entity99:key003C0D7C:ref21:ord0;page15:tag:entity299:key004A4F00:ref22:ord0;page174:tag:entity99:key003C0D7C:ref21:ord0;page174:tag:entity299:key004A4F00:ref22:ord0;page180:tag:entity99:key003C0D7C:ref21:ord0;page180:tag:entity299:key004A4F00:ref22:ord0,"　作戦エリア：人工知性研究所
<C=FF4040>クリサリス改を無力化<C=R>せよ。
破壊、または搭載AIを静止させることで
ミッションは完了する。",【EXTRA OPS：113】対ピューパ改戦,"　作戦エリア：火口内基地
<C=FF4040>ピューパ改を無力化<C=R>せよ。
破壊、または搭載AIを静止させることで
ミッションは完了する。",,【EXTRA OPS：113】对Pupa改型战,,MATCH,42,37,APPROVED,READY,NOT_TESTED,JPN_PRIMARY; MLG_CN_CONTEXT_AUXILIARY,mechanical template; resource_class=STAGEDAT_OLANG; source_objects=6
LANG_MISSION_INFO.OLANG,14,23,23;23;23,3,,page15:tag:entity3:key00001B27:ref23:ord0;page174:tag:entity3:key00001B27:ref23:ord0;page180:tag:entity3:key00001B27:ref23:ord0,【EXTRA OPS：113】対ピューパ改戦,"　作戦エリア：火口内基地
<C=FF4040>ピューパ改を無力化<C=R>せよ。
破壊、または搭載AIを静止させることで
ミッションは完了する。",対メタルギアZEKE戦,<C=FF4040> | <C=R>,"　作战区域：火山口内基地
<C=FF4040>使Pupa改型失去行动能力<C=R>。
通过摧毁或停止机载AI
即可完成任务。",<C=FF4040> | <C=R>,MATCH,176,138,APPROVED,READY,NOT_TESTED,JPN_PRIMARY; MLG_CN_CONTEXT_AUXILIARY,mechanical template; resource_class=STAGEDAT_OLANG; source_objects=3; review_flag=FULLWIDTH_INDENT_AND_CONTROL_PRESERVED; JPN_無力化_NONLETHAL_SEMANTICS
LANG_MISSION_INFO.OLANG,15,24,24;25;27;28;30;31;33;34;597;598;24;25;27;28;30;31;33;34;597;598;24;25;27;28;30;31;33;34;597;598,30,,page15:tag:entity96:key003B0D7C:ref24:ord0;page15:tag:entity298:key004A4EC0:ref25:ord0;page15:tag:entity93:key003A0D7C:ref27:ord0;page15:tag:entity297:key004A4E80:ref28:ord0;page15:tag:entity91:key00390D7C:ref30:ord0;page15:tag:entity296:key004A4E40:ref31:ord0;page15:tag:entity88:key00380D7C:ref33:ord0;page15:tag:entity295:key004A4E00:ref34:ord0;page15:tag:entity556:key00B19F02:ref597:ord0;page15:tag:entity548:key00ABEC64:ref598:ord0;page174:tag:entity96:key003B0D7C:ref24:ord0;page174:tag:entity298:key004A4EC0:ref25:ord0;page174:tag:entity93:key003A0D7C:ref27:ord0;page174:tag:entity297:key004A4E80:ref28:ord0;page174:tag:entity91:key00390D7C:ref30:ord0;page174:tag:entity296:key004A4E40:ref31:ord0;page174:tag:entity88:key00380D7C:ref33:ord0;page174:tag:entity295:key004A4E00:ref34:ord0;page174:tag:entity556:key00B19F02:ref597:ord0;page174:tag:entity548:key00ABEC64:ref598:ord0;page180:tag:entity96:key003B0D7C:ref24:ord0;page180:tag:entity298:key004A4EC0:ref25:ord0;page180:tag:entity93:key003A0D7C:ref27:ord0;page180:tag:entity297:key004A4E80:ref28:ord0;page180:tag:entity91:key00390D7C:ref30:ord0;page180:tag:entity296:key004A4E40:ref31:ord0;page180:tag:entity88:key00380D7C:ref33:ord0;page180:tag:entity295:key004A4E00:ref34:ord0;page180:tag:entity556:key00B19F02:ref597:ord0;page180:tag:entity548:key00ABEC64:ref598:ord0,"　作戦エリア：火口内基地
<C=FF4040>ピューパ改を無力化<C=R>せよ。
破壊、または搭載AIを静止させることで
ミッションは完了する。",対メタルギアZEKE戦,"AI搭載型メタルギアZEKEを無力化せよ。
破壊、または搭載AIを静止させることで
ミッションは完了する。
　制限時間：
　必要武器：
　必要装備品：
　ターゲット数：",,对METAL GEAR ZEKE战,,MATCH,25,21,APPROVED,READY,NOT_TESTED,JPN_PRIMARY; MLG_CN_CONTEXT_AUXILIARY,mechanical template; resource_class=STAGEDAT_OLANG; source_objects=30; review_flag=JPN_TITLE_PRESERVED_WITHOUT_AUX_SBM_SUBSTITUTION
LANG_MISSION_INFO.OLANG,16,26,26;29;32;26;29;32;26;29;32,9,,page15:tag:entity811:key00FF1B26:ref26:ord0;page15:tag:entity807:key00FE1B26:ref29:ord0;page15:tag:entity803:key00FD1B26:ref32:ord0;page174:tag:entity811:key00FF1B26:ref26:ord0;page174:tag:entity807:key00FE1B26:ref29:ord0;page174:tag:entity803:key00FD1B26:ref32:ord0;page180:tag:entity811:key00FF1B26:ref26:ord0;page180:tag:entity807:key00FE1B26:ref29:ord0;page180:tag:entity803:key00FD1B26:ref32:ord0,対メタルギアZEKE戦,"AI搭載型メタルギアZEKEを無力化せよ。
破壊、または搭載AIを静止させることで
ミッションは完了する。
　制限時間：
　必要武器：
　必要装備品：
　ターゲット数：",対メタルギアZEKE戦,,"使搭载AI的METAL GEAR ZEKE失去行动能力。
通过摧毁或停止机载AI
即可完成任务。
　时间限制：
　必要武器：
　必要装备品：
　目标数：",,MATCH,224,178,APPROVED,READY,NOT_TESTED,JPN_PRIMARY; MLG_CN_CONTEXT_AUXILIARY,mechanical template; resource_class=STAGEDAT_OLANG; source_objects=9; review_flag=JPN_PLACEHOLDER_FIELDS_AND_FULLWIDTH_INDENTS_PRESERVED; JPN_無力化_NONLETHAL_SEMANTICS
LANG_MISSION_INFO.OLANG,17,35,35;35;35,3,,page15:tag:entity798:key00FC1B26:ref35:ord0;page174:tag:entity798:key00FC1B26:ref35:ord0;page180:tag:entity798:key00FC1B26:ref35:ord0,対メタルギアZEKE戦,"AI搭載型メタルギアZEKEを無力化せよ。
破壊、または搭載AIを静止させることで
ミッションは完了する。",【EXTRA OPS：118】対ピースウォーカー弐型戦,,"使搭载AI的METAL GEAR ZEKE失去行动能力。
通过摧毁或停止机载AI
即可完成任务。",,MATCH,139,102,APPROVED,READY,NOT_TESTED,JPN_PRIMARY; MLG_CN_CONTEXT_AUXILIARY,mechanical template; resource_class=STAGEDAT_OLANG; source_objects=3; review_flag=JPN_無力化_NONLETHAL_SEMANTICS; AUX_ABOUT_SBM_REJECTED
LANG_MISSION_INFO.OLANG,18,36,36;37;36;37;36;37,6,,page15:tag:entity85:key00370D7C:ref36:ord0;page15:tag:entity294:key004A4DC0:ref37:ord0;page174:tag:entity85:key00370D7C:ref36:ord0;page174:tag:entity294:key004A4DC0:ref37:ord0;page180:tag:entity85:key00370D7C:ref36:ord0;page180:tag:entity294:key004A4DC0:ref37:ord0,"AI搭載型メタルギアZEKEを無力化せよ。
破壊、または搭載AIを静止させることで
ミッションは完了する。",【EXTRA OPS：118】対ピースウォーカー弐型戦,"　作戦エリア：米軍ミサイル基地・滑走路
<C=FF4040>ピースウォーカー弐型を無力化<C=R>せよ。
破壊、または搭載AIを静止させることで
ミッションは完了する。",,【EXTRA OPS：118】对和平行者II型战,,MATCH,57,44,APPROVED,READY,NOT_TESTED,JPN_PRIMARY; MLG_CN_CONTEXT_AUXILIARY,mechanical template; resource_class=STAGEDAT_OLANG; source_objects=6
LANG_MISSION_INFO.OLANG,19,38,38;38;38,3,,page15:tag:entity793:key00FB1B26:ref38:ord0;page174:tag:entity793:key00FB1B26:ref38:ord0;page180:tag:entity793:key00FB1B26:ref38:ord0,【EXTRA OPS：118】対ピースウォーカー弐型戦,"　作戦エリア：米軍ミサイル基地・滑走路
<C=FF4040>ピースウォーカー弐型を無力化<C=R>せよ。
破壊、または搭載AIを静止させることで
ミッションは完了する。",sbm249/バシリスコ：２足-2,<C=FF4040> | <C=R>,"　作战区域：美军导弹基地・跑道
<C=FF4040>使和平行者II型失去行动能力<C=R>。
通过摧毁或停止机载AI
即可完成任务。",<C=FF4040> | <C=R>,MATCH,212,154,APPROVED,READY,NOT_TESTED,JPN_PRIMARY; MLG_CN_CONTEXT_AUXILIARY,mechanical template; resource_class=STAGEDAT_OLANG; source_objects=3; review_flag=FULLWIDTH_INDENT_AND_CONTROL_PRESERVED; JPN_無力化_NONLETHAL_SEMANTICS
LANG_MISSION_INFO.OLANG,20,39,39;40;39;40;39;40,6,,page15:tag:entity63:key00200D7C:ref39:ord0;page15:tag:entity293:key004A4800:ref40:ord0;page174:tag:entity63:key00200D7C:ref39:ord0;page174:tag:entity293:key004A4800:ref40:ord0;page180:tag:entity63:key00200D7C:ref39:ord0;page180:tag:entity293:key004A4800:ref40:ord0,"　作戦エリア：米軍ミサイル基地・滑走路
<C=FF4040>ピースウォーカー弐型を無力化<C=R>せよ。
破壊、または搭載AIを静止させることで
ミッションは完了する。",sbm249/バシリスコ：２足-2,sbm249内容/バシリスコ：２足-2,,sbm249/巴西利斯科：双足-2,,MATCH,33,33,APPROVED,READY,NOT_TESTED,JPN_PRIMARY; MLG_CN_CONTEXT_AUXILIARY,mechanical template; resource_class=STAGEDAT_OLANG; source_objects=6; review_flag=DEV_OR_PLACEHOLDER_LABEL_LOCALIZED_CONSERVATIVELY; REVIEW_TERM
LANG_MISSION_INFO.OLANG,21,41,41;41;41,3,,page15:tag:entity752:key00E41B26:ref41:ord0;page174:tag:entity752:key00E41B26:ref41:ord0;page180:tag:entity752:key00E41B26:ref41:ord0,sbm249/バシリスコ：２足-2,sbm249内容/バシリスコ：２足-2,【EXTRA OPS：116】対コクーン弐型戦,,sbm249内容/巴西利斯科：双足-2,,MATCH,39,39,APPROVED,READY,NOT_TESTED,JPN_PRIMARY; MLG_CN_CONTEXT_AUXILIARY,mechanical template; resource_class=STAGEDAT_OLANG; source_objects=3; review_flag=DEV_OR_PLACEHOLDER_LABEL_LOCALIZED_CONSERVATIVELY; REVIEW_TERM
LANG_MISSION_INFO.OLANG,22,42,42;43;42;43;42;43,6,,page15:tag:entity60:key001F0D7C:ref42:ord0;page15:tag:entity292:key004A47C0:ref43:ord0;page174:tag:entity60:key001F0D7C:ref42:ord0;page174:tag:entity292:key004A47C0:ref43:ord0;page180:tag:entity60:key001F0D7C:ref42:ord0;page180:tag:entity292:key004A47C0:ref43:ord0,sbm249内容/バシリスコ：２足-2,【EXTRA OPS：116】対コクーン弐型戦,"　作戦エリア：採掘場底部
<C=FF4040>コクーン弐型を無力化<C=R>せよ。
破壊、または搭載AIを静止させることで
ミッションは完了する。",,【EXTRA OPS：116】对Cocoon II型战,,MATCH,45,39,APPROVED,READY,NOT_TESTED,JPN_PRIMARY; MLG_CN_CONTEXT_AUXILIARY,mechanical template; resource_class=STAGEDAT_OLANG; source_objects=6
LANG_MISSION_INFO.OLANG,23,44,44;44;44,3,,page15:tag:entity750:key00E31B26:ref44:ord0;page174:tag:entity750:key00E31B26:ref44:ord0;page180:tag:entity750:key00E31B26:ref44:ord0,【EXTRA OPS：116】対コクーン弐型戦,"　作戦エリア：採掘場底部
<C=FF4040>コクーン弐型を無力化<C=R>せよ。
破壊、または搭載AIを静止させることで
ミッションは完了する。",【EXTRA OPS：114】対クリサリス弐型戦,<C=FF4040> | <C=R>,"　作战区域：采掘场底部
<C=FF4040>使Cocoon II型失去行动能力<C=R>。
通过摧毁或停止机载AI
即可完成任务。",<C=FF4040> | <C=R>,MATCH,179,137,APPROVED,READY,NOT_TESTED,JPN_PRIMARY; MLG_CN_CONTEXT_AUXILIARY,mechanical template; resource_class=STAGEDAT_OLANG; source_objects=3; review_flag=FULLWIDTH_INDENT_AND_CONTROL_PRESERVED; JPN_無力化_NONLETHAL_SEMANTICS
LANG_MISSION_INFO.OLANG,24,45,45;46;45;46;45;46,6,,page15:tag:entity57:key001E0D7C:ref45:ord0;page15:tag:entity291:key004A4780:ref46:ord0;page174:tag:entity57:key001E0D7C:ref45:ord0;page174:tag:entity291:key004A4780:ref46:ord0;page180:tag:entity57:key001E0D7C:ref45:ord0;page180:tag:entity291:key004A4780:ref46:ord0,"　作戦エリア：採掘場底部
<C=FF4040>コクーン弐型を無力化<C=R>せよ。
破壊、または搭載AIを静止させることで
ミッションは完了する。",【EXTRA OPS：114】対クリサリス弐型戦,"　作戦エリア：人工知性研究所
<C=FF4040>クリサリス弐型を無力化<C=R>せよ。
破壊、または搭載AIを静止させることで
ミッションは完了する。",,【EXTRA OPS：114】对Chrysalis II型战,,MATCH,48,42,APPROVED,READY,NOT_TESTED,JPN_PRIMARY; MLG_CN_CONTEXT_AUXILIARY,mechanical template; resource_class=STAGEDAT_OLANG; source_objects=6
LANG_MISSION_INFO.OLANG,25,47,47;47;47,3,,page15:tag:entity748:key00E21B26:ref47:ord0;page174:tag:entity748:key00E21B26:ref47:ord0;page180:tag:entity748:key00E21B26:ref47:ord0,【EXTRA OPS：114】対クリサリス弐型戦,"　作戦エリア：人工知性研究所
<C=FF4040>クリサリス弐型を無力化<C=R>せよ。
破壊、または搭載AIを静止させることで
ミッションは完了する。",【EXTRA OPS：112】対ピューパ弐型戦,<C=FF4040> | <C=R>,"　作战区域：人工智能研究所
<C=FF4040>使Chrysalis II型失去行动能力<C=R>。
通过摧毁或停止机载AI
即可完成任务。",<C=FF4040> | <C=R>,MATCH,188,146,APPROVED,READY,NOT_TESTED,JPN_PRIMARY; MLG_CN_CONTEXT_AUXILIARY,mechanical template; resource_class=STAGEDAT_OLANG; source_objects=3; review_flag=FULLWIDTH_INDENT_AND_CONTROL_PRESERVED; JPN_無力化_NONLETHAL_SEMANTICS
LANG_MISSION_INFO.OLANG,26,48,48;49;48;49;48;49,6,,page15:tag:entity54:key001D0D7C:ref48:ord0;page15:tag:entity290:key004A4740:ref49:ord0;page174:tag:entity54:key001D0D7C:ref48:ord0;page174:tag:entity290:key004A4740:ref49:ord0;page180:tag:entity54:key001D0D7C:ref48:ord0;page180:tag:entity290:key004A4740:ref49:ord0,"　作戦エリア：人工知性研究所
<C=FF4040>クリサリス弐型を無力化<C=R>せよ。
破壊、または搭載AIを静止させることで
ミッションは完了する。",【EXTRA OPS：112】対ピューパ弐型戦,"　作戦エリア：火口内基地
<C=FF4040>ピューパ弐型を無力化<C=R>せよ。
破壊、または搭載AIを静止させることで
ミッションは完了する。",,【EXTRA OPS：112】对Pupa II型战,,MATCH,45,37,APPROVED,READY,NOT_TESTED,JPN_PRIMARY; MLG_CN_CONTEXT_AUXILIARY,mechanical template; resource_class=STAGEDAT_OLANG; source_objects=6
LANG_MISSION_INFO.OLANG,27,50,50;50;50,3,,page15:tag:entity746:key00E11B26:ref50:ord0;page174:tag:entity746:key00E11B26:ref50:ord0;page180:tag:entity746:key00E11B26:ref50:ord0,【EXTRA OPS：112】対ピューパ弐型戦,"　作戦エリア：火口内基地
<C=FF4040>ピューパ弐型を無力化<C=R>せよ。
破壊、または搭載AIを静止させることで
ミッションは完了する。",【EXTRA OPS：111】対戦闘ヘリ戦：AH56A-raider　Custom,<C=FF4040> | <C=R>,"　作战区域：火山口内基地
<C=FF4040>使Pupa II型失去行动能力<C=R>。
通过摧毁或停止机载AI
即可完成任务。",<C=FF4040> | <C=R>,MATCH,179,138,APPROVED,READY,NOT_TESTED,JPN_PRIMARY; MLG_CN_CONTEXT_AUXILIARY,mechanical template; resource_class=STAGEDAT_OLANG; source_objects=3; review_flag=FULLWIDTH_INDENT_AND_CONTROL_PRESERVED; JPN_無力化_NONLETHAL_SEMANTICS
LANG_MISSION_INFO.OLANG,28,51,51;52;51;52;51;52,6,,page15:tag:entity50:key001C0D7C:ref51:ord0;page15:tag:entity289:key004A4700:ref52:ord0;page174:tag:entity50:key001C0D7C:ref51:ord0;page174:tag:entity289:key004A4700:ref52:ord0;page180:tag:entity50:key001C0D7C:ref51:ord0;page180:tag:entity289:key004A4700:ref52:ord0,"　作戦エリア：火口内基地
<C=FF4040>ピューパ弐型を無力化<C=R>せよ。
破壊、または搭載AIを静止させることで
ミッションは完了する。",【EXTRA OPS：111】対戦闘ヘリ戦：AH56A-raider　Custom,"　作戦エリア：カタラタ・デ・ラ・ムエルテ
<C=FF4040>敵戦闘ヘリを無力化<C=R>せよ。
破壊、または敵部隊を無力化することで
ミッションは完了する。",,【EXTRA OPS：111】对战斗直升机战：AH56A-raider　Custom,,MATCH,63,66,APPROVED,READY,NOT_TESTED,JPN_PRIMARY; MLG_CN_CONTEXT_AUXILIARY,mechanical template; resource_class=STAGEDAT_OLANG; source_objects=6; review_flag=JPN_MODEL_CASE_AND_FULLWIDTH_SPACE_PRESERVED
LANG_MISSION_INFO.OLANG,29,53,53;56;59;62;65;68;71;53;56;59;62;65;68;71;53;56;59;62;65;68;71,21,,page15:tag:entity744:key00E01B26:ref53:ord0;page15:tag:entity740:key00DF1B26:ref56:ord0;page15:tag:entity736:key00DE1B26:ref59:ord0;page15:tag:entity731:key00DD1B26:ref62:ord0;page15:tag:entity725:key00DC1B26:ref65:ord0;page15:tag:entity719:key00DB1B26:ref68:ord0;page15:tag:entity633:key00C41B26:ref71:ord0;page174:tag:entity744:key00E01B26:ref53:ord0;page174:tag:entity740:key00DF1B26:ref56:ord0;page174:tag:entity736:key00DE1B26:ref59:ord0;page174:tag:entity731:key00DD1B26:ref62:ord0;page174:tag:entity725:key00DC1B26:ref65:ord0;page174:tag:entity719:key00DB1B26:ref68:ord0;page174:tag:entity633:key00C41B26:ref71:ord0;page180:tag:entity744:key00E01B26:ref53:ord0;page180:tag:entity740:key00DF1B26:ref56:ord0;page180:tag:entity736:key00DE1B26:ref59:ord0;page180:tag:entity731:key00DD1B26:ref62:ord0;page180:tag:entity725:key00DC1B26:ref65:ord0;page180:tag:entity719:key00DB1B26:ref68:ord0;page180:tag:entity633:key00C41B26:ref71:ord0,【EXTRA OPS：111】対戦闘ヘリ戦：AH56A-raider　Custom,"　作戦エリア：カタラタ・デ・ラ・ムエルテ
<C=FF4040>敵戦闘ヘリを無力化<C=R>せよ。
破壊、または敵部隊を無力化することで
ミッションは完了する。",【EXTRA OPS：110】対戦闘ヘリ戦：AH56A-raider,<C=FF4040> | <C=R>,"　作战区域：死亡瀑布
<C=FF4040>使敌方战斗直升机失去行动能力<C=R>。
通过摧毁或使敌方部队失去行动能力
即可完成任务。",<C=FF4040> | <C=R>,MATCH,201,162,APPROVED,READY,NOT_TESTED,JPN_PRIMARY; MLG_CN_CONTEXT_AUXILIARY,mechanical template; resource_class=STAGEDAT_OLANG; source_objects=21; review_flag=SHARED_DESCRIPTION_JPN_AUTHORITY; FULLWIDTH_INDENT_AND_CONTROL_PRESERVED; JPN_無力化_NONLETHAL_SEMANTICS
LANG_MISSION_INFO.OLANG,30,54,54;55;54;55;54;55,6,,page15:tag:entity46:key001B0D7C:ref54:ord0;page15:tag:entity288:key004A46C0:ref55:ord0;page174:tag:entity46:key001B0D7C:ref54:ord0;page174:tag:entity288:key004A46C0:ref55:ord0;page180:tag:entity46:key001B0D7C:ref54:ord0;page180:tag:entity288:key004A46C0:ref55:ord0,"　作戦エリア：カタラタ・デ・ラ・ムエルテ
<C=FF4040>敵戦闘ヘリを無力化<C=R>せよ。
破壊、または敵部隊を無力化することで
ミッションは完了する。",【EXTRA OPS：110】対戦闘ヘリ戦：AH56A-raider,"　作戦エリア：カタラタ・デ・ラ・ムエルテ
<C=FF4040>敵戦闘ヘリを無力化<C=R>せよ。
破壊、または敵部隊を無力化することで
ミッションは完了する。",,【EXTRA OPS：110】对战斗直升机战：AH56A-raider,,MATCH,54,57,APPROVED,READY,NOT_TESTED,JPN_PRIMARY; MLG_CN_CONTEXT_AUXILIARY,mechanical template; resource_class=STAGEDAT_OLANG; source_objects=6; review_flag=JPN_MODEL_CASE_PRESERVED
LANG_MISSION_INFO.OLANG,31,57,57;58;57;58;57;58,6,,page15:tag:entity44:key001A0D7C:ref57:ord0;page15:tag:entity287:key004A4680:ref58:ord0;page174:tag:entity44:key001A0D7C:ref57:ord0;page174:tag:entity287:key004A4680:ref58:ord0;page180:tag:entity44:key001A0D7C:ref57:ord0;page180:tag:entity287:key004A4680:ref58:ord0,"　作戦エリア：カタラタ・デ・ラ・ムエルテ
<C=FF4040>敵戦闘ヘリを無力化<C=R>せよ。
破壊、または敵部隊を無力化することで
ミッションは完了する。",【EXTRA OPS：109】対戦闘ヘリ戦：AH56A-bomber　Custom,"　作戦エリア：カタラタ・デ・ラ・ムエルテ
<C=FF4040>敵戦闘ヘリを無力化<C=R>せよ。
破壊、または敵部隊を無力化することで
ミッションは完了する。",,【EXTRA OPS：109】对战斗直升机战：AH56A-bomber　Custom,,MATCH,63,66,APPROVED,READY,NOT_TESTED,JPN_PRIMARY; MLG_CN_CONTEXT_AUXILIARY,mechanical template; resource_class=STAGEDAT_OLANG; source_objects=6; review_flag=JPN_MODEL_CASE_AND_FULLWIDTH_SPACE_PRESERVED
LANG_MISSION_INFO.OLANG,32,60,60;61;60;61;60;61,6,,page15:tag:entity42:key00190D7C:ref60:ord0;page15:tag:entity286:key004A4640:ref61:ord0;page174:tag:entity42:key00190D7C:ref60:ord0;page174:tag:entity286:key004A4640:ref61:ord0;page180:tag:entity42:key00190D7C:ref60:ord0;page180:tag:entity286:key004A4640:ref61:ord0,"　作戦エリア：カタラタ・デ・ラ・ムエルテ
<C=FF4040>敵戦闘ヘリを無力化<C=R>せよ。
破壊、または敵部隊を無力化することで
ミッションは完了する。",【EXTRA OPS：108】対戦闘ヘリ戦：AH56A-bomber,"　作戦エリア：カタラタ・デ・ラ・ムエルテ
<C=FF4040>敵戦闘ヘリを無力化<C=R>せよ。
破壊、または敵部隊を無力化することで
ミッションは完了する。",,【EXTRA OPS：108】对战斗直升机战：AH56A-bomber,,MATCH,54,57,APPROVED,READY,NOT_TESTED,JPN_PRIMARY; MLG_CN_CONTEXT_AUXILIARY,mechanical template; resource_class=STAGEDAT_OLANG; source_objects=6; review_flag=JPN_MODEL_CASE_PRESERVED
LANG_MISSION_INFO.OLANG,33,63,63;64;63;64;63;64,6,,page15:tag:entity38:key00180D7C:ref63:ord0;page15:tag:entity285:key004A4600:ref64:ord0;page174:tag:entity38:key00180D7C:ref63:ord0;page174:tag:entity285:key004A4600:ref64:ord0;page180:tag:entity38:key00180D7C:ref63:ord0;page180:tag:entity285:key004A4600:ref64:ord0,"　作戦エリア：カタラタ・デ・ラ・ムエルテ
<C=FF4040>敵戦闘ヘリを無力化<C=R>せよ。
破壊、または敵部隊を無力化することで
ミッションは完了する。",【EXTRA OPS：107】対戦闘ヘリ戦：Mi-24D　Custom,"　作戦エリア：カタラタ・デ・ラ・ムエルテ
<C=FF4040>敵戦闘ヘリを無力化<C=R>せよ。
破壊、または敵部隊を無力化することで
ミッションは完了する。",,【EXTRA OPS：107】对战斗直升机战：Mi-24D　Custom,,MATCH,57,60,APPROVED,READY,NOT_TESTED,JPN_PRIMARY; MLG_CN_CONTEXT_AUXILIARY,mechanical template; resource_class=STAGEDAT_OLANG; source_objects=6; review_flag=JPN_FULLWIDTH_SPACE_PRESERVED
LANG_MISSION_INFO.OLANG,34,66,66;67;66;67;66;67,6,,page15:tag:entity34:key00170D7C:ref66:ord0;page15:tag:entity284:key004A45C0:ref67:ord0;page174:tag:entity34:key00170D7C:ref66:ord0;page174:tag:entity284:key004A45C0:ref67:ord0;page180:tag:entity34:key00170D7C:ref66:ord0;page180:tag:entity284:key004A45C0:ref67:ord0,"　作戦エリア：カタラタ・デ・ラ・ムエルテ
<C=FF4040>敵戦闘ヘリを無力化<C=R>せよ。
破壊、または敵部隊を無力化することで
ミッションは完了する。",【EXTRA OPS：106】対戦闘ヘリ戦：Mi-24D,"　作戦エリア：カタラタ・デ・ラ・ムエルテ
<C=FF4040>敵戦闘ヘリを無力化<C=R>せよ。
破壊、または敵部隊を無力化することで
ミッションは完了する。",,【EXTRA OPS：106】对战斗直升机战：Mi-24D,,MATCH,48,51,APPROVED,READY,NOT_TESTED,JPN_PRIMARY; MLG_CN_CONTEXT_AUXILIARY,mechanical template; resource_class=STAGEDAT_OLANG; source_objects=6
LANG_MISSION_INFO.OLANG,35,69,69;70;69;70;69;70,6,,page15:tag:entity1:key00000D7C:ref69:ord0;page15:tag:entity283:key004A4000:ref70:ord0;page174:tag:entity1:key00000D7C:ref69:ord0;page174:tag:entity283:key004A4000:ref70:ord0;page180:tag:entity1:key00000D7C:ref69:ord0;page180:tag:entity283:key004A4000:ref70:ord0,"　作戦エリア：カタラタ・デ・ラ・ムエルテ
<C=FF4040>敵戦闘ヘリを無力化<C=R>せよ。
破壊、または敵部隊を無力化することで
ミッションは完了する。",【EXTRA OPS：105】対戦闘ヘリ戦：Mi-24A　Custom,"　作戦エリア：カタラタ・デ・ラ・ムエルテ
<C=FF4040>敵戦闘ヘリを無力化<C=R>せよ。
破壊、または敵部隊を無力化することで
ミッションは完了する。",,【EXTRA OPS：105】对战斗直升机战：Mi-24A　Custom,,MATCH,57,60,APPROVED,READY,NOT_TESTED,JPN_PRIMARY; MLG_CN_CONTEXT_AUXILIARY,mechanical template; resource_class=STAGEDAT_OLANG; source_objects=6; review_flag=JPN_FULLWIDTH_SPACE_PRESERVED
LANG_MISSION_INFO.OLANG,36,72,72;73;72;73;72;73,6,,page15:tag:entity809:key00FF0D7B:ref72:ord0;page15:tag:entity282:key004A3FC0:ref73:ord0;page174:tag:entity809:key00FF0D7B:ref72:ord0;page174:tag:entity282:key004A3FC0:ref73:ord0;page180:tag:entity809:key00FF0D7B:ref72:ord0;page180:tag:entity282:key004A3FC0:ref73:ord0,"　作戦エリア：カタラタ・デ・ラ・ムエルテ
<C=FF4040>敵戦闘ヘリを無力化<C=R>せよ。
破壊、または敵部隊を無力化することで
ミッションは完了する。",【EXTRA OPS：没】対装甲車戦：LAV-typeC Custom,"　作戦エリア：エル・カダルソ
<C=FF4040>敵装甲車を無力化<C=R>せよ。
破壊、または敵部隊を無力化することで
ミッションは完了する。",,【EXTRA OPS：没】对装甲车战：LAV-typeC Custom,,MATCH,55,55,APPROVED,READY,NOT_TESTED,JPN_PRIMARY; MLG_CN_CONTEXT_AUXILIARY,mechanical template; resource_class=STAGEDAT_OLANG; source_objects=6; review_flag=SOURCE_没_MARKER_AND_JPN_MODEL_CASE_PRESERVED
LANG_MISSION_INFO.OLANG,37,74,74;77;80;83;86;89;92;95;74;77;80;83;86;89;92;95;74;77;80;83;86;89;92;95,24,,page15:tag:entity631:key00C31B26:ref74:ord0;page15:tag:entity629:key00C21B26:ref77:ord0;page15:tag:entity627:key00C11B26:ref80:ord0;page15:tag:entity625:key00C01B26:ref83:ord0;page15:tag:entity619:key00BF1B26:ref86:ord0;page15:tag:entity613:key00BE1B26:ref89:ord0;page15:tag:entity607:key00BD1B26:ref92:ord0;page15:tag:entity600:key00BC1B26:ref95:ord0;page174:tag:entity631:key00C31B26:ref74:ord0;page174:tag:entity629:key00C21B26:ref77:ord0;page174:tag:entity627:key00C11B26:ref80:ord0;page174:tag:entity625:key00C01B26:ref83:ord0;page174:tag:entity619:key00BF1B26:ref86:ord0;page174:tag:entity613:key00BE1B26:ref89:ord0;page174:tag:entity607:key00BD1B26:ref92:ord0;page174:tag:entity600:key00BC1B26:ref95:ord0;page180:tag:entity631:key00C31B26:ref74:ord0;page180:tag:entity629:key00C21B26:ref77:ord0;page180:tag:entity627:key00C11B26:ref80:ord0;page180:tag:entity625:key00C01B26:ref83:ord0;page180:tag:entity619:key00BF1B26:ref86:ord0;page180:tag:entity613:key00BE1B26:ref89:ord0;page180:tag:entity607:key00BD1B26:ref92:ord0;page180:tag:entity600:key00BC1B26:ref95:ord0,【EXTRA OPS：没】対装甲車戦：LAV-typeC Custom,"　作戦エリア：エル・カダルソ
<C=FF4040>敵装甲車を無力化<C=R>せよ。
破壊、または敵部隊を無力化することで
ミッションは完了する。",【EXTRA OPS：没】対装甲車戦：LAV-typeC,<C=FF4040> | <C=R>,"　作战区域：绞刑台
<C=FF4040>使敌方装甲车失去行动能力<C=R>。
通过摧毁或使敌方部队失去行动能力
即可完成任务。",<C=FF4040> | <C=R>,MATCH,180,153,APPROVED,READY,NOT_TESTED,JPN_PRIMARY; MLG_CN_CONTEXT_AUXILIARY,mechanical template; resource_class=STAGEDAT_OLANG; source_objects=24; review_flag=SHARED_DESCRIPTION_JPN_AUTHORITY; FULLWIDTH_INDENT_AND_CONTROL_PRESERVED; JPN_無力化_NONLETHAL_SEMANTICS
LANG_MISSION_INFO.OLANG,38,75,75;76;75;76;75;76,6,,page15:tag:entity805:key00FE0D7B:ref75:ord0;page15:tag:entity281:key004A3F80:ref76:ord0;page174:tag:entity805:key00FE0D7B:ref75:ord0;page174:tag:entity281:key004A3F80:ref76:ord0;page180:tag:entity805:key00FE0D7B:ref75:ord0;page180:tag:entity281:key004A3F80:ref76:ord0,"　作戦エリア：エル・カダルソ
<C=FF4040>敵装甲車を無力化<C=R>せよ。
破壊、または敵部隊を無力化することで
ミッションは完了する。",【EXTRA OPS：没】対装甲車戦：LAV-typeC,"　作戦エリア：エル・カダルソ
<C=FF4040>敵装甲車を無力化<C=R>せよ。
破壊、または敵部隊を無力化することで
ミッションは完了する。",,【EXTRA OPS：没】对装甲车战：LAV-typeC,,MATCH,48,48,APPROVED,READY,NOT_TESTED,JPN_PRIMARY; MLG_CN_CONTEXT_AUXILIARY,mechanical template; resource_class=STAGEDAT_OLANG; source_objects=6; review_flag=SOURCE_没_MARKER_AND_JPN_MODEL_CASE_PRESERVED
LANG_MISSION_INFO.OLANG,39,78,78;79;78;79;78;79,6,,page15:tag:entity801:key00FD0D7B:ref78:ord0;page15:tag:entity280:key004A3F40:ref79:ord0;page174:tag:entity801:key00FD0D7B:ref78:ord0;page174:tag:entity280:key004A3F40:ref79:ord0;page180:tag:entity801:key00FD0D7B:ref78:ord0;page180:tag:entity280:key004A3F40:ref79:ord0,"　作戦エリア：エル・カダルソ
<C=FF4040>敵装甲車を無力化<C=R>せよ。
破壊、または敵部隊を無力化することで
ミッションは完了する。",【EXTRA OPS：104】対装甲車戦：LAV-typeG Custom,"　作戦エリア：エル・カダルソ
<C=FF4040>敵装甲車を無力化<C=R>せよ。
破壊、または敵部隊を無力化することで
ミッションは完了する。",,【EXTRA OPS：104】对装甲车战：LAV-typeG Custom,,MATCH,55,55,APPROVED,READY,NOT_TESTED,JPN_PRIMARY; MLG_CN_CONTEXT_AUXILIARY,mechanical template; resource_class=STAGEDAT_OLANG; source_objects=6; review_flag=JPN_MODEL_CASE_PRESERVED
LANG_MISSION_INFO.OLANG,40,81,81;82;81;82;81;82,6,,page15:tag:entity796:key00FC0D7B:ref81:ord0;page15:tag:entity279:key004A3F00:ref82:ord0;page174:tag:entity796:key00FC0D7B:ref81:ord0;page174:tag:entity279:key004A3F00:ref82:ord0;page180:tag:entity796:key00FC0D7B:ref81:ord0;page180:tag:entity279:key004A3F00:ref82:ord0,"　作戦エリア：エル・カダルソ
<C=FF4040>敵装甲車を無力化<C=R>せよ。
破壊、または敵部隊を無力化することで
ミッションは完了する。",【EXTRA OPS：103】対装甲車戦：LAV-typeG,"　作戦エリア：エル・カダルソ
<C=FF4040>敵装甲車を無力化<C=R>せよ。
破壊、または敵部隊を無力化することで
ミッションは完了する。",,【EXTRA OPS：103】对装甲车战：LAV-typeG,,MATCH,48,48,APPROVED,READY,NOT_TESTED,JPN_PRIMARY; MLG_CN_CONTEXT_AUXILIARY,mechanical template; resource_class=STAGEDAT_OLANG; source_objects=6; review_flag=JPN_MODEL_CASE_PRESERVED
LANG_MISSION_INFO.OLANG,41,84,84;85;84;85;84;85,6,,page15:tag:entity791:key00FB0D7B:ref84:ord0;page15:tag:entity278:key004A3EC0:ref85:ord0;page174:tag:entity791:key00FB0D7B:ref84:ord0;page174:tag:entity278:key004A3EC0:ref85:ord0;page180:tag:entity791:key00FB0D7B:ref84:ord0;page180:tag:entity278:key004A3EC0:ref85:ord0,"　作戦エリア：エル・カダルソ
<C=FF4040>敵装甲車を無力化<C=R>せよ。
破壊、または敵部隊を無力化することで
ミッションは完了する。",【EXTRA OPS：102】対装甲車戦：BTR-60 PB　Custom,"　作戦エリア：エル・カダルソ
<C=FF4040>敵装甲車を無力化<C=R>せよ。
破壊、または敵部隊を無力化することで
ミッションは完了する。",,【EXTRA OPS：102】对装甲车战：BTR-60 PB　Custom,,MATCH,57,57,APPROVED,READY,NOT_TESTED,JPN_PRIMARY; MLG_CN_CONTEXT_AUXILIARY,mechanical template; resource_class=STAGEDAT_OLANG; source_objects=6; review_flag=JPN_FULLWIDTH_SPACE_PRESERVED
LANG_MISSION_INFO.OLANG,42,87,87;88;87;88;87;88,6,,page15:tag:entity788:key00FA0D7B:ref87:ord0;page15:tag:entity277:key004A3E80:ref88:ord0;page174:tag:entity788:key00FA0D7B:ref87:ord0;page174:tag:entity277:key004A3E80:ref88:ord0;page180:tag:entity788:key00FA0D7B:ref87:ord0;page180:tag:entity277:key004A3E80:ref88:ord0,"　作戦エリア：エル・カダルソ
<C=FF4040>敵装甲車を無力化<C=R>せよ。
破壊、または敵部隊を無力化することで
ミッションは完了する。",【EXTRA OPS：101】対装甲車戦：BTR-60 PB,"　作戦エリア：エル・カダルソ
<C=FF4040>敵装甲車を無力化<C=R>せよ。
破壊、または敵部隊を無力化することで
ミッションは完了する。",,【EXTRA OPS：101】对装甲车战：BTR-60 PB,,MATCH,48,48,APPROVED,READY,NOT_TESTED,JPN_PRIMARY; MLG_CN_CONTEXT_AUXILIARY,mechanical template; resource_class=STAGEDAT_OLANG; source_objects=6
LANG_MISSION_INFO.OLANG,43,90,90;91;90;91;90;91,6,,page15:tag:entity785:key00F90D7B:ref90:ord0;page15:tag:entity276:key004A3E40:ref91:ord0;page174:tag:entity785:key00F90D7B:ref90:ord0;page174:tag:entity276:key004A3E40:ref91:ord0;page180:tag:entity785:key00F90D7B:ref90:ord0;page180:tag:entity276:key004A3E40:ref91:ord0,"　作戦エリア：エル・カダルソ
<C=FF4040>敵装甲車を無力化<C=R>せよ。
破壊、または敵部隊を無力化することで
ミッションは完了する。",【EXTRA OPS：100】対装甲車戦：BTR-60 PA　Custom,"　作戦エリア：エル・カダルソ
<C=FF4040>敵装甲車を無力化<C=R>せよ。
破壊、または敵部隊を無力化することで
ミッションは完了する。",,【EXTRA OPS：100】对装甲车战：BTR-60 PA　Custom,,MATCH,57,57,APPROVED,READY,NOT_TESTED,JPN_PRIMARY; MLG_CN_CONTEXT_AUXILIARY,mechanical template; resource_class=STAGEDAT_OLANG; source_objects=6; review_flag=JPN_FULLWIDTH_SPACE_PRESERVED
LANG_MISSION_INFO.OLANG,44,93,93;94;93;94;93;94,6,,page15:tag:entity781:key00F80D7B:ref93:ord0;page15:tag:entity275:key004A3E00:ref94:ord0;page174:tag:entity781:key00F80D7B:ref93:ord0;page174:tag:entity275:key004A3E00:ref94:ord0;page180:tag:entity781:key00F80D7B:ref93:ord0;page180:tag:entity275:key004A3E00:ref94:ord0,"　作戦エリア：エル・カダルソ
<C=FF4040>敵装甲車を無力化<C=R>せよ。
破壊、または敵部隊を無力化することで
ミッションは完了する。",【EXTRA OPS：099】対装甲車戦：BTR-60 PA,"　作戦エリア：エル・カダルソ
<C=FF4040>敵装甲車を無力化<C=R>せよ。
破壊、または敵部隊を無力化することで
ミッションは完了する。",,【EXTRA OPS：099】对装甲车战：BTR-60 PA,,MATCH,48,48,APPROVED,READY,NOT_TESTED,JPN_PRIMARY; MLG_CN_CONTEXT_AUXILIARY,mechanical template; resource_class=STAGEDAT_OLANG; source_objects=6
LANG_MISSION_INFO.OLANG,45,96,96;97;96;97;96;97,6,,page15:tag:entity777:key00F70D7B:ref96:ord0;page15:tag:entity274:key004A3DC0:ref97:ord0;page174:tag:entity777:key00F70D7B:ref96:ord0;page174:tag:entity274:key004A3DC0:ref97:ord0;page180:tag:entity777:key00F70D7B:ref96:ord0;page180:tag:entity274:key004A3DC0:ref97:ord0,"　作戦エリア：エル・カダルソ
<C=FF4040>敵装甲車を無力化<C=R>せよ。
破壊、または敵部隊を無力化することで
ミッションは完了する。",【EXTRA OPS：098】対戦車戦：MBTK-70　Custom,"　作戦エリア：エル・カダルソ
<C=FF4040>敵戦車を無力化<C=R>せよ。
破壊、または敵部隊を無力化することで
ミッションは完了する。",,【EXTRA OPS：098】对战车战：MBTK-70　Custom,,MATCH,52,52,APPROVED,READY,NOT_TESTED,JPN_PRIMARY; MLG_CN_CONTEXT_AUXILIARY,mechanical template; resource_class=STAGEDAT_OLANG; source_objects=6; review_flag=JPN_MODEL_CASE_AND_FULLWIDTH_SPACE_PRESERVED
LANG_MISSION_INFO.OLANG,46,98,98;101;104;107;110;113;116;98;101;104;107;110;113;116;98;101;104;107;110;113;116,21,,page15:tag:entity593:key00BB1B26:ref98:ord0;page15:tag:entity514:key00A41B26:ref101:ord0;page15:tag:entity512:key00A31B26:ref104:ord0;page15:tag:entity510:key00A21B26:ref107:ord0;page15:tag:entity507:key00A11B26:ref110:ord0;page15:tag:entity504:key00A01B26:ref113:ord0;page15:tag:entity497:key009F1B26:ref116:ord0;page174:tag:entity593:key00BB1B26:ref98:ord0;page174:tag:entity514:key00A41B26:ref101:ord0;page174:tag:entity512:key00A31B26:ref104:ord0;page174:tag:entity510:key00A21B26:ref107:ord0;page174:tag:entity507:key00A11B26:ref110:ord0;page174:tag:entity504:key00A01B26:ref113:ord0;page174:tag:entity497:key009F1B26:ref116:ord0;page180:tag:entity593:key00BB1B26:ref98:ord0;page180:tag:entity514:key00A41B26:ref101:ord0;page180:tag:entity512:key00A31B26:ref104:ord0;page180:tag:entity510:key00A21B26:ref107:ord0;page180:tag:entity507:key00A11B26:ref110:ord0;page180:tag:entity504:key00A01B26:ref113:ord0;page180:tag:entity497:key009F1B26:ref116:ord0,【EXTRA OPS：098】対戦車戦：MBTK-70　Custom,"　作戦エリア：エル・カダルソ
<C=FF4040>敵戦車を無力化<C=R>せよ。
破壊、または敵部隊を無力化することで
ミッションは完了する。",【EXTRA OPS：097】対戦車戦：MBTK-70,<C=FF4040> | <C=R>,"　作战区域：绞刑台
<C=FF4040>使敌方战车失去行动能力<C=R>。
通过摧毁或使敌方部队失去行动能力
即可完成任务。",<C=FF4040> | <C=R>,MATCH,177,150,APPROVED,READY,NOT_TESTED,JPN_PRIMARY; MLG_CN_CONTEXT_AUXILIARY,mechanical template; resource_class=STAGEDAT_OLANG; source_objects=21; review_flag=SHARED_DESCRIPTION_JPN_AUTHORITY; FULLWIDTH_INDENT_AND_CONTROL_PRESERVED; JPN_無力化_NONLETHAL_SEMANTICS
LANG_MISSION_INFO.OLANG,47,99,99;100;99;100;99;100,6,,page15:tag:entity742:key00E00D7B:ref99:ord0;page15:tag:entity273:key004A3800:ref100:ord0;page174:tag:entity742:key00E00D7B:ref99:ord0;page174:tag:entity273:key004A3800:ref100:ord0;page180:tag:entity742:key00E00D7B:ref99:ord0;page180:tag:entity273:key004A3800:ref100:ord0,"　作戦エリア：エル・カダルソ
<C=FF4040>敵戦車を無力化<C=R>せよ。
破壊、または敵部隊を無力化することで
ミッションは完了する。",【EXTRA OPS：097】対戦車戦：MBTK-70,"　作戦エリア：エル・カダルソ
<C=FF4040>敵戦車を無力化<C=R>せよ。
破壊、または敵部隊を無力化することで
ミッションは完了する。",,【EXTRA OPS：097】对战车战：MBTK-70,,MATCH,43,43,APPROVED,READY,NOT_TESTED,JPN_PRIMARY; MLG_CN_CONTEXT_AUXILIARY,mechanical template; resource_class=STAGEDAT_OLANG; source_objects=6; review_flag=JPN_MODEL_CASE_PRESERVED
LANG_MISSION_INFO.OLANG,48,102,102;103;102;103;102;103,6,,page15:tag:entity738:key00DF0D7B:ref102:ord0;page15:tag:entity272:key004A37C0:ref103:ord0;page174:tag:entity738:key00DF0D7B:ref102:ord0;page174:tag:entity272:key004A37C0:ref103:ord0;page180:tag:entity738:key00DF0D7B:ref102:ord0;page180:tag:entity272:key004A37C0:ref103:ord0,"　作戦エリア：エル・カダルソ
<C=FF4040>敵戦車を無力化<C=R>せよ。
破壊、または敵部隊を無力化することで
ミッションは完了する。",【EXTRA OPS：096】対戦車戦：KPz 70　Custom,"　作戦エリア：エル・カダルソ
<C=FF4040>敵戦車を無力化<C=R>せよ。
破壊、または敵部隊を無力化することで
ミッションは完了する。",,【EXTRA OPS：096】对战车战：KPz 70　Custom,,MATCH,51,51,APPROVED,READY,NOT_TESTED,JPN_PRIMARY; MLG_CN_CONTEXT_AUXILIARY,mechanical template; resource_class=STAGEDAT_OLANG; source_objects=6; review_flag=JPN_FULLWIDTH_SPACE_PRESERVED
LANG_MISSION_INFO.OLANG,49,105,105;106;105;106;105;106,6,,page15:tag:entity734:key00DE0D7B:ref105:ord0;page15:tag:entity271:key004A3780:ref106:ord0;page174:tag:entity734:key00DE0D7B:ref105:ord0;page174:tag:entity271:key004A3780:ref106:ord0;page180:tag:entity734:key00DE0D7B:ref105:ord0;page180:tag:entity271:key004A3780:ref106:ord0,"　作戦エリア：エル・カダルソ
<C=FF4040>敵戦車を無力化<C=R>せよ。
破壊、または敵部隊を無力化することで
ミッションは完了する。",【EXTRA OPS：095】対戦車戦：KPz 70,"　作戦エリア：エル・カダルソ
<C=FF4040>敵戦車を無力化<C=R>せよ。
破壊、または敵部隊を無力化することで
ミッションは完了する。",,【EXTRA OPS：095】对战车战：KPz 70,,MATCH,42,42,APPROVED,READY,NOT_TESTED,JPN_PRIMARY; MLG_CN_CONTEXT_AUXILIARY,mechanical template; resource_class=STAGEDAT_OLANG; source_objects=6
LANG_MISSION_INFO.OLANG,50,108,108;109;108;109;108;109,6,,page15:tag:entity729:key00DD0D7B:ref108:ord0;page15:tag:entity270:key004A3740:ref109:ord0;page174:tag:entity729:key00DD0D7B:ref108:ord0;page174:tag:entity270:key004A3740:ref109:ord0;page180:tag:entity729:key00DD0D7B:ref108:ord0;page180:tag:entity270:key004A3740:ref109:ord0,"　作戦エリア：エル・カダルソ
<C=FF4040>敵戦車を無力化<C=R>せよ。
破壊、または敵部隊を無力化することで
ミッションは完了する。",【EXTRA OPS：094】対戦車戦：T-72A　Custom,"　作戦エリア：エル・カダルソ
<C=FF4040>敵戦車を無力化<C=R>せよ。
破壊、または敵部隊を無力化することで
ミッションは完了する。",,【EXTRA OPS：094】对战车战：T-72A　Custom,,MATCH,50,50,APPROVED,READY,NOT_TESTED,JPN_PRIMARY; MLG_CN_CONTEXT_AUXILIARY,mechanical template; resource_class=STAGEDAT_OLANG; source_objects=6; review_flag=JPN_FULLWIDTH_SPACE_PRESERVED
LANG_MISSION_INFO.OLANG,51,111,111;112;111;112;111;112,6,,page15:tag:entity723:key00DC0D7B:ref111:ord0;page15:tag:entity269:key004A3700:ref112:ord0;page174:tag:entity723:key00DC0D7B:ref111:ord0;page174:tag:entity269:key004A3700:ref112:ord0;page180:tag:entity723:key00DC0D7B:ref111:ord0;page180:tag:entity269:key004A3700:ref112:ord0,"　作戦エリア：エル・カダルソ
<C=FF4040>敵戦車を無力化<C=R>せよ。
破壊、または敵部隊を無力化することで
ミッションは完了する。",【EXTRA OPS：093】対戦車戦：T-72A,"　作戦エリア：エル・カダルソ
<C=FF4040>敵戦車を無力化<C=R>せよ。
破壊、または敵部隊を無力化することで
ミッションは完了する。",,【EXTRA OPS：093】对战车战：T-72A,,MATCH,41,41,APPROVED,READY,NOT_TESTED,JPN_PRIMARY; MLG_CN_CONTEXT_AUXILIARY,mechanical template; resource_class=STAGEDAT_OLANG; source_objects=6
LANG_MISSION_INFO.OLANG,52,114,114;115;114;115;114;115,6,,page15:tag:entity717:key00DB0D7B:ref114:ord0;page15:tag:entity268:key004A36C0:ref115:ord0;page174:tag:entity717:key00DB0D7B:ref114:ord0;page174:tag:entity268:key004A36C0:ref115:ord0;page180:tag:entity717:key00DB0D7B:ref114:ord0;page180:tag:entity268:key004A36C0:ref115:ord0,"　作戦エリア：エル・カダルソ
<C=FF4040>敵戦車を無力化<C=R>せよ。
破壊、または敵部隊を無力化することで
ミッションは完了する。",【EXTRA OPS：092】対戦車戦：T-72U　Custom,"　作戦エリア：エル・カダルソ
<C=FF4040>敵戦車を無力化<C=R>せよ。
破壊、または敵部隊を無力化することで
ミッションは完了する。",,【EXTRA OPS：092】对战车战：T-72U　Custom,,MATCH,50,50,APPROVED,READY,NOT_TESTED,JPN_PRIMARY; MLG_CN_CONTEXT_AUXILIARY,mechanical template; resource_class=STAGEDAT_OLANG; source_objects=6; review_flag=JPN_FULLWIDTH_SPACE_PRESERVED
LANG_MISSION_INFO.OLANG,53,117,117;118;117;118;117;118,6,,page15:tag:entity712:key00DA0D7B:ref117:ord0;page15:tag:entity267:key004A3680:ref118:ord0;page174:tag:entity712:key00DA0D7B:ref117:ord0;page174:tag:entity267:key004A3680:ref118:ord0;page180:tag:entity712:key00DA0D7B:ref117:ord0;page180:tag:entity267:key004A3680:ref118:ord0,"　作戦エリア：エル・カダルソ
<C=FF4040>敵戦車を無力化<C=R>せよ。
破壊、または敵部隊を無力化することで
ミッションは完了する。",【EXTRA OPS：091】対戦闘ヘリ戦：AH56A-raider　Custom,"　作戦エリア：バナネル・フルタ・デ・オロ
<C=FF4040>敵戦闘ヘリを無力化<C=R>せよ。
破壊、または敵部隊を無力化することで
ミッションは完了する。",,【EXTRA OPS：091】对战斗直升机战：AH56A-raider　Custom,,MATCH,63,66,APPROVED,READY,NOT_TESTED,JPN_PRIMARY; MLG_CN_CONTEXT_AUXILIARY,mechanical template; resource_class=STAGEDAT_OLANG; source_objects=6; review_flag=JPN_MODEL_CASE_AND_FULLWIDTH_SPACE_PRESERVED
LANG_MISSION_INFO.OLANG,54,119,119;122;125;128;131;134;137;140;119;122;125;128;131;134;137;140;119;122;125;128;131;134;137;140,24,,page15:tag:entity490:key009E1B26:ref119:ord0;page15:tag:entity483:key009D1B26:ref122:ord0;page15:tag:entity476:key009C1B26:ref125:ord0;page15:tag:entity469:key009B1B26:ref128:ord0;page15:tag:entity432:key00841B26:ref131:ord0;page15:tag:entity428:key00831B26:ref134:ord0;page15:tag:entity424:key00821B26:ref137:ord0;page15:tag:entity420:key00811B26:ref140:ord0;page174:tag:entity490:key009E1B26:ref119:ord0;page174:tag:entity483:key009D1B26:ref122:ord0;page174:tag:entity476:key009C1B26:ref125:ord0;page174:tag:entity469:key009B1B26:ref128:ord0;page174:tag:entity432:key00841B26:ref131:ord0;page174:tag:entity428:key00831B26:ref134:ord0;page174:tag:entity424:key00821B26:ref137:ord0;page174:tag:entity420:key00811B26:ref140:ord0;page180:tag:entity490:key009E1B26:ref119:ord0;page180:tag:entity483:key009D1B26:ref122:ord0;page180:tag:entity476:key009C1B26:ref125:ord0;page180:tag:entity469:key009B1B26:ref128:ord0;page180:tag:entity432:key00841B26:ref131:ord0;page180:tag:entity428:key00831B26:ref134:ord0;page180:tag:entity424:key00821B26:ref137:ord0;page180:tag:entity420:key00811B26:ref140:ord0,【EXTRA OPS：091】対戦闘ヘリ戦：AH56A-raider　Custom,"　作戦エリア：バナネル・フルタ・デ・オロ
<C=FF4040>敵戦闘ヘリを無力化<C=R>せよ。
破壊、または敵部隊を無力化することで
ミッションは完了する。",【EXTRA OPS：090】対戦闘ヘリ戦：AH56A-raider,<C=FF4040> | <C=R>,"　作战区域：黄金果实香蕉园
<C=FF4040>使敌方战斗直升机失去行动能力<C=R>。
通过摧毁或使敌方部队失去行动能力
即可完成任务。",<C=FF4040> | <C=R>,MATCH,201,171,APPROVED,READY,NOT_TESTED,JPN_PRIMARY; MLG_CN_CONTEXT_AUXILIARY,mechanical template; resource_class=STAGEDAT_OLANG; source_objects=24; review_flag=SHARED_DESCRIPTION_JPN_AUTHORITY; FULLWIDTH_INDENT_AND_CONTROL_PRESERVED; JPN_無力化_NONLETHAL_SEMANTICS
LANG_MISSION_INFO.OLANG,55,120,120;121;120;121;120;121,6,,page15:tag:entity708:key00D90D7B:ref120:ord0;page15:tag:entity266:key004A3640:ref121:ord0;page174:tag:entity708:key00D90D7B:ref120:ord0;page174:tag:entity266:key004A3640:ref121:ord0;page180:tag:entity708:key00D90D7B:ref120:ord0;page180:tag:entity266:key004A3640:ref121:ord0,"　作戦エリア：バナネル・フルタ・デ・オロ
<C=FF4040>敵戦闘ヘリを無力化<C=R>せよ。
破壊、または敵部隊を無力化することで
ミッションは完了する。",【EXTRA OPS：090】対戦闘ヘリ戦：AH56A-raider,"　作戦エリア：バナネル・フルタ・デ・オロ
<C=FF4040>敵戦闘ヘリを無力化<C=R>せよ。
破壊、または敵部隊を無力化することで
ミッションは完了する。",,【EXTRA OPS：090】对战斗直升机战：AH56A-raider,,MATCH,54,57,APPROVED,READY,NOT_TESTED,JPN_PRIMARY; MLG_CN_CONTEXT_AUXILIARY,mechanical template; resource_class=STAGEDAT_OLANG; source_objects=6; review_flag=JPN_MODEL_CASE_PRESERVED
LANG_MISSION_INFO.OLANG,56,123,123;124;123;124;123;124,6,,page15:tag:entity704:key00D80D7B:ref123:ord0;page15:tag:entity265:key004A3600:ref124:ord0;page174:tag:entity704:key00D80D7B:ref123:ord0;page174:tag:entity265:key004A3600:ref124:ord0;page180:tag:entity704:key00D80D7B:ref123:ord0;page180:tag:entity265:key004A3600:ref124:ord0,"　作戦エリア：バナネル・フルタ・デ・オロ
<C=FF4040>敵戦闘ヘリを無力化<C=R>せよ。
破壊、または敵部隊を無力化することで
ミッションは完了する。",【EXTRA OPS：089】対戦闘ヘリ戦：AH56A-bomber　Custom,"　作戦エリア：バナネル・フルタ・デ・オロ
<C=FF4040>敵戦闘ヘリを無力化<C=R>せよ。
破壊、または敵部隊を無力化することで
ミッションは完了する。",,【EXTRA OPS：089】对战斗直升机战：AH56A-bomber　Custom,,MATCH,63,66,APPROVED,READY,NOT_TESTED,JPN_PRIMARY; MLG_CN_CONTEXT_AUXILIARY,mechanical template; resource_class=STAGEDAT_OLANG; source_objects=6; review_flag=JPN_MODEL_CASE_AND_FULLWIDTH_SPACE_PRESERVED
LANG_MISSION_INFO.OLANG,57,126,126;127;126;127;126;127,6,,page15:tag:entity691:key00D70D7B:ref126:ord0;page15:tag:entity264:key004A35C0:ref127:ord0;page174:tag:entity691:key00D70D7B:ref126:ord0;page174:tag:entity264:key004A35C0:ref127:ord0;page180:tag:entity691:key00D70D7B:ref126:ord0;page180:tag:entity264:key004A35C0:ref127:ord0,"　作戦エリア：バナネル・フルタ・デ・オロ
<C=FF4040>敵戦闘ヘリを無力化<C=R>せよ。
破壊、または敵部隊を無力化することで
ミッションは完了する。",【EXTRA OPS：088】対戦闘ヘリ戦：AH56A-bomber,"　作戦エリア：バナネル・フルタ・デ・オロ
<C=FF4040>敵戦闘ヘリを無力化<C=R>せよ。
破壊、または敵部隊を無力化することで
ミッションは完了する。",,【EXTRA OPS：088】对战斗直升机战：AH56A-bomber,,MATCH,54,57,APPROVED,READY,NOT_TESTED,JPN_PRIMARY; MLG_CN_CONTEXT_AUXILIARY,mechanical template; resource_class=STAGEDAT_OLANG; source_objects=6; review_flag=JPN_MODEL_CASE_PRESERVED
LANG_MISSION_INFO.OLANG,58,129,129;130;129;130;129;130,6,,page15:tag:entity623:key00C00D7B:ref129:ord0;page15:tag:entity263:key004A3000:ref130:ord0;page174:tag:entity623:key00C00D7B:ref129:ord0;page174:tag:entity263:key004A3000:ref130:ord0;page180:tag:entity623:key00C00D7B:ref129:ord0;page180:tag:entity263:key004A3000:ref130:ord0,"　作戦エリア：バナネル・フルタ・デ・オロ
<C=FF4040>敵戦闘ヘリを無力化<C=R>せよ。
破壊、または敵部隊を無力化することで
ミッションは完了する。",【EXTRA OPS：087】対戦闘ヘリ戦：Mi-24D　Custom,"　作戦エリア：バナネル・フルタ・デ・オロ
<C=FF4040>敵戦闘ヘリを無力化<C=R>せよ。
破壊、または敵部隊を無力化することで
ミッションは完了する。",,【EXTRA OPS：087】对战斗直升机战：Mi-24D　Custom,,MATCH,57,60,APPROVED,READY,NOT_TESTED,JPN_PRIMARY; MLG_CN_CONTEXT_AUXILIARY,mechanical template; resource_class=STAGEDAT_OLANG; source_objects=6; review_flag=JPN_FULLWIDTH_SPACE_PRESERVED
LANG_MISSION_INFO.OLANG,59,132,132;133;132;133;132;133,6,,page15:tag:entity617:key00BF0D7B:ref132:ord0;page15:tag:entity262:key004A2FC0:ref133:ord0;page174:tag:entity617:key00BF0D7B:ref132:ord0;page174:tag:entity262:key004A2FC0:ref133:ord0;page180:tag:entity617:key00BF0D7B:ref132:ord0;page180:tag:entity262:key004A2FC0:ref133:ord0,"　作戦エリア：バナネル・フルタ・デ・オロ
<C=FF4040>敵戦闘ヘリを無力化<C=R>せよ。
破壊、または敵部隊を無力化することで
ミッションは完了する。",【EXTRA OPS：086】対戦闘ヘリ戦：Mi-24D,"　作戦エリア：バナネル・フルタ・デ・オロ
<C=FF4040>敵戦闘ヘリを無力化<C=R>せよ。
破壊、または敵部隊を無力化することで
ミッションは完了する。",,【EXTRA OPS：086】对战斗直升机战：Mi-24D,,MATCH,48,51,APPROVED,READY,NOT_TESTED,JPN_PRIMARY; MLG_CN_CONTEXT_AUXILIARY,mechanical template; resource_class=STAGEDAT_OLANG; source_objects=6
LANG_MISSION_INFO.OLANG,60,135,135;136;135;136;135;136,6,,page15:tag:entity611:key00BE0D7B:ref135:ord0;page15:tag:entity261:key004A2F80:ref136:ord0;page174:tag:entity611:key00BE0D7B:ref135:ord0;page174:tag:entity261:key004A2F80:ref136:ord0;page180:tag:entity611:key00BE0D7B:ref135:ord0;page180:tag:entity261:key004A2F80:ref136:ord0,"　作戦エリア：バナネル・フルタ・デ・オロ
<C=FF4040>敵戦闘ヘリを無力化<C=R>せよ。
破壊、または敵部隊を無力化することで
ミッションは完了する。",【EXTRA OPS：085】対戦闘ヘリ戦：Mi-24A　Custom,"　作戦エリア：バナネル・フルタ・デ・オロ
<C=FF4040>敵戦闘ヘリを無力化<C=R>せよ。
破壊、または敵部隊を無力化することで
ミッションは完了する。",,【EXTRA OPS：085】对战斗直升机战：Mi-24A　Custom,,MATCH,57,60,APPROVED,READY,NOT_TESTED,JPN_PRIMARY; MLG_CN_CONTEXT_AUXILIARY,mechanical template; resource_class=STAGEDAT_OLANG; source_objects=6; review_flag=JPN_FULLWIDTH_SPACE_PRESERVED
LANG_MISSION_INFO.OLANG,61,138,138;139;138;139;138;139,6,,page15:tag:entity605:key00BD0D7B:ref138:ord0;page15:tag:entity260:key004A2F40:ref139:ord0;page174:tag:entity605:key00BD0D7B:ref138:ord0;page174:tag:entity260:key004A2F40:ref139:ord0;page180:tag:entity605:key00BD0D7B:ref138:ord0;page180:tag:entity260:key004A2F40:ref139:ord0,"　作戦エリア：バナネル・フルタ・デ・オロ
<C=FF4040>敵戦闘ヘリを無力化<C=R>せよ。
破壊、または敵部隊を無力化することで
ミッションは完了する。",【EXTRA OPS：084】対戦闘ヘリ戦：Mi-24A,"　作戦エリア：バナネル・フルタ・デ・オロ
<C=FF4040>敵戦闘ヘリを無力化<C=R>せよ。
破壊、または敵部隊を無力化することで
ミッションは完了する。",,【EXTRA OPS：084】对战斗直升机战：Mi-24A,,MATCH,48,51,APPROVED,READY,NOT_TESTED,JPN_PRIMARY; MLG_CN_CONTEXT_AUXILIARY,mechanical template; resource_class=STAGEDAT_OLANG; source_objects=6
LANG_MISSION_INFO.OLANG,62,141,141;142;141;142;141;142,6,,page15:tag:entity598:key00BC0D7B:ref141:ord0;page15:tag:entity259:key004A2F00:ref142:ord0;page174:tag:entity598:key00BC0D7B:ref141:ord0;page174:tag:entity259:key004A2F00:ref142:ord0;page180:tag:entity598:key00BC0D7B:ref141:ord0;page180:tag:entity259:key004A2F00:ref142:ord0,"　作戦エリア：バナネル・フルタ・デ・オロ
<C=FF4040>敵戦闘ヘリを無力化<C=R>せよ。
破壊、または敵部隊を無力化することで
ミッションは完了する。",【EXTRA OPS：083】対戦車戦：MBTk-70　Custom,"　作戦エリア：バナネル・フルタ・デ・オロ
<C=FF4040>敵戦車を無力化<C=R>せよ。
破壊、または敵部隊を無力化することで
ミッションは完了する。",,【EXTRA OPS：083】对战车战：MBTk-70　Custom,,MATCH,52,52,APPROVED,READY,NOT_TESTED,JPN_PRIMARY; MLG_CN_CONTEXT_AUXILIARY,mechanical template; resource_class=STAGEDAT_OLANG; source_objects=6; review_flag=JPN_MODEL_CASE_AND_FULLWIDTH_SPACE_PRESERVED
LANG_MISSION_INFO.OLANG,63,143,143;146;149;152;155;158;161;164;143;146;149;152;155;158;161;164;143;146;149;152;155;158;161;164,24,,page15:tag:entity416:key00801B26:ref143:ord0;page15:tag:entity411:key007F1B26:ref146:ord0;page15:tag:entity406:key007E1B26:ref149:ord0;page15:tag:entity401:key007D1B26:ref152:ord0;page15:tag:entity396:key007C1B26:ref155:ord0;page15:tag:entity391:key007B1B26:ref158:ord0;page15:tag:entity370:key00641B26:ref161:ord0;page15:tag:entity366:key00631B26:ref164:ord0;page174:tag:entity416:key00801B26:ref143:ord0;page174:tag:entity411:key007F1B26:ref146:ord0;page174:tag:entity406:key007E1B26:ref149:ord0;page174:tag:entity401:key007D1B26:ref152:ord0;page174:tag:entity396:key007C1B26:ref155:ord0;page174:tag:entity391:key007B1B26:ref158:ord0;page174:tag:entity370:key00641B26:ref161:ord0;page174:tag:entity366:key00631B26:ref164:ord0;page180:tag:entity416:key00801B26:ref143:ord0;page180:tag:entity411:key007F1B26:ref146:ord0;page180:tag:entity406:key007E1B26:ref149:ord0;page180:tag:entity401:key007D1B26:ref152:ord0;page180:tag:entity396:key007C1B26:ref155:ord0;page180:tag:entity391:key007B1B26:ref158:ord0;page180:tag:entity370:key00641B26:ref161:ord0;page180:tag:entity366:key00631B26:ref164:ord0,【EXTRA OPS：083】対戦車戦：MBTk-70　Custom,"　作戦エリア：バナネル・フルタ・デ・オロ
<C=FF4040>敵戦車を無力化<C=R>せよ。
破壊、または敵部隊を無力化することで
ミッションは完了する。",【EXTRA OPS：082】対戦車戦：MBTk-70,<C=FF4040> | <C=R>,"　作战区域：黄金果实香蕉园
<C=FF4040>使敌方战车失去行动能力<C=R>。
通过摧毁或使敌方部队失去行动能力
即可完成任务。",<C=FF4040> | <C=R>,MATCH,195,162,APPROVED,READY,NOT_TESTED,JPN_PRIMARY; MLG_CN_CONTEXT_AUXILIARY,mechanical template; resource_class=STAGEDAT_OLANG; source_objects=24; review_flag=SHARED_DESCRIPTION_JPN_AUTHORITY; FULLWIDTH_INDENT_AND_CONTROL_PRESERVED; JPN_無力化_NONLETHAL_SEMANTICS
LANG_MISSION_INFO.OLANG,64,144,144;145;144;145;144;145,6,,page15:tag:entity591:key00BB0D7B:ref144:ord0;page15:tag:entity258:key004A2EC0:ref145:ord0;page174:tag:entity591:key00BB0D7B:ref144:ord0;page174:tag:entity258:key004A2EC0:ref145:ord0;page180:tag:entity591:key00BB0D7B:ref144:ord0;page180:tag:entity258:key004A2EC0:ref145:ord0,"　作戦エリア：バナネル・フルタ・デ・オロ
<C=FF4040>敵戦車を無力化<C=R>せよ。
破壊、または敵部隊を無力化することで
ミッションは完了する。",【EXTRA OPS：082】対戦車戦：MBTk-70,"　作戦エリア：バナネル・フルタ・デ・オロ
<C=FF4040>敵戦車を無力化<C=R>せよ。
破壊、または敵部隊を無力化することで
ミッションは完了する。",,【EXTRA OPS：082】对战车战：MBTk-70,,MATCH,43,43,APPROVED,READY,NOT_TESTED,JPN_PRIMARY; MLG_CN_CONTEXT_AUXILIARY,mechanical template; resource_class=STAGEDAT_OLANG; source_objects=6; review_flag=JPN_MODEL_CASE_PRESERVED
LANG_MISSION_INFO.OLANG,65,147,147;148;147;148;147;148,6,,page15:tag:entity585:key00BA0D7B:ref147:ord0;page15:tag:entity257:key004A2E80:ref148:ord0;page174:tag:entity585:key00BA0D7B:ref147:ord0;page174:tag:entity257:key004A2E80:ref148:ord0;page180:tag:entity585:key00BA0D7B:ref147:ord0;page180:tag:entity257:key004A2E80:ref148:ord0,"　作戦エリア：バナネル・フルタ・デ・オロ
<C=FF4040>敵戦車を無力化<C=R>せよ。
破壊、または敵部隊を無力化することで
ミッションは完了する。",【EXTRA OPS：081】対戦車戦：KPz 70　Custom,"　作戦エリア：バナネル・フルタ・デ・オロ
<C=FF4040>敵戦車を無力化<C=R>せよ。
破壊、または敵部隊を無力化することで
ミッションは完了する。",,【EXTRA OPS：081】对战车战：KPz 70　Custom,,MATCH,51,51,APPROVED,READY,NOT_TESTED,JPN_PRIMARY; MLG_CN_CONTEXT_AUXILIARY,mechanical template; resource_class=STAGEDAT_OLANG; source_objects=6; review_flag=JPN_FULLWIDTH_SPACE_PRESERVED
LANG_MISSION_INFO.OLANG,66,150,150;151;150;151;150;151,6,,page15:tag:entity580:key00B90D7B:ref150:ord0;page15:tag:entity256:key004A2E40:ref151:ord0;page174:tag:entity580:key00B90D7B:ref150:ord0;page174:tag:entity256:key004A2E40:ref151:ord0;page180:tag:entity580:key00B90D7B:ref150:ord0;page180:tag:entity256:key004A2E40:ref151:ord0,"　作戦エリア：バナネル・フルタ・デ・オロ
<C=FF4040>敵戦車を無力化<C=R>せよ。
破壊、または敵部隊を無力化することで
ミッションは完了する。",【EXTRA OPS：080】対戦車戦：KPz 70,"　作戦エリア：バナネル・フルタ・デ・オロ
<C=FF4040>敵戦車を無力化<C=R>せよ。
破壊、または敵部隊を無力化することで
ミッションは完了する。",,【EXTRA OPS：080】对战车战：KPz 70,,MATCH,42,42,APPROVED,READY,NOT_TESTED,JPN_PRIMARY; MLG_CN_CONTEXT_AUXILIARY,mechanical template; resource_class=STAGEDAT_OLANG; source_objects=6
LANG_MISSION_INFO.OLANG,67,153,153;154;153;154;153;154,6,,page15:tag:entity575:key00B80D7B:ref153:ord0;page15:tag:entity255:key004A2E00:ref154:ord0;page174:tag:entity575:key00B80D7B:ref153:ord0;page174:tag:entity255:key004A2E00:ref154:ord0;page180:tag:entity575:key00B80D7B:ref153:ord0;page180:tag:entity255:key004A2E00:ref154:ord0,"　作戦エリア：バナネル・フルタ・デ・オロ
<C=FF4040>敵戦車を無力化<C=R>せよ。
破壊、または敵部隊を無力化することで
ミッションは完了する。",【EXTRA OPS：079】対戦車戦：T-72A　Custom,"　作戦エリア：バナネル・フルタ・デ・オロ
<C=FF4040>敵戦車を無力化<C=R>せよ。
破壊、または敵部隊を無力化することで
ミッションは完了する。",,【EXTRA OPS：079】对战车战：T-72A　Custom,,MATCH,50,50,APPROVED,READY,NOT_TESTED,JPN_PRIMARY; MLG_CN_CONTEXT_AUXILIARY,mechanical template; resource_class=STAGEDAT_OLANG; source_objects=6; review_flag=JPN_FULLWIDTH_SPACE_PRESERVED
LANG_MISSION_INFO.OLANG,68,156,156;157;156;157;156;157,6,,page15:tag:entity570:key00B70D7B:ref156:ord0;page15:tag:entity254:key004A2DC0:ref157:ord0;page174:tag:entity570:key00B70D7B:ref156:ord0;page174:tag:entity254:key004A2DC0:ref157:ord0;page180:tag:entity570:key00B70D7B:ref156:ord0;page180:tag:entity254:key004A2DC0:ref157:ord0,"　作戦エリア：バナネル・フルタ・デ・オロ
<C=FF4040>敵戦車を無力化<C=R>せよ。
破壊、または敵部隊を無力化することで
ミッションは完了する。",【EXTRA OPS：078】対戦車戦：T-72A,"　作戦エリア：バナネル・フルタ・デ・オロ
<C=FF4040>敵戦車を無力化<C=R>せよ。
破壊、または敵部隊を無力化することで
ミッションは完了する。",,【EXTRA OPS：078】对战车战：T-72A,,MATCH,41,41,APPROVED,READY,NOT_TESTED,JPN_PRIMARY; MLG_CN_CONTEXT_AUXILIARY,mechanical template; resource_class=STAGEDAT_OLANG; source_objects=6
LANG_MISSION_INFO.OLANG,69,159,159;160;159;160;159;160,6,,page15:tag:entity501:key00A00D7B:ref159:ord0;page15:tag:entity253:key004A2800:ref160:ord0;page174:tag:entity501:key00A00D7B:ref159:ord0;page174:tag:entity253:key004A2800:ref160:ord0;page180:tag:entity501:key00A00D7B:ref159:ord0;page180:tag:entity253:key004A2800:ref160:ord0,"　作戦エリア：バナネル・フルタ・デ・オロ
<C=FF4040>敵戦車を無力化<C=R>せよ。
破壊、または敵部隊を無力化することで
ミッションは完了する。",【EXTRA OPS：077】対戦車戦：T-72U　Custom,"　作戦エリア：バナネル・フルタ・デ・オロ
<C=FF4040>敵戦車を無力化<C=R>せよ。
破壊、または敵部隊を無力化することで
ミッションは完了する。",,【EXTRA OPS：077】对战车战：T-72U　Custom,,MATCH,50,50,APPROVED,READY,NOT_TESTED,JPN_PRIMARY; MLG_CN_CONTEXT_AUXILIARY,mechanical template; resource_class=STAGEDAT_OLANG; source_objects=6; review_flag=JPN_FULLWIDTH_SPACE_PRESERVED
LANG_MISSION_INFO.OLANG,70,162,162;163;162;163;162;163,6,,page15:tag:entity494:key009F0D7B:ref162:ord0;page15:tag:entity252:key004A27C0:ref163:ord0;page174:tag:entity494:key009F0D7B:ref162:ord0;page174:tag:entity252:key004A27C0:ref163:ord0;page180:tag:entity494:key009F0D7B:ref162:ord0;page180:tag:entity252:key004A27C0:ref163:ord0,"　作戦エリア：バナネル・フルタ・デ・オロ
<C=FF4040>敵戦車を無力化<C=R>せよ。
破壊、または敵部隊を無力化することで
ミッションは完了する。",【EXTRA OPS：076】対戦車戦：T-72U,"　作戦エリア：バナネル・フルタ・デ・オロ
<C=FF4040>敵戦車を無力化<C=R>せよ。
破壊、または敵部隊を無力化することで
ミッションは完了する。",,【EXTRA OPS：076】对战车战：T-72U,,MATCH,41,41,APPROVED,READY,NOT_TESTED,JPN_PRIMARY; MLG_CN_CONTEXT_AUXILIARY,mechanical template; resource_class=STAGEDAT_OLANG; source_objects=6
LANG_MISSION_INFO.OLANG,71,165,165;166;165;166;165;166,6,,page15:tag:entity487:key009E0D7B:ref165:ord0;page15:tag:entity251:key004A2780:ref166:ord0;page174:tag:entity487:key009E0D7B:ref165:ord0;page174:tag:entity251:key004A2780:ref166:ord0;page180:tag:entity487:key009E0D7B:ref165:ord0;page180:tag:entity251:key004A2780:ref166:ord0,"　作戦エリア：バナネル・フルタ・デ・オロ
<C=FF4040>敵戦車を無力化<C=R>せよ。
破壊、または敵部隊を無力化することで
ミッションは完了する。",【EXTRA OPS：075】対装甲車戦：LAV-typeC Custom,"　作戦エリア：バナネル・フルタ・デ・オロ
<C=FF4040>敵装甲車を無力化<C=R>せよ。
破壊、または敵部隊を無力化することで
ミッションは完了する。",,【EXTRA OPS：075】对装甲车战：LAV-typeC Custom,,MATCH,55,55,APPROVED,READY,NOT_TESTED,JPN_PRIMARY; MLG_CN_CONTEXT_AUXILIARY,mechanical template; resource_class=STAGEDAT_OLANG; source_objects=6; review_flag=JPN_MODEL_CASE_AND_ASCII_SPACE_PRESERVED
LANG_MISSION_INFO.OLANG,72,167,167;170;173;176;179;182;185;167;170;173;176;179;182;185;167;170;173;176;179;182;185,21,,page15:tag:entity362:key00621B26:ref167:ord0;page15:tag:entity358:key00611B26:ref170:ord0;page15:tag:entity354:key00601B26:ref173:ord0;page15:tag:entity349:key005F1B26:ref176:ord0;page15:tag:entity343:key005E1B26:ref179:ord0;page15:tag:entity338:key005D1B26:ref182:ord0;page15:tag:entity333:key005C1B26:ref185:ord0;page174:tag:entity362:key00621B26:ref167:ord0;page174:tag:entity358:key00611B26:ref170:ord0;page174:tag:entity354:key00601B26:ref173:ord0;page174:tag:entity349:key005F1B26:ref176:ord0;page174:tag:entity343:key005E1B26:ref179:ord0;page174:tag:entity338:key005D1B26:ref182:ord0;page174:tag:entity333:key005C1B26:ref185:ord0;page180:tag:entity362:key00621B26:ref167:ord0;page180:tag:entity358:key00611B26:ref170:ord0;page180:tag:entity354:key00601B26:ref173:ord0;page180:tag:entity349:key005F1B26:ref176:ord0;page180:tag:entity343:key005E1B26:ref179:ord0;page180:tag:entity338:key005D1B26:ref182:ord0;page180:tag:entity333:key005C1B26:ref185:ord0,【EXTRA OPS：075】対装甲車戦：LAV-typeC Custom,"　作戦エリア：バナネル・フルタ・デ・オロ
<C=FF4040>敵装甲車を無力化<C=R>せよ。
破壊、または敵部隊を無力化することで
ミッションは完了する。",【EXTRA OPS：074】対装甲車戦：LAV-typeC,<C=FF4040> | <C=R>,"　作战区域：黄金果实香蕉园
<C=FF4040>使敌方装甲车失去行动能力<C=R>。
通过摧毁或使敌方部队失去行动能力
即可完成任务。",<C=FF4040> | <C=R>,MATCH,198,165,APPROVED,READY,NOT_TESTED,JPN_PRIMARY; MLG_CN_CONTEXT_AUXILIARY,mechanical template; resource_class=STAGEDAT_OLANG; source_objects=21; review_flag=SHARED_DESCRIPTION_JPN_AUTHORITY; FULLWIDTH_INDENT_AND_CONTROL_PRESERVED; JPN_無力化_NONLETHAL_SEMANTICS
LANG_MISSION_INFO.OLANG,73,168,168;169;168;169;168;169,6,,page15:tag:entity480:key009D0D7B:ref168:ord0;page15:tag:entity250:key004A2740:ref169:ord0;page174:tag:entity480:key009D0D7B:ref168:ord0;page174:tag:entity250:key004A2740:ref169:ord0;page180:tag:entity480:key009D0D7B:ref168:ord0;page180:tag:entity250:key004A2740:ref169:ord0,"　作戦エリア：バナネル・フルタ・デ・オロ
<C=FF4040>敵装甲車を無力化<C=R>せよ。
破壊、または敵部隊を無力化することで
ミッションは完了する。",【EXTRA OPS：074】対装甲車戦：LAV-typeC,"　作戦エリア：バナネル・フルタ・デ・オロ
<C=FF4040>敵装甲車を無力化<C=R>せよ。
破壊、または敵部隊を無力化することで
ミッションは完了する。",,【EXTRA OPS：074】对装甲车战：LAV-typeC,,MATCH,48,48,APPROVED,READY,NOT_TESTED,JPN_PRIMARY; MLG_CN_CONTEXT_AUXILIARY,mechanical template; resource_class=STAGEDAT_OLANG; source_objects=6; review_flag=JPN_MODEL_CASE_PRESERVED
LANG_MISSION_INFO.OLANG,74,171,171;172;171;172;171;172,6,,page15:tag:entity473:key009C0D7B:ref171:ord0;page15:tag:entity249:key004A2700:ref172:ord0;page174:tag:entity473:key009C0D7B:ref171:ord0;page174:tag:entity249:key004A2700:ref172:ord0;page180:tag:entity473:key009C0D7B:ref171:ord0;page180:tag:entity249:key004A2700:ref172:ord0,"　作戦エリア：バナネル・フルタ・デ・オロ
<C=FF4040>敵装甲車を無力化<C=R>せよ。
破壊、または敵部隊を無力化することで
ミッションは完了する。",【EXTRA OPS：073】対装甲車戦：LAV-typeG Custom,"　作戦エリア：バナネル・フルタ・デ・オロ
<C=FF4040>敵装甲車を無力化<C=R>せよ。
破壊、または敵部隊を無力化することで
ミッションは完了する。",,【EXTRA OPS：073】对装甲车战：LAV-typeG Custom,,MATCH,55,55,APPROVED,READY,NOT_TESTED,JPN_PRIMARY; MLG_CN_CONTEXT_AUXILIARY,mechanical template; resource_class=STAGEDAT_OLANG; source_objects=6; review_flag=JPN_MODEL_CASE_AND_ASCII_SPACE_PRESERVED
LANG_MISSION_INFO.OLANG,75,174,174;175;174;175;174;175,6,,page15:tag:entity466:key009B0D7B:ref174:ord0;page15:tag:entity248:key004A26C0:ref175:ord0;page174:tag:entity466:key009B0D7B:ref174:ord0;page174:tag:entity248:key004A26C0:ref175:ord0;page180:tag:entity466:key009B0D7B:ref174:ord0;page180:tag:entity248:key004A26C0:ref175:ord0,"　作戦エリア：バナネル・フルタ・デ・オロ
<C=FF4040>敵装甲車を無力化<C=R>せよ。
破壊、または敵部隊を無力化することで
ミッションは完了する。",【EXTRA OPS：072】対装甲車戦：BTR-60 PB Custom,"　作戦エリア：バナネル・フルタ・デ・オロ
<C=FF4040>敵装甲車を無力化<C=R>せよ。
破壊、または敵部隊を無力化することで
ミッションは完了する。",,【EXTRA OPS：072】对装甲车战：BTR-60 PB Custom,,MATCH,55,55,APPROVED,READY,NOT_TESTED,JPN_PRIMARY; MLG_CN_CONTEXT_AUXILIARY,mechanical template; resource_class=STAGEDAT_OLANG; source_objects=6; review_flag=JPN_ASCII_SPACE_BEFORE_CUSTOM_PRESERVED
LANG_MISSION_INFO.OLANG,76,177,177;178;177;178;177;178,6,,page15:tag:entity461:key009A0D7B:ref177:ord0;page15:tag:entity247:key004A2680:ref178:ord0;page174:tag:entity461:key009A0D7B:ref177:ord0;page174:tag:entity247:key004A2680:ref178:ord0;page180:tag:entity461:key009A0D7B:ref177:ord0;page180:tag:entity247:key004A2680:ref178:ord0,"　作戦エリア：バナネル・フルタ・デ・オロ
<C=FF4040>敵装甲車を無力化<C=R>せよ。
破壊、または敵部隊を無力化することで
ミッションは完了する。",【EXTRA OPS：071】対装甲車戦：BTR-60 PB,"　作戦エリア：バナネル・フルタ・デ・オロ
<C=FF4040>敵装甲車を無力化<C=R>せよ。
破壊、または敵部隊を無力化することで
ミッションは完了する。",,【EXTRA OPS：071】对装甲车战：BTR-60 PB,,MATCH,48,48,APPROVED,READY,NOT_TESTED,JPN_PRIMARY; MLG_CN_CONTEXT_AUXILIARY,mechanical template; resource_class=STAGEDAT_OLANG; source_objects=6
LANG_MISSION_INFO.OLANG,77,180,180;181;180;181;180;181,6,,page15:tag:entity457:key00990D7B:ref180:ord0;page15:tag:entity246:key004A2640:ref181:ord0;page174:tag:entity457:key00990D7B:ref180:ord0;page174:tag:entity246:key004A2640:ref181:ord0;page180:tag:entity457:key00990D7B:ref180:ord0;page180:tag:entity246:key004A2640:ref181:ord0,"　作戦エリア：バナネル・フルタ・デ・オロ
<C=FF4040>敵装甲車を無力化<C=R>せよ。
破壊、または敵部隊を無力化することで
ミッションは完了する。",【EXTRA OPS：070】対装甲車戦：BTR-60 PA Custom,"　作戦エリア：バナネル・フルタ・デ・オロ
<C=FF4040>敵装甲車を無力化<C=R>せよ。
破壊、または敵部隊を無力化することで
ミッションは完了する。",,【EXTRA OPS：070】对装甲车战：BTR-60 PA Custom,,MATCH,55,55,APPROVED,READY,NOT_TESTED,JPN_PRIMARY; MLG_CN_CONTEXT_AUXILIARY,mechanical template; resource_class=STAGEDAT_OLANG; source_objects=6; review_flag=JPN_ASCII_SPACE_BEFORE_CUSTOM_PRESERVED
LANG_MISSION_INFO.OLANG,78,183,183;184;183;184;183;184,6,,page15:tag:entity453:key00980D7B:ref183:ord0;page15:tag:entity245:key004A2600:ref184:ord0;page174:tag:entity453:key00980D7B:ref183:ord0;page174:tag:entity245:key004A2600:ref184:ord0;page180:tag:entity453:key00980D7B:ref183:ord0;page180:tag:entity245:key004A2600:ref184:ord0,"　作戦エリア：バナネル・フルタ・デ・オロ
<C=FF4040>敵装甲車を無力化<C=R>せよ。
破壊、または敵部隊を無力化することで
ミッションは完了する。",【EXTRA OPS：069】対装甲車戦：BTR-60 PA,"　作戦エリア：バナネル・フルタ・デ・オロ
<C=FF4040>敵装甲車を無力化<C=R>せよ。
破壊、または敵部隊を無力化することで
ミッションは完了する。",,【EXTRA OPS：069】对装甲车战：BTR-60 PA,,MATCH,48,48,APPROVED,READY,NOT_TESTED,JPN_PRIMARY; MLG_CN_CONTEXT_AUXILIARY,mechanical template; resource_class=STAGEDAT_OLANG; source_objects=6
LANG_MISSION_INFO.OLANG,79,186,186;187;186;187;186;187,6,,page15:tag:entity733:key00DE0D77:ref186:ord0;page15:tag:entity244:key00493780:ref187:ord0;page174:tag:entity733:key00DE0D77:ref186:ord0;page174:tag:entity244:key00493780:ref187:ord0;page180:tag:entity733:key00DE0D77:ref186:ord0;page180:tag:entity244:key00493780:ref187:ord0,"　作戦エリア：バナネル・フルタ・デ・オロ
<C=FF4040>敵装甲車を無力化<C=R>せよ。
破壊、または敵部隊を無力化することで
ミッションは完了する。",【EXTRA OPS：003】射撃訓練：スコアアタック,"マザーベース・射撃訓練場にて可能な限り<C=FF4040>速く多くの的（ターゲット）
を撃て<C=R>。
支援補給、支援攻撃不可。
　制限時間：03'00""
　ターゲット数：不定",,【EXTRA OPS：003】射击训练：得分挑战,,MATCH,57,48,APPROVED,READY,NOT_TESTED,JPN_PRIMARY; MLG_CN_CONTEXT_AUXILIARY,mechanical template; resource_class=STAGEDAT_OLANG; source_objects=6
LANG_MISSION_INFO.OLANG,80,188,188;188;188,3,,page15:tag:entity509:key00A21B22:ref188:ord0;page174:tag:entity509:key00A21B22:ref188:ord0;page180:tag:entity509:key00A21B22:ref188:ord0,【EXTRA OPS：003】射撃訓練：スコアアタック,"マザーベース・射撃訓練場にて可能な限り<C=FF4040>速く多くの的（ターゲット）
を撃て<C=R>。
支援補給、支援攻撃不可。
　制限時間：03'00""
　ターゲット数：不定",【EXTRA OPS：001】射撃訓練：無限,<C=FF4040> | <C=R>,"在Mother Base・射击训练场尽可能<C=FF4040>快速射击更多靶子（目标）
<C=R>。
禁止支援补给、支援攻击。
　时间限制：03'00""
　目标数：不定",<C=FF4040> | <C=R>,MATCH,217,180,APPROVED,READY,NOT_TESTED,JPN_PRIMARY; MLG_CN_CONTEXT_AUXILIARY,mechanical template; resource_class=STAGEDAT_OLANG; source_objects=3; review_flag=CONTROL_COLOR_ORDER_AND_NEWLINE_PRESERVED; JPN_SUPPORT_RESTRICTIONS_AND_INDETERMINATE_TARGET_COUNT_PRESERVED
LANG_MISSION_INFO.OLANG,81,189,189;190;189;190;189;190,6,,page15:tag:entity728:key00DD0D77:ref189:ord0;page15:tag:entity243:key00493740:ref190:ord0;page174:tag:entity728:key00DD0D77:ref189:ord0;page174:tag:entity243:key00493740:ref190:ord0;page180:tag:entity728:key00DD0D77:ref189:ord0;page180:tag:entity243:key00493740:ref190:ord0,"マザーベース・射撃訓練場にて可能な限り<C=FF4040>速く多くの的（ターゲット）
を撃て<C=R>。
支援補給、支援攻撃不可。
　制限時間：03'00""
　ターゲット数：不定",【EXTRA OPS：001】射撃訓練：無限,"マザーベース・射撃訓練場での<C=FF4040>射撃訓練<C=R>。弾数は無制限。
<C=FF4040>出口へ向かうと終了<C=R>。
支援補給、支援攻撃不可。
　ターゲット数：不定",,【EXTRA OPS：001】射击训练：无限,,MATCH,42,42,APPROVED,READY,NOT_TESTED,JPN_PRIMARY; MLG_CN_CONTEXT_AUXILIARY,mechanical template; resource_class=STAGEDAT_OLANG; source_objects=6
LANG_MISSION_INFO.OLANG,82,191,191;191;191,3,,page15:tag:entity506:key00A11B22:ref191:ord0;page174:tag:entity506:key00A11B22:ref191:ord0;page180:tag:entity506:key00A11B22:ref191:ord0,【EXTRA OPS：001】射撃訓練：無限,"マザーベース・射撃訓練場での<C=FF4040>射撃訓練<C=R>。弾数は無制限。
<C=FF4040>出口へ向かうと終了<C=R>。
支援補給、支援攻撃不可。
　ターゲット数：不定",【EXTRA OPS：004】射撃訓練：タイムアタック,<C=FF4040> | <C=R> | <C=FF4040> | <C=R>,"在Mother Base・射击训练场进行<C=FF4040>射击训练<C=R>。弹药无限。
<C=FF4040>前往出口即结束<C=R>。
禁止支援补给、支援攻击。
　目标数：不定",<C=FF4040> | <C=R> | <C=FF4040> | <C=R>,MATCH,207,182,APPROVED,READY,NOT_TESTED,JPN_PRIMARY; MLG_CN_CONTEXT_AUXILIARY,mechanical template; resource_class=STAGEDAT_OLANG; source_objects=3; review_flag=CONTROL_COLOR_ORDER_PRESERVED; JPN_INDETERMINATE_TARGET_COUNT_PRESERVED; AUX_UNLIMITED_TARGET_COUNT_REJECTED
LANG_MISSION_INFO.OLANG,83,192,192;193;192;193;192;193,6,,page15:tag:entity722:key00DC0D77:ref192:ord0;page15:tag:entity242:key00493700:ref193:ord0;page174:tag:entity722:key00DC0D77:ref192:ord0;page174:tag:entity242:key00493700:ref193:ord0;page180:tag:entity722:key00DC0D77:ref192:ord0;page180:tag:entity242:key00493700:ref193:ord0,"マザーベース・射撃訓練場での<C=FF4040>射撃訓練<C=R>。弾数は無制限。
<C=FF4040>出口へ向かうと終了<C=R>。
支援補給、支援攻撃不可。
　ターゲット数：不定",【EXTRA OPS：004】射撃訓練：タイムアタック,"マザーベース・キルハウスにて可能な限り<C=FF4040>速く最後の的（ターゲット）
を撃て<C=R>。
<C=FF4040>SINGLE限定<C=R>。
支援補給、支援攻撃不可。
　制限時間：05'00""
　ターゲット数：24",,【EXTRA OPS：004】射击训练：时间挑战,,MATCH,57,48,APPROVED,READY,NOT_TESTED,JPN_PRIMARY; MLG_CN_CONTEXT_AUXILIARY,mechanical template; resource_class=STAGEDAT_OLANG; source_objects=6
LANG_MISSION_INFO.OLANG,84,194,194;194;194,3,,page15:tag:entity503:key00A01B22:ref194:ord0;page174:tag:entity503:key00A01B22:ref194:ord0;page180:tag:entity503:key00A01B22:ref194:ord0,【EXTRA OPS：004】射撃訓練：タイムアタック,"マザーベース・キルハウスにて可能な限り<C=FF4040>速く最後の的（ターゲット）
を撃て<C=R>。
<C=FF4040>SINGLE限定<C=R>。
支援補給、支援攻撃不可。
　制限時間：05'00""
　ターゲット数：24",【EXTRA OPS：002】射撃訓練：無限,<C=FF4040> | <C=R> | <C=FF4040> | <C=R>,"在Mother Base・Kill House尽可能<C=FF4040>快速射中最后的靶子（目标）
<C=R>。
<C=FF4040>仅限SINGLE<C=R>。
禁止支援补给、支援攻击。
　时间限制：05'00""
　目标数：24",<C=FF4040> | <C=R> | <C=FF4040> | <C=R>,MATCH,244,205,APPROVED,READY,NOT_TESTED,JPN_PRIMARY; MLG_CN_CONTEXT_AUXILIARY,mechanical template; resource_class=STAGEDAT_OLANG; source_objects=3; review_flag=JPN_TWO_COLOR_PAIRS_PRESERVED; AUX_CONTROL_RESEGMENTATION_REJECTED; JPN_SUPPORT_RESTRICTIONS_PRESERVED
LANG_MISSION_INFO.OLANG,85,195,195;196;195;196;195;196,6,,page15:tag:entity716:key00DB0D77:ref195:ord0;page15:tag:entity241:key004936C0:ref196:ord0;page174:tag:entity716:key00DB0D77:ref195:ord0;page174:tag:entity241:key004936C0:ref196:ord0;page180:tag:entity716:key00DB0D77:ref195:ord0;page180:tag:entity241:key004936C0:ref196:ord0,"マザーベース・キルハウスにて可能な限り<C=FF4040>速く最後の的（ターゲット）
を撃て<C=R>。
<C=FF4040>SINGLE限定<C=R>。
支援補給、支援攻撃不可。
　制限時間：05'00""
　ターゲット数：24",【EXTRA OPS：002】射撃訓練：無限,"マザーベース・キルハウスでの<C=FF4040>射撃訓練<C=R>。弾数は無制限。
<C=FF4040>出口へ向かうと終了<C=R>。
<C=FF4040>SINGLE限定<C=R>。
支援補給、支援攻撃不可。
　ターゲット数：不定",,【EXTRA OPS：002】射击训练：无限,,MATCH,42,42,APPROVED,READY,NOT_TESTED,JPN_PRIMARY; MLG_CN_CONTEXT_AUXILIARY,mechanical template; resource_class=STAGEDAT_OLANG; source_objects=6
LANG_MISSION_INFO.OLANG,86,197,197;197;197,3,,page15:tag:entity496:key009F1B22:ref197:ord0;page174:tag:entity496:key009F1B22:ref197:ord0;page180:tag:entity496:key009F1B22:ref197:ord0,【EXTRA OPS：002】射撃訓練：無限,"マザーベース・キルハウスでの<C=FF4040>射撃訓練<C=R>。弾数は無制限。
<C=FF4040>出口へ向かうと終了<C=R>。
<C=FF4040>SINGLE限定<C=R>。
支援補給、支援攻撃不可。
　ターゲット数：不定",【EXTRA OPS：068】カズとデート,<C=FF4040> | <C=R> | <C=FF4040> | <C=R> | <C=FF4040> | <C=R>,"在Mother Base・Kill House进行<C=FF4040>射击训练<C=R>。弹药无限。
<C=FF4040>前往出口即结束<C=R>。
<C=FF4040>仅限SINGLE<C=R>。
禁止支援补给、支援攻击。
　目标数：不定",<C=FF4040> | <C=R> | <C=FF4040> | <C=R> | <C=FF4040> | <C=R>,MATCH,238,208,APPROVED,READY,NOT_TESTED,JPN_PRIMARY; MLG_CN_CONTEXT_AUXILIARY,mechanical template; resource_class=STAGEDAT_OLANG; source_objects=3; review_flag=CONTROL_COLOR_ORDER_PRESERVED; JPN_INDETERMINATE_TARGET_COUNT_PRESERVED; AUX_UNLIMITED_TARGET_COUNT_REJECTED
LANG_MISSION_INFO.OLANG,87,198,198;199;198;199;198;199,6,,page15:tag:entity711:key00DA0D77:ref198:ord0;page15:tag:entity240:key00493680:ref199:ord0;page174:tag:entity711:key00DA0D77:ref198:ord0;page174:tag:entity240:key00493680:ref199:ord0;page180:tag:entity711:key00DA0D77:ref198:ord0;page180:tag:entity240:key00493680:ref199:ord0,"マザーベース・キルハウスでの<C=FF4040>射撃訓練<C=R>。弾数は無制限。
<C=FF4040>出口へ向かうと終了<C=R>。
<C=FF4040>SINGLE限定<C=R>。
支援補給、支援攻撃不可。
　ターゲット数：不定",【EXTRA OPS：068】カズとデート,"<C=FF4040>カズヒラ・ミラーとデート<C=R>せよ。
<C=FF4040>スネーク限定<C=R>。
<C=FF4040>SINGLE限定<C=R>。
　制限時間：無制限
　禁止武器装備品：危険物全般
　必要装備品：彼の求めるもの",,【EXTRA OPS：068】与Kaz约会,,MATCH,39,33,APPROVED,READY,NOT_TESTED,JPN_PRIMARY; MLG_CN_CONTEXT_AUXILIARY,mechanical template; resource_class=STAGEDAT_OLANG; source_objects=6
LANG_MISSION_INFO.OLANG,88,200,200;200;200,3,,page15:tag:entity489:key009E1B22:ref200:ord0;page174:tag:entity489:key009E1B22:ref200:ord0;page180:tag:entity489:key009E1B22:ref200:ord0,【EXTRA OPS：068】カズとデート,"<C=FF4040>カズヒラ・ミラーとデート<C=R>せよ。
<C=FF4040>スネーク限定<C=R>。
<C=FF4040>SINGLE限定<C=R>。
　制限時間：無制限
　禁止武器装備品：危険物全般
　必要装備品：彼の求めるもの",【EXTRA OPS：067】パスとデート,<C=FF4040> | <C=R> | <C=FF4040> | <C=R> | <C=FF4040> | <C=R>,"<C=FF4040>与Kazuhira Miller约会<C=R>。
<C=FF4040>仅限Snake<C=R>。
<C=FF4040>仅限SINGLE<C=R>。
　时间限制：无限制
　禁止武器装备品：所有危险物品
　必要装备品：他想要的东西",<C=FF4040> | <C=R> | <C=FF4040> | <C=R> | <C=FF4040> | <C=R>,MATCH,242,217,APPROVED,READY,NOT_TESTED,JPN_PRIMARY; MLG_CN_CONTEXT_AUXILIARY,mechanical template; resource_class=STAGEDAT_OLANG; source_objects=3; review_flag=CONTROL_COLOR_ORDER_PRESERVED; JPN_DANGEROUS_ITEMS_GENERAL_PRESERVED; AUX_NO_LETHAL_WEAPONS_NARROWING_REJECTED
LANG_MISSION_INFO.OLANG,89,201,201;202;201;202;201;202,6,,page15:tag:entity707:key00D90D77:ref201:ord0;page15:tag:entity239:key00493640:ref202:ord0;page174:tag:entity707:key00D90D77:ref201:ord0;page174:tag:entity239:key00493640:ref202:ord0;page180:tag:entity707:key00D90D77:ref201:ord0;page180:tag:entity239:key00493640:ref202:ord0,"<C=FF4040>カズヒラ・ミラーとデート<C=R>せよ。
<C=FF4040>スネーク限定<C=R>。
<C=FF4040>SINGLE限定<C=R>。
　制限時間：無制限
　禁止武器装備品：危険物全般
　必要装備品：彼の求めるもの",【EXTRA OPS：067】パスとデート,"<C=FF4040>パスとデート<C=R>せよ。
<C=FF4040>スネーク限定<C=R>。
<C=FF4040>SINGLE限定<C=R>。
　制限時間：無制限
　禁止武器装備品：危険物全般
　必要装備品：彼女の求めるもの",,【EXTRA OPS：067】与Paz约会,,MATCH,39,33,APPROVED,READY,NOT_TESTED,JPN_PRIMARY; MLG_CN_CONTEXT_AUXILIARY,mechanical template; resource_class=STAGEDAT_OLANG; source_objects=6
LANG_MISSION_INFO.OLANG,90,203,203;203;203,3,,page15:tag:entity482:key009D1B22:ref203:ord0;page174:tag:entity482:key009D1B22:ref203:ord0;page180:tag:entity482:key009D1B22:ref203:ord0,【EXTRA OPS：067】パスとデート,"<C=FF4040>パスとデート<C=R>せよ。
<C=FF4040>スネーク限定<C=R>。
<C=FF4040>SINGLE限定<C=R>。
　制限時間：無制限
　禁止武器装備品：危険物全般
　必要装備品：彼女の求めるもの",【EXTRA OPS：055】米兵救出,<C=FF4040> | <C=R> | <C=FF4040> | <C=R> | <C=FF4040> | <C=R>,"<C=FF4040>与Paz约会<C=R>。
<C=FF4040>仅限Snake<C=R>。
<C=FF4040>仅限SINGLE<C=R>。
　时间限制：无限制
　禁止武器装备品：所有危险物品
　必要装备品：她想要的东西",<C=FF4040> | <C=R> | <C=FF4040> | <C=R> | <C=FF4040> | <C=R>,MATCH,227,205,APPROVED,READY,NOT_TESTED,JPN_PRIMARY; MLG_CN_CONTEXT_AUXILIARY,mechanical template; resource_class=STAGEDAT_OLANG; source_objects=3; review_flag=CONTROL_COLOR_ORDER_PRESERVED; JPN_DANGEROUS_ITEMS_GENERAL_PRESERVED; AUX_NO_LETHAL_WEAPONS_NARROWING_REJECTED
LANG_MISSION_INFO.OLANG,91,204,204;205;204;205;204;205,6,,page15:tag:entity703:key00D80D77:ref204:ord0;page15:tag:entity238:key00493600:ref205:ord0;page174:tag:entity703:key00D80D77:ref204:ord0;page174:tag:entity238:key00493600:ref205:ord0;page180:tag:entity703:key00D80D77:ref204:ord0;page180:tag:entity238:key00493600:ref205:ord0,"<C=FF4040>パスとデート<C=R>せよ。
<C=FF4040>スネーク限定<C=R>。
<C=FF4040>SINGLE限定<C=R>。
　制限時間：無制限
　禁止武器装備品：危険物全般
　必要装備品：彼女の求めるもの",【EXTRA OPS：055】米兵救出,"ニカラグア、米軍ミサイル基地にいる<C=FF4040>米兵士をフルトン回収で
救出<C=R>せよ。彼はソ連制圧部隊に襲われ、負傷している。
　制限時間：04'00""
　（米兵士が絶命するまで。敵に見つかってアラートになると-00'30"")
　必要装備品：<C=FF4040>フルトン回収装置<C=R>
　ターゲット数：1",,【EXTRA OPS：055】营救美军士兵,,MATCH,33,39,APPROVED,READY,NOT_TESTED,JPN_PRIMARY; MLG_CN_CONTEXT_AUXILIARY,mechanical template; resource_class=STAGEDAT_OLANG; source_objects=6
LANG_MISSION_INFO.OLANG,92,206,206;206;206,3,,page15:tag:entity475:key009C1B22:ref206:ord0;page174:tag:entity475:key009C1B22:ref206:ord0;page180:tag:entity475:key009C1B22:ref206:ord0,【EXTRA OPS：055】米兵救出,"ニカラグア、米軍ミサイル基地にいる<C=FF4040>米兵士をフルトン回収で
救出<C=R>せよ。彼はソ連制圧部隊に襲われ、負傷している。
　制限時間：04'00""
　（米兵士が絶命するまで。敵に見つかってアラートになると-00'30"")
　必要装備品：<C=FF4040>フルトン回収装置<C=R>
　ターゲット数：1",【EXTRA OPS：027】敵兵殲滅,<C=FF4040> | <C=R> | <C=FF4040> | <C=R>,"在尼加拉瓜美军导弹基地，用富尔顿回收<C=FF4040>营救美军士兵
<C=R>。他遭到苏联制压部队袭击并负伤。
　时间限制：04'00""
　（直到美军士兵死亡。被敌人发现进入警报状态时-00'30""）
　必要装备品：<C=FF4040>富尔顿回收装置<C=R>
　目标数：1",<C=FF4040> | <C=R> | <C=FF4040> | <C=R>,MATCH,380,316,APPROVED,READY,NOT_TESTED,JPN_PRIMARY; MLG_CN_CONTEXT_AUXILIARY,mechanical template; resource_class=STAGEDAT_OLANG; source_objects=3; review_flag=CONTROL_COLOR_ORDER_AND_NEWLINE_PRESERVED; JPN_ALERT_MINUS_00_30_PRESERVED; AUX_TIME_PENALTY_INTERPRETATION_REJECTED
LANG_MISSION_INFO.OLANG,93,207,207;208;207;208;207;208,6,,page15:tag:entity689:key00D70D77:ref207:ord0;page15:tag:entity237:key004935C0:ref208:ord0;page174:tag:entity689:key00D70D77:ref207:ord0;page174:tag:entity237:key004935C0:ref208:ord0;page180:tag:entity689:key00D70D77:ref207:ord0;page180:tag:entity237:key004935C0:ref208:ord0,"ニカラグア、米軍ミサイル基地にいる<C=FF4040>米兵士をフルトン回収で
救出<C=R>せよ。彼はソ連制圧部隊に襲われ、負傷している。
　制限時間：04'00""
　（米兵士が絶命するまで。敵に見つかってアラートになると-00'30"")
　必要装備品：<C=FF4040>フルトン回収装置<C=R>
　ターゲット数：1",【EXTRA OPS：027】敵兵殲滅,"ニカラグア、米軍ミサイル基地指定区域にいる<C=FF4040>全敵傭兵を無力化<C=R>
せよ。
気絶、睡眠、ホールドアップなど、殺傷以外の方法でも良い。
　制限時間：05'00""(敵に見つかってアラートになると-00'30"")
　ターゲット数：5",,【EXTRA OPS：027】敌兵歼灭,,MATCH,33,33,APPROVED,READY,NOT_TESTED,JPN_PRIMARY; MLG_CN_CONTEXT_AUXILIARY,mechanical template; resource_class=STAGEDAT_OLANG; source_objects=6
LANG_MISSION_INFO.OLANG,94,209,209;209;209,3,,page15:tag:entity468:key009B1B22:ref209:ord0;page174:tag:entity468:key009B1B22:ref209:ord0;page180:tag:entity468:key009B1B22:ref209:ord0,【EXTRA OPS：027】敵兵殲滅,"ニカラグア、米軍ミサイル基地指定区域にいる<C=FF4040>全敵傭兵を無力化<C=R>
せよ。
気絶、睡眠、ホールドアップなど、殺傷以外の方法でも良い。
　制限時間：05'00""(敵に見つかってアラートになると-00'30"")
　ターゲット数：5",sbm119/拠点（壊れオブジェ）を敵兵から防衛せよ　×,<C=FF4040> | <C=R>,"使尼加拉瓜美军导弹基地指定区域内的<C=FF4040>所有敌方佣兵失去行动能力<C=R>
。
也可采用击晕、睡眠、Hold Up等非杀伤手段。
　时间限制：05'00""（被敌人发现进入警报状态时-00'30""）
　目标数：5",<C=FF4040> | <C=R>,MATCH,302,256,APPROVED,READY,NOT_TESTED,JPN_PRIMARY; MLG_CN_CONTEXT_AUXILIARY,mechanical template; resource_class=STAGEDAT_OLANG; source_objects=3; review_flag=JPN_SPECIFIED_AREA_PRESERVED; AUX_SMALL_MAINTENANCE_DOCK_ADDITION_REJECTED; JPN_NONLETHAL_OPTIONS_PRESERVED
LANG_MISSION_INFO.OLANG,95,210,210;211;210;211;210;211,6,,page15:tag:entity622:key00C00D77:ref210:ord0;page15:tag:entity236:key00493000:ref211:ord0;page174:tag:entity622:key00C00D77:ref210:ord0;page174:tag:entity236:key00493000:ref211:ord0;page180:tag:entity622:key00C00D77:ref210:ord0;page180:tag:entity236:key00493000:ref211:ord0,"ニカラグア、米軍ミサイル基地指定区域にいる<C=FF4040>全敵傭兵を無力化<C=R>
せよ。
気絶、睡眠、ホールドアップなど、殺傷以外の方法でも良い。
　制限時間：05'00""(敵に見つかってアラートになると-00'30"")
　ターゲット数：5",sbm119/拠点（壊れオブジェ）を敵兵から防衛せよ　×,"sbm119内容/拠点（壊れオブジェ）を敵兵から防衛せよ

組み込み状況　：　×",,sbm119/从敌兵手中防卫据点（可破坏对象）　×,,MATCH,69,60,APPROVED,READY,NOT_TESTED,JPN_PRIMARY; MLG_CN_CONTEXT_AUXILIARY,mechanical template; resource_class=STAGEDAT_OLANG; source_objects=6; review_flag=DEV_OR_PLACEHOLDER_LABEL_LOCALIZED_CONSERVATIVELY; FULLWIDTH_SPACE_BEFORE_X_PRESERVED; REVIEW_TERM
LANG_MISSION_INFO.OLANG,96,212,212;212;212,3,,page15:tag:entity431:key00841B22:ref212:ord0;page174:tag:entity431:key00841B22:ref212:ord0;page180:tag:entity431:key00841B22:ref212:ord0,sbm119/拠点（壊れオブジェ）を敵兵から防衛せよ　×,"sbm119内容/拠点（壊れオブジェ）を敵兵から防衛せよ

組み込み状況　：　×",【EXTRA OPS：040】拠点防衛,,"sbm119内容/从敌兵手中防卫据点（可破坏对象）

实装状态　：　×",,MATCH,101,86,APPROVED,READY,NOT_TESTED,JPN_PRIMARY; MLG_CN_CONTEXT_AUXILIARY,mechanical template; resource_class=STAGEDAT_OLANG; source_objects=3; review_flag=DEV_OR_PLACEHOLDER_TEXT_LOCALIZED_CONSERVATIVELY; EMBEDDED_BLANK_LINE_AND_FULLWIDTH_SPACING_PRESERVED; REVIEW_TERM
LANG_MISSION_INFO.OLANG,97,213,213;214;213;214;213;214,6,,page15:tag:entity616:key00BF0D77:ref213:ord0;page15:tag:entity235:key00492FC0:ref214:ord0;page174:tag:entity616:key00BF0D77:ref213:ord0;page174:tag:entity235:key00492FC0:ref214:ord0;page180:tag:entity616:key00BF0D77:ref213:ord0;page180:tag:entity235:key00492FC0:ref214:ord0,"sbm119内容/拠点（壊れオブジェ）を敵兵から防衛せよ

組み込み状況　：　×",【EXTRA OPS：040】拠点防衛,"ニカラグア、米軍ミサイル基地・ヘリポートの<C=FF4040>拠点を敵の襲撃から
守り抜け<C=R>。
拠点内に敵兵士が一定時間留まると、拠点は制圧される。
制圧された拠点は色が変化。
<C=FF4040>全ての拠点が制圧されるとミッション失敗<C=R>。
<C=FF4040>MSF兵限定<C=R>。
　ターゲット数：15（敵兵の数）",,【EXTRA OPS：040】据点防卫,,MATCH,33,33,APPROVED,READY,NOT_TESTED,JPN_PRIMARY; MLG_CN_CONTEXT_AUXILIARY,mechanical template; resource_class=STAGEDAT_OLANG; source_objects=6
LANG_MISSION_INFO.OLANG,98,215,215;215;215,3,,page15:tag:entity427:key00831B22:ref215:ord0;page174:tag:entity427:key00831B22:ref215:ord0;page180:tag:entity427:key00831B22:ref215:ord0,【EXTRA OPS：040】拠点防衛,"ニカラグア、米軍ミサイル基地・ヘリポートの<C=FF4040>拠点を敵の襲撃から
守り抜け<C=R>。
拠点内に敵兵士が一定時間留まると、拠点は制圧される。
制圧された拠点は色が変化。
<C=FF4040>全ての拠点が制圧されるとミッション失敗<C=R>。
<C=FF4040>MSF兵限定<C=R>。
　ターゲット数：15（敵兵の数）",【EXTRA OPS：没】拠点防衛,<C=FF4040> | <C=R> | <C=FF4040> | <C=R> | <C=FF4040> | <C=R>,"在尼加拉瓜美军导弹基地・直升机停机坪，<C=FF4040>守住据点，抵御敌军袭击
<C=R>。
如果敌兵在据点内停留一定时间，据点就会被占领。
被占领的据点会变色。
<C=FF4040>所有据点均被占领则任务失败<C=R>。
<C=FF4040>仅限MSF士兵<C=R>。
　目标数：15（敌兵人数）",<C=FF4040> | <C=R> | <C=FF4040> | <C=R> | <C=FF4040> | <C=R>,MATCH,392,338,APPROVED,READY,NOT_TESTED,JPN_PRIMARY; MLG_CN_CONTEXT_AUXILIARY,mechanical template; resource_class=STAGEDAT_OLANG; source_objects=3; review_flag=CONTROL_COLOR_ORDER_AND_NEWLINE_PRESERVED; JPN_BASE_CAPTURE_MECHANIC_PRESERVED
LANG_MISSION_INFO.OLANG,99,216,216;217;216;217;216;217,6,,page15:tag:entity610:key00BE0D77:ref216:ord0;page15:tag:entity234:key00492F80:ref217:ord0;page174:tag:entity610:key00BE0D77:ref216:ord0;page174:tag:entity234:key00492F80:ref217:ord0;page180:tag:entity610:key00BE0D77:ref216:ord0;page180:tag:entity234:key00492F80:ref217:ord0,"ニカラグア、米軍ミサイル基地・ヘリポートの<C=FF4040>拠点を敵の襲撃から
守り抜け<C=R>。
拠点内に敵兵士が一定時間留まると、拠点は制圧される。
制圧された拠点は色が変化。
<C=FF4040>全ての拠点が制圧されるとミッション失敗<C=R>。
<C=FF4040>MSF兵限定<C=R>。
　ターゲット数：15（敵兵の数）",【EXTRA OPS：没】拠点防衛,"ニカラグア、米軍ミサイル基地・地下通路で、<C=FF4040>敵増援部隊を阻止<C=R>
せよ。<C=FF4040>MSF兵限定<C=R>。
　ターゲット数：20（敵兵の数）",,【EXTRA OPS：没】据点防卫,,MATCH,33,33,APPROVED,READY,NOT_TESTED,JPN_PRIMARY; MLG_CN_CONTEXT_AUXILIARY,mechanical template; resource_class=STAGEDAT_OLANG; source_objects=6; review_flag=SOURCE_没_MARKER_PRESERVED
LANG_MISSION_INFO.OLANG,100,218,218;218;218,3,,page15:tag:entity423:key00821B22:ref218:ord0;page174:tag:entity423:key00821B22:ref218:ord0;page180:tag:entity423:key00821B22:ref218:ord0,【EXTRA OPS：没】拠点防衛,"ニカラグア、米軍ミサイル基地・地下通路で、<C=FF4040>敵増援部隊を阻止<C=R>
せよ。<C=FF4040>MSF兵限定<C=R>。
　ターゲット数：20（敵兵の数）",sbm116/1発の弾丸で全ての敵を排除せよ　×,<C=FF4040> | <C=R> | <C=FF4040> | <C=R>,"在尼加拉瓜美军导弹基地・地下通道，<C=FF4040>阻止敌方增援部队<C=R>
前进。<C=FF4040>仅限MSF士兵<C=R>。
　目标数：20（敌兵人数）",<C=FF4040> | <C=R> | <C=FF4040> | <C=R>,MATCH,187,169,APPROVED,READY,NOT_TESTED,JPN_PRIMARY; MLG_CN_CONTEXT_AUXILIARY,mechanical template; resource_class=STAGEDAT_OLANG; source_objects=3; review_flag=CONTROL_COLOR_ORDER_AND_NEWLINE_PRESERVED; SOURCE_没_DESCRIPTION_CONTINUES_FROM_ROW99
LANG_MISSION_INFO.OLANG,101,219,219;220;219;220;219;220,6,,page15:tag:entity604:key00BD0D77:ref219:ord0;page15:tag:entity233:key00492F40:ref220:ord0;page174:tag:entity604:key00BD0D77:ref219:ord0;page174:tag:entity233:key00492F40:ref220:ord0;page180:tag:entity604:key00BD0D77:ref219:ord0;page180:tag:entity233:key00492F40:ref220:ord0,"ニカラグア、米軍ミサイル基地・地下通路で、<C=FF4040>敵増援部隊を阻止<C=R>
せよ。<C=FF4040>MSF兵限定<C=R>。
　ターゲット数：20（敵兵の数）",sbm116/1発の弾丸で全ての敵を排除せよ　×,"sbm116内容/1発の弾丸で全ての敵を排除せよ

組み込み状況　：　×",,sbm116/用1发子弹排除所有敌人　×,,MATCH,55,43,APPROVED,READY,NOT_TESTED,JPN_PRIMARY; MLG_CN_CONTEXT_AUXILIARY,mechanical template; resource_class=STAGEDAT_OLANG; source_objects=6; review_flag=DEV_OR_PLACEHOLDER_LABEL_LOCALIZED_CONSERVATIVELY; FULLWIDTH_SPACE_BEFORE_X_PRESERVED; REVIEW_TERM
LANG_MISSION_INFO.OLANG,102,221,221;221;221,3,,page15:tag:entity419:key00811B22:ref221:ord0;page174:tag:entity419:key00811B22:ref221:ord0;page180:tag:entity419:key00811B22:ref221:ord0,sbm116/1発の弾丸で全ての敵を排除せよ　×,"sbm116内容/1発の弾丸で全ての敵を排除せよ

組み込み状況　：　×",sbm115/ステージに攻め込んでくる敵兵を全て無力化せよ　×,,"sbm116内容/用1发子弹排除所有敌人

实装状态　：　×",,MATCH,87,69,APPROVED,READY,NOT_TESTED,JPN_PRIMARY; MLG_CN_CONTEXT_AUXILIARY,mechanical template; resource_class=STAGEDAT_OLANG; source_objects=3; review_flag=DEV_OR_PLACEHOLDER_TEXT_LOCALIZED_CONSERVATIVELY; EMBEDDED_BLANK_LINE_AND_FULLWIDTH_SPACING_PRESERVED; REVIEW_TERM
LANG_MISSION_INFO.OLANG,103,222,222;223;222;223;222;223,6,,page15:tag:entity597:key00BC0D77:ref222:ord0;page15:tag:entity232:key00492F00:ref223:ord0;page174:tag:entity597:key00BC0D77:ref222:ord0;page174:tag:entity232:key00492F00:ref223:ord0;page180:tag:entity597:key00BC0D77:ref222:ord0;page180:tag:entity232:key00492F00:ref223:ord0,"sbm116内容/1発の弾丸で全ての敵を排除せよ

組み込み状況　：　×",sbm115/ステージに攻め込んでくる敵兵を全て無力化せよ　×,"sbm115内容/ステージに攻め込んでくる敵兵を全て無力化せよ

組み込み状況　：　×",,sbm115/使所有攻入关卡的敌兵失去行动能力　×,,MATCH,78,60,APPROVED,READY,NOT_TESTED,JPN_PRIMARY; MLG_CN_CONTEXT_AUXILIARY,mechanical template; resource_class=STAGEDAT_OLANG; source_objects=6; review_flag=DEV_OR_PLACEHOLDER_LABEL_LOCALIZED_CONSERVATIVELY; JPN_無力化_NONLETHAL_SEMANTICS; REVIEW_TERM
LANG_MISSION_INFO.OLANG,104,224,224;224;224,3,,page15:tag:entity415:key00801B22:ref224:ord0;page174:tag:entity415:key00801B22:ref224:ord0;page180:tag:entity415:key00801B22:ref224:ord0,sbm115/ステージに攻め込んでくる敵兵を全て無力化せよ　×,"sbm115内容/ステージに攻め込んでくる敵兵を全て無力化せよ

組み込み状況　：　×",【EXTRA OPS：没】プーヤン・ミッション,,"sbm115内容/使所有攻入关卡的敌兵失去行动能力

实装状态　：　×",,MATCH,110,86,APPROVED,READY,NOT_TESTED,JPN_PRIMARY; MLG_CN_CONTEXT_AUXILIARY,mechanical template; resource_class=STAGEDAT_OLANG; source_objects=3; review_flag=DEV_OR_PLACEHOLDER_TEXT_LOCALIZED_CONSERVATIVELY; JPN_無力化_NONLETHAL_SEMANTICS; EMBEDDED_BLANK_LINE_PRESERVED; REVIEW_TERM
LANG_MISSION_INFO.OLANG,105,225,225;226;225;226;225;226,6,,page15:tag:entity590:key00BB0D77:ref225:ord0;page15:tag:entity231:key00492EC0:ref226:ord0;page174:tag:entity590:key00BB0D77:ref225:ord0;page174:tag:entity231:key00492EC0:ref226:ord0;page180:tag:entity590:key00BB0D77:ref225:ord0;page180:tag:entity231:key00492EC0:ref226:ord0,"sbm115内容/ステージに攻め込んでくる敵兵を全て無力化せよ

組み込み状況　：　×",【EXTRA OPS：没】プーヤン・ミッション,"『プーヤンミッション：米軍ミサイル基地・屋上』
フルトン回収用の<C=FF4040>バルーンを撃ち落とし、兵士達の捕獲
（アブダクト）を阻止<C=R>せよ。
<C=FF4040>3人アブダクトされるとミッション失敗<C=R>。
物資のアブダクト阻止でもボーナスポイント加算。
　ターゲット数：32",,【EXTRA OPS：没】Pooyan任务,,MATCH,51,33,APPROVED,READY,NOT_TESTED,JPN_PRIMARY; MLG_CN_CONTEXT_AUXILIARY,mechanical template; resource_class=STAGEDAT_OLANG; source_objects=6; review_flag=SOURCE_没_MARKER_PRESERVED; POOYAN_NAME_ROMANIZED
LANG_MISSION_INFO.OLANG,106,227,227;227;227,3,,page15:tag:entity410:key007F1B22:ref227:ord0;page174:tag:entity410:key007F1B22:ref227:ord0;page180:tag:entity410:key007F1B22:ref227:ord0,【EXTRA OPS：没】プーヤン・ミッション,"『プーヤンミッション：米軍ミサイル基地・屋上』
フルトン回収用の<C=FF4040>バルーンを撃ち落とし、兵士達の捕獲
（アブダクト）を阻止<C=R>せよ。
<C=FF4040>3人アブダクトされるとミッション失敗<C=R>。
物資のアブダクト阻止でもボーナスポイント加算。
　ターゲット数：32",【EXTRA OPS：008】ターゲット射撃,<C=FF4040> | <C=R> | <C=FF4040> | <C=R>,"『Pooyan任务：美军导弹基地・屋顶』
击落富尔顿回收用的<C=FF4040>气球，阻止士兵被捕获
（Abduct）<C=R>。
<C=FF4040>若3人被Abduct则任务失败<C=R>。
阻止物资被Abduct也会获得奖励分数。
　目标数：32",<C=FF4040> | <C=R> | <C=FF4040> | <C=R>,MATCH,368,254,APPROVED,READY,NOT_TESTED,JPN_PRIMARY; MLG_CN_CONTEXT_AUXILIARY,mechanical template; resource_class=STAGEDAT_OLANG; source_objects=3; review_flag=CONTROL_COLOR_ORDER_AND_NEWLINE_PRESERVED; JPN_ABDUCT_TERM_PRESERVED
LANG_MISSION_INFO.OLANG,107,228,228;229;228;229;228;229,6,,page15:tag:entity584:key00BA0D77:ref228:ord0;page15:tag:entity230:key00492E80:ref229:ord0;page174:tag:entity584:key00BA0D77:ref228:ord0;page174:tag:entity230:key00492E80:ref229:ord0;page180:tag:entity584:key00BA0D77:ref228:ord0;page180:tag:entity230:key00492E80:ref229:ord0,"『プーヤンミッション：米軍ミサイル基地・屋上』
フルトン回収用の<C=FF4040>バルーンを撃ち落とし、兵士達の捕獲
（アブダクト）を阻止<C=R>せよ。
<C=FF4040>3人アブダクトされるとミッション失敗<C=R>。
物資のアブダクト阻止でもボーナスポイント加算。
　ターゲット数：32",【EXTRA OPS：008】ターゲット射撃,"ニカラグア、米軍ミサイル基地・通用口にある<C=FF4040>全ての的（ターゲット）
を撃て<C=R>。
<C=FF4040>SINGLE限定<C=R>。
　制限時間：01'00""（的射撃時に+00'03""～+00'07""）
　ターゲット数：32",,【EXTRA OPS：008】目标射击,,MATCH,42,33,APPROVED,READY,NOT_TESTED,JPN_PRIMARY; MLG_CN_CONTEXT_AUXILIARY,mechanical template; resource_class=STAGEDAT_OLANG; source_objects=6
LANG_MISSION_INFO.OLANG,108,230,230;230;230,3,,page15:tag:entity405:key007E1B22:ref230:ord0;page174:tag:entity405:key007E1B22:ref230:ord0;page180:tag:entity405:key007E1B22:ref230:ord0,【EXTRA OPS：008】ターゲット射撃,"ニカラグア、米軍ミサイル基地・通用口にある<C=FF4040>全ての的（ターゲット）
を撃て<C=R>。
<C=FF4040>SINGLE限定<C=R>。
　制限時間：01'00""（的射撃時に+00'03""～+00'07""）
　ターゲット数：32",【EXTRA OPS：025】敵兵殲滅,<C=FF4040> | <C=R> | <C=FF4040> | <C=R>,"射击尼加拉瓜美军导弹基地・通用口的<C=FF4040>所有靶子（目标）
<C=R>。
<C=FF4040>仅限SINGLE<C=R>。
　时间限制：01'00""（射中靶子时+00'03""～+00'07""）
　目标数：32",<C=FF4040> | <C=R> | <C=FF4040> | <C=R>,MATCH,245,206,APPROVED,READY,NOT_TESTED,JPN_PRIMARY; MLG_CN_CONTEXT_AUXILIARY,mechanical template; resource_class=STAGEDAT_OLANG; source_objects=3; review_flag=CONTROL_COLOR_ORDER_AND_TIME_BONUS_FORMAT_PRESERVED
LANG_MISSION_INFO.OLANG,109,231,231;232;231;232;231;232,6,,page15:tag:entity579:key00B90D77:ref231:ord0;page15:tag:entity229:key00492E40:ref232:ord0;page174:tag:entity579:key00B90D77:ref231:ord0;page174:tag:entity229:key00492E40:ref232:ord0;page180:tag:entity579:key00B90D77:ref231:ord0;page180:tag:entity229:key00492E40:ref232:ord0,"ニカラグア、米軍ミサイル基地・通用口にある<C=FF4040>全ての的（ターゲット）
を撃て<C=R>。
<C=FF4040>SINGLE限定<C=R>。
　制限時間：01'00""（的射撃時に+00'03""～+00'07""）
　ターゲット数：32",【EXTRA OPS：025】敵兵殲滅,"エレディア中央、熱帯雲霧林（クラウド・フォレスト）にいる
<C=FF4040>全敵傭兵を無力化<C=R>せよ。
気絶、睡眠など、殺傷以外の方法でも良い。
　制限時間：16'00""
　ターゲット数：8",,【EXTRA OPS：025】敌兵歼灭,,MATCH,33,33,APPROVED,READY,NOT_TESTED,JPN_PRIMARY; MLG_CN_CONTEXT_AUXILIARY,mechanical template; resource_class=STAGEDAT_OLANG; source_objects=6
LANG_MISSION_INFO.OLANG,110,233,233;233;233,3,,page15:tag:entity400:key007D1B22:ref233:ord0;page174:tag:entity400:key007D1B22:ref233:ord0;page180:tag:entity400:key007D1B22:ref233:ord0,【EXTRA OPS：025】敵兵殲滅,"エレディア中央、熱帯雲霧林（クラウド・フォレスト）にいる
<C=FF4040>全敵傭兵を無力化<C=R>せよ。
気絶、睡眠など、殺傷以外の方法でも良い。
　制限時間：16'00""
　ターゲット数：8","sbm111/捕虜（FSLN兵士、固定位置）をフルトン回収
（制限時間）　×",<C=FF4040> | <C=R>,"使埃雷迪亚中部热带云雾林（Cloud Forest）中的
<C=FF4040>所有敌方佣兵失去行动能力<C=R>。
也可采用击晕、睡眠等非杀伤手段。
　时间限制：16'00""
　目标数：8",<C=FF4040> | <C=R>,MATCH,245,206,APPROVED,READY,NOT_TESTED,JPN_PRIMARY; MLG_CN_CONTEXT_AUXILIARY,mechanical template; resource_class=STAGEDAT_OLANG; source_objects=3; review_flag=JPN_無力化_AND_NONLETHAL_OPTIONS_PRESERVED
LANG_MISSION_INFO.OLANG,111,234,234;235;234;235;234;235,6,,page15:tag:entity574:key00B80D77:ref234:ord0;page15:tag:entity228:key00492E00:ref235:ord0;page174:tag:entity574:key00B80D77:ref234:ord0;page174:tag:entity228:key00492E00:ref235:ord0;page180:tag:entity574:key00B80D77:ref234:ord0;page180:tag:entity228:key00492E00:ref235:ord0,"エレディア中央、熱帯雲霧林（クラウド・フォレスト）にいる
<C=FF4040>全敵傭兵を無力化<C=R>せよ。
気絶、睡眠など、殺傷以外の方法でも良い。
　制限時間：16'00""
　ターゲット数：8","sbm111/捕虜（FSLN兵士、固定位置）をフルトン回収
（制限時間）　×","sbm111内容/捕虜（FSLN兵士、固定位置）をフルトン回収
（制限時間）

組み込み状況　：　×",,"sbm111/用富尔顿回收俘虏（FSLN士兵、固定位置）
（时间限制）　×",,MATCH,89,86,APPROVED,READY,NOT_TESTED,JPN_PRIMARY; MLG_CN_CONTEXT_AUXILIARY,mechanical template; resource_class=STAGEDAT_OLANG; source_objects=6; review_flag=DEV_OR_PLACEHOLDER_LABEL_LOCALIZED_CONSERVATIVELY; NEWLINE_AND_FULLWIDTH_SPACE_PRESERVED; REVIEW_TERM
LANG_MISSION_INFO.OLANG,112,236,236;236;236,3,,page15:tag:entity395:key007C1B22:ref236:ord0;page174:tag:entity395:key007C1B22:ref236:ord0;page180:tag:entity395:key007C1B22:ref236:ord0,"sbm111/捕虜（FSLN兵士、固定位置）をフルトン回収
（制限時間）　×","sbm111内容/捕虜（FSLN兵士、固定位置）をフルトン回収
（制限時間）

組み込み状況　：　×",sbm110/写真撮影(ピースマークを撮れ）　×,,"sbm111内容/用富尔顿回收俘虏（FSLN士兵、固定位置）
（时间限制）

实装状态　：　×",,MATCH,121,112,APPROVED,READY,NOT_TESTED,JPN_PRIMARY; MLG_CN_CONTEXT_AUXILIARY,mechanical template; resource_class=STAGEDAT_OLANG; source_objects=3; review_flag=DEV_OR_PLACEHOLDER_TEXT_LOCALIZED_CONSERVATIVELY; EMBEDDED_BLANK_LINE_AND_FULLWIDTH_SPACING_PRESERVED; REVIEW_TERM
LANG_MISSION_INFO.OLANG,113,237,237;238;237;238;237;238,6,,page15:tag:entity569:key00B70D77:ref237:ord0;page15:tag:entity227:key00492DC0:ref238:ord0;page174:tag:entity569:key00B70D77:ref237:ord0;page174:tag:entity227:key00492DC0:ref238:ord0;page180:tag:entity569:key00B70D77:ref237:ord0;page180:tag:entity227:key00492DC0:ref238:ord0,"sbm111内容/捕虜（FSLN兵士、固定位置）をフルトン回収
（制限時間）

組み込み状況　：　×",sbm110/写真撮影(ピースマークを撮れ）　×,"sbm110内容/写真撮影(ピースマークを撮れ）

組み込み状況　：　×",,sbm110/拍照（拍摄和平标志）　×,,MATCH,55,42,APPROVED,READY,NOT_TESTED,JPN_PRIMARY; MLG_CN_CONTEXT_AUXILIARY,mechanical template; resource_class=STAGEDAT_OLANG; source_objects=6; review_flag=DEV_OR_PLACEHOLDER_LABEL_LOCALIZED_CONSERVATIVELY; SOURCE_PAREN_STYLE_PRESERVED; REVIEW_TERM
LANG_MISSION_INFO.OLANG,114,239,239;239;239,3,,page15:tag:entity390:key007B1B22:ref239:ord0;page174:tag:entity390:key007B1B22:ref239:ord0;page180:tag:entity390:key007B1B22:ref239:ord0,sbm110/写真撮影(ピースマークを撮れ）　×,"sbm110内容/写真撮影(ピースマークを撮れ）

組み込み状況　：　×",sbm109/写真撮影(ピースマークを撮れ）　×,,"sbm110内容/拍照（拍摄和平标志）

实装状态　：　×",,MATCH,87,68,APPROVED,READY,NOT_TESTED,JPN_PRIMARY; MLG_CN_CONTEXT_AUXILIARY,mechanical template; resource_class=STAGEDAT_OLANG; source_objects=3; review_flag=DEV_OR_PLACEHOLDER_TEXT_LOCALIZED_CONSERVATIVELY; EMBEDDED_BLANK_LINE_PRESERVED; REVIEW_TERM
LANG_MISSION_INFO.OLANG,115,240,240;241;240;241;240;241,6,,page15:tag:entity500:key00A00D77:ref240:ord0;page15:tag:entity226:key00492800:ref241:ord0;page174:tag:entity500:key00A00D77:ref240:ord0;page174:tag:entity226:key00492800:ref241:ord0;page180:tag:entity500:key00A00D77:ref240:ord0;page180:tag:entity226:key00492800:ref241:ord0,"sbm110内容/写真撮影(ピースマークを撮れ）

組み込み状況　：　×",sbm109/写真撮影(ピースマークを撮れ）　×,"sbm109内容/写真撮影(ピースマークを撮れ）

組み込み状況　：　×",,sbm109/拍照（拍摄和平标志）　×,,MATCH,55,42,APPROVED,READY,NOT_TESTED,JPN_PRIMARY; MLG_CN_CONTEXT_AUXILIARY,mechanical template; resource_class=STAGEDAT_OLANG; source_objects=6; review_flag=DEV_OR_PLACEHOLDER_LABEL_LOCALIZED_CONSERVATIVELY; REVIEW_TERM
LANG_MISSION_INFO.OLANG,116,242,242;242;242,3,,page15:tag:entity369:key00641B22:ref242:ord0;page174:tag:entity369:key00641B22:ref242:ord0;page180:tag:entity369:key00641B22:ref242:ord0,sbm109/写真撮影(ピースマークを撮れ）　×,"sbm109内容/写真撮影(ピースマークを撮れ）

組み込み状況　：　×",sbm108/写真撮影(ピースマークを撮れ）　×,,"sbm109内容/拍照（拍摄和平标志）

实装状态　：　×",,MATCH,87,68,APPROVED,READY,NOT_TESTED,JPN_PRIMARY; MLG_CN_CONTEXT_AUXILIARY,mechanical template; resource_class=STAGEDAT_OLANG; source_objects=3; review_flag=DEV_OR_PLACEHOLDER_TEXT_LOCALIZED_CONSERVATIVELY; EMBEDDED_BLANK_LINE_PRESERVED; REVIEW_TERM
LANG_MISSION_INFO.OLANG,117,243,243;244;243;244;243;244,6,,page15:tag:entity493:key009F0D77:ref243:ord0;page15:tag:entity225:key004927C0:ref244:ord0;page174:tag:entity493:key009F0D77:ref243:ord0;page174:tag:entity225:key004927C0:ref244:ord0;page180:tag:entity493:key009F0D77:ref243:ord0;page180:tag:entity225:key004927C0:ref244:ord0,"sbm109内容/写真撮影(ピースマークを撮れ）

組み込み状況　：　×",sbm108/写真撮影(ピースマークを撮れ）　×,"sbm108内容/写真撮影(ピースマークを撮れ）

組み込み状況　：　×",,sbm108/拍照（拍摄和平标志）　×,,MATCH,55,42,APPROVED,READY,NOT_TESTED,JPN_PRIMARY; MLG_CN_CONTEXT_AUXILIARY,mechanical template; resource_class=STAGEDAT_OLANG; source_objects=6; review_flag=DEV_OR_PLACEHOLDER_LABEL_LOCALIZED_CONSERVATIVELY; REVIEW_TERM
LANG_MISSION_INFO.OLANG,118,245,245;245;245,3,,page15:tag:entity365:key00631B22:ref245:ord0;page174:tag:entity365:key00631B22:ref245:ord0;page180:tag:entity365:key00631B22:ref245:ord0,sbm108/写真撮影(ピースマークを撮れ）　×,"sbm108内容/写真撮影(ピースマークを撮れ）

組み込み状況　：　×",sbm107/写真撮影(ピースマークを撮れ）　×,,"sbm108内容/拍照（拍摄和平标志）

实装状态　：　×",,MATCH,87,68,APPROVED,READY,NOT_TESTED,JPN_PRIMARY; MLG_CN_CONTEXT_AUXILIARY,mechanical template; resource_class=STAGEDAT_OLANG; source_objects=3; review_flag=DEV_OR_PLACEHOLDER_TEXT_LOCALIZED_CONSERVATIVELY; EMBEDDED_BLANK_LINE_PRESERVED; REVIEW_TERM
LANG_MISSION_INFO.OLANG,119,246,246;247;246;247;246;247,6,,page15:tag:entity486:key009E0D77:ref246:ord0;page15:tag:entity224:key00492780:ref247:ord0;page174:tag:entity486:key009E0D77:ref246:ord0;page174:tag:entity224:key00492780:ref247:ord0;page180:tag:entity486:key009E0D77:ref246:ord0;page180:tag:entity224:key00492780:ref247:ord0,"sbm108内容/写真撮影(ピースマークを撮れ）

組み込み状況　：　×",sbm107/写真撮影(ピースマークを撮れ）　×,"sbm107内容/写真撮影(ピースマークを撮れ）

組み込み状況　：　×",,sbm107/拍照（拍摄和平标志）　×,,MATCH,55,42,APPROVED,READY,NOT_TESTED,JPN_PRIMARY; MLG_CN_CONTEXT_AUXILIARY,mechanical template; resource_class=STAGEDAT_OLANG; source_objects=6; review_flag=DEV_OR_PLACEHOLDER_LABEL_LOCALIZED_CONSERVATIVELY; REVIEW_TERM
LANG_MISSION_INFO.OLANG,120,248,248;248;248,3,,page15:tag:entity361:key00621B22:ref248:ord0;page174:tag:entity361:key00621B22:ref248:ord0;page180:tag:entity361:key00621B22:ref248:ord0,sbm107/写真撮影(ピースマークを撮れ）　×,"sbm107内容/写真撮影(ピースマークを撮れ）

組み込み状況　：　×",sbm106/写真撮影(ピースマークを撮れ）　×,,"sbm107内容/拍照（拍摄和平标志）

实装状态　：　×",,MATCH,87,68,APPROVED,READY,NOT_TESTED,JPN_PRIMARY; MLG_CN_CONTEXT_AUXILIARY,mechanical template; resource_class=STAGEDAT_OLANG; source_objects=3; review_flag=DEV_OR_PLACEHOLDER_TEXT_LOCALIZED_CONSERVATIVELY; EMBEDDED_BLANK_LINE_PRESERVED; REVIEW_TERM
LANG_MISSION_INFO.OLANG,121,249,249;250;249;250;249;250,6,,page15:tag:entity479:key009D0D77:ref249:ord0;page15:tag:entity223:key00492740:ref250:ord0;page174:tag:entity479:key009D0D77:ref249:ord0;page174:tag:entity223:key00492740:ref250:ord0;page180:tag:entity479:key009D0D77:ref249:ord0;page180:tag:entity223:key00492740:ref250:ord0,"sbm107内容/写真撮影(ピースマークを撮れ）

組み込み状況　：　×",sbm106/写真撮影(ピースマークを撮れ）　×,"sbm106内容/写真撮影(ピースマークを撮れ）

組み込み状況　：　×",,sbm106/拍照（拍摄和平标志）　×,,MATCH,55,42,APPROVED,READY,NOT_TESTED,JPN_PRIMARY; MLG_CN_CONTEXT_AUXILIARY,mechanical template; resource_class=STAGEDAT_OLANG; source_objects=6; review_flag=DEV_OR_PLACEHOLDER_LABEL_LOCALIZED_CONSERVATIVELY; REVIEW_TERM
LANG_MISSION_INFO.OLANG,122,251,251;251;251,3,,page15:tag:entity357:key00611B22:ref251:ord0;page174:tag:entity357:key00611B22:ref251:ord0;page180:tag:entity357:key00611B22:ref251:ord0,sbm106/写真撮影(ピースマークを撮れ）　×,"sbm106内容/写真撮影(ピースマークを撮れ）

組み込み状況　：　×",【EXTRA OPS：058】パパラッチ,,"sbm106内容/拍照（拍摄和平标志）

实装状态　：　×",,MATCH,87,68,APPROVED,READY,NOT_TESTED,JPN_PRIMARY; MLG_CN_CONTEXT_AUXILIARY,mechanical template; resource_class=STAGEDAT_OLANG; source_objects=3; review_flag=DEV_OR_PLACEHOLDER_TEXT_LOCALIZED_CONSERVATIVELY; EMBEDDED_BLANK_LINE_PRESERVED; REVIEW_TERM
LANG_MISSION_INFO.OLANG,123,252,252;253;252;253;252;253,6,,page15:tag:entity472:key009C0D77:ref252:ord0;page15:tag:entity222:key00492700:ref253:ord0;page174:tag:entity472:key009C0D77:ref252:ord0;page174:tag:entity222:key00492700:ref253:ord0;page180:tag:entity472:key009C0D77:ref252:ord0;page180:tag:entity222:key00492700:ref253:ord0,"sbm106内容/写真撮影(ピースマークを撮れ）

組み込み状況　：　×",【EXTRA OPS：058】パパラッチ,"採掘場偽装基地の地下通路Bで、敵傭兵部隊の<C=FF4040>指揮官（ターゲット）
を撮影<C=R>せよ。
指揮官の兵装は他の傭兵と同じだが、<C=FF4040>ヒマそうだ<C=R>。
なお、<C=FF4040>敵に発見される、敵が一人でも死亡する、または指揮官
（ターゲット）をフルトン回収すると、ミッション失敗<C=R>となる。
<C=FF4040>SINGLE限定<C=R>。
　制限時間：05'00""
　必要装備品：<C=FF4040>カメラ<C=R>
　ターゲット数：1",,【EXTRA OPS：058】狗仔队,,MATCH,36,30,APPROVED,READY,NOT_TESTED,JPN_PRIMARY; MLG_CN_CONTEXT_AUXILIARY,mechanical template; resource_class=STAGEDAT_OLANG; source_objects=6
LANG_MISSION_INFO.OLANG,124,254,254;254;254,3,,page15:tag:entity353:key00601B22:ref254:ord0;page174:tag:entity353:key00601B22:ref254:ord0;page180:tag:entity353:key00601B22:ref254:ord0,【EXTRA OPS：058】パパラッチ,"採掘場偽装基地の地下通路Bで、敵傭兵部隊の<C=FF4040>指揮官（ターゲット）
を撮影<C=R>せよ。
指揮官の兵装は他の傭兵と同じだが、<C=FF4040>ヒマそうだ<C=R>。
なお、<C=FF4040>敵に発見される、敵が一人でも死亡する、または指揮官
（ターゲット）をフルトン回収すると、ミッション失敗<C=R>となる。
<C=FF4040>SINGLE限定<C=R>。
　制限時間：05'00""
　必要装備品：<C=FF4040>カメラ<C=R>
　ターゲット数：1",第三の指揮官撮影,<C=FF4040> | <C=R> | <C=FF4040> | <C=R> | <C=FF4040> | <C=R> | <C=FF4040> | <C=R> | <C=FF4040> | <C=R>,"在采掘场伪装基地的地下通道B，<C=FF4040>拍摄敌方佣兵部队的指挥官（目标）
<C=R>。
指挥官的武装与其他佣兵相同，但<C=FF4040>看起来很闲<C=R>。
此外，<C=FF4040>被敌人发现、哪怕有一名敌人死亡，或对指挥官
（目标）进行富尔顿回收，都会导致任务失败<C=R>。
<C=FF4040>仅限SINGLE<C=R>。
　时间限制：05'00""
　必要装备品：<C=FF4040>相机<C=R>
　目标数：1",<C=FF4040> | <C=R> | <C=FF4040> | <C=R> | <C=FF4040> | <C=R> | <C=FF4040> | <C=R> | <C=FF4040> | <C=R>,MATCH,526,457,APPROVED,READY,NOT_TESTED,JPN_PRIMARY; MLG_CN_CONTEXT_AUXILIARY,mechanical template; resource_class=STAGEDAT_OLANG; source_objects=3; review_flag=FIVE_COLOR_PAIRS_AND_INTERNAL_NEWLINES_PRESERVED; JPN_FAILURE_CONDITIONS_PRESERVED
LANG_MISSION_INFO.OLANG,125,255,255;256;255;256;255;256,6,,page15:tag:entity465:key009B0D77:ref255:ord0;page15:tag:entity221:key004926C0:ref256:ord0;page174:tag:entity465:key009B0D77:ref255:ord0;page174:tag:entity221:key004926C0:ref256:ord0;page180:tag:entity465:key009B0D77:ref255:ord0;page180:tag:entity221:key004926C0:ref256:ord0,"採掘場偽装基地の地下通路Bで、敵傭兵部隊の<C=FF4040>指揮官（ターゲット）
を撮影<C=R>せよ。
指揮官の兵装は他の傭兵と同じだが、<C=FF4040>ヒマそうだ<C=R>。
なお、<C=FF4040>敵に発見される、敵が一人でも死亡する、または指揮官
（ターゲット）をフルトン回収すると、ミッション失敗<C=R>となる。
<C=FF4040>SINGLE限定<C=R>。
　制限時間：05'00""
　必要装備品：<C=FF4040>カメラ<C=R>
　ターゲット数：1",第三の指揮官撮影,ヒマそうにしている指揮官を撮影せよ。,,第三名指挥官拍摄,,MATCH,24,24,APPROVED,READY,NOT_TESTED,JPN_PRIMARY; MLG_CN_CONTEXT_AUXILIARY,mechanical template; resource_class=STAGEDAT_OLANG; source_objects=6; review_flag=DEV_OR_INTERNAL_TITLE_LOCALIZED; REVIEW_CONTEXT
LANG_MISSION_INFO.OLANG,126,257,257;257;257,3,,page15:tag:entity348:key005F1B22:ref257:ord0;page174:tag:entity348:key005F1B22:ref257:ord0;page180:tag:entity348:key005F1B22:ref257:ord0,第三の指揮官撮影,ヒマそうにしている指揮官を撮影せよ。,【EXTRA OPS：057】パパラッチ,,拍摄看起来很闲的指挥官。,,MATCH,54,36,APPROVED,READY,NOT_TESTED,JPN_PRIMARY; MLG_CN_CONTEXT_AUXILIARY,mechanical template; resource_class=STAGEDAT_OLANG; source_objects=3; review_flag=DEV_OR_INTERNAL_DESCRIPTION_LOCALIZED; REVIEW_CONTEXT
LANG_MISSION_INFO.OLANG,127,258,258;259;258;259;258;259,6,,page15:tag:entity460:key009A0D77:ref258:ord0;page15:tag:entity220:key00492680:ref259:ord0;page174:tag:entity460:key009A0D77:ref258:ord0;page174:tag:entity220:key00492680:ref259:ord0;page180:tag:entity460:key009A0D77:ref258:ord0;page180:tag:entity220:key00492680:ref259:ord0,ヒマそうにしている指揮官を撮影せよ。,【EXTRA OPS：057】パパラッチ,"川沿いの敵拠点（リオ・デル・ハーデ）にいる敵傭兵部隊の
<C=FF4040>指揮官（ターゲット）を撮影<C=R>せよ。
指揮官の兵装は他の傭兵と同じだが、<C=FF4040>ヒマそうだ<C=R>。
なお、<C=FF4040>敵に発見される、敵が一人でも死亡する、または指揮官
（ターゲット）をフルトン回収すると、ミッション失敗<C=R>となる。
<C=FF4040>SINGLE限定<C=R>。
　制限時間：05'00""
　必要装備品：<C=FF4040>カメラ<C=R>
　ターゲット数：1",,【EXTRA OPS：057】狗仔队,,MATCH,36,30,APPROVED,READY,NOT_TESTED,JPN_PRIMARY; MLG_CN_CONTEXT_AUXILIARY,mechanical template; resource_class=STAGEDAT_OLANG; source_objects=6
LANG_MISSION_INFO.OLANG,128,260,260;260;260,3,,page15:tag:entity342:key005E1B22:ref260:ord0;page174:tag:entity342:key005E1B22:ref260:ord0;page180:tag:entity342:key005E1B22:ref260:ord0,【EXTRA OPS：057】パパラッチ,"川沿いの敵拠点（リオ・デル・ハーデ）にいる敵傭兵部隊の
<C=FF4040>指揮官（ターゲット）を撮影<C=R>せよ。
指揮官の兵装は他の傭兵と同じだが、<C=FF4040>ヒマそうだ<C=R>。
なお、<C=FF4040>敵に発見される、敵が一人でも死亡する、または指揮官
（ターゲット）をフルトン回収すると、ミッション失敗<C=R>となる。
<C=FF4040>SINGLE限定<C=R>。
　制限時間：05'00""
　必要装備品：<C=FF4040>カメラ<C=R>
　ターゲット数：1",sbm102/固有モーションを発動中の敵兵を撮影（写真撮影）　×,<C=FF4040> | <C=R> | <C=FF4040> | <C=R> | <C=FF4040> | <C=R> | <C=FF4040> | <C=R> | <C=FF4040> | <C=R>,"在沿河敌方据点（Rio del Jade）的敌方佣兵部队中，
<C=FF4040>拍摄指挥官（目标）<C=R>。
指挥官的武装与其他佣兵相同，但<C=FF4040>看起来很闲<C=R>。
此外，<C=FF4040>被敌人发现、哪怕有一名敌人死亡，或对指挥官
（目标）进行富尔顿回收，都会导致任务失败<C=R>。
<C=FF4040>仅限SINGLE<C=R>。
　时间限制：05'00""
　必要装备品：<C=FF4040>相机<C=R>
　目标数：1",<C=FF4040> | <C=R> | <C=FF4040> | <C=R> | <C=FF4040> | <C=R> | <C=FF4040> | <C=R> | <C=FF4040> | <C=R>,MATCH,546,459,APPROVED,READY,NOT_TESTED,JPN_PRIMARY; MLG_CN_CONTEXT_AUXILIARY,mechanical template; resource_class=STAGEDAT_OLANG; source_objects=3; review_flag=FIVE_COLOR_PAIRS_AND_INTERNAL_NEWLINES_PRESERVED; JPN_FAILURE_CONDITIONS_PRESERVED
LANG_MISSION_INFO.OLANG,129,261,261;262;261;262;261;262,6,,page15:tag:entity456:key00990D77:ref261:ord0;page15:tag:entity219:key00492640:ref262:ord0;page174:tag:entity456:key00990D77:ref261:ord0;page174:tag:entity219:key00492640:ref262:ord0;page180:tag:entity456:key00990D77:ref261:ord0;page180:tag:entity219:key00492640:ref262:ord0,"川沿いの敵拠点（リオ・デル・ハーデ）にいる敵傭兵部隊の
<C=FF4040>指揮官（ターゲット）を撮影<C=R>せよ。
指揮官の兵装は他の傭兵と同じだが、<C=FF4040>ヒマそうだ<C=R>。
なお、<C=FF4040>敵に発見される、敵が一人でも死亡する、または指揮官
（ターゲット）をフルトン回収すると、ミッション失敗<C=R>となる。
<C=FF4040>SINGLE限定<C=R>。
　制限時間：05'00""
　必要装備品：<C=FF4040>カメラ<C=R>
　ターゲット数：1",sbm102/固有モーションを発動中の敵兵を撮影（写真撮影）　×,"sbm102内容/固有モーションを発動中の敵兵を撮影（写真撮影）

組み込み状況　：　×",,sbm102/拍摄正在执行固有动作的敌兵（拍照）　×,,MATCH,81,63,APPROVED,READY,NOT_TESTED,JPN_PRIMARY; MLG_CN_CONTEXT_AUXILIARY,mechanical template; resource_class=STAGEDAT_OLANG; source_objects=6; review_flag=DEV_OR_PLACEHOLDER_LABEL_LOCALIZED_CONSERVATIVELY; REVIEW_TERM
LANG_MISSION_INFO.OLANG,130,263,263;263;263,3,,page15:tag:entity337:key005D1B22:ref263:ord0;page174:tag:entity337:key005D1B22:ref263:ord0;page180:tag:entity337:key005D1B22:ref263:ord0,sbm102/固有モーションを発動中の敵兵を撮影（写真撮影）　×,"sbm102内容/固有モーションを発動中の敵兵を撮影（写真撮影）

組み込み状況　：　×",sbm101/全てのスカウト兵を撮影（写真撮影）　×,,"sbm102内容/拍摄正在执行固有动作的敌兵（拍照）

实装状态　：　×",,MATCH,113,89,APPROVED,READY,NOT_TESTED,JPN_PRIMARY; MLG_CN_CONTEXT_AUXILIARY,mechanical template; resource_class=STAGEDAT_OLANG; source_objects=3; review_flag=DEV_OR_PLACEHOLDER_TEXT_LOCALIZED_CONSERVATIVELY; EMBEDDED_BLANK_LINE_PRESERVED; REVIEW_TERM
LANG_MISSION_INFO.OLANG,131,264,264;265;264;265;264;265,6,,page15:tag:entity452:key00980D77:ref264:ord0;page15:tag:entity218:key00492600:ref265:ord0;page174:tag:entity452:key00980D77:ref264:ord0;page174:tag:entity218:key00492600:ref265:ord0;page180:tag:entity452:key00980D77:ref264:ord0;page180:tag:entity218:key00492600:ref265:ord0,"sbm102内容/固有モーションを発動中の敵兵を撮影（写真撮影）

組み込み状況　：　×",sbm101/全てのスカウト兵を撮影（写真撮影）　×,"sbm101内容/全てのスカウト兵を撮影（写真撮影）

組み込み状況　：　×",,sbm101/拍摄所有侦察兵（拍照）　×,,MATCH,63,45,APPROVED,READY,NOT_TESTED,JPN_PRIMARY; MLG_CN_CONTEXT_AUXILIARY,mechanical template; resource_class=STAGEDAT_OLANG; source_objects=6; review_flag=DEV_OR_PLACEHOLDER_LABEL_LOCALIZED_CONSERVATIVELY; REVIEW_TERM
LANG_MISSION_INFO.OLANG,132,266,266;266;266,3,,page15:tag:entity332:key005C1B22:ref266:ord0;page174:tag:entity332:key005C1B22:ref266:ord0;page180:tag:entity332:key005C1B22:ref266:ord0,sbm101/全てのスカウト兵を撮影（写真撮影）　×,"sbm101内容/全てのスカウト兵を撮影（写真撮影）

組み込み状況　：　×",sbm100/寝ているスカウト兵を撮影(写真撮影）　×,,"sbm101内容/拍摄所有侦察兵（拍照）

实装状态　：　×",,MATCH,95,71,APPROVED,READY,NOT_TESTED,JPN_PRIMARY; MLG_CN_CONTEXT_AUXILIARY,mechanical template; resource_class=STAGEDAT_OLANG; source_objects=3; review_flag=DEV_OR_PLACEHOLDER_TEXT_LOCALIZED_CONSERVATIVELY; EMBEDDED_BLANK_LINE_PRESERVED; REVIEW_TERM
LANG_MISSION_INFO.OLANG,133,267,267;268;267;268;267;268,6,,page15:tag:entity449:key00970D77:ref267:ord0;page15:tag:entity217:key004925C0:ref268:ord0;page174:tag:entity449:key00970D77:ref267:ord0;page174:tag:entity217:key004925C0:ref268:ord0;page180:tag:entity449:key00970D77:ref267:ord0;page180:tag:entity217:key004925C0:ref268:ord0,"sbm101内容/全てのスカウト兵を撮影（写真撮影）

組み込み状況　：　×",sbm100/寝ているスカウト兵を撮影(写真撮影）　×,"sbm100内容/寝ているスカウト兵を撮影(写真撮影）

組み込み状況　：　×",,sbm100/拍摄睡着的侦察兵（拍照）　×,,MATCH,64,48,APPROVED,READY,NOT_TESTED,JPN_PRIMARY; MLG_CN_CONTEXT_AUXILIARY,mechanical template; resource_class=STAGEDAT_OLANG; source_objects=6; review_flag=DEV_OR_PLACEHOLDER_LABEL_LOCALIZED_CONSERVATIVELY; REVIEW_TERM
LANG_MISSION_INFO.OLANG,134,269,269;269;269,3,,page15:tag:entity328:key005B1B22:ref269:ord0;page174:tag:entity328:key005B1B22:ref269:ord0;page180:tag:entity328:key005B1B22:ref269:ord0,sbm100/寝ているスカウト兵を撮影(写真撮影）　×,"sbm100内容/寝ているスカウト兵を撮影(写真撮影）

組み込み状況　：　×",sbm099/寝ているスカウト兵を撮影(写真撮影）　×,,"sbm100内容/拍摄睡着的侦察兵（拍照）

实装状态　：　×",,MATCH,96,74,APPROVED,READY,NOT_TESTED,JPN_PRIMARY; MLG_CN_CONTEXT_AUXILIARY,mechanical template; resource_class=STAGEDAT_OLANG; source_objects=3; review_flag=DEV_OR_PLACEHOLDER_TEXT_LOCALIZED_CONSERVATIVELY; EMBEDDED_BLANK_LINE_PRESERVED; REVIEW_TERM
LANG_MISSION_INFO.OLANG,135,270,270;271;270;271;270;271,6,,page15:tag:entity621:key00C00D74:ref270:ord0;page15:tag:entity216:key00487000:ref271:ord0;page174:tag:entity621:key00C00D74:ref270:ord0;page174:tag:entity216:key00487000:ref271:ord0;page180:tag:entity621:key00C00D74:ref270:ord0;page180:tag:entity216:key00487000:ref271:ord0,"sbm100内容/寝ているスカウト兵を撮影(写真撮影）

組み込み状況　：　×",sbm099/寝ているスカウト兵を撮影(写真撮影）　×,"sbm099内容/寝ているスカウト兵を撮影(写真撮影）

組み込み状況　：　×",,sbm099/拍摄睡着的侦察兵（拍照）　×,,MATCH,64,48,APPROVED,READY,NOT_TESTED,JPN_PRIMARY; MLG_CN_CONTEXT_AUXILIARY,mechanical template; resource_class=STAGEDAT_OLANG; source_objects=6; review_flag=DEV_OR_PLACEHOLDER_LABEL_LOCALIZED_CONSERVATIVELY; REVIEW_TERM
LANG_MISSION_INFO.OLANG,136,272,272;272;272,3,,page15:tag:entity430:key00841B1F:ref272:ord0;page174:tag:entity430:key00841B1F:ref272:ord0;page180:tag:entity430:key00841B1F:ref272:ord0,sbm099/寝ているスカウト兵を撮影(写真撮影）　×,"sbm099内容/寝ているスカウト兵を撮影(写真撮影）

組み込み状況　：　×",【EXTRA OPS：048】完全ステルス,,"sbm099内容/拍摄睡着的侦察兵（拍照）

实装状态　：　×",,MATCH,96,74,APPROVED,READY,NOT_TESTED,JPN_PRIMARY; MLG_CN_CONTEXT_AUXILIARY,mechanical template; resource_class=STAGEDAT_OLANG; source_objects=3; review_flag=DEV_OR_PLACEHOLDER_TEXT_LOCALIZED_CONSERVATIVELY; EMBEDDED_BLANK_LINE_PRESERVED; REVIEW_TERM
LANG_MISSION_INFO.OLANG,137,273,273;274;273;274;273;274,6,,page15:tag:entity615:key00BF0D74:ref273:ord0;page15:tag:entity215:key00486FC0:ref274:ord0;page174:tag:entity615:key00BF0D74:ref273:ord0;page174:tag:entity215:key00486FC0:ref274:ord0;page180:tag:entity615:key00BF0D74:ref273:ord0;page180:tag:entity215:key00486FC0:ref274:ord0,"sbm099内容/寝ているスカウト兵を撮影(写真撮影）

組み込み状況　：　×",【EXTRA OPS：048】完全ステルス,"ニカラグア、米軍ミサイル基地へ潜入、<C=FF4040>誰にも見つからず、一人も
死亡者を出さずに目標地点(ゴール)まで到達<C=R>せよ。
<C=FF4040>敵に発見されたり、敵が一人でも死亡した時点でミッションは失敗<C=R>。",,【EXTRA OPS：048】完全潜行,,MATCH,39,33,APPROVED,READY,NOT_TESTED,JPN_PRIMARY; MLG_CN_CONTEXT_AUXILIARY,mechanical template; resource_class=STAGEDAT_OLANG; source_objects=6
LANG_MISSION_INFO.OLANG,138,275,275;275;275,3,,page15:tag:entity426:key00831B1F:ref275:ord0;page174:tag:entity426:key00831B1F:ref275:ord0;page180:tag:entity426:key00831B1F:ref275:ord0,【EXTRA OPS：048】完全ステルス,"ニカラグア、米軍ミサイル基地へ潜入、<C=FF4040>誰にも見つからず、一人も
死亡者を出さずに目標地点(ゴール)まで到達<C=R>せよ。
<C=FF4040>敵に発見されたり、敵が一人でも死亡した時点でミッションは失敗<C=R>。",【EXTRA OPS：049】完全ステルス,<C=FF4040> | <C=R> | <C=FF4040> | <C=R>,"潜入尼加拉瓜美军导弹基地，<C=FF4040>在不被任何人发现且不出现任何死亡者的情况下
到达目标地点（终点）<C=R>。
<C=FF4040>一旦被敌人发现或有任何一名敌人死亡，任务即告失败<C=R>。",<C=FF4040> | <C=R> | <C=FF4040> | <C=R>,MATCH,283,242,APPROVED,READY,NOT_TESTED,JPN_PRIMARY; MLG_CN_CONTEXT_AUXILIARY,mechanical template; resource_class=STAGEDAT_OLANG; source_objects=3; review_flag=CONTROL_COLOR_ORDER_AND_JPN_NO_DEATH_CONDITION_PRESERVED
LANG_MISSION_INFO.OLANG,139,276,276;277;276;277;276;277,6,,page15:tag:entity609:key00BE0D74:ref276:ord0;page15:tag:entity214:key00486F80:ref277:ord0;page174:tag:entity609:key00BE0D74:ref276:ord0;page174:tag:entity214:key00486F80:ref277:ord0;page180:tag:entity609:key00BE0D74:ref276:ord0;page180:tag:entity214:key00486F80:ref277:ord0,"ニカラグア、米軍ミサイル基地へ潜入、<C=FF4040>誰にも見つからず、一人も
死亡者を出さずに目標地点(ゴール)まで到達<C=R>せよ。
<C=FF4040>敵に発見されたり、敵が一人でも死亡した時点でミッションは失敗<C=R>。",【EXTRA OPS：049】完全ステルス,"採掘場偽装基地の指定区域へ潜入、<C=FF4040>誰にも見つからず、一人も死亡者
を出さずに目標地点(ゴール)まで到達<C=R>せよ。
<C=FF4040>敵に発見されたり、敵が一人でも死亡した時点でミッションは失敗<C=R>。",,【EXTRA OPS：049】完全潜行,,MATCH,39,33,APPROVED,READY,NOT_TESTED,JPN_PRIMARY; MLG_CN_CONTEXT_AUXILIARY,mechanical template; resource_class=STAGEDAT_OLANG; source_objects=6
LANG_MISSION_INFO.OLANG,140,278,278;278;278,3,,page15:tag:entity422:key00821B1F:ref278:ord0;page174:tag:entity422:key00821B1F:ref278:ord0;page180:tag:entity422:key00821B1F:ref278:ord0,【EXTRA OPS：049】完全ステルス,"採掘場偽装基地の指定区域へ潜入、<C=FF4040>誰にも見つからず、一人も死亡者
を出さずに目標地点(ゴール)まで到達<C=R>せよ。
<C=FF4040>敵に発見されたり、敵が一人でも死亡した時点でミッションは失敗<C=R>。",【EXTRA OPS：047】完全ステルス,<C=FF4040> | <C=R> | <C=FF4040> | <C=R>,"潜入采掘场伪装基地的指定区域，<C=FF4040>在不被任何人发现且不出现任何死亡者
的情况下到达目标地点（终点）<C=R>。
<C=FF4040>一旦被敌人发现或有任何一名敌人死亡，任务即告失败<C=R>。",<C=FF4040> | <C=R> | <C=FF4040> | <C=R>,MATCH,277,248,APPROVED,READY,NOT_TESTED,JPN_PRIMARY; MLG_CN_CONTEXT_AUXILIARY,mechanical template; resource_class=STAGEDAT_OLANG; source_objects=3; review_flag=CONTROL_COLOR_ORDER_AND_JPN_NO_DEATH_CONDITION_PRESERVED
LANG_MISSION_INFO.OLANG,141,279,279;280;279;280;279;280,6,,page15:tag:entity603:key00BD0D74:ref279:ord0;page15:tag:entity213:key00486F40:ref280:ord0;page174:tag:entity603:key00BD0D74:ref279:ord0;page174:tag:entity213:key00486F40:ref280:ord0;page180:tag:entity603:key00BD0D74:ref279:ord0;page180:tag:entity213:key00486F40:ref280:ord0,"採掘場偽装基地の指定区域へ潜入、<C=FF4040>誰にも見つからず、一人も死亡者
を出さずに目標地点(ゴール)まで到達<C=R>せよ。
<C=FF4040>敵に発見されたり、敵が一人でも死亡した時点でミッションは失敗<C=R>。",【EXTRA OPS：047】完全ステルス,"エレディア中央、熱帯雲霧林（クラウド・フォレスト）の指定区域
へ潜入、<C=FF4040>誰にも見つからず、一人も死亡者を出さずに目標地点
(ゴール)まで到達<C=R>せよ。
<C=FF4040>敵に発見されたり、敵が一人でも死亡した時点でミッションは失敗<C=R>。",,【EXTRA OPS：047】完全潜行,,MATCH,39,33,APPROVED,READY,NOT_TESTED,JPN_PRIMARY; MLG_CN_CONTEXT_AUXILIARY,mechanical template; resource_class=STAGEDAT_OLANG; source_objects=6
LANG_MISSION_INFO.OLANG,142,281,281;281;281,3,,page15:tag:entity418:key00811B1F:ref281:ord0;page174:tag:entity418:key00811B1F:ref281:ord0;page180:tag:entity418:key00811B1F:ref281:ord0,【EXTRA OPS：047】完全ステルス,"エレディア中央、熱帯雲霧林（クラウド・フォレスト）の指定区域
へ潜入、<C=FF4040>誰にも見つからず、一人も死亡者を出さずに目標地点
(ゴール)まで到達<C=R>せよ。
<C=FF4040>敵に発見されたり、敵が一人でも死亡した時点でミッションは失敗<C=R>。",【EXTRA OPS：046】完全ステルス,<C=FF4040> | <C=R> | <C=FF4040> | <C=R>,"潜入埃雷迪亚中部热带云雾林（Cloud Forest）的指定区域
，<C=FF4040>在不被任何人发现且不出现任何死亡者的情况下到达目标地点
（终点）<C=R>。
<C=FF4040>一旦被敌人发现或有任何一名敌人死亡，任务即告失败<C=R>。",<C=FF4040> | <C=R> | <C=FF4040> | <C=R>,MATCH,332,279,APPROVED,READY,NOT_TESTED,JPN_PRIMARY; MLG_CN_CONTEXT_AUXILIARY,mechanical template; resource_class=STAGEDAT_OLANG; source_objects=3; review_flag=CONTROL_COLOR_ORDER_AND_SOURCE_LINEBREAKS_PRESERVED; JPN_NO_DEATH_CONDITION_PRESERVED
LANG_MISSION_INFO.OLANG,143,282,282;283;282;283;282;283,6,,page15:tag:entity596:key00BC0D74:ref282:ord0;page15:tag:entity212:key00486F00:ref283:ord0;page174:tag:entity596:key00BC0D74:ref282:ord0;page174:tag:entity212:key00486F00:ref283:ord0;page180:tag:entity596:key00BC0D74:ref282:ord0;page180:tag:entity212:key00486F00:ref283:ord0,"エレディア中央、熱帯雲霧林（クラウド・フォレスト）の指定区域
へ潜入、<C=FF4040>誰にも見つからず、一人も死亡者を出さずに目標地点
(ゴール)まで到達<C=R>せよ。
<C=FF4040>敵に発見されたり、敵が一人でも死亡した時点でミッションは失敗<C=R>。",【EXTRA OPS：046】完全ステルス,"イラス山の熱帯乾燥林へ潜入、<C=FF4040>誰にも見つからず、一人も死亡者を
出さずに目標地点(ゴール)まで到達<C=R>せよ。
<C=FF4040>敵に発見されたり、敵が一人でも死亡した時点でミッションは失敗<C=R>。",,【EXTRA OPS：046】完全潜行,,MATCH,39,33,APPROVED,READY,NOT_TESTED,JPN_PRIMARY; MLG_CN_CONTEXT_AUXILIARY,mechanical template; resource_class=STAGEDAT_OLANG; source_objects=6
LANG_MISSION_INFO.OLANG,144,284,284;284;284,3,,page15:tag:entity414:key00801B1F:ref284:ord0;page174:tag:entity414:key00801B1F:ref284:ord0;page180:tag:entity414:key00801B1F:ref284:ord0,【EXTRA OPS：046】完全ステルス,"イラス山の熱帯乾燥林へ潜入、<C=FF4040>誰にも見つからず、一人も死亡者を
出さずに目標地点(ゴール)まで到達<C=R>せよ。
<C=FF4040>敵に発見されたり、敵が一人でも死亡した時点でミッションは失敗<C=R>。",【EXTRA OPS：050】完全ステルス,<C=FF4040> | <C=R> | <C=FF4040> | <C=R>,"潜入伊拉苏山的热带干燥林，<C=FF4040>在不被任何人发现且不出现任何死亡者
的情况下到达目标地点（终点）<C=R>。
<C=FF4040>一旦被敌人发现或有任何一名敌人死亡，任务即告失败<C=R>。",<C=FF4040> | <C=R> | <C=FF4040> | <C=R>,MATCH,271,242,APPROVED,READY,NOT_TESTED,JPN_PRIMARY; MLG_CN_CONTEXT_AUXILIARY,mechanical template; resource_class=STAGEDAT_OLANG; source_objects=3; review_flag=CONTROL_COLOR_ORDER_AND_JPN_NO_DEATH_CONDITION_PRESERVED
LANG_MISSION_INFO.OLANG,145,285,285;286;285;286;285;286,6,,page15:tag:entity589:key00BB0D74:ref285:ord0;page15:tag:entity211:key00486EC0:ref286:ord0;page174:tag:entity589:key00BB0D74:ref285:ord0;page174:tag:entity211:key00486EC0:ref286:ord0;page180:tag:entity589:key00BB0D74:ref285:ord0;page180:tag:entity211:key00486EC0:ref286:ord0,"イラス山の熱帯乾燥林へ潜入、<C=FF4040>誰にも見つからず、一人も死亡者を
出さずに目標地点(ゴール)まで到達<C=R>せよ。
<C=FF4040>敵に発見されたり、敵が一人でも死亡した時点でミッションは失敗<C=R>。",【EXTRA OPS：050】完全ステルス,"リモン東の湿地帯へ潜入、<C=FF4040>誰にも見つからず、一人も死亡者を出さず
に目標地点(ゴール)まで到達<C=R>せよ。
<C=FF4040>敵に発見されたり、敵が一人でも死亡した時点でミッションは失敗<C=R>。",,【EXTRA OPS：050】完全潜行,,MATCH,39,33,APPROVED,READY,NOT_TESTED,JPN_PRIMARY; MLG_CN_CONTEXT_AUXILIARY,mechanical template; resource_class=STAGEDAT_OLANG; source_objects=6
LANG_MISSION_INFO.OLANG,146,287,287;287;287,3,,page15:tag:entity409:key007F1B1F:ref287:ord0;page174:tag:entity409:key007F1B1F:ref287:ord0;page180:tag:entity409:key007F1B1F:ref287:ord0,【EXTRA OPS：050】完全ステルス,"リモン東の湿地帯へ潜入、<C=FF4040>誰にも見つからず、一人も死亡者を出さず
に目標地点(ゴール)まで到達<C=R>せよ。
<C=FF4040>敵に発見されたり、敵が一人でも死亡した時点でミッションは失敗<C=R>。",【EXTRA OPS：045】完全ステルス,<C=FF4040> | <C=R> | <C=FF4040> | <C=R>,"潜入利蒙东部湿地，<C=FF4040>在不被任何人发现且不出现任何死亡者
的情况下到达目标地点（终点）<C=R>。
<C=FF4040>一旦被敌人发现或有任何一名敌人死亡，任务即告失败<C=R>。",<C=FF4040> | <C=R> | <C=FF4040> | <C=R>,MATCH,265,230,APPROVED,READY,NOT_TESTED,JPN_PRIMARY; MLG_CN_CONTEXT_AUXILIARY,mechanical template; resource_class=STAGEDAT_OLANG; source_objects=3; review_flag=CONTROL_COLOR_ORDER_AND_JPN_NO_DEATH_CONDITION_PRESERVED
LANG_MISSION_INFO.OLANG,147,288,288;289;288;289;288;289,6,,page15:tag:entity583:key00BA0D74:ref288:ord0;page15:tag:entity210:key00486E80:ref289:ord0;page174:tag:entity583:key00BA0D74:ref288:ord0;page174:tag:entity210:key00486E80:ref289:ord0;page180:tag:entity583:key00BA0D74:ref288:ord0;page180:tag:entity210:key00486E80:ref289:ord0,"リモン東の湿地帯へ潜入、<C=FF4040>誰にも見つからず、一人も死亡者を出さず
に目標地点(ゴール)まで到達<C=R>せよ。
<C=FF4040>敵に発見されたり、敵が一人でも死亡した時点でミッションは失敗<C=R>。",【EXTRA OPS：045】完全ステルス,"沿岸の資材搬入施設（プエルト・デル・アルバ）周辺区域へ潜入、
<C=FF4040>誰にも見つからず、一人も死亡者を出さずに目標地点(ゴール)まで
到達<C=R>せよ。
<C=FF4040>敵に発見されたり、敵が一人でも死亡した時点でミッションは失敗<C=R>。",,【EXTRA OPS：045】完全潜行,,MATCH,39,33,APPROVED,READY,NOT_TESTED,JPN_PRIMARY; MLG_CN_CONTEXT_AUXILIARY,mechanical template; resource_class=STAGEDAT_OLANG; source_objects=6
LANG_MISSION_INFO.OLANG,148,290,290;290;290,3,,page15:tag:entity404:key007E1B1F:ref290:ord0;page174:tag:entity404:key007E1B1F:ref290:ord0;page180:tag:entity404:key007E1B1F:ref290:ord0,【EXTRA OPS：045】完全ステルス,"沿岸の資材搬入施設（プエルト・デル・アルバ）周辺区域へ潜入、
<C=FF4040>誰にも見つからず、一人も死亡者を出さずに目標地点(ゴール)まで
到達<C=R>せよ。
<C=FF4040>敵に発見されたり、敵が一人でも死亡した時点でミッションは失敗<C=R>。",sbm092/アイテム（クレイモア、設置系武器）をもって、指定エリアへ向かう　×,<C=FF4040> | <C=R> | <C=FF4040> | <C=R>,"潜入沿岸物资搬入设施（Puerto del Alba）周边区域，
<C=FF4040>在不被任何人发现且不出现任何死亡者的情况下到达目标地点（终点）
<C=R>。
<C=FF4040>一旦被敌人发现或有任何一名敌人死亡，任务即告失败<C=R>。",<C=FF4040> | <C=R> | <C=FF4040> | <C=R>,MATCH,320,270,APPROVED,READY,NOT_TESTED,JPN_PRIMARY; MLG_CN_CONTEXT_AUXILIARY,mechanical template; resource_class=STAGEDAT_OLANG; source_objects=3; review_flag=CONTROL_COLOR_ORDER_AND_SOURCE_LINEBREAKS_PRESERVED; JPN_NO_DEATH_CONDITION_PRESERVED
LANG_MISSION_INFO.OLANG,149,291,291;292;291;292;291;292,6,,page15:tag:entity578:key00B90D74:ref291:ord0;page15:tag:entity209:key00486E40:ref292:ord0;page174:tag:entity578:key00B90D74:ref291:ord0;page174:tag:entity209:key00486E40:ref292:ord0;page180:tag:entity578:key00B90D74:ref291:ord0;page180:tag:entity209:key00486E40:ref292:ord0,"沿岸の資材搬入施設（プエルト・デル・アルバ）周辺区域へ潜入、
<C=FF4040>誰にも見つからず、一人も死亡者を出さずに目標地点(ゴール)まで
到達<C=R>せよ。
<C=FF4040>敵に発見されたり、敵が一人でも死亡した時点でミッションは失敗<C=R>。",sbm092/アイテム（クレイモア、設置系武器）をもって、指定エリアへ向かう　×,"sbm092内容/アイテム（クレイモア、設置系武器）をもって、指定エリアへ向かう

組み込み状況　：　×",,sbm092/携带道具（阔剑地雷、设置型武器）前往指定区域　×,,MATCH,105,78,APPROVED,READY,NOT_TESTED,JPN_PRIMARY; MLG_CN_CONTEXT_AUXILIARY,mechanical template; resource_class=STAGEDAT_OLANG; source_objects=6; review_flag=DEV_OR_PLACEHOLDER_LABEL_LOCALIZED_CONSERVATIVELY; FULLWIDTH_SPACE_BEFORE_X_PRESERVED; REVIEW_TERM
LANG_MISSION_INFO.OLANG,150,293,293;293;293,3,,page15:tag:entity399:key007D1B1F:ref293:ord0;page174:tag:entity399:key007D1B1F:ref293:ord0;page180:tag:entity399:key007D1B1F:ref293:ord0,sbm092/アイテム（クレイモア、設置系武器）をもって、指定エリアへ向かう　×,"sbm092内容/アイテム（クレイモア、設置系武器）をもって、指定エリアへ向かう

組み込み状況　：　×",sbm091/アイテム（クレイモア、設置系武器）をもって、指定エリアへ向かう）　×,,"sbm092内容/携带道具（阔剑地雷、设置型武器）前往指定区域

实装状态　：　×",,MATCH,137,104,APPROVED,READY,NOT_TESTED,JPN_PRIMARY; MLG_CN_CONTEXT_AUXILIARY,mechanical template; resource_class=STAGEDAT_OLANG; source_objects=3; review_flag=DEV_OR_PLACEHOLDER_TEXT_LOCALIZED_CONSERVATIVELY; EMBEDDED_BLANK_LINE_AND_FULLWIDTH_SPACING_PRESERVED; REVIEW_TERM
LANG_MISSION_INFO.OLANG,151,294,294;295;294;295;294;295,6,,page15:tag:entity573:key00B80D74:ref294:ord0;page15:tag:entity208:key00486E00:ref295:ord0;page174:tag:entity573:key00B80D74:ref294:ord0;page174:tag:entity208:key00486E00:ref295:ord0;page180:tag:entity573:key00B80D74:ref294:ord0;page180:tag:entity208:key00486E00:ref295:ord0,"sbm092内容/アイテム（クレイモア、設置系武器）をもって、指定エリアへ向かう

組み込み状況　：　×",sbm091/アイテム（クレイモア、設置系武器）をもって、指定エリアへ向かう）　×,"sbm091内容/アイテム（クレイモア、設置系武器）をもって、指定エリアへ向かう

組み込み状況　：　×",,sbm091/携带道具（阔剑地雷、设置型武器）前往指定区域）　×,,MATCH,108,81,APPROVED,READY,NOT_TESTED,JPN_PRIMARY; MLG_CN_CONTEXT_AUXILIARY,mechanical template; resource_class=STAGEDAT_OLANG; source_objects=6; review_flag=DEV_OR_PLACEHOLDER_LABEL_LOCALIZED_CONSERVATIVELY; SOURCE_EXTRA_CLOSING_PAREN_AND_FULLWIDTH_SPACE_PRESERVED; REVIEW_TERM
LANG_MISSION_INFO.OLANG,152,296,296;296;296,3,,page15:tag:entity394:key007C1B1F:ref296:ord0;page174:tag:entity394:key007C1B1F:ref296:ord0;page180:tag:entity394:key007C1B1F:ref296:ord0,sbm091/アイテム（クレイモア、設置系武器）をもって、指定エリアへ向かう）　×,"sbm091内容/アイテム（クレイモア、設置系武器）をもって、指定エリアへ向かう

組み込み状況　：　×",【EXTRA OPS：没】脱出援護,,"sbm091内容/携带道具（阔剑地雷、设置型武器）前往指定区域

实装状态　：　×",,MATCH,137,104,APPROVED,READY,NOT_TESTED,JPN_PRIMARY; MLG_CN_CONTEXT_AUXILIARY,mechanical template; resource_class=STAGEDAT_OLANG; source_objects=3; review_flag=DEV_OR_PLACEHOLDER_TEXT_LOCALIZED_CONSERVATIVELY; EMBEDDED_BLANK_LINE_PRESERVED; REVIEW_TERM
LANG_MISSION_INFO.OLANG,153,297,297;298;297;298;297;298,6,,page15:tag:entity568:key00B70D74:ref297:ord0;page15:tag:entity207:key00486DC0:ref298:ord0;page174:tag:entity568:key00B70D74:ref297:ord0;page174:tag:entity207:key00486DC0:ref298:ord0;page180:tag:entity568:key00B70D74:ref297:ord0;page180:tag:entity207:key00486DC0:ref298:ord0,"sbm091内容/アイテム（クレイモア、設置系武器）をもって、指定エリアへ向かう

組み込み状況　：　×",【EXTRA OPS：没】脱出援護,"採掘場偽装基地内で捕まっていた捕虜の脱出を援護（カバー）
せよ。
　制限時間：
　必要武器：
　必要装備品：
　ターゲット数：1",,【EXTRA OPS：没】逃脱援护,,MATCH,33,33,APPROVED,READY,NOT_TESTED,JPN_PRIMARY; MLG_CN_CONTEXT_AUXILIARY,mechanical template; resource_class=STAGEDAT_OLANG; source_objects=6; review_flag=SOURCE_没_MARKER_PRESERVED
LANG_MISSION_INFO.OLANG,154,299,299;299;299,3,,page15:tag:entity389:key007B1B1F:ref299:ord0;page174:tag:entity389:key007B1B1F:ref299:ord0;page180:tag:entity389:key007B1B1F:ref299:ord0,【EXTRA OPS：没】脱出援護,"採掘場偽装基地内で捕まっていた捕虜の脱出を援護（カバー）
せよ。
　制限時間：
　必要武器：
　必要装備品：
　ターゲット数：1",sbm089/アイテム（レーション）をもって、指定エリアへ向かう　×,,"掩护（Cover）在采掘场伪装基地内被抓的俘虏
逃脱。
　时间限制：
　必要武器：
　必要装备品：
　目标数：1",,MATCH,180,146,APPROVED,READY,NOT_TESTED,JPN_PRIMARY; MLG_CN_CONTEXT_AUXILIARY,mechanical template; resource_class=STAGEDAT_OLANG; source_objects=3; review_flag=JPN_EMPTY_PLACEHOLDER_FIELDS_AND_NEWLINE_LAYOUT_PRESERVED
LANG_MISSION_INFO.OLANG,155,300,300;301;300;301;300;301,6,,page15:tag:entity499:key00A00D74:ref300:ord0;page15:tag:entity206:key00486800:ref301:ord0;page174:tag:entity499:key00A00D74:ref300:ord0;page174:tag:entity206:key00486800:ref301:ord0;page180:tag:entity499:key00A00D74:ref300:ord0;page180:tag:entity206:key00486800:ref301:ord0,"採掘場偽装基地内で捕まっていた捕虜の脱出を援護（カバー）
せよ。
　制限時間：
　必要武器：
　必要装備品：
　ターゲット数：1",sbm089/アイテム（レーション）をもって、指定エリアへ向かう　×,"sbm089内容/アイテム（レーション）をもって、指定エリアへ向かう

組み込み状況　：　×",,sbm089/携带道具（口粮）前往指定区域　×,,MATCH,87,54,APPROVED,READY,NOT_TESTED,JPN_PRIMARY; MLG_CN_CONTEXT_AUXILIARY,mechanical template; resource_class=STAGEDAT_OLANG; source_objects=6; review_flag=DEV_OR_PLACEHOLDER_LABEL_LOCALIZED_CONSERVATIVELY; FULLWIDTH_SPACE_BEFORE_X_PRESERVED; REVIEW_TERM
LANG_MISSION_INFO.OLANG,156,302,302;302;302,3,,page15:tag:entity368:key00641B1F:ref302:ord0;page174:tag:entity368:key00641B1F:ref302:ord0;page180:tag:entity368:key00641B1F:ref302:ord0,sbm089/アイテム（レーション）をもって、指定エリアへ向かう　×,"sbm089内容/アイテム（レーション）をもって、指定エリアへ向かう

組み込み状況　：　×",【EXTRA OPS：没】装備品奪取,,"sbm089内容/携带道具（口粮）前往指定区域

实装状态　：　×",,MATCH,119,80,APPROVED,READY,NOT_TESTED,JPN_PRIMARY; MLG_CN_CONTEXT_AUXILIARY,mechanical template; resource_class=STAGEDAT_OLANG; source_objects=3; review_flag=DEV_OR_PLACEHOLDER_TEXT_LOCALIZED_CONSERVATIVELY; EMBEDDED_BLANK_LINE_PRESERVED; REVIEW_TERM
LANG_MISSION_INFO.OLANG,157,303,303;304;306;307;309;310;303;304;306;307;309;310;303;304;306;307;309;310,18,,page15:tag:entity492:key009F0D74:ref303:ord0;page15:tag:entity205:key004867C0:ref304:ord0;page15:tag:entity485:key009E0D74:ref306:ord0;page15:tag:entity204:key00486780:ref307:ord0;page15:tag:entity478:key009D0D74:ref309:ord0;page15:tag:entity203:key00486740:ref310:ord0;page174:tag:entity492:key009F0D74:ref303:ord0;page174:tag:entity205:key004867C0:ref304:ord0;page174:tag:entity485:key009E0D74:ref306:ord0;page174:tag:entity204:key00486780:ref307:ord0;page174:tag:entity478:key009D0D74:ref309:ord0;page174:tag:entity203:key00486740:ref310:ord0;page180:tag:entity492:key009F0D74:ref303:ord0;page180:tag:entity205:key004867C0:ref304:ord0;page180:tag:entity485:key009E0D74:ref306:ord0;page180:tag:entity204:key00486780:ref307:ord0;page180:tag:entity478:key009D0D74:ref309:ord0;page180:tag:entity203:key00486740:ref310:ord0,"sbm089内容/アイテム（レーション）をもって、指定エリアへ向かう

組み込み状況　：　×",【EXTRA OPS：没】装備品奪取,"沿岸の資材搬入施設（プエルト・デル・アルバ）にいる<C=FF4040>敵傭兵を
排除し、その装備品（ターゲット）を取得後、回収地点（ゴール）へ<C=R>向かえ。
敵傭兵に<C=FF4040>発見された時点でミッションは失敗<C=R>となる。
　制限時間：03'00""
　ターゲット数：1",,【EXTRA OPS：没】装备品夺取,,MATCH,36,36,APPROVED,READY,NOT_TESTED,JPN_PRIMARY; MLG_CN_CONTEXT_AUXILIARY,mechanical template; resource_class=STAGEDAT_OLANG; source_objects=18; review_flag=SOURCE_没_MARKER_PRESERVED
LANG_MISSION_INFO.OLANG,158,305,305;305;305,3,,page15:tag:entity364:key00631B1F:ref305:ord0;page174:tag:entity364:key00631B1F:ref305:ord0;page180:tag:entity364:key00631B1F:ref305:ord0,【EXTRA OPS：没】装備品奪取,"沿岸の資材搬入施設（プエルト・デル・アルバ）にいる<C=FF4040>敵傭兵を
排除し、その装備品（ターゲット）を取得後、回収地点（ゴール）へ<C=R>向かえ。
敵傭兵に<C=FF4040>発見された時点でミッションは失敗<C=R>となる。
　制限時間：03'00""
　ターゲット数：1",【EXTRA OPS：没】装備品奪取,<C=FF4040> | <C=R> | <C=FF4040> | <C=R>,"<C=FF4040>排除沿岸物资搬入设施（Puerto del Alba）的敌方佣兵，
取得其装备品（目标）后，前往回收地点（终点）<C=R>。
一旦被敌方佣兵<C=FF4040>发现，任务即告失败<C=R>。
　时间限制：03'00""
　目标数：1",<C=FF4040> | <C=R> | <C=FF4040> | <C=R>,MATCH,347,263,APPROVED,READY,NOT_TESTED,JPN_PRIMARY; MLG_CN_CONTEXT_AUXILIARY,mechanical template; resource_class=STAGEDAT_OLANG; source_objects=3; review_flag=CONTROL_COLOR_ORDER_AND_INTERNAL_NEWLINES_PRESERVED; JPN_SPOTTED_FAILURE_CONDITION_PRESERVED
LANG_MISSION_INFO.OLANG,159,308,308;308;308,3,,page15:tag:entity360:key00621B1F:ref308:ord0;page174:tag:entity360:key00621B1F:ref308:ord0;page180:tag:entity360:key00621B1F:ref308:ord0,【EXTRA OPS：没】装備品奪取,"採掘場居住区にいる<C=FF4040>敵傭兵を排除し、その装備品（ターゲット）を
取得後、回収地点（ゴール）へ<C=R>向かえ。
　制限時間：03'00""
　ターゲット数：1",【EXTRA OPS：没】装備品奪取,<C=FF4040> | <C=R>,"<C=FF4040>排除采掘场居住区的敌方佣兵，取得其装备品（目标）
后前往回收地点（终点）<C=R>。
　时间限制：03'00""
　目标数：1",<C=FF4040> | <C=R>,MATCH,211,166,APPROVED,READY,NOT_TESTED,JPN_PRIMARY; MLG_CN_CONTEXT_AUXILIARY,mechanical template; resource_class=STAGEDAT_OLANG; source_objects=3; review_flag=CONTROL_COLOR_ORDER_AND_INTERNAL_NEWLINE_PRESERVED; SHARED_TITLE_DEDUP_INDEX_PRESERVED
LANG_MISSION_INFO.OLANG,160,311,311;311;311,3,,page15:tag:entity356:key00611B1F:ref311:ord0;page174:tag:entity356:key00611B1F:ref311:ord0;page180:tag:entity356:key00611B1F:ref311:ord0,【EXTRA OPS：没】装備品奪取,"イラス山腹の砦（フェルテ・ラ・ラデラ）にいる敵傭兵を排除し、
その装備品を回収後、回収地点（ゴール）へ向かえ。
　制限時間：03'00""
　ターゲット数：1",sbm085/ゴールへ向かう　×,,"排除伊拉苏山腹要塞（Fuerte la Ladera）的敌方佣兵，
回收其装备品后前往回收地点（终点）。
　时间限制：03'00""
　目标数：1",,MATCH,214,164,APPROVED,READY,NOT_TESTED,JPN_PRIMARY; MLG_CN_CONTEXT_AUXILIARY,mechanical template; resource_class=STAGEDAT_OLANG; source_objects=3; review_flag=JPN_NO_COLOR_CONTROLS_PRESERVED; SHARED_TITLE_DEDUP_INDEX_PRESERVED
LANG_MISSION_INFO.OLANG,161,312,312;313;312;313;312;313,6,,page15:tag:entity471:key009C0D74:ref312:ord0;page15:tag:entity202:key00486700:ref313:ord0;page174:tag:entity471:key009C0D74:ref312:ord0;page174:tag:entity202:key00486700:ref313:ord0;page180:tag:entity471:key009C0D74:ref312:ord0;page180:tag:entity202:key00486700:ref313:ord0,"イラス山腹の砦（フェルテ・ラ・ラデラ）にいる敵傭兵を排除し、
その装備品を回収後、回収地点（ゴール）へ向かえ。
　制限時間：03'00""
　ターゲット数：1",sbm085/ゴールへ向かう　×,"sbm085内容/ゴールへ向かう

組み込み状況　：　×",,sbm085/前往终点　×,,MATCH,33,24,APPROVED,READY,NOT_TESTED,JPN_PRIMARY; MLG_CN_CONTEXT_AUXILIARY,mechanical template; resource_class=STAGEDAT_OLANG; source_objects=6; review_flag=DEV_OR_PLACEHOLDER_LABEL_LOCALIZED_CONSERVATIVELY; FULLWIDTH_SPACE_BEFORE_X_PRESERVED; REVIEW_TERM
LANG_MISSION_INFO.OLANG,162,314,314;314;314,3,,page15:tag:entity352:key00601B1F:ref314:ord0;page174:tag:entity352:key00601B1F:ref314:ord0;page180:tag:entity352:key00601B1F:ref314:ord0,sbm085/ゴールへ向かう　×,"sbm085内容/ゴールへ向かう

組み込み状況　：　×",【EXTRA OPS：没046】脱出援護,,"sbm085内容/前往终点

实装状态　：　×",,MATCH,65,50,APPROVED,READY,NOT_TESTED,JPN_PRIMARY; MLG_CN_CONTEXT_AUXILIARY,mechanical template; resource_class=STAGEDAT_OLANG; source_objects=3; review_flag=DEV_OR_PLACEHOLDER_TEXT_LOCALIZED_CONSERVATIVELY; EMBEDDED_BLANK_LINE_PRESERVED; REVIEW_TERM
LANG_MISSION_INFO.OLANG,163,315,315;316;315;316;315;316,6,,page15:tag:entity464:key009B0D74:ref315:ord0;page15:tag:entity201:key004866C0:ref316:ord0;page174:tag:entity464:key009B0D74:ref315:ord0;page174:tag:entity201:key004866C0:ref316:ord0;page180:tag:entity464:key009B0D74:ref315:ord0;page180:tag:entity201:key004866C0:ref316:ord0,"sbm085内容/ゴールへ向かう

組み込み状況　：　×",【EXTRA OPS：没046】脱出援護,"採掘場偽装基地内で捕虜となっていた<C=FF4040>潜入工作員（モール）の
脱出を援護（カバー）<C=R>せよ。
<C=FF4040>工作員が死亡したり、気絶したまま放置するとミッション失敗<C=R>。",,【EXTRA OPS：没046】逃脱援护,,MATCH,36,36,APPROVED,READY,NOT_TESTED,JPN_PRIMARY; MLG_CN_CONTEXT_AUXILIARY,mechanical template; resource_class=STAGEDAT_OLANG; source_objects=6; review_flag=SOURCE_没046_MARKER_PRESERVED
LANG_MISSION_INFO.OLANG,164,317,317;317;317,3,,page15:tag:entity347:key005F1B1F:ref317:ord0;page174:tag:entity347:key005F1B1F:ref317:ord0;page180:tag:entity347:key005F1B1F:ref317:ord0,【EXTRA OPS：没046】脱出援護,"採掘場偽装基地内で捕虜となっていた<C=FF4040>潜入工作員（モール）の
脱出を援護（カバー）<C=R>せよ。
<C=FF4040>工作員が死亡したり、気絶したまま放置するとミッション失敗<C=R>。",【EXTRA OPS：054】スネーク装備品奪還,<C=FF4040> | <C=R> | <C=FF4040> | <C=R>,"掩护（Cover）在采掘场伪装基地内被俘的<C=FF4040>潜入工作员（Mole）
逃脱<C=R>。
<C=FF4040>工作员死亡，或在昏迷状态下被放置不管，都会导致任务失败<C=R>。",<C=FF4040> | <C=R> | <C=FF4040> | <C=R>,MATCH,242,203,APPROVED,READY,NOT_TESTED,JPN_PRIMARY; MLG_CN_CONTEXT_AUXILIARY,mechanical template; resource_class=STAGEDAT_OLANG; source_objects=3; review_flag=CONTROL_COLOR_ORDER_AND_INTERNAL_NEWLINE_PRESERVED; JPN_DEATH_OR_UNCONSCIOUS_ABANDONMENT_FAILURE_PRESERVED; AUX_OMISSION_REJECTED
LANG_MISSION_INFO.OLANG,165,318,318;319;318;319;318;319,6,,page15:tag:entity459:key009A0D74:ref318:ord0;page15:tag:entity200:key00486680:ref319:ord0;page174:tag:entity459:key009A0D74:ref318:ord0;page174:tag:entity200:key00486680:ref319:ord0;page180:tag:entity459:key009A0D74:ref318:ord0;page180:tag:entity200:key00486680:ref319:ord0,"採掘場偽装基地内で捕虜となっていた<C=FF4040>潜入工作員（モール）の
脱出を援護（カバー）<C=R>せよ。
<C=FF4040>工作員が死亡したり、気絶したまま放置するとミッション失敗<C=R>。",【EXTRA OPS：054】スネーク装備品奪還,"敵に捕らえられた<C=FF4040>スネークの装備品を全て回収し、目標地点（ゴール）
へ向かえ<C=R>。
<C=FF4040>MSF兵限定<C=R>。
　制限時間：06'00""
　ターゲット数：5",,【EXTRA OPS：054】Snake装备品夺还,,MATCH,48,41,APPROVED,READY,NOT_TESTED,JPN_PRIMARY; MLG_CN_CONTEXT_AUXILIARY,mechanical template; resource_class=STAGEDAT_OLANG; source_objects=6
LANG_MISSION_INFO.OLANG,166,320,320;320;320,3,,page15:tag:entity341:key005E1B1F:ref320:ord0;page174:tag:entity341:key005E1B1F:ref320:ord0;page180:tag:entity341:key005E1B1F:ref320:ord0,【EXTRA OPS：054】スネーク装備品奪還,"敵に捕らえられた<C=FF4040>スネークの装備品を全て回収し、目標地点（ゴール）
へ向かえ<C=R>。
<C=FF4040>MSF兵限定<C=R>。
　制限時間：06'00""
　ターゲット数：5",【EXTRA OPS：没045】脱出援護,<C=FF4040> | <C=R> | <C=FF4040> | <C=R>,"<C=FF4040>回收被敌人俘获的Snake全部装备品，并前往目标地点（终点）
<C=R>。
<C=FF4040>仅限MSF士兵<C=R>。
　时间限制：06'00""
　目标数：5",<C=FF4040> | <C=R> | <C=FF4040> | <C=R>,MATCH,209,175,APPROVED,READY,NOT_TESTED,JPN_PRIMARY; MLG_CN_CONTEXT_AUXILIARY,mechanical template; resource_class=STAGEDAT_OLANG; source_objects=3; review_flag=JPN_TWO_COLOR_PAIRS_AND_INTERNAL_NEWLINE_PRESERVED; AUX_EXTRA_CONTROL_SEGMENTATION_REJECTED
LANG_MISSION_INFO.OLANG,167,321,321;322;321;322;321;322,6,,page15:tag:entity455:key00990D74:ref321:ord0;page15:tag:entity199:key00486640:ref322:ord0;page174:tag:entity455:key00990D74:ref321:ord0;page174:tag:entity199:key00486640:ref322:ord0;page180:tag:entity455:key00990D74:ref321:ord0;page180:tag:entity199:key00486640:ref322:ord0,"敵に捕らえられた<C=FF4040>スネークの装備品を全て回収し、目標地点（ゴール）
へ向かえ<C=R>。
<C=FF4040>MSF兵限定<C=R>。
　制限時間：06'00""
　ターゲット数：5",【EXTRA OPS：没045】脱出援護,"敵に捕えられていた<C=FF4040>捕虜の脱出を援護（カバー）<C=R>せよ。
<C=FF4040>捕虜が死亡したり、気絶したまま放置するとミッション失敗<C=R>。",,【EXTRA OPS：没045】逃脱援护,,MATCH,36,36,APPROVED,READY,NOT_TESTED,JPN_PRIMARY; MLG_CN_CONTEXT_AUXILIARY,mechanical template; resource_class=STAGEDAT_OLANG; source_objects=6; review_flag=SOURCE_没045_MARKER_PRESERVED
LANG_MISSION_INFO.OLANG,168,323,323;323;323,3,,page15:tag:entity336:key005D1B1F:ref323:ord0;page174:tag:entity336:key005D1B1F:ref323:ord0;page180:tag:entity336:key005D1B1F:ref323:ord0,【EXTRA OPS：没045】脱出援護,"敵に捕えられていた<C=FF4040>捕虜の脱出を援護（カバー）<C=R>せよ。
<C=FF4040>捕虜が死亡したり、気絶したまま放置するとミッション失敗<C=R>。",sbm081/捕虜(兵士、ムカデ可能）と一緒にゴールへ　×,<C=FF4040> | <C=R> | <C=FF4040> | <C=R>,"掩护（Cover）被敌人俘获的<C=FF4040>俘虏逃脱<C=R>。
<C=FF4040>俘虏死亡，或在昏迷状态下被放置不管，都会导致任务失败<C=R>。",<C=FF4040> | <C=R> | <C=FF4040> | <C=R>,MATCH,190,162,APPROVED,READY,NOT_TESTED,JPN_PRIMARY; MLG_CN_CONTEXT_AUXILIARY,mechanical template; resource_class=STAGEDAT_OLANG; source_objects=3; review_flag=JPN_GENERIC_PRISONER_IDENTITY_PRESERVED; JPN_DEATH_OR_UNCONSCIOUS_ABANDONMENT_FAILURE_PRESERVED; AUX_RESEARCHER_SUBSTITUTION_REJECTED
LANG_MISSION_INFO.OLANG,169,324,324;325;324;325;324;325,6,,page15:tag:entity451:key00980D74:ref324:ord0;page15:tag:entity198:key00486600:ref325:ord0;page174:tag:entity451:key00980D74:ref324:ord0;page174:tag:entity198:key00486600:ref325:ord0;page180:tag:entity451:key00980D74:ref324:ord0;page180:tag:entity198:key00486600:ref325:ord0,"敵に捕えられていた<C=FF4040>捕虜の脱出を援護（カバー）<C=R>せよ。
<C=FF4040>捕虜が死亡したり、気絶したまま放置するとミッション失敗<C=R>。",sbm081/捕虜(兵士、ムカデ可能）と一緒にゴールへ　×,"sbm081内容/捕虜(兵士、ムカデ可能）と一緒にゴールへ

組み込み状況　：　×",,sbm081/与俘虏（士兵，可蜈蚣）一起前往终点　×,,MATCH,70,63,APPROVED,READY,NOT_TESTED,JPN_PRIMARY; MLG_CN_CONTEXT_AUXILIARY,mechanical template; resource_class=STAGEDAT_OLANG; source_objects=6; review_flag=DEV_OR_PLACEHOLDER_LABEL_LOCALIZED_CONSERVATIVELY; JPN_ムカデ_LITERAL_UNCERTAIN; REVIEW_TERM
LANG_MISSION_INFO.OLANG,170,326,326;326;326,3,,page15:tag:entity331:key005C1B1F:ref326:ord0;page174:tag:entity331:key005C1B1F:ref326:ord0;page180:tag:entity331:key005C1B1F:ref326:ord0,sbm081/捕虜(兵士、ムカデ可能）と一緒にゴールへ　×,"sbm081内容/捕虜(兵士、ムカデ可能）と一緒にゴールへ

組み込み状況　：　×",【EXTRA OPS：051】障害物爆破,,"sbm081内容/与俘虏（士兵，可蜈蚣）一起前往终点

实装状态　：　×",,MATCH,102,89,APPROVED,READY,NOT_TESTED,JPN_PRIMARY; MLG_CN_CONTEXT_AUXILIARY,mechanical template; resource_class=STAGEDAT_OLANG; source_objects=3; review_flag=DEV_OR_PLACEHOLDER_TEXT_LOCALIZED_CONSERVATIVELY; JPN_ムカデ_LITERAL_UNCERTAIN; EMBEDDED_BLANK_LINE_PRESERVED; REVIEW_TERM
LANG_MISSION_INFO.OLANG,171,327,327;328;327;328;327;328,6,,page15:tag:entity448:key00970D74:ref327:ord0;page15:tag:entity197:key004865C0:ref328:ord0;page174:tag:entity448:key00970D74:ref327:ord0;page174:tag:entity197:key004865C0:ref328:ord0;page180:tag:entity448:key00970D74:ref327:ord0;page180:tag:entity197:key004865C0:ref328:ord0,"sbm081内容/捕虜(兵士、ムカデ可能）と一緒にゴールへ

組み込み状況　：　×",【EXTRA OPS：051】障害物爆破,"進行ルートを確保すべく、エレディア中央、熱帯雲霧林
（クラウド・フォレスト）の<C=FF4040>障害物（ターゲット）を破壊<C=R>せよ。
目標地点(ターゲットポイント)にC4爆弾を設置し、起爆を行え。
<C=FF4040>MSF兵限定<C=R>。
<C=FF4040>SINGLE限定<C=R>。
　制限時間：08'00""(敵に見つかってアラートになると-01'00"")
　必要武器：<C=FF4040>C4爆弾<C=R>
　ターゲット数：1",,【EXTRA OPS：051】障碍物爆破,,MATCH,36,36,APPROVED,READY,NOT_TESTED,JPN_PRIMARY; MLG_CN_CONTEXT_AUXILIARY,mechanical template; resource_class=STAGEDAT_OLANG; source_objects=6
LANG_MISSION_INFO.OLANG,172,329,329;329;329,3,,page15:tag:entity327:key005B1B1F:ref329:ord0;page174:tag:entity327:key005B1B1F:ref329:ord0;page180:tag:entity327:key005B1B1F:ref329:ord0,【EXTRA OPS：051】障害物爆破,"進行ルートを確保すべく、エレディア中央、熱帯雲霧林
（クラウド・フォレスト）の<C=FF4040>障害物（ターゲット）を破壊<C=R>せよ。
目標地点(ターゲットポイント)にC4爆弾を設置し、起爆を行え。
<C=FF4040>MSF兵限定<C=R>。
<C=FF4040>SINGLE限定<C=R>。
　制限時間：08'00""(敵に見つかってアラートになると-01'00"")
　必要武器：<C=FF4040>C4爆弾<C=R>
　ターゲット数：1",sbm079/クリアリング（スカウト兵）から逃れろ　×,<C=FF4040> | <C=R> | <C=FF4040> | <C=R> | <C=FF4040> | <C=R> | <C=FF4040> | <C=R>,"为确保前进路线，摧毁埃雷迪亚中部热带云雾林
（Cloud Forest）的<C=FF4040>障碍物（目标）<C=R>。
在目标地点（Target Point）设置C4炸弹并引爆。
<C=FF4040>仅限MSF士兵<C=R>。
<C=FF4040>仅限SINGLE<C=R>。
　时间限制：08'00""（被敌人发现进入警报状态时-01'00""）
　必要武器：<C=FF4040>C4炸弹<C=R>
　目标数：1",<C=FF4040> | <C=R> | <C=FF4040> | <C=R> | <C=FF4040> | <C=R> | <C=FF4040> | <C=R>,MATCH,473,382,APPROVED,READY,NOT_TESTED,JPN_PRIMARY; MLG_CN_CONTEXT_AUXILIARY,mechanical template; resource_class=STAGEDAT_OLANG; source_objects=3; review_flag=FOUR_COLOR_PAIRS_PRESERVED; JPN_ALERT_MINUS_01_00_PRESERVED
LANG_MISSION_INFO.OLANG,173,330,330;331;330;331;330;331,6,,page15:tag:entity412:key00800D74:ref330:ord0;page15:tag:entity196:key00486000:ref331:ord0;page174:tag:entity412:key00800D74:ref330:ord0;page174:tag:entity196:key00486000:ref331:ord0;page180:tag:entity412:key00800D74:ref330:ord0;page180:tag:entity196:key00486000:ref331:ord0,"進行ルートを確保すべく、エレディア中央、熱帯雲霧林
（クラウド・フォレスト）の<C=FF4040>障害物（ターゲット）を破壊<C=R>せよ。
目標地点(ターゲットポイント)にC4爆弾を設置し、起爆を行え。
<C=FF4040>MSF兵限定<C=R>。
<C=FF4040>SINGLE限定<C=R>。
　制限時間：08'00""(敵に見つかってアラートになると-01'00"")
　必要武器：<C=FF4040>C4爆弾<C=R>
　ターゲット数：1",sbm079/クリアリング（スカウト兵）から逃れろ　×,"sbm079内容/クリアリング（スカウト兵）から逃れろ

組み込み状況　：　×",,sbm079/逃离Clearing（侦察兵）　×,,MATCH,66,41,APPROVED,READY,NOT_TESTED,JPN_PRIMARY; MLG_CN_CONTEXT_AUXILIARY,mechanical template; resource_class=STAGEDAT_OLANG; source_objects=6; review_flag=DEV_OR_PLACEHOLDER_LABEL_LOCALIZED_CONSERVATIVELY; CLEARING_TERM_PRESERVED; REVIEW_TERM
LANG_MISSION_INFO.OLANG,174,332,332;332;332,3,,page15:tag:entity117:key00441B1F:ref332:ord0;page174:tag:entity117:key00441B1F:ref332:ord0;page180:tag:entity117:key00441B1F:ref332:ord0,sbm079/クリアリング（スカウト兵）から逃れろ　×,"sbm079内容/クリアリング（スカウト兵）から逃れろ

組み込み状況　：　×",sbm078/クリアリングから逃れろ　×,,"sbm079内容/逃离Clearing（侦察兵）

实装状态　：　×",,MATCH,98,67,APPROVED,READY,NOT_TESTED,JPN_PRIMARY; MLG_CN_CONTEXT_AUXILIARY,mechanical template; resource_class=STAGEDAT_OLANG; source_objects=3; review_flag=DEV_OR_PLACEHOLDER_TEXT_LOCALIZED_CONSERVATIVELY; CLEARING_TERM_PRESERVED; EMBEDDED_BLANK_LINE_PRESERVED; REVIEW_TERM
LANG_MISSION_INFO.OLANG,175,333,333;334;333;334;333;334,6,,page15:tag:entity407:key007F0D74:ref333:ord0;page15:tag:entity195:key00485FC0:ref334:ord0;page174:tag:entity407:key007F0D74:ref333:ord0;page174:tag:entity195:key00485FC0:ref334:ord0;page180:tag:entity407:key007F0D74:ref333:ord0;page180:tag:entity195:key00485FC0:ref334:ord0,"sbm079内容/クリアリング（スカウト兵）から逃れろ

組み込み状況　：　×",sbm078/クリアリングから逃れろ　×,"sbm078内容/クリアリングから逃れろ

組み込み状況　：　×",,sbm078/逃离Clearing　×,,MATCH,45,26,APPROVED,READY,NOT_TESTED,JPN_PRIMARY; MLG_CN_CONTEXT_AUXILIARY,mechanical template; resource_class=STAGEDAT_OLANG; source_objects=6; review_flag=DEV_OR_PLACEHOLDER_LABEL_LOCALIZED_CONSERVATIVELY; CLEARING_TERM_PRESERVED; REVIEW_TERM
LANG_MISSION_INFO.OLANG,176,335,335;335;335,3,,page15:tag:entity116:key00431B1F:ref335:ord0;page174:tag:entity116:key00431B1F:ref335:ord0;page180:tag:entity116:key00431B1F:ref335:ord0,sbm078/クリアリングから逃れろ　×,"sbm078内容/クリアリングから逃れろ

組み込み状況　：　×",【EXTRA OPS：053】クリアリング突破,,"sbm078内容/逃离Clearing

实装状态　：　×",,MATCH,77,52,APPROVED,READY,NOT_TESTED,JPN_PRIMARY; MLG_CN_CONTEXT_AUXILIARY,mechanical template; resource_class=STAGEDAT_OLANG; source_objects=3; review_flag=DEV_OR_PLACEHOLDER_TEXT_LOCALIZED_CONSERVATIVELY; CLEARING_TERM_PRESERVED; EMBEDDED_BLANK_LINE_PRESERVED; REVIEW_TERM
LANG_MISSION_INFO.OLANG,177,336,336;337;336;337;336;337,6,,page15:tag:entity402:key007E0D74:ref336:ord0;page15:tag:entity194:key00485F80:ref337:ord0;page174:tag:entity402:key007E0D74:ref336:ord0;page174:tag:entity194:key00485F80:ref337:ord0;page180:tag:entity402:key007E0D74:ref336:ord0;page180:tag:entity194:key00485F80:ref337:ord0,"sbm078内容/クリアリングから逃れろ

組み込み状況　：　×",【EXTRA OPS：053】クリアリング突破,"敵兵士による<C=FF4040>クリアリング（索敵）が開始された収容施設を突破<C=R>せよ。
敵傭兵に<C=FF4040>発見されるとミッション失敗<C=R>。
<C=FF4040>MSF兵限定<C=R>。
　制限時間：06'00""
",,【EXTRA OPS：053】突破Clearing,,MATCH,45,35,APPROVED,READY,NOT_TESTED,JPN_PRIMARY; MLG_CN_CONTEXT_AUXILIARY,mechanical template; resource_class=STAGEDAT_OLANG; source_objects=6; review_flag=CLEARING_TERM_PRESERVED
LANG_MISSION_INFO.OLANG,178,338,338;338;338,3,,page15:tag:entity115:key00421B1F:ref338:ord0;page174:tag:entity115:key00421B1F:ref338:ord0;page180:tag:entity115:key00421B1F:ref338:ord0,【EXTRA OPS：053】クリアリング突破,"敵兵士による<C=FF4040>クリアリング（索敵）が開始された収容施設を突破<C=R>せよ。
敵傭兵に<C=FF4040>発見されるとミッション失敗<C=R>。
<C=FF4040>MSF兵限定<C=R>。
　制限時間：06'00""
",【EXTRA OPS：064】プーヤン・ミッション,<C=FF4040> | <C=R> | <C=FF4040> | <C=R> | <C=FF4040> | <C=R>,"突破敌兵已开始<C=FF4040>Clearing（搜索）的收容设施<C=R>。
一旦被敌方佣兵<C=FF4040>发现，任务即告失败<C=R>。
<C=FF4040>仅限MSF士兵<C=R>。
　时间限制：06'00""
",<C=FF4040> | <C=R> | <C=FF4040> | <C=R> | <C=FF4040> | <C=R>,MATCH,238,201,APPROVED,READY,NOT_TESTED,JPN_PRIMARY; MLG_CN_CONTEXT_AUXILIARY,mechanical template; resource_class=STAGEDAT_OLANG; source_objects=3; review_flag=THREE_COLOR_PAIRS_AND_TRAILING_NEWLINE_PRESERVED; CLEARING_SEARCH_SEMANTICS_PRESERVED
LANG_MISSION_INFO.OLANG,179,339,339;340;339;340;339;340,6,,page15:tag:entity397:key007D0D74:ref339:ord0;page15:tag:entity193:key00485F40:ref340:ord0;page174:tag:entity397:key007D0D74:ref339:ord0;page174:tag:entity193:key00485F40:ref340:ord0;page180:tag:entity397:key007D0D74:ref339:ord0;page180:tag:entity193:key00485F40:ref340:ord0,"敵兵士による<C=FF4040>クリアリング（索敵）が開始された収容施設を突破<C=R>せよ。
敵傭兵に<C=FF4040>発見されるとミッション失敗<C=R>。
<C=FF4040>MSF兵限定<C=R>。
　制限時間：06'00""
",【EXTRA OPS：064】プーヤン・ミッション,"『プーヤン・ミッション：イスラ・デル・モンストルオ』
フルトン回収用の<C=FF4040>バルーンを撃ち落とし、兵士達の捕獲（アブダクト）
を阻止<C=R>せよ。
<C=FF4040>2人アブダクトされるとミッション失敗<C=R>。
兵士以外のアブダクト阻止はボーナスポイント加算。
（アブダクトされてもミスにはならない）
　ターゲット数：14（兵士の数）",,【EXTRA OPS：064】Pooyan任务,,MATCH,51,33,APPROVED,READY,NOT_TESTED,JPN_PRIMARY; MLG_CN_CONTEXT_AUXILIARY,mechanical template; resource_class=STAGEDAT_OLANG; source_objects=6; review_flag=POOYAN_NAME_ROMANIZED
LANG_MISSION_INFO.OLANG,180,341,341;341;341,3,,page15:tag:entity114:key00411B1F:ref341:ord0;page174:tag:entity114:key00411B1F:ref341:ord0;page180:tag:entity114:key00411B1F:ref341:ord0,【EXTRA OPS：064】プーヤン・ミッション,"『プーヤン・ミッション：イスラ・デル・モンストルオ』
フルトン回収用の<C=FF4040>バルーンを撃ち落とし、兵士達の捕獲（アブダクト）
を阻止<C=R>せよ。
<C=FF4040>2人アブダクトされるとミッション失敗<C=R>。
兵士以外のアブダクト阻止はボーナスポイント加算。
（アブダクトされてもミスにはならない）
　ターゲット数：14（兵士の数）",【EXTRA OPS：065】プーヤン・ミッション,<C=FF4040> | <C=R> | <C=FF4040> | <C=R>,"『Pooyan任务：Isla del Monstruo』
击落富尔顿回收用的<C=FF4040>气球，阻止士兵被捕获（Abduct）
<C=R>。
<C=FF4040>若2人被Abduct则任务失败<C=R>。
阻止士兵以外的对象被Abduct可获得奖励分数。
（即使被Abduct也不算失误）
　目标数：14（士兵人数）",<C=FF4040> | <C=R> | <C=FF4040> | <C=R>,MATCH,456,311,APPROVED,READY,NOT_TESTED,JPN_PRIMARY; MLG_CN_CONTEXT_AUXILIARY,mechanical template; resource_class=STAGEDAT_OLANG; source_objects=3; review_flag=CONTROL_COLOR_ORDER_AND_INTERNAL_NEWLINE_PRESERVED; JPN_NON_SOLDIER_ABDUCT_BONUS_AND_NO_MISS_NOTE_PRESERVED
LANG_MISSION_INFO.OLANG,181,342,342;343;342;343;342;343,6,,page15:tag:entity392:key007C0D74:ref342:ord0;page15:tag:entity192:key00485F00:ref343:ord0;page174:tag:entity392:key007C0D74:ref342:ord0;page174:tag:entity192:key00485F00:ref343:ord0;page180:tag:entity392:key007C0D74:ref342:ord0;page180:tag:entity192:key00485F00:ref343:ord0,"『プーヤン・ミッション：イスラ・デル・モンストルオ』
フルトン回収用の<C=FF4040>バルーンを撃ち落とし、兵士達の捕獲（アブダクト）
を阻止<C=R>せよ。
<C=FF4040>2人アブダクトされるとミッション失敗<C=R>。
兵士以外のアブダクト阻止はボーナスポイント加算。
（アブダクトされてもミスにはならない）
　ターゲット数：14（兵士の数）",【EXTRA OPS：065】プーヤン・ミッション,"『プーヤン・ミッション：採掘場底部』
フルトン回収用の<C=FF4040>バルーンを撃ち落とし、兵士達の捕獲（アブダクト）
を阻止<C=R>せよ。
<C=FF4040>3人アブダクトされるとミッション失敗<C=R>。
兵士以外のバルーンを撃ち落とすとボーナスポイント加算。
（アブダクトされてもミスにはならない）
　ターゲット数：33（兵士の数）",,【EXTRA OPS：065】Pooyan任务,,MATCH,51,33,APPROVED,READY,NOT_TESTED,JPN_PRIMARY; MLG_CN_CONTEXT_AUXILIARY,mechanical template; resource_class=STAGEDAT_OLANG; source_objects=6; review_flag=POOYAN_NAME_ROMANIZED
LANG_MISSION_INFO.OLANG,182,344,344;344;344,3,,page15:tag:entity113:key00401B1F:ref344:ord0;page174:tag:entity113:key00401B1F:ref344:ord0;page180:tag:entity113:key00401B1F:ref344:ord0,【EXTRA OPS：065】プーヤン・ミッション,"『プーヤン・ミッション：採掘場底部』
フルトン回収用の<C=FF4040>バルーンを撃ち落とし、兵士達の捕獲（アブダクト）
を阻止<C=R>せよ。
<C=FF4040>3人アブダクトされるとミッション失敗<C=R>。
兵士以外のバルーンを撃ち落とすとボーナスポイント加算。
（アブダクトされてもミスにはならない）
　ターゲット数：33（兵士の数）",【EXTRA OPS：063】プーヤン・ミッション,<C=FF4040> | <C=R> | <C=FF4040> | <C=R>,"『Pooyan任务：采掘场底部』
击落富尔顿回收用的<C=FF4040>气球，阻止士兵被捕获（Abduct）
<C=R>。
<C=FF4040>若3人被Abduct则任务失败<C=R>。
击落士兵以外的气球可获得奖励分数。
（即使被Abduct也不算失误）
　目标数：33（士兵人数）",<C=FF4040> | <C=R> | <C=FF4040> | <C=R>,MATCH,441,300,APPROVED,READY,NOT_TESTED,JPN_PRIMARY; MLG_CN_CONTEXT_AUXILIARY,mechanical template; resource_class=STAGEDAT_OLANG; source_objects=3; review_flag=CONTROL_COLOR_ORDER_AND_INTERNAL_NEWLINE_PRESERVED; JPN_NON_SOLDIER_BALLOON_BONUS_AND_NO_MISS_NOTE_PRESERVED
LANG_MISSION_INFO.OLANG,183,345,345;346;345;346;345;346,6,,page15:tag:entity387:key007B0D74:ref345:ord0;page15:tag:entity191:key00485EC0:ref346:ord0;page174:tag:entity387:key007B0D74:ref345:ord0;page174:tag:entity191:key00485EC0:ref346:ord0;page180:tag:entity387:key007B0D74:ref345:ord0;page180:tag:entity191:key00485EC0:ref346:ord0,"『プーヤン・ミッション：採掘場底部』
フルトン回収用の<C=FF4040>バルーンを撃ち落とし、兵士達の捕獲（アブダクト）
を阻止<C=R>せよ。
<C=FF4040>3人アブダクトされるとミッション失敗<C=R>。
兵士以外のバルーンを撃ち落とすとボーナスポイント加算。
（アブダクトされてもミスにはならない）
　ターゲット数：33（兵士の数）",【EXTRA OPS：063】プーヤン・ミッション,"『プーヤン・ミッション：ロス・カントス』
フルトン回収用の<C=FF4040>バルーンを撃ち落とし、兵士達の捕獲（アブダクト）
を阻止<C=R>せよ。
<C=FF4040>3人アブダクトされるとミッション失敗<C=R>。
　ターゲット数：31（兵士の数）",,【EXTRA OPS：063】Pooyan任务,,MATCH,51,33,APPROVED,READY,NOT_TESTED,JPN_PRIMARY; MLG_CN_CONTEXT_AUXILIARY,mechanical template; resource_class=STAGEDAT_OLANG; source_objects=6; review_flag=POOYAN_NAME_ROMANIZED
LANG_MISSION_INFO.OLANG,184,347,347;347;347,3,,page15:tag:entity110:key003F1B1F:ref347:ord0;page174:tag:entity110:key003F1B1F:ref347:ord0;page180:tag:entity110:key003F1B1F:ref347:ord0,【EXTRA OPS：063】プーヤン・ミッション,"『プーヤン・ミッション：ロス・カントス』
フルトン回収用の<C=FF4040>バルーンを撃ち落とし、兵士達の捕獲（アブダクト）
を阻止<C=R>せよ。
<C=FF4040>3人アブダクトされるとミッション失敗<C=R>。
　ターゲット数：31（兵士の数）",【EXTRA OPS：036】ホールドアップ,<C=FF4040> | <C=R> | <C=FF4040> | <C=R>,"『Pooyan任务：Los Cantos』
击落富尔顿回收用的<C=FF4040>气球，阻止士兵被捕获（Abduct）
<C=R>。
<C=FF4040>若3人被Abduct则任务失败<C=R>。
　目标数：31（士兵人数）",<C=FF4040> | <C=R> | <C=FF4040> | <C=R>,MATCH,307,206,APPROVED,READY,NOT_TESTED,JPN_PRIMARY; MLG_CN_CONTEXT_AUXILIARY,mechanical template; resource_class=STAGEDAT_OLANG; source_objects=3; review_flag=CONTROL_COLOR_ORDER_AND_INTERNAL_NEWLINE_PRESERVED
LANG_MISSION_INFO.OLANG,185,348,348;349;348;349;348;349,6,,page15:tag:entity386:key007A0D74:ref348:ord0;page15:tag:entity190:key00485E80:ref349:ord0;page174:tag:entity386:key007A0D74:ref348:ord0;page174:tag:entity190:key00485E80:ref349:ord0;page180:tag:entity386:key007A0D74:ref348:ord0;page180:tag:entity190:key00485E80:ref349:ord0,"『プーヤン・ミッション：ロス・カントス』
フルトン回収用の<C=FF4040>バルーンを撃ち落とし、兵士達の捕獲（アブダクト）
を阻止<C=R>せよ。
<C=FF4040>3人アブダクトされるとミッション失敗<C=R>。
　ターゲット数：31（兵士の数）",【EXTRA OPS：036】ホールドアップ,"バナナ園（バナネル・フルタ・デ・オロ）にいる<C=FF4040>全ての敵傭兵を
降伏(ホールドアップ)のみで制圧<C=R>せよ。
<C=FF4040>敵傭兵が気絶、睡眠、または死亡した時点でミッション失敗<C=R>。
また、<C=FF4040>敵傭兵に発見されてもミッションは失敗<C=R>となる。
　支給武器：<C=FF4040>バナナ<C=R>
　ターゲット数：6
※バナナを持っていなくても、START MISSION時に
　強制装備される。他の武器は持ち込み不可。
※これは任務です。食べ物で遊んではいけません。",,【EXTRA OPS：036】Hold Up,,MATCH,42,28,APPROVED,READY,NOT_TESTED,JPN_PRIMARY; MLG_CN_CONTEXT_AUXILIARY,mechanical template; resource_class=STAGEDAT_OLANG; source_objects=6; review_flag=JPN_HOLD_UP_TERM_PRESERVED
LANG_MISSION_INFO.OLANG,186,350,350;350;350,3,,page15:tag:entity107:key003E1B1F:ref350:ord0;page174:tag:entity107:key003E1B1F:ref350:ord0;page180:tag:entity107:key003E1B1F:ref350:ord0,【EXTRA OPS：036】ホールドアップ,"バナナ園（バナネル・フルタ・デ・オロ）にいる<C=FF4040>全ての敵傭兵を
降伏(ホールドアップ)のみで制圧<C=R>せよ。
<C=FF4040>敵傭兵が気絶、睡眠、または死亡した時点でミッション失敗<C=R>。
また、<C=FF4040>敵傭兵に発見されてもミッションは失敗<C=R>となる。
　支給武器：<C=FF4040>バナナ<C=R>
　ターゲット数：6
※バナナを持っていなくても、START MISSION時に
　強制装備される。他の武器は持ち込み不可。
※これは任務です。食べ物で遊んではいけません。",sbm072/スプーキーゲーム（ミサイル迎撃）　×,<C=FF4040> | <C=R> | <C=FF4040> | <C=R> | <C=FF4040> | <C=R> | <C=FF4040> | <C=R>,"在香蕉园（黄金果实香蕉园），<C=FF4040>仅通过投降（Hold Up）制服
所有敌方佣兵<C=R>。
<C=FF4040>敌方佣兵一旦昏迷、睡眠或死亡，任务即告失败<C=R>。
此外，<C=FF4040>一旦被敌方佣兵发现，任务也会失败<C=R>。
　配发武器：<C=FF4040>香蕉<C=R>
　目标数：6
※即使没有香蕉，START MISSION时也会
　强制装备。不可携带其他武器。
※这是任务。禁止玩弄食物。",<C=FF4040> | <C=R> | <C=FF4040> | <C=R> | <C=FF4040> | <C=R> | <C=FF4040> | <C=R>,MATCH,612,461,APPROVED,READY,NOT_TESTED,JPN_PRIMARY; MLG_CN_CONTEXT_AUXILIARY,mechanical template; resource_class=STAGEDAT_OLANG; source_objects=3; review_flag=FOUR_COLOR_PAIRS_PRESERVED; JPN_HOLD_UP_ONLY_AND_FAILURE_CONDITIONS_PRESERVED; SOURCE_NOTES_LAYOUT_PRESERVED
LANG_MISSION_INFO.OLANG,187,351,351;352;351;352;351;352,6,,page15:tag:entity385:key00790D74:ref351:ord0;page15:tag:entity189:key00485E40:ref352:ord0;page174:tag:entity385:key00790D74:ref351:ord0;page174:tag:entity189:key00485E40:ref352:ord0;page180:tag:entity385:key00790D74:ref351:ord0;page180:tag:entity189:key00485E40:ref352:ord0,"バナナ園（バナネル・フルタ・デ・オロ）にいる<C=FF4040>全ての敵傭兵を
降伏(ホールドアップ)のみで制圧<C=R>せよ。
<C=FF4040>敵傭兵が気絶、睡眠、または死亡した時点でミッション失敗<C=R>。
また、<C=FF4040>敵傭兵に発見されてもミッションは失敗<C=R>となる。
　支給武器：<C=FF4040>バナナ<C=R>
　ターゲット数：6
※バナナを持っていなくても、START MISSION時に
　強制装備される。他の武器は持ち込み不可。
※これは任務です。食べ物で遊んではいけません。",sbm072/スプーキーゲーム（ミサイル迎撃）　×,"sbm072内容/スプーキーゲーム（ミサイル迎撃）

組み込み状況　：　×",,sbm072/Spooky Game（导弹拦截）　×,,MATCH,60,41,APPROVED,READY,NOT_TESTED,JPN_PRIMARY; MLG_CN_CONTEXT_AUXILIARY,mechanical template; resource_class=STAGEDAT_OLANG; source_objects=6; review_flag=DEV_OR_PLACEHOLDER_LABEL_LOCALIZED_CONSERVATIVELY; SPOOKY_GAME_TERM_PRESERVED; REVIEW_TERM
LANG_MISSION_INFO.OLANG,188,353,353;353;353,3,,page15:tag:entity104:key003D1B1F:ref353:ord0;page174:tag:entity104:key003D1B1F:ref353:ord0;page180:tag:entity104:key003D1B1F:ref353:ord0,sbm072/スプーキーゲーム（ミサイル迎撃）　×,"sbm072内容/スプーキーゲーム（ミサイル迎撃）

組み込み状況　：　×",sbm071/写真撮影(ピースマークを撮れ）　×,,"sbm072内容/Spooky Game（导弹拦截）

实装状态　：　×",,MATCH,92,67,APPROVED,READY,NOT_TESTED,JPN_PRIMARY; MLG_CN_CONTEXT_AUXILIARY,mechanical template; resource_class=STAGEDAT_OLANG; source_objects=3; review_flag=DEV_OR_PLACEHOLDER_TEXT_LOCALIZED_CONSERVATIVELY; EMBEDDED_BLANK_LINE_PRESERVED; REVIEW_TERM
LANG_MISSION_INFO.OLANG,189,354,354;355;354;355;354;355,6,,page15:tag:entity384:key00780D74:ref354:ord0;page15:tag:entity188:key00485E00:ref355:ord0;page174:tag:entity384:key00780D74:ref354:ord0;page174:tag:entity188:key00485E00:ref355:ord0;page180:tag:entity384:key00780D74:ref354:ord0;page180:tag:entity188:key00485E00:ref355:ord0,"sbm072内容/スプーキーゲーム（ミサイル迎撃）

組み込み状況　：　×",sbm071/写真撮影(ピースマークを撮れ）　×,"sbm071内容/写真撮影(ピースマークを撮れ）

組み込み状況　：　×",,sbm071/拍照（拍摄和平标志）　×,,MATCH,55,42,APPROVED,READY,NOT_TESTED,JPN_PRIMARY; MLG_CN_CONTEXT_AUXILIARY,mechanical template; resource_class=STAGEDAT_OLANG; source_objects=6; review_flag=DEV_OR_PLACEHOLDER_LABEL_LOCALIZED_CONSERVATIVELY; REVIEW_TERM
LANG_MISSION_INFO.OLANG,190,356,356;356;356,3,,page15:tag:entity100:key003C1B1F:ref356:ord0;page174:tag:entity100:key003C1B1F:ref356:ord0;page180:tag:entity100:key003C1B1F:ref356:ord0,sbm071/写真撮影(ピースマークを撮れ）　×,"sbm071内容/写真撮影(ピースマークを撮れ）

組み込み状況　：　×",【EXTRA OPS：066】ミサイル迎撃ミッション,,"sbm071内容/拍照（拍摄和平标志）

实装状态　：　×",,MATCH,87,68,APPROVED,READY,NOT_TESTED,JPN_PRIMARY; MLG_CN_CONTEXT_AUXILIARY,mechanical template; resource_class=STAGEDAT_OLANG; source_objects=3; review_flag=DEV_OR_PLACEHOLDER_TEXT_LOCALIZED_CONSERVATIVELY; EMBEDDED_BLANK_LINE_PRESERVED; REVIEW_TERM
LANG_MISSION_INFO.OLANG,191,357,357;358;357;358;357;358,6,,page15:tag:entity383:key00770D74:ref357:ord0;page15:tag:entity187:key00485DC0:ref358:ord0;page174:tag:entity383:key00770D74:ref357:ord0;page174:tag:entity187:key00485DC0:ref358:ord0;page180:tag:entity383:key00770D74:ref357:ord0;page180:tag:entity187:key00485DC0:ref358:ord0,"sbm071内容/写真撮影(ピースマークを撮れ）

組み込み状況　：　×",【EXTRA OPS：066】ミサイル迎撃ミッション,"MSF・マザーベースに向けて発射された<C=FF4040>敵ミサイルを甲板から迎撃
<C=R>せよ。
なお、マザーベースに<C=FF4040>敵ミサイルが10発被弾した時点で
ミッション失敗<C=R>。
　ターゲット数：30",,【EXTRA OPS：066】导弹拦截任务,,MATCH,54,39,APPROVED,READY,NOT_TESTED,JPN_PRIMARY; MLG_CN_CONTEXT_AUXILIARY,mechanical template; resource_class=STAGEDAT_OLANG; source_objects=6
LANG_MISSION_INFO.OLANG,192,359,359;359;359,3,,page15:tag:entity97:key003B1B1F:ref359:ord0;page174:tag:entity97:key003B1B1F:ref359:ord0;page180:tag:entity97:key003B1B1F:ref359:ord0,【EXTRA OPS：066】ミサイル迎撃ミッション,"MSF・マザーベースに向けて発射された<C=FF4040>敵ミサイルを甲板から迎撃
<C=R>せよ。
なお、マザーベースに<C=FF4040>敵ミサイルが10発被弾した時点で
ミッション失敗<C=R>。
　ターゲット数：30",【EXTRA OPS：没】心霊写真,<C=FF4040> | <C=R> | <C=FF4040> | <C=R>,"从甲板拦截射向MSF・Mother Base的<C=FF4040>敌方导弹
<C=R>。
此外，Mother Base一旦<C=FF4040>被10枚敌方导弹命中
就会任务失败<C=R>。
　目标数：30",<C=FF4040> | <C=R> | <C=FF4040> | <C=R>,MATCH,254,180,APPROVED,READY,NOT_TESTED,JPN_PRIMARY; MLG_CN_CONTEXT_AUXILIARY,mechanical template; resource_class=STAGEDAT_OLANG; source_objects=3; review_flag=TWO_COLOR_PAIRS_AND_INTERNAL_NEWLINES_PRESERVED; JPN_DECK_INTERCEPT_DETAIL_PRESERVED
LANG_MISSION_INFO.OLANG,193,360,360;361;366;367;360;361;366;367;360;361;366;367,12,,page15:tag:entity350:key00600D74:ref360:ord0;page15:tag:entity186:key00485800:ref361:ord0;page15:tag:entity339:key005E0D74:ref366:ord0;page15:tag:entity184:key00485780:ref367:ord0;page174:tag:entity350:key00600D74:ref360:ord0;page174:tag:entity186:key00485800:ref361:ord0;page174:tag:entity339:key005E0D74:ref366:ord0;page174:tag:entity184:key00485780:ref367:ord0;page180:tag:entity350:key00600D74:ref360:ord0;page180:tag:entity186:key00485800:ref361:ord0;page180:tag:entity339:key005E0D74:ref366:ord0;page180:tag:entity184:key00485780:ref367:ord0,"MSF・マザーベースに向けて発射された<C=FF4040>敵ミサイルを甲板から迎撃
<C=R>せよ。
なお、マザーベースに<C=FF4040>敵ミサイルが10発被弾した時点で
ミッション失敗<C=R>。
　ターゲット数：30",【EXTRA OPS：没】心霊写真,"エレディア中央、熱帯雲霧林（クラウド・フォレスト）の
<C=FF4040>さまよえる心霊を撮影<C=R>せよ。
霊魂は音を視覚化するレーダーに反応する。
あらゆる<C=FF4040>LIFE回復系アイテムの使用を禁止<C=R>する。
　必要装備品：カメラ
　ターゲット数：1",,【EXTRA OPS：没】灵异照片,,MATCH,33,33,APPROVED,READY,NOT_TESTED,JPN_PRIMARY; MLG_CN_CONTEXT_AUXILIARY,mechanical template; resource_class=STAGEDAT_OLANG; source_objects=12; review_flag=SOURCE_没_MARKER_PRESERVED
LANG_MISSION_INFO.OLANG,194,362,362;362;362,3,,page15:tag:entity68:key00241B1F:ref362:ord0;page174:tag:entity68:key00241B1F:ref362:ord0;page180:tag:entity68:key00241B1F:ref362:ord0,【EXTRA OPS：没】心霊写真,"エレディア中央、熱帯雲霧林（クラウド・フォレスト）の
<C=FF4040>さまよえる心霊を撮影<C=R>せよ。
霊魂は音を視覚化するレーダーに反応する。
あらゆる<C=FF4040>LIFE回復系アイテムの使用を禁止<C=R>する。
　必要装備品：カメラ
　ターゲット数：1",【EXTRA OPS：059】心霊写真,<C=FF4040> | <C=R> | <C=FF4040> | <C=R>,"拍摄埃雷迪亚中部热带云雾林（Cloud Forest）中
<C=FF4040>徘徊的幽灵<C=R>。
灵魂会对将声音可视化的雷达产生反应。
禁止使用所有<C=FF4040>LIFE恢复类道具<C=R>。
　必要装备品：相机
　目标数：1",<C=FF4040> | <C=R> | <C=FF4040> | <C=R>,MATCH,331,250,APPROVED,READY,NOT_TESTED,JPN_PRIMARY; MLG_CN_CONTEXT_AUXILIARY,mechanical template; resource_class=STAGEDAT_OLANG; source_objects=3; review_flag=TWO_COLOR_PAIRS_PRESERVED; JPN_AUDIO_VISUALIZATION_RADAR_AND_LIFE_ITEM_BAN_PRESERVED
LANG_MISSION_INFO.OLANG,195,363,363;364;363;364;363;364,6,,page15:tag:entity345:key005F0D74:ref363:ord0;page15:tag:entity185:key004857C0:ref364:ord0;page174:tag:entity345:key005F0D74:ref363:ord0;page174:tag:entity185:key004857C0:ref364:ord0;page180:tag:entity345:key005F0D74:ref363:ord0;page180:tag:entity185:key004857C0:ref364:ord0,"エレディア中央、熱帯雲霧林（クラウド・フォレスト）の
<C=FF4040>さまよえる心霊を撮影<C=R>せよ。
霊魂は音を視覚化するレーダーに反応する。
あらゆる<C=FF4040>LIFE回復系アイテムの使用を禁止<C=R>する。
　必要装備品：カメラ
　ターゲット数：1",【EXTRA OPS：059】心霊写真,"ニカラグア、米軍ミサイル基地・メンテナンスドック（小）の
<C=FF4040>さまよえる心霊を撮影<C=R>せよ。
霊魂は音を視覚化するレーダーに反応する。
あらゆる<C=FF4040>LIFE回復系アイテムの使用を禁止<C=R>。
<C=FF4040>SINGLE限定<C=R>。
　必要装備品：<C=FF4040>カメラ<C=R>
　ターゲット数：1",,【EXTRA OPS：059】灵异照片,,MATCH,33,33,APPROVED,READY,NOT_TESTED,JPN_PRIMARY; MLG_CN_CONTEXT_AUXILIARY,mechanical template; resource_class=STAGEDAT_OLANG; source_objects=6
LANG_MISSION_INFO.OLANG,196,365,365;365;365,3,,page15:tag:entity67:key00231B1F:ref365:ord0;page174:tag:entity67:key00231B1F:ref365:ord0;page180:tag:entity67:key00231B1F:ref365:ord0,【EXTRA OPS：059】心霊写真,"ニカラグア、米軍ミサイル基地・メンテナンスドック（小）の
<C=FF4040>さまよえる心霊を撮影<C=R>せよ。
霊魂は音を視覚化するレーダーに反応する。
あらゆる<C=FF4040>LIFE回復系アイテムの使用を禁止<C=R>。
<C=FF4040>SINGLE限定<C=R>。
　必要装備品：<C=FF4040>カメラ<C=R>
　ターゲット数：1",【EXTRA OPS：没】心霊写真,<C=FF4040> | <C=R> | <C=FF4040> | <C=R> | <C=FF4040> | <C=R> | <C=FF4040> | <C=R>,"拍摄尼加拉瓜美军导弹基地・维修船坞（小）中
<C=FF4040>徘徊的幽灵<C=R>。
灵魂会对将声音可视化的雷达产生反应。
禁止使用所有<C=FF4040>LIFE恢复类道具<C=R>。
<C=FF4040>仅限SINGLE<C=R>。
　必要装备品：<C=FF4040>相机<C=R>
　目标数：1",<C=FF4040> | <C=R> | <C=FF4040> | <C=R> | <C=FF4040> | <C=R> | <C=FF4040> | <C=R>,MATCH,377,299,APPROVED,READY,NOT_TESTED,JPN_PRIMARY; MLG_CN_CONTEXT_AUXILIARY,mechanical template; resource_class=STAGEDAT_OLANG; source_objects=3; review_flag=FOUR_COLOR_PAIRS_PRESERVED; JPN_AUDIO_VISUALIZATION_RADAR_AND_LIFE_ITEM_BAN_PRESERVED
LANG_MISSION_INFO.OLANG,197,368,368;368;368,3,,page15:tag:entity66:key00221B1F:ref368:ord0;page174:tag:entity66:key00221B1F:ref368:ord0;page180:tag:entity66:key00221B1F:ref368:ord0,【EXTRA OPS：没】心霊写真,"エレディア中央、熱帯雲霧林（クラウド・フォレスト）にある
遺跡（リュイナス・デ・ショチケツァル）付近のさまよえる
心霊を撮影せよ。
霊魂は音を視覚化するレーダーに反応する。
　制限時間：
　必要武器：
　必要装備品：カメラ
　ターゲット数：",sbm066/幽霊を言霊（謝る系）で除霊(夜）　×,,"拍摄埃雷迪亚中部热带云雾林（Cloud Forest）中
遗迹（Ruinas de Xochiquetzal）附近徘徊的
幽灵。
灵魂会对将声音可视化的雷达产生反应。
　时间限制：
　必要武器：
　必要装备品：相机
　目标数：",,MATCH,346,257,APPROVED,READY,NOT_TESTED,JPN_PRIMARY; MLG_CN_CONTEXT_AUXILIARY,mechanical template; resource_class=STAGEDAT_OLANG; source_objects=3; review_flag=SHARED_TITLE_DEDUP_INDEX_PRESERVED; JPN_EMPTY_PLACEHOLDER_FIELDS_AND_NEWLINE_LAYOUT_PRESERVED
LANG_MISSION_INFO.OLANG,198,369,369;370;369;370;369;370,6,,page15:tag:entity334:key005D0D74:ref369:ord0;page15:tag:entity183:key00485740:ref370:ord0;page174:tag:entity334:key005D0D74:ref369:ord0;page174:tag:entity183:key00485740:ref370:ord0;page180:tag:entity334:key005D0D74:ref369:ord0;page180:tag:entity183:key00485740:ref370:ord0,"エレディア中央、熱帯雲霧林（クラウド・フォレスト）にある
遺跡（リュイナス・デ・ショチケツァル）付近のさまよえる
心霊を撮影せよ。
霊魂は音を視覚化するレーダーに反応する。
　制限時間：
　必要武器：
　必要装備品：カメラ
　ターゲット数：",sbm066/幽霊を言霊（謝る系）で除霊(夜）　×,"sbm066内容/幽霊を言霊（謝る系）で除霊(夜）

組み込み状況　：　×",,sbm066/用言灵（道歉类）驱除幽灵（夜）　×,,MATCH,58,57,APPROVED,READY,NOT_TESTED,JPN_PRIMARY; MLG_CN_CONTEXT_AUXILIARY,mechanical template; resource_class=STAGEDAT_OLANG; source_objects=6; review_flag=DEV_OR_PLACEHOLDER_LABEL_LOCALIZED_CONSERVATIVELY; REVIEW_TERM
LANG_MISSION_INFO.OLANG,199,371,371;371;371,3,,page15:tag:entity65:key00211B1F:ref371:ord0;page174:tag:entity65:key00211B1F:ref371:ord0;page180:tag:entity65:key00211B1F:ref371:ord0,sbm066/幽霊を言霊（謝る系）で除霊(夜）　×,"sbm066内容/幽霊を言霊（謝る系）で除霊(夜）

組み込み状況　：　×",【EXTRA OPS：没】ワンショット,,"sbm066内容/用言灵（道歉类）驱除幽灵（夜）

实装状态　：　×",,MATCH,90,83,APPROVED,READY,NOT_TESTED,JPN_PRIMARY; MLG_CN_CONTEXT_AUXILIARY,mechanical template; resource_class=STAGEDAT_OLANG; source_objects=3; review_flag=DEV_OR_PLACEHOLDER_TEXT_LOCALIZED_CONSERVATIVELY; EMBEDDED_BLANK_LINE_PRESERVED; REVIEW_TERM
LANG_MISSION_INFO.OLANG,200,372,372;373;378;379;372;373;378;379;372;373;378;379,12,,page15:tag:entity329:key005C0D74:ref372:ord0;page15:tag:entity182:key00485700:ref373:ord0;page15:tag:entity325:key005A0D74:ref378:ord0;page15:tag:entity180:key00485680:ref379:ord0;page174:tag:entity329:key005C0D74:ref372:ord0;page174:tag:entity182:key00485700:ref373:ord0;page174:tag:entity325:key005A0D74:ref378:ord0;page174:tag:entity180:key00485680:ref379:ord0;page180:tag:entity329:key005C0D74:ref372:ord0;page180:tag:entity182:key00485700:ref373:ord0;page180:tag:entity325:key005A0D74:ref378:ord0;page180:tag:entity180:key00485680:ref379:ord0,"sbm066内容/幽霊を言霊（謝る系）で除霊(夜）

組み込み状況　：　×",【EXTRA OPS：没】ワンショット,"エレディア中央の熱帯雲霧林（クラウド・フォレスト）、
カタラタ・デ・ラ・ムエルテにいる敵傭兵を一発の銃弾で
全滅させろ。
　制限時間：01'00""
　ターゲット数：3",,【EXTRA OPS：没】One Shot,,MATCH,39,29,APPROVED,READY,NOT_TESTED,JPN_PRIMARY; MLG_CN_CONTEXT_AUXILIARY,mechanical template; resource_class=STAGEDAT_OLANG; source_objects=12; review_flag=SOURCE_没_MARKER_PRESERVED; JPN_ONE_SHOT_TITLE_LOCALIZED_CONSERVATIVELY
LANG_MISSION_INFO.OLANG,201,374,374;374;374,3,,page15:tag:entity64:key00201B1F:ref374:ord0;page174:tag:entity64:key00201B1F:ref374:ord0;page180:tag:entity64:key00201B1F:ref374:ord0,【EXTRA OPS：没】ワンショット,"エレディア中央の熱帯雲霧林（クラウド・フォレスト）、
カタラタ・デ・ラ・ムエルテにいる敵傭兵を一発の銃弾で
全滅させろ。
　制限時間：01'00""
　ターゲット数：3",【EXTRA OPS：056】ワンショット,,"在埃雷迪亚中部热带云雾林（Cloud Forest）的
死亡瀑布，用一发子弹消灭所有敌方佣兵。
　时间限制：01'00""
　目标数：3",,MATCH,227,157,APPROVED,READY,NOT_TESTED,JPN_PRIMARY; MLG_CN_CONTEXT_AUXILIARY,mechanical template; resource_class=STAGEDAT_OLANG; source_objects=3; review_flag=JPN_SINGLE_BULLET_REQUIREMENT_AND_NEWLINE_LAYOUT_PRESERVED
LANG_MISSION_INFO.OLANG,202,375,375;376;375;376;375;376,6,,page15:tag:entity326:key005B0D74:ref375:ord0;page15:tag:entity181:key004856C0:ref376:ord0;page174:tag:entity326:key005B0D74:ref375:ord0;page174:tag:entity181:key004856C0:ref376:ord0;page180:tag:entity326:key005B0D74:ref375:ord0;page180:tag:entity181:key004856C0:ref376:ord0,"エレディア中央の熱帯雲霧林（クラウド・フォレスト）、
カタラタ・デ・ラ・ムエルテにいる敵傭兵を一発の銃弾で
全滅させろ。
　制限時間：01'00""
　ターゲット数：3",【EXTRA OPS：056】ワンショット,"イラス山、ロス・カントスの敵兵および敵無人兵器を
<C=FF4040>一発の銃弾で全滅<C=R>させろ。
<C=FF4040>SINGLE限定<C=R>。
　指定武器：<C=FF4040>M16A1<C=R>（強制装備。他の武器は持ち込み不可）
　制限時間：05'00""
　ターゲット数：5",,【EXTRA OPS：056】One Shot,,MATCH,39,29,APPROVED,READY,NOT_TESTED,JPN_PRIMARY; MLG_CN_CONTEXT_AUXILIARY,mechanical template; resource_class=STAGEDAT_OLANG; source_objects=6
LANG_MISSION_INFO.OLANG,203,377,377;377;377,3,,page15:tag:entity61:key001F1B1F:ref377:ord0;page174:tag:entity61:key001F1B1F:ref377:ord0;page180:tag:entity61:key001F1B1F:ref377:ord0,【EXTRA OPS：056】ワンショット,"イラス山、ロス・カントスの敵兵および敵無人兵器を
<C=FF4040>一発の銃弾で全滅<C=R>させろ。
<C=FF4040>SINGLE限定<C=R>。
　指定武器：<C=FF4040>M16A1<C=R>（強制装備。他の武器は持ち込み不可）
　制限時間：05'00""
　ターゲット数：5",【EXTRA OPS：没】ワンショット,<C=FF4040> | <C=R> | <C=FF4040> | <C=R> | <C=FF4040> | <C=R>,"将伊拉苏山、Los Cantos的敌兵及敌方无人兵器
<C=FF4040>用一发子弹全部消灭<C=R>。
<C=FF4040>仅限SINGLE<C=R>。
　指定武器：<C=FF4040>M16A1<C=R>（强制装备。不可携带其他武器）
　时间限制：05'00""
　目标数：5",<C=FF4040> | <C=R> | <C=FF4040> | <C=R> | <C=FF4040> | <C=R>,MATCH,299,261,APPROVED,READY,NOT_TESTED,JPN_PRIMARY; MLG_CN_CONTEXT_AUXILIARY,mechanical template; resource_class=STAGEDAT_OLANG; source_objects=3; review_flag=THREE_COLOR_PAIRS_PRESERVED; JPN_FORCED_EQUIP_AND_OTHER_WEAPONS_BANNED
LANG_MISSION_INFO.OLANG,204,380,380;380;380,3,,page15:tag:entity58:key001E1B1F:ref380:ord0;page174:tag:entity58:key001E1B1F:ref380:ord0;page180:tag:entity58:key001E1B1F:ref380:ord0,【EXTRA OPS：没】ワンショット,"リモン東、エル・セナガルの吊り橋にいる敵傭兵を<C=FF4040>一発の銃弾で
全滅<C=R>させろ。
　制限時間：01'30""
　ターゲット数：2",【EXTRA OPS：没】アイテム回収,<C=FF4040> | <C=R>,"将利蒙东部、El Cenegal吊桥上的敌方佣兵<C=FF4040>用一发子弹
全部消灭<C=R>。
　时间限制：01'30""
　目标数：2",<C=FF4040> | <C=R>,MATCH,172,140,APPROVED,READY,NOT_TESTED,JPN_PRIMARY; MLG_CN_CONTEXT_AUXILIARY,mechanical template; resource_class=STAGEDAT_OLANG; source_objects=3; review_flag=SHARED_ONE_SHOT_TITLE_DEDUP_INDEX_PRESERVED; CONTROL_AND_INTERNAL_NEWLINE_PRESERVED
LANG_MISSION_INFO.OLANG,205,381,381;382;381;382;381;382,6,,page15:tag:entity324:key00590D74:ref381:ord0;page15:tag:entity179:key00485640:ref382:ord0;page174:tag:entity324:key00590D74:ref381:ord0;page174:tag:entity179:key00485640:ref382:ord0;page180:tag:entity324:key00590D74:ref381:ord0;page180:tag:entity179:key00485640:ref382:ord0,"リモン東、エル・セナガルの吊り橋にいる敵傭兵を<C=FF4040>一発の銃弾で
全滅<C=R>させろ。
　制限時間：01'30""
　ターゲット数：2",【EXTRA OPS：没】アイテム回収,"エレディア中央、敵警戒区域にある<C=FF4040>アイテム（ターゲット）を全て回収し、
目標地点（ゴール）へ運びこめ<C=R>。
<C=FF4040>全てのアイテムの位置は判明している<C=R>。
時間を有効に使え。
　制限時間：08'00""(敵に見つかってアラートになると-0'30"")
　ターゲット数：9",,【EXTRA OPS：没】道具回收,,MATCH,39,33,APPROVED,READY,NOT_TESTED,JPN_PRIMARY; MLG_CN_CONTEXT_AUXILIARY,mechanical template; resource_class=STAGEDAT_OLANG; source_objects=6; review_flag=SOURCE_没_MARKER_PRESERVED
LANG_MISSION_INFO.OLANG,206,383,383;383;383,3,,page15:tag:entity55:key001D1B1F:ref383:ord0;page174:tag:entity55:key001D1B1F:ref383:ord0;page180:tag:entity55:key001D1B1F:ref383:ord0,【EXTRA OPS：没】アイテム回収,"エレディア中央、敵警戒区域にある<C=FF4040>アイテム（ターゲット）を全て回収し、
目標地点（ゴール）へ運びこめ<C=R>。
<C=FF4040>全てのアイテムの位置は判明している<C=R>。
時間を有効に使え。
　制限時間：08'00""(敵に見つかってアラートになると-0'30"")
　ターゲット数：9",sbm061/的ダンボール破壊　×,<C=FF4040> | <C=R> | <C=FF4040> | <C=R>,"回收埃雷迪亚中部敌方警戒区域内的<C=FF4040>全部道具（目标），
并搬运到目标地点（终点）<C=R>。
<C=FF4040>所有道具的位置都已明确<C=R>。
请有效利用时间。
　时间限制：08'00""（被敌人发现进入警报状态时-0'30""）
　目标数：9",<C=FF4040> | <C=R> | <C=FF4040> | <C=R>,MATCH,365,297,APPROVED,READY,NOT_TESTED,JPN_PRIMARY; MLG_CN_CONTEXT_AUXILIARY,mechanical template; resource_class=STAGEDAT_OLANG; source_objects=3; review_flag=JPN_ITEM_RUNNER_SEMANTICS_PRESERVED; AUX_CARDBOARD_BOX_SUBSTITUTION_REJECTED; JPN_ALERT_MINUS_0_30_PRESERVED
LANG_MISSION_INFO.OLANG,207,384,384;385;384;385;384;385,6,,page15:tag:entity322:key00580D74:ref384:ord0;page15:tag:entity178:key00485600:ref385:ord0;page174:tag:entity322:key00580D74:ref384:ord0;page174:tag:entity178:key00485600:ref385:ord0;page180:tag:entity322:key00580D74:ref384:ord0;page180:tag:entity178:key00485600:ref385:ord0,"エレディア中央、敵警戒区域にある<C=FF4040>アイテム（ターゲット）を全て回収し、
目標地点（ゴール）へ運びこめ<C=R>。
<C=FF4040>全てのアイテムの位置は判明している<C=R>。
時間を有効に使え。
　制限時間：08'00""(敵に見つかってアラートになると-0'30"")
　ターゲット数：9",sbm061/的ダンボール破壊　×,"sbm061内容/的ダンボール破壊

組み込み状況　：　×",,sbm061/目标纸箱破坏　×,,MATCH,36,30,APPROVED,READY,NOT_TESTED,JPN_PRIMARY; MLG_CN_CONTEXT_AUXILIARY,mechanical template; resource_class=STAGEDAT_OLANG; source_objects=6; review_flag=DEV_OR_PLACEHOLDER_LABEL_LOCALIZED_CONSERVATIVELY; REVIEW_TERM
LANG_MISSION_INFO.OLANG,208,386,386;386;386,3,,page15:tag:entity51:key001C1B1F:ref386:ord0;page174:tag:entity51:key001C1B1F:ref386:ord0;page180:tag:entity51:key001C1B1F:ref386:ord0,sbm061/的ダンボール破壊　×,"sbm061内容/的ダンボール破壊

組み込み状況　：　×",sbm060/銃座兵を殲滅　×,,"sbm061内容/目标纸箱破坏

实装状态　：　×",,MATCH,68,56,APPROVED,READY,NOT_TESTED,JPN_PRIMARY; MLG_CN_CONTEXT_AUXILIARY,mechanical template; resource_class=STAGEDAT_OLANG; source_objects=3; review_flag=DEV_OR_PLACEHOLDER_TEXT_LOCALIZED_CONSERVATIVELY; EMBEDDED_BLANK_LINE_PRESERVED; REVIEW_TERM
LANG_MISSION_INFO.OLANG,209,387,387;388;387;388;387;388,6,,page15:tag:entity320:key00570D74:ref387:ord0;page15:tag:entity177:key004855C0:ref388:ord0;page174:tag:entity320:key00570D74:ref387:ord0;page174:tag:entity177:key004855C0:ref388:ord0;page180:tag:entity320:key00570D74:ref387:ord0;page180:tag:entity177:key004855C0:ref388:ord0,"sbm061内容/的ダンボール破壊

組み込み状況　：　×",sbm060/銃座兵を殲滅　×,"sbm060内容/銃座兵を殲滅

組み込み状況　：　×",,sbm060/歼灭机枪座士兵　×,,MATCH,30,33,APPROVED,READY,NOT_TESTED,JPN_PRIMARY; MLG_CN_CONTEXT_AUXILIARY,mechanical template; resource_class=STAGEDAT_OLANG; source_objects=6; review_flag=DEV_OR_PLACEHOLDER_LABEL_LOCALIZED_CONSERVATIVELY; REVIEW_TERM
LANG_MISSION_INFO.OLANG,210,389,389;389;389,3,,page15:tag:entity47:key001B1B1F:ref389:ord0;page174:tag:entity47:key001B1B1F:ref389:ord0;page180:tag:entity47:key001B1B1F:ref389:ord0,sbm060/銃座兵を殲滅　×,"sbm060内容/銃座兵を殲滅

組み込み状況　：　×",sbm059/銃座兵を殲滅　×,,"sbm060内容/歼灭机枪座士兵

实装状态　：　×",,MATCH,62,59,APPROVED,READY,NOT_TESTED,JPN_PRIMARY; MLG_CN_CONTEXT_AUXILIARY,mechanical template; resource_class=STAGEDAT_OLANG; source_objects=3; review_flag=DEV_OR_PLACEHOLDER_TEXT_LOCALIZED_CONSERVATIVELY; EMBEDDED_BLANK_LINE_PRESERVED; REVIEW_TERM
LANG_MISSION_INFO.OLANG,211,390,390;391;390;391;390;391,6,,page15:tag:entity111:key00400D74:ref390:ord0;page15:tag:entity176:key00485000:ref391:ord0;page174:tag:entity111:key00400D74:ref390:ord0;page174:tag:entity176:key00485000:ref391:ord0;page180:tag:entity111:key00400D74:ref390:ord0;page180:tag:entity176:key00485000:ref391:ord0,"sbm060内容/銃座兵を殲滅

組み込み状況　：　×",sbm059/銃座兵を殲滅　×,"sbm059内容/銃座兵を殲滅

組み込み状況　：　×",,sbm059/歼灭机枪座士兵　×,,MATCH,30,33,APPROVED,READY,NOT_TESTED,JPN_PRIMARY; MLG_CN_CONTEXT_AUXILIARY,mechanical template; resource_class=STAGEDAT_OLANG; source_objects=6; review_flag=DEV_OR_PLACEHOLDER_LABEL_LOCALIZED_CONSERVATIVELY; REVIEW_TERM
LANG_MISSION_INFO.OLANG,212,392,392;392;392,3,,page15:tag:entity10:key00041B1F:ref392:ord0;page174:tag:entity10:key00041B1F:ref392:ord0;page180:tag:entity10:key00041B1F:ref392:ord0,sbm059/銃座兵を殲滅　×,"sbm059内容/銃座兵を殲滅

組み込み状況　：　×",【EXTRA OPS：037】ホールドアップ,,"sbm059内容/歼灭机枪座士兵

实装状态　：　×",,MATCH,62,59,APPROVED,READY,NOT_TESTED,JPN_PRIMARY; MLG_CN_CONTEXT_AUXILIARY,mechanical template; resource_class=STAGEDAT_OLANG; source_objects=3; review_flag=DEV_OR_PLACEHOLDER_TEXT_LOCALIZED_CONSERVATIVELY; EMBEDDED_BLANK_LINE_PRESERVED; REVIEW_TERM
LANG_MISSION_INFO.OLANG,213,393,393;394;393;394;393;394,6,,page15:tag:entity108:key003F0D74:ref393:ord0;page15:tag:entity175:key00484FC0:ref394:ord0;page174:tag:entity108:key003F0D74:ref393:ord0;page174:tag:entity175:key00484FC0:ref394:ord0;page180:tag:entity108:key003F0D74:ref393:ord0;page180:tag:entity175:key00484FC0:ref394:ord0,"sbm059内容/銃座兵を殲滅

組み込み状況　：　×",【EXTRA OPS：037】ホールドアップ,"コスタリカ、採掘場偽装基地の指定区域内にいる<C=FF4040>全ての敵傭兵を
降伏(ホールドアップ)のみで制圧<C=R>せよ。
<C=FF4040>敵傭兵が気絶、睡眠、または死亡した時点でミッション失敗<C=R>。
また、<C=FF4040>敵傭兵に発見されてもミッションは失敗<C=R>となる。
　支給武器：<C=FF4040>バナナ<C=R>
　ターゲット数：9
※バナナを持っていなくても、START MISSION時に
　強制装備される。他の武器は持ち込み不可。
※これは任務です。食べ物で遊んではいけません。",,【EXTRA OPS：037】Hold Up,,MATCH,42,28,APPROVED,READY,NOT_TESTED,JPN_PRIMARY; MLG_CN_CONTEXT_AUXILIARY,mechanical template; resource_class=STAGEDAT_OLANG; source_objects=6; review_flag=JPN_HOLD_UP_TERM_PRESERVED
LANG_MISSION_INFO.OLANG,214,395,395;395;395,3,,page15:tag:entity8:key00031B1F:ref395:ord0;page174:tag:entity8:key00031B1F:ref395:ord0;page180:tag:entity8:key00031B1F:ref395:ord0,【EXTRA OPS：037】ホールドアップ,"コスタリカ、採掘場偽装基地の指定区域内にいる<C=FF4040>全ての敵傭兵を
降伏(ホールドアップ)のみで制圧<C=R>せよ。
<C=FF4040>敵傭兵が気絶、睡眠、または死亡した時点でミッション失敗<C=R>。
また、<C=FF4040>敵傭兵に発見されてもミッションは失敗<C=R>となる。
　支給武器：<C=FF4040>バナナ<C=R>
　ターゲット数：9
※バナナを持っていなくても、START MISSION時に
　強制装備される。他の武器は持ち込み不可。
※これは任務です。食べ物で遊んではいけません。",【EXTRA OPS：035】ホールドアップ,<C=FF4040> | <C=R> | <C=FF4040> | <C=R> | <C=FF4040> | <C=R> | <C=FF4040> | <C=R>,"在哥斯达黎加采掘场伪装基地指定区域内，<C=FF4040>仅通过投降（Hold Up）制服
所有敌方佣兵<C=R>。
<C=FF4040>敌方佣兵一旦昏迷、睡眠或死亡，任务即告失败<C=R>。
此外，<C=FF4040>一旦被敌方佣兵发现，任务也会失败<C=R>。
　配发武器：<C=FF4040>香蕉<C=R>
　目标数：9
※即使没有香蕉，START MISSION时也会
　强制装备。不可携带其他武器。
※这是任务。禁止玩弄食物。",<C=FF4040> | <C=R> | <C=FF4040> | <C=R> | <C=FF4040> | <C=R> | <C=FF4040> | <C=R>,MATCH,612,476,APPROVED,READY,NOT_TESTED,JPN_PRIMARY; MLG_CN_CONTEXT_AUXILIARY,mechanical template; resource_class=STAGEDAT_OLANG; source_objects=3; review_flag=FOUR_COLOR_PAIRS_PRESERVED; JPN_HOLD_UP_ONLY_AND_FAILURE_CONDITIONS_PRESERVED
LANG_MISSION_INFO.OLANG,215,396,396;397;396;397;396;397,6,,page15:tag:entity105:key003E0D74:ref396:ord0;page15:tag:entity174:key00484F80:ref397:ord0;page174:tag:entity105:key003E0D74:ref396:ord0;page174:tag:entity174:key00484F80:ref397:ord0;page180:tag:entity105:key003E0D74:ref396:ord0;page180:tag:entity174:key00484F80:ref397:ord0,"コスタリカ、採掘場偽装基地の指定区域内にいる<C=FF4040>全ての敵傭兵を
降伏(ホールドアップ)のみで制圧<C=R>せよ。
<C=FF4040>敵傭兵が気絶、睡眠、または死亡した時点でミッション失敗<C=R>。
また、<C=FF4040>敵傭兵に発見されてもミッションは失敗<C=R>となる。
　支給武器：<C=FF4040>バナナ<C=R>
　ターゲット数：9
※バナナを持っていなくても、START MISSION時に
　強制装備される。他の武器は持ち込み不可。
※これは任務です。食べ物で遊んではいけません。",【EXTRA OPS：035】ホールドアップ,"沿岸の資材搬入施設（プエルト・デル・アルバ）指定区域内にいる
<C=FF4040>全ての敵傭兵を降伏(ホールドアップ)のみで制圧<C=R>せよ。
<C=FF4040>敵が気絶、睡眠、または死亡した時点でミッション失敗<C=R>。
また、<C=FF4040>敵傭兵に発見されてもミッションは失敗<C=R>となる。
　支給武器：<C=FF4040>バナナ<C=R>
　ターゲット数：7
※バナナを持っていなくても、START MISSION時に
　強制装備される。他の武器は持ち込み不可。
※これは任務です。食べ物で遊んではいけません。",,【EXTRA OPS：035】Hold Up,,MATCH,42,28,APPROVED,READY,NOT_TESTED,JPN_PRIMARY; MLG_CN_CONTEXT_AUXILIARY,mechanical template; resource_class=STAGEDAT_OLANG; source_objects=6; review_flag=JPN_HOLD_UP_TERM_PRESERVED
LANG_MISSION_INFO.OLANG,216,398,398;398;398,3,,page15:tag:entity6:key00021B1F:ref398:ord0;page174:tag:entity6:key00021B1F:ref398:ord0;page180:tag:entity6:key00021B1F:ref398:ord0,【EXTRA OPS：035】ホールドアップ,"沿岸の資材搬入施設（プエルト・デル・アルバ）指定区域内にいる
<C=FF4040>全ての敵傭兵を降伏(ホールドアップ)のみで制圧<C=R>せよ。
<C=FF4040>敵が気絶、睡眠、または死亡した時点でミッション失敗<C=R>。
また、<C=FF4040>敵傭兵に発見されてもミッションは失敗<C=R>となる。
　支給武器：<C=FF4040>バナナ<C=R>
　ターゲット数：7
※バナナを持っていなくても、START MISSION時に
　強制装備される。他の武器は持ち込み不可。
※これは任務です。食べ物で遊んではいけません。",sbm056/マークスマンミッション　×,<C=FF4040> | <C=R> | <C=FF4040> | <C=R> | <C=FF4040> | <C=R> | <C=FF4040> | <C=R>,"在沿岸物资搬入设施（Puerto del Alba）指定区域内，
<C=FF4040>仅通过投降（Hold Up）制服所有敌方佣兵<C=R>。
<C=FF4040>敌人一旦昏迷、睡眠或死亡，任务即告失败<C=R>。
此外，<C=FF4040>一旦被敌方佣兵发现，任务也会失败<C=R>。
　配发武器：<C=FF4040>香蕉<C=R>
　目标数：7
※即使没有香蕉，START MISSION时也会
　强制装备。不可携带其他武器。
※这是任务。禁止玩弄食物。",<C=FF4040> | <C=R> | <C=FF4040> | <C=R> | <C=FF4040> | <C=R> | <C=FF4040> | <C=R>,MATCH,630,479,APPROVED,READY,NOT_TESTED,JPN_PRIMARY; MLG_CN_CONTEXT_AUXILIARY,mechanical template; resource_class=STAGEDAT_OLANG; source_objects=3; review_flag=FOUR_COLOR_PAIRS_PRESERVED; JPN_HOLD_UP_ONLY_AND_FAILURE_CONDITIONS_PRESERVED
LANG_MISSION_INFO.OLANG,217,399,399;400;399;400;399;400,6,,page15:tag:entity102:key003D0D74:ref399:ord0;page15:tag:entity173:key00484F40:ref400:ord0;page174:tag:entity102:key003D0D74:ref399:ord0;page174:tag:entity173:key00484F40:ref400:ord0;page180:tag:entity102:key003D0D74:ref399:ord0;page180:tag:entity173:key00484F40:ref400:ord0,"沿岸の資材搬入施設（プエルト・デル・アルバ）指定区域内にいる
<C=FF4040>全ての敵傭兵を降伏(ホールドアップ)のみで制圧<C=R>せよ。
<C=FF4040>敵が気絶、睡眠、または死亡した時点でミッション失敗<C=R>。
また、<C=FF4040>敵傭兵に発見されてもミッションは失敗<C=R>となる。
　支給武器：<C=FF4040>バナナ<C=R>
　ターゲット数：7
※バナナを持っていなくても、START MISSION時に
　強制装備される。他の武器は持ち込み不可。
※これは任務です。食べ物で遊んではいけません。",sbm056/マークスマンミッション　×,"sbm056内容/マークスマンミッション

組み込み状況　：　×",,sbm056/Marksman任务　×,,MATCH,45,26,APPROVED,READY,NOT_TESTED,JPN_PRIMARY; MLG_CN_CONTEXT_AUXILIARY,mechanical template; resource_class=STAGEDAT_OLANG; source_objects=6; review_flag=DEV_OR_PLACEHOLDER_LABEL_LOCALIZED_CONSERVATIVELY; REVIEW_TERM
LANG_MISSION_INFO.OLANG,218,401,401;401;401,3,,page15:tag:entity4:key00011B1F:ref401:ord0;page174:tag:entity4:key00011B1F:ref401:ord0;page180:tag:entity4:key00011B1F:ref401:ord0,sbm056/マークスマンミッション　×,"sbm056内容/マークスマンミッション

組み込み状況　：　×",sbm055/強制戦闘、ゴールへ　×,,"sbm056内容/Marksman任务

实装状态　：　×",,MATCH,77,52,APPROVED,READY,NOT_TESTED,JPN_PRIMARY; MLG_CN_CONTEXT_AUXILIARY,mechanical template; resource_class=STAGEDAT_OLANG; source_objects=3; review_flag=DEV_OR_PLACEHOLDER_TEXT_LOCALIZED_CONSERVATIVELY; EMBEDDED_BLANK_LINE_PRESERVED; REVIEW_TERM
LANG_MISSION_INFO.OLANG,219,402,402;403;402;403;402;403,6,,page15:tag:entity98:key003C0D74:ref402:ord0;page15:tag:entity172:key00484F00:ref403:ord0;page174:tag:entity98:key003C0D74:ref402:ord0;page174:tag:entity172:key00484F00:ref403:ord0;page180:tag:entity98:key003C0D74:ref402:ord0;page180:tag:entity172:key00484F00:ref403:ord0,"sbm056内容/マークスマンミッション

組み込み状況　：　×",sbm055/強制戦闘、ゴールへ　×,"sbm055内容/強制戦闘、ゴールへ

組み込み状況　：　×",,sbm055/强制战斗、前往终点　×,,MATCH,39,39,APPROVED,READY,NOT_TESTED,JPN_PRIMARY; MLG_CN_CONTEXT_AUXILIARY,mechanical template; resource_class=STAGEDAT_OLANG; source_objects=6; review_flag=DEV_OR_PLACEHOLDER_LABEL_LOCALIZED_CONSERVATIVELY; REVIEW_TERM
LANG_MISSION_INFO.OLANG,220,404,404;404;404,3,,page15:tag:entity2:key00001B1F:ref404:ord0;page174:tag:entity2:key00001B1F:ref404:ord0;page180:tag:entity2:key00001B1F:ref404:ord0,sbm055/強制戦闘、ゴールへ　×,"sbm055内容/強制戦闘、ゴールへ

組み込み状況　：　×",【EXTRA OPS：052】キッドナッパー殲滅,,"sbm055内容/强制战斗、前往终点

实装状态　：　×",,MATCH,71,65,APPROVED,READY,NOT_TESTED,JPN_PRIMARY; MLG_CN_CONTEXT_AUXILIARY,mechanical template; resource_class=STAGEDAT_OLANG; source_objects=3; review_flag=DEV_OR_PLACEHOLDER_TEXT_LOCALIZED_CONSERVATIVELY; EMBEDDED_BLANK_LINE_PRESERVED; REVIEW_TERM
LANG_MISSION_INFO.OLANG,221,405,405;406;405;406;405;406,6,,page15:tag:entity95:key003B0D74:ref405:ord0;page15:tag:entity171:key00484EC0:ref406:ord0;page174:tag:entity95:key003B0D74:ref405:ord0;page174:tag:entity171:key00484EC0:ref406:ord0;page180:tag:entity95:key003B0D74:ref405:ord0;page180:tag:entity171:key00484EC0:ref406:ord0,"sbm055内容/強制戦闘、ゴールへ

組み込み状況　：　×",【EXTRA OPS：052】キッドナッパー殲滅,"エレディア中央、熱帯雲霧林（クラウド・フォレスト）で、
<C=FF4040>全てのキッドナッパーを破壊<C=R>せよ。
　制限時間：04'00""
　ターゲット数：40",,【EXTRA OPS：052】Kidnapper歼灭,,MATCH,48,36,APPROVED,READY,NOT_TESTED,JPN_PRIMARY; MLG_CN_CONTEXT_AUXILIARY,mechanical template; resource_class=STAGEDAT_OLANG; source_objects=6
LANG_MISSION_INFO.OLANG,222,407,407;407;407,3,,page15:tag:entity810:key00FF1B1E:ref407:ord0;page174:tag:entity810:key00FF1B1E:ref407:ord0;page180:tag:entity810:key00FF1B1E:ref407:ord0,【EXTRA OPS：052】キッドナッパー殲滅,"エレディア中央、熱帯雲霧林（クラウド・フォレスト）で、
<C=FF4040>全てのキッドナッパーを破壊<C=R>せよ。
　制限時間：04'00""
　ターゲット数：40",【EXTRA OPS：022】敵兵殲滅,<C=FF4040> | <C=R>,"在埃雷迪亚中部热带云雾林（Cloud Forest），
<C=FF4040>摧毁所有Kidnapper<C=R>。
　时间限制：04'00""
　目标数：40",<C=FF4040> | <C=R>,MATCH,197,140,APPROVED,READY,NOT_TESTED,JPN_PRIMARY; MLG_CN_CONTEXT_AUXILIARY,mechanical template; resource_class=STAGEDAT_OLANG; source_objects=3; review_flag=CONTROL_AND_NEWLINE_LAYOUT_PRESERVED; KIDNAPPER_TERM_PRESERVED
LANG_MISSION_INFO.OLANG,223,408,408;409;408;409;408;409,6,,page15:tag:entity92:key003A0D74:ref408:ord0;page15:tag:entity170:key00484E80:ref409:ord0;page174:tag:entity92:key003A0D74:ref408:ord0;page174:tag:entity170:key00484E80:ref409:ord0;page180:tag:entity92:key003A0D74:ref408:ord0;page180:tag:entity170:key00484E80:ref409:ord0,"エレディア中央、熱帯雲霧林（クラウド・フォレスト）で、
<C=FF4040>全てのキッドナッパーを破壊<C=R>せよ。
　制限時間：04'00""
　ターゲット数：40",【EXTRA OPS：022】敵兵殲滅,"コーヒー園（カフェタル・アロマ・エンカンタド）指定区域にいる
<C=FF4040>全敵傭兵を無力化<C=R>せよ。
気絶、睡眠、ホールドアップなど、殺傷以外の方法でも良い。
　制限時間：13'00""(敵に見つかってアラートになると-01'00"")
　ターゲット数：10",,【EXTRA OPS：022】敌兵歼灭,,MATCH,33,33,APPROVED,READY,NOT_TESTED,JPN_PRIMARY; MLG_CN_CONTEXT_AUXILIARY,mechanical template; resource_class=STAGEDAT_OLANG; source_objects=6
LANG_MISSION_INFO.OLANG,224,410,410;410;410,3,,page15:tag:entity806:key00FE1B1E:ref410:ord0;page174:tag:entity806:key00FE1B1E:ref410:ord0;page180:tag:entity806:key00FE1B1E:ref410:ord0,【EXTRA OPS：022】敵兵殲滅,"コーヒー園（カフェタル・アロマ・エンカンタド）指定区域にいる
<C=FF4040>全敵傭兵を無力化<C=R>せよ。
気絶、睡眠、ホールドアップなど、殺傷以外の方法でも良い。
　制限時間：13'00""(敵に見つかってアラートになると-01'00"")
　ターゲット数：10",【EXTRA OPS：没】敵兵殲滅,<C=FF4040> | <C=R>,"使咖啡园（Cafetal Aroma Encantado）指定区域内的
<C=FF4040>所有敌方佣兵失去行动能力<C=R>。
也可采用击晕、睡眠、Hold Up等非杀伤手段。
　时间限制：13'00""（被敌人发现进入警报状态时-01'00""）
　目标数：10",<C=FF4040> | <C=R>,MATCH,330,265,APPROVED,READY,NOT_TESTED,JPN_PRIMARY; MLG_CN_CONTEXT_AUXILIARY,mechanical template; resource_class=STAGEDAT_OLANG; source_objects=3; review_flag=JPN_NONLETHAL_OPTIONS_AND_ALERT_MINUS_01_00_PRESERVED
LANG_MISSION_INFO.OLANG,225,411,411;412;411;412;411;412,6,,page15:tag:entity90:key00390D74:ref411:ord0;page15:tag:entity169:key00484E40:ref412:ord0;page174:tag:entity90:key00390D74:ref411:ord0;page174:tag:entity169:key00484E40:ref412:ord0;page180:tag:entity90:key00390D74:ref411:ord0;page180:tag:entity169:key00484E40:ref412:ord0,"コーヒー園（カフェタル・アロマ・エンカンタド）指定区域にいる
<C=FF4040>全敵傭兵を無力化<C=R>せよ。
気絶、睡眠、ホールドアップなど、殺傷以外の方法でも良い。
　制限時間：13'00""(敵に見つかってアラートになると-01'00"")
　ターゲット数：10",【EXTRA OPS：没】敵兵殲滅,"バナナ園（バナネル・フルタ・デ・オロ）周辺区域にいる<C=FF4040>全敵傭兵
を無力化<C=R>せよ。気絶、睡眠など、殺傷以外の方法でも良い。
　制限時間：10'00""(敵に見つかってアラートになると-02'00"")
　ターゲット数：13",,【EXTRA OPS：没】敌兵歼灭,,MATCH,33,33,APPROVED,READY,NOT_TESTED,JPN_PRIMARY; MLG_CN_CONTEXT_AUXILIARY,mechanical template; resource_class=STAGEDAT_OLANG; source_objects=6; review_flag=SOURCE_没_MARKER_PRESERVED
LANG_MISSION_INFO.OLANG,226,413,413;413;413,3,,page15:tag:entity802:key00FD1B1E:ref413:ord0;page174:tag:entity802:key00FD1B1E:ref413:ord0;page180:tag:entity802:key00FD1B1E:ref413:ord0,【EXTRA OPS：没】敵兵殲滅,"バナナ園（バナネル・フルタ・デ・オロ）周辺区域にいる<C=FF4040>全敵傭兵
を無力化<C=R>せよ。気絶、睡眠など、殺傷以外の方法でも良い。
　制限時間：10'00""(敵に見つかってアラートになると-02'00"")
　ターゲット数：13",【EXTRA OPS：024】敵兵殲滅,<C=FF4040> | <C=R>,"使香蕉园（黄金果实香蕉园）周边区域内的<C=FF4040>所有敌方佣兵
失去行动能力<C=R>。也可采用击晕、睡眠等非杀伤手段。
　时间限制：10'00""（被敌人发现进入警报状态时-02'00""）
　目标数：13",<C=FF4040> | <C=R>,MATCH,293,252,APPROVED,READY,NOT_TESTED,JPN_PRIMARY; MLG_CN_CONTEXT_AUXILIARY,mechanical template; resource_class=STAGEDAT_OLANG; source_objects=3; review_flag=JPN_TARGET_COUNT_13_PRESERVED; AUX_TARGET_COUNT_27_REJECTED; JPN_ALERT_MINUS_02_00_PRESERVED
LANG_MISSION_INFO.OLANG,227,414,414;415;414;415;414;415,6,,page15:tag:entity87:key00380D74:ref414:ord0;page15:tag:entity168:key00484E00:ref415:ord0;page174:tag:entity87:key00380D74:ref414:ord0;page174:tag:entity168:key00484E00:ref415:ord0;page180:tag:entity87:key00380D74:ref414:ord0;page180:tag:entity168:key00484E00:ref415:ord0,"バナナ園（バナネル・フルタ・デ・オロ）周辺区域にいる<C=FF4040>全敵傭兵
を無力化<C=R>せよ。気絶、睡眠など、殺傷以外の方法でも良い。
　制限時間：10'00""(敵に見つかってアラートになると-02'00"")
　ターゲット数：13",【EXTRA OPS：024】敵兵殲滅,"イラス山腹の砦（フェルテ・ラ・ラデラ）を襲撃する<C=FF4040>全敵傭兵を
無力化<C=R>せよ。
気絶、睡眠など、殺傷以外の方法でも良い。
　制限時間：08'00""
　ターゲット数：15",,【EXTRA OPS：024】敌兵歼灭,,MATCH,33,33,APPROVED,READY,NOT_TESTED,JPN_PRIMARY; MLG_CN_CONTEXT_AUXILIARY,mechanical template; resource_class=STAGEDAT_OLANG; source_objects=6
LANG_MISSION_INFO.OLANG,228,416,416;416;416,3,,page15:tag:entity797:key00FC1B1E:ref416:ord0;page174:tag:entity797:key00FC1B1E:ref416:ord0;page180:tag:entity797:key00FC1B1E:ref416:ord0,【EXTRA OPS：024】敵兵殲滅,"イラス山腹の砦（フェルテ・ラ・ラデラ）を襲撃する<C=FF4040>全敵傭兵を
無力化<C=R>せよ。
気絶、睡眠など、殺傷以外の方法でも良い。
　制限時間：08'00""
　ターゲット数：15",【EXTRA OPS：023】敵兵殲滅,<C=FF4040> | <C=R>,"使袭击伊拉苏山腹要塞（Fuerte la Ladera）的<C=FF4040>所有敌方佣兵
失去行动能力<C=R>。
也可采用击晕、睡眠等非杀伤手段。
　时间限制：08'00""
　目标数：15",<C=FF4040> | <C=R>,MATCH,234,202,APPROVED,READY,NOT_TESTED,JPN_PRIMARY; MLG_CN_CONTEXT_AUXILIARY,mechanical template; resource_class=STAGEDAT_OLANG; source_objects=3; review_flag=JPN_NONLETHAL_OPTIONS_AND_TARGET_COUNT_PRESERVED
LANG_MISSION_INFO.OLANG,229,417,417;418;417;418;417;418,6,,page15:tag:entity84:key00370D74:ref417:ord0;page15:tag:entity167:key00484DC0:ref418:ord0;page174:tag:entity84:key00370D74:ref417:ord0;page174:tag:entity167:key00484DC0:ref418:ord0;page180:tag:entity84:key00370D74:ref417:ord0;page180:tag:entity167:key00484DC0:ref418:ord0,"イラス山腹の砦（フェルテ・ラ・ラデラ）を襲撃する<C=FF4040>全敵傭兵を
無力化<C=R>せよ。
気絶、睡眠など、殺傷以外の方法でも良い。
　制限時間：08'00""
　ターゲット数：15",【EXTRA OPS：023】敵兵殲滅,"イラス山指定区域にいる<C=FF4040>全敵傭兵を無力化<C=R>せよ。
気絶、睡眠など、殺傷以外の方法でも良い。
　制限時間：07'00""
　ターゲット数：10",,【EXTRA OPS：023】敌兵歼灭,,MATCH,33,33,APPROVED,READY,NOT_TESTED,JPN_PRIMARY; MLG_CN_CONTEXT_AUXILIARY,mechanical template; resource_class=STAGEDAT_OLANG; source_objects=6
LANG_MISSION_INFO.OLANG,230,419,419;419;419,3,,page15:tag:entity792:key00FB1B1E:ref419:ord0;page174:tag:entity792:key00FB1B1E:ref419:ord0;page180:tag:entity792:key00FB1B1E:ref419:ord0,【EXTRA OPS：023】敵兵殲滅,"イラス山指定区域にいる<C=FF4040>全敵傭兵を無力化<C=R>せよ。
気絶、睡眠など、殺傷以外の方法でも良い。
　制限時間：07'00""
　ターゲット数：10",【EXTRA OPS：026】敵兵殲滅,<C=FF4040> | <C=R>,"使伊拉苏山指定区域内的<C=FF4040>所有敌方佣兵失去行动能力<C=R>。
也可采用击晕、睡眠等非杀伤手段。
　时间限制：07'00""
　目标数：10",<C=FF4040> | <C=R>,MATCH,194,179,APPROVED,READY,NOT_TESTED,JPN_PRIMARY; MLG_CN_CONTEXT_AUXILIARY,mechanical template; resource_class=STAGEDAT_OLANG; source_objects=3; review_flag=JPN_NONLETHAL_OPTIONS_PRESERVED
LANG_MISSION_INFO.OLANG,231,420,420;421;420;421;420;421,6,,page15:tag:entity62:key00200D74:ref420:ord0;page15:tag:entity166:key00484800:ref421:ord0;page174:tag:entity62:key00200D74:ref420:ord0;page174:tag:entity166:key00484800:ref421:ord0;page180:tag:entity62:key00200D74:ref420:ord0;page180:tag:entity166:key00484800:ref421:ord0,"イラス山指定区域にいる<C=FF4040>全敵傭兵を無力化<C=R>せよ。
気絶、睡眠など、殺傷以外の方法でも良い。
　制限時間：07'00""
　ターゲット数：10",【EXTRA OPS：026】敵兵殲滅,"ニカラグア、米軍ミサイル基地・通用口にいる<C=FF4040>全敵傭兵を無力化<C=R>せよ。
気絶、睡眠など、殺傷以外の方法でも良い。
　制限時間：06'00""
　ターゲット数：21",,【EXTRA OPS：026】敌兵歼灭,,MATCH,33,33,APPROVED,READY,NOT_TESTED,JPN_PRIMARY; MLG_CN_CONTEXT_AUXILIARY,mechanical template; resource_class=STAGEDAT_OLANG; source_objects=6
LANG_MISSION_INFO.OLANG,232,422,422;422;422,3,,page15:tag:entity751:key00E41B1E:ref422:ord0;page174:tag:entity751:key00E41B1E:ref422:ord0;page180:tag:entity751:key00E41B1E:ref422:ord0,【EXTRA OPS：026】敵兵殲滅,"ニカラグア、米軍ミサイル基地・通用口にいる<C=FF4040>全敵傭兵を無力化<C=R>せよ。
気絶、睡眠など、殺傷以外の方法でも良い。
　制限時間：06'00""
　ターゲット数：21",【EXTRA OPS：021】輸送トラック爆破,<C=FF4040> | <C=R>,"使尼加拉瓜美军导弹基地・通用口的<C=FF4040>所有敌方佣兵失去行动能力<C=R>。
也可采用击晕、睡眠等非杀伤手段。
　时间限制：06'00""
　目标数：21",<C=FF4040> | <C=R>,MATCH,224,194,APPROVED,READY,NOT_TESTED,JPN_PRIMARY; MLG_CN_CONTEXT_AUXILIARY,mechanical template; resource_class=STAGEDAT_OLANG; source_objects=3; review_flag=JPN_NONLETHAL_OPTIONS_PRESERVED
LANG_MISSION_INFO.OLANG,233,423,423;424;423;424;423;424,6,,page15:tag:entity59:key001F0D74:ref423:ord0;page15:tag:entity165:key004847C0:ref424:ord0;page174:tag:entity59:key001F0D74:ref423:ord0;page174:tag:entity165:key004847C0:ref424:ord0;page180:tag:entity59:key001F0D74:ref423:ord0;page180:tag:entity165:key004847C0:ref424:ord0,"ニカラグア、米軍ミサイル基地・通用口にいる<C=FF4040>全敵傭兵を無力化<C=R>せよ。
気絶、睡眠など、殺傷以外の方法でも良い。
　制限時間：06'00""
　ターゲット数：21",【EXTRA OPS：021】輸送トラック爆破,"イラス山の渓谷を<C=FF4040>通過する輸送トラック(ターゲット)を破壊<C=R>し、
物資輸送を阻止せよ。
トラックを<C=FF4040>1台でも逃すとミッション失敗<C=R>。
<C=FF4040>SINGLE限定<C=R>。
　ターゲット数：25",,【EXTRA OPS：021】运输卡车爆破,,MATCH,45,39,APPROVED,READY,NOT_TESTED,JPN_PRIMARY; MLG_CN_CONTEXT_AUXILIARY,mechanical template; resource_class=STAGEDAT_OLANG; source_objects=6
LANG_MISSION_INFO.OLANG,234,425,425;425;425,3,,page15:tag:entity749:key00E31B1E:ref425:ord0;page174:tag:entity749:key00E31B1E:ref425:ord0;page180:tag:entity749:key00E31B1E:ref425:ord0,【EXTRA OPS：021】輸送トラック爆破,"イラス山の渓谷を<C=FF4040>通過する輸送トラック(ターゲット)を破壊<C=R>し、
物資輸送を阻止せよ。
トラックを<C=FF4040>1台でも逃すとミッション失敗<C=R>。
<C=FF4040>SINGLE限定<C=R>。
　ターゲット数：25",【EXTRA OPS：没】輸送トラック爆破,<C=FF4040> | <C=R> | <C=FF4040> | <C=R> | <C=FF4040> | <C=R>,"<C=FF4040>摧毁通过伊拉苏山峡谷的运输卡车（目标）<C=R>，
阻止物资运输。
<C=FF4040>即使只放跑1辆卡车也会任务失败<C=R>。
<C=FF4040>仅限SINGLE<C=R>。
　目标数：25",<C=FF4040> | <C=R> | <C=FF4040> | <C=R> | <C=FF4040> | <C=R>,MATCH,264,208,APPROVED,READY,NOT_TESTED,JPN_PRIMARY; MLG_CN_CONTEXT_AUXILIARY,mechanical template; resource_class=STAGEDAT_OLANG; source_objects=3; review_flag=THREE_COLOR_PAIRS_PRESERVED; JPN_ONE_TRUCK_ESCAPE_FAILURE_PRESERVED
LANG_MISSION_INFO.OLANG,235,426,426;427;426;427;426;427,6,,page15:tag:entity56:key001E0D74:ref426:ord0;page15:tag:entity164:key00484780:ref427:ord0;page174:tag:entity56:key001E0D74:ref426:ord0;page174:tag:entity164:key00484780:ref427:ord0;page180:tag:entity56:key001E0D74:ref426:ord0;page180:tag:entity164:key00484780:ref427:ord0,"イラス山の渓谷を<C=FF4040>通過する輸送トラック(ターゲット)を破壊<C=R>し、
物資輸送を阻止せよ。
トラックを<C=FF4040>1台でも逃すとミッション失敗<C=R>。
<C=FF4040>SINGLE限定<C=R>。
　ターゲット数：25",【EXTRA OPS：没】輸送トラック爆破,"コーヒー園（カフェタル・アロマ・エンカンタド）区域にある
<C=FF4040>全ての輸送トラック(ターゲット)を爆破<C=R>せよ。
ターゲットは<C=FF4040>Ｃ４爆弾でのみ破壊可能<C=R>。
　制限時間：05'00""(敵に見つかってアラートになると-00'30"")
　必要武器：<C=FF4040>C4爆弾<C=R>
　ターゲット数：2",,【EXTRA OPS：没】运输卡车爆破,,MATCH,45,39,APPROVED,READY,NOT_TESTED,JPN_PRIMARY; MLG_CN_CONTEXT_AUXILIARY,mechanical template; resource_class=STAGEDAT_OLANG; source_objects=6; review_flag=SOURCE_没_MARKER_PRESERVED
LANG_MISSION_INFO.OLANG,236,428,428;428;428,3,,page15:tag:entity747:key00E21B1E:ref428:ord0;page174:tag:entity747:key00E21B1E:ref428:ord0;page180:tag:entity747:key00E21B1E:ref428:ord0,【EXTRA OPS：没】輸送トラック爆破,"コーヒー園（カフェタル・アロマ・エンカンタド）区域にある
<C=FF4040>全ての輸送トラック(ターゲット)を爆破<C=R>せよ。
ターゲットは<C=FF4040>Ｃ４爆弾でのみ破壊可能<C=R>。
　制限時間：05'00""(敵に見つかってアラートになると-00'30"")
　必要武器：<C=FF4040>C4爆弾<C=R>
　ターゲット数：2",【EXTRA OPS：020】ターゲット爆破,<C=FF4040> | <C=R> | <C=FF4040> | <C=R> | <C=FF4040> | <C=R>,"爆破咖啡园（Cafetal Aroma Encantado）区域内的
<C=FF4040>所有运输卡车（目标）<C=R>。
目标<C=FF4040>只能用C4炸弹摧毁<C=R>。
　时间限制：05'00""（被敌人发现进入警报状态时-00'30""）
　必要武器：<C=FF4040>C4炸弹<C=R>
　目标数：2",<C=FF4040> | <C=R> | <C=FF4040> | <C=R> | <C=FF4040> | <C=R>,MATCH,379,286,APPROVED,READY,NOT_TESTED,JPN_PRIMARY; MLG_CN_CONTEXT_AUXILIARY,mechanical template; resource_class=STAGEDAT_OLANG; source_objects=3; review_flag=THREE_COLOR_PAIRS_PRESERVED; JPN_ALERT_MINUS_00_30_PRESERVED
LANG_MISSION_INFO.OLANG,237,429,429;430;429;430;429;430,6,,page15:tag:entity53:key001D0D74:ref429:ord0;page15:tag:entity163:key00484740:ref430:ord0;page174:tag:entity53:key001D0D74:ref429:ord0;page174:tag:entity163:key00484740:ref430:ord0;page180:tag:entity53:key001D0D74:ref429:ord0;page180:tag:entity163:key00484740:ref430:ord0,"コーヒー園（カフェタル・アロマ・エンカンタド）区域にある
<C=FF4040>全ての輸送トラック(ターゲット)を爆破<C=R>せよ。
ターゲットは<C=FF4040>Ｃ４爆弾でのみ破壊可能<C=R>。
　制限時間：05'00""(敵に見つかってアラートになると-00'30"")
　必要武器：<C=FF4040>C4爆弾<C=R>
　ターゲット数：2",【EXTRA OPS：020】ターゲット爆破,"ニカラグア、米軍ミサイル基地・通用口の<C=FF4040>指定ターゲットを爆破<C=R>せよ。
ターゲットは<C=FF4040>C4爆弾でのみ破壊可能<C=R>。
<C=FF4040>SINGLE限定<C=R>。
　制限時間：06'00""(敵に見つかってアラートになると-00'30"")
　必要武器：<C=FF4040>C4爆弾<C=R>
　ターゲット数：1",,【EXTRA OPS：020】目标爆破,,MATCH,42,33,APPROVED,READY,NOT_TESTED,JPN_PRIMARY; MLG_CN_CONTEXT_AUXILIARY,mechanical template; resource_class=STAGEDAT_OLANG; source_objects=6
LANG_MISSION_INFO.OLANG,238,431,431;431;431,3,,page15:tag:entity745:key00E11B1E:ref431:ord0;page174:tag:entity745:key00E11B1E:ref431:ord0;page180:tag:entity745:key00E11B1E:ref431:ord0,【EXTRA OPS：020】ターゲット爆破,"ニカラグア、米軍ミサイル基地・通用口の<C=FF4040>指定ターゲットを爆破<C=R>せよ。
ターゲットは<C=FF4040>C4爆弾でのみ破壊可能<C=R>。
<C=FF4040>SINGLE限定<C=R>。
　制限時間：06'00""(敵に見つかってアラートになると-00'30"")
　必要武器：<C=FF4040>C4爆弾<C=R>
　ターゲット数：1",sbm045/ジャングルトレインを爆弾で破壊　×,<C=FF4040> | <C=R> | <C=FF4040> | <C=R> | <C=FF4040> | <C=R> | <C=FF4040> | <C=R>,"爆破尼加拉瓜美军导弹基地・通用口的<C=FF4040>指定目标<C=R>。
目标<C=FF4040>只能用C4炸弹摧毁<C=R>。
<C=FF4040>仅限SINGLE<C=R>。
　时间限制：06'00""（被敌人发现进入警报状态时-00'30""）
　必要武器：<C=FF4040>C4炸弹<C=R>
　目标数：1",<C=FF4040> | <C=R> | <C=FF4040> | <C=R> | <C=FF4040> | <C=R> | <C=FF4040> | <C=R>,MATCH,355,293,APPROVED,READY,NOT_TESTED,JPN_PRIMARY; MLG_CN_CONTEXT_AUXILIARY,mechanical template; resource_class=STAGEDAT_OLANG; source_objects=3; review_flag=FOUR_COLOR_PAIRS_PRESERVED; JPN_ALERT_MINUS_00_30_PRESERVED
LANG_MISSION_INFO.OLANG,239,432,432;433;432;433;432;433,6,,page15:tag:entity49:key001C0D74:ref432:ord0;page15:tag:entity162:key00484700:ref433:ord0;page174:tag:entity49:key001C0D74:ref432:ord0;page174:tag:entity162:key00484700:ref433:ord0;page180:tag:entity49:key001C0D74:ref432:ord0;page180:tag:entity162:key00484700:ref433:ord0,"ニカラグア、米軍ミサイル基地・通用口の<C=FF4040>指定ターゲットを爆破<C=R>せよ。
ターゲットは<C=FF4040>C4爆弾でのみ破壊可能<C=R>。
<C=FF4040>SINGLE限定<C=R>。
　制限時間：06'00""(敵に見つかってアラートになると-00'30"")
　必要武器：<C=FF4040>C4爆弾<C=R>
　ターゲット数：1",sbm045/ジャングルトレインを爆弾で破壊　×,"sbm045内容/ジャングルトレインを爆弾で破壊

組み込み状況　：　×",,sbm045/用炸弹破坏Jungle Train　×,,MATCH,57,39,APPROVED,READY,NOT_TESTED,JPN_PRIMARY; MLG_CN_CONTEXT_AUXILIARY,mechanical template; resource_class=STAGEDAT_OLANG; source_objects=6; review_flag=DEV_OR_PLACEHOLDER_LABEL_LOCALIZED_CONSERVATIVELY; REVIEW_TERM
LANG_MISSION_INFO.OLANG,240,434,434;434;434,3,,page15:tag:entity743:key00E01B1E:ref434:ord0;page174:tag:entity743:key00E01B1E:ref434:ord0;page180:tag:entity743:key00E01B1E:ref434:ord0,sbm045/ジャングルトレインを爆弾で破壊　×,"sbm045内容/ジャングルトレインを爆弾で破壊

組み込み状況　：　×",【EXTRA OPS：没】ターゲット爆破,,"sbm045内容/用炸弹破坏Jungle Train

实装状态　：　×",,MATCH,89,65,APPROVED,READY,NOT_TESTED,JPN_PRIMARY; MLG_CN_CONTEXT_AUXILIARY,mechanical template; resource_class=STAGEDAT_OLANG; source_objects=3; review_flag=DEV_OR_PLACEHOLDER_TEXT_LOCALIZED_CONSERVATIVELY; EMBEDDED_BLANK_LINE_PRESERVED; REVIEW_TERM
LANG_MISSION_INFO.OLANG,241,435,435;436;444;445;447;448;435;436;444;445;447;448;435;436;444;445;447;448,18,,page15:tag:entity45:key001B0D74:ref435:ord0;page15:tag:entity161:key004846C0:ref436:ord0;page15:tag:entity37:key00180D74:ref444:ord0;page15:tag:entity158:key00484600:ref445:ord0;page15:tag:entity33:key00170D74:ref447:ord0;page15:tag:entity157:key004845C0:ref448:ord0;page174:tag:entity45:key001B0D74:ref435:ord0;page174:tag:entity161:key004846C0:ref436:ord0;page174:tag:entity37:key00180D74:ref444:ord0;page174:tag:entity158:key00484600:ref445:ord0;page174:tag:entity33:key00170D74:ref447:ord0;page174:tag:entity157:key004845C0:ref448:ord0;page180:tag:entity45:key001B0D74:ref435:ord0;page180:tag:entity161:key004846C0:ref436:ord0;page180:tag:entity37:key00180D74:ref444:ord0;page180:tag:entity158:key00484600:ref445:ord0;page180:tag:entity33:key00170D74:ref447:ord0;page180:tag:entity157:key004845C0:ref448:ord0,"sbm045内容/ジャングルトレインを爆弾で破壊

組み込み状況　：　×",【EXTRA OPS：没】ターゲット爆破,"バナナ園（バナネル・フルタ・デ・オロ）の<C=FF4040>指定ターゲットを
爆破<C=R>せよ。ターゲットは<C=FF4040>Ｃ４爆弾でのみ破壊可能<C=R>。
　制限時間：03'00""(敵に見つかってアラートになると-00'30"")
　必要武器：<C=FF4040>C4爆弾<C=R>
　ターゲット数：1",,【EXTRA OPS：没】目标爆破,,MATCH,42,33,APPROVED,READY,NOT_TESTED,JPN_PRIMARY; MLG_CN_CONTEXT_AUXILIARY,mechanical template; resource_class=STAGEDAT_OLANG; source_objects=18; review_flag=SOURCE_没_MARKER_PRESERVED
LANG_MISSION_INFO.OLANG,242,437,437;437;437,3,,page15:tag:entity739:key00DF1B1E:ref437:ord0;page174:tag:entity739:key00DF1B1E:ref437:ord0;page180:tag:entity739:key00DF1B1E:ref437:ord0,【EXTRA OPS：没】ターゲット爆破,"バナナ園（バナネル・フルタ・デ・オロ）の<C=FF4040>指定ターゲットを
爆破<C=R>せよ。ターゲットは<C=FF4040>Ｃ４爆弾でのみ破壊可能<C=R>。
　制限時間：03'00""(敵に見つかってアラートになると-00'30"")
　必要武器：<C=FF4040>C4爆弾<C=R>
　ターゲット数：1",【EXTRA OPS：019】ターゲット爆破,<C=FF4040> | <C=R> | <C=FF4040> | <C=R> | <C=FF4040> | <C=R>,"爆破香蕉园（黄金果实香蕉园）的<C=FF4040>指定目标
<C=R>。目标<C=FF4040>只能用C4炸弹摧毁<C=R>。
　时间限制：03'00""（被敌人发现进入警报状态时-00'30""）
　必要武器：<C=FF4040>C4炸弹<C=R>
　目标数：1",<C=FF4040> | <C=R> | <C=FF4040> | <C=R> | <C=FF4040> | <C=R>,MATCH,331,256,APPROVED,READY,NOT_TESTED,JPN_PRIMARY; MLG_CN_CONTEXT_AUXILIARY,mechanical template; resource_class=STAGEDAT_OLANG; source_objects=3; review_flag=SHARED_TITLE_DEDUP_INDEX_PRESERVED; THREE_COLOR_PAIRS_PRESERVED
LANG_MISSION_INFO.OLANG,243,438,438;439;438;439;438;439,6,,page15:tag:entity43:key001A0D74:ref438:ord0;page15:tag:entity160:key00484680:ref439:ord0;page174:tag:entity43:key001A0D74:ref438:ord0;page174:tag:entity160:key00484680:ref439:ord0;page180:tag:entity43:key001A0D74:ref438:ord0;page180:tag:entity160:key00484680:ref439:ord0,"バナナ園（バナネル・フルタ・デ・オロ）の<C=FF4040>指定ターゲットを
爆破<C=R>せよ。ターゲットは<C=FF4040>Ｃ４爆弾でのみ破壊可能<C=R>。
　制限時間：03'00""(敵に見つかってアラートになると-00'30"")
　必要武器：<C=FF4040>C4爆弾<C=R>
　ターゲット数：1",【EXTRA OPS：019】ターゲット爆破,"コーヒー園（カフェタル・アロマ・エンカンタド）・入り口の
<C=FF4040>指定ターゲットを爆破<C=R>せよ。ターゲットは<C=FF4040>C4爆弾でのみ破壊可能<C=R>。
<C=FF4040>SINGLE限定<C=R>。
　制限時間：13'00""(敵に見つかってアラートになると-01'00"")
　必要武器：<C=FF4040>C4爆弾<C=R>
　ターゲット数：1",,【EXTRA OPS：019】目标爆破,,MATCH,42,33,APPROVED,READY,NOT_TESTED,JPN_PRIMARY; MLG_CN_CONTEXT_AUXILIARY,mechanical template; resource_class=STAGEDAT_OLANG; source_objects=6
LANG_MISSION_INFO.OLANG,244,440,440;440;440,3,,page15:tag:entity735:key00DE1B1E:ref440:ord0;page174:tag:entity735:key00DE1B1E:ref440:ord0;page180:tag:entity735:key00DE1B1E:ref440:ord0,【EXTRA OPS：019】ターゲット爆破,"コーヒー園（カフェタル・アロマ・エンカンタド）・入り口の
<C=FF4040>指定ターゲットを爆破<C=R>せよ。ターゲットは<C=FF4040>C4爆弾でのみ破壊可能<C=R>。
<C=FF4040>SINGLE限定<C=R>。
　制限時間：13'00""(敵に見つかってアラートになると-01'00"")
　必要武器：<C=FF4040>C4爆弾<C=R>
　ターゲット数：1",【EXTRA OPS：018】ターゲット爆破,<C=FF4040> | <C=R> | <C=FF4040> | <C=R> | <C=FF4040> | <C=R> | <C=FF4040> | <C=R>,"爆破咖啡园（Cafetal Aroma Encantado）・入口的
<C=FF4040>指定目标<C=R>。目标<C=FF4040>只能用C4炸弹摧毁<C=R>。
<C=FF4040>仅限SINGLE<C=R>。
　时间限制：13'00""（被敌人发现进入警报状态时-01'00""）
　必要武器：<C=FF4040>C4炸弹<C=R>
　目标数：1",<C=FF4040> | <C=R> | <C=FF4040> | <C=R> | <C=FF4040> | <C=R> | <C=FF4040> | <C=R>,MATCH,382,298,APPROVED,READY,NOT_TESTED,JPN_PRIMARY; MLG_CN_CONTEXT_AUXILIARY,mechanical template; resource_class=STAGEDAT_OLANG; source_objects=3; review_flag=FOUR_COLOR_PAIRS_PRESERVED; JPN_ALERT_MINUS_01_00_PRESERVED
LANG_MISSION_INFO.OLANG,245,441,441;442;441;442;441;442,6,,page15:tag:entity41:key00190D74:ref441:ord0;page15:tag:entity159:key00484640:ref442:ord0;page174:tag:entity41:key00190D74:ref441:ord0;page174:tag:entity159:key00484640:ref442:ord0;page180:tag:entity41:key00190D74:ref441:ord0;page180:tag:entity159:key00484640:ref442:ord0,"コーヒー園（カフェタル・アロマ・エンカンタド）・入り口の
<C=FF4040>指定ターゲットを爆破<C=R>せよ。ターゲットは<C=FF4040>C4爆弾でのみ破壊可能<C=R>。
<C=FF4040>SINGLE限定<C=R>。
　制限時間：13'00""(敵に見つかってアラートになると-01'00"")
　必要武器：<C=FF4040>C4爆弾<C=R>
　ターゲット数：1",【EXTRA OPS：018】ターゲット爆破,"川沿いの敵拠点（リオ・デル・ハーデ）にある<C=FF4040>指定ターゲットを
爆破<C=R>せよ。ターゲットは<C=FF4040>C4爆弾でのみ破壊可能<C=R>。
<C=FF4040>SINGLE限定<C=R>。
　制限時間：05'00""(敵に見つかってアラートになると-00'30"")
　必要武器：<C=FF4040>C4爆弾<C=R>
　ターゲット数：1",,【EXTRA OPS：018】目标爆破,,MATCH,42,33,APPROVED,READY,NOT_TESTED,JPN_PRIMARY; MLG_CN_CONTEXT_AUXILIARY,mechanical template; resource_class=STAGEDAT_OLANG; source_objects=6
LANG_MISSION_INFO.OLANG,246,443,443;443;443,3,,page15:tag:entity730:key00DD1B1E:ref443:ord0;page174:tag:entity730:key00DD1B1E:ref443:ord0;page180:tag:entity730:key00DD1B1E:ref443:ord0,【EXTRA OPS：018】ターゲット爆破,"川沿いの敵拠点（リオ・デル・ハーデ）にある<C=FF4040>指定ターゲットを
爆破<C=R>せよ。ターゲットは<C=FF4040>C4爆弾でのみ破壊可能<C=R>。
<C=FF4040>SINGLE限定<C=R>。
　制限時間：05'00""(敵に見つかってアラートになると-00'30"")
　必要武器：<C=FF4040>C4爆弾<C=R>
　ターゲット数：1",【EXTRA OPS：没】ターゲット爆破,<C=FF4040> | <C=R> | <C=FF4040> | <C=R> | <C=FF4040> | <C=R> | <C=FF4040> | <C=R>,"爆破沿河敌方据点（Rio del Jade）的<C=FF4040>指定目标
<C=R>。目标<C=FF4040>只能用C4炸弹摧毁<C=R>。
<C=FF4040>仅限SINGLE<C=R>。
　时间限制：05'00""（被敌人发现进入警报状态时-00'30""）
　必要武器：<C=FF4040>C4炸弹<C=R>
　目标数：1",<C=FF4040> | <C=R> | <C=FF4040> | <C=R> | <C=FF4040> | <C=R> | <C=FF4040> | <C=R>,MATCH,361,287,APPROVED,READY,NOT_TESTED,JPN_PRIMARY; MLG_CN_CONTEXT_AUXILIARY,mechanical template; resource_class=STAGEDAT_OLANG; source_objects=3; review_flag=FOUR_COLOR_PAIRS_PRESERVED; JPN_ALERT_MINUS_00_30_PRESERVED
LANG_MISSION_INFO.OLANG,247,446,446;446;446,3,,page15:tag:entity724:key00DC1B1E:ref446:ord0;page174:tag:entity724:key00DC1B1E:ref446:ord0;page180:tag:entity724:key00DC1B1E:ref446:ord0,【EXTRA OPS：没】ターゲット爆破,"沿岸の資材搬入施設（プエルト・デル・アルバ）区域の<C=FF4040>指定
ターゲットを爆破<C=R>せよ。ターゲットは<C=FF4040>Ｃ４爆弾でのみ破壊可能<C=R>。
　制限時間：03'00""(敵に見つかってアラートになると-00'15"")
　必要武器：<C=FF4040>C4爆弾<C=R>
　ターゲット数：1",【EXTRA OPS：没】ターゲット爆破,<C=FF4040> | <C=R> | <C=FF4040> | <C=R> | <C=FF4040> | <C=R>,"爆破沿岸物资搬入设施（Puerto del Alba）区域的<C=FF4040>指定
目标<C=R>。目标<C=FF4040>只能用C4炸弹摧毁<C=R>。
　时间限制：03'00""（被敌人发现进入警报状态时-00'15""）
　必要武器：<C=FF4040>C4炸弹<C=R>
　目标数：1",<C=FF4040> | <C=R> | <C=FF4040> | <C=R> | <C=FF4040> | <C=R>,MATCH,346,271,APPROVED,READY,NOT_TESTED,JPN_PRIMARY; MLG_CN_CONTEXT_AUXILIARY,mechanical template; resource_class=STAGEDAT_OLANG; source_objects=3; review_flag=SHARED_TITLE_DEDUP_INDEX_PRESERVED; JPN_ALERT_MINUS_00_15_PRESERVED; AUX_ALERT_OMISSION_REJECTED
LANG_MISSION_INFO.OLANG,248,449,449;449;449,3,,page15:tag:entity718:key00DB1B1E:ref449:ord0;page174:tag:entity718:key00DB1B1E:ref449:ord0;page180:tag:entity718:key00DB1B1E:ref449:ord0,【EXTRA OPS：没】ターゲット爆破,"敵基地内の<C=FF4040>指定ターゲットを爆破<C=R>せよ。
ターゲットは<C=FF4040>Ｃ４爆弾でのみ破壊可能<C=R>。
　制限時間：03'00""(敵に見つかってアラートになると-00'30"")
　必要武器：<C=FF4040>C4爆弾<C=R>
　ターゲット数：1",sbm039/AIハッキング　×,<C=FF4040> | <C=R> | <C=FF4040> | <C=R> | <C=FF4040> | <C=R>,"爆破敌方基地内的<C=FF4040>指定目标<C=R>。
目标<C=FF4040>只能用C4炸弹摧毁<C=R>。
　时间限制：03'00""（被敌人发现进入警报状态时-00'30""）
　必要武器：<C=FF4040>C4炸弹<C=R>
　目标数：1",<C=FF4040> | <C=R> | <C=FF4040> | <C=R> | <C=FF4040> | <C=R>,MATCH,286,235,APPROVED,READY,NOT_TESTED,JPN_PRIMARY; MLG_CN_CONTEXT_AUXILIARY,mechanical template; resource_class=STAGEDAT_OLANG; source_objects=3; review_flag=SHARED_TITLE_DEDUP_INDEX_PRESERVED; JPN_ALERT_MINUS_00_30_PRESERVED
LANG_MISSION_INFO.OLANG,249,450,450;451;450;451;450;451,6,,page15:tag:entity0:key00000D74:ref450:ord0;page15:tag:entity156:key00484000:ref451:ord0;page174:tag:entity0:key00000D74:ref450:ord0;page174:tag:entity156:key00484000:ref451:ord0;page180:tag:entity0:key00000D74:ref450:ord0;page180:tag:entity156:key00484000:ref451:ord0,"敵基地内の<C=FF4040>指定ターゲットを爆破<C=R>せよ。
ターゲットは<C=FF4040>Ｃ４爆弾でのみ破壊可能<C=R>。
　制限時間：03'00""(敵に見つかってアラートになると-00'30"")
　必要武器：<C=FF4040>C4爆弾<C=R>
　ターゲット数：1",sbm039/AIハッキング　×,"sbm039内容/AIハッキング
捕虜（研究員）をムカデでパネルへ連れて行き、ハッキングさせる。ハッキング中、敵兵（ファンネル）と戦闘

組み込み状況　：　×",,sbm039/AI Hacking　×,,MATCH,29,22,APPROVED,READY,NOT_TESTED,JPN_PRIMARY; MLG_CN_CONTEXT_AUXILIARY,mechanical template; resource_class=STAGEDAT_OLANG; source_objects=6; review_flag=DEV_OR_PLACEHOLDER_LABEL_LOCALIZED_CONSERVATIVELY; REVIEW_TERM
LANG_MISSION_INFO.OLANG,250,452,452;452;452,3,,page15:tag:entity632:key00C41B1E:ref452:ord0;page174:tag:entity632:key00C41B1E:ref452:ord0;page180:tag:entity632:key00C41B1E:ref452:ord0,sbm039/AIハッキング　×,"sbm039内容/AIハッキング
捕虜（研究員）をムカデでパネルへ連れて行き、ハッキングさせる。ハッキング中、敵兵（ファンネル）と戦闘

組み込み状況　：　×",【EXTRA OPS：038】拠点防衛,,"sbm039内容/AI Hacking
将俘虏（研究员）用蜈蚣带到面板处，让其进行Hacking。Hacking期间与敌兵（Funnel）战斗

实装状态　：　×",,MATCH,212,162,APPROVED,READY,NOT_TESTED,JPN_PRIMARY; MLG_CN_CONTEXT_AUXILIARY,mechanical template; resource_class=STAGEDAT_OLANG; source_objects=3; review_flag=DEV_OR_PLACEHOLDER_TEXT_LOCALIZED_CONSERVATIVELY; JPN_ムカデ_AND_FUNNEL_TERMS_REVIEW; EMBEDDED_BLANK_LINE_PRESERVED
LANG_MISSION_INFO.OLANG,251,453,453;454;453;454;453;454,6,,page15:tag:entity808:key00FF0D73:ref453:ord0;page15:tag:entity155:key00483FC0:ref454:ord0;page174:tag:entity808:key00FF0D73:ref453:ord0;page174:tag:entity155:key00483FC0:ref454:ord0;page180:tag:entity808:key00FF0D73:ref453:ord0;page180:tag:entity155:key00483FC0:ref454:ord0,"sbm039内容/AIハッキング
捕虜（研究員）をムカデでパネルへ連れて行き、ハッキングさせる。ハッキング中、敵兵（ファンネル）と戦闘

組み込み状況　：　×",【EXTRA OPS：038】拠点防衛,"スネークがピースウォーカーと戦闘している間、AI格納庫で
<C=FF4040>敵部隊の進攻を阻止<C=R>せよ。
<C=FF4040>敵兵士を1人でも阻止出来なかったらミッション失敗<C=R>。
<C=FF4040>MSF兵限定<C=R>。
　ターゲット数：40",,【EXTRA OPS：038】据点防卫,,MATCH,33,33,APPROVED,READY,NOT_TESTED,JPN_PRIMARY; MLG_CN_CONTEXT_AUXILIARY,mechanical template; resource_class=STAGEDAT_OLANG; source_objects=6
LANG_MISSION_INFO.OLANG,252,455,455;455;455,3,,page15:tag:entity630:key00C31B1E:ref455:ord0;page174:tag:entity630:key00C31B1E:ref455:ord0;page180:tag:entity630:key00C31B1E:ref455:ord0,【EXTRA OPS：038】拠点防衛,"スネークがピースウォーカーと戦闘している間、AI格納庫で
<C=FF4040>敵部隊の進攻を阻止<C=R>せよ。
<C=FF4040>敵兵士を1人でも阻止出来なかったらミッション失敗<C=R>。
<C=FF4040>MSF兵限定<C=R>。
　ターゲット数：40",【EXTRA OPS：042】戦闘捕虜防衛,<C=FF4040> | <C=R> | <C=FF4040> | <C=R> | <C=FF4040> | <C=R>,"Snake与Peace Walker战斗期间，在AI机库
<C=FF4040>阻止敌方部队推进<C=R>。
<C=FF4040>只要有1名敌兵未能被阻止，任务即告失败<C=R>。
<C=FF4040>仅限MSF士兵<C=R>。
　目标数：40",<C=FF4040> | <C=R> | <C=FF4040> | <C=R> | <C=FF4040> | <C=R>,MATCH,279,215,APPROVED,READY,NOT_TESTED,JPN_PRIMARY; MLG_CN_CONTEXT_AUXILIARY,mechanical template; resource_class=STAGEDAT_OLANG; source_objects=3; review_flag=THREE_COLOR_PAIRS_AND_JPN_ONE_BREACH_FAILURE_PRESERVED
LANG_MISSION_INFO.OLANG,253,456,456;457;456;457;456;457,6,,page15:tag:entity804:key00FE0D73:ref456:ord0;page15:tag:entity154:key00483F80:ref457:ord0;page174:tag:entity804:key00FE0D73:ref456:ord0;page174:tag:entity154:key00483F80:ref457:ord0;page180:tag:entity804:key00FE0D73:ref456:ord0;page180:tag:entity154:key00483F80:ref457:ord0,"スネークがピースウォーカーと戦闘している間、AI格納庫で
<C=FF4040>敵部隊の進攻を阻止<C=R>せよ。
<C=FF4040>敵兵士を1人でも阻止出来なかったらミッション失敗<C=R>。
<C=FF4040>MSF兵限定<C=R>。
　ターゲット数：40",【EXTRA OPS：042】戦闘捕虜防衛,"採掘場偽装基地に捕らえられた<C=FF4040>戦闘捕虜（Prisoner of War）を
守り抜け<C=R>。
<C=FF4040>戦闘捕虜が死亡するとミッション失敗<C=R>。
フルトン回収装置持ち込み不可。
　ターゲット数：30（敵兵の数）",,【EXTRA OPS：042】战俘防卫,,MATCH,39,33,APPROVED,READY,NOT_TESTED,JPN_PRIMARY; MLG_CN_CONTEXT_AUXILIARY,mechanical template; resource_class=STAGEDAT_OLANG; source_objects=6
LANG_MISSION_INFO.OLANG,254,458,458;458;458,3,,page15:tag:entity628:key00C21B1E:ref458:ord0;page174:tag:entity628:key00C21B1E:ref458:ord0;page180:tag:entity628:key00C21B1E:ref458:ord0,【EXTRA OPS：042】戦闘捕虜防衛,"採掘場偽装基地に捕らえられた<C=FF4040>戦闘捕虜（Prisoner of War）を
守り抜け<C=R>。
<C=FF4040>戦闘捕虜が死亡するとミッション失敗<C=R>。
フルトン回収装置持ち込み不可。
　ターゲット数：30（敵兵の数）",【EXTRA OPS：043】重要物資防衛,<C=FF4040> | <C=R> | <C=FF4040> | <C=R>,"守住被关押在采掘场伪装基地的<C=FF4040>战俘（Prisoner of War）
<C=R>。
<C=FF4040>战俘死亡则任务失败<C=R>。
禁止携带富尔顿回收装置。
　目标数：30（敌兵人数）",<C=FF4040> | <C=R> | <C=FF4040> | <C=R>,MATCH,270,207,APPROVED,READY,NOT_TESTED,JPN_PRIMARY; MLG_CN_CONTEXT_AUXILIARY,mechanical template; resource_class=STAGEDAT_OLANG; source_objects=3; review_flag=TWO_COLOR_PAIRS_PRESERVED; JPN_NO_FULTON_DEVICE_PRESERVED
LANG_MISSION_INFO.OLANG,255,459,459;460;459;460;459;460,6,,page15:tag:entity800:key00FD0D73:ref459:ord0;page15:tag:entity153:key00483F40:ref460:ord0;page174:tag:entity800:key00FD0D73:ref459:ord0;page174:tag:entity153:key00483F40:ref460:ord0;page180:tag:entity800:key00FD0D73:ref459:ord0;page180:tag:entity153:key00483F40:ref460:ord0,"採掘場偽装基地に捕らえられた<C=FF4040>戦闘捕虜（Prisoner of War）を
守り抜け<C=R>。
<C=FF4040>戦闘捕虜が死亡するとミッション失敗<C=R>。
フルトン回収装置持ち込み不可。
　ターゲット数：30（敵兵の数）",【EXTRA OPS：043】重要物資防衛,"コーヒー園（カフェタル・アロマ・エンカンタド）の<C=FF4040>物資を守り、
敵部隊を排除<C=R>せよ。
<C=FF4040>物資が全て破壊されるとミッション失敗<C=R>。
　ターゲット数：20（敵兵の数）",,【EXTRA OPS：043】重要物资防卫,,MATCH,39,39,APPROVED,READY,NOT_TESTED,JPN_PRIMARY; MLG_CN_CONTEXT_AUXILIARY,mechanical template; resource_class=STAGEDAT_OLANG; source_objects=6
LANG_MISSION_INFO.OLANG,256,461,461;461;461,3,,page15:tag:entity626:key00C11B1E:ref461:ord0;page174:tag:entity626:key00C11B1E:ref461:ord0;page180:tag:entity626:key00C11B1E:ref461:ord0,【EXTRA OPS：043】重要物資防衛,"コーヒー園（カフェタル・アロマ・エンカンタド）の<C=FF4040>物資を守り、
敵部隊を排除<C=R>せよ。
<C=FF4040>物資が全て破壊されるとミッション失敗<C=R>。
　ターゲット数：20（敵兵の数）",sbm035/強制戦闘、拠点エリアを防衛ファンネルも出現　×,<C=FF4040> | <C=R> | <C=FF4040> | <C=R>,"守住咖啡园（Cafetal Aroma Encantado）的<C=FF4040>物资，
并排除敌方部队<C=R>。
<C=FF4040>所有物资均被破坏则任务失败<C=R>。
　目标数：20（敌兵人数）",<C=FF4040> | <C=R> | <C=FF4040> | <C=R>,MATCH,251,190,APPROVED,READY,NOT_TESTED,JPN_PRIMARY; MLG_CN_CONTEXT_AUXILIARY,mechanical template; resource_class=STAGEDAT_OLANG; source_objects=3; review_flag=TWO_COLOR_PAIRS_AND_NEWLINE_LAYOUT_PRESERVED
LANG_MISSION_INFO.OLANG,257,462,462;463;462;463;462;463,6,,page15:tag:entity795:key00FC0D73:ref462:ord0;page15:tag:entity152:key00483F00:ref463:ord0;page174:tag:entity795:key00FC0D73:ref462:ord0;page174:tag:entity152:key00483F00:ref463:ord0;page180:tag:entity795:key00FC0D73:ref462:ord0;page180:tag:entity152:key00483F00:ref463:ord0,"コーヒー園（カフェタル・アロマ・エンカンタド）の<C=FF4040>物資を守り、
敵部隊を排除<C=R>せよ。
<C=FF4040>物資が全て破壊されるとミッション失敗<C=R>。
　ターゲット数：20（敵兵の数）",sbm035/強制戦闘、拠点エリアを防衛ファンネルも出現　×,"sbm035内容/強制戦闘、拠点エリアを防衛ファンネルも出現

組み込み状況　：　×",,sbm035/强制战斗、防卫据点区域，同时出现Funnel　×,,MATCH,75,66,APPROVED,READY,NOT_TESTED,JPN_PRIMARY; MLG_CN_CONTEXT_AUXILIARY,mechanical template; resource_class=STAGEDAT_OLANG; source_objects=6; review_flag=DEV_OR_PLACEHOLDER_LABEL_LOCALIZED_CONSERVATIVELY; FUNNEL_TERM_PRESERVED; REVIEW_TERM
LANG_MISSION_INFO.OLANG,258,464,464;464;464,3,,page15:tag:entity624:key00C01B1E:ref464:ord0;page174:tag:entity624:key00C01B1E:ref464:ord0;page180:tag:entity624:key00C01B1E:ref464:ord0,sbm035/強制戦闘、拠点エリアを防衛ファンネルも出現　×,"sbm035内容/強制戦闘、拠点エリアを防衛ファンネルも出現

組み込み状況　：　×",【EXTRA OPS：没】重要物資防衛,,"sbm035内容/强制战斗、防卫据点区域，同时出现Funnel

实装状态　：　×",,MATCH,107,92,APPROVED,READY,NOT_TESTED,JPN_PRIMARY; MLG_CN_CONTEXT_AUXILIARY,mechanical template; resource_class=STAGEDAT_OLANG; source_objects=3; review_flag=DEV_OR_PLACEHOLDER_TEXT_LOCALIZED_CONSERVATIVELY; EMBEDDED_BLANK_LINE_PRESERVED; REVIEW_TERM
LANG_MISSION_INFO.OLANG,259,465,465;466;465;466;465;466,6,,page15:tag:entity790:key00FB0D73:ref465:ord0;page15:tag:entity151:key00483EC0:ref466:ord0;page174:tag:entity790:key00FB0D73:ref465:ord0;page174:tag:entity151:key00483EC0:ref466:ord0;page180:tag:entity790:key00FB0D73:ref465:ord0;page180:tag:entity151:key00483EC0:ref466:ord0,"sbm035内容/強制戦闘、拠点エリアを防衛ファンネルも出現

組み込み状況　：　×",【EXTRA OPS：没】重要物資防衛,"採掘場居住区を襲撃する<C=FF4040>敵傭兵からアイテムを守り、これを殲滅<C=R>
せよ。
アイテムを<C=FF4040>3個取られるとミッション失敗<C=R>。
　ターゲット数：10（敵兵の数）",,【EXTRA OPS：没】重要物资防卫,,MATCH,39,39,APPROVED,READY,NOT_TESTED,JPN_PRIMARY; MLG_CN_CONTEXT_AUXILIARY,mechanical template; resource_class=STAGEDAT_OLANG; source_objects=6; review_flag=SOURCE_没_MARKER_PRESERVED
LANG_MISSION_INFO.OLANG,260,467,467;467;467,3,,page15:tag:entity618:key00BF1B1E:ref467:ord0;page174:tag:entity618:key00BF1B1E:ref467:ord0;page180:tag:entity618:key00BF1B1E:ref467:ord0,【EXTRA OPS：没】重要物資防衛,"採掘場居住区を襲撃する<C=FF4040>敵傭兵からアイテムを守り、これを殲滅<C=R>
せよ。
アイテムを<C=FF4040>3個取られるとミッション失敗<C=R>。
　ターゲット数：10（敵兵の数）",【EXTRA OPS：041】拠点防衛,<C=FF4040> | <C=R> | <C=FF4040> | <C=R>,"保护采掘场居住区的道具，使其免遭<C=FF4040>来袭敌方佣兵夺取，并将敌人歼灭<C=R>。
道具被<C=FF4040>夺走3个则任务失败<C=R>。
　目标数：10（敌兵人数）",<C=FF4040> | <C=R> | <C=FF4040> | <C=R>,MATCH,231,200,APPROVED,READY,NOT_TESTED,JPN_PRIMARY; MLG_CN_CONTEXT_AUXILIARY,mechanical template; resource_class=STAGEDAT_OLANG; source_objects=3; review_flag=JPN_LOSS_THRESHOLD_3_PRESERVED; AUX_LOSS_THRESHOLD_2_REJECTED
LANG_MISSION_INFO.OLANG,261,468,468;469;468;469;468;469,6,,page15:tag:entity787:key00FA0D73:ref468:ord0;page15:tag:entity150:key00483E80:ref469:ord0;page174:tag:entity787:key00FA0D73:ref468:ord0;page174:tag:entity150:key00483E80:ref469:ord0;page180:tag:entity787:key00FA0D73:ref468:ord0;page180:tag:entity150:key00483E80:ref469:ord0,"採掘場居住区を襲撃する<C=FF4040>敵傭兵からアイテムを守り、これを殲滅<C=R>
せよ。
アイテムを<C=FF4040>3個取られるとミッション失敗<C=R>。
　ターゲット数：10（敵兵の数）",【EXTRA OPS：041】拠点防衛,"収容施設（アルデア・ロス・デスピェルトス）を<C=FF4040>敵の襲撃から
守り抜け<C=R>。
拠点内に敵兵士が一定時間留まると、拠点は制圧される。
制圧された拠点は色が変化。
<C=FF4040>全ての拠点が制圧されるとミッション失敗<C=R>。
　ターゲット数：20（敵兵の数）",,【EXTRA OPS：041】据点防卫,,MATCH,33,33,APPROVED,READY,NOT_TESTED,JPN_PRIMARY; MLG_CN_CONTEXT_AUXILIARY,mechanical template; resource_class=STAGEDAT_OLANG; source_objects=6
LANG_MISSION_INFO.OLANG,262,470,470;470;470,3,,page15:tag:entity612:key00BE1B1E:ref470:ord0;page174:tag:entity612:key00BE1B1E:ref470:ord0;page180:tag:entity612:key00BE1B1E:ref470:ord0,【EXTRA OPS：041】拠点防衛,"収容施設（アルデア・ロス・デスピェルトス）を<C=FF4040>敵の襲撃から
守り抜け<C=R>。
拠点内に敵兵士が一定時間留まると、拠点は制圧される。
制圧された拠点は色が変化。
<C=FF4040>全ての拠点が制圧されるとミッション失敗<C=R>。
　ターゲット数：20（敵兵の数）",【EXTRA OPS：039】拠点防衛,<C=FF4040> | <C=R> | <C=FF4040> | <C=R>,"守住收容设施（Aldea Los Despiertos），<C=FF4040>抵御敌军袭击
<C=R>。
敌兵在据点内停留一定时间后，据点会被占领。
被占领的据点会变色。
<C=FF4040>所有据点均被占领则任务失败<C=R>。
　目标数：20（敌兵人数）",<C=FF4040> | <C=R> | <C=FF4040> | <C=R>,MATCH,355,273,APPROVED,READY,NOT_TESTED,JPN_PRIMARY; MLG_CN_CONTEXT_AUXILIARY,mechanical template; resource_class=STAGEDAT_OLANG; source_objects=3; review_flag=BASE_CAPTURE_MECHANIC_AND_TWO_COLOR_PAIRS_PRESERVED
LANG_MISSION_INFO.OLANG,263,471,471;472;471;472;471;472,6,,page15:tag:entity784:key00F90D73:ref471:ord0;page15:tag:entity149:key00483E40:ref472:ord0;page174:tag:entity784:key00F90D73:ref471:ord0;page174:tag:entity149:key00483E40:ref472:ord0;page180:tag:entity784:key00F90D73:ref471:ord0;page180:tag:entity149:key00483E40:ref472:ord0,"収容施設（アルデア・ロス・デスピェルトス）を<C=FF4040>敵の襲撃から
守り抜け<C=R>。
拠点内に敵兵士が一定時間留まると、拠点は制圧される。
制圧された拠点は色が変化。
<C=FF4040>全ての拠点が制圧されるとミッション失敗<C=R>。
　ターゲット数：20（敵兵の数）",【EXTRA OPS：039】拠点防衛,"バナナ園（バナネル・フルタ・デ・オロ）の<C=FF4040>拠点を敵の襲撃から
守り抜け<C=R>。
拠点内に敵兵士が一定時間留まると、拠点は制圧される。
制圧された拠点は色が変化。
<C=FF4040>全ての拠点が制圧されるとミッション失敗<C=R>。
　ターゲット数：20（敵兵の数）",,【EXTRA OPS：039】据点防卫,,MATCH,33,33,APPROVED,READY,NOT_TESTED,JPN_PRIMARY; MLG_CN_CONTEXT_AUXILIARY,mechanical template; resource_class=STAGEDAT_OLANG; source_objects=6
LANG_MISSION_INFO.OLANG,264,473,473;473;473,3,,page15:tag:entity606:key00BD1B1E:ref473:ord0;page174:tag:entity606:key00BD1B1E:ref473:ord0;page180:tag:entity606:key00BD1B1E:ref473:ord0,【EXTRA OPS：039】拠点防衛,"バナナ園（バナネル・フルタ・デ・オロ）の<C=FF4040>拠点を敵の襲撃から
守り抜け<C=R>。
拠点内に敵兵士が一定時間留まると、拠点は制圧される。
制圧された拠点は色が変化。
<C=FF4040>全ての拠点が制圧されるとミッション失敗<C=R>。
　ターゲット数：20（敵兵の数）",sbm031/強制戦闘、壊れ箱を防衛　×,<C=FF4040> | <C=R> | <C=FF4040> | <C=R>,"守住香蕉园（黄金果实香蕉园）的<C=FF4040>据点，抵御敌军袭击
<C=R>。
敌兵在据点内停留一定时间后，据点会被占领。
被占领的据点会变色。
<C=FF4040>所有据点均被占领则任务失败<C=R>。
　目标数：20（敌兵人数）",<C=FF4040> | <C=R> | <C=FF4040> | <C=R>,MATCH,358,280,APPROVED,READY,NOT_TESTED,JPN_PRIMARY; MLG_CN_CONTEXT_AUXILIARY,mechanical template; resource_class=STAGEDAT_OLANG; source_objects=3; review_flag=BASE_CAPTURE_MECHANIC_AND_TWO_COLOR_PAIRS_PRESERVED
LANG_MISSION_INFO.OLANG,265,474,474;475;474;475;474;475,6,,page15:tag:entity780:key00F80D73:ref474:ord0;page15:tag:entity148:key00483E00:ref475:ord0;page174:tag:entity780:key00F80D73:ref474:ord0;page174:tag:entity148:key00483E00:ref475:ord0;page180:tag:entity780:key00F80D73:ref474:ord0;page180:tag:entity148:key00483E00:ref475:ord0,"バナナ園（バナネル・フルタ・デ・オロ）の<C=FF4040>拠点を敵の襲撃から
守り抜け<C=R>。
拠点内に敵兵士が一定時間留まると、拠点は制圧される。
制圧された拠点は色が変化。
<C=FF4040>全ての拠点が制圧されるとミッション失敗<C=R>。
　ターゲット数：20（敵兵の数）",sbm031/強制戦闘、壊れ箱を防衛　×,"sbm031内容/強制戦闘、壊れ箱を防衛

組み込み状況　：　×",,sbm031/强制战斗、防卫可破坏箱子　×,,MATCH,45,48,APPROVED,READY,NOT_TESTED,JPN_PRIMARY; MLG_CN_CONTEXT_AUXILIARY,mechanical template; resource_class=STAGEDAT_OLANG; source_objects=6; review_flag=DEV_OR_PLACEHOLDER_LABEL_LOCALIZED_CONSERVATIVELY; REVIEW_TERM
LANG_MISSION_INFO.OLANG,266,476,476;476;476,3,,page15:tag:entity599:key00BC1B1E:ref476:ord0;page174:tag:entity599:key00BC1B1E:ref476:ord0;page180:tag:entity599:key00BC1B1E:ref476:ord0,sbm031/強制戦闘、壊れ箱を防衛　×,"sbm031内容/強制戦闘、壊れ箱を防衛

組み込み状況　：　×",【EXTRA OPS：044】重要物資防衛,,"sbm031内容/强制战斗、防卫可破坏箱子

实装状态　：　×",,MATCH,77,74,APPROVED,READY,NOT_TESTED,JPN_PRIMARY; MLG_CN_CONTEXT_AUXILIARY,mechanical template; resource_class=STAGEDAT_OLANG; source_objects=3; review_flag=DEV_OR_PLACEHOLDER_TEXT_LOCALIZED_CONSERVATIVELY; EMBEDDED_BLANK_LINE_PRESERVED; REVIEW_TERM
LANG_MISSION_INFO.OLANG,267,477,477;478;477;478;477;478,6,,page15:tag:entity776:key00F70D73:ref477:ord0;page15:tag:entity147:key00483DC0:ref478:ord0;page174:tag:entity776:key00F70D73:ref477:ord0;page174:tag:entity147:key00483DC0:ref478:ord0;page180:tag:entity776:key00F70D73:ref477:ord0;page180:tag:entity147:key00483DC0:ref478:ord0,"sbm031内容/強制戦闘、壊れ箱を防衛

組み込み状況　：　×",【EXTRA OPS：044】重要物資防衛,"採掘場偽装基地の<C=FF4040>物資を敵の襲撃から守り、敵傭兵部隊を殲滅<C=R>せよ。
なお、<C=FF4040>物資が全て破壊されるとミッション失敗<C=R>。
　ターゲット数：30（敵兵の数）",,【EXTRA OPS：044】重要物资防卫,,MATCH,39,39,APPROVED,READY,NOT_TESTED,JPN_PRIMARY; MLG_CN_CONTEXT_AUXILIARY,mechanical template; resource_class=STAGEDAT_OLANG; source_objects=6
LANG_MISSION_INFO.OLANG,268,479,479;479;479,3,,page15:tag:entity592:key00BB1B1E:ref479:ord0;page174:tag:entity592:key00BB1B1E:ref479:ord0;page180:tag:entity592:key00BB1B1E:ref479:ord0,【EXTRA OPS：044】重要物資防衛,"採掘場偽装基地の<C=FF4040>物資を敵の襲撃から守り、敵傭兵部隊を殲滅<C=R>せよ。
なお、<C=FF4040>物資が全て破壊されるとミッション失敗<C=R>。
　ターゲット数：30（敵兵の数）",【EXTRA OPS：没】フルトン回収,<C=FF4040> | <C=R> | <C=FF4040> | <C=R>,"<C=FF4040>守住采掘场伪装基地的物资，抵御敌军袭击，并歼灭敌方佣兵部队<C=R>。
此外，<C=FF4040>所有物资均被破坏则任务失败<C=R>。
　目标数：30（敌兵人数）",<C=FF4040> | <C=R> | <C=FF4040> | <C=R>,MATCH,235,208,APPROVED,READY,NOT_TESTED,JPN_PRIMARY; MLG_CN_CONTEXT_AUXILIARY,mechanical template; resource_class=STAGEDAT_OLANG; source_objects=3; review_flag=TWO_COLOR_PAIRS_PRESERVED
LANG_MISSION_INFO.OLANG,269,480,480;481;498;499;480;481;498;499;480;481;498;499,12,,page15:tag:entity741:key00E00D73:ref480:ord0;page15:tag:entity146:key00483800:ref481:ord0;page15:tag:entity710:key00DA0D73:ref498:ord0;page15:tag:entity140:key00483680:ref499:ord0;page174:tag:entity741:key00E00D73:ref480:ord0;page174:tag:entity146:key00483800:ref481:ord0;page174:tag:entity710:key00DA0D73:ref498:ord0;page174:tag:entity140:key00483680:ref499:ord0;page180:tag:entity741:key00E00D73:ref480:ord0;page180:tag:entity146:key00483800:ref481:ord0;page180:tag:entity710:key00DA0D73:ref498:ord0;page180:tag:entity140:key00483680:ref499:ord0,"採掘場偽装基地の<C=FF4040>物資を敵の襲撃から守り、敵傭兵部隊を殲滅<C=R>せよ。
なお、<C=FF4040>物資が全て破壊されるとミッション失敗<C=R>。
　ターゲット数：30（敵兵の数）",【EXTRA OPS：没】フルトン回収,"採掘場偽装基地の<C=FF4040>独房に囚われた捕虜を救出<C=R>せよ。
　制限時間：03'00""
　必要装備品：<C=FF4040>フルトン回収装置<C=R>
　ターゲット数：3",,【EXTRA OPS：没】富尔顿回收,,MATCH,39,36,APPROVED,READY,NOT_TESTED,JPN_PRIMARY; MLG_CN_CONTEXT_AUXILIARY,mechanical template; resource_class=STAGEDAT_OLANG; source_objects=12; review_flag=SOURCE_没_MARKER_PRESERVED
LANG_MISSION_INFO.OLANG,270,482,482;482;482,3,,page15:tag:entity513:key00A41B1E:ref482:ord0;page174:tag:entity513:key00A41B1E:ref482:ord0;page180:tag:entity513:key00A41B1E:ref482:ord0,【EXTRA OPS：没】フルトン回収,"採掘場偽装基地の<C=FF4040>独房に囚われた捕虜を救出<C=R>せよ。
　制限時間：03'00""
　必要装備品：<C=FF4040>フルトン回収装置<C=R>
　ターゲット数：3",sbm028/捕虜と一緒にゴールへ　×,<C=FF4040> | <C=R> | <C=FF4040> | <C=R>,"<C=FF4040>营救被关在采掘场伪装基地牢房中的俘虏<C=R>。
　时间限制：03'00""
　必要装备品：<C=FF4040>富尔顿回收装置<C=R>
　目标数：3",<C=FF4040> | <C=R> | <C=FF4040> | <C=R>,MATCH,196,172,APPROVED,READY,NOT_TESTED,JPN_PRIMARY; MLG_CN_CONTEXT_AUXILIARY,mechanical template; resource_class=STAGEDAT_OLANG; source_objects=3; review_flag=JPN_CELL_IDENTITY_PRESERVED; AUX_TORTURE_CHAMBER_SUBSTITUTION_REJECTED
LANG_MISSION_INFO.OLANG,271,483,483;484;483;484;483;484,6,,page15:tag:entity737:key00DF0D73:ref483:ord0;page15:tag:entity145:key004837C0:ref484:ord0;page174:tag:entity737:key00DF0D73:ref483:ord0;page174:tag:entity145:key004837C0:ref484:ord0;page180:tag:entity737:key00DF0D73:ref483:ord0;page180:tag:entity145:key004837C0:ref484:ord0,"採掘場偽装基地の<C=FF4040>独房に囚われた捕虜を救出<C=R>せよ。
　制限時間：03'00""
　必要装備品：<C=FF4040>フルトン回収装置<C=R>
　ターゲット数：3",sbm028/捕虜と一緒にゴールへ　×,"sbm028内容/捕虜(研究員、ムカデ可能、ステルス迷彩開発人員）と一緒にゴールへ

組み込み状況　：　×",,sbm028/与俘虏一起前往终点　×,,MATCH,42,39,APPROVED,READY,NOT_TESTED,JPN_PRIMARY; MLG_CN_CONTEXT_AUXILIARY,mechanical template; resource_class=STAGEDAT_OLANG; source_objects=6; review_flag=DEV_OR_PLACEHOLDER_LABEL_LOCALIZED_CONSERVATIVELY; REVIEW_TERM
LANG_MISSION_INFO.OLANG,272,485,485;485;485,3,,page15:tag:entity511:key00A31B1E:ref485:ord0;page174:tag:entity511:key00A31B1E:ref485:ord0;page180:tag:entity511:key00A31B1E:ref485:ord0,sbm028/捕虜と一緒にゴールへ　×,"sbm028内容/捕虜(研究員、ムカデ可能、ステルス迷彩開発人員）と一緒にゴールへ

組み込み状況　：　×",sbm027/捕虜と一緒にゴールへ　×,,"sbm028内容/与俘虏（研究员、可蜈蚣、隐形迷彩开发人员）一起前往终点

实装状态　：　×",,MATCH,138,119,APPROVED,READY,NOT_TESTED,JPN_PRIMARY; MLG_CN_CONTEXT_AUXILIARY,mechanical template; resource_class=STAGEDAT_OLANG; source_objects=3; review_flag=DEV_OR_PLACEHOLDER_TEXT_LOCALIZED_CONSERVATIVELY; JPN_ムカデ_LITERAL_UNCERTAIN; REVIEW_TERM
LANG_MISSION_INFO.OLANG,273,486,486;487;486;487;486;487,6,,page15:tag:entity732:key00DE0D73:ref486:ord0;page15:tag:entity144:key00483780:ref487:ord0;page174:tag:entity732:key00DE0D73:ref486:ord0;page174:tag:entity144:key00483780:ref487:ord0;page180:tag:entity732:key00DE0D73:ref486:ord0;page180:tag:entity144:key00483780:ref487:ord0,"sbm028内容/捕虜(研究員、ムカデ可能、ステルス迷彩開発人員）と一緒にゴールへ

組み込み状況　：　×",sbm027/捕虜と一緒にゴールへ　×,"sbm027内容/捕虜(研究員、ムカデ可能、新型レーダー開発人員）と一緒にゴールへ、ファンネル

組み込み状況　：　×",,sbm027/与俘虏一起前往终点　×,,MATCH,42,39,APPROVED,READY,NOT_TESTED,JPN_PRIMARY; MLG_CN_CONTEXT_AUXILIARY,mechanical template; resource_class=STAGEDAT_OLANG; source_objects=6; review_flag=DEV_OR_PLACEHOLDER_LABEL_LOCALIZED_CONSERVATIVELY; REVIEW_TERM
LANG_MISSION_INFO.OLANG,274,488,488;488;488,3,,page15:tag:entity508:key00A21B1E:ref488:ord0;page174:tag:entity508:key00A21B1E:ref488:ord0;page180:tag:entity508:key00A21B1E:ref488:ord0,sbm027/捕虜と一緒にゴールへ　×,"sbm027内容/捕虜(研究員、ムカデ可能、新型レーダー開発人員）と一緒にゴールへ、ファンネル

組み込み状況　：　×",【EXTRA OPS：017】フルトン回収,,"sbm027内容/与俘虏（研究员、可蜈蚣、新型雷达开发人员）一起前往终点、Funnel

实装状态　：　×",,MATCH,156,128,APPROVED,READY,NOT_TESTED,JPN_PRIMARY; MLG_CN_CONTEXT_AUXILIARY,mechanical template; resource_class=STAGEDAT_OLANG; source_objects=3; review_flag=DEV_OR_PLACEHOLDER_TEXT_LOCALIZED_CONSERVATIVELY; JPN_ムカデ_AND_FUNNEL_TERMS_REVIEW
LANG_MISSION_INFO.OLANG,275,489,489;490;489;490;489;490,6,,page15:tag:entity727:key00DD0D73:ref489:ord0;page15:tag:entity143:key00483740:ref490:ord0;page174:tag:entity727:key00DD0D73:ref489:ord0;page174:tag:entity143:key00483740:ref490:ord0;page180:tag:entity727:key00DD0D73:ref489:ord0;page180:tag:entity143:key00483740:ref490:ord0,"sbm027内容/捕虜(研究員、ムカデ可能、新型レーダー開発人員）と一緒にゴールへ、ファンネル

組み込み状況　：　×",【EXTRA OPS：017】フルトン回収,"エレディア中央、熱帯雲霧林（クラウド・フォレスト）指定区域に
潜んでいる敵の<C=FF4040>スカウト兵を全員フルトン回収<C=R>せよ。
<C=FF4040>敵兵が一人でも死亡するとミッション失敗<C=R>。
　制限時間：16'00""（敵に見つかってアラートになると-01'00"")
　必要装備品：<C=FF4040>フルトン回収装置<C=R>
　ターゲット数：11",,【EXTRA OPS：017】富尔顿回收,,MATCH,39,36,APPROVED,READY,NOT_TESTED,JPN_PRIMARY; MLG_CN_CONTEXT_AUXILIARY,mechanical template; resource_class=STAGEDAT_OLANG; source_objects=6
LANG_MISSION_INFO.OLANG,276,491,491;491;491,3,,page15:tag:entity505:key00A11B1E:ref491:ord0;page174:tag:entity505:key00A11B1E:ref491:ord0;page180:tag:entity505:key00A11B1E:ref491:ord0,【EXTRA OPS：017】フルトン回収,"エレディア中央、熱帯雲霧林（クラウド・フォレスト）指定区域に
潜んでいる敵の<C=FF4040>スカウト兵を全員フルトン回収<C=R>せよ。
<C=FF4040>敵兵が一人でも死亡するとミッション失敗<C=R>。
　制限時間：16'00""（敵に見つかってアラートになると-01'00"")
　必要装備品：<C=FF4040>フルトン回収装置<C=R>
　ターゲット数：11",sbm025/毒で倒れた捕虜を救出　×,<C=FF4040> | <C=R> | <C=FF4040> | <C=R> | <C=FF4040> | <C=R>,"将潜伏在埃雷迪亚中部热带云雾林（Cloud Forest）指定区域的
敌方<C=FF4040>侦察兵全部富尔顿回收<C=R>。
<C=FF4040>只要有1名敌兵死亡，任务即告失败<C=R>。
　时间限制：16'00""（被敌人发现进入警报状态时-01'00""）
　必要装备品：<C=FF4040>富尔顿回收装置<C=R>
　目标数：11",<C=FF4040> | <C=R> | <C=FF4040> | <C=R> | <C=FF4040> | <C=R>,MATCH,423,348,APPROVED,READY,NOT_TESTED,JPN_PRIMARY; MLG_CN_CONTEXT_AUXILIARY,mechanical template; resource_class=STAGEDAT_OLANG; source_objects=3; review_flag=THREE_COLOR_PAIRS_AND_ALERT_MINUS_01_00_PRESERVED
LANG_MISSION_INFO.OLANG,277,492,492;493;492;493;492;493,6,,page15:tag:entity721:key00DC0D73:ref492:ord0;page15:tag:entity142:key00483700:ref493:ord0;page174:tag:entity721:key00DC0D73:ref492:ord0;page174:tag:entity142:key00483700:ref493:ord0;page180:tag:entity721:key00DC0D73:ref492:ord0;page180:tag:entity142:key00483700:ref493:ord0,"エレディア中央、熱帯雲霧林（クラウド・フォレスト）指定区域に
潜んでいる敵の<C=FF4040>スカウト兵を全員フルトン回収<C=R>せよ。
<C=FF4040>敵兵が一人でも死亡するとミッション失敗<C=R>。
　制限時間：16'00""（敵に見つかってアラートになると-01'00"")
　必要装備品：<C=FF4040>フルトン回収装置<C=R>
　ターゲット数：11",sbm025/毒で倒れた捕虜を救出　×,"sbm025内容/毒で倒れた捕虜を救出（時間制限）

組み込み状況　：　×",,sbm025/营救中毒倒下的俘虏　×,,MATCH,42,39,APPROVED,READY,NOT_TESTED,JPN_PRIMARY; MLG_CN_CONTEXT_AUXILIARY,mechanical template; resource_class=STAGEDAT_OLANG; source_objects=6; review_flag=DEV_OR_PLACEHOLDER_LABEL_LOCALIZED_CONSERVATIVELY; REVIEW_TERM
LANG_MISSION_INFO.OLANG,278,494,494;494;494,3,,page15:tag:entity502:key00A01B1E:ref494:ord0;page174:tag:entity502:key00A01B1E:ref494:ord0;page180:tag:entity502:key00A01B1E:ref494:ord0,sbm025/毒で倒れた捕虜を救出　×,"sbm025内容/毒で倒れた捕虜を救出（時間制限）

組み込み状況　：　×",【EXTRA OPS：015】フルトン回収,,"sbm025内容/营救中毒倒下的俘虏（时间限制）

实装状态　：　×",,MATCH,92,83,APPROVED,READY,NOT_TESTED,JPN_PRIMARY; MLG_CN_CONTEXT_AUXILIARY,mechanical template; resource_class=STAGEDAT_OLANG; source_objects=3; review_flag=DEV_OR_PLACEHOLDER_TEXT_LOCALIZED_CONSERVATIVELY; EMBEDDED_BLANK_LINE_PRESERVED; REVIEW_TERM
LANG_MISSION_INFO.OLANG,279,495,495;496;495;496;495;496,6,,page15:tag:entity715:key00DB0D73:ref495:ord0;page15:tag:entity141:key004836C0:ref496:ord0;page174:tag:entity715:key00DB0D73:ref495:ord0;page174:tag:entity141:key004836C0:ref496:ord0;page180:tag:entity715:key00DB0D73:ref495:ord0;page180:tag:entity141:key004836C0:ref496:ord0,"sbm025内容/毒で倒れた捕虜を救出（時間制限）

組み込み状況　：　×",【EXTRA OPS：015】フルトン回収,"エレディア中央、熱帯雲霧林（クラウド・フォレスト）にいる
<C=FF4040>研究員（ターゲット）を回収<C=R>せよ。
ただし、この研究員は監視を逃れるため<C=FF4040>敵の傭兵に変装している<C=R>。
敵の傭兵に変装した研究員を見つけ出せ。
<C=FF4040>研究員を見失う、または研究員が死亡してしまった時点で
ミッション失敗<C=R>。
<C=FF4040>SINGLE限定<C=R>。
　制限時間：07'00""
　（敵に見つかってアラートになると-00'30""　
　　変装した研究員以外をフルトン回収すると-00'30"")
　必要装備品：<C=FF4040>フルトン回収装置<C=R>
　ターゲット数：1",,【EXTRA OPS：015】富尔顿回收,,MATCH,39,36,APPROVED,READY,NOT_TESTED,JPN_PRIMARY; MLG_CN_CONTEXT_AUXILIARY,mechanical template; resource_class=STAGEDAT_OLANG; source_objects=6
LANG_MISSION_INFO.OLANG,280,497,497;497;497,3,,page15:tag:entity495:key009F1B1E:ref497:ord0;page174:tag:entity495:key009F1B1E:ref497:ord0;page180:tag:entity495:key009F1B1E:ref497:ord0,【EXTRA OPS：015】フルトン回収,"エレディア中央、熱帯雲霧林（クラウド・フォレスト）にいる
<C=FF4040>研究員（ターゲット）を回収<C=R>せよ。
ただし、この研究員は監視を逃れるため<C=FF4040>敵の傭兵に変装している<C=R>。
敵の傭兵に変装した研究員を見つけ出せ。
<C=FF4040>研究員を見失う、または研究員が死亡してしまった時点で
ミッション失敗<C=R>。
<C=FF4040>SINGLE限定<C=R>。
　制限時間：07'00""
　（敵に見つかってアラートになると-00'30""　
　　変装した研究員以外をフルトン回収すると-00'30"")
　必要装備品：<C=FF4040>フルトン回収装置<C=R>
　ターゲット数：1",【EXTRA OPS：没】フルトン回収,<C=FF4040> | <C=R> | <C=FF4040> | <C=R> | <C=FF4040> | <C=R> | <C=FF4040> | <C=R> | <C=FF4040> | <C=R>,"回收埃雷迪亚中部热带云雾林（Cloud Forest）中的
<C=FF4040>研究员（目标）<C=R>。
但该研究员为躲避监视，<C=FF4040>伪装成敌方佣兵<C=R>。
找出伪装成敌方佣兵的研究员。
<C=FF4040>一旦跟丢研究员，或研究员死亡，任务即告失败<C=R>。
<C=FF4040>仅限SINGLE<C=R>。
　时间限制：07'00""
　（被敌人发现进入警报状态时-00'30""　
　　富尔顿回收伪装研究员以外的对象时-00'30""）
　必要装备品：<C=FF4040>富尔顿回收装置<C=R>
　目标数：1",<C=FF4040> | <C=R> | <C=FF4040> | <C=R> | <C=FF4040> | <C=R> | <C=FF4040> | <C=R> | <C=FF4040> | <C=R>,MATCH,708,550,APPROVED,READY,NOT_TESTED,JPN_PRIMARY; MLG_CN_CONTEXT_AUXILIARY,mechanical template; resource_class=STAGEDAT_OLANG; source_objects=3; review_flag=FIVE_COLOR_PAIRS_PRESERVED; BOTH_MINUS_00_30_PENALTIES_PRESERVED
LANG_MISSION_INFO.OLANG,281,500,500;500;500,3,,page15:tag:entity488:key009E1B1E:ref500:ord0;page174:tag:entity488:key009E1B1E:ref500:ord0;page180:tag:entity488:key009E1B1E:ref500:ord0,【EXTRA OPS：没】フルトン回収,"エレディア中央、熱帯雲霧林（クラウド・フォレスト）の指定
区域で戦闘捕虜（Prisoner of war）となっている<C=FF4040>FSLN
(サンディニスタ)兵をフルトン回収<C=R>で救出せよ。
　制限時間：05'00""
　（捕虜が移送されるまで。敵に見つかってアラートになると-01'00"")
　必要装備品：<C=FF4040>フルトン回収装置<C=R>
　ターゲット数：1",【EXTRA OPS：012】フルトン回収,<C=FF4040> | <C=R> | <C=FF4040> | <C=R>,"在埃雷迪亚中部热带云雾林（Cloud Forest）的指定
区域，用富尔顿回收<C=FF4040>营救作为战俘（Prisoner of War）的FSLN
（Sandinista）士兵<C=R>。
　时间限制：05'00""
　（直到俘虏被转移。被敌人发现进入警报状态时-01'00""）
　必要装备品：<C=FF4040>富尔顿回收装置<C=R>
　目标数：1",<C=FF4040> | <C=R> | <C=FF4040> | <C=R>,MATCH,435,355,APPROVED,READY,NOT_TESTED,JPN_PRIMARY; MLG_CN_CONTEXT_AUXILIARY,mechanical template; resource_class=STAGEDAT_OLANG; source_objects=3; review_flag=SHARED_FULTON_TITLE_DEDUP_INDEX_PRESERVED; ALERT_MINUS_01_00_PRESERVED
LANG_MISSION_INFO.OLANG,282,501,501;502;501;502;501;502,6,,page15:tag:entity706:key00D90D73:ref501:ord0;page15:tag:entity139:key00483640:ref502:ord0;page174:tag:entity706:key00D90D73:ref501:ord0;page174:tag:entity139:key00483640:ref502:ord0;page180:tag:entity706:key00D90D73:ref501:ord0;page180:tag:entity139:key00483640:ref502:ord0,"エレディア中央、熱帯雲霧林（クラウド・フォレスト）の指定
区域で戦闘捕虜（Prisoner of war）となっている<C=FF4040>FSLN
(サンディニスタ)兵をフルトン回収<C=R>で救出せよ。
　制限時間：05'00""
　（捕虜が移送されるまで。敵に見つかってアラートになると-01'00"")
　必要装備品：<C=FF4040>フルトン回収装置<C=R>
　ターゲット数：1",【EXTRA OPS：012】フルトン回収,"収容施設（アルデア・ロス・デスピェルトス）に捕らえられた
<C=FF4040>研究員をフルトン回収<C=R>で救出せよ。
<C=FF4040>SINGLE限定<C=R>。
　制限時間：05'00""
　（捕虜が移送されるまで。敵に見つかってアラートになると-00'30"")
　必要装備品：<C=FF4040>フルトン回収装置<C=R>
　ターゲット数：1",,【EXTRA OPS：012】富尔顿回收,,MATCH,39,36,APPROVED,READY,NOT_TESTED,JPN_PRIMARY; MLG_CN_CONTEXT_AUXILIARY,mechanical template; resource_class=STAGEDAT_OLANG; source_objects=6
LANG_MISSION_INFO.OLANG,283,503,503;503;503,3,,page15:tag:entity481:key009D1B1E:ref503:ord0;page174:tag:entity481:key009D1B1E:ref503:ord0;page180:tag:entity481:key009D1B1E:ref503:ord0,【EXTRA OPS：012】フルトン回収,"収容施設（アルデア・ロス・デスピェルトス）に捕らえられた
<C=FF4040>研究員をフルトン回収<C=R>で救出せよ。
<C=FF4040>SINGLE限定<C=R>。
　制限時間：05'00""
　（捕虜が移送されるまで。敵に見つかってアラートになると-00'30"")
　必要装備品：<C=FF4040>フルトン回収装置<C=R>
　ターゲット数：1",【EXTRA OPS：013】フルトン回収,<C=FF4040> | <C=R> | <C=FF4040> | <C=R> | <C=FF4040> | <C=R>,"用富尔顿回收<C=FF4040>营救被关在收容设施（Aldea Los Despiertos）的研究员<C=R>。
<C=FF4040>仅限SINGLE<C=R>。
　时间限制：05'00""
　（直到俘虏被转移。被敌人发现进入警报状态时-00'30""）
　必要装备品：<C=FF4040>富尔顿回收装置<C=R>
　目标数：1",<C=FF4040> | <C=R> | <C=FF4040> | <C=R> | <C=FF4040> | <C=R>,MATCH,384,309,APPROVED,READY,NOT_TESTED,JPN_PRIMARY; MLG_CN_CONTEXT_AUXILIARY,mechanical template; resource_class=STAGEDAT_OLANG; source_objects=3; review_flag=THREE_COLOR_PAIRS_AND_ALERT_MINUS_00_30_PRESERVED
LANG_MISSION_INFO.OLANG,284,504,504;505;504;505;504;505,6,,page15:tag:entity702:key00D80D73:ref504:ord0;page15:tag:entity138:key00483600:ref505:ord0;page174:tag:entity702:key00D80D73:ref504:ord0;page174:tag:entity138:key00483600:ref505:ord0;page180:tag:entity702:key00D80D73:ref504:ord0;page180:tag:entity138:key00483600:ref505:ord0,"収容施設（アルデア・ロス・デスピェルトス）に捕らえられた
<C=FF4040>研究員をフルトン回収<C=R>で救出せよ。
<C=FF4040>SINGLE限定<C=R>。
　制限時間：05'00""
　（捕虜が移送されるまで。敵に見つかってアラートになると-00'30"")
　必要装備品：<C=FF4040>フルトン回収装置<C=R>
　ターゲット数：1",【EXTRA OPS：013】フルトン回収,"バナナ園（バナネル・フルタ・デ・オロ）に捕らえられた
<C=FF4040>研究員をフルトン回収<C=R>で救出せよ。
<C=FF4040>SINGLE限定<C=R>。
　制限時間：07'00""
　（捕虜が移送されるまで。敵に見つかってアラートになると-01'00"")
　必要装備品：<C=FF4040>フルトン回収装置<C=R>
　ターゲット数：1",,【EXTRA OPS：013】富尔顿回收,,MATCH,39,36,APPROVED,READY,NOT_TESTED,JPN_PRIMARY; MLG_CN_CONTEXT_AUXILIARY,mechanical template; resource_class=STAGEDAT_OLANG; source_objects=6
LANG_MISSION_INFO.OLANG,285,506,506;506;506,3,,page15:tag:entity474:key009C1B1E:ref506:ord0;page174:tag:entity474:key009C1B1E:ref506:ord0;page180:tag:entity474:key009C1B1E:ref506:ord0,【EXTRA OPS：013】フルトン回収,"バナナ園（バナネル・フルタ・デ・オロ）に捕らえられた
<C=FF4040>研究員をフルトン回収<C=R>で救出せよ。
<C=FF4040>SINGLE限定<C=R>。
　制限時間：07'00""
　（捕虜が移送されるまで。敵に見つかってアラートになると-01'00"")
　必要装備品：<C=FF4040>フルトン回収装置<C=R>
　ターゲット数：1",【EXTRA OPS：016】フルトン回収,<C=FF4040> | <C=R> | <C=FF4040> | <C=R> | <C=FF4040> | <C=R>,"用富尔顿回收<C=FF4040>营救被关在香蕉园（黄金果实香蕉园）的研究员<C=R>。
<C=FF4040>仅限SINGLE<C=R>。
　时间限制：07'00""
　（直到俘虏被转移。被敌人发现进入警报状态时-01'00""）
　必要装备品：<C=FF4040>富尔顿回收装置<C=R>
　目标数：1",<C=FF4040> | <C=R> | <C=FF4040> | <C=R> | <C=FF4040> | <C=R>,MATCH,378,307,APPROVED,READY,NOT_TESTED,JPN_PRIMARY; MLG_CN_CONTEXT_AUXILIARY,mechanical template; resource_class=STAGEDAT_OLANG; source_objects=3; review_flag=THREE_COLOR_PAIRS_AND_ALERT_MINUS_01_00_PRESERVED
LANG_MISSION_INFO.OLANG,286,507,507;508;507;508;507;508,6,,page15:tag:entity688:key00D70D73:ref507:ord0;page15:tag:entity137:key004835C0:ref508:ord0;page174:tag:entity688:key00D70D73:ref507:ord0;page174:tag:entity137:key004835C0:ref508:ord0;page180:tag:entity688:key00D70D73:ref507:ord0;page180:tag:entity137:key004835C0:ref508:ord0,"バナナ園（バナネル・フルタ・デ・オロ）に捕らえられた
<C=FF4040>研究員をフルトン回収<C=R>で救出せよ。
<C=FF4040>SINGLE限定<C=R>。
　制限時間：07'00""
　（捕虜が移送されるまで。敵に見つかってアラートになると-01'00"")
　必要装備品：<C=FF4040>フルトン回収装置<C=R>
　ターゲット数：1",【EXTRA OPS：016】フルトン回収,"コーヒー園（カフェタル・アロマ・エンカンタド）周辺区域で
捕虜となっている<C=FF4040>研究員をフルトン回収<C=R>で救出せよ。
　制限時間：13'00""
（捕虜が移送されるまで。敵に見つかってアラートになると-01'00"")
　必要装備品：<C=FF4040>フルトン回収装置<C=R>
　ターゲット数：1",,【EXTRA OPS：016】富尔顿回收,,MATCH,39,36,APPROVED,READY,NOT_TESTED,JPN_PRIMARY; MLG_CN_CONTEXT_AUXILIARY,mechanical template; resource_class=STAGEDAT_OLANG; source_objects=6
LANG_MISSION_INFO.OLANG,287,509,509;509;509,3,,page15:tag:entity467:key009B1B1E:ref509:ord0;page174:tag:entity467:key009B1B1E:ref509:ord0;page180:tag:entity467:key009B1B1E:ref509:ord0,【EXTRA OPS：016】フルトン回収,"コーヒー園（カフェタル・アロマ・エンカンタド）周辺区域で
捕虜となっている<C=FF4040>研究員をフルトン回収<C=R>で救出せよ。
　制限時間：13'00""
（捕虜が移送されるまで。敵に見つかってアラートになると-01'00"")
　必要装備品：<C=FF4040>フルトン回収装置<C=R>
　ターゲット数：1",【EXTRA OPS：014】フルトン回収,<C=FF4040> | <C=R> | <C=FF4040> | <C=R>,"用富尔顿回收<C=FF4040>营救在咖啡园（Cafetal Aroma Encantado）周边区域
成为俘虏的研究员<C=R>。
　时间限制：13'00""
（直到俘虏被转移。被敌人发现进入警报状态时-01'00""）
　必要装备品：<C=FF4040>富尔顿回收装置<C=R>
　目标数：1",<C=FF4040> | <C=R> | <C=FF4040> | <C=R>,MATCH,374,294,APPROVED,READY,NOT_TESTED,JPN_PRIMARY; MLG_CN_CONTEXT_AUXILIARY,mechanical template; resource_class=STAGEDAT_OLANG; source_objects=3; review_flag=TWO_COLOR_PAIRS_AND_ALERT_MINUS_01_00_PRESERVED
LANG_MISSION_INFO.OLANG,288,510,510;511;510;511;510;511,6,,page15:tag:entity620:key00C00D73:ref510:ord0;page15:tag:entity136:key00483000:ref511:ord0;page174:tag:entity620:key00C00D73:ref510:ord0;page174:tag:entity136:key00483000:ref511:ord0;page180:tag:entity620:key00C00D73:ref510:ord0;page180:tag:entity136:key00483000:ref511:ord0,"コーヒー園（カフェタル・アロマ・エンカンタド）周辺区域で
捕虜となっている<C=FF4040>研究員をフルトン回収<C=R>で救出せよ。
　制限時間：13'00""
（捕虜が移送されるまで。敵に見つかってアラートになると-01'00"")
　必要装備品：<C=FF4040>フルトン回収装置<C=R>
　ターゲット数：1",【EXTRA OPS：014】フルトン回収,"イラス山、ロス・カントスにある吊り橋の先で戦闘捕虜
（Prisoner of War）となっている<C=FF4040>FSLN(サンディニスタ)兵を
フルトン回収<C=R>で救出せよ。
　制限時間：15'00""
　（捕虜が移送されるまで。敵に見つかってアラートになると-01'00"")
　必要装備品：<C=FF4040>フルトン回収装置<C=R>
　ターゲット数：1",,【EXTRA OPS：014】富尔顿回收,,MATCH,39,36,APPROVED,READY,NOT_TESTED,JPN_PRIMARY; MLG_CN_CONTEXT_AUXILIARY,mechanical template; resource_class=STAGEDAT_OLANG; source_objects=6
LANG_MISSION_INFO.OLANG,289,512,512;512;512,3,,page15:tag:entity429:key00841B1E:ref512:ord0;page174:tag:entity429:key00841B1E:ref512:ord0;page180:tag:entity429:key00841B1E:ref512:ord0,【EXTRA OPS：014】フルトン回収,"イラス山、ロス・カントスにある吊り橋の先で戦闘捕虜
（Prisoner of War）となっている<C=FF4040>FSLN(サンディニスタ)兵を
フルトン回収<C=R>で救出せよ。
　制限時間：15'00""
　（捕虜が移送されるまで。敵に見つかってアラートになると-01'00"")
　必要装備品：<C=FF4040>フルトン回収装置<C=R>
　ターゲット数：1",【EXTRA OPS：011】フルトン回収,<C=FF4040> | <C=R> | <C=FF4040> | <C=R>,"用富尔顿回收营救在伊拉苏山、Los Cantos吊桥前方成为战俘
（Prisoner of War）的<C=FF4040>FSLN（Sandinista）士兵
<C=R>。
　时间限制：15'00""
　（直到俘虏被转移。被敌人发现进入警报状态时-01'00""）
　必要装备品：<C=FF4040>富尔顿回收装置<C=R>
　目标数：1",<C=FF4040> | <C=R> | <C=FF4040> | <C=R>,MATCH,405,323,APPROVED,READY,NOT_TESTED,JPN_PRIMARY; MLG_CN_CONTEXT_AUXILIARY,mechanical template; resource_class=STAGEDAT_OLANG; source_objects=3; review_flag=TWO_COLOR_PAIRS_AND_ALERT_MINUS_01_00_PRESERVED
LANG_MISSION_INFO.OLANG,290,513,513;514;513;514;513;514,6,,page15:tag:entity614:key00BF0D73:ref513:ord0;page15:tag:entity135:key00482FC0:ref514:ord0;page174:tag:entity614:key00BF0D73:ref513:ord0;page174:tag:entity135:key00482FC0:ref514:ord0;page180:tag:entity614:key00BF0D73:ref513:ord0;page180:tag:entity135:key00482FC0:ref514:ord0,"イラス山、ロス・カントスにある吊り橋の先で戦闘捕虜
（Prisoner of War）となっている<C=FF4040>FSLN(サンディニスタ)兵を
フルトン回収<C=R>で救出せよ。
　制限時間：15'00""
　（捕虜が移送されるまで。敵に見つかってアラートになると-01'00"")
　必要装備品：<C=FF4040>フルトン回収装置<C=R>
　ターゲット数：1",【EXTRA OPS：011】フルトン回収,"川沿いの敵拠点（リオ・デル・ハーデ）にいる敵兵を、
<C=FF4040>全員フルトン回収せよ<C=R>。
<C=FF4040>敵兵が一人でも死亡するとミッション失敗<C=R>。
　制限時間：06'00""(敵に見つかってアラートになると-01'00"")
　必要装備品：<C=FF4040>フルトン回収装置<C=R>
　ターゲット数：4",,【EXTRA OPS：011】富尔顿回收,,MATCH,39,36,APPROVED,READY,NOT_TESTED,JPN_PRIMARY; MLG_CN_CONTEXT_AUXILIARY,mechanical template; resource_class=STAGEDAT_OLANG; source_objects=6
LANG_MISSION_INFO.OLANG,291,515,515;515;515,3,,page15:tag:entity425:key00831B1E:ref515:ord0;page174:tag:entity425:key00831B1E:ref515:ord0;page180:tag:entity425:key00831B1E:ref515:ord0,【EXTRA OPS：011】フルトン回収,"川沿いの敵拠点（リオ・デル・ハーデ）にいる敵兵を、
<C=FF4040>全員フルトン回収せよ<C=R>。
<C=FF4040>敵兵が一人でも死亡するとミッション失敗<C=R>。
　制限時間：06'00""(敵に見つかってアラートになると-01'00"")
　必要装備品：<C=FF4040>フルトン回収装置<C=R>
　ターゲット数：4",【EXTRA OPS：010】フルトン回収,<C=FF4040> | <C=R> | <C=FF4040> | <C=R> | <C=FF4040> | <C=R>,"将沿河敌方据点（Rio del Jade）的敌兵
<C=FF4040>全部富尔顿回收<C=R>。
<C=FF4040>只要有1名敌兵死亡，任务即告失败<C=R>。
　时间限制：06'00""（被敌人发现进入警报状态时-01'00""）
　必要装备品：<C=FF4040>富尔顿回收装置<C=R>
　目标数：4",<C=FF4040> | <C=R> | <C=FF4040> | <C=R> | <C=FF4040> | <C=R>,MATCH,366,302,APPROVED,READY,NOT_TESTED,JPN_PRIMARY; MLG_CN_CONTEXT_AUXILIARY,mechanical template; resource_class=STAGEDAT_OLANG; source_objects=3; review_flag=THREE_COLOR_PAIRS_AND_ALERT_MINUS_01_00_PRESERVED
LANG_MISSION_INFO.OLANG,292,516,516;517;516;517;516;517,6,,page15:tag:entity608:key00BE0D73:ref516:ord0;page15:tag:entity134:key00482F80:ref517:ord0;page174:tag:entity608:key00BE0D73:ref516:ord0;page174:tag:entity134:key00482F80:ref517:ord0;page180:tag:entity608:key00BE0D73:ref516:ord0;page180:tag:entity134:key00482F80:ref517:ord0,"川沿いの敵拠点（リオ・デル・ハーデ）にいる敵兵を、
<C=FF4040>全員フルトン回収せよ<C=R>。
<C=FF4040>敵兵が一人でも死亡するとミッション失敗<C=R>。
　制限時間：06'00""(敵に見つかってアラートになると-01'00"")
　必要装備品：<C=FF4040>フルトン回収装置<C=R>
　ターゲット数：4",【EXTRA OPS：010】フルトン回収,"沿岸資材搬入基地（プエルト・デル・アルバ）で、スネークが
気絶させた<C=FF4040>通信兵をフルトン回収<C=R>せよ。
なお、<C=FF4040>通信兵を殺すとミッションは失敗<C=R>となる。
<C=FF4040>MSF兵限定<C=R>。
<C=FF4040>SINGLE限定<C=R>。
　制限時間：03'00""
　（兵士が目覚めるまで。敵に見つかってアラートになると-00'30""）
　必要装備品：<C=FF4040>フルトン回収装置<C=R>
　ターゲット数：1",,【EXTRA OPS：010】富尔顿回收,,MATCH,39,36,APPROVED,READY,NOT_TESTED,JPN_PRIMARY; MLG_CN_CONTEXT_AUXILIARY,mechanical template; resource_class=STAGEDAT_OLANG; source_objects=6
LANG_MISSION_INFO.OLANG,293,518,518;518;518,3,,page15:tag:entity421:key00821B1E:ref518:ord0;page174:tag:entity421:key00821B1E:ref518:ord0;page180:tag:entity421:key00821B1E:ref518:ord0,【EXTRA OPS：010】フルトン回収,"沿岸資材搬入基地（プエルト・デル・アルバ）で、スネークが
気絶させた<C=FF4040>通信兵をフルトン回収<C=R>せよ。
なお、<C=FF4040>通信兵を殺すとミッションは失敗<C=R>となる。
<C=FF4040>MSF兵限定<C=R>。
<C=FF4040>SINGLE限定<C=R>。
　制限時間：03'00""
　（兵士が目覚めるまで。敵に見つかってアラートになると-00'30""）
　必要装備品：<C=FF4040>フルトン回収装置<C=R>
　ターゲット数：1",【EXTRA OPS：没】亡者の遺産,<C=FF4040> | <C=R> | <C=FF4040> | <C=R> | <C=FF4040> | <C=R> | <C=FF4040> | <C=R> | <C=FF4040> | <C=R>,"在沿岸物资搬入基地（Puerto del Alba），将Snake
击晕的<C=FF4040>通信兵富尔顿回收<C=R>。
此外，<C=FF4040>杀死通信兵则任务失败<C=R>。
<C=FF4040>仅限MSF士兵<C=R>。
<C=FF4040>仅限SINGLE<C=R>。
　时间限制：03'00""
　（直到士兵醒来。被敌人发现进入警报状态时-00'30""）
　必要装备品：<C=FF4040>富尔顿回收装置<C=R>
　目标数：1",<C=FF4040> | <C=R> | <C=FF4040> | <C=R> | <C=FF4040> | <C=R> | <C=FF4040> | <C=R> | <C=FF4040> | <C=R>,MATCH,502,408,APPROVED,READY,NOT_TESTED,JPN_PRIMARY; MLG_CN_CONTEXT_AUXILIARY,mechanical template; resource_class=STAGEDAT_OLANG; source_objects=3; review_flag=FIVE_COLOR_PAIRS_AND_WAKEUP_LIMIT_ALERT_MINUS_00_30_PRESERVED
LANG_MISSION_INFO.OLANG,294,519,519;520;519;520;519;520,6,,page15:tag:entity602:key00BD0D73:ref519:ord0;page15:tag:entity133:key00482F40:ref520:ord0;page174:tag:entity602:key00BD0D73:ref519:ord0;page174:tag:entity133:key00482F40:ref520:ord0;page180:tag:entity602:key00BD0D73:ref519:ord0;page180:tag:entity133:key00482F40:ref520:ord0,"沿岸資材搬入基地（プエルト・デル・アルバ）で、スネークが
気絶させた<C=FF4040>通信兵をフルトン回収<C=R>せよ。
なお、<C=FF4040>通信兵を殺すとミッションは失敗<C=R>となる。
<C=FF4040>MSF兵限定<C=R>。
<C=FF4040>SINGLE限定<C=R>。
　制限時間：03'00""
　（兵士が目覚めるまで。敵に見つかってアラートになると-00'30""）
　必要装備品：<C=FF4040>フルトン回収装置<C=R>
　ターゲット数：1",【EXTRA OPS：没】亡者の遺産,"エレディア中央、熱帯雲霧林（クラウド・フォレスト）の遺跡
（リュイナス・デ・ショチケツァル）区域の<C=FF4040>アイテムを回収<C=R>せよ。
<C=FF4040>幽霊（ゴースト）に注意<C=R>。
あらゆる<C=FF4040>LIFE回復系アイテムの使用を禁止<C=R>する。
　制限時間：03'00""(敵に見つかってアラートになると-00'30"")
　ターゲット数：3",,【EXTRA OPS：没】亡者的遗产,,MATCH,36,36,APPROVED,READY,NOT_TESTED,JPN_PRIMARY; MLG_CN_CONTEXT_AUXILIARY,mechanical template; resource_class=STAGEDAT_OLANG; source_objects=6; review_flag=SOURCE_没_MARKER_PRESERVED
LANG_MISSION_INFO.OLANG,295,521,521;521;521,3,,page15:tag:entity417:key00811B1E:ref521:ord0;page174:tag:entity417:key00811B1E:ref521:ord0;page180:tag:entity417:key00811B1E:ref521:ord0,【EXTRA OPS：没】亡者の遺産,"エレディア中央、熱帯雲霧林（クラウド・フォレスト）の遺跡
（リュイナス・デ・ショチケツァル）区域の<C=FF4040>アイテムを回収<C=R>せよ。
<C=FF4040>幽霊（ゴースト）に注意<C=R>。
あらゆる<C=FF4040>LIFE回復系アイテムの使用を禁止<C=R>する。
　制限時間：03'00""(敵に見つかってアラートになると-00'30"")
　ターゲット数：3",【EXTRA OPS：033】クレイモア解除,<C=FF4040> | <C=R> | <C=FF4040> | <C=R> | <C=FF4040> | <C=R>,"回收埃雷迪亚中部热带云雾林（Cloud Forest）遗迹
（Ruinas de Xochiquetzal）区域的<C=FF4040>道具<C=R>。
<C=FF4040>小心幽灵（Ghost）<C=R>。
禁止使用所有<C=FF4040>LIFE恢复类道具<C=R>。
　时间限制：03'00""（被敌人发现进入警报状态时-00'30""）
　目标数：3",<C=FF4040> | <C=R> | <C=FF4040> | <C=R> | <C=FF4040> | <C=R>,MATCH,427,314,APPROVED,READY,NOT_TESTED,JPN_PRIMARY; MLG_CN_CONTEXT_AUXILIARY,mechanical template; resource_class=STAGEDAT_OLANG; source_objects=3; review_flag=THREE_COLOR_PAIRS_AND_ALERT_MINUS_00_30_PRESERVED
LANG_MISSION_INFO.OLANG,296,522,522;523;522;523;522;523,6,,page15:tag:entity595:key00BC0D73:ref522:ord0;page15:tag:entity132:key00482F00:ref523:ord0;page174:tag:entity595:key00BC0D73:ref522:ord0;page174:tag:entity132:key00482F00:ref523:ord0;page180:tag:entity595:key00BC0D73:ref522:ord0;page180:tag:entity132:key00482F00:ref523:ord0,"エレディア中央、熱帯雲霧林（クラウド・フォレスト）の遺跡
（リュイナス・デ・ショチケツァル）区域の<C=FF4040>アイテムを回収<C=R>せよ。
<C=FF4040>幽霊（ゴースト）に注意<C=R>。
あらゆる<C=FF4040>LIFE回復系アイテムの使用を禁止<C=R>する。
　制限時間：03'00""(敵に見つかってアラートになると-00'30"")
　ターゲット数：3",【EXTRA OPS：033】クレイモア解除,"川沿いの敵拠点（リオ・デル・ハーデ）にある<C=FF4040>全てのトラップを
解除<C=R>せよ。
<C=FF4040>トラップに掛かるとミッション失敗<C=R>。
<C=FF4040>SINGLE限定<C=R>。
　制限時間：04'00""（トラップ解除ごとに+00'10""）
　ターゲット数：8",,【EXTRA OPS：033】Claymore解除,,MATCH,42,35,APPROVED,READY,NOT_TESTED,JPN_PRIMARY; MLG_CN_CONTEXT_AUXILIARY,mechanical template; resource_class=STAGEDAT_OLANG; source_objects=6
LANG_MISSION_INFO.OLANG,297,524,524;524;524,3,,page15:tag:entity413:key00801B1E:ref524:ord0;page174:tag:entity413:key00801B1E:ref524:ord0;page180:tag:entity413:key00801B1E:ref524:ord0,【EXTRA OPS：033】クレイモア解除,"川沿いの敵拠点（リオ・デル・ハーデ）にある<C=FF4040>全てのトラップを
解除<C=R>せよ。
<C=FF4040>トラップに掛かるとミッション失敗<C=R>。
<C=FF4040>SINGLE限定<C=R>。
　制限時間：04'00""（トラップ解除ごとに+00'10""）
　ターゲット数：8",【EXTRA OPS：034】クレイモア解除,<C=FF4040> | <C=R> | <C=FF4040> | <C=R> | <C=FF4040> | <C=R>,"解除沿河敌方据点（Rio del Jade）的<C=FF4040>所有陷阱
<C=R>。
<C=FF4040>触发陷阱则任务失败<C=R>。
<C=FF4040>仅限SINGLE<C=R>。
　时间限制：04'00""（每解除1个陷阱+00'10""）
　目标数：8",<C=FF4040> | <C=R> | <C=FF4040> | <C=R> | <C=FF4040> | <C=R>,MATCH,307,227,APPROVED,READY,NOT_TESTED,JPN_PRIMARY; MLG_CN_CONTEXT_AUXILIARY,mechanical template; resource_class=STAGEDAT_OLANG; source_objects=3; review_flag=THREE_COLOR_PAIRS_AND_TIME_BONUS_PLUS_00_10_PRESERVED
LANG_MISSION_INFO.OLANG,298,525,525;526;525;526;525;526,6,,page15:tag:entity588:key00BB0D73:ref525:ord0;page15:tag:entity131:key00482EC0:ref526:ord0;page174:tag:entity588:key00BB0D73:ref525:ord0;page174:tag:entity131:key00482EC0:ref526:ord0;page180:tag:entity588:key00BB0D73:ref525:ord0;page180:tag:entity131:key00482EC0:ref526:ord0,"川沿いの敵拠点（リオ・デル・ハーデ）にある<C=FF4040>全てのトラップを
解除<C=R>せよ。
<C=FF4040>トラップに掛かるとミッション失敗<C=R>。
<C=FF4040>SINGLE限定<C=R>。
　制限時間：04'00""（トラップ解除ごとに+00'10""）
　ターゲット数：8",【EXTRA OPS：034】クレイモア解除,"エレディア中央、熱帯雲霧林（クラウド・フォレスト）にある
<C=FF4040>全てのトラップを解除<C=R>せよ。
<C=FF4040>トラップに掛かるとミッション失敗<C=R>。
<C=FF4040>SINGLE限定<C=R>。
　制限時間：05'00""（解除により+00'10""）
　ターゲット数：8",,【EXTRA OPS：034】Claymore解除,,MATCH,42,35,APPROVED,READY,NOT_TESTED,JPN_PRIMARY; MLG_CN_CONTEXT_AUXILIARY,mechanical template; resource_class=STAGEDAT_OLANG; source_objects=6
LANG_MISSION_INFO.OLANG,299,527,527;527;527,3,,page15:tag:entity408:key007F1B1E:ref527:ord0;page174:tag:entity408:key007F1B1E:ref527:ord0;page180:tag:entity408:key007F1B1E:ref527:ord0,【EXTRA OPS：034】クレイモア解除,"エレディア中央、熱帯雲霧林（クラウド・フォレスト）にある
<C=FF4040>全てのトラップを解除<C=R>せよ。
<C=FF4040>トラップに掛かるとミッション失敗<C=R>。
<C=FF4040>SINGLE限定<C=R>。
　制限時間：05'00""（解除により+00'10""）
　ターゲット数：8",【EXTRA OPS：061】亡者の遺産,<C=FF4040> | <C=R> | <C=FF4040> | <C=R> | <C=FF4040> | <C=R>,"解除埃雷迪亚中部热带云雾林（Cloud Forest）的
<C=FF4040>所有陷阱<C=R>。
<C=FF4040>触发陷阱则任务失败<C=R>。
<C=FF4040>仅限SINGLE<C=R>。
　时间限制：05'00""（每解除1个陷阱+00'10""）
　目标数：8",<C=FF4040> | <C=R> | <C=FF4040> | <C=R> | <C=FF4040> | <C=R>,MATCH,316,242,APPROVED,READY,NOT_TESTED,JPN_PRIMARY; MLG_CN_CONTEXT_AUXILIARY,mechanical template; resource_class=STAGEDAT_OLANG; source_objects=3; review_flag=THREE_COLOR_PAIRS_AND_TIME_BONUS_PLUS_00_10_PRESERVED
LANG_MISSION_INFO.OLANG,300,528,528;529;528;529;528;529,6,,page15:tag:entity582:key00BA0D73:ref528:ord0;page15:tag:entity130:key00482E80:ref529:ord0;page174:tag:entity582:key00BA0D73:ref528:ord0;page174:tag:entity130:key00482E80:ref529:ord0;page180:tag:entity582:key00BA0D73:ref528:ord0;page180:tag:entity130:key00482E80:ref529:ord0,"エレディア中央、熱帯雲霧林（クラウド・フォレスト）にある
<C=FF4040>全てのトラップを解除<C=R>せよ。
<C=FF4040>トラップに掛かるとミッション失敗<C=R>。
<C=FF4040>SINGLE限定<C=R>。
　制限時間：05'00""（解除により+00'10""）
　ターゲット数：8",【EXTRA OPS：061】亡者の遺産,"採掘場居住区の<C=FF4040>アイテム（ターゲット）を回収<C=R>せよ。
<C=FF4040>幽霊（ゴースト）に注意<C=R>。
あらゆる<C=FF4040>LIFE回復系アイテム・武器の使用を禁止<C=R>する。
　制限時間：12'00""(敵に見つかってアラートになると-01'00"")
　ターゲット数：4",,【EXTRA OPS：061】亡者的遗产,,MATCH,36,36,APPROVED,READY,NOT_TESTED,JPN_PRIMARY; MLG_CN_CONTEXT_AUXILIARY,mechanical template; resource_class=STAGEDAT_OLANG; source_objects=6
LANG_MISSION_INFO.OLANG,301,530,530;530;530,3,,page15:tag:entity403:key007E1B1E:ref530:ord0;page174:tag:entity403:key007E1B1E:ref530:ord0;page180:tag:entity403:key007E1B1E:ref530:ord0,【EXTRA OPS：061】亡者の遺産,"採掘場居住区の<C=FF4040>アイテム（ターゲット）を回収<C=R>せよ。
<C=FF4040>幽霊（ゴースト）に注意<C=R>。
あらゆる<C=FF4040>LIFE回復系アイテム・武器の使用を禁止<C=R>する。
　制限時間：12'00""(敵に見つかってアラートになると-01'00"")
　ターゲット数：4",【EXTRA OPS：060】亡者の遺産,<C=FF4040> | <C=R> | <C=FF4040> | <C=R> | <C=FF4040> | <C=R>,"回收采掘场居住区的<C=FF4040>道具（目标）<C=R>。
<C=FF4040>小心幽灵（Ghost）<C=R>。
禁止使用所有<C=FF4040>LIFE恢复类道具・武器<C=R>。
　时间限制：12'00""（被敌人发现进入警报状态时-01'00""）
　目标数：4",<C=FF4040> | <C=R> | <C=FF4040> | <C=R> | <C=FF4040> | <C=R>,MATCH,333,261,APPROVED,READY,NOT_TESTED,JPN_PRIMARY; MLG_CN_CONTEXT_AUXILIARY,mechanical template; resource_class=STAGEDAT_OLANG; source_objects=3; review_flag=THREE_COLOR_PAIRS_PRESERVED; JPN_LIFE_ITEMS_AND_WEAPONS_BAN_PRESERVED
LANG_MISSION_INFO.OLANG,302,531,531;532;531;532;531;532,6,,page15:tag:entity577:key00B90D73:ref531:ord0;page15:tag:entity129:key00482E40:ref532:ord0;page174:tag:entity577:key00B90D73:ref531:ord0;page174:tag:entity129:key00482E40:ref532:ord0;page180:tag:entity577:key00B90D73:ref531:ord0;page180:tag:entity129:key00482E40:ref532:ord0,"採掘場居住区の<C=FF4040>アイテム（ターゲット）を回収<C=R>せよ。
<C=FF4040>幽霊（ゴースト）に注意<C=R>。
あらゆる<C=FF4040>LIFE回復系アイテム・武器の使用を禁止<C=R>する。
　制限時間：12'00""(敵に見つかってアラートになると-01'00"")
　ターゲット数：4",【EXTRA OPS：060】亡者の遺産,"エレディア中央、熱帯雲霧林（クラウド・フォレスト）の指定区域
にある<C=FF4040>アイテム（ターゲット）を回収<C=R>せよ。
<C=FF4040>幽霊（ゴースト）に注意<C=R>。
あらゆる<C=FF4040>LIFE回復系アイテム・武器の使用を禁止<C=R>する。
　制限時間：12'00""(敵に見つかってアラートになると-01'00"")
　ターゲット数：5",,【EXTRA OPS：060】亡者的遗产,,MATCH,36,36,APPROVED,READY,NOT_TESTED,JPN_PRIMARY; MLG_CN_CONTEXT_AUXILIARY,mechanical template; resource_class=STAGEDAT_OLANG; source_objects=6
LANG_MISSION_INFO.OLANG,303,533,533;533;533,3,,page15:tag:entity398:key007D1B1E:ref533:ord0;page174:tag:entity398:key007D1B1E:ref533:ord0;page180:tag:entity398:key007D1B1E:ref533:ord0,【EXTRA OPS：060】亡者の遺産,"エレディア中央、熱帯雲霧林（クラウド・フォレスト）の指定区域
にある<C=FF4040>アイテム（ターゲット）を回収<C=R>せよ。
<C=FF4040>幽霊（ゴースト）に注意<C=R>。
あらゆる<C=FF4040>LIFE回復系アイテム・武器の使用を禁止<C=R>する。
　制限時間：12'00""(敵に見つかってアラートになると-01'00"")
　ターゲット数：5",【EXTRA OPS：062】亡者の遺産,<C=FF4040> | <C=R> | <C=FF4040> | <C=R> | <C=FF4040> | <C=R>,"回收埃雷迪亚中部热带云雾林（Cloud Forest）指定区域
内的<C=FF4040>道具（目标）<C=R>。
<C=FF4040>小心幽灵（Ghost）<C=R>。
禁止使用所有<C=FF4040>LIFE恢复类道具・武器<C=R>。
　时间限制：12'00""（被敌人发现进入警报状态时-01'00""）
　目标数：5",<C=FF4040> | <C=R> | <C=FF4040> | <C=R> | <C=FF4040> | <C=R>,MATCH,412,310,APPROVED,READY,NOT_TESTED,JPN_PRIMARY; MLG_CN_CONTEXT_AUXILIARY,mechanical template; resource_class=STAGEDAT_OLANG; source_objects=3; review_flag=THREE_COLOR_PAIRS_AND_ALERT_MINUS_01_00_PRESERVED
LANG_MISSION_INFO.OLANG,304,534,534;535;534;535;534;535,6,,page15:tag:entity572:key00B80D73:ref534:ord0;page15:tag:entity128:key00482E00:ref535:ord0;page174:tag:entity572:key00B80D73:ref534:ord0;page174:tag:entity128:key00482E00:ref535:ord0;page180:tag:entity572:key00B80D73:ref534:ord0;page180:tag:entity128:key00482E00:ref535:ord0,"エレディア中央、熱帯雲霧林（クラウド・フォレスト）の指定区域
にある<C=FF4040>アイテム（ターゲット）を回収<C=R>せよ。
<C=FF4040>幽霊（ゴースト）に注意<C=R>。
あらゆる<C=FF4040>LIFE回復系アイテム・武器の使用を禁止<C=R>する。
　制限時間：12'00""(敵に見つかってアラートになると-01'00"")
　ターゲット数：5",【EXTRA OPS：062】亡者の遺産,"コーヒー園（カフェタル・アロマ・エンカンタド）周辺区域の
<C=FF4040>アイテム（ターゲット）を回収<C=R>せよ。<C=FF4040>幽霊（ゴースト）に注意<C=R>。
あらゆる<C=FF4040>LIFE回復系アイテム・武器の使用を禁止<C=R>する。
　制限時間：14'00""(敵に見つかってアラートになると-01'00"")
　ターゲット数：6",,【EXTRA OPS：062】亡者的遗产,,MATCH,36,36,APPROVED,READY,NOT_TESTED,JPN_PRIMARY; MLG_CN_CONTEXT_AUXILIARY,mechanical template; resource_class=STAGEDAT_OLANG; source_objects=6
LANG_MISSION_INFO.OLANG,305,536,536;536;536,3,,page15:tag:entity393:key007C1B1E:ref536:ord0;page174:tag:entity393:key007C1B1E:ref536:ord0;page180:tag:entity393:key007C1B1E:ref536:ord0,【EXTRA OPS：062】亡者の遺産,"コーヒー園（カフェタル・アロマ・エンカンタド）周辺区域の
<C=FF4040>アイテム（ターゲット）を回収<C=R>せよ。<C=FF4040>幽霊（ゴースト）に注意<C=R>。
あらゆる<C=FF4040>LIFE回復系アイテム・武器の使用を禁止<C=R>する。
　制限時間：14'00""(敵に見つかってアラートになると-01'00"")
　ターゲット数：6",【EXTRA OPS：031】機密書類回収,<C=FF4040> | <C=R> | <C=FF4040> | <C=R> | <C=FF4040> | <C=R>,"回收咖啡园（Cafetal Aroma Encantado）周边区域的
<C=FF4040>道具（目标）<C=R>。<C=FF4040>小心幽灵（Ghost）<C=R>。
禁止使用所有<C=FF4040>LIFE恢复类道具・武器<C=R>。
　时间限制：14'00""（被敌人发现进入警报状态时-01'00""）
　目标数：6",<C=FF4040> | <C=R> | <C=FF4040> | <C=R> | <C=FF4040> | <C=R>,MATCH,396,293,APPROVED,READY,NOT_TESTED,JPN_PRIMARY; MLG_CN_CONTEXT_AUXILIARY,mechanical template; resource_class=STAGEDAT_OLANG; source_objects=3; review_flag=THREE_COLOR_PAIRS_AND_ALERT_MINUS_01_00_PRESERVED
LANG_MISSION_INFO.OLANG,306,537,537;538;537;538;537;538,6,,page15:tag:entity567:key00B70D73:ref537:ord0;page15:tag:entity127:key00482DC0:ref538:ord0;page174:tag:entity567:key00B70D73:ref537:ord0;page174:tag:entity127:key00482DC0:ref538:ord0;page180:tag:entity567:key00B70D73:ref537:ord0;page180:tag:entity127:key00482DC0:ref538:ord0,"コーヒー園（カフェタル・アロマ・エンカンタド）周辺区域の
<C=FF4040>アイテム（ターゲット）を回収<C=R>せよ。<C=FF4040>幽霊（ゴースト）に注意<C=R>。
あらゆる<C=FF4040>LIFE回復系アイテム・武器の使用を禁止<C=R>する。
　制限時間：14'00""(敵に見つかってアラートになると-01'00"")
　ターゲット数：6",【EXTRA OPS：031】機密書類回収,"採掘場居住区にある<C=FF4040>敵の重要書類（ターゲット）を全て入手<C=R>、
技術情報を入手せよ。
　制限時間：10'00""(敵に見つかってアラートになると-01'00"")
　ターゲット数：5",,【EXTRA OPS：031】机密文件回收,,MATCH,39,39,APPROVED,READY,NOT_TESTED,JPN_PRIMARY; MLG_CN_CONTEXT_AUXILIARY,mechanical template; resource_class=STAGEDAT_OLANG; source_objects=6
LANG_MISSION_INFO.OLANG,307,539,539;539;539,3,,page15:tag:entity388:key007B1B1E:ref539:ord0;page174:tag:entity388:key007B1B1E:ref539:ord0;page180:tag:entity388:key007B1B1E:ref539:ord0,【EXTRA OPS：031】機密書類回収,"採掘場居住区にある<C=FF4040>敵の重要書類（ターゲット）を全て入手<C=R>、
技術情報を入手せよ。
　制限時間：10'00""(敵に見つかってアラートになると-01'00"")
　ターゲット数：5",【EXTRA OPS：030】機密書類回収,<C=FF4040> | <C=R>,"取得采掘场居住区内<C=FF4040>所有敌方重要文件（目标）<C=R>，
获取技术情报。
　时间限制：10'00""（被敌人发现进入警报状态时-01'00""）
　目标数：5",<C=FF4040> | <C=R>,MATCH,235,194,APPROVED,READY,NOT_TESTED,JPN_PRIMARY; MLG_CN_CONTEXT_AUXILIARY,mechanical template; resource_class=STAGEDAT_OLANG; source_objects=3; review_flag=ONE_COLOR_PAIR_AND_ALERT_MINUS_01_00_PRESERVED
LANG_MISSION_INFO.OLANG,308,540,540;541;540;541;540;541,6,,page15:tag:entity498:key00A00D73:ref540:ord0;page15:tag:entity126:key00482800:ref541:ord0;page174:tag:entity498:key00A00D73:ref540:ord0;page174:tag:entity126:key00482800:ref541:ord0;page180:tag:entity498:key00A00D73:ref540:ord0;page180:tag:entity126:key00482800:ref541:ord0,"採掘場居住区にある<C=FF4040>敵の重要書類（ターゲット）を全て入手<C=R>、
技術情報を入手せよ。
　制限時間：10'00""(敵に見つかってアラートになると-01'00"")
　ターゲット数：5",【EXTRA OPS：030】機密書類回収,"バナナ園（バナネル・フルタ・デ・オロ）に隠された<C=FF4040>設計図
（ターゲット）を全て入手<C=R>せよ。
　制限時間：08'00""(敵に見つかってアラートになると-01'00"")
　ターゲット数：5",,【EXTRA OPS：030】机密文件回收,,MATCH,39,39,APPROVED,READY,NOT_TESTED,JPN_PRIMARY; MLG_CN_CONTEXT_AUXILIARY,mechanical template; resource_class=STAGEDAT_OLANG; source_objects=6
LANG_MISSION_INFO.OLANG,309,542,542;542;542,3,,page15:tag:entity367:key00641B1E:ref542:ord0;page174:tag:entity367:key00641B1E:ref542:ord0;page180:tag:entity367:key00641B1E:ref542:ord0,【EXTRA OPS：030】機密書類回収,"バナナ園（バナネル・フルタ・デ・オロ）に隠された<C=FF4040>設計図
（ターゲット）を全て入手<C=R>せよ。
　制限時間：08'00""(敵に見つかってアラートになると-01'00"")
　ターゲット数：5",【EXTRA OPS：032】機密書類回収,<C=FF4040> | <C=R>,"取得隐藏在香蕉园（黄金果实香蕉园）的<C=FF4040>所有设计图
（目标）<C=R>。
　时间限制：08'00""（被敌人发现进入警报状态时-01'00""）
　目标数：5",<C=FF4040> | <C=R>,MATCH,247,191,APPROVED,READY,NOT_TESTED,JPN_PRIMARY; MLG_CN_CONTEXT_AUXILIARY,mechanical template; resource_class=STAGEDAT_OLANG; source_objects=3; review_flag=JPN_BLUEPRINT_IDENTITY_PRESERVED; AUX_TOP_SECRET_DOCUMENT_SUBSTITUTION_REJECTED
LANG_MISSION_INFO.OLANG,310,543,543;544;543;544;543;544,6,,page15:tag:entity491:key009F0D73:ref543:ord0;page15:tag:entity125:key004827C0:ref544:ord0;page174:tag:entity491:key009F0D73:ref543:ord0;page174:tag:entity125:key004827C0:ref544:ord0;page180:tag:entity491:key009F0D73:ref543:ord0;page180:tag:entity125:key004827C0:ref544:ord0,"バナナ園（バナネル・フルタ・デ・オロ）に隠された<C=FF4040>設計図
（ターゲット）を全て入手<C=R>せよ。
　制限時間：08'00""(敵に見つかってアラートになると-01'00"")
　ターゲット数：5",【EXTRA OPS：032】機密書類回収,"コーヒー園（カフェタル・アロマ・エンカンタド）周辺区域にある
<C=FF4040>敵の重要書類（ターゲット）を全て入手<C=R>、技術情報を入手せよ。
　制限時間：15'00""(敵に見つかってアラートになると-01'00"")
　ターゲット数：6",,【EXTRA OPS：032】机密文件回收,,MATCH,39,39,APPROVED,READY,NOT_TESTED,JPN_PRIMARY; MLG_CN_CONTEXT_AUXILIARY,mechanical template; resource_class=STAGEDAT_OLANG; source_objects=6
LANG_MISSION_INFO.OLANG,311,545,545;545;545,3,,page15:tag:entity363:key00631B1E:ref545:ord0;page174:tag:entity363:key00631B1E:ref545:ord0;page180:tag:entity363:key00631B1E:ref545:ord0,【EXTRA OPS：032】機密書類回収,"コーヒー園（カフェタル・アロマ・エンカンタド）周辺区域にある
<C=FF4040>敵の重要書類（ターゲット）を全て入手<C=R>、技術情報を入手せよ。
　制限時間：15'00""(敵に見つかってアラートになると-01'00"")
　ターゲット数：6",【EXTRA OPS：029】アイテム奪取,<C=FF4040> | <C=R>,"取得咖啡园（Cafetal Aroma Encantado）周边区域内
<C=FF4040>所有敌方重要文件（目标）<C=R>，获取技术情报。
　时间限制：15'00""（被敌人发现进入警报状态时-01'00""）
　目标数：6",<C=FF4040> | <C=R>,MATCH,298,226,APPROVED,READY,NOT_TESTED,JPN_PRIMARY; MLG_CN_CONTEXT_AUXILIARY,mechanical template; resource_class=STAGEDAT_OLANG; source_objects=3; review_flag=ONE_COLOR_PAIR_AND_ALERT_MINUS_01_00_PRESERVED
LANG_MISSION_INFO.OLANG,312,546,546;547;546;547;546;547,6,,page15:tag:entity484:key009E0D73:ref546:ord0;page15:tag:entity124:key00482780:ref547:ord0;page174:tag:entity484:key009E0D73:ref546:ord0;page174:tag:entity124:key00482780:ref547:ord0;page180:tag:entity484:key009E0D73:ref546:ord0;page180:tag:entity124:key00482780:ref547:ord0,"コーヒー園（カフェタル・アロマ・エンカンタド）周辺区域にある
<C=FF4040>敵の重要書類（ターゲット）を全て入手<C=R>、技術情報を入手せよ。
　制限時間：15'00""(敵に見つかってアラートになると-01'00"")
　ターゲット数：6",【EXTRA OPS：029】アイテム奪取,"沿岸の資材搬入施設（プエルト・デル・アルバ）周辺区域にある
<C=FF4040>コンテナ（ターゲット）をC4爆弾で破壊、アイテムを全て回収<C=R>せよ。
<C=FF4040>SINGLE限定<C=R>。
　制限時間：05'00""(敵に見つかってアラートになると-00'30"")
　必要武器：<C=FF4040>C4爆弾<C=R>
　ターゲット数：1（コンテナの数）",,【EXTRA OPS：029】道具夺取,,MATCH,39,33,APPROVED,READY,NOT_TESTED,JPN_PRIMARY; MLG_CN_CONTEXT_AUXILIARY,mechanical template; resource_class=STAGEDAT_OLANG; source_objects=6
LANG_MISSION_INFO.OLANG,313,548,548;548;548,3,,page15:tag:entity359:key00621B1E:ref548:ord0;page174:tag:entity359:key00621B1E:ref548:ord0;page180:tag:entity359:key00621B1E:ref548:ord0,【EXTRA OPS：029】アイテム奪取,"沿岸の資材搬入施設（プエルト・デル・アルバ）周辺区域にある
<C=FF4040>コンテナ（ターゲット）をC4爆弾で破壊、アイテムを全て回収<C=R>せよ。
<C=FF4040>SINGLE限定<C=R>。
　制限時間：05'00""(敵に見つかってアラートになると-00'30"")
　必要武器：<C=FF4040>C4爆弾<C=R>
　ターゲット数：1（コンテナの数）",【EXTRA OPS：028】アイテム奪取,<C=FF4040> | <C=R> | <C=FF4040> | <C=R> | <C=FF4040> | <C=R>,"在沿岸物资搬入设施（Puerto del Alba）周边区域，
<C=FF4040>用C4炸弹摧毁集装箱（目标），回收全部道具<C=R>。
<C=FF4040>仅限SINGLE<C=R>。
　时间限制：05'00""（被敌人发现进入警报状态时-00'30""）
　必要武器：<C=FF4040>C4炸弹<C=R>
　目标数：1（集装箱数量）",<C=FF4040> | <C=R> | <C=FF4040> | <C=R> | <C=FF4040> | <C=R>,MATCH,397,326,APPROVED,READY,NOT_TESTED,JPN_PRIMARY; MLG_CN_CONTEXT_AUXILIARY,mechanical template; resource_class=STAGEDAT_OLANG; source_objects=3; review_flag=THREE_COLOR_PAIRS_AND_ALERT_MINUS_00_30_PRESERVED
LANG_MISSION_INFO.OLANG,314,549,549;550;549;550;549;550,6,,page15:tag:entity477:key009D0D73:ref549:ord0;page15:tag:entity123:key00482740:ref550:ord0;page174:tag:entity477:key009D0D73:ref549:ord0;page174:tag:entity123:key00482740:ref550:ord0;page180:tag:entity477:key009D0D73:ref549:ord0;page180:tag:entity123:key00482740:ref550:ord0,"沿岸の資材搬入施設（プエルト・デル・アルバ）周辺区域にある
<C=FF4040>コンテナ（ターゲット）をC4爆弾で破壊、アイテムを全て回収<C=R>せよ。
<C=FF4040>SINGLE限定<C=R>。
　制限時間：05'00""(敵に見つかってアラートになると-00'30"")
　必要武器：<C=FF4040>C4爆弾<C=R>
　ターゲット数：1（コンテナの数）",【EXTRA OPS：028】アイテム奪取,"収容施設（アルデア・ロス・デスピェルトス）の<C=FF4040>コンテナ
（ターゲット）をC4爆弾で破壊、アイテムを全て回収<C=R>せよ。
<C=FF4040>SINGLE限定<C=R>。
　制限時間：05'00""(敵に見つかってアラートになると-00'30"")
　必要武器：<C=FF4040>C4爆弾<C=R>
　ターゲット数：1（コンテナの数）",,【EXTRA OPS：028】道具夺取,,MATCH,39,33,APPROVED,READY,NOT_TESTED,JPN_PRIMARY; MLG_CN_CONTEXT_AUXILIARY,mechanical template; resource_class=STAGEDAT_OLANG; source_objects=6
LANG_MISSION_INFO.OLANG,315,551,551;551;551,3,,page15:tag:entity355:key00611B1E:ref551:ord0;page174:tag:entity355:key00611B1E:ref551:ord0;page180:tag:entity355:key00611B1E:ref551:ord0,【EXTRA OPS：028】アイテム奪取,"収容施設（アルデア・ロス・デスピェルトス）の<C=FF4040>コンテナ
（ターゲット）をC4爆弾で破壊、アイテムを全て回収<C=R>せよ。
<C=FF4040>SINGLE限定<C=R>。
　制限時間：05'00""(敵に見つかってアラートになると-00'30"")
　必要武器：<C=FF4040>C4爆弾<C=R>
　ターゲット数：1（コンテナの数）",【EXTRA OPS：009】ターゲット射撃,<C=FF4040> | <C=R> | <C=FF4040> | <C=R> | <C=FF4040> | <C=R>,"在收容设施（Aldea Los Despiertos），<C=FF4040>用C4炸弹摧毁集装箱
（目标），回收全部道具<C=R>。
<C=FF4040>仅限SINGLE<C=R>。
　时间限制：05'00""（被敌人发现进入警报状态时-00'30""）
　必要武器：<C=FF4040>C4炸弹<C=R>
　目标数：1（集装箱数量）",<C=FF4040> | <C=R> | <C=FF4040> | <C=R> | <C=FF4040> | <C=R>,MATCH,376,307,APPROVED,READY,NOT_TESTED,JPN_PRIMARY; MLG_CN_CONTEXT_AUXILIARY,mechanical template; resource_class=STAGEDAT_OLANG; source_objects=3; review_flag=THREE_COLOR_PAIRS_AND_ALERT_MINUS_00_30_PRESERVED
LANG_MISSION_INFO.OLANG,316,552,552;553;552;553;552;553,6,,page15:tag:entity470:key009C0D73:ref552:ord0;page15:tag:entity122:key00482700:ref553:ord0;page174:tag:entity470:key009C0D73:ref552:ord0;page174:tag:entity122:key00482700:ref553:ord0;page180:tag:entity470:key009C0D73:ref552:ord0;page180:tag:entity122:key00482700:ref553:ord0,"収容施設（アルデア・ロス・デスピェルトス）の<C=FF4040>コンテナ
（ターゲット）をC4爆弾で破壊、アイテムを全て回収<C=R>せよ。
<C=FF4040>SINGLE限定<C=R>。
　制限時間：05'00""(敵に見つかってアラートになると-00'30"")
　必要武器：<C=FF4040>C4爆弾<C=R>
　ターゲット数：1（コンテナの数）",【EXTRA OPS：009】ターゲット射撃,"採掘場居住区にある<C=FF4040>全ての的(ターゲット)を撃て<C=R>。
<C=FF4040>SINGLE限定<C=R>。
　制限時間：00'30""（的射撃時に+00'03""～+00'07""）
　ターゲット数：20",,【EXTRA OPS：009】目标射击,,MATCH,42,33,APPROVED,READY,NOT_TESTED,JPN_PRIMARY; MLG_CN_CONTEXT_AUXILIARY,mechanical template; resource_class=STAGEDAT_OLANG; source_objects=6
LANG_MISSION_INFO.OLANG,317,554,554;554;554,3,,page15:tag:entity351:key00601B1E:ref554:ord0;page174:tag:entity351:key00601B1E:ref554:ord0;page180:tag:entity351:key00601B1E:ref554:ord0,【EXTRA OPS：009】ターゲット射撃,"採掘場居住区にある<C=FF4040>全ての的(ターゲット)を撃て<C=R>。
<C=FF4040>SINGLE限定<C=R>。
　制限時間：00'30""（的射撃時に+00'03""～+00'07""）
　ターゲット数：20",【EXTRA OPS：没】ターゲット射撃,<C=FF4040> | <C=R> | <C=FF4040> | <C=R>,"射击采掘场居住区的<C=FF4040>所有靶子（目标）<C=R>。
<C=FF4040>仅限SINGLE<C=R>。
　时间限制：00'30""（射中靶子时+00'03""～+00'07""）
　目标数：20",<C=FF4040> | <C=R> | <C=FF4040> | <C=R>,MATCH,204,181,APPROVED,READY,NOT_TESTED,JPN_PRIMARY; MLG_CN_CONTEXT_AUXILIARY,mechanical template; resource_class=STAGEDAT_OLANG; source_objects=3; review_flag=TWO_COLOR_PAIRS_AND_TIME_BONUS_RANGE_PRESERVED
LANG_MISSION_INFO.OLANG,318,555,555;556;555;556;555;556,6,,page15:tag:entity463:key009B0D73:ref555:ord0;page15:tag:entity121:key004826C0:ref556:ord0;page174:tag:entity463:key009B0D73:ref555:ord0;page174:tag:entity121:key004826C0:ref556:ord0;page180:tag:entity463:key009B0D73:ref555:ord0;page180:tag:entity121:key004826C0:ref556:ord0,"採掘場居住区にある<C=FF4040>全ての的(ターゲット)を撃て<C=R>。
<C=FF4040>SINGLE限定<C=R>。
　制限時間：00'30""（的射撃時に+00'03""～+00'07""）
　ターゲット数：20",【EXTRA OPS：没】ターゲット射撃,"遺跡（リュイナス・デ・ショチケツァル）周辺の<C=FF4040>全ての的
(ターゲット)を撃て<C=R>。
　制限時間：01'00""（的射撃時に+00'03""～+00'07""）
　ターゲット数：20",,【EXTRA OPS：没】目标射击,,MATCH,42,33,APPROVED,READY,NOT_TESTED,JPN_PRIMARY; MLG_CN_CONTEXT_AUXILIARY,mechanical template; resource_class=STAGEDAT_OLANG; source_objects=6; review_flag=SOURCE_没_MARKER_PRESERVED
LANG_MISSION_INFO.OLANG,319,557,557;557;557,3,,page15:tag:entity346:key005F1B1E:ref557:ord0;page174:tag:entity346:key005F1B1E:ref557:ord0;page180:tag:entity346:key005F1B1E:ref557:ord0,【EXTRA OPS：没】ターゲット射撃,"遺跡（リュイナス・デ・ショチケツァル）周辺の<C=FF4040>全ての的
(ターゲット)を撃て<C=R>。
　制限時間：01'00""（的射撃時に+00'03""～+00'07""）
　ターゲット数：20",【EXTRA OPS：007】ターゲット射撃,<C=FF4040> | <C=R>,"射击遗迹（Ruinas de Xochiquetzal）周边的<C=FF4040>所有靶子
（目标）<C=R>。
　时间限制：01'00""（射中靶子时+00'03""～+00'07""）
　目标数：20",<C=FF4040> | <C=R>,MATCH,213,173,APPROVED,READY,NOT_TESTED,JPN_PRIMARY; MLG_CN_CONTEXT_AUXILIARY,mechanical template; resource_class=STAGEDAT_OLANG; source_objects=3; review_flag=JPN_NO_SINGLE_RESTRICTION_PRESERVED; TIME_BONUS_RANGE_PRESERVED
LANG_MISSION_INFO.OLANG,320,558,558;559;558;559;558;559,6,,page15:tag:entity458:key009A0D73:ref558:ord0;page15:tag:entity120:key00482680:ref559:ord0;page174:tag:entity458:key009A0D73:ref558:ord0;page174:tag:entity120:key00482680:ref559:ord0;page180:tag:entity458:key009A0D73:ref558:ord0;page180:tag:entity120:key00482680:ref559:ord0,"遺跡（リュイナス・デ・ショチケツァル）周辺の<C=FF4040>全ての的
(ターゲット)を撃て<C=R>。
　制限時間：01'00""（的射撃時に+00'03""～+00'07""）
　ターゲット数：20",【EXTRA OPS：007】ターゲット射撃,"収容施設（アルデア・ロス・デスピェルトス）にある<C=FF4040>全ての的
（ターゲット）を撃て<C=R>。
<C=FF4040>SINGLE限定<C=R>。
　制限時間：02'00""（的射撃時に+00'03""～+00'07""）
　ターゲット数：16",,【EXTRA OPS：007】目标射击,,MATCH,42,33,APPROVED,READY,NOT_TESTED,JPN_PRIMARY; MLG_CN_CONTEXT_AUXILIARY,mechanical template; resource_class=STAGEDAT_OLANG; source_objects=6
LANG_MISSION_INFO.OLANG,321,560,560;560;560,3,,page15:tag:entity340:key005E1B1E:ref560:ord0;page174:tag:entity340:key005E1B1E:ref560:ord0;page180:tag:entity340:key005E1B1E:ref560:ord0,【EXTRA OPS：007】ターゲット射撃,"収容施設（アルデア・ロス・デスピェルトス）にある<C=FF4040>全ての的
（ターゲット）を撃て<C=R>。
<C=FF4040>SINGLE限定<C=R>。
　制限時間：02'00""（的射撃時に+00'03""～+00'07""）
　ターゲット数：16",【EXTRA OPS：006】ターゲット射撃,<C=FF4040> | <C=R> | <C=FF4040> | <C=R>,"射击收容设施（Aldea Los Despiertos）的<C=FF4040>所有靶子
（目标）<C=R>。
<C=FF4040>仅限SINGLE<C=R>。
　时间限制：02'00""（射中靶子时+00'03""～+00'07""）
　目标数：16",<C=FF4040> | <C=R> | <C=FF4040> | <C=R>,MATCH,254,202,APPROVED,READY,NOT_TESTED,JPN_PRIMARY; MLG_CN_CONTEXT_AUXILIARY,mechanical template; resource_class=STAGEDAT_OLANG; source_objects=3; review_flag=TWO_COLOR_PAIRS_AND_TIME_BONUS_RANGE_PRESERVED
LANG_MISSION_INFO.OLANG,322,561,561;562;561;562;561;562,6,,page15:tag:entity454:key00990D73:ref561:ord0;page15:tag:entity119:key00482640:ref562:ord0;page174:tag:entity454:key00990D73:ref561:ord0;page174:tag:entity119:key00482640:ref562:ord0;page180:tag:entity454:key00990D73:ref561:ord0;page180:tag:entity119:key00482640:ref562:ord0,"収容施設（アルデア・ロス・デスピェルトス）にある<C=FF4040>全ての的
（ターゲット）を撃て<C=R>。
<C=FF4040>SINGLE限定<C=R>。
　制限時間：02'00""（的射撃時に+00'03""～+00'07""）
　ターゲット数：16",【EXTRA OPS：006】ターゲット射撃,"川沿いの敵拠点（リオ・デル・ハーデ）にある<C=FF4040>全ての的
（ターゲット）を撃て<C=R>。
<C=FF4040>SINGLE限定<C=R>。
　制限時間：02'00""（的射撃時に+00'03""～+00'07""）
　ターゲット数：16",,【EXTRA OPS：006】目标射击,,MATCH,42,33,APPROVED,READY,NOT_TESTED,JPN_PRIMARY; MLG_CN_CONTEXT_AUXILIARY,mechanical template; resource_class=STAGEDAT_OLANG; source_objects=6
LANG_MISSION_INFO.OLANG,323,563,563;563;563,3,,page15:tag:entity335:key005D1B1E:ref563:ord0;page174:tag:entity335:key005D1B1E:ref563:ord0;page180:tag:entity335:key005D1B1E:ref563:ord0,【EXTRA OPS：006】ターゲット射撃,"川沿いの敵拠点（リオ・デル・ハーデ）にある<C=FF4040>全ての的
（ターゲット）を撃て<C=R>。
<C=FF4040>SINGLE限定<C=R>。
　制限時間：02'00""（的射撃時に+00'03""～+00'07""）
　ターゲット数：16",【EXTRA OPS：005】ターゲット射撃,<C=FF4040> | <C=R> | <C=FF4040> | <C=R>,"射击沿河敌方据点（Rio del Jade）的<C=FF4040>所有靶子
（目标）<C=R>。
<C=FF4040>仅限SINGLE<C=R>。
　时间限制：02'00""（射中靶子时+00'03""～+00'07""）
　目标数：16",<C=FF4040> | <C=R> | <C=FF4040> | <C=R>,MATCH,245,200,APPROVED,READY,NOT_TESTED,JPN_PRIMARY; MLG_CN_CONTEXT_AUXILIARY,mechanical template; resource_class=STAGEDAT_OLANG; source_objects=3; review_flag=TWO_COLOR_PAIRS_AND_TIME_BONUS_RANGE_PRESERVED
LANG_MISSION_INFO.OLANG,324,564,564;565;564;565;564;565,6,,page15:tag:entity450:key00980D73:ref564:ord0;page15:tag:entity118:key00482600:ref565:ord0;page174:tag:entity450:key00980D73:ref564:ord0;page174:tag:entity118:key00482600:ref565:ord0;page180:tag:entity450:key00980D73:ref564:ord0;page180:tag:entity118:key00482600:ref565:ord0,"川沿いの敵拠点（リオ・デル・ハーデ）にある<C=FF4040>全ての的
（ターゲット）を撃て<C=R>。
<C=FF4040>SINGLE限定<C=R>。
　制限時間：02'00""（的射撃時に+00'03""～+00'07""）
　ターゲット数：16",【EXTRA OPS：005】ターゲット射撃,"沿岸の資材搬入施設（プエルト・デル・アルバ）にある<C=FF4040>全ての的
（ターゲット）を撃て<C=R>。
<C=FF4040>SINGLE限定<C=R>。
　制限時間：01'00""（的射撃時に+00'03""～+00'07""）
　ターゲット数：12",,【EXTRA OPS：005】目标射击,,MATCH,42,33,APPROVED,READY,NOT_TESTED,JPN_PRIMARY; MLG_CN_CONTEXT_AUXILIARY,mechanical template; resource_class=STAGEDAT_OLANG; source_objects=6
LANG_MISSION_INFO.OLANG,325,566,566;566;566,3,,page15:tag:entity330:key005C1B1E:ref566:ord0;page174:tag:entity330:key005C1B1E:ref566:ord0;page180:tag:entity330:key005C1B1E:ref566:ord0,【EXTRA OPS：005】ターゲット射撃,"沿岸の資材搬入施設（プエルト・デル・アルバ）にある<C=FF4040>全ての的
（ターゲット）を撃て<C=R>。
<C=FF4040>SINGLE限定<C=R>。
　制限時間：01'00""（的射撃時に+00'03""～+00'07""）
　ターゲット数：12",【EXTRA OPS：128】ギアレックス・カリブ大決戦,<C=FF4040> | <C=R> | <C=FF4040> | <C=R>,"射击沿岸物资搬入设施（Puerto del Alba）的<C=FF4040>所有靶子
（目标）<C=R>。
<C=FF4040>仅限SINGLE<C=R>。
　时间限制：01'00""（射中靶子时+00'03""～+00'07""）
　目标数：12",<C=FF4040> | <C=R> | <C=FF4040> | <C=R>,MATCH,257,209,APPROVED,READY,NOT_TESTED,JPN_PRIMARY; MLG_CN_CONTEXT_AUXILIARY,mechanical template; resource_class=STAGEDAT_OLANG; source_objects=3; review_flag=TWO_COLOR_PAIRS_AND_TIME_BONUS_RANGE_PRESERVED
LANG_MISSION_INFO.OLANG,326,567,567;568;567;568;567;568,6,,page15:tag:entity312:key0051A373:ref567:ord0;page15:tag:entity642:key00C81465:ref568:ord0;page174:tag:entity312:key0051A373:ref567:ord0;page174:tag:entity642:key00C81465:ref568:ord0;page180:tag:entity312:key0051A373:ref567:ord0;page180:tag:entity642:key00C81465:ref568:ord0,"沿岸の資材搬入施設（プエルト・デル・アルバ）にある<C=FF4040>全ての的
（ターゲット）を撃て<C=R>。
<C=FF4040>SINGLE限定<C=R>。
　制限時間：01'00""（的射撃時に+00'03""～+00'07""）
　ターゲット数：12",【EXTRA OPS：128】ギアレックス・カリブ大決戦,"　作戦エリア：マザーベース・甲板
マザーベース甲板で暴れ出した<C=FF4040>ギアレックスを無力化<C=R>せよ。",,【EXTRA OPS：128】Gear REX・加勒比大决战,,MATCH,60,50,APPROVED,READY,NOT_TESTED,JPN_PRIMARY; MLG_CN_CONTEXT_AUXILIARY,mechanical template; resource_class=STAGEDAT_OLANG; source_objects=6; review_flag=JPN_TITLE_SEMANTICS_PRESERVED; AUX_STRIKES_BACK_TITLE_REJECTED
LANG_MISSION_INFO.OLANG,327,569,569;569;569,3,,page15:tag:entity27:key0015B11E:ref569:ord0;page174:tag:entity27:key0015B11E:ref569:ord0;page180:tag:entity27:key0015B11E:ref569:ord0,【EXTRA OPS：128】ギアレックス・カリブ大決戦,"　作戦エリア：マザーベース・甲板
マザーベース甲板で暴れ出した<C=FF4040>ギアレックスを無力化<C=R>せよ。",【EXTRA OPS：127】ギアレックス・G残滅作戦,<C=FF4040> | <C=R>,"　作战区域：Mother Base・甲板
使在Mother Base甲板上暴走的<C=FF4040>Gear REX失去行动能力<C=R>。",<C=FF4040> | <C=R>,MATCH,145,118,APPROVED,READY,NOT_TESTED,JPN_PRIMARY; MLG_CN_CONTEXT_AUXILIARY,mechanical template; resource_class=STAGEDAT_OLANG; source_objects=3; review_flag=FULLWIDTH_INDENT_AND_SINGLE_COLOR_PAIR_PRESERVED; AUX_EXTRA_COLOR_PAIR_REJECTED
LANG_MISSION_INFO.OLANG,328,570,570;571;570;571;570;571,6,,page15:tag:entity74:key0031A373:ref570:ord0;page15:tag:entity641:key00C80C65:ref571:ord0;page174:tag:entity74:key0031A373:ref570:ord0;page174:tag:entity641:key00C80C65:ref571:ord0;page180:tag:entity74:key0031A373:ref570:ord0;page180:tag:entity641:key00C80C65:ref571:ord0,"　作戦エリア：マザーベース・甲板
マザーベース甲板で暴れ出した<C=FF4040>ギアレックスを無力化<C=R>せよ。",【EXTRA OPS：127】ギアレックス・G残滅作戦,"　作戦エリア：火口内基地
イラスの火口に出現した<C=FF4040>ギアレックスを狩猟<C=R>せよ。",,【EXTRA OPS：127】Gear REX・G残灭作战,,MATCH,55,45,APPROVED,READY,NOT_TESTED,JPN_PRIMARY; MLG_CN_CONTEXT_AUXILIARY,mechanical template; resource_class=STAGEDAT_OLANG; source_objects=6; review_flag=JPN_LITERAL_G_AND_SOURCE_TITLE_WORDING_PRESERVED
LANG_MISSION_INFO.OLANG,329,572,572;572;572,3,,page15:tag:entity770:key00F5B11D:ref572:ord0;page174:tag:entity770:key00F5B11D:ref572:ord0;page180:tag:entity770:key00F5B11D:ref572:ord0,【EXTRA OPS：127】ギアレックス・G残滅作戦,"　作戦エリア：火口内基地
イラスの火口に出現した<C=FF4040>ギアレックスを狩猟<C=R>せよ。",【EXTRA OPS：126】《狩猟クエスト・ギアレックス/黄昏》,<C=FF4040> | <C=R>,"　作战区域：火山口内基地
<C=FF4040>狩猎出现在伊拉苏火山口的Gear REX<C=R>。",<C=FF4040> | <C=R>,MATCH,121,99,APPROVED,READY,NOT_TESTED,JPN_PRIMARY; MLG_CN_CONTEXT_AUXILIARY,mechanical template; resource_class=STAGEDAT_OLANG; source_objects=3; review_flag=FULLWIDTH_INDENT_AND_SINGLE_COLOR_PAIR_PRESERVED
LANG_MISSION_INFO.OLANG,330,573,573;574;573;574;573;574,6,,page15:tag:entity30:key0016A373:ref573:ord0;page15:tag:entity640:key00C805A5:ref574:ord0;page174:tag:entity30:key0016A373:ref573:ord0;page174:tag:entity640:key00C805A5:ref574:ord0;page180:tag:entity30:key0016A373:ref573:ord0;page180:tag:entity640:key00C805A5:ref574:ord0,"　作戦エリア：火口内基地
イラスの火口に出現した<C=FF4040>ギアレックスを狩猟<C=R>せよ。",【EXTRA OPS：126】《狩猟クエスト・ギアレックス/黄昏》,"　作戦エリア：イスラ・デル・モンストルオ
<C=FF4040>ギアレックスを狩猟<C=R>せよ。

©CAPCOM CO., LTD.",,【EXTRA OPS：126】《狩猎任务・Gear REX/黄昏》,,MATCH,73,57,APPROVED,READY,NOT_TESTED,JPN_PRIMARY; MLG_CN_CONTEXT_AUXILIARY,mechanical template; resource_class=STAGEDAT_OLANG; source_objects=6
LANG_MISSION_INFO.OLANG,331,575,575;578;575;578;575;578,6,,page15:tag:entity713:key00DAB11D:ref575:ord0;page15:tag:entity658:key00D5B11D:ref578:ord0;page174:tag:entity713:key00DAB11D:ref575:ord0;page174:tag:entity658:key00D5B11D:ref578:ord0;page180:tag:entity713:key00DAB11D:ref575:ord0;page180:tag:entity658:key00D5B11D:ref578:ord0,【EXTRA OPS：126】《狩猟クエスト・ギアレックス/黄昏》,"　作戦エリア：イスラ・デル・モンストルオ
<C=FF4040>ギアレックスを狩猟<C=R>せよ。

©CAPCOM CO., LTD.",【EXTRA OPS：125】《狩猟クエスト・ギアレックス》,<C=FF4040> | <C=R>,"　作战区域：Isla del Monstruo
<C=FF4040>狩猎Gear REX<C=R>。

©CAPCOM CO., LTD.",<C=FF4040> | <C=R>,MATCH,132,88,APPROVED,READY,NOT_TESTED,JPN_PRIMARY; MLG_CN_CONTEXT_AUXILIARY,mechanical template; resource_class=STAGEDAT_OLANG; source_objects=6; review_flag=FULLWIDTH_INDENT_BLANK_LINE_AND_LITERAL_COPYRIGHT_PRESERVED; AUX_I_CPY_TOKEN_REJECTED
LANG_MISSION_INFO.OLANG,332,576,576;577;576;577;576;577,6,,page15:tag:entity17:key0011A373:ref576:ord0;page15:tag:entity639:key00C80465:ref577:ord0;page174:tag:entity17:key0011A373:ref576:ord0;page174:tag:entity639:key00C80465:ref577:ord0;page180:tag:entity17:key0011A373:ref576:ord0;page180:tag:entity639:key00C80465:ref577:ord0,"　作戦エリア：イスラ・デル・モンストルオ
<C=FF4040>ギアレックスを狩猟<C=R>せよ。

©CAPCOM CO., LTD.",【EXTRA OPS：125】《狩猟クエスト・ギアレックス》,"　作戦エリア：イスラ・デル・モンストルオ
<C=FF4040>ギアレックスを狩猟<C=R>せよ。

©CAPCOM CO., LTD.",,【EXTRA OPS：125】《狩猎任务・Gear REX》,,MATCH,66,50,APPROVED,READY,NOT_TESTED,JPN_PRIMARY; MLG_CN_CONTEXT_AUXILIARY,mechanical template; resource_class=STAGEDAT_OLANG; source_objects=6; review_flag=SHARED_DESCRIPTION_DEDUP_FOLLOWS
LANG_MISSION_INFO.OLANG,333,579,579;580;579;580;579;580,6,,page15:tag:entity773:key00F6A372:ref579:ord0;page15:tag:entity638:key00C7FDA5:ref580:ord0;page174:tag:entity773:key00F6A372:ref579:ord0;page174:tag:entity638:key00C7FDA5:ref580:ord0;page180:tag:entity773:key00F6A372:ref579:ord0;page180:tag:entity638:key00C7FDA5:ref580:ord0,"　作戦エリア：イスラ・デル・モンストルオ
<C=FF4040>ギアレックスを狩猟<C=R>せよ。

©CAPCOM CO., LTD.",【EXTRA OPS：124】《狩猟クエスト・ティガレックス/黄昏》,"　作戦エリア：イスラ・デル・モンストルオ
<C=FF4040>ティガレックスを狩猟<C=R>せよ。

©CAPCOM CO., LTD.",,【EXTRA OPS：124】《狩猎任务・轰龙/黄昏》,,MATCH,76,55,APPROVED,READY,NOT_TESTED,JPN_PRIMARY; MLG_CN_CONTEXT_AUXILIARY,mechanical template; resource_class=STAGEDAT_OLANG; source_objects=6
LANG_MISSION_INFO.OLANG,334,581,581;584;581;584;581;584,6,,page15:tag:entity586:key00BAB11D:ref581:ord0;page15:tag:entity564:key00B5B11D:ref584:ord0;page174:tag:entity586:key00BAB11D:ref581:ord0;page174:tag:entity564:key00B5B11D:ref584:ord0;page180:tag:entity586:key00BAB11D:ref581:ord0;page180:tag:entity564:key00B5B11D:ref584:ord0,【EXTRA OPS：124】《狩猟クエスト・ティガレックス/黄昏》,"　作戦エリア：イスラ・デル・モンストルオ
<C=FF4040>ティガレックスを狩猟<C=R>せよ。

©CAPCOM CO., LTD.",【EXTRA OPS：123】《狩猟クエスト・ティガレックス》,<C=FF4040> | <C=R>,"　作战区域：Isla del Monstruo
<C=FF4040>狩猎轰龙<C=R>。

©CAPCOM CO., LTD.",<C=FF4040> | <C=R>,MATCH,135,86,APPROVED,READY,NOT_TESTED,JPN_PRIMARY; MLG_CN_CONTEXT_AUXILIARY,mechanical template; resource_class=STAGEDAT_OLANG; source_objects=6; review_flag=SHARED_DESCRIPTION_DEDUP_INDEX_PRESERVED; LITERAL_COPYRIGHT_PRESERVED; AUX_I_CPY_TOKEN_REJECTED
LANG_MISSION_INFO.OLANG,335,582,582;583;582;583;582;583,6,,page15:tag:entity759:key00F1A372:ref582:ord0;page15:tag:entity637:key00C7FC65:ref583:ord0;page174:tag:entity759:key00F1A372:ref582:ord0;page174:tag:entity637:key00C7FC65:ref583:ord0;page180:tag:entity759:key00F1A372:ref582:ord0;page180:tag:entity637:key00C7FC65:ref583:ord0,"　作戦エリア：イスラ・デル・モンストルオ
<C=FF4040>ティガレックスを狩猟<C=R>せよ。

©CAPCOM CO., LTD.",【EXTRA OPS：123】《狩猟クエスト・ティガレックス》,"　作戦エリア：イスラ・デル・モンストルオ
<C=FF4040>ティガレックスを狩猟<C=R>せよ。

©CAPCOM CO., LTD.",,【EXTRA OPS：123】《狩猎任务・轰龙》,,MATCH,69,48,APPROVED,READY,NOT_TESTED,JPN_PRIMARY; MLG_CN_CONTEXT_AUXILIARY,mechanical template; resource_class=STAGEDAT_OLANG; source_objects=6; review_flag=SHARED_DESCRIPTION_DEDUP_FOLLOWS
LANG_MISSION_INFO.OLANG,336,585,585;586;585;586;585;586,6,,page15:tag:entity660:key00D6A372:ref585:ord0;page15:tag:entity636:key00C7F5A5:ref586:ord0;page174:tag:entity660:key00D6A372:ref585:ord0;page174:tag:entity636:key00C7F5A5:ref586:ord0;page180:tag:entity660:key00D6A372:ref585:ord0;page180:tag:entity636:key00C7F5A5:ref586:ord0,"　作戦エリア：イスラ・デル・モンストルオ
<C=FF4040>ティガレックスを狩猟<C=R>せよ。

©CAPCOM CO., LTD.",【EXTRA OPS：122】《狩猟クエスト・リオレウス/黄昏》,"　作戦エリア：イスラ・デル・モンストルオ
<C=FF4040>リオレウスを狩猟<C=R>せよ。

©CAPCOM CO., LTD.",,【EXTRA OPS：122】《狩猎任务・雄火龙/黄昏》,,MATCH,70,58,APPROVED,READY,NOT_TESTED,JPN_PRIMARY; MLG_CN_CONTEXT_AUXILIARY,mechanical template; resource_class=STAGEDAT_OLANG; source_objects=6
LANG_MISSION_INFO.OLANG,337,587,587;590;587;590;587;590,6,,page15:tag:entity462:key009AB11D:ref587:ord0;page15:tag:entity446:key0095B11D:ref590:ord0;page174:tag:entity462:key009AB11D:ref587:ord0;page174:tag:entity446:key0095B11D:ref590:ord0;page180:tag:entity462:key009AB11D:ref587:ord0;page180:tag:entity446:key0095B11D:ref590:ord0,【EXTRA OPS：122】《狩猟クエスト・リオレウス/黄昏》,"　作戦エリア：イスラ・デル・モンストルオ
<C=FF4040>リオレウスを狩猟<C=R>せよ。

©CAPCOM CO., LTD.",【EXTRA OPS：121】《狩猟クエスト・リオレウス》,<C=FF4040> | <C=R>,"　作战区域：Isla del Monstruo
<C=FF4040>狩猎雄火龙<C=R>。

©CAPCOM CO., LTD.",<C=FF4040> | <C=R>,MATCH,129,89,APPROVED,READY,NOT_TESTED,JPN_PRIMARY; MLG_CN_CONTEXT_AUXILIARY,mechanical template; resource_class=STAGEDAT_OLANG; source_objects=6; review_flag=SHARED_DESCRIPTION_DEDUP_INDEX_PRESERVED; LITERAL_COPYRIGHT_PRESERVED; AUX_I_CPY_TOKEN_REJECTED
LANG_MISSION_INFO.OLANG,338,588,588;589;588;589;588;589,6,,page15:tag:entity651:key00D1A372:ref588:ord0;page15:tag:entity635:key00C7F465:ref589:ord0;page174:tag:entity651:key00D1A372:ref588:ord0;page174:tag:entity635:key00C7F465:ref589:ord0;page180:tag:entity651:key00D1A372:ref588:ord0;page180:tag:entity635:key00C7F465:ref589:ord0,"　作戦エリア：イスラ・デル・モンストルオ
<C=FF4040>リオレウスを狩猟<C=R>せよ。

©CAPCOM CO., LTD.",【EXTRA OPS：121】《狩猟クエスト・リオレウス》,"　作戦エリア：イスラ・デル・モンストルオ
<C=FF4040>リオレウスを狩猟<C=R>せよ。

©CAPCOM CO., LTD.",,【EXTRA OPS：121】《狩猎任务・雄火龙》,,MATCH,63,51,APPROVED,READY,NOT_TESTED,JPN_PRIMARY; MLG_CN_CONTEXT_AUXILIARY,mechanical template; resource_class=STAGEDAT_OLANG; source_objects=6; review_flag=SHARED_DESCRIPTION_DEDUP_FOLLOWS
LANG_MISSION_INFO.OLANG,339,591,591;592;591;592;591;592,6,,page15:tag:entity557:key00B1A372:ref591:ord0;page15:tag:entity634:key00C7EC65:ref592:ord0;page174:tag:entity557:key00B1A372:ref591:ord0;page174:tag:entity634:key00C7EC65:ref592:ord0;page180:tag:entity557:key00B1A372:ref591:ord0;page180:tag:entity634:key00C7EC65:ref592:ord0,"　作戦エリア：イスラ・デル・モンストルオ
<C=FF4040>リオレウスを狩猟<C=R>せよ。

©CAPCOM CO., LTD.",トレニャーを探せ,カット予定,,寻找Trenya,,MATCH,24,12,APPROVED,READY,NOT_TESTED,JPN_PRIMARY; MLG_CN_CONTEXT_AUXILIARY,mechanical template; resource_class=STAGEDAT_OLANG; source_objects=6; review_flag=MONSTER_HUNTER_CHARACTER_TRANSLITERATION_REVIEW
LANG_MISSION_INFO.OLANG,340,593,593;593;593,3,,page15:tag:entity381:key0075B11D:ref593:ord0;page174:tag:entity381:key0075B11D:ref593:ord0;page180:tag:entity381:key0075B11D:ref593:ord0,トレニャーを探せ,カット予定,m0410/(仮)真の黒幕ED,,计划删减,,MATCH,15,12,APPROVED,READY,NOT_TESTED,JPN_PRIMARY; MLG_CN_CONTEXT_AUXILIARY,mechanical template; resource_class=STAGEDAT_OLANG; source_objects=3; review_flag=DEV_OR_CUT_PLACEHOLDER_LOCALIZED_CONSERVATIVELY; REVIEW_CONTEXT
LANG_MISSION_INFO.OLANG,341,594,594;595;594;595;594;595,6,,page15:tag:entity650:key00D19F02:ref594:ord0;page15:tag:entity549:key00ABF464:ref595:ord0;page174:tag:entity650:key00D19F02:ref594:ord0;page174:tag:entity549:key00ABF464:ref595:ord0;page180:tag:entity650:key00D19F02:ref594:ord0;page180:tag:entity549:key00ABF464:ref595:ord0,カット予定,m0410/(仮)真の黒幕ED,m0410/(仮)真の黒幕ED/内容,,m0410/(暂定)真正幕后黑手ED,,MATCH,25,34,APPROVED,READY,NOT_TESTED,JPN_PRIMARY; MLG_CN_CONTEXT_AUXILIARY,mechanical template; resource_class=STAGEDAT_OLANG; source_objects=6; review_flag=DEV_OR_INTERNAL_TITLE_LOCALIZED_CONSERVATIVELY; REVIEW_CONTEXT
LANG_MISSION_INFO.OLANG,342,596,596;596;596,3,,page15:tag:entity445:key0095ACAD:ref596:ord0;page174:tag:entity445:key0095ACAD:ref596:ord0;page180:tag:entity445:key0095ACAD:ref596:ord0,m0410/(仮)真の黒幕ED,m0410/(仮)真の黒幕ED/内容,対メタルギアZEKE戦,,m0410/(暂定)真正幕后黑手ED/内容,,MATCH,32,41,APPROVED,READY,NOT_TESTED,JPN_PRIMARY; MLG_CN_CONTEXT_AUXILIARY,mechanical template; resource_class=STAGEDAT_OLANG; source_objects=3; review_flag=DEV_OR_INTERNAL_DESCRIPTION_LABEL_LOCALIZED_CONSERVATIVELY; REVIEW_CONTEXT
LANG_MISSION_INFO.OLANG,343,599,599;599;599,3,,page15:tag:entity380:key0075ACAD:ref599:ord0;page174:tag:entity380:key0075ACAD:ref599:ord0;page180:tag:entity380:key0075ACAD:ref599:ord0,対メタルギアZEKE戦,"パスが操る『メタルギアZEKE』による核発射を阻止、
機体を奪還せよ。",ザドルノフ捜索2,,对METAL GEAR ZEKE战,,MATCH,95,21,APPROVED,READY,NOT_TESTED,JPN_PRIMARY; MLG_CN_CONTEXT_AUXILIARY,mechanical template; resource_class=STAGEDAT_OLANG; source_objects=3
LANG_MISSION_INFO.OLANG,344,600,600;601;600;601;600;601,6,,page15:tag:entity758:key00F19EFE:ref600:ord0;page15:tag:entity547:key00AAFC64:ref601:ord0;page174:tag:entity758:key00F19EFE:ref600:ord0;page174:tag:entity547:key00AAFC64:ref601:ord0;page180:tag:entity758:key00F19EFE:ref600:ord0;page180:tag:entity547:key00AAFC64:ref601:ord0,"パスが操る『メタルギアZEKE』による核発射を阻止、
機体を奪還せよ。",ザドルノフ捜索2,またマザーベースを脱走したザドルノフを見つけ出し、回収せよ。,,"阻止Paz操纵的『METAL GEAR ZEKE』发射核武器，
夺回机体。",,MATCH,22,73,APPROVED,READY,NOT_TESTED,JPN_PRIMARY; MLG_CN_CONTEXT_AUXILIARY,mechanical template; resource_class=STAGEDAT_OLANG; source_objects=6; review_flag=JPN_LINEBREAK_PRESERVED
LANG_MISSION_INFO.OLANG,345,602,602;602;602,3,,page15:tag:entity563:key00B5ACA9:ref602:ord0;page174:tag:entity563:key00B5ACA9:ref602:ord0;page180:tag:entity563:key00B5ACA9:ref602:ord0,ザドルノフ捜索2,またマザーベースを脱走したザドルノフを見つけ出し、回収せよ。,ザドルノフ捜索5,,Zadornov搜索2,,MATCH,90,15,APPROVED,READY,NOT_TESTED,JPN_PRIMARY; MLG_CN_CONTEXT_AUXILIARY,mechanical template; resource_class=STAGEDAT_OLANG; source_objects=3
LANG_MISSION_INFO.OLANG,346,603,603;604;603;604;603;604,6,,page15:tag:entity649:key00D19EFE:ref603:ord0;page15:tag:entity546:key00AAF464:ref604:ord0;page174:tag:entity649:key00D19EFE:ref603:ord0;page174:tag:entity546:key00AAF464:ref604:ord0;page180:tag:entity649:key00D19EFE:ref603:ord0;page180:tag:entity546:key00AAF464:ref604:ord0,またマザーベースを脱走したザドルノフを見つけ出し、回収せよ。,ザドルノフ捜索5,"またまたまたまたマザーベースを脱走したザドルノフを見つけ出し、
回収せよ。",,找到又一次从Mother Base逃走的Zadornov，并将其回收。,,MATCH,22,67,APPROVED,READY,NOT_TESTED,JPN_PRIMARY; MLG_CN_CONTEXT_AUXILIARY,mechanical template; resource_class=STAGEDAT_OLANG; source_objects=6
LANG_MISSION_INFO.OLANG,347,605,605;605;605,3,,page15:tag:entity444:key0095ACA9:ref605:ord0;page174:tag:entity444:key0095ACA9:ref605:ord0;page180:tag:entity444:key0095ACA9:ref605:ord0,ザドルノフ捜索5,"またまたまたまたマザーベースを脱走したザドルノフを見つけ出し、
回収せよ。",ザドルノフ捜索6,,Zadornov搜索5,,MATCH,109,15,APPROVED,READY,NOT_TESTED,JPN_PRIMARY; MLG_CN_CONTEXT_AUXILIARY,mechanical template; resource_class=STAGEDAT_OLANG; source_objects=3
LANG_MISSION_INFO.OLANG,348,606,606;607;606;607;606;607,6,,page15:tag:entity555:key00B19EFE:ref606:ord0;page15:tag:entity545:key00AAEC64:ref607:ord0;page174:tag:entity555:key00B19EFE:ref606:ord0;page174:tag:entity545:key00AAEC64:ref607:ord0;page180:tag:entity555:key00B19EFE:ref606:ord0;page180:tag:entity545:key00AAEC64:ref607:ord0,"またまたまたまたマザーベースを脱走したザドルノフを見つけ出し、
回収せよ。",ザドルノフ捜索6,"またまたまたまたまたマザーベースを脱走したザドルノフを
見つけ出し、回収せよ。",,"找到又又又又一次从Mother Base逃走的Zadornov，
并将其回收。",,MATCH,22,77,APPROVED,READY,NOT_TESTED,JPN_PRIMARY; MLG_CN_CONTEXT_AUXILIARY,mechanical template; resource_class=STAGEDAT_OLANG; source_objects=6; review_flag=JPN_REPEATED_MATA_NUANCE_AND_NEWLINE_PRESERVED
LANG_MISSION_INFO.OLANG,349,608,608;608;608,3,,page15:tag:entity379:key0075ACA9:ref608:ord0;page174:tag:entity379:key0075ACA9:ref608:ord0;page180:tag:entity379:key0075ACA9:ref608:ord0,ザドルノフ捜索6,"またまたまたまたまたマザーベースを脱走したザドルノフを
見つけ出し、回収せよ。",ザドルノフ捜索4,,Zadornov搜索6,,MATCH,115,15,APPROVED,READY,NOT_TESTED,JPN_PRIMARY; MLG_CN_CONTEXT_AUXILIARY,mechanical template; resource_class=STAGEDAT_OLANG; source_objects=3
LANG_MISSION_INFO.OLANG,350,609,609;610;609;610;609;610,6,,page15:tag:entity648:key00D19EFB:ref609:ord0;page15:tag:entity544:key00AA3464:ref610:ord0;page174:tag:entity648:key00D19EFB:ref609:ord0;page174:tag:entity544:key00AA3464:ref610:ord0;page180:tag:entity648:key00D19EFB:ref609:ord0;page180:tag:entity544:key00AA3464:ref610:ord0,"またまたまたまたまたマザーベースを脱走したザドルノフを
見つけ出し、回収せよ。",ザドルノフ捜索4,"またまたまたマザーベースを脱走したザドルノフを見つけ出し、
回収せよ。",,Zadornov搜索4,,MATCH,22,15,APPROVED,READY,NOT_TESTED,JPN_PRIMARY; MLG_CN_CONTEXT_AUXILIARY,mechanical template; resource_class=STAGEDAT_OLANG; source_objects=6
LANG_MISSION_INFO.OLANG,351,611,611;611;611,3,,page15:tag:entity443:key0095ACA6:ref611:ord0;page174:tag:entity443:key0095ACA6:ref611:ord0;page180:tag:entity443:key0095ACA6:ref611:ord0,ザドルノフ捜索4,"またまたまたマザーベースを脱走したザドルノフを見つけ出し、
回収せよ。",ザドルノフ捜索3,,"找到又又又一次从Mother Base逃走的Zadornov，
并将其回收。",,MATCH,103,74,APPROVED,READY,NOT_TESTED,JPN_PRIMARY; MLG_CN_CONTEXT_AUXILIARY,mechanical template; resource_class=STAGEDAT_OLANG; source_objects=3; review_flag=JPN_REPEATED_MATA_NUANCE_AND_NEWLINE_PRESERVED
LANG_MISSION_INFO.OLANG,352,612,612;613;612;613;612;613,6,,page15:tag:entity554:key00B19EFB:ref612:ord0;page15:tag:entity543:key00AA2C64:ref613:ord0;page174:tag:entity554:key00B19EFB:ref612:ord0;page174:tag:entity543:key00AA2C64:ref613:ord0;page180:tag:entity554:key00B19EFB:ref612:ord0;page180:tag:entity543:key00AA2C64:ref613:ord0,"またまたまたマザーベースを脱走したザドルノフを見つけ出し、
回収せよ。",ザドルノフ捜索3,"またまたマザーベースを脱走したザドルノフを見つけ出し、
回収せよ。",,Zadornov搜索3,,MATCH,22,15,APPROVED,READY,NOT_TESTED,JPN_PRIMARY; MLG_CN_CONTEXT_AUXILIARY,mechanical template; resource_class=STAGEDAT_OLANG; source_objects=6
LANG_MISSION_INFO.OLANG,353,614,614;614;614,3,,page15:tag:entity378:key0075ACA6:ref614:ord0;page174:tag:entity378:key0075ACA6:ref614:ord0;page180:tag:entity378:key0075ACA6:ref614:ord0,ザドルノフ捜索3,"またまたマザーベースを脱走したザドルノフを見つけ出し、
回収せよ。",ザドルノフ捜索,,"找到又又一次从Mother Base逃走的Zadornov，
并将其回收。",,MATCH,97,71,APPROVED,READY,NOT_TESTED,JPN_PRIMARY; MLG_CN_CONTEXT_AUXILIARY,mechanical template; resource_class=STAGEDAT_OLANG; source_objects=3; review_flag=JPN_REPEATED_MATA_NUANCE_AND_NEWLINE_PRESERVED
LANG_MISSION_INFO.OLANG,354,615,615;616;615;616;615;616,6,,page15:tag:entity437:key00919EFB:ref615:ord0;page15:tag:entity542:key00AA2464:ref616:ord0;page174:tag:entity437:key00919EFB:ref615:ord0;page174:tag:entity542:key00AA2464:ref616:ord0;page180:tag:entity437:key00919EFB:ref615:ord0;page180:tag:entity542:key00AA2464:ref616:ord0,"またまたマザーベースを脱走したザドルノフを見つけ出し、
回収せよ。",ザドルノフ捜索,マザーベースを脱走したザドルノフを見つけ出し、回収せよ。,,Zadornov搜索,,MATCH,21,14,APPROVED,READY,NOT_TESTED,JPN_PRIMARY; MLG_CN_CONTEXT_AUXILIARY,mechanical template; resource_class=STAGEDAT_OLANG; source_objects=6
LANG_MISSION_INFO.OLANG,355,617,617;617;617,3,,page15:tag:entity319:key0055ACA6:ref617:ord0;page174:tag:entity319:key0055ACA6:ref617:ord0;page180:tag:entity319:key0055ACA6:ref617:ord0,ザドルノフ捜索,マザーベースを脱走したザドルノフを見つけ出し、回収せよ。,対ピースウォーカー戦・3,,找到从Mother Base逃走的Zadornov，并将其回收。,,MATCH,84,58,APPROVED,READY,NOT_TESTED,JPN_PRIMARY; MLG_CN_CONTEXT_AUXILIARY,mechanical template; resource_class=STAGEDAT_OLANG; source_objects=3
LANG_MISSION_INFO.OLANG,356,618,618;619;618;619;618;619,6,,page15:tag:entity382:key00769EFB:ref618:ord0;page15:tag:entity541:key00AA1DA4:ref619:ord0;page174:tag:entity382:key00769EFB:ref618:ord0;page174:tag:entity541:key00AA1DA4:ref619:ord0;page180:tag:entity382:key00769EFB:ref618:ord0;page180:tag:entity541:key00AA1DA4:ref619:ord0,マザーベースを脱走したザドルノフを見つけ出し、回収せよ。,対ピースウォーカー戦・3,全面核戦争を阻止せよ。,,对Peace Walker战・3,,MATCH,34,22,APPROVED,READY,NOT_TESTED,JPN_PRIMARY; MLG_CN_CONTEXT_AUXILIARY,mechanical template; resource_class=STAGEDAT_OLANG; source_objects=6
LANG_MISSION_INFO.OLANG,357,620,620;620;620,3,,page15:tag:entity94:key003AACA6:ref620:ord0;page174:tag:entity94:key003AACA6:ref620:ord0;page180:tag:entity94:key003AACA6:ref620:ord0,対ピースウォーカー戦・3,全面核戦争を阻止せよ。,対ピースウォーカー戦・2,,阻止全面核战争。,,MATCH,33,24,APPROVED,READY,NOT_TESTED,JPN_PRIMARY; MLG_CN_CONTEXT_AUXILIARY,mechanical template; resource_class=STAGEDAT_OLANG; source_objects=3
LANG_MISSION_INFO.OLANG,358,621,621;622;621;622;621;622,6,,page15:tag:entity373:key00719EFB:ref621:ord0;page15:tag:entity540:key00AA1C64:ref622:ord0;page174:tag:entity373:key00719EFB:ref621:ord0;page174:tag:entity540:key00AA1C64:ref622:ord0;page180:tag:entity373:key00719EFB:ref621:ord0;page180:tag:entity540:key00AA1C64:ref622:ord0,全面核戦争を阻止せよ。,対ピースウォーカー戦・2,ピースウォーカーの核発射を阻止、プラットフォームを制止せよ！,,对Peace Walker战・2,,MATCH,34,22,APPROVED,READY,NOT_TESTED,JPN_PRIMARY; MLG_CN_CONTEXT_AUXILIARY,mechanical template; resource_class=STAGEDAT_OLANG; source_objects=6
LANG_MISSION_INFO.OLANG,359,623,623;623;623,3,,page15:tag:entity81:key0035ACA6:ref623:ord0;page174:tag:entity81:key0035ACA6:ref623:ord0;page180:tag:entity81:key0035ACA6:ref623:ord0,対ピースウォーカー戦・2,ピースウォーカーの核発射を阻止、プラットフォームを制止せよ！,管制塔へ,,阻止Peace Walker发射核武器，制止平台！,,MATCH,90,51,APPROVED,READY,NOT_TESTED,JPN_PRIMARY; MLG_CN_CONTEXT_AUXILIARY,mechanical template; resource_class=STAGEDAT_OLANG; source_objects=3; review_flag=JPN_PLATFORM_STOP_SEMANTICS_PRESERVED
LANG_MISSION_INFO.OLANG,360,624,624;625;624;625;624;625,6,,page15:tag:entity311:key00519EFB:ref624:ord0;page15:tag:entity539:key00AA1464:ref625:ord0;page174:tag:entity311:key00519EFB:ref624:ord0;page174:tag:entity539:key00AA1464:ref625:ord0;page180:tag:entity311:key00519EFB:ref624:ord0;page180:tag:entity539:key00AA1464:ref625:ord0,ピースウォーカーの核発射を阻止、プラットフォームを制止せよ！,管制塔へ,"管制塔へ急行し、ピースウォーカーの核発射を阻止せよ。
ウォークマン持ち込み不可。",,前往Control Tower,,MATCH,12,19,APPROVED,READY,NOT_TESTED,JPN_PRIMARY; MLG_CN_CONTEXT_AUXILIARY,mechanical template; resource_class=STAGEDAT_OLANG; source_objects=6
LANG_MISSION_INFO.OLANG,361,626,626;626;626,3,,page15:tag:entity26:key0015ACA6:ref626:ord0;page174:tag:entity26:key0015ACA6:ref626:ord0;page180:tag:entity26:key0015ACA6:ref626:ord0,管制塔へ,"管制塔へ急行し、ピースウォーカーの核発射を阻止せよ。
ウォークマン持ち込み不可。",米軍ミサイル基地潜入,,"立即赶往Control Tower，阻止Peace Walker发射核武器。
禁止携带WALKMAN。",,MATCH,118,87,APPROVED,READY,NOT_TESTED,JPN_PRIMARY; MLG_CN_CONTEXT_AUXILIARY,mechanical template; resource_class=STAGEDAT_OLANG; source_objects=3; review_flag=JPN_WALKMAN_CARRY_IN_BAN_PRESERVED
LANG_MISSION_INFO.OLANG,362,627,627;628;627;628;627;628,6,,page15:tag:entity73:key00319EFB:ref627:ord0;page15:tag:entity538:key00AA0C64:ref628:ord0;page174:tag:entity73:key00319EFB:ref627:ord0;page174:tag:entity538:key00AA0C64:ref628:ord0;page180:tag:entity73:key00319EFB:ref627:ord0;page180:tag:entity538:key00AA0C64:ref628:ord0,"管制塔へ急行し、ピースウォーカーの核発射を阻止せよ。
ウォークマン持ち込み不可。",米軍ミサイル基地潜入,"ピースウォーカーの核発射を阻止すべく、ニカラグア湖南東の
『米軍ミサイル基地』へと潜入、通信塔を目指せ。",,潜入美军导弹基地,,MATCH,30,24,APPROVED,READY,NOT_TESTED,JPN_PRIMARY; MLG_CN_CONTEXT_AUXILIARY,mechanical template; resource_class=STAGEDAT_OLANG; source_objects=6
LANG_MISSION_INFO.OLANG,363,629,629;629;629,3,,page15:tag:entity769:key00F5ACA5:ref629:ord0;page174:tag:entity769:key00F5ACA5:ref629:ord0;page180:tag:entity769:key00F5ACA5:ref629:ord0,米軍ミサイル基地潜入,"ピースウォーカーの核発射を阻止すべく、ニカラグア湖南東の
『米軍ミサイル基地』へと潜入、通信塔を目指せ。",m0230/(仮)メタルギアを追え,,"为阻止Peace Walker发射核武器，潜入尼加拉瓜湖东南方的
『美军导弹基地』，前往通信塔。",,MATCH,154,118,APPROVED,READY,NOT_TESTED,JPN_PRIMARY; MLG_CN_CONTEXT_AUXILIARY,mechanical template; resource_class=STAGEDAT_OLANG; source_objects=3; review_flag=JPN_LINEBREAK_AND_NICARAGUA_LAKE_DIRECTION_PRESERVED
LANG_MISSION_INFO.OLANG,364,630,630;631;630;631;630;631,6,,page15:tag:entity16:key00119EFB:ref630:ord0;page15:tag:entity537:key00AA0464:ref631:ord0;page174:tag:entity16:key00119EFB:ref630:ord0;page174:tag:entity537:key00AA0464:ref631:ord0;page180:tag:entity16:key00119EFB:ref630:ord0;page180:tag:entity537:key00AA0464:ref631:ord0,"ピースウォーカーの核発射を阻止すべく、ニカラグア湖南東の
『米軍ミサイル基地』へと潜入、通信塔を目指せ。",m0230/(仮)メタルギアを追え,m0230/メタルギアを追え/内容,,m0230/(暂定)追踪METAL GEAR,,MATCH,35,30,APPROVED,READY,NOT_TESTED,JPN_PRIMARY; MLG_CN_CONTEXT_AUXILIARY,mechanical template; resource_class=STAGEDAT_OLANG; source_objects=6; review_flag=DEV_OR_INTERNAL_TITLE_LOCALIZED_CONSERVATIVELY; REVIEW_CONTEXT
LANG_MISSION_INFO.OLANG,365,632,632;632;632,3,,page15:tag:entity657:key00D5ACA5:ref632:ord0;page174:tag:entity657:key00D5ACA5:ref632:ord0;page180:tag:entity657:key00D5ACA5:ref632:ord0,m0230/(仮)メタルギアを追え,m0230/メタルギアを追え/内容,対ピースウォーカー戦,,m0230/追踪METAL GEAR/内容,,MATCH,37,29,APPROVED,READY,NOT_TESTED,JPN_PRIMARY; MLG_CN_CONTEXT_AUXILIARY,mechanical template; resource_class=STAGEDAT_OLANG; source_objects=3; review_flag=DEV_OR_INTERNAL_DESCRIPTION_LABEL_LOCALIZED_CONSERVATIVELY; REVIEW_CONTEXT
LANG_MISSION_INFO.OLANG,366,633,633;634;633;634;633;634,6,,page15:tag:entity757:key00F19EFA:ref633:ord0;page15:tag:entity536:key00A9FC64:ref634:ord0;page174:tag:entity757:key00F19EFA:ref633:ord0;page174:tag:entity536:key00A9FC64:ref634:ord0;page180:tag:entity757:key00F19EFA:ref633:ord0;page180:tag:entity536:key00A9FC64:ref634:ord0,m0230/メタルギアを追え/内容,対ピースウォーカー戦,ピースウォーカーを制止せよ！,,对Peace Walker战,,MATCH,30,18,APPROVED,READY,NOT_TESTED,JPN_PRIMARY; MLG_CN_CONTEXT_AUXILIARY,mechanical template; resource_class=STAGEDAT_OLANG; source_objects=6
LANG_MISSION_INFO.OLANG,367,635,635;635;635,3,,page15:tag:entity562:key00B5ACA5:ref635:ord0;page174:tag:entity562:key00B5ACA5:ref635:ord0;page180:tag:entity562:key00B5ACA5:ref635:ord0,対ピースウォーカー戦,ピースウォーカーを制止せよ！,ピースウォーカー格納庫へ,,制止Peace Walker！,,MATCH,42,21,APPROVED,READY,NOT_TESTED,JPN_PRIMARY; MLG_CN_CONTEXT_AUXILIARY,mechanical template; resource_class=STAGEDAT_OLANG; source_objects=3
LANG_MISSION_INFO.OLANG,368,636,636;637;636;637;636;637,6,,page15:tag:entity647:key00D19EFA:ref636:ord0;page15:tag:entity535:key00A9F464:ref637:ord0;page174:tag:entity647:key00D19EFA:ref636:ord0;page174:tag:entity535:key00A9F464:ref637:ord0;page180:tag:entity647:key00D19EFA:ref636:ord0;page180:tag:entity535:key00A9F464:ref637:ord0,ピースウォーカーを制止せよ！,ピースウォーカー格納庫へ,完成間近のピースウォーカーが整備されている格納庫へ向かえ。,,前往Peace Walker机库,,MATCH,36,24,APPROVED,READY,NOT_TESTED,JPN_PRIMARY; MLG_CN_CONTEXT_AUXILIARY,mechanical template; resource_class=STAGEDAT_OLANG; source_objects=6
LANG_MISSION_INFO.OLANG,369,638,638;638;638,3,,page15:tag:entity442:key0095ACA5:ref638:ord0;page174:tag:entity442:key0095ACA5:ref638:ord0;page180:tag:entity442:key0095ACA5:ref638:ord0,ピースウォーカー格納庫へ,完成間近のピースウォーカーが整備されている格納庫へ向かえ。,独房からの脱出,,前往正在整备即将完成的Peace Walker所在的机库。,,MATCH,87,63,APPROVED,READY,NOT_TESTED,JPN_PRIMARY; MLG_CN_CONTEXT_AUXILIARY,mechanical template; resource_class=STAGEDAT_OLANG; source_objects=3
LANG_MISSION_INFO.OLANG,370,639,639;640;639;640;639;640,6,,page15:tag:entity553:key00B19EFA:ref639:ord0;page15:tag:entity534:key00A9EC64:ref640:ord0;page174:tag:entity553:key00B19EFA:ref639:ord0;page174:tag:entity534:key00A9EC64:ref640:ord0;page180:tag:entity553:key00B19EFA:ref639:ord0;page180:tag:entity534:key00A9EC64:ref640:ord0,完成間近のピースウォーカーが整備されている格納庫へ向かえ。,独房からの脱出,"独房から脱出せよ。
<C=FF4040>スネーク限定<C=R>。
※CO-OPSの場合、どちらかが死亡するとミッション失敗。",,逃出牢房,,MATCH,21,12,APPROVED,READY,NOT_TESTED,JPN_PRIMARY; MLG_CN_CONTEXT_AUXILIARY,mechanical template; resource_class=STAGEDAT_OLANG; source_objects=6; review_flag=JPN_CELL_IDENTITY_PRESERVED; AUX_TORTURE_CHAMBER_TITLE_REJECTED
LANG_MISSION_INFO.OLANG,371,641,641;641;641,3,,page15:tag:entity377:key0075ACA5:ref641:ord0;page174:tag:entity377:key0075ACA5:ref641:ord0;page180:tag:entity377:key0075ACA5:ref641:ord0,独房からの脱出,"独房から脱出せよ。
<C=FF4040>スネーク限定<C=R>。
※CO-OPSの場合、どちらかが死亡するとミッション失敗。",地下基地潜入,<C=FF4040> | <C=R>,"逃出牢房。
<C=FF4040>仅限Snake<C=R>。
※CO-OPS时，任一方死亡都会导致任务失败。",<C=FF4040> | <C=R>,MATCH,140,103,APPROVED,READY,NOT_TESTED,JPN_PRIMARY; MLG_CN_CONTEXT_AUXILIARY,mechanical template; resource_class=STAGEDAT_OLANG; source_objects=3; review_flag=JPN_CELL_IDENTITY_AND_CO_OPS_FAILURE_RULE_PRESERVED; AUX_TORTURE_CHAMBER_SUBSTITUTION_REJECTED
LANG_MISSION_INFO.OLANG,372,642,642;643;642;643;642;643,6,,page15:tag:entity646:key00D19EF7:ref642:ord0;page15:tag:entity533:key00A93464:ref643:ord0;page174:tag:entity646:key00D19EF7:ref642:ord0;page174:tag:entity533:key00A93464:ref643:ord0;page180:tag:entity646:key00D19EF7:ref642:ord0;page180:tag:entity533:key00A93464:ref643:ord0,"独房から脱出せよ。
<C=FF4040>スネーク限定<C=R>。
※CO-OPSの場合、どちらかが死亡するとミッション失敗。",地下基地潜入,地下基地深部を目指し、ピースウォーカーの完成を阻止せよ。,,潜入地下基地,,MATCH,18,18,APPROVED,READY,NOT_TESTED,JPN_PRIMARY; MLG_CN_CONTEXT_AUXILIARY,mechanical template; resource_class=STAGEDAT_OLANG; source_objects=6
LANG_MISSION_INFO.OLANG,373,644,644;644;644,3,,page15:tag:entity441:key0095ACA2:ref644:ord0;page174:tag:entity441:key0095ACA2:ref644:ord0;page180:tag:entity441:key0095ACA2:ref644:ord0,地下基地潜入,地下基地深部を目指し、ピースウォーカーの完成を阻止せよ。,対コクーン戦,,深入地下基地，阻止Peace Walker完成。,,MATCH,84,48,APPROVED,READY,NOT_TESTED,JPN_PRIMARY; MLG_CN_CONTEXT_AUXILIARY,mechanical template; resource_class=STAGEDAT_OLANG; source_objects=3
LANG_MISSION_INFO.OLANG,374,645,645;646;645;646;645;646,6,,page15:tag:entity552:key00B19EF7:ref645:ord0;page15:tag:entity532:key00A92C64:ref646:ord0;page174:tag:entity552:key00B19EF7:ref645:ord0;page174:tag:entity532:key00A92C64:ref646:ord0;page180:tag:entity552:key00B19EF7:ref645:ord0;page180:tag:entity532:key00A92C64:ref646:ord0,地下基地深部を目指し、ピースウォーカーの完成を阻止せよ。,対コクーン戦,基地の前に立ち塞がる『コクーン』を排除せよ。,,对Cocoon战,,MATCH,18,12,APPROVED,READY,NOT_TESTED,JPN_PRIMARY; MLG_CN_CONTEXT_AUXILIARY,mechanical template; resource_class=STAGEDAT_OLANG; source_objects=6
LANG_MISSION_INFO.OLANG,375,647,647;647;647,3,,page15:tag:entity376:key0075ACA2:ref647:ord0;page174:tag:entity376:key0075ACA2:ref647:ord0;page180:tag:entity376:key0075ACA2:ref647:ord0,対コクーン戦,基地の前に立ち塞がる『コクーン』を排除せよ。,衛兵排除,,排除挡在基地前方的『Cocoon』。,,MATCH,66,42,APPROVED,READY,NOT_TESTED,JPN_PRIMARY; MLG_CN_CONTEXT_AUXILIARY,mechanical template; resource_class=STAGEDAT_OLANG; source_objects=3
LANG_MISSION_INFO.OLANG,376,648,648;649;648;649;648;649,6,,page15:tag:entity436:key00919EF7:ref648:ord0;page15:tag:entity531:key00A92464:ref649:ord0;page174:tag:entity436:key00919EF7:ref648:ord0;page174:tag:entity531:key00A92464:ref649:ord0;page180:tag:entity436:key00919EF7:ref648:ord0;page180:tag:entity531:key00A92464:ref649:ord0,基地の前に立ち塞がる『コクーン』を排除せよ。,衛兵排除,『採掘場偽装基地』への潜入を阻む敵警備兵を排除せよ。,,排除卫兵,,MATCH,12,12,APPROVED,READY,NOT_TESTED,JPN_PRIMARY; MLG_CN_CONTEXT_AUXILIARY,mechanical template; resource_class=STAGEDAT_OLANG; source_objects=6
LANG_MISSION_INFO.OLANG,377,650,650;650;650,3,,page15:tag:entity318:key0055ACA2:ref650:ord0;page174:tag:entity318:key0055ACA2:ref650:ord0;page180:tag:entity318:key0055ACA2:ref650:ord0,衛兵排除,『採掘場偽装基地』への潜入を阻む敵警備兵を排除せよ。,採掘場偽装基地へ,,排除阻碍潜入『采掘场伪装基地』的敌方警卫兵。,,MATCH,78,66,APPROVED,READY,NOT_TESTED,JPN_PRIMARY; MLG_CN_CONTEXT_AUXILIARY,mechanical template; resource_class=STAGEDAT_OLANG; source_objects=3
LANG_MISSION_INFO.OLANG,378,651,651;652;651;652;651;652,6,,page15:tag:entity372:key00719EF7:ref651:ord0;page15:tag:entity530:key00A91C64:ref652:ord0;page174:tag:entity372:key00719EF7:ref651:ord0;page174:tag:entity530:key00A91C64:ref652:ord0;page180:tag:entity372:key00719EF7:ref651:ord0;page180:tag:entity530:key00A91C64:ref652:ord0,『採掘場偽装基地』への潜入を阻む敵警備兵を排除せよ。,採掘場偽装基地へ,"採掘場偽装基地へ向かい、『ママルポッド』と『ピースウォーカー』
の結合（アセンブル）を阻止せよ。",,前往采掘场伪装基地,,MATCH,24,27,APPROVED,READY,NOT_TESTED,JPN_PRIMARY; MLG_CN_CONTEXT_AUXILIARY,mechanical template; resource_class=STAGEDAT_OLANG; source_objects=6
LANG_MISSION_INFO.OLANG,379,653,653;653;653,3,,page15:tag:entity80:key0035ACA2:ref653:ord0;page174:tag:entity80:key0035ACA2:ref653:ord0;page180:tag:entity80:key0035ACA2:ref653:ord0,採掘場偽装基地へ,"採掘場偽装基地へ向かい、『ママルポッド』と『ピースウォーカー』
の結合（アセンブル）を阻止せよ。",対クリサリス戦,,"前往采掘场伪装基地，阻止『Mammal Pod』与『Peace Walker』
结合（Assemble）。",,MATCH,142,97,APPROVED,READY,NOT_TESTED,JPN_PRIMARY; MLG_CN_CONTEXT_AUXILIARY,mechanical template; resource_class=STAGEDAT_OLANG; source_objects=3; review_flag=JPN_ASSEMBLE_TERM_AND_NEWLINE_PRESERVED
LANG_MISSION_INFO.OLANG,380,654,654;655;654;655;654;655,6,,page15:tag:entity310:key00519EF7:ref654:ord0;page15:tag:entity529:key00A91464:ref655:ord0;page174:tag:entity310:key00519EF7:ref654:ord0;page174:tag:entity529:key00A91464:ref655:ord0;page180:tag:entity310:key00519EF7:ref654:ord0;page180:tag:entity529:key00A91464:ref655:ord0,"採掘場偽装基地へ向かい、『ママルポッド』と『ピースウォーカー』
の結合（アセンブル）を阻止せよ。",対クリサリス戦,急襲する『クリサリス』を排除せよ。,,对Chrysalis战,,MATCH,21,15,APPROVED,READY,NOT_TESTED,JPN_PRIMARY; MLG_CN_CONTEXT_AUXILIARY,mechanical template; resource_class=STAGEDAT_OLANG; source_objects=6
LANG_MISSION_INFO.OLANG,381,656,656;656;656,3,,page15:tag:entity25:key0015ACA2:ref656:ord0;page174:tag:entity25:key0015ACA2:ref656:ord0;page180:tag:entity25:key0015ACA2:ref656:ord0,対クリサリス戦,急襲する『クリサリス』を排除せよ。,IDカード捜索,,排除发动突袭的『Chrysalis』。,,MATCH,51,39,APPROVED,READY,NOT_TESTED,JPN_PRIMARY; MLG_CN_CONTEXT_AUXILIARY,mechanical template; resource_class=STAGEDAT_OLANG; source_objects=3
LANG_MISSION_INFO.OLANG,382,657,657;658;657;658;657;658,6,,page15:tag:entity72:key00319EF7:ref657:ord0;page15:tag:entity528:key00A90C64:ref658:ord0;page174:tag:entity72:key00319EF7:ref657:ord0;page174:tag:entity528:key00A90C64:ref658:ord0;page180:tag:entity72:key00319EF7:ref657:ord0;page180:tag:entity528:key00A90C64:ref658:ord0,急襲する『クリサリス』を排除せよ。,IDカード捜索,"IDカードを持つ兵士を捜索、カードを奪取せよ。
※IDカードが取得出来るよう、ENTRY GATEでは装備品の持ちすぎ
　に注意。",,搜索ID卡,,MATCH,17,11,APPROVED,READY,NOT_TESTED,JPN_PRIMARY; MLG_CN_CONTEXT_AUXILIARY,mechanical template; resource_class=STAGEDAT_OLANG; source_objects=6
LANG_MISSION_INFO.OLANG,383,659,659;659;659,3,,page15:tag:entity768:key00F5ACA1:ref659:ord0;page174:tag:entity768:key00F5ACA1:ref659:ord0;page180:tag:entity768:key00F5ACA1:ref659:ord0,IDカード捜索,"IDカードを持つ兵士を捜索、カードを奪取せよ。
※IDカードが取得出来るよう、ENTRY GATEでは装備品の持ちすぎ
　に注意。",研究施設（ラボ）へ,,"搜索持有ID卡的士兵，夺取卡片。
※为确保能够取得ID卡，在ENTRY GATE时注意不要携带过多装备品
　。",,MATCH,163,133,APPROVED,READY,NOT_TESTED,JPN_PRIMARY; MLG_CN_CONTEXT_AUXILIARY,mechanical template; resource_class=STAGEDAT_OLANG; source_objects=3; review_flag=JPN_ENTRY_GATE_NOTE_AND_FULLWIDTH_INDENT_PRESERVED
LANG_MISSION_INFO.OLANG,384,660,660;661;660;661;660;661,6,,page15:tag:entity15:key00119EF7:ref660:ord0;page15:tag:entity527:key00A90464:ref661:ord0;page174:tag:entity15:key00119EF7:ref660:ord0;page174:tag:entity527:key00A90464:ref661:ord0;page180:tag:entity15:key00119EF7:ref660:ord0;page180:tag:entity527:key00A90464:ref661:ord0,"IDカードを持つ兵士を捜索、カードを奪取せよ。
※IDカードが取得出来るよう、ENTRY GATEでは装備品の持ちすぎ
　に注意。",研究施設（ラボ）へ,"遺跡に偽装したDr.ストレンジラブの研究施設（ラボ）を目指し、
北上せよ。
　必要装備品：<C=FF4040>IDカード（H）<C=R>",,前往研究设施（Lab）,,MATCH,27,27,APPROVED,READY,NOT_TESTED,JPN_PRIMARY; MLG_CN_CONTEXT_AUXILIARY,mechanical template; resource_class=STAGEDAT_OLANG; source_objects=6
LANG_MISSION_INFO.OLANG,385,662,662;662;662,3,,page15:tag:entity656:key00D5ACA1:ref662:ord0;page174:tag:entity656:key00D5ACA1:ref662:ord0;page180:tag:entity656:key00D5ACA1:ref662:ord0,研究施設（ラボ）へ,"遺跡に偽装したDr.ストレンジラブの研究施設（ラボ）を目指し、
北上せよ。
　必要装備品：<C=FF4040>IDカード（H）<C=R>",対戦闘ヘリ戦：Mi-24A,<C=FF4040> | <C=R>,"前往伪装成遗迹的Dr. Strangelove研究设施（Lab），
向北前进。
　必要装备品：<C=FF4040>ID卡（H）<C=R>",<C=FF4040> | <C=R>,MATCH,158,128,APPROVED,READY,NOT_TESTED,JPN_PRIMARY; MLG_CN_CONTEXT_AUXILIARY,mechanical template; resource_class=STAGEDAT_OLANG; source_objects=3; review_flag=JPN_LINEBREAK_FULLWIDTH_INDENT_AND_ID_CARD_H_CONTROL_PRESERVED
LANG_MISSION_INFO.OLANG,386,663,663;664;663;664;663;664,6,,page15:tag:entity756:key00F19EF6:ref663:ord0;page15:tag:entity526:key00A8FC64:ref664:ord0;page174:tag:entity756:key00F19EF6:ref663:ord0;page174:tag:entity526:key00A8FC64:ref664:ord0;page180:tag:entity756:key00F19EF6:ref663:ord0;page180:tag:entity526:key00A8FC64:ref664:ord0,"遺跡に偽装したDr.ストレンジラブの研究施設（ラボ）を目指し、
北上せよ。
　必要装備品：<C=FF4040>IDカード（H）<C=R>",対戦闘ヘリ戦：Mi-24A,敵戦闘ヘリを無力化せよ。,,对战斗直升机战：Mi-24A,,MATCH,27,30,APPROVED,READY,NOT_TESTED,JPN_PRIMARY; MLG_CN_CONTEXT_AUXILIARY,mechanical template; resource_class=STAGEDAT_OLANG; source_objects=6
LANG_MISSION_INFO.OLANG,387,665,665;665;665,3,,page15:tag:entity561:key00B5ACA1:ref665:ord0;page174:tag:entity561:key00B5ACA1:ref665:ord0;page180:tag:entity561:key00B5ACA1:ref665:ord0,対戦闘ヘリ戦：Mi-24A,敵戦闘ヘリを無力化せよ。,熱帯雲霧林へ,,使敌方战斗直升机失去行动能力。,,MATCH,36,45,APPROVED,READY,NOT_TESTED,JPN_PRIMARY; MLG_CN_CONTEXT_AUXILIARY,mechanical template; resource_class=STAGEDAT_OLANG; source_objects=3; review_flag=JPN_無力化_NONLETHAL_SEMANTICS
LANG_MISSION_INFO.OLANG,388,666,666;667;666;667;666;667,6,,page15:tag:entity645:key00D19EF6:ref666:ord0;page15:tag:entity525:key00A8F464:ref667:ord0;page174:tag:entity645:key00D19EF6:ref666:ord0;page174:tag:entity525:key00A8F464:ref667:ord0;page180:tag:entity645:key00D19EF6:ref666:ord0;page180:tag:entity525:key00A8F464:ref667:ord0,敵戦闘ヘリを無力化せよ。,熱帯雲霧林へ,"エレディア中央、マヤ遺跡に偽装したDr.ストレンジラブの
『研究施設（ラボ）』を目指し、北へ向かえ。",,前往热带云雾林,,MATCH,18,21,APPROVED,READY,NOT_TESTED,JPN_PRIMARY; MLG_CN_CONTEXT_AUXILIARY,mechanical template; resource_class=STAGEDAT_OLANG; source_objects=6
LANG_MISSION_INFO.OLANG,389,668,668;668;668,3,,page15:tag:entity440:key0095ACA1:ref668:ord0;page174:tag:entity440:key0095ACA1:ref668:ord0;page180:tag:entity440:key0095ACA1:ref668:ord0,熱帯雲霧林へ,"エレディア中央、マヤ遺跡に偽装したDr.ストレンジラブの
『研究施設（ラボ）』を目指し、北へ向かえ。",対ピューパ戦,,"前往埃雷迪亚中部，向北寻找伪装成玛雅遗迹的Dr. Strangelove
『研究设施（Lab）』。",,MATCH,142,109,APPROVED,READY,NOT_TESTED,JPN_PRIMARY; MLG_CN_CONTEXT_AUXILIARY,mechanical template; resource_class=STAGEDAT_OLANG; source_objects=3; review_flag=JPN_LINEBREAK_PRESERVED
LANG_MISSION_INFO.OLANG,390,669,669;670;669;670;669;670,6,,page15:tag:entity551:key00B19EF6:ref669:ord0;page15:tag:entity524:key00A8EC64:ref670:ord0;page174:tag:entity551:key00B19EF6:ref669:ord0;page174:tag:entity524:key00A8EC64:ref670:ord0;page180:tag:entity551:key00B19EF6:ref669:ord0;page180:tag:entity524:key00A8EC64:ref670:ord0,"エレディア中央、マヤ遺跡に偽装したDr.ストレンジラブの
『研究施設（ラボ）』を目指し、北へ向かえ。",対ピューパ戦,敵兵器、『ピューパ』を排除せよ。,,对Pupa战,,MATCH,18,10,APPROVED,READY,NOT_TESTED,JPN_PRIMARY; MLG_CN_CONTEXT_AUXILIARY,mechanical template; resource_class=STAGEDAT_OLANG; source_objects=6
LANG_MISSION_INFO.OLANG,391,671,671;671;671,3,,page15:tag:entity375:key0075ACA1:ref671:ord0;page174:tag:entity375:key0075ACA1:ref671:ord0;page180:tag:entity375:key0075ACA1:ref671:ord0,対ピューパ戦,敵兵器、『ピューパ』を排除せよ。,火口内基地潜入,,排除敌方兵器『Pupa』。,,MATCH,48,31,APPROVED,READY,NOT_TESTED,JPN_PRIMARY; MLG_CN_CONTEXT_AUXILIARY,mechanical template; resource_class=STAGEDAT_OLANG; source_objects=3
LANG_MISSION_INFO.OLANG,392,672,672;673;672;673;672;673,6,,page15:tag:entity644:key00D19EF3:ref672:ord0;page15:tag:entity523:key00A83464:ref673:ord0;page174:tag:entity644:key00D19EF3:ref672:ord0;page174:tag:entity523:key00A83464:ref673:ord0;page180:tag:entity644:key00D19EF3:ref672:ord0;page180:tag:entity523:key00A83464:ref673:ord0,敵兵器、『ピューパ』を排除せよ。,火口内基地潜入,核弾頭を追い、敵の本拠地である火口内基地へ潜入せよ。,,潜入火山口内基地,,MATCH,21,24,APPROVED,READY,NOT_TESTED,JPN_PRIMARY; MLG_CN_CONTEXT_AUXILIARY,mechanical template; resource_class=STAGEDAT_OLANG; source_objects=6
LANG_MISSION_INFO.OLANG,393,674,674;674;674,3,,page15:tag:entity439:key0095AC9E:ref674:ord0;page174:tag:entity439:key0095AC9E:ref674:ord0;page180:tag:entity439:key0095AC9E:ref674:ord0,火口内基地潜入,核弾頭を追い、敵の本拠地である火口内基地へ潜入せよ。,バリケード破壊,,追踪核弹头，潜入敌方大本营——火山口内基地。,,MATCH,78,66,APPROVED,READY,NOT_TESTED,JPN_PRIMARY; MLG_CN_CONTEXT_AUXILIARY,mechanical template; resource_class=STAGEDAT_OLANG; source_objects=3
LANG_MISSION_INFO.OLANG,394,675,675;676;675;676;675;676,6,,page15:tag:entity550:key00B19EF3:ref675:ord0;page15:tag:entity522:key00A82C64:ref676:ord0;page174:tag:entity550:key00B19EF3:ref675:ord0;page174:tag:entity522:key00A82C64:ref676:ord0;page180:tag:entity550:key00B19EF3:ref675:ord0;page180:tag:entity522:key00A82C64:ref676:ord0,核弾頭を追い、敵の本拠地である火口内基地へ潜入せよ。,バリケード破壊,"核弾頭を積載したトラックが消えたイラス山岳地帯へ向かうため、
収容施設北側の橋を封鎖するバリケードをC4爆弾で破壊せよ。
　必要武器：<C=FF4040>C4爆弾<C=R>",,破坏路障,,MATCH,21,12,APPROVED,READY,NOT_TESTED,JPN_PRIMARY; MLG_CN_CONTEXT_AUXILIARY,mechanical template; resource_class=STAGEDAT_OLANG; source_objects=6
LANG_MISSION_INFO.OLANG,395,677,677;677;677,3,,page15:tag:entity374:key0075AC9E:ref677:ord0;page174:tag:entity374:key0075AC9E:ref677:ord0;page180:tag:entity374:key0075AC9E:ref677:ord0,バリケード破壊,"核弾頭を積載したトラックが消えたイラス山岳地帯へ向かうため、
収容施設北側の橋を封鎖するバリケードをC4爆弾で破壊せよ。
　必要武器：<C=FF4040>C4爆弾<C=R>",対戦車戦：T-72U,<C=FF4040> | <C=R>,"为前往载有核弹头的卡车消失的伊拉苏山地，
用C4炸弹摧毁封锁收容设施北侧桥梁的路障。
　必要武器：<C=FF4040>C4炸弹<C=R>",<C=FF4040> | <C=R>,MATCH,216,162,APPROVED,READY,NOT_TESTED,JPN_PRIMARY; MLG_CN_CONTEXT_AUXILIARY,mechanical template; resource_class=STAGEDAT_OLANG; source_objects=3; review_flag=JPN_LINEBREAK_FULLWIDTH_INDENT_AND_C4_CONTROL_PRESERVED
LANG_MISSION_INFO.OLANG,396,678,678;679;678;679;678;679,6,,page15:tag:entity435:key00919EF3:ref678:ord0;page15:tag:entity521:key00A82464:ref679:ord0;page174:tag:entity435:key00919EF3:ref678:ord0;page174:tag:entity521:key00A82464:ref679:ord0;page180:tag:entity435:key00919EF3:ref678:ord0;page180:tag:entity521:key00A82464:ref679:ord0,"核弾頭を積載したトラックが消えたイラス山岳地帯へ向かうため、
収容施設北側の橋を封鎖するバリケードをC4爆弾で破壊せよ。
　必要武器：<C=FF4040>C4爆弾<C=R>",対戦車戦：T-72U,核弾頭追跡を阻む敵戦車を無力化せよ。,,对战车战：T-72U,,MATCH,20,20,APPROVED,READY,NOT_TESTED,JPN_PRIMARY; MLG_CN_CONTEXT_AUXILIARY,mechanical template; resource_class=STAGEDAT_OLANG; source_objects=6
LANG_MISSION_INFO.OLANG,397,680,680;680;680,3,,page15:tag:entity317:key0055AC9E:ref680:ord0;page174:tag:entity317:key0055AC9E:ref680:ord0;page180:tag:entity317:key0055AC9E:ref680:ord0,対戦車戦：T-72U,核弾頭追跡を阻む敵戦車を無力化せよ。,ジャングルトレイン追跡,,使阻碍追踪核弹头的敌方战车失去行动能力。,,MATCH,54,60,APPROVED,READY,NOT_TESTED,JPN_PRIMARY; MLG_CN_CONTEXT_AUXILIARY,mechanical template; resource_class=STAGEDAT_OLANG; source_objects=3; review_flag=JPN_無力化_NONLETHAL_SEMANTICS
LANG_MISSION_INFO.OLANG,398,681,681;682;681;682;681;682,6,,page15:tag:entity371:key00719EF3:ref681:ord0;page15:tag:entity520:key00A81C64:ref682:ord0;page174:tag:entity371:key00719EF3:ref681:ord0;page174:tag:entity520:key00A81C64:ref682:ord0;page180:tag:entity371:key00719EF3:ref681:ord0;page180:tag:entity520:key00A81C64:ref682:ord0,核弾頭追跡を阻む敵戦車を無力化せよ。,ジャングルトレイン追跡,"イラス敵本拠地への核物資搬入を阻止すべく、『エル・カダルソ』に
構えた中継地点、ジャングルトレイン列車車庫（ターミナル）へ
急行せよ。",,追踪Jungle Train,,MATCH,33,18,APPROVED,READY,NOT_TESTED,JPN_PRIMARY; MLG_CN_CONTEXT_AUXILIARY,mechanical template; resource_class=STAGEDAT_OLANG; source_objects=6
LANG_MISSION_INFO.OLANG,399,683,683;683;683,3,,page15:tag:entity79:key0035AC9E:ref683:ord0;page174:tag:entity79:key0035AC9E:ref683:ord0;page180:tag:entity79:key0035AC9E:ref683:ord0,ジャングルトレイン追跡,"イラス敵本拠地への核物資搬入を阻止すべく、『エル・カダルソ』に
構えた中継地点、ジャングルトレイン列車車庫（ターミナル）へ
急行せよ。",チコ救出,,"为阻止核物资运入伊拉苏敌方大本营，立即赶往设在『El Cadalso』的
中转地点——Jungle Train列车车库（Terminal）。",,MATCH,197,148,APPROVED,READY,NOT_TESTED,JPN_PRIMARY; MLG_CN_CONTEXT_AUXILIARY,mechanical template; resource_class=STAGEDAT_OLANG; source_objects=3; review_flag=JPN_TWO_LINE_LAYOUT_PRESERVED
LANG_MISSION_INFO.OLANG,400,684,684;685;684;685;684;685,6,,page15:tag:entity309:key00519EF3:ref684:ord0;page15:tag:entity519:key00A81464:ref685:ord0;page174:tag:entity309:key00519EF3:ref684:ord0;page174:tag:entity519:key00A81464:ref685:ord0;page180:tag:entity309:key00519EF3:ref684:ord0;page180:tag:entity519:key00A81464:ref685:ord0,"イラス敵本拠地への核物資搬入を阻止すべく、『エル・カダルソ』に
構えた中継地点、ジャングルトレイン列車車庫（ターミナル）へ
急行せよ。",チコ救出,"『アルデア・ロス・デスピェルトス』収容施設に捕らわれている
チコを救出、米傭兵部隊の核物資搬送ルートを探れ。",,营救Chico,,MATCH,12,11,APPROVED,READY,NOT_TESTED,JPN_PRIMARY; MLG_CN_CONTEXT_AUXILIARY,mechanical template; resource_class=STAGEDAT_OLANG; source_objects=6
LANG_MISSION_INFO.OLANG,401,686,686;686;686,3,,page15:tag:entity24:key0015AC9E:ref686:ord0;page174:tag:entity24:key0015AC9E:ref686:ord0;page180:tag:entity24:key0015AC9E:ref686:ord0,チコ救出,"『アルデア・ロス・デスピェルトス』収容施設に捕らわれている
チコを救出、米傭兵部隊の核物資搬送ルートを探れ。",対装甲車戦：LAV-typeG,,"营救被关押在Aldea Los Despiertos收容设施的
Chico，并查明美军佣兵部队的核物资运输路线。",,MATCH,160,116,APPROVED,READY,NOT_TESTED,JPN_PRIMARY; MLG_CN_CONTEXT_AUXILIARY,mechanical template; resource_class=STAGEDAT_OLANG; source_objects=3; review_flag=JPN_LOCATION_AND_NEWLINE_PRESERVED
LANG_MISSION_INFO.OLANG,402,687,687;688;687;688;687;688,6,,page15:tag:entity71:key00319EF3:ref687:ord0;page15:tag:entity518:key00A80C64:ref688:ord0;page174:tag:entity71:key00319EF3:ref687:ord0;page174:tag:entity518:key00A80C64:ref688:ord0;page180:tag:entity71:key00319EF3:ref687:ord0;page180:tag:entity518:key00A80C64:ref688:ord0,"『アルデア・ロス・デスピェルトス』収容施設に捕らわれている
チコを救出、米傭兵部隊の核物資搬送ルートを探れ。",対装甲車戦：LAV-typeG,急襲する敵装甲車を無力化、アマンダを追え。,,对装甲车战：LAV-typeG,,MATCH,27,27,APPROVED,READY,NOT_TESTED,JPN_PRIMARY; MLG_CN_CONTEXT_AUXILIARY,mechanical template; resource_class=STAGEDAT_OLANG; source_objects=6; review_flag=JPN_MODEL_CASE_PRESERVED
LANG_MISSION_INFO.OLANG,403,689,689;689;689,3,,page15:tag:entity767:key00F5AC9D:ref689:ord0;page174:tag:entity767:key00F5AC9D:ref689:ord0;page180:tag:entity767:key00F5AC9D:ref689:ord0,対装甲車戦：LAV-typeG,急襲する敵装甲車を無力化、アマンダを追え。,アマンダ追跡,,使突袭而来的敌方装甲车失去行动能力，追击Amanda。,,MATCH,63,69,APPROVED,READY,NOT_TESTED,JPN_PRIMARY; MLG_CN_CONTEXT_AUXILIARY,mechanical template; resource_class=STAGEDAT_OLANG; source_objects=3; review_flag=JPN_無力化_NONLETHAL_SEMANTICS
LANG_MISSION_INFO.OLANG,404,690,690;691;690;691;690;691,6,,page15:tag:entity14:key00119EF3:ref690:ord0;page15:tag:entity517:key00A80464:ref691:ord0;page174:tag:entity14:key00119EF3:ref690:ord0;page174:tag:entity517:key00A80464:ref691:ord0;page180:tag:entity14:key00119EF3:ref690:ord0;page180:tag:entity517:key00A80464:ref691:ord0,急襲する敵装甲車を無力化、アマンダを追え。,アマンダ追跡,"FSLN（サンディニスタ）の代表者、アマンダを追い、
核物資搬送ルート、及び敵拠点の情報を入手せよ。",,追击Amanda,,MATCH,18,12,APPROVED,READY,NOT_TESTED,JPN_PRIMARY; MLG_CN_CONTEXT_AUXILIARY,mechanical template; resource_class=STAGEDAT_OLANG; source_objects=6
LANG_MISSION_INFO.OLANG,405,692,692;692;692,3,,page15:tag:entity655:key00D5AC9D:ref692:ord0;page174:tag:entity655:key00D5AC9D:ref692:ord0;page180:tag:entity655:key00D5AC9D:ref692:ord0,アマンダ追跡,"FSLN（サンディニスタ）の代表者、アマンダを追い、
核物資搬送ルート、及び敵拠点の情報を入手せよ。",サンディニスタ司令官接触,,"追击FSLN（桑地诺民族解放阵线）代表Amanda，
获取核物资运输路线及敌方据点的情报。",,MATCH,140,113,APPROVED,READY,NOT_TESTED,JPN_PRIMARY; MLG_CN_CONTEXT_AUXILIARY,mechanical template; resource_class=STAGEDAT_OLANG; source_objects=3; review_flag=JPN_FSLN_REPRESENTATIVE_AND_NEWLINE_PRESERVED
LANG_MISSION_INFO.OLANG,406,693,693;694;693;694;693;694,6,,page15:tag:entity755:key00F19EF2:ref693:ord0;page15:tag:entity516:key00A7FC64:ref694:ord0;page174:tag:entity755:key00F19EF2:ref693:ord0;page174:tag:entity516:key00A7FC64:ref694:ord0;page180:tag:entity755:key00F19EF2:ref693:ord0;page180:tag:entity516:key00A7FC64:ref694:ord0,"FSLN（サンディニスタ）の代表者、アマンダを追い、
核物資搬送ルート、及び敵拠点の情報を入手せよ。",サンディニスタ司令官接触,"リモン東の湿地帯ジャングルに分け入り、FSLN（サンディニスタ）
の隠れ家へ到達、司令官と接触せよ。",,接触桑地诺司令官,,MATCH,36,24,APPROVED,READY,NOT_TESTED,JPN_PRIMARY; MLG_CN_CONTEXT_AUXILIARY,mechanical template; resource_class=STAGEDAT_OLANG; source_objects=6
LANG_MISSION_INFO.OLANG,407,695,695;695;695,3,,page15:tag:entity560:key00B5AC9D:ref695:ord0;page174:tag:entity560:key00B5AC9D:ref695:ord0;page180:tag:entity560:key00B5AC9D:ref695:ord0,サンディニスタ司令官接触,"リモン東の湿地帯ジャングルに分け入り、FSLN（サンディニスタ）
の隠れ家へ到達、司令官と接触せよ。",発端/資材搬入施設調査,,"深入利蒙东部的湿地丛林，抵达FSLN（桑地诺民族解放阵线）的
藏身处，与司令官接触。",,MATCH,140,116,APPROVED,READY,NOT_TESTED,JPN_PRIMARY; MLG_CN_CONTEXT_AUXILIARY,mechanical template; resource_class=STAGEDAT_OLANG; source_objects=3; review_flag=JPN_FSLN_HIDEOUT_AND_NEWLINE_PRESERVED
LANG_MISSION_INFO.OLANG,408,696,696;697;696;697;696;697,6,,page15:tag:entity643:key00D19EF2:ref696:ord0;page15:tag:entity515:key00A7F464:ref697:ord0;page174:tag:entity643:key00D19EF2:ref696:ord0;page174:tag:entity515:key00A7F464:ref697:ord0;page180:tag:entity643:key00D19EF2:ref696:ord0;page180:tag:entity515:key00A7F464:ref697:ord0,"リモン東の湿地帯ジャングルに分け入り、FSLN（サンディニスタ）
の隠れ家へ到達、司令官と接触せよ。",発端/資材搬入施設調査,"パスが捕らわれていたカリブ海沿岸『プエルト・デル・アルバ』
の資材搬入施設へ潜入、コスタリカに展開する武装集団の各拠点
情報を入手せよ。
<C=FF4040>スネーク限定<C=R>。
<C=FF4040>SINGLE限定<C=R>。",,发端/物资搬入设施调查,,MATCH,31,31,APPROVED,READY,NOT_TESTED,JPN_PRIMARY; MLG_CN_CONTEXT_AUXILIARY,mechanical template; resource_class=STAGEDAT_OLANG; source_objects=6; review_flag=JPN_TITLE_SEMANTICS_PRESERVED
LANG_MISSION_INFO.OLANG,409,698,698;698;698,3,,page15:tag:entity438:key0095AC9D:ref698:ord0;page174:tag:entity438:key0095AC9D:ref698:ord0;page180:tag:entity438:key0095AC9D:ref698:ord0,発端/資材搬入施設調査,"パスが捕らわれていたカリブ海沿岸『プエルト・デル・アルバ』
の資材搬入施設へ潜入、コスタリカに展開する武装集団の各拠点
情報を入手せよ。
<C=FF4040>スネーク限定<C=R>。
<C=FF4040>SINGLE限定<C=R>。",？？？,<C=FF4040> | <C=R> | <C=FF4040> | <C=R>,"潜入Paz曾被关押的加勒比海沿岸『Puerto del Alba』
物资搬入设施，获取部署在哥斯达黎加的武装集团各据点
情报。
<C=FF4040>仅限Snake<C=R>。
<C=FF4040>仅限SINGLE<C=R>。",<C=FF4040> | <C=R> | <C=FF4040> | <C=R>,MATCH,268,210,APPROVED,READY,NOT_TESTED,JPN_PRIMARY; MLG_CN_CONTEXT_AUXILIARY,mechanical template; resource_class=STAGEDAT_OLANG; source_objects=3; review_flag=TWO_COLOR_PAIRS_AND_SOURCE_LINEBREAKS_PRESERVED
LANG_MISSION_INFO.OLANG,410,699,699;700;699;700;699;700,6,,page15:tag:entity433:key0086E689:ref699:ord0;page15:tag:entity344:key005E4019:ref700:ord0;page174:tag:entity433:key0086E689:ref699:ord0;page174:tag:entity344:key005E4019:ref700:ord0;page180:tag:entity433:key0086E689:ref699:ord0;page180:tag:entity344:key005E4019:ref700:ord0,"パスが捕らわれていたカリブ海沿岸『プエルト・デル・アルバ』
の資材搬入施設へ潜入、コスタリカに展開する武装集団の各拠点
情報を入手せよ。
<C=FF4040>スネーク限定<C=R>。
<C=FF4040>SINGLE限定<C=R>。",？？？,DEMO OPS 045,,？？？,,MATCH,9,9,APPROVED,READY,NOT_TESTED,JPN_PRIMARY; MLG_CN_CONTEXT_AUXILIARY,mechanical template; resource_class=STAGEDAT_OLANG; source_objects=6; review_flag=IDENTITY_PRESERVE
LANG_MISSION_INFO.OLANG,411,701,701;702;703;701;702;703;701;702;703,9,,page15:tag:entity316:key0054F3AF:ref701:ord0;page15:tag:entity700:key00D71539:ref702:ord0;page15:tag:entity40:key0019015A:ref703:ord0;page174:tag:entity316:key0054F3AF:ref701:ord0;page174:tag:entity700:key00D71539:ref702:ord0;page174:tag:entity40:key0019015A:ref703:ord0;page180:tag:entity316:key0054F3AF:ref701:ord0;page180:tag:entity700:key00D71539:ref702:ord0;page180:tag:entity40:key0019015A:ref703:ord0,？？？,DEMO OPS 045,【DEMO：35】怪獣島（イスラ・デル・モンストルオ）へ,,DEMO OPS 045,,MATCH,12,12,APPROVED,READY,NOT_TESTED,JPN_PRIMARY; MLG_CN_CONTEXT_AUXILIARY,mechanical template; resource_class=STAGEDAT_OLANG; source_objects=9; review_flag=IDENTITY_PRESERVE
LANG_MISSION_INFO.OLANG,412,704,704;705;704;705;704;705,6,,page15:tag:entity315:key0053F3AF:ref704:ord0;page15:tag:entity699:key00D714F9:ref705:ord0;page174:tag:entity315:key0053F3AF:ref704:ord0;page174:tag:entity699:key00D714F9:ref705:ord0;page180:tag:entity315:key0053F3AF:ref704:ord0;page180:tag:entity699:key00D714F9:ref705:ord0,DEMO OPS 045,【DEMO：35】怪獣島（イスラ・デル・モンストルオ）へ,"トレニャーの誘いで、スネークは怪獣島（イスラ・デル・モンストルオ）
へ…。
　EXTRA OPS 《狩猟クエスト》より
©CAPCOM CO., LTD.",,【DEMO：35】前往怪兽岛（Isla del Monstruo）,,MATCH,72,53,APPROVED,READY,NOT_TESTED,JPN_PRIMARY; MLG_CN_CONTEXT_AUXILIARY,mechanical template; resource_class=STAGEDAT_OLANG; source_objects=6
LANG_MISSION_INFO.OLANG,413,706,706;706;706,3,,page15:tag:entity36:key0018015A:ref706:ord0;page174:tag:entity36:key0018015A:ref706:ord0;page180:tag:entity36:key0018015A:ref706:ord0,【DEMO：35】怪獣島（イスラ・デル・モンストルオ）へ,"トレニャーの誘いで、スネークは怪獣島（イスラ・デル・モンストルオ）
へ…。
　EXTRA OPS 《狩猟クエスト》より
©CAPCOM CO., LTD.",【DEMO：34】出会い,,"应Trenya邀请，Snake前往怪兽岛（Isla del Monstruo）……。
　出自EXTRA OPS《狩猎任务》
©CAPCOM CO., LTD.",,MATCH,172,126,APPROVED,READY,NOT_TESTED,JPN_PRIMARY; MLG_CN_CONTEXT_AUXILIARY,mechanical template; resource_class=STAGEDAT_OLANG; source_objects=3; review_flag=JPN_COPYRIGHT_TEXT_AND_FULLWIDTH_INDENT_PRESERVED; AUX_I_CPY_CONTROL_REJECTED
LANG_MISSION_INFO.OLANG,414,707,707;708;707;708;707;708,6,,page15:tag:entity314:key0052F3AF:ref707:ord0;page15:tag:entity698:key00D714B9:ref708:ord0;page174:tag:entity314:key0052F3AF:ref707:ord0;page174:tag:entity698:key00D714B9:ref708:ord0;page180:tag:entity314:key0052F3AF:ref707:ord0;page180:tag:entity698:key00D714B9:ref708:ord0,"トレニャーの誘いで、スネークは怪獣島（イスラ・デル・モンストルオ）
へ…。
　EXTRA OPS 《狩猟クエスト》より
©CAPCOM CO., LTD.",【DEMO：34】出会い,"スネークがコスタリカの海岸で出会った“来訪者”は…。


©CAPCOM CO., LTD.",,【DEMO：34】邂逅,,MATCH,24,21,APPROVED,READY,NOT_TESTED,JPN_PRIMARY; MLG_CN_CONTEXT_AUXILIARY,mechanical template; resource_class=STAGEDAT_OLANG; source_objects=6
LANG_MISSION_INFO.OLANG,415,709,709;709;709,3,,page15:tag:entity32:key0017015A:ref709:ord0;page174:tag:entity32:key0017015A:ref709:ord0;page180:tag:entity32:key0017015A:ref709:ord0,【DEMO：34】出会い,"スネークがコスタリカの海岸で出会った“来訪者”は…。


©CAPCOM CO., LTD.",【DEMO：33】天国の外側,,"Snake在哥斯达黎加海岸遇到的“来访者”究竟是……。


©CAPCOM CO., LTD.",,MATCH,99,92,APPROVED,READY,NOT_TESTED,JPN_PRIMARY; MLG_CN_CONTEXT_AUXILIARY,mechanical template; resource_class=STAGEDAT_OLANG; source_objects=3; review_flag=JPN_THREE_NEWLINES_AND_COPYRIGHT_TEXT_PRESERVED; AUX_I_CPY_CONTROL_REJECTED
LANG_MISSION_INFO.OLANG,416,710,710;711;710;711;710;711,6,,page15:tag:entity313:key0051F3AF:ref710:ord0;page15:tag:entity697:key00D71479:ref711:ord0;page174:tag:entity313:key0051F3AF:ref710:ord0;page174:tag:entity697:key00D71479:ref711:ord0;page180:tag:entity313:key0051F3AF:ref710:ord0;page180:tag:entity697:key00D71479:ref711:ord0,"スネークがコスタリカの海岸で出会った“来訪者”は…。


©CAPCOM CO., LTD.",【DEMO：33】天国の外側,"メタルギアZEKE沈黙から数時間後のマザーベースで。
　MAIN OPS 『対メタルギアZEKE戦』より",,【DEMO：33】世外天堂,,MATCH,30,27,APPROVED,READY,NOT_TESTED,JPN_PRIMARY; MLG_CN_CONTEXT_AUXILIARY,mechanical template; resource_class=STAGEDAT_OLANG; source_objects=6; review_flag=ESTABLISHED_MGS_TERM; JPN_OUTER_HEAVEN_SEMANTICS
LANG_MISSION_INFO.OLANG,417,712,712;712;712,3,,page15:tag:entity29:key0016015A:ref712:ord0;page174:tag:entity29:key0016015A:ref712:ord0;page180:tag:entity29:key0016015A:ref712:ord0,【DEMO：33】天国の外側,"メタルギアZEKE沈黙から数時間後のマザーベースで。
　MAIN OPS 『対メタルギアZEKE戦』より",【DEMO：32】決着,,"METAL GEAR ZEKE沉默数小时后的Mother Base。
　出自MAIN OPS『对METAL GEAR ZEKE战』",,MATCH,120,95,APPROVED,READY,NOT_TESTED,JPN_PRIMARY; MLG_CN_CONTEXT_AUXILIARY,mechanical template; resource_class=STAGEDAT_OLANG; source_objects=3; review_flag=FULLWIDTH_INDENT_AND_SOURCE_REFERENCE_PRESERVED
LANG_MISSION_INFO.OLANG,418,713,713;714;713;714;713;714,6,,page15:tag:entity308:key0050F3AF:ref713:ord0;page15:tag:entity696:key00D71439:ref714:ord0;page174:tag:entity308:key0050F3AF:ref713:ord0;page174:tag:entity696:key00D71439:ref714:ord0;page180:tag:entity308:key0050F3AF:ref713:ord0;page180:tag:entity696:key00D71439:ref714:ord0,"メタルギアZEKE沈黙から数時間後のマザーベースで。
　MAIN OPS 『対メタルギアZEKE戦』より",【DEMO：32】決着,"スネークとその部隊は、メタルギアZEKEを制止する。
　MAIN OPS 『対メタルギアZEKE戦』より",,【DEMO：32】了结,,MATCH,21,21,APPROVED,READY,NOT_TESTED,JPN_PRIMARY; MLG_CN_CONTEXT_AUXILIARY,mechanical template; resource_class=STAGEDAT_OLANG; source_objects=6
LANG_MISSION_INFO.OLANG,419,715,715;715;715,3,,page15:tag:entity23:key0015015A:ref715:ord0;page174:tag:entity23:key0015015A:ref715:ord0;page180:tag:entity23:key0015015A:ref715:ord0,【DEMO：32】決着,"スネークとその部隊は、メタルギアZEKEを制止する。
　MAIN OPS 『対メタルギアZEKE戦』より",【DEMO：31】潜入工作員,,"Snake及其部队制止了METAL GEAR ZEKE。
　出自MAIN OPS『对METAL GEAR ZEKE战』",,MATCH,120,89,APPROVED,READY,NOT_TESTED,JPN_PRIMARY; MLG_CN_CONTEXT_AUXILIARY,mechanical template; resource_class=STAGEDAT_OLANG; source_objects=3; review_flag=JPN_制止_SEMANTICS_AND_FULLWIDTH_INDENT_PRESERVED
LANG_MISSION_INFO.OLANG,420,716,716;717;716;717;716;717,6,,page15:tag:entity307:key004FF3AF:ref716:ord0;page15:tag:entity695:key00D713F9:ref717:ord0;page174:tag:entity307:key004FF3AF:ref716:ord0;page174:tag:entity695:key00D713F9:ref717:ord0;page180:tag:entity307:key004FF3AF:ref716:ord0;page180:tag:entity695:key00D713F9:ref717:ord0,"スネークとその部隊は、メタルギアZEKEを制止する。
　MAIN OPS 『対メタルギアZEKE戦』より",【DEMO：31】潜入工作員,"スネークは脱走したKGBの工作員、ザドルノフを発見する。
そして…。",,【DEMO：31】潜入工作员,,MATCH,30,30,APPROVED,READY,NOT_TESTED,JPN_PRIMARY; MLG_CN_CONTEXT_AUXILIARY,mechanical template; resource_class=STAGEDAT_OLANG; source_objects=6
LANG_MISSION_INFO.OLANG,421,718,718;718;718,3,,page15:tag:entity21:key0014015A:ref718:ord0;page174:tag:entity21:key0014015A:ref718:ord0;page180:tag:entity21:key0014015A:ref718:ord0,【DEMO：31】潜入工作員,"スネークは脱走したKGBの工作員、ザドルノフを発見する。
そして…。",【DEMO：30】平和,,"Snake发现了逃跑的KGB工作员Zadornov。
然后……。",,MATCH,94,62,APPROVED,READY,NOT_TESTED,JPN_PRIMARY; MLG_CN_CONTEXT_AUXILIARY,mechanical template; resource_class=STAGEDAT_OLANG; source_objects=3; review_flag=SOURCE_NEWLINE_AND_ELLIPSIS_PRESERVED
LANG_MISSION_INFO.OLANG,422,719,719;720;719;720;719;720,6,,page15:tag:entity89:key0038F3AF:ref719:ord0;page15:tag:entity694:key00D70E39:ref720:ord0;page174:tag:entity89:key0038F3AF:ref719:ord0;page174:tag:entity694:key00D70E39:ref720:ord0;page180:tag:entity89:key0038F3AF:ref719:ord0;page180:tag:entity694:key00D70E39:ref720:ord0,"スネークは脱走したKGBの工作員、ザドルノフを発見する。
そして…。",【DEMO：30】平和,"沈黙するピースウォーカー。全面核戦争のリミットが迫る。
　MAIN OPS 『対ピースウォーカー戦・3』より",,【DEMO：30】和平,,MATCH,21,21,APPROVED,READY,NOT_TESTED,JPN_PRIMARY; MLG_CN_CONTEXT_AUXILIARY,mechanical template; resource_class=STAGEDAT_OLANG; source_objects=6
LANG_MISSION_INFO.OLANG,423,721,721;721;721,3,,page15:tag:entity799:key00FD0159:ref721:ord0;page174:tag:entity799:key00FD0159:ref721:ord0;page180:tag:entity799:key00FD0159:ref721:ord0,【DEMO：30】平和,"沈黙するピースウォーカー。全面核戦争のリミットが迫る。
　MAIN OPS 『対ピースウォーカー戦・3』より",【DEMO：29】報復,,"沉默的和平行者。全面核战争的时限正在逼近。
　出自MAIN OPS『对和平行者战・3』",,MATCH,140,109,APPROVED,READY,NOT_TESTED,JPN_PRIMARY; MLG_CN_CONTEXT_AUXILIARY,mechanical template; resource_class=STAGEDAT_OLANG; source_objects=3; review_flag=FULLWIDTH_INDENT_AND_SOURCE_REFERENCE_PRESERVED
LANG_MISSION_INFO.OLANG,424,722,722;723;722;723;722;723,6,,page15:tag:entity86:key0037F3AF:ref722:ord0;page15:tag:entity693:key00D70DF9:ref723:ord0;page174:tag:entity86:key0037F3AF:ref722:ord0;page174:tag:entity693:key00D70DF9:ref723:ord0;page180:tag:entity86:key0037F3AF:ref722:ord0;page180:tag:entity693:key00D70DF9:ref723:ord0,"沈黙するピースウォーカー。全面核戦争のリミットが迫る。
　MAIN OPS 『対ピースウォーカー戦・3』より",【DEMO：29】報復,"ママルポッドに侵入したスネークは、AIの機能停止を試みるが…。
　MAIN OPS 『対ピースウォーカー戦・2』より",,【DEMO：29】报复,,MATCH,21,21,APPROVED,READY,NOT_TESTED,JPN_PRIMARY; MLG_CN_CONTEXT_AUXILIARY,mechanical template; resource_class=STAGEDAT_OLANG; source_objects=6
LANG_MISSION_INFO.OLANG,425,724,724;724;724,3,,page15:tag:entity794:key00FC0159:ref724:ord0;page174:tag:entity794:key00FC0159:ref724:ord0;page180:tag:entity794:key00FC0159:ref724:ord0,【DEMO：29】報復,"ママルポッドに侵入したスネークは、AIの機能停止を試みるが…。
　MAIN OPS 『対ピースウォーカー戦・2』より",【DEMO：28】偽装データ,,"潜入Mammal Pod的Snake试图停止AI的机能，却……。
　出自MAIN OPS『对和平行者战・2』",,MATCH,148,108,APPROVED,READY,NOT_TESTED,JPN_PRIMARY; MLG_CN_CONTEXT_AUXILIARY,mechanical template; resource_class=STAGEDAT_OLANG; source_objects=3; review_flag=JPN_AI_FUNCTION_STOP_SEMANTICS_PRESERVED; AUX_TRANSMISSION_INTERPRETATION_REJECTED
LANG_MISSION_INFO.OLANG,426,725,725;726;725;726;725;726,6,,page15:tag:entity83:key0036F3AF:ref725:ord0;page15:tag:entity692:key00D70DB9:ref726:ord0;page174:tag:entity83:key0036F3AF:ref725:ord0;page174:tag:entity692:key00D70DB9:ref726:ord0;page180:tag:entity83:key0036F3AF:ref725:ord0;page180:tag:entity692:key00D70DB9:ref726:ord0,"ママルポッドに侵入したスネークは、AIの機能停止を試みるが…。
　MAIN OPS 『対ピースウォーカー戦・2』より",【DEMO：28】偽装データ,"スネークはピースウォーカーの核発射を阻止するが…。
　MAIN OPS 『対ピースウォーカー戦・2』より",,【DEMO：28】伪装数据,,MATCH,30,27,APPROVED,READY,NOT_TESTED,JPN_PRIMARY; MLG_CN_CONTEXT_AUXILIARY,mechanical template; resource_class=STAGEDAT_OLANG; source_objects=6; review_flag=JPN_TITLE_SEMANTICS_PRESERVED; AUX_FALSE_DATA_RENDERING_REJECTED
LANG_MISSION_INFO.OLANG,427,727,727;727;727,3,,page15:tag:entity789:key00FB0159:ref727:ord0;page174:tag:entity789:key00FB0159:ref727:ord0;page180:tag:entity789:key00FB0159:ref727:ord0,【DEMO：28】偽装データ,"スネークはピースウォーカーの核発射を阻止するが…。
　MAIN OPS 『対ピースウォーカー戦・2』より",【DEMO：27】ピースウォーカー発動,,"Snake阻止了和平行者发射核武器，然而……。
　出自MAIN OPS『对和平行者战・2』",,MATCH,134,105,APPROVED,READY,NOT_TESTED,JPN_PRIMARY; MLG_CN_CONTEXT_AUXILIARY,mechanical template; resource_class=STAGEDAT_OLANG; source_objects=3; review_flag=FULLWIDTH_INDENT_AND_SOURCE_REFERENCE_PRESERVED
LANG_MISSION_INFO.OLANG,428,728,728;729;728;729;728;729,6,,page15:tag:entity82:key0035F3AF:ref728:ord0;page15:tag:entity690:key00D70D79:ref729:ord0;page174:tag:entity82:key0035F3AF:ref728:ord0;page174:tag:entity690:key00D70D79:ref729:ord0;page180:tag:entity82:key0035F3AF:ref728:ord0;page180:tag:entity690:key00D70D79:ref729:ord0,"スネークはピースウォーカーの核発射を阻止するが…。
　MAIN OPS 『対ピースウォーカー戦・2』より",【DEMO：27】ピースウォーカー発動,"管制塔最上層の司令室へ到達するスネーク。
そこでは今まさにピースウォーカー計画が完遂されようとしていた。
　MAIN OPS 『管制塔へ』より",,【DEMO：27】和平行者启动,,MATCH,45,33,APPROVED,READY,NOT_TESTED,JPN_PRIMARY; MLG_CN_CONTEXT_AUXILIARY,mechanical template; resource_class=STAGEDAT_OLANG; source_objects=6
LANG_MISSION_INFO.OLANG,429,730,730;730;730,3,,page15:tag:entity786:key00FA0159:ref730:ord0;page174:tag:entity786:key00FA0159:ref730:ord0;page180:tag:entity786:key00FA0159:ref730:ord0,【DEMO：27】ピースウォーカー発動,"管制塔最上層の司令室へ到達するスネーク。
そこでは今まさにピースウォーカー計画が完遂されようとしていた。
　MAIN OPS 『管制塔へ』より",【DEMO：26】通信塔 モニタールーム,,"Snake抵达控制塔最上层的司令室。
此刻，和平行者计划正即将完成。
　出自MAIN OPS『前往控制塔』",,MATCH,191,129,APPROVED,READY,NOT_TESTED,JPN_PRIMARY; MLG_CN_CONTEXT_AUXILIARY,mechanical template; resource_class=STAGEDAT_OLANG; source_objects=3; review_flag=SOURCE_LINEBREAKS_AND_FULLWIDTH_INDENT_PRESERVED
LANG_MISSION_INFO.OLANG,430,731,731;732;731;732;731;732,6,,page15:tag:entity78:key0034F3AF:ref731:ord0;page15:tag:entity687:key00D70D39:ref732:ord0;page174:tag:entity78:key0034F3AF:ref731:ord0;page174:tag:entity687:key00D70D39:ref732:ord0;page180:tag:entity78:key0034F3AF:ref731:ord0;page180:tag:entity687:key00D70D39:ref732:ord0,"管制塔最上層の司令室へ到達するスネーク。
そこでは今まさにピースウォーカー計画が完遂されようとしていた。
　MAIN OPS 『管制塔へ』より",【DEMO：26】通信塔 モニタールーム,"米軍ミサイル基地へと潜入したスネークは、計画を阻止すべく
通信塔に辿り着くが…。
　MAIN OPS 『米軍ミサイル基地潜入』より",,【DEMO：26】通信塔 监控室,,MATCH,46,34,APPROVED,READY,NOT_TESTED,JPN_PRIMARY; MLG_CN_CONTEXT_AUXILIARY,mechanical template; resource_class=STAGEDAT_OLANG; source_objects=6; review_flag=JPN_ASCII_SPACE_IN_TITLE_PRESERVED
LANG_MISSION_INFO.OLANG,431,733,733;733;733,3,,page15:tag:entity783:key00F90159:ref733:ord0;page174:tag:entity783:key00F90159:ref733:ord0;page180:tag:entity783:key00F90159:ref733:ord0,【DEMO：26】通信塔 モニタールーム,"米軍ミサイル基地へと潜入したスネークは、計画を阻止すべく
通信塔に辿り着くが…。
　MAIN OPS 『米軍ミサイル基地潜入』より",【DEMO：25】ニカラグア,,"潜入美军导弹基地的Snake为阻止计划
抵达通信塔，然而……。
　出自MAIN OPS『潜入美军导弹基地』",,MATCH,173,129,APPROVED,READY,NOT_TESTED,JPN_PRIMARY; MLG_CN_CONTEXT_AUXILIARY,mechanical template; resource_class=STAGEDAT_OLANG; source_objects=3; review_flag=SOURCE_LINEBREAKS_AND_FULLWIDTH_INDENT_PRESERVED
LANG_MISSION_INFO.OLANG,432,734,734;735;734;735;734;735,6,,page15:tag:entity77:key0033F3AF:ref734:ord0;page15:tag:entity686:key00D70CF9:ref735:ord0;page174:tag:entity77:key0033F3AF:ref734:ord0;page174:tag:entity686:key00D70CF9:ref735:ord0;page180:tag:entity77:key0033F3AF:ref734:ord0;page180:tag:entity686:key00D70CF9:ref735:ord0,"米軍ミサイル基地へと潜入したスネークは、計画を阻止すべく
通信塔に辿り着くが…。
　MAIN OPS 『米軍ミサイル基地潜入』より",【DEMO：25】ニカラグア,"ピースウォーカーの足跡を追い、スネークはコスタリカ北の隣国、
ニカラグアへ入る。
　MAIN OPS 『米軍ミサイル基地潜入』より",,【DEMO：25】尼加拉瓜,,MATCH,30,27,APPROVED,READY,NOT_TESTED,JPN_PRIMARY; MLG_CN_CONTEXT_AUXILIARY,mechanical template; resource_class=STAGEDAT_OLANG; source_objects=6
LANG_MISSION_INFO.OLANG,433,736,736;736;736,3,,page15:tag:entity779:key00F80159:ref736:ord0;page174:tag:entity779:key00F80159:ref736:ord0;page180:tag:entity779:key00F80159:ref736:ord0,【DEMO：25】ニカラグア,"ピースウォーカーの足跡を追い、スネークはコスタリカ北の隣国、
ニカラグアへ入る。
　MAIN OPS 『米軍ミサイル基地潜入』より",【DEMO：24】追跡,,"追寻和平行者的足迹，Snake进入哥斯达黎加北方邻国
尼加拉瓜。
　出自MAIN OPS『潜入美军导弹基地』",,MATCH,173,132,APPROVED,READY,NOT_TESTED,JPN_PRIMARY; MLG_CN_CONTEXT_AUXILIARY,mechanical template; resource_class=STAGEDAT_OLANG; source_objects=3; review_flag=SOURCE_LINEBREAKS_AND_FULLWIDTH_INDENT_PRESERVED
LANG_MISSION_INFO.OLANG,434,737,737;738;737;738;737;738,6,,page15:tag:entity76:key0032F3AF:ref737:ord0;page15:tag:entity685:key00D70CB9:ref738:ord0;page174:tag:entity76:key0032F3AF:ref737:ord0;page174:tag:entity685:key00D70CB9:ref738:ord0;page180:tag:entity76:key0032F3AF:ref737:ord0;page180:tag:entity685:key00D70CB9:ref738:ord0,"ピースウォーカーの足跡を追い、スネークはコスタリカ北の隣国、
ニカラグアへ入る。
　MAIN OPS 『米軍ミサイル基地潜入』より",【DEMO：24】追跡,"静止したかに見えたピースウォーカーは再び動き出し…。
　MAIN OPS 『対ピースウォーカー戦』より",,【DEMO：24】追踪,,MATCH,21,21,APPROVED,READY,NOT_TESTED,JPN_PRIMARY; MLG_CN_CONTEXT_AUXILIARY,mechanical template; resource_class=STAGEDAT_OLANG; source_objects=6
LANG_MISSION_INFO.OLANG,435,739,739;739;739,3,,page15:tag:entity775:key00F70159:ref739:ord0;page174:tag:entity775:key00F70159:ref739:ord0;page180:tag:entity775:key00F70159:ref739:ord0,【DEMO：24】追跡,"静止したかに見えたピースウォーカーは再び動き出し…。
　MAIN OPS 『対ピースウォーカー戦』より",【DEMO：23】起動,,"看似已经停止的和平行者再次启动……。
　出自MAIN OPS『对和平行者战』",,MATCH,133,96,APPROVED,READY,NOT_TESTED,JPN_PRIMARY; MLG_CN_CONTEXT_AUXILIARY,mechanical template; resource_class=STAGEDAT_OLANG; source_objects=3; review_flag=SOURCE_ELLIPSIS_AND_FULLWIDTH_INDENT_PRESERVED
LANG_MISSION_INFO.OLANG,436,740,740;741;740;741;740;741,6,,page15:tag:entity75:key0031F3AF:ref740:ord0;page15:tag:entity684:key00D70C79:ref741:ord0;page174:tag:entity75:key0031F3AF:ref740:ord0;page174:tag:entity684:key00D70C79:ref741:ord0;page180:tag:entity75:key0031F3AF:ref740:ord0;page180:tag:entity684:key00D70C79:ref741:ord0,"静止したかに見えたピースウォーカーは再び動き出し…。
　MAIN OPS 『対ピースウォーカー戦』より",【DEMO：23】起動,"独房から逃れたスネークは、再度ピースウォーカー格納庫へと
駆けつける。
　MAIN OPS 『ピースウォーカー格納庫へ』より",,【DEMO：23】启动,,MATCH,21,21,APPROVED,READY,NOT_TESTED,JPN_PRIMARY; MLG_CN_CONTEXT_AUXILIARY,mechanical template; resource_class=STAGEDAT_OLANG; source_objects=6
LANG_MISSION_INFO.OLANG,437,742,742;742;742,3,,page15:tag:entity772:key00F60159:ref742:ord0;page174:tag:entity772:key00F60159:ref742:ord0;page180:tag:entity772:key00F60159:ref742:ord0,【DEMO：23】起動,"独房から逃れたスネークは、再度ピースウォーカー格納庫へと
駆けつける。
　MAIN OPS 『ピースウォーカー格納庫へ』より",【DEMO：22】尋問・3,,"从牢房逃出的Snake再次赶往和平行者机库。
　出自MAIN OPS『前往和平行者机库』",,MATCH,164,104,APPROVED,READY,NOT_TESTED,JPN_PRIMARY; MLG_CN_CONTEXT_AUXILIARY,mechanical template; resource_class=STAGEDAT_OLANG; source_objects=3; review_flag=JPN_CELL_SEMANTICS_AND_FULLWIDTH_INDENT_PRESERVED; AUX_TORTURE_CHAMBER_RENDERING_REJECTED
LANG_MISSION_INFO.OLANG,438,743,743;744;743;744;743;744,6,,page15:tag:entity70:key0030F3AF:ref743:ord0;page15:tag:entity683:key00D70C39:ref744:ord0;page174:tag:entity70:key0030F3AF:ref743:ord0;page174:tag:entity683:key00D70C39:ref744:ord0;page180:tag:entity70:key0030F3AF:ref743:ord0;page180:tag:entity683:key00D70C39:ref744:ord0,"独房から逃れたスネークは、再度ピースウォーカー格納庫へと
駆けつける。
　MAIN OPS 『ピースウォーカー格納庫へ』より",【DEMO：22】尋問・3,"Dr.ストレンジラブはスネークに真実を問い詰める。
　MAIN OPS 『独房からの脱出』より",,【DEMO：22】审讯・3,,MATCH,25,25,APPROVED,READY,NOT_TESTED,JPN_PRIMARY; MLG_CN_CONTEXT_AUXILIARY,mechanical template; resource_class=STAGEDAT_OLANG; source_objects=6; review_flag=JPN_尋問_INTERROGATION_SEMANTICS
LANG_MISSION_INFO.OLANG,439,745,745;748;751;745;748;751;745;748;751,9,,page15:tag:entity765:key00F50159:ref745:ord0;page15:tag:entity763:key00F40159:ref748:ord0;page15:tag:entity726:key00DD0159:ref751:ord0;page174:tag:entity765:key00F50159:ref745:ord0;page174:tag:entity763:key00F40159:ref748:ord0;page174:tag:entity726:key00DD0159:ref751:ord0;page180:tag:entity765:key00F50159:ref745:ord0;page180:tag:entity763:key00F40159:ref748:ord0;page180:tag:entity726:key00DD0159:ref751:ord0,【DEMO：22】尋問・3,"Dr.ストレンジラブはスネークに真実を問い詰める。
　MAIN OPS 『独房からの脱出』より",【DEMO：21】尋問・2,,"Dr. Strangelove向Snake追问真相。
　出自MAIN OPS『逃出牢房』",,MATCH,115,74,APPROVED,READY,NOT_TESTED,JPN_PRIMARY; MLG_CN_CONTEXT_AUXILIARY,mechanical template; resource_class=STAGEDAT_OLANG; source_objects=9; review_flag=SHARED_JPN_DESCRIPTION_FOR_DEMO20_21_22; JPN_CELL_SEMANTICS_PRESERVED
LANG_MISSION_INFO.OLANG,440,746,746;747;746;747;746;747,6,,page15:tag:entity69:key002FF3AF:ref746:ord0;page15:tag:entity682:key00D70BF9:ref747:ord0;page174:tag:entity69:key002FF3AF:ref746:ord0;page174:tag:entity682:key00D70BF9:ref747:ord0;page180:tag:entity69:key002FF3AF:ref746:ord0;page180:tag:entity682:key00D70BF9:ref747:ord0,"Dr.ストレンジラブはスネークに真実を問い詰める。
　MAIN OPS 『独房からの脱出』より",【DEMO：21】尋問・2,"Dr.ストレンジラブはスネークに真実を問い詰める。
　MAIN OPS 『独房からの脱出』より",,【DEMO：21】审讯・2,,MATCH,25,25,APPROVED,READY,NOT_TESTED,JPN_PRIMARY; MLG_CN_CONTEXT_AUXILIARY,mechanical template; resource_class=STAGEDAT_OLANG; source_objects=6; review_flag=JPN_尋問_INTERROGATION_SEMANTICS
LANG_MISSION_INFO.OLANG,441,749,749;750;749;750;749;750,6,,page15:tag:entity39:key0018F3AF:ref749:ord0;page15:tag:entity681:key00D70639:ref750:ord0;page174:tag:entity39:key0018F3AF:ref749:ord0;page174:tag:entity681:key00D70639:ref750:ord0;page180:tag:entity39:key0018F3AF:ref749:ord0;page180:tag:entity681:key00D70639:ref750:ord0,"Dr.ストレンジラブはスネークに真実を問い詰める。
　MAIN OPS 『独房からの脱出』より",【DEMO：20】尋問・1,"Dr.ストレンジラブはスネークに真実を問い詰める。
　MAIN OPS 『独房からの脱出』より",,【DEMO：20】审讯・1,,MATCH,25,25,APPROVED,READY,NOT_TESTED,JPN_PRIMARY; MLG_CN_CONTEXT_AUXILIARY,mechanical template; resource_class=STAGEDAT_OLANG; source_objects=6; review_flag=JPN_尋問_INTERROGATION_SEMANTICS
LANG_MISSION_INFO.OLANG,442,752,752;753;752;753;752;753,6,,page15:tag:entity35:key0017F3AF:ref752:ord0;page15:tag:entity680:key00D705F9:ref753:ord0;page174:tag:entity35:key0017F3AF:ref752:ord0;page174:tag:entity680:key00D705F9:ref753:ord0;page180:tag:entity35:key0017F3AF:ref752:ord0;page180:tag:entity680:key00D705F9:ref753:ord0,"Dr.ストレンジラブはスネークに真実を問い詰める。
　MAIN OPS 『独房からの脱出』より",【DEMO：19】ピースウォーカー格納庫,"地下基地最深部に到達したスネークは、格納庫へと踏み込む。
　MAIN OPS 『地下基地潜入』より",,【DEMO：19】和平行者机库,,MATCH,48,33,APPROVED,READY,NOT_TESTED,JPN_PRIMARY; MLG_CN_CONTEXT_AUXILIARY,mechanical template; resource_class=STAGEDAT_OLANG; source_objects=6
LANG_MISSION_INFO.OLANG,443,754,754;754;754,3,,page15:tag:entity720:key00DC0159:ref754:ord0;page174:tag:entity720:key00DC0159:ref754:ord0;page180:tag:entity720:key00DC0159:ref754:ord0,【DEMO：19】ピースウォーカー格納庫,"地下基地最深部に到達したスネークは、格納庫へと踏み込む。
　MAIN OPS 『地下基地潜入』より",【DEMO：18】コクーン襲来,,"抵达地下基地最深处的Snake踏入机库。
　出自MAIN OPS『潜入地下基地』",,MATCH,127,92,APPROVED,READY,NOT_TESTED,JPN_PRIMARY; MLG_CN_CONTEXT_AUXILIARY,mechanical template; resource_class=STAGEDAT_OLANG; source_objects=3; review_flag=FULLWIDTH_INDENT_AND_SOURCE_REFERENCE_PRESERVED
LANG_MISSION_INFO.OLANG,444,755,755;756;755;756;755;756,6,,page15:tag:entity31:key0016F3AF:ref755:ord0;page15:tag:entity679:key00D705B9:ref756:ord0;page174:tag:entity31:key0016F3AF:ref755:ord0;page174:tag:entity679:key00D705B9:ref756:ord0;page180:tag:entity31:key0016F3AF:ref755:ord0;page180:tag:entity679:key00D705B9:ref756:ord0,"地下基地最深部に到達したスネークは、格納庫へと踏み込む。
　MAIN OPS 『地下基地潜入』より",【DEMO：18】コクーン襲来,"採掘場底部、基地内部への侵入を阻む敵兵器が現れる。
　MAIN OPS 『衛兵排除』より",,【DEMO：18】Cocoon来袭,,MATCH,33,27,APPROVED,READY,NOT_TESTED,JPN_PRIMARY; MLG_CN_CONTEXT_AUXILIARY,mechanical template; resource_class=STAGEDAT_OLANG; source_objects=6
LANG_MISSION_INFO.OLANG,445,757,757;757;757,3,,page15:tag:entity714:key00DB0159:ref757:ord0;page174:tag:entity714:key00DB0159:ref757:ord0;page180:tag:entity714:key00DB0159:ref757:ord0,【DEMO：18】コクーン襲来,"採掘場底部、基地内部への侵入を阻む敵兵器が現れる。
　MAIN OPS 『衛兵排除』より",【DEMO：17】最終実験地,,"采掘场底部，阻挡进入基地内部的敌方兵器出现。
　出自MAIN OPS『排除卫兵』",,MATCH,112,102,APPROVED,READY,NOT_TESTED,JPN_PRIMARY; MLG_CN_CONTEXT_AUXILIARY,mechanical template; resource_class=STAGEDAT_OLANG; source_objects=3; review_flag=JPN_BLOCKING_ENTRY_SEMANTICS_PRESERVED
LANG_MISSION_INFO.OLANG,446,758,758;759;758;759;758;759,6,,page15:tag:entity28:key0015F3AF:ref758:ord0;page15:tag:entity678:key00D70579:ref759:ord0;page174:tag:entity28:key0015F3AF:ref758:ord0;page174:tag:entity678:key00D70579:ref759:ord0;page180:tag:entity28:key0015F3AF:ref758:ord0;page180:tag:entity678:key00D70579:ref759:ord0,"採掘場底部、基地内部への侵入を阻む敵兵器が現れる。
　MAIN OPS 『衛兵排除』より",【DEMO：17】最終実験地,"ピースウォーカー計画の完遂を阻止するため、そのプラットフォームと
AIポッドが結合（アセンブル）される採掘場偽装基地へとスネークは
向かう。
　MAIN OPS 『採掘場偽装基地へ』より",,【DEMO：17】最终实验场,,MATCH,30,30,APPROVED,READY,NOT_TESTED,JPN_PRIMARY; MLG_CN_CONTEXT_AUXILIARY,mechanical template; resource_class=STAGEDAT_OLANG; source_objects=6
LANG_MISSION_INFO.OLANG,447,760,760;760;760,3,,page15:tag:entity709:key00DA0159:ref760:ord0;page174:tag:entity709:key00DA0159:ref760:ord0;page180:tag:entity709:key00DA0159:ref760:ord0,【DEMO：17】最終実験地,"ピースウォーカー計画の完遂を阻止するため、そのプラットフォームと
AIポッドが結合（アセンブル）される採掘場偽装基地へとスネークは
向かう。
　MAIN OPS 『採掘場偽装基地へ』より",【DEMO：16】追憶,,"为了阻止和平行者计划完成，Snake前往采掘场伪装基地，
那里正准备将其平台与AI Pod结合（Assemble）。
　出自MAIN OPS『前往采掘场伪装基地』",,MATCH,251,185,APPROVED,READY,NOT_TESTED,JPN_PRIMARY; MLG_CN_CONTEXT_AUXILIARY,mechanical template; resource_class=STAGEDAT_OLANG; source_objects=3; review_flag=JPN_PLATFORM_AI_POD_ASSEMBLE_SEMANTICS_AND_SOURCE_LINEBREAKS_PRESERVED
LANG_MISSION_INFO.OLANG,448,761,761;762;761;762;761;762,6,,page15:tag:entity22:key0014F3AF:ref761:ord0;page15:tag:entity677:key00D70539:ref762:ord0;page174:tag:entity22:key0014F3AF:ref761:ord0;page174:tag:entity677:key00D70539:ref762:ord0;page180:tag:entity22:key0014F3AF:ref761:ord0;page180:tag:entity677:key00D70539:ref762:ord0,"ピースウォーカー計画の完遂を阻止するため、そのプラットフォームと
AIポッドが結合（アセンブル）される採掘場偽装基地へとスネークは
向かう。
　MAIN OPS 『採掘場偽装基地へ』より",【DEMO：16】追憶,"スネークはママルポッド内で意識を失い…。
　MAIN OPS 『IDカード捜索』より",,【DEMO：16】追忆,,MATCH,21,21,APPROVED,READY,NOT_TESTED,JPN_PRIMARY; MLG_CN_CONTEXT_AUXILIARY,mechanical template; resource_class=STAGEDAT_OLANG; source_objects=6
LANG_MISSION_INFO.OLANG,449,763,763;763;763,3,,page15:tag:entity705:key00D90159:ref763:ord0;page174:tag:entity705:key00D90159:ref763:ord0;page180:tag:entity705:key00D90159:ref763:ord0,【DEMO：16】追憶,"スネークはママルポッド内で意識を失い…。
　MAIN OPS 『IDカード捜索』より",【DEMO：15】研究施設（ラボ）内部,,"Snake在Mammal Pod内失去意识……。
　出自MAIN OPS『寻找ID卡』",,MATCH,102,77,APPROVED,READY,NOT_TESTED,JPN_PRIMARY; MLG_CN_CONTEXT_AUXILIARY,mechanical template; resource_class=STAGEDAT_OLANG; source_objects=3; review_flag=SOURCE_ELLIPSIS_AND_FULLWIDTH_INDENT_PRESERVED
LANG_MISSION_INFO.OLANG,450,764,764;765;764;765;764;765,6,,page15:tag:entity20:key0013F3AF:ref764:ord0;page15:tag:entity676:key00D704F9:ref765:ord0;page174:tag:entity20:key0013F3AF:ref764:ord0;page174:tag:entity676:key00D704F9:ref765:ord0;page180:tag:entity20:key0013F3AF:ref764:ord0;page180:tag:entity676:key00D704F9:ref765:ord0,"スネークはママルポッド内で意識を失い…。
　MAIN OPS 『IDカード捜索』より",【DEMO：15】研究施設（ラボ）内部,"完成間近のAIを破壊すべく、スネークはIDカードを入手、
Dr.ストレンジラブのAI研究施設へと足を踏み入れる。
　MAIN OPS 『IDカード捜索』より",,【DEMO：15】研究设施（Lab）内部,,MATCH,45,42,APPROVED,READY,NOT_TESTED,JPN_PRIMARY; MLG_CN_CONTEXT_AUXILIARY,mechanical template; resource_class=STAGEDAT_OLANG; source_objects=6; review_flag=JPN_LAB_PAREN_LABEL_PRESERVED
LANG_MISSION_INFO.OLANG,451,766,766;766;766,3,,page15:tag:entity701:key00D80159:ref766:ord0;page174:tag:entity701:key00D80159:ref766:ord0;page180:tag:entity701:key00D80159:ref766:ord0,【DEMO：15】研究施設（ラボ）内部,"完成間近のAIを破壊すべく、スネークはIDカードを入手、
Dr.ストレンジラブのAI研究施設へと足を踏み入れる。
　MAIN OPS 『IDカード捜索』より",【DEMO：14】遭難者,,"为摧毁即将完成的AI，Snake取得ID卡，
踏入Dr. Strangelove的AI研究设施（Lab）。
　出自MAIN OPS『寻找ID卡』",,MATCH,190,134,APPROVED,READY,NOT_TESTED,JPN_PRIMARY; MLG_CN_CONTEXT_AUXILIARY,mechanical template; resource_class=STAGEDAT_OLANG; source_objects=3; review_flag=SOURCE_LINEBREAKS_AND_FULLWIDTH_INDENT_PRESERVED
LANG_MISSION_INFO.OLANG,452,767,767;768;767;768;767;768,6,,page15:tag:entity19:key0012F3AF:ref767:ord0;page15:tag:entity675:key00D704B9:ref768:ord0;page174:tag:entity19:key0012F3AF:ref767:ord0;page174:tag:entity675:key00D704B9:ref768:ord0;page180:tag:entity19:key0012F3AF:ref767:ord0;page180:tag:entity675:key00D704B9:ref768:ord0,"完成間近のAIを破壊すべく、スネークはIDカードを入手、
Dr.ストレンジラブのAI研究施設へと足を踏み入れる。
　MAIN OPS 『IDカード捜索』より",【DEMO：14】遭難者,"奥深くへと熱帯雲霧林を進むスネーク。
ハチドリが誘う先には…。
　MAIN OPS 『研究施設（ラボ）へ』より",,【DEMO：14】遇难者,,MATCH,24,24,APPROVED,READY,NOT_TESTED,JPN_PRIMARY; MLG_CN_CONTEXT_AUXILIARY,mechanical template; resource_class=STAGEDAT_OLANG; source_objects=6
LANG_MISSION_INFO.OLANG,453,769,769;769;769,3,,page15:tag:entity671:key00D70159:ref769:ord0;page174:tag:entity671:key00D70159:ref769:ord0;page180:tag:entity671:key00D70159:ref769:ord0,【DEMO：14】遭難者,"奥深くへと熱帯雲霧林を進むスネーク。
ハチドリが誘う先には…。
　MAIN OPS 『研究施設（ラボ）へ』より",【DEMO：13】汎用戦闘ヘリコプター Mi-24A接近,,"Snake向热带云雾林深处前进。
蜂鸟引导的前方究竟是……。
　出自MAIN OPS『前往研究设施（Lab）』",,MATCH,143,129,APPROVED,READY,NOT_TESTED,JPN_PRIMARY; MLG_CN_CONTEXT_AUXILIARY,mechanical template; resource_class=STAGEDAT_OLANG; source_objects=3; review_flag=SOURCE_LINEBREAKS_AND_ELLIPSIS_PRESERVED
LANG_MISSION_INFO.OLANG,454,770,770;771;770;771;770;771,6,,page15:tag:entity18:key0011F3AF:ref770:ord0;page15:tag:entity674:key00D70479:ref771:ord0;page174:tag:entity18:key0011F3AF:ref770:ord0;page174:tag:entity674:key00D70479:ref771:ord0;page180:tag:entity18:key0011F3AF:ref770:ord0;page180:tag:entity674:key00D70479:ref771:ord0,"奥深くへと熱帯雲霧林を進むスネーク。
ハチドリが誘う先には…。
　MAIN OPS 『研究施設（ラボ）へ』より",【DEMO：13】汎用戦闘ヘリコプター Mi-24A接近,"研究施設（ラボ）を目指し、熱帯雲霧林を進むスネークだが…。
　MAIN OPS 『熱帯雲霧林へ』より",,【DEMO：13】通用战斗直升机 Mi-24A接近,,MATCH,58,49,APPROVED,READY,NOT_TESTED,JPN_PRIMARY; MLG_CN_CONTEXT_AUXILIARY,mechanical template; resource_class=STAGEDAT_OLANG; source_objects=6; review_flag=JPN_ASCII_SPACE_AND_MODEL_PRESERVED
LANG_MISSION_INFO.OLANG,455,772,772;772;772,3,,page15:tag:entity659:key00D60159:ref772:ord0;page174:tag:entity659:key00D60159:ref772:ord0;page180:tag:entity659:key00D60159:ref772:ord0,【DEMO：13】汎用戦闘ヘリコプター Mi-24A接近,"研究施設（ラボ）を目指し、熱帯雲霧林を進むスネークだが…。
　MAIN OPS 『熱帯雲霧林へ』より",【DEMO：12】クラウド・フォレスト,,"Snake向研究设施（Lab）前进，穿行于热带云雾林中，然而……。
　出自MAIN OPS『前往热带云雾林』",,MATCH,130,128,APPROVED,READY,NOT_TESTED,JPN_PRIMARY; MLG_CN_CONTEXT_AUXILIARY,mechanical template; resource_class=STAGEDAT_OLANG; source_objects=3; review_flag=SOURCE_ELLIPSIS_AND_FULLWIDTH_INDENT_PRESERVED
LANG_MISSION_INFO.OLANG,456,773,773;774;773;774;773;774,6,,page15:tag:entity13:key0010F3AF:ref773:ord0;page15:tag:entity673:key00D70439:ref774:ord0;page174:tag:entity13:key0010F3AF:ref773:ord0;page174:tag:entity673:key00D70439:ref774:ord0;page180:tag:entity13:key0010F3AF:ref773:ord0;page180:tag:entity673:key00D70439:ref774:ord0,"研究施設（ラボ）を目指し、熱帯雲霧林を進むスネークだが…。
　MAIN OPS 『熱帯雲霧林へ』より",【DEMO：12】クラウド・フォレスト,"スネークはヒューイの情報を元に、AI開発を行っている研究施設（ラボ）
の佇む熱帯雲霧林へと分け入る。
　MAIN OPS 『熱帯雲霧林へ』より",,【DEMO：12】Cloud Forest,,MATCH,45,27,APPROVED,READY,NOT_TESTED,JPN_PRIMARY; MLG_CN_CONTEXT_AUXILIARY,mechanical template; resource_class=STAGEDAT_OLANG; source_objects=6; review_flag=JPN_TITLE_TERM_PRESERVED
LANG_MISSION_INFO.OLANG,457,775,775;775;775,3,,page15:tag:entity654:key00D50159:ref775:ord0;page174:tag:entity654:key00D50159:ref775:ord0;page180:tag:entity654:key00D50159:ref775:ord0,【DEMO：12】クラウド・フォレスト,"スネークはヒューイの情報を元に、AI開発を行っている研究施設（ラボ）
の佇む熱帯雲霧林へと分け入る。
　MAIN OPS 『熱帯雲霧林へ』より",【DEMO：11】火口内基地の男,,"根据Huey提供的情报，Snake进入热带云雾林，
前往其中的AI开发研究设施（Lab）。
　出自MAIN OPS『前往热带云雾林』",,MATCH,187,150,APPROVED,READY,NOT_TESTED,JPN_PRIMARY; MLG_CN_CONTEXT_AUXILIARY,mechanical template; resource_class=STAGEDAT_OLANG; source_objects=3; review_flag=SOURCE_LINEBREAKS_AND_FULLWIDTH_INDENT_PRESERVED
LANG_MISSION_INFO.OLANG,458,776,776;777;776;777;776;777,6,,page15:tag:entity12:key000FF3AF:ref776:ord0;page15:tag:entity672:key00D703F9:ref777:ord0;page174:tag:entity12:key000FF3AF:ref776:ord0;page174:tag:entity672:key00D703F9:ref777:ord0;page180:tag:entity12:key000FF3AF:ref776:ord0;page180:tag:entity672:key00D703F9:ref777:ord0,"スネークはヒューイの情報を元に、AI開発を行っている研究施設（ラボ）
の佇む熱帯雲霧林へと分け入る。
　MAIN OPS 『熱帯雲霧林へ』より",【DEMO：11】火口内基地の男,"無人兵器ピューパを排除したスネークは“博士”と呼ばれていた人物と
接触する。
　MAIN OPS 『対ピューパ戦』より",,【DEMO：11】火山口内基地的男人,,MATCH,36,42,APPROVED,READY,NOT_TESTED,JPN_PRIMARY; MLG_CN_CONTEXT_AUXILIARY,mechanical template; resource_class=STAGEDAT_OLANG; source_objects=6
LANG_MISSION_INFO.OLANG,459,778,778;778;778,3,,page15:tag:entity653:key00D40159:ref778:ord0;page174:tag:entity653:key00D40159:ref778:ord0;page180:tag:entity653:key00D40159:ref778:ord0,【DEMO：11】火口内基地の男,"無人兵器ピューパを排除したスネークは“博士”と呼ばれていた人物と
接触する。
　MAIN OPS 『対ピューパ戦』より",【DEMO：10】核弾頭の行方,,"排除无人兵器Pupa后，Snake与一名被称为“博士”的人物
取得接触。
　出自MAIN OPS『对Pupa战』",,MATCH,155,122,APPROVED,READY,NOT_TESTED,JPN_PRIMARY; MLG_CN_CONTEXT_AUXILIARY,mechanical template; resource_class=STAGEDAT_OLANG; source_objects=3; review_flag=JPN_排除_SEMANTICS_AND_SOURCE_LINEBREAKS_PRESERVED
LANG_MISSION_INFO.OLANG,460,779,779;780;779;780;779;780,6,,page15:tag:entity782:key00F8F3AE:ref779:ord0;page15:tag:entity670:key00D6FE39:ref780:ord0;page174:tag:entity782:key00F8F3AE:ref779:ord0;page174:tag:entity670:key00D6FE39:ref780:ord0;page180:tag:entity782:key00F8F3AE:ref779:ord0;page180:tag:entity670:key00D6FE39:ref780:ord0,"無人兵器ピューパを排除したスネークは“博士”と呼ばれていた人物と
接触する。
　MAIN OPS 『対ピューパ戦』より",【DEMO：10】核弾頭の行方,"スネークは沿岸から搬送された核弾頭を追い、火口内基地へ潜入する。
　MAIN OPS 『火口内基地潜入』より",,【DEMO：10】核弹头的去向,,MATCH,33,33,APPROVED,READY,NOT_TESTED,JPN_PRIMARY; MLG_CN_CONTEXT_AUXILIARY,mechanical template; resource_class=STAGEDAT_OLANG; source_objects=6
LANG_MISSION_INFO.OLANG,461,781,781;781;781,3,,page15:tag:entity601:key00BD0159:ref781:ord0;page174:tag:entity601:key00BD0159:ref781:ord0;page180:tag:entity601:key00BD0159:ref781:ord0,【DEMO：10】核弾頭の行方,"スネークは沿岸から搬送された核弾頭を追い、火口内基地へ潜入する。
　MAIN OPS 『火口内基地潜入』より",【DEMO：09】列車車庫（ターミナル）,,"Snake追踪从沿岸运走的核弹头，潜入火山口内基地。
　出自MAIN OPS『潜入火山口内基地』",,MATCH,142,116,APPROVED,READY,NOT_TESTED,JPN_PRIMARY; MLG_CN_CONTEXT_AUXILIARY,mechanical template; resource_class=STAGEDAT_OLANG; source_objects=3; review_flag=FULLWIDTH_INDENT_AND_SOURCE_REFERENCE_PRESERVED
LANG_MISSION_INFO.OLANG,462,782,782;783;782;783;782;783,6,,page15:tag:entity778:key00F7F3AE:ref782:ord0;page15:tag:entity669:key00D6FDF9:ref783:ord0;page174:tag:entity778:key00F7F3AE:ref782:ord0;page174:tag:entity669:key00D6FDF9:ref783:ord0;page180:tag:entity778:key00F7F3AE:ref782:ord0;page180:tag:entity669:key00D6FDF9:ref783:ord0,"スネークは沿岸から搬送された核弾頭を追い、火口内基地へ潜入する。
　MAIN OPS 『火口内基地潜入』より",【DEMO：09】列車車庫（ターミナル）,"スネークはチコの情報を元に、列車搬送の終着点へと辿り着くが…。
　MAIN OPS 『ジャングルトレイン追跡』より",,【DEMO：09】列车车库（Terminal）,,MATCH,48,41,APPROVED,READY,NOT_TESTED,JPN_PRIMARY; MLG_CN_CONTEXT_AUXILIARY,mechanical template; resource_class=STAGEDAT_OLANG; source_objects=6; review_flag=JPN_TERMINAL_PAREN_LABEL_PRESERVED
LANG_MISSION_INFO.OLANG,463,784,784;784;784,3,,page15:tag:entity594:key00BC0159:ref784:ord0;page174:tag:entity594:key00BC0159:ref784:ord0;page180:tag:entity594:key00BC0159:ref784:ord0,【DEMO：09】列車車庫（ターミナル）,"スネークはチコの情報を元に、列車搬送の終着点へと辿り着くが…。
　MAIN OPS 『ジャングルトレイン追跡』より",【DEMO：08】囚われた少年,,"Snake根据Chico的情报，抵达铁路运输路线的终点，然而……。
　出自MAIN OPS『追踪丛林列车』",,MATCH,151,121,APPROVED,READY,NOT_TESTED,JPN_PRIMARY; MLG_CN_CONTEXT_AUXILIARY,mechanical template; resource_class=STAGEDAT_OLANG; source_objects=3; review_flag=JPN_TERMINAL_DESTINATION_SEMANTICS_PRESERVED; AUX_ROUTE_ONLY_RENDERING_REJECTED
LANG_MISSION_INFO.OLANG,464,785,785;786;785;786;785;786,6,,page15:tag:entity774:key00F6F3AE:ref785:ord0;page15:tag:entity668:key00D6FDB9:ref786:ord0;page174:tag:entity774:key00F6F3AE:ref785:ord0;page174:tag:entity668:key00D6FDB9:ref786:ord0;page180:tag:entity774:key00F6F3AE:ref785:ord0;page180:tag:entity668:key00D6FDB9:ref786:ord0,"スネークはチコの情報を元に、列車搬送の終着点へと辿り着くが…。
　MAIN OPS 『ジャングルトレイン追跡』より",【DEMO：08】囚われた少年,"イラスの収容施設でスネークはアマンダの弟、チコを発見する。
　MAIN OPS 『チコ救出』より",,【DEMO：08】被囚禁的少年,,MATCH,33,33,APPROVED,READY,NOT_TESTED,JPN_PRIMARY; MLG_CN_CONTEXT_AUXILIARY,mechanical template; resource_class=STAGEDAT_OLANG; source_objects=6
LANG_MISSION_INFO.OLANG,465,787,787;787;787,3,,page15:tag:entity587:key00BB0159:ref787:ord0;page174:tag:entity587:key00BB0159:ref787:ord0;page180:tag:entity587:key00BB0159:ref787:ord0,【DEMO：08】囚われた少年,"イラスの収容施設でスネークはアマンダの弟、チコを発見する。
　MAIN OPS 『チコ救出』より",【DEMO：07】再会,,"Snake在Irazú收容设施发现Amanda的弟弟Chico。
　出自MAIN OPS『营救Chico』",,MATCH,124,90,APPROVED,READY,NOT_TESTED,JPN_PRIMARY; MLG_CN_CONTEXT_AUXILIARY,mechanical template; resource_class=STAGEDAT_OLANG; source_objects=3; review_flag=FULLWIDTH_INDENT_AND_SOURCE_REFERENCE_PRESERVED
LANG_MISSION_INFO.OLANG,466,788,788;789;788;789;788;789,6,,page15:tag:entity771:key00F5F3AE:ref788:ord0;page15:tag:entity667:key00D6FD79:ref789:ord0;page174:tag:entity771:key00F5F3AE:ref788:ord0;page174:tag:entity667:key00D6FD79:ref789:ord0;page180:tag:entity771:key00F5F3AE:ref788:ord0;page180:tag:entity667:key00D6FD79:ref789:ord0,"イラスの収容施設でスネークはアマンダの弟、チコを発見する。
　MAIN OPS 『チコ救出』より",【DEMO：07】再会,"装甲車両を制止したスネークは、その先にアマンダの気配を感じるが…。
　MAIN OPS 『対装甲車戦：LAV-typeG』より",,【DEMO：07】重逢,,MATCH,21,21,APPROVED,READY,NOT_TESTED,JPN_PRIMARY; MLG_CN_CONTEXT_AUXILIARY,mechanical template; resource_class=STAGEDAT_OLANG; source_objects=6
LANG_MISSION_INFO.OLANG,467,790,790;790;790,3,,page15:tag:entity581:key00BA0159:ref790:ord0;page174:tag:entity581:key00BA0159:ref790:ord0;page180:tag:entity581:key00BA0159:ref790:ord0,【DEMO：07】再会,"装甲車両を制止したスネークは、その先にアマンダの気配を感じるが…。
　MAIN OPS 『対装甲車戦：LAV-typeG』より",【DEMO：06】強襲装甲車両 G型 LAV-typeG遭遇,,"制止装甲车辆后，Snake感觉到Amanda就在前方，然而……。
　出自MAIN OPS『对装甲车战：LAV-typeG』",,MATCH,151,125,APPROVED,READY,NOT_TESTED,JPN_PRIMARY; MLG_CN_CONTEXT_AUXILIARY,mechanical template; resource_class=STAGEDAT_OLANG; source_objects=3; review_flag=JPN_制止_SEMANTICS_AND_SOURCE_REFERENCE_PRESERVED
LANG_MISSION_INFO.OLANG,468,791,791;792;791;792;791;792,6,,page15:tag:entity764:key00F4F3AE:ref791:ord0;page15:tag:entity666:key00D6FD39:ref792:ord0;page174:tag:entity764:key00F4F3AE:ref791:ord0;page174:tag:entity666:key00D6FD39:ref792:ord0;page180:tag:entity764:key00F4F3AE:ref791:ord0;page180:tag:entity666:key00D6FD39:ref792:ord0,"装甲車両を制止したスネークは、その先にアマンダの気配を感じるが…。
　MAIN OPS 『対装甲車戦：LAV-typeG』より",【DEMO：06】強襲装甲車両 G型 LAV-typeG遭遇,"アマンダを追ってバナナ園へ足を踏み入れたスネークだが…。
　MAIN OPS 『アマンダ追跡』より",,【DEMO：06】强袭装甲车辆 G型 LAV-typeG遭遇,,MATCH,54,54,APPROVED,READY,NOT_TESTED,JPN_PRIMARY; MLG_CN_CONTEXT_AUXILIARY,mechanical template; resource_class=STAGEDAT_OLANG; source_objects=6; review_flag=JPN_MODEL_CASE_AND_SPACING_PRESERVED
LANG_MISSION_INFO.OLANG,469,793,793;793;793,3,,page15:tag:entity576:key00B90159:ref793:ord0;page174:tag:entity576:key00B90159:ref793:ord0;page180:tag:entity576:key00B90159:ref793:ord0,【DEMO：06】強襲装甲車両 G型 LAV-typeG遭遇,"アマンダを追ってバナナ園へ足を踏み入れたスネークだが…。
　MAIN OPS 『アマンダ追跡』より",【DEMO：05】隠れ家へ,,"Snake追着Amanda踏入香蕉园，然而……。
　出自MAIN OPS『追踪Amanda』",,MATCH,127,86,APPROVED,READY,NOT_TESTED,JPN_PRIMARY; MLG_CN_CONTEXT_AUXILIARY,mechanical template; resource_class=STAGEDAT_OLANG; source_objects=3; review_flag=SOURCE_ELLIPSIS_AND_FULLWIDTH_INDENT_PRESERVED
LANG_MISSION_INFO.OLANG,470,794,794;795;794;795;794;795,6,,page15:tag:entity762:key00F3F3AE:ref794:ord0;page15:tag:entity665:key00D6FCF9:ref795:ord0;page174:tag:entity762:key00F3F3AE:ref794:ord0;page174:tag:entity665:key00D6FCF9:ref795:ord0;page180:tag:entity762:key00F3F3AE:ref794:ord0;page180:tag:entity665:key00D6FCF9:ref795:ord0,"アマンダを追ってバナナ園へ足を踏み入れたスネークだが…。
　MAIN OPS 『アマンダ追跡』より",【DEMO：05】隠れ家へ,"スネークは現地情報を得るため、ニカラグアの革命軍司令官
（コマンダンテ）がいるというボート小屋へと接近する。
　MAIN OPS 『サンディニスタ司令官接触』より",,【DEMO：05】前往藏身处,,MATCH,27,30,APPROVED,READY,NOT_TESTED,JPN_PRIMARY; MLG_CN_CONTEXT_AUXILIARY,mechanical template; resource_class=STAGEDAT_OLANG; source_objects=6
LANG_MISSION_INFO.OLANG,471,796,796;796;796,3,,page15:tag:entity571:key00B80159:ref796:ord0;page174:tag:entity571:key00B80159:ref796:ord0;page180:tag:entity571:key00B80159:ref796:ord0,【DEMO：05】隠れ家へ,"スネークは現地情報を得るため、ニカラグアの革命軍司令官
（コマンダンテ）がいるというボート小屋へと接近する。
　MAIN OPS 『サンディニスタ司令官接触』より",【DEMO：04】資材搬入施設,,"为获取当地情报，Snake接近据说有尼加拉瓜革命军司令官
（Comandante）所在的船屋。
　出自MAIN OPS『接触桑地诺司令官』",,MATCH,221,157,APPROVED,READY,NOT_TESTED,JPN_PRIMARY; MLG_CN_CONTEXT_AUXILIARY,mechanical template; resource_class=STAGEDAT_OLANG; source_objects=3; review_flag=JPN_NICARAGUAN_REVOLUTIONARY_COMMANDER_SEMANTICS_AND_LINEBREAKS_PRESERVED
LANG_MISSION_INFO.OLANG,472,797,797;798;797;798;797;798,6,,page15:tag:entity761:key00F2F3AE:ref797:ord0;page15:tag:entity664:key00D6FCB9:ref798:ord0;page174:tag:entity761:key00F2F3AE:ref797:ord0;page174:tag:entity664:key00D6FCB9:ref798:ord0;page180:tag:entity761:key00F2F3AE:ref797:ord0;page180:tag:entity664:key00D6FCB9:ref798:ord0,"スネークは現地情報を得るため、ニカラグアの革命軍司令官
（コマンダンテ）がいるというボート小屋へと接近する。
　MAIN OPS 『サンディニスタ司令官接触』より",【DEMO：04】資材搬入施設,"米傭兵部隊の拠点調査のため、スネークはパスが囚われていた
沿岸施設内部へと潜入する。
　MAIN OPS 『発端/資材搬入施設調査』より",,【DEMO：04】物资搬入设施,,MATCH,33,33,APPROVED,READY,NOT_TESTED,JPN_PRIMARY; MLG_CN_CONTEXT_AUXILIARY,mechanical template; resource_class=STAGEDAT_OLANG; source_objects=6
LANG_MISSION_INFO.OLANG,473,799,799;799;799,3,,page15:tag:entity566:key00B70159:ref799:ord0;page174:tag:entity566:key00B70159:ref799:ord0;page180:tag:entity566:key00B70159:ref799:ord0,【DEMO：04】資材搬入施設,"米傭兵部隊の拠点調査のため、スネークはパスが囚われていた
沿岸施設内部へと潜入する。
　MAIN OPS 『発端/資材搬入施設調査』より",【DEMO：03】動機,,"为调查美军佣兵部队据点，Snake潜入Paz曾被关押的
沿岸设施内部。
　出自MAIN OPS『发端/物资搬入设施调查』",,MATCH,180,142,APPROVED,READY,NOT_TESTED,JPN_PRIMARY; MLG_CN_CONTEXT_AUXILIARY,mechanical template; resource_class=STAGEDAT_OLANG; source_objects=3; review_flag=SOURCE_LINEBREAKS_AND_FULLWIDTH_INDENT_PRESERVED
LANG_MISSION_INFO.OLANG,474,800,800;801;800;801;800;801,6,,page15:tag:entity760:key00F1F3AE:ref800:ord0;page15:tag:entity663:key00D6FC79:ref801:ord0;page174:tag:entity760:key00F1F3AE:ref800:ord0;page174:tag:entity663:key00D6FC79:ref801:ord0;page180:tag:entity760:key00F1F3AE:ref800:ord0;page180:tag:entity663:key00D6FC79:ref801:ord0,"米傭兵部隊の拠点調査のため、スネークはパスが囚われていた
沿岸施設内部へと潜入する。
　MAIN OPS 『発端/資材搬入施設調査』より",【DEMO：03】動機,"コスタリカから訪れた自称“教授”、ガルベスはその依頼内容を
スネークに伝える。
　MAIN OPS 『発端/資材搬入施設調査』より",,【DEMO：03】动机,,MATCH,21,21,APPROVED,READY,NOT_TESTED,JPN_PRIMARY; MLG_CN_CONTEXT_AUXILIARY,mechanical template; resource_class=STAGEDAT_OLANG; source_objects=6
LANG_MISSION_INFO.OLANG,475,802,802;802;802,3,,page15:tag:entity565:key00B60159:ref802:ord0;page174:tag:entity565:key00B60159:ref802:ord0;page180:tag:entity565:key00B60159:ref802:ord0,【DEMO：03】動機,"コスタリカから訪れた自称“教授”、ガルベスはその依頼内容を
スネークに伝える。
　MAIN OPS 『発端/資材搬入施設調査』より",【DEMO：02】依頼,,"来自哥斯达黎加、自称“教授”的Galvez向Snake说明
委托内容。
　出自MAIN OPS『发端/物资搬入设施调查』",,MATCH,171,136,APPROVED,READY,NOT_TESTED,JPN_PRIMARY; MLG_CN_CONTEXT_AUXILIARY,mechanical template; resource_class=STAGEDAT_OLANG; source_objects=3; review_flag=JPN_GALVEZ_PROFESSOR_SELF_DESCRIPTION_AND_LINEBREAKS_PRESERVED
LANG_MISSION_INFO.OLANG,476,803,803;804;803;804;803;804,6,,page15:tag:entity754:key00F0F3AE:ref803:ord0;page15:tag:entity662:key00D6FC39:ref804:ord0;page174:tag:entity754:key00F0F3AE:ref803:ord0;page174:tag:entity662:key00D6FC39:ref804:ord0;page180:tag:entity754:key00F0F3AE:ref803:ord0;page180:tag:entity662:key00D6FC39:ref804:ord0,"コスタリカから訪れた自称“教授”、ガルベスはその依頼内容を
スネークに伝える。
　MAIN OPS 『発端/資材搬入施設調査』より",【DEMO：02】依頼,"コロンビア、『国境なき軍隊』MSF本拠で訓練中のスネークは
自らを呼ぶ声に振り向く。
　MAIN OPS 『発端/資材搬入施設調査』より",,【DEMO：02】委托,,MATCH,21,21,APPROVED,READY,NOT_TESTED,JPN_PRIMARY; MLG_CN_CONTEXT_AUXILIARY,mechanical template; resource_class=STAGEDAT_OLANG; source_objects=6; review_flag=JPN_TITLE_REQUEST_SEMANTICS; AUX_PAZ_POSSESSIVE_ADDITION_REJECTED
LANG_MISSION_INFO.OLANG,477,805,805;805;805,3,,page15:tag:entity559:key00B50159:ref805:ord0;page174:tag:entity559:key00B50159:ref805:ord0;page180:tag:entity559:key00B50159:ref805:ord0,【DEMO：02】依頼,"コロンビア、『国境なき軍隊』MSF本拠で訓練中のスネークは
自らを呼ぶ声に振り向く。
　MAIN OPS 『発端/資材搬入施設調査』より",【DEMO：01】国境なき軍隊,,"在哥伦比亚『无国界军队』MSF总部训练中的Snake
听到有人呼唤自己，回过头去。
　出自MAIN OPS『发端/物资搬入设施调查』",,MATCH,174,160,APPROVED,READY,NOT_TESTED,JPN_PRIMARY; MLG_CN_CONTEXT_AUXILIARY,mechanical template; resource_class=STAGEDAT_OLANG; source_objects=3; review_flag=JPN_SOLDIERS_WITHOUT_BORDERS_WORDING_AND_LINEBREAKS_PRESERVED
LANG_MISSION_INFO.OLANG,478,806,806;807;806;807;806;807,6,,page15:tag:entity753:key00EFF3AE:ref806:ord0;page15:tag:entity661:key00D6FBF9:ref807:ord0;page174:tag:entity753:key00EFF3AE:ref806:ord0;page174:tag:entity661:key00D6FBF9:ref807:ord0;page180:tag:entity753:key00EFF3AE:ref806:ord0;page180:tag:entity661:key00D6FBF9:ref807:ord0,"コロンビア、『国境なき軍隊』MSF本拠で訓練中のスネークは
自らを呼ぶ声に振り向く。
　MAIN OPS 『発端/資材搬入施設調査』より",【DEMO：01】国境なき軍隊,"1974年11月4日、コロンビア バランキヤ港沿岸。
『国境なき軍隊』MSF本拠にて…。
　MAIN OPS 『発端/資材搬入施設調査』より",,【DEMO：01】无国界军队,,MATCH,33,30,APPROVED,READY,NOT_TESTED,JPN_PRIMARY; MLG_CN_CONTEXT_AUXILIARY,mechanical template; resource_class=STAGEDAT_OLANG; source_objects=6
LANG_MISSION_INFO.OLANG,479,808,808;808;808,3,,page15:tag:entity558:key00B40159:ref808:ord0;page174:tag:entity558:key00B40159:ref808:ord0;page180:tag:entity558:key00B40159:ref808:ord0,【DEMO：01】国境なき軍隊,"1974年11月4日、コロンビア バランキヤ港沿岸。
『国境なき軍隊』MSF本拠にて…。
　MAIN OPS 『発端/資材搬入施設調査』より",【EXTRA OPS：AP】MSF入隊テスト,,"1974年11月4日，哥伦比亚 Barranquilla港沿岸。
『无国界军队』MSF总部……。
　出自MAIN OPS『发端/物资搬入设施调查』",,MATCH,164,151,APPROVED,READY,NOT_TESTED,JPN_PRIMARY; MLG_CN_CONTEXT_AUXILIARY,mechanical template; resource_class=STAGEDAT_OLANG; source_objects=3; review_flag=JPN_DATE_LOCATION_AND_SOURCE_LINEBREAKS_PRESERVED
LANG_MISSION_INFO.OLANG,480,809,809;810;809;810;809;810,6,,page15:tag:entity652:key00D1F145:ref809:ord0;page15:tag:entity101:key003CB479:ref810:ord0;page174:tag:entity652:key00D1F145:ref809:ord0;page174:tag:entity101:key003CB479:ref810:ord0;page180:tag:entity652:key00D1F145:ref809:ord0;page180:tag:entity101:key003CB479:ref810:ord0,"1974年11月4日、コロンビア バランキヤ港沿岸。
『国境なき軍隊』MSF本拠にて…。
　MAIN OPS 『発端/資材搬入施設調査』より",【EXTRA OPS：AP】MSF入隊テスト,"CQCと打撃攻撃のみで、<C=FF4040>MSF入隊志願者全員を降参<C=R>させよ。
制限時間内に全員降参させることが出来ると、参加者全員が
MSFに入隊する。",,【EXTRA OPS：AP】MSF入队测试,,MATCH,38,35,APPROVED,READY,NOT_TESTED,JPN_PRIMARY; MLG_CN_CONTEXT_AUXILIARY,mechanical template; resource_class=STAGEDAT_OLANG; source_objects=6
LANG_MISSION_INFO.OLANG,481,811,811;811;811,3,,page15:tag:entity447:key0095FEF0:ref811:ord0;page174:tag:entity447:key0095FEF0:ref811:ord0;page180:tag:entity447:key0095FEF0:ref811:ord0,【EXTRA OPS：AP】MSF入隊テスト,"CQCと打撃攻撃のみで、<C=FF4040>MSF入隊志願者全員を降参<C=R>させよ。
制限時間内に全員降参させることが出来ると、参加者全員が
MSFに入隊する。",【EXTRA OPS：没】メタルギアZEKE・クロスバトル,<C=FF4040> | <C=R>,"仅使用CQC与打击攻击，<C=FF4040>让所有MSF入队志愿者投降<C=R>。
若能在限制时间内让所有人投降，参加者将全部
加入MSF。",<C=FF4040> | <C=R>,MATCH,194,158,APPROVED,READY,NOT_TESTED,JPN_PRIMARY; MLG_CN_CONTEXT_AUXILIARY,mechanical template; resource_class=STAGEDAT_OLANG; source_objects=3; review_flag=CONTROL_COLOR_PAIR_AND_SOURCE_LINEBREAKS_PRESERVED
