file_id,unique_index,first_reference_index,reference_indices,reference_count,scene_context,entity_context,previous_jpn_text,jpn_text,next_jpn_text,jpn_control_tokens,cn_text,cn_control_tokens,control_structure_status,jpn_utf8_bytes,cn_utf8_bytes,translation_status,build_status,ingame_status,translation_basis,notes
5D52E4F8,0,0,0;2;4;12;16;20;45;46;354;356;0;2;4;12;16;20;45;46;354;356;0;2;4;12;16;20;45;46;354;356,30,,page4:tag17:entity98:key00000063:ref0:ord0;page4:tag17:entity96:key00000061:ref2:ord0;page4:tag17:entity94:key0000005F:ref4:ord0;page4:tag17:entity87:key00000058:ref12:ord0;page4:tag17:entity83:key00000054:ref16:ord0;page4:tag17:entity79:key00000050:ref20:ord0;page4:tag17:entity360:key0000024D:ref45:ord0;page4:tag17:entity359:key0000024C:ref46:ord0;page4:tag17:entity103:key00000068:ref354:ord0;page4:tag17:entity101:key00000066:ref356:ord0;page16:tag15:entity98:key00000063:ref0:ord0;page16:tag15:entity96:key00000061:ref2:ord0;page16:tag15:entity94:key0000005F:ref4:ord0;page16:tag15:entity87:key00000058:ref12:ord0;page16:tag15:entity83:key00000054:ref16:ord0;page16:tag15:entity79:key00000050:ref20:ord0;page16:tag15:entity360:key0000024D:ref45:ord0;page16:tag15:entity359:key0000024C:ref46:ord0;page16:tag15:entity103:key00000068:ref354:ord0;page16:tag15:entity101:key00000066:ref356:ord0;page22:tag12:entity98:key00000063:ref0:ord0;page22:tag12:entity96:key00000061:ref2:ord0;page22:tag12:entity94:key0000005F:ref4:ord0;page22:tag12:entity87:key00000058:ref12:ord0;page22:tag12:entity83:key00000054:ref16:ord0;page22:tag12:entity79:key00000050:ref20:ord0;page22:tag12:entity360:key0000024D:ref45:ord0;page22:tag12:entity359:key0000024C:ref46:ord0;page22:tag12:entity103:key00000068:ref354:ord0;page22:tag12:entity101:key00000066:ref356:ord0,,（プログラムの都合上存在する行なので、説明は不要）,"小型軽量カービン。
スモークグレネードランチャー装備。
切り替えはＲボタン（ハンタータイプは<I=RIGH>）。",,（因程序需要而存在的行，无需说明）,,MATCH,75,51,APPROVED,READY,NOT_TESTED,JPN_PRIMARY; MLG_CN_CONTEXT_AUXILIARY,mechanical template; resource_class=SLOT_OLANG; source_objects=30; review_flag=WEB_TRANSLATED_PENDING_CODEX_CHECK
5D52E4F8,1,1,1;1;1,3,,page4:tag17:entity97:key00000062:ref1:ord0;page16:tag15:entity97:key00000062:ref1:ord0;page22:tag12:entity97:key00000062:ref1:ord0,（プログラムの都合上存在する行なので、説明は不要）,"小型軽量カービン。
スモークグレネードランチャー装備。
切り替えはＲボタン（ハンタータイプは<I=RIGH>）。",（プログラムの都合上存在する行なので、説明は不要）,<I=RIGH>,"小型轻量卡宾枪。
配备烟雾弹发射器。
按R键切换（猎人操作方式下按<I=RIGH>）。",<I=RIGH>,MATCH,148,107,APPROVED,READY,NOT_TESTED,JPN_PRIMARY; MLG_CN_CONTEXT_AUXILIARY,mechanical template; resource_class=SLOT_OLANG; source_objects=3; review_flag=WEB_TRANSLATED_PENDING_CODEX_CHECK
5D52E4F8,2,3,3;3;3,3,,page4:tag17:entity95:key00000060:ref3:ord0;page16:tag15:entity95:key00000060:ref3:ord0;page22:tag12:entity95:key00000060:ref3:ord0,（プログラムの都合上存在する行なので、説明は不要）,"小型軽量カービン。
ショットガン装備。切り替えは
Ｒボタン（ハンタータイプは<I=RIGH>）。",（プログラムの都合上存在する行なので、説明は不要）,<I=RIGH>,"小型轻量卡宾枪。
配备霰弹枪。切换方式为
R键（猎人操作方式下按<I=RIGH>）。",<I=RIGH>,MATCH,124,104,APPROVED,READY,NOT_TESTED,JPN_PRIMARY; MLG_CN_CONTEXT_AUXILIARY,mechanical template; resource_class=SLOT_OLANG; source_objects=3; review_flag=WEB_TRANSLATED_PENDING_CODEX_CHECK
5D52E4F8,3,5,5;5;5,3,,page4:tag17:entity93:key0000005E:ref5:ord0;page16:tag15:entity93:key0000005E:ref5:ord0;page22:tag12:entity93:key0000005E:ref5:ord0,（プログラムの都合上存在する行なので、説明は不要）,"小型軽量カービン。
グレネードランチャー装備。切り替えは
Ｒボタン（ハンタータイプは<I=RIGH>）。","小型軽量カービン。
命中精度が高く、取り回しも良好。
開発によりサプレッサーを装備。",<I=RIGH>,"小型轻量卡宾枪。
配备榴弹发射器。切换方式为
R键（猎人操作方式下按<I=RIGH>）。",<I=RIGH>,MATCH,136,110,APPROVED,READY,NOT_TESTED,JPN_PRIMARY; MLG_CN_CONTEXT_AUXILIARY,mechanical template; resource_class=SLOT_OLANG; source_objects=3; review_flag=WEB_TRANSLATED_PENDING_CODEX_CHECK
5D52E4F8,4,6,6;6;6,3,,page4:tag17:entity92:key0000005D:ref6:ord0;page16:tag15:entity92:key0000005D:ref6:ord0;page22:tag12:entity92:key0000005D:ref6:ord0,"小型軽量カービン。
グレネードランチャー装備。切り替えは
Ｒボタン（ハンタータイプは<I=RIGH>）。","小型軽量カービン。
命中精度が高く、取り回しも良好。
開発によりサプレッサーを装備。","小型軽量カービン。
命中精度が高く、取り回しも良好。
開発によりオプションパーツを装備可能。",,"小型轻量卡宾枪。
命中精度高，操控性也很好。
通过研发配备消音器。",,MATCH,122,95,APPROVED,READY,NOT_TESTED,JPN_PRIMARY; MLG_CN_CONTEXT_AUXILIARY,mechanical template; resource_class=SLOT_OLANG; source_objects=3; review_flag=WEB_TRANSLATED_PENDING_CODEX_CHECK
5D52E4F8,5,7,7;7;7,3,,page4:tag17:entity91:key0000005C:ref7:ord0;page16:tag15:entity91:key0000005C:ref7:ord0;page22:tag12:entity91:key0000005C:ref7:ord0,"小型軽量カービン。
命中精度が高く、取り回しも良好。
開発によりサプレッサーを装備。","小型軽量カービン。
命中精度が高く、取り回しも良好。
開発によりオプションパーツを装備可能。","M16を改造した大型アサルトピストル。
反動が非常に大きくハンドリングは困難だが、
弾数は無限。",,"小型轻量卡宾枪。
命中精度高，操控性也很好。
通过研发可装备选配部件。",,MATCH,134,101,APPROVED,READY,NOT_TESTED,JPN_PRIMARY; MLG_CN_CONTEXT_AUXILIARY,mechanical template; resource_class=SLOT_OLANG; source_objects=3; review_flag=WEB_TRANSLATED_PENDING_CODEX_CHECK
5D52E4F8,6,8,8;8;8,3,,page4:tag17:entity90:key0000005B:ref8:ord0;page16:tag15:entity90:key0000005B:ref8:ord0;page22:tag12:entity90:key0000005B:ref8:ord0,"小型軽量カービン。
命中精度が高く、取り回しも良好。
開発によりオプションパーツを装備可能。","M16を改造した大型アサルトピストル。
反動が非常に大きくハンドリングは困難だが、
弾数は無限。","新型軽量アサルトライフル。
構えボタンで構え、攻撃ボタンで発砲。
",,"由M16改装的大型突击手枪。
后坐力极大、难以操控，
但弹药无限。",,MATCH,134,89,APPROVED,READY,NOT_TESTED,JPN_PRIMARY; MLG_CN_CONTEXT_AUXILIARY,mechanical template; resource_class=SLOT_OLANG; source_objects=3; review_flag=WEB_TRANSLATED_PENDING_CODEX_CHECK
5D52E4F8,7,9,9;14;18;9;14;18;9;14;18,9,,page4:tag17:entity89:key0000005A:ref9:ord0;page4:tag17:entity85:key00000056:ref14:ord0;page4:tag17:entity81:key00000052:ref18:ord0;page16:tag15:entity89:key0000005A:ref9:ord0;page16:tag15:entity85:key00000056:ref14:ord0;page16:tag15:entity81:key00000052:ref18:ord0;page22:tag12:entity89:key0000005A:ref9:ord0;page22:tag12:entity85:key00000056:ref14:ord0;page22:tag12:entity81:key00000052:ref18:ord0,"M16を改造した大型アサルトピストル。
反動が非常に大きくハンドリングは困難だが、
弾数は無限。","新型軽量アサルトライフル。
構えボタンで構え、攻撃ボタンで発砲。
","LIFE回復弾を撃ち出すサプレッサー内蔵の
特殊ピストル。非殺傷武器。改良により
LIFE回復量が増大。",,"新型轻量突击步枪。
按瞄准键架枪，按攻击键开火。
",,MATCH,95,71,APPROVED,READY,NOT_TESTED,JPN_PRIMARY; MLG_CN_CONTEXT_AUXILIARY,mechanical template; resource_class=SLOT_OLANG; source_objects=9; review_flag=WEB_TRANSLATED_PENDING_CODEX_CHECK
5D52E4F8,8,10,10;21;359;10;21;359;10;21;359,9,,page4:tag17:entity8:key00000009:ref10:ord0;page4:tag17:entity7:key00000008:ref21:ord0;page4:tag17:entity9:key0000000A:ref359:ord0;page16:tag15:entity8:key00000009:ref10:ord0;page16:tag15:entity7:key00000008:ref21:ord0;page16:tag15:entity9:key0000000A:ref359:ord0;page22:tag12:entity8:key00000009:ref10:ord0;page22:tag12:entity7:key00000008:ref21:ord0;page22:tag12:entity9:key0000000A:ref359:ord0,"新型軽量アサルトライフル。
構えボタンで構え、攻撃ボタンで発砲。
","LIFE回復弾を撃ち出すサプレッサー内蔵の
特殊ピストル。非殺傷武器。改良により
LIFE回復量が増大。","新型軽量アサルトライフル。
スモークグレネードランチャーとレーザー
サイト装備。切り替えはＲボタン
（ハンタータイプは<I=RIGH>）。",,"内置消音器、发射LIFE恢复弹的
特殊手枪。非致命武器。改良后
LIFE恢复量增加。",,MATCH,136,106,APPROVED,READY,NOT_TESTED,JPN_PRIMARY; MLG_CN_CONTEXT_AUXILIARY,mechanical template; resource_class=SLOT_OLANG; source_objects=9; review_flag=WEB_TRANSLATED_PENDING_CODEX_CHECK
5D52E4F8,9,11,11;11;11,3,,page4:tag17:entity88:key00000059:ref11:ord0;page16:tag15:entity88:key00000059:ref11:ord0;page22:tag12:entity88:key00000059:ref11:ord0,"LIFE回復弾を撃ち出すサプレッサー内蔵の
特殊ピストル。非殺傷武器。改良により
LIFE回復量が増大。","新型軽量アサルトライフル。
スモークグレネードランチャーとレーザー
サイト装備。切り替えはＲボタン
（ハンタータイプは<I=RIGH>）。",（プログラムの都合上存在する行なので、説明は不要）,<I=RIGH>,"新型轻量突击步枪。
配备烟雾弹发射器和激光瞄准器。
按R键切换
（猎人操作方式下按<I=RIGH>）。",<I=RIGH>,MATCH,185,129,APPROVED,READY,NOT_TESTED,JPN_PRIMARY; MLG_CN_CONTEXT_AUXILIARY,mechanical template; resource_class=SLOT_OLANG; source_objects=3; review_flag=WEB_TRANSLATED_PENDING_CODEX_CHECK
5D52E4F8,10,13,13;13;13,3,,page4:tag17:entity86:key00000057:ref13:ord0;page16:tag15:entity86:key00000057:ref13:ord0;page22:tag12:entity86:key00000057:ref13:ord0,（プログラムの都合上存在する行なので、説明は不要）,"新型軽量アサルトライフル。
スモークグレネードランチャー装備。
切り替えはＲボタン（ハンタータイプは<I=RIGH>）。","新型軽量アサルトライフル。
構えボタンで構え、攻撃ボタンで発砲。
",<I=RIGH>,"新型轻量突击步枪。
配备烟雾弹发射器。
按R键切换（猎人操作方式下按<I=RIGH>）。",<I=RIGH>,MATCH,160,110,APPROVED,READY,NOT_TESTED,JPN_PRIMARY; MLG_CN_CONTEXT_AUXILIARY,mechanical template; resource_class=SLOT_OLANG; source_objects=3; review_flag=WEB_TRANSLATED_PENDING_CODEX_CHECK
5D52E4F8,11,15,15;15;15,3,,page4:tag17:entity84:key00000055:ref15:ord0;page16:tag15:entity84:key00000055:ref15:ord0;page22:tag12:entity84:key00000055:ref15:ord0,"新型軽量アサルトライフル。
構えボタンで構え、攻撃ボタンで発砲。
","新型軽量アサルトライフル。
グレネードランチャーとレーザーサイト装備。
切り替えはＲボタン（ハンタータイプは<I=RIGH>）。",（プログラムの都合上存在する行なので、説明は不要）,<I=RIGH>,"新型轻量突击步枪。
配备榴弹发射器和激光瞄准器。
按R键切换（猎人操作方式下按<I=RIGH>）。",<I=RIGH>,MATCH,172,125,APPROVED,READY,NOT_TESTED,JPN_PRIMARY; MLG_CN_CONTEXT_AUXILIARY,mechanical template; resource_class=SLOT_OLANG; source_objects=3; review_flag=WEB_TRANSLATED_PENDING_CODEX_CHECK
5D52E4F8,12,17,17;17;17,3,,page4:tag17:entity82:key00000053:ref17:ord0;page16:tag15:entity82:key00000053:ref17:ord0;page22:tag12:entity82:key00000053:ref17:ord0,（プログラムの都合上存在する行なので、説明は不要）,"新型軽量アサルトライフル。
グレネードランチャー装備。切り替えは
Ｒボタン（ハンタータイプは<I=RIGH>）。","新型軽量アサルトライフル。
構えボタンで構え、攻撃ボタンで発砲。
",<I=RIGH>,"新型轻量突击步枪。
配备榴弹发射器。切换方式为
R键（猎人操作方式下按<I=RIGH>）。",<I=RIGH>,MATCH,148,113,APPROVED,READY,NOT_TESTED,JPN_PRIMARY; MLG_CN_CONTEXT_AUXILIARY,mechanical template; resource_class=SLOT_OLANG; source_objects=3; review_flag=WEB_TRANSLATED_PENDING_CODEX_CHECK
5D52E4F8,13,19,19;19;19,3,,page4:tag17:entity80:key00000051:ref19:ord0;page16:tag15:entity80:key00000051:ref19:ord0;page22:tag12:entity80:key00000051:ref19:ord0,"新型軽量アサルトライフル。
構えボタンで構え、攻撃ボタンで発砲。
","新型軽量アサルトライフル。
ショットガンとレーザーサイト装備。
切り替えはＲボタン（ハンタータイプは<I=RIGH>）。",（プログラムの都合上存在する行なので、説明は不要）,<I=RIGH>,"新型轻量突击步枪。
配备霰弹枪和激光瞄准器。
按R键切换（猎人操作方式下按<I=RIGH>）。",<I=RIGH>,MATCH,160,119,APPROVED,READY,NOT_TESTED,JPN_PRIMARY; MLG_CN_CONTEXT_AUXILIARY,mechanical template; resource_class=SLOT_OLANG; source_objects=3; review_flag=WEB_TRANSLATED_PENDING_CODEX_CHECK
5D52E4F8,14,22,22;22;22,3,,page4:tag17:entity78:key0000004F:ref22:ord0;page16:tag15:entity78:key0000004F:ref22:ord0;page22:tag12:entity78:key0000004F:ref22:ord0,"LIFE回復弾を撃ち出すサプレッサー内蔵の
特殊ピストル。非殺傷武器。改良により
LIFE回復量が増大。","新型軽量アサルトライフル。
ショットガン装備。切り替えはＲボタン
（ハンタータイプは<I=RIGH>）。","新型軽量アサルトライフル。
高い命中精度のままサプレッサーが
装備され、潜入時の戦闘力ＵＰ。",<I=RIGH>,"新型轻量突击步枪。
配备霰弹枪。按R键切换
（猎人操作方式下按<I=RIGH>）。",<I=RIGH>,MATCH,136,101,APPROVED,READY,NOT_TESTED,JPN_PRIMARY; MLG_CN_CONTEXT_AUXILIARY,mechanical template; resource_class=SLOT_OLANG; source_objects=3; review_flag=WEB_TRANSLATED_PENDING_CODEX_CHECK
5D52E4F8,15,23,23;23;23,3,,page4:tag17:entity77:key0000004E:ref23:ord0;page16:tag15:entity77:key0000004E:ref23:ord0;page22:tag12:entity77:key0000004E:ref23:ord0,"新型軽量アサルトライフル。
ショットガン装備。切り替えはＲボタン
（ハンタータイプは<I=RIGH>）。","新型軽量アサルトライフル。
高い命中精度のままサプレッサーが
装備され、潜入時の戦闘力ＵＰ。","新型軽量アサルトライフル。
命中精度が高く、開発により
オプションパーツを装備可能。",,"新型轻量突击步枪。
在保持高命中精度的同时配备消音器，
提升了潜入时的战斗力。",,MATCH,134,113,APPROVED,READY,NOT_TESTED,JPN_PRIMARY; MLG_CN_CONTEXT_AUXILIARY,mechanical template; resource_class=SLOT_OLANG; source_objects=3; review_flag=WEB_TRANSLATED_PENDING_CODEX_CHECK
5D52E4F8,16,24,24;25;24;25;24;25,6,,page4:tag17:entity76:key0000004D:ref24:ord0;page4:tag17:entity75:key0000004C:ref25:ord0;page16:tag15:entity76:key0000004D:ref24:ord0;page16:tag15:entity75:key0000004C:ref25:ord0;page22:tag12:entity76:key0000004D:ref24:ord0;page22:tag12:entity75:key0000004C:ref25:ord0,"新型軽量アサルトライフル。
高い命中精度のままサプレッサーが
装備され、潜入時の戦闘力ＵＰ。","新型軽量アサルトライフル。
命中精度が高く、開発により
オプションパーツを装備可能。","小型軽量サブマシンガン。
構えボタンで構え、攻撃ボタンで発砲。",,"新型轻量突击步枪。
命中精度高，通过研发
可装备选配部件。",,MATCH,122,83,APPROVED,READY,NOT_TESTED,JPN_PRIMARY; MLG_CN_CONTEXT_AUXILIARY,mechanical template; resource_class=SLOT_OLANG; source_objects=6; review_flag=WEB_TRANSLATED_PENDING_CODEX_CHECK
5D52E4F8,17,26,26;28;73;74;75;76;78;79;26;28;73;74;75;76;78;79;26;28;73;74;75;76;78;79,24,,page4:tag17:entity74:key0000004B:ref26:ord0;page4:tag17:entity72:key00000049:ref28:ord0;page4:tag17:entity334:key00000233:ref73:ord0;page4:tag17:entity333:key00000232:ref74:ord0;page4:tag17:entity332:key00000231:ref75:ord0;page4:tag17:entity331:key00000230:ref76:ord0;page4:tag17:entity330:key0000022F:ref78:ord0;page4:tag17:entity329:key0000022E:ref79:ord0;page16:tag15:entity74:key0000004B:ref26:ord0;page16:tag15:entity72:key00000049:ref28:ord0;page16:tag15:entity334:key00000233:ref73:ord0;page16:tag15:entity333:key00000232:ref74:ord0;page16:tag15:entity332:key00000231:ref75:ord0;page16:tag15:entity331:key00000230:ref76:ord0;page16:tag15:entity330:key0000022F:ref78:ord0;page16:tag15:entity329:key0000022E:ref79:ord0;page22:tag12:entity74:key0000004B:ref26:ord0;page22:tag12:entity72:key00000049:ref28:ord0;page22:tag12:entity334:key00000233:ref73:ord0;page22:tag12:entity333:key00000232:ref74:ord0;page22:tag12:entity332:key00000231:ref75:ord0;page22:tag12:entity331:key00000230:ref76:ord0;page22:tag12:entity330:key0000022F:ref78:ord0;page22:tag12:entity329:key0000022E:ref79:ord0,"新型軽量アサルトライフル。
命中精度が高く、開発により
オプションパーツを装備可能。","小型軽量サブマシンガン。
構えボタンで構え、攻撃ボタンで発砲。","小型軽量サブマシンガン。
サプレッサー装備。
構えボタンで構え、攻撃ボタンで発砲。",,"小型轻量冲锋枪。
按瞄准键架枪，按攻击键开火。",,MATCH,91,67,APPROVED,READY,NOT_TESTED,JPN_PRIMARY; MLG_CN_CONTEXT_AUXILIARY,mechanical template; resource_class=SLOT_OLANG; source_objects=24; review_flag=WEB_TRANSLATED_PENDING_CODEX_CHECK
5D52E4F8,18,27,27;27;27,3,,page4:tag17:entity73:key0000004A:ref27:ord0;page16:tag15:entity73:key0000004A:ref27:ord0;page22:tag12:entity73:key0000004A:ref27:ord0,"小型軽量サブマシンガン。
構えボタンで構え、攻撃ボタンで発砲。","小型軽量サブマシンガン。
サプレッサー装備。
構えボタンで構え、攻撃ボタンで発砲。","小型軽量サブマシンガン。
構えボタンで構え、攻撃ボタンで発砲。",,"小型轻量冲锋枪。
配备消音器。
按瞄准键架枪，按攻击键开火。",,MATCH,119,86,APPROVED,READY,NOT_TESTED,JPN_PRIMARY; MLG_CN_CONTEXT_AUXILIARY,mechanical template; resource_class=SLOT_OLANG; source_objects=3; review_flag=WEB_TRANSLATED_PENDING_CODEX_CHECK
5D52E4F8,19,29,29;30;29;30;29;30,6,,page4:tag17:entity71:key00000048:ref29:ord0;page4:tag17:entity70:key00000047:ref30:ord0;page16:tag15:entity71:key00000048:ref29:ord0;page16:tag15:entity70:key00000047:ref30:ord0;page22:tag12:entity71:key00000048:ref29:ord0;page22:tag12:entity70:key00000047:ref30:ord0,"小型軽量サブマシンガン。
構えボタンで構え、攻撃ボタンで発砲。","小型軽量サブマシンガン。
反動が低くAUTO AIM角度が広いが、
弾丸一発の威力は低い。サプレッサー装備。","小型軽量サブマシンガン。
反動が低くAUTO AIM角度が広いが、
弾丸一発の威力は低い。",,"小型轻量冲锋枪。
后坐力低，AUTO AIM角度广，
但单发威力较低。配备消音器。",,MATCH,142,103,APPROVED,READY,NOT_TESTED,JPN_PRIMARY; MLG_CN_CONTEXT_AUXILIARY,mechanical template; resource_class=SLOT_OLANG; source_objects=6; review_flag=WEB_TRANSLATED_PENDING_CODEX_CHECK
5D52E4F8,20,31,31;31;31,3,,page4:tag17:entity69:key00000046:ref31:ord0;page16:tag15:entity69:key00000046:ref31:ord0;page22:tag12:entity69:key00000046:ref31:ord0,"小型軽量サブマシンガン。
反動が低くAUTO AIM角度が広いが、
弾丸一発の威力は低い。サプレッサー装備。","小型軽量サブマシンガン。
反動が低くAUTO AIM角度が広いが、
弾丸一発の威力は低い。","LIFE回復弾を撃ち出すサプレッサー内蔵の
特殊ピストル。非殺傷武器。試作品のため
LIFE回復量は低め。",,"小型轻量冲锋枪。
后坐力低，AUTO AIM角度广，
但单发威力较低。",,MATCH,115,85,APPROVED,READY,NOT_TESTED,JPN_PRIMARY; MLG_CN_CONTEXT_AUXILIARY,mechanical template; resource_class=SLOT_OLANG; source_objects=3; review_flag=WEB_TRANSLATED_PENDING_CODEX_CHECK
5D52E4F8,21,32,32;32;32,3,,page4:tag17:entity6:key00000007:ref32:ord0;page16:tag15:entity6:key00000007:ref32:ord0;page22:tag12:entity6:key00000007:ref32:ord0,"小型軽量サブマシンガン。
反動が低くAUTO AIM角度が広いが、
弾丸一発の威力は低い。","LIFE回復弾を撃ち出すサプレッサー内蔵の
特殊ピストル。非殺傷武器。試作品のため
LIFE回復量は低め。","高精度サブマシンガン。
サブマシンガン中、命中精度が最も高い。
サプレッサー内蔵型なので消音効果が途切れる
ことがない。",,"内置消音器、发射LIFE恢复弹的
特殊手枪。非致命武器。由于是试制品，
LIFE恢复量较低。",,MATCH,139,118,APPROVED,READY,NOT_TESTED,JPN_PRIMARY; MLG_CN_CONTEXT_AUXILIARY,mechanical template; resource_class=SLOT_OLANG; source_objects=3; review_flag=WEB_TRANSLATED_PENDING_CODEX_CHECK
5D52E4F8,22,33,33;33;33,3,,page4:tag17:entity68:key00000045:ref33:ord0;page16:tag15:entity68:key00000045:ref33:ord0;page22:tag12:entity68:key00000045:ref33:ord0,"LIFE回復弾を撃ち出すサプレッサー内蔵の
特殊ピストル。非殺傷武器。試作品のため
LIFE回復量は低め。","高精度サブマシンガン。
サブマシンガン中、命中精度が最も高い。
サプレッサー内蔵型なので消音効果が途切れる
ことがない。","高精度サブマシンガン。
アサルトライフルと同じ作動メカニズムを
持ち、サブマシンガン中、命中精度が最も
高い。サプレッサー装備。",,"高精度冲锋枪。
在冲锋枪中命中精度最高。
内置消音器，消音效果
不会中断。",,MATCH,174,105,APPROVED,READY,NOT_TESTED,JPN_PRIMARY; MLG_CN_CONTEXT_AUXILIARY,mechanical template; resource_class=SLOT_OLANG; source_objects=3; review_flag=WEB_TRANSLATED_PENDING_CODEX_CHECK
5D52E4F8,23,34,34;34;34,3,,page4:tag17:entity67:key00000044:ref34:ord0;page16:tag15:entity67:key00000044:ref34:ord0;page22:tag12:entity67:key00000044:ref34:ord0,"高精度サブマシンガン。
サブマシンガン中、命中精度が最も高い。
サプレッサー内蔵型なので消音効果が途切れる
ことがない。","高精度サブマシンガン。
アサルトライフルと同じ作動メカニズムを
持ち、サブマシンガン中、命中精度が最も
高い。サプレッサー装備。","高精度サブマシンガン。
アサルトライフルと同じ作動メカニズムを
持ち、サブマシンガン中、命中精度が最も
高い。",,"高精度冲锋枪。
采用与突击步枪相同的运作机构，
在冲锋枪中命中精度
最高。配备消音器。",,MATCH,186,123,APPROVED,READY,NOT_TESTED,JPN_PRIMARY; MLG_CN_CONTEXT_AUXILIARY,mechanical template; resource_class=SLOT_OLANG; source_objects=3; review_flag=WEB_TRANSLATED_PENDING_CODEX_CHECK
5D52E4F8,24,35,35;35;35,3,,page4:tag17:entity66:key00000043:ref35:ord0;page16:tag15:entity66:key00000043:ref35:ord0;page22:tag12:entity66:key00000043:ref35:ord0,"高精度サブマシンガン。
アサルトライフルと同じ作動メカニズムを
持ち、サブマシンガン中、命中精度が最も
高い。サプレッサー装備。","高精度サブマシンガン。
アサルトライフルと同じ作動メカニズムを
持ち、サブマシンガン中、命中精度が最も
高い。","小型軽量サブマシンガン。
発射速度が高く効果的に敵を足止めする。
バレルジャケット装備で命中精度が向上。",,"高精度冲锋枪。
采用与突击步枪相同的运作机构，
在冲锋枪中命中精度
最高。",,MATCH,159,105,APPROVED,READY,NOT_TESTED,JPN_PRIMARY; MLG_CN_CONTEXT_AUXILIARY,mechanical template; resource_class=SLOT_OLANG; source_objects=3; review_flag=WEB_TRANSLATED_PENDING_CODEX_CHECK
5D52E4F8,25,36,36;36;36,3,,page4:tag17:entity65:key00000042:ref36:ord0;page16:tag15:entity65:key00000042:ref36:ord0;page22:tag12:entity65:key00000042:ref36:ord0,"高精度サブマシンガン。
アサルトライフルと同じ作動メカニズムを
持ち、サブマシンガン中、命中精度が最も
高い。","小型軽量サブマシンガン。
発射速度が高く効果的に敵を足止めする。
バレルジャケット装備で命中精度が向上。","小型軽量サブマシンガン。
発射速度が高く効果的に敵を足止めするが
命中精度は低い。サプレッサー装備。",,"小型轻量冲锋枪。
射速高，能有效压制敌人。
配备枪管护套后命中精度提高。",,MATCH,152,104,APPROVED,READY,NOT_TESTED,JPN_PRIMARY; MLG_CN_CONTEXT_AUXILIARY,mechanical template; resource_class=SLOT_OLANG; source_objects=3; review_flag=WEB_TRANSLATED_PENDING_CODEX_CHECK
5D52E4F8,26,37,37;37;37,3,,page4:tag17:entity64:key00000041:ref37:ord0;page16:tag15:entity64:key00000041:ref37:ord0;page22:tag12:entity64:key00000041:ref37:ord0,"小型軽量サブマシンガン。
発射速度が高く効果的に敵を足止めする。
バレルジャケット装備で命中精度が向上。","小型軽量サブマシンガン。
発射速度が高く効果的に敵を足止めするが
命中精度は低い。サプレッサー装備。","小型軽量サブマシンガン。
発射速度が高く効果的に敵を足止めするが
命中精度は低い。",,"小型轻量冲锋枪。
射速高，能有效压制敌人，
但命中精度较低。配备消音器。",,MATCH,146,104,APPROVED,READY,NOT_TESTED,JPN_PRIMARY; MLG_CN_CONTEXT_AUXILIARY,mechanical template; resource_class=SLOT_OLANG; source_objects=3; review_flag=WEB_TRANSLATED_PENDING_CODEX_CHECK
5D52E4F8,27,38,38;38;38,3,,page4:tag17:entity63:key00000040:ref38:ord0;page16:tag15:entity63:key00000040:ref38:ord0;page22:tag12:entity63:key00000040:ref38:ord0,"小型軽量サブマシンガン。
発射速度が高く効果的に敵を足止めするが
命中精度は低い。サプレッサー装備。","小型軽量サブマシンガン。
発射速度が高く効果的に敵を足止めするが
命中精度は低い。","大口径サブマシンガン。
両手で扱うため盾が装備できないが、
グリップが装備されて命中精度が向上した。
弾倉容量増加モデル。",,"小型轻量冲锋枪。
射速高，能有效压制敌人，
但命中精度较低。",,MATCH,119,86,APPROVED,READY,NOT_TESTED,JPN_PRIMARY; MLG_CN_CONTEXT_AUXILIARY,mechanical template; resource_class=SLOT_OLANG; source_objects=3; review_flag=WEB_TRANSLATED_PENDING_CODEX_CHECK
5D52E4F8,28,39,39;39;39,3,,page4:tag17:entity62:key0000003F:ref39:ord0;page16:tag15:entity62:key0000003F:ref39:ord0;page22:tag12:entity62:key0000003F:ref39:ord0,"小型軽量サブマシンガン。
発射速度が高く効果的に敵を足止めするが
命中精度は低い。","大口径サブマシンガン。
両手で扱うため盾が装備できないが、
グリップが装備されて命中精度が向上した。
弾倉容量増加モデル。","大口径サブマシンガン。
両手で扱うため盾が装備できないが、
グリップが装備されて命中精度が向上した。",,"大口径冲锋枪。
需要双手操作，无法装备盾牌，
但加装握把后命中精度提高。
弹匣增容型号。",,MATCH,177,126,APPROVED,READY,NOT_TESTED,JPN_PRIMARY; MLG_CN_CONTEXT_AUXILIARY,mechanical template; resource_class=SLOT_OLANG; source_objects=3; review_flag=WEB_TRANSLATED_PENDING_CODEX_CHECK
5D52E4F8,29,40,40;40;40,3,,page4:tag17:entity61:key0000003E:ref40:ord0;page16:tag15:entity61:key0000003E:ref40:ord0;page22:tag12:entity61:key0000003E:ref40:ord0,"大口径サブマシンガン。
両手で扱うため盾が装備できないが、
グリップが装備されて命中精度が向上した。
弾倉容量増加モデル。","大口径サブマシンガン。
両手で扱うため盾が装備できないが、
グリップが装備されて命中精度が向上した。","大口径サブマシンガン。
両手で扱うため盾が装備できないが、
反面取り回しやすく命中精度も良好。",,"大口径冲锋枪。
需要双手操作，无法装备盾牌，
但加装握把后命中精度提高。",,MATCH,146,104,APPROVED,READY,NOT_TESTED,JPN_PRIMARY; MLG_CN_CONTEXT_AUXILIARY,mechanical template; resource_class=SLOT_OLANG; source_objects=3; review_flag=WEB_TRANSLATED_PENDING_CODEX_CHECK
5D52E4F8,30,41,41;41;41,3,,page4:tag17:entity60:key0000003D:ref41:ord0;page16:tag15:entity60:key0000003D:ref41:ord0;page22:tag12:entity60:key0000003D:ref41:ord0,"大口径サブマシンガン。
両手で扱うため盾が装備できないが、
グリップが装備されて命中精度が向上した。","大口径サブマシンガン。
両手で扱うため盾が装備できないが、
反面取り回しやすく命中精度も良好。","自動ショットガン。
構えボタンで構え、攻撃ボタンで発砲。",,"大口径冲锋枪。
需要双手操作，无法装备盾牌，
不过操控性好，命中精度也不错。",,MATCH,137,110,APPROVED,READY,NOT_TESTED,JPN_PRIMARY; MLG_CN_CONTEXT_AUXILIARY,mechanical template; resource_class=SLOT_OLANG; source_objects=3; review_flag=WEB_TRANSLATED_PENDING_CODEX_CHECK
5D52E4F8,31,42,42;80;81;82;42;80;81;82;42;80;81;82,12,,page4:tag17:entity59:key0000003C:ref42:ord0;page4:tag17:entity328:key0000022D:ref80:ord0;page4:tag17:entity327:key0000022C:ref81:ord0;page4:tag17:entity326:key0000022B:ref82:ord0;page16:tag15:entity59:key0000003C:ref42:ord0;page16:tag15:entity328:key0000022D:ref80:ord0;page16:tag15:entity327:key0000022C:ref81:ord0;page16:tag15:entity326:key0000022B:ref82:ord0;page22:tag12:entity59:key0000003C:ref42:ord0;page22:tag12:entity328:key0000022D:ref80:ord0;page22:tag12:entity327:key0000022C:ref81:ord0;page22:tag12:entity326:key0000022B:ref82:ord0,"大口径サブマシンガン。
両手で扱うため盾が装備できないが、
反面取り回しやすく命中精度も良好。","自動ショットガン。
構えボタンで構え、攻撃ボタンで発砲。","麻酔弾を撃ち出すピストル。非殺傷武器。
開発によりサプレッサーの耐久力が上がった。
麻酔は効くまで多少時間がかかる。",,"自动霰弹枪。
按瞄准键架枪，按攻击键开火。",,MATCH,82,61,APPROVED,READY,NOT_TESTED,JPN_PRIMARY; MLG_CN_CONTEXT_AUXILIARY,mechanical template; resource_class=SLOT_OLANG; source_objects=12; review_flag=WEB_TRANSLATED_PENDING_CODEX_CHECK
5D52E4F8,32,43,43;105;125;172;43;105;125;172;43;105;125;172,12,,page4:tag17:entity5:key00000006:ref43:ord0;page4:tag17:entity4:key00000005:ref105:ord0;page4:tag17:entity3:key00000004:ref125:ord0;page4:tag17:entity2:key00000003:ref172:ord0;page16:tag15:entity5:key00000006:ref43:ord0;page16:tag15:entity4:key00000005:ref105:ord0;page16:tag15:entity3:key00000004:ref125:ord0;page16:tag15:entity2:key00000003:ref172:ord0;page22:tag12:entity5:key00000006:ref43:ord0;page22:tag12:entity4:key00000005:ref105:ord0;page22:tag12:entity3:key00000004:ref125:ord0;page22:tag12:entity2:key00000003:ref172:ord0,"自動ショットガン。
構えボタンで構え、攻撃ボタンで発砲。","麻酔弾を撃ち出すピストル。非殺傷武器。
開発によりサプレッサーの耐久力が上がった。
麻酔は効くまで多少時間がかかる。","軽量ポンプアクションショットガン。
構えボタンで構え、攻撃ボタンで発砲。",,"发射麻醉弹的手枪。非致命武器。
通过研发提高了消音器耐久度。
麻醉效果需要一段时间才会生效。",,MATCH,170,134,APPROVED,READY,NOT_TESTED,JPN_PRIMARY; MLG_CN_CONTEXT_AUXILIARY,mechanical template; resource_class=SLOT_OLANG; source_objects=12; review_flag=WEB_TRANSLATED_PENDING_CODEX_CHECK
5D52E4F8,33,44,44;83;84;85;44;83;84;85;44;83;84;85,12,,page4:tag17:entity58:key0000003B:ref44:ord0;page4:tag17:entity325:key0000022A:ref83:ord0;page4:tag17:entity324:key00000229:ref84:ord0;page4:tag17:entity323:key00000228:ref85:ord0;page16:tag15:entity58:key0000003B:ref44:ord0;page16:tag15:entity325:key0000022A:ref83:ord0;page16:tag15:entity324:key00000229:ref84:ord0;page16:tag15:entity323:key00000228:ref85:ord0;page22:tag12:entity58:key0000003B:ref44:ord0;page22:tag12:entity325:key0000022A:ref83:ord0;page22:tag12:entity324:key00000229:ref84:ord0;page22:tag12:entity323:key00000228:ref85:ord0,"麻酔弾を撃ち出すピストル。非殺傷武器。
開発によりサプレッサーの耐久力が上がった。
麻酔は効くまで多少時間がかかる。","軽量ポンプアクションショットガン。
構えボタンで構え、攻撃ボタンで発砲。",（プログラムの都合上存在する行なので、説明は不要）,,"轻量泵动霰弹枪。
按瞄准键架枪，按攻击键开火。",,MATCH,106,67,APPROVED,READY,NOT_TESTED,JPN_PRIMARY; MLG_CN_CONTEXT_AUXILIARY,mechanical template; resource_class=SLOT_OLANG; source_objects=12; review_flag=WEB_TRANSLATED_PENDING_CODEX_CHECK
5D52E4F8,34,47,47;48;49;50;47;48;49;50;47;48;49;50,12,,page4:tag17:entity358:key0000024B:ref47:ord0;page4:tag17:entity357:key0000024A:ref48:ord0;page4:tag17:entity356:key00000249:ref49:ord0;page4:tag17:entity355:key00000248:ref50:ord0;page16:tag15:entity358:key0000024B:ref47:ord0;page16:tag15:entity357:key0000024A:ref48:ord0;page16:tag15:entity356:key00000249:ref49:ord0;page16:tag15:entity355:key00000248:ref50:ord0;page22:tag12:entity358:key0000024B:ref47:ord0;page22:tag12:entity357:key0000024A:ref48:ord0;page22:tag12:entity356:key00000249:ref49:ord0;page22:tag12:entity355:key00000248:ref50:ord0,（プログラムの都合上存在する行なので、説明は不要）,"人気ホビー雑誌
設置すると、面白さに足を止めて読みふける者が
続出。刊行数が増す毎に面白くなり、より長い間
熱中するようになる。","大口径汎用機関銃。
構えボタンで構え、攻撃ボタンで発砲。",,"人气爱好杂志
放置后，许多人会被内容吸引而停下脚步
埋头阅读。期数越多越有趣，也会让人
沉迷更久。",,MATCH,186,141,APPROVED,READY,NOT_TESTED,JPN_PRIMARY; MLG_CN_CONTEXT_AUXILIARY,mechanical template; resource_class=SLOT_OLANG; source_objects=12; review_flag=WEB_TRANSLATED_PENDING_CODEX_CHECK
5D52E4F8,35,51,51;52;53;67;68;69;310;51;52;53;67;68;69;310;51;52;53;67;68;69;310,21,,page4:tag17:entity354:key00000247:ref51:ord0;page4:tag17:entity353:key00000246:ref52:ord0;page4:tag17:entity352:key00000245:ref53:ord0;page4:tag17:entity340:key00000239:ref67:ord0;page4:tag17:entity339:key00000238:ref68:ord0;page4:tag17:entity338:key00000237:ref69:ord0;page4:tag17:entity142:key0000009C:ref310:ord0;page16:tag15:entity354:key00000247:ref51:ord0;page16:tag15:entity353:key00000246:ref52:ord0;page16:tag15:entity352:key00000245:ref53:ord0;page16:tag15:entity340:key00000239:ref67:ord0;page16:tag15:entity339:key00000238:ref68:ord0;page16:tag15:entity338:key00000237:ref69:ord0;page16:tag15:entity142:key0000009C:ref310:ord0;page22:tag12:entity354:key00000247:ref51:ord0;page22:tag12:entity353:key00000246:ref52:ord0;page22:tag12:entity352:key00000245:ref53:ord0;page22:tag12:entity340:key00000239:ref67:ord0;page22:tag12:entity339:key00000238:ref68:ord0;page22:tag12:entity338:key00000237:ref69:ord0;page22:tag12:entity142:key0000009C:ref310:ord0,"人気ホビー雑誌
設置すると、面白さに足を止めて読みふける者が
続出。刊行数が増す毎に面白くなり、より長い間
熱中するようになる。","大口径汎用機関銃。
構えボタンで構え、攻撃ボタンで発砲。","新型のロケット推進式グレネードランチャー。
構えボタンで主観照準、攻撃ボタンで発射。",,"大口径通用机枪。
按瞄准键架枪，按攻击键开火。",,MATCH,82,67,APPROVED,READY,NOT_TESTED,JPN_PRIMARY; MLG_CN_CONTEXT_AUXILIARY,mechanical template; resource_class=SLOT_OLANG; source_objects=21; review_flag=WEB_TRANSLATED_PENDING_CODEX_CHECK
5D52E4F8,36,54,54;56;57;230;54;56;57;230;54;56;57;230,12,,page4:tag17:entity351:key00000244:ref54:ord0;page4:tag17:entity350:key00000243:ref56:ord0;page4:tag17:entity349:key00000242:ref57:ord0;page4:tag17:entity212:key000000F7:ref230:ord0;page16:tag15:entity351:key00000244:ref54:ord0;page16:tag15:entity350:key00000243:ref56:ord0;page16:tag15:entity349:key00000242:ref57:ord0;page16:tag15:entity212:key000000F7:ref230:ord0;page22:tag12:entity351:key00000244:ref54:ord0;page22:tag12:entity350:key00000243:ref56:ord0;page22:tag12:entity349:key00000242:ref57:ord0;page22:tag12:entity212:key000000F7:ref230:ord0,"大口径汎用機関銃。
構えボタンで構え、攻撃ボタンで発砲。","新型のロケット推進式グレネードランチャー。
構えボタンで主観照準、攻撃ボタンで発射。","試作フルオートショットガン。
抜きん出た装弾数、発射速度をもち、
ショットガンの中でも最大級の威力を発揮する。",,"新型火箭推进式榴弹发射器。
按瞄准键进入主观瞄准，按攻击键发射。",,MATCH,124,94,APPROVED,READY,NOT_TESTED,JPN_PRIMARY; MLG_CN_CONTEXT_AUXILIARY,mechanical template; resource_class=SLOT_OLANG; source_objects=12; review_flag=WEB_TRANSLATED_PENDING_CODEX_CHECK
5D52E4F8,37,55,55;55;55,3,,page4:tag17:entity57:key0000003A:ref55:ord0;page16:tag15:entity57:key0000003A:ref55:ord0;page22:tag12:entity57:key0000003A:ref55:ord0,"新型のロケット推進式グレネードランチャー。
構えボタンで主観照準、攻撃ボタンで発射。","試作フルオートショットガン。
抜きん出た装弾数、発射速度をもち、
ショットガンの中でも最大級の威力を発揮する。","新型のロケット推進式グレネードランチャー。
構えボタンで主観照準、攻撃ボタンで発射。",,"试制全自动霰弹枪。
拥有出众的装弹量和射速，
在霰弹枪中也能发挥顶级威力。",,MATCH,161,107,APPROVED,READY,NOT_TESTED,JPN_PRIMARY; MLG_CN_CONTEXT_AUXILIARY,mechanical template; resource_class=SLOT_OLANG; source_objects=3; review_flag=WEB_TRANSLATED_PENDING_CODEX_CHECK
5D52E4F8,38,58,58;59;231;232;58;59;231;232;58;59;231;232,12,,page4:tag17:entity348:key00000241:ref58:ord0;page4:tag17:entity347:key00000240:ref59:ord0;page4:tag17:entity211:key000000F6:ref231:ord0;page4:tag17:entity210:key000000F5:ref232:ord0;page16:tag15:entity348:key00000241:ref58:ord0;page16:tag15:entity347:key00000240:ref59:ord0;page16:tag15:entity211:key000000F6:ref231:ord0;page16:tag15:entity210:key000000F5:ref232:ord0;page22:tag12:entity348:key00000241:ref58:ord0;page22:tag12:entity347:key00000240:ref59:ord0;page22:tag12:entity211:key000000F6:ref231:ord0;page22:tag12:entity210:key000000F5:ref232:ord0,"新型のロケット推進式グレネードランチャー。
構えボタンで主観照準、攻撃ボタンで発射。","使い捨て軽量ロケットランチャー。
構えボタンで主観照準、攻撃ボタンで発射。","ソ連製汎用機関銃。
構えボタンで構え、攻撃ボタンで発砲。",,"一次性轻量火箭发射器。
按瞄准键进入主观瞄准，按攻击键发射。",,MATCH,109,88,APPROVED,READY,NOT_TESTED,JPN_PRIMARY; MLG_CN_CONTEXT_AUXILIARY,mechanical template; resource_class=SLOT_OLANG; source_objects=12; review_flag=WEB_TRANSLATED_PENDING_CODEX_CHECK
5D52E4F8,39,60,60;61;62;308;60;61;62;308;60;61;62;308,12,,page4:tag17:entity346:key0000023F:ref60:ord0;page4:tag17:entity345:key0000023E:ref61:ord0;page4:tag17:entity344:key0000023D:ref62:ord0;page4:tag17:entity144:key0000009E:ref308:ord0;page16:tag15:entity346:key0000023F:ref60:ord0;page16:tag15:entity345:key0000023E:ref61:ord0;page16:tag15:entity344:key0000023D:ref62:ord0;page16:tag15:entity144:key0000009E:ref308:ord0;page22:tag12:entity346:key0000023F:ref60:ord0;page22:tag12:entity345:key0000023E:ref61:ord0;page22:tag12:entity344:key0000023D:ref62:ord0;page22:tag12:entity144:key0000009E:ref308:ord0,"使い捨て軽量ロケットランチャー。
構えボタンで主観照準、攻撃ボタンで発射。","ソ連製汎用機関銃。
構えボタンで構え、攻撃ボタンで発砲。","軽量軽機関銃。
構えボタンで構え、攻撃ボタンで発砲。",,"苏制通用机枪。
按瞄准键架枪，按攻击键开火。",,MATCH,82,64,APPROVED,READY,NOT_TESTED,JPN_PRIMARY; MLG_CN_CONTEXT_AUXILIARY,mechanical template; resource_class=SLOT_OLANG; source_objects=12; review_flag=WEB_TRANSLATED_PENDING_CODEX_CHECK
5D52E4F8,40,63,63;64;65;309;63;64;65;309;63;64;65;309,12,,page4:tag17:entity343:key0000023C:ref63:ord0;page4:tag17:entity342:key0000023B:ref64:ord0;page4:tag17:entity341:key0000023A:ref65:ord0;page4:tag17:entity143:key0000009D:ref309:ord0;page16:tag15:entity343:key0000023C:ref63:ord0;page16:tag15:entity342:key0000023B:ref64:ord0;page16:tag15:entity341:key0000023A:ref65:ord0;page16:tag15:entity143:key0000009D:ref309:ord0;page22:tag12:entity343:key0000023C:ref63:ord0;page22:tag12:entity342:key0000023B:ref64:ord0;page22:tag12:entity341:key0000023A:ref65:ord0;page22:tag12:entity143:key0000009D:ref309:ord0,"ソ連製汎用機関銃。
構えボタンで構え、攻撃ボタンで発砲。","軽量軽機関銃。
構えボタンで構え、攻撃ボタンで発砲。","自動ショットガン
装弾数が８に増強。高い連射速度により
強力な火力を誇るが、取り回しが悪い。",,"轻量轻机枪。
按瞄准键架枪，按攻击键开火。",,MATCH,76,61,APPROVED,READY,NOT_TESTED,JPN_PRIMARY; MLG_CN_CONTEXT_AUXILIARY,mechanical template; resource_class=SLOT_OLANG; source_objects=12; review_flag=WEB_TRANSLATED_PENDING_CODEX_CHECK
5D52E4F8,41,66,66;77;66;77;66;77,6,,page4:tag17:entity56:key00000039:ref66:ord0;page4:tag17:entity55:key00000038:ref77:ord0;page16:tag15:entity56:key00000039:ref66:ord0;page16:tag15:entity55:key00000038:ref77:ord0;page22:tag12:entity56:key00000039:ref66:ord0;page22:tag12:entity55:key00000038:ref77:ord0,"軽量軽機関銃。
構えボタンで構え、攻撃ボタンで発砲。","自動ショットガン
装弾数が８に増強。高い連射速度により
強力な火力を誇るが、取り回しが悪い。","大口径汎用機関銃。
構えボタンで構え、攻撃ボタンで発砲。",,"自动霰弹枪
装弹数增至8发。凭借高射速
拥有强大火力，但操控性较差。",,MATCH,134,96,APPROVED,READY,NOT_TESTED,JPN_PRIMARY; MLG_CN_CONTEXT_AUXILIARY,mechanical template; resource_class=SLOT_OLANG; source_objects=6; review_flag=WEB_TRANSLATED_PENDING_CODEX_CHECK
5D52E4F8,42,70,70;71;72;333;70;71;72;333;70;71;72;333,12,,page4:tag17:entity337:key00000236:ref70:ord0;page4:tag17:entity336:key00000235:ref71:ord0;page4:tag17:entity335:key00000234:ref72:ord0;page4:tag17:entity121:key00000087:ref333:ord0;page16:tag15:entity337:key00000236:ref70:ord0;page16:tag15:entity336:key00000235:ref71:ord0;page16:tag15:entity335:key00000234:ref72:ord0;page16:tag15:entity121:key00000087:ref333:ord0;page22:tag12:entity337:key00000236:ref70:ord0;page22:tag12:entity336:key00000235:ref71:ord0;page22:tag12:entity335:key00000234:ref72:ord0;page22:tag12:entity121:key00000087:ref333:ord0,"大口径汎用機関銃。
構えボタンで構え、攻撃ボタンで発砲。","大口径アサルトライフル。
構えボタンで構え、攻撃ボタンで発砲。","小型軽量サブマシンガン。
構えボタンで構え、攻撃ボタンで発砲。",,"大口径突击步枪。
按瞄准键架枪，按攻击键开火。",,MATCH,91,67,APPROVED,READY,NOT_TESTED,JPN_PRIMARY; MLG_CN_CONTEXT_AUXILIARY,mechanical template; resource_class=SLOT_OLANG; source_objects=12; review_flag=WEB_TRANSLATED_PENDING_CODEX_CHECK
5D52E4F8,43,86,86;87;89;91;93;94;95;96;97;98;99;101;102;109;110;112;113;119;120;121;122;123;311;447;448;450;452;454;455;456;457;458;459;460;462;463;470;471;473;474;480;481;482;483;484;86;87;89;91;93;94;95;96;97;98;99;101;102;109;110;112;113;119;120;121;122;123;311;447;448;450;452;454;455;456;457;458;459;460;462;463;470;471;473;474;480;481;482;483;484;86;87;89;91;93;94;95;96;97;98;99;101;102;109;110;112;113;119;120;121;122;123;311;447;448;450;452;454;455;456;457;458;459;460;462;463;470;471;473;474;480;481;482;483;484,135,,page4:tag17:entity322:key00000227:ref86:ord0;page4:tag17:entity321:key00000226:ref87:ord0;page4:tag17:entity320:key00000225:ref89:ord0;page4:tag17:entity319:key00000217:ref91:ord0;page4:tag17:entity318:key00000211:ref93:ord0;page4:tag17:entity317:key0000020F:ref94:ord0;page4:tag17:entity316:key0000020E:ref95:ord0;page4:tag17:entity315:key0000020C:ref96:ord0;page4:tag17:entity314:key0000020B:ref97:ord0;page4:tag17:entity313:key0000020A:ref98:ord0;page4:tag17:entity312:key00000208:ref99:ord0;page4:tag17:entity311:key00000207:ref101:ord0;page4:tag17:entity310:key00000206:ref102:ord0;page4:tag17:entity309:key000001CD:ref109:ord0;page4:tag17:entity308:key000001CC:ref110:ord0;page4:tag17:entity307:key000001CB:ref112:ord0;page4:tag17:entity306:key000001CA:ref113:ord0;page4:tag17:entity305:key00000194:ref119:ord0;page4:tag17:entity304:key00000193:ref120:ord0;page4:tag17:entity303:key00000192:ref121:ord0;page4:tag17:entity302:key00000191:ref122:ord0;page4:tag17:entity301:key00000190:ref123:ord0;page4:tag17:entity141:key0000009B:ref311:ord0;page4:tag17:entity683:key00000227:ref447:ord0;page4:tag17:entity682:key00000226:ref448:ord0;page4:tag17:entity681:key00000225:ref450:ord0;page4:tag17:entity680:key00000217:ref452:ord0;page4:tag17:entity679:key00000211:ref454:ord0;page4:tag17:entity678:key0000020F:ref455:ord0;page4:tag17:entity677:key0000020E:ref456:ord0;page4:tag17:entity676:key0000020C:ref457:ord0;page4:tag17:entity675:key0000020B:ref458:ord0;page4:tag17:entity674:key0000020A:ref459:ord0;page4:tag17:entity673:key00000208:ref460:ord0;page4:tag17:entity672:key00000207:ref462:ord0;page4:tag17:entity671:key00000206:ref463:ord0;page4:tag17:entity670:key000001CD:ref470:ord0;page4:tag17:entity669:key000001CC:ref471:ord0;page4:tag17:entity668:key000001CB:ref473:ord0;page4:tag17:entity667:key000001CA:ref474:ord0;page4:tag17:entity666:key00000194:ref480:ord0;page4:tag17:entity665:key00000193:ref481:ord0;page4:tag17:entity664:key00000192:ref482:ord0;page4:tag17:entity663:key00000191:ref483:ord0;page4:tag17:entity662:key00000190:ref484:ord0;page16:tag15:entity322:key00000227:ref86:ord0;page16:tag15:entity321:key00000226:ref87:ord0;page16:tag15:entity320:key00000225:ref89:ord0;page16:tag15:entity319:key00000217:ref91:ord0;page16:tag15:entity318:key00000211:ref93:ord0;page16:tag15:entity317:key0000020F:ref94:ord0;page16:tag15:entity316:key0000020E:ref95:ord0;page16:tag15:entity315:key0000020C:ref96:ord0;page16:tag15:entity314:key0000020B:ref97:ord0;page16:tag15:entity313:key0000020A:ref98:ord0;page16:tag15:entity312:key00000208:ref99:ord0;page16:tag15:entity311:key00000207:ref101:ord0;page16:tag15:entity310:key00000206:ref102:ord0;page16:tag15:entity309:key000001CD:ref109:ord0;page16:tag15:entity308:key000001CC:ref110:ord0;page16:tag15:entity307:key000001CB:ref112:ord0;page16:tag15:entity306:key000001CA:ref113:ord0;page16:tag15:entity305:key00000194:ref119:ord0;page16:tag15:entity304:key00000193:ref120:ord0;page16:tag15:entity303:key00000192:ref121:ord0;page16:tag15:entity302:key00000191:ref122:ord0;page16:tag15:entity301:key00000190:ref123:ord0;page16:tag15:entity141:key0000009B:ref311:ord0;page16:tag15:entity683:key00000227:ref447:ord0;page16:tag15:entity682:key00000226:ref448:ord0;page16:tag15:entity681:key00000225:ref450:ord0;page16:tag15:entity680:key00000217:ref452:ord0;page16:tag15:entity679:key00000211:ref454:ord0;page16:tag15:entity678:key0000020F:ref455:ord0;page16:tag15:entity677:key0000020E:ref456:ord0;page16:tag15:entity676:key0000020C:ref457:ord0;page16:tag15:entity675:key0000020B:ref458:ord0;page16:tag15:entity674:key0000020A:ref459:ord0;page16:tag15:entity673:key00000208:ref460:ord0;page16:tag15:entity672:key00000207:ref462:ord0;page16:tag15:entity671:key00000206:ref463:ord0;page16:tag15:entity670:key000001CD:ref470:ord0;page16:tag15:entity669:key000001CC:ref471:ord0;page16:tag15:entity668:key000001CB:ref473:ord0;page16:tag15:entity667:key000001CA:ref474:ord0;page16:tag15:entity666:key00000194:ref480:ord0;page16:tag15:entity665:key00000193:ref481:ord0;page16:tag15:entity664:key00000192:ref482:ord0;page16:tag15:entity663:key00000191:ref483:ord0;page16:tag15:entity662:key00000190:ref484:ord0;page22:tag12:entity322:key00000227:ref86:ord0;page22:tag12:entity321:key00000226:ref87:ord0;page22:tag12:entity320:key00000225:ref89:ord0;page22:tag12:entity319:key00000217:ref91:ord0;page22:tag12:entity318:key00000211:ref93:ord0;page22:tag12:entity317:key0000020F:ref94:ord0;page22:tag12:entity316:key0000020E:ref95:ord0;page22:tag12:entity315:key0000020C:ref96:ord0;page22:tag12:entity314:key0000020B:ref97:ord0;page22:tag12:entity313:key0000020A:ref98:ord0;page22:tag12:entity312:key00000208:ref99:ord0;page22:tag12:entity311:key00000207:ref101:ord0;page22:tag12:entity310:key00000206:ref102:ord0;page22:tag12:entity309:key000001CD:ref109:ord0;page22:tag12:entity308:key000001CC:ref110:ord0;page22:tag12:entity307:key000001CB:ref112:ord0;page22:tag12:entity306:key000001CA:ref113:ord0;page22:tag12:entity305:key00000194:ref119:ord0;page22:tag12:entity304:key00000193:ref120:ord0;page22:tag12:entity303:key00000192:ref121:ord0;page22:tag12:entity302:key00000191:ref122:ord0;page22:tag12:entity301:key00000190:ref123:ord0;page22:tag12:entity141:key0000009B:ref311:ord0;page22:tag12:entity683:key00000227:ref447:ord0;page22:tag12:entity682:key00000226:ref448:ord0;page22:tag12:entity681:key00000225:ref450:ord0;page22:tag12:entity680:key00000217:ref452:ord0;page22:tag12:entity679:key00000211:ref454:ord0;page22:tag12:entity678:key0000020F:ref455:ord0;page22:tag12:entity677:key0000020E:ref456:ord0;page22:tag12:entity676:key0000020C:ref457:ord0;page22:tag12:entity675:key0000020B:ref458:ord0;page22:tag12:entity674:key0000020A:ref459:ord0;page22:tag12:entity673:key00000208:ref460:ord0;page22:tag12:entity672:key00000207:ref462:ord0;page22:tag12:entity671:key00000206:ref463:ord0;page22:tag12:entity670:key000001CD:ref470:ord0;page22:tag12:entity669:key000001CC:ref471:ord0;page22:tag12:entity668:key000001CB:ref473:ord0;page22:tag12:entity667:key000001CA:ref474:ord0;page22:tag12:entity666:key00000194:ref480:ord0;page22:tag12:entity665:key00000193:ref481:ord0;page22:tag12:entity664:key00000192:ref482:ord0;page22:tag12:entity663:key00000191:ref483:ord0;page22:tag12:entity662:key00000190:ref484:ord0,"軽量ポンプアクションショットガン。
構えボタンで構え、攻撃ボタンで発砲。",（不要）,"自動ショットガン
装弾数６。高い連射速度により強力な火力を
誇るが、取り回しが悪い。",,（不需要）,,MATCH,12,15,APPROVED,READY,NOT_TESTED,JPN_PRIMARY; MLG_CN_CONTEXT_AUXILIARY,mechanical template; resource_class=SLOT_OLANG; source_objects=135; review_flag=WEB_TRANSLATED_PENDING_CODEX_CHECK
5D52E4F8,44,88,88;88;88,3,,page4:tag17:entity54:key00000037:ref88:ord0;page16:tag15:entity54:key00000037:ref88:ord0;page22:tag12:entity54:key00000037:ref88:ord0,（不要）,"自動ショットガン
装弾数６。高い連射速度により強力な火力を
誇るが、取り回しが悪い。",（不要）,,"自动霰弹枪
装弹数6发。凭借高射速拥有强大火力，
但操控性较差。",,MATCH,122,90,APPROVED,READY,NOT_TESTED,JPN_PRIMARY; MLG_CN_CONTEXT_AUXILIARY,mechanical template; resource_class=SLOT_OLANG; source_objects=3; review_flag=WEB_TRANSLATED_PENDING_CODEX_CHECK
5D52E4F8,45,90,90;90;90,3,,page4:tag17:entity53:key00000036:ref90:ord0;page16:tag15:entity53:key00000036:ref90:ord0;page22:tag12:entity53:key00000036:ref90:ord0,（不要）,"軽量ポンプアクションショットガン。
スコープ装備。ショットガンの特質はそのまま、
破格の遠射性能を兼ね備えた。",（不要）,,"轻量泵动霰弹枪。
配备瞄准镜。在保留霰弹枪特性的同时，
还拥有出格的远距离射击能力。",,MATCH,161,122,APPROVED,READY,NOT_TESTED,JPN_PRIMARY; MLG_CN_CONTEXT_AUXILIARY,mechanical template; resource_class=SLOT_OLANG; source_objects=3; review_flag=WEB_TRANSLATED_PENDING_CODEX_CHECK
5D52E4F8,46,92,92;92;92,3,,page4:tag17:entity52:key00000035:ref92:ord0;page16:tag15:entity52:key00000035:ref92:ord0;page22:tag12:entity52:key00000035:ref92:ord0,（不要）,"軽量ポンプアクションショットガン。
ロングバレルで集弾率が向上、遠距離でも
敵を足止め可能に。
ライフルストック装備で命中精度も向上。",（不要）,,"轻量泵动霰弹枪。
长枪管提高了弹丸集中度，即使远距离也能
有效压制敌人。
配备步枪枪托后命中精度也得到提升。",,MATCH,195,156,APPROVED,READY,NOT_TESTED,JPN_PRIMARY; MLG_CN_CONTEXT_AUXILIARY,mechanical template; resource_class=SLOT_OLANG; source_objects=3; review_flag=WEB_TRANSLATED_PENDING_CODEX_CHECK
5D52E4F8,47,100,100;103;100;103;100;103,6,,page4:tag17:entity51:key00000034:ref100:ord0;page4:tag17:entity50:key00000033:ref103:ord0;page16:tag15:entity51:key00000034:ref100:ord0;page16:tag15:entity50:key00000033:ref103:ord0;page22:tag12:entity51:key00000034:ref100:ord0;page22:tag12:entity50:key00000033:ref103:ord0,（不要）,"軽量ポンプアクションショットガン。
増強された装弾数に加え、サプレッサーも装備。
総合的な戦闘力がＵＰ。",（不要）,,"轻量泵动霰弹枪。
除了增加装弹量，还配备了消音器。
综合战斗力得到提升。",,MATCH,152,104,APPROVED,READY,NOT_TESTED,JPN_PRIMARY; MLG_CN_CONTEXT_AUXILIARY,mechanical template; resource_class=SLOT_OLANG; source_objects=6; review_flag=WEB_TRANSLATED_PENDING_CODEX_CHECK
5D52E4F8,48,104,104;104;104,3,,page4:tag17:entity49:key00000032:ref104:ord0;page16:tag15:entity49:key00000032:ref104:ord0;page22:tag12:entity49:key00000032:ref104:ord0,"軽量ポンプアクションショットガン。
増強された装弾数に加え、サプレッサーも装備。
総合的な戦闘力がＵＰ。","軽量ポンプアクションショットガン。
改良により、装弾数が７発に増加。
火力が大幅にＵＰした。","麻酔弾を撃ち出すピストル。非殺傷武器。
開発によりサプレッサーの耐久力が上がった。
麻酔は効くまで多少時間がかかる。",,"轻量泵动霰弹枪。
改良后装弹数增加到7发。
火力大幅提升。",,MATCH,134,81,APPROVED,READY,NOT_TESTED,JPN_PRIMARY; MLG_CN_CONTEXT_AUXILIARY,mechanical template; resource_class=SLOT_OLANG; source_objects=3; review_flag=WEB_TRANSLATED_PENDING_CODEX_CHECK
5D52E4F8,49,106,106;106;106,3,,page4:tag17:entity48:key00000031:ref106:ord0;page16:tag15:entity48:key00000031:ref106:ord0;page22:tag12:entity48:key00000031:ref106:ord0,"麻酔弾を撃ち出すピストル。非殺傷武器。
開発によりサプレッサーの耐久力が上がった。
麻酔は効くまで多少時間がかかる。","軽量ポンプアクションショットガン。
４発のショットシェルを連射可能。","ゴム弾を撃ち出す水平二連ショットガン。
非殺傷武器。銃身が短く取り回しやすい。
開発によりリロードの高速化が可能。",,"轻量泵动霰弹枪。
可连续发射4发霰弹。",,MATCH,100,53,APPROVED,READY,NOT_TESTED,JPN_PRIMARY; MLG_CN_CONTEXT_AUXILIARY,mechanical template; resource_class=SLOT_OLANG; source_objects=3; review_flag=WEB_TRANSLATED_PENDING_CODEX_CHECK
5D52E4F8,50,107,107;108;111;107;108;111;107;108;111,9,,page4:tag17:entity47:key00000030:ref107:ord0;page4:tag17:entity46:key0000002F:ref108:ord0;page4:tag17:entity45:key0000002E:ref111:ord0;page16:tag15:entity47:key00000030:ref107:ord0;page16:tag15:entity46:key0000002F:ref108:ord0;page16:tag15:entity45:key0000002E:ref111:ord0;page22:tag12:entity47:key00000030:ref107:ord0;page22:tag12:entity46:key0000002F:ref108:ord0;page22:tag12:entity45:key0000002E:ref111:ord0,"軽量ポンプアクションショットガン。
４発のショットシェルを連射可能。","ゴム弾を撃ち出す水平二連ショットガン。
非殺傷武器。銃身が短く取り回しやすい。
開発によりリロードの高速化が可能。",（不要）,,"发射橡胶弹的水平双管霰弹枪。
非致命武器。枪管较短，操控方便。
通过研发可加快装填速度。",,MATCH,167,128,APPROVED,READY,NOT_TESTED,JPN_PRIMARY; MLG_CN_CONTEXT_AUXILIARY,mechanical template; resource_class=SLOT_OLANG; source_objects=9; review_flag=WEB_TRANSLATED_PENDING_CODEX_CHECK
5D52E4F8,51,114,114;115;116;114;115;116;114;115;116,9,,page4:tag17:entity44:key0000002D:ref114:ord0;page4:tag17:entity43:key0000002C:ref115:ord0;page4:tag17:entity42:key0000002B:ref116:ord0;page16:tag15:entity44:key0000002D:ref114:ord0;page16:tag15:entity43:key0000002C:ref115:ord0;page16:tag15:entity42:key0000002B:ref116:ord0;page22:tag12:entity44:key0000002D:ref114:ord0;page22:tag12:entity43:key0000002C:ref115:ord0;page22:tag12:entity42:key0000002B:ref116:ord0,（不要）,"水平二連ショットガン。
銃身が切り詰められ、取り回しやすくなった。
開発によりリロードスピードが向上した。","水平二連ショットガン。
銃身が切り詰められ、取り回しやすくなった。
開発によりリロードの高速化が可能。",,"水平双管霰弹枪。
截短枪管后更容易操控。
通过研发提升了装填速度。",,MATCH,155,95,APPROVED,READY,NOT_TESTED,JPN_PRIMARY; MLG_CN_CONTEXT_AUXILIARY,mechanical template; resource_class=SLOT_OLANG; source_objects=9; review_flag=WEB_TRANSLATED_PENDING_CODEX_CHECK
5D52E4F8,52,117,117;117;117,3,,page4:tag17:entity41:key0000002A:ref117:ord0;page16:tag15:entity41:key0000002A:ref117:ord0;page22:tag12:entity41:key0000002A:ref117:ord0,"水平二連ショットガン。
銃身が切り詰められ、取り回しやすくなった。
開発によりリロードスピードが向上した。","水平二連ショットガン。
銃身が切り詰められ、取り回しやすくなった。
開発によりリロードの高速化が可能。","水平二連ショットガン。
威力の大きな散弾を発射するが射程は短く、
装填弾数も2発と少ない。",,"水平双管霰弹枪。
截短枪管后更容易操控。
通过研发可加快装填速度。",,MATCH,149,95,APPROVED,READY,NOT_TESTED,JPN_PRIMARY; MLG_CN_CONTEXT_AUXILIARY,mechanical template; resource_class=SLOT_OLANG; source_objects=3; review_flag=WEB_TRANSLATED_PENDING_CODEX_CHECK
5D52E4F8,53,118,118;118;118,3,,page4:tag17:entity40:key00000029:ref118:ord0;page16:tag15:entity40:key00000029:ref118:ord0;page22:tag12:entity40:key00000029:ref118:ord0,"水平二連ショットガン。
銃身が切り詰められ、取り回しやすくなった。
開発によりリロードの高速化が可能。","水平二連ショットガン。
威力の大きな散弾を発射するが射程は短く、
装填弾数も2発と少ない。",（不要）,,"水平双管霰弹枪。
发射威力强大的霰弹，但射程较短，
装弹数也只有2发。",,MATCH,129,99,APPROVED,READY,NOT_TESTED,JPN_PRIMARY; MLG_CN_CONTEXT_AUXILIARY,mechanical template; resource_class=SLOT_OLANG; source_objects=3; review_flag=WEB_TRANSLATED_PENDING_CODEX_CHECK
5D52E4F8,54,124,124;124;124,3,,page4:tag17:entity39:key00000028:ref124:ord0;page16:tag15:entity39:key00000028:ref124:ord0;page22:tag12:entity39:key00000028:ref124:ord0,（不要）,"中口径戦闘ピストル。
コンパクトで携行しやすいため、潜入
行動の妨げになりにくい。","麻酔弾を撃ち出すピストル。非殺傷武器。
開発によりサプレッサーの耐久力が上がった。
麻酔は効くまで多少時間がかかる。",,"中口径战斗手枪。
紧凑便携，不易妨碍
潜入行动。",,MATCH,119,68,APPROVED,READY,NOT_TESTED,JPN_PRIMARY; MLG_CN_CONTEXT_AUXILIARY,mechanical template; resource_class=SLOT_OLANG; source_objects=3; review_flag=WEB_TRANSLATED_PENDING_CODEX_CHECK
5D52E4F8,55,126,126;126;126,3,,page4:tag17:entity38:key00000027:ref126:ord0;page16:tag15:entity38:key00000027:ref126:ord0;page22:tag12:entity38:key00000027:ref126:ord0,"麻酔弾を撃ち出すピストル。非殺傷武器。
開発によりサプレッサーの耐久力が上がった。
麻酔は効くまで多少時間がかかる。","大口径戦闘ピストル。サプレッサー装備。
重装備の敵兵でも一時的に行動不能にする
ほどパワーがある。","大口径戦闘ピストル。
重装備の敵兵でも一時的に行動不能にする
ほどパワーがある。",,"大口径战斗手枪。配备消音器。
威力足以让重装敌兵也
暂时失去行动能力。",,MATCH,143,101,APPROVED,READY,NOT_TESTED,JPN_PRIMARY; MLG_CN_CONTEXT_AUXILIARY,mechanical template; resource_class=SLOT_OLANG; source_objects=3; review_flag=WEB_TRANSLATED_PENDING_CODEX_CHECK
5D52E4F8,56,127,127;317;127;317;127;317,6,,page4:tag17:entity37:key00000026:ref127:ord0;page4:tag17:entity14:key0000000F:ref317:ord0;page16:tag15:entity37:key00000026:ref127:ord0;page16:tag15:entity14:key0000000F:ref317:ord0;page22:tag12:entity37:key00000026:ref127:ord0;page22:tag12:entity14:key0000000F:ref317:ord0,"大口径戦闘ピストル。サプレッサー装備。
重装備の敵兵でも一時的に行動不能にする
ほどパワーがある。","大口径戦闘ピストル。
重装備の敵兵でも一時的に行動不能にする
ほどパワーがある。","おいしいくだもの。
コスタリカ産。",,"大口径战斗手枪。
威力足以让重装敌兵也
暂时失去行动能力。",,MATCH,116,83,APPROVED,READY,NOT_TESTED,JPN_PRIMARY; MLG_CN_CONTEXT_AUXILIARY,mechanical template; resource_class=SLOT_OLANG; source_objects=6; review_flag=WEB_TRANSLATED_PENDING_CODEX_CHECK
5D52E4F8,57,128,128;128;128,3,,page4:tag17:entity36:key00000025:ref128:ord0;page16:tag15:entity36:key00000025:ref128:ord0;page22:tag12:entity36:key00000025:ref128:ord0,"大口径戦闘ピストル。
重装備の敵兵でも一時的に行動不能にする
ほどパワーがある。","おいしいくだもの。
コスタリカ産。","攻撃支援要請マーカー。
使い過ぎると英雄度が低下する。
改良により携行弾数が増えた。",,"美味的水果。
哥斯达黎加产。",,MATCH,49,40,APPROVED,READY,NOT_TESTED,JPN_PRIMARY; MLG_CN_CONTEXT_AUXILIARY,mechanical template; resource_class=SLOT_OLANG; source_objects=3; review_flag=WEB_TRANSLATED_PENDING_CODEX_CHECK
5D52E4F8,58,129,129;130;129;130;129;130,6,,page4:tag17:entity35:key00000024:ref129:ord0;page4:tag17:entity34:key00000023:ref130:ord0;page16:tag15:entity35:key00000024:ref129:ord0;page16:tag15:entity34:key00000023:ref130:ord0;page22:tag12:entity35:key00000024:ref129:ord0;page22:tag12:entity34:key00000023:ref130:ord0,"おいしいくだもの。
コスタリカ産。","攻撃支援要請マーカー。
使い過ぎると英雄度が低下する。
改良により携行弾数が増えた。","攻撃支援要請マーカー。射撃武器の要領で射出、
設置。設置後、構えずに<I=HHA>で支援攻撃を
実施。使い過ぎると英雄度が低下する。",,"攻击支援请求标记。
过度使用会降低英雄度。
改良后可携带更多弹药。",,MATCH,122,95,APPROVED,READY,NOT_TESTED,JPN_PRIMARY; MLG_CN_CONTEXT_AUXILIARY,mechanical template; resource_class=SLOT_OLANG; source_objects=6; review_flag=WEB_TRANSLATED_PENDING_CODEX_CHECK
5D52E4F8,59,131,131;131;131,3,,page4:tag17:entity33:key00000022:ref131:ord0;page16:tag15:entity33:key00000022:ref131:ord0;page22:tag12:entity33:key00000022:ref131:ord0,"攻撃支援要請マーカー。
使い過ぎると英雄度が低下する。
改良により携行弾数が増えた。","攻撃支援要請マーカー。射撃武器の要領で射出、
設置。設置後、構えずに<I=HHA>で支援攻撃を
実施。使い過ぎると英雄度が低下する。",早く帰りなさい…,<I=HHA>,"攻击支援请求标记。像射击武器一样发射、
设置。设置后无需瞄准，按<I=HHA>实施支援攻击。
过度使用会降低英雄度。",<I=HHA>,MATCH,180,156,APPROVED,READY,NOT_TESTED,JPN_PRIMARY; MLG_CN_CONTEXT_AUXILIARY,mechanical template; resource_class=SLOT_OLANG; source_objects=3; review_flag=WEB_TRANSLATED_PENDING_CODEX_CHECK
5D52E4F8,60,132,132;133;134;135;136;132;133;134;135;136;132;133;134;135;136,15,,page4:tag17:entity300:key0000014F:ref132:ord0;page4:tag17:entity299:key0000014E:ref133:ord0;page4:tag17:entity298:key0000014D:ref134:ord0;page4:tag17:entity297:key0000014C:ref135:ord0;page4:tag17:entity296:key0000014B:ref136:ord0;page16:tag15:entity300:key0000014F:ref132:ord0;page16:tag15:entity299:key0000014E:ref133:ord0;page16:tag15:entity298:key0000014D:ref134:ord0;page16:tag15:entity297:key0000014C:ref135:ord0;page16:tag15:entity296:key0000014B:ref136:ord0;page22:tag12:entity300:key0000014F:ref132:ord0;page22:tag12:entity299:key0000014E:ref133:ord0;page22:tag12:entity298:key0000014D:ref134:ord0;page22:tag12:entity297:key0000014C:ref135:ord0;page22:tag12:entity296:key0000014B:ref136:ord0,"攻撃支援要請マーカー。射撃武器の要領で射出、
設置。設置後、構えずに<I=HHA>で支援攻撃を
実施。使い過ぎると英雄度が低下する。",早く帰りなさい…,"設置型の攻撃支援要請用マーカー。
設置後、構えずに<I=HHA>で支援攻撃を実施。
使い過ぎると英雄度が低下する。",,快点回去吧……,,MATCH,24,21,APPROVED,READY,NOT_TESTED,JPN_PRIMARY; MLG_CN_CONTEXT_AUXILIARY,mechanical template; resource_class=SLOT_OLANG; source_objects=15; review_flag=WEB_TRANSLATED_PENDING_CODEX_CHECK
5D52E4F8,61,137,137;137;137,3,,page4:tag17:entity295:key0000014A:ref137:ord0;page16:tag15:entity295:key0000014A:ref137:ord0;page22:tag12:entity295:key0000014A:ref137:ord0,早く帰りなさい…,"設置型の攻撃支援要請用マーカー。
設置後、構えずに<I=HHA>で支援攻撃を実施。
使い過ぎると英雄度が低下する。","補給支援要請マーカー。
使い過ぎると英雄度が低下する。
改良により携行弾数が増えた。",<I=HHA>,"设置型攻击支援请求标记。
设置后无需瞄准，按<I=HHA>实施支援攻击。
过度使用会降低英雄度。",<I=HHA>,MATCH,153,126,APPROVED,READY,NOT_TESTED,JPN_PRIMARY; MLG_CN_CONTEXT_AUXILIARY,mechanical template; resource_class=SLOT_OLANG; source_objects=3; review_flag=WEB_TRANSLATED_PENDING_CODEX_CHECK
5D52E4F8,62,138,138;149;138;149;138;149,6,,page4:tag17:entity32:key00000021:ref138:ord0;page4:tag17:entity31:key00000020:ref149:ord0;page16:tag15:entity32:key00000021:ref138:ord0;page16:tag15:entity31:key00000020:ref149:ord0;page22:tag12:entity32:key00000021:ref138:ord0;page22:tag12:entity31:key00000020:ref149:ord0,"設置型の攻撃支援要請用マーカー。
設置後、構えずに<I=HHA>で支援攻撃を実施。
使い過ぎると英雄度が低下する。","補給支援要請マーカー。
使い過ぎると英雄度が低下する。
改良により携行弾数が増えた。","設置型の補給支援要請用マーカー。
設置後、構えずに<I=HHA>で弾薬とアイテムを補給。
使い過ぎると英雄度が低下する。",,"补给支援请求标记。
过度使用会降低英雄度。
改良后可携带更多弹药。",,MATCH,122,95,APPROVED,READY,NOT_TESTED,JPN_PRIMARY; MLG_CN_CONTEXT_AUXILIARY,mechanical template; resource_class=SLOT_OLANG; source_objects=6; review_flag=WEB_TRANSLATED_PENDING_CODEX_CHECK
5D52E4F8,63,139,139;139;139,3,,page4:tag17:entity294:key00000149:ref139:ord0;page16:tag15:entity294:key00000149:ref139:ord0;page22:tag12:entity294:key00000149:ref139:ord0,"補給支援要請マーカー。
使い過ぎると英雄度が低下する。
改良により携行弾数が増えた。","設置型の補給支援要請用マーカー。
設置後、構えずに<I=HHA>で弾薬とアイテムを補給。
使い過ぎると英雄度が低下する。","フルトン機能付き睡眠ガス地雷。
眠らせた相手を自動的にフルトン回収する
ことができる。（※1回のミッションで回収
出来るのは最大100人まで）",<I=HHA>,"设置型补给支援请求标记。
设置后无需瞄准，按<I=HHA>补给弹药和道具。
过度使用会降低英雄度。",<I=HHA>,MATCH,162,129,APPROVED,READY,NOT_TESTED,JPN_PRIMARY; MLG_CN_CONTEXT_AUXILIARY,mechanical template; resource_class=SLOT_OLANG; source_objects=3; review_flag=WEB_TRANSLATED_PENDING_CODEX_CHECK
5D52E4F8,64,140,140;140;140,3,,page4:tag17:entity293:key00000148:ref140:ord0;page16:tag15:entity293:key00000148:ref140:ord0;page22:tag12:entity293:key00000148:ref140:ord0,"設置型の補給支援要請用マーカー。
設置後、構えずに<I=HHA>で弾薬とアイテムを補給。
使い過ぎると英雄度が低下する。","フルトン機能付き睡眠ガス地雷。
眠らせた相手を自動的にフルトン回収する
ことができる。（※1回のミッションで回収
出来るのは最大100人まで）","対空（浮遊型）地雷。
設置後自動的に上昇し、接触した航空機を
一時的に行動不能にする。",,"带富尔顿功能的睡眠瓦斯地雷。
可自动将睡着的目标进行富尔顿回收。
（※每次任务最多可回收
100人）",,MATCH,199,138,APPROVED,READY,NOT_TESTED,JPN_PRIMARY; MLG_CN_CONTEXT_AUXILIARY,mechanical template; resource_class=SLOT_OLANG; source_objects=3; review_flag=WEB_TRANSLATED_PENDING_CODEX_CHECK
5D52E4F8,65,142,142;143;144;145;146;142;143;144;145;146;142;143;144;145;146,15,,page4:tag17:entity291:key00000146:ref142:ord0;page4:tag17:entity290:key00000145:ref143:ord0;page4:tag17:entity289:key00000144:ref144:ord0;page4:tag17:entity288:key00000143:ref145:ord0;page4:tag17:entity287:key00000142:ref146:ord0;page16:tag15:entity291:key00000146:ref142:ord0;page16:tag15:entity290:key00000145:ref143:ord0;page16:tag15:entity289:key00000144:ref144:ord0;page16:tag15:entity288:key00000143:ref145:ord0;page16:tag15:entity287:key00000142:ref146:ord0;page22:tag12:entity291:key00000146:ref142:ord0;page22:tag12:entity290:key00000145:ref143:ord0;page22:tag12:entity289:key00000144:ref144:ord0;page22:tag12:entity288:key00000143:ref145:ord0;page22:tag12:entity287:key00000142:ref146:ord0,"フルトン機能付き睡眠ガス地雷。
眠らせた相手を自動的にフルトン回収する
ことができる。（※1回のミッションで回収
出来るのは最大100人まで）","対空（浮遊型）地雷。
設置後自動的に上昇し、接触した航空機を
一時的に行動不能にする。","板人形型デコイ。
設置武器の要領で設置、構えず<I=HHA>で起動。
敵兵の目を欺く。開発すると強度が増し、
遮蔽物としても使えるようになる。",,"防空（浮游型）地雷。
设置后会自动升空，使接触到的飞行器
暂时失去行动能力。",,MATCH,125,110,APPROVED,READY,NOT_TESTED,JPN_PRIMARY; MLG_CN_CONTEXT_AUXILIARY,mechanical template; resource_class=SLOT_OLANG; source_objects=15; review_flag=WEB_TRANSLATED_PENDING_CODEX_CHECK
5D52E4F8,66,147,147;148;150;151;152;147;148;150;151;152;147;148;150;151;152,15,,page4:tag17:entity286:key00000141:ref147:ord0;page4:tag17:entity285:key00000140:ref148:ord0;page4:tag17:entity284:key0000013F:ref150:ord0;page4:tag17:entity283:key0000013E:ref151:ord0;page4:tag17:entity282:key0000013D:ref152:ord0;page16:tag15:entity286:key00000141:ref147:ord0;page16:tag15:entity285:key00000140:ref148:ord0;page16:tag15:entity284:key0000013F:ref150:ord0;page16:tag15:entity283:key0000013E:ref151:ord0;page16:tag15:entity282:key0000013D:ref152:ord0;page22:tag12:entity286:key00000141:ref147:ord0;page22:tag12:entity285:key00000140:ref148:ord0;page22:tag12:entity284:key0000013F:ref150:ord0;page22:tag12:entity283:key0000013E:ref151:ord0;page22:tag12:entity282:key0000013D:ref152:ord0,"対空（浮遊型）地雷。
設置後自動的に上昇し、接触した航空機を
一時的に行動不能にする。","板人形型デコイ。
設置武器の要領で設置、構えず<I=HHA>で起動。
敵兵の目を欺く。開発すると強度が増し、
遮蔽物としても使えるようになる。","補給支援要請マーカー。
使い過ぎると英雄度が低下する。
改良により携行弾数が増えた。",<I=HHA>,"板状人形诱饵。
像设置武器一样放置，无需瞄准按<I=HHA>启动。
可欺骗敌兵。研发后强度会提高，
还能作为掩体使用。",<I=HHA>,MATCH,193,157,APPROVED,READY,NOT_TESTED,JPN_PRIMARY; MLG_CN_CONTEXT_AUXILIARY,mechanical template; resource_class=SLOT_OLANG; source_objects=15; review_flag=WEB_TRANSLATED_PENDING_CODEX_CHECK
5D52E4F8,67,153,153;154;155;156;157;153;154;155;156;157;153;154;155;156;157,15,,page4:tag17:entity281:key0000013C:ref153:ord0;page4:tag17:entity280:key0000013B:ref154:ord0;page4:tag17:entity279:key0000013A:ref155:ord0;page4:tag17:entity278:key00000139:ref156:ord0;page4:tag17:entity277:key00000138:ref157:ord0;page16:tag15:entity281:key0000013C:ref153:ord0;page16:tag15:entity280:key0000013B:ref154:ord0;page16:tag15:entity279:key0000013A:ref155:ord0;page16:tag15:entity278:key00000139:ref156:ord0;page16:tag15:entity277:key00000138:ref157:ord0;page22:tag12:entity281:key0000013C:ref153:ord0;page22:tag12:entity280:key0000013B:ref154:ord0;page22:tag12:entity279:key0000013A:ref155:ord0;page22:tag12:entity278:key00000139:ref156:ord0;page22:tag12:entity277:key00000138:ref157:ord0,"板人形型デコイ。
設置武器の要領で設置、構えず<I=HHA>で起動。
敵兵の目を欺く。開発すると強度が増し、
遮蔽物としても使えるようになる。","対装軌、対装輪車輌用地雷。
浮遊型ビークルには効果がない。
命中した車両を一時的に行動不能に
する威力を持つ。","人気ホビー雑誌
設置すると、面白さに足を止めて
読みふける者が続出！",,"针对履带、轮式车辆的地雷。
对浮游型载具无效。
威力可让命中的车辆暂时
失去行动能力。",,MATCH,159,123,APPROVED,READY,NOT_TESTED,JPN_PRIMARY; MLG_CN_CONTEXT_AUXILIARY,mechanical template; resource_class=SLOT_OLANG; source_objects=15; review_flag=WEB_TRANSLATED_PENDING_CODEX_CHECK
5D52E4F8,68,158,158;158;158,3,,page4:tag17:entity276:key00000137:ref158:ord0;page16:tag15:entity276:key00000137:ref158:ord0;page22:tag12:entity276:key00000137:ref158:ord0,"対装軌、対装輪車輌用地雷。
浮遊型ビークルには効果がない。
命中した車両を一時的に行動不能に
する威力を持つ。","人気ホビー雑誌
設置すると、面白さに足を止めて
読みふける者が続出！","人気雑誌
設置すると、面白さに足を止めて
読みふける者が続出！",,"人气爱好杂志
放置后，许多人会被内容吸引而停下脚步，
埋头阅读！",,MATCH,98,92,APPROVED,READY,NOT_TESTED,JPN_PRIMARY; MLG_CN_CONTEXT_AUXILIARY,mechanical template; resource_class=SLOT_OLANG; source_objects=3; review_flag=WEB_TRANSLATED_PENDING_CODEX_CHECK
5D52E4F8,69,159,159;161;162;163;159;161;162;163;159;161;162;163,12,,page4:tag17:entity275:key00000136:ref159:ord0;page4:tag17:entity274:key00000135:ref161:ord0;page4:tag17:entity273:key00000134:ref162:ord0;page4:tag17:entity272:key00000133:ref163:ord0;page16:tag15:entity275:key00000136:ref159:ord0;page16:tag15:entity274:key00000135:ref161:ord0;page16:tag15:entity273:key00000134:ref162:ord0;page16:tag15:entity272:key00000133:ref163:ord0;page22:tag12:entity275:key00000136:ref159:ord0;page22:tag12:entity274:key00000135:ref161:ord0;page22:tag12:entity273:key00000134:ref162:ord0;page22:tag12:entity272:key00000133:ref163:ord0,"人気ホビー雑誌
設置すると、面白さに足を止めて
読みふける者が続出！","人気雑誌
設置すると、面白さに足を止めて
読みふける者が続出！","補給支援要請マーカー。射撃武器の要領で射出、
設置。設置後、構えずに<I=HHA>で弾薬と
アイテムを補給。使い過ぎると英雄度が
低下する。",,"人气杂志
放置后，许多人会被内容吸引而停下脚步，
埋头阅读！",,MATCH,89,86,APPROVED,READY,NOT_TESTED,JPN_PRIMARY; MLG_CN_CONTEXT_AUXILIARY,mechanical template; resource_class=SLOT_OLANG; source_objects=12; review_flag=WEB_TRANSLATED_PENDING_CODEX_CHECK
5D52E4F8,70,160,160;160;160,3,,page4:tag17:entity30:key0000001F:ref160:ord0;page16:tag15:entity30:key0000001F:ref160:ord0;page22:tag12:entity30:key0000001F:ref160:ord0,"人気雑誌
設置すると、面白さに足を止めて
読みふける者が続出！","補給支援要請マーカー。射撃武器の要領で射出、
設置。設置後、構えずに<I=HHA>で弾薬と
アイテムを補給。使い過ぎると英雄度が
低下する。","人気雑誌
設置すると、面白さに足を止めて
読みふける者が続出！",<I=HHA>,"补给支援请求标记。像射击武器一样发射、
设置。设置后无需瞄准，
按<I=HHA>补给弹药和
道具。过度使用会降低英雄度。",<I=HHA>,MATCH,190,160,APPROVED,READY,NOT_TESTED,JPN_PRIMARY; MLG_CN_CONTEXT_AUXILIARY,mechanical template; resource_class=SLOT_OLANG; source_objects=3; review_flag=WEB_TRANSLATED_PENDING_CODEX_CHECK
5D52E4F8,71,164,164;165;166;167;168;164;165;166;167;168;164;165;166;167;168,15,,page4:tag17:entity271:key00000132:ref164:ord0;page4:tag17:entity270:key00000131:ref165:ord0;page4:tag17:entity269:key00000130:ref166:ord0;page4:tag17:entity268:key0000012F:ref167:ord0;page4:tag17:entity267:key0000012E:ref168:ord0;page16:tag15:entity271:key00000132:ref164:ord0;page16:tag15:entity270:key00000131:ref165:ord0;page16:tag15:entity269:key00000130:ref166:ord0;page16:tag15:entity268:key0000012F:ref167:ord0;page16:tag15:entity267:key0000012E:ref168:ord0;page22:tag12:entity271:key00000132:ref164:ord0;page22:tag12:entity270:key00000131:ref165:ord0;page22:tag12:entity269:key00000130:ref166:ord0;page22:tag12:entity268:key0000012F:ref167:ord0;page22:tag12:entity267:key0000012E:ref168:ord0,"人気雑誌
設置すると、面白さに足を止めて
読みふける者が続出！","料理のいい匂いが染み付いており
野生動物も夢中になる。",？？？,,"沾染着诱人的料理香气，
连野生动物也会为之着迷。",,MATCH,79,70,APPROVED,READY,NOT_TESTED,JPN_PRIMARY; MLG_CN_CONTEXT_AUXILIARY,mechanical template; resource_class=SLOT_OLANG; source_objects=15; review_flag=WEB_TRANSLATED_PENDING_CODEX_CHECK
5D52E4F8,72,169,169;170;173;174;175;530;531;534;535;536;891;892;895;896;897;169;170;173;174;175;530;531;534;535;536;891;892;895;896;897;169;170;173;174;175;530;531;534;535;536;891;892;895;896;897,45,,page4:tag17:entity266:key0000012D:ref169:ord0;page4:tag17:entity265:key0000012C:ref170:ord0;page4:tag17:entity264:key0000012B:ref173:ord0;page4:tag17:entity263:key0000012A:ref174:ord0;page4:tag17:entity262:key00000129:ref175:ord0;page4:tag17:entity627:key0000012D:ref530:ord0;page4:tag17:entity626:key0000012C:ref531:ord0;page4:tag17:entity625:key0000012B:ref534:ord0;page4:tag17:entity624:key0000012A:ref535:ord0;page4:tag17:entity623:key00000129:ref536:ord0;page4:tag17:entity988:key0000012D:ref891:ord0;page4:tag17:entity987:key0000012C:ref892:ord0;page4:tag17:entity986:key0000012B:ref895:ord0;page4:tag17:entity985:key0000012A:ref896:ord0;page4:tag17:entity984:key00000129:ref897:ord0;page16:tag15:entity266:key0000012D:ref169:ord0;page16:tag15:entity265:key0000012C:ref170:ord0;page16:tag15:entity264:key0000012B:ref173:ord0;page16:tag15:entity263:key0000012A:ref174:ord0;page16:tag15:entity262:key00000129:ref175:ord0;page16:tag15:entity627:key0000012D:ref530:ord0;page16:tag15:entity626:key0000012C:ref531:ord0;page16:tag15:entity625:key0000012B:ref534:ord0;page16:tag15:entity624:key0000012A:ref535:ord0;page16:tag15:entity623:key00000129:ref536:ord0;page16:tag15:entity988:key0000012D:ref891:ord0;page16:tag15:entity987:key0000012C:ref892:ord0;page16:tag15:entity986:key0000012B:ref895:ord0;page16:tag15:entity985:key0000012A:ref896:ord0;page16:tag15:entity984:key00000129:ref897:ord0;page22:tag12:entity266:key0000012D:ref169:ord0;page22:tag12:entity265:key0000012C:ref170:ord0;page22:tag12:entity264:key0000012B:ref173:ord0;page22:tag12:entity263:key0000012A:ref174:ord0;page22:tag12:entity262:key00000129:ref175:ord0;page22:tag12:entity627:key0000012D:ref530:ord0;page22:tag12:entity626:key0000012C:ref531:ord0;page22:tag12:entity625:key0000012B:ref534:ord0;page22:tag12:entity624:key0000012A:ref535:ord0;page22:tag12:entity623:key00000129:ref536:ord0;page22:tag12:entity988:key0000012D:ref891:ord0;page22:tag12:entity987:key0000012C:ref892:ord0;page22:tag12:entity986:key0000012B:ref895:ord0;page22:tag12:entity985:key0000012A:ref896:ord0;page22:tag12:entity984:key00000129:ref897:ord0,"料理のいい匂いが染み付いており
野生動物も夢中になる。",？？？,"大型マシンピストル。フルオートモデル。
火力が大幅にＵＰしたが、反動は大きい。
弾倉容量増加。",,？？？,,MATCH,9,9,APPROVED,READY,NOT_TESTED,JPN_PRIMARY; MLG_CN_CONTEXT_AUXILIARY,mechanical template; resource_class=SLOT_OLANG; source_objects=45; review_flag=WEB_TRANSLATED_PENDING_CODEX_CHECK
5D52E4F8,73,171,171;171;171,3,,page4:tag17:entity29:key0000001E:ref171:ord0;page16:tag15:entity29:key0000001E:ref171:ord0;page22:tag12:entity29:key0000001E:ref171:ord0,？？？,"大型マシンピストル。フルオートモデル。
火力が大幅にＵＰしたが、反動は大きい。
弾倉容量増加。","麻酔弾を撃ち出すピストル。非殺傷武器。
開発によりサプレッサーの耐久力が上がった。
麻酔は効くまで多少時間がかかる。",,"大型冲锋手枪。全自动型号。
火力大幅提升，但后坐力也很大。
弹匣容量增加。",,MATCH,137,107,APPROVED,READY,NOT_TESTED,JPN_PRIMARY; MLG_CN_CONTEXT_AUXILIARY,mechanical template; resource_class=SLOT_OLANG; source_objects=3; review_flag=WEB_TRANSLATED_PENDING_CODEX_CHECK
5D52E4F8,74,176,176;177;178;179;180;176;177;178;179;180;176;177;178;179;180,15,,page4:tag17:entity261:key00000128:ref176:ord0;page4:tag17:entity260:key00000127:ref177:ord0;page4:tag17:entity259:key00000126:ref178:ord0;page4:tag17:entity258:key00000125:ref179:ord0;page4:tag17:entity257:key00000124:ref180:ord0;page16:tag15:entity261:key00000128:ref176:ord0;page16:tag15:entity260:key00000127:ref177:ord0;page16:tag15:entity259:key00000126:ref178:ord0;page16:tag15:entity258:key00000125:ref179:ord0;page16:tag15:entity257:key00000124:ref180:ord0;page22:tag12:entity261:key00000128:ref176:ord0;page22:tag12:entity260:key00000127:ref177:ord0;page22:tag12:entity259:key00000126:ref178:ord0;page22:tag12:entity258:key00000125:ref179:ord0;page22:tag12:entity257:key00000124:ref180:ord0,？？？,"マンガ雑誌
設置すると、面白さに足を止めて読みふける者が
続出。刊行数が増す毎に面白くなり、より長い間
熱中するようになる。","指向性対人地雷。
設置位置に向かって構えながら<I=ATK>で設置。
開発により威力があがる。",,"漫画杂志
放置后，许多人会被内容吸引而停下脚步阅读。
期数越多内容越有趣，也会让人
沉迷更久。",,MATCH,180,135,APPROVED,READY,NOT_TESTED,JPN_PRIMARY; MLG_CN_CONTEXT_AUXILIARY,mechanical template; resource_class=SLOT_OLANG; source_objects=15; review_flag=WEB_TRANSLATED_PENDING_CODEX_CHECK
5D52E4F8,75,181,181;182;184;185;186;181;182;184;185;186;181;182;184;185;186,15,,page4:tag17:entity256:key00000123:ref181:ord0;page4:tag17:entity255:key00000122:ref182:ord0;page4:tag17:entity254:key00000121:ref184:ord0;page4:tag17:entity253:key00000120:ref185:ord0;page4:tag17:entity252:key0000011F:ref186:ord0;page16:tag15:entity256:key00000123:ref181:ord0;page16:tag15:entity255:key00000122:ref182:ord0;page16:tag15:entity254:key00000121:ref184:ord0;page16:tag15:entity253:key00000120:ref185:ord0;page16:tag15:entity252:key0000011F:ref186:ord0;page22:tag12:entity256:key00000123:ref181:ord0;page22:tag12:entity255:key00000122:ref182:ord0;page22:tag12:entity254:key00000121:ref184:ord0;page22:tag12:entity253:key00000120:ref185:ord0;page22:tag12:entity252:key0000011F:ref186:ord0,"マンガ雑誌
設置すると、面白さに足を止めて読みふける者が
続出。刊行数が増す毎に面白くなり、より長い間
熱中するようになる。","指向性対人地雷。
設置位置に向かって構えながら<I=ATK>で設置。
開発により威力があがる。","大型マシンピストル。フルオートモデル。
火力が大幅にＵＰしたが、反動は大きい。
短銃身のため命中精度は低い。",<I=ATK>,"定向反人员地雷。
朝向设置位置瞄准并按<I=ATK>放置。
研发后威力会提高。",<I=ATK>,MATCH,123,99,APPROVED,READY,NOT_TESTED,JPN_PRIMARY; MLG_CN_CONTEXT_AUXILIARY,mechanical template; resource_class=SLOT_OLANG; source_objects=15; review_flag=WEB_TRANSLATED_PENDING_CODEX_CHECK
5D52E4F8,76,183,183;183;183,3,,page4:tag17:entity28:key0000001D:ref183:ord0;page16:tag15:entity28:key0000001D:ref183:ord0;page22:tag12:entity28:key0000001D:ref183:ord0,"指向性対人地雷。
設置位置に向かって構えながら<I=ATK>で設置。
開発により威力があがる。","大型マシンピストル。フルオートモデル。
火力が大幅にＵＰしたが、反動は大きい。
短銃身のため命中精度は低い。","指向性対人地雷。
設置位置に向かって構えながら<I=ATK>で設置。
開発により威力があがる。",,"大型冲锋手枪。全自动型号。
火力大幅提升，但后坐力也很大。
短枪管导致命中精度较低。",,MATCH,158,122,APPROVED,READY,NOT_TESTED,JPN_PRIMARY; MLG_CN_CONTEXT_AUXILIARY,mechanical template; resource_class=SLOT_OLANG; source_objects=3; review_flag=WEB_TRANSLATED_PENDING_CODEX_CHECK
5D52E4F8,77,187,187;188;189;190;191;187;188;189;190;191;187;188;189;190;191,15,,page4:tag17:entity251:key0000011E:ref187:ord0;page4:tag17:entity250:key0000011D:ref188:ord0;page4:tag17:entity249:key0000011C:ref189:ord0;page4:tag17:entity248:key0000011B:ref190:ord0;page4:tag17:entity247:key0000011A:ref191:ord0;page16:tag15:entity251:key0000011E:ref187:ord0;page16:tag15:entity250:key0000011D:ref188:ord0;page16:tag15:entity249:key0000011C:ref189:ord0;page16:tag15:entity248:key0000011B:ref190:ord0;page16:tag15:entity247:key0000011A:ref191:ord0;page22:tag12:entity251:key0000011E:ref187:ord0;page22:tag12:entity250:key0000011D:ref188:ord0;page22:tag12:entity249:key0000011C:ref189:ord0;page22:tag12:entity248:key0000011B:ref190:ord0;page22:tag12:entity247:key0000011A:ref191:ord0,"指向性対人地雷。
設置位置に向かって構えながら<I=ATK>で設置。
開発により威力があがる。","プラスチック爆弾。
設置位置に向かって構えながら<I=ATK>で設置。
設置後、構えず<I=HHA>で起爆。
開発により威力があがる。","投擲して展開後、構えず<I=HHA>でトラップ
起動。車輌がトラップにかかったら、
４基のデバイスのスイッチを入れ、鹵獲する。",<I=ATK> | <I=HHA>,"塑胶炸药。
朝向设置位置瞄准并按<I=ATK>放置。
放置后无需瞄准，按<I=HHA>引爆。
研发后威力会提高。",<I=ATK> | <I=HHA>,MATCH,167,134,APPROVED,READY,NOT_TESTED,JPN_PRIMARY; MLG_CN_CONTEXT_AUXILIARY,mechanical template; resource_class=SLOT_OLANG; source_objects=15; review_flag=WEB_TRANSLATED_PENDING_CODEX_CHECK
5D52E4F8,78,192,192;192;192,3,,page4:tag17:entity246:key00000119:ref192:ord0;page16:tag15:entity246:key00000119:ref192:ord0;page22:tag12:entity246:key00000119:ref192:ord0,"プラスチック爆弾。
設置位置に向かって構えながら<I=ATK>で設置。
設置後、構えず<I=HHA>で起爆。
開発により威力があがる。","投擲して展開後、構えず<I=HHA>でトラップ
起動。車輌がトラップにかかったら、
４基のデバイスのスイッチを入れ、鹵獲する。","投擲型の攻撃支援要請用マーカー。
投擲後、構えずに<I=HHA>で支援攻撃を実施。
使い過ぎると英雄度が低下する。",<I=HHA>,"投掷展开后，无需瞄准按<I=HHA>启动陷阱。
车辆被陷阱困住后，
打开4个装置的开关将其捕获。",<I=HHA>,MATCH,171,124,APPROVED,READY,NOT_TESTED,JPN_PRIMARY; MLG_CN_CONTEXT_AUXILIARY,mechanical template; resource_class=SLOT_OLANG; source_objects=3; review_flag=WEB_TRANSLATED_PENDING_CODEX_CHECK
5D52E4F8,79,193,193;193;193,3,,page4:tag17:entity245:key00000118:ref193:ord0;page16:tag15:entity245:key00000118:ref193:ord0;page22:tag12:entity245:key00000118:ref193:ord0,"投擲して展開後、構えず<I=HHA>でトラップ
起動。車輌がトラップにかかったら、
４基のデバイスのスイッチを入れ、鹵獲する。","投擲型の攻撃支援要請用マーカー。
投擲後、構えずに<I=HHA>で支援攻撃を実施。
使い過ぎると英雄度が低下する。","大型マシンピストル。
敵兵を一時的に行動不能にしやすい。
開発でフルオートモデルへと改良可能。",<I=HHA>,"投掷型攻击支援请求标记。
投掷后无需瞄准，按<I=HHA>实施支援攻击。
过度使用会降低英雄度。",<I=HHA>,MATCH,153,126,APPROVED,READY,NOT_TESTED,JPN_PRIMARY; MLG_CN_CONTEXT_AUXILIARY,mechanical template; resource_class=SLOT_OLANG; source_objects=3; review_flag=WEB_TRANSLATED_PENDING_CODEX_CHECK
5D52E4F8,80,194,194;194;194,3,,page4:tag17:entity27:key0000001C:ref194:ord0;page16:tag15:entity27:key0000001C:ref194:ord0;page22:tag12:entity27:key0000001C:ref194:ord0,"投擲型の攻撃支援要請用マーカー。
投擲後、構えずに<I=HHA>で支援攻撃を実施。
使い過ぎると英雄度が低下する。","大型マシンピストル。
敵兵を一時的に行動不能にしやすい。
開発でフルオートモデルへと改良可能。","投擲型の補給支援要請用マーカー。
投擲後、構えずに<I=HHA>で弾薬とアイテムを補給。
使い過ぎると英雄度が低下する。",,"大型冲锋手枪。
较容易让敌兵暂时失去行动能力。
可通过研发改良为全自动型号。",,MATCH,137,110,APPROVED,READY,NOT_TESTED,JPN_PRIMARY; MLG_CN_CONTEXT_AUXILIARY,mechanical template; resource_class=SLOT_OLANG; source_objects=3; review_flag=WEB_TRANSLATED_PENDING_CODEX_CHECK
5D52E4F8,81,195,195;195;195,3,,page4:tag17:entity244:key00000117:ref195:ord0;page16:tag15:entity244:key00000117:ref195:ord0;page22:tag12:entity244:key00000117:ref195:ord0,"大型マシンピストル。
敵兵を一時的に行動不能にしやすい。
開発でフルオートモデルへと改良可能。","投擲型の補給支援要請用マーカー。
投擲後、構えずに<I=HHA>で弾薬とアイテムを補給。
使い過ぎると英雄度が低下する。","空の弾倉。非殺傷。
落下音で敵の注意を引きつける。",<I=HHA>,"投掷型补给支援请求标记。
投掷后无需瞄准，按<I=HHA>补给弹药和道具。
过度使用会降低英雄度。",<I=HHA>,MATCH,162,129,APPROVED,READY,NOT_TESTED,JPN_PRIMARY; MLG_CN_CONTEXT_AUXILIARY,mechanical template; resource_class=SLOT_OLANG; source_objects=3; review_flag=WEB_TRANSLATED_PENDING_CODEX_CHECK
5D52E4F8,82,196,196;196;196,3,,page4:tag17:entity243:key00000116:ref196:ord0;page16:tag15:entity243:key00000116:ref196:ord0;page22:tag12:entity243:key00000116:ref196:ord0,"投擲型の補給支援要請用マーカー。
投擲後、構えずに<I=HHA>で弾薬とアイテムを補給。
使い過ぎると英雄度が低下する。","空の弾倉。非殺傷。
落下音で敵の注意を引きつける。","睡眠ガス手榴弾。非殺傷武器。
吸うと眠り込むガスを放出する。
開発により催眠効果が強化される。",,"空弹匣。非致命。
落地声可吸引敌人的注意。",,MATCH,73,61,APPROVED,READY,NOT_TESTED,JPN_PRIMARY; MLG_CN_CONTEXT_AUXILIARY,mechanical template; resource_class=SLOT_OLANG; source_objects=3; review_flag=WEB_TRANSLATED_PENDING_CODEX_CHECK
5D52E4F8,83,197,197;198;199;200;201;197;198;199;200;201;197;198;199;200;201,15,,page4:tag17:entity242:key00000115:ref197:ord0;page4:tag17:entity241:key00000114:ref198:ord0;page4:tag17:entity240:key00000113:ref199:ord0;page4:tag17:entity239:key00000112:ref200:ord0;page4:tag17:entity238:key00000111:ref201:ord0;page16:tag15:entity242:key00000115:ref197:ord0;page16:tag15:entity241:key00000114:ref198:ord0;page16:tag15:entity240:key00000113:ref199:ord0;page16:tag15:entity239:key00000112:ref200:ord0;page16:tag15:entity238:key00000111:ref201:ord0;page22:tag12:entity242:key00000115:ref197:ord0;page22:tag12:entity241:key00000114:ref198:ord0;page22:tag12:entity240:key00000113:ref199:ord0;page22:tag12:entity239:key00000112:ref200:ord0;page22:tag12:entity238:key00000111:ref201:ord0,"空の弾倉。非殺傷。
落下音で敵の注意を引きつける。","睡眠ガス手榴弾。非殺傷武器。
吸うと眠り込むガスを放出する。
開発により催眠効果が強化される。","着色発煙手榴弾。非殺傷武器。
発生する煙で敵の視界を妨げ、また一時的に
敵兵の動きを封じる。開発により発煙時間が
延長される。",,"睡眠瓦斯手雷。非致命武器。
释放吸入后会使人睡着的瓦斯。
研发后催眠效果会增强。",,MATCH,137,116,APPROVED,READY,NOT_TESTED,JPN_PRIMARY; MLG_CN_CONTEXT_AUXILIARY,mechanical template; resource_class=SLOT_OLANG; source_objects=15; review_flag=WEB_TRANSLATED_PENDING_CODEX_CHECK
5D52E4F8,84,202,202;203;204;206;207;202;203;204;206;207;202;203;204;206;207,15,,page4:tag17:entity237:key00000110:ref202:ord0;page4:tag17:entity236:key0000010F:ref203:ord0;page4:tag17:entity235:key0000010E:ref204:ord0;page4:tag17:entity234:key0000010D:ref206:ord0;page4:tag17:entity233:key0000010C:ref207:ord0;page16:tag15:entity237:key00000110:ref202:ord0;page16:tag15:entity236:key0000010F:ref203:ord0;page16:tag15:entity235:key0000010E:ref204:ord0;page16:tag15:entity234:key0000010D:ref206:ord0;page16:tag15:entity233:key0000010C:ref207:ord0;page22:tag12:entity237:key00000110:ref202:ord0;page22:tag12:entity236:key0000010F:ref203:ord0;page22:tag12:entity235:key0000010E:ref204:ord0;page22:tag12:entity234:key0000010D:ref206:ord0;page22:tag12:entity233:key0000010C:ref207:ord0,"睡眠ガス手榴弾。非殺傷武器。
吸うと眠り込むガスを放出する。
開発により催眠効果が強化される。","着色発煙手榴弾。非殺傷武器。
発生する煙で敵の視界を妨げ、また一時的に
敵兵の動きを封じる。開発により発煙時間が
延長される。","グレネードを撃ち出すハンドキャノン。
コンパクトで単発ながら、装甲車にも
対抗可能。ライフルストック装備により、
命中精度が向上。",,"彩色烟雾手雷。非致命武器。
产生的烟雾会妨碍敌人视野，并暂时
封锁敌兵行动。研发后烟雾持续时间
会延长。",,MATCH,183,150,APPROVED,READY,NOT_TESTED,JPN_PRIMARY; MLG_CN_CONTEXT_AUXILIARY,mechanical template; resource_class=SLOT_OLANG; source_objects=15; review_flag=WEB_TRANSLATED_PENDING_CODEX_CHECK
5D52E4F8,85,205,205;205;205,3,,page4:tag17:entity26:key0000001B:ref205:ord0;page16:tag15:entity26:key0000001B:ref205:ord0;page22:tag12:entity26:key0000001B:ref205:ord0,"着色発煙手榴弾。非殺傷武器。
発生する煙で敵の視界を妨げ、また一時的に
敵兵の動きを封じる。開発により発煙時間が
延長される。","グレネードを撃ち出すハンドキャノン。
コンパクトで単発ながら、装甲車にも
対抗可能。ライフルストック装備により、
命中精度が向上。","着色発煙手榴弾。非殺傷武器。
発生する煙で敵の視界を妨げ、また一時的に
敵兵の動きを封じる。開発により発煙時間が
延長される。",,"发射榴弹的手炮。
虽然紧凑且为单发，但也能
对抗装甲车辆。配备步枪枪托后，
命中精度提高。",,MATCH,189,129,APPROVED,READY,NOT_TESTED,JPN_PRIMARY; MLG_CN_CONTEXT_AUXILIARY,mechanical template; resource_class=SLOT_OLANG; source_objects=3; review_flag=WEB_TRANSLATED_PENDING_CODEX_CHECK
5D52E4F8,86,208,208;209;210;211;212;208;209;210;211;212;208;209;210;211;212,15,,page4:tag17:entity232:key0000010B:ref208:ord0;page4:tag17:entity231:key0000010A:ref209:ord0;page4:tag17:entity230:key00000109:ref210:ord0;page4:tag17:entity229:key00000108:ref211:ord0;page4:tag17:entity228:key00000107:ref212:ord0;page16:tag15:entity232:key0000010B:ref208:ord0;page16:tag15:entity231:key0000010A:ref209:ord0;page16:tag15:entity230:key00000109:ref210:ord0;page16:tag15:entity229:key00000108:ref211:ord0;page16:tag15:entity228:key00000107:ref212:ord0;page22:tag12:entity232:key0000010B:ref208:ord0;page22:tag12:entity231:key0000010A:ref209:ord0;page22:tag12:entity230:key00000109:ref210:ord0;page22:tag12:entity229:key00000108:ref211:ord0;page22:tag12:entity228:key00000107:ref212:ord0,"着色発煙手榴弾。非殺傷武器。
発生する煙で敵の視界を妨げ、また一時的に
敵兵の動きを封じる。開発により発煙時間が
延長される。","発煙手榴弾。非殺傷武器。
発生する煙で敵の視界を妨げ、また一時的に
敵兵の動きを封じる。開発により発煙時間が
延長される。","電子妨害手榴弾。非殺傷武器。
電子機器の正常動作を一時的に妨げる。
開発により効果時間が延びる。",,"烟雾手雷。非致命武器。
产生的烟雾会妨碍敌人视野，并暂时
封锁敌兵行动。研发后烟雾持续时间
会延长。",,MATCH,177,144,APPROVED,READY,NOT_TESTED,JPN_PRIMARY; MLG_CN_CONTEXT_AUXILIARY,mechanical template; resource_class=SLOT_OLANG; source_objects=15; review_flag=WEB_TRANSLATED_PENDING_CODEX_CHECK
5D52E4F8,87,213,213;214;215;217;218;213;214;215;217;218;213;214;215;217;218,15,,page4:tag17:entity227:key00000106:ref213:ord0;page4:tag17:entity226:key00000105:ref214:ord0;page4:tag17:entity225:key00000104:ref215:ord0;page4:tag17:entity224:key00000103:ref217:ord0;page4:tag17:entity223:key00000102:ref218:ord0;page16:tag15:entity227:key00000106:ref213:ord0;page16:tag15:entity226:key00000105:ref214:ord0;page16:tag15:entity225:key00000104:ref215:ord0;page16:tag15:entity224:key00000103:ref217:ord0;page16:tag15:entity223:key00000102:ref218:ord0;page22:tag12:entity227:key00000106:ref213:ord0;page22:tag12:entity226:key00000105:ref214:ord0;page22:tag12:entity225:key00000104:ref215:ord0;page22:tag12:entity224:key00000103:ref217:ord0;page22:tag12:entity223:key00000102:ref218:ord0,"発煙手榴弾。非殺傷武器。
発生する煙で敵の視界を妨げ、また一時的に
敵兵の動きを封じる。開発により発煙時間が
延長される。","電子妨害手榴弾。非殺傷武器。
電子機器の正常動作を一時的に妨げる。
開発により効果時間が延びる。","グレネードを撃ち出すハンドキャノン。
コンパクトで単発ながら、装甲車にも
対抗可能。",,"电子干扰手雷。非致命武器。
可暂时妨碍电子设备正常工作。
研发后效果持续时间会延长。",,MATCH,140,122,APPROVED,READY,NOT_TESTED,JPN_PRIMARY; MLG_CN_CONTEXT_AUXILIARY,mechanical template; resource_class=SLOT_OLANG; source_objects=15; review_flag=WEB_TRANSLATED_PENDING_CODEX_CHECK
5D52E4F8,88,216,216;216;216,3,,page4:tag17:entity25:key0000001A:ref216:ord0;page16:tag15:entity25:key0000001A:ref216:ord0;page22:tag12:entity25:key0000001A:ref216:ord0,"電子妨害手榴弾。非殺傷武器。
電子機器の正常動作を一時的に妨げる。
開発により効果時間が延びる。","グレネードを撃ち出すハンドキャノン。
コンパクトで単発ながら、装甲車にも
対抗可能。","電子妨害手榴弾。非殺傷武器。
電子機器の正常動作を一時的に妨げる。
開発により効果時間が延びる。",,"发射榴弹的手炮。
虽然紧凑且为单发，但也能
对抗装甲车辆。",,MATCH,122,83,APPROVED,READY,NOT_TESTED,JPN_PRIMARY; MLG_CN_CONTEXT_AUXILIARY,mechanical template; resource_class=SLOT_OLANG; source_objects=3; review_flag=WEB_TRANSLATED_PENDING_CODEX_CHECK
5D52E4F8,89,219,219;220;221;222;223;219;220;221;222;223;219;220;221;222;223,15,,page4:tag17:entity222:key00000101:ref219:ord0;page4:tag17:entity221:key00000100:ref220:ord0;page4:tag17:entity220:key000000FF:ref221:ord0;page4:tag17:entity219:key000000FE:ref222:ord0;page4:tag17:entity218:key000000FD:ref223:ord0;page16:tag15:entity222:key00000101:ref219:ord0;page16:tag15:entity221:key00000100:ref220:ord0;page16:tag15:entity220:key000000FF:ref221:ord0;page16:tag15:entity219:key000000FE:ref222:ord0;page16:tag15:entity218:key000000FD:ref223:ord0;page22:tag12:entity222:key00000101:ref219:ord0;page22:tag12:entity221:key00000100:ref220:ord0;page22:tag12:entity220:key000000FF:ref221:ord0;page22:tag12:entity219:key000000FE:ref222:ord0;page22:tag12:entity218:key000000FD:ref223:ord0,"電子妨害手榴弾。非殺傷武器。
電子機器の正常動作を一時的に妨げる。
開発により効果時間が延びる。","閃光音響手榴弾。非殺傷武器。
敵兵を気絶させる効果がある。
開発により威力、効果範囲が強化される。","破片手榴弾。
広範囲に破壊力を及ぼす。
開発により威力が上がる。",,"闪光音响手雷。非致命武器。
可使敌兵昏厥。
研发后威力和效果范围都会增强。",,MATCH,143,107,APPROVED,READY,NOT_TESTED,JPN_PRIMARY; MLG_CN_CONTEXT_AUXILIARY,mechanical template; resource_class=SLOT_OLANG; source_objects=15; review_flag=WEB_TRANSLATED_PENDING_CODEX_CHECK
5D52E4F8,90,224,224;225;226;228;229;224;225;226;228;229;224;225;226;228;229,15,,page4:tag17:entity217:key000000FC:ref224:ord0;page4:tag17:entity216:key000000FB:ref225:ord0;page4:tag17:entity215:key000000FA:ref226:ord0;page4:tag17:entity214:key000000F9:ref228:ord0;page4:tag17:entity213:key000000F8:ref229:ord0;page16:tag15:entity217:key000000FC:ref224:ord0;page16:tag15:entity216:key000000FB:ref225:ord0;page16:tag15:entity215:key000000FA:ref226:ord0;page16:tag15:entity214:key000000F9:ref228:ord0;page16:tag15:entity213:key000000F8:ref229:ord0;page22:tag12:entity217:key000000FC:ref224:ord0;page22:tag12:entity216:key000000FB:ref225:ord0;page22:tag12:entity215:key000000FA:ref226:ord0;page22:tag12:entity214:key000000F9:ref228:ord0;page22:tag12:entity213:key000000F8:ref229:ord0,"閃光音響手榴弾。非殺傷武器。
敵兵を気絶させる効果がある。
開発により威力、効果範囲が強化される。","破片手榴弾。
広範囲に破壊力を及ぼす。
開発により威力が上がる。","高信頼性コンバットリボルバー。
敵兵を吹き飛ばすほどの大威力の反面、
反動も大きい。レーザーサイト装備により
照準が容易に。",,"破片手雷。
可对大范围造成破坏。
研发后威力会提高。",,MATCH,92,74,APPROVED,READY,NOT_TESTED,JPN_PRIMARY; MLG_CN_CONTEXT_AUXILIARY,mechanical template; resource_class=SLOT_OLANG; source_objects=15; review_flag=WEB_TRANSLATED_PENDING_CODEX_CHECK
5D52E4F8,91,227,227;227;227,3,,page4:tag17:entity24:key00000019:ref227:ord0;page16:tag15:entity24:key00000019:ref227:ord0;page22:tag12:entity24:key00000019:ref227:ord0,"破片手榴弾。
広範囲に破壊力を及ぼす。
開発により威力が上がる。","高信頼性コンバットリボルバー。
敵兵を吹き飛ばすほどの大威力の反面、
反動も大きい。レーザーサイト装備により
照準が容易に。","破片手榴弾。
広範囲に破壊力を及ぼす。
開発により威力が上がる。",,"高可靠性战斗左轮手枪。
威力足以将敌兵击飞，
但后坐力也很大。配备激光瞄准器后
更容易瞄准。",,MATCH,180,132,APPROVED,READY,NOT_TESTED,JPN_PRIMARY; MLG_CN_CONTEXT_AUXILIARY,mechanical template; resource_class=SLOT_OLANG; source_objects=3; review_flag=WEB_TRANSLATED_PENDING_CODEX_CHECK
5D52E4F8,92,233,233;233;233,3,,page4:tag17:entity23:key00000018:ref233:ord0;page16:tag15:entity23:key00000018:ref233:ord0;page22:tag12:entity23:key00000018:ref233:ord0,"使い捨て軽量ロケットランチャー。
構えボタンで主観照準、攻撃ボタンで発射。","高信頼性コンバットリボルバー。
敵兵を吹き飛ばすほどの大威力の反面、
反動も大きい。ロングバレル装備で
命中精度は向上。","全員CO-OPイン状態でゴムと支柱を一斉に構え、
弾丸役が<I=ACT>を押すと発射準備完了。ゴムは
<I=ATK>連打で威力ＵＰ。ゴムだけだと使い道が
ないので注意。",,"高可靠性战斗左轮手枪。
威力足以将敌兵击飞，
但后坐力也很大。配备长枪管后
命中精度提高。",,MATCH,174,129,APPROVED,READY,NOT_TESTED,JPN_PRIMARY; MLG_CN_CONTEXT_AUXILIARY,mechanical template; resource_class=SLOT_OLANG; source_objects=3; review_flag=WEB_TRANSLATED_PENDING_CODEX_CHECK
5D52E4F8,93,234,234;235;236;234;235;236;234;235;236,9,,page4:tag17:entity209:key000000EB:ref234:ord0;page4:tag17:entity208:key000000EA:ref235:ord0;page4:tag17:entity207:key000000E9:ref236:ord0;page16:tag15:entity209:key000000EB:ref234:ord0;page16:tag15:entity208:key000000EA:ref235:ord0;page16:tag15:entity207:key000000E9:ref236:ord0;page22:tag12:entity209:key000000EB:ref234:ord0;page22:tag12:entity208:key000000EA:ref235:ord0;page22:tag12:entity207:key000000E9:ref236:ord0,"高信頼性コンバットリボルバー。
敵兵を吹き飛ばすほどの大威力の反面、
反動も大きい。ロングバレル装備で
命中精度は向上。","全員CO-OPイン状態でゴムと支柱を一斉に構え、
弾丸役が<I=ACT>を押すと発射準備完了。ゴムは
<I=ATK>連打で威力ＵＰ。ゴムだけだと使い道が
ないので注意。","４人CO-OPで使用可能な武器。支柱が２本、
ゴムが１本必要。４人目は弾丸になる。
支柱は複数本装備が可能。",<I=ACT> | <I=ATK>,"全员处于CO-OP IN状态时，同时架起橡皮筋和支柱，
由充当炮弹的人按<I=ACT>完成发射准备。橡皮筋可通过
连打<I=ATK>提升威力。注意只有橡皮筋
无法使用。",<I=ACT> | <I=ATK>,MATCH,208,202,APPROVED,READY,NOT_TESTED,JPN_PRIMARY; MLG_CN_CONTEXT_AUXILIARY,mechanical template; resource_class=SLOT_OLANG; source_objects=9; review_flag=WEB_TRANSLATED_PENDING_CODEX_CHECK
5D52E4F8,94,237,237;237;237,3,,page4:tag17:entity206:key000000E8:ref237:ord0;page16:tag15:entity206:key000000E8:ref237:ord0;page22:tag12:entity206:key000000E8:ref237:ord0,"全員CO-OPイン状態でゴムと支柱を一斉に構え、
弾丸役が<I=ACT>を押すと発射準備完了。ゴムは
<I=ATK>連打で威力ＵＰ。ゴムだけだと使い道が
ないので注意。","４人CO-OPで使用可能な武器。支柱が２本、
ゴムが１本必要。４人目は弾丸になる。
支柱は複数本装備が可能。","ターゲットを光学的に透明化する特殊銃。
CO-OP仲間相手に効果を発揮する。
バッテリー容量が増強され、使用回数増加。",,"可由4人CO-OP使用的武器。需要2根支柱和
1条橡皮筋。第4个人充当炮弹。
可装备多根支柱。",,MATCH,148,119,APPROVED,READY,NOT_TESTED,JPN_PRIMARY; MLG_CN_CONTEXT_AUXILIARY,mechanical template; resource_class=SLOT_OLANG; source_objects=3; review_flag=WEB_TRANSLATED_PENDING_CODEX_CHECK
5D52E4F8,95,238,238;239;238;239;238;239,6,,page4:tag17:entity205:key000000E7:ref238:ord0;page4:tag17:entity204:key000000E6:ref239:ord0;page16:tag15:entity205:key000000E7:ref238:ord0;page16:tag15:entity204:key000000E6:ref239:ord0;page22:tag12:entity205:key000000E7:ref238:ord0;page22:tag12:entity204:key000000E6:ref239:ord0,"４人CO-OPで使用可能な武器。支柱が２本、
ゴムが１本必要。４人目は弾丸になる。
支柱は複数本装備が可能。","ターゲットを光学的に透明化する特殊銃。
CO-OP仲間相手に効果を発揮する。
バッテリー容量が増強され、使用回数増加。","高信頼性コンバットリボルバー。
敵兵を吹き飛ばすほどの大威力の反面、
反動も大きい。",,"使目标在光学上透明的特殊枪械。
对CO-OP伙伴有效。
电池容量增强，可增加使用次数。",,MATCH,163,115,APPROVED,READY,NOT_TESTED,JPN_PRIMARY; MLG_CN_CONTEXT_AUXILIARY,mechanical template; resource_class=SLOT_OLANG; source_objects=6; review_flag=WEB_TRANSLATED_PENDING_CODEX_CHECK
5D52E4F8,96,240,240;240;240,3,,page4:tag17:entity22:key00000017:ref240:ord0;page16:tag15:entity22:key00000017:ref240:ord0;page22:tag12:entity22:key00000017:ref240:ord0,"ターゲットを光学的に透明化する特殊銃。
CO-OP仲間相手に効果を発揮する。
バッテリー容量が増強され、使用回数増加。","高信頼性コンバットリボルバー。
敵兵を吹き飛ばすほどの大威力の反面、
反動も大きい。","ターゲットを光学的に透明化する特殊銃。
CO-OP仲間相手に効果を発揮する。
バッテリー駆動式。",,"高可靠性战斗左轮手枪。
威力足以将敌兵击飞，
但后坐力也很大。",,MATCH,122,89,APPROVED,READY,NOT_TESTED,JPN_PRIMARY; MLG_CN_CONTEXT_AUXILIARY,mechanical template; resource_class=SLOT_OLANG; source_objects=3; review_flag=WEB_TRANSLATED_PENDING_CODEX_CHECK
5D52E4F8,97,241,241;241;241,3,,page4:tag17:entity203:key000000E5:ref241:ord0;page16:tag15:entity203:key000000E5:ref241:ord0;page22:tag12:entity203:key000000E5:ref241:ord0,"高信頼性コンバットリボルバー。
敵兵を吹き飛ばすほどの大威力の反面、
反動も大きい。","ターゲットを光学的に透明化する特殊銃。
CO-OP仲間相手に効果を発揮する。
バッテリー駆動式。","携行型対戦車ミサイル。
ロックオンしたターゲットを自動的に追尾する。
弾頭の威力も大きく、対地戦闘ではきわめて
有用な兵器。",,"使目标在光学上透明的特殊枪械。
对CO-OP伙伴有效。
电池驱动。",,MATCH,130,85,APPROVED,READY,NOT_TESTED,JPN_PRIMARY; MLG_CN_CONTEXT_AUXILIARY,mechanical template; resource_class=SLOT_OLANG; source_objects=3; review_flag=WEB_TRANSLATED_PENDING_CODEX_CHECK
5D52E4F8,98,242,242;242;242,3,,page4:tag17:entity202:key000000E4:ref242:ord0;page16:tag15:entity202:key000000E4:ref242:ord0;page22:tag12:entity202:key000000E4:ref242:ord0,"ターゲットを光学的に透明化する特殊銃。
CO-OP仲間相手に効果を発揮する。
バッテリー駆動式。","携行型対戦車ミサイル。
ロックオンしたターゲットを自動的に追尾する。
弾頭の威力も大きく、対地戦闘ではきわめて
有用な兵器。","携行型無反動砲。フルトン砲弾使用。
ヒットしたターゲットをフルトン回収できる。
（※1回のミッションで回収出来るのは
最大100人まで）",,"便携式反坦克导弹。
会自动追踪锁定目标。
弹头威力也很大，在对地战斗中是
极为有用的武器。",,MATCH,180,129,APPROVED,READY,NOT_TESTED,JPN_PRIMARY; MLG_CN_CONTEXT_AUXILIARY,mechanical template; resource_class=SLOT_OLANG; source_objects=3; review_flag=WEB_TRANSLATED_PENDING_CODEX_CHECK
5D52E4F8,99,243,243;244;245;243;244;245;243;244;245,9,,page4:tag17:entity201:key000000E3:ref243:ord0;page4:tag17:entity200:key000000E2:ref244:ord0;page4:tag17:entity199:key000000E1:ref245:ord0;page16:tag15:entity201:key000000E3:ref243:ord0;page16:tag15:entity200:key000000E2:ref244:ord0;page16:tag15:entity199:key000000E1:ref245:ord0;page22:tag12:entity201:key000000E3:ref243:ord0;page22:tag12:entity200:key000000E2:ref244:ord0;page22:tag12:entity199:key000000E1:ref245:ord0,"携行型対戦車ミサイル。
ロックオンしたターゲットを自動的に追尾する。
弾頭の威力も大きく、対地戦闘ではきわめて
有用な兵器。","携行型無反動砲。フルトン砲弾使用。
ヒットしたターゲットをフルトン回収できる。
（※1回のミッションで回収出来るのは
最大100人まで）","携行型無反動砲。榴弾使用。
砲弾の初速が速く命中精度が高い。
榴弾を使用。加害範囲が広がったが、
威力はやや弱化。",,"便携式无后坐力炮。使用富尔顿炮弹。
命中目标后可进行富尔顿回收。
（※每次任务最多可回收
100人）",,MATCH,190,138,APPROVED,READY,NOT_TESTED,JPN_PRIMARY; MLG_CN_CONTEXT_AUXILIARY,mechanical template; resource_class=SLOT_OLANG; source_objects=9; review_flag=WEB_TRANSLATED_PENDING_CODEX_CHECK
5D52E4F8,100,246,246;247;248;246;247;248;246;247;248,9,,page4:tag17:entity198:key000000E0:ref246:ord0;page4:tag17:entity197:key000000DF:ref247:ord0;page4:tag17:entity196:key000000DE:ref248:ord0;page16:tag15:entity198:key000000E0:ref246:ord0;page16:tag15:entity197:key000000DF:ref247:ord0;page16:tag15:entity196:key000000DE:ref248:ord0;page22:tag12:entity198:key000000E0:ref246:ord0;page22:tag12:entity197:key000000DF:ref247:ord0;page22:tag12:entity196:key000000DE:ref248:ord0,"携行型無反動砲。フルトン砲弾使用。
ヒットしたターゲットをフルトン回収できる。
（※1回のミッションで回収出来るのは
最大100人まで）","携行型無反動砲。榴弾使用。
砲弾の初速が速く命中精度が高い。
榴弾を使用。加害範囲が広がったが、
威力はやや弱化。","携行型無反動砲。
砲弾の初速が速く命中精度が高いが、
構造上リロードにはやや時間がかかる。",,"便携式无后坐力炮。使用榴弹。
炮弹初速快，命中精度高。
使用榴弹后杀伤范围扩大，
但威力略有降低。",,MATCH,165,141,APPROVED,READY,NOT_TESTED,JPN_PRIMARY; MLG_CN_CONTEXT_AUXILIARY,mechanical template; resource_class=SLOT_OLANG; source_objects=9; review_flag=WEB_TRANSLATED_PENDING_CODEX_CHECK
5D52E4F8,101,249,249;250;252;253;249;250;252;253;249;250;252;253,12,,page4:tag17:entity195:key000000DD:ref249:ord0;page4:tag17:entity194:key000000DC:ref250:ord0;page4:tag17:entity193:key000000DB:ref252:ord0;page4:tag17:entity192:key000000DA:ref253:ord0;page16:tag15:entity195:key000000DD:ref249:ord0;page16:tag15:entity194:key000000DC:ref250:ord0;page16:tag15:entity193:key000000DB:ref252:ord0;page16:tag15:entity192:key000000DA:ref253:ord0;page22:tag12:entity195:key000000DD:ref249:ord0;page22:tag12:entity194:key000000DC:ref250:ord0;page22:tag12:entity193:key000000DB:ref252:ord0;page22:tag12:entity192:key000000DA:ref253:ord0,"携行型無反動砲。榴弾使用。
砲弾の初速が速く命中精度が高い。
榴弾を使用。加害範囲が広がったが、
威力はやや弱化。","携行型無反動砲。
砲弾の初速が速く命中精度が高いが、
構造上リロードにはやや時間がかかる。","中口径戦闘ピストル。
コンパクトで携行しやすいため、
潜入行動の妨げになりにくい。
使用回数無制限のサプレッサーを内蔵。",,"便携式无后坐力炮。
炮弹初速快，命中精度高，
但受结构限制，装填需要一些时间。",,MATCH,131,113,APPROVED,READY,NOT_TESTED,JPN_PRIMARY; MLG_CN_CONTEXT_AUXILIARY,mechanical template; resource_class=SLOT_OLANG; source_objects=12; review_flag=WEB_TRANSLATED_PENDING_CODEX_CHECK
5D52E4F8,102,251,251;262;251;262;251;262,6,,page4:tag17:entity21:key00000016:ref251:ord0;page4:tag17:entity20:key00000015:ref262:ord0;page16:tag15:entity21:key00000016:ref251:ord0;page16:tag15:entity20:key00000015:ref262:ord0;page22:tag12:entity21:key00000016:ref251:ord0;page22:tag12:entity20:key00000015:ref262:ord0,"携行型無反動砲。
砲弾の初速が速く命中精度が高いが、
構造上リロードにはやや時間がかかる。","中口径戦闘ピストル。
コンパクトで携行しやすいため、
潜入行動の妨げになりにくい。
使用回数無制限のサプレッサーを内蔵。","携行型無反動砲。
砲弾の初速が速く命中精度が高いが、
構造上リロードにはやや時間がかかる。",,"中口径战斗手枪。
紧凑便携，不易妨碍
潜入行动。
内置可无限次使用的消音器。",,MATCH,174,108,APPROVED,READY,NOT_TESTED,JPN_PRIMARY; MLG_CN_CONTEXT_AUXILIARY,mechanical template; resource_class=SLOT_OLANG; source_objects=6; review_flag=WEB_TRANSLATED_PENDING_CODEX_CHECK
5D52E4F8,103,254,254;255;254;255;254;255,6,,page4:tag17:entity191:key000000D9:ref254:ord0;page4:tag17:entity190:key000000D8:ref255:ord0;page16:tag15:entity191:key000000D9:ref254:ord0;page16:tag15:entity190:key000000D8:ref255:ord0;page22:tag12:entity191:key000000D9:ref254:ord0;page22:tag12:entity190:key000000D8:ref255:ord0,"携行型無反動砲。
砲弾の初速が速く命中精度が高いが、
構造上リロードにはやや時間がかかる。","新型の携行型地対空ミサイル。
ロックオンしたターゲットを自動的に追尾する
ため、動き回る敵を効果的に攻撃できる。
改良によりロックオン性能が向上する。","携行型地対空ミサイル。
ロックオンしたターゲットを自動的に追尾する
ため、動き回る敵を効果的に攻撃できる。
改良によりロックオン性能が向上する。",,"新型便携式地对空导弹。
会自动追踪锁定目标，
因此能有效攻击移动中的敌人。
改良后锁定性能会提升。",,MATCH,219,141,APPROVED,READY,NOT_TESTED,JPN_PRIMARY; MLG_CN_CONTEXT_AUXILIARY,mechanical template; resource_class=SLOT_OLANG; source_objects=6; review_flag=WEB_TRANSLATED_PENDING_CODEX_CHECK
5D52E4F8,104,256,256;256;256,3,,page4:tag17:entity189:key000000D7:ref256:ord0;page16:tag15:entity189:key000000D7:ref256:ord0;page22:tag12:entity189:key000000D7:ref256:ord0,"新型の携行型地対空ミサイル。
ロックオンしたターゲットを自動的に追尾する
ため、動き回る敵を効果的に攻撃できる。
改良によりロックオン性能が向上する。","携行型地対空ミサイル。
ロックオンしたターゲットを自動的に追尾する
ため、動き回る敵を効果的に攻撃できる。
改良によりロックオン性能が向上する。","新型のロケット推進式グレネードランチャー。
威力、携行弾数が高い。命中精度は高くないが、
スコープ装備により照準は容易になった。",,"便携式地对空导弹。
会自动追踪锁定目标，
因此能有效攻击移动中的敌人。
改良后锁定性能会提升。",,MATCH,210,135,APPROVED,READY,NOT_TESTED,JPN_PRIMARY; MLG_CN_CONTEXT_AUXILIARY,mechanical template; resource_class=SLOT_OLANG; source_objects=3; review_flag=WEB_TRANSLATED_PENDING_CODEX_CHECK
5D52E4F8,105,257,257;258;259;257;258;259;257;258;259,9,,page4:tag17:entity188:key000000D6:ref257:ord0;page4:tag17:entity187:key000000D5:ref258:ord0;page4:tag17:entity186:key000000D4:ref259:ord0;page16:tag15:entity188:key000000D6:ref257:ord0;page16:tag15:entity187:key000000D5:ref258:ord0;page16:tag15:entity186:key000000D4:ref259:ord0;page22:tag12:entity188:key000000D6:ref257:ord0;page22:tag12:entity187:key000000D5:ref258:ord0;page22:tag12:entity186:key000000D4:ref259:ord0,"携行型地対空ミサイル。
ロックオンしたターゲットを自動的に追尾する
ため、動き回る敵を効果的に攻撃できる。
改良によりロックオン性能が向上する。","新型のロケット推進式グレネードランチャー。
威力、携行弾数が高い。命中精度は高くないが、
スコープ装備により照準は容易になった。","ロケット射出式グレネードランチャー。
命中精度はあまり良くないが、威力は大きく、
携行弾数も比較的大きい。",,"新型火箭推进式榴弹发射器。
威力大，可携带弹药数也多。命中精度不高，
但配备瞄准镜后更容易瞄准。",,MATCH,188,140,APPROVED,READY,NOT_TESTED,JPN_PRIMARY; MLG_CN_CONTEXT_AUXILIARY,mechanical template; resource_class=SLOT_OLANG; source_objects=9; review_flag=WEB_TRANSLATED_PENDING_CODEX_CHECK
5D52E4F8,106,260,260;260;260,3,,page4:tag17:entity185:key000000D3:ref260:ord0;page16:tag15:entity185:key000000D3:ref260:ord0;page22:tag12:entity185:key000000D3:ref260:ord0,"新型のロケット推進式グレネードランチャー。
威力、携行弾数が高い。命中精度は高くないが、
スコープ装備により照準は容易になった。","ロケット射出式グレネードランチャー。
命中精度はあまり良くないが、威力は大きく、
携行弾数も比較的大きい。","4連装ロケットランチャー。
一発の威力はやや低いが、連射が可能。
総合的には高い瞬間火力をもつ。",,"火箭发射式榴弹发射器。
命中精度不算好，但威力大，
可携带弹药数也相对较多。",,MATCH,155,110,APPROVED,READY,NOT_TESTED,JPN_PRIMARY; MLG_CN_CONTEXT_AUXILIARY,mechanical template; resource_class=SLOT_OLANG; source_objects=3; review_flag=WEB_TRANSLATED_PENDING_CODEX_CHECK
5D52E4F8,107,261,261;263;264;261;263;264;261;263;264,9,,page4:tag17:entity184:key000000D2:ref261:ord0;page4:tag17:entity183:key000000D1:ref263:ord0;page4:tag17:entity182:key000000D0:ref264:ord0;page16:tag15:entity184:key000000D2:ref261:ord0;page16:tag15:entity183:key000000D1:ref263:ord0;page16:tag15:entity182:key000000D0:ref264:ord0;page22:tag12:entity184:key000000D2:ref261:ord0;page22:tag12:entity183:key000000D1:ref263:ord0;page22:tag12:entity182:key000000D0:ref264:ord0,"ロケット射出式グレネードランチャー。
命中精度はあまり良くないが、威力は大きく、
携行弾数も比較的大きい。","4連装ロケットランチャー。
一発の威力はやや低いが、連射が可能。
総合的には高い瞬間火力をもつ。","中口径戦闘ピストル。
コンパクトで携行しやすいため、
潜入行動の妨げになりにくい。
使用回数無制限のサプレッサーを内蔵。",,"四联装火箭发射器。
单发威力略低，但可以连射。
综合来看拥有很高的瞬间火力。",,MATCH,138,110,APPROVED,READY,NOT_TESTED,JPN_PRIMARY; MLG_CN_CONTEXT_AUXILIARY,mechanical template; resource_class=SLOT_OLANG; source_objects=9; review_flag=WEB_TRANSLATED_PENDING_CODEX_CHECK
5D52E4F8,108,265,265;266;267;268;265;266;267;268;265;266;267;268,12,,page4:tag17:entity181:key000000CF:ref265:ord0;page4:tag17:entity180:key000000CE:ref266:ord0;page4:tag17:entity179:key000000CD:ref267:ord0;page4:tag17:entity178:key000000CC:ref268:ord0;page16:tag15:entity181:key000000CF:ref265:ord0;page16:tag15:entity180:key000000CE:ref266:ord0;page16:tag15:entity179:key000000CD:ref267:ord0;page16:tag15:entity178:key000000CC:ref268:ord0;page22:tag12:entity181:key000000CF:ref265:ord0;page22:tag12:entity180:key000000CE:ref266:ord0;page22:tag12:entity179:key000000CD:ref267:ord0;page22:tag12:entity178:key000000CC:ref268:ord0,"4連装ロケットランチャー。
一発の威力はやや低いが、連射が可能。
総合的には高い瞬間火力をもつ。","使い捨て軽量ロケットランチャー。
小型軽量のため、多数を携行可能。
一方で威力はやや低め。","ソ連製大口径自動スナイパーライフル。
徹甲弾使用。
構えボタンで主観照準、攻撃ボタンで発砲。
主観倍率の変更可能。",,"一次性轻量火箭发射器。
体积小、重量轻，可携带多个。
但威力略低。",,MATCH,131,95,APPROVED,READY,NOT_TESTED,JPN_PRIMARY; MLG_CN_CONTEXT_AUXILIARY,mechanical template; resource_class=SLOT_OLANG; source_objects=12; review_flag=WEB_TRANSLATED_PENDING_CODEX_CHECK
5D52E4F8,109,269,269;269;269,3,,page4:tag17:entity177:key000000CB:ref269:ord0;page16:tag15:entity177:key000000CB:ref269:ord0;page22:tag12:entity177:key000000CB:ref269:ord0,"使い捨て軽量ロケットランチャー。
小型軽量のため、多数を携行可能。
一方で威力はやや低め。","ソ連製大口径自動スナイパーライフル。
徹甲弾使用。
構えボタンで主観照準、攻撃ボタンで発砲。
主観倍率の変更可能。","高精度ボルトアクションスナイパーライフル。
構えボタンで主観照準、攻撃ボタンで発砲。
主観倍率の変更可能。",,"苏制大口径自动狙击步枪。
使用穿甲弹。
按瞄准键进入主观瞄准，按攻击键开火。
主观倍率可调。",,MATCH,165,132,APPROVED,READY,NOT_TESTED,JPN_PRIMARY; MLG_CN_CONTEXT_AUXILIARY,mechanical template; resource_class=SLOT_OLANG; source_objects=3; review_flag=WEB_TRANSLATED_PENDING_CODEX_CHECK
5D52E4F8,110,270,270;270;270,3,,page4:tag17:entity176:key000000CA:ref270:ord0;page16:tag15:entity176:key000000CA:ref270:ord0;page22:tag12:entity176:key000000CA:ref270:ord0,"ソ連製大口径自動スナイパーライフル。
徹甲弾使用。
構えボタンで主観照準、攻撃ボタンで発砲。
主観倍率の変更可能。","高精度ボルトアクションスナイパーライフル。
構えボタンで主観照準、攻撃ボタンで発砲。
主観倍率の変更可能。","中口径戦闘ピストル。
コンパクトで携行しやすいため、
潜入行動の妨げになりにくい。",,"高精度栓动狙击步枪。
按瞄准键进入主观瞄准，按攻击键开火。
主观倍率可调。",,MATCH,155,107,APPROVED,READY,NOT_TESTED,JPN_PRIMARY; MLG_CN_CONTEXT_AUXILIARY,mechanical template; resource_class=SLOT_OLANG; source_objects=3; review_flag=WEB_TRANSLATED_PENDING_CODEX_CHECK
5D52E4F8,111,271,271;271;271,3,,page4:tag17:entity19:key00000014:ref271:ord0;page16:tag15:entity19:key00000014:ref271:ord0;page22:tag12:entity19:key00000014:ref271:ord0,"高精度ボルトアクションスナイパーライフル。
構えボタンで主観照準、攻撃ボタンで発砲。
主観倍率の変更可能。","中口径戦闘ピストル。
コンパクトで携行しやすいため、
潜入行動の妨げになりにくい。","非殺傷の麻酔ピストル。敵兵を眠らせる。
麻酔は効くまで多少時間がかかる。
サプレッサーを装備しているが耐久度は低く、
比較的早く使用不能になる。",,"中口径战斗手枪。
紧凑便携，
不易妨碍潜入行动。",,MATCH,119,68,APPROVED,READY,NOT_TESTED,JPN_PRIMARY; MLG_CN_CONTEXT_AUXILIARY,mechanical template; resource_class=SLOT_OLANG; source_objects=3; review_flag=WEB_TRANSLATED_PENDING_CODEX_CHECK
5D52E4F8,112,272,272;272;272,3,,page4:tag17:entity1:key00000002:ref272:ord0;page16:tag15:entity1:key00000002:ref272:ord0;page22:tag12:entity1:key00000002:ref272:ord0,"中口径戦闘ピストル。
コンパクトで携行しやすいため、
潜入行動の妨げになりにくい。","非殺傷の麻酔ピストル。敵兵を眠らせる。
麻酔は効くまで多少時間がかかる。
サプレッサーを装備しているが耐久度は低く、
比較的早く使用不能になる。","大口径戦闘ピストル。
M1911A1の性能向上カスタムモデル。
敵の急所をヒットし、大ダメージを
与える確率が増大。サプレッサー装備。",,"非致命麻醉手枪。可使敌兵睡着。
麻醉效果需要一段时间才会生效。
配备消音器，但耐久度低，
较快就会无法使用。",,MATCH,210,156,APPROVED,READY,NOT_TESTED,JPN_PRIMARY; MLG_CN_CONTEXT_AUXILIARY,mechanical template; resource_class=SLOT_OLANG; source_objects=3; review_flag=WEB_TRANSLATED_PENDING_CODEX_CHECK
5D52E4F8,113,273,273;284;273;284;273;284,6,,page4:tag17:entity18:key00000013:ref273:ord0;page4:tag17:entity17:key00000012:ref284:ord0;page16:tag15:entity18:key00000013:ref273:ord0;page16:tag15:entity17:key00000012:ref284:ord0;page22:tag12:entity18:key00000013:ref273:ord0;page22:tag12:entity17:key00000012:ref284:ord0,"非殺傷の麻酔ピストル。敵兵を眠らせる。
麻酔は効くまで多少時間がかかる。
サプレッサーを装備しているが耐久度は低く、
比較的早く使用不能になる。","大口径戦闘ピストル。
M1911A1の性能向上カスタムモデル。
敵の急所をヒットし、大ダメージを
与える確率が増大。サプレッサー装備。","『レールガン。』用遠隔給電機。
ロックオンした味方の『レールガン。』に
給電する。<I=ATK>の連打で給電量が増加。",,"大口径战斗手枪。
M1911A1的性能强化定制型号。
命中敌人要害时，造成巨大伤害的
概率提高。配备消音器。",,MATCH,181,142,APPROVED,READY,NOT_TESTED,JPN_PRIMARY; MLG_CN_CONTEXT_AUXILIARY,mechanical template; resource_class=SLOT_OLANG; source_objects=6; review_flag=WEB_TRANSLATED_PENDING_CODEX_CHECK
5D52E4F8,114,274,274;274;274,3,,page4:tag17:entity175:key000000BD:ref274:ord0;page16:tag15:entity175:key000000BD:ref274:ord0;page22:tag12:entity175:key000000BD:ref274:ord0,"大口径戦闘ピストル。
M1911A1の性能向上カスタムモデル。
敵の急所をヒットし、大ダメージを
与える確率が増大。サプレッサー装備。","『レールガン。』用遠隔給電機。
ロックオンした味方の『レールガン。』に
給電する。<I=ATK>の連打で給電量が増加。","電磁加速投射システム。
極めて高い威力を持つ反面、消費電力も
莫大なため、CO-OP仲間からの給電支援を
得られることが望ましい。",<I=ATK>,"『轨道炮。』用远程供电器。
锁定友军的『轨道炮。』后
为其供电。连打<I=ATK>可增加供电量。",<I=ATK>,MATCH,159,126,APPROVED,READY,NOT_TESTED,JPN_PRIMARY; MLG_CN_CONTEXT_AUXILIARY,mechanical template; resource_class=SLOT_OLANG; source_objects=3; review_flag=WEB_TRANSLATED_PENDING_CODEX_CHECK
5D52E4F8,115,275,275;276;277;275;276;277;275;276;277,9,,page4:tag17:entity174:key000000BC:ref275:ord0;page4:tag17:entity173:key000000BB:ref276:ord0;page4:tag17:entity172:key000000BA:ref277:ord0;page16:tag15:entity174:key000000BC:ref275:ord0;page16:tag15:entity173:key000000BB:ref276:ord0;page16:tag15:entity172:key000000BA:ref277:ord0;page22:tag12:entity174:key000000BC:ref275:ord0;page22:tag12:entity173:key000000BB:ref276:ord0;page22:tag12:entity172:key000000BA:ref277:ord0,"『レールガン。』用遠隔給電機。
ロックオンした味方の『レールガン。』に
給電する。<I=ATK>の連打で給電量が増加。","電磁加速投射システム。
極めて高い威力を持つ反面、消費電力も
莫大なため、CO-OP仲間からの給電支援を
得られることが望ましい。","大口径対戦車ライフル。連射可能。
大貫徹力の対戦車弾を集中的に撃ち込める。
主観倍率は３段階で変更可能。",,"电磁加速投射系统。
威力极高，但耗电量也
十分巨大，因此最好能得到CO-OP伙伴的
供电支援。",,MATCH,179,125,APPROVED,READY,NOT_TESTED,JPN_PRIMARY; MLG_CN_CONTEXT_AUXILIARY,mechanical template; resource_class=SLOT_OLANG; source_objects=9; review_flag=WEB_TRANSLATED_PENDING_CODEX_CHECK
5D52E4F8,116,278,278;278;278,3,,page4:tag17:entity171:key000000B9:ref278:ord0;page16:tag15:entity171:key000000B9:ref278:ord0;page22:tag12:entity171:key000000B9:ref278:ord0,"電磁加速投射システム。
極めて高い威力を持つ反面、消費電力も
莫大なため、CO-OP仲間からの給電支援を
得られることが望ましい。","大口径対戦車ライフル。連射可能。
大貫徹力の対戦車弾を集中的に撃ち込める。
主観倍率は３段階で変更可能。","大口径対戦車ライフル。単発式。
主観倍率は３段階で変更可能。
分厚い金属板もやすやす貫く大威力弾を放つ。",,"大口径反坦克步枪。可连射。
可集中射出高穿透力的反坦克弹。
主观倍率可在3档之间切换。",,MATCH,152,123,APPROVED,READY,NOT_TESTED,JPN_PRIMARY; MLG_CN_CONTEXT_AUXILIARY,mechanical template; resource_class=SLOT_OLANG; source_objects=3; review_flag=WEB_TRANSLATED_PENDING_CODEX_CHECK
5D52E4F8,117,279,279;280;279;280;279;280,6,,page4:tag17:entity170:key000000B8:ref279:ord0;page4:tag17:entity169:key000000B7:ref280:ord0;page16:tag15:entity170:key000000B8:ref279:ord0;page16:tag15:entity169:key000000B7:ref280:ord0;page22:tag12:entity170:key000000B8:ref279:ord0;page22:tag12:entity169:key000000B7:ref280:ord0,"大口径対戦車ライフル。連射可能。
大貫徹力の対戦車弾を集中的に撃ち込める。
主観倍率は３段階で変更可能。","大口径対戦車ライフル。単発式。
主観倍率は３段階で変更可能。
分厚い金属板もやすやす貫く大威力弾を放つ。","試作ブルパップ式自動スナイパーライフル。
徹甲弾使用。取り回しは悪いが、
命中精度はきわめて高い。
主観倍率は３段階で変更可能。",,"大口径反坦克步枪。单发式。
主观倍率可在3档之间切换。
发射的高威力弹甚至能轻易贯穿厚重金属板。",,MATCH,152,138,APPROVED,READY,NOT_TESTED,JPN_PRIMARY; MLG_CN_CONTEXT_AUXILIARY,mechanical template; resource_class=SLOT_OLANG; source_objects=6; review_flag=WEB_TRANSLATED_PENDING_CODEX_CHECK
5D52E4F8,118,281,281;282;281;282;281;282,6,,page4:tag17:entity168:key000000B6:ref281:ord0;page4:tag17:entity167:key000000B5:ref282:ord0;page16:tag15:entity168:key000000B6:ref281:ord0;page16:tag15:entity167:key000000B5:ref282:ord0;page22:tag12:entity168:key000000B6:ref281:ord0;page22:tag12:entity167:key000000B5:ref282:ord0,"大口径対戦車ライフル。単発式。
主観倍率は３段階で変更可能。
分厚い金属板もやすやす貫く大威力弾を放つ。","試作ブルパップ式自動スナイパーライフル。
徹甲弾使用。取り回しは悪いが、
命中精度はきわめて高い。
主観倍率は３段階で変更可能。","試作ブルパップ式自動スナイパーライフル。
装甲貫通力に優れる徹甲弾使用。取り回しは
悪いが、命中精度は非常に高い。",,"试制无托式自动狙击步枪。
使用穿甲弹。操控性较差，
但命中精度极高。
主观倍率可在3档之间切换。",,MATCH,186,136,APPROVED,READY,NOT_TESTED,JPN_PRIMARY; MLG_CN_CONTEXT_AUXILIARY,mechanical template; resource_class=SLOT_OLANG; source_objects=6; review_flag=WEB_TRANSLATED_PENDING_CODEX_CHECK
5D52E4F8,119,283,283;283;283,3,,page4:tag17:entity166:key000000B4:ref283:ord0;page16:tag15:entity166:key000000B4:ref283:ord0;page22:tag12:entity166:key000000B4:ref283:ord0,"試作ブルパップ式自動スナイパーライフル。
徹甲弾使用。取り回しは悪いが、
命中精度はきわめて高い。
主観倍率は３段階で変更可能。","試作ブルパップ式自動スナイパーライフル。
装甲貫通力に優れる徹甲弾使用。取り回しは
悪いが、命中精度は非常に高い。","大口径戦闘ピストル。
M1911A1の性能向上カスタムモデル。
敵の急所をヒットし、大ダメージを
与える確率が増大。サプレッサー装備。",,"试制无托式自动狙击步枪。
使用装甲穿透力出色的穿甲弹。操控性
较差，但命中精度非常高。",,MATCH,167,125,APPROVED,READY,NOT_TESTED,JPN_PRIMARY; MLG_CN_CONTEXT_AUXILIARY,mechanical template; resource_class=SLOT_OLANG; source_objects=3; review_flag=WEB_TRANSLATED_PENDING_CODEX_CHECK
5D52E4F8,120,285,285;285;285,3,,page4:tag17:entity165:key000000B3:ref285:ord0;page16:tag15:entity165:key000000B3:ref285:ord0;page22:tag12:entity165:key000000B3:ref285:ord0,"大口径戦闘ピストル。
M1911A1の性能向上カスタムモデル。
敵の急所をヒットし、大ダメージを
与える確率が増大。サプレッサー装備。","ソ連製大口径自動スナイパーライフル。
徹甲弾使用で、取り回しも比較的良好。
暗視サイトを装備し、夜間や暗所での
戦闘能力が大きく向上。","ソ連製大口径自動スナイパーライフル。
徹甲弾使用で、取り回しも比較的良好。
弾倉容量増加モデル。",,"苏制大口径自动狙击步枪。
使用穿甲弹，操控性也相对良好。
配备夜视瞄具，大幅提升夜间和暗处的
战斗能力。",,MATCH,195,150,APPROVED,READY,NOT_TESTED,JPN_PRIMARY; MLG_CN_CONTEXT_AUXILIARY,mechanical template; resource_class=SLOT_OLANG; source_objects=3; review_flag=WEB_TRANSLATED_PENDING_CODEX_CHECK
5D52E4F8,121,286,286;286;286,3,,page4:tag17:entity164:key000000B2:ref286:ord0;page16:tag15:entity164:key000000B2:ref286:ord0;page22:tag12:entity164:key000000B2:ref286:ord0,"ソ連製大口径自動スナイパーライフル。
徹甲弾使用で、取り回しも比較的良好。
暗視サイトを装備し、夜間や暗所での
戦闘能力が大きく向上。","ソ連製大口径自動スナイパーライフル。
徹甲弾使用で、取り回しも比較的良好。
弾倉容量増加モデル。","ソ連製大口径自動スナイパーライフル。
徹甲弾使用で装甲車輌とも効果的に
戦える。取り回しも比較的良好。",,"苏制大口径自动狙击步枪。
使用穿甲弹，操控性也相对良好。
弹匣增容型号。",,MATCH,140,104,APPROVED,READY,NOT_TESTED,JPN_PRIMARY; MLG_CN_CONTEXT_AUXILIARY,mechanical template; resource_class=SLOT_OLANG; source_objects=3; review_flag=WEB_TRANSLATED_PENDING_CODEX_CHECK
5D52E4F8,122,287,287;287;287,3,,page4:tag17:entity163:key000000B1:ref287:ord0;page16:tag15:entity163:key000000B1:ref287:ord0;page22:tag12:entity163:key000000B1:ref287:ord0,"ソ連製大口径自動スナイパーライフル。
徹甲弾使用で、取り回しも比較的良好。
弾倉容量増加モデル。","ソ連製大口径自動スナイパーライフル。
徹甲弾使用で装甲車輌とも効果的に
戦える。取り回しも比較的良好。","ソ連製大口径自動スナイパーライフル。
徹甲弾使用で、ヘルメットを貫徹可。
主観倍率は３段階で変更可能。",,"苏制大口径自动狙击步枪。
使用穿甲弹，可有效对付装甲车辆。
操控性也相对良好。",,MATCH,149,113,APPROVED,READY,NOT_TESTED,JPN_PRIMARY; MLG_CN_CONTEXT_AUXILIARY,mechanical template; resource_class=SLOT_OLANG; source_objects=3; review_flag=WEB_TRANSLATED_PENDING_CODEX_CHECK
5D52E4F8,123,288,288;288;288,3,,page4:tag17:entity162:key000000B0:ref288:ord0;page16:tag15:entity162:key000000B0:ref288:ord0;page22:tag12:entity162:key000000B0:ref288:ord0,"ソ連製大口径自動スナイパーライフル。
徹甲弾使用で装甲車輌とも効果的に
戦える。取り回しも比較的良好。","ソ連製大口径自動スナイパーライフル。
徹甲弾使用で、ヘルメットを貫徹可。
主観倍率は３段階で変更可能。","麻酔スナイパーライフル。
サプレッサー装備で遠距離狙撃が
更に有利となった。",,"苏制大口径自动狙击步枪。
使用穿甲弹，可贯穿头盔。
主观倍率可在3档之间切换。",,MATCH,149,111,APPROVED,READY,NOT_TESTED,JPN_PRIMARY; MLG_CN_CONTEXT_AUXILIARY,mechanical template; resource_class=SLOT_OLANG; source_objects=3; review_flag=WEB_TRANSLATED_PENDING_CODEX_CHECK
5D52E4F8,124,289,289;289;289,3,,page4:tag17:entity161:key000000AF:ref289:ord0;page16:tag15:entity161:key000000AF:ref289:ord0;page22:tag12:entity161:key000000AF:ref289:ord0,"ソ連製大口径自動スナイパーライフル。
徹甲弾使用で、ヘルメットを貫徹可。
主観倍率は３段階で変更可能。","麻酔スナイパーライフル。
サプレッサー装備で遠距離狙撃が
更に有利となった。","麻酔スナイパーライフル。
スケルトンストック装備で軽量化された。",,"麻醉狙击步枪。
配备消音器，在远距离狙击时
更具优势。",,MATCH,110,77,APPROVED,READY,NOT_TESTED,JPN_PRIMARY; MLG_CN_CONTEXT_AUXILIARY,mechanical template; resource_class=SLOT_OLANG; source_objects=3; review_flag=WEB_TRANSLATED_PENDING_CODEX_CHECK
5D52E4F8,125,290,290;291;290;291;290;291,6,,page4:tag17:entity160:key000000AE:ref290:ord0;page4:tag17:entity159:key000000AD:ref291:ord0;page16:tag15:entity160:key000000AE:ref290:ord0;page16:tag15:entity159:key000000AD:ref291:ord0;page22:tag12:entity160:key000000AE:ref290:ord0;page22:tag12:entity159:key000000AD:ref291:ord0,"麻酔スナイパーライフル。
サプレッサー装備で遠距離狙撃が
更に有利となった。","麻酔スナイパーライフル。
スケルトンストック装備で軽量化された。","麻酔スナイパーライフル。
遠距離から敵兵を眠らせることが出来るが、
ボルトアクションのため連射は出来ない。
主観倍率は３段階で変更可能。",,"麻醉狙击步枪。
配备骨架式枪托，减轻了重量。",,MATCH,94,64,APPROVED,READY,NOT_TESTED,JPN_PRIMARY; MLG_CN_CONTEXT_AUXILIARY,mechanical template; resource_class=SLOT_OLANG; source_objects=6; review_flag=WEB_TRANSLATED_PENDING_CODEX_CHECK
5D52E4F8,126,292,292;292;292,3,,page4:tag17:entity158:key000000AC:ref292:ord0;page16:tag15:entity158:key000000AC:ref292:ord0;page22:tag12:entity158:key000000AC:ref292:ord0,"麻酔スナイパーライフル。
スケルトンストック装備で軽量化された。","麻酔スナイパーライフル。
遠距離から敵兵を眠らせることが出来るが、
ボルトアクションのため連射は出来ない。
主観倍率は３段階で変更可能。","麻酔スナイパーライフル。
遠距離から敵兵を眠らせることが出来るが、
ボルトアクションのため連射は出来ない。
主観倍率変更可能。",,"麻醉狙击步枪。
可从远距离让敌兵睡着，
但由于采用栓动式设计，无法连射。
主观倍率可在3档之间切换。",,MATCH,198,142,APPROVED,READY,NOT_TESTED,JPN_PRIMARY; MLG_CN_CONTEXT_AUXILIARY,mechanical template; resource_class=SLOT_OLANG; source_objects=3; review_flag=WEB_TRANSLATED_PENDING_CODEX_CHECK
5D52E4F8,127,293,293;293;293,3,,page4:tag17:entity157:key000000AB:ref293:ord0;page16:tag15:entity157:key000000AB:ref293:ord0;page22:tag12:entity157:key000000AB:ref293:ord0,"麻酔スナイパーライフル。
遠距離から敵兵を眠らせることが出来るが、
ボルトアクションのため連射は出来ない。
主観倍率は３段階で変更可能。","麻酔スナイパーライフル。
遠距離から敵兵を眠らせることが出来るが、
ボルトアクションのため連射は出来ない。
主観倍率変更可能。","高精度ボルトアクションスナイパーライフル。
LIFE回復弾使用モデル。
主観倍率は３段階で変更可能。",,"麻醉狙击步枪。
可从远距离让敌兵睡着，
但由于采用栓动式设计，无法连射。
主观倍率可调。",,MATCH,183,126,APPROVED,READY,NOT_TESTED,JPN_PRIMARY; MLG_CN_CONTEXT_AUXILIARY,mechanical template; resource_class=SLOT_OLANG; source_objects=3; review_flag=WEB_TRANSLATED_PENDING_CODEX_CHECK
5D52E4F8,128,294,294;296;294;296;294;296,6,,page4:tag17:entity156:key000000AA:ref294:ord0;page4:tag17:entity155:key000000A9:ref296:ord0;page16:tag15:entity156:key000000AA:ref294:ord0;page16:tag15:entity155:key000000A9:ref296:ord0;page22:tag12:entity156:key000000AA:ref294:ord0;page22:tag12:entity155:key000000A9:ref296:ord0,"麻酔スナイパーライフル。
遠距離から敵兵を眠らせることが出来るが、
ボルトアクションのため連射は出来ない。
主観倍率変更可能。","高精度ボルトアクションスナイパーライフル。
LIFE回復弾使用モデル。
主観倍率は３段階で変更可能。","大口径戦闘ピストル。
M1911A1の性能向上カスタムモデル。
敵の急所をヒットし、大ダメージを
与える確率が増大。",,"高精度栓动狙击步枪。
使用LIFE恢复弹的型号。
主观倍率可在3档之间切换。",,MATCH,138,100,APPROVED,READY,NOT_TESTED,JPN_PRIMARY; MLG_CN_CONTEXT_AUXILIARY,mechanical template; resource_class=SLOT_OLANG; source_objects=6; review_flag=WEB_TRANSLATED_PENDING_CODEX_CHECK
5D52E4F8,129,295,295;295;295,3,,page4:tag17:entity16:key00000011:ref295:ord0;page16:tag15:entity16:key00000011:ref295:ord0;page22:tag12:entity16:key00000011:ref295:ord0,"高精度ボルトアクションスナイパーライフル。
LIFE回復弾使用モデル。
主観倍率は３段階で変更可能。","大口径戦闘ピストル。
M1911A1の性能向上カスタムモデル。
敵の急所をヒットし、大ダメージを
与える確率が増大。","高精度ボルトアクションスナイパーライフル。
LIFE回復弾使用モデル。
主観倍率は３段階で変更可能。",,"大口径战斗手枪。
M1911A1的性能强化定制型号。
命中敌人要害时，造成巨大伤害的
概率提高。",,MATCH,154,124,APPROVED,READY,NOT_TESTED,JPN_PRIMARY; MLG_CN_CONTEXT_AUXILIARY,mechanical template; resource_class=SLOT_OLANG; source_objects=3; review_flag=WEB_TRANSLATED_PENDING_CODEX_CHECK
5D52E4F8,130,297,297;298;297;298;297;298,6,,page4:tag17:entity154:key000000A8:ref297:ord0;page4:tag17:entity153:key000000A7:ref298:ord0;page16:tag15:entity154:key000000A8:ref297:ord0;page16:tag15:entity153:key000000A7:ref298:ord0;page22:tag12:entity154:key000000A8:ref297:ord0;page22:tag12:entity153:key000000A7:ref298:ord0,"高精度ボルトアクションスナイパーライフル。
LIFE回復弾使用モデル。
主観倍率は３段階で変更可能。","高精度ボルトアクションスナイパーライフル。
弾薬は徹甲弾で、非常に威力が大きい。
ブルバレル装備で射撃時の跳ね上がりが
小さくなった。","高精度ボルトアクションスナイパーライフル。
弾薬は徹甲弾で、装甲車に対しても高い
威力を持つ。主観倍率は３段階で変更可能。",,"高精度栓动狙击步枪。
弹药为穿甲弹，威力非常大。
配备重型枪管后，射击时的枪口上跳
有所减小。",,MATCH,195,135,APPROVED,READY,NOT_TESTED,JPN_PRIMARY; MLG_CN_CONTEXT_AUXILIARY,mechanical template; resource_class=SLOT_OLANG; source_objects=6; review_flag=WEB_TRANSLATED_PENDING_CODEX_CHECK
5D52E4F8,131,299,299;299;299,3,,page4:tag17:entity152:key000000A6:ref299:ord0;page16:tag15:entity152:key000000A6:ref299:ord0;page22:tag12:entity152:key000000A6:ref299:ord0,"高精度ボルトアクションスナイパーライフル。
弾薬は徹甲弾で、非常に威力が大きい。
ブルバレル装備で射撃時の跳ね上がりが
小さくなった。","高精度ボルトアクションスナイパーライフル。
弾薬は徹甲弾で、装甲車に対しても高い
威力を持つ。主観倍率は３段階で変更可能。","大口径自動スナイパーライフル。
装弾数が大きく、使用弾は徹甲弾。
連射可能で命中精度も高い。
サプレッサー装備。",,"高精度栓动狙击步枪。
使用穿甲弹，对装甲车辆也具有很高的
威力。主观倍率可在3档之间切换。",,MATCH,179,129,APPROVED,READY,NOT_TESTED,JPN_PRIMARY; MLG_CN_CONTEXT_AUXILIARY,mechanical template; resource_class=SLOT_OLANG; source_objects=3; review_flag=WEB_TRANSLATED_PENDING_CODEX_CHECK
5D52E4F8,132,300,300;300;300,3,,page4:tag17:entity151:key000000A5:ref300:ord0;page16:tag15:entity151:key000000A5:ref300:ord0;page22:tag12:entity151:key000000A5:ref300:ord0,"高精度ボルトアクションスナイパーライフル。
弾薬は徹甲弾で、装甲車に対しても高い
威力を持つ。主観倍率は３段階で変更可能。","大口径自動スナイパーライフル。
装弾数が大きく、使用弾は徹甲弾。
連射可能で命中精度も高い。
サプレッサー装備。","大口径自動スナイパーライフル。
装弾数が大きく、使用弾は徹甲弾。
連射可能で命中精度も高い。
ショートバレルのため取り回しも良好。",,"大口径自动狙击步枪。
装弹数多，使用穿甲弹。
可连射，命中精度也高。
配备消音器。",,MATCH,162,117,APPROVED,READY,NOT_TESTED,JPN_PRIMARY; MLG_CN_CONTEXT_AUXILIARY,mechanical template; resource_class=SLOT_OLANG; source_objects=3; review_flag=WEB_TRANSLATED_PENDING_CODEX_CHECK
5D52E4F8,133,301,301;301;301,3,,page4:tag17:entity150:key000000A4:ref301:ord0;page16:tag15:entity150:key000000A4:ref301:ord0;page22:tag12:entity150:key000000A4:ref301:ord0,"大口径自動スナイパーライフル。
装弾数が大きく、使用弾は徹甲弾。
連射可能で命中精度も高い。
サプレッサー装備。","大口径自動スナイパーライフル。
装弾数が大きく、使用弾は徹甲弾。
連射可能で命中精度も高い。
ショートバレルのため取り回しも良好。","大口径自動スナイパーライフル。
装弾数が大きく、対車輌戦闘に有効な
徹甲弾を使用。連射可能で命中精度も高い。
主観倍率は３段階で変更可能。",,"大口径自动狙击步枪。
装弹数多，使用穿甲弹。
可连射，命中精度也高。
短枪管使操控性也很好。",,MATCH,189,132,APPROVED,READY,NOT_TESTED,JPN_PRIMARY; MLG_CN_CONTEXT_AUXILIARY,mechanical template; resource_class=SLOT_OLANG; source_objects=3; review_flag=WEB_TRANSLATED_PENDING_CODEX_CHECK
5D52E4F8,134,302,302;302;302,3,,page4:tag17:entity149:key000000A3:ref302:ord0;page16:tag15:entity149:key000000A3:ref302:ord0;page22:tag12:entity149:key000000A3:ref302:ord0,"大口径自動スナイパーライフル。
装弾数が大きく、使用弾は徹甲弾。
連射可能で命中精度も高い。
ショートバレルのため取り回しも良好。","大口径自動スナイパーライフル。
装弾数が大きく、対車輌戦闘に有効な
徹甲弾を使用。連射可能で命中精度も高い。
主観倍率は３段階で変更可能。","大口径自動スナイパーライフル。
命中精度はそれほど高くないが連射可能。
気力回復弾を使用。主観倍率は3段階で
変更可能。",,"大口径自动狙击步枪。
装弹数多，使用对车辆战斗有效的
穿甲弹。可连射，命中精度也高。
主观倍率可在3档之间切换。",,MATCH,201,160,APPROVED,READY,NOT_TESTED,JPN_PRIMARY; MLG_CN_CONTEXT_AUXILIARY,mechanical template; resource_class=SLOT_OLANG; source_objects=3; review_flag=WEB_TRANSLATED_PENDING_CODEX_CHECK
5D52E4F8,135,303,303;304;303;304;303;304,6,,page4:tag17:entity148:key000000A2:ref303:ord0;page4:tag17:entity147:key000000A1:ref304:ord0;page16:tag15:entity148:key000000A2:ref303:ord0;page16:tag15:entity147:key000000A1:ref304:ord0;page22:tag12:entity148:key000000A2:ref303:ord0;page22:tag12:entity147:key000000A1:ref304:ord0,"大口径自動スナイパーライフル。
装弾数が大きく、対車輌戦闘に有効な
徹甲弾を使用。連射可能で命中精度も高い。
主観倍率は３段階で変更可能。","大口径自動スナイパーライフル。
命中精度はそれほど高くないが連射可能。
気力回復弾を使用。主観倍率は3段階で
変更可能。","大口径自動スナイパーライフル。
命中精度はそれほど高くないが連射可能。
主観倍率が３段階で変更可能になった。",,"大口径自动狙击步枪。
命中精度不算很高，但可以连射。
使用精神恢复弹。主观倍率可在3档之间
切换。",,MATCH,172,139,APPROVED,READY,NOT_TESTED,JPN_PRIMARY; MLG_CN_CONTEXT_AUXILIARY,mechanical template; resource_class=SLOT_OLANG; source_objects=6; review_flag=WEB_TRANSLATED_PENDING_CODEX_CHECK
5D52E4F8,136,305,305;305;305,3,,page4:tag17:entity146:key000000A0:ref305:ord0;page16:tag15:entity146:key000000A0:ref305:ord0;page22:tag12:entity146:key000000A0:ref305:ord0,"大口径自動スナイパーライフル。
命中精度はそれほど高くないが連射可能。
気力回復弾を使用。主観倍率は3段階で
変更可能。","大口径自動スナイパーライフル。
命中精度はそれほど高くないが連射可能。
主観倍率が３段階で変更可能になった。","大口径戦闘ピストル。
重装備の敵兵でも一時的に行動不能にする
ほどパワーがある。サプレッサー装備。",,"大口径自动狙击步枪。
命中精度不算很高，但可以连射。
主观倍率可在3档之间切换。",,MATCH,158,114,APPROVED,READY,NOT_TESTED,JPN_PRIMARY; MLG_CN_CONTEXT_AUXILIARY,mechanical template; resource_class=SLOT_OLANG; source_objects=3; review_flag=WEB_TRANSLATED_PENDING_CODEX_CHECK
5D52E4F8,137,306,306;306;306,3,,page4:tag17:entity15:key00000010:ref306:ord0;page16:tag15:entity15:key00000010:ref306:ord0;page22:tag12:entity15:key00000010:ref306:ord0,"大口径自動スナイパーライフル。
命中精度はそれほど高くないが連射可能。
主観倍率が３段階で変更可能になった。","大口径戦闘ピストル。
重装備の敵兵でも一時的に行動不能にする
ほどパワーがある。サプレッサー装備。","大口径自動スナイパーライフル。
命中精度はそれほど高くないが連射可能。
迅速にフォローアップショットを撃てる。
主観倍率変更可能。",,"大口径战斗手枪。
威力足以让重装敌兵也暂时
失去行动能力。配备消音器。",,MATCH,143,101,APPROVED,READY,NOT_TESTED,JPN_PRIMARY; MLG_CN_CONTEXT_AUXILIARY,mechanical template; resource_class=SLOT_OLANG; source_objects=3; review_flag=WEB_TRANSLATED_PENDING_CODEX_CHECK
5D52E4F8,138,307,307;307;307,3,,page4:tag17:entity145:key0000009F:ref307:ord0;page16:tag15:entity145:key0000009F:ref307:ord0;page22:tag12:entity145:key0000009F:ref307:ord0,"大口径戦闘ピストル。
重装備の敵兵でも一時的に行動不能にする
ほどパワーがある。サプレッサー装備。","大口径自動スナイパーライフル。
命中精度はそれほど高くないが連射可能。
迅速にフォローアップショットを撃てる。
主観倍率変更可能。","ソ連製汎用機関銃。
構えボタンで構え、攻撃ボタンで発砲。",,"大口径自动狙击步枪。
命中精度不算很高，但可以连射。
能够迅速进行后续射击。
主观倍率可调。",,MATCH,189,132,APPROVED,READY,NOT_TESTED,JPN_PRIMARY; MLG_CN_CONTEXT_AUXILIARY,mechanical template; resource_class=SLOT_OLANG; source_objects=3; review_flag=WEB_TRANSLATED_PENDING_CODEX_CHECK
5D52E4F8,139,312,312;312;312,3,,page4:tag17:entity140:key0000009A:ref312:ord0;page16:tag15:entity140:key0000009A:ref312:ord0;page22:tag12:entity140:key0000009A:ref312:ord0,（不要）,"複数の電磁波を干渉させて、
大エネルギーを一点に集中させる特殊銃。
干渉を発生させるにはCO-OP仲間との
コンビネーションが必要。","ガトリング式機関銃。
機関銃の常識を越えた高発射速度を誇るが、
重量も常識外に重く、取り回しは劣悪。",,"使多重电磁波相互干涉，
将巨大能量集中到一点的特殊枪械。
要产生干涉，需要与CO-OP伙伴
协同配合。",,MATCH,182,137,APPROVED,READY,NOT_TESTED,JPN_PRIMARY; MLG_CN_CONTEXT_AUXILIARY,mechanical template; resource_class=SLOT_OLANG; source_objects=3; review_flag=WEB_TRANSLATED_PENDING_CODEX_CHECK
5D52E4F8,140,313,313;313;313,3,,page4:tag17:entity139:key00000099:ref313:ord0;page16:tag15:entity139:key00000099:ref313:ord0;page22:tag12:entity139:key00000099:ref313:ord0,"複数の電磁波を干渉させて、
大エネルギーを一点に集中させる特殊銃。
干渉を発生させるにはCO-OP仲間との
コンビネーションが必要。","ガトリング式機関銃。
機関銃の常識を越えた高発射速度を誇るが、
重量も常識外に重く、取り回しは劣悪。","大口径汎用機関銃。徹甲弾使用。
非常に高い発射速度で威力も大きいが、
その分反動も強くコントロールが難しい。
弾倉容量増加モデル。",,"加特林式机枪。
拥有超出一般机枪常识的高射速，
但重量也重得离谱，操控性极差。",,MATCH,146,113,APPROVED,READY,NOT_TESTED,JPN_PRIMARY; MLG_CN_CONTEXT_AUXILIARY,mechanical template; resource_class=SLOT_OLANG; source_objects=3; review_flag=WEB_TRANSLATED_PENDING_CODEX_CHECK
5D52E4F8,141,314,314;315;314;315;314;315,6,,page4:tag17:entity138:key00000098:ref314:ord0;page4:tag17:entity137:key00000097:ref315:ord0;page16:tag15:entity138:key00000098:ref314:ord0;page16:tag15:entity137:key00000097:ref315:ord0;page22:tag12:entity138:key00000098:ref314:ord0;page22:tag12:entity137:key00000097:ref315:ord0,"ガトリング式機関銃。
機関銃の常識を越えた高発射速度を誇るが、
重量も常識外に重く、取り回しは劣悪。","大口径汎用機関銃。徹甲弾使用。
非常に高い発射速度で威力も大きいが、
その分反動も強くコントロールが難しい。
弾倉容量増加モデル。","大口径汎用機関銃。
非常に高い発射速度で威力も大きいが、
その分反動も強くコントロールが難しい。
使用する徹甲弾は装甲車にも有効。",,"大口径通用机枪。使用穿甲弹。
射速极高、威力也大，
但后坐力也很强，难以控制。
弹匣增容型号。",,MATCH,189,135,APPROVED,READY,NOT_TESTED,JPN_PRIMARY; MLG_CN_CONTEXT_AUXILIARY,mechanical template; resource_class=SLOT_OLANG; source_objects=6; review_flag=WEB_TRANSLATED_PENDING_CODEX_CHECK
5D52E4F8,142,316,316;316;316,3,,page4:tag17:entity136:key00000096:ref316:ord0;page16:tag15:entity136:key00000096:ref316:ord0;page22:tag12:entity136:key00000096:ref316:ord0,"大口径汎用機関銃。徹甲弾使用。
非常に高い発射速度で威力も大きいが、
その分反動も強くコントロールが難しい。
弾倉容量増加モデル。","大口径汎用機関銃。
非常に高い発射速度で威力も大きいが、
その分反動も強くコントロールが難しい。
使用する徹甲弾は装甲車にも有効。","大口径戦闘ピストル。
重装備の敵兵でも一時的に行動不能にする
ほどパワーがある。",,"大口径通用机枪。
射速极高、威力也大，
但后坐力也很强，难以控制。
使用的穿甲弹对装甲车辆也有效。",,MATCH,189,141,APPROVED,READY,NOT_TESTED,JPN_PRIMARY; MLG_CN_CONTEXT_AUXILIARY,mechanical template; resource_class=SLOT_OLANG; source_objects=3; review_flag=WEB_TRANSLATED_PENDING_CODEX_CHECK
5D52E4F8,143,318,318;318;318,3,,page4:tag17:entity135:key00000095:ref318:ord0;page16:tag15:entity135:key00000095:ref318:ord0;page22:tag12:entity135:key00000095:ref318:ord0,"大口径戦闘ピストル。
重装備の敵兵でも一時的に行動不能にする
ほどパワーがある。","大口径汎用機関銃。
非常に高い発射速度で威力も大きいが、
その分反動も強くコントロールが難しい。","ソ連製汎用機関銃。
装弾数が大きいため高火力を持続できる。
取り回しの悪さもショートバレルへの換装で
改善された。",,"大口径通用机枪。
射速极高、威力也大，
但后坐力也很强，难以控制。",,MATCH,140,95,APPROVED,READY,NOT_TESTED,JPN_PRIMARY; MLG_CN_CONTEXT_AUXILIARY,mechanical template; resource_class=SLOT_OLANG; source_objects=3; review_flag=WEB_TRANSLATED_PENDING_CODEX_CHECK
5D52E4F8,144,319,319;319;319,3,,page4:tag17:entity134:key00000094:ref319:ord0;page16:tag15:entity134:key00000094:ref319:ord0;page22:tag12:entity134:key00000094:ref319:ord0,"大口径汎用機関銃。
非常に高い発射速度で威力も大きいが、
その分反動も強くコントロールが難しい。","ソ連製汎用機関銃。
装弾数が大きいため高火力を持続できる。
取り回しの悪さもショートバレルへの換装で
改善された。","ソ連製汎用機関銃。
装弾数が大きいため高火力を持続できるが、
取り回しは悪い。機関銃中、装弾数は最大。",,"苏制通用机枪。
装弹数多，可持续发挥强大火力。
更换为短枪管后，原本较差的操控性
得到改善。",,MATCH,165,132,APPROVED,READY,NOT_TESTED,JPN_PRIMARY; MLG_CN_CONTEXT_AUXILIARY,mechanical template; resource_class=SLOT_OLANG; source_objects=3; review_flag=WEB_TRANSLATED_PENDING_CODEX_CHECK
5D52E4F8,145,320,320;320;320,3,,page4:tag17:entity133:key00000093:ref320:ord0;page16:tag15:entity133:key00000093:ref320:ord0;page22:tag12:entity133:key00000093:ref320:ord0,"ソ連製汎用機関銃。
装弾数が大きいため高火力を持続できる。
取り回しの悪さもショートバレルへの換装で
改善された。","ソ連製汎用機関銃。
装弾数が大きいため高火力を持続できるが、
取り回しは悪い。機関銃中、装弾数は最大。","ソ連製汎用機関銃。
装弾数が大きいため高火力を持続できるが、
取り回しは悪い。弾倉容量増加モデル。",,"苏制通用机枪。
装弹数多，可持续发挥强大火力，
但操控性较差。在机枪中装弹数最多。",,MATCH,149,119,APPROVED,READY,NOT_TESTED,JPN_PRIMARY; MLG_CN_CONTEXT_AUXILIARY,mechanical template; resource_class=SLOT_OLANG; source_objects=3; review_flag=WEB_TRANSLATED_PENDING_CODEX_CHECK
5D52E4F8,146,321,321;322;321;322;321;322,6,,page4:tag17:entity132:key00000092:ref321:ord0;page4:tag17:entity131:key00000091:ref322:ord0;page16:tag15:entity132:key00000092:ref321:ord0;page16:tag15:entity131:key00000091:ref322:ord0;page22:tag12:entity132:key00000092:ref321:ord0;page22:tag12:entity131:key00000091:ref322:ord0,"ソ連製汎用機関銃。
装弾数が大きいため高火力を持続できるが、
取り回しは悪い。機関銃中、装弾数は最大。","ソ連製汎用機関銃。
装弾数が大きいため高火力を持続できるが、
取り回しは悪い。弾倉容量増加モデル。","ソ連製汎用機関銃。
装弾数が大きいため高火力を持続できるが、
取り回しは悪い。改良により装弾数を増加可能。",,"苏制通用机枪。
装弹数多，可持续发挥强大火力，
但操控性较差。弹匣增容型号。",,MATCH,143,110,APPROVED,READY,NOT_TESTED,JPN_PRIMARY; MLG_CN_CONTEXT_AUXILIARY,mechanical template; resource_class=SLOT_OLANG; source_objects=6; review_flag=WEB_TRANSLATED_PENDING_CODEX_CHECK
5D52E4F8,147,323,323;323;323,3,,page4:tag17:entity130:key00000090:ref323:ord0;page16:tag15:entity130:key00000090:ref323:ord0;page22:tag12:entity130:key00000090:ref323:ord0,"ソ連製汎用機関銃。
装弾数が大きいため高火力を持続できるが、
取り回しは悪い。弾倉容量増加モデル。","ソ連製汎用機関銃。
装弾数が大きいため高火力を持続できるが、
取り回しは悪い。改良により装弾数を増加可能。","軽量軽機関銃。徹甲弾使用。
機関銃の中では最も軽量で、取り回しやすい。
銃身が短くなり、取り回しは更に改善された。",,"苏制通用机枪。
装弹数多，可持续发挥强大火力，
但操控性较差。通过改良可增加装弹数。",,MATCH,155,122,APPROVED,READY,NOT_TESTED,JPN_PRIMARY; MLG_CN_CONTEXT_AUXILIARY,mechanical template; resource_class=SLOT_OLANG; source_objects=3; review_flag=WEB_TRANSLATED_PENDING_CODEX_CHECK
5D52E4F8,148,324,324;325;324;325;324;325,6,,page4:tag17:entity129:key0000008F:ref324:ord0;page4:tag17:entity128:key0000008E:ref325:ord0;page16:tag15:entity129:key0000008F:ref324:ord0;page16:tag15:entity128:key0000008E:ref325:ord0;page22:tag12:entity129:key0000008F:ref324:ord0;page22:tag12:entity128:key0000008E:ref325:ord0,"ソ連製汎用機関銃。
装弾数が大きいため高火力を持続できるが、
取り回しは悪い。改良により装弾数を増加可能。","軽量軽機関銃。徹甲弾使用。
機関銃の中では最も軽量で、取り回しやすい。
銃身が短くなり、取り回しは更に改善された。","軽量軽機関銃。装甲車輌との戦闘に有利な
徹甲弾使用。機関銃の中では最も軽量で、
取り回しやすい。",,"轻量轻机枪。使用穿甲弹。
在机枪中重量最轻，易于操控。
枪管缩短后，操控性进一步改善。",,MATCH,167,125,APPROVED,READY,NOT_TESTED,JPN_PRIMARY; MLG_CN_CONTEXT_AUXILIARY,mechanical template; resource_class=SLOT_OLANG; source_objects=6; review_flag=WEB_TRANSLATED_PENDING_CODEX_CHECK
5D52E4F8,149,326,326;326;326,3,,page4:tag17:entity127:key0000008D:ref326:ord0;page16:tag15:entity127:key0000008D:ref326:ord0;page22:tag12:entity127:key0000008D:ref326:ord0,"軽量軽機関銃。徹甲弾使用。
機関銃の中では最も軽量で、取り回しやすい。
銃身が短くなり、取り回しは更に改善された。","軽量軽機関銃。装甲車輌との戦闘に有利な
徹甲弾使用。機関銃の中では最も軽量で、
取り回しやすい。","大口径汎用機関銃。
大装弾数、徹甲弾使用による高い戦闘力は
そのままに、短くなった銃身のため
取り回しも改善された。",,"轻量轻机枪。使用在对装甲车辆战斗中有利的
穿甲弹。在机枪中重量最轻，
易于操控。",,MATCH,140,116,APPROVED,READY,NOT_TESTED,JPN_PRIMARY; MLG_CN_CONTEXT_AUXILIARY,mechanical template; resource_class=SLOT_OLANG; source_objects=3; review_flag=WEB_TRANSLATED_PENDING_CODEX_CHECK
5D52E4F8,150,327,327;329;327;329;327;329,6,,page4:tag17:entity126:key0000008C:ref327:ord0;page4:tag17:entity125:key0000008B:ref329:ord0;page16:tag15:entity126:key0000008C:ref327:ord0;page16:tag15:entity125:key0000008B:ref329:ord0;page22:tag12:entity126:key0000008C:ref327:ord0;page22:tag12:entity125:key0000008B:ref329:ord0,"軽量軽機関銃。装甲車輌との戦闘に有利な
徹甲弾使用。機関銃の中では最も軽量で、
取り回しやすい。","大口径汎用機関銃。
大装弾数、徹甲弾使用による高い戦闘力は
そのままに、短くなった銃身のため
取り回しも改善された。","気力回復弾を撃ち出すサプレッサー内蔵の
特殊ピストル。非殺傷武器。改良により
気力回復量が増大。",,"大口径通用机枪。
保留大装弹量和穿甲弹带来的高战斗力，
同时借助缩短的枪管
改善了操控性。",,MATCH,168,129,APPROVED,READY,NOT_TESTED,JPN_PRIMARY; MLG_CN_CONTEXT_AUXILIARY,mechanical template; resource_class=SLOT_OLANG; source_objects=6; review_flag=WEB_TRANSLATED_PENDING_CODEX_CHECK
5D52E4F8,151,328,328;339;341;328;339;341;328;339;341,9,,page4:tag17:entity13:key0000000E:ref328:ord0;page4:tag17:entity12:key0000000D:ref339:ord0;page4:tag17:entity11:key0000000C:ref341:ord0;page16:tag15:entity13:key0000000E:ref328:ord0;page16:tag15:entity12:key0000000D:ref339:ord0;page16:tag15:entity11:key0000000C:ref341:ord0;page22:tag12:entity13:key0000000E:ref328:ord0;page22:tag12:entity12:key0000000D:ref339:ord0;page22:tag12:entity11:key0000000C:ref341:ord0,"大口径汎用機関銃。
大装弾数、徹甲弾使用による高い戦闘力は
そのままに、短くなった銃身のため
取り回しも改善された。","気力回復弾を撃ち出すサプレッサー内蔵の
特殊ピストル。非殺傷武器。改良により
気力回復量が増大。","大口径汎用機関銃。
大装弾数、徹甲弾使用による高い戦闘力は
そのままに、短くなった銃身のため
取り回しも改善された。",,"内置消音器、发射精神恢复弹的
特殊手枪。非致命武器。改良后
精神恢复量增加。",,MATCH,140,110,APPROVED,READY,NOT_TESTED,JPN_PRIMARY; MLG_CN_CONTEXT_AUXILIARY,mechanical template; resource_class=SLOT_OLANG; source_objects=9; review_flag=WEB_TRANSLATED_PENDING_CODEX_CHECK
5D52E4F8,152,330,330;330;330,3,,page4:tag17:entity124:key0000008A:ref330:ord0;page16:tag15:entity124:key0000008A:ref330:ord0;page22:tag12:entity124:key0000008A:ref330:ord0,"大口径汎用機関銃。
大装弾数、徹甲弾使用による高い戦闘力は
そのままに、短くなった銃身のため
取り回しも改善された。","大口径汎用機関銃。
高重量ゆえの取り回しにくさは変わらないが、
徹甲弾の使用で装甲車輌との戦闘にも
有効な武器となった。","大口径汎用機関銃。
装弾数が大きく、高火力を持続できる。
反面、重量があるため取り回しにくい。",,"大口径通用机枪。
重量大导致的操控困难依旧存在，
但使用穿甲弹后，对装甲车辆作战也
十分有效。",,MATCH,174,135,APPROVED,READY,NOT_TESTED,JPN_PRIMARY; MLG_CN_CONTEXT_AUXILIARY,mechanical template; resource_class=SLOT_OLANG; source_objects=3; review_flag=WEB_TRANSLATED_PENDING_CODEX_CHECK
5D52E4F8,153,331,331;331;331,3,,page4:tag17:entity123:key00000089:ref331:ord0;page16:tag15:entity123:key00000089:ref331:ord0;page22:tag12:entity123:key00000089:ref331:ord0,"大口径汎用機関銃。
高重量ゆえの取り回しにくさは変わらないが、
徹甲弾の使用で装甲車輌との戦闘にも
有効な武器となった。","大口径汎用機関銃。
装弾数が大きく、高火力を持続できる。
反面、重量があるため取り回しにくい。","ソ連製アサルトライフル。
構えボタンで構え、攻撃ボタンで発砲。",,"大口径通用机枪。
装弹数多，可持续发挥强大火力。
但重量较大，因此操控性较差。",,MATCH,137,113,APPROVED,READY,NOT_TESTED,JPN_PRIMARY; MLG_CN_CONTEXT_AUXILIARY,mechanical template; resource_class=SLOT_OLANG; source_objects=3; review_flag=WEB_TRANSLATED_PENDING_CODEX_CHECK
5D52E4F8,154,332,332;332;332,3,,page4:tag17:entity122:key00000088:ref332:ord0;page16:tag15:entity122:key00000088:ref332:ord0;page22:tag12:entity122:key00000088:ref332:ord0,"大口径汎用機関銃。
装弾数が大きく、高火力を持続できる。
反面、重量があるため取り回しにくい。","ソ連製アサルトライフル。
構えボタンで構え、攻撃ボタンで発砲。","大口径アサルトライフル。
構えボタンで構え、攻撃ボタンで発砲。",,"苏制突击步枪。
按瞄准键架枪，按攻击键开火。",,MATCH,91,64,APPROVED,READY,NOT_TESTED,JPN_PRIMARY; MLG_CN_CONTEXT_AUXILIARY,mechanical template; resource_class=SLOT_OLANG; source_objects=3; review_flag=WEB_TRANSLATED_PENDING_CODEX_CHECK
5D52E4F8,155,334,334;335;336;337;334;335;336;337;334;335;336;337,12,,page4:tag17:entity120:key00000086:ref334:ord0;page4:tag17:entity119:key00000085:ref335:ord0;page4:tag17:entity118:key00000084:ref336:ord0;page4:tag17:entity117:key00000083:ref337:ord0;page16:tag15:entity120:key00000086:ref334:ord0;page16:tag15:entity119:key00000085:ref335:ord0;page16:tag15:entity118:key00000084:ref336:ord0;page16:tag15:entity117:key00000083:ref337:ord0;page22:tag12:entity120:key00000086:ref334:ord0;page22:tag12:entity119:key00000085:ref335:ord0;page22:tag12:entity118:key00000084:ref336:ord0;page22:tag12:entity117:key00000083:ref337:ord0,"大口径アサルトライフル。
構えボタンで構え、攻撃ボタンで発砲。","小型軽量カービン。
構えボタンで構え、攻撃ボタンで発砲。","新型軽量アサルトライフル。
サプレッサー装備。
構えボタンで構え、攻撃ボタンで発砲。",,"小型轻量卡宾枪。
按瞄准键架枪，按攻击键开火。",,MATCH,82,67,APPROVED,READY,NOT_TESTED,JPN_PRIMARY; MLG_CN_CONTEXT_AUXILIARY,mechanical template; resource_class=SLOT_OLANG; source_objects=12; review_flag=WEB_TRANSLATED_PENDING_CODEX_CHECK
5D52E4F8,156,338,338;338;338,3,,page4:tag17:entity116:key00000082:ref338:ord0;page16:tag15:entity116:key00000082:ref338:ord0;page22:tag12:entity116:key00000082:ref338:ord0,"小型軽量カービン。
構えボタンで構え、攻撃ボタンで発砲。","新型軽量アサルトライフル。
サプレッサー装備。
構えボタンで構え、攻撃ボタンで発砲。","気力回復弾を撃ち出すサプレッサー内蔵の
特殊ピストル。非殺傷武器。改良により
気力回復量が増大。",,"新型轻量突击步枪。
配备消音器。
按瞄准键架枪，按攻击键开火。",,MATCH,122,89,APPROVED,READY,NOT_TESTED,JPN_PRIMARY; MLG_CN_CONTEXT_AUXILIARY,mechanical template; resource_class=SLOT_OLANG; source_objects=3; review_flag=WEB_TRANSLATED_PENDING_CODEX_CHECK
5D52E4F8,157,340,340;340;340,3,,page4:tag17:entity115:key00000081:ref340:ord0;page16:tag15:entity115:key00000081:ref340:ord0;page22:tag12:entity115:key00000081:ref340:ord0,"気力回復弾を撃ち出すサプレッサー内蔵の
特殊ピストル。非殺傷武器。改良により
気力回復量が増大。","新型軽量アサルトライフル。
構えボタンで構え、攻撃ボタンで発砲。","気力回復弾を撃ち出すサプレッサー内蔵の
特殊ピストル。非殺傷武器。改良により
気力回復量が増大。",,"新型轻量突击步枪。
按瞄准键架枪，按攻击键开火。",,MATCH,94,70,APPROVED,READY,NOT_TESTED,JPN_PRIMARY; MLG_CN_CONTEXT_AUXILIARY,mechanical template; resource_class=SLOT_OLANG; source_objects=3; review_flag=WEB_TRANSLATED_PENDING_CODEX_CHECK
5D52E4F8,158,342,342;342;342,3,,page4:tag17:entity114:key00000073:ref342:ord0;page16:tag15:entity114:key00000073:ref342:ord0;page22:tag12:entity114:key00000073:ref342:ord0,"気力回復弾を撃ち出すサプレッサー内蔵の
特殊ピストル。非殺傷武器。改良により
気力回復量が増大。","火縄銃。
玉が命中すると一定の確率で
不思議なことが起きる。","試作ケースレス式アサルトライフル。
低反動の弾薬のため照準が容易だが、
反面威力は低め。",,"火绳枪。
弹丸命中后，有一定概率
发生不可思议的事情。",,MATCH,86,77,APPROVED,READY,NOT_TESTED,JPN_PRIMARY; MLG_CN_CONTEXT_AUXILIARY,mechanical template; resource_class=SLOT_OLANG; source_objects=3; review_flag=WEB_TRANSLATED_PENDING_CODEX_CHECK
5D52E4F8,159,343,343;343;343,3,,page4:tag17:entity113:key00000072:ref343:ord0;page16:tag15:entity113:key00000072:ref343:ord0;page22:tag12:entity113:key00000072:ref343:ord0,"火縄銃。
玉が命中すると一定の確率で
不思議なことが起きる。","試作ケースレス式アサルトライフル。
低反動の弾薬のため照準が容易だが、
反面威力は低め。","ブルパップ式アサルトライフル。
中程度の威力だが、コンパクトで
取り回しやすく、反動も低い。",,"试制无壳式突击步枪。
低后坐力弹药使其容易瞄准，
但相对而言威力较低。",,MATCH,128,101,APPROVED,READY,NOT_TESTED,JPN_PRIMARY; MLG_CN_CONTEXT_AUXILIARY,mechanical template; resource_class=SLOT_OLANG; source_objects=3; review_flag=WEB_TRANSLATED_PENDING_CODEX_CHECK
5D52E4F8,160,344,344;344;344,3,,page4:tag17:entity112:key00000071:ref344:ord0;page16:tag15:entity112:key00000071:ref344:ord0;page22:tag12:entity112:key00000071:ref344:ord0,"試作ケースレス式アサルトライフル。
低反動の弾薬のため照準が容易だが、
反面威力は低め。","ブルパップ式アサルトライフル。
中程度の威力だが、コンパクトで
取り回しやすく、反動も低い。","大口径アサルトライフル。
弾薬が大威力でAUTO AIM範囲も広い。
レーザーサイト装備で照準が容易に。",,"无托式突击步枪。
威力中等，但结构紧凑、
易于操控，后坐力也低。",,MATCH,134,92,APPROVED,READY,NOT_TESTED,JPN_PRIMARY; MLG_CN_CONTEXT_AUXILIARY,mechanical template; resource_class=SLOT_OLANG; source_objects=3; review_flag=WEB_TRANSLATED_PENDING_CODEX_CHECK
5D52E4F8,161,345,345;345;345,3,,page4:tag17:entity111:key00000070:ref345:ord0;page16:tag15:entity111:key00000070:ref345:ord0;page22:tag12:entity111:key00000070:ref345:ord0,"ブルパップ式アサルトライフル。
中程度の威力だが、コンパクトで
取り回しやすく、反動も低い。","大口径アサルトライフル。
弾薬が大威力でAUTO AIM範囲も広い。
レーザーサイト装備で照準が容易に。","大口径アサルトライフル。
弾薬が大威力でAUTO AIM範囲も広い。
銃身が短縮され取り回しも改善された。",,"大口径突击步枪。
弹药威力强大，AUTO AIM范围也很广。
配备激光瞄准器，更容易瞄准。",,MATCH,136,115,APPROVED,READY,NOT_TESTED,JPN_PRIMARY; MLG_CN_CONTEXT_AUXILIARY,mechanical template; resource_class=SLOT_OLANG; source_objects=3; review_flag=WEB_TRANSLATED_PENDING_CODEX_CHECK
5D52E4F8,162,346,346;346;346,3,,page4:tag17:entity110:key0000006F:ref346:ord0;page16:tag15:entity110:key0000006F:ref346:ord0;page22:tag12:entity110:key0000006F:ref346:ord0,"大口径アサルトライフル。
弾薬が大威力でAUTO AIM範囲も広い。
レーザーサイト装備で照準が容易に。","大口径アサルトライフル。
弾薬が大威力でAUTO AIM範囲も広い。
銃身が短縮され取り回しも改善された。","大口径アサルトライフル。
取り回しが悪いが、弾薬が大威力で
AUTO AIM範囲も広い。",,"大口径突击步枪。
弹药威力强大，AUTO AIM范围也很广。
缩短枪管后，操控性得到改善。",,MATCH,139,115,APPROVED,READY,NOT_TESTED,JPN_PRIMARY; MLG_CN_CONTEXT_AUXILIARY,mechanical template; resource_class=SLOT_OLANG; source_objects=3; review_flag=WEB_TRANSLATED_PENDING_CODEX_CHECK
5D52E4F8,163,347,347;347;347,3,,page4:tag17:entity109:key0000006E:ref347:ord0;page16:tag15:entity109:key0000006E:ref347:ord0;page22:tag12:entity109:key0000006E:ref347:ord0,"大口径アサルトライフル。
弾薬が大威力でAUTO AIM範囲も広い。
銃身が短縮され取り回しも改善された。","大口径アサルトライフル。
取り回しが悪いが、弾薬が大威力で
AUTO AIM範囲も広い。","気力回復弾を撃ち出すサプレッサー内蔵の
特殊ピストル。非殺傷武器。試作品のため
気力回復量は低め。",,"大口径突击步枪。
虽然操控性较差，但弹药威力强大，
AUTO AIM范围也很广。",,MATCH,112,100,APPROVED,READY,NOT_TESTED,JPN_PRIMARY; MLG_CN_CONTEXT_AUXILIARY,mechanical template; resource_class=SLOT_OLANG; source_objects=3; review_flag=WEB_TRANSLATED_PENDING_CODEX_CHECK
5D52E4F8,164,348,348;348;348,3,,page4:tag17:entity10:key0000000B:ref348:ord0;page16:tag15:entity10:key0000000B:ref348:ord0;page22:tag12:entity10:key0000000B:ref348:ord0,"大口径アサルトライフル。
取り回しが悪いが、弾薬が大威力で
AUTO AIM範囲も広い。","気力回復弾を撃ち出すサプレッサー内蔵の
特殊ピストル。非殺傷武器。試作品のため
気力回復量は低め。","ソ連製軽機関銃。
長銃身のため低反動だが、取り回しが悪い。
大威力の弾薬で敵を効果的に足止めする。
弾倉容量増加モデル。",,"内置消音器、发射精神恢复弹的
特殊手枪。非致命武器。由于仍是试制品，
精神恢复量较低。",,MATCH,143,125,APPROVED,READY,NOT_TESTED,JPN_PRIMARY; MLG_CN_CONTEXT_AUXILIARY,mechanical template; resource_class=SLOT_OLANG; source_objects=3; review_flag=WEB_TRANSLATED_PENDING_CODEX_CHECK
5D52E4F8,165,349,349;349;349,3,,page4:tag17:entity108:key0000006D:ref349:ord0;page16:tag15:entity108:key0000006D:ref349:ord0;page22:tag12:entity108:key0000006D:ref349:ord0,"気力回復弾を撃ち出すサプレッサー内蔵の
特殊ピストル。非殺傷武器。試作品のため
気力回復量は低め。","ソ連製軽機関銃。
長銃身のため低反動だが、取り回しが悪い。
大威力の弾薬で敵を効果的に足止めする。
弾倉容量増加モデル。","ソ連製軽機関銃。
長銃身のため低反動だが、取り回しが悪い。
大威力の弾薬で敵を効果的に足止めする。",,"苏制轻机枪。
长枪管使后坐力较低，但操控性较差。
高威力弹药能有效压制敌人。
弹匣增容型号。",,MATCH,174,132,APPROVED,READY,NOT_TESTED,JPN_PRIMARY; MLG_CN_CONTEXT_AUXILIARY,mechanical template; resource_class=SLOT_OLANG; source_objects=3; review_flag=WEB_TRANSLATED_PENDING_CODEX_CHECK
5D52E4F8,166,350,350;350;350,3,,page4:tag17:entity107:key0000006C:ref350:ord0;page16:tag15:entity107:key0000006C:ref350:ord0;page22:tag12:entity107:key0000006C:ref350:ord0,"ソ連製軽機関銃。
長銃身のため低反動だが、取り回しが悪い。
大威力の弾薬で敵を効果的に足止めする。
弾倉容量増加モデル。","ソ連製軽機関銃。
長銃身のため低反動だが、取り回しが悪い。
大威力の弾薬で敵を効果的に足止めする。","ルーマニア製アサルトライフル。
ストックにリコイルバッファが装備され、
大威力のまま反動が軽減された。",,"苏制轻机枪。
长枪管使后坐力较低，但操控性较差。
高威力弹药能有效压制敌人。",,MATCH,143,110,APPROVED,READY,NOT_TESTED,JPN_PRIMARY; MLG_CN_CONTEXT_AUXILIARY,mechanical template; resource_class=SLOT_OLANG; source_objects=3; review_flag=WEB_TRANSLATED_PENDING_CODEX_CHECK
5D52E4F8,167,351,351;352;351;352;351;352,6,,page4:tag17:entity106:key0000006B:ref351:ord0;page4:tag17:entity105:key0000006A:ref352:ord0;page16:tag15:entity106:key0000006B:ref351:ord0;page16:tag15:entity105:key0000006A:ref352:ord0;page22:tag12:entity106:key0000006B:ref351:ord0;page22:tag12:entity105:key0000006A:ref352:ord0,"ソ連製軽機関銃。
長銃身のため低反動だが、取り回しが悪い。
大威力の弾薬で敵を効果的に足止めする。","ルーマニア製アサルトライフル。
ストックにリコイルバッファが装備され、
大威力のまま反動が軽減された。","ルーマニア製アサルトライフル。
大威力だが反動も強い。
フォアグリップが装備されており、
命中精度は良好。
",,"罗马尼亚制突击步枪。
枪托配备后坐力缓冲装置，
在保持高威力的同时减轻了后坐力。",,MATCH,149,116,APPROVED,READY,NOT_TESTED,JPN_PRIMARY; MLG_CN_CONTEXT_AUXILIARY,mechanical template; resource_class=SLOT_OLANG; source_objects=6; review_flag=WEB_TRANSLATED_PENDING_CODEX_CHECK
5D52E4F8,168,353,353;353;353,3,,page4:tag17:entity104:key00000069:ref353:ord0;page16:tag15:entity104:key00000069:ref353:ord0;page22:tag12:entity104:key00000069:ref353:ord0,"ルーマニア製アサルトライフル。
ストックにリコイルバッファが装備され、
大威力のまま反動が軽減された。","ルーマニア製アサルトライフル。
大威力だが反動も強い。
フォアグリップが装備されており、
命中精度は良好。
",（プログラムの都合上存在する行なので、説明は不要）,,"罗马尼亚制突击步枪。
威力强大，但后坐力也很强。
配备前握把，
命中精度良好。
",,MATCH,154,112,APPROVED,READY,NOT_TESTED,JPN_PRIMARY; MLG_CN_CONTEXT_AUXILIARY,mechanical template; resource_class=SLOT_OLANG; source_objects=3; review_flag=WEB_TRANSLATED_PENDING_CODEX_CHECK
5D52E4F8,169,355,355;355;355,3,,page4:tag17:entity102:key00000067:ref355:ord0;page16:tag15:entity102:key00000067:ref355:ord0;page22:tag12:entity102:key00000067:ref355:ord0,（プログラムの都合上存在する行なので、説明は不要）,"ソ連製アサルトライフル。
スモークグレネードランチャー装備。
切り替えはＲボタン（ハンタータイプは<I=RIGH>）。",（プログラムの都合上存在する行なので、説明は不要）,<I=RIGH>,"苏制突击步枪。
配备烟雾弹发射器。
按R键切换（猎人操作方式下按<I=RIGH>）。",<I=RIGH>,MATCH,157,104,APPROVED,READY,NOT_TESTED,JPN_PRIMARY; MLG_CN_CONTEXT_AUXILIARY,mechanical template; resource_class=SLOT_OLANG; source_objects=3; review_flag=WEB_TRANSLATED_PENDING_CODEX_CHECK
5D52E4F8,170,357,357;357;357,3,,page4:tag17:entity100:key00000065:ref357:ord0;page16:tag15:entity100:key00000065:ref357:ord0;page22:tag12:entity100:key00000065:ref357:ord0,（プログラムの都合上存在する行なので、説明は不要）,"ソ連製アサルトライフル。
グレネードランチャー装備。切り替えは
Ｒボタン（ハンタータイプは<I=RIGH>）。","ソ連製アサルトライフル。
大威力で敵を効果的に足止めするが、
強い反動のため命中精度は低い。",<I=RIGH>,"苏制突击步枪。
配备榴弹发射器。切换方式为
R键（猎人操作方式下按<I=RIGH>）。",<I=RIGH>,MATCH,145,107,APPROVED,READY,NOT_TESTED,JPN_PRIMARY; MLG_CN_CONTEXT_AUXILIARY,mechanical template; resource_class=SLOT_OLANG; source_objects=3; review_flag=WEB_TRANSLATED_PENDING_CODEX_CHECK
5D52E4F8,171,358,358;358;358,3,,page4:tag17:entity99:key00000064:ref358:ord0;page16:tag15:entity99:key00000064:ref358:ord0;page22:tag12:entity99:key00000064:ref358:ord0,"ソ連製アサルトライフル。
グレネードランチャー装備。切り替えは
Ｒボタン（ハンタータイプは<I=RIGH>）。","ソ連製アサルトライフル。
大威力で敵を効果的に足止めするが、
強い反動のため命中精度は低い。","LIFE回復弾を撃ち出すサプレッサー内蔵の
特殊ピストル。非殺傷武器。改良により
LIFE回復量が増大。",,"苏制突击步枪。
强大火力能有效压制敌人，
但后坐力强，命中精度较低。",,MATCH,134,98,APPROVED,READY,NOT_TESTED,JPN_PRIMARY; MLG_CN_CONTEXT_AUXILIARY,mechanical template; resource_class=SLOT_OLANG; source_objects=3; review_flag=WEB_TRANSLATED_PENDING_CODEX_CHECK
5D52E4F8,172,360,360;360;360,3,,page4:tag17:entity0:key00000001:ref360:ord0;page16:tag15:entity0:key00000001:ref360:ord0;page22:tag12:entity0:key00000001:ref360:ord0,"LIFE回復弾を撃ち出すサプレッサー内蔵の
特殊ピストル。非殺傷武器。改良により
LIFE回復量が増大。","高電圧の電撃で対象を気絶させる非殺傷武器。
電撃は<I=ATK>を押している間続く。
使い込むと威力が上がる。",M653(スモークグレネード),<I=ATK>,"以高压电击使目标昏厥的非致命武器。
按住<I=ATK>期间会持续放电。
使用得越多，威力越高。",<I=ATK>,MATCH,147,123,APPROVED,READY,NOT_TESTED,JPN_PRIMARY; MLG_CN_CONTEXT_AUXILIARY,mechanical template; resource_class=SLOT_OLANG; source_objects=3; review_flag=WEB_TRANSLATED_PENDING_CODEX_CHECK
5D52E4F8,173,361,361;362;361;362;361;362,6,,page4:tag17:entity459:key00000063:ref361:ord0;page4:tag17:entity458:key00000062:ref362:ord0;page16:tag15:entity459:key00000063:ref361:ord0;page16:tag15:entity458:key00000062:ref362:ord0;page22:tag12:entity459:key00000063:ref361:ord0;page22:tag12:entity458:key00000062:ref362:ord0,"高電圧の電撃で対象を気絶させる非殺傷武器。
電撃は<I=ATK>を押している間続く。
使い込むと威力が上がる。",M653(スモークグレネード),M653(ショットガン装備),,M653（烟雾弹发射器）,,MATCH,33,28,APPROVED,READY,NOT_TESTED,JPN_PRIMARY; MLG_CN_CONTEXT_AUXILIARY,mechanical template; resource_class=SLOT_OLANG; source_objects=6; review_flag=WEB_TRANSLATED_PENDING_CODEX_CHECK
5D52E4F8,174,363,363;364;363;364;363;364,6,,page4:tag17:entity457:key00000061:ref363:ord0;page4:tag17:entity456:key00000060:ref364:ord0;page16:tag15:entity457:key00000061:ref363:ord0;page16:tag15:entity456:key00000060:ref364:ord0;page22:tag12:entity457:key00000061:ref363:ord0;page22:tag12:entity456:key00000060:ref364:ord0,M653(スモークグレネード),M653(ショットガン装備),M653(グレネードランチャー装備),,M653（配备霰弹枪）,,MATCH,30,25,APPROVED,READY,NOT_TESTED,JPN_PRIMARY; MLG_CN_CONTEXT_AUXILIARY,mechanical template; resource_class=SLOT_OLANG; source_objects=6; review_flag=WEB_TRANSLATED_PENDING_CODEX_CHECK
5D52E4F8,175,365,365;366;365;366;365;366,6,,page4:tag17:entity455:key0000005F:ref365:ord0;page4:tag17:entity454:key0000005E:ref366:ord0;page16:tag15:entity455:key0000005F:ref365:ord0;page16:tag15:entity454:key0000005E:ref366:ord0;page22:tag12:entity455:key0000005F:ref365:ord0;page22:tag12:entity454:key0000005E:ref366:ord0,M653(ショットガン装備),M653(グレネードランチャー装備),M653,,M653（榴弹发射器）,,MATCH,42,25,APPROVED,READY,NOT_TESTED,JPN_PRIMARY; MLG_CN_CONTEXT_AUXILIARY,mechanical template; resource_class=SLOT_OLANG; source_objects=6; review_flag=WEB_TRANSLATED_PENDING_CODEX_CHECK
5D52E4F8,176,367,367;368;695;696;697;698;728;729;1056;1057;1058;1059;367;368;695;696;697;698;728;729;1056;1057;1058;1059;367;368;695;696;697;698;728;729;1056;1057;1058;1059,36,,page4:tag17:entity453:key0000005D:ref367:ord0;page4:tag17:entity452:key0000005C:ref368:ord0;page4:tag17:entity481:key00000086:ref695:ord0;page4:tag17:entity480:key00000085:ref696:ord0;page4:tag17:entity479:key00000084:ref697:ord0;page4:tag17:entity478:key00000083:ref698:ord0;page4:tag17:entity814:key0000005D:ref728:ord0;page4:tag17:entity813:key0000005C:ref729:ord0;page4:tag17:entity842:key00000086:ref1056:ord0;page4:tag17:entity841:key00000085:ref1057:ord0;page4:tag17:entity840:key00000084:ref1058:ord0;page4:tag17:entity839:key00000083:ref1059:ord0;page16:tag15:entity453:key0000005D:ref367:ord0;page16:tag15:entity452:key0000005C:ref368:ord0;page16:tag15:entity481:key00000086:ref695:ord0;page16:tag15:entity480:key00000085:ref696:ord0;page16:tag15:entity479:key00000084:ref697:ord0;page16:tag15:entity478:key00000083:ref698:ord0;page16:tag15:entity814:key0000005D:ref728:ord0;page16:tag15:entity813:key0000005C:ref729:ord0;page16:tag15:entity842:key00000086:ref1056:ord0;page16:tag15:entity841:key00000085:ref1057:ord0;page16:tag15:entity840:key00000084:ref1058:ord0;page16:tag15:entity839:key00000083:ref1059:ord0;page22:tag12:entity453:key0000005D:ref367:ord0;page22:tag12:entity452:key0000005C:ref368:ord0;page22:tag12:entity481:key00000086:ref695:ord0;page22:tag12:entity480:key00000085:ref696:ord0;page22:tag12:entity479:key00000084:ref697:ord0;page22:tag12:entity478:key00000083:ref698:ord0;page22:tag12:entity814:key0000005D:ref728:ord0;page22:tag12:entity813:key0000005C:ref729:ord0;page22:tag12:entity842:key00000086:ref1056:ord0;page22:tag12:entity841:key00000085:ref1057:ord0;page22:tag12:entity840:key00000084:ref1058:ord0;page22:tag12:entity839:key00000083:ref1059:ord0,M653(グレネードランチャー装備),M653,パトリオット,,M653,,MATCH,4,4,APPROVED,READY,NOT_TESTED,JPN_PRIMARY; MLG_CN_CONTEXT_AUXILIARY,mechanical template; resource_class=SLOT_OLANG; source_objects=36; review_flag=WEB_TRANSLATED_PENDING_CODEX_CHECK
5D52E4F8,177,369,369;369;369,3,,page4:tag17:entity451:key0000005B:ref369:ord0;page16:tag15:entity451:key0000005B:ref369:ord0;page22:tag12:entity451:key0000005B:ref369:ord0,M653,パトリオット,M16A1(スモークグレネード),,爱国者,,MATCH,18,9,APPROVED,READY,NOT_TESTED,JPN_PRIMARY; MLG_CN_CONTEXT_AUXILIARY,mechanical template; resource_class=SLOT_OLANG; source_objects=3; review_flag=WEB_TRANSLATED_PENDING_CODEX_CHECK
5D52E4F8,178,370,370;372;373;374;370;372;373;374;370;372;373;374,12,,page4:tag17:entity450:key0000005A:ref370:ord0;page4:tag17:entity449:key00000059:ref372:ord0;page4:tag17:entity448:key00000058:ref373:ord0;page4:tag17:entity447:key00000057:ref374:ord0;page16:tag15:entity450:key0000005A:ref370:ord0;page16:tag15:entity449:key00000059:ref372:ord0;page16:tag15:entity448:key00000058:ref373:ord0;page16:tag15:entity447:key00000057:ref374:ord0;page22:tag12:entity450:key0000005A:ref370:ord0;page22:tag12:entity449:key00000059:ref372:ord0;page22:tag12:entity448:key00000058:ref373:ord0;page22:tag12:entity447:key00000057:ref374:ord0,パトリオット,M16A1(スモークグレネード),EZ GUN (LIFE回復弾),,M16A1（烟雾弹发射器）,,MATCH,34,29,APPROVED,READY,NOT_TESTED,JPN_PRIMARY; MLG_CN_CONTEXT_AUXILIARY,mechanical template; resource_class=SLOT_OLANG; source_objects=12; review_flag=WEB_TRANSLATED_PENDING_CODEX_CHECK
5D52E4F8,179,371,371;382;393;720;371;382;393;720;371;382;393;720,12,,page4:tag17:entity369:key00000009:ref371:ord0;page4:tag17:entity368:key00000008:ref382:ord0;page4:tag17:entity367:key00000007:ref393:ord0;page4:tag17:entity370:key0000000A:ref720:ord0;page16:tag15:entity369:key00000009:ref371:ord0;page16:tag15:entity368:key00000008:ref382:ord0;page16:tag15:entity367:key00000007:ref393:ord0;page16:tag15:entity370:key0000000A:ref720:ord0;page22:tag12:entity369:key00000009:ref371:ord0;page22:tag12:entity368:key00000008:ref382:ord0;page22:tag12:entity367:key00000007:ref393:ord0;page22:tag12:entity370:key0000000A:ref720:ord0,M16A1(スモークグレネード),EZ GUN (LIFE回復弾),M16A1(スモークグレネード),,EZ GUN（LIFE恢复弹）,,MATCH,22,25,APPROVED,READY,NOT_TESTED,JPN_PRIMARY; MLG_CN_CONTEXT_AUXILIARY,mechanical template; resource_class=SLOT_OLANG; source_objects=12; review_flag=WEB_TRANSLATED_PENDING_CODEX_CHECK
5D52E4F8,180,375,375;376;377;378;375;376;377;378;375;376;377;378,12,,page4:tag17:entity446:key00000056:ref375:ord0;page4:tag17:entity445:key00000055:ref376:ord0;page4:tag17:entity444:key00000054:ref377:ord0;page4:tag17:entity443:key00000053:ref378:ord0;page16:tag15:entity446:key00000056:ref375:ord0;page16:tag15:entity445:key00000055:ref376:ord0;page16:tag15:entity444:key00000054:ref377:ord0;page16:tag15:entity443:key00000053:ref378:ord0;page22:tag12:entity446:key00000056:ref375:ord0;page22:tag12:entity445:key00000055:ref376:ord0;page22:tag12:entity444:key00000054:ref377:ord0;page22:tag12:entity443:key00000053:ref378:ord0,M16A1(スモークグレネード),M16A1(グレネードランチャー装備),M16A1(ショットガン装備),,M16A1（榴弹发射器）,,MATCH,43,26,APPROVED,READY,NOT_TESTED,JPN_PRIMARY; MLG_CN_CONTEXT_AUXILIARY,mechanical template; resource_class=SLOT_OLANG; source_objects=12; review_flag=WEB_TRANSLATED_PENDING_CODEX_CHECK
5D52E4F8,181,379,379;380;381;383;379;380;381;383;379;380;381;383,12,,page4:tag17:entity442:key00000052:ref379:ord0;page4:tag17:entity441:key00000051:ref380:ord0;page4:tag17:entity440:key00000050:ref381:ord0;page4:tag17:entity439:key0000004F:ref383:ord0;page16:tag15:entity442:key00000052:ref379:ord0;page16:tag15:entity441:key00000051:ref380:ord0;page16:tag15:entity440:key00000050:ref381:ord0;page16:tag15:entity439:key0000004F:ref383:ord0;page22:tag12:entity442:key00000052:ref379:ord0;page22:tag12:entity441:key00000051:ref380:ord0;page22:tag12:entity440:key00000050:ref381:ord0;page22:tag12:entity439:key0000004F:ref383:ord0,M16A1(グレネードランチャー装備),M16A1(ショットガン装備),EZ GUN (LIFE回復弾),,M16A1（霰弹枪）,,MATCH,31,20,APPROVED,READY,NOT_TESTED,JPN_PRIMARY; MLG_CN_CONTEXT_AUXILIARY,mechanical template; resource_class=SLOT_OLANG; source_objects=12; review_flag=WEB_TRANSLATED_PENDING_CODEX_CHECK
5D52E4F8,182,384,384;385;386;699;701;745;746;747;1060;1062;384;385;386;699;701;745;746;747;1060;1062;384;385;386;699;701;745;746;747;1060;1062,30,,page4:tag17:entity438:key0000004E:ref384:ord0;page4:tag17:entity437:key0000004D:ref385:ord0;page4:tag17:entity436:key0000004C:ref386:ord0;page4:tag17:entity477:key00000082:ref699:ord0;page4:tag17:entity476:key00000081:ref701:ord0;page4:tag17:entity799:key0000004E:ref745:ord0;page4:tag17:entity798:key0000004D:ref746:ord0;page4:tag17:entity797:key0000004C:ref747:ord0;page4:tag17:entity838:key00000082:ref1060:ord0;page4:tag17:entity837:key00000081:ref1062:ord0;page16:tag15:entity438:key0000004E:ref384:ord0;page16:tag15:entity437:key0000004D:ref385:ord0;page16:tag15:entity436:key0000004C:ref386:ord0;page16:tag15:entity477:key00000082:ref699:ord0;page16:tag15:entity476:key00000081:ref701:ord0;page16:tag15:entity799:key0000004E:ref745:ord0;page16:tag15:entity798:key0000004D:ref746:ord0;page16:tag15:entity797:key0000004C:ref747:ord0;page16:tag15:entity838:key00000082:ref1060:ord0;page16:tag15:entity837:key00000081:ref1062:ord0;page22:tag12:entity438:key0000004E:ref384:ord0;page22:tag12:entity437:key0000004D:ref385:ord0;page22:tag12:entity436:key0000004C:ref386:ord0;page22:tag12:entity477:key00000082:ref699:ord0;page22:tag12:entity476:key00000081:ref701:ord0;page22:tag12:entity799:key0000004E:ref745:ord0;page22:tag12:entity798:key0000004D:ref746:ord0;page22:tag12:entity797:key0000004C:ref747:ord0;page22:tag12:entity838:key00000082:ref1060:ord0;page22:tag12:entity837:key00000081:ref1062:ord0,M16A1(ショットガン装備),M16A1,Vz61,,M16A1,,MATCH,5,5,APPROVED,READY,NOT_TESTED,JPN_PRIMARY; MLG_CN_CONTEXT_AUXILIARY,mechanical template; resource_class=SLOT_OLANG; source_objects=30; review_flag=WEB_TRANSLATED_PENDING_CODEX_CHECK
5D52E4F8,183,387,387;434;435;436;387;434;435;436;387;434;435;436,12,,page4:tag17:entity435:key0000004B:ref387:ord0;page4:tag17:entity695:key00000233:ref434:ord0;page4:tag17:entity694:key00000232:ref435:ord0;page4:tag17:entity693:key00000231:ref436:ord0;page16:tag15:entity435:key0000004B:ref387:ord0;page16:tag15:entity695:key00000233:ref434:ord0;page16:tag15:entity694:key00000232:ref435:ord0;page16:tag15:entity693:key00000231:ref436:ord0;page22:tag12:entity435:key0000004B:ref387:ord0;page22:tag12:entity695:key00000233:ref434:ord0;page22:tag12:entity694:key00000232:ref435:ord0;page22:tag12:entity693:key00000231:ref436:ord0,M16A1,Vz61,M10,,Vz61,,MATCH,4,4,APPROVED,READY,NOT_TESTED,JPN_PRIMARY; MLG_CN_CONTEXT_AUXILIARY,mechanical template; resource_class=SLOT_OLANG; source_objects=12; review_flag=WEB_TRANSLATED_PENDING_CODEX_CHECK
5D52E4F8,184,388,388;389;399;437;439;440;749;750;760;798;800;801;388;389;399;437;439;440;749;750;760;798;800;801;388;389;399;437;439;440;749;750;760;798;800;801,36,,page4:tag17:entity434:key0000004A:ref388:ord0;page4:tag17:entity433:key00000049:ref389:ord0;page4:tag17:entity424:key00000040:ref399:ord0;page4:tag17:entity692:key00000230:ref437:ord0;page4:tag17:entity691:key0000022F:ref439:ord0;page4:tag17:entity690:key0000022E:ref440:ord0;page4:tag17:entity795:key0000004A:ref749:ord0;page4:tag17:entity794:key00000049:ref750:ord0;page4:tag17:entity785:key00000040:ref760:ord0;page4:tag17:entity1053:key00000230:ref798:ord0;page4:tag17:entity1052:key0000022F:ref800:ord0;page4:tag17:entity1051:key0000022E:ref801:ord0;page16:tag15:entity434:key0000004A:ref388:ord0;page16:tag15:entity433:key00000049:ref389:ord0;page16:tag15:entity424:key00000040:ref399:ord0;page16:tag15:entity692:key00000230:ref437:ord0;page16:tag15:entity691:key0000022F:ref439:ord0;page16:tag15:entity690:key0000022E:ref440:ord0;page16:tag15:entity795:key0000004A:ref749:ord0;page16:tag15:entity794:key00000049:ref750:ord0;page16:tag15:entity785:key00000040:ref760:ord0;page16:tag15:entity1053:key00000230:ref798:ord0;page16:tag15:entity1052:key0000022F:ref800:ord0;page16:tag15:entity1051:key0000022E:ref801:ord0;page22:tag12:entity434:key0000004A:ref388:ord0;page22:tag12:entity433:key00000049:ref389:ord0;page22:tag12:entity424:key00000040:ref399:ord0;page22:tag12:entity692:key00000230:ref437:ord0;page22:tag12:entity691:key0000022F:ref439:ord0;page22:tag12:entity690:key0000022E:ref440:ord0;page22:tag12:entity795:key0000004A:ref749:ord0;page22:tag12:entity794:key00000049:ref750:ord0;page22:tag12:entity785:key00000040:ref760:ord0;page22:tag12:entity1053:key00000230:ref798:ord0;page22:tag12:entity1052:key0000022F:ref800:ord0;page22:tag12:entity1051:key0000022E:ref801:ord0,Vz61,M10,Uz61,,M10,,MATCH,3,3,APPROVED,READY,NOT_TESTED,JPN_PRIMARY; MLG_CN_CONTEXT_AUXILIARY,mechanical template; resource_class=SLOT_OLANG; source_objects=36; review_flag=WEB_TRANSLATED_PENDING_CODEX_CHECK
5D52E4F8,185,390,390;391;392;390;391;392;390;391;392,9,,page4:tag17:entity432:key00000048:ref390:ord0;page4:tag17:entity431:key00000047:ref391:ord0;page4:tag17:entity430:key00000046:ref392:ord0;page16:tag15:entity432:key00000048:ref390:ord0;page16:tag15:entity431:key00000047:ref391:ord0;page16:tag15:entity430:key00000046:ref392:ord0;page22:tag12:entity432:key00000048:ref390:ord0;page22:tag12:entity431:key00000047:ref391:ord0;page22:tag12:entity430:key00000046:ref392:ord0,M10,Uz61,EZ GUN (LIFE回復弾),,Uz61,,MATCH,4,4,APPROVED,READY,NOT_TESTED,JPN_PRIMARY; MLG_CN_CONTEXT_AUXILIARY,mechanical template; resource_class=SLOT_OLANG; source_objects=9; review_flag=WEB_TRANSLATED_PENDING_CODEX_CHECK
5D52E4F8,186,394,394;755;394;755;394;755,6,,page4:tag17:entity429:key00000045:ref394:ord0;page4:tag17:entity790:key00000045:ref755:ord0;page16:tag15:entity429:key00000045:ref394:ord0;page16:tag15:entity790:key00000045:ref755:ord0;page22:tag12:entity429:key00000045:ref394:ord0;page22:tag12:entity790:key00000045:ref755:ord0,EZ GUN (LIFE回復弾),MP5SD2,MP5A2,,MP5SD2,,MATCH,6,6,APPROVED,READY,NOT_TESTED,JPN_PRIMARY; MLG_CN_CONTEXT_AUXILIARY,mechanical template; resource_class=SLOT_OLANG; source_objects=6; review_flag=WEB_TRANSLATED_PENDING_CODEX_CHECK
5D52E4F8,187,395,395;396;756;757;395;396;756;757;395;396;756;757,12,,page4:tag17:entity428:key00000044:ref395:ord0;page4:tag17:entity427:key00000043:ref396:ord0;page4:tag17:entity789:key00000044:ref756:ord0;page4:tag17:entity788:key00000043:ref757:ord0;page16:tag15:entity428:key00000044:ref395:ord0;page16:tag15:entity427:key00000043:ref396:ord0;page16:tag15:entity789:key00000044:ref756:ord0;page16:tag15:entity788:key00000043:ref757:ord0;page22:tag12:entity428:key00000044:ref395:ord0;page22:tag12:entity427:key00000043:ref396:ord0;page22:tag12:entity789:key00000044:ref756:ord0;page22:tag12:entity788:key00000043:ref757:ord0,MP5SD2,MP5A2,M10(バレルジャケット装備),,MP5A2,,MATCH,5,5,APPROVED,READY,NOT_TESTED,JPN_PRIMARY; MLG_CN_CONTEXT_AUXILIARY,mechanical template; resource_class=SLOT_OLANG; source_objects=12; review_flag=WEB_TRANSLATED_PENDING_CODEX_CHECK
5D52E4F8,188,397,397;397;397,3,,page4:tag17:entity426:key00000042:ref397:ord0;page16:tag15:entity426:key00000042:ref397:ord0;page22:tag12:entity426:key00000042:ref397:ord0,MP5A2,M10(バレルジャケット装備),M10(サプレッサー装備),,M10（枪管护套）,,MATCH,35,21,APPROVED,READY,NOT_TESTED,JPN_PRIMARY; MLG_CN_CONTEXT_AUXILIARY,mechanical template; resource_class=SLOT_OLANG; source_objects=3; review_flag=WEB_TRANSLATED_PENDING_CODEX_CHECK
5D52E4F8,189,398,398;398;398,3,,page4:tag17:entity425:key00000041:ref398:ord0;page16:tag15:entity425:key00000041:ref398:ord0;page22:tag12:entity425:key00000041:ref398:ord0,M10(バレルジャケット装備),M10(サプレッサー装備),M10,,M10（消音器）,,MATCH,29,18,APPROVED,READY,NOT_TESTED,JPN_PRIMARY; MLG_CN_CONTEXT_AUXILIARY,mechanical template; resource_class=SLOT_OLANG; source_objects=3; review_flag=WEB_TRANSLATED_PENDING_CODEX_CHECK
5D52E4F8,190,400,400;401;402;761;762;763;400;401;402;761;762;763;400;401;402;761;762;763,18,,page4:tag17:entity423:key0000003F:ref400:ord0;page4:tag17:entity422:key0000003E:ref401:ord0;page4:tag17:entity421:key0000003D:ref402:ord0;page4:tag17:entity784:key0000003F:ref761:ord0;page4:tag17:entity783:key0000003E:ref762:ord0;page4:tag17:entity782:key0000003D:ref763:ord0;page16:tag15:entity423:key0000003F:ref400:ord0;page16:tag15:entity422:key0000003E:ref401:ord0;page16:tag15:entity421:key0000003D:ref402:ord0;page16:tag15:entity784:key0000003F:ref761:ord0;page16:tag15:entity783:key0000003E:ref762:ord0;page16:tag15:entity782:key0000003D:ref763:ord0;page22:tag12:entity423:key0000003F:ref400:ord0;page22:tag12:entity422:key0000003E:ref401:ord0;page22:tag12:entity421:key0000003D:ref402:ord0;page22:tag12:entity784:key0000003F:ref761:ord0;page22:tag12:entity783:key0000003E:ref762:ord0;page22:tag12:entity782:key0000003D:ref763:ord0,M10,M1928A1,スパス12,,M1928A1,,MATCH,7,7,APPROVED,READY,NOT_TESTED,JPN_PRIMARY; MLG_CN_CONTEXT_AUXILIARY,mechanical template; resource_class=SLOT_OLANG; source_objects=18; review_flag=WEB_TRANSLATED_PENDING_CODEX_CHECK
5D52E4F8,191,403,403;427;438;441;442;443;449;403;427;438;441;442;443;449;403;427;438;441;442;443;449,21,,page4:tag17:entity420:key0000003C:ref403:ord0;page4:tag17:entity417:key00000039:ref427:ord0;page4:tag17:entity416:key00000038:ref438:ord0;page4:tag17:entity689:key0000022D:ref441:ord0;page4:tag17:entity688:key0000022C:ref442:ord0;page4:tag17:entity687:key0000022B:ref443:ord0;page4:tag17:entity415:key00000037:ref449:ord0;page16:tag15:entity420:key0000003C:ref403:ord0;page16:tag15:entity417:key00000039:ref427:ord0;page16:tag15:entity416:key00000038:ref438:ord0;page16:tag15:entity689:key0000022D:ref441:ord0;page16:tag15:entity688:key0000022C:ref442:ord0;page16:tag15:entity687:key0000022B:ref443:ord0;page16:tag15:entity415:key00000037:ref449:ord0;page22:tag12:entity420:key0000003C:ref403:ord0;page22:tag12:entity417:key00000039:ref427:ord0;page22:tag12:entity416:key00000038:ref438:ord0;page22:tag12:entity689:key0000022D:ref441:ord0;page22:tag12:entity688:key0000022C:ref442:ord0;page22:tag12:entity687:key0000022B:ref443:ord0;page22:tag12:entity415:key00000037:ref449:ord0,M1928A1,スパス12,Mk.22 Mod.0（ハッシュパピー）,,SPAS-12,,MATCH,11,7,APPROVED,READY,NOT_TESTED,JPN_PRIMARY; MLG_CN_CONTEXT_AUXILIARY,mechanical template; resource_class=SLOT_OLANG; source_objects=21; review_flag=WEB_TRANSLATED_PENDING_CODEX_CHECK
5D52E4F8,192,404,404;466;486;533;633;404;466;486;533;633;404;466;486;533;633,15,,page4:tag17:entity366:key00000006:ref404:ord0;page4:tag17:entity365:key00000005:ref466:ord0;page4:tag17:entity364:key00000004:ref486:ord0;page4:tag17:entity363:key00000003:ref533:ord0;page4:tag17:entity362:key00000002:ref633:ord0;page16:tag15:entity366:key00000006:ref404:ord0;page16:tag15:entity365:key00000005:ref466:ord0;page16:tag15:entity364:key00000004:ref486:ord0;page16:tag15:entity363:key00000003:ref533:ord0;page16:tag15:entity362:key00000002:ref633:ord0;page22:tag12:entity366:key00000006:ref404:ord0;page22:tag12:entity365:key00000005:ref466:ord0;page22:tag12:entity364:key00000004:ref486:ord0;page22:tag12:entity363:key00000003:ref533:ord0;page22:tag12:entity362:key00000002:ref633:ord0,スパス12,Mk.22 Mod.0（ハッシュパピー）,M37,,Mk.22 Mod.0（Hush Puppy）,,MATCH,38,27,APPROVED,READY,NOT_TESTED,JPN_PRIMARY; MLG_CN_CONTEXT_AUXILIARY,mechanical template; resource_class=SLOT_OLANG; source_objects=15; review_flag=WEB_TRANSLATED_PENDING_CODEX_CHECK
5D52E4F8,193,405,405;444;445;446;461;464;465;467;766;805;806;807;822;825;826;828;405;444;445;446;461;464;465;467;766;805;806;807;822;825;826;828;405;444;445;446;461;464;465;467;766;805;806;807;822;825;826;828,48,,page4:tag17:entity419:key0000003B:ref405:ord0;page4:tag17:entity686:key0000022A:ref444:ord0;page4:tag17:entity685:key00000229:ref445:ord0;page4:tag17:entity684:key00000228:ref446:ord0;page4:tag17:entity412:key00000034:ref461:ord0;page4:tag17:entity411:key00000033:ref464:ord0;page4:tag17:entity410:key00000032:ref465:ord0;page4:tag17:entity409:key00000031:ref467:ord0;page4:tag17:entity780:key0000003B:ref766:ord0;page4:tag17:entity1047:key0000022A:ref805:ord0;page4:tag17:entity1046:key00000229:ref806:ord0;page4:tag17:entity1045:key00000228:ref807:ord0;page4:tag17:entity773:key00000034:ref822:ord0;page4:tag17:entity772:key00000033:ref825:ord0;page4:tag17:entity771:key00000032:ref826:ord0;page4:tag17:entity770:key00000031:ref828:ord0;page16:tag15:entity419:key0000003B:ref405:ord0;page16:tag15:entity686:key0000022A:ref444:ord0;page16:tag15:entity685:key00000229:ref445:ord0;page16:tag15:entity684:key00000228:ref446:ord0;page16:tag15:entity412:key00000034:ref461:ord0;page16:tag15:entity411:key00000033:ref464:ord0;page16:tag15:entity410:key00000032:ref465:ord0;page16:tag15:entity409:key00000031:ref467:ord0;page16:tag15:entity780:key0000003B:ref766:ord0;page16:tag15:entity1047:key0000022A:ref805:ord0;page16:tag15:entity1046:key00000229:ref806:ord0;page16:tag15:entity1045:key00000228:ref807:ord0;page16:tag15:entity773:key00000034:ref822:ord0;page16:tag15:entity772:key00000033:ref825:ord0;page16:tag15:entity771:key00000032:ref826:ord0;page16:tag15:entity770:key00000031:ref828:ord0;page22:tag12:entity419:key0000003B:ref405:ord0;page22:tag12:entity686:key0000022A:ref444:ord0;page22:tag12:entity685:key00000229:ref445:ord0;page22:tag12:entity684:key00000228:ref446:ord0;page22:tag12:entity412:key00000034:ref461:ord0;page22:tag12:entity411:key00000033:ref464:ord0;page22:tag12:entity410:key00000032:ref465:ord0;page22:tag12:entity409:key00000031:ref467:ord0;page22:tag12:entity780:key0000003B:ref766:ord0;page22:tag12:entity1047:key0000022A:ref805:ord0;page22:tag12:entity1046:key00000229:ref806:ord0;page22:tag12:entity1045:key00000228:ref807:ord0;page22:tag12:entity773:key00000034:ref822:ord0;page22:tag12:entity772:key00000033:ref825:ord0;page22:tag12:entity771:key00000032:ref826:ord0;page22:tag12:entity770:key00000031:ref828:ord0,Mk.22 Mod.0（ハッシュパピー）,M37,ダンボール戦車砲(スタン砲装備）,,M37,,MATCH,3,3,APPROVED,READY,NOT_TESTED,JPN_PRIMARY; MLG_CN_CONTEXT_AUXILIARY,mechanical template; resource_class=SLOT_OLANG; source_objects=48; review_flag=WEB_TRANSLATED_PENDING_CODEX_CHECK
5D52E4F8,194,406,406;406;406,3,,page4:tag17:entity721:key0000024D:ref406:ord0;page16:tag15:entity721:key0000024D:ref406:ord0;page22:tag12:entity721:key0000024D:ref406:ord0,M37,ダンボール戦車砲(スタン砲装備）,ダンボール戦車砲(スモーク弾装備）,,纸箱战车炮（眩晕炮）,,MATCH,46,30,APPROVED,READY,NOT_TESTED,JPN_PRIMARY; MLG_CN_CONTEXT_AUXILIARY,mechanical template; resource_class=SLOT_OLANG; source_objects=3; review_flag=WEB_TRANSLATED_PENDING_CODEX_CHECK
5D52E4F8,195,407,407;407;407,3,,page4:tag17:entity720:key0000024C:ref407:ord0;page16:tag15:entity720:key0000024C:ref407:ord0;page22:tag12:entity720:key0000024C:ref407:ord0,ダンボール戦車砲(スタン砲装備）,ダンボール戦車砲(スモーク弾装備）,人気ホビー雑誌,,纸箱战车炮（烟雾弹）,,MATCH,49,30,APPROVED,READY,NOT_TESTED,JPN_PRIMARY; MLG_CN_CONTEXT_AUXILIARY,mechanical template; resource_class=SLOT_OLANG; source_objects=3; review_flag=WEB_TRANSLATED_PENDING_CODEX_CHECK
5D52E4F8,196,408,408;409;410;411;519;408;409;410;411;519;408;409;410;411;519,15,,page4:tag17:entity719:key0000024B:ref408:ord0;page4:tag17:entity718:key0000024A:ref409:ord0;page4:tag17:entity717:key00000249:ref410:ord0;page4:tag17:entity716:key00000248:ref411:ord0;page4:tag17:entity637:key00000137:ref519:ord0;page16:tag15:entity719:key0000024B:ref408:ord0;page16:tag15:entity718:key0000024A:ref409:ord0;page16:tag15:entity717:key00000249:ref410:ord0;page16:tag15:entity716:key00000248:ref411:ord0;page16:tag15:entity637:key00000137:ref519:ord0;page22:tag12:entity719:key0000024B:ref408:ord0;page22:tag12:entity718:key0000024A:ref409:ord0;page22:tag12:entity717:key00000249:ref410:ord0;page22:tag12:entity716:key00000248:ref411:ord0;page22:tag12:entity637:key00000137:ref519:ord0,ダンボール戦車砲(スモーク弾装備）,人気ホビー雑誌,M60,,人气爱好杂志,,MATCH,21,18,APPROVED,READY,NOT_TESTED,JPN_PRIMARY; MLG_CN_CONTEXT_AUXILIARY,mechanical template; resource_class=SLOT_OLANG; source_objects=15; review_flag=WEB_TRANSLATED_PENDING_CODEX_CHECK
5D52E4F8,197,412,412;413;414;428;429;430;671;692;773;774;775;789;790;791;1032;1053;412;413;414;428;429;430;671;692;773;774;775;789;790;791;1032;1053;412;413;414;428;429;430;671;692;773;774;775;789;790;791;1032;1053,48,,page4:tag17:entity715:key00000247:ref412:ord0;page4:tag17:entity714:key00000246:ref413:ord0;page4:tag17:entity713:key00000245:ref414:ord0;page4:tag17:entity701:key00000239:ref428:ord0;page4:tag17:entity700:key00000238:ref429:ord0;page4:tag17:entity699:key00000237:ref430:ord0;page4:tag17:entity503:key0000009C:ref671:ord0;page4:tag17:entity484:key00000089:ref692:ord0;page4:tag17:entity1076:key00000247:ref773:ord0;page4:tag17:entity1075:key00000246:ref774:ord0;page4:tag17:entity1074:key00000245:ref775:ord0;page4:tag17:entity1062:key00000239:ref789:ord0;page4:tag17:entity1061:key00000238:ref790:ord0;page4:tag17:entity1060:key00000237:ref791:ord0;page4:tag17:entity864:key0000009C:ref1032:ord0;page4:tag17:entity845:key00000089:ref1053:ord0;page16:tag15:entity715:key00000247:ref412:ord0;page16:tag15:entity714:key00000246:ref413:ord0;page16:tag15:entity713:key00000245:ref414:ord0;page16:tag15:entity701:key00000239:ref428:ord0;page16:tag15:entity700:key00000238:ref429:ord0;page16:tag15:entity699:key00000237:ref430:ord0;page16:tag15:entity503:key0000009C:ref671:ord0;page16:tag15:entity484:key00000089:ref692:ord0;page16:tag15:entity1076:key00000247:ref773:ord0;page16:tag15:entity1075:key00000246:ref774:ord0;page16:tag15:entity1074:key00000245:ref775:ord0;page16:tag15:entity1062:key00000239:ref789:ord0;page16:tag15:entity1061:key00000238:ref790:ord0;page16:tag15:entity1060:key00000237:ref791:ord0;page16:tag15:entity864:key0000009C:ref1032:ord0;page16:tag15:entity845:key00000089:ref1053:ord0;page22:tag12:entity715:key00000247:ref412:ord0;page22:tag12:entity714:key00000246:ref413:ord0;page22:tag12:entity713:key00000245:ref414:ord0;page22:tag12:entity701:key00000239:ref428:ord0;page22:tag12:entity700:key00000238:ref429:ord0;page22:tag12:entity699:key00000237:ref430:ord0;page22:tag12:entity503:key0000009C:ref671:ord0;page22:tag12:entity484:key00000089:ref692:ord0;page22:tag12:entity1076:key00000247:ref773:ord0;page22:tag12:entity1075:key00000246:ref774:ord0;page22:tag12:entity1074:key00000245:ref775:ord0;page22:tag12:entity1062:key00000239:ref789:ord0;page22:tag12:entity1061:key00000238:ref790:ord0;page22:tag12:entity1060:key00000237:ref791:ord0;page22:tag12:entity864:key0000009C:ref1032:ord0;page22:tag12:entity845:key00000089:ref1053:ord0,人気ホビー雑誌,M60,RPG7,,M60,,MATCH,3,3,APPROVED,READY,NOT_TESTED,JPN_PRIMARY; MLG_CN_CONTEXT_AUXILIARY,mechanical template; resource_class=SLOT_OLANG; source_objects=48; review_flag=WEB_TRANSLATED_PENDING_CODEX_CHECK
5D52E4F8,198,415,415;417;418;591;618;619;620;776;778;779;952;979;980;981;415;417;418;591;618;619;620;776;778;779;952;979;980;981;415;417;418;591;618;619;620;776;778;779;952;979;980;981,42,,page4:tag17:entity712:key00000244:ref415:ord0;page4:tag17:entity711:key00000243:ref417:ord0;page4:tag17:entity710:key00000242:ref418:ord0;page4:tag17:entity573:key000000F7:ref591:ord0;page4:tag17:entity549:key000000D6:ref618:ord0;page4:tag17:entity548:key000000D5:ref619:ord0;page4:tag17:entity547:key000000D4:ref620:ord0;page4:tag17:entity1073:key00000244:ref776:ord0;page4:tag17:entity1072:key00000243:ref778:ord0;page4:tag17:entity1071:key00000242:ref779:ord0;page4:tag17:entity934:key000000F7:ref952:ord0;page4:tag17:entity910:key000000D6:ref979:ord0;page4:tag17:entity909:key000000D5:ref980:ord0;page4:tag17:entity908:key000000D4:ref981:ord0;page16:tag15:entity712:key00000244:ref415:ord0;page16:tag15:entity711:key00000243:ref417:ord0;page16:tag15:entity710:key00000242:ref418:ord0;page16:tag15:entity573:key000000F7:ref591:ord0;page16:tag15:entity549:key000000D6:ref618:ord0;page16:tag15:entity548:key000000D5:ref619:ord0;page16:tag15:entity547:key000000D4:ref620:ord0;page16:tag15:entity1073:key00000244:ref776:ord0;page16:tag15:entity1072:key00000243:ref778:ord0;page16:tag15:entity1071:key00000242:ref779:ord0;page16:tag15:entity934:key000000F7:ref952:ord0;page16:tag15:entity910:key000000D6:ref979:ord0;page16:tag15:entity909:key000000D5:ref980:ord0;page16:tag15:entity908:key000000D4:ref981:ord0;page22:tag12:entity712:key00000244:ref415:ord0;page22:tag12:entity711:key00000243:ref417:ord0;page22:tag12:entity710:key00000242:ref418:ord0;page22:tag12:entity573:key000000F7:ref591:ord0;page22:tag12:entity549:key000000D6:ref618:ord0;page22:tag12:entity548:key000000D5:ref619:ord0;page22:tag12:entity547:key000000D4:ref620:ord0;page22:tag12:entity1073:key00000244:ref776:ord0;page22:tag12:entity1072:key00000243:ref778:ord0;page22:tag12:entity1071:key00000242:ref779:ord0;page22:tag12:entity934:key000000F7:ref952:ord0;page22:tag12:entity910:key000000D6:ref979:ord0;page22:tag12:entity909:key000000D5:ref980:ord0;page22:tag12:entity908:key000000D4:ref981:ord0,M60,RPG7,CAW,,RPG7,,MATCH,4,4,APPROVED,READY,NOT_TESTED,JPN_PRIMARY; MLG_CN_CONTEXT_AUXILIARY,mechanical template; resource_class=SLOT_OLANG; source_objects=42; review_flag=WEB_TRANSLATED_PENDING_CODEX_CHECK
5D52E4F8,199,416,416;777;416;777;416;777,6,,page4:tag17:entity418:key0000003A:ref416:ord0;page4:tag17:entity779:key0000003A:ref777:ord0;page16:tag15:entity418:key0000003A:ref416:ord0;page16:tag15:entity779:key0000003A:ref777:ord0;page22:tag12:entity418:key0000003A:ref416:ord0;page22:tag12:entity779:key0000003A:ref777:ord0,RPG7,CAW,RPG7,,CAW,,MATCH,3,3,APPROVED,READY,NOT_TESTED,JPN_PRIMARY; MLG_CN_CONTEXT_AUXILIARY,mechanical template; resource_class=SLOT_OLANG; source_objects=6; review_flag=WEB_TRANSLATED_PENDING_CODEX_CHECK
5D52E4F8,200,419,419;420;592;593;626;627;628;629;780;781;953;954;987;988;989;990;419;420;592;593;626;627;628;629;780;781;953;954;987;988;989;990;419;420;592;593;626;627;628;629;780;781;953;954;987;988;989;990,48,,page4:tag17:entity709:key00000241:ref419:ord0;page4:tag17:entity708:key00000240:ref420:ord0;page4:tag17:entity572:key000000F6:ref592:ord0;page4:tag17:entity571:key000000F5:ref593:ord0;page4:tag17:entity542:key000000CF:ref626:ord0;page4:tag17:entity541:key000000CE:ref627:ord0;page4:tag17:entity540:key000000CD:ref628:ord0;page4:tag17:entity539:key000000CC:ref629:ord0;page4:tag17:entity1070:key00000241:ref780:ord0;page4:tag17:entity1069:key00000240:ref781:ord0;page4:tag17:entity933:key000000F6:ref953:ord0;page4:tag17:entity932:key000000F5:ref954:ord0;page4:tag17:entity903:key000000CF:ref987:ord0;page4:tag17:entity902:key000000CE:ref988:ord0;page4:tag17:entity901:key000000CD:ref989:ord0;page4:tag17:entity900:key000000CC:ref990:ord0;page16:tag15:entity709:key00000241:ref419:ord0;page16:tag15:entity708:key00000240:ref420:ord0;page16:tag15:entity572:key000000F6:ref592:ord0;page16:tag15:entity571:key000000F5:ref593:ord0;page16:tag15:entity542:key000000CF:ref626:ord0;page16:tag15:entity541:key000000CE:ref627:ord0;page16:tag15:entity540:key000000CD:ref628:ord0;page16:tag15:entity539:key000000CC:ref629:ord0;page16:tag15:entity1070:key00000241:ref780:ord0;page16:tag15:entity1069:key00000240:ref781:ord0;page16:tag15:entity933:key000000F6:ref953:ord0;page16:tag15:entity932:key000000F5:ref954:ord0;page16:tag15:entity903:key000000CF:ref987:ord0;page16:tag15:entity902:key000000CE:ref988:ord0;page16:tag15:entity901:key000000CD:ref989:ord0;page16:tag15:entity900:key000000CC:ref990:ord0;page22:tag12:entity709:key00000241:ref419:ord0;page22:tag12:entity708:key00000240:ref420:ord0;page22:tag12:entity572:key000000F6:ref592:ord0;page22:tag12:entity571:key000000F5:ref593:ord0;page22:tag12:entity542:key000000CF:ref626:ord0;page22:tag12:entity541:key000000CE:ref627:ord0;page22:tag12:entity540:key000000CD:ref628:ord0;page22:tag12:entity539:key000000CC:ref629:ord0;page22:tag12:entity1070:key00000241:ref780:ord0;page22:tag12:entity1069:key00000240:ref781:ord0;page22:tag12:entity933:key000000F6:ref953:ord0;page22:tag12:entity932:key000000F5:ref954:ord0;page22:tag12:entity903:key000000CF:ref987:ord0;page22:tag12:entity902:key000000CE:ref988:ord0;page22:tag12:entity901:key000000CD:ref989:ord0;page22:tag12:entity900:key000000CC:ref990:ord0,RPG7,LAW,PKM,,LAW,,MATCH,3,3,APPROVED,READY,NOT_TESTED,JPN_PRIMARY; MLG_CN_CONTEXT_AUXILIARY,mechanical template; resource_class=SLOT_OLANG; source_objects=48; review_flag=WEB_TRANSLATED_PENDING_CODEX_CHECK
5D52E4F8,201,421,421;422;423;669;680;681;682;683;684;782;783;784;1030;1041;1042;1043;1044;1045;421;422;423;669;680;681;682;683;684;782;783;784;1030;1041;1042;1043;1044;1045;421;422;423;669;680;681;682;683;684;782;783;784;1030;1041;1042;1043;1044;1045,54,,page4:tag17:entity707:key0000023F:ref421:ord0;page4:tag17:entity706:key0000023E:ref422:ord0;page4:tag17:entity705:key0000023D:ref423:ord0;page4:tag17:entity505:key0000009E:ref669:ord0;page4:tag17:entity495:key00000094:ref680:ord0;page4:tag17:entity494:key00000093:ref681:ord0;page4:tag17:entity493:key00000092:ref682:ord0;page4:tag17:entity492:key00000091:ref683:ord0;page4:tag17:entity491:key00000090:ref684:ord0;page4:tag17:entity1068:key0000023F:ref782:ord0;page4:tag17:entity1067:key0000023E:ref783:ord0;page4:tag17:entity1066:key0000023D:ref784:ord0;page4:tag17:entity866:key0000009E:ref1030:ord0;page4:tag17:entity856:key00000094:ref1041:ord0;page4:tag17:entity855:key00000093:ref1042:ord0;page4:tag17:entity854:key00000092:ref1043:ord0;page4:tag17:entity853:key00000091:ref1044:ord0;page4:tag17:entity852:key00000090:ref1045:ord0;page16:tag15:entity707:key0000023F:ref421:ord0;page16:tag15:entity706:key0000023E:ref422:ord0;page16:tag15:entity705:key0000023D:ref423:ord0;page16:tag15:entity505:key0000009E:ref669:ord0;page16:tag15:entity495:key00000094:ref680:ord0;page16:tag15:entity494:key00000093:ref681:ord0;page16:tag15:entity493:key00000092:ref682:ord0;page16:tag15:entity492:key00000091:ref683:ord0;page16:tag15:entity491:key00000090:ref684:ord0;page16:tag15:entity1068:key0000023F:ref782:ord0;page16:tag15:entity1067:key0000023E:ref783:ord0;page16:tag15:entity1066:key0000023D:ref784:ord0;page16:tag15:entity866:key0000009E:ref1030:ord0;page16:tag15:entity856:key00000094:ref1041:ord0;page16:tag15:entity855:key00000093:ref1042:ord0;page16:tag15:entity854:key00000092:ref1043:ord0;page16:tag15:entity853:key00000091:ref1044:ord0;page16:tag15:entity852:key00000090:ref1045:ord0;page22:tag12:entity707:key0000023F:ref421:ord0;page22:tag12:entity706:key0000023E:ref422:ord0;page22:tag12:entity705:key0000023D:ref423:ord0;page22:tag12:entity505:key0000009E:ref669:ord0;page22:tag12:entity495:key00000094:ref680:ord0;page22:tag12:entity494:key00000093:ref681:ord0;page22:tag12:entity493:key00000092:ref682:ord0;page22:tag12:entity492:key00000091:ref683:ord0;page22:tag12:entity491:key00000090:ref684:ord0;page22:tag12:entity1068:key0000023F:ref782:ord0;page22:tag12:entity1067:key0000023E:ref783:ord0;page22:tag12:entity1066:key0000023D:ref784:ord0;page22:tag12:entity866:key0000009E:ref1030:ord0;page22:tag12:entity856:key00000094:ref1041:ord0;page22:tag12:entity855:key00000093:ref1042:ord0;page22:tag12:entity854:key00000092:ref1043:ord0;page22:tag12:entity853:key00000091:ref1044:ord0;page22:tag12:entity852:key00000090:ref1045:ord0,LAW,PKM,M63A1,,PKM,,MATCH,3,3,APPROVED,READY,NOT_TESTED,JPN_PRIMARY; MLG_CN_CONTEXT_AUXILIARY,mechanical template; resource_class=SLOT_OLANG; source_objects=54; review_flag=WEB_TRANSLATED_PENDING_CODEX_CHECK
5D52E4F8,202,424,424;425;426;670;685;686;687;785;786;787;1031;1046;1047;1048;424;425;426;670;685;686;687;785;786;787;1031;1046;1047;1048;424;425;426;670;685;686;687;785;786;787;1031;1046;1047;1048,42,,page4:tag17:entity704:key0000023C:ref424:ord0;page4:tag17:entity703:key0000023B:ref425:ord0;page4:tag17:entity702:key0000023A:ref426:ord0;page4:tag17:entity504:key0000009D:ref670:ord0;page4:tag17:entity490:key0000008F:ref685:ord0;page4:tag17:entity489:key0000008E:ref686:ord0;page4:tag17:entity488:key0000008D:ref687:ord0;page4:tag17:entity1065:key0000023C:ref785:ord0;page4:tag17:entity1064:key0000023B:ref786:ord0;page4:tag17:entity1063:key0000023A:ref787:ord0;page4:tag17:entity865:key0000009D:ref1031:ord0;page4:tag17:entity851:key0000008F:ref1046:ord0;page4:tag17:entity850:key0000008E:ref1047:ord0;page4:tag17:entity849:key0000008D:ref1048:ord0;page16:tag15:entity704:key0000023C:ref424:ord0;page16:tag15:entity703:key0000023B:ref425:ord0;page16:tag15:entity702:key0000023A:ref426:ord0;page16:tag15:entity504:key0000009D:ref670:ord0;page16:tag15:entity490:key0000008F:ref685:ord0;page16:tag15:entity489:key0000008E:ref686:ord0;page16:tag15:entity488:key0000008D:ref687:ord0;page16:tag15:entity1065:key0000023C:ref785:ord0;page16:tag15:entity1064:key0000023B:ref786:ord0;page16:tag15:entity1063:key0000023A:ref787:ord0;page16:tag15:entity865:key0000009D:ref1031:ord0;page16:tag15:entity851:key0000008F:ref1046:ord0;page16:tag15:entity850:key0000008E:ref1047:ord0;page16:tag15:entity849:key0000008D:ref1048:ord0;page22:tag12:entity704:key0000023C:ref424:ord0;page22:tag12:entity703:key0000023B:ref425:ord0;page22:tag12:entity702:key0000023A:ref426:ord0;page22:tag12:entity504:key0000009D:ref670:ord0;page22:tag12:entity490:key0000008F:ref685:ord0;page22:tag12:entity489:key0000008E:ref686:ord0;page22:tag12:entity488:key0000008D:ref687:ord0;page22:tag12:entity1065:key0000023C:ref785:ord0;page22:tag12:entity1064:key0000023B:ref786:ord0;page22:tag12:entity1063:key0000023A:ref787:ord0;page22:tag12:entity865:key0000009D:ref1031:ord0;page22:tag12:entity851:key0000008F:ref1046:ord0;page22:tag12:entity850:key0000008E:ref1047:ord0;page22:tag12:entity849:key0000008D:ref1048:ord0,PKM,M63A1,スパス12,,M63A1,,MATCH,5,5,APPROVED,READY,NOT_TESTED,JPN_PRIMARY; MLG_CN_CONTEXT_AUXILIARY,mechanical template; resource_class=SLOT_OLANG; source_objects=42; review_flag=WEB_TRANSLATED_PENDING_CODEX_CHECK
5D52E4F8,203,431,431;432;433;694;706;707;708;792;793;794;1055;1067;1068;1069;431;432;433;694;706;707;708;792;793;794;1055;1067;1068;1069;431;432;433;694;706;707;708;792;793;794;1055;1067;1068;1069,42,,page4:tag17:entity698:key00000236:ref431:ord0;page4:tag17:entity697:key00000235:ref432:ord0;page4:tag17:entity696:key00000234:ref433:ord0;page4:tag17:entity482:key00000087:ref694:ord0;page4:tag17:entity472:key00000070:ref706:ord0;page4:tag17:entity471:key0000006F:ref707:ord0;page4:tag17:entity470:key0000006E:ref708:ord0;page4:tag17:entity1059:key00000236:ref792:ord0;page4:tag17:entity1058:key00000235:ref793:ord0;page4:tag17:entity1057:key00000234:ref794:ord0;page4:tag17:entity843:key00000087:ref1055:ord0;page4:tag17:entity833:key00000070:ref1067:ord0;page4:tag17:entity832:key0000006F:ref1068:ord0;page4:tag17:entity831:key0000006E:ref1069:ord0;page16:tag15:entity698:key00000236:ref431:ord0;page16:tag15:entity697:key00000235:ref432:ord0;page16:tag15:entity696:key00000234:ref433:ord0;page16:tag15:entity482:key00000087:ref694:ord0;page16:tag15:entity472:key00000070:ref706:ord0;page16:tag15:entity471:key0000006F:ref707:ord0;page16:tag15:entity470:key0000006E:ref708:ord0;page16:tag15:entity1059:key00000236:ref792:ord0;page16:tag15:entity1058:key00000235:ref793:ord0;page16:tag15:entity1057:key00000234:ref794:ord0;page16:tag15:entity843:key00000087:ref1055:ord0;page16:tag15:entity833:key00000070:ref1067:ord0;page16:tag15:entity832:key0000006F:ref1068:ord0;page16:tag15:entity831:key0000006E:ref1069:ord0;page22:tag12:entity698:key00000236:ref431:ord0;page22:tag12:entity697:key00000235:ref432:ord0;page22:tag12:entity696:key00000234:ref433:ord0;page22:tag12:entity482:key00000087:ref694:ord0;page22:tag12:entity472:key00000070:ref706:ord0;page22:tag12:entity471:key0000006F:ref707:ord0;page22:tag12:entity470:key0000006E:ref708:ord0;page22:tag12:entity1059:key00000236:ref792:ord0;page22:tag12:entity1058:key00000235:ref793:ord0;page22:tag12:entity1057:key00000234:ref794:ord0;page22:tag12:entity843:key00000087:ref1055:ord0;page22:tag12:entity833:key00000070:ref1067:ord0;page22:tag12:entity832:key0000006F:ref1068:ord0;page22:tag12:entity831:key0000006E:ref1069:ord0,M60,FAL,Vz61,,FAL,,MATCH,3,3,APPROVED,READY,NOT_TESTED,JPN_PRIMARY; MLG_CN_CONTEXT_AUXILIARY,mechanical template; resource_class=SLOT_OLANG; source_objects=42; review_flag=WEB_TRANSLATED_PENDING_CODEX_CHECK
5D52E4F8,204,451,451;451;451,3,,page4:tag17:entity414:key00000036:ref451:ord0;page16:tag15:entity414:key00000036:ref451:ord0;page22:tag12:entity414:key00000036:ref451:ord0,（不要）,M37(精密射撃モデル),（不要）,,M37（精密射击型）,,MATCH,26,24,APPROVED,READY,NOT_TESTED,JPN_PRIMARY; MLG_CN_CONTEXT_AUXILIARY,mechanical template; resource_class=SLOT_OLANG; source_objects=3; review_flag=WEB_TRANSLATED_PENDING_CODEX_CHECK
5D52E4F8,205,453,453;453;453,3,,page4:tag17:entity413:key00000035:ref453:ord0;page16:tag15:entity413:key00000035:ref453:ord0;page22:tag12:entity413:key00000035:ref453:ord0,（不要）,M37(ロングバレル),（不要）,,M37（长枪管）,,MATCH,23,18,APPROVED,READY,NOT_TESTED,JPN_PRIMARY; MLG_CN_CONTEXT_AUXILIARY,mechanical template; resource_class=SLOT_OLANG; source_objects=3; review_flag=WEB_TRANSLATED_PENDING_CODEX_CHECK
5D52E4F8,206,468,468;469;472;468;469;472;468;469;472,9,,page4:tag17:entity408:key00000030:ref468:ord0;page4:tag17:entity407:key0000002F:ref469:ord0;page4:tag17:entity406:key0000002E:ref472:ord0;page16:tag15:entity408:key00000030:ref468:ord0;page16:tag15:entity407:key0000002F:ref469:ord0;page16:tag15:entity406:key0000002E:ref472:ord0;page22:tag12:entity408:key00000030:ref468:ord0;page22:tag12:entity407:key0000002F:ref469:ord0;page22:tag12:entity406:key0000002E:ref472:ord0,M37,水平二連ショットガン（ゴム弾）,（不要）,,水平双管霰弹枪（橡胶弹）,,MATCH,45,36,APPROVED,READY,NOT_TESTED,JPN_PRIMARY; MLG_CN_CONTEXT_AUXILIARY,mechanical template; resource_class=SLOT_OLANG; source_objects=9; review_flag=WEB_TRANSLATED_PENDING_CODEX_CHECK
5D52E4F8,207,475,475;476;477;478;479;475;476;477;478;479;475;476;477;478;479,15,,page4:tag17:entity405:key0000002D:ref475:ord0;page4:tag17:entity404:key0000002C:ref476:ord0;page4:tag17:entity403:key0000002B:ref477:ord0;page4:tag17:entity402:key0000002A:ref478:ord0;page4:tag17:entity401:key00000029:ref479:ord0;page16:tag15:entity405:key0000002D:ref475:ord0;page16:tag15:entity404:key0000002C:ref476:ord0;page16:tag15:entity403:key0000002B:ref477:ord0;page16:tag15:entity402:key0000002A:ref478:ord0;page16:tag15:entity401:key00000029:ref479:ord0;page22:tag12:entity405:key0000002D:ref475:ord0;page22:tag12:entity404:key0000002C:ref476:ord0;page22:tag12:entity403:key0000002B:ref477:ord0;page22:tag12:entity402:key0000002A:ref478:ord0;page22:tag12:entity401:key00000029:ref479:ord0,（不要）,水平二連ショットガン,（不要）,,水平双管霰弹枪,,MATCH,30,21,APPROVED,READY,NOT_TESTED,JPN_PRIMARY; MLG_CN_CONTEXT_AUXILIARY,mechanical template; resource_class=SLOT_OLANG; source_objects=15; review_flag=WEB_TRANSLATED_PENDING_CODEX_CHECK
5D52E4F8,208,485,485;632;846;993;485;632;846;993;485;632;846;993,12,,page4:tag17:entity400:key00000028:ref485:ord0;page4:tag17:entity380:key00000014:ref632:ord0;page4:tag17:entity761:key00000028:ref846:ord0;page4:tag17:entity741:key00000014:ref993:ord0;page16:tag15:entity400:key00000028:ref485:ord0;page16:tag15:entity380:key00000014:ref632:ord0;page16:tag15:entity761:key00000028:ref846:ord0;page16:tag15:entity741:key00000014:ref993:ord0;page22:tag12:entity400:key00000028:ref485:ord0;page22:tag12:entity380:key00000014:ref632:ord0;page22:tag12:entity761:key00000028:ref846:ord0;page22:tag12:entity741:key00000014:ref993:ord0,（不要）,PM,Mk.22 Mod.0（ハッシュパピー）,,PM,,MATCH,2,2,APPROVED,READY,NOT_TESTED,JPN_PRIMARY; MLG_CN_CONTEXT_AUXILIARY,mechanical template; resource_class=SLOT_OLANG; source_objects=12; review_flag=WEB_TRANSLATED_PENDING_CODEX_CHECK
5D52E4F8,209,487,487;488;667;678;848;849;1028;1039;487;488;667;678;848;849;1028;1039;487;488;667;678;848;849;1028;1039,24,,page4:tag17:entity399:key00000027:ref487:ord0;page4:tag17:entity398:key00000026:ref488:ord0;page4:tag17:entity376:key00000010:ref667:ord0;page4:tag17:entity375:key0000000F:ref678:ord0;page4:tag17:entity760:key00000027:ref848:ord0;page4:tag17:entity759:key00000026:ref849:ord0;page4:tag17:entity737:key00000010:ref1028:ord0;page4:tag17:entity736:key0000000F:ref1039:ord0;page16:tag15:entity399:key00000027:ref487:ord0;page16:tag15:entity398:key00000026:ref488:ord0;page16:tag15:entity376:key00000010:ref667:ord0;page16:tag15:entity375:key0000000F:ref678:ord0;page16:tag15:entity760:key00000027:ref848:ord0;page16:tag15:entity759:key00000026:ref849:ord0;page16:tag15:entity737:key00000010:ref1028:ord0;page16:tag15:entity736:key0000000F:ref1039:ord0;page22:tag12:entity399:key00000027:ref487:ord0;page22:tag12:entity398:key00000026:ref488:ord0;page22:tag12:entity376:key00000010:ref667:ord0;page22:tag12:entity375:key0000000F:ref678:ord0;page22:tag12:entity760:key00000027:ref848:ord0;page22:tag12:entity759:key00000026:ref849:ord0;page22:tag12:entity737:key00000010:ref1028:ord0;page22:tag12:entity736:key0000000F:ref1039:ord0,Mk.22 Mod.0（ハッシュパピー）,M1911A1,バナナ,,M1911A1,,MATCH,7,7,APPROVED,READY,NOT_TESTED,JPN_PRIMARY; MLG_CN_CONTEXT_AUXILIARY,mechanical template; resource_class=SLOT_OLANG; source_objects=24; review_flag=WEB_TRANSLATED_PENDING_CODEX_CHECK
5D52E4F8,210,489,489;489;489,3,,page4:tag17:entity397:key00000025:ref489:ord0;page16:tag15:entity397:key00000025:ref489:ord0;page22:tag12:entity397:key00000025:ref489:ord0,M1911A1,バナナ,支援砲撃マーカー射出器,,香蕉,,MATCH,9,6,APPROVED,READY,NOT_TESTED,JPN_PRIMARY; MLG_CN_CONTEXT_AUXILIARY,mechanical template; resource_class=SLOT_OLANG; source_objects=3; review_flag=WEB_TRANSLATED_PENDING_CODEX_CHECK
5D52E4F8,211,490,490;491;492;490;491;492;490;491;492,9,,page4:tag17:entity396:key00000024:ref490:ord0;page4:tag17:entity395:key00000023:ref491:ord0;page4:tag17:entity394:key00000022:ref492:ord0;page16:tag15:entity396:key00000024:ref490:ord0;page16:tag15:entity395:key00000023:ref491:ord0;page16:tag15:entity394:key00000022:ref492:ord0;page22:tag12:entity396:key00000024:ref490:ord0;page22:tag12:entity395:key00000023:ref491:ord0;page22:tag12:entity394:key00000022:ref492:ord0,バナナ,支援砲撃マーカー射出器,何もない…,,支援炮击标记发射器,,MATCH,33,27,APPROVED,READY,NOT_TESTED,JPN_PRIMARY; MLG_CN_CONTEXT_AUXILIARY,mechanical template; resource_class=SLOT_OLANG; source_objects=9; review_flag=WEB_TRANSLATED_PENDING_CODEX_CHECK
5D52E4F8,212,493,493;494;495;496;497;493;494;495;496;497;493;494;495;496;497,15,,page4:tag17:entity661:key0000014F:ref493:ord0;page4:tag17:entity660:key0000014E:ref494:ord0;page4:tag17:entity659:key0000014D:ref495:ord0;page4:tag17:entity658:key0000014C:ref496:ord0;page4:tag17:entity657:key0000014B:ref497:ord0;page16:tag15:entity661:key0000014F:ref493:ord0;page16:tag15:entity660:key0000014E:ref494:ord0;page16:tag15:entity659:key0000014D:ref495:ord0;page16:tag15:entity658:key0000014C:ref496:ord0;page16:tag15:entity657:key0000014B:ref497:ord0;page22:tag12:entity661:key0000014F:ref493:ord0;page22:tag12:entity660:key0000014E:ref494:ord0;page22:tag12:entity659:key0000014D:ref495:ord0;page22:tag12:entity658:key0000014C:ref496:ord0;page22:tag12:entity657:key0000014B:ref497:ord0,支援砲撃マーカー射出器,何もない…,支援砲撃マーカー（設置型）,,什么都没有……,,MATCH,15,21,APPROVED,READY,NOT_TESTED,JPN_PRIMARY; MLG_CN_CONTEXT_AUXILIARY,mechanical template; resource_class=SLOT_OLANG; source_objects=15; review_flag=WEB_TRANSLATED_PENDING_CODEX_CHECK
5D52E4F8,213,498,498;498;498,3,,page4:tag17:entity656:key0000014A:ref498:ord0;page16:tag15:entity656:key0000014A:ref498:ord0;page22:tag12:entity656:key0000014A:ref498:ord0,何もない…,支援砲撃マーカー（設置型）,支援補給マーカー射出器,,支援炮击标记（设置型）,,MATCH,39,33,APPROVED,READY,NOT_TESTED,JPN_PRIMARY; MLG_CN_CONTEXT_AUXILIARY,mechanical template; resource_class=SLOT_OLANG; source_objects=3; review_flag=WEB_TRANSLATED_PENDING_CODEX_CHECK
5D52E4F8,214,499,499;510;521;499;510;521;499;510;521,9,,page4:tag17:entity393:key00000021:ref499:ord0;page4:tag17:entity392:key00000020:ref510:ord0;page4:tag17:entity391:key0000001F:ref521:ord0;page16:tag15:entity393:key00000021:ref499:ord0;page16:tag15:entity392:key00000020:ref510:ord0;page16:tag15:entity391:key0000001F:ref521:ord0;page22:tag12:entity393:key00000021:ref499:ord0;page22:tag12:entity392:key00000020:ref510:ord0;page22:tag12:entity391:key0000001F:ref521:ord0,支援砲撃マーカー（設置型）,支援補給マーカー射出器,支援補給マーカー（設置型）,,支援补给标记发射器,,MATCH,33,27,APPROVED,READY,NOT_TESTED,JPN_PRIMARY; MLG_CN_CONTEXT_AUXILIARY,mechanical template; resource_class=SLOT_OLANG; source_objects=9; review_flag=WEB_TRANSLATED_PENDING_CODEX_CHECK
5D52E4F8,215,500,500;500;500,3,,page4:tag17:entity655:key00000149:ref500:ord0;page16:tag15:entity655:key00000149:ref500:ord0;page22:tag12:entity655:key00000149:ref500:ord0,支援補給マーカー射出器,支援補給マーカー（設置型）,睡眠ガス地雷,,支援补给标记（设置型）,,MATCH,39,33,APPROVED,READY,NOT_TESTED,JPN_PRIMARY; MLG_CN_CONTEXT_AUXILIARY,mechanical template; resource_class=SLOT_OLANG; source_objects=3; review_flag=WEB_TRANSLATED_PENDING_CODEX_CHECK
5D52E4F8,216,501,501;501;501,3,,page4:tag17:entity654:key00000148:ref501:ord0;page16:tag15:entity654:key00000148:ref501:ord0;page22:tag12:entity654:key00000148:ref501:ord0,支援補給マーカー（設置型）,睡眠ガス地雷,空中機雷,,睡眠瓦斯地雷,,MATCH,18,18,APPROVED,READY,NOT_TESTED,JPN_PRIMARY; MLG_CN_CONTEXT_AUXILIARY,mechanical template; resource_class=SLOT_OLANG; source_objects=3; review_flag=WEB_TRANSLATED_PENDING_CODEX_CHECK
5D52E4F8,217,503,503;504;505;506;507;503;504;505;506;507;503;504;505;506;507,15,,page4:tag17:entity652:key00000146:ref503:ord0;page4:tag17:entity651:key00000145:ref504:ord0;page4:tag17:entity650:key00000144:ref505:ord0;page4:tag17:entity649:key00000143:ref506:ord0;page4:tag17:entity648:key00000142:ref507:ord0;page16:tag15:entity652:key00000146:ref503:ord0;page16:tag15:entity651:key00000145:ref504:ord0;page16:tag15:entity650:key00000144:ref505:ord0;page16:tag15:entity649:key00000143:ref506:ord0;page16:tag15:entity648:key00000142:ref507:ord0;page22:tag12:entity652:key00000146:ref503:ord0;page22:tag12:entity651:key00000145:ref504:ord0;page22:tag12:entity650:key00000144:ref505:ord0;page22:tag12:entity649:key00000143:ref506:ord0;page22:tag12:entity648:key00000142:ref507:ord0,睡眠ガス地雷,空中機雷,デコイ,,空中地雷,,MATCH,12,12,APPROVED,READY,NOT_TESTED,JPN_PRIMARY; MLG_CN_CONTEXT_AUXILIARY,mechanical template; resource_class=SLOT_OLANG; source_objects=15; review_flag=WEB_TRANSLATED_PENDING_CODEX_CHECK
5D52E4F8,218,508,508;509;511;512;513;508;509;511;512;513;508;509;511;512;513,15,,page4:tag17:entity647:key00000141:ref508:ord0;page4:tag17:entity646:key00000140:ref509:ord0;page4:tag17:entity645:key0000013F:ref511:ord0;page4:tag17:entity644:key0000013E:ref512:ord0;page4:tag17:entity643:key0000013D:ref513:ord0;page16:tag15:entity647:key00000141:ref508:ord0;page16:tag15:entity646:key00000140:ref509:ord0;page16:tag15:entity645:key0000013F:ref511:ord0;page16:tag15:entity644:key0000013E:ref512:ord0;page16:tag15:entity643:key0000013D:ref513:ord0;page22:tag12:entity647:key00000141:ref508:ord0;page22:tag12:entity646:key00000140:ref509:ord0;page22:tag12:entity645:key0000013F:ref511:ord0;page22:tag12:entity644:key0000013E:ref512:ord0;page22:tag12:entity643:key0000013D:ref513:ord0,空中機雷,デコイ,支援補給マーカー射出器,,诱饵,,MATCH,9,6,APPROVED,READY,NOT_TESTED,JPN_PRIMARY; MLG_CN_CONTEXT_AUXILIARY,mechanical template; resource_class=SLOT_OLANG; source_objects=15; review_flag=WEB_TRANSLATED_PENDING_CODEX_CHECK
5D52E4F8,219,514,514;515;516;517;518;514;515;516;517;518;514;515;516;517;518,15,,page4:tag17:entity642:key0000013C:ref514:ord0;page4:tag17:entity641:key0000013B:ref515:ord0;page4:tag17:entity640:key0000013A:ref516:ord0;page4:tag17:entity639:key00000139:ref517:ord0;page4:tag17:entity638:key00000138:ref518:ord0;page16:tag15:entity642:key0000013C:ref514:ord0;page16:tag15:entity641:key0000013B:ref515:ord0;page16:tag15:entity640:key0000013A:ref516:ord0;page16:tag15:entity639:key00000139:ref517:ord0;page16:tag15:entity638:key00000138:ref518:ord0;page22:tag12:entity642:key0000013C:ref514:ord0;page22:tag12:entity641:key0000013B:ref515:ord0;page22:tag12:entity640:key0000013A:ref516:ord0;page22:tag12:entity639:key00000139:ref517:ord0;page22:tag12:entity638:key00000138:ref518:ord0,デコイ,対戦車地雷,人気ホビー雑誌,,反坦克地雷,,MATCH,15,15,APPROVED,READY,NOT_TESTED,JPN_PRIMARY; MLG_CN_CONTEXT_AUXILIARY,mechanical template; resource_class=SLOT_OLANG; source_objects=15; review_flag=WEB_TRANSLATED_PENDING_CODEX_CHECK
5D52E4F8,220,520,520;520;520,3,,page4:tag17:entity636:key00000136:ref520:ord0;page16:tag15:entity636:key00000136:ref520:ord0;page22:tag12:entity636:key00000136:ref520:ord0,人気ホビー雑誌,週刊少年マガジン,支援補給マーカー射出器,,周刊少年Magazine,,MATCH,24,20,APPROVED,READY,NOT_TESTED,JPN_PRIMARY; MLG_CN_CONTEXT_AUXILIARY,mechanical template; resource_class=SLOT_OLANG; source_objects=3; review_flag=WEB_TRANSLATED_PENDING_CODEX_CHECK
5D52E4F8,221,522,522;522;522,3,,page4:tag17:entity635:key00000135:ref522:ord0;page16:tag15:entity635:key00000135:ref522:ord0;page22:tag12:entity635:key00000135:ref522:ord0,支援補給マーカー射出器,電撃ゲームス,電撃PlayStation®,,电击Games,,MATCH,18,11,APPROVED,READY,NOT_TESTED,JPN_PRIMARY; MLG_CN_CONTEXT_AUXILIARY,mechanical template; resource_class=SLOT_OLANG; source_objects=3; review_flag=WEB_TRANSLATED_PENDING_CODEX_CHECK
5D52E4F8,222,523,523;523;523,3,,page4:tag17:entity634:key00000134:ref523:ord0;page16:tag15:entity634:key00000134:ref523:ord0;page22:tag12:entity634:key00000134:ref523:ord0,電撃ゲームス,電撃PlayStation®,週刊ファミ通,,电击PlayStation®,,MATCH,19,19,APPROVED,READY,NOT_TESTED,JPN_PRIMARY; MLG_CN_CONTEXT_AUXILIARY,mechanical template; resource_class=SLOT_OLANG; source_objects=3; review_flag=WEB_TRANSLATED_PENDING_CODEX_CHECK
5D52E4F8,223,524,524;524;524,3,,page4:tag17:entity633:key00000133:ref524:ord0;page16:tag15:entity633:key00000133:ref524:ord0;page22:tag12:entity633:key00000133:ref524:ord0,電撃PlayStation®,週刊ファミ通,料理本,,周刊Fami通,,MATCH,18,13,APPROVED,READY,NOT_TESTED,JPN_PRIMARY; MLG_CN_CONTEXT_AUXILIARY,mechanical template; resource_class=SLOT_OLANG; source_objects=3; review_flag=WEB_TRANSLATED_PENDING_CODEX_CHECK
5D52E4F8,224,525,525;526;527;528;529;525;526;527;528;529;525;526;527;528;529,15,,page4:tag17:entity632:key00000132:ref525:ord0;page4:tag17:entity631:key00000131:ref526:ord0;page4:tag17:entity630:key00000130:ref527:ord0;page4:tag17:entity629:key0000012F:ref528:ord0;page4:tag17:entity628:key0000012E:ref529:ord0;page16:tag15:entity632:key00000132:ref525:ord0;page16:tag15:entity631:key00000131:ref526:ord0;page16:tag15:entity630:key00000130:ref527:ord0;page16:tag15:entity629:key0000012F:ref528:ord0;page16:tag15:entity628:key0000012E:ref529:ord0;page22:tag12:entity632:key00000132:ref525:ord0;page22:tag12:entity631:key00000131:ref526:ord0;page22:tag12:entity630:key00000130:ref527:ord0;page22:tag12:entity629:key0000012F:ref528:ord0;page22:tag12:entity628:key0000012E:ref529:ord0,週刊ファミ通,料理本,？？？,,烹饪书,,MATCH,9,9,APPROVED,READY,NOT_TESTED,JPN_PRIMARY; MLG_CN_CONTEXT_AUXILIARY,mechanical template; resource_class=SLOT_OLANG; source_objects=15; review_flag=WEB_TRANSLATED_PENDING_CODEX_CHECK
5D52E4F8,225,532,532;544;555;893;905;916;532;544;555;893;905;916;532;544;555;893;905;916,18,,page4:tag17:entity390:key0000001E:ref532:ord0;page4:tag17:entity389:key0000001D:ref544:ord0;page4:tag17:entity388:key0000001C:ref555:ord0;page4:tag17:entity751:key0000001E:ref893:ord0;page4:tag17:entity750:key0000001D:ref905:ord0;page4:tag17:entity749:key0000001C:ref916:ord0;page16:tag15:entity390:key0000001E:ref532:ord0;page16:tag15:entity389:key0000001D:ref544:ord0;page16:tag15:entity388:key0000001C:ref555:ord0;page16:tag15:entity751:key0000001E:ref893:ord0;page16:tag15:entity750:key0000001D:ref905:ord0;page16:tag15:entity749:key0000001C:ref916:ord0;page22:tag12:entity390:key0000001E:ref532:ord0;page22:tag12:entity389:key0000001D:ref544:ord0;page22:tag12:entity388:key0000001C:ref555:ord0;page22:tag12:entity751:key0000001E:ref893:ord0;page22:tag12:entity750:key0000001D:ref905:ord0;page22:tag12:entity749:key0000001C:ref916:ord0,？？？,C96,Mk.22 Mod.0（ハッシュパピー）,,C96,,MATCH,3,3,APPROVED,READY,NOT_TESTED,JPN_PRIMARY; MLG_CN_CONTEXT_AUXILIARY,mechanical template; resource_class=SLOT_OLANG; source_objects=18; review_flag=WEB_TRANSLATED_PENDING_CODEX_CHECK
5D52E4F8,226,537,537;538;539;540;541;537;538;539;540;541;537;538;539;540;541,15,,page4:tag17:entity622:key00000128:ref537:ord0;page4:tag17:entity621:key00000127:ref538:ord0;page4:tag17:entity620:key00000126:ref539:ord0;page4:tag17:entity619:key00000125:ref540:ord0;page4:tag17:entity618:key00000124:ref541:ord0;page16:tag15:entity622:key00000128:ref537:ord0;page16:tag15:entity621:key00000127:ref538:ord0;page16:tag15:entity620:key00000126:ref539:ord0;page16:tag15:entity619:key00000125:ref540:ord0;page16:tag15:entity618:key00000124:ref541:ord0;page22:tag12:entity622:key00000128:ref537:ord0;page22:tag12:entity621:key00000127:ref538:ord0;page22:tag12:entity620:key00000126:ref539:ord0;page22:tag12:entity619:key00000125:ref540:ord0;page22:tag12:entity618:key00000124:ref541:ord0,？？？,雑誌,クレイモア地雷,,杂志,,MATCH,6,6,APPROVED,READY,NOT_TESTED,JPN_PRIMARY; MLG_CN_CONTEXT_AUXILIARY,mechanical template; resource_class=SLOT_OLANG; source_objects=15; review_flag=WEB_TRANSLATED_PENDING_CODEX_CHECK
5D52E4F8,227,542,542;543;545;546;547;542;543;545;546;547;542;543;545;546;547,15,,page4:tag17:entity617:key00000123:ref542:ord0;page4:tag17:entity616:key00000122:ref543:ord0;page4:tag17:entity615:key00000121:ref545:ord0;page4:tag17:entity614:key00000120:ref546:ord0;page4:tag17:entity613:key0000011F:ref547:ord0;page16:tag15:entity617:key00000123:ref542:ord0;page16:tag15:entity616:key00000122:ref543:ord0;page16:tag15:entity615:key00000121:ref545:ord0;page16:tag15:entity614:key00000120:ref546:ord0;page16:tag15:entity613:key0000011F:ref547:ord0;page22:tag12:entity617:key00000123:ref542:ord0;page22:tag12:entity616:key00000122:ref543:ord0;page22:tag12:entity615:key00000121:ref545:ord0;page22:tag12:entity614:key00000120:ref546:ord0;page22:tag12:entity613:key0000011F:ref547:ord0,雑誌,クレイモア地雷,C96,,阔剑地雷,,MATCH,21,12,APPROVED,READY,NOT_TESTED,JPN_PRIMARY; MLG_CN_CONTEXT_AUXILIARY,mechanical template; resource_class=SLOT_OLANG; source_objects=15; review_flag=WEB_TRANSLATED_PENDING_CODEX_CHECK
5D52E4F8,228,548,548;549;550;551;552;548;549;550;551;552;548;549;550;551;552,15,,page4:tag17:entity612:key0000011E:ref548:ord0;page4:tag17:entity611:key0000011D:ref549:ord0;page4:tag17:entity610:key0000011C:ref550:ord0;page4:tag17:entity609:key0000011B:ref551:ord0;page4:tag17:entity608:key0000011A:ref552:ord0;page16:tag15:entity612:key0000011E:ref548:ord0;page16:tag15:entity611:key0000011D:ref549:ord0;page16:tag15:entity610:key0000011C:ref550:ord0;page16:tag15:entity609:key0000011B:ref551:ord0;page16:tag15:entity608:key0000011A:ref552:ord0;page22:tag12:entity612:key0000011E:ref548:ord0;page22:tag12:entity611:key0000011D:ref549:ord0;page22:tag12:entity610:key0000011C:ref550:ord0;page22:tag12:entity609:key0000011B:ref551:ord0;page22:tag12:entity608:key0000011A:ref552:ord0,クレイモア地雷,C4爆弾,『電磁ネット。』,,C4炸弹,,MATCH,8,8,APPROVED,READY,NOT_TESTED,JPN_PRIMARY; MLG_CN_CONTEXT_AUXILIARY,mechanical template; resource_class=SLOT_OLANG; source_objects=15; review_flag=WEB_TRANSLATED_PENDING_CODEX_CHECK
5D52E4F8,229,553,553;553;553,3,,page4:tag17:entity607:key00000119:ref553:ord0;page16:tag15:entity607:key00000119:ref553:ord0;page22:tag12:entity607:key00000119:ref553:ord0,C4爆弾,『電磁ネット。』,支援砲撃マーカー（投擲型）,,『电磁网。』,,MATCH,24,18,APPROVED,READY,NOT_TESTED,JPN_PRIMARY; MLG_CN_CONTEXT_AUXILIARY,mechanical template; resource_class=SLOT_OLANG; source_objects=3; review_flag=WEB_TRANSLATED_PENDING_CODEX_CHECK
5D52E4F8,230,554,554;554;554,3,,page4:tag17:entity606:key00000118:ref554:ord0;page16:tag15:entity606:key00000118:ref554:ord0;page22:tag12:entity606:key00000118:ref554:ord0,『電磁ネット。』,支援砲撃マーカー（投擲型）,C96,,支援炮击标记（投掷型）,,MATCH,39,33,APPROVED,READY,NOT_TESTED,JPN_PRIMARY; MLG_CN_CONTEXT_AUXILIARY,mechanical template; resource_class=SLOT_OLANG; source_objects=3; review_flag=WEB_TRANSLATED_PENDING_CODEX_CHECK
5D52E4F8,231,556,556;556;556,3,,page4:tag17:entity605:key00000117:ref556:ord0;page16:tag15:entity605:key00000117:ref556:ord0;page22:tag12:entity605:key00000117:ref556:ord0,C96,支援補給マーカー（投擲型）,空弾倉,,支援补给标记（投掷型）,,MATCH,39,33,APPROVED,READY,NOT_TESTED,JPN_PRIMARY; MLG_CN_CONTEXT_AUXILIARY,mechanical template; resource_class=SLOT_OLANG; source_objects=3; review_flag=WEB_TRANSLATED_PENDING_CODEX_CHECK
5D52E4F8,232,557,557;557;557,3,,page4:tag17:entity604:key00000116:ref557:ord0;page16:tag15:entity604:key00000116:ref557:ord0;page22:tag12:entity604:key00000116:ref557:ord0,支援補給マーカー（投擲型）,空弾倉,睡眠ガスグレネード,,空弹匣,,MATCH,9,9,APPROVED,READY,NOT_TESTED,JPN_PRIMARY; MLG_CN_CONTEXT_AUXILIARY,mechanical template; resource_class=SLOT_OLANG; source_objects=3; review_flag=WEB_TRANSLATED_PENDING_CODEX_CHECK
5D52E4F8,233,558,558;559;560;561;562;558;559;560;561;562;558;559;560;561;562,15,,page4:tag17:entity603:key00000115:ref558:ord0;page4:tag17:entity602:key00000114:ref559:ord0;page4:tag17:entity601:key00000113:ref560:ord0;page4:tag17:entity600:key00000112:ref561:ord0;page4:tag17:entity599:key00000111:ref562:ord0;page16:tag15:entity603:key00000115:ref558:ord0;page16:tag15:entity602:key00000114:ref559:ord0;page16:tag15:entity601:key00000113:ref560:ord0;page16:tag15:entity600:key00000112:ref561:ord0;page16:tag15:entity599:key00000111:ref562:ord0;page22:tag12:entity603:key00000115:ref558:ord0;page22:tag12:entity602:key00000114:ref559:ord0;page22:tag12:entity601:key00000113:ref560:ord0;page22:tag12:entity600:key00000112:ref561:ord0;page22:tag12:entity599:key00000111:ref562:ord0,空弾倉,睡眠ガスグレネード,スモークグレネード（黒）,,睡眠瓦斯手雷,,MATCH,27,18,APPROVED,READY,NOT_TESTED,JPN_PRIMARY; MLG_CN_CONTEXT_AUXILIARY,mechanical template; resource_class=SLOT_OLANG; source_objects=15; review_flag=WEB_TRANSLATED_PENDING_CODEX_CHECK
5D52E4F8,234,563,563;563;563,3,,page4:tag17:entity598:key00000110:ref563:ord0;page16:tag15:entity598:key00000110:ref563:ord0;page22:tag12:entity598:key00000110:ref563:ord0,睡眠ガスグレネード,スモークグレネード（黒）,スモークグレネード（黄）,,烟雾弹（黑）,,MATCH,36,18,APPROVED,READY,NOT_TESTED,JPN_PRIMARY; MLG_CN_CONTEXT_AUXILIARY,mechanical template; resource_class=SLOT_OLANG; source_objects=3; review_flag=WEB_TRANSLATED_PENDING_CODEX_CHECK
5D52E4F8,235,564,564;564;564,3,,page4:tag17:entity597:key0000010F:ref564:ord0;page16:tag15:entity597:key0000010F:ref564:ord0;page22:tag12:entity597:key0000010F:ref564:ord0,スモークグレネード（黒）,スモークグレネード（黄）,スモークグレネード（緑）,,烟雾弹（黄）,,MATCH,36,18,APPROVED,READY,NOT_TESTED,JPN_PRIMARY; MLG_CN_CONTEXT_AUXILIARY,mechanical template; resource_class=SLOT_OLANG; source_objects=3; review_flag=WEB_TRANSLATED_PENDING_CODEX_CHECK
5D52E4F8,236,565,565;565;565,3,,page4:tag17:entity596:key0000010E:ref565:ord0;page16:tag15:entity596:key0000010E:ref565:ord0;page22:tag12:entity596:key0000010E:ref565:ord0,スモークグレネード（黄）,スモークグレネード（緑）,カンプピストル,,烟雾弹（绿）,,MATCH,36,18,APPROVED,READY,NOT_TESTED,JPN_PRIMARY; MLG_CN_CONTEXT_AUXILIARY,mechanical template; resource_class=SLOT_OLANG; source_objects=3; review_flag=WEB_TRANSLATED_PENDING_CODEX_CHECK
5D52E4F8,237,566,566;577;566;577;566;577,6,,page4:tag17:entity387:key0000001B:ref566:ord0;page4:tag17:entity386:key0000001A:ref577:ord0;page16:tag15:entity387:key0000001B:ref566:ord0;page16:tag15:entity386:key0000001A:ref577:ord0;page22:tag12:entity387:key0000001B:ref566:ord0;page22:tag12:entity386:key0000001A:ref577:ord0,スモークグレネード（緑）,カンプピストル,スモークグレネード（青）,,Kampfpistole（战斗手枪）,,MATCH,21,30,APPROVED,READY,NOT_TESTED,JPN_PRIMARY; MLG_CN_CONTEXT_AUXILIARY,mechanical template; resource_class=SLOT_OLANG; source_objects=6; review_flag=WEB_TRANSLATED_PENDING_CODEX_CHECK
5D52E4F8,238,567,567;567;567,3,,page4:tag17:entity595:key0000010D:ref567:ord0;page16:tag15:entity595:key0000010D:ref567:ord0;page22:tag12:entity595:key0000010D:ref567:ord0,カンプピストル,スモークグレネード（青）,スモークグレネード（赤）,,烟雾弹（蓝）,,MATCH,36,18,APPROVED,READY,NOT_TESTED,JPN_PRIMARY; MLG_CN_CONTEXT_AUXILIARY,mechanical template; resource_class=SLOT_OLANG; source_objects=3; review_flag=WEB_TRANSLATED_PENDING_CODEX_CHECK
5D52E4F8,239,568,568;568;568,3,,page4:tag17:entity594:key0000010C:ref568:ord0;page16:tag15:entity594:key0000010C:ref568:ord0;page22:tag12:entity594:key0000010C:ref568:ord0,スモークグレネード（青）,スモークグレネード（赤）,スモークグレネード,,烟雾弹（红）,,MATCH,36,18,APPROVED,READY,NOT_TESTED,JPN_PRIMARY; MLG_CN_CONTEXT_AUXILIARY,mechanical template; resource_class=SLOT_OLANG; source_objects=3; review_flag=WEB_TRANSLATED_PENDING_CODEX_CHECK
5D52E4F8,240,569,569;570;571;572;573;569;570;571;572;573;569;570;571;572;573,15,,page4:tag17:entity593:key0000010B:ref569:ord0;page4:tag17:entity592:key0000010A:ref570:ord0;page4:tag17:entity591:key00000109:ref571:ord0;page4:tag17:entity590:key00000108:ref572:ord0;page4:tag17:entity589:key00000107:ref573:ord0;page16:tag15:entity593:key0000010B:ref569:ord0;page16:tag15:entity592:key0000010A:ref570:ord0;page16:tag15:entity591:key00000109:ref571:ord0;page16:tag15:entity590:key00000108:ref572:ord0;page16:tag15:entity589:key00000107:ref573:ord0;page22:tag12:entity593:key0000010B:ref569:ord0;page22:tag12:entity592:key0000010A:ref570:ord0;page22:tag12:entity591:key00000109:ref571:ord0;page22:tag12:entity590:key00000108:ref572:ord0;page22:tag12:entity589:key00000107:ref573:ord0,スモークグレネード（赤）,スモークグレネード,チャフグレネード,,烟雾弹,,MATCH,27,9,APPROVED,READY,NOT_TESTED,JPN_PRIMARY; MLG_CN_CONTEXT_AUXILIARY,mechanical template; resource_class=SLOT_OLANG; source_objects=15; review_flag=WEB_TRANSLATED_PENDING_CODEX_CHECK
5D52E4F8,241,574,574;575;576;578;579;574;575;576;578;579;574;575;576;578;579,15,,page4:tag17:entity588:key00000106:ref574:ord0;page4:tag17:entity587:key00000105:ref575:ord0;page4:tag17:entity586:key00000104:ref576:ord0;page4:tag17:entity585:key00000103:ref578:ord0;page4:tag17:entity584:key00000102:ref579:ord0;page16:tag15:entity588:key00000106:ref574:ord0;page16:tag15:entity587:key00000105:ref575:ord0;page16:tag15:entity586:key00000104:ref576:ord0;page16:tag15:entity585:key00000103:ref578:ord0;page16:tag15:entity584:key00000102:ref579:ord0;page22:tag12:entity588:key00000106:ref574:ord0;page22:tag12:entity587:key00000105:ref575:ord0;page22:tag12:entity586:key00000104:ref576:ord0;page22:tag12:entity585:key00000103:ref578:ord0;page22:tag12:entity584:key00000102:ref579:ord0,スモークグレネード,チャフグレネード,カンプピストル,,箔条干扰弹,,MATCH,24,15,APPROVED,READY,NOT_TESTED,JPN_PRIMARY; MLG_CN_CONTEXT_AUXILIARY,mechanical template; resource_class=SLOT_OLANG; source_objects=15; review_flag=WEB_TRANSLATED_PENDING_CODEX_CHECK
5D52E4F8,242,580,580;581;582;583;584;580;581;582;583;584;580;581;582;583;584,15,,page4:tag17:entity583:key00000101:ref580:ord0;page4:tag17:entity582:key00000100:ref581:ord0;page4:tag17:entity581:key000000FF:ref582:ord0;page4:tag17:entity580:key000000FE:ref583:ord0;page4:tag17:entity579:key000000FD:ref584:ord0;page16:tag15:entity583:key00000101:ref580:ord0;page16:tag15:entity582:key00000100:ref581:ord0;page16:tag15:entity581:key000000FF:ref582:ord0;page16:tag15:entity580:key000000FE:ref583:ord0;page16:tag15:entity579:key000000FD:ref584:ord0;page22:tag12:entity583:key00000101:ref580:ord0;page22:tag12:entity582:key00000100:ref581:ord0;page22:tag12:entity581:key000000FF:ref582:ord0;page22:tag12:entity580:key000000FE:ref583:ord0;page22:tag12:entity579:key000000FD:ref584:ord0,チャフグレネード,スタングレネード,グレネード,,眩晕弹,,MATCH,24,9,APPROVED,READY,NOT_TESTED,JPN_PRIMARY; MLG_CN_CONTEXT_AUXILIARY,mechanical template; resource_class=SLOT_OLANG; source_objects=15; review_flag=WEB_TRANSLATED_PENDING_CODEX_CHECK
5D52E4F8,243,585,585;586;587;589;590;585;586;587;589;590;585;586;587;589;590,15,,page4:tag17:entity578:key000000FC:ref585:ord0;page4:tag17:entity577:key000000FB:ref586:ord0;page4:tag17:entity576:key000000FA:ref587:ord0;page4:tag17:entity575:key000000F9:ref589:ord0;page4:tag17:entity574:key000000F8:ref590:ord0;page16:tag15:entity578:key000000FC:ref585:ord0;page16:tag15:entity577:key000000FB:ref586:ord0;page16:tag15:entity576:key000000FA:ref587:ord0;page16:tag15:entity575:key000000F9:ref589:ord0;page16:tag15:entity574:key000000F8:ref590:ord0;page22:tag12:entity578:key000000FC:ref585:ord0;page22:tag12:entity577:key000000FB:ref586:ord0;page22:tag12:entity576:key000000FA:ref587:ord0;page22:tag12:entity575:key000000F9:ref589:ord0;page22:tag12:entity574:key000000F8:ref590:ord0,スタングレネード,グレネード,M19,,手榴弹,,MATCH,15,9,APPROVED,READY,NOT_TESTED,JPN_PRIMARY; MLG_CN_CONTEXT_AUXILIARY,mechanical template; resource_class=SLOT_OLANG; source_objects=15; review_flag=WEB_TRANSLATED_PENDING_CODEX_CHECK
5D52E4F8,244,588,588;594;601;949;955;962;588;594;601;949;955;962;588;594;601;949;955;962,18,,page4:tag17:entity385:key00000019:ref588:ord0;page4:tag17:entity384:key00000018:ref594:ord0;page4:tag17:entity383:key00000017:ref601:ord0;page4:tag17:entity746:key00000019:ref949:ord0;page4:tag17:entity745:key00000018:ref955:ord0;page4:tag17:entity744:key00000017:ref962:ord0;page16:tag15:entity385:key00000019:ref588:ord0;page16:tag15:entity384:key00000018:ref594:ord0;page16:tag15:entity383:key00000017:ref601:ord0;page16:tag15:entity746:key00000019:ref949:ord0;page16:tag15:entity745:key00000018:ref955:ord0;page16:tag15:entity744:key00000017:ref962:ord0;page22:tag12:entity385:key00000019:ref588:ord0;page22:tag12:entity384:key00000018:ref594:ord0;page22:tag12:entity383:key00000017:ref601:ord0;page22:tag12:entity746:key00000019:ref949:ord0;page22:tag12:entity745:key00000018:ref955:ord0;page22:tag12:entity744:key00000017:ref962:ord0,グレネード,M19,グレネード,,M19,,MATCH,3,3,APPROVED,READY,NOT_TESTED,JPN_PRIMARY; MLG_CN_CONTEXT_AUXILIARY,mechanical template; resource_class=SLOT_OLANG; source_objects=18; review_flag=WEB_TRANSLATED_PENDING_CODEX_CHECK
5D52E4F8,245,595,595;596;597;595;596;597;595;596;597,9,,page4:tag17:entity570:key000000EB:ref595:ord0;page4:tag17:entity569:key000000EA:ref596:ord0;page4:tag17:entity568:key000000E9:ref597:ord0;page16:tag15:entity570:key000000EB:ref595:ord0;page16:tag15:entity569:key000000EA:ref596:ord0;page16:tag15:entity568:key000000E9:ref597:ord0;page22:tag12:entity570:key000000EB:ref595:ord0;page22:tag12:entity569:key000000EA:ref596:ord0;page22:tag12:entity568:key000000E9:ref597:ord0,M19,『人間パチン虎。』用ゴム,『人間パチン虎。』用支柱,,『人体弹弓。』用橡皮筋,,MATCH,36,33,APPROVED,READY,NOT_TESTED,JPN_PRIMARY; MLG_CN_CONTEXT_AUXILIARY,mechanical template; resource_class=SLOT_OLANG; source_objects=9; review_flag=WEB_TRANSLATED_PENDING_CODEX_CHECK
5D52E4F8,246,598,598;598;598,3,,page4:tag17:entity567:key000000E8:ref598:ord0;page16:tag15:entity567:key000000E8:ref598:ord0;page22:tag12:entity567:key000000E8:ref598:ord0,『人間パチン虎。』用ゴム,『人間パチン虎。』用支柱,『ステルスガン。』,,『人体弹弓。』用支柱,,MATCH,36,30,APPROVED,READY,NOT_TESTED,JPN_PRIMARY; MLG_CN_CONTEXT_AUXILIARY,mechanical template; resource_class=SLOT_OLANG; source_objects=3; review_flag=WEB_TRANSLATED_PENDING_CODEX_CHECK
5D52E4F8,247,599,599;600;602;599;600;602;599;600;602,9,,page4:tag17:entity566:key000000E7:ref599:ord0;page4:tag17:entity565:key000000E6:ref600:ord0;page4:tag17:entity564:key000000E5:ref602:ord0;page16:tag15:entity566:key000000E7:ref599:ord0;page16:tag15:entity565:key000000E6:ref600:ord0;page16:tag15:entity564:key000000E5:ref602:ord0;page22:tag12:entity566:key000000E7:ref599:ord0;page22:tag12:entity565:key000000E6:ref600:ord0;page22:tag12:entity564:key000000E5:ref602:ord0,『人間パチン虎。』用支柱,『ステルスガン。』,M19,,『隐形枪。』,,MATCH,27,18,APPROVED,READY,NOT_TESTED,JPN_PRIMARY; MLG_CN_CONTEXT_AUXILIARY,mechanical template; resource_class=SLOT_OLANG; source_objects=9; review_flag=WEB_TRANSLATED_PENDING_CODEX_CHECK
5D52E4F8,248,603,603;964;603;964;603;964,6,,page4:tag17:entity563:key000000E4:ref603:ord0;page4:tag17:entity924:key000000E4:ref964:ord0;page16:tag15:entity563:key000000E4:ref603:ord0;page16:tag15:entity924:key000000E4:ref964:ord0;page22:tag12:entity563:key000000E4:ref603:ord0;page22:tag12:entity924:key000000E4:ref964:ord0,『ステルスガン。』,M47,カールグスタフM2（フルトン回収）,,M47,,MATCH,3,3,APPROVED,READY,NOT_TESTED,JPN_PRIMARY; MLG_CN_CONTEXT_AUXILIARY,mechanical template; resource_class=SLOT_OLANG; source_objects=6; review_flag=WEB_TRANSLATED_PENDING_CODEX_CHECK
5D52E4F8,249,604,604;605;606;604;605;606;604;605;606,9,,page4:tag17:entity562:key000000E3:ref604:ord0;page4:tag17:entity561:key000000E2:ref605:ord0;page4:tag17:entity560:key000000E1:ref606:ord0;page16:tag15:entity562:key000000E3:ref604:ord0;page16:tag15:entity561:key000000E2:ref605:ord0;page16:tag15:entity560:key000000E1:ref606:ord0;page22:tag12:entity562:key000000E3:ref604:ord0;page22:tag12:entity561:key000000E2:ref605:ord0;page22:tag12:entity560:key000000E1:ref606:ord0,M47,カールグスタフM2（フルトン回収）,カールグスタフM2（榴弾）,,卡尔·古斯塔夫M2（富尔顿回收）,,MATCH,47,43,APPROVED,READY,NOT_TESTED,JPN_PRIMARY; MLG_CN_CONTEXT_AUXILIARY,mechanical template; resource_class=SLOT_OLANG; source_objects=9; review_flag=WEB_TRANSLATED_PENDING_CODEX_CHECK
5D52E4F8,250,607,607;608;609;607;608;609;607;608;609,9,,page4:tag17:entity559:key000000E0:ref607:ord0;page4:tag17:entity558:key000000DF:ref608:ord0;page4:tag17:entity557:key000000DE:ref609:ord0;page16:tag15:entity559:key000000E0:ref607:ord0;page16:tag15:entity558:key000000DF:ref608:ord0;page16:tag15:entity557:key000000DE:ref609:ord0;page22:tag12:entity559:key000000E0:ref607:ord0;page22:tag12:entity558:key000000DF:ref608:ord0;page22:tag12:entity557:key000000DE:ref609:ord0,カールグスタフM2（フルトン回収）,カールグスタフM2（榴弾）,カールグスタフM2,,卡尔·古斯塔夫M2（榴弹）,,MATCH,35,34,APPROVED,READY,NOT_TESTED,JPN_PRIMARY; MLG_CN_CONTEXT_AUXILIARY,mechanical template; resource_class=SLOT_OLANG; source_objects=9; review_flag=WEB_TRANSLATED_PENDING_CODEX_CHECK
5D52E4F8,251,610,610;611;613;614;610;611;613;614;610;611;613;614,12,,page4:tag17:entity556:key000000DD:ref610:ord0;page4:tag17:entity555:key000000DC:ref611:ord0;page4:tag17:entity554:key000000DB:ref613:ord0;page4:tag17:entity553:key000000DA:ref614:ord0;page16:tag15:entity556:key000000DD:ref610:ord0;page16:tag15:entity555:key000000DC:ref611:ord0;page16:tag15:entity554:key000000DB:ref613:ord0;page16:tag15:entity553:key000000DA:ref614:ord0;page22:tag12:entity556:key000000DD:ref610:ord0;page22:tag12:entity555:key000000DC:ref611:ord0;page22:tag12:entity554:key000000DB:ref613:ord0;page22:tag12:entity553:key000000DA:ref614:ord0,カールグスタフM2（榴弾）,カールグスタフM2,PB/6P9,,卡尔·古斯塔夫M2,,MATCH,23,22,APPROVED,READY,NOT_TESTED,JPN_PRIMARY; MLG_CN_CONTEXT_AUXILIARY,mechanical template; resource_class=SLOT_OLANG; source_objects=12; review_flag=WEB_TRANSLATED_PENDING_CODEX_CHECK
5D52E4F8,252,612,612;623;973;984;612;623;973;984;612;623;973;984,12,,page4:tag17:entity382:key00000016:ref612:ord0;page4:tag17:entity381:key00000015:ref623:ord0;page4:tag17:entity743:key00000016:ref973:ord0;page4:tag17:entity742:key00000015:ref984:ord0;page16:tag15:entity382:key00000016:ref612:ord0;page16:tag15:entity381:key00000015:ref623:ord0;page16:tag15:entity743:key00000016:ref973:ord0;page16:tag15:entity742:key00000015:ref984:ord0;page22:tag12:entity382:key00000016:ref612:ord0;page22:tag12:entity381:key00000015:ref623:ord0;page22:tag12:entity743:key00000016:ref973:ord0;page22:tag12:entity742:key00000015:ref984:ord0,カールグスタフM2,PB/6P9,カールグスタフM2,,PB/6P9,,MATCH,6,6,APPROVED,READY,NOT_TESTED,JPN_PRIMARY; MLG_CN_CONTEXT_AUXILIARY,mechanical template; resource_class=SLOT_OLANG; source_objects=12; review_flag=WEB_TRANSLATED_PENDING_CODEX_CHECK
5D52E4F8,253,615,615;616;976;977;615;616;976;977;615;616;976;977,12,,page4:tag17:entity552:key000000D9:ref615:ord0;page4:tag17:entity551:key000000D8:ref616:ord0;page4:tag17:entity913:key000000D9:ref976:ord0;page4:tag17:entity912:key000000D8:ref977:ord0;page16:tag15:entity552:key000000D9:ref615:ord0;page16:tag15:entity551:key000000D8:ref616:ord0;page16:tag15:entity913:key000000D9:ref976:ord0;page16:tag15:entity912:key000000D8:ref977:ord0;page22:tag12:entity552:key000000D9:ref615:ord0;page22:tag12:entity551:key000000D8:ref616:ord0;page22:tag12:entity913:key000000D9:ref976:ord0;page22:tag12:entity912:key000000D8:ref977:ord0,カールグスタフM2,XFIM-92A,FIM-43,,XFIM-92A,,MATCH,8,8,APPROVED,READY,NOT_TESTED,JPN_PRIMARY; MLG_CN_CONTEXT_AUXILIARY,mechanical template; resource_class=SLOT_OLANG; source_objects=12; review_flag=WEB_TRANSLATED_PENDING_CODEX_CHECK
5D52E4F8,254,617,617;978;617;978;617;978,6,,page4:tag17:entity550:key000000D7:ref617:ord0;page4:tag17:entity911:key000000D7:ref978:ord0;page16:tag15:entity550:key000000D7:ref617:ord0;page16:tag15:entity911:key000000D7:ref978:ord0;page22:tag12:entity550:key000000D7:ref617:ord0;page22:tag12:entity911:key000000D7:ref978:ord0,XFIM-92A,FIM-43,RPG7,,FIM-43,,MATCH,6,6,APPROVED,READY,NOT_TESTED,JPN_PRIMARY; MLG_CN_CONTEXT_AUXILIARY,mechanical template; resource_class=SLOT_OLANG; source_objects=6; review_flag=WEB_TRANSLATED_PENDING_CODEX_CHECK
5D52E4F8,255,621,621;982;621;982;621;982,6,,page4:tag17:entity546:key000000D3:ref621:ord0;page4:tag17:entity907:key000000D3:ref982:ord0;page16:tag15:entity546:key000000D3:ref621:ord0;page16:tag15:entity907:key000000D3:ref982:ord0;page22:tag12:entity546:key000000D3:ref621:ord0;page22:tag12:entity907:key000000D3:ref982:ord0,RPG7,RPG2,M202A1,,RPG2,,MATCH,4,4,APPROVED,READY,NOT_TESTED,JPN_PRIMARY; MLG_CN_CONTEXT_AUXILIARY,mechanical template; resource_class=SLOT_OLANG; source_objects=6; review_flag=WEB_TRANSLATED_PENDING_CODEX_CHECK
5D52E4F8,256,622,622;624;625;983;985;986;622;624;625;983;985;986;622;624;625;983;985;986,18,,page4:tag17:entity545:key000000D2:ref622:ord0;page4:tag17:entity544:key000000D1:ref624:ord0;page4:tag17:entity543:key000000D0:ref625:ord0;page4:tag17:entity906:key000000D2:ref983:ord0;page4:tag17:entity905:key000000D1:ref985:ord0;page4:tag17:entity904:key000000D0:ref986:ord0;page16:tag15:entity545:key000000D2:ref622:ord0;page16:tag15:entity544:key000000D1:ref624:ord0;page16:tag15:entity543:key000000D0:ref625:ord0;page16:tag15:entity906:key000000D2:ref983:ord0;page16:tag15:entity905:key000000D1:ref985:ord0;page16:tag15:entity904:key000000D0:ref986:ord0;page22:tag12:entity545:key000000D2:ref622:ord0;page22:tag12:entity544:key000000D1:ref624:ord0;page22:tag12:entity543:key000000D0:ref625:ord0;page22:tag12:entity906:key000000D2:ref983:ord0;page22:tag12:entity905:key000000D1:ref985:ord0;page22:tag12:entity904:key000000D0:ref986:ord0,RPG2,M202A1,PB/6P9,,M202A1,,MATCH,6,6,APPROVED,READY,NOT_TESTED,JPN_PRIMARY; MLG_CN_CONTEXT_AUXILIARY,mechanical template; resource_class=SLOT_OLANG; source_objects=18; review_flag=WEB_TRANSLATED_PENDING_CODEX_CHECK
5D52E4F8,257,630,630;630;630,3,,page4:tag17:entity538:key000000CB:ref630:ord0;page16:tag15:entity538:key000000CB:ref630:ord0;page22:tag12:entity538:key000000CB:ref630:ord0,LAW,SVDドラグノフ,M700,,SVD德拉古诺夫,,MATCH,18,18,APPROVED,READY,NOT_TESTED,JPN_PRIMARY; MLG_CN_CONTEXT_AUXILIARY,mechanical template; resource_class=SLOT_OLANG; source_objects=3; review_flag=WEB_TRANSLATED_PENDING_CODEX_CHECK
5D52E4F8,258,631,631;660;992;1021;631;660;992;1021;631;660;992;1021,12,,page4:tag17:entity537:key000000CA:ref631:ord0;page4:tag17:entity513:key000000A6:ref660:ord0;page4:tag17:entity898:key000000CA:ref992:ord0;page4:tag17:entity874:key000000A6:ref1021:ord0;page16:tag15:entity537:key000000CA:ref631:ord0;page16:tag15:entity513:key000000A6:ref660:ord0;page16:tag15:entity898:key000000CA:ref992:ord0;page16:tag15:entity874:key000000A6:ref1021:ord0;page22:tag12:entity537:key000000CA:ref631:ord0;page22:tag12:entity513:key000000A6:ref660:ord0;page22:tag12:entity898:key000000CA:ref992:ord0;page22:tag12:entity874:key000000A6:ref1021:ord0,SVDドラグノフ,M700,PM,,M700,,MATCH,4,4,APPROVED,READY,NOT_TESTED,JPN_PRIMARY; MLG_CN_CONTEXT_AUXILIARY,mechanical template; resource_class=SLOT_OLANG; source_objects=12; review_flag=WEB_TRANSLATED_PENDING_CODEX_CHECK
5D52E4F8,259,634,634;645;656;634;645;656;634;645;656,9,,page4:tag17:entity379:key00000013:ref634:ord0;page4:tag17:entity378:key00000012:ref645:ord0;page4:tag17:entity377:key00000011:ref656:ord0;page16:tag15:entity379:key00000013:ref634:ord0;page16:tag15:entity378:key00000012:ref645:ord0;page16:tag15:entity377:key00000011:ref656:ord0;page22:tag12:entity379:key00000013:ref634:ord0;page22:tag12:entity378:key00000012:ref645:ord0;page22:tag12:entity377:key00000011:ref656:ord0,Mk.22 Mod.0（ハッシュパピー）,M1911A1カスタム,『レールガン。』用ダイナモ,,M1911A1定制型,,MATCH,19,16,APPROVED,READY,NOT_TESTED,JPN_PRIMARY; MLG_CN_CONTEXT_AUXILIARY,mechanical template; resource_class=SLOT_OLANG; source_objects=9; review_flag=WEB_TRANSLATED_PENDING_CODEX_CHECK
5D52E4F8,260,635,635;635;635,3,,page4:tag17:entity536:key000000BD:ref635:ord0;page16:tag15:entity536:key000000BD:ref635:ord0;page22:tag12:entity536:key000000BD:ref635:ord0,M1911A1カスタム,『レールガン。』用ダイナモ,『レールガン。』,,『轨道炮。』用发电机,,MATCH,39,30,APPROVED,READY,NOT_TESTED,JPN_PRIMARY; MLG_CN_CONTEXT_AUXILIARY,mechanical template; resource_class=SLOT_OLANG; source_objects=3; review_flag=WEB_TRANSLATED_PENDING_CODEX_CHECK
5D52E4F8,261,636,636;637;638;636;637;638;636;637;638,9,,page4:tag17:entity535:key000000BC:ref636:ord0;page4:tag17:entity534:key000000BB:ref637:ord0;page4:tag17:entity533:key000000BA:ref638:ord0;page16:tag15:entity535:key000000BC:ref636:ord0;page16:tag15:entity534:key000000BB:ref637:ord0;page16:tag15:entity533:key000000BA:ref638:ord0;page22:tag12:entity535:key000000BC:ref636:ord0;page22:tag12:entity534:key000000BB:ref637:ord0;page22:tag12:entity533:key000000BA:ref638:ord0,『レールガン。』用ダイナモ,『レールガン。』,PTRS1941,,『轨道炮。』,,MATCH,24,18,APPROVED,READY,NOT_TESTED,JPN_PRIMARY; MLG_CN_CONTEXT_AUXILIARY,mechanical template; resource_class=SLOT_OLANG; source_objects=9; review_flag=WEB_TRANSLATED_PENDING_CODEX_CHECK
5D52E4F8,262,639,639;1000;639;1000;639;1000,6,,page4:tag17:entity532:key000000B9:ref639:ord0;page4:tag17:entity893:key000000B9:ref1000:ord0;page16:tag15:entity532:key000000B9:ref639:ord0;page16:tag15:entity893:key000000B9:ref1000:ord0;page22:tag12:entity532:key000000B9:ref639:ord0;page22:tag12:entity893:key000000B9:ref1000:ord0,『レールガン。』,PTRS1941,PTRD1941,,PTRS1941,,MATCH,8,8,APPROVED,READY,NOT_TESTED,JPN_PRIMARY; MLG_CN_CONTEXT_AUXILIARY,mechanical template; resource_class=SLOT_OLANG; source_objects=6; review_flag=WEB_TRANSLATED_PENDING_CODEX_CHECK
5D52E4F8,263,640,640;641;1001;1002;640;641;1001;1002;640;641;1001;1002,12,,page4:tag17:entity531:key000000B8:ref640:ord0;page4:tag17:entity530:key000000B7:ref641:ord0;page4:tag17:entity892:key000000B8:ref1001:ord0;page4:tag17:entity891:key000000B7:ref1002:ord0;page16:tag15:entity531:key000000B8:ref640:ord0;page16:tag15:entity530:key000000B7:ref641:ord0;page16:tag15:entity892:key000000B8:ref1001:ord0;page16:tag15:entity891:key000000B7:ref1002:ord0;page22:tag12:entity531:key000000B8:ref640:ord0;page22:tag12:entity530:key000000B7:ref641:ord0;page22:tag12:entity892:key000000B8:ref1001:ord0;page22:tag12:entity891:key000000B7:ref1002:ord0,PTRS1941,PTRD1941,WA2000,,PTRD1941,,MATCH,8,8,APPROVED,READY,NOT_TESTED,JPN_PRIMARY; MLG_CN_CONTEXT_AUXILIARY,mechanical template; resource_class=SLOT_OLANG; source_objects=12; review_flag=WEB_TRANSLATED_PENDING_CODEX_CHECK
5D52E4F8,264,642,642;643;644;1003;1004;1005;642;643;644;1003;1004;1005;642;643;644;1003;1004;1005,18,,page4:tag17:entity529:key000000B6:ref642:ord0;page4:tag17:entity528:key000000B5:ref643:ord0;page4:tag17:entity527:key000000B4:ref644:ord0;page4:tag17:entity890:key000000B6:ref1003:ord0;page4:tag17:entity889:key000000B5:ref1004:ord0;page4:tag17:entity888:key000000B4:ref1005:ord0;page16:tag15:entity529:key000000B6:ref642:ord0;page16:tag15:entity528:key000000B5:ref643:ord0;page16:tag15:entity527:key000000B4:ref644:ord0;page16:tag15:entity890:key000000B6:ref1003:ord0;page16:tag15:entity889:key000000B5:ref1004:ord0;page16:tag15:entity888:key000000B4:ref1005:ord0;page22:tag12:entity529:key000000B6:ref642:ord0;page22:tag12:entity528:key000000B5:ref643:ord0;page22:tag12:entity527:key000000B4:ref644:ord0;page22:tag12:entity890:key000000B6:ref1003:ord0;page22:tag12:entity889:key000000B5:ref1004:ord0;page22:tag12:entity888:key000000B4:ref1005:ord0,PTRD1941,WA2000,M1911A1カスタム,,WA2000,,MATCH,6,6,APPROVED,READY,NOT_TESTED,JPN_PRIMARY; MLG_CN_CONTEXT_AUXILIARY,mechanical template; resource_class=SLOT_OLANG; source_objects=18; review_flag=WEB_TRANSLATED_PENDING_CODEX_CHECK
5D52E4F8,265,646,646;646;646,3,,page4:tag17:entity526:key000000B3:ref646:ord0;page16:tag15:entity526:key000000B3:ref646:ord0;page22:tag12:entity526:key000000B3:ref646:ord0,M1911A1カスタム,SVD(ナイトビジョン),SVD(弾倉容量増加),,SVD（夜视型）,,MATCH,26,18,APPROVED,READY,NOT_TESTED,JPN_PRIMARY; MLG_CN_CONTEXT_AUXILIARY,mechanical template; resource_class=SLOT_OLANG; source_objects=3; review_flag=WEB_TRANSLATED_PENDING_CODEX_CHECK
5D52E4F8,266,647,647;647;647,3,,page4:tag17:entity525:key000000B2:ref647:ord0;page16:tag15:entity525:key000000B2:ref647:ord0;page22:tag12:entity525:key000000B2:ref647:ord0,SVD(ナイトビジョン),SVD(弾倉容量増加),SVD,,SVD（增容弹匣）,,MATCH,23,21,APPROVED,READY,NOT_TESTED,JPN_PRIMARY; MLG_CN_CONTEXT_AUXILIARY,mechanical template; resource_class=SLOT_OLANG; source_objects=3; review_flag=WEB_TRANSLATED_PENDING_CODEX_CHECK
5D52E4F8,267,648,648;649;991;1009;1010;648;649;991;1009;1010;648;649;991;1009;1010,15,,page4:tag17:entity524:key000000B1:ref648:ord0;page4:tag17:entity523:key000000B0:ref649:ord0;page4:tag17:entity899:key000000CB:ref991:ord0;page4:tag17:entity885:key000000B1:ref1009:ord0;page4:tag17:entity884:key000000B0:ref1010:ord0;page16:tag15:entity524:key000000B1:ref648:ord0;page16:tag15:entity523:key000000B0:ref649:ord0;page16:tag15:entity899:key000000CB:ref991:ord0;page16:tag15:entity885:key000000B1:ref1009:ord0;page16:tag15:entity884:key000000B0:ref1010:ord0;page22:tag12:entity524:key000000B1:ref648:ord0;page22:tag12:entity523:key000000B0:ref649:ord0;page22:tag12:entity899:key000000CB:ref991:ord0;page22:tag12:entity885:key000000B1:ref1009:ord0;page22:tag12:entity884:key000000B0:ref1010:ord0,SVD(弾倉容量増加),SVD,モシンナガン,,SVD,,MATCH,3,3,APPROVED,READY,NOT_TESTED,JPN_PRIMARY; MLG_CN_CONTEXT_AUXILIARY,mechanical template; resource_class=SLOT_OLANG; source_objects=15; review_flag=WEB_TRANSLATED_PENDING_CODEX_CHECK
5D52E4F8,268,650,650;651;652;653;654;650;651;652;653;654;650;651;652;653;654,15,,page4:tag17:entity522:key000000AF:ref650:ord0;page4:tag17:entity521:key000000AE:ref651:ord0;page4:tag17:entity520:key000000AD:ref652:ord0;page4:tag17:entity519:key000000AC:ref653:ord0;page4:tag17:entity518:key000000AB:ref654:ord0;page16:tag15:entity522:key000000AF:ref650:ord0;page16:tag15:entity521:key000000AE:ref651:ord0;page16:tag15:entity520:key000000AD:ref652:ord0;page16:tag15:entity519:key000000AC:ref653:ord0;page16:tag15:entity518:key000000AB:ref654:ord0;page22:tag12:entity522:key000000AF:ref650:ord0;page22:tag12:entity521:key000000AE:ref651:ord0;page22:tag12:entity520:key000000AD:ref652:ord0;page22:tag12:entity519:key000000AC:ref653:ord0;page22:tag12:entity518:key000000AB:ref654:ord0,SVD,モシンナガン,M700(LIFE回復弾),,莫辛-纳甘,,MATCH,18,13,APPROVED,READY,NOT_TESTED,JPN_PRIMARY; MLG_CN_CONTEXT_AUXILIARY,mechanical template; resource_class=SLOT_OLANG; source_objects=15; review_flag=WEB_TRANSLATED_PENDING_CODEX_CHECK
5D52E4F8,269,655,655;657;655;657;655;657,6,,page4:tag17:entity517:key000000AA:ref655:ord0;page4:tag17:entity516:key000000A9:ref657:ord0;page16:tag15:entity517:key000000AA:ref655:ord0;page16:tag15:entity516:key000000A9:ref657:ord0;page22:tag12:entity517:key000000AA:ref655:ord0;page22:tag12:entity516:key000000A9:ref657:ord0,モシンナガン,M700(LIFE回復弾),M1911A1カスタム,,M700（LIFE恢复弹）,,MATCH,19,23,APPROVED,READY,NOT_TESTED,JPN_PRIMARY; MLG_CN_CONTEXT_AUXILIARY,mechanical template; resource_class=SLOT_OLANG; source_objects=6; review_flag=WEB_TRANSLATED_PENDING_CODEX_CHECK
5D52E4F8,270,658,658;659;658;659;658;659,6,,page4:tag17:entity515:key000000A8:ref658:ord0;page4:tag17:entity514:key000000A7:ref659:ord0;page16:tag15:entity515:key000000A8:ref658:ord0;page16:tag15:entity514:key000000A7:ref659:ord0;page22:tag12:entity515:key000000A8:ref658:ord0;page22:tag12:entity514:key000000A7:ref659:ord0,M700(LIFE回復弾),M700(ブルバレルモデル),M700,,M700（重型枪管型）,,MATCH,30,25,APPROVED,READY,NOT_TESTED,JPN_PRIMARY; MLG_CN_CONTEXT_AUXILIARY,mechanical template; resource_class=SLOT_OLANG; source_objects=6; review_flag=WEB_TRANSLATED_PENDING_CODEX_CHECK
5D52E4F8,271,661,661;662;663;1022;1023;1024;661;662;663;1022;1023;1024;661;662;663;1022;1023;1024,18,,page4:tag17:entity512:key000000A5:ref661:ord0;page4:tag17:entity511:key000000A4:ref662:ord0;page4:tag17:entity510:key000000A3:ref663:ord0;page4:tag17:entity873:key000000A5:ref1022:ord0;page4:tag17:entity872:key000000A4:ref1023:ord0;page4:tag17:entity871:key000000A3:ref1024:ord0;page16:tag15:entity512:key000000A5:ref661:ord0;page16:tag15:entity511:key000000A4:ref662:ord0;page16:tag15:entity510:key000000A3:ref663:ord0;page16:tag15:entity873:key000000A5:ref1022:ord0;page16:tag15:entity872:key000000A4:ref1023:ord0;page16:tag15:entity871:key000000A3:ref1024:ord0;page22:tag12:entity512:key000000A5:ref661:ord0;page22:tag12:entity511:key000000A4:ref662:ord0;page22:tag12:entity510:key000000A3:ref663:ord0;page22:tag12:entity873:key000000A5:ref1022:ord0;page22:tag12:entity872:key000000A4:ref1023:ord0;page22:tag12:entity871:key000000A3:ref1024:ord0,M700,M21,M1C (気力回復弾),,M21,,MATCH,3,3,APPROVED,READY,NOT_TESTED,JPN_PRIMARY; MLG_CN_CONTEXT_AUXILIARY,mechanical template; resource_class=SLOT_OLANG; source_objects=18; review_flag=WEB_TRANSLATED_PENDING_CODEX_CHECK
5D52E4F8,272,664,664;665;664;665;664;665,6,,page4:tag17:entity509:key000000A2:ref664:ord0;page4:tag17:entity508:key000000A1:ref665:ord0;page16:tag15:entity509:key000000A2:ref664:ord0;page16:tag15:entity508:key000000A1:ref665:ord0;page22:tag12:entity509:key000000A2:ref664:ord0;page22:tag12:entity508:key000000A1:ref665:ord0,M21,M1C (気力回復弾),M1C,,M1C（精神恢复弹）,,MATCH,21,24,APPROVED,READY,NOT_TESTED,JPN_PRIMARY; MLG_CN_CONTEXT_AUXILIARY,mechanical template; resource_class=SLOT_OLANG; source_objects=6; review_flag=WEB_TRANSLATED_PENDING_CODEX_CHECK
5D52E4F8,273,666,666;668;1027;1029;666;668;1027;1029;666;668;1027;1029,12,,page4:tag17:entity507:key000000A0:ref666:ord0;page4:tag17:entity506:key0000009F:ref668:ord0;page4:tag17:entity868:key000000A0:ref1027:ord0;page4:tag17:entity867:key0000009F:ref1029:ord0;page16:tag15:entity507:key000000A0:ref666:ord0;page16:tag15:entity506:key0000009F:ref668:ord0;page16:tag15:entity868:key000000A0:ref1027:ord0;page16:tag15:entity867:key0000009F:ref1029:ord0;page22:tag12:entity507:key000000A0:ref666:ord0;page22:tag12:entity506:key0000009F:ref668:ord0;page22:tag12:entity868:key000000A0:ref1027:ord0;page22:tag12:entity867:key0000009F:ref1029:ord0,M1C (気力回復弾),M1C,M1911A1,,M1C,,MATCH,3,3,APPROVED,READY,NOT_TESTED,JPN_PRIMARY; MLG_CN_CONTEXT_AUXILIARY,mechanical template; resource_class=SLOT_OLANG; source_objects=12; review_flag=WEB_TRANSLATED_PENDING_CODEX_CHECK
5D52E4F8,274,672,672;672;672,3,,page4:tag17:entity502:key0000009B:ref672:ord0;page16:tag15:entity502:key0000009B:ref672:ord0;page22:tag12:entity502:key0000009B:ref672:ord0,M60,DShK重機関銃,『電磁波照射ガン。』,,DShK重机枪,,MATCH,16,13,APPROVED,READY,NOT_TESTED,JPN_PRIMARY; MLG_CN_CONTEXT_AUXILIARY,mechanical template; resource_class=SLOT_OLANG; source_objects=3; review_flag=WEB_TRANSLATED_PENDING_CODEX_CHECK
5D52E4F8,275,673,673;673;673,3,,page4:tag17:entity501:key0000009A:ref673:ord0;page16:tag15:entity501:key0000009A:ref673:ord0;page22:tag12:entity501:key0000009A:ref673:ord0,DShK重機関銃,『電磁波照射ガン。』,M134ガトリング機関銃,,『电磁波照射枪。』,,MATCH,30,27,APPROVED,READY,NOT_TESTED,JPN_PRIMARY; MLG_CN_CONTEXT_AUXILIARY,mechanical template; resource_class=SLOT_OLANG; source_objects=3; review_flag=WEB_TRANSLATED_PENDING_CODEX_CHECK
5D52E4F8,276,674,674;674;674,3,,page4:tag17:entity500:key00000099:ref674:ord0;page16:tag15:entity500:key00000099:ref674:ord0;page22:tag12:entity500:key00000099:ref674:ord0,『電磁波照射ガン。』,M134ガトリング機関銃,MG3,,M134加特林机枪,,MATCH,28,19,APPROVED,READY,NOT_TESTED,JPN_PRIMARY; MLG_CN_CONTEXT_AUXILIARY,mechanical template; resource_class=SLOT_OLANG; source_objects=3; review_flag=WEB_TRANSLATED_PENDING_CODEX_CHECK
5D52E4F8,277,675,675;676;677;679;1036;1037;1038;1040;675;676;677;679;1036;1037;1038;1040;675;676;677;679;1036;1037;1038;1040,24,,page4:tag17:entity499:key00000098:ref675:ord0;page4:tag17:entity498:key00000097:ref676:ord0;page4:tag17:entity497:key00000096:ref677:ord0;page4:tag17:entity496:key00000095:ref679:ord0;page4:tag17:entity860:key00000098:ref1036:ord0;page4:tag17:entity859:key00000097:ref1037:ord0;page4:tag17:entity858:key00000096:ref1038:ord0;page4:tag17:entity857:key00000095:ref1040:ord0;page16:tag15:entity499:key00000098:ref675:ord0;page16:tag15:entity498:key00000097:ref676:ord0;page16:tag15:entity497:key00000096:ref677:ord0;page16:tag15:entity496:key00000095:ref679:ord0;page16:tag15:entity860:key00000098:ref1036:ord0;page16:tag15:entity859:key00000097:ref1037:ord0;page16:tag15:entity858:key00000096:ref1038:ord0;page16:tag15:entity857:key00000095:ref1040:ord0;page22:tag12:entity499:key00000098:ref675:ord0;page22:tag12:entity498:key00000097:ref676:ord0;page22:tag12:entity497:key00000096:ref677:ord0;page22:tag12:entity496:key00000095:ref679:ord0;page22:tag12:entity860:key00000098:ref1036:ord0;page22:tag12:entity859:key00000097:ref1037:ord0;page22:tag12:entity858:key00000096:ref1038:ord0;page22:tag12:entity857:key00000095:ref1040:ord0,M134ガトリング機関銃,MG3,M1911A1,,MG3,,MATCH,3,3,APPROVED,READY,NOT_TESTED,JPN_PRIMARY; MLG_CN_CONTEXT_AUXILIARY,mechanical template; resource_class=SLOT_OLANG; source_objects=24; review_flag=WEB_TRANSLATED_PENDING_CODEX_CHECK
5D52E4F8,278,688,688;690;688;690;688;690,6,,page4:tag17:entity487:key0000008C:ref688:ord0;page4:tag17:entity486:key0000008B:ref690:ord0;page16:tag15:entity487:key0000008C:ref688:ord0;page16:tag15:entity486:key0000008B:ref690:ord0;page22:tag12:entity487:key0000008C:ref688:ord0;page22:tag12:entity486:key0000008B:ref690:ord0,M63A1,M60(ショートバレル),EZ GUN (気力回復弾),,M60（短枪管）,,MATCH,26,18,APPROVED,READY,NOT_TESTED,JPN_PRIMARY; MLG_CN_CONTEXT_AUXILIARY,mechanical template; resource_class=SLOT_OLANG; source_objects=6; review_flag=WEB_TRANSLATED_PENDING_CODEX_CHECK
5D52E4F8,279,689,689;700;702;709;689;700;702;709;689;700;702;709,12,,page4:tag17:entity374:key0000000E:ref689:ord0;page4:tag17:entity373:key0000000D:ref700:ord0;page4:tag17:entity372:key0000000C:ref702:ord0;page4:tag17:entity371:key0000000B:ref709:ord0;page16:tag15:entity374:key0000000E:ref689:ord0;page16:tag15:entity373:key0000000D:ref700:ord0;page16:tag15:entity372:key0000000C:ref702:ord0;page16:tag15:entity371:key0000000B:ref709:ord0;page22:tag12:entity374:key0000000E:ref689:ord0;page22:tag12:entity373:key0000000D:ref700:ord0;page22:tag12:entity372:key0000000C:ref702:ord0;page22:tag12:entity371:key0000000B:ref709:ord0,M60(ショートバレル),EZ GUN (気力回復弾),M60(ショートバレル),,EZ GUN（精神恢复弹）,,MATCH,24,27,APPROVED,READY,NOT_TESTED,JPN_PRIMARY; MLG_CN_CONTEXT_AUXILIARY,mechanical template; resource_class=SLOT_OLANG; source_objects=12; review_flag=WEB_TRANSLATED_PENDING_CODEX_CHECK
5D52E4F8,280,691,691;691;691,3,,page4:tag17:entity485:key0000008A:ref691:ord0;page16:tag15:entity485:key0000008A:ref691:ord0;page22:tag12:entity485:key0000008A:ref691:ord0,M60(ショートバレル),M60(徹甲弾),M60,,M60（穿甲弹）,,MATCH,14,18,APPROVED,READY,NOT_TESTED,JPN_PRIMARY; MLG_CN_CONTEXT_AUXILIARY,mechanical template; resource_class=SLOT_OLANG; source_objects=3; review_flag=WEB_TRANSLATED_PENDING_CODEX_CHECK
5D52E4F8,281,693,693;719;1054;1080;693;719;1054;1080;693;719;1054;1080,12,,page4:tag17:entity483:key00000088:ref693:ord0;page4:tag17:entity460:key00000064:ref719:ord0;page4:tag17:entity844:key00000088:ref1054:ord0;page4:tag17:entity821:key00000064:ref1080:ord0;page16:tag15:entity483:key00000088:ref693:ord0;page16:tag15:entity460:key00000064:ref719:ord0;page16:tag15:entity844:key00000088:ref1054:ord0;page16:tag15:entity821:key00000064:ref1080:ord0;page22:tag12:entity483:key00000088:ref693:ord0;page22:tag12:entity460:key00000064:ref719:ord0;page22:tag12:entity844:key00000088:ref1054:ord0;page22:tag12:entity821:key00000064:ref1080:ord0,M60,RK47,FAL,,RK47,,MATCH,4,4,APPROVED,READY,NOT_TESTED,JPN_PRIMARY; MLG_CN_CONTEXT_AUXILIARY,mechanical template; resource_class=SLOT_OLANG; source_objects=12; review_flag=WEB_TRANSLATED_PENDING_CODEX_CHECK
5D52E4F8,282,703,703;703;703,3,,page4:tag17:entity475:key00000073:ref703:ord0;page16:tag15:entity475:key00000073:ref703:ord0;page22:tag12:entity475:key00000073:ref703:ord0,EZ GUN (気力回復弾),種子島,G11,,种子岛火绳枪,,MATCH,9,18,APPROVED,READY,NOT_TESTED,JPN_PRIMARY; MLG_CN_CONTEXT_AUXILIARY,mechanical template; resource_class=SLOT_OLANG; source_objects=3; review_flag=WEB_TRANSLATED_PENDING_CODEX_CHECK
5D52E4F8,283,704,704;1065;704;1065;704;1065,6,,page4:tag17:entity474:key00000072:ref704:ord0;page4:tag17:entity835:key00000072:ref1065:ord0;page16:tag15:entity474:key00000072:ref704:ord0;page16:tag15:entity835:key00000072:ref1065:ord0;page22:tag12:entity474:key00000072:ref704:ord0;page22:tag12:entity835:key00000072:ref1065:ord0,種子島,G11,SUG,,G11,,MATCH,3,3,APPROVED,READY,NOT_TESTED,JPN_PRIMARY; MLG_CN_CONTEXT_AUXILIARY,mechanical template; resource_class=SLOT_OLANG; source_objects=6; review_flag=WEB_TRANSLATED_PENDING_CODEX_CHECK
5D52E4F8,284,705,705;1066;705;1066;705;1066,6,,page4:tag17:entity473:key00000071:ref705:ord0;page4:tag17:entity834:key00000071:ref1066:ord0;page16:tag15:entity473:key00000071:ref705:ord0;page16:tag15:entity834:key00000071:ref1066:ord0;page22:tag12:entity473:key00000071:ref705:ord0;page22:tag12:entity834:key00000071:ref1066:ord0,G11,SUG,FAL,,SUG,,MATCH,3,3,APPROVED,READY,NOT_TESTED,JPN_PRIMARY; MLG_CN_CONTEXT_AUXILIARY,mechanical template; resource_class=SLOT_OLANG; source_objects=6; review_flag=WEB_TRANSLATED_PENDING_CODEX_CHECK
5D52E4F8,285,710,710;711;1071;1072;710;711;1071;1072;710;711;1071;1072,12,,page4:tag17:entity469:key0000006D:ref710:ord0;page4:tag17:entity468:key0000006C:ref711:ord0;page4:tag17:entity830:key0000006D:ref1071:ord0;page4:tag17:entity829:key0000006C:ref1072:ord0;page16:tag15:entity469:key0000006D:ref710:ord0;page16:tag15:entity468:key0000006C:ref711:ord0;page16:tag15:entity830:key0000006D:ref1071:ord0;page16:tag15:entity829:key0000006C:ref1072:ord0;page22:tag12:entity469:key0000006D:ref710:ord0;page22:tag12:entity468:key0000006C:ref711:ord0;page22:tag12:entity830:key0000006D:ref1071:ord0;page22:tag12:entity829:key0000006C:ref1072:ord0,EZ GUN (気力回復弾),RPK,ADM65,,RPK,,MATCH,3,3,APPROVED,READY,NOT_TESTED,JPN_PRIMARY; MLG_CN_CONTEXT_AUXILIARY,mechanical template; resource_class=SLOT_OLANG; source_objects=12; review_flag=WEB_TRANSLATED_PENDING_CODEX_CHECK
5D52E4F8,286,712,712;713;1073;1074;712;713;1073;1074;712;713;1073;1074,12,,page4:tag17:entity467:key0000006B:ref712:ord0;page4:tag17:entity466:key0000006A:ref713:ord0;page4:tag17:entity828:key0000006B:ref1073:ord0;page4:tag17:entity827:key0000006A:ref1074:ord0;page16:tag15:entity467:key0000006B:ref712:ord0;page16:tag15:entity466:key0000006A:ref713:ord0;page16:tag15:entity828:key0000006B:ref1073:ord0;page16:tag15:entity827:key0000006A:ref1074:ord0;page22:tag12:entity467:key0000006B:ref712:ord0;page22:tag12:entity466:key0000006A:ref713:ord0;page22:tag12:entity828:key0000006B:ref1073:ord0;page22:tag12:entity827:key0000006A:ref1074:ord0,RPK,ADM65,ADM63,,ADM65,,MATCH,5,5,APPROVED,READY,NOT_TESTED,JPN_PRIMARY; MLG_CN_CONTEXT_AUXILIARY,mechanical template; resource_class=SLOT_OLANG; source_objects=12; review_flag=WEB_TRANSLATED_PENDING_CODEX_CHECK
5D52E4F8,287,714,714;1075;714;1075;714;1075,6,,page4:tag17:entity465:key00000069:ref714:ord0;page4:tag17:entity826:key00000069:ref1075:ord0;page16:tag15:entity465:key00000069:ref714:ord0;page16:tag15:entity826:key00000069:ref1075:ord0;page22:tag12:entity465:key00000069:ref714:ord0;page22:tag12:entity826:key00000069:ref1075:ord0,ADM65,ADM63,RK47(スモークグレネード),,ADM63,,MATCH,5,5,APPROVED,READY,NOT_TESTED,JPN_PRIMARY; MLG_CN_CONTEXT_AUXILIARY,mechanical template; resource_class=SLOT_OLANG; source_objects=6; review_flag=WEB_TRANSLATED_PENDING_CODEX_CHECK
5D52E4F8,288,715,715;716;715;716;715;716,6,,page4:tag17:entity464:key00000068:ref715:ord0;page4:tag17:entity463:key00000067:ref716:ord0;page16:tag15:entity464:key00000068:ref715:ord0;page16:tag15:entity463:key00000067:ref716:ord0;page22:tag12:entity464:key00000068:ref715:ord0;page22:tag12:entity463:key00000067:ref716:ord0,ADM63,RK47(スモークグレネード),RK47(グレネードランチャー装備),,RK47（烟雾弹发射器）,,MATCH,33,28,APPROVED,READY,NOT_TESTED,JPN_PRIMARY; MLG_CN_CONTEXT_AUXILIARY,mechanical template; resource_class=SLOT_OLANG; source_objects=6; review_flag=WEB_TRANSLATED_PENDING_CODEX_CHECK
5D52E4F8,289,717,717;718;717;718;717;718,6,,page4:tag17:entity462:key00000066:ref717:ord0;page4:tag17:entity461:key00000065:ref718:ord0;page16:tag15:entity462:key00000066:ref717:ord0;page16:tag15:entity461:key00000065:ref718:ord0;page22:tag12:entity462:key00000066:ref717:ord0;page22:tag12:entity461:key00000065:ref718:ord0,RK47(スモークグレネード),RK47(グレネードランチャー装備),RK47,,RK47（榴弹发射器）,,MATCH,42,25,APPROVED,READY,NOT_TESTED,JPN_PRIMARY; MLG_CN_CONTEXT_AUXILIARY,mechanical template; resource_class=SLOT_OLANG; source_objects=6; review_flag=WEB_TRANSLATED_PENDING_CODEX_CHECK
5D52E4F8,290,721,721;721;721,3,,page4:tag17:entity361:key00000001:ref721:ord0;page16:tag15:entity361:key00000001:ref721:ord0;page22:tag12:entity361:key00000001:ref721:ord0,EZ GUN (LIFE回復弾),スタンロッド,M653(SGL),,眩晕棒,,MATCH,18,9,APPROVED,READY,NOT_TESTED,JPN_PRIMARY; MLG_CN_CONTEXT_AUXILIARY,mechanical template; resource_class=SLOT_OLANG; source_objects=3; review_flag=WEB_TRANSLATED_PENDING_CODEX_CHECK
5D52E4F8,291,722,722;723;722;723;722;723,6,,page4:tag17:entity820:key00000063:ref722:ord0;page4:tag17:entity819:key00000062:ref723:ord0;page16:tag15:entity820:key00000063:ref722:ord0;page16:tag15:entity819:key00000062:ref723:ord0;page22:tag12:entity820:key00000063:ref722:ord0;page22:tag12:entity819:key00000062:ref723:ord0,スタンロッド,M653(SGL),M653(STG),,M653(SGL),,MATCH,9,9,APPROVED,READY,NOT_TESTED,JPN_PRIMARY; MLG_CN_CONTEXT_AUXILIARY,mechanical template; resource_class=SLOT_OLANG; source_objects=6; review_flag=WEB_TRANSLATED_PENDING_CODEX_CHECK
5D52E4F8,292,724,724;725;724;725;724;725,6,,page4:tag17:entity818:key00000061:ref724:ord0;page4:tag17:entity817:key00000060:ref725:ord0;page16:tag15:entity818:key00000061:ref724:ord0;page16:tag15:entity817:key00000060:ref725:ord0;page22:tag12:entity818:key00000061:ref724:ord0;page22:tag12:entity817:key00000060:ref725:ord0,M653(SGL),M653(STG),M653(GL),,M653(STG),,MATCH,9,9,APPROVED,READY,NOT_TESTED,JPN_PRIMARY; MLG_CN_CONTEXT_AUXILIARY,mechanical template; resource_class=SLOT_OLANG; source_objects=6; review_flag=WEB_TRANSLATED_PENDING_CODEX_CHECK
5D52E4F8,293,726,726;727;726;727;726;727,6,,page4:tag17:entity816:key0000005F:ref726:ord0;page4:tag17:entity815:key0000005E:ref727:ord0;page16:tag15:entity816:key0000005F:ref726:ord0;page16:tag15:entity815:key0000005E:ref727:ord0;page22:tag12:entity816:key0000005F:ref726:ord0;page22:tag12:entity815:key0000005E:ref727:ord0,M653(STG),M653(GL),M653,,M653(GL),,MATCH,8,8,APPROVED,READY,NOT_TESTED,JPN_PRIMARY; MLG_CN_CONTEXT_AUXILIARY,mechanical template; resource_class=SLOT_OLANG; source_objects=6; review_flag=WEB_TRANSLATED_PENDING_CODEX_CHECK
5D52E4F8,294,730,730;730;730,3,,page4:tag17:entity812:key0000005B:ref730:ord0;page16:tag15:entity812:key0000005B:ref730:ord0;page22:tag12:entity812:key0000005B:ref730:ord0,M653,PATRIOT,M16A1(SGL),,PATRIOT,,MATCH,7,7,APPROVED,READY,NOT_TESTED,JPN_PRIMARY; MLG_CN_CONTEXT_AUXILIARY,mechanical template; resource_class=SLOT_OLANG; source_objects=3; review_flag=WEB_TRANSLATED_PENDING_CODEX_CHECK
5D52E4F8,295,731,731;733;734;735;731;733;734;735;731;733;734;735,12,,page4:tag17:entity811:key0000005A:ref731:ord0;page4:tag17:entity810:key00000059:ref733:ord0;page4:tag17:entity809:key00000058:ref734:ord0;page4:tag17:entity808:key00000057:ref735:ord0;page16:tag15:entity811:key0000005A:ref731:ord0;page16:tag15:entity810:key00000059:ref733:ord0;page16:tag15:entity809:key00000058:ref734:ord0;page16:tag15:entity808:key00000057:ref735:ord0;page22:tag12:entity811:key0000005A:ref731:ord0;page22:tag12:entity810:key00000059:ref733:ord0;page22:tag12:entity809:key00000058:ref734:ord0;page22:tag12:entity808:key00000057:ref735:ord0,PATRIOT,M16A1(SGL),EZ GUN(LR),,M16A1(SGL),,MATCH,10,10,APPROVED,READY,NOT_TESTED,JPN_PRIMARY; MLG_CN_CONTEXT_AUXILIARY,mechanical template; resource_class=SLOT_OLANG; source_objects=12; review_flag=WEB_TRANSLATED_PENDING_CODEX_CHECK
5D52E4F8,296,732,732;743;754;1081;732;743;754;1081;732;743;754;1081,12,,page4:tag17:entity730:key00000009:ref732:ord0;page4:tag17:entity729:key00000008:ref743:ord0;page4:tag17:entity728:key00000007:ref754:ord0;page4:tag17:entity731:key0000000A:ref1081:ord0;page16:tag15:entity730:key00000009:ref732:ord0;page16:tag15:entity729:key00000008:ref743:ord0;page16:tag15:entity728:key00000007:ref754:ord0;page16:tag15:entity731:key0000000A:ref1081:ord0;page22:tag12:entity730:key00000009:ref732:ord0;page22:tag12:entity729:key00000008:ref743:ord0;page22:tag12:entity728:key00000007:ref754:ord0;page22:tag12:entity731:key0000000A:ref1081:ord0,M16A1(SGL),EZ GUN(LR),M16A1(SGL),,EZ GUN(LR),,MATCH,10,10,APPROVED,READY,NOT_TESTED,JPN_PRIMARY; MLG_CN_CONTEXT_AUXILIARY,mechanical template; resource_class=SLOT_OLANG; source_objects=12; review_flag=WEB_TRANSLATED_PENDING_CODEX_CHECK
5D52E4F8,297,736,736;737;738;739;736;737;738;739;736;737;738;739,12,,page4:tag17:entity807:key00000056:ref736:ord0;page4:tag17:entity806:key00000055:ref737:ord0;page4:tag17:entity805:key00000054:ref738:ord0;page4:tag17:entity804:key00000053:ref739:ord0;page16:tag15:entity807:key00000056:ref736:ord0;page16:tag15:entity806:key00000055:ref737:ord0;page16:tag15:entity805:key00000054:ref738:ord0;page16:tag15:entity804:key00000053:ref739:ord0;page22:tag12:entity807:key00000056:ref736:ord0;page22:tag12:entity806:key00000055:ref737:ord0;page22:tag12:entity805:key00000054:ref738:ord0;page22:tag12:entity804:key00000053:ref739:ord0,M16A1(SGL),M16A1(GL),M16A1(STG),,M16A1(GL),,MATCH,9,9,APPROVED,READY,NOT_TESTED,JPN_PRIMARY; MLG_CN_CONTEXT_AUXILIARY,mechanical template; resource_class=SLOT_OLANG; source_objects=12; review_flag=WEB_TRANSLATED_PENDING_CODEX_CHECK
5D52E4F8,298,740,740;741;742;744;740;741;742;744;740;741;742;744,12,,page4:tag17:entity803:key00000052:ref740:ord0;page4:tag17:entity802:key00000051:ref741:ord0;page4:tag17:entity801:key00000050:ref742:ord0;page4:tag17:entity800:key0000004F:ref744:ord0;page16:tag15:entity803:key00000052:ref740:ord0;page16:tag15:entity802:key00000051:ref741:ord0;page16:tag15:entity801:key00000050:ref742:ord0;page16:tag15:entity800:key0000004F:ref744:ord0;page22:tag12:entity803:key00000052:ref740:ord0;page22:tag12:entity802:key00000051:ref741:ord0;page22:tag12:entity801:key00000050:ref742:ord0;page22:tag12:entity800:key0000004F:ref744:ord0,M16A1(GL),M16A1(STG),EZ GUN(LR),,M16A1(STG),,MATCH,10,10,APPROVED,READY,NOT_TESTED,JPN_PRIMARY; MLG_CN_CONTEXT_AUXILIARY,mechanical template; resource_class=SLOT_OLANG; source_objects=12; review_flag=WEB_TRANSLATED_PENDING_CODEX_CHECK
5D52E4F8,299,748,748;795;796;797;748;795;796;797;748;795;796;797,12,,page4:tag17:entity796:key0000004B:ref748:ord0;page4:tag17:entity1056:key00000233:ref795:ord0;page4:tag17:entity1055:key00000232:ref796:ord0;page4:tag17:entity1054:key00000231:ref797:ord0;page16:tag15:entity796:key0000004B:ref748:ord0;page16:tag15:entity1056:key00000233:ref795:ord0;page16:tag15:entity1055:key00000232:ref796:ord0;page16:tag15:entity1054:key00000231:ref797:ord0;page22:tag12:entity796:key0000004B:ref748:ord0;page22:tag12:entity1056:key00000233:ref795:ord0;page22:tag12:entity1055:key00000232:ref796:ord0;page22:tag12:entity1054:key00000231:ref797:ord0,M16A1,VZ61,M10,,VZ61,,MATCH,4,4,APPROVED,READY,NOT_TESTED,JPN_PRIMARY; MLG_CN_CONTEXT_AUXILIARY,mechanical template; resource_class=SLOT_OLANG; source_objects=12; review_flag=WEB_TRANSLATED_PENDING_CODEX_CHECK
5D52E4F8,300,751,751;752;753;751;752;753;751;752;753,9,,page4:tag17:entity793:key00000048:ref751:ord0;page4:tag17:entity792:key00000047:ref752:ord0;page4:tag17:entity791:key00000046:ref753:ord0;page16:tag15:entity793:key00000048:ref751:ord0;page16:tag15:entity792:key00000047:ref752:ord0;page16:tag15:entity791:key00000046:ref753:ord0;page22:tag12:entity793:key00000048:ref751:ord0;page22:tag12:entity792:key00000047:ref752:ord0;page22:tag12:entity791:key00000046:ref753:ord0,M10,UZ61,EZ GUN(LR),,UZ61,,MATCH,4,4,APPROVED,READY,NOT_TESTED,JPN_PRIMARY; MLG_CN_CONTEXT_AUXILIARY,mechanical template; resource_class=SLOT_OLANG; source_objects=9; review_flag=WEB_TRANSLATED_PENDING_CODEX_CHECK
5D52E4F8,301,758,758;758;758,3,,page4:tag17:entity787:key00000042:ref758:ord0;page16:tag15:entity787:key00000042:ref758:ord0;page22:tag12:entity787:key00000042:ref758:ord0,MP5A2,M10(BJ),M10(SP),,M10(BJ),,MATCH,7,7,APPROVED,READY,NOT_TESTED,JPN_PRIMARY; MLG_CN_CONTEXT_AUXILIARY,mechanical template; resource_class=SLOT_OLANG; source_objects=3; review_flag=WEB_TRANSLATED_PENDING_CODEX_CHECK
5D52E4F8,302,759,759;759;759,3,,page4:tag17:entity786:key00000041:ref759:ord0;page16:tag15:entity786:key00000041:ref759:ord0;page22:tag12:entity786:key00000041:ref759:ord0,M10(BJ),M10(SP),M10,,M10(SP),,MATCH,7,7,APPROVED,READY,NOT_TESTED,JPN_PRIMARY; MLG_CN_CONTEXT_AUXILIARY,mechanical template; resource_class=SLOT_OLANG; source_objects=3; review_flag=WEB_TRANSLATED_PENDING_CODEX_CHECK
5D52E4F8,303,764,764;788;799;802;803;804;810;764;788;799;802;803;804;810;764;788;799;802;803;804;810,21,,page4:tag17:entity781:key0000003C:ref764:ord0;page4:tag17:entity778:key00000039:ref788:ord0;page4:tag17:entity777:key00000038:ref799:ord0;page4:tag17:entity1050:key0000022D:ref802:ord0;page4:tag17:entity1049:key0000022C:ref803:ord0;page4:tag17:entity1048:key0000022B:ref804:ord0;page4:tag17:entity776:key00000037:ref810:ord0;page16:tag15:entity781:key0000003C:ref764:ord0;page16:tag15:entity778:key00000039:ref788:ord0;page16:tag15:entity777:key00000038:ref799:ord0;page16:tag15:entity1050:key0000022D:ref802:ord0;page16:tag15:entity1049:key0000022C:ref803:ord0;page16:tag15:entity1048:key0000022B:ref804:ord0;page16:tag15:entity776:key00000037:ref810:ord0;page22:tag12:entity781:key0000003C:ref764:ord0;page22:tag12:entity778:key00000039:ref788:ord0;page22:tag12:entity777:key00000038:ref799:ord0;page22:tag12:entity1050:key0000022D:ref802:ord0;page22:tag12:entity1049:key0000022C:ref803:ord0;page22:tag12:entity1048:key0000022B:ref804:ord0;page22:tag12:entity776:key00000037:ref810:ord0,M1928A1,SPAS-12,MK.22,,SPAS-12,,MATCH,7,7,APPROVED,READY,NOT_TESTED,JPN_PRIMARY; MLG_CN_CONTEXT_AUXILIARY,mechanical template; resource_class=SLOT_OLANG; source_objects=21; review_flag=WEB_TRANSLATED_PENDING_CODEX_CHECK
5D52E4F8,304,765,765;827;847;894;994;765;827;847;894;994;765;827;847;894;994,15,,page4:tag17:entity727:key00000006:ref765:ord0;page4:tag17:entity726:key00000005:ref827:ord0;page4:tag17:entity725:key00000004:ref847:ord0;page4:tag17:entity724:key00000003:ref894:ord0;page4:tag17:entity723:key00000002:ref994:ord0;page16:tag15:entity727:key00000006:ref765:ord0;page16:tag15:entity726:key00000005:ref827:ord0;page16:tag15:entity725:key00000004:ref847:ord0;page16:tag15:entity724:key00000003:ref894:ord0;page16:tag15:entity723:key00000002:ref994:ord0;page22:tag12:entity727:key00000006:ref765:ord0;page22:tag12:entity726:key00000005:ref827:ord0;page22:tag12:entity725:key00000004:ref847:ord0;page22:tag12:entity724:key00000003:ref894:ord0;page22:tag12:entity723:key00000002:ref994:ord0,SPAS-12,MK.22,M37,,MK.22,,MATCH,5,5,APPROVED,READY,NOT_TESTED,JPN_PRIMARY; MLG_CN_CONTEXT_AUXILIARY,mechanical template; resource_class=SLOT_OLANG; source_objects=15; review_flag=WEB_TRANSLATED_PENDING_CODEX_CHECK
5D52E4F8,305,767,767;767;767,3,,page4:tag17:entity1082:key0000024D:ref767:ord0;page16:tag15:entity1082:key0000024D:ref767:ord0;page22:tag12:entity1082:key0000024D:ref767:ord0,M37,CT GUN(ST),CT GUN(SM),,CT GUN(ST),,MATCH,10,10,APPROVED,READY,NOT_TESTED,JPN_PRIMARY; MLG_CN_CONTEXT_AUXILIARY,mechanical template; resource_class=SLOT_OLANG; source_objects=3; review_flag=WEB_TRANSLATED_PENDING_CODEX_CHECK
5D52E4F8,306,768,768;768;768,3,,page4:tag17:entity1081:key0000024C:ref768:ord0;page16:tag15:entity1081:key0000024C:ref768:ord0;page22:tag12:entity1081:key0000024C:ref768:ord0,CT GUN(ST),CT GUN(SM),HOBBY MAG.,,CT GUN(SM),,MATCH,10,10,APPROVED,READY,NOT_TESTED,JPN_PRIMARY; MLG_CN_CONTEXT_AUXILIARY,mechanical template; resource_class=SLOT_OLANG; source_objects=3; review_flag=WEB_TRANSLATED_PENDING_CODEX_CHECK
5D52E4F8,307,769,769;770;771;772;880;769;770;771;772;880;769;770;771;772;880,15,,page4:tag17:entity1080:key0000024B:ref769:ord0;page4:tag17:entity1079:key0000024A:ref770:ord0;page4:tag17:entity1078:key00000249:ref771:ord0;page4:tag17:entity1077:key00000248:ref772:ord0;page4:tag17:entity998:key00000137:ref880:ord0;page16:tag15:entity1080:key0000024B:ref769:ord0;page16:tag15:entity1079:key0000024A:ref770:ord0;page16:tag15:entity1078:key00000249:ref771:ord0;page16:tag15:entity1077:key00000248:ref772:ord0;page16:tag15:entity998:key00000137:ref880:ord0;page22:tag12:entity1080:key0000024B:ref769:ord0;page22:tag12:entity1079:key0000024A:ref770:ord0;page22:tag12:entity1078:key00000249:ref771:ord0;page22:tag12:entity1077:key00000248:ref772:ord0;page22:tag12:entity998:key00000137:ref880:ord0,CT GUN(SM),HOBBY MAG.,M60,,HOBBY MAG.,,MATCH,10,10,APPROVED,READY,NOT_TESTED,JPN_PRIMARY; MLG_CN_CONTEXT_AUXILIARY,mechanical template; resource_class=SLOT_OLANG; source_objects=15; review_flag=WEB_TRANSLATED_PENDING_CODEX_CHECK
5D52E4F8,308,808,808;808;808,3,,page4:tag17:entity1044:key00000227:ref808:ord0;page16:tag15:entity1044:key00000227:ref808:ord0;page22:tag12:entity1044:key00000227:ref808:ord0,M37,30MM CG,30MM MG,,30MM CG,,MATCH,7,7,APPROVED,READY,NOT_TESTED,JPN_PRIMARY; MLG_CN_CONTEXT_AUXILIARY,mechanical template; resource_class=SLOT_OLANG; source_objects=3; review_flag=WEB_TRANSLATED_PENDING_CODEX_CHECK
5D52E4F8,309,809,809;809;809,3,,page4:tag17:entity1043:key00000226:ref809:ord0;page16:tag15:entity1043:key00000226:ref809:ord0;page22:tag12:entity1043:key00000226:ref809:ord0,30MM CG,30MM MG,SPAS-12,,30MM MG,,MATCH,7,7,APPROVED,READY,NOT_TESTED,JPN_PRIMARY; MLG_CN_CONTEXT_AUXILIARY,mechanical template; resource_class=SLOT_OLANG; source_objects=3; review_flag=WEB_TRANSLATED_PENDING_CODEX_CHECK
5D52E4F8,310,811,811;811;811,3,,page4:tag17:entity1042:key00000225:ref811:ord0;page16:tag15:entity1042:key00000225:ref811:ord0;page22:tag12:entity1042:key00000225:ref811:ord0,SPAS-12,IRN BOMB,M37(SNP),,IRN BOMB,,MATCH,8,8,APPROVED,READY,NOT_TESTED,JPN_PRIMARY; MLG_CN_CONTEXT_AUXILIARY,mechanical template; resource_class=SLOT_OLANG; source_objects=3; review_flag=WEB_TRANSLATED_PENDING_CODEX_CHECK
5D52E4F8,311,812,812;812;812,3,,page4:tag17:entity775:key00000036:ref812:ord0;page16:tag15:entity775:key00000036:ref812:ord0;page22:tag12:entity775:key00000036:ref812:ord0,IRN BOMB,M37(SNP),PETRIF.ATK,,M37(SNP),,MATCH,8,8,APPROVED,READY,NOT_TESTED,JPN_PRIMARY; MLG_CN_CONTEXT_AUXILIARY,mechanical template; resource_class=SLOT_OLANG; source_objects=3; review_flag=WEB_TRANSLATED_PENDING_CODEX_CHECK
5D52E4F8,312,813,813;813;813,3,,page4:tag17:entity1041:key00000217:ref813:ord0;page16:tag15:entity1041:key00000217:ref813:ord0;page22:tag12:entity1041:key00000217:ref813:ord0,M37(SNP),PETRIF.ATK,M37(LB),,PETRIF.ATK,,MATCH,10,10,APPROVED,READY,NOT_TESTED,JPN_PRIMARY; MLG_CN_CONTEXT_AUXILIARY,mechanical template; resource_class=SLOT_OLANG; source_objects=3; review_flag=WEB_TRANSLATED_PENDING_CODEX_CHECK
5D52E4F8,313,814,814;814;814,3,,page4:tag17:entity774:key00000035:ref814:ord0;page16:tag15:entity774:key00000035:ref814:ord0;page22:tag12:entity774:key00000035:ref814:ord0,PETRIF.ATK,M37(LB),CANNON,,M37(LB),,MATCH,7,7,APPROVED,READY,NOT_TESTED,JPN_PRIMARY; MLG_CN_CONTEXT_AUXILIARY,mechanical template; resource_class=SLOT_OLANG; source_objects=3; review_flag=WEB_TRANSLATED_PENDING_CODEX_CHECK
5D52E4F8,314,815,815;815;815,3,,page4:tag17:entity1040:key00000211:ref815:ord0;page16:tag15:entity1040:key00000211:ref815:ord0;page22:tag12:entity1040:key00000211:ref815:ord0,M37(LB),CANNON,MISSILE,,CANNON,,MATCH,6,6,APPROVED,READY,NOT_TESTED,JPN_PRIMARY; MLG_CN_CONTEXT_AUXILIARY,mechanical template; resource_class=SLOT_OLANG; source_objects=3; review_flag=WEB_TRANSLATED_PENDING_CODEX_CHECK
5D52E4F8,315,816,816;817;816;817;816;817,6,,page4:tag17:entity1039:key0000020F:ref816:ord0;page4:tag17:entity1038:key0000020E:ref817:ord0;page16:tag15:entity1039:key0000020F:ref816:ord0;page16:tag15:entity1038:key0000020E:ref817:ord0;page22:tag12:entity1039:key0000020F:ref816:ord0;page22:tag12:entity1038:key0000020E:ref817:ord0,CANNON,MISSILE,E.CHARGE,,MISSILE,,MATCH,7,7,APPROVED,READY,NOT_TESTED,JPN_PRIMARY; MLG_CN_CONTEXT_AUXILIARY,mechanical template; resource_class=SLOT_OLANG; source_objects=6; review_flag=WEB_TRANSLATED_PENDING_CODEX_CHECK
5D52E4F8,316,818,818;818;818,3,,page4:tag17:entity1037:key0000020C:ref818:ord0;page16:tag15:entity1037:key0000020C:ref818:ord0;page22:tag12:entity1037:key0000020C:ref818:ord0,MISSILE,E.CHARGE,MACHINEGUN,,E.CHARGE,,MATCH,8,8,APPROVED,READY,NOT_TESTED,JPN_PRIMARY; MLG_CN_CONTEXT_AUXILIARY,mechanical template; resource_class=SLOT_OLANG; source_objects=3; review_flag=WEB_TRANSLATED_PENDING_CODEX_CHECK
5D52E4F8,317,819,819;819;819,3,,page4:tag17:entity1036:key0000020B:ref819:ord0;page16:tag15:entity1036:key0000020B:ref819:ord0;page22:tag12:entity1036:key0000020B:ref819:ord0,E.CHARGE,MACHINEGUN,RAILGUN,,MACHINEGUN,,MATCH,10,10,APPROVED,READY,NOT_TESTED,JPN_PRIMARY; MLG_CN_CONTEXT_AUXILIARY,mechanical template; resource_class=SLOT_OLANG; source_objects=3; review_flag=WEB_TRANSLATED_PENDING_CODEX_CHECK
5D52E4F8,318,820,820;820;820,3,,page4:tag17:entity1035:key0000020A:ref820:ord0;page16:tag15:entity1035:key0000020A:ref820:ord0;page22:tag12:entity1035:key0000020A:ref820:ord0,MACHINEGUN,RAILGUN,ROCKET LC,,RAILGUN,,MATCH,7,7,APPROVED,READY,NOT_TESTED,JPN_PRIMARY; MLG_CN_CONTEXT_AUXILIARY,mechanical template; resource_class=SLOT_OLANG; source_objects=3; review_flag=WEB_TRANSLATED_PENDING_CODEX_CHECK
5D52E4F8,319,821,821;821;821,3,,page4:tag17:entity1034:key00000208:ref821:ord0;page16:tag15:entity1034:key00000208:ref821:ord0;page22:tag12:entity1034:key00000208:ref821:ord0,RAILGUN,ROCKET LC,M37,,ROCKET LC,,MATCH,9,9,APPROVED,READY,NOT_TESTED,JPN_PRIMARY; MLG_CN_CONTEXT_AUXILIARY,mechanical template; resource_class=SLOT_OLANG; source_objects=3; review_flag=WEB_TRANSLATED_PENDING_CODEX_CHECK
5D52E4F8,320,823,823;823;823,3,,page4:tag17:entity1033:key00000207:ref823:ord0;page16:tag15:entity1033:key00000207:ref823:ord0;page22:tag12:entity1033:key00000207:ref823:ord0,M37,AT MISSILE,GUN POD,,AT MISSILE,,MATCH,10,10,APPROVED,READY,NOT_TESTED,JPN_PRIMARY; MLG_CN_CONTEXT_AUXILIARY,mechanical template; resource_class=SLOT_OLANG; source_objects=3; review_flag=WEB_TRANSLATED_PENDING_CODEX_CHECK
5D52E4F8,321,824,824;824;824,3,,page4:tag17:entity1032:key00000206:ref824:ord0;page16:tag15:entity1032:key00000206:ref824:ord0;page22:tag12:entity1032:key00000206:ref824:ord0,AT MISSILE,GUN POD,M37,,GUN POD,,MATCH,7,7,APPROVED,READY,NOT_TESTED,JPN_PRIMARY; MLG_CN_CONTEXT_AUXILIARY,mechanical template; resource_class=SLOT_OLANG; source_objects=3; review_flag=WEB_TRANSLATED_PENDING_CODEX_CHECK
5D52E4F8,322,829,829;830;833;829;830;833;829;830;833,9,,page4:tag17:entity769:key00000030:ref829:ord0;page4:tag17:entity768:key0000002F:ref830:ord0;page4:tag17:entity767:key0000002E:ref833:ord0;page16:tag15:entity769:key00000030:ref829:ord0;page16:tag15:entity768:key0000002F:ref830:ord0;page16:tag15:entity767:key0000002E:ref833:ord0;page22:tag12:entity769:key00000030:ref829:ord0;page22:tag12:entity768:key0000002F:ref830:ord0;page22:tag12:entity767:key0000002E:ref833:ord0,M37,TWIN B.(R),76MM RG,,TWIN B.(R),,MATCH,10,10,APPROVED,READY,NOT_TESTED,JPN_PRIMARY; MLG_CN_CONTEXT_AUXILIARY,mechanical template; resource_class=SLOT_OLANG; source_objects=9; review_flag=WEB_TRANSLATED_PENDING_CODEX_CHECK
5D52E4F8,323,831,831;831;831,3,,page4:tag17:entity1031:key000001CD:ref831:ord0;page16:tag15:entity1031:key000001CD:ref831:ord0;page22:tag12:entity1031:key000001CD:ref831:ord0,TWIN B.(R),76MM RG,125MM SG,,76MM RG,,MATCH,7,7,APPROVED,READY,NOT_TESTED,JPN_PRIMARY; MLG_CN_CONTEXT_AUXILIARY,mechanical template; resource_class=SLOT_OLANG; source_objects=3; review_flag=WEB_TRANSLATED_PENDING_CODEX_CHECK
5D52E4F8,324,832,832;832;832,3,,page4:tag17:entity1030:key000001CC:ref832:ord0;page16:tag15:entity1030:key000001CC:ref832:ord0;page22:tag12:entity1030:key000001CC:ref832:ord0,76MM RG,125MM SG,TWIN B.(R),,125MM SG,,MATCH,8,8,APPROVED,READY,NOT_TESTED,JPN_PRIMARY; MLG_CN_CONTEXT_AUXILIARY,mechanical template; resource_class=SLOT_OLANG; source_objects=3; review_flag=WEB_TRANSLATED_PENDING_CODEX_CHECK
5D52E4F8,325,834,834;834;834,3,,page4:tag17:entity1029:key000001CB:ref834:ord0;page16:tag15:entity1029:key000001CB:ref834:ord0;page22:tag12:entity1029:key000001CB:ref834:ord0,TWIN B.(R),120MM SG,152MM GL,,120MM SG,,MATCH,8,8,APPROVED,READY,NOT_TESTED,JPN_PRIMARY; MLG_CN_CONTEXT_AUXILIARY,mechanical template; resource_class=SLOT_OLANG; source_objects=3; review_flag=WEB_TRANSLATED_PENDING_CODEX_CHECK
5D52E4F8,326,835,835;835;835,3,,page4:tag17:entity1028:key000001CA:ref835:ord0;page16:tag15:entity1028:key000001CA:ref835:ord0;page22:tag12:entity1028:key000001CA:ref835:ord0,120MM SG,152MM GL,TWIN BRL.,,152MM GL,,MATCH,8,8,APPROVED,READY,NOT_TESTED,JPN_PRIMARY; MLG_CN_CONTEXT_AUXILIARY,mechanical template; resource_class=SLOT_OLANG; source_objects=3; review_flag=WEB_TRANSLATED_PENDING_CODEX_CHECK
5D52E4F8,327,836,836;837;838;839;840;836;837;838;839;840;836;837;838;839;840,15,,page4:tag17:entity766:key0000002D:ref836:ord0;page4:tag17:entity765:key0000002C:ref837:ord0;page4:tag17:entity764:key0000002B:ref838:ord0;page4:tag17:entity763:key0000002A:ref839:ord0;page4:tag17:entity762:key00000029:ref840:ord0;page16:tag15:entity766:key0000002D:ref836:ord0;page16:tag15:entity765:key0000002C:ref837:ord0;page16:tag15:entity764:key0000002B:ref838:ord0;page16:tag15:entity763:key0000002A:ref839:ord0;page16:tag15:entity762:key00000029:ref840:ord0;page22:tag12:entity766:key0000002D:ref836:ord0;page22:tag12:entity765:key0000002C:ref837:ord0;page22:tag12:entity764:key0000002B:ref838:ord0;page22:tag12:entity763:key0000002A:ref839:ord0;page22:tag12:entity762:key00000029:ref840:ord0,152MM GL,TWIN BRL.,20MM AAG,,TWIN BRL.,,MATCH,9,9,APPROVED,READY,NOT_TESTED,JPN_PRIMARY; MLG_CN_CONTEXT_AUXILIARY,mechanical template; resource_class=SLOT_OLANG; source_objects=15; review_flag=WEB_TRANSLATED_PENDING_CODEX_CHECK
5D52E4F8,328,841,841;841;841,3,,page4:tag17:entity1027:key00000194:ref841:ord0;page16:tag15:entity1027:key00000194:ref841:ord0;page22:tag12:entity1027:key00000194:ref841:ord0,TWIN BRL.,20MM AAG,25MM MG,,20MM AAG,,MATCH,8,8,APPROVED,READY,NOT_TESTED,JPN_PRIMARY; MLG_CN_CONTEXT_AUXILIARY,mechanical template; resource_class=SLOT_OLANG; source_objects=3; review_flag=WEB_TRANSLATED_PENDING_CODEX_CHECK
5D52E4F8,329,842,842;842;842,3,,page4:tag17:entity1026:key00000193:ref842:ord0;page16:tag15:entity1026:key00000193:ref842:ord0;page22:tag12:entity1026:key00000193:ref842:ord0,20MM AAG,25MM MG,14.5MM MG,,25MM MG,,MATCH,7,7,APPROVED,READY,NOT_TESTED,JPN_PRIMARY; MLG_CN_CONTEXT_AUXILIARY,mechanical template; resource_class=SLOT_OLANG; source_objects=3; review_flag=WEB_TRANSLATED_PENDING_CODEX_CHECK
5D52E4F8,330,843,843;843;843,3,,page4:tag17:entity1025:key00000192:ref843:ord0;page16:tag15:entity1025:key00000192:ref843:ord0;page22:tag12:entity1025:key00000192:ref843:ord0,25MM MG,14.5MM MG,7.62MM MG,,14.5MM MG,,MATCH,9,9,APPROVED,READY,NOT_TESTED,JPN_PRIMARY; MLG_CN_CONTEXT_AUXILIARY,mechanical template; resource_class=SLOT_OLANG; source_objects=3; review_flag=WEB_TRANSLATED_PENDING_CODEX_CHECK
5D52E4F8,331,844,844;844;844,3,,page4:tag17:entity1024:key00000191:ref844:ord0;page16:tag15:entity1024:key00000191:ref844:ord0;page22:tag12:entity1024:key00000191:ref844:ord0,14.5MM MG,7.62MM MG,12.7MM MG,,7.62MM MG,,MATCH,9,9,APPROVED,READY,NOT_TESTED,JPN_PRIMARY; MLG_CN_CONTEXT_AUXILIARY,mechanical template; resource_class=SLOT_OLANG; source_objects=3; review_flag=WEB_TRANSLATED_PENDING_CODEX_CHECK
5D52E4F8,332,845,845;845;845,3,,page4:tag17:entity1023:key00000190:ref845:ord0;page16:tag15:entity1023:key00000190:ref845:ord0;page22:tag12:entity1023:key00000190:ref845:ord0,7.62MM MG,12.7MM MG,PM,,12.7MM MG,,MATCH,9,9,APPROVED,READY,NOT_TESTED,JPN_PRIMARY; MLG_CN_CONTEXT_AUXILIARY,mechanical template; resource_class=SLOT_OLANG; source_objects=3; review_flag=WEB_TRANSLATED_PENDING_CODEX_CHECK
5D52E4F8,333,850,850;850;850,3,,page4:tag17:entity758:key00000025:ref850:ord0;page16:tag15:entity758:key00000025:ref850:ord0;page22:tag12:entity758:key00000025:ref850:ord0,M1911A1,BANANA,STRIKE MK.,,BANANA,,MATCH,6,6,APPROVED,READY,NOT_TESTED,JPN_PRIMARY; MLG_CN_CONTEXT_AUXILIARY,mechanical template; resource_class=SLOT_OLANG; source_objects=3; review_flag=WEB_TRANSLATED_PENDING_CODEX_CHECK
5D52E4F8,334,851,851;852;853;859;915;851;852;853;859;915;851;852;853;859;915,15,,page4:tag17:entity757:key00000024:ref851:ord0;page4:tag17:entity756:key00000023:ref852:ord0;page4:tag17:entity755:key00000022:ref853:ord0;page4:tag17:entity1017:key0000014A:ref859:ord0;page4:tag17:entity967:key00000118:ref915:ord0;page16:tag15:entity757:key00000024:ref851:ord0;page16:tag15:entity756:key00000023:ref852:ord0;page16:tag15:entity755:key00000022:ref853:ord0;page16:tag15:entity1017:key0000014A:ref859:ord0;page16:tag15:entity967:key00000118:ref915:ord0;page22:tag12:entity757:key00000024:ref851:ord0;page22:tag12:entity756:key00000023:ref852:ord0;page22:tag12:entity755:key00000022:ref853:ord0;page22:tag12:entity1017:key0000014A:ref859:ord0;page22:tag12:entity967:key00000118:ref915:ord0,BANANA,STRIKE MK.,NOTHING,,STRIKE MK.,,MATCH,10,10,APPROVED,READY,NOT_TESTED,JPN_PRIMARY; MLG_CN_CONTEXT_AUXILIARY,mechanical template; resource_class=SLOT_OLANG; source_objects=15; review_flag=WEB_TRANSLATED_PENDING_CODEX_CHECK
5D52E4F8,335,854,854;855;856;857;858;854;855;856;857;858;854;855;856;857;858,15,,page4:tag17:entity1022:key0000014F:ref854:ord0;page4:tag17:entity1021:key0000014E:ref855:ord0;page4:tag17:entity1020:key0000014D:ref856:ord0;page4:tag17:entity1019:key0000014C:ref857:ord0;page4:tag17:entity1018:key0000014B:ref858:ord0;page16:tag15:entity1022:key0000014F:ref854:ord0;page16:tag15:entity1021:key0000014E:ref855:ord0;page16:tag15:entity1020:key0000014D:ref856:ord0;page16:tag15:entity1019:key0000014C:ref857:ord0;page16:tag15:entity1018:key0000014B:ref858:ord0;page22:tag12:entity1022:key0000014F:ref854:ord0;page22:tag12:entity1021:key0000014E:ref855:ord0;page22:tag12:entity1020:key0000014D:ref856:ord0;page22:tag12:entity1019:key0000014C:ref857:ord0;page22:tag12:entity1018:key0000014B:ref858:ord0,STRIKE MK.,NOTHING,STRIKE MK.,,NOTHING,,MATCH,7,7,APPROVED,READY,NOT_TESTED,JPN_PRIMARY; MLG_CN_CONTEXT_AUXILIARY,mechanical template; resource_class=SLOT_OLANG; source_objects=15; review_flag=WEB_TRANSLATED_PENDING_CODEX_CHECK
5D52E4F8,336,860,860;861;871;882;917;860;861;871;882;917;860;861;871;882;917,15,,page4:tag17:entity754:key00000021:ref860:ord0;page4:tag17:entity1016:key00000149:ref861:ord0;page4:tag17:entity753:key00000020:ref871:ord0;page4:tag17:entity752:key0000001F:ref882:ord0;page4:tag17:entity966:key00000117:ref917:ord0;page16:tag15:entity754:key00000021:ref860:ord0;page16:tag15:entity1016:key00000149:ref861:ord0;page16:tag15:entity753:key00000020:ref871:ord0;page16:tag15:entity752:key0000001F:ref882:ord0;page16:tag15:entity966:key00000117:ref917:ord0;page22:tag12:entity754:key00000021:ref860:ord0;page22:tag12:entity1016:key00000149:ref861:ord0;page22:tag12:entity753:key00000020:ref871:ord0;page22:tag12:entity752:key0000001F:ref882:ord0;page22:tag12:entity966:key00000117:ref917:ord0,STRIKE MK.,SUPPLY MK.,FULTON M.,,SUPPLY MK.,,MATCH,10,10,APPROVED,READY,NOT_TESTED,JPN_PRIMARY; MLG_CN_CONTEXT_AUXILIARY,mechanical template; resource_class=SLOT_OLANG; source_objects=15; review_flag=WEB_TRANSLATED_PENDING_CODEX_CHECK
5D52E4F8,337,862,862;862;862,3,,page4:tag17:entity1015:key00000148:ref862:ord0;page16:tag15:entity1015:key00000148:ref862:ord0;page22:tag12:entity1015:key00000148:ref862:ord0,SUPPLY MK.,FULTON M.,TEMP,,FULTON M.,,MATCH,9,9,APPROVED,READY,NOT_TESTED,JPN_PRIMARY; MLG_CN_CONTEXT_AUXILIARY,mechanical template; resource_class=SLOT_OLANG; source_objects=3; review_flag=WEB_TRANSLATED_PENDING_CODEX_CHECK
5D52E4F8,338,863,863;863;863,3,,page4:tag17:entity1014:key00000147:ref863:ord0;page16:tag15:entity1014:key00000147:ref863:ord0;page22:tag12:entity1014:key00000147:ref863:ord0,FULTON M.,TEMP,AERIAL M.,,TEMP,,MATCH,4,4,APPROVED,READY,NOT_TESTED,JPN_PRIMARY; MLG_CN_CONTEXT_AUXILIARY,mechanical template; resource_class=SLOT_OLANG; source_objects=3; review_flag=WEB_TRANSLATED_PENDING_CODEX_CHECK
5D52E4F8,339,864,864;865;866;867;868;864;865;866;867;868;864;865;866;867;868,15,,page4:tag17:entity1013:key00000146:ref864:ord0;page4:tag17:entity1012:key00000145:ref865:ord0;page4:tag17:entity1011:key00000144:ref866:ord0;page4:tag17:entity1010:key00000143:ref867:ord0;page4:tag17:entity1009:key00000142:ref868:ord0;page16:tag15:entity1013:key00000146:ref864:ord0;page16:tag15:entity1012:key00000145:ref865:ord0;page16:tag15:entity1011:key00000144:ref866:ord0;page16:tag15:entity1010:key00000143:ref867:ord0;page16:tag15:entity1009:key00000142:ref868:ord0;page22:tag12:entity1013:key00000146:ref864:ord0;page22:tag12:entity1012:key00000145:ref865:ord0;page22:tag12:entity1011:key00000144:ref866:ord0;page22:tag12:entity1010:key00000143:ref867:ord0;page22:tag12:entity1009:key00000142:ref868:ord0,TEMP,AERIAL M.,DECOY,,AERIAL M.,,MATCH,9,9,APPROVED,READY,NOT_TESTED,JPN_PRIMARY; MLG_CN_CONTEXT_AUXILIARY,mechanical template; resource_class=SLOT_OLANG; source_objects=15; review_flag=WEB_TRANSLATED_PENDING_CODEX_CHECK
5D52E4F8,340,869,869;870;872;873;874;869;870;872;873;874;869;870;872;873;874,15,,page4:tag17:entity1008:key00000141:ref869:ord0;page4:tag17:entity1007:key00000140:ref870:ord0;page4:tag17:entity1006:key0000013F:ref872:ord0;page4:tag17:entity1005:key0000013E:ref873:ord0;page4:tag17:entity1004:key0000013D:ref874:ord0;page16:tag15:entity1008:key00000141:ref869:ord0;page16:tag15:entity1007:key00000140:ref870:ord0;page16:tag15:entity1006:key0000013F:ref872:ord0;page16:tag15:entity1005:key0000013E:ref873:ord0;page16:tag15:entity1004:key0000013D:ref874:ord0;page22:tag12:entity1008:key00000141:ref869:ord0;page22:tag12:entity1007:key00000140:ref870:ord0;page22:tag12:entity1006:key0000013F:ref872:ord0;page22:tag12:entity1005:key0000013E:ref873:ord0;page22:tag12:entity1004:key0000013D:ref874:ord0,AERIAL M.,DECOY,SUPPLY MK.,,DECOY,,MATCH,5,5,APPROVED,READY,NOT_TESTED,JPN_PRIMARY; MLG_CN_CONTEXT_AUXILIARY,mechanical template; resource_class=SLOT_OLANG; source_objects=15; review_flag=WEB_TRANSLATED_PENDING_CODEX_CHECK
5D52E4F8,341,875,875;876;877;878;879;875;876;877;878;879;875;876;877;878;879,15,,page4:tag17:entity1003:key0000013C:ref875:ord0;page4:tag17:entity1002:key0000013B:ref876:ord0;page4:tag17:entity1001:key0000013A:ref877:ord0;page4:tag17:entity1000:key00000139:ref878:ord0;page4:tag17:entity999:key00000138:ref879:ord0;page16:tag15:entity1003:key0000013C:ref875:ord0;page16:tag15:entity1002:key0000013B:ref876:ord0;page16:tag15:entity1001:key0000013A:ref877:ord0;page16:tag15:entity1000:key00000139:ref878:ord0;page16:tag15:entity999:key00000138:ref879:ord0;page22:tag12:entity1003:key0000013C:ref875:ord0;page22:tag12:entity1002:key0000013B:ref876:ord0;page22:tag12:entity1001:key0000013A:ref877:ord0;page22:tag12:entity1000:key00000139:ref878:ord0;page22:tag12:entity999:key00000138:ref879:ord0,DECOY,AT MINE,HOBBY MAG.,,AT MINE,,MATCH,7,7,APPROVED,READY,NOT_TESTED,JPN_PRIMARY; MLG_CN_CONTEXT_AUXILIARY,mechanical template; resource_class=SLOT_OLANG; source_objects=15; review_flag=WEB_TRANSLATED_PENDING_CODEX_CHECK
5D52E4F8,342,881,881;881;881,3,,page4:tag17:entity997:key00000136:ref881:ord0;page16:tag15:entity997:key00000136:ref881:ord0;page22:tag12:entity997:key00000136:ref881:ord0,HOBBY MAG.,W.MAGAZINE,SUPPLY MK.,,W.MAGAZINE,,MATCH,10,10,APPROVED,READY,NOT_TESTED,JPN_PRIMARY; MLG_CN_CONTEXT_AUXILIARY,mechanical template; resource_class=SLOT_OLANG; source_objects=3; review_flag=WEB_TRANSLATED_PENDING_CODEX_CHECK
5D52E4F8,343,883,883;883;883,3,,page4:tag17:entity996:key00000135:ref883:ord0;page16:tag15:entity996:key00000135:ref883:ord0;page22:tag12:entity996:key00000135:ref883:ord0,SUPPLY MK.,DNGK GAMES,DPS(R),,DNGK GAMES,,MATCH,10,10,APPROVED,READY,NOT_TESTED,JPN_PRIMARY; MLG_CN_CONTEXT_AUXILIARY,mechanical template; resource_class=SLOT_OLANG; source_objects=3; review_flag=WEB_TRANSLATED_PENDING_CODEX_CHECK
5D52E4F8,344,884,884;884;884,3,,page4:tag17:entity995:key00000134:ref884:ord0;page16:tag15:entity995:key00000134:ref884:ord0;page22:tag12:entity995:key00000134:ref884:ord0,DNGK GAMES,DPS(R),FAMITSU,,DPS(R),,MATCH,6,6,APPROVED,READY,NOT_TESTED,JPN_PRIMARY; MLG_CN_CONTEXT_AUXILIARY,mechanical template; resource_class=SLOT_OLANG; source_objects=3; review_flag=WEB_TRANSLATED_PENDING_CODEX_CHECK
5D52E4F8,345,885,885;885;885,3,,page4:tag17:entity994:key00000133:ref885:ord0;page16:tag15:entity994:key00000133:ref885:ord0;page22:tag12:entity994:key00000133:ref885:ord0,DPS(R),FAMITSU,COOKBOOK,,FAMITSU,,MATCH,7,7,APPROVED,READY,NOT_TESTED,JPN_PRIMARY; MLG_CN_CONTEXT_AUXILIARY,mechanical template; resource_class=SLOT_OLANG; source_objects=3; review_flag=WEB_TRANSLATED_PENDING_CODEX_CHECK
5D52E4F8,346,886,886;887;888;889;890;886;887;888;889;890;886;887;888;889;890,15,,page4:tag17:entity993:key00000132:ref886:ord0;page4:tag17:entity992:key00000131:ref887:ord0;page4:tag17:entity991:key00000130:ref888:ord0;page4:tag17:entity990:key0000012F:ref889:ord0;page4:tag17:entity989:key0000012E:ref890:ord0;page16:tag15:entity993:key00000132:ref886:ord0;page16:tag15:entity992:key00000131:ref887:ord0;page16:tag15:entity991:key00000130:ref888:ord0;page16:tag15:entity990:key0000012F:ref889:ord0;page16:tag15:entity989:key0000012E:ref890:ord0;page22:tag12:entity993:key00000132:ref886:ord0;page22:tag12:entity992:key00000131:ref887:ord0;page22:tag12:entity991:key00000130:ref888:ord0;page22:tag12:entity990:key0000012F:ref889:ord0;page22:tag12:entity989:key0000012E:ref890:ord0,FAMITSU,COOKBOOK,？？？,,COOKBOOK,,MATCH,8,8,APPROVED,READY,NOT_TESTED,JPN_PRIMARY; MLG_CN_CONTEXT_AUXILIARY,mechanical template; resource_class=SLOT_OLANG; source_objects=15; review_flag=WEB_TRANSLATED_PENDING_CODEX_CHECK
5D52E4F8,347,898,898;899;900;901;902;898;899;900;901;902;898;899;900;901;902,15,,page4:tag17:entity983:key00000128:ref898:ord0;page4:tag17:entity982:key00000127:ref899:ord0;page4:tag17:entity981:key00000126:ref900:ord0;page4:tag17:entity980:key00000125:ref901:ord0;page4:tag17:entity979:key00000124:ref902:ord0;page16:tag15:entity983:key00000128:ref898:ord0;page16:tag15:entity982:key00000127:ref899:ord0;page16:tag15:entity981:key00000126:ref900:ord0;page16:tag15:entity980:key00000125:ref901:ord0;page16:tag15:entity979:key00000124:ref902:ord0;page22:tag12:entity983:key00000128:ref898:ord0;page22:tag12:entity982:key00000127:ref899:ord0;page22:tag12:entity981:key00000126:ref900:ord0;page22:tag12:entity980:key00000125:ref901:ord0;page22:tag12:entity979:key00000124:ref902:ord0,？？？,COMIC MAG.,CLAYMORE,,COMIC MAG.,,MATCH,10,10,APPROVED,READY,NOT_TESTED,JPN_PRIMARY; MLG_CN_CONTEXT_AUXILIARY,mechanical template; resource_class=SLOT_OLANG; source_objects=15; review_flag=WEB_TRANSLATED_PENDING_CODEX_CHECK
5D52E4F8,348,903,903;904;906;907;908;903;904;906;907;908;903;904;906;907;908,15,,page4:tag17:entity978:key00000123:ref903:ord0;page4:tag17:entity977:key00000122:ref904:ord0;page4:tag17:entity976:key00000121:ref906:ord0;page4:tag17:entity975:key00000120:ref907:ord0;page4:tag17:entity974:key0000011F:ref908:ord0;page16:tag15:entity978:key00000123:ref903:ord0;page16:tag15:entity977:key00000122:ref904:ord0;page16:tag15:entity976:key00000121:ref906:ord0;page16:tag15:entity975:key00000120:ref907:ord0;page16:tag15:entity974:key0000011F:ref908:ord0;page22:tag12:entity978:key00000123:ref903:ord0;page22:tag12:entity977:key00000122:ref904:ord0;page22:tag12:entity976:key00000121:ref906:ord0;page22:tag12:entity975:key00000120:ref907:ord0;page22:tag12:entity974:key0000011F:ref908:ord0,COMIC MAG.,CLAYMORE,C96,,CLAYMORE,,MATCH,8,8,APPROVED,READY,NOT_TESTED,JPN_PRIMARY; MLG_CN_CONTEXT_AUXILIARY,mechanical template; resource_class=SLOT_OLANG; source_objects=15; review_flag=WEB_TRANSLATED_PENDING_CODEX_CHECK
5D52E4F8,349,909,909;910;911;912;913;909;910;911;912;913;909;910;911;912;913,15,,page4:tag17:entity973:key0000011E:ref909:ord0;page4:tag17:entity972:key0000011D:ref910:ord0;page4:tag17:entity971:key0000011C:ref911:ord0;page4:tag17:entity970:key0000011B:ref912:ord0;page4:tag17:entity969:key0000011A:ref913:ord0;page16:tag15:entity973:key0000011E:ref909:ord0;page16:tag15:entity972:key0000011D:ref910:ord0;page16:tag15:entity971:key0000011C:ref911:ord0;page16:tag15:entity970:key0000011B:ref912:ord0;page16:tag15:entity969:key0000011A:ref913:ord0;page22:tag12:entity973:key0000011E:ref909:ord0;page22:tag12:entity972:key0000011D:ref910:ord0;page22:tag12:entity971:key0000011C:ref911:ord0;page22:tag12:entity970:key0000011B:ref912:ord0;page22:tag12:entity969:key0000011A:ref913:ord0,CLAYMORE,C4,EM NET,,C4,,MATCH,2,2,APPROVED,READY,NOT_TESTED,JPN_PRIMARY; MLG_CN_CONTEXT_AUXILIARY,mechanical template; resource_class=SLOT_OLANG; source_objects=15; review_flag=WEB_TRANSLATED_PENDING_CODEX_CHECK
5D52E4F8,350,914,914;914;914,3,,page4:tag17:entity968:key00000119:ref914:ord0;page16:tag15:entity968:key00000119:ref914:ord0;page22:tag12:entity968:key00000119:ref914:ord0,C4,EM NET,STRIKE MK.,,EM NET,,MATCH,6,6,APPROVED,READY,NOT_TESTED,JPN_PRIMARY; MLG_CN_CONTEXT_AUXILIARY,mechanical template; resource_class=SLOT_OLANG; source_objects=3; review_flag=WEB_TRANSLATED_PENDING_CODEX_CHECK
5D52E4F8,351,918,918;918;918,3,,page4:tag17:entity965:key00000116:ref918:ord0;page16:tag15:entity965:key00000116:ref918:ord0;page22:tag12:entity965:key00000116:ref918:ord0,SUPPLY MK.,EMPTY MAG.,SLEEP G.,,EMPTY MAG.,,MATCH,10,10,APPROVED,READY,NOT_TESTED,JPN_PRIMARY; MLG_CN_CONTEXT_AUXILIARY,mechanical template; resource_class=SLOT_OLANG; source_objects=3; review_flag=WEB_TRANSLATED_PENDING_CODEX_CHECK
5D52E4F8,352,919,919;920;921;922;923;919;920;921;922;923;919;920;921;922;923,15,,page4:tag17:entity964:key00000115:ref919:ord0;page4:tag17:entity963:key00000114:ref920:ord0;page4:tag17:entity962:key00000113:ref921:ord0;page4:tag17:entity961:key00000112:ref922:ord0;page4:tag17:entity960:key00000111:ref923:ord0;page16:tag15:entity964:key00000115:ref919:ord0;page16:tag15:entity963:key00000114:ref920:ord0;page16:tag15:entity962:key00000113:ref921:ord0;page16:tag15:entity961:key00000112:ref922:ord0;page16:tag15:entity960:key00000111:ref923:ord0;page22:tag12:entity964:key00000115:ref919:ord0;page22:tag12:entity963:key00000114:ref920:ord0;page22:tag12:entity962:key00000113:ref921:ord0;page22:tag12:entity961:key00000112:ref922:ord0;page22:tag12:entity960:key00000111:ref923:ord0,EMPTY MAG.,SLEEP G.,SMK G.(BK),,SLEEP G.,,MATCH,8,8,APPROVED,READY,NOT_TESTED,JPN_PRIMARY; MLG_CN_CONTEXT_AUXILIARY,mechanical template; resource_class=SLOT_OLANG; source_objects=15; review_flag=WEB_TRANSLATED_PENDING_CODEX_CHECK
5D52E4F8,353,924,924;924;924,3,,page4:tag17:entity959:key00000110:ref924:ord0;page16:tag15:entity959:key00000110:ref924:ord0;page22:tag12:entity959:key00000110:ref924:ord0,SLEEP G.,SMK G.(BK),SMK G.(Y),,SMK G.(BK),,MATCH,10,10,APPROVED,READY,NOT_TESTED,JPN_PRIMARY; MLG_CN_CONTEXT_AUXILIARY,mechanical template; resource_class=SLOT_OLANG; source_objects=3; review_flag=WEB_TRANSLATED_PENDING_CODEX_CHECK
5D52E4F8,354,925,925;925;925,3,,page4:tag17:entity958:key0000010F:ref925:ord0;page16:tag15:entity958:key0000010F:ref925:ord0;page22:tag12:entity958:key0000010F:ref925:ord0,SMK G.(BK),SMK G.(Y),SMK G.(G),,SMK G.(Y),,MATCH,9,9,APPROVED,READY,NOT_TESTED,JPN_PRIMARY; MLG_CN_CONTEXT_AUXILIARY,mechanical template; resource_class=SLOT_OLANG; source_objects=3; review_flag=WEB_TRANSLATED_PENDING_CODEX_CHECK
5D52E4F8,355,926,926;926;926,3,,page4:tag17:entity957:key0000010E:ref926:ord0;page16:tag15:entity957:key0000010E:ref926:ord0;page22:tag12:entity957:key0000010E:ref926:ord0,SMK G.(Y),SMK G.(G),K.PISTOL,,SMK G.(G),,MATCH,9,9,APPROVED,READY,NOT_TESTED,JPN_PRIMARY; MLG_CN_CONTEXT_AUXILIARY,mechanical template; resource_class=SLOT_OLANG; source_objects=3; review_flag=WEB_TRANSLATED_PENDING_CODEX_CHECK
5D52E4F8,356,927,927;938;927;938;927;938,6,,page4:tag17:entity748:key0000001B:ref927:ord0;page4:tag17:entity747:key0000001A:ref938:ord0;page16:tag15:entity748:key0000001B:ref927:ord0;page16:tag15:entity747:key0000001A:ref938:ord0;page22:tag12:entity748:key0000001B:ref927:ord0;page22:tag12:entity747:key0000001A:ref938:ord0,SMK G.(G),K.PISTOL,SMK G.(B),,K.PISTOL,,MATCH,8,8,APPROVED,READY,NOT_TESTED,JPN_PRIMARY; MLG_CN_CONTEXT_AUXILIARY,mechanical template; resource_class=SLOT_OLANG; source_objects=6; review_flag=WEB_TRANSLATED_PENDING_CODEX_CHECK
5D52E4F8,357,928,928;928;928,3,,page4:tag17:entity956:key0000010D:ref928:ord0;page16:tag15:entity956:key0000010D:ref928:ord0;page22:tag12:entity956:key0000010D:ref928:ord0,K.PISTOL,SMK G.(B),SMK G.(R),,SMK G.(B),,MATCH,9,9,APPROVED,READY,NOT_TESTED,JPN_PRIMARY; MLG_CN_CONTEXT_AUXILIARY,mechanical template; resource_class=SLOT_OLANG; source_objects=3; review_flag=WEB_TRANSLATED_PENDING_CODEX_CHECK
5D52E4F8,358,929,929;929;929,3,,page4:tag17:entity955:key0000010C:ref929:ord0;page16:tag15:entity955:key0000010C:ref929:ord0;page22:tag12:entity955:key0000010C:ref929:ord0,SMK G.(B),SMK G.(R),SMOKE G.,,SMK G.(R),,MATCH,9,9,APPROVED,READY,NOT_TESTED,JPN_PRIMARY; MLG_CN_CONTEXT_AUXILIARY,mechanical template; resource_class=SLOT_OLANG; source_objects=3; review_flag=WEB_TRANSLATED_PENDING_CODEX_CHECK
5D52E4F8,359,930,930;931;932;933;934;930;931;932;933;934;930;931;932;933;934,15,,page4:tag17:entity954:key0000010B:ref930:ord0;page4:tag17:entity953:key0000010A:ref931:ord0;page4:tag17:entity952:key00000109:ref932:ord0;page4:tag17:entity951:key00000108:ref933:ord0;page4:tag17:entity950:key00000107:ref934:ord0;page16:tag15:entity954:key0000010B:ref930:ord0;page16:tag15:entity953:key0000010A:ref931:ord0;page16:tag15:entity952:key00000109:ref932:ord0;page16:tag15:entity951:key00000108:ref933:ord0;page16:tag15:entity950:key00000107:ref934:ord0;page22:tag12:entity954:key0000010B:ref930:ord0;page22:tag12:entity953:key0000010A:ref931:ord0;page22:tag12:entity952:key00000109:ref932:ord0;page22:tag12:entity951:key00000108:ref933:ord0;page22:tag12:entity950:key00000107:ref934:ord0,SMK G.(R),SMOKE G.,CHAFF G.,,SMOKE G.,,MATCH,8,8,APPROVED,READY,NOT_TESTED,JPN_PRIMARY; MLG_CN_CONTEXT_AUXILIARY,mechanical template; resource_class=SLOT_OLANG; source_objects=15; review_flag=WEB_TRANSLATED_PENDING_CODEX_CHECK
5D52E4F8,360,935,935;936;937;939;940;935;936;937;939;940;935;936;937;939;940,15,,page4:tag17:entity949:key00000106:ref935:ord0;page4:tag17:entity948:key00000105:ref936:ord0;page4:tag17:entity947:key00000104:ref937:ord0;page4:tag17:entity946:key00000103:ref939:ord0;page4:tag17:entity945:key00000102:ref940:ord0;page16:tag15:entity949:key00000106:ref935:ord0;page16:tag15:entity948:key00000105:ref936:ord0;page16:tag15:entity947:key00000104:ref937:ord0;page16:tag15:entity946:key00000103:ref939:ord0;page16:tag15:entity945:key00000102:ref940:ord0;page22:tag12:entity949:key00000106:ref935:ord0;page22:tag12:entity948:key00000105:ref936:ord0;page22:tag12:entity947:key00000104:ref937:ord0;page22:tag12:entity946:key00000103:ref939:ord0;page22:tag12:entity945:key00000102:ref940:ord0,SMOKE G.,CHAFF G.,K.PISTOL,,CHAFF G.,,MATCH,8,8,APPROVED,READY,NOT_TESTED,JPN_PRIMARY; MLG_CN_CONTEXT_AUXILIARY,mechanical template; resource_class=SLOT_OLANG; source_objects=15; review_flag=WEB_TRANSLATED_PENDING_CODEX_CHECK
5D52E4F8,361,941,941;942;943;944;945;941;942;943;944;945;941;942;943;944;945,15,,page4:tag17:entity944:key00000101:ref941:ord0;page4:tag17:entity943:key00000100:ref942:ord0;page4:tag17:entity942:key000000FF:ref943:ord0;page4:tag17:entity941:key000000FE:ref944:ord0;page4:tag17:entity940:key000000FD:ref945:ord0;page16:tag15:entity944:key00000101:ref941:ord0;page16:tag15:entity943:key00000100:ref942:ord0;page16:tag15:entity942:key000000FF:ref943:ord0;page16:tag15:entity941:key000000FE:ref944:ord0;page16:tag15:entity940:key000000FD:ref945:ord0;page22:tag12:entity944:key00000101:ref941:ord0;page22:tag12:entity943:key00000100:ref942:ord0;page22:tag12:entity942:key000000FF:ref943:ord0;page22:tag12:entity941:key000000FE:ref944:ord0;page22:tag12:entity940:key000000FD:ref945:ord0,CHAFF G.,STUN G.,GRENADE,,STUN G.,,MATCH,7,7,APPROVED,READY,NOT_TESTED,JPN_PRIMARY; MLG_CN_CONTEXT_AUXILIARY,mechanical template; resource_class=SLOT_OLANG; source_objects=15; review_flag=WEB_TRANSLATED_PENDING_CODEX_CHECK
5D52E4F8,362,946,946;947;948;950;951;946;947;948;950;951;946;947;948;950;951,15,,page4:tag17:entity939:key000000FC:ref946:ord0;page4:tag17:entity938:key000000FB:ref947:ord0;page4:tag17:entity937:key000000FA:ref948:ord0;page4:tag17:entity936:key000000F9:ref950:ord0;page4:tag17:entity935:key000000F8:ref951:ord0;page16:tag15:entity939:key000000FC:ref946:ord0;page16:tag15:entity938:key000000FB:ref947:ord0;page16:tag15:entity937:key000000FA:ref948:ord0;page16:tag15:entity936:key000000F9:ref950:ord0;page16:tag15:entity935:key000000F8:ref951:ord0;page22:tag12:entity939:key000000FC:ref946:ord0;page22:tag12:entity938:key000000FB:ref947:ord0;page22:tag12:entity937:key000000FA:ref948:ord0;page22:tag12:entity936:key000000F9:ref950:ord0;page22:tag12:entity935:key000000F8:ref951:ord0,STUN G.,GRENADE,M19,,GRENADE,,MATCH,7,7,APPROVED,READY,NOT_TESTED,JPN_PRIMARY; MLG_CN_CONTEXT_AUXILIARY,mechanical template; resource_class=SLOT_OLANG; source_objects=15; review_flag=WEB_TRANSLATED_PENDING_CODEX_CHECK
5D52E4F8,363,956,956;957;958;956;957;958;956;957;958,9,,page4:tag17:entity931:key000000EB:ref956:ord0;page4:tag17:entity930:key000000EA:ref957:ord0;page4:tag17:entity929:key000000E9:ref958:ord0;page16:tag15:entity931:key000000EB:ref956:ord0;page16:tag15:entity930:key000000EA:ref957:ord0;page16:tag15:entity929:key000000E9:ref958:ord0;page22:tag12:entity931:key000000EB:ref956:ord0;page22:tag12:entity930:key000000EA:ref957:ord0;page22:tag12:entity929:key000000E9:ref958:ord0,M19,SLING BAND,SLING POST,,SLING BAND,,MATCH,10,10,APPROVED,READY,NOT_TESTED,JPN_PRIMARY; MLG_CN_CONTEXT_AUXILIARY,mechanical template; resource_class=SLOT_OLANG; source_objects=9; review_flag=WEB_TRANSLATED_PENDING_CODEX_CHECK
5D52E4F8,364,959,959;959;959,3,,page4:tag17:entity928:key000000E8:ref959:ord0;page16:tag15:entity928:key000000E8:ref959:ord0;page22:tag12:entity928:key000000E8:ref959:ord0,SLING BAND,SLING POST,STLTH GUN,,SLING POST,,MATCH,10,10,APPROVED,READY,NOT_TESTED,JPN_PRIMARY; MLG_CN_CONTEXT_AUXILIARY,mechanical template; resource_class=SLOT_OLANG; source_objects=3; review_flag=WEB_TRANSLATED_PENDING_CODEX_CHECK
5D52E4F8,365,960,960;961;963;960;961;963;960;961;963,9,,page4:tag17:entity927:key000000E7:ref960:ord0;page4:tag17:entity926:key000000E6:ref961:ord0;page4:tag17:entity925:key000000E5:ref963:ord0;page16:tag15:entity927:key000000E7:ref960:ord0;page16:tag15:entity926:key000000E6:ref961:ord0;page16:tag15:entity925:key000000E5:ref963:ord0;page22:tag12:entity927:key000000E7:ref960:ord0;page22:tag12:entity926:key000000E6:ref961:ord0;page22:tag12:entity925:key000000E5:ref963:ord0,SLING POST,STLTH GUN,M19,,STLTH GUN,,MATCH,9,9,APPROVED,READY,NOT_TESTED,JPN_PRIMARY; MLG_CN_CONTEXT_AUXILIARY,mechanical template; resource_class=SLOT_OLANG; source_objects=9; review_flag=WEB_TRANSLATED_PENDING_CODEX_CHECK
5D52E4F8,366,965,965;966;967;965;966;967;965;966;967,9,,page4:tag17:entity923:key000000E3:ref965:ord0;page4:tag17:entity922:key000000E2:ref966:ord0;page4:tag17:entity921:key000000E1:ref967:ord0;page16:tag15:entity923:key000000E3:ref965:ord0;page16:tag15:entity922:key000000E2:ref966:ord0;page16:tag15:entity921:key000000E1:ref967:ord0;page22:tag12:entity923:key000000E3:ref965:ord0;page22:tag12:entity922:key000000E2:ref966:ord0;page22:tag12:entity921:key000000E1:ref967:ord0,M47,C.GSTV(FR),C.GSTV(MP),,C.GSTV(FR),,MATCH,10,10,APPROVED,READY,NOT_TESTED,JPN_PRIMARY; MLG_CN_CONTEXT_AUXILIARY,mechanical template; resource_class=SLOT_OLANG; source_objects=9; review_flag=WEB_TRANSLATED_PENDING_CODEX_CHECK
5D52E4F8,367,968,968;969;970;968;969;970;968;969;970,9,,page4:tag17:entity920:key000000E0:ref968:ord0;page4:tag17:entity919:key000000DF:ref969:ord0;page4:tag17:entity918:key000000DE:ref970:ord0;page16:tag15:entity920:key000000E0:ref968:ord0;page16:tag15:entity919:key000000DF:ref969:ord0;page16:tag15:entity918:key000000DE:ref970:ord0;page22:tag12:entity920:key000000E0:ref968:ord0;page22:tag12:entity919:key000000DF:ref969:ord0;page22:tag12:entity918:key000000DE:ref970:ord0,C.GSTV(FR),C.GSTV(MP),C.GUSTAV,,C.GSTV(MP),,MATCH,10,10,APPROVED,READY,NOT_TESTED,JPN_PRIMARY; MLG_CN_CONTEXT_AUXILIARY,mechanical template; resource_class=SLOT_OLANG; source_objects=9; review_flag=WEB_TRANSLATED_PENDING_CODEX_CHECK
5D52E4F8,368,971,971;972;974;975;971;972;974;975;971;972;974;975,12,,page4:tag17:entity917:key000000DD:ref971:ord0;page4:tag17:entity916:key000000DC:ref972:ord0;page4:tag17:entity915:key000000DB:ref974:ord0;page4:tag17:entity914:key000000DA:ref975:ord0;page16:tag15:entity917:key000000DD:ref971:ord0;page16:tag15:entity916:key000000DC:ref972:ord0;page16:tag15:entity915:key000000DB:ref974:ord0;page16:tag15:entity914:key000000DA:ref975:ord0;page22:tag12:entity917:key000000DD:ref971:ord0;page22:tag12:entity916:key000000DC:ref972:ord0;page22:tag12:entity915:key000000DB:ref974:ord0;page22:tag12:entity914:key000000DA:ref975:ord0,C.GSTV(MP),C.GUSTAV,PB/6P9,,C.GUSTAV,,MATCH,8,8,APPROVED,READY,NOT_TESTED,JPN_PRIMARY; MLG_CN_CONTEXT_AUXILIARY,mechanical template; resource_class=SLOT_OLANG; source_objects=12; review_flag=WEB_TRANSLATED_PENDING_CODEX_CHECK
5D52E4F8,369,995,995;1006;1017;995;1006;1017;995;1006;1017,9,,page4:tag17:entity740:key00000013:ref995:ord0;page4:tag17:entity739:key00000012:ref1006:ord0;page4:tag17:entity738:key00000011:ref1017:ord0;page16:tag15:entity740:key00000013:ref995:ord0;page16:tag15:entity739:key00000012:ref1006:ord0;page16:tag15:entity738:key00000011:ref1017:ord0;page22:tag12:entity740:key00000013:ref995:ord0;page22:tag12:entity739:key00000012:ref1006:ord0;page22:tag12:entity738:key00000011:ref1017:ord0,MK.22,M1911(CT),RG DYNAMO,,M1911(CT),,MATCH,9,9,APPROVED,READY,NOT_TESTED,JPN_PRIMARY; MLG_CN_CONTEXT_AUXILIARY,mechanical template; resource_class=SLOT_OLANG; source_objects=9; review_flag=WEB_TRANSLATED_PENDING_CODEX_CHECK
5D52E4F8,370,996,996;996;996,3,,page4:tag17:entity897:key000000BD:ref996:ord0;page16:tag15:entity897:key000000BD:ref996:ord0;page22:tag12:entity897:key000000BD:ref996:ord0,M1911(CT),RG DYNAMO,RAIL GUN,,RG DYNAMO,,MATCH,9,9,APPROVED,READY,NOT_TESTED,JPN_PRIMARY; MLG_CN_CONTEXT_AUXILIARY,mechanical template; resource_class=SLOT_OLANG; source_objects=3; review_flag=WEB_TRANSLATED_PENDING_CODEX_CHECK
5D52E4F8,371,997,997;998;999;997;998;999;997;998;999,9,,page4:tag17:entity896:key000000BC:ref997:ord0;page4:tag17:entity895:key000000BB:ref998:ord0;page4:tag17:entity894:key000000BA:ref999:ord0;page16:tag15:entity896:key000000BC:ref997:ord0;page16:tag15:entity895:key000000BB:ref998:ord0;page16:tag15:entity894:key000000BA:ref999:ord0;page22:tag12:entity896:key000000BC:ref997:ord0;page22:tag12:entity895:key000000BB:ref998:ord0;page22:tag12:entity894:key000000BA:ref999:ord0,RG DYNAMO,RAIL GUN,PTRS1941,,RAIL GUN,,MATCH,8,8,APPROVED,READY,NOT_TESTED,JPN_PRIMARY; MLG_CN_CONTEXT_AUXILIARY,mechanical template; resource_class=SLOT_OLANG; source_objects=9; review_flag=WEB_TRANSLATED_PENDING_CODEX_CHECK
5D52E4F8,372,1007,1007;1007;1007,3,,page4:tag17:entity887:key000000B3:ref1007:ord0;page16:tag15:entity887:key000000B3:ref1007:ord0;page22:tag12:entity887:key000000B3:ref1007:ord0,M1911(CT),SVD(NV),SVD(HC),,SVD(NV),,MATCH,7,7,APPROVED,READY,NOT_TESTED,JPN_PRIMARY; MLG_CN_CONTEXT_AUXILIARY,mechanical template; resource_class=SLOT_OLANG; source_objects=3; review_flag=WEB_TRANSLATED_PENDING_CODEX_CHECK
5D52E4F8,373,1008,1008;1008;1008,3,,page4:tag17:entity886:key000000B2:ref1008:ord0;page16:tag15:entity886:key000000B2:ref1008:ord0;page22:tag12:entity886:key000000B2:ref1008:ord0,SVD(NV),SVD(HC),SVD,,SVD(HC),,MATCH,7,7,APPROVED,READY,NOT_TESTED,JPN_PRIMARY; MLG_CN_CONTEXT_AUXILIARY,mechanical template; resource_class=SLOT_OLANG; source_objects=3; review_flag=WEB_TRANSLATED_PENDING_CODEX_CHECK
5D52E4F8,374,1011,1011;1012;1013;1014;1015;1011;1012;1013;1014;1015;1011;1012;1013;1014;1015,15,,page4:tag17:entity883:key000000AF:ref1011:ord0;page4:tag17:entity882:key000000AE:ref1012:ord0;page4:tag17:entity881:key000000AD:ref1013:ord0;page4:tag17:entity880:key000000AC:ref1014:ord0;page4:tag17:entity879:key000000AB:ref1015:ord0;page16:tag15:entity883:key000000AF:ref1011:ord0;page16:tag15:entity882:key000000AE:ref1012:ord0;page16:tag15:entity881:key000000AD:ref1013:ord0;page16:tag15:entity880:key000000AC:ref1014:ord0;page16:tag15:entity879:key000000AB:ref1015:ord0;page22:tag12:entity883:key000000AF:ref1011:ord0;page22:tag12:entity882:key000000AE:ref1012:ord0;page22:tag12:entity881:key000000AD:ref1013:ord0;page22:tag12:entity880:key000000AC:ref1014:ord0;page22:tag12:entity879:key000000AB:ref1015:ord0,SVD,M.NAGANT,M700(LR),,M.NAGANT,,MATCH,8,8,APPROVED,READY,NOT_TESTED,JPN_PRIMARY; MLG_CN_CONTEXT_AUXILIARY,mechanical template; resource_class=SLOT_OLANG; source_objects=15; review_flag=WEB_TRANSLATED_PENDING_CODEX_CHECK
5D52E4F8,375,1016,1016;1018;1016;1018;1016;1018,6,,page4:tag17:entity878:key000000AA:ref1016:ord0;page4:tag17:entity877:key000000A9:ref1018:ord0;page16:tag15:entity878:key000000AA:ref1016:ord0;page16:tag15:entity877:key000000A9:ref1018:ord0;page22:tag12:entity878:key000000AA:ref1016:ord0;page22:tag12:entity877:key000000A9:ref1018:ord0,M.NAGANT,M700(LR),M1911(CT),,M700(LR),,MATCH,8,8,APPROVED,READY,NOT_TESTED,JPN_PRIMARY; MLG_CN_CONTEXT_AUXILIARY,mechanical template; resource_class=SLOT_OLANG; source_objects=6; review_flag=WEB_TRANSLATED_PENDING_CODEX_CHECK
5D52E4F8,376,1019,1019;1020;1019;1020;1019;1020,6,,page4:tag17:entity876:key000000A8:ref1019:ord0;page4:tag17:entity875:key000000A7:ref1020:ord0;page16:tag15:entity876:key000000A8:ref1019:ord0;page16:tag15:entity875:key000000A7:ref1020:ord0;page22:tag12:entity876:key000000A8:ref1019:ord0;page22:tag12:entity875:key000000A7:ref1020:ord0,M700(LR),M700(BB),M700,,M700(BB),,MATCH,8,8,APPROVED,READY,NOT_TESTED,JPN_PRIMARY; MLG_CN_CONTEXT_AUXILIARY,mechanical template; resource_class=SLOT_OLANG; source_objects=6; review_flag=WEB_TRANSLATED_PENDING_CODEX_CHECK
5D52E4F8,377,1025,1025;1026;1025;1026;1025;1026,6,,page4:tag17:entity870:key000000A2:ref1025:ord0;page4:tag17:entity869:key000000A1:ref1026:ord0;page16:tag15:entity870:key000000A2:ref1025:ord0;page16:tag15:entity869:key000000A1:ref1026:ord0;page22:tag12:entity870:key000000A2:ref1025:ord0;page22:tag12:entity869:key000000A1:ref1026:ord0,M21,M1C (MR),M1C,,M1C (MR),,MATCH,8,8,APPROVED,READY,NOT_TESTED,JPN_PRIMARY; MLG_CN_CONTEXT_AUXILIARY,mechanical template; resource_class=SLOT_OLANG; source_objects=6; review_flag=WEB_TRANSLATED_PENDING_CODEX_CHECK
5D52E4F8,378,1033,1033;1033;1033,3,,page4:tag17:entity863:key0000009B:ref1033:ord0;page16:tag15:entity863:key0000009B:ref1033:ord0;page22:tag12:entity863:key0000009B:ref1033:ord0,M60,DSHK,EMW GUN,,DSHK,,MATCH,4,4,APPROVED,READY,NOT_TESTED,JPN_PRIMARY; MLG_CN_CONTEXT_AUXILIARY,mechanical template; resource_class=SLOT_OLANG; source_objects=3; review_flag=WEB_TRANSLATED_PENDING_CODEX_CHECK
5D52E4F8,379,1034,1034;1034;1034,3,,page4:tag17:entity862:key0000009A:ref1034:ord0;page16:tag15:entity862:key0000009A:ref1034:ord0;page22:tag12:entity862:key0000009A:ref1034:ord0,DSHK,EMW GUN,M134,,EMW GUN,,MATCH,7,7,APPROVED,READY,NOT_TESTED,JPN_PRIMARY; MLG_CN_CONTEXT_AUXILIARY,mechanical template; resource_class=SLOT_OLANG; source_objects=3; review_flag=WEB_TRANSLATED_PENDING_CODEX_CHECK
5D52E4F8,380,1035,1035;1035;1035,3,,page4:tag17:entity861:key00000099:ref1035:ord0;page16:tag15:entity861:key00000099:ref1035:ord0;page22:tag12:entity861:key00000099:ref1035:ord0,EMW GUN,M134,MG3,,M134,,MATCH,4,4,APPROVED,READY,NOT_TESTED,JPN_PRIMARY; MLG_CN_CONTEXT_AUXILIARY,mechanical template; resource_class=SLOT_OLANG; source_objects=3; review_flag=WEB_TRANSLATED_PENDING_CODEX_CHECK
5D52E4F8,381,1049,1049;1051;1049;1051;1049;1051,6,,page4:tag17:entity848:key0000008C:ref1049:ord0;page4:tag17:entity847:key0000008B:ref1051:ord0;page16:tag15:entity848:key0000008C:ref1049:ord0;page16:tag15:entity847:key0000008B:ref1051:ord0;page22:tag12:entity848:key0000008C:ref1049:ord0;page22:tag12:entity847:key0000008B:ref1051:ord0,M63A1,M60(SB),EZ GUN(MR),,M60(SB),,MATCH,7,7,APPROVED,READY,NOT_TESTED,JPN_PRIMARY; MLG_CN_CONTEXT_AUXILIARY,mechanical template; resource_class=SLOT_OLANG; source_objects=6; review_flag=WEB_TRANSLATED_PENDING_CODEX_CHECK
5D52E4F8,382,1050,1050;1061;1063;1070;1050;1061;1063;1070;1050;1061;1063;1070,12,,page4:tag17:entity735:key0000000E:ref1050:ord0;page4:tag17:entity734:key0000000D:ref1061:ord0;page4:tag17:entity733:key0000000C:ref1063:ord0;page4:tag17:entity732:key0000000B:ref1070:ord0;page16:tag15:entity735:key0000000E:ref1050:ord0;page16:tag15:entity734:key0000000D:ref1061:ord0;page16:tag15:entity733:key0000000C:ref1063:ord0;page16:tag15:entity732:key0000000B:ref1070:ord0;page22:tag12:entity735:key0000000E:ref1050:ord0;page22:tag12:entity734:key0000000D:ref1061:ord0;page22:tag12:entity733:key0000000C:ref1063:ord0;page22:tag12:entity732:key0000000B:ref1070:ord0,M60(SB),EZ GUN(MR),M60(SB),,EZ GUN(MR),,MATCH,10,10,APPROVED,READY,NOT_TESTED,JPN_PRIMARY; MLG_CN_CONTEXT_AUXILIARY,mechanical template; resource_class=SLOT_OLANG; source_objects=12; review_flag=WEB_TRANSLATED_PENDING_CODEX_CHECK
5D52E4F8,383,1052,1052;1052;1052,3,,page4:tag17:entity846:key0000008A:ref1052:ord0;page16:tag15:entity846:key0000008A:ref1052:ord0;page22:tag12:entity846:key0000008A:ref1052:ord0,M60(SB),M60(AP),M60,,M60(AP),,MATCH,7,7,APPROVED,READY,NOT_TESTED,JPN_PRIMARY; MLG_CN_CONTEXT_AUXILIARY,mechanical template; resource_class=SLOT_OLANG; source_objects=3; review_flag=WEB_TRANSLATED_PENDING_CODEX_CHECK
5D52E4F8,384,1064,1064;1064;1064,3,,page4:tag17:entity836:key00000073:ref1064:ord0;page16:tag15:entity836:key00000073:ref1064:ord0;page22:tag12:entity836:key00000073:ref1064:ord0,EZ GUN(MR),MUSKET,G11,,MUSKET,,MATCH,6,6,APPROVED,READY,NOT_TESTED,JPN_PRIMARY; MLG_CN_CONTEXT_AUXILIARY,mechanical template; resource_class=SLOT_OLANG; source_objects=3; review_flag=WEB_TRANSLATED_PENDING_CODEX_CHECK
5D52E4F8,385,1076,1076;1077;1076;1077;1076;1077,6,,page4:tag17:entity825:key00000068:ref1076:ord0;page4:tag17:entity824:key00000067:ref1077:ord0;page16:tag15:entity825:key00000068:ref1076:ord0;page16:tag15:entity824:key00000067:ref1077:ord0;page22:tag12:entity825:key00000068:ref1076:ord0;page22:tag12:entity824:key00000067:ref1077:ord0,ADM63,RK47(SGL),RK47(GL),,RK47(SGL),,MATCH,9,9,APPROVED,READY,NOT_TESTED,JPN_PRIMARY; MLG_CN_CONTEXT_AUXILIARY,mechanical template; resource_class=SLOT_OLANG; source_objects=6; review_flag=WEB_TRANSLATED_PENDING_CODEX_CHECK
5D52E4F8,386,1078,1078;1079;1078;1079;1078;1079,6,,page4:tag17:entity823:key00000066:ref1078:ord0;page4:tag17:entity822:key00000065:ref1079:ord0;page16:tag15:entity823:key00000066:ref1078:ord0;page16:tag15:entity822:key00000065:ref1079:ord0;page22:tag12:entity823:key00000066:ref1078:ord0;page22:tag12:entity822:key00000065:ref1079:ord0,RK47(SGL),RK47(GL),RK47,,RK47(GL),,MATCH,8,8,APPROVED,READY,NOT_TESTED,JPN_PRIMARY; MLG_CN_CONTEXT_AUXILIARY,mechanical template; resource_class=SLOT_OLANG; source_objects=6; review_flag=WEB_TRANSLATED_PENDING_CODEX_CHECK
5D52E4F8,387,1082,1082;1082;1082,3,,page4:tag17:entity722:key00000001:ref1082:ord0;page16:tag15:entity722:key00000001:ref1082:ord0;page22:tag12:entity722:key00000001:ref1082:ord0,EZ GUN(LR),STUN ROD,（プログラムの都合上存在する行なので、説明は不要）,,STUN ROD,,MATCH,8,8,APPROVED,READY,NOT_TESTED,JPN_PRIMARY; MLG_CN_CONTEXT_AUXILIARY,mechanical template; resource_class=SLOT_OLANG; source_objects=3; review_flag=WEB_TRANSLATED_PENDING_CODEX_CHECK
