file_id,unique_index,first_reference_index,reference_indices,reference_count,scene_context,entity_context,previous_jpn_text,jpn_text,next_jpn_text,jpn_control_tokens,cn_text,cn_control_tokens,control_structure_status,jpn_utf8_bytes,cn_utf8_bytes,translation_status,build_status,ingame_status,translation_basis,notes
5D81443C,0,0,0;0;0;0;0;0;0;0;0;0;0;0;0;0;0;0;0;0;0;0;0;0;0;0;0;0;0;0;0;0;0;0;0;0;0;0;0;0,38,,page76:tag17:entity91:key000026AC:ref0:ord0;page82:tag8:entity91:key000026AC:ref0:ord0;page88:tag13:entity91:key000026AC:ref0:ord0;page94:tag13:entity91:key000026AC:ref0:ord0;page100:tag12:entity91:key000026AC:ref0:ord0;page106:tag11:entity91:key000026AC:ref0:ord0;page112:tag10:entity91:key000026AC:ref0:ord0;page118:tag12:entity91:key000026AC:ref0:ord0;page124:tag10:entity91:key000026AC:ref0:ord0;page130:tag12:entity91:key000026AC:ref0:ord0;page136:tag11:entity91:key000026AC:ref0:ord0;page142:tag11:entity91:key000026AC:ref0:ord0;page148:tag10:entity91:key000026AC:ref0:ord0;page154:tag11:entity91:key000026AC:ref0:ord0;page160:tag10:entity91:key000026AC:ref0:ord0;page166:tag10:entity91:key000026AC:ref0:ord0;page172:tag12:entity91:key000026AC:ref0:ord0;page178:tag10:entity91:key000026AC:ref0:ord0;page184:tag10:entity91:key000026AC:ref0:ord0;page202:tag10:entity91:key000026AC:ref0:ord0;page208:tag10:entity91:key000026AC:ref0:ord0;page214:tag11:entity91:key000026AC:ref0:ord0;page220:tag13:entity91:key000026AC:ref0:ord0;page226:tag10:entity91:key000026AC:ref0:ord0;page232:tag12:entity91:key000026AC:ref0:ord0;page244:tag10:entity91:key000026AC:ref0:ord0;page250:tag13:entity91:key000026AC:ref0:ord0;page268:tag10:entity91:key000026AC:ref0:ord0;page274:tag10:entity91:key000026AC:ref0:ord0;page280:tag11:entity91:key000026AC:ref0:ord0;page286:tag11:entity91:key000026AC:ref0:ord0;page298:tag12:entity91:key000026AC:ref0:ord0;page304:tag10:entity91:key000026AC:ref0:ord0;page310:tag12:entity91:key000026AC:ref0:ord0;page316:tag10:entity91:key000026AC:ref0:ord0;page328:tag10:entity91:key000026AC:ref0:ord0;page334:tag13:entity91:key000026AC:ref0:ord0;page340:tag13:entity91:key000026AC:ref0:ord0,,俺は…き 恐竜を見たことがあるんだ…,２人なら登れる場所がある…,,我、我见过恐龙…,,MATCH,52,24,APPROVED,READY,NOT_TESTED,JPN_PRIMARY; MLG_CN_CONTEXT_AUXILIARY,mechanical template; resource_class=SLOT_OLANG; source_objects=38; review_flag=WEB_TRANSLATED_PENDING_CODEX_CHECK
5D81443C,1,2,2;2;2;2;2;2;2;2;2;2;2;2;2;2;2;2;2;2;2;2;2;2;2;2;2;2;2;2;2;2;2;2;2;2;2;2;2;2,38,,page76:tag17:entity90:key00002580:ref2:ord0;page82:tag8:entity90:key00002580:ref2:ord0;page88:tag13:entity90:key00002580:ref2:ord0;page94:tag13:entity90:key00002580:ref2:ord0;page100:tag12:entity90:key00002580:ref2:ord0;page106:tag11:entity90:key00002580:ref2:ord0;page112:tag10:entity90:key00002580:ref2:ord0;page118:tag12:entity90:key00002580:ref2:ord0;page124:tag10:entity90:key00002580:ref2:ord0;page130:tag12:entity90:key00002580:ref2:ord0;page136:tag11:entity90:key00002580:ref2:ord0;page142:tag11:entity90:key00002580:ref2:ord0;page148:tag10:entity90:key00002580:ref2:ord0;page154:tag11:entity90:key00002580:ref2:ord0;page160:tag10:entity90:key00002580:ref2:ord0;page166:tag10:entity90:key00002580:ref2:ord0;page172:tag12:entity90:key00002580:ref2:ord0;page178:tag10:entity90:key00002580:ref2:ord0;page184:tag10:entity90:key00002580:ref2:ord0;page202:tag10:entity90:key00002580:ref2:ord0;page208:tag10:entity90:key00002580:ref2:ord0;page214:tag11:entity90:key00002580:ref2:ord0;page220:tag13:entity90:key00002580:ref2:ord0;page226:tag10:entity90:key00002580:ref2:ord0;page232:tag12:entity90:key00002580:ref2:ord0;page244:tag10:entity90:key00002580:ref2:ord0;page250:tag13:entity90:key00002580:ref2:ord0;page268:tag10:entity90:key00002580:ref2:ord0;page274:tag10:entity90:key00002580:ref2:ord0;page280:tag11:entity90:key00002580:ref2:ord0;page286:tag11:entity90:key00002580:ref2:ord0;page298:tag12:entity90:key00002580:ref2:ord0;page304:tag10:entity90:key00002580:ref2:ord0;page310:tag12:entity90:key00002580:ref2:ord0;page316:tag10:entity90:key00002580:ref2:ord0;page328:tag10:entity90:key00002580:ref2:ord0;page334:tag13:entity90:key00002580:ref2:ord0;page340:tag13:entity90:key00002580:ref2:ord0,俺は…き 恐竜を見たことがあるんだ…,２人なら登れる場所がある…,吊り橋はぶら下がれる…,,有些地方两个人才能爬上去…,,MATCH,39,39,APPROVED,READY,NOT_TESTED,JPN_PRIMARY; MLG_CN_CONTEXT_AUXILIARY,mechanical template; resource_class=SLOT_OLANG; source_objects=38; review_flag=WEB_TRANSLATED_PENDING_CODEX_CHECK
5D81443C,2,4,4;4;4;4;4;4;4;4;4;4;4;4;4;4;4;4;4;4;4;4;4;4;4;4;4;4;4;4;4;4;4;4;4;4;4;4;4;4,38,,page76:tag17:entity89:key0000251C:ref4:ord0;page82:tag8:entity89:key0000251C:ref4:ord0;page88:tag13:entity89:key0000251C:ref4:ord0;page94:tag13:entity89:key0000251C:ref4:ord0;page100:tag12:entity89:key0000251C:ref4:ord0;page106:tag11:entity89:key0000251C:ref4:ord0;page112:tag10:entity89:key0000251C:ref4:ord0;page118:tag12:entity89:key0000251C:ref4:ord0;page124:tag10:entity89:key0000251C:ref4:ord0;page130:tag12:entity89:key0000251C:ref4:ord0;page136:tag11:entity89:key0000251C:ref4:ord0;page142:tag11:entity89:key0000251C:ref4:ord0;page148:tag10:entity89:key0000251C:ref4:ord0;page154:tag11:entity89:key0000251C:ref4:ord0;page160:tag10:entity89:key0000251C:ref4:ord0;page166:tag10:entity89:key0000251C:ref4:ord0;page172:tag12:entity89:key0000251C:ref4:ord0;page178:tag10:entity89:key0000251C:ref4:ord0;page184:tag10:entity89:key0000251C:ref4:ord0;page202:tag10:entity89:key0000251C:ref4:ord0;page208:tag10:entity89:key0000251C:ref4:ord0;page214:tag11:entity89:key0000251C:ref4:ord0;page220:tag13:entity89:key0000251C:ref4:ord0;page226:tag10:entity89:key0000251C:ref4:ord0;page232:tag12:entity89:key0000251C:ref4:ord0;page244:tag10:entity89:key0000251C:ref4:ord0;page250:tag13:entity89:key0000251C:ref4:ord0;page268:tag10:entity89:key0000251C:ref4:ord0;page274:tag10:entity89:key0000251C:ref4:ord0;page280:tag11:entity89:key0000251C:ref4:ord0;page286:tag11:entity89:key0000251C:ref4:ord0;page298:tag12:entity89:key0000251C:ref4:ord0;page304:tag10:entity89:key0000251C:ref4:ord0;page310:tag12:entity89:key0000251C:ref4:ord0;page316:tag10:entity89:key0000251C:ref4:ord0;page328:tag10:entity89:key0000251C:ref4:ord0;page334:tag13:entity89:key0000251C:ref4:ord0;page340:tag13:entity89:key0000251C:ref4:ord0,２人なら登れる場所がある…,吊り橋はぶら下がれる…,…という可能性がある！,,吊桥是可以挂在下面的…,,MATCH,33,33,APPROVED,READY,NOT_TESTED,JPN_PRIMARY; MLG_CN_CONTEXT_AUXILIARY,mechanical template; resource_class=SLOT_OLANG; source_objects=38; review_flag=WEB_TRANSLATED_PENDING_CODEX_CHECK
5D81443C,3,6,6;6;6;6;6;6;6;6;6;6;6;6;6;6;6;6;6;6;6;6;6;6;6;6;6;6;6;6;6;6;6;6;6;6;6;6;6;6,38,,page76:tag17:entity88:key000024B8:ref6:ord0;page82:tag8:entity88:key000024B8:ref6:ord0;page88:tag13:entity88:key000024B8:ref6:ord0;page94:tag13:entity88:key000024B8:ref6:ord0;page100:tag12:entity88:key000024B8:ref6:ord0;page106:tag11:entity88:key000024B8:ref6:ord0;page112:tag10:entity88:key000024B8:ref6:ord0;page118:tag12:entity88:key000024B8:ref6:ord0;page124:tag10:entity88:key000024B8:ref6:ord0;page130:tag12:entity88:key000024B8:ref6:ord0;page136:tag11:entity88:key000024B8:ref6:ord0;page142:tag11:entity88:key000024B8:ref6:ord0;page148:tag10:entity88:key000024B8:ref6:ord0;page154:tag11:entity88:key000024B8:ref6:ord0;page160:tag10:entity88:key000024B8:ref6:ord0;page166:tag10:entity88:key000024B8:ref6:ord0;page172:tag12:entity88:key000024B8:ref6:ord0;page178:tag10:entity88:key000024B8:ref6:ord0;page184:tag10:entity88:key000024B8:ref6:ord0;page202:tag10:entity88:key000024B8:ref6:ord0;page208:tag10:entity88:key000024B8:ref6:ord0;page214:tag11:entity88:key000024B8:ref6:ord0;page220:tag13:entity88:key000024B8:ref6:ord0;page226:tag10:entity88:key000024B8:ref6:ord0;page232:tag12:entity88:key000024B8:ref6:ord0;page244:tag10:entity88:key000024B8:ref6:ord0;page250:tag13:entity88:key000024B8:ref6:ord0;page268:tag10:entity88:key000024B8:ref6:ord0;page274:tag10:entity88:key000024B8:ref6:ord0;page280:tag11:entity88:key000024B8:ref6:ord0;page286:tag11:entity88:key000024B8:ref6:ord0;page298:tag12:entity88:key000024B8:ref6:ord0;page304:tag10:entity88:key000024B8:ref6:ord0;page310:tag12:entity88:key000024B8:ref6:ord0;page316:tag10:entity88:key000024B8:ref6:ord0;page328:tag10:entity88:key000024B8:ref6:ord0;page334:tag13:entity88:key000024B8:ref6:ord0;page340:tag13:entity88:key000024B8:ref6:ord0,吊り橋はぶら下がれる…,…という可能性がある！,…かもしれない,,…有这种可能！,,MATCH,33,21,APPROVED,READY,NOT_TESTED,JPN_PRIMARY; MLG_CN_CONTEXT_AUXILIARY,mechanical template; resource_class=SLOT_OLANG; source_objects=38; review_flag=WEB_TRANSLATED_PENDING_CODEX_CHECK
5D81443C,4,8,8;8;8;8;8;8;8;8;8;8;8;8;8;8;8;8;8;8;8;8;8;8;8;8;8;8;8;8;8;8;8;8;8;8;8;8;8;8,38,,page76:tag17:entity87:key00002454:ref8:ord0;page82:tag8:entity87:key00002454:ref8:ord0;page88:tag13:entity87:key00002454:ref8:ord0;page94:tag13:entity87:key00002454:ref8:ord0;page100:tag12:entity87:key00002454:ref8:ord0;page106:tag11:entity87:key00002454:ref8:ord0;page112:tag10:entity87:key00002454:ref8:ord0;page118:tag12:entity87:key00002454:ref8:ord0;page124:tag10:entity87:key00002454:ref8:ord0;page130:tag12:entity87:key00002454:ref8:ord0;page136:tag11:entity87:key00002454:ref8:ord0;page142:tag11:entity87:key00002454:ref8:ord0;page148:tag10:entity87:key00002454:ref8:ord0;page154:tag11:entity87:key00002454:ref8:ord0;page160:tag10:entity87:key00002454:ref8:ord0;page166:tag10:entity87:key00002454:ref8:ord0;page172:tag12:entity87:key00002454:ref8:ord0;page178:tag10:entity87:key00002454:ref8:ord0;page184:tag10:entity87:key00002454:ref8:ord0;page202:tag10:entity87:key00002454:ref8:ord0;page208:tag10:entity87:key00002454:ref8:ord0;page214:tag11:entity87:key00002454:ref8:ord0;page220:tag13:entity87:key00002454:ref8:ord0;page226:tag10:entity87:key00002454:ref8:ord0;page232:tag12:entity87:key00002454:ref8:ord0;page244:tag10:entity87:key00002454:ref8:ord0;page250:tag13:entity87:key00002454:ref8:ord0;page268:tag10:entity87:key00002454:ref8:ord0;page274:tag10:entity87:key00002454:ref8:ord0;page280:tag11:entity87:key00002454:ref8:ord0;page286:tag11:entity87:key00002454:ref8:ord0;page298:tag12:entity87:key00002454:ref8:ord0;page304:tag10:entity87:key00002454:ref8:ord0;page310:tag12:entity87:key00002454:ref8:ord0;page316:tag10:entity87:key00002454:ref8:ord0;page328:tag10:entity87:key00002454:ref8:ord0;page334:tag13:entity87:key00002454:ref8:ord0;page340:tag13:entity87:key00002454:ref8:ord0,…という可能性がある！,…かもしれない,俺には…特殊な能力がある…！,,…也许吧,,MATCH,21,12,APPROVED,READY,NOT_TESTED,JPN_PRIMARY; MLG_CN_CONTEXT_AUXILIARY,mechanical template; resource_class=SLOT_OLANG; source_objects=38; review_flag=WEB_TRANSLATED_PENDING_CODEX_CHECK
5D81443C,5,10,10;10;10;10;10;10;10;10;10;10;10;10;10;10;10;10;10;10;10;10;10;10;10;10;10;10;10;10;10;10;10;10;10;10;10;10;10;10,38,,page76:tag17:entity86:key0000238C:ref10:ord0;page82:tag8:entity86:key0000238C:ref10:ord0;page88:tag13:entity86:key0000238C:ref10:ord0;page94:tag13:entity86:key0000238C:ref10:ord0;page100:tag12:entity86:key0000238C:ref10:ord0;page106:tag11:entity86:key0000238C:ref10:ord0;page112:tag10:entity86:key0000238C:ref10:ord0;page118:tag12:entity86:key0000238C:ref10:ord0;page124:tag10:entity86:key0000238C:ref10:ord0;page130:tag12:entity86:key0000238C:ref10:ord0;page136:tag11:entity86:key0000238C:ref10:ord0;page142:tag11:entity86:key0000238C:ref10:ord0;page148:tag10:entity86:key0000238C:ref10:ord0;page154:tag11:entity86:key0000238C:ref10:ord0;page160:tag10:entity86:key0000238C:ref10:ord0;page166:tag10:entity86:key0000238C:ref10:ord0;page172:tag12:entity86:key0000238C:ref10:ord0;page178:tag10:entity86:key0000238C:ref10:ord0;page184:tag10:entity86:key0000238C:ref10:ord0;page202:tag10:entity86:key0000238C:ref10:ord0;page208:tag10:entity86:key0000238C:ref10:ord0;page214:tag11:entity86:key0000238C:ref10:ord0;page220:tag13:entity86:key0000238C:ref10:ord0;page226:tag10:entity86:key0000238C:ref10:ord0;page232:tag12:entity86:key0000238C:ref10:ord0;page244:tag10:entity86:key0000238C:ref10:ord0;page250:tag13:entity86:key0000238C:ref10:ord0;page268:tag10:entity86:key0000238C:ref10:ord0;page274:tag10:entity86:key0000238C:ref10:ord0;page280:tag11:entity86:key0000238C:ref10:ord0;page286:tag11:entity86:key0000238C:ref10:ord0;page298:tag12:entity86:key0000238C:ref10:ord0;page304:tag10:entity86:key0000238C:ref10:ord0;page310:tag12:entity86:key0000238C:ref10:ord0;page316:tag10:entity86:key0000238C:ref10:ord0;page328:tag10:entity86:key0000238C:ref10:ord0;page334:tag13:entity86:key0000238C:ref10:ord0;page340:tag13:entity86:key0000238C:ref10:ord0,…かもしれない,俺には…特殊な能力がある…！,…南東の部屋にいる,,我…有特殊能力…！,,MATCH,42,27,APPROVED,READY,NOT_TESTED,JPN_PRIMARY; MLG_CN_CONTEXT_AUXILIARY,mechanical template; resource_class=SLOT_OLANG; source_objects=38; review_flag=WEB_TRANSLATED_PENDING_CODEX_CHECK
5D81443C,6,12,12;12;12;12;12;12;12;12;12;12;12;12;12;12;12;12;12;12;12;12;12;12;12;12;12;12;12;12;12;12;12;12;12;12;12;12;12;12,38,,page76:tag17:entity8:key00000384:ref12:ord0;page82:tag8:entity8:key00000384:ref12:ord0;page88:tag13:entity8:key00000384:ref12:ord0;page94:tag13:entity8:key00000384:ref12:ord0;page100:tag12:entity8:key00000384:ref12:ord0;page106:tag11:entity8:key00000384:ref12:ord0;page112:tag10:entity8:key00000384:ref12:ord0;page118:tag12:entity8:key00000384:ref12:ord0;page124:tag10:entity8:key00000384:ref12:ord0;page130:tag12:entity8:key00000384:ref12:ord0;page136:tag11:entity8:key00000384:ref12:ord0;page142:tag11:entity8:key00000384:ref12:ord0;page148:tag10:entity8:key00000384:ref12:ord0;page154:tag11:entity8:key00000384:ref12:ord0;page160:tag10:entity8:key00000384:ref12:ord0;page166:tag10:entity8:key00000384:ref12:ord0;page172:tag12:entity8:key00000384:ref12:ord0;page178:tag10:entity8:key00000384:ref12:ord0;page184:tag10:entity8:key00000384:ref12:ord0;page202:tag10:entity8:key00000384:ref12:ord0;page208:tag10:entity8:key00000384:ref12:ord0;page214:tag11:entity8:key00000384:ref12:ord0;page220:tag13:entity8:key00000384:ref12:ord0;page226:tag10:entity8:key00000384:ref12:ord0;page232:tag12:entity8:key00000384:ref12:ord0;page244:tag10:entity8:key00000384:ref12:ord0;page250:tag13:entity8:key00000384:ref12:ord0;page268:tag10:entity8:key00000384:ref12:ord0;page274:tag10:entity8:key00000384:ref12:ord0;page280:tag11:entity8:key00000384:ref12:ord0;page286:tag11:entity8:key00000384:ref12:ord0;page298:tag12:entity8:key00000384:ref12:ord0;page304:tag10:entity8:key00000384:ref12:ord0;page310:tag12:entity8:key00000384:ref12:ord0;page316:tag10:entity8:key00000384:ref12:ord0;page328:tag10:entity8:key00000384:ref12:ord0;page334:tag13:entity8:key00000384:ref12:ord0;page340:tag13:entity8:key00000384:ref12:ord0,俺には…特殊な能力がある…！,…南東の部屋にいる,俺と組め 天下を取ろうぜ…,,…在东南边的房间里,,MATCH,27,27,APPROVED,READY,NOT_TESTED,JPN_PRIMARY; MLG_CN_CONTEXT_AUXILIARY,mechanical template; resource_class=SLOT_OLANG; source_objects=38; review_flag=WEB_TRANSLATED_PENDING_CODEX_CHECK
5D81443C,7,14,14;14;14;14;14;14;14;14;14;14;14;14;14;14;14;14;14;14;14;14;14;14;14;14;14;14;14;14;14;14;14;14;14;14;14;14;14;14,38,,page76:tag17:entity85:key000022C4:ref14:ord0;page82:tag8:entity85:key000022C4:ref14:ord0;page88:tag13:entity85:key000022C4:ref14:ord0;page94:tag13:entity85:key000022C4:ref14:ord0;page100:tag12:entity85:key000022C4:ref14:ord0;page106:tag11:entity85:key000022C4:ref14:ord0;page112:tag10:entity85:key000022C4:ref14:ord0;page118:tag12:entity85:key000022C4:ref14:ord0;page124:tag10:entity85:key000022C4:ref14:ord0;page130:tag12:entity85:key000022C4:ref14:ord0;page136:tag11:entity85:key000022C4:ref14:ord0;page142:tag11:entity85:key000022C4:ref14:ord0;page148:tag10:entity85:key000022C4:ref14:ord0;page154:tag11:entity85:key000022C4:ref14:ord0;page160:tag10:entity85:key000022C4:ref14:ord0;page166:tag10:entity85:key000022C4:ref14:ord0;page172:tag12:entity85:key000022C4:ref14:ord0;page178:tag10:entity85:key000022C4:ref14:ord0;page184:tag10:entity85:key000022C4:ref14:ord0;page202:tag10:entity85:key000022C4:ref14:ord0;page208:tag10:entity85:key000022C4:ref14:ord0;page214:tag11:entity85:key000022C4:ref14:ord0;page220:tag13:entity85:key000022C4:ref14:ord0;page226:tag10:entity85:key000022C4:ref14:ord0;page232:tag12:entity85:key000022C4:ref14:ord0;page244:tag10:entity85:key000022C4:ref14:ord0;page250:tag13:entity85:key000022C4:ref14:ord0;page268:tag10:entity85:key000022C4:ref14:ord0;page274:tag10:entity85:key000022C4:ref14:ord0;page280:tag11:entity85:key000022C4:ref14:ord0;page286:tag11:entity85:key000022C4:ref14:ord0;page298:tag12:entity85:key000022C4:ref14:ord0;page304:tag10:entity85:key000022C4:ref14:ord0;page310:tag12:entity85:key000022C4:ref14:ord0;page316:tag10:entity85:key000022C4:ref14:ord0;page328:tag10:entity85:key000022C4:ref14:ord0;page334:tag13:entity85:key000022C4:ref14:ord0;page340:tag13:entity85:key000022C4:ref14:ord0,…南東の部屋にいる,俺と組め 天下を取ろうぜ…,な…仲間にしてくれ！,,跟我联手吧 一起夺取天下…,,MATCH,37,37,APPROVED,READY,NOT_TESTED,JPN_PRIMARY; MLG_CN_CONTEXT_AUXILIARY,mechanical template; resource_class=SLOT_OLANG; source_objects=38; review_flag=WEB_TRANSLATED_PENDING_CODEX_CHECK
5D81443C,8,16,16;16;16;16;16;16;16;16;16;16;16;16;16;16;16;16;16;16;16;16;16;16;16;16;16;16;16;16;16;16;16;16;16;16;16;16;16;16,38,,page76:tag17:entity84:key00002260:ref16:ord0;page82:tag8:entity84:key00002260:ref16:ord0;page88:tag13:entity84:key00002260:ref16:ord0;page94:tag13:entity84:key00002260:ref16:ord0;page100:tag12:entity84:key00002260:ref16:ord0;page106:tag11:entity84:key00002260:ref16:ord0;page112:tag10:entity84:key00002260:ref16:ord0;page118:tag12:entity84:key00002260:ref16:ord0;page124:tag10:entity84:key00002260:ref16:ord0;page130:tag12:entity84:key00002260:ref16:ord0;page136:tag11:entity84:key00002260:ref16:ord0;page142:tag11:entity84:key00002260:ref16:ord0;page148:tag10:entity84:key00002260:ref16:ord0;page154:tag11:entity84:key00002260:ref16:ord0;page160:tag10:entity84:key00002260:ref16:ord0;page166:tag10:entity84:key00002260:ref16:ord0;page172:tag12:entity84:key00002260:ref16:ord0;page178:tag10:entity84:key00002260:ref16:ord0;page184:tag10:entity84:key00002260:ref16:ord0;page202:tag10:entity84:key00002260:ref16:ord0;page208:tag10:entity84:key00002260:ref16:ord0;page214:tag11:entity84:key00002260:ref16:ord0;page220:tag13:entity84:key00002260:ref16:ord0;page226:tag10:entity84:key00002260:ref16:ord0;page232:tag12:entity84:key00002260:ref16:ord0;page244:tag10:entity84:key00002260:ref16:ord0;page250:tag13:entity84:key00002260:ref16:ord0;page268:tag10:entity84:key00002260:ref16:ord0;page274:tag10:entity84:key00002260:ref16:ord0;page280:tag11:entity84:key00002260:ref16:ord0;page286:tag11:entity84:key00002260:ref16:ord0;page298:tag12:entity84:key00002260:ref16:ord0;page304:tag10:entity84:key00002260:ref16:ord0;page310:tag12:entity84:key00002260:ref16:ord0;page316:tag10:entity84:key00002260:ref16:ord0;page328:tag10:entity84:key00002260:ref16:ord0;page334:tag13:entity84:key00002260:ref16:ord0;page340:tag13:entity84:key00002260:ref16:ord0,俺と組め 天下を取ろうぜ…,な…仲間にしてくれ！,あんたなら 仲間になってもいい,,让、让我加入你们吧！,,MATCH,30,30,APPROVED,READY,NOT_TESTED,JPN_PRIMARY; MLG_CN_CONTEXT_AUXILIARY,mechanical template; resource_class=SLOT_OLANG; source_objects=38; review_flag=WEB_TRANSLATED_PENDING_CODEX_CHECK
5D81443C,9,18,18;18;18;18;18;18;18;18;18;18;18;18;18;18;18;18;18;18;18;18;18;18;18;18;18;18;18;18;18;18;18;18;18;18;18;18;18;18,38,,page76:tag17:entity83:key000021FC:ref18:ord0;page82:tag8:entity83:key000021FC:ref18:ord0;page88:tag13:entity83:key000021FC:ref18:ord0;page94:tag13:entity83:key000021FC:ref18:ord0;page100:tag12:entity83:key000021FC:ref18:ord0;page106:tag11:entity83:key000021FC:ref18:ord0;page112:tag10:entity83:key000021FC:ref18:ord0;page118:tag12:entity83:key000021FC:ref18:ord0;page124:tag10:entity83:key000021FC:ref18:ord0;page130:tag12:entity83:key000021FC:ref18:ord0;page136:tag11:entity83:key000021FC:ref18:ord0;page142:tag11:entity83:key000021FC:ref18:ord0;page148:tag10:entity83:key000021FC:ref18:ord0;page154:tag11:entity83:key000021FC:ref18:ord0;page160:tag10:entity83:key000021FC:ref18:ord0;page166:tag10:entity83:key000021FC:ref18:ord0;page172:tag12:entity83:key000021FC:ref18:ord0;page178:tag10:entity83:key000021FC:ref18:ord0;page184:tag10:entity83:key000021FC:ref18:ord0;page202:tag10:entity83:key000021FC:ref18:ord0;page208:tag10:entity83:key000021FC:ref18:ord0;page214:tag11:entity83:key000021FC:ref18:ord0;page220:tag13:entity83:key000021FC:ref18:ord0;page226:tag10:entity83:key000021FC:ref18:ord0;page232:tag12:entity83:key000021FC:ref18:ord0;page244:tag10:entity83:key000021FC:ref18:ord0;page250:tag13:entity83:key000021FC:ref18:ord0;page268:tag10:entity83:key000021FC:ref18:ord0;page274:tag10:entity83:key000021FC:ref18:ord0;page280:tag11:entity83:key000021FC:ref18:ord0;page286:tag11:entity83:key000021FC:ref18:ord0;page298:tag12:entity83:key000021FC:ref18:ord0;page304:tag10:entity83:key000021FC:ref18:ord0;page310:tag12:entity83:key000021FC:ref18:ord0;page316:tag10:entity83:key000021FC:ref18:ord0;page328:tag10:entity83:key000021FC:ref18:ord0;page334:tag13:entity83:key000021FC:ref18:ord0;page340:tag13:entity83:key000021FC:ref18:ord0,な…仲間にしてくれ！,あんたなら 仲間になってもいい,俺の背後をとるとは…,,如果是你 我愿意加入,,MATCH,43,28,APPROVED,READY,NOT_TESTED,JPN_PRIMARY; MLG_CN_CONTEXT_AUXILIARY,mechanical template; resource_class=SLOT_OLANG; source_objects=38; review_flag=WEB_TRANSLATED_PENDING_CODEX_CHECK
5D81443C,10,20,20;20;20;20;20;20;20;20;20;20;20;20;20;20;20;20;20;20;20;20;20;20;20;20;20;20;20;20;20;20;20;20;20;20;20;20;20;20,38,,page76:tag17:entity82:key00002198:ref20:ord0;page82:tag8:entity82:key00002198:ref20:ord0;page88:tag13:entity82:key00002198:ref20:ord0;page94:tag13:entity82:key00002198:ref20:ord0;page100:tag12:entity82:key00002198:ref20:ord0;page106:tag11:entity82:key00002198:ref20:ord0;page112:tag10:entity82:key00002198:ref20:ord0;page118:tag12:entity82:key00002198:ref20:ord0;page124:tag10:entity82:key00002198:ref20:ord0;page130:tag12:entity82:key00002198:ref20:ord0;page136:tag11:entity82:key00002198:ref20:ord0;page142:tag11:entity82:key00002198:ref20:ord0;page148:tag10:entity82:key00002198:ref20:ord0;page154:tag11:entity82:key00002198:ref20:ord0;page160:tag10:entity82:key00002198:ref20:ord0;page166:tag10:entity82:key00002198:ref20:ord0;page172:tag12:entity82:key00002198:ref20:ord0;page178:tag10:entity82:key00002198:ref20:ord0;page184:tag10:entity82:key00002198:ref20:ord0;page202:tag10:entity82:key00002198:ref20:ord0;page208:tag10:entity82:key00002198:ref20:ord0;page214:tag11:entity82:key00002198:ref20:ord0;page220:tag13:entity82:key00002198:ref20:ord0;page226:tag10:entity82:key00002198:ref20:ord0;page232:tag12:entity82:key00002198:ref20:ord0;page244:tag10:entity82:key00002198:ref20:ord0;page250:tag13:entity82:key00002198:ref20:ord0;page268:tag10:entity82:key00002198:ref20:ord0;page274:tag10:entity82:key00002198:ref20:ord0;page280:tag11:entity82:key00002198:ref20:ord0;page286:tag11:entity82:key00002198:ref20:ord0;page298:tag12:entity82:key00002198:ref20:ord0;page304:tag10:entity82:key00002198:ref20:ord0;page310:tag12:entity82:key00002198:ref20:ord0;page316:tag10:entity82:key00002198:ref20:ord0;page328:tag10:entity82:key00002198:ref20:ord0;page334:tag13:entity82:key00002198:ref20:ord0;page340:tag13:entity82:key00002198:ref20:ord0,あんたなら 仲間になってもいい,俺の背後をとるとは…,やるな…,,竟然能绕到我背后…,,MATCH,30,27,APPROVED,READY,NOT_TESTED,JPN_PRIMARY; MLG_CN_CONTEXT_AUXILIARY,mechanical template; resource_class=SLOT_OLANG; source_objects=38; review_flag=WEB_TRANSLATED_PENDING_CODEX_CHECK
5D81443C,11,22,22;22;22;22;22;22;22;22;22;22;22;22;22;22;22;22;22;22;22;22;22;22;22;22;22;22;22;22;22;22;22;22;22;22;22;22;22;22,38,,page76:tag17:entity81:key00002134:ref22:ord0;page82:tag8:entity81:key00002134:ref22:ord0;page88:tag13:entity81:key00002134:ref22:ord0;page94:tag13:entity81:key00002134:ref22:ord0;page100:tag12:entity81:key00002134:ref22:ord0;page106:tag11:entity81:key00002134:ref22:ord0;page112:tag10:entity81:key00002134:ref22:ord0;page118:tag12:entity81:key00002134:ref22:ord0;page124:tag10:entity81:key00002134:ref22:ord0;page130:tag12:entity81:key00002134:ref22:ord0;page136:tag11:entity81:key00002134:ref22:ord0;page142:tag11:entity81:key00002134:ref22:ord0;page148:tag10:entity81:key00002134:ref22:ord0;page154:tag11:entity81:key00002134:ref22:ord0;page160:tag10:entity81:key00002134:ref22:ord0;page166:tag10:entity81:key00002134:ref22:ord0;page172:tag12:entity81:key00002134:ref22:ord0;page178:tag10:entity81:key00002134:ref22:ord0;page184:tag10:entity81:key00002134:ref22:ord0;page202:tag10:entity81:key00002134:ref22:ord0;page208:tag10:entity81:key00002134:ref22:ord0;page214:tag11:entity81:key00002134:ref22:ord0;page220:tag13:entity81:key00002134:ref22:ord0;page226:tag10:entity81:key00002134:ref22:ord0;page232:tag12:entity81:key00002134:ref22:ord0;page244:tag10:entity81:key00002134:ref22:ord0;page250:tag13:entity81:key00002134:ref22:ord0;page268:tag10:entity81:key00002134:ref22:ord0;page274:tag10:entity81:key00002134:ref22:ord0;page280:tag11:entity81:key00002134:ref22:ord0;page286:tag11:entity81:key00002134:ref22:ord0;page298:tag12:entity81:key00002134:ref22:ord0;page304:tag10:entity81:key00002134:ref22:ord0;page310:tag12:entity81:key00002134:ref22:ord0;page316:tag10:entity81:key00002134:ref22:ord0;page328:tag10:entity81:key00002134:ref22:ord0;page334:tag13:entity81:key00002134:ref22:ord0;page340:tag13:entity81:key00002134:ref22:ord0,俺の背後をとるとは…,やるな…,俺を殺したら後悔するぞ！,,不错…,,MATCH,12,9,APPROVED,READY,NOT_TESTED,JPN_PRIMARY; MLG_CN_CONTEXT_AUXILIARY,mechanical template; resource_class=SLOT_OLANG; source_objects=38; review_flag=WEB_TRANSLATED_PENDING_CODEX_CHECK
5D81443C,12,24,24;24;24;24;24;24;24;24;24;24;24;24;24;24;24;24;24;24;24;24;24;24;24;24;24;24;24;24;24;24;24;24;24;24;24;24;24;24,38,,page76:tag17:entity80:key000020D0:ref24:ord0;page82:tag8:entity80:key000020D0:ref24:ord0;page88:tag13:entity80:key000020D0:ref24:ord0;page94:tag13:entity80:key000020D0:ref24:ord0;page100:tag12:entity80:key000020D0:ref24:ord0;page106:tag11:entity80:key000020D0:ref24:ord0;page112:tag10:entity80:key000020D0:ref24:ord0;page118:tag12:entity80:key000020D0:ref24:ord0;page124:tag10:entity80:key000020D0:ref24:ord0;page130:tag12:entity80:key000020D0:ref24:ord0;page136:tag11:entity80:key000020D0:ref24:ord0;page142:tag11:entity80:key000020D0:ref24:ord0;page148:tag10:entity80:key000020D0:ref24:ord0;page154:tag11:entity80:key000020D0:ref24:ord0;page160:tag10:entity80:key000020D0:ref24:ord0;page166:tag10:entity80:key000020D0:ref24:ord0;page172:tag12:entity80:key000020D0:ref24:ord0;page178:tag10:entity80:key000020D0:ref24:ord0;page184:tag10:entity80:key000020D0:ref24:ord0;page202:tag10:entity80:key000020D0:ref24:ord0;page208:tag10:entity80:key000020D0:ref24:ord0;page214:tag11:entity80:key000020D0:ref24:ord0;page220:tag13:entity80:key000020D0:ref24:ord0;page226:tag10:entity80:key000020D0:ref24:ord0;page232:tag12:entity80:key000020D0:ref24:ord0;page244:tag10:entity80:key000020D0:ref24:ord0;page250:tag13:entity80:key000020D0:ref24:ord0;page268:tag10:entity80:key000020D0:ref24:ord0;page274:tag10:entity80:key000020D0:ref24:ord0;page280:tag11:entity80:key000020D0:ref24:ord0;page286:tag11:entity80:key000020D0:ref24:ord0;page298:tag12:entity80:key000020D0:ref24:ord0;page304:tag10:entity80:key000020D0:ref24:ord0;page310:tag12:entity80:key000020D0:ref24:ord0;page316:tag10:entity80:key000020D0:ref24:ord0;page328:tag10:entity80:key000020D0:ref24:ord0;page334:tag13:entity80:key000020D0:ref24:ord0;page340:tag13:entity80:key000020D0:ref24:ord0,やるな…,俺を殺したら後悔するぞ！,見逃してくれよぉ…,,杀了我你会后悔的！,,MATCH,36,27,APPROVED,READY,NOT_TESTED,JPN_PRIMARY; MLG_CN_CONTEXT_AUXILIARY,mechanical template; resource_class=SLOT_OLANG; source_objects=38; review_flag=WEB_TRANSLATED_PENDING_CODEX_CHECK
5D81443C,13,26,26;26;26;26;26;26;26;26;26;26;26;26;26;26;26;26;26;26;26;26;26;26;26;26;26;26;26;26;26;26;26;26;26;26;26;26;26;26,38,,page76:tag17:entity79:key0000206C:ref26:ord0;page82:tag8:entity79:key0000206C:ref26:ord0;page88:tag13:entity79:key0000206C:ref26:ord0;page94:tag13:entity79:key0000206C:ref26:ord0;page100:tag12:entity79:key0000206C:ref26:ord0;page106:tag11:entity79:key0000206C:ref26:ord0;page112:tag10:entity79:key0000206C:ref26:ord0;page118:tag12:entity79:key0000206C:ref26:ord0;page124:tag10:entity79:key0000206C:ref26:ord0;page130:tag12:entity79:key0000206C:ref26:ord0;page136:tag11:entity79:key0000206C:ref26:ord0;page142:tag11:entity79:key0000206C:ref26:ord0;page148:tag10:entity79:key0000206C:ref26:ord0;page154:tag11:entity79:key0000206C:ref26:ord0;page160:tag10:entity79:key0000206C:ref26:ord0;page166:tag10:entity79:key0000206C:ref26:ord0;page172:tag12:entity79:key0000206C:ref26:ord0;page178:tag10:entity79:key0000206C:ref26:ord0;page184:tag10:entity79:key0000206C:ref26:ord0;page202:tag10:entity79:key0000206C:ref26:ord0;page208:tag10:entity79:key0000206C:ref26:ord0;page214:tag11:entity79:key0000206C:ref26:ord0;page220:tag13:entity79:key0000206C:ref26:ord0;page226:tag10:entity79:key0000206C:ref26:ord0;page232:tag12:entity79:key0000206C:ref26:ord0;page244:tag10:entity79:key0000206C:ref26:ord0;page250:tag13:entity79:key0000206C:ref26:ord0;page268:tag10:entity79:key0000206C:ref26:ord0;page274:tag10:entity79:key0000206C:ref26:ord0;page280:tag11:entity79:key0000206C:ref26:ord0;page286:tag11:entity79:key0000206C:ref26:ord0;page298:tag12:entity79:key0000206C:ref26:ord0;page304:tag10:entity79:key0000206C:ref26:ord0;page310:tag12:entity79:key0000206C:ref26:ord0;page316:tag10:entity79:key0000206C:ref26:ord0;page328:tag10:entity79:key0000206C:ref26:ord0;page334:tag13:entity79:key0000206C:ref26:ord0;page340:tag13:entity79:key0000206C:ref26:ord0,俺を殺したら後悔するぞ！,見逃してくれよぉ…,悪い話じゃ…ないだろ？ へへ…,,放过我吧…,,MATCH,27,15,APPROVED,READY,NOT_TESTED,JPN_PRIMARY; MLG_CN_CONTEXT_AUXILIARY,mechanical template; resource_class=SLOT_OLANG; source_objects=38; review_flag=WEB_TRANSLATED_PENDING_CODEX_CHECK
5D81443C,14,28,28;28;28;28;28;28;28;28;28;28;28;28;28;28;28;28;28;28;28;28;28;28;28;28;28;28;28;28;28;28;28;28;28;28;28;28;28;28,38,,page76:tag17:entity78:key00002008:ref28:ord0;page82:tag8:entity78:key00002008:ref28:ord0;page88:tag13:entity78:key00002008:ref28:ord0;page94:tag13:entity78:key00002008:ref28:ord0;page100:tag12:entity78:key00002008:ref28:ord0;page106:tag11:entity78:key00002008:ref28:ord0;page112:tag10:entity78:key00002008:ref28:ord0;page118:tag12:entity78:key00002008:ref28:ord0;page124:tag10:entity78:key00002008:ref28:ord0;page130:tag12:entity78:key00002008:ref28:ord0;page136:tag11:entity78:key00002008:ref28:ord0;page142:tag11:entity78:key00002008:ref28:ord0;page148:tag10:entity78:key00002008:ref28:ord0;page154:tag11:entity78:key00002008:ref28:ord0;page160:tag10:entity78:key00002008:ref28:ord0;page166:tag10:entity78:key00002008:ref28:ord0;page172:tag12:entity78:key00002008:ref28:ord0;page178:tag10:entity78:key00002008:ref28:ord0;page184:tag10:entity78:key00002008:ref28:ord0;page202:tag10:entity78:key00002008:ref28:ord0;page208:tag10:entity78:key00002008:ref28:ord0;page214:tag11:entity78:key00002008:ref28:ord0;page220:tag13:entity78:key00002008:ref28:ord0;page226:tag10:entity78:key00002008:ref28:ord0;page232:tag12:entity78:key00002008:ref28:ord0;page244:tag10:entity78:key00002008:ref28:ord0;page250:tag13:entity78:key00002008:ref28:ord0;page268:tag10:entity78:key00002008:ref28:ord0;page274:tag10:entity78:key00002008:ref28:ord0;page280:tag11:entity78:key00002008:ref28:ord0;page286:tag11:entity78:key00002008:ref28:ord0;page298:tag12:entity78:key00002008:ref28:ord0;page304:tag10:entity78:key00002008:ref28:ord0;page310:tag12:entity78:key00002008:ref28:ord0;page316:tag10:entity78:key00002008:ref28:ord0;page328:tag10:entity78:key00002008:ref28:ord0;page334:tag13:entity78:key00002008:ref28:ord0;page340:tag13:entity78:key00002008:ref28:ord0,見逃してくれよぉ…,悪い話じゃ…ないだろ？ へへ…,よう…あんたのスパイになってもいいぜ,,这条件…不赖吧？ 嘿嘿…,,MATCH,43,34,APPROVED,READY,NOT_TESTED,JPN_PRIMARY; MLG_CN_CONTEXT_AUXILIARY,mechanical template; resource_class=SLOT_OLANG; source_objects=38; review_flag=WEB_TRANSLATED_PENDING_CODEX_CHECK
5D81443C,15,30,30;30;30;30;30;30;30;30;30;30;30;30;30;30;30;30;30;30;30;30;30;30;30;30;30;30;30;30;30;30;30;30;30;30;30;30;30;30,38,,page76:tag17:entity77:key00001FA4:ref30:ord0;page82:tag8:entity77:key00001FA4:ref30:ord0;page88:tag13:entity77:key00001FA4:ref30:ord0;page94:tag13:entity77:key00001FA4:ref30:ord0;page100:tag12:entity77:key00001FA4:ref30:ord0;page106:tag11:entity77:key00001FA4:ref30:ord0;page112:tag10:entity77:key00001FA4:ref30:ord0;page118:tag12:entity77:key00001FA4:ref30:ord0;page124:tag10:entity77:key00001FA4:ref30:ord0;page130:tag12:entity77:key00001FA4:ref30:ord0;page136:tag11:entity77:key00001FA4:ref30:ord0;page142:tag11:entity77:key00001FA4:ref30:ord0;page148:tag10:entity77:key00001FA4:ref30:ord0;page154:tag11:entity77:key00001FA4:ref30:ord0;page160:tag10:entity77:key00001FA4:ref30:ord0;page166:tag10:entity77:key00001FA4:ref30:ord0;page172:tag12:entity77:key00001FA4:ref30:ord0;page178:tag10:entity77:key00001FA4:ref30:ord0;page184:tag10:entity77:key00001FA4:ref30:ord0;page202:tag10:entity77:key00001FA4:ref30:ord0;page208:tag10:entity77:key00001FA4:ref30:ord0;page214:tag11:entity77:key00001FA4:ref30:ord0;page220:tag13:entity77:key00001FA4:ref30:ord0;page226:tag10:entity77:key00001FA4:ref30:ord0;page232:tag12:entity77:key00001FA4:ref30:ord0;page244:tag10:entity77:key00001FA4:ref30:ord0;page250:tag13:entity77:key00001FA4:ref30:ord0;page268:tag10:entity77:key00001FA4:ref30:ord0;page274:tag10:entity77:key00001FA4:ref30:ord0;page280:tag11:entity77:key00001FA4:ref30:ord0;page286:tag11:entity77:key00001FA4:ref30:ord0;page298:tag12:entity77:key00001FA4:ref30:ord0;page304:tag10:entity77:key00001FA4:ref30:ord0;page310:tag12:entity77:key00001FA4:ref30:ord0;page316:tag10:entity77:key00001FA4:ref30:ord0;page328:tag10:entity77:key00001FA4:ref30:ord0;page334:tag13:entity77:key00001FA4:ref30:ord0;page340:tag13:entity77:key00001FA4:ref30:ord0,悪い話じゃ…ないだろ？ へへ…,よう…あんたのスパイになってもいいぜ,み…見逃してくれ！,,喂…我可以给你当间谍,,MATCH,54,30,APPROVED,READY,NOT_TESTED,JPN_PRIMARY; MLG_CN_CONTEXT_AUXILIARY,mechanical template; resource_class=SLOT_OLANG; source_objects=38; review_flag=WEB_TRANSLATED_PENDING_CODEX_CHECK
5D81443C,16,32,32;32;32;32;32;32;32;32;32;32;32;32;32;32;32;32;32;32;32;32;32;32;32;32;32;32;32;32;32;32;32;32;32;32;32;32;32;32,38,,page76:tag17:entity76:key00001F40:ref32:ord0;page82:tag8:entity76:key00001F40:ref32:ord0;page88:tag13:entity76:key00001F40:ref32:ord0;page94:tag13:entity76:key00001F40:ref32:ord0;page100:tag12:entity76:key00001F40:ref32:ord0;page106:tag11:entity76:key00001F40:ref32:ord0;page112:tag10:entity76:key00001F40:ref32:ord0;page118:tag12:entity76:key00001F40:ref32:ord0;page124:tag10:entity76:key00001F40:ref32:ord0;page130:tag12:entity76:key00001F40:ref32:ord0;page136:tag11:entity76:key00001F40:ref32:ord0;page142:tag11:entity76:key00001F40:ref32:ord0;page148:tag10:entity76:key00001F40:ref32:ord0;page154:tag11:entity76:key00001F40:ref32:ord0;page160:tag10:entity76:key00001F40:ref32:ord0;page166:tag10:entity76:key00001F40:ref32:ord0;page172:tag12:entity76:key00001F40:ref32:ord0;page178:tag10:entity76:key00001F40:ref32:ord0;page184:tag10:entity76:key00001F40:ref32:ord0;page202:tag10:entity76:key00001F40:ref32:ord0;page208:tag10:entity76:key00001F40:ref32:ord0;page214:tag11:entity76:key00001F40:ref32:ord0;page220:tag13:entity76:key00001F40:ref32:ord0;page226:tag10:entity76:key00001F40:ref32:ord0;page232:tag12:entity76:key00001F40:ref32:ord0;page244:tag10:entity76:key00001F40:ref32:ord0;page250:tag13:entity76:key00001F40:ref32:ord0;page268:tag10:entity76:key00001F40:ref32:ord0;page274:tag10:entity76:key00001F40:ref32:ord0;page280:tag11:entity76:key00001F40:ref32:ord0;page286:tag11:entity76:key00001F40:ref32:ord0;page298:tag12:entity76:key00001F40:ref32:ord0;page304:tag10:entity76:key00001F40:ref32:ord0;page310:tag12:entity76:key00001F40:ref32:ord0;page316:tag10:entity76:key00001F40:ref32:ord0;page328:tag10:entity76:key00001F40:ref32:ord0;page334:tag13:entity76:key00001F40:ref32:ord0;page340:tag13:entity76:key00001F40:ref32:ord0,よう…あんたのスパイになってもいいぜ,み…見逃してくれ！,…東の部屋にいる,,放、放过我！,,MATCH,27,18,APPROVED,READY,NOT_TESTED,JPN_PRIMARY; MLG_CN_CONTEXT_AUXILIARY,mechanical template; resource_class=SLOT_OLANG; source_objects=38; review_flag=WEB_TRANSLATED_PENDING_CODEX_CHECK
5D81443C,17,34,34;34;34;34;34;34;34;34;34;34;34;34;34;34;34;34;34;34;34;34;34;34;34;34;34;34;34;34;34;34;34;34;34;34;34;34;34;34,38,,page76:tag17:entity7:key00000320:ref34:ord0;page82:tag8:entity7:key00000320:ref34:ord0;page88:tag13:entity7:key00000320:ref34:ord0;page94:tag13:entity7:key00000320:ref34:ord0;page100:tag12:entity7:key00000320:ref34:ord0;page106:tag11:entity7:key00000320:ref34:ord0;page112:tag10:entity7:key00000320:ref34:ord0;page118:tag12:entity7:key00000320:ref34:ord0;page124:tag10:entity7:key00000320:ref34:ord0;page130:tag12:entity7:key00000320:ref34:ord0;page136:tag11:entity7:key00000320:ref34:ord0;page142:tag11:entity7:key00000320:ref34:ord0;page148:tag10:entity7:key00000320:ref34:ord0;page154:tag11:entity7:key00000320:ref34:ord0;page160:tag10:entity7:key00000320:ref34:ord0;page166:tag10:entity7:key00000320:ref34:ord0;page172:tag12:entity7:key00000320:ref34:ord0;page178:tag10:entity7:key00000320:ref34:ord0;page184:tag10:entity7:key00000320:ref34:ord0;page202:tag10:entity7:key00000320:ref34:ord0;page208:tag10:entity7:key00000320:ref34:ord0;page214:tag11:entity7:key00000320:ref34:ord0;page220:tag13:entity7:key00000320:ref34:ord0;page226:tag10:entity7:key00000320:ref34:ord0;page232:tag12:entity7:key00000320:ref34:ord0;page244:tag10:entity7:key00000320:ref34:ord0;page250:tag13:entity7:key00000320:ref34:ord0;page268:tag10:entity7:key00000320:ref34:ord0;page274:tag10:entity7:key00000320:ref34:ord0;page280:tag11:entity7:key00000320:ref34:ord0;page286:tag11:entity7:key00000320:ref34:ord0;page298:tag12:entity7:key00000320:ref34:ord0;page304:tag10:entity7:key00000320:ref34:ord0;page310:tag12:entity7:key00000320:ref34:ord0;page316:tag10:entity7:key00000320:ref34:ord0;page328:tag10:entity7:key00000320:ref34:ord0;page334:tag13:entity7:key00000320:ref34:ord0;page340:tag13:entity7:key00000320:ref34:ord0,み…見逃してくれ！,…東の部屋にいる,あんたが原因だったか,,…在东边的房间里,,MATCH,24,24,APPROVED,READY,NOT_TESTED,JPN_PRIMARY; MLG_CN_CONTEXT_AUXILIARY,mechanical template; resource_class=SLOT_OLANG; source_objects=38; review_flag=WEB_TRANSLATED_PENDING_CODEX_CHECK
5D81443C,18,36,36;36;36;36;36;36;36;36;36;36;36;36;36;36;36;36;36;36;36;36;36;36;36;36;36;36;36;36;36;36;36;36;36;36;36;36;36;36,38,,page76:tag17:entity75:key00001E78:ref36:ord0;page82:tag8:entity75:key00001E78:ref36:ord0;page88:tag13:entity75:key00001E78:ref36:ord0;page94:tag13:entity75:key00001E78:ref36:ord0;page100:tag12:entity75:key00001E78:ref36:ord0;page106:tag11:entity75:key00001E78:ref36:ord0;page112:tag10:entity75:key00001E78:ref36:ord0;page118:tag12:entity75:key00001E78:ref36:ord0;page124:tag10:entity75:key00001E78:ref36:ord0;page130:tag12:entity75:key00001E78:ref36:ord0;page136:tag11:entity75:key00001E78:ref36:ord0;page142:tag11:entity75:key00001E78:ref36:ord0;page148:tag10:entity75:key00001E78:ref36:ord0;page154:tag11:entity75:key00001E78:ref36:ord0;page160:tag10:entity75:key00001E78:ref36:ord0;page166:tag10:entity75:key00001E78:ref36:ord0;page172:tag12:entity75:key00001E78:ref36:ord0;page178:tag10:entity75:key00001E78:ref36:ord0;page184:tag10:entity75:key00001E78:ref36:ord0;page202:tag10:entity75:key00001E78:ref36:ord0;page208:tag10:entity75:key00001E78:ref36:ord0;page214:tag11:entity75:key00001E78:ref36:ord0;page220:tag13:entity75:key00001E78:ref36:ord0;page226:tag10:entity75:key00001E78:ref36:ord0;page232:tag12:entity75:key00001E78:ref36:ord0;page244:tag10:entity75:key00001E78:ref36:ord0;page250:tag13:entity75:key00001E78:ref36:ord0;page268:tag10:entity75:key00001E78:ref36:ord0;page274:tag10:entity75:key00001E78:ref36:ord0;page280:tag11:entity75:key00001E78:ref36:ord0;page286:tag11:entity75:key00001E78:ref36:ord0;page298:tag12:entity75:key00001E78:ref36:ord0;page304:tag10:entity75:key00001E78:ref36:ord0;page310:tag12:entity75:key00001E78:ref36:ord0;page316:tag10:entity75:key00001E78:ref36:ord0;page328:tag10:entity75:key00001E78:ref36:ord0;page334:tag13:entity75:key00001E78:ref36:ord0;page340:tag13:entity75:key00001E78:ref36:ord0,…東の部屋にいる,あんたが原因だったか,お…俺は何も知らない…,,原来是你搞的鬼,,MATCH,30,21,APPROVED,READY,NOT_TESTED,JPN_PRIMARY; MLG_CN_CONTEXT_AUXILIARY,mechanical template; resource_class=SLOT_OLANG; source_objects=38; review_flag=WEB_TRANSLATED_PENDING_CODEX_CHECK
5D81443C,19,38,38;38;38;38;38;38;38;38;38;38;38;38;38;38;38;38;38;38;38;38;38;38;38;38;38;38;38;38;38;38;38;38;38;38;38;38;38;38,38,,page76:tag17:entity74:key00001E14:ref38:ord0;page82:tag8:entity74:key00001E14:ref38:ord0;page88:tag13:entity74:key00001E14:ref38:ord0;page94:tag13:entity74:key00001E14:ref38:ord0;page100:tag12:entity74:key00001E14:ref38:ord0;page106:tag11:entity74:key00001E14:ref38:ord0;page112:tag10:entity74:key00001E14:ref38:ord0;page118:tag12:entity74:key00001E14:ref38:ord0;page124:tag10:entity74:key00001E14:ref38:ord0;page130:tag12:entity74:key00001E14:ref38:ord0;page136:tag11:entity74:key00001E14:ref38:ord0;page142:tag11:entity74:key00001E14:ref38:ord0;page148:tag10:entity74:key00001E14:ref38:ord0;page154:tag11:entity74:key00001E14:ref38:ord0;page160:tag10:entity74:key00001E14:ref38:ord0;page166:tag10:entity74:key00001E14:ref38:ord0;page172:tag12:entity74:key00001E14:ref38:ord0;page178:tag10:entity74:key00001E14:ref38:ord0;page184:tag10:entity74:key00001E14:ref38:ord0;page202:tag10:entity74:key00001E14:ref38:ord0;page208:tag10:entity74:key00001E14:ref38:ord0;page214:tag11:entity74:key00001E14:ref38:ord0;page220:tag13:entity74:key00001E14:ref38:ord0;page226:tag10:entity74:key00001E14:ref38:ord0;page232:tag12:entity74:key00001E14:ref38:ord0;page244:tag10:entity74:key00001E14:ref38:ord0;page250:tag13:entity74:key00001E14:ref38:ord0;page268:tag10:entity74:key00001E14:ref38:ord0;page274:tag10:entity74:key00001E14:ref38:ord0;page280:tag11:entity74:key00001E14:ref38:ord0;page286:tag11:entity74:key00001E14:ref38:ord0;page298:tag12:entity74:key00001E14:ref38:ord0;page304:tag10:entity74:key00001E14:ref38:ord0;page310:tag12:entity74:key00001E14:ref38:ord0;page316:tag10:entity74:key00001E14:ref38:ord0;page328:tag10:entity74:key00001E14:ref38:ord0;page334:tag13:entity74:key00001E14:ref38:ord0;page340:tag13:entity74:key00001E14:ref38:ord0,あんたが原因だったか,お…俺は何も知らない…,ああ…ここまでか…,,我、我什么都不知道…,,MATCH,33,30,APPROVED,READY,NOT_TESTED,JPN_PRIMARY; MLG_CN_CONTEXT_AUXILIARY,mechanical template; resource_class=SLOT_OLANG; source_objects=38; review_flag=WEB_TRANSLATED_PENDING_CODEX_CHECK
5D81443C,20,40,40;40;40;40;40;40;40;40;40;40;40;40;40;40;40;40;40;40;40;40;40;40;40;40;40;40;40;40;40;40;40;40;40;40;40;40;40;40,38,,page76:tag17:entity73:key00001DB0:ref40:ord0;page82:tag8:entity73:key00001DB0:ref40:ord0;page88:tag13:entity73:key00001DB0:ref40:ord0;page94:tag13:entity73:key00001DB0:ref40:ord0;page100:tag12:entity73:key00001DB0:ref40:ord0;page106:tag11:entity73:key00001DB0:ref40:ord0;page112:tag10:entity73:key00001DB0:ref40:ord0;page118:tag12:entity73:key00001DB0:ref40:ord0;page124:tag10:entity73:key00001DB0:ref40:ord0;page130:tag12:entity73:key00001DB0:ref40:ord0;page136:tag11:entity73:key00001DB0:ref40:ord0;page142:tag11:entity73:key00001DB0:ref40:ord0;page148:tag10:entity73:key00001DB0:ref40:ord0;page154:tag11:entity73:key00001DB0:ref40:ord0;page160:tag10:entity73:key00001DB0:ref40:ord0;page166:tag10:entity73:key00001DB0:ref40:ord0;page172:tag12:entity73:key00001DB0:ref40:ord0;page178:tag10:entity73:key00001DB0:ref40:ord0;page184:tag10:entity73:key00001DB0:ref40:ord0;page202:tag10:entity73:key00001DB0:ref40:ord0;page208:tag10:entity73:key00001DB0:ref40:ord0;page214:tag11:entity73:key00001DB0:ref40:ord0;page220:tag13:entity73:key00001DB0:ref40:ord0;page226:tag10:entity73:key00001DB0:ref40:ord0;page232:tag12:entity73:key00001DB0:ref40:ord0;page244:tag10:entity73:key00001DB0:ref40:ord0;page250:tag13:entity73:key00001DB0:ref40:ord0;page268:tag10:entity73:key00001DB0:ref40:ord0;page274:tag10:entity73:key00001DB0:ref40:ord0;page280:tag11:entity73:key00001DB0:ref40:ord0;page286:tag11:entity73:key00001DB0:ref40:ord0;page298:tag12:entity73:key00001DB0:ref40:ord0;page304:tag10:entity73:key00001DB0:ref40:ord0;page310:tag12:entity73:key00001DB0:ref40:ord0;page316:tag10:entity73:key00001DB0:ref40:ord0;page328:tag10:entity73:key00001DB0:ref40:ord0;page334:tag13:entity73:key00001DB0:ref40:ord0;page340:tag13:entity73:key00001DB0:ref40:ord0,お…俺は何も知らない…,ああ…ここまでか…,俺を殺したって何の得もないぞ！,,啊啊…到此为止了吗…,,MATCH,27,30,APPROVED,READY,NOT_TESTED,JPN_PRIMARY; MLG_CN_CONTEXT_AUXILIARY,mechanical template; resource_class=SLOT_OLANG; source_objects=38; review_flag=WEB_TRANSLATED_PENDING_CODEX_CHECK
5D81443C,21,42,42;42;42;42;42;42;42;42;42;42;42;42;42;42;42;42;42;42;42;42;42;42;42;42;42;42;42;42;42;42;42;42;42;42;42;42;42;42,38,,page76:tag17:entity72:key00001D4C:ref42:ord0;page82:tag8:entity72:key00001D4C:ref42:ord0;page88:tag13:entity72:key00001D4C:ref42:ord0;page94:tag13:entity72:key00001D4C:ref42:ord0;page100:tag12:entity72:key00001D4C:ref42:ord0;page106:tag11:entity72:key00001D4C:ref42:ord0;page112:tag10:entity72:key00001D4C:ref42:ord0;page118:tag12:entity72:key00001D4C:ref42:ord0;page124:tag10:entity72:key00001D4C:ref42:ord0;page130:tag12:entity72:key00001D4C:ref42:ord0;page136:tag11:entity72:key00001D4C:ref42:ord0;page142:tag11:entity72:key00001D4C:ref42:ord0;page148:tag10:entity72:key00001D4C:ref42:ord0;page154:tag11:entity72:key00001D4C:ref42:ord0;page160:tag10:entity72:key00001D4C:ref42:ord0;page166:tag10:entity72:key00001D4C:ref42:ord0;page172:tag12:entity72:key00001D4C:ref42:ord0;page178:tag10:entity72:key00001D4C:ref42:ord0;page184:tag10:entity72:key00001D4C:ref42:ord0;page202:tag10:entity72:key00001D4C:ref42:ord0;page208:tag10:entity72:key00001D4C:ref42:ord0;page214:tag11:entity72:key00001D4C:ref42:ord0;page220:tag13:entity72:key00001D4C:ref42:ord0;page226:tag10:entity72:key00001D4C:ref42:ord0;page232:tag12:entity72:key00001D4C:ref42:ord0;page244:tag10:entity72:key00001D4C:ref42:ord0;page250:tag13:entity72:key00001D4C:ref42:ord0;page268:tag10:entity72:key00001D4C:ref42:ord0;page274:tag10:entity72:key00001D4C:ref42:ord0;page280:tag11:entity72:key00001D4C:ref42:ord0;page286:tag11:entity72:key00001D4C:ref42:ord0;page298:tag12:entity72:key00001D4C:ref42:ord0;page304:tag10:entity72:key00001D4C:ref42:ord0;page310:tag12:entity72:key00001D4C:ref42:ord0;page316:tag10:entity72:key00001D4C:ref42:ord0;page328:tag10:entity72:key00001D4C:ref42:ord0;page334:tag13:entity72:key00001D4C:ref42:ord0;page340:tag13:entity72:key00001D4C:ref42:ord0,ああ…ここまでか…,俺を殺したって何の得もないぞ！,殺るなら殺れ 何も言わんぞ,,杀了我也什么好处都没有！,,MATCH,45,36,APPROVED,READY,NOT_TESTED,JPN_PRIMARY; MLG_CN_CONTEXT_AUXILIARY,mechanical template; resource_class=SLOT_OLANG; source_objects=38; review_flag=WEB_TRANSLATED_PENDING_CODEX_CHECK
5D81443C,22,44,44;44;44;44;44;44;44;44;44;44;44;44;44;44;44;44;44;44;44;44;44;44;44;44;44;44;44;44;44;44;44;44;44;44;44;44;44;44,38,,page76:tag17:entity71:key00001CE8:ref44:ord0;page82:tag8:entity71:key00001CE8:ref44:ord0;page88:tag13:entity71:key00001CE8:ref44:ord0;page94:tag13:entity71:key00001CE8:ref44:ord0;page100:tag12:entity71:key00001CE8:ref44:ord0;page106:tag11:entity71:key00001CE8:ref44:ord0;page112:tag10:entity71:key00001CE8:ref44:ord0;page118:tag12:entity71:key00001CE8:ref44:ord0;page124:tag10:entity71:key00001CE8:ref44:ord0;page130:tag12:entity71:key00001CE8:ref44:ord0;page136:tag11:entity71:key00001CE8:ref44:ord0;page142:tag11:entity71:key00001CE8:ref44:ord0;page148:tag10:entity71:key00001CE8:ref44:ord0;page154:tag11:entity71:key00001CE8:ref44:ord0;page160:tag10:entity71:key00001CE8:ref44:ord0;page166:tag10:entity71:key00001CE8:ref44:ord0;page172:tag12:entity71:key00001CE8:ref44:ord0;page178:tag10:entity71:key00001CE8:ref44:ord0;page184:tag10:entity71:key00001CE8:ref44:ord0;page202:tag10:entity71:key00001CE8:ref44:ord0;page208:tag10:entity71:key00001CE8:ref44:ord0;page214:tag11:entity71:key00001CE8:ref44:ord0;page220:tag13:entity71:key00001CE8:ref44:ord0;page226:tag10:entity71:key00001CE8:ref44:ord0;page232:tag12:entity71:key00001CE8:ref44:ord0;page244:tag10:entity71:key00001CE8:ref44:ord0;page250:tag13:entity71:key00001CE8:ref44:ord0;page268:tag10:entity71:key00001CE8:ref44:ord0;page274:tag10:entity71:key00001CE8:ref44:ord0;page280:tag11:entity71:key00001CE8:ref44:ord0;page286:tag11:entity71:key00001CE8:ref44:ord0;page298:tag12:entity71:key00001CE8:ref44:ord0;page304:tag10:entity71:key00001CE8:ref44:ord0;page310:tag12:entity71:key00001CE8:ref44:ord0;page316:tag10:entity71:key00001CE8:ref44:ord0;page328:tag10:entity71:key00001CE8:ref44:ord0;page334:tag13:entity71:key00001CE8:ref44:ord0;page340:tag13:entity71:key00001CE8:ref44:ord0,俺を殺したって何の得もないぞ！,殺るなら殺れ 何も言わんぞ,兵士達が消えていく原因はあんたか…,,要杀就杀 我什么都不会说,,MATCH,37,34,APPROVED,READY,NOT_TESTED,JPN_PRIMARY; MLG_CN_CONTEXT_AUXILIARY,mechanical template; resource_class=SLOT_OLANG; source_objects=38; review_flag=WEB_TRANSLATED_PENDING_CODEX_CHECK
5D81443C,23,46,46;46;46;46;46;46;46;46;46;46;46;46;46;46;46;46;46;46;46;46;46;46;46;46;46;46;46;46;46;46;46;46;46;46;46;46;46;46,38,,page76:tag17:entity70:key00001C84:ref46:ord0;page82:tag8:entity70:key00001C84:ref46:ord0;page88:tag13:entity70:key00001C84:ref46:ord0;page94:tag13:entity70:key00001C84:ref46:ord0;page100:tag12:entity70:key00001C84:ref46:ord0;page106:tag11:entity70:key00001C84:ref46:ord0;page112:tag10:entity70:key00001C84:ref46:ord0;page118:tag12:entity70:key00001C84:ref46:ord0;page124:tag10:entity70:key00001C84:ref46:ord0;page130:tag12:entity70:key00001C84:ref46:ord0;page136:tag11:entity70:key00001C84:ref46:ord0;page142:tag11:entity70:key00001C84:ref46:ord0;page148:tag10:entity70:key00001C84:ref46:ord0;page154:tag11:entity70:key00001C84:ref46:ord0;page160:tag10:entity70:key00001C84:ref46:ord0;page166:tag10:entity70:key00001C84:ref46:ord0;page172:tag12:entity70:key00001C84:ref46:ord0;page178:tag10:entity70:key00001C84:ref46:ord0;page184:tag10:entity70:key00001C84:ref46:ord0;page202:tag10:entity70:key00001C84:ref46:ord0;page208:tag10:entity70:key00001C84:ref46:ord0;page214:tag11:entity70:key00001C84:ref46:ord0;page220:tag13:entity70:key00001C84:ref46:ord0;page226:tag10:entity70:key00001C84:ref46:ord0;page232:tag12:entity70:key00001C84:ref46:ord0;page244:tag10:entity70:key00001C84:ref46:ord0;page250:tag13:entity70:key00001C84:ref46:ord0;page268:tag10:entity70:key00001C84:ref46:ord0;page274:tag10:entity70:key00001C84:ref46:ord0;page280:tag11:entity70:key00001C84:ref46:ord0;page286:tag11:entity70:key00001C84:ref46:ord0;page298:tag12:entity70:key00001C84:ref46:ord0;page304:tag10:entity70:key00001C84:ref46:ord0;page310:tag12:entity70:key00001C84:ref46:ord0;page316:tag10:entity70:key00001C84:ref46:ord0;page328:tag10:entity70:key00001C84:ref46:ord0;page334:tag13:entity70:key00001C84:ref46:ord0;page340:tag13:entity70:key00001C84:ref46:ord0,殺るなら殺れ 何も言わんぞ,兵士達が消えていく原因はあんたか…,俺を殺しても無駄だ！ ,,士兵们不断消失…是你干的吗…,,MATCH,51,42,APPROVED,READY,NOT_TESTED,JPN_PRIMARY; MLG_CN_CONTEXT_AUXILIARY,mechanical template; resource_class=SLOT_OLANG; source_objects=38; review_flag=WEB_TRANSLATED_PENDING_CODEX_CHECK
5D81443C,24,48,48;48;48;48;48;48;48;48;48;48;48;48;48;48;48;48;48;48;48;48;48;48;48;48;48;48;48;48;48;48;48;48;48;48;48;48;48;48,38,,page76:tag17:entity69:key00001C20:ref48:ord0;page82:tag8:entity69:key00001C20:ref48:ord0;page88:tag13:entity69:key00001C20:ref48:ord0;page94:tag13:entity69:key00001C20:ref48:ord0;page100:tag12:entity69:key00001C20:ref48:ord0;page106:tag11:entity69:key00001C20:ref48:ord0;page112:tag10:entity69:key00001C20:ref48:ord0;page118:tag12:entity69:key00001C20:ref48:ord0;page124:tag10:entity69:key00001C20:ref48:ord0;page130:tag12:entity69:key00001C20:ref48:ord0;page136:tag11:entity69:key00001C20:ref48:ord0;page142:tag11:entity69:key00001C20:ref48:ord0;page148:tag10:entity69:key00001C20:ref48:ord0;page154:tag11:entity69:key00001C20:ref48:ord0;page160:tag10:entity69:key00001C20:ref48:ord0;page166:tag10:entity69:key00001C20:ref48:ord0;page172:tag12:entity69:key00001C20:ref48:ord0;page178:tag10:entity69:key00001C20:ref48:ord0;page184:tag10:entity69:key00001C20:ref48:ord0;page202:tag10:entity69:key00001C20:ref48:ord0;page208:tag10:entity69:key00001C20:ref48:ord0;page214:tag11:entity69:key00001C20:ref48:ord0;page220:tag13:entity69:key00001C20:ref48:ord0;page226:tag10:entity69:key00001C20:ref48:ord0;page232:tag12:entity69:key00001C20:ref48:ord0;page244:tag10:entity69:key00001C20:ref48:ord0;page250:tag13:entity69:key00001C20:ref48:ord0;page268:tag10:entity69:key00001C20:ref48:ord0;page274:tag10:entity69:key00001C20:ref48:ord0;page280:tag11:entity69:key00001C20:ref48:ord0;page286:tag11:entity69:key00001C20:ref48:ord0;page298:tag12:entity69:key00001C20:ref48:ord0;page304:tag10:entity69:key00001C20:ref48:ord0;page310:tag12:entity69:key00001C20:ref48:ord0;page316:tag10:entity69:key00001C20:ref48:ord0;page328:tag10:entity69:key00001C20:ref48:ord0;page334:tag13:entity69:key00001C20:ref48:ord0;page340:tag13:entity69:key00001C20:ref48:ord0,兵士達が消えていく原因はあんたか…,俺を殺しても無駄だ！ ,し…知ってるか？ ,,杀了我也没用！ ,,MATCH,31,22,APPROVED,READY,NOT_TESTED,JPN_PRIMARY; MLG_CN_CONTEXT_AUXILIARY,mechanical template; resource_class=SLOT_OLANG; source_objects=38; review_flag=WEB_TRANSLATED_PENDING_CODEX_CHECK
5D81443C,25,50,50;50;50;50;50;50;50;50;50;50;50;50;50;50;50;50;50;50;50;50;50;50;50;50;50;50;50;50;50;50;50;50;50;50;50;50;50;50,38,,page76:tag17:entity68:key00001B58:ref50:ord0;page82:tag8:entity68:key00001B58:ref50:ord0;page88:tag13:entity68:key00001B58:ref50:ord0;page94:tag13:entity68:key00001B58:ref50:ord0;page100:tag12:entity68:key00001B58:ref50:ord0;page106:tag11:entity68:key00001B58:ref50:ord0;page112:tag10:entity68:key00001B58:ref50:ord0;page118:tag12:entity68:key00001B58:ref50:ord0;page124:tag10:entity68:key00001B58:ref50:ord0;page130:tag12:entity68:key00001B58:ref50:ord0;page136:tag11:entity68:key00001B58:ref50:ord0;page142:tag11:entity68:key00001B58:ref50:ord0;page148:tag10:entity68:key00001B58:ref50:ord0;page154:tag11:entity68:key00001B58:ref50:ord0;page160:tag10:entity68:key00001B58:ref50:ord0;page166:tag10:entity68:key00001B58:ref50:ord0;page172:tag12:entity68:key00001B58:ref50:ord0;page178:tag10:entity68:key00001B58:ref50:ord0;page184:tag10:entity68:key00001B58:ref50:ord0;page202:tag10:entity68:key00001B58:ref50:ord0;page208:tag10:entity68:key00001B58:ref50:ord0;page214:tag11:entity68:key00001B58:ref50:ord0;page220:tag13:entity68:key00001B58:ref50:ord0;page226:tag10:entity68:key00001B58:ref50:ord0;page232:tag12:entity68:key00001B58:ref50:ord0;page244:tag10:entity68:key00001B58:ref50:ord0;page250:tag13:entity68:key00001B58:ref50:ord0;page268:tag10:entity68:key00001B58:ref50:ord0;page274:tag10:entity68:key00001B58:ref50:ord0;page280:tag11:entity68:key00001B58:ref50:ord0;page286:tag11:entity68:key00001B58:ref50:ord0;page298:tag12:entity68:key00001B58:ref50:ord0;page304:tag10:entity68:key00001B58:ref50:ord0;page310:tag12:entity68:key00001B58:ref50:ord0;page316:tag10:entity68:key00001B58:ref50:ord0;page328:tag10:entity68:key00001B58:ref50:ord0;page334:tag13:entity68:key00001B58:ref50:ord0;page340:tag13:entity68:key00001B58:ref50:ord0,俺を殺しても無駄だ！ ,し…知ってるか？ ,…北東の部屋にいる,,你、你知道吗？ ,,MATCH,25,22,APPROVED,READY,NOT_TESTED,JPN_PRIMARY; MLG_CN_CONTEXT_AUXILIARY,mechanical template; resource_class=SLOT_OLANG; source_objects=38; review_flag=WEB_TRANSLATED_PENDING_CODEX_CHECK
5D81443C,26,52,52;52;52;52;52;52;52;52;52;52;52;52;52;52;52;52;52;52;52;52;52;52;52;52;52;52;52;52;52;52;52;52;52;52;52;52;52;52,38,,page76:tag17:entity6:key000002BC:ref52:ord0;page82:tag8:entity6:key000002BC:ref52:ord0;page88:tag13:entity6:key000002BC:ref52:ord0;page94:tag13:entity6:key000002BC:ref52:ord0;page100:tag12:entity6:key000002BC:ref52:ord0;page106:tag11:entity6:key000002BC:ref52:ord0;page112:tag10:entity6:key000002BC:ref52:ord0;page118:tag12:entity6:key000002BC:ref52:ord0;page124:tag10:entity6:key000002BC:ref52:ord0;page130:tag12:entity6:key000002BC:ref52:ord0;page136:tag11:entity6:key000002BC:ref52:ord0;page142:tag11:entity6:key000002BC:ref52:ord0;page148:tag10:entity6:key000002BC:ref52:ord0;page154:tag11:entity6:key000002BC:ref52:ord0;page160:tag10:entity6:key000002BC:ref52:ord0;page166:tag10:entity6:key000002BC:ref52:ord0;page172:tag12:entity6:key000002BC:ref52:ord0;page178:tag10:entity6:key000002BC:ref52:ord0;page184:tag10:entity6:key000002BC:ref52:ord0;page202:tag10:entity6:key000002BC:ref52:ord0;page208:tag10:entity6:key000002BC:ref52:ord0;page214:tag11:entity6:key000002BC:ref52:ord0;page220:tag13:entity6:key000002BC:ref52:ord0;page226:tag10:entity6:key000002BC:ref52:ord0;page232:tag12:entity6:key000002BC:ref52:ord0;page244:tag10:entity6:key000002BC:ref52:ord0;page250:tag13:entity6:key000002BC:ref52:ord0;page268:tag10:entity6:key000002BC:ref52:ord0;page274:tag10:entity6:key000002BC:ref52:ord0;page280:tag11:entity6:key000002BC:ref52:ord0;page286:tag11:entity6:key000002BC:ref52:ord0;page298:tag12:entity6:key000002BC:ref52:ord0;page304:tag10:entity6:key000002BC:ref52:ord0;page310:tag12:entity6:key000002BC:ref52:ord0;page316:tag10:entity6:key000002BC:ref52:ord0;page328:tag10:entity6:key000002BC:ref52:ord0;page334:tag13:entity6:key000002BC:ref52:ord0;page340:tag13:entity6:key000002BC:ref52:ord0,し…知ってるか？ ,…北東の部屋にいる,死ぬのはいやだ！ 助けてくれ！ ,,…在东北边的房间里,,MATCH,27,27,APPROVED,READY,NOT_TESTED,JPN_PRIMARY; MLG_CN_CONTEXT_AUXILIARY,mechanical template; resource_class=SLOT_OLANG; source_objects=38; review_flag=WEB_TRANSLATED_PENDING_CODEX_CHECK
5D81443C,27,54,54;54;54;54;54;54;54;54;54;54;54;54;54;54;54;54;54;54;54;54;54;54;54;54;54;54;54;54;54;54;54;54;54;54;54;54;54;54,38,,page76:tag17:entity67:key00001AF4:ref54:ord0;page82:tag8:entity67:key00001AF4:ref54:ord0;page88:tag13:entity67:key00001AF4:ref54:ord0;page94:tag13:entity67:key00001AF4:ref54:ord0;page100:tag12:entity67:key00001AF4:ref54:ord0;page106:tag11:entity67:key00001AF4:ref54:ord0;page112:tag10:entity67:key00001AF4:ref54:ord0;page118:tag12:entity67:key00001AF4:ref54:ord0;page124:tag10:entity67:key00001AF4:ref54:ord0;page130:tag12:entity67:key00001AF4:ref54:ord0;page136:tag11:entity67:key00001AF4:ref54:ord0;page142:tag11:entity67:key00001AF4:ref54:ord0;page148:tag10:entity67:key00001AF4:ref54:ord0;page154:tag11:entity67:key00001AF4:ref54:ord0;page160:tag10:entity67:key00001AF4:ref54:ord0;page166:tag10:entity67:key00001AF4:ref54:ord0;page172:tag12:entity67:key00001AF4:ref54:ord0;page178:tag10:entity67:key00001AF4:ref54:ord0;page184:tag10:entity67:key00001AF4:ref54:ord0;page202:tag10:entity67:key00001AF4:ref54:ord0;page208:tag10:entity67:key00001AF4:ref54:ord0;page214:tag11:entity67:key00001AF4:ref54:ord0;page220:tag13:entity67:key00001AF4:ref54:ord0;page226:tag10:entity67:key00001AF4:ref54:ord0;page232:tag12:entity67:key00001AF4:ref54:ord0;page244:tag10:entity67:key00001AF4:ref54:ord0;page250:tag13:entity67:key00001AF4:ref54:ord0;page268:tag10:entity67:key00001AF4:ref54:ord0;page274:tag10:entity67:key00001AF4:ref54:ord0;page280:tag11:entity67:key00001AF4:ref54:ord0;page286:tag11:entity67:key00001AF4:ref54:ord0;page298:tag12:entity67:key00001AF4:ref54:ord0;page304:tag10:entity67:key00001AF4:ref54:ord0;page310:tag12:entity67:key00001AF4:ref54:ord0;page316:tag10:entity67:key00001AF4:ref54:ord0;page328:tag10:entity67:key00001AF4:ref54:ord0;page334:tag13:entity67:key00001AF4:ref54:ord0;page340:tag13:entity67:key00001AF4:ref54:ord0,…北東の部屋にいる,死ぬのはいやだ！ 助けてくれ！ ,…と思ってくれ！ ,,我不想死！ 救救我！ ,,MATCH,44,29,APPROVED,READY,NOT_TESTED,JPN_PRIMARY; MLG_CN_CONTEXT_AUXILIARY,mechanical template; resource_class=SLOT_OLANG; source_objects=38; review_flag=WEB_TRANSLATED_PENDING_CODEX_CHECK
5D81443C,28,56,56;56;56;56;56;56;56;56;56;56;56;56;56;56;56;56;56;56;56;56;56;56;56;56;56;56;56;56;56;56;56;56;56;56;56;56;56;56,38,,page76:tag17:entity66:key00001A90:ref56:ord0;page82:tag8:entity66:key00001A90:ref56:ord0;page88:tag13:entity66:key00001A90:ref56:ord0;page94:tag13:entity66:key00001A90:ref56:ord0;page100:tag12:entity66:key00001A90:ref56:ord0;page106:tag11:entity66:key00001A90:ref56:ord0;page112:tag10:entity66:key00001A90:ref56:ord0;page118:tag12:entity66:key00001A90:ref56:ord0;page124:tag10:entity66:key00001A90:ref56:ord0;page130:tag12:entity66:key00001A90:ref56:ord0;page136:tag11:entity66:key00001A90:ref56:ord0;page142:tag11:entity66:key00001A90:ref56:ord0;page148:tag10:entity66:key00001A90:ref56:ord0;page154:tag11:entity66:key00001A90:ref56:ord0;page160:tag10:entity66:key00001A90:ref56:ord0;page166:tag10:entity66:key00001A90:ref56:ord0;page172:tag12:entity66:key00001A90:ref56:ord0;page178:tag10:entity66:key00001A90:ref56:ord0;page184:tag10:entity66:key00001A90:ref56:ord0;page202:tag10:entity66:key00001A90:ref56:ord0;page208:tag10:entity66:key00001A90:ref56:ord0;page214:tag11:entity66:key00001A90:ref56:ord0;page220:tag13:entity66:key00001A90:ref56:ord0;page226:tag10:entity66:key00001A90:ref56:ord0;page232:tag12:entity66:key00001A90:ref56:ord0;page244:tag10:entity66:key00001A90:ref56:ord0;page250:tag13:entity66:key00001A90:ref56:ord0;page268:tag10:entity66:key00001A90:ref56:ord0;page274:tag10:entity66:key00001A90:ref56:ord0;page280:tag11:entity66:key00001A90:ref56:ord0;page286:tag11:entity66:key00001A90:ref56:ord0;page298:tag12:entity66:key00001A90:ref56:ord0;page304:tag10:entity66:key00001A90:ref56:ord0;page310:tag12:entity66:key00001A90:ref56:ord0;page316:tag10:entity66:key00001A90:ref56:ord0;page328:tag10:entity66:key00001A90:ref56:ord0;page334:tag13:entity66:key00001A90:ref56:ord0;page340:tag13:entity66:key00001A90:ref56:ord0,死ぬのはいやだ！ 助けてくれ！ ,…と思ってくれ！ ,俺には…年老いた両親がいるんだ… ,,…你就这么想吧！ ,,MATCH,25,25,APPROVED,READY,NOT_TESTED,JPN_PRIMARY; MLG_CN_CONTEXT_AUXILIARY,mechanical template; resource_class=SLOT_OLANG; source_objects=38; review_flag=WEB_TRANSLATED_PENDING_CODEX_CHECK
5D81443C,29,58,58;58;58;58;58;58;58;58;58;58;58;58;58;58;58;58;58;58;58;58;58;58;58;58;58;58;58;58;58;58;58;58;58;58;58;58;58;58,38,,page76:tag17:entity65:key00001A2C:ref58:ord0;page82:tag8:entity65:key00001A2C:ref58:ord0;page88:tag13:entity65:key00001A2C:ref58:ord0;page94:tag13:entity65:key00001A2C:ref58:ord0;page100:tag12:entity65:key00001A2C:ref58:ord0;page106:tag11:entity65:key00001A2C:ref58:ord0;page112:tag10:entity65:key00001A2C:ref58:ord0;page118:tag12:entity65:key00001A2C:ref58:ord0;page124:tag10:entity65:key00001A2C:ref58:ord0;page130:tag12:entity65:key00001A2C:ref58:ord0;page136:tag11:entity65:key00001A2C:ref58:ord0;page142:tag11:entity65:key00001A2C:ref58:ord0;page148:tag10:entity65:key00001A2C:ref58:ord0;page154:tag11:entity65:key00001A2C:ref58:ord0;page160:tag10:entity65:key00001A2C:ref58:ord0;page166:tag10:entity65:key00001A2C:ref58:ord0;page172:tag12:entity65:key00001A2C:ref58:ord0;page178:tag10:entity65:key00001A2C:ref58:ord0;page184:tag10:entity65:key00001A2C:ref58:ord0;page202:tag10:entity65:key00001A2C:ref58:ord0;page208:tag10:entity65:key00001A2C:ref58:ord0;page214:tag11:entity65:key00001A2C:ref58:ord0;page220:tag13:entity65:key00001A2C:ref58:ord0;page226:tag10:entity65:key00001A2C:ref58:ord0;page232:tag12:entity65:key00001A2C:ref58:ord0;page244:tag10:entity65:key00001A2C:ref58:ord0;page250:tag13:entity65:key00001A2C:ref58:ord0;page268:tag10:entity65:key00001A2C:ref58:ord0;page274:tag10:entity65:key00001A2C:ref58:ord0;page280:tag11:entity65:key00001A2C:ref58:ord0;page286:tag11:entity65:key00001A2C:ref58:ord0;page298:tag12:entity65:key00001A2C:ref58:ord0;page304:tag10:entity65:key00001A2C:ref58:ord0;page310:tag12:entity65:key00001A2C:ref58:ord0;page316:tag10:entity65:key00001A2C:ref58:ord0;page328:tag10:entity65:key00001A2C:ref58:ord0;page334:tag13:entity65:key00001A2C:ref58:ord0;page340:tag13:entity65:key00001A2C:ref58:ord0,…と思ってくれ！ ,俺には…年老いた両親がいるんだ… ,俺には5歳になる娘が…,,我…还有年迈的父母啊… ,,MATCH,49,34,APPROVED,READY,NOT_TESTED,JPN_PRIMARY; MLG_CN_CONTEXT_AUXILIARY,mechanical template; resource_class=SLOT_OLANG; source_objects=38; review_flag=WEB_TRANSLATED_PENDING_CODEX_CHECK
5D81443C,30,60,60;60;60;60;60;60;60;60;60;60;60;60;60;60;60;60;60;60;60;60;60;60;60;60;60;60;60;60;60;60;60;60;60;60;60;60;60;60,38,,page76:tag17:entity64:key000019C8:ref60:ord0;page82:tag8:entity64:key000019C8:ref60:ord0;page88:tag13:entity64:key000019C8:ref60:ord0;page94:tag13:entity64:key000019C8:ref60:ord0;page100:tag12:entity64:key000019C8:ref60:ord0;page106:tag11:entity64:key000019C8:ref60:ord0;page112:tag10:entity64:key000019C8:ref60:ord0;page118:tag12:entity64:key000019C8:ref60:ord0;page124:tag10:entity64:key000019C8:ref60:ord0;page130:tag12:entity64:key000019C8:ref60:ord0;page136:tag11:entity64:key000019C8:ref60:ord0;page142:tag11:entity64:key000019C8:ref60:ord0;page148:tag10:entity64:key000019C8:ref60:ord0;page154:tag11:entity64:key000019C8:ref60:ord0;page160:tag10:entity64:key000019C8:ref60:ord0;page166:tag10:entity64:key000019C8:ref60:ord0;page172:tag12:entity64:key000019C8:ref60:ord0;page178:tag10:entity64:key000019C8:ref60:ord0;page184:tag10:entity64:key000019C8:ref60:ord0;page202:tag10:entity64:key000019C8:ref60:ord0;page208:tag10:entity64:key000019C8:ref60:ord0;page214:tag11:entity64:key000019C8:ref60:ord0;page220:tag13:entity64:key000019C8:ref60:ord0;page226:tag10:entity64:key000019C8:ref60:ord0;page232:tag12:entity64:key000019C8:ref60:ord0;page244:tag10:entity64:key000019C8:ref60:ord0;page250:tag13:entity64:key000019C8:ref60:ord0;page268:tag10:entity64:key000019C8:ref60:ord0;page274:tag10:entity64:key000019C8:ref60:ord0;page280:tag11:entity64:key000019C8:ref60:ord0;page286:tag11:entity64:key000019C8:ref60:ord0;page298:tag12:entity64:key000019C8:ref60:ord0;page304:tag10:entity64:key000019C8:ref60:ord0;page310:tag12:entity64:key000019C8:ref60:ord0;page316:tag10:entity64:key000019C8:ref60:ord0;page328:tag10:entity64:key000019C8:ref60:ord0;page334:tag13:entity64:key000019C8:ref60:ord0;page340:tag13:entity64:key000019C8:ref60:ord0,俺には…年老いた両親がいるんだ… ,俺には5歳になる娘が…,スキルの高い兵士が…いるらしい,,我有个5岁的女儿…,,MATCH,31,25,APPROVED,READY,NOT_TESTED,JPN_PRIMARY; MLG_CN_CONTEXT_AUXILIARY,mechanical template; resource_class=SLOT_OLANG; source_objects=38; review_flag=WEB_TRANSLATED_PENDING_CODEX_CHECK
5D81443C,31,62,62;62;62;62;62;62;62;62;62;62;62;62;62;62;62;62;62;62;62;62;62;62;62;62;62;62;62;62;62;62;62;62;62;62;62;62;62;62,38,,page76:tag17:entity63:key00001900:ref62:ord0;page82:tag8:entity63:key00001900:ref62:ord0;page88:tag13:entity63:key00001900:ref62:ord0;page94:tag13:entity63:key00001900:ref62:ord0;page100:tag12:entity63:key00001900:ref62:ord0;page106:tag11:entity63:key00001900:ref62:ord0;page112:tag10:entity63:key00001900:ref62:ord0;page118:tag12:entity63:key00001900:ref62:ord0;page124:tag10:entity63:key00001900:ref62:ord0;page130:tag12:entity63:key00001900:ref62:ord0;page136:tag11:entity63:key00001900:ref62:ord0;page142:tag11:entity63:key00001900:ref62:ord0;page148:tag10:entity63:key00001900:ref62:ord0;page154:tag11:entity63:key00001900:ref62:ord0;page160:tag10:entity63:key00001900:ref62:ord0;page166:tag10:entity63:key00001900:ref62:ord0;page172:tag12:entity63:key00001900:ref62:ord0;page178:tag10:entity63:key00001900:ref62:ord0;page184:tag10:entity63:key00001900:ref62:ord0;page202:tag10:entity63:key00001900:ref62:ord0;page208:tag10:entity63:key00001900:ref62:ord0;page214:tag11:entity63:key00001900:ref62:ord0;page220:tag13:entity63:key00001900:ref62:ord0;page226:tag10:entity63:key00001900:ref62:ord0;page232:tag12:entity63:key00001900:ref62:ord0;page244:tag10:entity63:key00001900:ref62:ord0;page250:tag13:entity63:key00001900:ref62:ord0;page268:tag10:entity63:key00001900:ref62:ord0;page274:tag10:entity63:key00001900:ref62:ord0;page280:tag11:entity63:key00001900:ref62:ord0;page286:tag11:entity63:key00001900:ref62:ord0;page298:tag12:entity63:key00001900:ref62:ord0;page304:tag10:entity63:key00001900:ref62:ord0;page310:tag12:entity63:key00001900:ref62:ord0;page316:tag10:entity63:key00001900:ref62:ord0;page328:tag10:entity63:key00001900:ref62:ord0;page334:tag13:entity63:key00001900:ref62:ord0;page340:tag13:entity63:key00001900:ref62:ord0,俺には5歳になる娘が…,スキルの高い兵士が…いるらしい,下に行ってみるといい,,听说有个技能很强的士兵…,,MATCH,45,36,APPROVED,READY,NOT_TESTED,JPN_PRIMARY; MLG_CN_CONTEXT_AUXILIARY,mechanical template; resource_class=SLOT_OLANG; source_objects=38; review_flag=WEB_TRANSLATED_PENDING_CODEX_CHECK
5D81443C,32,64,64;64;64;64;64;64;64;64;64;64;64;64;64;64;64;64;64;64;64;64;64;64;64;64;64;64;64;64;64;64;64;64;64;64;64;64;64;64,38,,page76:tag17:entity62:key0000189C:ref64:ord0;page82:tag8:entity62:key0000189C:ref64:ord0;page88:tag13:entity62:key0000189C:ref64:ord0;page94:tag13:entity62:key0000189C:ref64:ord0;page100:tag12:entity62:key0000189C:ref64:ord0;page106:tag11:entity62:key0000189C:ref64:ord0;page112:tag10:entity62:key0000189C:ref64:ord0;page118:tag12:entity62:key0000189C:ref64:ord0;page124:tag10:entity62:key0000189C:ref64:ord0;page130:tag12:entity62:key0000189C:ref64:ord0;page136:tag11:entity62:key0000189C:ref64:ord0;page142:tag11:entity62:key0000189C:ref64:ord0;page148:tag10:entity62:key0000189C:ref64:ord0;page154:tag11:entity62:key0000189C:ref64:ord0;page160:tag10:entity62:key0000189C:ref64:ord0;page166:tag10:entity62:key0000189C:ref64:ord0;page172:tag12:entity62:key0000189C:ref64:ord0;page178:tag10:entity62:key0000189C:ref64:ord0;page184:tag10:entity62:key0000189C:ref64:ord0;page202:tag10:entity62:key0000189C:ref64:ord0;page208:tag10:entity62:key0000189C:ref64:ord0;page214:tag11:entity62:key0000189C:ref64:ord0;page220:tag13:entity62:key0000189C:ref64:ord0;page226:tag10:entity62:key0000189C:ref64:ord0;page232:tag12:entity62:key0000189C:ref64:ord0;page244:tag10:entity62:key0000189C:ref64:ord0;page250:tag13:entity62:key0000189C:ref64:ord0;page268:tag10:entity62:key0000189C:ref64:ord0;page274:tag10:entity62:key0000189C:ref64:ord0;page280:tag11:entity62:key0000189C:ref64:ord0;page286:tag11:entity62:key0000189C:ref64:ord0;page298:tag12:entity62:key0000189C:ref64:ord0;page304:tag10:entity62:key0000189C:ref64:ord0;page310:tag12:entity62:key0000189C:ref64:ord0;page316:tag10:entity62:key0000189C:ref64:ord0;page328:tag10:entity62:key0000189C:ref64:ord0;page334:tag13:entity62:key0000189C:ref64:ord0;page340:tag13:entity62:key0000189C:ref64:ord0,スキルの高い兵士が…いるらしい,下に行ってみるといい,上に行ってみるといい,,去下面看看吧,,MATCH,30,18,APPROVED,READY,NOT_TESTED,JPN_PRIMARY; MLG_CN_CONTEXT_AUXILIARY,mechanical template; resource_class=SLOT_OLANG; source_objects=38; review_flag=WEB_TRANSLATED_PENDING_CODEX_CHECK
5D81443C,33,66,66;66;66;66;66;66;66;66;66;66;66;66;66;66;66;66;66;66;66;66;66;66;66;66;66;66;66;66;66;66;66;66;66;66;66;66;66;66,38,,page76:tag17:entity61:key00001838:ref66:ord0;page82:tag8:entity61:key00001838:ref66:ord0;page88:tag13:entity61:key00001838:ref66:ord0;page94:tag13:entity61:key00001838:ref66:ord0;page100:tag12:entity61:key00001838:ref66:ord0;page106:tag11:entity61:key00001838:ref66:ord0;page112:tag10:entity61:key00001838:ref66:ord0;page118:tag12:entity61:key00001838:ref66:ord0;page124:tag10:entity61:key00001838:ref66:ord0;page130:tag12:entity61:key00001838:ref66:ord0;page136:tag11:entity61:key00001838:ref66:ord0;page142:tag11:entity61:key00001838:ref66:ord0;page148:tag10:entity61:key00001838:ref66:ord0;page154:tag11:entity61:key00001838:ref66:ord0;page160:tag10:entity61:key00001838:ref66:ord0;page166:tag10:entity61:key00001838:ref66:ord0;page172:tag12:entity61:key00001838:ref66:ord0;page178:tag10:entity61:key00001838:ref66:ord0;page184:tag10:entity61:key00001838:ref66:ord0;page202:tag10:entity61:key00001838:ref66:ord0;page208:tag10:entity61:key00001838:ref66:ord0;page214:tag11:entity61:key00001838:ref66:ord0;page220:tag13:entity61:key00001838:ref66:ord0;page226:tag10:entity61:key00001838:ref66:ord0;page232:tag12:entity61:key00001838:ref66:ord0;page244:tag10:entity61:key00001838:ref66:ord0;page250:tag13:entity61:key00001838:ref66:ord0;page268:tag10:entity61:key00001838:ref66:ord0;page274:tag10:entity61:key00001838:ref66:ord0;page280:tag11:entity61:key00001838:ref66:ord0;page286:tag11:entity61:key00001838:ref66:ord0;page298:tag12:entity61:key00001838:ref66:ord0;page304:tag10:entity61:key00001838:ref66:ord0;page310:tag12:entity61:key00001838:ref66:ord0;page316:tag10:entity61:key00001838:ref66:ord0;page328:tag10:entity61:key00001838:ref66:ord0;page334:tag13:entity61:key00001838:ref66:ord0;page340:tag13:entity61:key00001838:ref66:ord0,下に行ってみるといい,上に行ってみるといい,北西に行ってみるといい,,去上面看看吧,,MATCH,30,18,APPROVED,READY,NOT_TESTED,JPN_PRIMARY; MLG_CN_CONTEXT_AUXILIARY,mechanical template; resource_class=SLOT_OLANG; source_objects=38; review_flag=WEB_TRANSLATED_PENDING_CODEX_CHECK
5D81443C,34,68,68;68;68;68;68;68;68;68;68;68;68;68;68;68;68;68;68;68;68;68;68;68;68;68;68;68;68;68;68;68;68;68;68;68;68;68;68;68,38,,page76:tag17:entity60:key000017D4:ref68:ord0;page82:tag8:entity60:key000017D4:ref68:ord0;page88:tag13:entity60:key000017D4:ref68:ord0;page94:tag13:entity60:key000017D4:ref68:ord0;page100:tag12:entity60:key000017D4:ref68:ord0;page106:tag11:entity60:key000017D4:ref68:ord0;page112:tag10:entity60:key000017D4:ref68:ord0;page118:tag12:entity60:key000017D4:ref68:ord0;page124:tag10:entity60:key000017D4:ref68:ord0;page130:tag12:entity60:key000017D4:ref68:ord0;page136:tag11:entity60:key000017D4:ref68:ord0;page142:tag11:entity60:key000017D4:ref68:ord0;page148:tag10:entity60:key000017D4:ref68:ord0;page154:tag11:entity60:key000017D4:ref68:ord0;page160:tag10:entity60:key000017D4:ref68:ord0;page166:tag10:entity60:key000017D4:ref68:ord0;page172:tag12:entity60:key000017D4:ref68:ord0;page178:tag10:entity60:key000017D4:ref68:ord0;page184:tag10:entity60:key000017D4:ref68:ord0;page202:tag10:entity60:key000017D4:ref68:ord0;page208:tag10:entity60:key000017D4:ref68:ord0;page214:tag11:entity60:key000017D4:ref68:ord0;page220:tag13:entity60:key000017D4:ref68:ord0;page226:tag10:entity60:key000017D4:ref68:ord0;page232:tag12:entity60:key000017D4:ref68:ord0;page244:tag10:entity60:key000017D4:ref68:ord0;page250:tag13:entity60:key000017D4:ref68:ord0;page268:tag10:entity60:key000017D4:ref68:ord0;page274:tag10:entity60:key000017D4:ref68:ord0;page280:tag11:entity60:key000017D4:ref68:ord0;page286:tag11:entity60:key000017D4:ref68:ord0;page298:tag12:entity60:key000017D4:ref68:ord0;page304:tag10:entity60:key000017D4:ref68:ord0;page310:tag12:entity60:key000017D4:ref68:ord0;page316:tag10:entity60:key000017D4:ref68:ord0;page328:tag10:entity60:key000017D4:ref68:ord0;page334:tag13:entity60:key000017D4:ref68:ord0;page340:tag13:entity60:key000017D4:ref68:ord0,上に行ってみるといい,北西に行ってみるといい,西に行ってみるといい,,去西北边看看吧,,MATCH,33,21,APPROVED,READY,NOT_TESTED,JPN_PRIMARY; MLG_CN_CONTEXT_AUXILIARY,mechanical template; resource_class=SLOT_OLANG; source_objects=38; review_flag=WEB_TRANSLATED_PENDING_CODEX_CHECK
5D81443C,35,70,70;70;70;70;70;70;70;70;70;70;70;70;70;70;70;70;70;70;70;70;70;70;70;70;70;70;70;70;70;70;70;70;70;70;70;70;70;70,38,,page76:tag17:entity59:key00001770:ref70:ord0;page82:tag8:entity59:key00001770:ref70:ord0;page88:tag13:entity59:key00001770:ref70:ord0;page94:tag13:entity59:key00001770:ref70:ord0;page100:tag12:entity59:key00001770:ref70:ord0;page106:tag11:entity59:key00001770:ref70:ord0;page112:tag10:entity59:key00001770:ref70:ord0;page118:tag12:entity59:key00001770:ref70:ord0;page124:tag10:entity59:key00001770:ref70:ord0;page130:tag12:entity59:key00001770:ref70:ord0;page136:tag11:entity59:key00001770:ref70:ord0;page142:tag11:entity59:key00001770:ref70:ord0;page148:tag10:entity59:key00001770:ref70:ord0;page154:tag11:entity59:key00001770:ref70:ord0;page160:tag10:entity59:key00001770:ref70:ord0;page166:tag10:entity59:key00001770:ref70:ord0;page172:tag12:entity59:key00001770:ref70:ord0;page178:tag10:entity59:key00001770:ref70:ord0;page184:tag10:entity59:key00001770:ref70:ord0;page202:tag10:entity59:key00001770:ref70:ord0;page208:tag10:entity59:key00001770:ref70:ord0;page214:tag11:entity59:key00001770:ref70:ord0;page220:tag13:entity59:key00001770:ref70:ord0;page226:tag10:entity59:key00001770:ref70:ord0;page232:tag12:entity59:key00001770:ref70:ord0;page244:tag10:entity59:key00001770:ref70:ord0;page250:tag13:entity59:key00001770:ref70:ord0;page268:tag10:entity59:key00001770:ref70:ord0;page274:tag10:entity59:key00001770:ref70:ord0;page280:tag11:entity59:key00001770:ref70:ord0;page286:tag11:entity59:key00001770:ref70:ord0;page298:tag12:entity59:key00001770:ref70:ord0;page304:tag10:entity59:key00001770:ref70:ord0;page310:tag12:entity59:key00001770:ref70:ord0;page316:tag10:entity59:key00001770:ref70:ord0;page328:tag10:entity59:key00001770:ref70:ord0;page334:tag13:entity59:key00001770:ref70:ord0;page340:tag13:entity59:key00001770:ref70:ord0,北西に行ってみるといい,西に行ってみるといい,…北の部屋にいる,,去西边看看吧,,MATCH,30,18,APPROVED,READY,NOT_TESTED,JPN_PRIMARY; MLG_CN_CONTEXT_AUXILIARY,mechanical template; resource_class=SLOT_OLANG; source_objects=38; review_flag=WEB_TRANSLATED_PENDING_CODEX_CHECK
5D81443C,36,72,72;72;72;72;72;72;72;72;72;72;72;72;72;72;72;72;72;72;72;72;72;72;72;72;72;72;72;72;72;72;72;72;72;72;72;72;72;72,38,,page76:tag17:entity5:key00000258:ref72:ord0;page82:tag8:entity5:key00000258:ref72:ord0;page88:tag13:entity5:key00000258:ref72:ord0;page94:tag13:entity5:key00000258:ref72:ord0;page100:tag12:entity5:key00000258:ref72:ord0;page106:tag11:entity5:key00000258:ref72:ord0;page112:tag10:entity5:key00000258:ref72:ord0;page118:tag12:entity5:key00000258:ref72:ord0;page124:tag10:entity5:key00000258:ref72:ord0;page130:tag12:entity5:key00000258:ref72:ord0;page136:tag11:entity5:key00000258:ref72:ord0;page142:tag11:entity5:key00000258:ref72:ord0;page148:tag10:entity5:key00000258:ref72:ord0;page154:tag11:entity5:key00000258:ref72:ord0;page160:tag10:entity5:key00000258:ref72:ord0;page166:tag10:entity5:key00000258:ref72:ord0;page172:tag12:entity5:key00000258:ref72:ord0;page178:tag10:entity5:key00000258:ref72:ord0;page184:tag10:entity5:key00000258:ref72:ord0;page202:tag10:entity5:key00000258:ref72:ord0;page208:tag10:entity5:key00000258:ref72:ord0;page214:tag11:entity5:key00000258:ref72:ord0;page220:tag13:entity5:key00000258:ref72:ord0;page226:tag10:entity5:key00000258:ref72:ord0;page232:tag12:entity5:key00000258:ref72:ord0;page244:tag10:entity5:key00000258:ref72:ord0;page250:tag13:entity5:key00000258:ref72:ord0;page268:tag10:entity5:key00000258:ref72:ord0;page274:tag10:entity5:key00000258:ref72:ord0;page280:tag11:entity5:key00000258:ref72:ord0;page286:tag11:entity5:key00000258:ref72:ord0;page298:tag12:entity5:key00000258:ref72:ord0;page304:tag10:entity5:key00000258:ref72:ord0;page310:tag12:entity5:key00000258:ref72:ord0;page316:tag10:entity5:key00000258:ref72:ord0;page328:tag10:entity5:key00000258:ref72:ord0;page334:tag13:entity5:key00000258:ref72:ord0;page340:tag13:entity5:key00000258:ref72:ord0,西に行ってみるといい,…北の部屋にいる,南西に行ってみるといい,,…在北边的房间里,,MATCH,24,24,APPROVED,READY,NOT_TESTED,JPN_PRIMARY; MLG_CN_CONTEXT_AUXILIARY,mechanical template; resource_class=SLOT_OLANG; source_objects=38; review_flag=WEB_TRANSLATED_PENDING_CODEX_CHECK
5D81443C,37,74,74;74;74;74;74;74;74;74;74;74;74;74;74;74;74;74;74;74;74;74;74;74;74;74;74;74;74;74;74;74;74;74;74;74;74;74;74;74,38,,page76:tag17:entity58:key0000170C:ref74:ord0;page82:tag8:entity58:key0000170C:ref74:ord0;page88:tag13:entity58:key0000170C:ref74:ord0;page94:tag13:entity58:key0000170C:ref74:ord0;page100:tag12:entity58:key0000170C:ref74:ord0;page106:tag11:entity58:key0000170C:ref74:ord0;page112:tag10:entity58:key0000170C:ref74:ord0;page118:tag12:entity58:key0000170C:ref74:ord0;page124:tag10:entity58:key0000170C:ref74:ord0;page130:tag12:entity58:key0000170C:ref74:ord0;page136:tag11:entity58:key0000170C:ref74:ord0;page142:tag11:entity58:key0000170C:ref74:ord0;page148:tag10:entity58:key0000170C:ref74:ord0;page154:tag11:entity58:key0000170C:ref74:ord0;page160:tag10:entity58:key0000170C:ref74:ord0;page166:tag10:entity58:key0000170C:ref74:ord0;page172:tag12:entity58:key0000170C:ref74:ord0;page178:tag10:entity58:key0000170C:ref74:ord0;page184:tag10:entity58:key0000170C:ref74:ord0;page202:tag10:entity58:key0000170C:ref74:ord0;page208:tag10:entity58:key0000170C:ref74:ord0;page214:tag11:entity58:key0000170C:ref74:ord0;page220:tag13:entity58:key0000170C:ref74:ord0;page226:tag10:entity58:key0000170C:ref74:ord0;page232:tag12:entity58:key0000170C:ref74:ord0;page244:tag10:entity58:key0000170C:ref74:ord0;page250:tag13:entity58:key0000170C:ref74:ord0;page268:tag10:entity58:key0000170C:ref74:ord0;page274:tag10:entity58:key0000170C:ref74:ord0;page280:tag11:entity58:key0000170C:ref74:ord0;page286:tag11:entity58:key0000170C:ref74:ord0;page298:tag12:entity58:key0000170C:ref74:ord0;page304:tag10:entity58:key0000170C:ref74:ord0;page310:tag12:entity58:key0000170C:ref74:ord0;page316:tag10:entity58:key0000170C:ref74:ord0;page328:tag10:entity58:key0000170C:ref74:ord0;page334:tag13:entity58:key0000170C:ref74:ord0;page340:tag13:entity58:key0000170C:ref74:ord0,…北の部屋にいる,南西に行ってみるといい,南に行ってみるといい,,去西南边看看吧,,MATCH,33,21,APPROVED,READY,NOT_TESTED,JPN_PRIMARY; MLG_CN_CONTEXT_AUXILIARY,mechanical template; resource_class=SLOT_OLANG; source_objects=38; review_flag=WEB_TRANSLATED_PENDING_CODEX_CHECK
5D81443C,38,76,76;76;76;76;76;76;76;76;76;76;76;76;76;76;76;76;76;76;76;76;76;76;76;76;76;76;76;76;76;76;76;76;76;76;76;76;76;76,38,,page76:tag17:entity57:key000016A8:ref76:ord0;page82:tag8:entity57:key000016A8:ref76:ord0;page88:tag13:entity57:key000016A8:ref76:ord0;page94:tag13:entity57:key000016A8:ref76:ord0;page100:tag12:entity57:key000016A8:ref76:ord0;page106:tag11:entity57:key000016A8:ref76:ord0;page112:tag10:entity57:key000016A8:ref76:ord0;page118:tag12:entity57:key000016A8:ref76:ord0;page124:tag10:entity57:key000016A8:ref76:ord0;page130:tag12:entity57:key000016A8:ref76:ord0;page136:tag11:entity57:key000016A8:ref76:ord0;page142:tag11:entity57:key000016A8:ref76:ord0;page148:tag10:entity57:key000016A8:ref76:ord0;page154:tag11:entity57:key000016A8:ref76:ord0;page160:tag10:entity57:key000016A8:ref76:ord0;page166:tag10:entity57:key000016A8:ref76:ord0;page172:tag12:entity57:key000016A8:ref76:ord0;page178:tag10:entity57:key000016A8:ref76:ord0;page184:tag10:entity57:key000016A8:ref76:ord0;page202:tag10:entity57:key000016A8:ref76:ord0;page208:tag10:entity57:key000016A8:ref76:ord0;page214:tag11:entity57:key000016A8:ref76:ord0;page220:tag13:entity57:key000016A8:ref76:ord0;page226:tag10:entity57:key000016A8:ref76:ord0;page232:tag12:entity57:key000016A8:ref76:ord0;page244:tag10:entity57:key000016A8:ref76:ord0;page250:tag13:entity57:key000016A8:ref76:ord0;page268:tag10:entity57:key000016A8:ref76:ord0;page274:tag10:entity57:key000016A8:ref76:ord0;page280:tag11:entity57:key000016A8:ref76:ord0;page286:tag11:entity57:key000016A8:ref76:ord0;page298:tag12:entity57:key000016A8:ref76:ord0;page304:tag10:entity57:key000016A8:ref76:ord0;page310:tag12:entity57:key000016A8:ref76:ord0;page316:tag10:entity57:key000016A8:ref76:ord0;page328:tag10:entity57:key000016A8:ref76:ord0;page334:tag13:entity57:key000016A8:ref76:ord0;page340:tag13:entity57:key000016A8:ref76:ord0,南西に行ってみるといい,南に行ってみるといい,南東に行ってみるといい,,去南边看看吧,,MATCH,30,18,APPROVED,READY,NOT_TESTED,JPN_PRIMARY; MLG_CN_CONTEXT_AUXILIARY,mechanical template; resource_class=SLOT_OLANG; source_objects=38; review_flag=WEB_TRANSLATED_PENDING_CODEX_CHECK
5D81443C,39,78,78;78;78;78;78;78;78;78;78;78;78;78;78;78;78;78;78;78;78;78;78;78;78;78;78;78;78;78;78;78;78;78;78;78;78;78;78;78,38,,page76:tag17:entity56:key00001644:ref78:ord0;page82:tag8:entity56:key00001644:ref78:ord0;page88:tag13:entity56:key00001644:ref78:ord0;page94:tag13:entity56:key00001644:ref78:ord0;page100:tag12:entity56:key00001644:ref78:ord0;page106:tag11:entity56:key00001644:ref78:ord0;page112:tag10:entity56:key00001644:ref78:ord0;page118:tag12:entity56:key00001644:ref78:ord0;page124:tag10:entity56:key00001644:ref78:ord0;page130:tag12:entity56:key00001644:ref78:ord0;page136:tag11:entity56:key00001644:ref78:ord0;page142:tag11:entity56:key00001644:ref78:ord0;page148:tag10:entity56:key00001644:ref78:ord0;page154:tag11:entity56:key00001644:ref78:ord0;page160:tag10:entity56:key00001644:ref78:ord0;page166:tag10:entity56:key00001644:ref78:ord0;page172:tag12:entity56:key00001644:ref78:ord0;page178:tag10:entity56:key00001644:ref78:ord0;page184:tag10:entity56:key00001644:ref78:ord0;page202:tag10:entity56:key00001644:ref78:ord0;page208:tag10:entity56:key00001644:ref78:ord0;page214:tag11:entity56:key00001644:ref78:ord0;page220:tag13:entity56:key00001644:ref78:ord0;page226:tag10:entity56:key00001644:ref78:ord0;page232:tag12:entity56:key00001644:ref78:ord0;page244:tag10:entity56:key00001644:ref78:ord0;page250:tag13:entity56:key00001644:ref78:ord0;page268:tag10:entity56:key00001644:ref78:ord0;page274:tag10:entity56:key00001644:ref78:ord0;page280:tag11:entity56:key00001644:ref78:ord0;page286:tag11:entity56:key00001644:ref78:ord0;page298:tag12:entity56:key00001644:ref78:ord0;page304:tag10:entity56:key00001644:ref78:ord0;page310:tag12:entity56:key00001644:ref78:ord0;page316:tag10:entity56:key00001644:ref78:ord0;page328:tag10:entity56:key00001644:ref78:ord0;page334:tag13:entity56:key00001644:ref78:ord0;page340:tag13:entity56:key00001644:ref78:ord0,南に行ってみるといい,南東に行ってみるといい,東に行ってみるといい,,去东南边看看吧,,MATCH,33,21,APPROVED,READY,NOT_TESTED,JPN_PRIMARY; MLG_CN_CONTEXT_AUXILIARY,mechanical template; resource_class=SLOT_OLANG; source_objects=38; review_flag=WEB_TRANSLATED_PENDING_CODEX_CHECK
5D81443C,40,80,80;80;80;80;80;80;80;80;80;80;80;80;80;80;80;80;80;80;80;80;80;80;80;80;80;80;80;80;80;80;80;80;80;80;80;80;80;80,38,,page76:tag17:entity55:key000015E0:ref80:ord0;page82:tag8:entity55:key000015E0:ref80:ord0;page88:tag13:entity55:key000015E0:ref80:ord0;page94:tag13:entity55:key000015E0:ref80:ord0;page100:tag12:entity55:key000015E0:ref80:ord0;page106:tag11:entity55:key000015E0:ref80:ord0;page112:tag10:entity55:key000015E0:ref80:ord0;page118:tag12:entity55:key000015E0:ref80:ord0;page124:tag10:entity55:key000015E0:ref80:ord0;page130:tag12:entity55:key000015E0:ref80:ord0;page136:tag11:entity55:key000015E0:ref80:ord0;page142:tag11:entity55:key000015E0:ref80:ord0;page148:tag10:entity55:key000015E0:ref80:ord0;page154:tag11:entity55:key000015E0:ref80:ord0;page160:tag10:entity55:key000015E0:ref80:ord0;page166:tag10:entity55:key000015E0:ref80:ord0;page172:tag12:entity55:key000015E0:ref80:ord0;page178:tag10:entity55:key000015E0:ref80:ord0;page184:tag10:entity55:key000015E0:ref80:ord0;page202:tag10:entity55:key000015E0:ref80:ord0;page208:tag10:entity55:key000015E0:ref80:ord0;page214:tag11:entity55:key000015E0:ref80:ord0;page220:tag13:entity55:key000015E0:ref80:ord0;page226:tag10:entity55:key000015E0:ref80:ord0;page232:tag12:entity55:key000015E0:ref80:ord0;page244:tag10:entity55:key000015E0:ref80:ord0;page250:tag13:entity55:key000015E0:ref80:ord0;page268:tag10:entity55:key000015E0:ref80:ord0;page274:tag10:entity55:key000015E0:ref80:ord0;page280:tag11:entity55:key000015E0:ref80:ord0;page286:tag11:entity55:key000015E0:ref80:ord0;page298:tag12:entity55:key000015E0:ref80:ord0;page304:tag10:entity55:key000015E0:ref80:ord0;page310:tag12:entity55:key000015E0:ref80:ord0;page316:tag10:entity55:key000015E0:ref80:ord0;page328:tag10:entity55:key000015E0:ref80:ord0;page334:tag13:entity55:key000015E0:ref80:ord0;page340:tag13:entity55:key000015E0:ref80:ord0,南東に行ってみるといい,東に行ってみるといい,北東に行ってみるといい,,去东边看看吧,,MATCH,30,18,APPROVED,READY,NOT_TESTED,JPN_PRIMARY; MLG_CN_CONTEXT_AUXILIARY,mechanical template; resource_class=SLOT_OLANG; source_objects=38; review_flag=WEB_TRANSLATED_PENDING_CODEX_CHECK
5D81443C,41,82,82;82;82;82;82;82;82;82;82;82;82;82;82;82;82;82;82;82;82;82;82;82;82;82;82;82;82;82;82;82;82;82;82;82;82;82;82;82,38,,page76:tag17:entity54:key0000157C:ref82:ord0;page82:tag8:entity54:key0000157C:ref82:ord0;page88:tag13:entity54:key0000157C:ref82:ord0;page94:tag13:entity54:key0000157C:ref82:ord0;page100:tag12:entity54:key0000157C:ref82:ord0;page106:tag11:entity54:key0000157C:ref82:ord0;page112:tag10:entity54:key0000157C:ref82:ord0;page118:tag12:entity54:key0000157C:ref82:ord0;page124:tag10:entity54:key0000157C:ref82:ord0;page130:tag12:entity54:key0000157C:ref82:ord0;page136:tag11:entity54:key0000157C:ref82:ord0;page142:tag11:entity54:key0000157C:ref82:ord0;page148:tag10:entity54:key0000157C:ref82:ord0;page154:tag11:entity54:key0000157C:ref82:ord0;page160:tag10:entity54:key0000157C:ref82:ord0;page166:tag10:entity54:key0000157C:ref82:ord0;page172:tag12:entity54:key0000157C:ref82:ord0;page178:tag10:entity54:key0000157C:ref82:ord0;page184:tag10:entity54:key0000157C:ref82:ord0;page202:tag10:entity54:key0000157C:ref82:ord0;page208:tag10:entity54:key0000157C:ref82:ord0;page214:tag11:entity54:key0000157C:ref82:ord0;page220:tag13:entity54:key0000157C:ref82:ord0;page226:tag10:entity54:key0000157C:ref82:ord0;page232:tag12:entity54:key0000157C:ref82:ord0;page244:tag10:entity54:key0000157C:ref82:ord0;page250:tag13:entity54:key0000157C:ref82:ord0;page268:tag10:entity54:key0000157C:ref82:ord0;page274:tag10:entity54:key0000157C:ref82:ord0;page280:tag11:entity54:key0000157C:ref82:ord0;page286:tag11:entity54:key0000157C:ref82:ord0;page298:tag12:entity54:key0000157C:ref82:ord0;page304:tag10:entity54:key0000157C:ref82:ord0;page310:tag12:entity54:key0000157C:ref82:ord0;page316:tag10:entity54:key0000157C:ref82:ord0;page328:tag10:entity54:key0000157C:ref82:ord0;page334:tag13:entity54:key0000157C:ref82:ord0;page340:tag13:entity54:key0000157C:ref82:ord0,東に行ってみるといい,北東に行ってみるといい,北に行ってみるといい,,去东北边看看吧,,MATCH,33,21,APPROVED,READY,NOT_TESTED,JPN_PRIMARY; MLG_CN_CONTEXT_AUXILIARY,mechanical template; resource_class=SLOT_OLANG; source_objects=38; review_flag=WEB_TRANSLATED_PENDING_CODEX_CHECK
5D81443C,42,84,84;84;84;84;84;84;84;84;84;84;84;84;84;84;84;84;84;84;84;84;84;84;84;84;84;84;84;84;84;84;84;84;84;84;84;84;84;84,38,,page76:tag17:entity53:key00001518:ref84:ord0;page82:tag8:entity53:key00001518:ref84:ord0;page88:tag13:entity53:key00001518:ref84:ord0;page94:tag13:entity53:key00001518:ref84:ord0;page100:tag12:entity53:key00001518:ref84:ord0;page106:tag11:entity53:key00001518:ref84:ord0;page112:tag10:entity53:key00001518:ref84:ord0;page118:tag12:entity53:key00001518:ref84:ord0;page124:tag10:entity53:key00001518:ref84:ord0;page130:tag12:entity53:key00001518:ref84:ord0;page136:tag11:entity53:key00001518:ref84:ord0;page142:tag11:entity53:key00001518:ref84:ord0;page148:tag10:entity53:key00001518:ref84:ord0;page154:tag11:entity53:key00001518:ref84:ord0;page160:tag10:entity53:key00001518:ref84:ord0;page166:tag10:entity53:key00001518:ref84:ord0;page172:tag12:entity53:key00001518:ref84:ord0;page178:tag10:entity53:key00001518:ref84:ord0;page184:tag10:entity53:key00001518:ref84:ord0;page202:tag10:entity53:key00001518:ref84:ord0;page208:tag10:entity53:key00001518:ref84:ord0;page214:tag11:entity53:key00001518:ref84:ord0;page220:tag13:entity53:key00001518:ref84:ord0;page226:tag10:entity53:key00001518:ref84:ord0;page232:tag12:entity53:key00001518:ref84:ord0;page244:tag10:entity53:key00001518:ref84:ord0;page250:tag13:entity53:key00001518:ref84:ord0;page268:tag10:entity53:key00001518:ref84:ord0;page274:tag10:entity53:key00001518:ref84:ord0;page280:tag11:entity53:key00001518:ref84:ord0;page286:tag11:entity53:key00001518:ref84:ord0;page298:tag12:entity53:key00001518:ref84:ord0;page304:tag10:entity53:key00001518:ref84:ord0;page310:tag12:entity53:key00001518:ref84:ord0;page316:tag10:entity53:key00001518:ref84:ord0;page328:tag10:entity53:key00001518:ref84:ord0;page334:tag13:entity53:key00001518:ref84:ord0;page340:tag13:entity53:key00001518:ref84:ord0,北東に行ってみるといい,北に行ってみるといい,…平凡だ！,,去北边看看吧,,MATCH,30,18,APPROVED,READY,NOT_TESTED,JPN_PRIMARY; MLG_CN_CONTEXT_AUXILIARY,mechanical template; resource_class=SLOT_OLANG; source_objects=38; review_flag=WEB_TRANSLATED_PENDING_CODEX_CHECK
5D81443C,43,86,86;86;86;86;86;86;86;86;86;86;86;86;86;86;86;86;86;86;86;86;86;86;86;86;86;86;86;86;86;86;86;86;86;86;86;86;86;86,38,,page76:tag17:entity52:key000014B4:ref86:ord0;page82:tag8:entity52:key000014B4:ref86:ord0;page88:tag13:entity52:key000014B4:ref86:ord0;page94:tag13:entity52:key000014B4:ref86:ord0;page100:tag12:entity52:key000014B4:ref86:ord0;page106:tag11:entity52:key000014B4:ref86:ord0;page112:tag10:entity52:key000014B4:ref86:ord0;page118:tag12:entity52:key000014B4:ref86:ord0;page124:tag10:entity52:key000014B4:ref86:ord0;page130:tag12:entity52:key000014B4:ref86:ord0;page136:tag11:entity52:key000014B4:ref86:ord0;page142:tag11:entity52:key000014B4:ref86:ord0;page148:tag10:entity52:key000014B4:ref86:ord0;page154:tag11:entity52:key000014B4:ref86:ord0;page160:tag10:entity52:key000014B4:ref86:ord0;page166:tag10:entity52:key000014B4:ref86:ord0;page172:tag12:entity52:key000014B4:ref86:ord0;page178:tag10:entity52:key000014B4:ref86:ord0;page184:tag10:entity52:key000014B4:ref86:ord0;page202:tag10:entity52:key000014B4:ref86:ord0;page208:tag10:entity52:key000014B4:ref86:ord0;page214:tag11:entity52:key000014B4:ref86:ord0;page220:tag13:entity52:key000014B4:ref86:ord0;page226:tag10:entity52:key000014B4:ref86:ord0;page232:tag12:entity52:key000014B4:ref86:ord0;page244:tag10:entity52:key000014B4:ref86:ord0;page250:tag13:entity52:key000014B4:ref86:ord0;page268:tag10:entity52:key000014B4:ref86:ord0;page274:tag10:entity52:key000014B4:ref86:ord0;page280:tag11:entity52:key000014B4:ref86:ord0;page286:tag11:entity52:key000014B4:ref86:ord0;page298:tag12:entity52:key000014B4:ref86:ord0;page304:tag10:entity52:key000014B4:ref86:ord0;page310:tag12:entity52:key000014B4:ref86:ord0;page316:tag10:entity52:key000014B4:ref86:ord0;page328:tag10:entity52:key000014B4:ref86:ord0;page334:tag13:entity52:key000014B4:ref86:ord0;page340:tag13:entity52:key000014B4:ref86:ord0,北に行ってみるといい,…平凡だ！,…特別だ！,,…很平庸！,,MATCH,15,15,APPROVED,READY,NOT_TESTED,JPN_PRIMARY; MLG_CN_CONTEXT_AUXILIARY,mechanical template; resource_class=SLOT_OLANG; source_objects=38; review_flag=WEB_TRANSLATED_PENDING_CODEX_CHECK
5D81443C,44,88,88;88;88;88;88;88;88;88;88;88;88;88;88;88;88;88;88;88;88;88;88;88;88;88;88;88;88;88;88;88;88;88;88;88;88;88;88;88,38,,page76:tag17:entity51:key00001450:ref88:ord0;page82:tag8:entity51:key00001450:ref88:ord0;page88:tag13:entity51:key00001450:ref88:ord0;page94:tag13:entity51:key00001450:ref88:ord0;page100:tag12:entity51:key00001450:ref88:ord0;page106:tag11:entity51:key00001450:ref88:ord0;page112:tag10:entity51:key00001450:ref88:ord0;page118:tag12:entity51:key00001450:ref88:ord0;page124:tag10:entity51:key00001450:ref88:ord0;page130:tag12:entity51:key00001450:ref88:ord0;page136:tag11:entity51:key00001450:ref88:ord0;page142:tag11:entity51:key00001450:ref88:ord0;page148:tag10:entity51:key00001450:ref88:ord0;page154:tag11:entity51:key00001450:ref88:ord0;page160:tag10:entity51:key00001450:ref88:ord0;page166:tag10:entity51:key00001450:ref88:ord0;page172:tag12:entity51:key00001450:ref88:ord0;page178:tag10:entity51:key00001450:ref88:ord0;page184:tag10:entity51:key00001450:ref88:ord0;page202:tag10:entity51:key00001450:ref88:ord0;page208:tag10:entity51:key00001450:ref88:ord0;page214:tag11:entity51:key00001450:ref88:ord0;page220:tag13:entity51:key00001450:ref88:ord0;page226:tag10:entity51:key00001450:ref88:ord0;page232:tag12:entity51:key00001450:ref88:ord0;page244:tag10:entity51:key00001450:ref88:ord0;page250:tag13:entity51:key00001450:ref88:ord0;page268:tag10:entity51:key00001450:ref88:ord0;page274:tag10:entity51:key00001450:ref88:ord0;page280:tag11:entity51:key00001450:ref88:ord0;page286:tag11:entity51:key00001450:ref88:ord0;page298:tag12:entity51:key00001450:ref88:ord0;page304:tag10:entity51:key00001450:ref88:ord0;page310:tag12:entity51:key00001450:ref88:ord0;page316:tag10:entity51:key00001450:ref88:ord0;page328:tag10:entity51:key00001450:ref88:ord0;page334:tag13:entity51:key00001450:ref88:ord0;page340:tag13:entity51:key00001450:ref88:ord0,…平凡だ！,…特別だ！,俺の仲間は…,,…很特别！,,MATCH,15,15,APPROVED,READY,NOT_TESTED,JPN_PRIMARY; MLG_CN_CONTEXT_AUXILIARY,mechanical template; resource_class=SLOT_OLANG; source_objects=38; review_flag=WEB_TRANSLATED_PENDING_CODEX_CHECK
5D81443C,45,90,90;90;90;90;90;90;90;90;90;90;90;90;90;90;90;90;90;90;90;90;90;90;90;90;90;90;90;90;90;90;90;90;90;90;90;90;90;90,38,,page76:tag17:entity50:key000013EC:ref90:ord0;page82:tag8:entity50:key000013EC:ref90:ord0;page88:tag13:entity50:key000013EC:ref90:ord0;page94:tag13:entity50:key000013EC:ref90:ord0;page100:tag12:entity50:key000013EC:ref90:ord0;page106:tag11:entity50:key000013EC:ref90:ord0;page112:tag10:entity50:key000013EC:ref90:ord0;page118:tag12:entity50:key000013EC:ref90:ord0;page124:tag10:entity50:key000013EC:ref90:ord0;page130:tag12:entity50:key000013EC:ref90:ord0;page136:tag11:entity50:key000013EC:ref90:ord0;page142:tag11:entity50:key000013EC:ref90:ord0;page148:tag10:entity50:key000013EC:ref90:ord0;page154:tag11:entity50:key000013EC:ref90:ord0;page160:tag10:entity50:key000013EC:ref90:ord0;page166:tag10:entity50:key000013EC:ref90:ord0;page172:tag12:entity50:key000013EC:ref90:ord0;page178:tag10:entity50:key000013EC:ref90:ord0;page184:tag10:entity50:key000013EC:ref90:ord0;page202:tag10:entity50:key000013EC:ref90:ord0;page208:tag10:entity50:key000013EC:ref90:ord0;page214:tag11:entity50:key000013EC:ref90:ord0;page220:tag13:entity50:key000013EC:ref90:ord0;page226:tag10:entity50:key000013EC:ref90:ord0;page232:tag12:entity50:key000013EC:ref90:ord0;page244:tag10:entity50:key000013EC:ref90:ord0;page250:tag13:entity50:key000013EC:ref90:ord0;page268:tag10:entity50:key000013EC:ref90:ord0;page274:tag10:entity50:key000013EC:ref90:ord0;page280:tag11:entity50:key000013EC:ref90:ord0;page286:tag11:entity50:key000013EC:ref90:ord0;page298:tag12:entity50:key000013EC:ref90:ord0;page304:tag10:entity50:key000013EC:ref90:ord0;page310:tag12:entity50:key000013EC:ref90:ord0;page316:tag10:entity50:key000013EC:ref90:ord0;page328:tag10:entity50:key000013EC:ref90:ord0;page334:tag13:entity50:key000013EC:ref90:ord0;page340:tag13:entity50:key000013EC:ref90:ord0,…特別だ！,俺の仲間は…,け…警備情報を教える…,,我的同伴们…,,MATCH,18,18,APPROVED,READY,NOT_TESTED,JPN_PRIMARY; MLG_CN_CONTEXT_AUXILIARY,mechanical template; resource_class=SLOT_OLANG; source_objects=38; review_flag=WEB_TRANSLATED_PENDING_CODEX_CHECK
5D81443C,46,92,92;92;92;92;92;92;92;92;92;92;92;92;92;92;92;92;92;92;92;92;92;92;92;92;92;92;92;92;92;92;92;92;92;92;92;92;92;92,38,,page76:tag17:entity49:key00001388:ref92:ord0;page82:tag8:entity49:key00001388:ref92:ord0;page88:tag13:entity49:key00001388:ref92:ord0;page94:tag13:entity49:key00001388:ref92:ord0;page100:tag12:entity49:key00001388:ref92:ord0;page106:tag11:entity49:key00001388:ref92:ord0;page112:tag10:entity49:key00001388:ref92:ord0;page118:tag12:entity49:key00001388:ref92:ord0;page124:tag10:entity49:key00001388:ref92:ord0;page130:tag12:entity49:key00001388:ref92:ord0;page136:tag11:entity49:key00001388:ref92:ord0;page142:tag11:entity49:key00001388:ref92:ord0;page148:tag10:entity49:key00001388:ref92:ord0;page154:tag11:entity49:key00001388:ref92:ord0;page160:tag10:entity49:key00001388:ref92:ord0;page166:tag10:entity49:key00001388:ref92:ord0;page172:tag12:entity49:key00001388:ref92:ord0;page178:tag10:entity49:key00001388:ref92:ord0;page184:tag10:entity49:key00001388:ref92:ord0;page202:tag10:entity49:key00001388:ref92:ord0;page208:tag10:entity49:key00001388:ref92:ord0;page214:tag11:entity49:key00001388:ref92:ord0;page220:tag13:entity49:key00001388:ref92:ord0;page226:tag10:entity49:key00001388:ref92:ord0;page232:tag12:entity49:key00001388:ref92:ord0;page244:tag10:entity49:key00001388:ref92:ord0;page250:tag13:entity49:key00001388:ref92:ord0;page268:tag10:entity49:key00001388:ref92:ord0;page274:tag10:entity49:key00001388:ref92:ord0;page280:tag11:entity49:key00001388:ref92:ord0;page286:tag11:entity49:key00001388:ref92:ord0;page298:tag12:entity49:key00001388:ref92:ord0;page304:tag10:entity49:key00001388:ref92:ord0;page310:tag12:entity49:key00001388:ref92:ord0;page316:tag10:entity49:key00001388:ref92:ord0;page328:tag10:entity49:key00001388:ref92:ord0;page334:tag13:entity49:key00001388:ref92:ord0;page340:tag13:entity49:key00001388:ref92:ord0,俺の仲間は…,け…警備情報を教える…,捕虜は…,,我、我告诉你警备情报…,,MATCH,33,33,APPROVED,READY,NOT_TESTED,JPN_PRIMARY; MLG_CN_CONTEXT_AUXILIARY,mechanical template; resource_class=SLOT_OLANG; source_objects=38; review_flag=WEB_TRANSLATED_PENDING_CODEX_CHECK
5D81443C,47,94,94;94;94;94;94;94;94;94;94;94;94;94;94;94;94;94;94;94;94;94;94;94;94;94;94;94;94;94;94;94;94;94;94;94;94;94;94;94,38,,page76:tag17:entity4:key000001F4:ref94:ord0;page82:tag8:entity4:key000001F4:ref94:ord0;page88:tag13:entity4:key000001F4:ref94:ord0;page94:tag13:entity4:key000001F4:ref94:ord0;page100:tag12:entity4:key000001F4:ref94:ord0;page106:tag11:entity4:key000001F4:ref94:ord0;page112:tag10:entity4:key000001F4:ref94:ord0;page118:tag12:entity4:key000001F4:ref94:ord0;page124:tag10:entity4:key000001F4:ref94:ord0;page130:tag12:entity4:key000001F4:ref94:ord0;page136:tag11:entity4:key000001F4:ref94:ord0;page142:tag11:entity4:key000001F4:ref94:ord0;page148:tag10:entity4:key000001F4:ref94:ord0;page154:tag11:entity4:key000001F4:ref94:ord0;page160:tag10:entity4:key000001F4:ref94:ord0;page166:tag10:entity4:key000001F4:ref94:ord0;page172:tag12:entity4:key000001F4:ref94:ord0;page178:tag10:entity4:key000001F4:ref94:ord0;page184:tag10:entity4:key000001F4:ref94:ord0;page202:tag10:entity4:key000001F4:ref94:ord0;page208:tag10:entity4:key000001F4:ref94:ord0;page214:tag11:entity4:key000001F4:ref94:ord0;page220:tag13:entity4:key000001F4:ref94:ord0;page226:tag10:entity4:key000001F4:ref94:ord0;page232:tag12:entity4:key000001F4:ref94:ord0;page244:tag10:entity4:key000001F4:ref94:ord0;page250:tag13:entity4:key000001F4:ref94:ord0;page268:tag10:entity4:key000001F4:ref94:ord0;page274:tag10:entity4:key000001F4:ref94:ord0;page280:tag11:entity4:key000001F4:ref94:ord0;page286:tag11:entity4:key000001F4:ref94:ord0;page298:tag12:entity4:key000001F4:ref94:ord0;page304:tag10:entity4:key000001F4:ref94:ord0;page310:tag12:entity4:key000001F4:ref94:ord0;page316:tag10:entity4:key000001F4:ref94:ord0;page328:tag10:entity4:key000001F4:ref94:ord0;page334:tag13:entity4:key000001F4:ref94:ord0;page340:tag13:entity4:key000001F4:ref94:ord0,け…警備情報を教える…,捕虜は…,ア…アイテムの位置を教える…,,俘虏在…,,MATCH,12,12,APPROVED,READY,NOT_TESTED,JPN_PRIMARY; MLG_CN_CONTEXT_AUXILIARY,mechanical template; resource_class=SLOT_OLANG; source_objects=38; review_flag=WEB_TRANSLATED_PENDING_CODEX_CHECK
5D81443C,48,96,96;96;96;96;96;96;96;96;96;96;96;96;96;96;96;96;96;96;96;96;96;96;96;96;96;96;96;96;96;96;96;96;96;96;96;96;96;96,38,,page76:tag17:entity48:key00001324:ref96:ord0;page82:tag8:entity48:key00001324:ref96:ord0;page88:tag13:entity48:key00001324:ref96:ord0;page94:tag13:entity48:key00001324:ref96:ord0;page100:tag12:entity48:key00001324:ref96:ord0;page106:tag11:entity48:key00001324:ref96:ord0;page112:tag10:entity48:key00001324:ref96:ord0;page118:tag12:entity48:key00001324:ref96:ord0;page124:tag10:entity48:key00001324:ref96:ord0;page130:tag12:entity48:key00001324:ref96:ord0;page136:tag11:entity48:key00001324:ref96:ord0;page142:tag11:entity48:key00001324:ref96:ord0;page148:tag10:entity48:key00001324:ref96:ord0;page154:tag11:entity48:key00001324:ref96:ord0;page160:tag10:entity48:key00001324:ref96:ord0;page166:tag10:entity48:key00001324:ref96:ord0;page172:tag12:entity48:key00001324:ref96:ord0;page178:tag10:entity48:key00001324:ref96:ord0;page184:tag10:entity48:key00001324:ref96:ord0;page202:tag10:entity48:key00001324:ref96:ord0;page208:tag10:entity48:key00001324:ref96:ord0;page214:tag11:entity48:key00001324:ref96:ord0;page220:tag13:entity48:key00001324:ref96:ord0;page226:tag10:entity48:key00001324:ref96:ord0;page232:tag12:entity48:key00001324:ref96:ord0;page244:tag10:entity48:key00001324:ref96:ord0;page250:tag13:entity48:key00001324:ref96:ord0;page268:tag10:entity48:key00001324:ref96:ord0;page274:tag10:entity48:key00001324:ref96:ord0;page280:tag11:entity48:key00001324:ref96:ord0;page286:tag11:entity48:key00001324:ref96:ord0;page298:tag12:entity48:key00001324:ref96:ord0;page304:tag10:entity48:key00001324:ref96:ord0;page310:tag12:entity48:key00001324:ref96:ord0;page316:tag10:entity48:key00001324:ref96:ord0;page328:tag10:entity48:key00001324:ref96:ord0;page334:tag13:entity48:key00001324:ref96:ord0;page340:tag13:entity48:key00001324:ref96:ord0,捕虜は…,ア…アイテムの位置を教える…,あ…アレを奪いに来たのか！,,我、我告诉你道具的位置…,,MATCH,42,36,APPROVED,READY,NOT_TESTED,JPN_PRIMARY; MLG_CN_CONTEXT_AUXILIARY,mechanical template; resource_class=SLOT_OLANG; source_objects=38; review_flag=WEB_TRANSLATED_PENDING_CODEX_CHECK
5D81443C,49,98,98;98;98;98;98;98;98;98;98;98;98;98;98;98;98;98;98;98;98;98;98;98;98;98;98;98;98;98;98;98;98;98;98;98;98;98;98;98,38,,page76:tag17:entity47:key000012C0:ref98:ord0;page82:tag8:entity47:key000012C0:ref98:ord0;page88:tag13:entity47:key000012C0:ref98:ord0;page94:tag13:entity47:key000012C0:ref98:ord0;page100:tag12:entity47:key000012C0:ref98:ord0;page106:tag11:entity47:key000012C0:ref98:ord0;page112:tag10:entity47:key000012C0:ref98:ord0;page118:tag12:entity47:key000012C0:ref98:ord0;page124:tag10:entity47:key000012C0:ref98:ord0;page130:tag12:entity47:key000012C0:ref98:ord0;page136:tag11:entity47:key000012C0:ref98:ord0;page142:tag11:entity47:key000012C0:ref98:ord0;page148:tag10:entity47:key000012C0:ref98:ord0;page154:tag11:entity47:key000012C0:ref98:ord0;page160:tag10:entity47:key000012C0:ref98:ord0;page166:tag10:entity47:key000012C0:ref98:ord0;page172:tag12:entity47:key000012C0:ref98:ord0;page178:tag10:entity47:key000012C0:ref98:ord0;page184:tag10:entity47:key000012C0:ref98:ord0;page202:tag10:entity47:key000012C0:ref98:ord0;page208:tag10:entity47:key000012C0:ref98:ord0;page214:tag11:entity47:key000012C0:ref98:ord0;page220:tag13:entity47:key000012C0:ref98:ord0;page226:tag10:entity47:key000012C0:ref98:ord0;page232:tag12:entity47:key000012C0:ref98:ord0;page244:tag10:entity47:key000012C0:ref98:ord0;page250:tag13:entity47:key000012C0:ref98:ord0;page268:tag10:entity47:key000012C0:ref98:ord0;page274:tag10:entity47:key000012C0:ref98:ord0;page280:tag11:entity47:key000012C0:ref98:ord0;page286:tag11:entity47:key000012C0:ref98:ord0;page298:tag12:entity47:key000012C0:ref98:ord0;page304:tag10:entity47:key000012C0:ref98:ord0;page310:tag12:entity47:key000012C0:ref98:ord0;page316:tag10:entity47:key000012C0:ref98:ord0;page328:tag10:entity47:key000012C0:ref98:ord0;page334:tag13:entity47:key000012C0:ref98:ord0;page340:tag13:entity47:key000012C0:ref98:ord0,ア…アイテムの位置を教える…,あ…アレを奪いに来たのか！,ほ…捕虜の位置を教える…,,你、你是来抢那个的吗！,,MATCH,39,33,APPROVED,READY,NOT_TESTED,JPN_PRIMARY; MLG_CN_CONTEXT_AUXILIARY,mechanical template; resource_class=SLOT_OLANG; source_objects=38; review_flag=WEB_TRANSLATED_PENDING_CODEX_CHECK
5D81443C,50,100,100;100;100;100;100;100;100;100;100;100;100;100;100;100;100;100;100;100;100;100;100;100;100;100;100;100;100;100;100;100;100;100;100;100;100;100;100;100,38,,page76:tag17:entity46:key0000125C:ref100:ord0;page82:tag8:entity46:key0000125C:ref100:ord0;page88:tag13:entity46:key0000125C:ref100:ord0;page94:tag13:entity46:key0000125C:ref100:ord0;page100:tag12:entity46:key0000125C:ref100:ord0;page106:tag11:entity46:key0000125C:ref100:ord0;page112:tag10:entity46:key0000125C:ref100:ord0;page118:tag12:entity46:key0000125C:ref100:ord0;page124:tag10:entity46:key0000125C:ref100:ord0;page130:tag12:entity46:key0000125C:ref100:ord0;page136:tag11:entity46:key0000125C:ref100:ord0;page142:tag11:entity46:key0000125C:ref100:ord0;page148:tag10:entity46:key0000125C:ref100:ord0;page154:tag11:entity46:key0000125C:ref100:ord0;page160:tag10:entity46:key0000125C:ref100:ord0;page166:tag10:entity46:key0000125C:ref100:ord0;page172:tag12:entity46:key0000125C:ref100:ord0;page178:tag10:entity46:key0000125C:ref100:ord0;page184:tag10:entity46:key0000125C:ref100:ord0;page202:tag10:entity46:key0000125C:ref100:ord0;page208:tag10:entity46:key0000125C:ref100:ord0;page214:tag11:entity46:key0000125C:ref100:ord0;page220:tag13:entity46:key0000125C:ref100:ord0;page226:tag10:entity46:key0000125C:ref100:ord0;page232:tag12:entity46:key0000125C:ref100:ord0;page244:tag10:entity46:key0000125C:ref100:ord0;page250:tag13:entity46:key0000125C:ref100:ord0;page268:tag10:entity46:key0000125C:ref100:ord0;page274:tag10:entity46:key0000125C:ref100:ord0;page280:tag11:entity46:key0000125C:ref100:ord0;page286:tag11:entity46:key0000125C:ref100:ord0;page298:tag12:entity46:key0000125C:ref100:ord0;page304:tag10:entity46:key0000125C:ref100:ord0;page310:tag12:entity46:key0000125C:ref100:ord0;page316:tag10:entity46:key0000125C:ref100:ord0;page328:tag10:entity46:key0000125C:ref100:ord0;page334:tag13:entity46:key0000125C:ref100:ord0;page340:tag13:entity46:key0000125C:ref100:ord0,あ…アレを奪いに来たのか！,ほ…捕虜の位置を教える…,ほ…捕虜を助けに来たのか！？,,我、我告诉你俘虏的位置…,,MATCH,36,36,APPROVED,READY,NOT_TESTED,JPN_PRIMARY; MLG_CN_CONTEXT_AUXILIARY,mechanical template; resource_class=SLOT_OLANG; source_objects=38; review_flag=WEB_TRANSLATED_PENDING_CODEX_CHECK
5D81443C,51,102,102;102;102;102;102;102;102;102;102;102;102;102;102;102;102;102;102;102;102;102;102;102;102;102;102;102;102;102;102;102;102;102;102;102;102;102;102;102,38,,page76:tag17:entity45:key000011F8:ref102:ord0;page82:tag8:entity45:key000011F8:ref102:ord0;page88:tag13:entity45:key000011F8:ref102:ord0;page94:tag13:entity45:key000011F8:ref102:ord0;page100:tag12:entity45:key000011F8:ref102:ord0;page106:tag11:entity45:key000011F8:ref102:ord0;page112:tag10:entity45:key000011F8:ref102:ord0;page118:tag12:entity45:key000011F8:ref102:ord0;page124:tag10:entity45:key000011F8:ref102:ord0;page130:tag12:entity45:key000011F8:ref102:ord0;page136:tag11:entity45:key000011F8:ref102:ord0;page142:tag11:entity45:key000011F8:ref102:ord0;page148:tag10:entity45:key000011F8:ref102:ord0;page154:tag11:entity45:key000011F8:ref102:ord0;page160:tag10:entity45:key000011F8:ref102:ord0;page166:tag10:entity45:key000011F8:ref102:ord0;page172:tag12:entity45:key000011F8:ref102:ord0;page178:tag10:entity45:key000011F8:ref102:ord0;page184:tag10:entity45:key000011F8:ref102:ord0;page202:tag10:entity45:key000011F8:ref102:ord0;page208:tag10:entity45:key000011F8:ref102:ord0;page214:tag11:entity45:key000011F8:ref102:ord0;page220:tag13:entity45:key000011F8:ref102:ord0;page226:tag10:entity45:key000011F8:ref102:ord0;page232:tag12:entity45:key000011F8:ref102:ord0;page244:tag10:entity45:key000011F8:ref102:ord0;page250:tag13:entity45:key000011F8:ref102:ord0;page268:tag10:entity45:key000011F8:ref102:ord0;page274:tag10:entity45:key000011F8:ref102:ord0;page280:tag11:entity45:key000011F8:ref102:ord0;page286:tag11:entity45:key000011F8:ref102:ord0;page298:tag12:entity45:key000011F8:ref102:ord0;page304:tag10:entity45:key000011F8:ref102:ord0;page310:tag12:entity45:key000011F8:ref102:ord0;page316:tag10:entity45:key000011F8:ref102:ord0;page328:tag10:entity45:key000011F8:ref102:ord0;page334:tag13:entity45:key000011F8:ref102:ord0;page340:tag13:entity45:key000011F8:ref102:ord0,ほ…捕虜の位置を教える…,ほ…捕虜を助けに来たのか！？,…ここにはないぞ！,,你、你是来救俘虏的吗！？,,MATCH,42,36,APPROVED,READY,NOT_TESTED,JPN_PRIMARY; MLG_CN_CONTEXT_AUXILIARY,mechanical template; resource_class=SLOT_OLANG; source_objects=38; review_flag=WEB_TRANSLATED_PENDING_CODEX_CHECK
5D81443C,52,104,104;104;104;104;104;104;104;104;104;104;104;104;104;104;104;104;104;104;104;104;104;104;104;104;104;104;104;104;104;104;104;104;104;104;104;104;104;104,38,,page76:tag17:entity44:key00001194:ref104:ord0;page82:tag8:entity44:key00001194:ref104:ord0;page88:tag13:entity44:key00001194:ref104:ord0;page94:tag13:entity44:key00001194:ref104:ord0;page100:tag12:entity44:key00001194:ref104:ord0;page106:tag11:entity44:key00001194:ref104:ord0;page112:tag10:entity44:key00001194:ref104:ord0;page118:tag12:entity44:key00001194:ref104:ord0;page124:tag10:entity44:key00001194:ref104:ord0;page130:tag12:entity44:key00001194:ref104:ord0;page136:tag11:entity44:key00001194:ref104:ord0;page142:tag11:entity44:key00001194:ref104:ord0;page148:tag10:entity44:key00001194:ref104:ord0;page154:tag11:entity44:key00001194:ref104:ord0;page160:tag10:entity44:key00001194:ref104:ord0;page166:tag10:entity44:key00001194:ref104:ord0;page172:tag12:entity44:key00001194:ref104:ord0;page178:tag10:entity44:key00001194:ref104:ord0;page184:tag10:entity44:key00001194:ref104:ord0;page202:tag10:entity44:key00001194:ref104:ord0;page208:tag10:entity44:key00001194:ref104:ord0;page214:tag11:entity44:key00001194:ref104:ord0;page220:tag13:entity44:key00001194:ref104:ord0;page226:tag10:entity44:key00001194:ref104:ord0;page232:tag12:entity44:key00001194:ref104:ord0;page244:tag10:entity44:key00001194:ref104:ord0;page250:tag13:entity44:key00001194:ref104:ord0;page268:tag10:entity44:key00001194:ref104:ord0;page274:tag10:entity44:key00001194:ref104:ord0;page280:tag11:entity44:key00001194:ref104:ord0;page286:tag11:entity44:key00001194:ref104:ord0;page298:tag12:entity44:key00001194:ref104:ord0;page304:tag10:entity44:key00001194:ref104:ord0;page310:tag12:entity44:key00001194:ref104:ord0;page316:tag10:entity44:key00001194:ref104:ord0;page328:tag10:entity44:key00001194:ref104:ord0;page334:tag13:entity44:key00001194:ref104:ord0;page340:tag13:entity44:key00001194:ref104:ord0,ほ…捕虜を助けに来たのか！？,…ここにはないぞ！,…ここにはいない！,,…这里没有！,,MATCH,27,18,APPROVED,READY,NOT_TESTED,JPN_PRIMARY; MLG_CN_CONTEXT_AUXILIARY,mechanical template; resource_class=SLOT_OLANG; source_objects=38; review_flag=WEB_TRANSLATED_PENDING_CODEX_CHECK
5D81443C,53,106,106;106;106;106;106;106;106;106;106;106;106;106;106;106;106;106;106;106;106;106;106;106;106;106;106;106;106;106;106;106;106;106;106;106;106;106;106;106,38,,page76:tag17:entity43:key00001130:ref106:ord0;page82:tag8:entity43:key00001130:ref106:ord0;page88:tag13:entity43:key00001130:ref106:ord0;page94:tag13:entity43:key00001130:ref106:ord0;page100:tag12:entity43:key00001130:ref106:ord0;page106:tag11:entity43:key00001130:ref106:ord0;page112:tag10:entity43:key00001130:ref106:ord0;page118:tag12:entity43:key00001130:ref106:ord0;page124:tag10:entity43:key00001130:ref106:ord0;page130:tag12:entity43:key00001130:ref106:ord0;page136:tag11:entity43:key00001130:ref106:ord0;page142:tag11:entity43:key00001130:ref106:ord0;page148:tag10:entity43:key00001130:ref106:ord0;page154:tag11:entity43:key00001130:ref106:ord0;page160:tag10:entity43:key00001130:ref106:ord0;page166:tag10:entity43:key00001130:ref106:ord0;page172:tag12:entity43:key00001130:ref106:ord0;page178:tag10:entity43:key00001130:ref106:ord0;page184:tag10:entity43:key00001130:ref106:ord0;page202:tag10:entity43:key00001130:ref106:ord0;page208:tag10:entity43:key00001130:ref106:ord0;page214:tag11:entity43:key00001130:ref106:ord0;page220:tag13:entity43:key00001130:ref106:ord0;page226:tag10:entity43:key00001130:ref106:ord0;page232:tag12:entity43:key00001130:ref106:ord0;page244:tag10:entity43:key00001130:ref106:ord0;page250:tag13:entity43:key00001130:ref106:ord0;page268:tag10:entity43:key00001130:ref106:ord0;page274:tag10:entity43:key00001130:ref106:ord0;page280:tag11:entity43:key00001130:ref106:ord0;page286:tag11:entity43:key00001130:ref106:ord0;page298:tag12:entity43:key00001130:ref106:ord0;page304:tag10:entity43:key00001130:ref106:ord0;page310:tag12:entity43:key00001130:ref106:ord0;page316:tag10:entity43:key00001130:ref106:ord0;page328:tag10:entity43:key00001130:ref106:ord0;page334:tag13:entity43:key00001130:ref106:ord0;page340:tag13:entity43:key00001130:ref106:ord0,…ここにはないぞ！,…ここにはいない！,…下だ,,…不在这里！,,MATCH,27,18,APPROVED,READY,NOT_TESTED,JPN_PRIMARY; MLG_CN_CONTEXT_AUXILIARY,mechanical template; resource_class=SLOT_OLANG; source_objects=38; review_flag=WEB_TRANSLATED_PENDING_CODEX_CHECK
5D81443C,54,108,108;108;108;108;108;108;108;108;108;108;108;108;108;108;108;108;108;108;108;108;108;108;108;108;108;108;108;108;108;108;108;108;108;108;108;108;108;108,38,,page76:tag17:entity42:key000010CC:ref108:ord0;page82:tag8:entity42:key000010CC:ref108:ord0;page88:tag13:entity42:key000010CC:ref108:ord0;page94:tag13:entity42:key000010CC:ref108:ord0;page100:tag12:entity42:key000010CC:ref108:ord0;page106:tag11:entity42:key000010CC:ref108:ord0;page112:tag10:entity42:key000010CC:ref108:ord0;page118:tag12:entity42:key000010CC:ref108:ord0;page124:tag10:entity42:key000010CC:ref108:ord0;page130:tag12:entity42:key000010CC:ref108:ord0;page136:tag11:entity42:key000010CC:ref108:ord0;page142:tag11:entity42:key000010CC:ref108:ord0;page148:tag10:entity42:key000010CC:ref108:ord0;page154:tag11:entity42:key000010CC:ref108:ord0;page160:tag10:entity42:key000010CC:ref108:ord0;page166:tag10:entity42:key000010CC:ref108:ord0;page172:tag12:entity42:key000010CC:ref108:ord0;page178:tag10:entity42:key000010CC:ref108:ord0;page184:tag10:entity42:key000010CC:ref108:ord0;page202:tag10:entity42:key000010CC:ref108:ord0;page208:tag10:entity42:key000010CC:ref108:ord0;page214:tag11:entity42:key000010CC:ref108:ord0;page220:tag13:entity42:key000010CC:ref108:ord0;page226:tag10:entity42:key000010CC:ref108:ord0;page232:tag12:entity42:key000010CC:ref108:ord0;page244:tag10:entity42:key000010CC:ref108:ord0;page250:tag13:entity42:key000010CC:ref108:ord0;page268:tag10:entity42:key000010CC:ref108:ord0;page274:tag10:entity42:key000010CC:ref108:ord0;page280:tag11:entity42:key000010CC:ref108:ord0;page286:tag11:entity42:key000010CC:ref108:ord0;page298:tag12:entity42:key000010CC:ref108:ord0;page304:tag10:entity42:key000010CC:ref108:ord0;page310:tag12:entity42:key000010CC:ref108:ord0;page316:tag10:entity42:key000010CC:ref108:ord0;page328:tag10:entity42:key000010CC:ref108:ord0;page334:tag13:entity42:key000010CC:ref108:ord0;page340:tag13:entity42:key000010CC:ref108:ord0,…ここにはいない！,…下だ,…上だ,,…在下面,,MATCH,9,12,APPROVED,READY,NOT_TESTED,JPN_PRIMARY; MLG_CN_CONTEXT_AUXILIARY,mechanical template; resource_class=SLOT_OLANG; source_objects=38; review_flag=WEB_TRANSLATED_PENDING_CODEX_CHECK
5D81443C,55,110,110;110;110;110;110;110;110;110;110;110;110;110;110;110;110;110;110;110;110;110;110;110;110;110;110;110;110;110;110;110;110;110;110;110;110;110;110;110,38,,page76:tag17:entity41:key00001068:ref110:ord0;page82:tag8:entity41:key00001068:ref110:ord0;page88:tag13:entity41:key00001068:ref110:ord0;page94:tag13:entity41:key00001068:ref110:ord0;page100:tag12:entity41:key00001068:ref110:ord0;page106:tag11:entity41:key00001068:ref110:ord0;page112:tag10:entity41:key00001068:ref110:ord0;page118:tag12:entity41:key00001068:ref110:ord0;page124:tag10:entity41:key00001068:ref110:ord0;page130:tag12:entity41:key00001068:ref110:ord0;page136:tag11:entity41:key00001068:ref110:ord0;page142:tag11:entity41:key00001068:ref110:ord0;page148:tag10:entity41:key00001068:ref110:ord0;page154:tag11:entity41:key00001068:ref110:ord0;page160:tag10:entity41:key00001068:ref110:ord0;page166:tag10:entity41:key00001068:ref110:ord0;page172:tag12:entity41:key00001068:ref110:ord0;page178:tag10:entity41:key00001068:ref110:ord0;page184:tag10:entity41:key00001068:ref110:ord0;page202:tag10:entity41:key00001068:ref110:ord0;page208:tag10:entity41:key00001068:ref110:ord0;page214:tag11:entity41:key00001068:ref110:ord0;page220:tag13:entity41:key00001068:ref110:ord0;page226:tag10:entity41:key00001068:ref110:ord0;page232:tag12:entity41:key00001068:ref110:ord0;page244:tag10:entity41:key00001068:ref110:ord0;page250:tag13:entity41:key00001068:ref110:ord0;page268:tag10:entity41:key00001068:ref110:ord0;page274:tag10:entity41:key00001068:ref110:ord0;page280:tag11:entity41:key00001068:ref110:ord0;page286:tag11:entity41:key00001068:ref110:ord0;page298:tag12:entity41:key00001068:ref110:ord0;page304:tag10:entity41:key00001068:ref110:ord0;page310:tag12:entity41:key00001068:ref110:ord0;page316:tag10:entity41:key00001068:ref110:ord0;page328:tag10:entity41:key00001068:ref110:ord0;page334:tag13:entity41:key00001068:ref110:ord0;page340:tag13:entity41:key00001068:ref110:ord0,…下だ,…上だ,…北西だ,,…在上面,,MATCH,9,12,APPROVED,READY,NOT_TESTED,JPN_PRIMARY; MLG_CN_CONTEXT_AUXILIARY,mechanical template; resource_class=SLOT_OLANG; source_objects=38; review_flag=WEB_TRANSLATED_PENDING_CODEX_CHECK
5D81443C,56,112,112;112;112;112;112;112;112;112;112;112;112;112;112;112;112;112;112;112;112;112;112;112;112;112;112;112;112;112;112;112;112;112;112;112;112;112;112;112,38,,page76:tag17:entity40:key00001004:ref112:ord0;page82:tag8:entity40:key00001004:ref112:ord0;page88:tag13:entity40:key00001004:ref112:ord0;page94:tag13:entity40:key00001004:ref112:ord0;page100:tag12:entity40:key00001004:ref112:ord0;page106:tag11:entity40:key00001004:ref112:ord0;page112:tag10:entity40:key00001004:ref112:ord0;page118:tag12:entity40:key00001004:ref112:ord0;page124:tag10:entity40:key00001004:ref112:ord0;page130:tag12:entity40:key00001004:ref112:ord0;page136:tag11:entity40:key00001004:ref112:ord0;page142:tag11:entity40:key00001004:ref112:ord0;page148:tag10:entity40:key00001004:ref112:ord0;page154:tag11:entity40:key00001004:ref112:ord0;page160:tag10:entity40:key00001004:ref112:ord0;page166:tag10:entity40:key00001004:ref112:ord0;page172:tag12:entity40:key00001004:ref112:ord0;page178:tag10:entity40:key00001004:ref112:ord0;page184:tag10:entity40:key00001004:ref112:ord0;page202:tag10:entity40:key00001004:ref112:ord0;page208:tag10:entity40:key00001004:ref112:ord0;page214:tag11:entity40:key00001004:ref112:ord0;page220:tag13:entity40:key00001004:ref112:ord0;page226:tag10:entity40:key00001004:ref112:ord0;page232:tag12:entity40:key00001004:ref112:ord0;page244:tag10:entity40:key00001004:ref112:ord0;page250:tag13:entity40:key00001004:ref112:ord0;page268:tag10:entity40:key00001004:ref112:ord0;page274:tag10:entity40:key00001004:ref112:ord0;page280:tag11:entity40:key00001004:ref112:ord0;page286:tag11:entity40:key00001004:ref112:ord0;page298:tag12:entity40:key00001004:ref112:ord0;page304:tag10:entity40:key00001004:ref112:ord0;page310:tag12:entity40:key00001004:ref112:ord0;page316:tag10:entity40:key00001004:ref112:ord0;page328:tag10:entity40:key00001004:ref112:ord0;page334:tag13:entity40:key00001004:ref112:ord0;page340:tag13:entity40:key00001004:ref112:ord0,…上だ,…北西だ,…西だ,,…在西北边,,MATCH,12,15,APPROVED,READY,NOT_TESTED,JPN_PRIMARY; MLG_CN_CONTEXT_AUXILIARY,mechanical template; resource_class=SLOT_OLANG; source_objects=38; review_flag=WEB_TRANSLATED_PENDING_CODEX_CHECK
5D81443C,57,114,114;114;114;114;114;114;114;114;114;114;114;114;114;114;114;114;114;114;114;114;114;114;114;114;114;114;114;114;114;114;114;114;114;114;114;114;114;114,38,,page76:tag17:entity39:key00000FA0:ref114:ord0;page82:tag8:entity39:key00000FA0:ref114:ord0;page88:tag13:entity39:key00000FA0:ref114:ord0;page94:tag13:entity39:key00000FA0:ref114:ord0;page100:tag12:entity39:key00000FA0:ref114:ord0;page106:tag11:entity39:key00000FA0:ref114:ord0;page112:tag10:entity39:key00000FA0:ref114:ord0;page118:tag12:entity39:key00000FA0:ref114:ord0;page124:tag10:entity39:key00000FA0:ref114:ord0;page130:tag12:entity39:key00000FA0:ref114:ord0;page136:tag11:entity39:key00000FA0:ref114:ord0;page142:tag11:entity39:key00000FA0:ref114:ord0;page148:tag10:entity39:key00000FA0:ref114:ord0;page154:tag11:entity39:key00000FA0:ref114:ord0;page160:tag10:entity39:key00000FA0:ref114:ord0;page166:tag10:entity39:key00000FA0:ref114:ord0;page172:tag12:entity39:key00000FA0:ref114:ord0;page178:tag10:entity39:key00000FA0:ref114:ord0;page184:tag10:entity39:key00000FA0:ref114:ord0;page202:tag10:entity39:key00000FA0:ref114:ord0;page208:tag10:entity39:key00000FA0:ref114:ord0;page214:tag11:entity39:key00000FA0:ref114:ord0;page220:tag13:entity39:key00000FA0:ref114:ord0;page226:tag10:entity39:key00000FA0:ref114:ord0;page232:tag12:entity39:key00000FA0:ref114:ord0;page244:tag10:entity39:key00000FA0:ref114:ord0;page250:tag13:entity39:key00000FA0:ref114:ord0;page268:tag10:entity39:key00000FA0:ref114:ord0;page274:tag10:entity39:key00000FA0:ref114:ord0;page280:tag11:entity39:key00000FA0:ref114:ord0;page286:tag11:entity39:key00000FA0:ref114:ord0;page298:tag12:entity39:key00000FA0:ref114:ord0;page304:tag10:entity39:key00000FA0:ref114:ord0;page310:tag12:entity39:key00000FA0:ref114:ord0;page316:tag10:entity39:key00000FA0:ref114:ord0;page328:tag10:entity39:key00000FA0:ref114:ord0;page334:tag13:entity39:key00000FA0:ref114:ord0;page340:tag13:entity39:key00000FA0:ref114:ord0,…北西だ,…西だ,ひぃ！ た…助けて！,,…在西边,,MATCH,9,12,APPROVED,READY,NOT_TESTED,JPN_PRIMARY; MLG_CN_CONTEXT_AUXILIARY,mechanical template; resource_class=SLOT_OLANG; source_objects=38; review_flag=WEB_TRANSLATED_PENDING_CODEX_CHECK
5D81443C,58,116,116;116;116;116;116;116;116;116;116;116;116;116;116;116;116;116;116;116;116;116;116;116;116;116;116;116;116;116;116;116;116;116;116;116;116;116;116;116,38,,page76:tag17:entity3:key00000190:ref116:ord0;page82:tag8:entity3:key00000190:ref116:ord0;page88:tag13:entity3:key00000190:ref116:ord0;page94:tag13:entity3:key00000190:ref116:ord0;page100:tag12:entity3:key00000190:ref116:ord0;page106:tag11:entity3:key00000190:ref116:ord0;page112:tag10:entity3:key00000190:ref116:ord0;page118:tag12:entity3:key00000190:ref116:ord0;page124:tag10:entity3:key00000190:ref116:ord0;page130:tag12:entity3:key00000190:ref116:ord0;page136:tag11:entity3:key00000190:ref116:ord0;page142:tag11:entity3:key00000190:ref116:ord0;page148:tag10:entity3:key00000190:ref116:ord0;page154:tag11:entity3:key00000190:ref116:ord0;page160:tag10:entity3:key00000190:ref116:ord0;page166:tag10:entity3:key00000190:ref116:ord0;page172:tag12:entity3:key00000190:ref116:ord0;page178:tag10:entity3:key00000190:ref116:ord0;page184:tag10:entity3:key00000190:ref116:ord0;page202:tag10:entity3:key00000190:ref116:ord0;page208:tag10:entity3:key00000190:ref116:ord0;page214:tag11:entity3:key00000190:ref116:ord0;page220:tag13:entity3:key00000190:ref116:ord0;page226:tag10:entity3:key00000190:ref116:ord0;page232:tag12:entity3:key00000190:ref116:ord0;page244:tag10:entity3:key00000190:ref116:ord0;page250:tag13:entity3:key00000190:ref116:ord0;page268:tag10:entity3:key00000190:ref116:ord0;page274:tag10:entity3:key00000190:ref116:ord0;page280:tag11:entity3:key00000190:ref116:ord0;page286:tag11:entity3:key00000190:ref116:ord0;page298:tag12:entity3:key00000190:ref116:ord0;page304:tag10:entity3:key00000190:ref116:ord0;page310:tag12:entity3:key00000190:ref116:ord0;page316:tag10:entity3:key00000190:ref116:ord0;page328:tag10:entity3:key00000190:ref116:ord0;page334:tag13:entity3:key00000190:ref116:ord0;page340:tag13:entity3:key00000190:ref116:ord0,…西だ,ひぃ！ た…助けて！,…南西だ,,噫！ 救、救命！,,MATCH,28,22,APPROVED,READY,NOT_TESTED,JPN_PRIMARY; MLG_CN_CONTEXT_AUXILIARY,mechanical template; resource_class=SLOT_OLANG; source_objects=38; review_flag=WEB_TRANSLATED_PENDING_CODEX_CHECK
5D81443C,59,118,118;118;118;118;118;118;118;118;118;118;118;118;118;118;118;118;118;118;118;118;118;118;118;118;118;118;118;118;118;118;118;118;118;118;118;118;118;118,38,,page76:tag17:entity38:key00000F3C:ref118:ord0;page82:tag8:entity38:key00000F3C:ref118:ord0;page88:tag13:entity38:key00000F3C:ref118:ord0;page94:tag13:entity38:key00000F3C:ref118:ord0;page100:tag12:entity38:key00000F3C:ref118:ord0;page106:tag11:entity38:key00000F3C:ref118:ord0;page112:tag10:entity38:key00000F3C:ref118:ord0;page118:tag12:entity38:key00000F3C:ref118:ord0;page124:tag10:entity38:key00000F3C:ref118:ord0;page130:tag12:entity38:key00000F3C:ref118:ord0;page136:tag11:entity38:key00000F3C:ref118:ord0;page142:tag11:entity38:key00000F3C:ref118:ord0;page148:tag10:entity38:key00000F3C:ref118:ord0;page154:tag11:entity38:key00000F3C:ref118:ord0;page160:tag10:entity38:key00000F3C:ref118:ord0;page166:tag10:entity38:key00000F3C:ref118:ord0;page172:tag12:entity38:key00000F3C:ref118:ord0;page178:tag10:entity38:key00000F3C:ref118:ord0;page184:tag10:entity38:key00000F3C:ref118:ord0;page202:tag10:entity38:key00000F3C:ref118:ord0;page208:tag10:entity38:key00000F3C:ref118:ord0;page214:tag11:entity38:key00000F3C:ref118:ord0;page220:tag13:entity38:key00000F3C:ref118:ord0;page226:tag10:entity38:key00000F3C:ref118:ord0;page232:tag12:entity38:key00000F3C:ref118:ord0;page244:tag10:entity38:key00000F3C:ref118:ord0;page250:tag13:entity38:key00000F3C:ref118:ord0;page268:tag10:entity38:key00000F3C:ref118:ord0;page274:tag10:entity38:key00000F3C:ref118:ord0;page280:tag11:entity38:key00000F3C:ref118:ord0;page286:tag11:entity38:key00000F3C:ref118:ord0;page298:tag12:entity38:key00000F3C:ref118:ord0;page304:tag10:entity38:key00000F3C:ref118:ord0;page310:tag12:entity38:key00000F3C:ref118:ord0;page316:tag10:entity38:key00000F3C:ref118:ord0;page328:tag10:entity38:key00000F3C:ref118:ord0;page334:tag13:entity38:key00000F3C:ref118:ord0;page340:tag13:entity38:key00000F3C:ref118:ord0,ひぃ！ た…助けて！,…南西だ,…南だ,,…在西南边,,MATCH,12,15,APPROVED,READY,NOT_TESTED,JPN_PRIMARY; MLG_CN_CONTEXT_AUXILIARY,mechanical template; resource_class=SLOT_OLANG; source_objects=38; review_flag=WEB_TRANSLATED_PENDING_CODEX_CHECK
5D81443C,60,120,120;120;120;120;120;120;120;120;120;120;120;120;120;120;120;120;120;120;120;120;120;120;120;120;120;120;120;120;120;120;120;120;120;120;120;120;120;120,38,,page76:tag17:entity37:key00000ED8:ref120:ord0;page82:tag8:entity37:key00000ED8:ref120:ord0;page88:tag13:entity37:key00000ED8:ref120:ord0;page94:tag13:entity37:key00000ED8:ref120:ord0;page100:tag12:entity37:key00000ED8:ref120:ord0;page106:tag11:entity37:key00000ED8:ref120:ord0;page112:tag10:entity37:key00000ED8:ref120:ord0;page118:tag12:entity37:key00000ED8:ref120:ord0;page124:tag10:entity37:key00000ED8:ref120:ord0;page130:tag12:entity37:key00000ED8:ref120:ord0;page136:tag11:entity37:key00000ED8:ref120:ord0;page142:tag11:entity37:key00000ED8:ref120:ord0;page148:tag10:entity37:key00000ED8:ref120:ord0;page154:tag11:entity37:key00000ED8:ref120:ord0;page160:tag10:entity37:key00000ED8:ref120:ord0;page166:tag10:entity37:key00000ED8:ref120:ord0;page172:tag12:entity37:key00000ED8:ref120:ord0;page178:tag10:entity37:key00000ED8:ref120:ord0;page184:tag10:entity37:key00000ED8:ref120:ord0;page202:tag10:entity37:key00000ED8:ref120:ord0;page208:tag10:entity37:key00000ED8:ref120:ord0;page214:tag11:entity37:key00000ED8:ref120:ord0;page220:tag13:entity37:key00000ED8:ref120:ord0;page226:tag10:entity37:key00000ED8:ref120:ord0;page232:tag12:entity37:key00000ED8:ref120:ord0;page244:tag10:entity37:key00000ED8:ref120:ord0;page250:tag13:entity37:key00000ED8:ref120:ord0;page268:tag10:entity37:key00000ED8:ref120:ord0;page274:tag10:entity37:key00000ED8:ref120:ord0;page280:tag11:entity37:key00000ED8:ref120:ord0;page286:tag11:entity37:key00000ED8:ref120:ord0;page298:tag12:entity37:key00000ED8:ref120:ord0;page304:tag10:entity37:key00000ED8:ref120:ord0;page310:tag12:entity37:key00000ED8:ref120:ord0;page316:tag10:entity37:key00000ED8:ref120:ord0;page328:tag10:entity37:key00000ED8:ref120:ord0;page334:tag13:entity37:key00000ED8:ref120:ord0;page340:tag13:entity37:key00000ED8:ref120:ord0,…南西だ,…南だ,…南東だ,,…在南边,,MATCH,9,12,APPROVED,READY,NOT_TESTED,JPN_PRIMARY; MLG_CN_CONTEXT_AUXILIARY,mechanical template; resource_class=SLOT_OLANG; source_objects=38; review_flag=WEB_TRANSLATED_PENDING_CODEX_CHECK
5D81443C,61,122,122;122;122;122;122;122;122;122;122;122;122;122;122;122;122;122;122;122;122;122;122;122;122;122;122;122;122;122;122;122;122;122;122;122;122;122;122;122,38,,page76:tag17:entity36:key00000E74:ref122:ord0;page82:tag8:entity36:key00000E74:ref122:ord0;page88:tag13:entity36:key00000E74:ref122:ord0;page94:tag13:entity36:key00000E74:ref122:ord0;page100:tag12:entity36:key00000E74:ref122:ord0;page106:tag11:entity36:key00000E74:ref122:ord0;page112:tag10:entity36:key00000E74:ref122:ord0;page118:tag12:entity36:key00000E74:ref122:ord0;page124:tag10:entity36:key00000E74:ref122:ord0;page130:tag12:entity36:key00000E74:ref122:ord0;page136:tag11:entity36:key00000E74:ref122:ord0;page142:tag11:entity36:key00000E74:ref122:ord0;page148:tag10:entity36:key00000E74:ref122:ord0;page154:tag11:entity36:key00000E74:ref122:ord0;page160:tag10:entity36:key00000E74:ref122:ord0;page166:tag10:entity36:key00000E74:ref122:ord0;page172:tag12:entity36:key00000E74:ref122:ord0;page178:tag10:entity36:key00000E74:ref122:ord0;page184:tag10:entity36:key00000E74:ref122:ord0;page202:tag10:entity36:key00000E74:ref122:ord0;page208:tag10:entity36:key00000E74:ref122:ord0;page214:tag11:entity36:key00000E74:ref122:ord0;page220:tag13:entity36:key00000E74:ref122:ord0;page226:tag10:entity36:key00000E74:ref122:ord0;page232:tag12:entity36:key00000E74:ref122:ord0;page244:tag10:entity36:key00000E74:ref122:ord0;page250:tag13:entity36:key00000E74:ref122:ord0;page268:tag10:entity36:key00000E74:ref122:ord0;page274:tag10:entity36:key00000E74:ref122:ord0;page280:tag11:entity36:key00000E74:ref122:ord0;page286:tag11:entity36:key00000E74:ref122:ord0;page298:tag12:entity36:key00000E74:ref122:ord0;page304:tag10:entity36:key00000E74:ref122:ord0;page310:tag12:entity36:key00000E74:ref122:ord0;page316:tag10:entity36:key00000E74:ref122:ord0;page328:tag10:entity36:key00000E74:ref122:ord0;page334:tag13:entity36:key00000E74:ref122:ord0;page340:tag13:entity36:key00000E74:ref122:ord0,…南だ,…南東だ,俺は…捕虜だ！,,…在东南边,,MATCH,12,15,APPROVED,READY,NOT_TESTED,JPN_PRIMARY; MLG_CN_CONTEXT_AUXILIARY,mechanical template; resource_class=SLOT_OLANG; source_objects=38; review_flag=WEB_TRANSLATED_PENDING_CODEX_CHECK
5D81443C,62,124,124;124;124;124;124;124;124;124;124;124;124;124;124;124;124;124;124;124;124;124;124;124;124;124;124;124;124;124;124;124;124;124;124;124;124;124;124;124,38,,page76:tag17:entity239:key00008DCC:ref124:ord0;page82:tag8:entity239:key00008DCC:ref124:ord0;page88:tag13:entity239:key00008DCC:ref124:ord0;page94:tag13:entity239:key00008DCC:ref124:ord0;page100:tag12:entity239:key00008DCC:ref124:ord0;page106:tag11:entity239:key00008DCC:ref124:ord0;page112:tag10:entity239:key00008DCC:ref124:ord0;page118:tag12:entity239:key00008DCC:ref124:ord0;page124:tag10:entity239:key00008DCC:ref124:ord0;page130:tag12:entity239:key00008DCC:ref124:ord0;page136:tag11:entity239:key00008DCC:ref124:ord0;page142:tag11:entity239:key00008DCC:ref124:ord0;page148:tag10:entity239:key00008DCC:ref124:ord0;page154:tag11:entity239:key00008DCC:ref124:ord0;page160:tag10:entity239:key00008DCC:ref124:ord0;page166:tag10:entity239:key00008DCC:ref124:ord0;page172:tag12:entity239:key00008DCC:ref124:ord0;page178:tag10:entity239:key00008DCC:ref124:ord0;page184:tag10:entity239:key00008DCC:ref124:ord0;page202:tag10:entity239:key00008DCC:ref124:ord0;page208:tag10:entity239:key00008DCC:ref124:ord0;page214:tag11:entity239:key00008DCC:ref124:ord0;page220:tag13:entity239:key00008DCC:ref124:ord0;page226:tag10:entity239:key00008DCC:ref124:ord0;page232:tag12:entity239:key00008DCC:ref124:ord0;page244:tag10:entity239:key00008DCC:ref124:ord0;page250:tag13:entity239:key00008DCC:ref124:ord0;page268:tag10:entity239:key00008DCC:ref124:ord0;page274:tag10:entity239:key00008DCC:ref124:ord0;page280:tag11:entity239:key00008DCC:ref124:ord0;page286:tag11:entity239:key00008DCC:ref124:ord0;page298:tag12:entity239:key00008DCC:ref124:ord0;page304:tag10:entity239:key00008DCC:ref124:ord0;page310:tag12:entity239:key00008DCC:ref124:ord0;page316:tag10:entity239:key00008DCC:ref124:ord0;page328:tag10:entity239:key00008DCC:ref124:ord0;page334:tag13:entity239:key00008DCC:ref124:ord0;page340:tag13:entity239:key00008DCC:ref124:ord0,…南東だ,俺は…捕虜だ！,装備品の位置を教える…,,我…是俘虏！,,MATCH,21,18,APPROVED,READY,NOT_TESTED,JPN_PRIMARY; MLG_CN_CONTEXT_AUXILIARY,mechanical template; resource_class=SLOT_OLANG; source_objects=38; review_flag=WEB_TRANSLATED_PENDING_CODEX_CHECK
5D81443C,63,126,126;128;130;134;136;138;126;128;130;134;136;138;126;128;130;134;136;138;126;128;130;134;136;138;126;128;130;134;136;138;126;128;130;134;136;138;126;128;130;134;136;138;126;128;130;134;136;138;126;128;130;134;136;138;126;128;130;134;136;138;126;128;130;134;136;138;126;128;130;134;136;138;126;128;130;134;136;138;126;128;130;134;136;138;126;128;130;134;136;138;126;128;130;134;136;138;126;128;130;134;136;138;126;128;130;134;136;138;126;128;130;134;136;138;126;128;130;134;136;138;126;128;130;134;136;138;126;128;130;134;136;138;126;128;130;134;136;138;126;128;130;134;136;138;126;128;130;134;136;138;126;128;130;134;136;138;126;128;130;134;136;138;126;128;130;134;136;138;126;128;130;134;136;138;126;128;130;134;136;138;126;128;130;134;136;138;126;128;130;134;136;138;126;128;130;134;136;138;126;128;130;134;136;138;126;128;130;134;136;138;126;128;130;134;136;138;126;128;130;134;136;138;126;128;130;134;136;138,228,,page76:tag17:entity238:key00008D68:ref126:ord0;page76:tag17:entity237:key00008D04:ref128:ord0;page76:tag17:entity236:key00008CA0:ref130:ord0;page76:tag17:entity235:key00008C3C:ref134:ord0;page76:tag17:entity234:key00008BD8:ref136:ord0;page76:tag17:entity233:key00008B74:ref138:ord0;page82:tag8:entity238:key00008D68:ref126:ord0;page82:tag8:entity237:key00008D04:ref128:ord0;page82:tag8:entity236:key00008CA0:ref130:ord0;page82:tag8:entity235:key00008C3C:ref134:ord0;page82:tag8:entity234:key00008BD8:ref136:ord0;page82:tag8:entity233:key00008B74:ref138:ord0;page88:tag13:entity238:key00008D68:ref126:ord0;page88:tag13:entity237:key00008D04:ref128:ord0;page88:tag13:entity236:key00008CA0:ref130:ord0;page88:tag13:entity235:key00008C3C:ref134:ord0;page88:tag13:entity234:key00008BD8:ref136:ord0;page88:tag13:entity233:key00008B74:ref138:ord0;page94:tag13:entity238:key00008D68:ref126:ord0;page94:tag13:entity237:key00008D04:ref128:ord0;page94:tag13:entity236:key00008CA0:ref130:ord0;page94:tag13:entity235:key00008C3C:ref134:ord0;page94:tag13:entity234:key00008BD8:ref136:ord0;page94:tag13:entity233:key00008B74:ref138:ord0;page100:tag12:entity238:key00008D68:ref126:ord0;page100:tag12:entity237:key00008D04:ref128:ord0;page100:tag12:entity236:key00008CA0:ref130:ord0;page100:tag12:entity235:key00008C3C:ref134:ord0;page100:tag12:entity234:key00008BD8:ref136:ord0;page100:tag12:entity233:key00008B74:ref138:ord0;page106:tag11:entity238:key00008D68:ref126:ord0;page106:tag11:entity237:key00008D04:ref128:ord0;page106:tag11:entity236:key00008CA0:ref130:ord0;page106:tag11:entity235:key00008C3C:ref134:ord0;page106:tag11:entity234:key00008BD8:ref136:ord0;page106:tag11:entity233:key00008B74:ref138:ord0;page112:tag10:entity238:key00008D68:ref126:ord0;page112:tag10:entity237:key00008D04:ref128:ord0;page112:tag10:entity236:key00008CA0:ref130:ord0;page112:tag10:entity235:key00008C3C:ref134:ord0;page112:tag10:entity234:key00008BD8:ref136:ord0;page112:tag10:entity233:key00008B74:ref138:ord0;page118:tag12:entity238:key00008D68:ref126:ord0;page118:tag12:entity237:key00008D04:ref128:ord0;page118:tag12:entity236:key00008CA0:ref130:ord0;page118:tag12:entity235:key00008C3C:ref134:ord0;page118:tag12:entity234:key00008BD8:ref136:ord0;page118:tag12:entity233:key00008B74:ref138:ord0;page124:tag10:entity238:key00008D68:ref126:ord0;page124:tag10:entity237:key00008D04:ref128:ord0;page124:tag10:entity236:key00008CA0:ref130:ord0;page124:tag10:entity235:key00008C3C:ref134:ord0;page124:tag10:entity234:key00008BD8:ref136:ord0;page124:tag10:entity233:key00008B74:ref138:ord0;page130:tag12:entity238:key00008D68:ref126:ord0;page130:tag12:entity237:key00008D04:ref128:ord0;page130:tag12:entity236:key00008CA0:ref130:ord0;page130:tag12:entity235:key00008C3C:ref134:ord0;page130:tag12:entity234:key00008BD8:ref136:ord0;page130:tag12:entity233:key00008B74:ref138:ord0;page136:tag11:entity238:key00008D68:ref126:ord0;page136:tag11:entity237:key00008D04:ref128:ord0;page136:tag11:entity236:key00008CA0:ref130:ord0;page136:tag11:entity235:key00008C3C:ref134:ord0;page136:tag11:entity234:key00008BD8:ref136:ord0;page136:tag11:entity233:key00008B74:ref138:ord0;page142:tag11:entity238:key00008D68:ref126:ord0;page142:tag11:entity237:key00008D04:ref128:ord0;page142:tag11:entity236:key00008CA0:ref130:ord0;page142:tag11:entity235:key00008C3C:ref134:ord0;page142:tag11:entity234:key00008BD8:ref136:ord0;page142:tag11:entity233:key00008B74:ref138:ord0;page148:tag10:entity238:key00008D68:ref126:ord0;page148:tag10:entity237:key00008D04:ref128:ord0;page148:tag10:entity236:key00008CA0:ref130:ord0;page148:tag10:entity235:key00008C3C:ref134:ord0;page148:tag10:entity234:key00008BD8:ref136:ord0;page148:tag10:entity233:key00008B74:ref138:ord0;page154:tag11:entity238:key00008D68:ref126:ord0;page154:tag11:entity237:key00008D04:ref128:ord0;page154:tag11:entity236:key00008CA0:ref130:ord0;page154:tag11:entity235:key00008C3C:ref134:ord0;page154:tag11:entity234:key00008BD8:ref136:ord0;page154:tag11:entity233:key00008B74:ref138:ord0;page160:tag10:entity238:key00008D68:ref126:ord0;page160:tag10:entity237:key00008D04:ref128:ord0;page160:tag10:entity236:key00008CA0:ref130:ord0;page160:tag10:entity235:key00008C3C:ref134:ord0;page160:tag10:entity234:key00008BD8:ref136:ord0;page160:tag10:entity233:key00008B74:ref138:ord0;page166:tag10:entity238:key00008D68:ref126:ord0;page166:tag10:entity237:key00008D04:ref128:ord0;page166:tag10:entity236:key00008CA0:ref130:ord0;page166:tag10:entity235:key00008C3C:ref134:ord0;page166:tag10:entity234:key00008BD8:ref136:ord0;page166:tag10:entity233:key00008B74:ref138:ord0;page172:tag12:entity238:key00008D68:ref126:ord0;page172:tag12:entity237:key00008D04:ref128:ord0;page172:tag12:entity236:key00008CA0:ref130:ord0;page172:tag12:entity235:key00008C3C:ref134:ord0;page172:tag12:entity234:key00008BD8:ref136:ord0;page172:tag12:entity233:key00008B74:ref138:ord0;page178:tag10:entity238:key00008D68:ref126:ord0;page178:tag10:entity237:key00008D04:ref128:ord0;page178:tag10:entity236:key00008CA0:ref130:ord0;page178:tag10:entity235:key00008C3C:ref134:ord0;page178:tag10:entity234:key00008BD8:ref136:ord0;page178:tag10:entity233:key00008B74:ref138:ord0;page184:tag10:entity238:key00008D68:ref126:ord0;page184:tag10:entity237:key00008D04:ref128:ord0;page184:tag10:entity236:key00008CA0:ref130:ord0;page184:tag10:entity235:key00008C3C:ref134:ord0;page184:tag10:entity234:key00008BD8:ref136:ord0;page184:tag10:entity233:key00008B74:ref138:ord0;page202:tag10:entity238:key00008D68:ref126:ord0;page202:tag10:entity237:key00008D04:ref128:ord0;page202:tag10:entity236:key00008CA0:ref130:ord0;page202:tag10:entity235:key00008C3C:ref134:ord0;page202:tag10:entity234:key00008BD8:ref136:ord0;page202:tag10:entity233:key00008B74:ref138:ord0;page208:tag10:entity238:key00008D68:ref126:ord0;page208:tag10:entity237:key00008D04:ref128:ord0;page208:tag10:entity236:key00008CA0:ref130:ord0;page208:tag10:entity235:key00008C3C:ref134:ord0;page208:tag10:entity234:key00008BD8:ref136:ord0;page208:tag10:entity233:key00008B74:ref138:ord0;page214:tag11:entity238:key00008D68:ref126:ord0;page214:tag11:entity237:key00008D04:ref128:ord0;page214:tag11:entity236:key00008CA0:ref130:ord0;page214:tag11:entity235:key00008C3C:ref134:ord0;page214:tag11:entity234:key00008BD8:ref136:ord0;page214:tag11:entity233:key00008B74:ref138:ord0;page220:tag13:entity238:key00008D68:ref126:ord0;page220:tag13:entity237:key00008D04:ref128:ord0;page220:tag13:entity236:key00008CA0:ref130:ord0;page220:tag13:entity235:key00008C3C:ref134:ord0;page220:tag13:entity234:key00008BD8:ref136:ord0;page220:tag13:entity233:key00008B74:ref138:ord0;page226:tag10:entity238:key00008D68:ref126:ord0;page226:tag10:entity237:key00008D04:ref128:ord0;page226:tag10:entity236:key00008CA0:ref130:ord0;page226:tag10:entity235:key00008C3C:ref134:ord0;page226:tag10:entity234:key00008BD8:ref136:ord0;page226:tag10:entity233:key00008B74:ref138:ord0;page232:tag12:entity238:key00008D68:ref126:ord0;page232:tag12:entity237:key00008D04:ref128:ord0;page232:tag12:entity236:key00008CA0:ref130:ord0;page232:tag12:entity235:key00008C3C:ref134:ord0;page232:tag12:entity234:key00008BD8:ref136:ord0;page232:tag12:entity233:key00008B74:ref138:ord0;page244:tag10:entity238:key00008D68:ref126:ord0;page244:tag10:entity237:key00008D04:ref128:ord0;page244:tag10:entity236:key00008CA0:ref130:ord0;page244:tag10:entity235:key00008C3C:ref134:ord0;page244:tag10:entity234:key00008BD8:ref136:ord0;page244:tag10:entity233:key00008B74:ref138:ord0;page250:tag13:entity238:key00008D68:ref126:ord0;page250:tag13:entity237:key00008D04:ref128:ord0;page250:tag13:entity236:key00008CA0:ref130:ord0;page250:tag13:entity235:key00008C3C:ref134:ord0;page250:tag13:entity234:key00008BD8:ref136:ord0;page250:tag13:entity233:key00008B74:ref138:ord0;page268:tag10:entity238:key00008D68:ref126:ord0;page268:tag10:entity237:key00008D04:ref128:ord0;page268:tag10:entity236:key00008CA0:ref130:ord0;page268:tag10:entity235:key00008C3C:ref134:ord0;page268:tag10:entity234:key00008BD8:ref136:ord0;page268:tag10:entity233:key00008B74:ref138:ord0;page274:tag10:entity238:key00008D68:ref126:ord0;page274:tag10:entity237:key00008D04:ref128:ord0;page274:tag10:entity236:key00008CA0:ref130:ord0;page274:tag10:entity235:key00008C3C:ref134:ord0;page274:tag10:entity234:key00008BD8:ref136:ord0;page274:tag10:entity233:key00008B74:ref138:ord0;page280:tag11:entity238:key00008D68:ref126:ord0;page280:tag11:entity237:key00008D04:ref128:ord0;page280:tag11:entity236:key00008CA0:ref130:ord0;page280:tag11:entity235:key00008C3C:ref134:ord0;page280:tag11:entity234:key00008BD8:ref136:ord0;page280:tag11:entity233:key00008B74:ref138:ord0;page286:tag11:entity238:key00008D68:ref126:ord0;page286:tag11:entity237:key00008D04:ref128:ord0;page286:tag11:entity236:key00008CA0:ref130:ord0;page286:tag11:entity235:key00008C3C:ref134:ord0;page286:tag11:entity234:key00008BD8:ref136:ord0;page286:tag11:entity233:key00008B74:ref138:ord0;page298:tag12:entity238:key00008D68:ref126:ord0;page298:tag12:entity237:key00008D04:ref128:ord0;page298:tag12:entity236:key00008CA0:ref130:ord0;page298:tag12:entity235:key00008C3C:ref134:ord0;page298:tag12:entity234:key00008BD8:ref136:ord0;page298:tag12:entity233:key00008B74:ref138:ord0;page304:tag10:entity238:key00008D68:ref126:ord0;page304:tag10:entity237:key00008D04:ref128:ord0;page304:tag10:entity236:key00008CA0:ref130:ord0;page304:tag10:entity235:key00008C3C:ref134:ord0;page304:tag10:entity234:key00008BD8:ref136:ord0;page304:tag10:entity233:key00008B74:ref138:ord0;page310:tag12:entity238:key00008D68:ref126:ord0;page310:tag12:entity237:key00008D04:ref128:ord0;page310:tag12:entity236:key00008CA0:ref130:ord0;page310:tag12:entity235:key00008C3C:ref134:ord0;page310:tag12:entity234:key00008BD8:ref136:ord0;page310:tag12:entity233:key00008B74:ref138:ord0;page316:tag10:entity238:key00008D68:ref126:ord0;page316:tag10:entity237:key00008D04:ref128:ord0;page316:tag10:entity236:key00008CA0:ref130:ord0;page316:tag10:entity235:key00008C3C:ref134:ord0;page316:tag10:entity234:key00008BD8:ref136:ord0;page316:tag10:entity233:key00008B74:ref138:ord0;page328:tag10:entity238:key00008D68:ref126:ord0;page328:tag10:entity237:key00008D04:ref128:ord0;page328:tag10:entity236:key00008CA0:ref130:ord0;page328:tag10:entity235:key00008C3C:ref134:ord0;page328:tag10:entity234:key00008BD8:ref136:ord0;page328:tag10:entity233:key00008B74:ref138:ord0;page334:tag13:entity238:key00008D68:ref126:ord0;page334:tag13:entity237:key00008D04:ref128:ord0;page334:tag13:entity236:key00008CA0:ref130:ord0;page334:tag13:entity235:key00008C3C:ref134:ord0;page334:tag13:entity234:key00008BD8:ref136:ord0;page334:tag13:entity233:key00008B74:ref138:ord0;page340:tag13:entity238:key00008D68:ref126:ord0;page340:tag13:entity237:key00008D04:ref128:ord0;page340:tag13:entity236:key00008CA0:ref130:ord0;page340:tag13:entity235:key00008C3C:ref134:ord0;page340:tag13:entity234:key00008BD8:ref136:ord0;page340:tag13:entity233:key00008B74:ref138:ord0,俺は…捕虜だ！,装備品の位置を教える…,…東にいる,,我告诉你装备的位置…,,MATCH,33,30,APPROVED,READY,NOT_TESTED,JPN_PRIMARY; MLG_CN_CONTEXT_AUXILIARY,mechanical template; resource_class=SLOT_OLANG; source_objects=228; review_flag=WEB_TRANSLATED_PENDING_CODEX_CHECK
5D81443C,64,132,132;374;132;374;132;374;132;374;132;374;132;374;132;374;132;374;132;374;132;374;132;374;132;374;132;374;132;374;132;374;132;374;132;374;132;374;132;374;132;374;132;374;132;374;132;374;132;374;132;374;132;374;132;374;132;374;132;374;132;374;132;374;132;374;132;374;132;374;132;374;132;374;132;374;132;374,76,,page76:tag17:entity35:key00000E10:ref132:ord0;page76:tag17:entity16:key000006A4:ref374:ord0;page82:tag8:entity35:key00000E10:ref132:ord0;page82:tag8:entity16:key000006A4:ref374:ord0;page88:tag13:entity35:key00000E10:ref132:ord0;page88:tag13:entity16:key000006A4:ref374:ord0;page94:tag13:entity35:key00000E10:ref132:ord0;page94:tag13:entity16:key000006A4:ref374:ord0;page100:tag12:entity35:key00000E10:ref132:ord0;page100:tag12:entity16:key000006A4:ref374:ord0;page106:tag11:entity35:key00000E10:ref132:ord0;page106:tag11:entity16:key000006A4:ref374:ord0;page112:tag10:entity35:key00000E10:ref132:ord0;page112:tag10:entity16:key000006A4:ref374:ord0;page118:tag12:entity35:key00000E10:ref132:ord0;page118:tag12:entity16:key000006A4:ref374:ord0;page124:tag10:entity35:key00000E10:ref132:ord0;page124:tag10:entity16:key000006A4:ref374:ord0;page130:tag12:entity35:key00000E10:ref132:ord0;page130:tag12:entity16:key000006A4:ref374:ord0;page136:tag11:entity35:key00000E10:ref132:ord0;page136:tag11:entity16:key000006A4:ref374:ord0;page142:tag11:entity35:key00000E10:ref132:ord0;page142:tag11:entity16:key000006A4:ref374:ord0;page148:tag10:entity35:key00000E10:ref132:ord0;page148:tag10:entity16:key000006A4:ref374:ord0;page154:tag11:entity35:key00000E10:ref132:ord0;page154:tag11:entity16:key000006A4:ref374:ord0;page160:tag10:entity35:key00000E10:ref132:ord0;page160:tag10:entity16:key000006A4:ref374:ord0;page166:tag10:entity35:key00000E10:ref132:ord0;page166:tag10:entity16:key000006A4:ref374:ord0;page172:tag12:entity35:key00000E10:ref132:ord0;page172:tag12:entity16:key000006A4:ref374:ord0;page178:tag10:entity35:key00000E10:ref132:ord0;page178:tag10:entity16:key000006A4:ref374:ord0;page184:tag10:entity35:key00000E10:ref132:ord0;page184:tag10:entity16:key000006A4:ref374:ord0;page202:tag10:entity35:key00000E10:ref132:ord0;page202:tag10:entity16:key000006A4:ref374:ord0;page208:tag10:entity35:key00000E10:ref132:ord0;page208:tag10:entity16:key000006A4:ref374:ord0;page214:tag11:entity35:key00000E10:ref132:ord0;page214:tag11:entity16:key000006A4:ref374:ord0;page220:tag13:entity35:key00000E10:ref132:ord0;page220:tag13:entity16:key000006A4:ref374:ord0;page226:tag10:entity35:key00000E10:ref132:ord0;page226:tag10:entity16:key000006A4:ref374:ord0;page232:tag12:entity35:key00000E10:ref132:ord0;page232:tag12:entity16:key000006A4:ref374:ord0;page244:tag10:entity35:key00000E10:ref132:ord0;page244:tag10:entity16:key000006A4:ref374:ord0;page250:tag13:entity35:key00000E10:ref132:ord0;page250:tag13:entity16:key000006A4:ref374:ord0;page268:tag10:entity35:key00000E10:ref132:ord0;page268:tag10:entity16:key000006A4:ref374:ord0;page274:tag10:entity35:key00000E10:ref132:ord0;page274:tag10:entity16:key000006A4:ref374:ord0;page280:tag11:entity35:key00000E10:ref132:ord0;page280:tag11:entity16:key000006A4:ref374:ord0;page286:tag11:entity35:key00000E10:ref132:ord0;page286:tag11:entity16:key000006A4:ref374:ord0;page298:tag12:entity35:key00000E10:ref132:ord0;page298:tag12:entity16:key000006A4:ref374:ord0;page304:tag10:entity35:key00000E10:ref132:ord0;page304:tag10:entity16:key000006A4:ref374:ord0;page310:tag12:entity35:key00000E10:ref132:ord0;page310:tag12:entity16:key000006A4:ref374:ord0;page316:tag10:entity35:key00000E10:ref132:ord0;page316:tag10:entity16:key000006A4:ref374:ord0;page328:tag10:entity35:key00000E10:ref132:ord0;page328:tag10:entity16:key000006A4:ref374:ord0;page334:tag13:entity35:key00000E10:ref132:ord0;page334:tag13:entity16:key000006A4:ref374:ord0;page340:tag13:entity35:key00000E10:ref132:ord0;page340:tag13:entity16:key000006A4:ref374:ord0,装備品の位置を教える…,…東にいる,装備品の位置を教える…,,…在东边,,MATCH,15,12,APPROVED,READY,NOT_TESTED,JPN_PRIMARY; MLG_CN_CONTEXT_AUXILIARY,mechanical template; resource_class=SLOT_OLANG; source_objects=76; review_flag=WEB_TRANSLATED_PENDING_CODEX_CHECK
5D81443C,65,140,140;140;140;140;140;140;140;140;140;140;140;140;140;140;140;140;140;140;140;140;140;140;140;140;140;140;140;140;140;140;140;140;140;140;140;140;140;140,38,,page76:tag17:entity232:key00008B10:ref140:ord0;page82:tag8:entity232:key00008B10:ref140:ord0;page88:tag13:entity232:key00008B10:ref140:ord0;page94:tag13:entity232:key00008B10:ref140:ord0;page100:tag12:entity232:key00008B10:ref140:ord0;page106:tag11:entity232:key00008B10:ref140:ord0;page112:tag10:entity232:key00008B10:ref140:ord0;page118:tag12:entity232:key00008B10:ref140:ord0;page124:tag10:entity232:key00008B10:ref140:ord0;page130:tag12:entity232:key00008B10:ref140:ord0;page136:tag11:entity232:key00008B10:ref140:ord0;page142:tag11:entity232:key00008B10:ref140:ord0;page148:tag10:entity232:key00008B10:ref140:ord0;page154:tag11:entity232:key00008B10:ref140:ord0;page160:tag10:entity232:key00008B10:ref140:ord0;page166:tag10:entity232:key00008B10:ref140:ord0;page172:tag12:entity232:key00008B10:ref140:ord0;page178:tag10:entity232:key00008B10:ref140:ord0;page184:tag10:entity232:key00008B10:ref140:ord0;page202:tag10:entity232:key00008B10:ref140:ord0;page208:tag10:entity232:key00008B10:ref140:ord0;page214:tag11:entity232:key00008B10:ref140:ord0;page220:tag13:entity232:key00008B10:ref140:ord0;page226:tag10:entity232:key00008B10:ref140:ord0;page232:tag12:entity232:key00008B10:ref140:ord0;page244:tag10:entity232:key00008B10:ref140:ord0;page250:tag13:entity232:key00008B10:ref140:ord0;page268:tag10:entity232:key00008B10:ref140:ord0;page274:tag10:entity232:key00008B10:ref140:ord0;page280:tag11:entity232:key00008B10:ref140:ord0;page286:tag11:entity232:key00008B10:ref140:ord0;page298:tag12:entity232:key00008B10:ref140:ord0;page304:tag10:entity232:key00008B10:ref140:ord0;page310:tag12:entity232:key00008B10:ref140:ord0;page316:tag10:entity232:key00008B10:ref140:ord0;page328:tag10:entity232:key00008B10:ref140:ord0;page334:tag13:entity232:key00008B10:ref140:ord0;page340:tag13:entity232:key00008B10:ref140:ord0,装備品の位置を教える…,STARTボタンを押せば メニューウィンドウが開く…,"ゆっくり歩けば
足音で気づかれずに敵に近づける…",,按下START按钮 就会打开菜单窗口…,,MATCH,66,45,APPROVED,READY,NOT_TESTED,JPN_PRIMARY; MLG_CN_CONTEXT_AUXILIARY,mechanical template; resource_class=SLOT_OLANG; source_objects=38; review_flag=WEB_TRANSLATED_PENDING_CODEX_CHECK
5D81443C,66,142,142;142;142;142;142;142;142;142;142;142;142;142;142;142;142;142;142;142;142;142;142;142;142;142;142;142;142;142;142;142;142;142;142;142;142;142;142;142,38,,page76:tag17:entity231:key00008AAC:ref142:ord0;page82:tag8:entity231:key00008AAC:ref142:ord0;page88:tag13:entity231:key00008AAC:ref142:ord0;page94:tag13:entity231:key00008AAC:ref142:ord0;page100:tag12:entity231:key00008AAC:ref142:ord0;page106:tag11:entity231:key00008AAC:ref142:ord0;page112:tag10:entity231:key00008AAC:ref142:ord0;page118:tag12:entity231:key00008AAC:ref142:ord0;page124:tag10:entity231:key00008AAC:ref142:ord0;page130:tag12:entity231:key00008AAC:ref142:ord0;page136:tag11:entity231:key00008AAC:ref142:ord0;page142:tag11:entity231:key00008AAC:ref142:ord0;page148:tag10:entity231:key00008AAC:ref142:ord0;page154:tag11:entity231:key00008AAC:ref142:ord0;page160:tag10:entity231:key00008AAC:ref142:ord0;page166:tag10:entity231:key00008AAC:ref142:ord0;page172:tag12:entity231:key00008AAC:ref142:ord0;page178:tag10:entity231:key00008AAC:ref142:ord0;page184:tag10:entity231:key00008AAC:ref142:ord0;page202:tag10:entity231:key00008AAC:ref142:ord0;page208:tag10:entity231:key00008AAC:ref142:ord0;page214:tag11:entity231:key00008AAC:ref142:ord0;page220:tag13:entity231:key00008AAC:ref142:ord0;page226:tag10:entity231:key00008AAC:ref142:ord0;page232:tag12:entity231:key00008AAC:ref142:ord0;page244:tag10:entity231:key00008AAC:ref142:ord0;page250:tag13:entity231:key00008AAC:ref142:ord0;page268:tag10:entity231:key00008AAC:ref142:ord0;page274:tag10:entity231:key00008AAC:ref142:ord0;page280:tag11:entity231:key00008AAC:ref142:ord0;page286:tag11:entity231:key00008AAC:ref142:ord0;page298:tag12:entity231:key00008AAC:ref142:ord0;page304:tag10:entity231:key00008AAC:ref142:ord0;page310:tag12:entity231:key00008AAC:ref142:ord0;page316:tag10:entity231:key00008AAC:ref142:ord0;page328:tag10:entity231:key00008AAC:ref142:ord0;page334:tag13:entity231:key00008AAC:ref142:ord0;page340:tag13:entity231:key00008AAC:ref142:ord0,STARTボタンを押せば メニューウィンドウが開く…,"ゆっくり歩けば
足音で気づかれずに敵に近づける…",機密書類の位置を教える…,,"慢慢走的话
就能靠近敌人而不被脚步声暴露…",,MATCH,70,61,APPROVED,READY,NOT_TESTED,JPN_PRIMARY; MLG_CN_CONTEXT_AUXILIARY,mechanical template; resource_class=SLOT_OLANG; source_objects=38; review_flag=WEB_TRANSLATED_PENDING_CODEX_CHECK
5D81443C,67,144,144;146;148;150;152;156;158;160;162;164;144;146;148;150;152;156;158;160;162;164;144;146;148;150;152;156;158;160;162;164;144;146;148;150;152;156;158;160;162;164;144;146;148;150;152;156;158;160;162;164;144;146;148;150;152;156;158;160;162;164;144;146;148;150;152;156;158;160;162;164;144;146;148;150;152;156;158;160;162;164;144;146;148;150;152;156;158;160;162;164;144;146;148;150;152;156;158;160;162;164;144;146;148;150;152;156;158;160;162;164;144;146;148;150;152;156;158;160;162;164;144;146;148;150;152;156;158;160;162;164;144;146;148;150;152;156;158;160;162;164;144;146;148;150;152;156;158;160;162;164;144;146;148;150;152;156;158;160;162;164;144;146;148;150;152;156;158;160;162;164;144;146;148;150;152;156;158;160;162;164;144;146;148;150;152;156;158;160;162;164;144;146;148;150;152;156;158;160;162;164;144;146;148;150;152;156;158;160;162;164;144;146;148;150;152;156;158;160;162;164;144;146;148;150;152;156;158;160;162;164;144;146;148;150;152;156;158;160;162;164;144;146;148;150;152;156;158;160;162;164;144;146;148;150;152;156;158;160;162;164;144;146;148;150;152;156;158;160;162;164;144;146;148;150;152;156;158;160;162;164;144;146;148;150;152;156;158;160;162;164;144;146;148;150;152;156;158;160;162;164;144;146;148;150;152;156;158;160;162;164;144;146;148;150;152;156;158;160;162;164;144;146;148;150;152;156;158;160;162;164;144;146;148;150;152;156;158;160;162;164;144;146;148;150;152;156;158;160;162;164;144;146;148;150;152;156;158;160;162;164;144;146;148;150;152;156;158;160;162;164;144;146;148;150;152;156;158;160;162;164,380,,page76:tag17:entity230:key00008A48:ref144:ord0;page76:tag17:entity229:key000089E4:ref146:ord0;page76:tag17:entity228:key00008980:ref148:ord0;page76:tag17:entity227:key0000891C:ref150:ord0;page76:tag17:entity226:key000088B8:ref152:ord0;page76:tag17:entity225:key00008854:ref156:ord0;page76:tag17:entity224:key000087F0:ref158:ord0;page76:tag17:entity223:key0000878C:ref160:ord0;page76:tag17:entity222:key00008728:ref162:ord0;page76:tag17:entity221:key000086C4:ref164:ord0;page82:tag8:entity230:key00008A48:ref144:ord0;page82:tag8:entity229:key000089E4:ref146:ord0;page82:tag8:entity228:key00008980:ref148:ord0;page82:tag8:entity227:key0000891C:ref150:ord0;page82:tag8:entity226:key000088B8:ref152:ord0;page82:tag8:entity225:key00008854:ref156:ord0;page82:tag8:entity224:key000087F0:ref158:ord0;page82:tag8:entity223:key0000878C:ref160:ord0;page82:tag8:entity222:key00008728:ref162:ord0;page82:tag8:entity221:key000086C4:ref164:ord0;page88:tag13:entity230:key00008A48:ref144:ord0;page88:tag13:entity229:key000089E4:ref146:ord0;page88:tag13:entity228:key00008980:ref148:ord0;page88:tag13:entity227:key0000891C:ref150:ord0;page88:tag13:entity226:key000088B8:ref152:ord0;page88:tag13:entity225:key00008854:ref156:ord0;page88:tag13:entity224:key000087F0:ref158:ord0;page88:tag13:entity223:key0000878C:ref160:ord0;page88:tag13:entity222:key00008728:ref162:ord0;page88:tag13:entity221:key000086C4:ref164:ord0;page94:tag13:entity230:key00008A48:ref144:ord0;page94:tag13:entity229:key000089E4:ref146:ord0;page94:tag13:entity228:key00008980:ref148:ord0;page94:tag13:entity227:key0000891C:ref150:ord0;page94:tag13:entity226:key000088B8:ref152:ord0;page94:tag13:entity225:key00008854:ref156:ord0;page94:tag13:entity224:key000087F0:ref158:ord0;page94:tag13:entity223:key0000878C:ref160:ord0;page94:tag13:entity222:key00008728:ref162:ord0;page94:tag13:entity221:key000086C4:ref164:ord0;page100:tag12:entity230:key00008A48:ref144:ord0;page100:tag12:entity229:key000089E4:ref146:ord0;page100:tag12:entity228:key00008980:ref148:ord0;page100:tag12:entity227:key0000891C:ref150:ord0;page100:tag12:entity226:key000088B8:ref152:ord0;page100:tag12:entity225:key00008854:ref156:ord0;page100:tag12:entity224:key000087F0:ref158:ord0;page100:tag12:entity223:key0000878C:ref160:ord0;page100:tag12:entity222:key00008728:ref162:ord0;page100:tag12:entity221:key000086C4:ref164:ord0;page106:tag11:entity230:key00008A48:ref144:ord0;page106:tag11:entity229:key000089E4:ref146:ord0;page106:tag11:entity228:key00008980:ref148:ord0;page106:tag11:entity227:key0000891C:ref150:ord0;page106:tag11:entity226:key000088B8:ref152:ord0;page106:tag11:entity225:key00008854:ref156:ord0;page106:tag11:entity224:key000087F0:ref158:ord0;page106:tag11:entity223:key0000878C:ref160:ord0;page106:tag11:entity222:key00008728:ref162:ord0;page106:tag11:entity221:key000086C4:ref164:ord0;page112:tag10:entity230:key00008A48:ref144:ord0;page112:tag10:entity229:key000089E4:ref146:ord0;page112:tag10:entity228:key00008980:ref148:ord0;page112:tag10:entity227:key0000891C:ref150:ord0;page112:tag10:entity226:key000088B8:ref152:ord0;page112:tag10:entity225:key00008854:ref156:ord0;page112:tag10:entity224:key000087F0:ref158:ord0;page112:tag10:entity223:key0000878C:ref160:ord0;page112:tag10:entity222:key00008728:ref162:ord0;page112:tag10:entity221:key000086C4:ref164:ord0;page118:tag12:entity230:key00008A48:ref144:ord0;page118:tag12:entity229:key000089E4:ref146:ord0;page118:tag12:entity228:key00008980:ref148:ord0;page118:tag12:entity227:key0000891C:ref150:ord0;page118:tag12:entity226:key000088B8:ref152:ord0;page118:tag12:entity225:key00008854:ref156:ord0;page118:tag12:entity224:key000087F0:ref158:ord0;page118:tag12:entity223:key0000878C:ref160:ord0;page118:tag12:entity222:key00008728:ref162:ord0;page118:tag12:entity221:key000086C4:ref164:ord0;page124:tag10:entity230:key00008A48:ref144:ord0;page124:tag10:entity229:key000089E4:ref146:ord0;page124:tag10:entity228:key00008980:ref148:ord0;page124:tag10:entity227:key0000891C:ref150:ord0;page124:tag10:entity226:key000088B8:ref152:ord0;page124:tag10:entity225:key00008854:ref156:ord0;page124:tag10:entity224:key000087F0:ref158:ord0;page124:tag10:entity223:key0000878C:ref160:ord0;page124:tag10:entity222:key00008728:ref162:ord0;page124:tag10:entity221:key000086C4:ref164:ord0;page130:tag12:entity230:key00008A48:ref144:ord0;page130:tag12:entity229:key000089E4:ref146:ord0;page130:tag12:entity228:key00008980:ref148:ord0;page130:tag12:entity227:key0000891C:ref150:ord0;page130:tag12:entity226:key000088B8:ref152:ord0;page130:tag12:entity225:key00008854:ref156:ord0;page130:tag12:entity224:key000087F0:ref158:ord0;page130:tag12:entity223:key0000878C:ref160:ord0;page130:tag12:entity222:key00008728:ref162:ord0;page130:tag12:entity221:key000086C4:ref164:ord0;page136:tag11:entity230:key00008A48:ref144:ord0;page136:tag11:entity229:key000089E4:ref146:ord0;page136:tag11:entity228:key00008980:ref148:ord0;page136:tag11:entity227:key0000891C:ref150:ord0;page136:tag11:entity226:key000088B8:ref152:ord0;page136:tag11:entity225:key00008854:ref156:ord0;page136:tag11:entity224:key000087F0:ref158:ord0;page136:tag11:entity223:key0000878C:ref160:ord0;page136:tag11:entity222:key00008728:ref162:ord0;page136:tag11:entity221:key000086C4:ref164:ord0;page142:tag11:entity230:key00008A48:ref144:ord0;page142:tag11:entity229:key000089E4:ref146:ord0;page142:tag11:entity228:key00008980:ref148:ord0;page142:tag11:entity227:key0000891C:ref150:ord0;page142:tag11:entity226:key000088B8:ref152:ord0;page142:tag11:entity225:key00008854:ref156:ord0;page142:tag11:entity224:key000087F0:ref158:ord0;page142:tag11:entity223:key0000878C:ref160:ord0;page142:tag11:entity222:key00008728:ref162:ord0;page142:tag11:entity221:key000086C4:ref164:ord0;page148:tag10:entity230:key00008A48:ref144:ord0;page148:tag10:entity229:key000089E4:ref146:ord0;page148:tag10:entity228:key00008980:ref148:ord0;page148:tag10:entity227:key0000891C:ref150:ord0;page148:tag10:entity226:key000088B8:ref152:ord0;page148:tag10:entity225:key00008854:ref156:ord0;page148:tag10:entity224:key000087F0:ref158:ord0;page148:tag10:entity223:key0000878C:ref160:ord0;page148:tag10:entity222:key00008728:ref162:ord0;page148:tag10:entity221:key000086C4:ref164:ord0;page154:tag11:entity230:key00008A48:ref144:ord0;page154:tag11:entity229:key000089E4:ref146:ord0;page154:tag11:entity228:key00008980:ref148:ord0;page154:tag11:entity227:key0000891C:ref150:ord0;page154:tag11:entity226:key000088B8:ref152:ord0;page154:tag11:entity225:key00008854:ref156:ord0;page154:tag11:entity224:key000087F0:ref158:ord0;page154:tag11:entity223:key0000878C:ref160:ord0;page154:tag11:entity222:key00008728:ref162:ord0;page154:tag11:entity221:key000086C4:ref164:ord0;page160:tag10:entity230:key00008A48:ref144:ord0;page160:tag10:entity229:key000089E4:ref146:ord0;page160:tag10:entity228:key00008980:ref148:ord0;page160:tag10:entity227:key0000891C:ref150:ord0;page160:tag10:entity226:key000088B8:ref152:ord0;page160:tag10:entity225:key00008854:ref156:ord0;page160:tag10:entity224:key000087F0:ref158:ord0;page160:tag10:entity223:key0000878C:ref160:ord0;page160:tag10:entity222:key00008728:ref162:ord0;page160:tag10:entity221:key000086C4:ref164:ord0;page166:tag10:entity230:key00008A48:ref144:ord0;page166:tag10:entity229:key000089E4:ref146:ord0;page166:tag10:entity228:key00008980:ref148:ord0;page166:tag10:entity227:key0000891C:ref150:ord0;page166:tag10:entity226:key000088B8:ref152:ord0;page166:tag10:entity225:key00008854:ref156:ord0;page166:tag10:entity224:key000087F0:ref158:ord0;page166:tag10:entity223:key0000878C:ref160:ord0;page166:tag10:entity222:key00008728:ref162:ord0;page166:tag10:entity221:key000086C4:ref164:ord0;page172:tag12:entity230:key00008A48:ref144:ord0;page172:tag12:entity229:key000089E4:ref146:ord0;page172:tag12:entity228:key00008980:ref148:ord0;page172:tag12:entity227:key0000891C:ref150:ord0;page172:tag12:entity226:key000088B8:ref152:ord0;page172:tag12:entity225:key00008854:ref156:ord0;page172:tag12:entity224:key000087F0:ref158:ord0;page172:tag12:entity223:key0000878C:ref160:ord0;page172:tag12:entity222:key00008728:ref162:ord0;page172:tag12:entity221:key000086C4:ref164:ord0;page178:tag10:entity230:key00008A48:ref144:ord0;page178:tag10:entity229:key000089E4:ref146:ord0;page178:tag10:entity228:key00008980:ref148:ord0;page178:tag10:entity227:key0000891C:ref150:ord0;page178:tag10:entity226:key000088B8:ref152:ord0;page178:tag10:entity225:key00008854:ref156:ord0;page178:tag10:entity224:key000087F0:ref158:ord0;page178:tag10:entity223:key0000878C:ref160:ord0;page178:tag10:entity222:key00008728:ref162:ord0;page178:tag10:entity221:key000086C4:ref164:ord0;page184:tag10:entity230:key00008A48:ref144:ord0;page184:tag10:entity229:key000089E4:ref146:ord0;page184:tag10:entity228:key00008980:ref148:ord0;page184:tag10:entity227:key0000891C:ref150:ord0;page184:tag10:entity226:key000088B8:ref152:ord0;page184:tag10:entity225:key00008854:ref156:ord0;page184:tag10:entity224:key000087F0:ref158:ord0;page184:tag10:entity223:key0000878C:ref160:ord0;page184:tag10:entity222:key00008728:ref162:ord0;page184:tag10:entity221:key000086C4:ref164:ord0;page202:tag10:entity230:key00008A48:ref144:ord0;page202:tag10:entity229:key000089E4:ref146:ord0;page202:tag10:entity228:key00008980:ref148:ord0;page202:tag10:entity227:key0000891C:ref150:ord0;page202:tag10:entity226:key000088B8:ref152:ord0;page202:tag10:entity225:key00008854:ref156:ord0;page202:tag10:entity224:key000087F0:ref158:ord0;page202:tag10:entity223:key0000878C:ref160:ord0;page202:tag10:entity222:key00008728:ref162:ord0;page202:tag10:entity221:key000086C4:ref164:ord0;page208:tag10:entity230:key00008A48:ref144:ord0;page208:tag10:entity229:key000089E4:ref146:ord0;page208:tag10:entity228:key00008980:ref148:ord0;page208:tag10:entity227:key0000891C:ref150:ord0;page208:tag10:entity226:key000088B8:ref152:ord0;page208:tag10:entity225:key00008854:ref156:ord0;page208:tag10:entity224:key000087F0:ref158:ord0;page208:tag10:entity223:key0000878C:ref160:ord0;page208:tag10:entity222:key00008728:ref162:ord0;page208:tag10:entity221:key000086C4:ref164:ord0;page214:tag11:entity230:key00008A48:ref144:ord0;page214:tag11:entity229:key000089E4:ref146:ord0;page214:tag11:entity228:key00008980:ref148:ord0;page214:tag11:entity227:key0000891C:ref150:ord0;page214:tag11:entity226:key000088B8:ref152:ord0;page214:tag11:entity225:key00008854:ref156:ord0;page214:tag11:entity224:key000087F0:ref158:ord0;page214:tag11:entity223:key0000878C:ref160:ord0;page214:tag11:entity222:key00008728:ref162:ord0;page214:tag11:entity221:key000086C4:ref164:ord0;page220:tag13:entity230:key00008A48:ref144:ord0;page220:tag13:entity229:key000089E4:ref146:ord0;page220:tag13:entity228:key00008980:ref148:ord0;page220:tag13:entity227:key0000891C:ref150:ord0;page220:tag13:entity226:key000088B8:ref152:ord0;page220:tag13:entity225:key00008854:ref156:ord0;page220:tag13:entity224:key000087F0:ref158:ord0;page220:tag13:entity223:key0000878C:ref160:ord0;page220:tag13:entity222:key00008728:ref162:ord0;page220:tag13:entity221:key000086C4:ref164:ord0;page226:tag10:entity230:key00008A48:ref144:ord0;page226:tag10:entity229:key000089E4:ref146:ord0;page226:tag10:entity228:key00008980:ref148:ord0;page226:tag10:entity227:key0000891C:ref150:ord0;page226:tag10:entity226:key000088B8:ref152:ord0;page226:tag10:entity225:key00008854:ref156:ord0;page226:tag10:entity224:key000087F0:ref158:ord0;page226:tag10:entity223:key0000878C:ref160:ord0;page226:tag10:entity222:key00008728:ref162:ord0;page226:tag10:entity221:key000086C4:ref164:ord0;page232:tag12:entity230:key00008A48:ref144:ord0;page232:tag12:entity229:key000089E4:ref146:ord0;page232:tag12:entity228:key00008980:ref148:ord0;page232:tag12:entity227:key0000891C:ref150:ord0;page232:tag12:entity226:key000088B8:ref152:ord0;page232:tag12:entity225:key00008854:ref156:ord0;page232:tag12:entity224:key000087F0:ref158:ord0;page232:tag12:entity223:key0000878C:ref160:ord0;page232:tag12:entity222:key00008728:ref162:ord0;page232:tag12:entity221:key000086C4:ref164:ord0;page244:tag10:entity230:key00008A48:ref144:ord0;page244:tag10:entity229:key000089E4:ref146:ord0;page244:tag10:entity228:key00008980:ref148:ord0;page244:tag10:entity227:key0000891C:ref150:ord0;page244:tag10:entity226:key000088B8:ref152:ord0;page244:tag10:entity225:key00008854:ref156:ord0;page244:tag10:entity224:key000087F0:ref158:ord0;page244:tag10:entity223:key0000878C:ref160:ord0;page244:tag10:entity222:key00008728:ref162:ord0;page244:tag10:entity221:key000086C4:ref164:ord0;page250:tag13:entity230:key00008A48:ref144:ord0;page250:tag13:entity229:key000089E4:ref146:ord0;page250:tag13:entity228:key00008980:ref148:ord0;page250:tag13:entity227:key0000891C:ref150:ord0;page250:tag13:entity226:key000088B8:ref152:ord0;page250:tag13:entity225:key00008854:ref156:ord0;page250:tag13:entity224:key000087F0:ref158:ord0;page250:tag13:entity223:key0000878C:ref160:ord0;page250:tag13:entity222:key00008728:ref162:ord0;page250:tag13:entity221:key000086C4:ref164:ord0;page268:tag10:entity230:key00008A48:ref144:ord0;page268:tag10:entity229:key000089E4:ref146:ord0;page268:tag10:entity228:key00008980:ref148:ord0;page268:tag10:entity227:key0000891C:ref150:ord0;page268:tag10:entity226:key000088B8:ref152:ord0;page268:tag10:entity225:key00008854:ref156:ord0;page268:tag10:entity224:key000087F0:ref158:ord0;page268:tag10:entity223:key0000878C:ref160:ord0;page268:tag10:entity222:key00008728:ref162:ord0;page268:tag10:entity221:key000086C4:ref164:ord0;page274:tag10:entity230:key00008A48:ref144:ord0;page274:tag10:entity229:key000089E4:ref146:ord0;page274:tag10:entity228:key00008980:ref148:ord0;page274:tag10:entity227:key0000891C:ref150:ord0;page274:tag10:entity226:key000088B8:ref152:ord0;page274:tag10:entity225:key00008854:ref156:ord0;page274:tag10:entity224:key000087F0:ref158:ord0;page274:tag10:entity223:key0000878C:ref160:ord0;page274:tag10:entity222:key00008728:ref162:ord0;page274:tag10:entity221:key000086C4:ref164:ord0;page280:tag11:entity230:key00008A48:ref144:ord0;page280:tag11:entity229:key000089E4:ref146:ord0;page280:tag11:entity228:key00008980:ref148:ord0;page280:tag11:entity227:key0000891C:ref150:ord0;page280:tag11:entity226:key000088B8:ref152:ord0;page280:tag11:entity225:key00008854:ref156:ord0;page280:tag11:entity224:key000087F0:ref158:ord0;page280:tag11:entity223:key0000878C:ref160:ord0;page280:tag11:entity222:key00008728:ref162:ord0;page280:tag11:entity221:key000086C4:ref164:ord0;page286:tag11:entity230:key00008A48:ref144:ord0;page286:tag11:entity229:key000089E4:ref146:ord0;page286:tag11:entity228:key00008980:ref148:ord0;page286:tag11:entity227:key0000891C:ref150:ord0;page286:tag11:entity226:key000088B8:ref152:ord0;page286:tag11:entity225:key00008854:ref156:ord0;page286:tag11:entity224:key000087F0:ref158:ord0;page286:tag11:entity223:key0000878C:ref160:ord0;page286:tag11:entity222:key00008728:ref162:ord0;page286:tag11:entity221:key000086C4:ref164:ord0;page298:tag12:entity230:key00008A48:ref144:ord0;page298:tag12:entity229:key000089E4:ref146:ord0;page298:tag12:entity228:key00008980:ref148:ord0;page298:tag12:entity227:key0000891C:ref150:ord0;page298:tag12:entity226:key000088B8:ref152:ord0;page298:tag12:entity225:key00008854:ref156:ord0;page298:tag12:entity224:key000087F0:ref158:ord0;page298:tag12:entity223:key0000878C:ref160:ord0;page298:tag12:entity222:key00008728:ref162:ord0;page298:tag12:entity221:key000086C4:ref164:ord0;page304:tag10:entity230:key00008A48:ref144:ord0;page304:tag10:entity229:key000089E4:ref146:ord0;page304:tag10:entity228:key00008980:ref148:ord0;page304:tag10:entity227:key0000891C:ref150:ord0;page304:tag10:entity226:key000088B8:ref152:ord0;page304:tag10:entity225:key00008854:ref156:ord0;page304:tag10:entity224:key000087F0:ref158:ord0;page304:tag10:entity223:key0000878C:ref160:ord0;page304:tag10:entity222:key00008728:ref162:ord0;page304:tag10:entity221:key000086C4:ref164:ord0;page310:tag12:entity230:key00008A48:ref144:ord0;page310:tag12:entity229:key000089E4:ref146:ord0;page310:tag12:entity228:key00008980:ref148:ord0;page310:tag12:entity227:key0000891C:ref150:ord0;page310:tag12:entity226:key000088B8:ref152:ord0;page310:tag12:entity225:key00008854:ref156:ord0;page310:tag12:entity224:key000087F0:ref158:ord0;page310:tag12:entity223:key0000878C:ref160:ord0;page310:tag12:entity222:key00008728:ref162:ord0;page310:tag12:entity221:key000086C4:ref164:ord0;page316:tag10:entity230:key00008A48:ref144:ord0;page316:tag10:entity229:key000089E4:ref146:ord0;page316:tag10:entity228:key00008980:ref148:ord0;page316:tag10:entity227:key0000891C:ref150:ord0;page316:tag10:entity226:key000088B8:ref152:ord0;page316:tag10:entity225:key00008854:ref156:ord0;page316:tag10:entity224:key000087F0:ref158:ord0;page316:tag10:entity223:key0000878C:ref160:ord0;page316:tag10:entity222:key00008728:ref162:ord0;page316:tag10:entity221:key000086C4:ref164:ord0;page328:tag10:entity230:key00008A48:ref144:ord0;page328:tag10:entity229:key000089E4:ref146:ord0;page328:tag10:entity228:key00008980:ref148:ord0;page328:tag10:entity227:key0000891C:ref150:ord0;page328:tag10:entity226:key000088B8:ref152:ord0;page328:tag10:entity225:key00008854:ref156:ord0;page328:tag10:entity224:key000087F0:ref158:ord0;page328:tag10:entity223:key0000878C:ref160:ord0;page328:tag10:entity222:key00008728:ref162:ord0;page328:tag10:entity221:key000086C4:ref164:ord0;page334:tag13:entity230:key00008A48:ref144:ord0;page334:tag13:entity229:key000089E4:ref146:ord0;page334:tag13:entity228:key00008980:ref148:ord0;page334:tag13:entity227:key0000891C:ref150:ord0;page334:tag13:entity226:key000088B8:ref152:ord0;page334:tag13:entity225:key00008854:ref156:ord0;page334:tag13:entity224:key000087F0:ref158:ord0;page334:tag13:entity223:key0000878C:ref160:ord0;page334:tag13:entity222:key00008728:ref162:ord0;page334:tag13:entity221:key000086C4:ref164:ord0;page340:tag13:entity230:key00008A48:ref144:ord0;page340:tag13:entity229:key000089E4:ref146:ord0;page340:tag13:entity228:key00008980:ref148:ord0;page340:tag13:entity227:key0000891C:ref150:ord0;page340:tag13:entity226:key000088B8:ref152:ord0;page340:tag13:entity225:key00008854:ref156:ord0;page340:tag13:entity224:key000087F0:ref158:ord0;page340:tag13:entity223:key0000878C:ref160:ord0;page340:tag13:entity222:key00008728:ref162:ord0;page340:tag13:entity221:key000086C4:ref164:ord0,"ゆっくり歩けば
足音で気づかれずに敵に近づける…",機密書類の位置を教える…,…北東にいる,,我告诉你机密文件的位置…,,MATCH,36,36,APPROVED,READY,NOT_TESTED,JPN_PRIMARY; MLG_CN_CONTEXT_AUXILIARY,mechanical template; resource_class=SLOT_OLANG; source_objects=380; review_flag=WEB_TRANSLATED_PENDING_CODEX_CHECK
5D81443C,68,154,154;392;154;392;154;392;154;392;154;392;154;392;154;392;154;392;154;392;154;392;154;392;154;392;154;392;154;392;154;392;154;392;154;392;154;392;154;392;154;392;154;392;154;392;154;392;154;392;154;392;154;392;154;392;154;392;154;392;154;392;154;392;154;392;154;392;154;392;154;392;154;392;154;392;154;392,76,,page76:tag17:entity34:key00000DAC:ref154:ord0;page76:tag17:entity15:key00000640:ref392:ord0;page82:tag8:entity34:key00000DAC:ref154:ord0;page82:tag8:entity15:key00000640:ref392:ord0;page88:tag13:entity34:key00000DAC:ref154:ord0;page88:tag13:entity15:key00000640:ref392:ord0;page94:tag13:entity34:key00000DAC:ref154:ord0;page94:tag13:entity15:key00000640:ref392:ord0;page100:tag12:entity34:key00000DAC:ref154:ord0;page100:tag12:entity15:key00000640:ref392:ord0;page106:tag11:entity34:key00000DAC:ref154:ord0;page106:tag11:entity15:key00000640:ref392:ord0;page112:tag10:entity34:key00000DAC:ref154:ord0;page112:tag10:entity15:key00000640:ref392:ord0;page118:tag12:entity34:key00000DAC:ref154:ord0;page118:tag12:entity15:key00000640:ref392:ord0;page124:tag10:entity34:key00000DAC:ref154:ord0;page124:tag10:entity15:key00000640:ref392:ord0;page130:tag12:entity34:key00000DAC:ref154:ord0;page130:tag12:entity15:key00000640:ref392:ord0;page136:tag11:entity34:key00000DAC:ref154:ord0;page136:tag11:entity15:key00000640:ref392:ord0;page142:tag11:entity34:key00000DAC:ref154:ord0;page142:tag11:entity15:key00000640:ref392:ord0;page148:tag10:entity34:key00000DAC:ref154:ord0;page148:tag10:entity15:key00000640:ref392:ord0;page154:tag11:entity34:key00000DAC:ref154:ord0;page154:tag11:entity15:key00000640:ref392:ord0;page160:tag10:entity34:key00000DAC:ref154:ord0;page160:tag10:entity15:key00000640:ref392:ord0;page166:tag10:entity34:key00000DAC:ref154:ord0;page166:tag10:entity15:key00000640:ref392:ord0;page172:tag12:entity34:key00000DAC:ref154:ord0;page172:tag12:entity15:key00000640:ref392:ord0;page178:tag10:entity34:key00000DAC:ref154:ord0;page178:tag10:entity15:key00000640:ref392:ord0;page184:tag10:entity34:key00000DAC:ref154:ord0;page184:tag10:entity15:key00000640:ref392:ord0;page202:tag10:entity34:key00000DAC:ref154:ord0;page202:tag10:entity15:key00000640:ref392:ord0;page208:tag10:entity34:key00000DAC:ref154:ord0;page208:tag10:entity15:key00000640:ref392:ord0;page214:tag11:entity34:key00000DAC:ref154:ord0;page214:tag11:entity15:key00000640:ref392:ord0;page220:tag13:entity34:key00000DAC:ref154:ord0;page220:tag13:entity15:key00000640:ref392:ord0;page226:tag10:entity34:key00000DAC:ref154:ord0;page226:tag10:entity15:key00000640:ref392:ord0;page232:tag12:entity34:key00000DAC:ref154:ord0;page232:tag12:entity15:key00000640:ref392:ord0;page244:tag10:entity34:key00000DAC:ref154:ord0;page244:tag10:entity15:key00000640:ref392:ord0;page250:tag13:entity34:key00000DAC:ref154:ord0;page250:tag13:entity15:key00000640:ref392:ord0;page268:tag10:entity34:key00000DAC:ref154:ord0;page268:tag10:entity15:key00000640:ref392:ord0;page274:tag10:entity34:key00000DAC:ref154:ord0;page274:tag10:entity15:key00000640:ref392:ord0;page280:tag11:entity34:key00000DAC:ref154:ord0;page280:tag11:entity15:key00000640:ref392:ord0;page286:tag11:entity34:key00000DAC:ref154:ord0;page286:tag11:entity15:key00000640:ref392:ord0;page298:tag12:entity34:key00000DAC:ref154:ord0;page298:tag12:entity15:key00000640:ref392:ord0;page304:tag10:entity34:key00000DAC:ref154:ord0;page304:tag10:entity15:key00000640:ref392:ord0;page310:tag12:entity34:key00000DAC:ref154:ord0;page310:tag12:entity15:key00000640:ref392:ord0;page316:tag10:entity34:key00000DAC:ref154:ord0;page316:tag10:entity15:key00000640:ref392:ord0;page328:tag10:entity34:key00000DAC:ref154:ord0;page328:tag10:entity15:key00000640:ref392:ord0;page334:tag13:entity34:key00000DAC:ref154:ord0;page334:tag13:entity15:key00000640:ref392:ord0;page340:tag13:entity34:key00000DAC:ref154:ord0;page340:tag13:entity15:key00000640:ref392:ord0,機密書類の位置を教える…,…北東にいる,機密書類の位置を教える…,,…在东北边,,MATCH,18,15,APPROVED,READY,NOT_TESTED,JPN_PRIMARY; MLG_CN_CONTEXT_AUXILIARY,mechanical template; resource_class=SLOT_OLANG; source_objects=76; review_flag=WEB_TRANSLATED_PENDING_CODEX_CHECK
5D81443C,69,166,166;166;166;166;166;166;166;166;166;166;166;166;166;166;166;166;166;166;166;166;166;166;166;166;166;166;166;166;166;166;166;166;166;166;166;166;166;166,38,,page76:tag17:entity220:key00008660:ref166:ord0;page82:tag8:entity220:key00008660:ref166:ord0;page88:tag13:entity220:key00008660:ref166:ord0;page94:tag13:entity220:key00008660:ref166:ord0;page100:tag12:entity220:key00008660:ref166:ord0;page106:tag11:entity220:key00008660:ref166:ord0;page112:tag10:entity220:key00008660:ref166:ord0;page118:tag12:entity220:key00008660:ref166:ord0;page124:tag10:entity220:key00008660:ref166:ord0;page130:tag12:entity220:key00008660:ref166:ord0;page136:tag11:entity220:key00008660:ref166:ord0;page142:tag11:entity220:key00008660:ref166:ord0;page148:tag10:entity220:key00008660:ref166:ord0;page154:tag11:entity220:key00008660:ref166:ord0;page160:tag10:entity220:key00008660:ref166:ord0;page166:tag10:entity220:key00008660:ref166:ord0;page172:tag12:entity220:key00008660:ref166:ord0;page178:tag10:entity220:key00008660:ref166:ord0;page184:tag10:entity220:key00008660:ref166:ord0;page202:tag10:entity220:key00008660:ref166:ord0;page208:tag10:entity220:key00008660:ref166:ord0;page214:tag11:entity220:key00008660:ref166:ord0;page220:tag13:entity220:key00008660:ref166:ord0;page226:tag10:entity220:key00008660:ref166:ord0;page232:tag12:entity220:key00008660:ref166:ord0;page244:tag10:entity220:key00008660:ref166:ord0;page250:tag13:entity220:key00008660:ref166:ord0;page268:tag10:entity220:key00008660:ref166:ord0;page274:tag10:entity220:key00008660:ref166:ord0;page280:tag11:entity220:key00008660:ref166:ord0;page286:tag11:entity220:key00008660:ref166:ord0;page298:tag12:entity220:key00008660:ref166:ord0;page304:tag10:entity220:key00008660:ref166:ord0;page310:tag12:entity220:key00008660:ref166:ord0;page316:tag10:entity220:key00008660:ref166:ord0;page328:tag10:entity220:key00008660:ref166:ord0;page334:tag13:entity220:key00008660:ref166:ord0;page340:tag13:entity220:key00008660:ref166:ord0,機密書類の位置を教える…,装備している武器によって…カムフラ率は変わる…,"武器の総重量が大きいと…
カムフラ率は低くなる…",,迷彩率会随装备的武器而变化…,,MATCH,69,42,APPROVED,READY,NOT_TESTED,JPN_PRIMARY; MLG_CN_CONTEXT_AUXILIARY,mechanical template; resource_class=SLOT_OLANG; source_objects=38; review_flag=WEB_TRANSLATED_PENDING_CODEX_CHECK
5D81443C,70,168,168;168;168;168;168;168;168;168;168;168;168;168;168;168;168;168;168;168;168;168;168;168;168;168;168;168;168;168;168;168;168;168;168;168;168;168;168;168,38,,page76:tag17:entity219:key000085FC:ref168:ord0;page82:tag8:entity219:key000085FC:ref168:ord0;page88:tag13:entity219:key000085FC:ref168:ord0;page94:tag13:entity219:key000085FC:ref168:ord0;page100:tag12:entity219:key000085FC:ref168:ord0;page106:tag11:entity219:key000085FC:ref168:ord0;page112:tag10:entity219:key000085FC:ref168:ord0;page118:tag12:entity219:key000085FC:ref168:ord0;page124:tag10:entity219:key000085FC:ref168:ord0;page130:tag12:entity219:key000085FC:ref168:ord0;page136:tag11:entity219:key000085FC:ref168:ord0;page142:tag11:entity219:key000085FC:ref168:ord0;page148:tag10:entity219:key000085FC:ref168:ord0;page154:tag11:entity219:key000085FC:ref168:ord0;page160:tag10:entity219:key000085FC:ref168:ord0;page166:tag10:entity219:key000085FC:ref168:ord0;page172:tag12:entity219:key000085FC:ref168:ord0;page178:tag10:entity219:key000085FC:ref168:ord0;page184:tag10:entity219:key000085FC:ref168:ord0;page202:tag10:entity219:key000085FC:ref168:ord0;page208:tag10:entity219:key000085FC:ref168:ord0;page214:tag11:entity219:key000085FC:ref168:ord0;page220:tag13:entity219:key000085FC:ref168:ord0;page226:tag10:entity219:key000085FC:ref168:ord0;page232:tag12:entity219:key000085FC:ref168:ord0;page244:tag10:entity219:key000085FC:ref168:ord0;page250:tag13:entity219:key000085FC:ref168:ord0;page268:tag10:entity219:key000085FC:ref168:ord0;page274:tag10:entity219:key000085FC:ref168:ord0;page280:tag11:entity219:key000085FC:ref168:ord0;page286:tag11:entity219:key000085FC:ref168:ord0;page298:tag12:entity219:key000085FC:ref168:ord0;page304:tag10:entity219:key000085FC:ref168:ord0;page310:tag12:entity219:key000085FC:ref168:ord0;page316:tag10:entity219:key000085FC:ref168:ord0;page328:tag10:entity219:key000085FC:ref168:ord0;page334:tag13:entity219:key000085FC:ref168:ord0;page340:tag13:entity219:key000085FC:ref168:ord0,装備している武器によって…カムフラ率は変わる…,"武器の総重量が大きいと…
カムフラ率は低くなる…",おしりには…急所があるらしい…,,"武器总重量越大…
迷彩率就越低…",,MATCH,70,46,APPROVED,READY,NOT_TESTED,JPN_PRIMARY; MLG_CN_CONTEXT_AUXILIARY,mechanical template; resource_class=SLOT_OLANG; source_objects=38; review_flag=WEB_TRANSLATED_PENDING_CODEX_CHECK
5D81443C,71,170,170;170;170;170;170;170;170;170;170;170;170;170;170;170;170;170;170;170;170;170;170;170;170;170;170;170;170;170;170;170;170;170;170;170;170;170;170;170,38,,page76:tag17:entity218:key00008598:ref170:ord0;page82:tag8:entity218:key00008598:ref170:ord0;page88:tag13:entity218:key00008598:ref170:ord0;page94:tag13:entity218:key00008598:ref170:ord0;page100:tag12:entity218:key00008598:ref170:ord0;page106:tag11:entity218:key00008598:ref170:ord0;page112:tag10:entity218:key00008598:ref170:ord0;page118:tag12:entity218:key00008598:ref170:ord0;page124:tag10:entity218:key00008598:ref170:ord0;page130:tag12:entity218:key00008598:ref170:ord0;page136:tag11:entity218:key00008598:ref170:ord0;page142:tag11:entity218:key00008598:ref170:ord0;page148:tag10:entity218:key00008598:ref170:ord0;page154:tag11:entity218:key00008598:ref170:ord0;page160:tag10:entity218:key00008598:ref170:ord0;page166:tag10:entity218:key00008598:ref170:ord0;page172:tag12:entity218:key00008598:ref170:ord0;page178:tag10:entity218:key00008598:ref170:ord0;page184:tag10:entity218:key00008598:ref170:ord0;page202:tag10:entity218:key00008598:ref170:ord0;page208:tag10:entity218:key00008598:ref170:ord0;page214:tag11:entity218:key00008598:ref170:ord0;page220:tag13:entity218:key00008598:ref170:ord0;page226:tag10:entity218:key00008598:ref170:ord0;page232:tag12:entity218:key00008598:ref170:ord0;page244:tag10:entity218:key00008598:ref170:ord0;page250:tag13:entity218:key00008598:ref170:ord0;page268:tag10:entity218:key00008598:ref170:ord0;page274:tag10:entity218:key00008598:ref170:ord0;page280:tag11:entity218:key00008598:ref170:ord0;page286:tag11:entity218:key00008598:ref170:ord0;page298:tag12:entity218:key00008598:ref170:ord0;page304:tag10:entity218:key00008598:ref170:ord0;page310:tag12:entity218:key00008598:ref170:ord0;page316:tag10:entity218:key00008598:ref170:ord0;page328:tag10:entity218:key00008598:ref170:ord0;page334:tag13:entity218:key00008598:ref170:ord0;page340:tag13:entity218:key00008598:ref170:ord0,"武器の総重量が大きいと…
カムフラ率は低くなる…",おしりには…急所があるらしい…,捕虜の中には…女性もいるらしい…,,听说屁股…也是要害…,,MATCH,45,30,APPROVED,READY,NOT_TESTED,JPN_PRIMARY; MLG_CN_CONTEXT_AUXILIARY,mechanical template; resource_class=SLOT_OLANG; source_objects=38; review_flag=WEB_TRANSLATED_PENDING_CODEX_CHECK
5D81443C,72,172,172;172;172;172;172;172;172;172;172;172;172;172;172;172;172;172;172;172;172;172;172;172;172;172;172;172;172;172;172;172;172;172;172;172;172;172;172;172,38,,page76:tag17:entity217:key00008534:ref172:ord0;page82:tag8:entity217:key00008534:ref172:ord0;page88:tag13:entity217:key00008534:ref172:ord0;page94:tag13:entity217:key00008534:ref172:ord0;page100:tag12:entity217:key00008534:ref172:ord0;page106:tag11:entity217:key00008534:ref172:ord0;page112:tag10:entity217:key00008534:ref172:ord0;page118:tag12:entity217:key00008534:ref172:ord0;page124:tag10:entity217:key00008534:ref172:ord0;page130:tag12:entity217:key00008534:ref172:ord0;page136:tag11:entity217:key00008534:ref172:ord0;page142:tag11:entity217:key00008534:ref172:ord0;page148:tag10:entity217:key00008534:ref172:ord0;page154:tag11:entity217:key00008534:ref172:ord0;page160:tag10:entity217:key00008534:ref172:ord0;page166:tag10:entity217:key00008534:ref172:ord0;page172:tag12:entity217:key00008534:ref172:ord0;page178:tag10:entity217:key00008534:ref172:ord0;page184:tag10:entity217:key00008534:ref172:ord0;page202:tag10:entity217:key00008534:ref172:ord0;page208:tag10:entity217:key00008534:ref172:ord0;page214:tag11:entity217:key00008534:ref172:ord0;page220:tag13:entity217:key00008534:ref172:ord0;page226:tag10:entity217:key00008534:ref172:ord0;page232:tag12:entity217:key00008534:ref172:ord0;page244:tag10:entity217:key00008534:ref172:ord0;page250:tag13:entity217:key00008534:ref172:ord0;page268:tag10:entity217:key00008534:ref172:ord0;page274:tag10:entity217:key00008534:ref172:ord0;page280:tag11:entity217:key00008534:ref172:ord0;page286:tag11:entity217:key00008534:ref172:ord0;page298:tag12:entity217:key00008534:ref172:ord0;page304:tag10:entity217:key00008534:ref172:ord0;page310:tag12:entity217:key00008534:ref172:ord0;page316:tag10:entity217:key00008534:ref172:ord0;page328:tag10:entity217:key00008534:ref172:ord0;page334:tag13:entity217:key00008534:ref172:ord0;page340:tag13:entity217:key00008534:ref172:ord0,おしりには…急所があるらしい…,捕虜の中には…女性もいるらしい…,ハンドガンはクリティカル率が高い…,,听说俘虏中…也有女性…,,MATCH,48,33,APPROVED,READY,NOT_TESTED,JPN_PRIMARY; MLG_CN_CONTEXT_AUXILIARY,mechanical template; resource_class=SLOT_OLANG; source_objects=38; review_flag=WEB_TRANSLATED_PENDING_CODEX_CHECK
5D81443C,73,174,174;174;174;174;174;174;174;174;174;174;174;174;174;174;174;174;174;174;174;174;174;174;174;174;174;174;174;174;174;174;174;174;174;174;174;174;174;174,38,,page76:tag17:entity216:key000084D0:ref174:ord0;page82:tag8:entity216:key000084D0:ref174:ord0;page88:tag13:entity216:key000084D0:ref174:ord0;page94:tag13:entity216:key000084D0:ref174:ord0;page100:tag12:entity216:key000084D0:ref174:ord0;page106:tag11:entity216:key000084D0:ref174:ord0;page112:tag10:entity216:key000084D0:ref174:ord0;page118:tag12:entity216:key000084D0:ref174:ord0;page124:tag10:entity216:key000084D0:ref174:ord0;page130:tag12:entity216:key000084D0:ref174:ord0;page136:tag11:entity216:key000084D0:ref174:ord0;page142:tag11:entity216:key000084D0:ref174:ord0;page148:tag10:entity216:key000084D0:ref174:ord0;page154:tag11:entity216:key000084D0:ref174:ord0;page160:tag10:entity216:key000084D0:ref174:ord0;page166:tag10:entity216:key000084D0:ref174:ord0;page172:tag12:entity216:key000084D0:ref174:ord0;page178:tag10:entity216:key000084D0:ref174:ord0;page184:tag10:entity216:key000084D0:ref174:ord0;page202:tag10:entity216:key000084D0:ref174:ord0;page208:tag10:entity216:key000084D0:ref174:ord0;page214:tag11:entity216:key000084D0:ref174:ord0;page220:tag13:entity216:key000084D0:ref174:ord0;page226:tag10:entity216:key000084D0:ref174:ord0;page232:tag12:entity216:key000084D0:ref174:ord0;page244:tag10:entity216:key000084D0:ref174:ord0;page250:tag13:entity216:key000084D0:ref174:ord0;page268:tag10:entity216:key000084D0:ref174:ord0;page274:tag10:entity216:key000084D0:ref174:ord0;page280:tag11:entity216:key000084D0:ref174:ord0;page286:tag11:entity216:key000084D0:ref174:ord0;page298:tag12:entity216:key000084D0:ref174:ord0;page304:tag10:entity216:key000084D0:ref174:ord0;page310:tag12:entity216:key000084D0:ref174:ord0;page316:tag10:entity216:key000084D0:ref174:ord0;page328:tag10:entity216:key000084D0:ref174:ord0;page334:tag13:entity216:key000084D0:ref174:ord0;page340:tag13:entity216:key000084D0:ref174:ord0,捕虜の中には…女性もいるらしい…,ハンドガンはクリティカル率が高い…,…北だ,,手枪的暴击率很高…,,MATCH,51,27,APPROVED,READY,NOT_TESTED,JPN_PRIMARY; MLG_CN_CONTEXT_AUXILIARY,mechanical template; resource_class=SLOT_OLANG; source_objects=38; review_flag=WEB_TRANSLATED_PENDING_CODEX_CHECK
5D81443C,74,176,176;176;176;176;176;176;176;176;176;176;176;176;176;176;176;176;176;176;176;176;176;176;176;176;176;176;176;176;176;176;176;176;176;176;176;176;176;176,38,,page76:tag17:entity33:key00000D48:ref176:ord0;page82:tag8:entity33:key00000D48:ref176:ord0;page88:tag13:entity33:key00000D48:ref176:ord0;page94:tag13:entity33:key00000D48:ref176:ord0;page100:tag12:entity33:key00000D48:ref176:ord0;page106:tag11:entity33:key00000D48:ref176:ord0;page112:tag10:entity33:key00000D48:ref176:ord0;page118:tag12:entity33:key00000D48:ref176:ord0;page124:tag10:entity33:key00000D48:ref176:ord0;page130:tag12:entity33:key00000D48:ref176:ord0;page136:tag11:entity33:key00000D48:ref176:ord0;page142:tag11:entity33:key00000D48:ref176:ord0;page148:tag10:entity33:key00000D48:ref176:ord0;page154:tag11:entity33:key00000D48:ref176:ord0;page160:tag10:entity33:key00000D48:ref176:ord0;page166:tag10:entity33:key00000D48:ref176:ord0;page172:tag12:entity33:key00000D48:ref176:ord0;page178:tag10:entity33:key00000D48:ref176:ord0;page184:tag10:entity33:key00000D48:ref176:ord0;page202:tag10:entity33:key00000D48:ref176:ord0;page208:tag10:entity33:key00000D48:ref176:ord0;page214:tag11:entity33:key00000D48:ref176:ord0;page220:tag13:entity33:key00000D48:ref176:ord0;page226:tag10:entity33:key00000D48:ref176:ord0;page232:tag12:entity33:key00000D48:ref176:ord0;page244:tag10:entity33:key00000D48:ref176:ord0;page250:tag13:entity33:key00000D48:ref176:ord0;page268:tag10:entity33:key00000D48:ref176:ord0;page274:tag10:entity33:key00000D48:ref176:ord0;page280:tag11:entity33:key00000D48:ref176:ord0;page286:tag11:entity33:key00000D48:ref176:ord0;page298:tag12:entity33:key00000D48:ref176:ord0;page304:tag10:entity33:key00000D48:ref176:ord0;page310:tag12:entity33:key00000D48:ref176:ord0;page316:tag10:entity33:key00000D48:ref176:ord0;page328:tag10:entity33:key00000D48:ref176:ord0;page334:tag13:entity33:key00000D48:ref176:ord0;page340:tag13:entity33:key00000D48:ref176:ord0,ハンドガンはクリティカル率が高い…,…北だ,クリティカルヒットすると与えるダメージは３倍だ…,,…在北边,,MATCH,9,12,APPROVED,READY,NOT_TESTED,JPN_PRIMARY; MLG_CN_CONTEXT_AUXILIARY,mechanical template; resource_class=SLOT_OLANG; source_objects=38; review_flag=WEB_TRANSLATED_PENDING_CODEX_CHECK
5D81443C,75,178,178;178;178;178;178;178;178;178;178;178;178;178;178;178;178;178;178;178;178;178;178;178;178;178;178;178;178;178;178;178;178;178;178;178;178;178;178;178,38,,page76:tag17:entity215:key0000846C:ref178:ord0;page82:tag8:entity215:key0000846C:ref178:ord0;page88:tag13:entity215:key0000846C:ref178:ord0;page94:tag13:entity215:key0000846C:ref178:ord0;page100:tag12:entity215:key0000846C:ref178:ord0;page106:tag11:entity215:key0000846C:ref178:ord0;page112:tag10:entity215:key0000846C:ref178:ord0;page118:tag12:entity215:key0000846C:ref178:ord0;page124:tag10:entity215:key0000846C:ref178:ord0;page130:tag12:entity215:key0000846C:ref178:ord0;page136:tag11:entity215:key0000846C:ref178:ord0;page142:tag11:entity215:key0000846C:ref178:ord0;page148:tag10:entity215:key0000846C:ref178:ord0;page154:tag11:entity215:key0000846C:ref178:ord0;page160:tag10:entity215:key0000846C:ref178:ord0;page166:tag10:entity215:key0000846C:ref178:ord0;page172:tag12:entity215:key0000846C:ref178:ord0;page178:tag10:entity215:key0000846C:ref178:ord0;page184:tag10:entity215:key0000846C:ref178:ord0;page202:tag10:entity215:key0000846C:ref178:ord0;page208:tag10:entity215:key0000846C:ref178:ord0;page214:tag11:entity215:key0000846C:ref178:ord0;page220:tag13:entity215:key0000846C:ref178:ord0;page226:tag10:entity215:key0000846C:ref178:ord0;page232:tag12:entity215:key0000846C:ref178:ord0;page244:tag10:entity215:key0000846C:ref178:ord0;page250:tag13:entity215:key0000846C:ref178:ord0;page268:tag10:entity215:key0000846C:ref178:ord0;page274:tag10:entity215:key0000846C:ref178:ord0;page280:tag11:entity215:key0000846C:ref178:ord0;page286:tag11:entity215:key0000846C:ref178:ord0;page298:tag12:entity215:key0000846C:ref178:ord0;page304:tag10:entity215:key0000846C:ref178:ord0;page310:tag12:entity215:key0000846C:ref178:ord0;page316:tag10:entity215:key0000846C:ref178:ord0;page328:tag10:entity215:key0000846C:ref178:ord0;page334:tag13:entity215:key0000846C:ref178:ord0;page340:tag13:entity215:key0000846C:ref178:ord0,…北だ,クリティカルヒットすると与えるダメージは３倍だ…,武器にはクリティカル率が存在する…,,暴击时造成的伤害是３倍…,,MATCH,72,36,APPROVED,READY,NOT_TESTED,JPN_PRIMARY; MLG_CN_CONTEXT_AUXILIARY,mechanical template; resource_class=SLOT_OLANG; source_objects=38; review_flag=WEB_TRANSLATED_PENDING_CODEX_CHECK
5D81443C,76,180,180;180;180;180;180;180;180;180;180;180;180;180;180;180;180;180;180;180;180;180;180;180;180;180;180;180;180;180;180;180;180;180;180;180;180;180;180;180,38,,page76:tag17:entity214:key00008408:ref180:ord0;page82:tag8:entity214:key00008408:ref180:ord0;page88:tag13:entity214:key00008408:ref180:ord0;page94:tag13:entity214:key00008408:ref180:ord0;page100:tag12:entity214:key00008408:ref180:ord0;page106:tag11:entity214:key00008408:ref180:ord0;page112:tag10:entity214:key00008408:ref180:ord0;page118:tag12:entity214:key00008408:ref180:ord0;page124:tag10:entity214:key00008408:ref180:ord0;page130:tag12:entity214:key00008408:ref180:ord0;page136:tag11:entity214:key00008408:ref180:ord0;page142:tag11:entity214:key00008408:ref180:ord0;page148:tag10:entity214:key00008408:ref180:ord0;page154:tag11:entity214:key00008408:ref180:ord0;page160:tag10:entity214:key00008408:ref180:ord0;page166:tag10:entity214:key00008408:ref180:ord0;page172:tag12:entity214:key00008408:ref180:ord0;page178:tag10:entity214:key00008408:ref180:ord0;page184:tag10:entity214:key00008408:ref180:ord0;page202:tag10:entity214:key00008408:ref180:ord0;page208:tag10:entity214:key00008408:ref180:ord0;page214:tag11:entity214:key00008408:ref180:ord0;page220:tag13:entity214:key00008408:ref180:ord0;page226:tag10:entity214:key00008408:ref180:ord0;page232:tag12:entity214:key00008408:ref180:ord0;page244:tag10:entity214:key00008408:ref180:ord0;page250:tag13:entity214:key00008408:ref180:ord0;page268:tag10:entity214:key00008408:ref180:ord0;page274:tag10:entity214:key00008408:ref180:ord0;page280:tag11:entity214:key00008408:ref180:ord0;page286:tag11:entity214:key00008408:ref180:ord0;page298:tag12:entity214:key00008408:ref180:ord0;page304:tag10:entity214:key00008408:ref180:ord0;page310:tag12:entity214:key00008408:ref180:ord0;page316:tag10:entity214:key00008408:ref180:ord0;page328:tag10:entity214:key00008408:ref180:ord0;page334:tag13:entity214:key00008408:ref180:ord0;page340:tag13:entity214:key00008408:ref180:ord0,クリティカルヒットすると与えるダメージは３倍だ…,武器にはクリティカル率が存在する…,兵士の中には特殊なスキルを持つものがいるらしい…,,武器都有暴击率…,,MATCH,51,24,APPROVED,READY,NOT_TESTED,JPN_PRIMARY; MLG_CN_CONTEXT_AUXILIARY,mechanical template; resource_class=SLOT_OLANG; source_objects=38; review_flag=WEB_TRANSLATED_PENDING_CODEX_CHECK
5D81443C,77,182,182;182;182;182;182;182;182;182;182;182;182;182;182;182;182;182;182;182;182;182;182;182;182;182;182;182;182;182;182;182;182;182;182;182;182;182;182;182,38,,page76:tag17:entity213:key000083A4:ref182:ord0;page82:tag8:entity213:key000083A4:ref182:ord0;page88:tag13:entity213:key000083A4:ref182:ord0;page94:tag13:entity213:key000083A4:ref182:ord0;page100:tag12:entity213:key000083A4:ref182:ord0;page106:tag11:entity213:key000083A4:ref182:ord0;page112:tag10:entity213:key000083A4:ref182:ord0;page118:tag12:entity213:key000083A4:ref182:ord0;page124:tag10:entity213:key000083A4:ref182:ord0;page130:tag12:entity213:key000083A4:ref182:ord0;page136:tag11:entity213:key000083A4:ref182:ord0;page142:tag11:entity213:key000083A4:ref182:ord0;page148:tag10:entity213:key000083A4:ref182:ord0;page154:tag11:entity213:key000083A4:ref182:ord0;page160:tag10:entity213:key000083A4:ref182:ord0;page166:tag10:entity213:key000083A4:ref182:ord0;page172:tag12:entity213:key000083A4:ref182:ord0;page178:tag10:entity213:key000083A4:ref182:ord0;page184:tag10:entity213:key000083A4:ref182:ord0;page202:tag10:entity213:key000083A4:ref182:ord0;page208:tag10:entity213:key000083A4:ref182:ord0;page214:tag11:entity213:key000083A4:ref182:ord0;page220:tag13:entity213:key000083A4:ref182:ord0;page226:tag10:entity213:key000083A4:ref182:ord0;page232:tag12:entity213:key000083A4:ref182:ord0;page244:tag10:entity213:key000083A4:ref182:ord0;page250:tag13:entity213:key000083A4:ref182:ord0;page268:tag10:entity213:key000083A4:ref182:ord0;page274:tag10:entity213:key000083A4:ref182:ord0;page280:tag11:entity213:key000083A4:ref182:ord0;page286:tag11:entity213:key000083A4:ref182:ord0;page298:tag12:entity213:key000083A4:ref182:ord0;page304:tag10:entity213:key000083A4:ref182:ord0;page310:tag12:entity213:key000083A4:ref182:ord0;page316:tag10:entity213:key000083A4:ref182:ord0;page328:tag10:entity213:key000083A4:ref182:ord0;page334:tag13:entity213:key000083A4:ref182:ord0;page340:tag13:entity213:key000083A4:ref182:ord0,武器にはクリティカル率が存在する…,兵士の中には特殊なスキルを持つものがいるらしい…,アナライザーを使えば…様々な情報がわかる…,,听说有些士兵拥有特殊技能…,,MATCH,72,39,APPROVED,READY,NOT_TESTED,JPN_PRIMARY; MLG_CN_CONTEXT_AUXILIARY,mechanical template; resource_class=SLOT_OLANG; source_objects=38; review_flag=WEB_TRANSLATED_PENDING_CODEX_CHECK
5D81443C,78,184,184;184;184;184;184;184;184;184;184;184;184;184;184;184;184;184;184;184;184;184;184;184;184;184;184;184;184;184;184;184;184;184;184;184;184;184;184;184,38,,page76:tag17:entity212:key00008340:ref184:ord0;page82:tag8:entity212:key00008340:ref184:ord0;page88:tag13:entity212:key00008340:ref184:ord0;page94:tag13:entity212:key00008340:ref184:ord0;page100:tag12:entity212:key00008340:ref184:ord0;page106:tag11:entity212:key00008340:ref184:ord0;page112:tag10:entity212:key00008340:ref184:ord0;page118:tag12:entity212:key00008340:ref184:ord0;page124:tag10:entity212:key00008340:ref184:ord0;page130:tag12:entity212:key00008340:ref184:ord0;page136:tag11:entity212:key00008340:ref184:ord0;page142:tag11:entity212:key00008340:ref184:ord0;page148:tag10:entity212:key00008340:ref184:ord0;page154:tag11:entity212:key00008340:ref184:ord0;page160:tag10:entity212:key00008340:ref184:ord0;page166:tag10:entity212:key00008340:ref184:ord0;page172:tag12:entity212:key00008340:ref184:ord0;page178:tag10:entity212:key00008340:ref184:ord0;page184:tag10:entity212:key00008340:ref184:ord0;page202:tag10:entity212:key00008340:ref184:ord0;page208:tag10:entity212:key00008340:ref184:ord0;page214:tag11:entity212:key00008340:ref184:ord0;page220:tag13:entity212:key00008340:ref184:ord0;page226:tag10:entity212:key00008340:ref184:ord0;page232:tag12:entity212:key00008340:ref184:ord0;page244:tag10:entity212:key00008340:ref184:ord0;page250:tag13:entity212:key00008340:ref184:ord0;page268:tag10:entity212:key00008340:ref184:ord0;page274:tag10:entity212:key00008340:ref184:ord0;page280:tag11:entity212:key00008340:ref184:ord0;page286:tag11:entity212:key00008340:ref184:ord0;page298:tag12:entity212:key00008340:ref184:ord0;page304:tag10:entity212:key00008340:ref184:ord0;page310:tag12:entity212:key00008340:ref184:ord0;page316:tag10:entity212:key00008340:ref184:ord0;page328:tag10:entity212:key00008340:ref184:ord0;page334:tag13:entity212:key00008340:ref184:ord0;page340:tag13:entity212:key00008340:ref184:ord0,兵士の中には特殊なスキルを持つものがいるらしい…,アナライザーを使えば…様々な情報がわかる…,"麻酔弾は…一発当たれば
時間と共に効いていく…",,使用分析器…就能了解各种信息…,,MATCH,63,45,APPROVED,READY,NOT_TESTED,JPN_PRIMARY; MLG_CN_CONTEXT_AUXILIARY,mechanical template; resource_class=SLOT_OLANG; source_objects=38; review_flag=WEB_TRANSLATED_PENDING_CODEX_CHECK
5D81443C,79,186,186;186;186;186;186;186;186;186;186;186;186;186;186;186;186;186;186;186;186;186;186;186;186;186;186;186;186;186;186;186;186;186;186;186;186;186;186;186,38,,page76:tag17:entity211:key000082DC:ref186:ord0;page82:tag8:entity211:key000082DC:ref186:ord0;page88:tag13:entity211:key000082DC:ref186:ord0;page94:tag13:entity211:key000082DC:ref186:ord0;page100:tag12:entity211:key000082DC:ref186:ord0;page106:tag11:entity211:key000082DC:ref186:ord0;page112:tag10:entity211:key000082DC:ref186:ord0;page118:tag12:entity211:key000082DC:ref186:ord0;page124:tag10:entity211:key000082DC:ref186:ord0;page130:tag12:entity211:key000082DC:ref186:ord0;page136:tag11:entity211:key000082DC:ref186:ord0;page142:tag11:entity211:key000082DC:ref186:ord0;page148:tag10:entity211:key000082DC:ref186:ord0;page154:tag11:entity211:key000082DC:ref186:ord0;page160:tag10:entity211:key000082DC:ref186:ord0;page166:tag10:entity211:key000082DC:ref186:ord0;page172:tag12:entity211:key000082DC:ref186:ord0;page178:tag10:entity211:key000082DC:ref186:ord0;page184:tag10:entity211:key000082DC:ref186:ord0;page202:tag10:entity211:key000082DC:ref186:ord0;page208:tag10:entity211:key000082DC:ref186:ord0;page214:tag11:entity211:key000082DC:ref186:ord0;page220:tag13:entity211:key000082DC:ref186:ord0;page226:tag10:entity211:key000082DC:ref186:ord0;page232:tag12:entity211:key000082DC:ref186:ord0;page244:tag10:entity211:key000082DC:ref186:ord0;page250:tag13:entity211:key000082DC:ref186:ord0;page268:tag10:entity211:key000082DC:ref186:ord0;page274:tag10:entity211:key000082DC:ref186:ord0;page280:tag11:entity211:key000082DC:ref186:ord0;page286:tag11:entity211:key000082DC:ref186:ord0;page298:tag12:entity211:key000082DC:ref186:ord0;page304:tag10:entity211:key000082DC:ref186:ord0;page310:tag12:entity211:key000082DC:ref186:ord0;page316:tag10:entity211:key000082DC:ref186:ord0;page328:tag10:entity211:key000082DC:ref186:ord0;page334:tag13:entity211:key000082DC:ref186:ord0;page340:tag13:entity211:key000082DC:ref186:ord0,アナライザーを使えば…様々な情報がわかる…,"麻酔弾は…一発当たれば
時間と共に効いていく…",勲章をとると英雄度が上がる…,,"麻醉弹…只要命中一发
就会随着时间逐渐起效…",,MATCH,67,64,APPROVED,READY,NOT_TESTED,JPN_PRIMARY; MLG_CN_CONTEXT_AUXILIARY,mechanical template; resource_class=SLOT_OLANG; source_objects=38; review_flag=WEB_TRANSLATED_PENDING_CODEX_CHECK
5D81443C,80,188,188;188;188;188;188;188;188;188;188;188;188;188;188;188;188;188;188;188;188;188;188;188;188;188;188;188;188;188;188;188;188;188;188;188;188;188;188;188,38,,page76:tag17:entity210:key00008278:ref188:ord0;page82:tag8:entity210:key00008278:ref188:ord0;page88:tag13:entity210:key00008278:ref188:ord0;page94:tag13:entity210:key00008278:ref188:ord0;page100:tag12:entity210:key00008278:ref188:ord0;page106:tag11:entity210:key00008278:ref188:ord0;page112:tag10:entity210:key00008278:ref188:ord0;page118:tag12:entity210:key00008278:ref188:ord0;page124:tag10:entity210:key00008278:ref188:ord0;page130:tag12:entity210:key00008278:ref188:ord0;page136:tag11:entity210:key00008278:ref188:ord0;page142:tag11:entity210:key00008278:ref188:ord0;page148:tag10:entity210:key00008278:ref188:ord0;page154:tag11:entity210:key00008278:ref188:ord0;page160:tag10:entity210:key00008278:ref188:ord0;page166:tag10:entity210:key00008278:ref188:ord0;page172:tag12:entity210:key00008278:ref188:ord0;page178:tag10:entity210:key00008278:ref188:ord0;page184:tag10:entity210:key00008278:ref188:ord0;page202:tag10:entity210:key00008278:ref188:ord0;page208:tag10:entity210:key00008278:ref188:ord0;page214:tag11:entity210:key00008278:ref188:ord0;page220:tag13:entity210:key00008278:ref188:ord0;page226:tag10:entity210:key00008278:ref188:ord0;page232:tag12:entity210:key00008278:ref188:ord0;page244:tag10:entity210:key00008278:ref188:ord0;page250:tag13:entity210:key00008278:ref188:ord0;page268:tag10:entity210:key00008278:ref188:ord0;page274:tag10:entity210:key00008278:ref188:ord0;page280:tag11:entity210:key00008278:ref188:ord0;page286:tag11:entity210:key00008278:ref188:ord0;page298:tag12:entity210:key00008278:ref188:ord0;page304:tag10:entity210:key00008278:ref188:ord0;page310:tag12:entity210:key00008278:ref188:ord0;page316:tag10:entity210:key00008278:ref188:ord0;page328:tag10:entity210:key00008278:ref188:ord0;page334:tag13:entity210:key00008278:ref188:ord0;page340:tag13:entity210:key00008278:ref188:ord0,"麻酔弾は…一発当たれば
時間と共に効いていく…",勲章をとると英雄度が上がる…,称号はその人のプレイスタイルを表す…,,获得勋章后英雄度会提升…,,MATCH,42,36,APPROVED,READY,NOT_TESTED,JPN_PRIMARY; MLG_CN_CONTEXT_AUXILIARY,mechanical template; resource_class=SLOT_OLANG; source_objects=38; review_flag=WEB_TRANSLATED_PENDING_CODEX_CHECK
5D81443C,81,190,190;190;190;190;190;190;190;190;190;190;190;190;190;190;190;190;190;190;190;190;190;190;190;190;190;190;190;190;190;190;190;190;190;190;190;190;190;190,38,,page76:tag17:entity209:key00008214:ref190:ord0;page82:tag8:entity209:key00008214:ref190:ord0;page88:tag13:entity209:key00008214:ref190:ord0;page94:tag13:entity209:key00008214:ref190:ord0;page100:tag12:entity209:key00008214:ref190:ord0;page106:tag11:entity209:key00008214:ref190:ord0;page112:tag10:entity209:key00008214:ref190:ord0;page118:tag12:entity209:key00008214:ref190:ord0;page124:tag10:entity209:key00008214:ref190:ord0;page130:tag12:entity209:key00008214:ref190:ord0;page136:tag11:entity209:key00008214:ref190:ord0;page142:tag11:entity209:key00008214:ref190:ord0;page148:tag10:entity209:key00008214:ref190:ord0;page154:tag11:entity209:key00008214:ref190:ord0;page160:tag10:entity209:key00008214:ref190:ord0;page166:tag10:entity209:key00008214:ref190:ord0;page172:tag12:entity209:key00008214:ref190:ord0;page178:tag10:entity209:key00008214:ref190:ord0;page184:tag10:entity209:key00008214:ref190:ord0;page202:tag10:entity209:key00008214:ref190:ord0;page208:tag10:entity209:key00008214:ref190:ord0;page214:tag11:entity209:key00008214:ref190:ord0;page220:tag13:entity209:key00008214:ref190:ord0;page226:tag10:entity209:key00008214:ref190:ord0;page232:tag12:entity209:key00008214:ref190:ord0;page244:tag10:entity209:key00008214:ref190:ord0;page250:tag13:entity209:key00008214:ref190:ord0;page268:tag10:entity209:key00008214:ref190:ord0;page274:tag10:entity209:key00008214:ref190:ord0;page280:tag11:entity209:key00008214:ref190:ord0;page286:tag11:entity209:key00008214:ref190:ord0;page298:tag12:entity209:key00008214:ref190:ord0;page304:tag10:entity209:key00008214:ref190:ord0;page310:tag12:entity209:key00008214:ref190:ord0;page316:tag10:entity209:key00008214:ref190:ord0;page328:tag10:entity209:key00008214:ref190:ord0;page334:tag13:entity209:key00008214:ref190:ord0;page340:tag13:entity209:key00008214:ref190:ord0,勲章をとると英雄度が上がる…,称号はその人のプレイスタイルを表す…,"武器に早く馴染みたければ…
ヘッドショットで腕を磨くといい",,称号代表一个人的游玩风格…,,MATCH,54,39,APPROVED,READY,NOT_TESTED,JPN_PRIMARY; MLG_CN_CONTEXT_AUXILIARY,mechanical template; resource_class=SLOT_OLANG; source_objects=38; review_flag=WEB_TRANSLATED_PENDING_CODEX_CHECK
5D81443C,82,192,192;192;192;192;192;192;192;192;192;192;192;192;192;192;192;192;192;192;192;192;192;192;192;192;192;192;192;192;192;192;192;192;192;192;192;192;192;192,38,,page76:tag17:entity208:key000081B0:ref192:ord0;page82:tag8:entity208:key000081B0:ref192:ord0;page88:tag13:entity208:key000081B0:ref192:ord0;page94:tag13:entity208:key000081B0:ref192:ord0;page100:tag12:entity208:key000081B0:ref192:ord0;page106:tag11:entity208:key000081B0:ref192:ord0;page112:tag10:entity208:key000081B0:ref192:ord0;page118:tag12:entity208:key000081B0:ref192:ord0;page124:tag10:entity208:key000081B0:ref192:ord0;page130:tag12:entity208:key000081B0:ref192:ord0;page136:tag11:entity208:key000081B0:ref192:ord0;page142:tag11:entity208:key000081B0:ref192:ord0;page148:tag10:entity208:key000081B0:ref192:ord0;page154:tag11:entity208:key000081B0:ref192:ord0;page160:tag10:entity208:key000081B0:ref192:ord0;page166:tag10:entity208:key000081B0:ref192:ord0;page172:tag12:entity208:key000081B0:ref192:ord0;page178:tag10:entity208:key000081B0:ref192:ord0;page184:tag10:entity208:key000081B0:ref192:ord0;page202:tag10:entity208:key000081B0:ref192:ord0;page208:tag10:entity208:key000081B0:ref192:ord0;page214:tag11:entity208:key000081B0:ref192:ord0;page220:tag13:entity208:key000081B0:ref192:ord0;page226:tag10:entity208:key000081B0:ref192:ord0;page232:tag12:entity208:key000081B0:ref192:ord0;page244:tag10:entity208:key000081B0:ref192:ord0;page250:tag13:entity208:key000081B0:ref192:ord0;page268:tag10:entity208:key000081B0:ref192:ord0;page274:tag10:entity208:key000081B0:ref192:ord0;page280:tag11:entity208:key000081B0:ref192:ord0;page286:tag11:entity208:key000081B0:ref192:ord0;page298:tag12:entity208:key000081B0:ref192:ord0;page304:tag10:entity208:key000081B0:ref192:ord0;page310:tag12:entity208:key000081B0:ref192:ord0;page316:tag10:entity208:key000081B0:ref192:ord0;page328:tag10:entity208:key000081B0:ref192:ord0;page334:tag13:entity208:key000081B0:ref192:ord0;page340:tag13:entity208:key000081B0:ref192:ord0,称号はその人のプレイスタイルを表す…,"武器に早く馴染みたければ…
ヘッドショットで腕を磨くといい","同じ武器を使い続ければ…
その性能を引き出しやすくなる…",,"想尽快熟悉武器的话…
就用爆头来磨练技术吧",,MATCH,85,61,APPROVED,READY,NOT_TESTED,JPN_PRIMARY; MLG_CN_CONTEXT_AUXILIARY,mechanical template; resource_class=SLOT_OLANG; source_objects=38; review_flag=WEB_TRANSLATED_PENDING_CODEX_CHECK
5D81443C,83,194,194;194;194;194;194;194;194;194;194;194;194;194;194;194;194;194;194;194;194;194;194;194;194;194;194;194;194;194;194;194;194;194;194;194;194;194;194;194,38,,page76:tag17:entity207:key0000814C:ref194:ord0;page82:tag8:entity207:key0000814C:ref194:ord0;page88:tag13:entity207:key0000814C:ref194:ord0;page94:tag13:entity207:key0000814C:ref194:ord0;page100:tag12:entity207:key0000814C:ref194:ord0;page106:tag11:entity207:key0000814C:ref194:ord0;page112:tag10:entity207:key0000814C:ref194:ord0;page118:tag12:entity207:key0000814C:ref194:ord0;page124:tag10:entity207:key0000814C:ref194:ord0;page130:tag12:entity207:key0000814C:ref194:ord0;page136:tag11:entity207:key0000814C:ref194:ord0;page142:tag11:entity207:key0000814C:ref194:ord0;page148:tag10:entity207:key0000814C:ref194:ord0;page154:tag11:entity207:key0000814C:ref194:ord0;page160:tag10:entity207:key0000814C:ref194:ord0;page166:tag10:entity207:key0000814C:ref194:ord0;page172:tag12:entity207:key0000814C:ref194:ord0;page178:tag10:entity207:key0000814C:ref194:ord0;page184:tag10:entity207:key0000814C:ref194:ord0;page202:tag10:entity207:key0000814C:ref194:ord0;page208:tag10:entity207:key0000814C:ref194:ord0;page214:tag11:entity207:key0000814C:ref194:ord0;page220:tag13:entity207:key0000814C:ref194:ord0;page226:tag10:entity207:key0000814C:ref194:ord0;page232:tag12:entity207:key0000814C:ref194:ord0;page244:tag10:entity207:key0000814C:ref194:ord0;page250:tag13:entity207:key0000814C:ref194:ord0;page268:tag10:entity207:key0000814C:ref194:ord0;page274:tag10:entity207:key0000814C:ref194:ord0;page280:tag11:entity207:key0000814C:ref194:ord0;page286:tag11:entity207:key0000814C:ref194:ord0;page298:tag12:entity207:key0000814C:ref194:ord0;page304:tag10:entity207:key0000814C:ref194:ord0;page310:tag12:entity207:key0000814C:ref194:ord0;page316:tag10:entity207:key0000814C:ref194:ord0;page328:tag10:entity207:key0000814C:ref194:ord0;page334:tag13:entity207:key0000814C:ref194:ord0;page340:tag13:entity207:key0000814C:ref194:ord0,"武器に早く馴染みたければ…
ヘッドショットで腕を磨くといい","同じ武器を使い続ければ…
その性能を引き出しやすくなる…",マップを見てみろ…,,"持续使用同一种武器…
就更容易发挥它的性能…",,MATCH,82,64,APPROVED,READY,NOT_TESTED,JPN_PRIMARY; MLG_CN_CONTEXT_AUXILIARY,mechanical template; resource_class=SLOT_OLANG; source_objects=38; review_flag=WEB_TRANSLATED_PENDING_CODEX_CHECK
5D81443C,84,196,196;196;196;196;196;196;196;196;196;196;196;196;196;196;196;196;196;196;196;196;196;196;196;196;196;196;196;196;196;196;196;196;196;196;196;196;196;196,38,,page76:tag17:entity206:key000080E8:ref196:ord0;page82:tag8:entity206:key000080E8:ref196:ord0;page88:tag13:entity206:key000080E8:ref196:ord0;page94:tag13:entity206:key000080E8:ref196:ord0;page100:tag12:entity206:key000080E8:ref196:ord0;page106:tag11:entity206:key000080E8:ref196:ord0;page112:tag10:entity206:key000080E8:ref196:ord0;page118:tag12:entity206:key000080E8:ref196:ord0;page124:tag10:entity206:key000080E8:ref196:ord0;page130:tag12:entity206:key000080E8:ref196:ord0;page136:tag11:entity206:key000080E8:ref196:ord0;page142:tag11:entity206:key000080E8:ref196:ord0;page148:tag10:entity206:key000080E8:ref196:ord0;page154:tag11:entity206:key000080E8:ref196:ord0;page160:tag10:entity206:key000080E8:ref196:ord0;page166:tag10:entity206:key000080E8:ref196:ord0;page172:tag12:entity206:key000080E8:ref196:ord0;page178:tag10:entity206:key000080E8:ref196:ord0;page184:tag10:entity206:key000080E8:ref196:ord0;page202:tag10:entity206:key000080E8:ref196:ord0;page208:tag10:entity206:key000080E8:ref196:ord0;page214:tag11:entity206:key000080E8:ref196:ord0;page220:tag13:entity206:key000080E8:ref196:ord0;page226:tag10:entity206:key000080E8:ref196:ord0;page232:tag12:entity206:key000080E8:ref196:ord0;page244:tag10:entity206:key000080E8:ref196:ord0;page250:tag13:entity206:key000080E8:ref196:ord0;page268:tag10:entity206:key000080E8:ref196:ord0;page274:tag10:entity206:key000080E8:ref196:ord0;page280:tag11:entity206:key000080E8:ref196:ord0;page286:tag11:entity206:key000080E8:ref196:ord0;page298:tag12:entity206:key000080E8:ref196:ord0;page304:tag10:entity206:key000080E8:ref196:ord0;page310:tag12:entity206:key000080E8:ref196:ord0;page316:tag10:entity206:key000080E8:ref196:ord0;page328:tag10:entity206:key000080E8:ref196:ord0;page334:tag13:entity206:key000080E8:ref196:ord0;page340:tag13:entity206:key000080E8:ref196:ord0,"同じ武器を使い続ければ…
その性能を引き出しやすくなる…",マップを見てみろ…,…北西の部屋だ,,看看地图吧…,,MATCH,27,18,APPROVED,READY,NOT_TESTED,JPN_PRIMARY; MLG_CN_CONTEXT_AUXILIARY,mechanical template; resource_class=SLOT_OLANG; source_objects=38; review_flag=WEB_TRANSLATED_PENDING_CODEX_CHECK
5D81443C,85,198,198;198;198;198;198;198;198;198;198;198;198;198;198;198;198;198;198;198;198;198;198;198;198;198;198;198;198;198;198;198;198;198;198;198;198;198;198;198,38,,page76:tag17:entity32:key00000CE4:ref198:ord0;page82:tag8:entity32:key00000CE4:ref198:ord0;page88:tag13:entity32:key00000CE4:ref198:ord0;page94:tag13:entity32:key00000CE4:ref198:ord0;page100:tag12:entity32:key00000CE4:ref198:ord0;page106:tag11:entity32:key00000CE4:ref198:ord0;page112:tag10:entity32:key00000CE4:ref198:ord0;page118:tag12:entity32:key00000CE4:ref198:ord0;page124:tag10:entity32:key00000CE4:ref198:ord0;page130:tag12:entity32:key00000CE4:ref198:ord0;page136:tag11:entity32:key00000CE4:ref198:ord0;page142:tag11:entity32:key00000CE4:ref198:ord0;page148:tag10:entity32:key00000CE4:ref198:ord0;page154:tag11:entity32:key00000CE4:ref198:ord0;page160:tag10:entity32:key00000CE4:ref198:ord0;page166:tag10:entity32:key00000CE4:ref198:ord0;page172:tag12:entity32:key00000CE4:ref198:ord0;page178:tag10:entity32:key00000CE4:ref198:ord0;page184:tag10:entity32:key00000CE4:ref198:ord0;page202:tag10:entity32:key00000CE4:ref198:ord0;page208:tag10:entity32:key00000CE4:ref198:ord0;page214:tag11:entity32:key00000CE4:ref198:ord0;page220:tag13:entity32:key00000CE4:ref198:ord0;page226:tag10:entity32:key00000CE4:ref198:ord0;page232:tag12:entity32:key00000CE4:ref198:ord0;page244:tag10:entity32:key00000CE4:ref198:ord0;page250:tag13:entity32:key00000CE4:ref198:ord0;page268:tag10:entity32:key00000CE4:ref198:ord0;page274:tag10:entity32:key00000CE4:ref198:ord0;page280:tag11:entity32:key00000CE4:ref198:ord0;page286:tag11:entity32:key00000CE4:ref198:ord0;page298:tag12:entity32:key00000CE4:ref198:ord0;page304:tag10:entity32:key00000CE4:ref198:ord0;page310:tag12:entity32:key00000CE4:ref198:ord0;page316:tag10:entity32:key00000CE4:ref198:ord0;page328:tag10:entity32:key00000CE4:ref198:ord0;page334:tag13:entity32:key00000CE4:ref198:ord0;page340:tag13:entity32:key00000CE4:ref198:ord0,マップを見てみろ…,…北西の部屋だ,エネミーサーチは 索敵に便利だ…,,…在西北边的房间,,MATCH,21,24,APPROVED,READY,NOT_TESTED,JPN_PRIMARY; MLG_CN_CONTEXT_AUXILIARY,mechanical template; resource_class=SLOT_OLANG; source_objects=38; review_flag=WEB_TRANSLATED_PENDING_CODEX_CHECK
5D81443C,86,200,200;200;200;200;200;200;200;200;200;200;200;200;200;200;200;200;200;200;200;200;200;200;200;200;200;200;200;200;200;200;200;200;200;200;200;200;200;200,38,,page76:tag17:entity205:key00008084:ref200:ord0;page82:tag8:entity205:key00008084:ref200:ord0;page88:tag13:entity205:key00008084:ref200:ord0;page94:tag13:entity205:key00008084:ref200:ord0;page100:tag12:entity205:key00008084:ref200:ord0;page106:tag11:entity205:key00008084:ref200:ord0;page112:tag10:entity205:key00008084:ref200:ord0;page118:tag12:entity205:key00008084:ref200:ord0;page124:tag10:entity205:key00008084:ref200:ord0;page130:tag12:entity205:key00008084:ref200:ord0;page136:tag11:entity205:key00008084:ref200:ord0;page142:tag11:entity205:key00008084:ref200:ord0;page148:tag10:entity205:key00008084:ref200:ord0;page154:tag11:entity205:key00008084:ref200:ord0;page160:tag10:entity205:key00008084:ref200:ord0;page166:tag10:entity205:key00008084:ref200:ord0;page172:tag12:entity205:key00008084:ref200:ord0;page178:tag10:entity205:key00008084:ref200:ord0;page184:tag10:entity205:key00008084:ref200:ord0;page202:tag10:entity205:key00008084:ref200:ord0;page208:tag10:entity205:key00008084:ref200:ord0;page214:tag11:entity205:key00008084:ref200:ord0;page220:tag13:entity205:key00008084:ref200:ord0;page226:tag10:entity205:key00008084:ref200:ord0;page232:tag12:entity205:key00008084:ref200:ord0;page244:tag10:entity205:key00008084:ref200:ord0;page250:tag13:entity205:key00008084:ref200:ord0;page268:tag10:entity205:key00008084:ref200:ord0;page274:tag10:entity205:key00008084:ref200:ord0;page280:tag11:entity205:key00008084:ref200:ord0;page286:tag11:entity205:key00008084:ref200:ord0;page298:tag12:entity205:key00008084:ref200:ord0;page304:tag10:entity205:key00008084:ref200:ord0;page310:tag12:entity205:key00008084:ref200:ord0;page316:tag10:entity205:key00008084:ref200:ord0;page328:tag10:entity205:key00008084:ref200:ord0;page334:tag13:entity205:key00008084:ref200:ord0;page340:tag13:entity205:key00008084:ref200:ord0,…北西の部屋だ,エネミーサーチは 索敵に便利だ…,『OPTIONS』で様々な設定が変えられるらしい…,,敌人搜索用来索敌很方便…,,MATCH,46,36,APPROVED,READY,NOT_TESTED,JPN_PRIMARY; MLG_CN_CONTEXT_AUXILIARY,mechanical template; resource_class=SLOT_OLANG; source_objects=38; review_flag=WEB_TRANSLATED_PENDING_CODEX_CHECK
5D81443C,87,202,202;202;202;202;202;202;202;202;202;202;202;202;202;202;202;202;202;202;202;202;202;202;202;202;202;202;202;202;202;202;202;202;202;202;202;202;202;202,38,,page76:tag17:entity204:key00008020:ref202:ord0;page82:tag8:entity204:key00008020:ref202:ord0;page88:tag13:entity204:key00008020:ref202:ord0;page94:tag13:entity204:key00008020:ref202:ord0;page100:tag12:entity204:key00008020:ref202:ord0;page106:tag11:entity204:key00008020:ref202:ord0;page112:tag10:entity204:key00008020:ref202:ord0;page118:tag12:entity204:key00008020:ref202:ord0;page124:tag10:entity204:key00008020:ref202:ord0;page130:tag12:entity204:key00008020:ref202:ord0;page136:tag11:entity204:key00008020:ref202:ord0;page142:tag11:entity204:key00008020:ref202:ord0;page148:tag10:entity204:key00008020:ref202:ord0;page154:tag11:entity204:key00008020:ref202:ord0;page160:tag10:entity204:key00008020:ref202:ord0;page166:tag10:entity204:key00008020:ref202:ord0;page172:tag12:entity204:key00008020:ref202:ord0;page178:tag10:entity204:key00008020:ref202:ord0;page184:tag10:entity204:key00008020:ref202:ord0;page202:tag10:entity204:key00008020:ref202:ord0;page208:tag10:entity204:key00008020:ref202:ord0;page214:tag11:entity204:key00008020:ref202:ord0;page220:tag13:entity204:key00008020:ref202:ord0;page226:tag10:entity204:key00008020:ref202:ord0;page232:tag12:entity204:key00008020:ref202:ord0;page244:tag10:entity204:key00008020:ref202:ord0;page250:tag13:entity204:key00008020:ref202:ord0;page268:tag10:entity204:key00008020:ref202:ord0;page274:tag10:entity204:key00008020:ref202:ord0;page280:tag11:entity204:key00008020:ref202:ord0;page286:tag11:entity204:key00008020:ref202:ord0;page298:tag12:entity204:key00008020:ref202:ord0;page304:tag10:entity204:key00008020:ref202:ord0;page310:tag12:entity204:key00008020:ref202:ord0;page316:tag10:entity204:key00008020:ref202:ord0;page328:tag10:entity204:key00008020:ref202:ord0;page334:tag13:entity204:key00008020:ref202:ord0;page340:tag13:entity204:key00008020:ref202:ord0,エネミーサーチは 索敵に便利だ…,『OPTIONS』で様々な設定が変えられるらしい…,仲間がいれば強力な威力を発揮する武器がある…,,听说可以在『OPTIONS』里更改各种设置…,,MATCH,61,52,APPROVED,READY,NOT_TESTED,JPN_PRIMARY; MLG_CN_CONTEXT_AUXILIARY,mechanical template; resource_class=SLOT_OLANG; source_objects=38; review_flag=WEB_TRANSLATED_PENDING_CODEX_CHECK
5D81443C,88,204,204;204;204;204;204;204;204;204;204;204;204;204;204;204;204;204;204;204;204;204;204;204;204;204;204;204;204;204;204;204;204;204;204;204;204;204;204;204,38,,page76:tag17:entity203:key00007FBC:ref204:ord0;page82:tag8:entity203:key00007FBC:ref204:ord0;page88:tag13:entity203:key00007FBC:ref204:ord0;page94:tag13:entity203:key00007FBC:ref204:ord0;page100:tag12:entity203:key00007FBC:ref204:ord0;page106:tag11:entity203:key00007FBC:ref204:ord0;page112:tag10:entity203:key00007FBC:ref204:ord0;page118:tag12:entity203:key00007FBC:ref204:ord0;page124:tag10:entity203:key00007FBC:ref204:ord0;page130:tag12:entity203:key00007FBC:ref204:ord0;page136:tag11:entity203:key00007FBC:ref204:ord0;page142:tag11:entity203:key00007FBC:ref204:ord0;page148:tag10:entity203:key00007FBC:ref204:ord0;page154:tag11:entity203:key00007FBC:ref204:ord0;page160:tag10:entity203:key00007FBC:ref204:ord0;page166:tag10:entity203:key00007FBC:ref204:ord0;page172:tag12:entity203:key00007FBC:ref204:ord0;page178:tag10:entity203:key00007FBC:ref204:ord0;page184:tag10:entity203:key00007FBC:ref204:ord0;page202:tag10:entity203:key00007FBC:ref204:ord0;page208:tag10:entity203:key00007FBC:ref204:ord0;page214:tag11:entity203:key00007FBC:ref204:ord0;page220:tag13:entity203:key00007FBC:ref204:ord0;page226:tag10:entity203:key00007FBC:ref204:ord0;page232:tag12:entity203:key00007FBC:ref204:ord0;page244:tag10:entity203:key00007FBC:ref204:ord0;page250:tag13:entity203:key00007FBC:ref204:ord0;page268:tag10:entity203:key00007FBC:ref204:ord0;page274:tag10:entity203:key00007FBC:ref204:ord0;page280:tag11:entity203:key00007FBC:ref204:ord0;page286:tag11:entity203:key00007FBC:ref204:ord0;page298:tag12:entity203:key00007FBC:ref204:ord0;page304:tag10:entity203:key00007FBC:ref204:ord0;page310:tag12:entity203:key00007FBC:ref204:ord0;page316:tag10:entity203:key00007FBC:ref204:ord0;page328:tag10:entity203:key00007FBC:ref204:ord0;page334:tag13:entity203:key00007FBC:ref204:ord0;page340:tag13:entity203:key00007FBC:ref204:ord0,『OPTIONS』で様々な設定が変えられるらしい…,仲間がいれば強力な威力を発揮する武器がある…,"高いところから落ちても
藁の中に落下すれば無傷だ…",,有些武器有同伴协助时能发挥强大威力…,,MATCH,66,54,APPROVED,READY,NOT_TESTED,JPN_PRIMARY; MLG_CN_CONTEXT_AUXILIARY,mechanical template; resource_class=SLOT_OLANG; source_objects=38; review_flag=WEB_TRANSLATED_PENDING_CODEX_CHECK
5D81443C,89,206,206;206;206;206;206;206;206;206;206;206;206;206;206;206;206;206;206;206;206;206;206;206;206;206;206;206;206;206;206;206;206;206;206;206;206;206;206;206,38,,page76:tag17:entity202:key00007F58:ref206:ord0;page82:tag8:entity202:key00007F58:ref206:ord0;page88:tag13:entity202:key00007F58:ref206:ord0;page94:tag13:entity202:key00007F58:ref206:ord0;page100:tag12:entity202:key00007F58:ref206:ord0;page106:tag11:entity202:key00007F58:ref206:ord0;page112:tag10:entity202:key00007F58:ref206:ord0;page118:tag12:entity202:key00007F58:ref206:ord0;page124:tag10:entity202:key00007F58:ref206:ord0;page130:tag12:entity202:key00007F58:ref206:ord0;page136:tag11:entity202:key00007F58:ref206:ord0;page142:tag11:entity202:key00007F58:ref206:ord0;page148:tag10:entity202:key00007F58:ref206:ord0;page154:tag11:entity202:key00007F58:ref206:ord0;page160:tag10:entity202:key00007F58:ref206:ord0;page166:tag10:entity202:key00007F58:ref206:ord0;page172:tag12:entity202:key00007F58:ref206:ord0;page178:tag10:entity202:key00007F58:ref206:ord0;page184:tag10:entity202:key00007F58:ref206:ord0;page202:tag10:entity202:key00007F58:ref206:ord0;page208:tag10:entity202:key00007F58:ref206:ord0;page214:tag11:entity202:key00007F58:ref206:ord0;page220:tag13:entity202:key00007F58:ref206:ord0;page226:tag10:entity202:key00007F58:ref206:ord0;page232:tag12:entity202:key00007F58:ref206:ord0;page244:tag10:entity202:key00007F58:ref206:ord0;page250:tag13:entity202:key00007F58:ref206:ord0;page268:tag10:entity202:key00007F58:ref206:ord0;page274:tag10:entity202:key00007F58:ref206:ord0;page280:tag11:entity202:key00007F58:ref206:ord0;page286:tag11:entity202:key00007F58:ref206:ord0;page298:tag12:entity202:key00007F58:ref206:ord0;page304:tag10:entity202:key00007F58:ref206:ord0;page310:tag12:entity202:key00007F58:ref206:ord0;page316:tag10:entity202:key00007F58:ref206:ord0;page328:tag10:entity202:key00007F58:ref206:ord0;page334:tag13:entity202:key00007F58:ref206:ord0;page340:tag13:entity202:key00007F58:ref206:ord0,仲間がいれば強力な威力を発揮する武器がある…,"高いところから落ちても
藁の中に落下すれば無傷だ…",つまったときは…無線を使えば…,,"就算从高处落下
只要掉进稻草里就不会受伤…",,MATCH,73,61,APPROVED,READY,NOT_TESTED,JPN_PRIMARY; MLG_CN_CONTEXT_AUXILIARY,mechanical template; resource_class=SLOT_OLANG; source_objects=38; review_flag=WEB_TRANSLATED_PENDING_CODEX_CHECK
5D81443C,90,208,208;208;208;208;208;208;208;208;208;208;208;208;208;208;208;208;208;208;208;208;208;208;208;208;208;208;208;208;208;208;208;208;208;208;208;208;208;208,38,,page76:tag17:entity201:key00007EF4:ref208:ord0;page82:tag8:entity201:key00007EF4:ref208:ord0;page88:tag13:entity201:key00007EF4:ref208:ord0;page94:tag13:entity201:key00007EF4:ref208:ord0;page100:tag12:entity201:key00007EF4:ref208:ord0;page106:tag11:entity201:key00007EF4:ref208:ord0;page112:tag10:entity201:key00007EF4:ref208:ord0;page118:tag12:entity201:key00007EF4:ref208:ord0;page124:tag10:entity201:key00007EF4:ref208:ord0;page130:tag12:entity201:key00007EF4:ref208:ord0;page136:tag11:entity201:key00007EF4:ref208:ord0;page142:tag11:entity201:key00007EF4:ref208:ord0;page148:tag10:entity201:key00007EF4:ref208:ord0;page154:tag11:entity201:key00007EF4:ref208:ord0;page160:tag10:entity201:key00007EF4:ref208:ord0;page166:tag10:entity201:key00007EF4:ref208:ord0;page172:tag12:entity201:key00007EF4:ref208:ord0;page178:tag10:entity201:key00007EF4:ref208:ord0;page184:tag10:entity201:key00007EF4:ref208:ord0;page202:tag10:entity201:key00007EF4:ref208:ord0;page208:tag10:entity201:key00007EF4:ref208:ord0;page214:tag11:entity201:key00007EF4:ref208:ord0;page220:tag13:entity201:key00007EF4:ref208:ord0;page226:tag10:entity201:key00007EF4:ref208:ord0;page232:tag12:entity201:key00007EF4:ref208:ord0;page244:tag10:entity201:key00007EF4:ref208:ord0;page250:tag13:entity201:key00007EF4:ref208:ord0;page268:tag10:entity201:key00007EF4:ref208:ord0;page274:tag10:entity201:key00007EF4:ref208:ord0;page280:tag11:entity201:key00007EF4:ref208:ord0;page286:tag11:entity201:key00007EF4:ref208:ord0;page298:tag12:entity201:key00007EF4:ref208:ord0;page304:tag10:entity201:key00007EF4:ref208:ord0;page310:tag12:entity201:key00007EF4:ref208:ord0;page316:tag10:entity201:key00007EF4:ref208:ord0;page328:tag10:entity201:key00007EF4:ref208:ord0;page334:tag13:entity201:key00007EF4:ref208:ord0;page340:tag13:entity201:key00007EF4:ref208:ord0,"高いところから落ちても
藁の中に落下すれば無傷だ…",つまったときは…無線を使えば…,わからないことは仲間に無線して聞くものだろう…,,卡住的时候…就用无线电…,,MATCH,45,36,APPROVED,READY,NOT_TESTED,JPN_PRIMARY; MLG_CN_CONTEXT_AUXILIARY,mechanical template; resource_class=SLOT_OLANG; source_objects=38; review_flag=WEB_TRANSLATED_PENDING_CODEX_CHECK
5D81443C,91,210,210;210;210;210;210;210;210;210;210;210;210;210;210;210;210;210;210;210;210;210;210;210;210;210;210;210;210;210;210;210;210;210;210;210;210;210;210;210,38,,page76:tag17:entity200:key00007E90:ref210:ord0;page82:tag8:entity200:key00007E90:ref210:ord0;page88:tag13:entity200:key00007E90:ref210:ord0;page94:tag13:entity200:key00007E90:ref210:ord0;page100:tag12:entity200:key00007E90:ref210:ord0;page106:tag11:entity200:key00007E90:ref210:ord0;page112:tag10:entity200:key00007E90:ref210:ord0;page118:tag12:entity200:key00007E90:ref210:ord0;page124:tag10:entity200:key00007E90:ref210:ord0;page130:tag12:entity200:key00007E90:ref210:ord0;page136:tag11:entity200:key00007E90:ref210:ord0;page142:tag11:entity200:key00007E90:ref210:ord0;page148:tag10:entity200:key00007E90:ref210:ord0;page154:tag11:entity200:key00007E90:ref210:ord0;page160:tag10:entity200:key00007E90:ref210:ord0;page166:tag10:entity200:key00007E90:ref210:ord0;page172:tag12:entity200:key00007E90:ref210:ord0;page178:tag10:entity200:key00007E90:ref210:ord0;page184:tag10:entity200:key00007E90:ref210:ord0;page202:tag10:entity200:key00007E90:ref210:ord0;page208:tag10:entity200:key00007E90:ref210:ord0;page214:tag11:entity200:key00007E90:ref210:ord0;page220:tag13:entity200:key00007E90:ref210:ord0;page226:tag10:entity200:key00007E90:ref210:ord0;page232:tag12:entity200:key00007E90:ref210:ord0;page244:tag10:entity200:key00007E90:ref210:ord0;page250:tag13:entity200:key00007E90:ref210:ord0;page268:tag10:entity200:key00007E90:ref210:ord0;page274:tag10:entity200:key00007E90:ref210:ord0;page280:tag11:entity200:key00007E90:ref210:ord0;page286:tag11:entity200:key00007E90:ref210:ord0;page298:tag12:entity200:key00007E90:ref210:ord0;page304:tag10:entity200:key00007E90:ref210:ord0;page310:tag12:entity200:key00007E90:ref210:ord0;page316:tag10:entity200:key00007E90:ref210:ord0;page328:tag10:entity200:key00007E90:ref210:ord0;page334:tag13:entity200:key00007E90:ref210:ord0;page340:tag13:entity200:key00007E90:ref210:ord0,つまったときは…無線を使えば…,わからないことは仲間に無線して聞くものだろう…,英雄の元には…志願兵が集まる…,,有不明白的事 就用无线电问同伴吧…,,MATCH,69,49,APPROVED,READY,NOT_TESTED,JPN_PRIMARY; MLG_CN_CONTEXT_AUXILIARY,mechanical template; resource_class=SLOT_OLANG; source_objects=38; review_flag=WEB_TRANSLATED_PENDING_CODEX_CHECK
5D81443C,92,212,212;212;212;212;212;212;212;212;212;212;212;212;212;212;212;212;212;212;212;212;212;212;212;212;212;212;212;212;212;212;212;212;212;212;212;212;212;212,38,,page76:tag17:entity199:key00007E2C:ref212:ord0;page82:tag8:entity199:key00007E2C:ref212:ord0;page88:tag13:entity199:key00007E2C:ref212:ord0;page94:tag13:entity199:key00007E2C:ref212:ord0;page100:tag12:entity199:key00007E2C:ref212:ord0;page106:tag11:entity199:key00007E2C:ref212:ord0;page112:tag10:entity199:key00007E2C:ref212:ord0;page118:tag12:entity199:key00007E2C:ref212:ord0;page124:tag10:entity199:key00007E2C:ref212:ord0;page130:tag12:entity199:key00007E2C:ref212:ord0;page136:tag11:entity199:key00007E2C:ref212:ord0;page142:tag11:entity199:key00007E2C:ref212:ord0;page148:tag10:entity199:key00007E2C:ref212:ord0;page154:tag11:entity199:key00007E2C:ref212:ord0;page160:tag10:entity199:key00007E2C:ref212:ord0;page166:tag10:entity199:key00007E2C:ref212:ord0;page172:tag12:entity199:key00007E2C:ref212:ord0;page178:tag10:entity199:key00007E2C:ref212:ord0;page184:tag10:entity199:key00007E2C:ref212:ord0;page202:tag10:entity199:key00007E2C:ref212:ord0;page208:tag10:entity199:key00007E2C:ref212:ord0;page214:tag11:entity199:key00007E2C:ref212:ord0;page220:tag13:entity199:key00007E2C:ref212:ord0;page226:tag10:entity199:key00007E2C:ref212:ord0;page232:tag12:entity199:key00007E2C:ref212:ord0;page244:tag10:entity199:key00007E2C:ref212:ord0;page250:tag13:entity199:key00007E2C:ref212:ord0;page268:tag10:entity199:key00007E2C:ref212:ord0;page274:tag10:entity199:key00007E2C:ref212:ord0;page280:tag11:entity199:key00007E2C:ref212:ord0;page286:tag11:entity199:key00007E2C:ref212:ord0;page298:tag12:entity199:key00007E2C:ref212:ord0;page304:tag10:entity199:key00007E2C:ref212:ord0;page310:tag12:entity199:key00007E2C:ref212:ord0;page316:tag10:entity199:key00007E2C:ref212:ord0;page328:tag10:entity199:key00007E2C:ref212:ord0;page334:tag13:entity199:key00007E2C:ref212:ord0;page340:tag13:entity199:key00007E2C:ref212:ord0,わからないことは仲間に無線して聞くものだろう…,英雄の元には…志願兵が集まる…,ここには…あと５人見張りがいる…,,英雄身边…会聚集志愿兵…,,MATCH,45,36,APPROVED,READY,NOT_TESTED,JPN_PRIMARY; MLG_CN_CONTEXT_AUXILIARY,mechanical template; resource_class=SLOT_OLANG; source_objects=38; review_flag=WEB_TRANSLATED_PENDING_CODEX_CHECK
5D81443C,93,214,214;214;214;214;214;214;214;214;214;214;214;214;214;214;214;214;214;214;214;214;214;214;214;214;214;214;214;214;214;214;214;214;214;214;214;214;214;214,38,,page76:tag17:entity198:key00007DC8:ref214:ord0;page82:tag8:entity198:key00007DC8:ref214:ord0;page88:tag13:entity198:key00007DC8:ref214:ord0;page94:tag13:entity198:key00007DC8:ref214:ord0;page100:tag12:entity198:key00007DC8:ref214:ord0;page106:tag11:entity198:key00007DC8:ref214:ord0;page112:tag10:entity198:key00007DC8:ref214:ord0;page118:tag12:entity198:key00007DC8:ref214:ord0;page124:tag10:entity198:key00007DC8:ref214:ord0;page130:tag12:entity198:key00007DC8:ref214:ord0;page136:tag11:entity198:key00007DC8:ref214:ord0;page142:tag11:entity198:key00007DC8:ref214:ord0;page148:tag10:entity198:key00007DC8:ref214:ord0;page154:tag11:entity198:key00007DC8:ref214:ord0;page160:tag10:entity198:key00007DC8:ref214:ord0;page166:tag10:entity198:key00007DC8:ref214:ord0;page172:tag12:entity198:key00007DC8:ref214:ord0;page178:tag10:entity198:key00007DC8:ref214:ord0;page184:tag10:entity198:key00007DC8:ref214:ord0;page202:tag10:entity198:key00007DC8:ref214:ord0;page208:tag10:entity198:key00007DC8:ref214:ord0;page214:tag11:entity198:key00007DC8:ref214:ord0;page220:tag13:entity198:key00007DC8:ref214:ord0;page226:tag10:entity198:key00007DC8:ref214:ord0;page232:tag12:entity198:key00007DC8:ref214:ord0;page244:tag10:entity198:key00007DC8:ref214:ord0;page250:tag13:entity198:key00007DC8:ref214:ord0;page268:tag10:entity198:key00007DC8:ref214:ord0;page274:tag10:entity198:key00007DC8:ref214:ord0;page280:tag11:entity198:key00007DC8:ref214:ord0;page286:tag11:entity198:key00007DC8:ref214:ord0;page298:tag12:entity198:key00007DC8:ref214:ord0;page304:tag10:entity198:key00007DC8:ref214:ord0;page310:tag12:entity198:key00007DC8:ref214:ord0;page316:tag10:entity198:key00007DC8:ref214:ord0;page328:tag10:entity198:key00007DC8:ref214:ord0;page334:tag13:entity198:key00007DC8:ref214:ord0;page340:tag13:entity198:key00007DC8:ref214:ord0,英雄の元には…志願兵が集まる…,ここには…あと５人見張りがいる…,ここには…あと４人見張りがいる…,,这里…还有５个守卫…,,MATCH,48,30,APPROVED,READY,NOT_TESTED,JPN_PRIMARY; MLG_CN_CONTEXT_AUXILIARY,mechanical template; resource_class=SLOT_OLANG; source_objects=38; review_flag=WEB_TRANSLATED_PENDING_CODEX_CHECK
5D81443C,94,216,216;216;216;216;216;216;216;216;216;216;216;216;216;216;216;216;216;216;216;216;216;216;216;216;216;216;216;216;216;216;216;216;216;216;216;216;216;216,38,,page76:tag17:entity197:key00007D64:ref216:ord0;page82:tag8:entity197:key00007D64:ref216:ord0;page88:tag13:entity197:key00007D64:ref216:ord0;page94:tag13:entity197:key00007D64:ref216:ord0;page100:tag12:entity197:key00007D64:ref216:ord0;page106:tag11:entity197:key00007D64:ref216:ord0;page112:tag10:entity197:key00007D64:ref216:ord0;page118:tag12:entity197:key00007D64:ref216:ord0;page124:tag10:entity197:key00007D64:ref216:ord0;page130:tag12:entity197:key00007D64:ref216:ord0;page136:tag11:entity197:key00007D64:ref216:ord0;page142:tag11:entity197:key00007D64:ref216:ord0;page148:tag10:entity197:key00007D64:ref216:ord0;page154:tag11:entity197:key00007D64:ref216:ord0;page160:tag10:entity197:key00007D64:ref216:ord0;page166:tag10:entity197:key00007D64:ref216:ord0;page172:tag12:entity197:key00007D64:ref216:ord0;page178:tag10:entity197:key00007D64:ref216:ord0;page184:tag10:entity197:key00007D64:ref216:ord0;page202:tag10:entity197:key00007D64:ref216:ord0;page208:tag10:entity197:key00007D64:ref216:ord0;page214:tag11:entity197:key00007D64:ref216:ord0;page220:tag13:entity197:key00007D64:ref216:ord0;page226:tag10:entity197:key00007D64:ref216:ord0;page232:tag12:entity197:key00007D64:ref216:ord0;page244:tag10:entity197:key00007D64:ref216:ord0;page250:tag13:entity197:key00007D64:ref216:ord0;page268:tag10:entity197:key00007D64:ref216:ord0;page274:tag10:entity197:key00007D64:ref216:ord0;page280:tag11:entity197:key00007D64:ref216:ord0;page286:tag11:entity197:key00007D64:ref216:ord0;page298:tag12:entity197:key00007D64:ref216:ord0;page304:tag10:entity197:key00007D64:ref216:ord0;page310:tag12:entity197:key00007D64:ref216:ord0;page316:tag10:entity197:key00007D64:ref216:ord0;page328:tag10:entity197:key00007D64:ref216:ord0;page334:tag13:entity197:key00007D64:ref216:ord0;page340:tag13:entity197:key00007D64:ref216:ord0,ここには…あと５人見張りがいる…,ここには…あと４人見張りがいる…,ここには…あと３人見張りがいる…,,这里…还有４个守卫…,,MATCH,48,30,APPROVED,READY,NOT_TESTED,JPN_PRIMARY; MLG_CN_CONTEXT_AUXILIARY,mechanical template; resource_class=SLOT_OLANG; source_objects=38; review_flag=WEB_TRANSLATED_PENDING_CODEX_CHECK
5D81443C,95,218,218;218;218;218;218;218;218;218;218;218;218;218;218;218;218;218;218;218;218;218;218;218;218;218;218;218;218;218;218;218;218;218;218;218;218;218;218;218,38,,page76:tag17:entity196:key00007D00:ref218:ord0;page82:tag8:entity196:key00007D00:ref218:ord0;page88:tag13:entity196:key00007D00:ref218:ord0;page94:tag13:entity196:key00007D00:ref218:ord0;page100:tag12:entity196:key00007D00:ref218:ord0;page106:tag11:entity196:key00007D00:ref218:ord0;page112:tag10:entity196:key00007D00:ref218:ord0;page118:tag12:entity196:key00007D00:ref218:ord0;page124:tag10:entity196:key00007D00:ref218:ord0;page130:tag12:entity196:key00007D00:ref218:ord0;page136:tag11:entity196:key00007D00:ref218:ord0;page142:tag11:entity196:key00007D00:ref218:ord0;page148:tag10:entity196:key00007D00:ref218:ord0;page154:tag11:entity196:key00007D00:ref218:ord0;page160:tag10:entity196:key00007D00:ref218:ord0;page166:tag10:entity196:key00007D00:ref218:ord0;page172:tag12:entity196:key00007D00:ref218:ord0;page178:tag10:entity196:key00007D00:ref218:ord0;page184:tag10:entity196:key00007D00:ref218:ord0;page202:tag10:entity196:key00007D00:ref218:ord0;page208:tag10:entity196:key00007D00:ref218:ord0;page214:tag11:entity196:key00007D00:ref218:ord0;page220:tag13:entity196:key00007D00:ref218:ord0;page226:tag10:entity196:key00007D00:ref218:ord0;page232:tag12:entity196:key00007D00:ref218:ord0;page244:tag10:entity196:key00007D00:ref218:ord0;page250:tag13:entity196:key00007D00:ref218:ord0;page268:tag10:entity196:key00007D00:ref218:ord0;page274:tag10:entity196:key00007D00:ref218:ord0;page280:tag11:entity196:key00007D00:ref218:ord0;page286:tag11:entity196:key00007D00:ref218:ord0;page298:tag12:entity196:key00007D00:ref218:ord0;page304:tag10:entity196:key00007D00:ref218:ord0;page310:tag12:entity196:key00007D00:ref218:ord0;page316:tag10:entity196:key00007D00:ref218:ord0;page328:tag10:entity196:key00007D00:ref218:ord0;page334:tag13:entity196:key00007D00:ref218:ord0;page340:tag13:entity196:key00007D00:ref218:ord0,ここには…あと４人見張りがいる…,ここには…あと３人見張りがいる…,…西の部屋だ,,这里…还有３个守卫…,,MATCH,48,30,APPROVED,READY,NOT_TESTED,JPN_PRIMARY; MLG_CN_CONTEXT_AUXILIARY,mechanical template; resource_class=SLOT_OLANG; source_objects=38; review_flag=WEB_TRANSLATED_PENDING_CODEX_CHECK
5D81443C,96,220,220;220;220;220;220;220;220;220;220;220;220;220;220;220;220;220;220;220;220;220;220;220;220;220;220;220;220;220;220;220;220;220;220;220;220;220;220;220,38,,page76:tag17:entity31:key00000C80:ref220:ord0;page82:tag8:entity31:key00000C80:ref220:ord0;page88:tag13:entity31:key00000C80:ref220:ord0;page94:tag13:entity31:key00000C80:ref220:ord0;page100:tag12:entity31:key00000C80:ref220:ord0;page106:tag11:entity31:key00000C80:ref220:ord0;page112:tag10:entity31:key00000C80:ref220:ord0;page118:tag12:entity31:key00000C80:ref220:ord0;page124:tag10:entity31:key00000C80:ref220:ord0;page130:tag12:entity31:key00000C80:ref220:ord0;page136:tag11:entity31:key00000C80:ref220:ord0;page142:tag11:entity31:key00000C80:ref220:ord0;page148:tag10:entity31:key00000C80:ref220:ord0;page154:tag11:entity31:key00000C80:ref220:ord0;page160:tag10:entity31:key00000C80:ref220:ord0;page166:tag10:entity31:key00000C80:ref220:ord0;page172:tag12:entity31:key00000C80:ref220:ord0;page178:tag10:entity31:key00000C80:ref220:ord0;page184:tag10:entity31:key00000C80:ref220:ord0;page202:tag10:entity31:key00000C80:ref220:ord0;page208:tag10:entity31:key00000C80:ref220:ord0;page214:tag11:entity31:key00000C80:ref220:ord0;page220:tag13:entity31:key00000C80:ref220:ord0;page226:tag10:entity31:key00000C80:ref220:ord0;page232:tag12:entity31:key00000C80:ref220:ord0;page244:tag10:entity31:key00000C80:ref220:ord0;page250:tag13:entity31:key00000C80:ref220:ord0;page268:tag10:entity31:key00000C80:ref220:ord0;page274:tag10:entity31:key00000C80:ref220:ord0;page280:tag11:entity31:key00000C80:ref220:ord0;page286:tag11:entity31:key00000C80:ref220:ord0;page298:tag12:entity31:key00000C80:ref220:ord0;page304:tag10:entity31:key00000C80:ref220:ord0;page310:tag12:entity31:key00000C80:ref220:ord0;page316:tag10:entity31:key00000C80:ref220:ord0;page328:tag10:entity31:key00000C80:ref220:ord0;page334:tag13:entity31:key00000C80:ref220:ord0;page340:tag13:entity31:key00000C80:ref220:ord0,ここには…あと３人見張りがいる…,…西の部屋だ,ここには…あと２人見張りがいる…,,…在西边的房间,,MATCH,18,21,APPROVED,READY,NOT_TESTED,JPN_PRIMARY; MLG_CN_CONTEXT_AUXILIARY,mechanical template; resource_class=SLOT_OLANG; source_objects=38; review_flag=WEB_TRANSLATED_PENDING_CODEX_CHECK
5D81443C,97,222,222;222;222;222;222;222;222;222;222;222;222;222;222;222;222;222;222;222;222;222;222;222;222;222;222;222;222;222;222;222;222;222;222;222;222;222;222;222,38,,page76:tag17:entity195:key00007C9C:ref222:ord0;page82:tag8:entity195:key00007C9C:ref222:ord0;page88:tag13:entity195:key00007C9C:ref222:ord0;page94:tag13:entity195:key00007C9C:ref222:ord0;page100:tag12:entity195:key00007C9C:ref222:ord0;page106:tag11:entity195:key00007C9C:ref222:ord0;page112:tag10:entity195:key00007C9C:ref222:ord0;page118:tag12:entity195:key00007C9C:ref222:ord0;page124:tag10:entity195:key00007C9C:ref222:ord0;page130:tag12:entity195:key00007C9C:ref222:ord0;page136:tag11:entity195:key00007C9C:ref222:ord0;page142:tag11:entity195:key00007C9C:ref222:ord0;page148:tag10:entity195:key00007C9C:ref222:ord0;page154:tag11:entity195:key00007C9C:ref222:ord0;page160:tag10:entity195:key00007C9C:ref222:ord0;page166:tag10:entity195:key00007C9C:ref222:ord0;page172:tag12:entity195:key00007C9C:ref222:ord0;page178:tag10:entity195:key00007C9C:ref222:ord0;page184:tag10:entity195:key00007C9C:ref222:ord0;page202:tag10:entity195:key00007C9C:ref222:ord0;page208:tag10:entity195:key00007C9C:ref222:ord0;page214:tag11:entity195:key00007C9C:ref222:ord0;page220:tag13:entity195:key00007C9C:ref222:ord0;page226:tag10:entity195:key00007C9C:ref222:ord0;page232:tag12:entity195:key00007C9C:ref222:ord0;page244:tag10:entity195:key00007C9C:ref222:ord0;page250:tag13:entity195:key00007C9C:ref222:ord0;page268:tag10:entity195:key00007C9C:ref222:ord0;page274:tag10:entity195:key00007C9C:ref222:ord0;page280:tag11:entity195:key00007C9C:ref222:ord0;page286:tag11:entity195:key00007C9C:ref222:ord0;page298:tag12:entity195:key00007C9C:ref222:ord0;page304:tag10:entity195:key00007C9C:ref222:ord0;page310:tag12:entity195:key00007C9C:ref222:ord0;page316:tag10:entity195:key00007C9C:ref222:ord0;page328:tag10:entity195:key00007C9C:ref222:ord0;page334:tag13:entity195:key00007C9C:ref222:ord0;page340:tag13:entity195:key00007C9C:ref222:ord0,…西の部屋だ,ここには…あと２人見張りがいる…,ここには…もう１人見張りがいる…,,这里…还有２个守卫…,,MATCH,48,30,APPROVED,READY,NOT_TESTED,JPN_PRIMARY; MLG_CN_CONTEXT_AUXILIARY,mechanical template; resource_class=SLOT_OLANG; source_objects=38; review_flag=WEB_TRANSLATED_PENDING_CODEX_CHECK
5D81443C,98,224,224;224;224;224;224;224;224;224;224;224;224;224;224;224;224;224;224;224;224;224;224;224;224;224;224;224;224;224;224;224;224;224;224;224;224;224;224;224,38,,page76:tag17:entity194:key00007C38:ref224:ord0;page82:tag8:entity194:key00007C38:ref224:ord0;page88:tag13:entity194:key00007C38:ref224:ord0;page94:tag13:entity194:key00007C38:ref224:ord0;page100:tag12:entity194:key00007C38:ref224:ord0;page106:tag11:entity194:key00007C38:ref224:ord0;page112:tag10:entity194:key00007C38:ref224:ord0;page118:tag12:entity194:key00007C38:ref224:ord0;page124:tag10:entity194:key00007C38:ref224:ord0;page130:tag12:entity194:key00007C38:ref224:ord0;page136:tag11:entity194:key00007C38:ref224:ord0;page142:tag11:entity194:key00007C38:ref224:ord0;page148:tag10:entity194:key00007C38:ref224:ord0;page154:tag11:entity194:key00007C38:ref224:ord0;page160:tag10:entity194:key00007C38:ref224:ord0;page166:tag10:entity194:key00007C38:ref224:ord0;page172:tag12:entity194:key00007C38:ref224:ord0;page178:tag10:entity194:key00007C38:ref224:ord0;page184:tag10:entity194:key00007C38:ref224:ord0;page202:tag10:entity194:key00007C38:ref224:ord0;page208:tag10:entity194:key00007C38:ref224:ord0;page214:tag11:entity194:key00007C38:ref224:ord0;page220:tag13:entity194:key00007C38:ref224:ord0;page226:tag10:entity194:key00007C38:ref224:ord0;page232:tag12:entity194:key00007C38:ref224:ord0;page244:tag10:entity194:key00007C38:ref224:ord0;page250:tag13:entity194:key00007C38:ref224:ord0;page268:tag10:entity194:key00007C38:ref224:ord0;page274:tag10:entity194:key00007C38:ref224:ord0;page280:tag11:entity194:key00007C38:ref224:ord0;page286:tag11:entity194:key00007C38:ref224:ord0;page298:tag12:entity194:key00007C38:ref224:ord0;page304:tag10:entity194:key00007C38:ref224:ord0;page310:tag12:entity194:key00007C38:ref224:ord0;page316:tag10:entity194:key00007C38:ref224:ord0;page328:tag10:entity194:key00007C38:ref224:ord0;page334:tag13:entity194:key00007C38:ref224:ord0;page340:tag13:entity194:key00007C38:ref224:ord0,ここには…あと２人見張りがいる…,ここには…もう１人見張りがいる…,このエリアで不審なダンボールを見た…,,这里…还有１个守卫…,,MATCH,48,30,APPROVED,READY,NOT_TESTED,JPN_PRIMARY; MLG_CN_CONTEXT_AUXILIARY,mechanical template; resource_class=SLOT_OLANG; source_objects=38; review_flag=WEB_TRANSLATED_PENDING_CODEX_CHECK
5D81443C,99,226,226;226;226;226;226;226;226;226;226;226;226;226;226;226;226;226;226;226;226;226;226;226;226;226;226;226;226;226;226;226;226;226;226;226;226;226;226;226,38,,page76:tag17:entity193:key000079E0:ref226:ord0;page82:tag8:entity193:key000079E0:ref226:ord0;page88:tag13:entity193:key000079E0:ref226:ord0;page94:tag13:entity193:key000079E0:ref226:ord0;page100:tag12:entity193:key000079E0:ref226:ord0;page106:tag11:entity193:key000079E0:ref226:ord0;page112:tag10:entity193:key000079E0:ref226:ord0;page118:tag12:entity193:key000079E0:ref226:ord0;page124:tag10:entity193:key000079E0:ref226:ord0;page130:tag12:entity193:key000079E0:ref226:ord0;page136:tag11:entity193:key000079E0:ref226:ord0;page142:tag11:entity193:key000079E0:ref226:ord0;page148:tag10:entity193:key000079E0:ref226:ord0;page154:tag11:entity193:key000079E0:ref226:ord0;page160:tag10:entity193:key000079E0:ref226:ord0;page166:tag10:entity193:key000079E0:ref226:ord0;page172:tag12:entity193:key000079E0:ref226:ord0;page178:tag10:entity193:key000079E0:ref226:ord0;page184:tag10:entity193:key000079E0:ref226:ord0;page202:tag10:entity193:key000079E0:ref226:ord0;page208:tag10:entity193:key000079E0:ref226:ord0;page214:tag11:entity193:key000079E0:ref226:ord0;page220:tag13:entity193:key000079E0:ref226:ord0;page226:tag10:entity193:key000079E0:ref226:ord0;page232:tag12:entity193:key000079E0:ref226:ord0;page244:tag10:entity193:key000079E0:ref226:ord0;page250:tag13:entity193:key000079E0:ref226:ord0;page268:tag10:entity193:key000079E0:ref226:ord0;page274:tag10:entity193:key000079E0:ref226:ord0;page280:tag11:entity193:key000079E0:ref226:ord0;page286:tag11:entity193:key000079E0:ref226:ord0;page298:tag12:entity193:key000079E0:ref226:ord0;page304:tag10:entity193:key000079E0:ref226:ord0;page310:tag12:entity193:key000079E0:ref226:ord0;page316:tag10:entity193:key000079E0:ref226:ord0;page328:tag10:entity193:key000079E0:ref226:ord0;page334:tag13:entity193:key000079E0:ref226:ord0;page340:tag13:entity193:key000079E0:ref226:ord0,ここには…もう１人見張りがいる…,このエリアで不審なダンボールを見た…,…南西の部屋だ,,我在这个区域看到过可疑的纸箱…,,MATCH,54,45,APPROVED,READY,NOT_TESTED,JPN_PRIMARY; MLG_CN_CONTEXT_AUXILIARY,mechanical template; resource_class=SLOT_OLANG; source_objects=38; review_flag=WEB_TRANSLATED_PENDING_CODEX_CHECK
5D81443C,100,228,228;228;228;228;228;228;228;228;228;228;228;228;228;228;228;228;228;228;228;228;228;228;228;228;228;228;228;228;228;228;228;228;228;228;228;228;228;228,38,,page76:tag17:entity30:key00000C1C:ref228:ord0;page82:tag8:entity30:key00000C1C:ref228:ord0;page88:tag13:entity30:key00000C1C:ref228:ord0;page94:tag13:entity30:key00000C1C:ref228:ord0;page100:tag12:entity30:key00000C1C:ref228:ord0;page106:tag11:entity30:key00000C1C:ref228:ord0;page112:tag10:entity30:key00000C1C:ref228:ord0;page118:tag12:entity30:key00000C1C:ref228:ord0;page124:tag10:entity30:key00000C1C:ref228:ord0;page130:tag12:entity30:key00000C1C:ref228:ord0;page136:tag11:entity30:key00000C1C:ref228:ord0;page142:tag11:entity30:key00000C1C:ref228:ord0;page148:tag10:entity30:key00000C1C:ref228:ord0;page154:tag11:entity30:key00000C1C:ref228:ord0;page160:tag10:entity30:key00000C1C:ref228:ord0;page166:tag10:entity30:key00000C1C:ref228:ord0;page172:tag12:entity30:key00000C1C:ref228:ord0;page178:tag10:entity30:key00000C1C:ref228:ord0;page184:tag10:entity30:key00000C1C:ref228:ord0;page202:tag10:entity30:key00000C1C:ref228:ord0;page208:tag10:entity30:key00000C1C:ref228:ord0;page214:tag11:entity30:key00000C1C:ref228:ord0;page220:tag13:entity30:key00000C1C:ref228:ord0;page226:tag10:entity30:key00000C1C:ref228:ord0;page232:tag12:entity30:key00000C1C:ref228:ord0;page244:tag10:entity30:key00000C1C:ref228:ord0;page250:tag13:entity30:key00000C1C:ref228:ord0;page268:tag10:entity30:key00000C1C:ref228:ord0;page274:tag10:entity30:key00000C1C:ref228:ord0;page280:tag11:entity30:key00000C1C:ref228:ord0;page286:tag11:entity30:key00000C1C:ref228:ord0;page298:tag12:entity30:key00000C1C:ref228:ord0;page304:tag10:entity30:key00000C1C:ref228:ord0;page310:tag12:entity30:key00000C1C:ref228:ord0;page316:tag10:entity30:key00000C1C:ref228:ord0;page328:tag10:entity30:key00000C1C:ref228:ord0;page334:tag13:entity30:key00000C1C:ref228:ord0;page340:tag13:entity30:key00000C1C:ref228:ord0,このエリアで不審なダンボールを見た…,…南西の部屋だ,このエリアにおまえの探しているものはない…,,…在西南边的房间,,MATCH,21,24,APPROVED,READY,NOT_TESTED,JPN_PRIMARY; MLG_CN_CONTEXT_AUXILIARY,mechanical template; resource_class=SLOT_OLANG; source_objects=38; review_flag=WEB_TRANSLATED_PENDING_CODEX_CHECK
5D81443C,101,230,230;230;230;230;230;230;230;230;230;230;230;230;230;230;230;230;230;230;230;230;230;230;230;230;230;230;230;230;230;230;230;230;230;230;230;230;230;230,38,,page76:tag17:entity192:key00007724:ref230:ord0;page82:tag8:entity192:key00007724:ref230:ord0;page88:tag13:entity192:key00007724:ref230:ord0;page94:tag13:entity192:key00007724:ref230:ord0;page100:tag12:entity192:key00007724:ref230:ord0;page106:tag11:entity192:key00007724:ref230:ord0;page112:tag10:entity192:key00007724:ref230:ord0;page118:tag12:entity192:key00007724:ref230:ord0;page124:tag10:entity192:key00007724:ref230:ord0;page130:tag12:entity192:key00007724:ref230:ord0;page136:tag11:entity192:key00007724:ref230:ord0;page142:tag11:entity192:key00007724:ref230:ord0;page148:tag10:entity192:key00007724:ref230:ord0;page154:tag11:entity192:key00007724:ref230:ord0;page160:tag10:entity192:key00007724:ref230:ord0;page166:tag10:entity192:key00007724:ref230:ord0;page172:tag12:entity192:key00007724:ref230:ord0;page178:tag10:entity192:key00007724:ref230:ord0;page184:tag10:entity192:key00007724:ref230:ord0;page202:tag10:entity192:key00007724:ref230:ord0;page208:tag10:entity192:key00007724:ref230:ord0;page214:tag11:entity192:key00007724:ref230:ord0;page220:tag13:entity192:key00007724:ref230:ord0;page226:tag10:entity192:key00007724:ref230:ord0;page232:tag12:entity192:key00007724:ref230:ord0;page244:tag10:entity192:key00007724:ref230:ord0;page250:tag13:entity192:key00007724:ref230:ord0;page268:tag10:entity192:key00007724:ref230:ord0;page274:tag10:entity192:key00007724:ref230:ord0;page280:tag11:entity192:key00007724:ref230:ord0;page286:tag11:entity192:key00007724:ref230:ord0;page298:tag12:entity192:key00007724:ref230:ord0;page304:tag10:entity192:key00007724:ref230:ord0;page310:tag12:entity192:key00007724:ref230:ord0;page316:tag10:entity192:key00007724:ref230:ord0;page328:tag10:entity192:key00007724:ref230:ord0;page334:tag13:entity192:key00007724:ref230:ord0;page340:tag13:entity192:key00007724:ref230:ord0,…南西の部屋だ,このエリアにおまえの探しているものはない…,本部へはウソの報告をしておいてやる ,,这个区域里没有你要找的东西…,,MATCH,63,42,APPROVED,READY,NOT_TESTED,JPN_PRIMARY; MLG_CN_CONTEXT_AUXILIARY,mechanical template; resource_class=SLOT_OLANG; source_objects=38; review_flag=WEB_TRANSLATED_PENDING_CODEX_CHECK
5D81443C,102,232,232;232;232;232;232;232;232;232;232;232;232;232;232;232;232;232;232;232;232;232;232;232;232;232;232;232;232;232;232;232;232;232;232;232;232;232;232;232,38,,page76:tag17:entity191:key00007530:ref232:ord0;page82:tag8:entity191:key00007530:ref232:ord0;page88:tag13:entity191:key00007530:ref232:ord0;page94:tag13:entity191:key00007530:ref232:ord0;page100:tag12:entity191:key00007530:ref232:ord0;page106:tag11:entity191:key00007530:ref232:ord0;page112:tag10:entity191:key00007530:ref232:ord0;page118:tag12:entity191:key00007530:ref232:ord0;page124:tag10:entity191:key00007530:ref232:ord0;page130:tag12:entity191:key00007530:ref232:ord0;page136:tag11:entity191:key00007530:ref232:ord0;page142:tag11:entity191:key00007530:ref232:ord0;page148:tag10:entity191:key00007530:ref232:ord0;page154:tag11:entity191:key00007530:ref232:ord0;page160:tag10:entity191:key00007530:ref232:ord0;page166:tag10:entity191:key00007530:ref232:ord0;page172:tag12:entity191:key00007530:ref232:ord0;page178:tag10:entity191:key00007530:ref232:ord0;page184:tag10:entity191:key00007530:ref232:ord0;page202:tag10:entity191:key00007530:ref232:ord0;page208:tag10:entity191:key00007530:ref232:ord0;page214:tag11:entity191:key00007530:ref232:ord0;page220:tag13:entity191:key00007530:ref232:ord0;page226:tag10:entity191:key00007530:ref232:ord0;page232:tag12:entity191:key00007530:ref232:ord0;page244:tag10:entity191:key00007530:ref232:ord0;page250:tag13:entity191:key00007530:ref232:ord0;page268:tag10:entity191:key00007530:ref232:ord0;page274:tag10:entity191:key00007530:ref232:ord0;page280:tag11:entity191:key00007530:ref232:ord0;page286:tag11:entity191:key00007530:ref232:ord0;page298:tag12:entity191:key00007530:ref232:ord0;page304:tag10:entity191:key00007530:ref232:ord0;page310:tag12:entity191:key00007530:ref232:ord0;page316:tag10:entity191:key00007530:ref232:ord0;page328:tag10:entity191:key00007530:ref232:ord0;page334:tag13:entity191:key00007530:ref232:ord0;page340:tag13:entity191:key00007530:ref232:ord0,このエリアにおまえの探しているものはない…,本部へはウソの報告をしておいてやる ,…南の部屋だ,,我会替你向总部作假报告 ,,MATCH,52,34,APPROVED,READY,NOT_TESTED,JPN_PRIMARY; MLG_CN_CONTEXT_AUXILIARY,mechanical template; resource_class=SLOT_OLANG; source_objects=38; review_flag=WEB_TRANSLATED_PENDING_CODEX_CHECK
5D81443C,103,234,234;234;234;234;234;234;234;234;234;234;234;234;234;234;234;234;234;234;234;234;234;234;234;234;234;234;234;234;234;234;234;234;234;234;234;234;234;234,38,,page76:tag17:entity29:key00000BB8:ref234:ord0;page82:tag8:entity29:key00000BB8:ref234:ord0;page88:tag13:entity29:key00000BB8:ref234:ord0;page94:tag13:entity29:key00000BB8:ref234:ord0;page100:tag12:entity29:key00000BB8:ref234:ord0;page106:tag11:entity29:key00000BB8:ref234:ord0;page112:tag10:entity29:key00000BB8:ref234:ord0;page118:tag12:entity29:key00000BB8:ref234:ord0;page124:tag10:entity29:key00000BB8:ref234:ord0;page130:tag12:entity29:key00000BB8:ref234:ord0;page136:tag11:entity29:key00000BB8:ref234:ord0;page142:tag11:entity29:key00000BB8:ref234:ord0;page148:tag10:entity29:key00000BB8:ref234:ord0;page154:tag11:entity29:key00000BB8:ref234:ord0;page160:tag10:entity29:key00000BB8:ref234:ord0;page166:tag10:entity29:key00000BB8:ref234:ord0;page172:tag12:entity29:key00000BB8:ref234:ord0;page178:tag10:entity29:key00000BB8:ref234:ord0;page184:tag10:entity29:key00000BB8:ref234:ord0;page202:tag10:entity29:key00000BB8:ref234:ord0;page208:tag10:entity29:key00000BB8:ref234:ord0;page214:tag11:entity29:key00000BB8:ref234:ord0;page220:tag13:entity29:key00000BB8:ref234:ord0;page226:tag10:entity29:key00000BB8:ref234:ord0;page232:tag12:entity29:key00000BB8:ref234:ord0;page244:tag10:entity29:key00000BB8:ref234:ord0;page250:tag13:entity29:key00000BB8:ref234:ord0;page268:tag10:entity29:key00000BB8:ref234:ord0;page274:tag10:entity29:key00000BB8:ref234:ord0;page280:tag11:entity29:key00000BB8:ref234:ord0;page286:tag11:entity29:key00000BB8:ref234:ord0;page298:tag12:entity29:key00000BB8:ref234:ord0;page304:tag10:entity29:key00000BB8:ref234:ord0;page310:tag12:entity29:key00000BB8:ref234:ord0;page316:tag10:entity29:key00000BB8:ref234:ord0;page328:tag10:entity29:key00000BB8:ref234:ord0;page334:tag13:entity29:key00000BB8:ref234:ord0;page340:tag13:entity29:key00000BB8:ref234:ord0,本部へはウソの報告をしておいてやる ,…南の部屋だ,何をする！ 後悔するぞ！,,…在南边的房间,,MATCH,18,21,APPROVED,READY,NOT_TESTED,JPN_PRIMARY; MLG_CN_CONTEXT_AUXILIARY,mechanical template; resource_class=SLOT_OLANG; source_objects=38; review_flag=WEB_TRANSLATED_PENDING_CODEX_CHECK
5D81443C,104,236,236;236;236;236;236;236;236;236;236;236;236;236;236;236;236;236;236;236;236;236;236;236;236;236;236;236;236;236;236;236;236;236;236;236;236;236;236;236,38,,page76:tag17:entity2:key0000012C:ref236:ord0;page82:tag8:entity2:key0000012C:ref236:ord0;page88:tag13:entity2:key0000012C:ref236:ord0;page94:tag13:entity2:key0000012C:ref236:ord0;page100:tag12:entity2:key0000012C:ref236:ord0;page106:tag11:entity2:key0000012C:ref236:ord0;page112:tag10:entity2:key0000012C:ref236:ord0;page118:tag12:entity2:key0000012C:ref236:ord0;page124:tag10:entity2:key0000012C:ref236:ord0;page130:tag12:entity2:key0000012C:ref236:ord0;page136:tag11:entity2:key0000012C:ref236:ord0;page142:tag11:entity2:key0000012C:ref236:ord0;page148:tag10:entity2:key0000012C:ref236:ord0;page154:tag11:entity2:key0000012C:ref236:ord0;page160:tag10:entity2:key0000012C:ref236:ord0;page166:tag10:entity2:key0000012C:ref236:ord0;page172:tag12:entity2:key0000012C:ref236:ord0;page178:tag10:entity2:key0000012C:ref236:ord0;page184:tag10:entity2:key0000012C:ref236:ord0;page202:tag10:entity2:key0000012C:ref236:ord0;page208:tag10:entity2:key0000012C:ref236:ord0;page214:tag11:entity2:key0000012C:ref236:ord0;page220:tag13:entity2:key0000012C:ref236:ord0;page226:tag10:entity2:key0000012C:ref236:ord0;page232:tag12:entity2:key0000012C:ref236:ord0;page244:tag10:entity2:key0000012C:ref236:ord0;page250:tag13:entity2:key0000012C:ref236:ord0;page268:tag10:entity2:key0000012C:ref236:ord0;page274:tag10:entity2:key0000012C:ref236:ord0;page280:tag11:entity2:key0000012C:ref236:ord0;page286:tag11:entity2:key0000012C:ref236:ord0;page298:tag12:entity2:key0000012C:ref236:ord0;page304:tag10:entity2:key0000012C:ref236:ord0;page310:tag12:entity2:key0000012C:ref236:ord0;page316:tag10:entity2:key0000012C:ref236:ord0;page328:tag10:entity2:key0000012C:ref236:ord0;page334:tag13:entity2:key0000012C:ref236:ord0;page340:tag13:entity2:key0000012C:ref236:ord0,…南の部屋だ,何をする！ 後悔するぞ！,ヘルメットも貫通力の高い武器なら…,,你干什么！ 会后悔的！,,MATCH,34,31,APPROVED,READY,NOT_TESTED,JPN_PRIMARY; MLG_CN_CONTEXT_AUXILIARY,mechanical template; resource_class=SLOT_OLANG; source_objects=38; review_flag=WEB_TRANSLATED_PENDING_CODEX_CHECK
5D81443C,105,238,238;238;238;238;238;238;238;238;238;238;238;238;238;238;238;238;238;238;238;238;238;238;238;238;238;238;238;238;238;238;238;238;238;238;238;238;238;238,38,,page76:tag17:entity190:key000073A0:ref238:ord0;page82:tag8:entity190:key000073A0:ref238:ord0;page88:tag13:entity190:key000073A0:ref238:ord0;page94:tag13:entity190:key000073A0:ref238:ord0;page100:tag12:entity190:key000073A0:ref238:ord0;page106:tag11:entity190:key000073A0:ref238:ord0;page112:tag10:entity190:key000073A0:ref238:ord0;page118:tag12:entity190:key000073A0:ref238:ord0;page124:tag10:entity190:key000073A0:ref238:ord0;page130:tag12:entity190:key000073A0:ref238:ord0;page136:tag11:entity190:key000073A0:ref238:ord0;page142:tag11:entity190:key000073A0:ref238:ord0;page148:tag10:entity190:key000073A0:ref238:ord0;page154:tag11:entity190:key000073A0:ref238:ord0;page160:tag10:entity190:key000073A0:ref238:ord0;page166:tag10:entity190:key000073A0:ref238:ord0;page172:tag12:entity190:key000073A0:ref238:ord0;page178:tag10:entity190:key000073A0:ref238:ord0;page184:tag10:entity190:key000073A0:ref238:ord0;page202:tag10:entity190:key000073A0:ref238:ord0;page208:tag10:entity190:key000073A0:ref238:ord0;page214:tag11:entity190:key000073A0:ref238:ord0;page220:tag13:entity190:key000073A0:ref238:ord0;page226:tag10:entity190:key000073A0:ref238:ord0;page232:tag12:entity190:key000073A0:ref238:ord0;page244:tag10:entity190:key000073A0:ref238:ord0;page250:tag13:entity190:key000073A0:ref238:ord0;page268:tag10:entity190:key000073A0:ref238:ord0;page274:tag10:entity190:key000073A0:ref238:ord0;page280:tag11:entity190:key000073A0:ref238:ord0;page286:tag11:entity190:key000073A0:ref238:ord0;page298:tag12:entity190:key000073A0:ref238:ord0;page304:tag10:entity190:key000073A0:ref238:ord0;page310:tag12:entity190:key000073A0:ref238:ord0;page316:tag10:entity190:key000073A0:ref238:ord0;page328:tag10:entity190:key000073A0:ref238:ord0;page334:tag13:entity190:key000073A0:ref238:ord0;page340:tag13:entity190:key000073A0:ref238:ord0,何をする！ 後悔するぞ！,ヘルメットも貫通力の高い武器なら…,木の上に…フルーツが…ない…,,只要武器贯穿力够高 连头盔也能打穿…,,MATCH,51,52,APPROVED,READY,NOT_TESTED,JPN_PRIMARY; MLG_CN_CONTEXT_AUXILIARY,mechanical template; resource_class=SLOT_OLANG; source_objects=38; review_flag=WEB_TRANSLATED_PENDING_CODEX_CHECK
5D81443C,106,240,240;240;240;240;240;240;240;240;240;240;240;240;240;240;240;240;240;240;240;240;240;240;240;240;240;240;240;240;240;240;240;240;240;240;240;240;240;240,38,,page76:tag17:entity189:key0000733C:ref240:ord0;page82:tag8:entity189:key0000733C:ref240:ord0;page88:tag13:entity189:key0000733C:ref240:ord0;page94:tag13:entity189:key0000733C:ref240:ord0;page100:tag12:entity189:key0000733C:ref240:ord0;page106:tag11:entity189:key0000733C:ref240:ord0;page112:tag10:entity189:key0000733C:ref240:ord0;page118:tag12:entity189:key0000733C:ref240:ord0;page124:tag10:entity189:key0000733C:ref240:ord0;page130:tag12:entity189:key0000733C:ref240:ord0;page136:tag11:entity189:key0000733C:ref240:ord0;page142:tag11:entity189:key0000733C:ref240:ord0;page148:tag10:entity189:key0000733C:ref240:ord0;page154:tag11:entity189:key0000733C:ref240:ord0;page160:tag10:entity189:key0000733C:ref240:ord0;page166:tag10:entity189:key0000733C:ref240:ord0;page172:tag12:entity189:key0000733C:ref240:ord0;page178:tag10:entity189:key0000733C:ref240:ord0;page184:tag10:entity189:key0000733C:ref240:ord0;page202:tag10:entity189:key0000733C:ref240:ord0;page208:tag10:entity189:key0000733C:ref240:ord0;page214:tag11:entity189:key0000733C:ref240:ord0;page220:tag13:entity189:key0000733C:ref240:ord0;page226:tag10:entity189:key0000733C:ref240:ord0;page232:tag12:entity189:key0000733C:ref240:ord0;page244:tag10:entity189:key0000733C:ref240:ord0;page250:tag13:entity189:key0000733C:ref240:ord0;page268:tag10:entity189:key0000733C:ref240:ord0;page274:tag10:entity189:key0000733C:ref240:ord0;page280:tag11:entity189:key0000733C:ref240:ord0;page286:tag11:entity189:key0000733C:ref240:ord0;page298:tag12:entity189:key0000733C:ref240:ord0;page304:tag10:entity189:key0000733C:ref240:ord0;page310:tag12:entity189:key0000733C:ref240:ord0;page316:tag10:entity189:key0000733C:ref240:ord0;page328:tag10:entity189:key0000733C:ref240:ord0;page334:tag13:entity189:key0000733C:ref240:ord0;page340:tag13:entity189:key0000733C:ref240:ord0,ヘルメットも貫通力の高い武器なら…,木の上に…フルーツが…ない…,…ミサイルやRPGを回避できなくなる,,树上…没有水果…,,MATCH,42,24,APPROVED,READY,NOT_TESTED,JPN_PRIMARY; MLG_CN_CONTEXT_AUXILIARY,mechanical template; resource_class=SLOT_OLANG; source_objects=38; review_flag=WEB_TRANSLATED_PENDING_CODEX_CHECK
5D81443C,107,242,242;242;242;242;242;242;242;242;242;242;242;242;242;242;242;242;242;242;242;242;242;242;242;242;242;242;242;242;242;242;242;242;242;242;242;242;242;242,38,,page76:tag17:entity188:key000072D8:ref242:ord0;page82:tag8:entity188:key000072D8:ref242:ord0;page88:tag13:entity188:key000072D8:ref242:ord0;page94:tag13:entity188:key000072D8:ref242:ord0;page100:tag12:entity188:key000072D8:ref242:ord0;page106:tag11:entity188:key000072D8:ref242:ord0;page112:tag10:entity188:key000072D8:ref242:ord0;page118:tag12:entity188:key000072D8:ref242:ord0;page124:tag10:entity188:key000072D8:ref242:ord0;page130:tag12:entity188:key000072D8:ref242:ord0;page136:tag11:entity188:key000072D8:ref242:ord0;page142:tag11:entity188:key000072D8:ref242:ord0;page148:tag10:entity188:key000072D8:ref242:ord0;page154:tag11:entity188:key000072D8:ref242:ord0;page160:tag10:entity188:key000072D8:ref242:ord0;page166:tag10:entity188:key000072D8:ref242:ord0;page172:tag12:entity188:key000072D8:ref242:ord0;page178:tag10:entity188:key000072D8:ref242:ord0;page184:tag10:entity188:key000072D8:ref242:ord0;page202:tag10:entity188:key000072D8:ref242:ord0;page208:tag10:entity188:key000072D8:ref242:ord0;page214:tag11:entity188:key000072D8:ref242:ord0;page220:tag13:entity188:key000072D8:ref242:ord0;page226:tag10:entity188:key000072D8:ref242:ord0;page232:tag12:entity188:key000072D8:ref242:ord0;page244:tag10:entity188:key000072D8:ref242:ord0;page250:tag13:entity188:key000072D8:ref242:ord0;page268:tag10:entity188:key000072D8:ref242:ord0;page274:tag10:entity188:key000072D8:ref242:ord0;page280:tag11:entity188:key000072D8:ref242:ord0;page286:tag11:entity188:key000072D8:ref242:ord0;page298:tag12:entity188:key000072D8:ref242:ord0;page304:tag10:entity188:key000072D8:ref242:ord0;page310:tag12:entity188:key000072D8:ref242:ord0;page316:tag10:entity188:key000072D8:ref242:ord0;page328:tag10:entity188:key000072D8:ref242:ord0;page334:tag13:entity188:key000072D8:ref242:ord0;page340:tag13:entity188:key000072D8:ref242:ord0,木の上に…フルーツが…ない…,…ミサイルやRPGを回避できなくなる,ク…クリサリスはレドームが破壊されると…,,…就无法躲避导弹和RPG了,,MATCH,48,33,APPROVED,READY,NOT_TESTED,JPN_PRIMARY; MLG_CN_CONTEXT_AUXILIARY,mechanical template; resource_class=SLOT_OLANG; source_objects=38; review_flag=WEB_TRANSLATED_PENDING_CODEX_CHECK
5D81443C,108,244,244;244;244;244;244;244;244;244;244;244;244;244;244;244;244;244;244;244;244;244;244;244;244;244;244;244;244;244;244;244;244;244;244;244;244;244;244;244,38,,page76:tag17:entity187:key00007274:ref244:ord0;page82:tag8:entity187:key00007274:ref244:ord0;page88:tag13:entity187:key00007274:ref244:ord0;page94:tag13:entity187:key00007274:ref244:ord0;page100:tag12:entity187:key00007274:ref244:ord0;page106:tag11:entity187:key00007274:ref244:ord0;page112:tag10:entity187:key00007274:ref244:ord0;page118:tag12:entity187:key00007274:ref244:ord0;page124:tag10:entity187:key00007274:ref244:ord0;page130:tag12:entity187:key00007274:ref244:ord0;page136:tag11:entity187:key00007274:ref244:ord0;page142:tag11:entity187:key00007274:ref244:ord0;page148:tag10:entity187:key00007274:ref244:ord0;page154:tag11:entity187:key00007274:ref244:ord0;page160:tag10:entity187:key00007274:ref244:ord0;page166:tag10:entity187:key00007274:ref244:ord0;page172:tag12:entity187:key00007274:ref244:ord0;page178:tag10:entity187:key00007274:ref244:ord0;page184:tag10:entity187:key00007274:ref244:ord0;page202:tag10:entity187:key00007274:ref244:ord0;page208:tag10:entity187:key00007274:ref244:ord0;page214:tag11:entity187:key00007274:ref244:ord0;page220:tag13:entity187:key00007274:ref244:ord0;page226:tag10:entity187:key00007274:ref244:ord0;page232:tag12:entity187:key00007274:ref244:ord0;page244:tag10:entity187:key00007274:ref244:ord0;page250:tag13:entity187:key00007274:ref244:ord0;page268:tag10:entity187:key00007274:ref244:ord0;page274:tag10:entity187:key00007274:ref244:ord0;page280:tag11:entity187:key00007274:ref244:ord0;page286:tag11:entity187:key00007274:ref244:ord0;page298:tag12:entity187:key00007274:ref244:ord0;page304:tag10:entity187:key00007274:ref244:ord0;page310:tag12:entity187:key00007274:ref244:ord0;page316:tag10:entity187:key00007274:ref244:ord0;page328:tag10:entity187:key00007274:ref244:ord0;page334:tag13:entity187:key00007274:ref244:ord0;page340:tag13:entity187:key00007274:ref244:ord0,…ミサイルやRPGを回避できなくなる,ク…クリサリスはレドームが破壊されると…,ぬ…沼に馬鹿でかい足跡が…,,克、克里萨利斯的雷达罩一旦被破坏…,,MATCH,60,51,APPROVED,READY,NOT_TESTED,JPN_PRIMARY; MLG_CN_CONTEXT_AUXILIARY,mechanical template; resource_class=SLOT_OLANG; source_objects=38; review_flag=WEB_TRANSLATED_PENDING_CODEX_CHECK
5D81443C,109,246,246;246;246;246;246;246;246;246;246;246;246;246;246;246;246;246;246;246;246;246;246;246;246;246;246;246;246;246;246;246;246;246;246;246;246;246;246;246,38,,page76:tag17:entity186:key00007210:ref246:ord0;page82:tag8:entity186:key00007210:ref246:ord0;page88:tag13:entity186:key00007210:ref246:ord0;page94:tag13:entity186:key00007210:ref246:ord0;page100:tag12:entity186:key00007210:ref246:ord0;page106:tag11:entity186:key00007210:ref246:ord0;page112:tag10:entity186:key00007210:ref246:ord0;page118:tag12:entity186:key00007210:ref246:ord0;page124:tag10:entity186:key00007210:ref246:ord0;page130:tag12:entity186:key00007210:ref246:ord0;page136:tag11:entity186:key00007210:ref246:ord0;page142:tag11:entity186:key00007210:ref246:ord0;page148:tag10:entity186:key00007210:ref246:ord0;page154:tag11:entity186:key00007210:ref246:ord0;page160:tag10:entity186:key00007210:ref246:ord0;page166:tag10:entity186:key00007210:ref246:ord0;page172:tag12:entity186:key00007210:ref246:ord0;page178:tag10:entity186:key00007210:ref246:ord0;page184:tag10:entity186:key00007210:ref246:ord0;page202:tag10:entity186:key00007210:ref246:ord0;page208:tag10:entity186:key00007210:ref246:ord0;page214:tag11:entity186:key00007210:ref246:ord0;page220:tag13:entity186:key00007210:ref246:ord0;page226:tag10:entity186:key00007210:ref246:ord0;page232:tag12:entity186:key00007210:ref246:ord0;page244:tag10:entity186:key00007210:ref246:ord0;page250:tag13:entity186:key00007210:ref246:ord0;page268:tag10:entity186:key00007210:ref246:ord0;page274:tag10:entity186:key00007210:ref246:ord0;page280:tag11:entity186:key00007210:ref246:ord0;page286:tag11:entity186:key00007210:ref246:ord0;page298:tag12:entity186:key00007210:ref246:ord0;page304:tag10:entity186:key00007210:ref246:ord0;page310:tag12:entity186:key00007210:ref246:ord0;page316:tag10:entity186:key00007210:ref246:ord0;page328:tag10:entity186:key00007210:ref246:ord0;page334:tag13:entity186:key00007210:ref246:ord0;page340:tag13:entity186:key00007210:ref246:ord0,ク…クリサリスはレドームが破壊されると…,ぬ…沼に馬鹿でかい足跡が…,特別な言葉をかけると何かくれる生き物がいるらしい…,,沼、沼泽里有大得离谱的脚印…,,MATCH,39,42,APPROVED,READY,NOT_TESTED,JPN_PRIMARY; MLG_CN_CONTEXT_AUXILIARY,mechanical template; resource_class=SLOT_OLANG; source_objects=38; review_flag=WEB_TRANSLATED_PENDING_CODEX_CHECK
5D81443C,110,248,248;248;248;248;248;248;248;248;248;248;248;248;248;248;248;248;248;248;248;248;248;248;248;248;248;248;248;248;248;248;248;248;248;248;248;248;248;248,38,,page76:tag17:entity185:key00007148:ref248:ord0;page82:tag8:entity185:key00007148:ref248:ord0;page88:tag13:entity185:key00007148:ref248:ord0;page94:tag13:entity185:key00007148:ref248:ord0;page100:tag12:entity185:key00007148:ref248:ord0;page106:tag11:entity185:key00007148:ref248:ord0;page112:tag10:entity185:key00007148:ref248:ord0;page118:tag12:entity185:key00007148:ref248:ord0;page124:tag10:entity185:key00007148:ref248:ord0;page130:tag12:entity185:key00007148:ref248:ord0;page136:tag11:entity185:key00007148:ref248:ord0;page142:tag11:entity185:key00007148:ref248:ord0;page148:tag10:entity185:key00007148:ref248:ord0;page154:tag11:entity185:key00007148:ref248:ord0;page160:tag10:entity185:key00007148:ref248:ord0;page166:tag10:entity185:key00007148:ref248:ord0;page172:tag12:entity185:key00007148:ref248:ord0;page178:tag10:entity185:key00007148:ref248:ord0;page184:tag10:entity185:key00007148:ref248:ord0;page202:tag10:entity185:key00007148:ref248:ord0;page208:tag10:entity185:key00007148:ref248:ord0;page214:tag11:entity185:key00007148:ref248:ord0;page220:tag13:entity185:key00007148:ref248:ord0;page226:tag10:entity185:key00007148:ref248:ord0;page232:tag12:entity185:key00007148:ref248:ord0;page244:tag10:entity185:key00007148:ref248:ord0;page250:tag13:entity185:key00007148:ref248:ord0;page268:tag10:entity185:key00007148:ref248:ord0;page274:tag10:entity185:key00007148:ref248:ord0;page280:tag11:entity185:key00007148:ref248:ord0;page286:tag11:entity185:key00007148:ref248:ord0;page298:tag12:entity185:key00007148:ref248:ord0;page304:tag10:entity185:key00007148:ref248:ord0;page310:tag12:entity185:key00007148:ref248:ord0;page316:tag10:entity185:key00007148:ref248:ord0;page328:tag10:entity185:key00007148:ref248:ord0;page334:tag13:entity185:key00007148:ref248:ord0;page340:tag13:entity185:key00007148:ref248:ord0,ぬ…沼に馬鹿でかい足跡が…,特別な言葉をかけると何かくれる生き物がいるらしい…,…南東の部屋だ,,听说有种生物 对它说特别的话就会给你东西…,,MATCH,75,61,APPROVED,READY,NOT_TESTED,JPN_PRIMARY; MLG_CN_CONTEXT_AUXILIARY,mechanical template; resource_class=SLOT_OLANG; source_objects=38; review_flag=WEB_TRANSLATED_PENDING_CODEX_CHECK
5D81443C,111,250,250;250;250;250;250;250;250;250;250;250;250;250;250;250;250;250;250;250;250;250;250;250;250;250;250;250;250;250;250;250;250;250;250;250;250;250;250;250,38,,page76:tag17:entity28:key00000B54:ref250:ord0;page82:tag8:entity28:key00000B54:ref250:ord0;page88:tag13:entity28:key00000B54:ref250:ord0;page94:tag13:entity28:key00000B54:ref250:ord0;page100:tag12:entity28:key00000B54:ref250:ord0;page106:tag11:entity28:key00000B54:ref250:ord0;page112:tag10:entity28:key00000B54:ref250:ord0;page118:tag12:entity28:key00000B54:ref250:ord0;page124:tag10:entity28:key00000B54:ref250:ord0;page130:tag12:entity28:key00000B54:ref250:ord0;page136:tag11:entity28:key00000B54:ref250:ord0;page142:tag11:entity28:key00000B54:ref250:ord0;page148:tag10:entity28:key00000B54:ref250:ord0;page154:tag11:entity28:key00000B54:ref250:ord0;page160:tag10:entity28:key00000B54:ref250:ord0;page166:tag10:entity28:key00000B54:ref250:ord0;page172:tag12:entity28:key00000B54:ref250:ord0;page178:tag10:entity28:key00000B54:ref250:ord0;page184:tag10:entity28:key00000B54:ref250:ord0;page202:tag10:entity28:key00000B54:ref250:ord0;page208:tag10:entity28:key00000B54:ref250:ord0;page214:tag11:entity28:key00000B54:ref250:ord0;page220:tag13:entity28:key00000B54:ref250:ord0;page226:tag10:entity28:key00000B54:ref250:ord0;page232:tag12:entity28:key00000B54:ref250:ord0;page244:tag10:entity28:key00000B54:ref250:ord0;page250:tag13:entity28:key00000B54:ref250:ord0;page268:tag10:entity28:key00000B54:ref250:ord0;page274:tag10:entity28:key00000B54:ref250:ord0;page280:tag11:entity28:key00000B54:ref250:ord0;page286:tag11:entity28:key00000B54:ref250:ord0;page298:tag12:entity28:key00000B54:ref250:ord0;page304:tag10:entity28:key00000B54:ref250:ord0;page310:tag12:entity28:key00000B54:ref250:ord0;page316:tag10:entity28:key00000B54:ref250:ord0;page328:tag10:entity28:key00000B54:ref250:ord0;page334:tag13:entity28:key00000B54:ref250:ord0;page340:tag13:entity28:key00000B54:ref250:ord0,特別な言葉をかけると何かくれる生き物がいるらしい…,…南東の部屋だ,ト…トレニャーとかいう生き物がいるらしい…,,…在东南边的房间,,MATCH,21,24,APPROVED,READY,NOT_TESTED,JPN_PRIMARY; MLG_CN_CONTEXT_AUXILIARY,mechanical template; resource_class=SLOT_OLANG; source_objects=38; review_flag=WEB_TRANSLATED_PENDING_CODEX_CHECK
5D81443C,112,252,252;252;252;252;252;252;252;252;252;252;252;252;252;252;252;252;252;252;252;252;252;252;252;252;252;252;252;252;252;252;252;252;252;252;252;252;252;252,38,,page76:tag17:entity184:key000070E4:ref252:ord0;page82:tag8:entity184:key000070E4:ref252:ord0;page88:tag13:entity184:key000070E4:ref252:ord0;page94:tag13:entity184:key000070E4:ref252:ord0;page100:tag12:entity184:key000070E4:ref252:ord0;page106:tag11:entity184:key000070E4:ref252:ord0;page112:tag10:entity184:key000070E4:ref252:ord0;page118:tag12:entity184:key000070E4:ref252:ord0;page124:tag10:entity184:key000070E4:ref252:ord0;page130:tag12:entity184:key000070E4:ref252:ord0;page136:tag11:entity184:key000070E4:ref252:ord0;page142:tag11:entity184:key000070E4:ref252:ord0;page148:tag10:entity184:key000070E4:ref252:ord0;page154:tag11:entity184:key000070E4:ref252:ord0;page160:tag10:entity184:key000070E4:ref252:ord0;page166:tag10:entity184:key000070E4:ref252:ord0;page172:tag12:entity184:key000070E4:ref252:ord0;page178:tag10:entity184:key000070E4:ref252:ord0;page184:tag10:entity184:key000070E4:ref252:ord0;page202:tag10:entity184:key000070E4:ref252:ord0;page208:tag10:entity184:key000070E4:ref252:ord0;page214:tag11:entity184:key000070E4:ref252:ord0;page220:tag13:entity184:key000070E4:ref252:ord0;page226:tag10:entity184:key000070E4:ref252:ord0;page232:tag12:entity184:key000070E4:ref252:ord0;page244:tag10:entity184:key000070E4:ref252:ord0;page250:tag13:entity184:key000070E4:ref252:ord0;page268:tag10:entity184:key000070E4:ref252:ord0;page274:tag10:entity184:key000070E4:ref252:ord0;page280:tag11:entity184:key000070E4:ref252:ord0;page286:tag11:entity184:key000070E4:ref252:ord0;page298:tag12:entity184:key000070E4:ref252:ord0;page304:tag10:entity184:key000070E4:ref252:ord0;page310:tag12:entity184:key000070E4:ref252:ord0;page316:tag10:entity184:key000070E4:ref252:ord0;page328:tag10:entity184:key000070E4:ref252:ord0;page334:tag13:entity184:key000070E4:ref252:ord0;page340:tag13:entity184:key000070E4:ref252:ord0,…南東の部屋だ,ト…トレニャーとかいう生き物がいるらしい…,"…ほ 捕虜なら無事だ！
この付近に収容している",,听、听说有种叫特雷尼亚的生物…,,MATCH,63,45,APPROVED,READY,NOT_TESTED,JPN_PRIMARY; MLG_CN_CONTEXT_AUXILIARY,mechanical template; resource_class=SLOT_OLANG; source_objects=38; review_flag=WEB_TRANSLATED_PENDING_CODEX_CHECK
5D81443C,113,254,254;254;254;254;254;254;254;254;254;254;254;254;254;254;254;254;254;254;254;254;254;254;254;254;254;254;254;254;254;254;254;254;254;254;254;254;254;254,38,,page76:tag17:entity183:key00006FB8:ref254:ord0;page82:tag8:entity183:key00006FB8:ref254:ord0;page88:tag13:entity183:key00006FB8:ref254:ord0;page94:tag13:entity183:key00006FB8:ref254:ord0;page100:tag12:entity183:key00006FB8:ref254:ord0;page106:tag11:entity183:key00006FB8:ref254:ord0;page112:tag10:entity183:key00006FB8:ref254:ord0;page118:tag12:entity183:key00006FB8:ref254:ord0;page124:tag10:entity183:key00006FB8:ref254:ord0;page130:tag12:entity183:key00006FB8:ref254:ord0;page136:tag11:entity183:key00006FB8:ref254:ord0;page142:tag11:entity183:key00006FB8:ref254:ord0;page148:tag10:entity183:key00006FB8:ref254:ord0;page154:tag11:entity183:key00006FB8:ref254:ord0;page160:tag10:entity183:key00006FB8:ref254:ord0;page166:tag10:entity183:key00006FB8:ref254:ord0;page172:tag12:entity183:key00006FB8:ref254:ord0;page178:tag10:entity183:key00006FB8:ref254:ord0;page184:tag10:entity183:key00006FB8:ref254:ord0;page202:tag10:entity183:key00006FB8:ref254:ord0;page208:tag10:entity183:key00006FB8:ref254:ord0;page214:tag11:entity183:key00006FB8:ref254:ord0;page220:tag13:entity183:key00006FB8:ref254:ord0;page226:tag10:entity183:key00006FB8:ref254:ord0;page232:tag12:entity183:key00006FB8:ref254:ord0;page244:tag10:entity183:key00006FB8:ref254:ord0;page250:tag13:entity183:key00006FB8:ref254:ord0;page268:tag10:entity183:key00006FB8:ref254:ord0;page274:tag10:entity183:key00006FB8:ref254:ord0;page280:tag11:entity183:key00006FB8:ref254:ord0;page286:tag11:entity183:key00006FB8:ref254:ord0;page298:tag12:entity183:key00006FB8:ref254:ord0;page304:tag10:entity183:key00006FB8:ref254:ord0;page310:tag12:entity183:key00006FB8:ref254:ord0;page316:tag10:entity183:key00006FB8:ref254:ord0;page328:tag10:entity183:key00006FB8:ref254:ord0;page334:tag13:entity183:key00006FB8:ref254:ord0;page340:tag13:entity183:key00006FB8:ref254:ord0,ト…トレニャーとかいう生き物がいるらしい…,"…ほ 捕虜なら無事だ！
この付近に収容している","戦車や装甲車に随伴する兵士達は
雑誌など眼中にない…",,"…俘、俘虏没事！
就关押在这附近",,MATCH,65,46,APPROVED,READY,NOT_TESTED,JPN_PRIMARY; MLG_CN_CONTEXT_AUXILIARY,mechanical template; resource_class=SLOT_OLANG; source_objects=38; review_flag=WEB_TRANSLATED_PENDING_CODEX_CHECK
5D81443C,114,256,256;256;256;256;256;256;256;256;256;256;256;256;256;256;256;256;256;256;256;256;256;256;256;256;256;256;256;256;256;256;256;256;256;256;256;256;256;256,38,,page76:tag17:entity182:key00006F54:ref256:ord0;page82:tag8:entity182:key00006F54:ref256:ord0;page88:tag13:entity182:key00006F54:ref256:ord0;page94:tag13:entity182:key00006F54:ref256:ord0;page100:tag12:entity182:key00006F54:ref256:ord0;page106:tag11:entity182:key00006F54:ref256:ord0;page112:tag10:entity182:key00006F54:ref256:ord0;page118:tag12:entity182:key00006F54:ref256:ord0;page124:tag10:entity182:key00006F54:ref256:ord0;page130:tag12:entity182:key00006F54:ref256:ord0;page136:tag11:entity182:key00006F54:ref256:ord0;page142:tag11:entity182:key00006F54:ref256:ord0;page148:tag10:entity182:key00006F54:ref256:ord0;page154:tag11:entity182:key00006F54:ref256:ord0;page160:tag10:entity182:key00006F54:ref256:ord0;page166:tag10:entity182:key00006F54:ref256:ord0;page172:tag12:entity182:key00006F54:ref256:ord0;page178:tag10:entity182:key00006F54:ref256:ord0;page184:tag10:entity182:key00006F54:ref256:ord0;page202:tag10:entity182:key00006F54:ref256:ord0;page208:tag10:entity182:key00006F54:ref256:ord0;page214:tag11:entity182:key00006F54:ref256:ord0;page220:tag13:entity182:key00006F54:ref256:ord0;page226:tag10:entity182:key00006F54:ref256:ord0;page232:tag12:entity182:key00006F54:ref256:ord0;page244:tag10:entity182:key00006F54:ref256:ord0;page250:tag13:entity182:key00006F54:ref256:ord0;page268:tag10:entity182:key00006F54:ref256:ord0;page274:tag10:entity182:key00006F54:ref256:ord0;page280:tag11:entity182:key00006F54:ref256:ord0;page286:tag11:entity182:key00006F54:ref256:ord0;page298:tag12:entity182:key00006F54:ref256:ord0;page304:tag10:entity182:key00006F54:ref256:ord0;page310:tag12:entity182:key00006F54:ref256:ord0;page316:tag10:entity182:key00006F54:ref256:ord0;page328:tag10:entity182:key00006F54:ref256:ord0;page334:tag13:entity182:key00006F54:ref256:ord0;page340:tag13:entity182:key00006F54:ref256:ord0,"…ほ 捕虜なら無事だ！
この付近に収容している","戦車や装甲車に随伴する兵士達は
雑誌など眼中にない…",レーションはこんがり焼けるとかなりウマイ…,,"跟随坦克和装甲车行动的士兵
根本不会把杂志放在眼里…",,MATCH,76,76,APPROVED,READY,NOT_TESTED,JPN_PRIMARY; MLG_CN_CONTEXT_AUXILIARY,mechanical template; resource_class=SLOT_OLANG; source_objects=38; review_flag=WEB_TRANSLATED_PENDING_CODEX_CHECK
5D81443C,115,258,258;258;258;258;258;258;258;258;258;258;258;258;258;258;258;258;258;258;258;258;258;258;258;258;258;258;258;258;258;258;258;258;258;258;258;258;258;258,38,,page76:tag17:entity181:key00006EF0:ref258:ord0;page82:tag8:entity181:key00006EF0:ref258:ord0;page88:tag13:entity181:key00006EF0:ref258:ord0;page94:tag13:entity181:key00006EF0:ref258:ord0;page100:tag12:entity181:key00006EF0:ref258:ord0;page106:tag11:entity181:key00006EF0:ref258:ord0;page112:tag10:entity181:key00006EF0:ref258:ord0;page118:tag12:entity181:key00006EF0:ref258:ord0;page124:tag10:entity181:key00006EF0:ref258:ord0;page130:tag12:entity181:key00006EF0:ref258:ord0;page136:tag11:entity181:key00006EF0:ref258:ord0;page142:tag11:entity181:key00006EF0:ref258:ord0;page148:tag10:entity181:key00006EF0:ref258:ord0;page154:tag11:entity181:key00006EF0:ref258:ord0;page160:tag10:entity181:key00006EF0:ref258:ord0;page166:tag10:entity181:key00006EF0:ref258:ord0;page172:tag12:entity181:key00006EF0:ref258:ord0;page178:tag10:entity181:key00006EF0:ref258:ord0;page184:tag10:entity181:key00006EF0:ref258:ord0;page202:tag10:entity181:key00006EF0:ref258:ord0;page208:tag10:entity181:key00006EF0:ref258:ord0;page214:tag11:entity181:key00006EF0:ref258:ord0;page220:tag13:entity181:key00006EF0:ref258:ord0;page226:tag10:entity181:key00006EF0:ref258:ord0;page232:tag12:entity181:key00006EF0:ref258:ord0;page244:tag10:entity181:key00006EF0:ref258:ord0;page250:tag13:entity181:key00006EF0:ref258:ord0;page268:tag10:entity181:key00006EF0:ref258:ord0;page274:tag10:entity181:key00006EF0:ref258:ord0;page280:tag11:entity181:key00006EF0:ref258:ord0;page286:tag11:entity181:key00006EF0:ref258:ord0;page298:tag12:entity181:key00006EF0:ref258:ord0;page304:tag10:entity181:key00006EF0:ref258:ord0;page310:tag12:entity181:key00006EF0:ref258:ord0;page316:tag10:entity181:key00006EF0:ref258:ord0;page328:tag10:entity181:key00006EF0:ref258:ord0;page334:tag13:entity181:key00006EF0:ref258:ord0;page340:tag13:entity181:key00006EF0:ref258:ord0,"戦車や装甲車に随伴する兵士達は
雑誌など眼中にない…",レーションはこんがり焼けるとかなりウマイ…,ラブダンボールの上に乗ることが出来るらしい…,,口粮烤得焦香后相当好吃…,,MATCH,63,36,APPROVED,READY,NOT_TESTED,JPN_PRIMARY; MLG_CN_CONTEXT_AUXILIARY,mechanical template; resource_class=SLOT_OLANG; source_objects=38; review_flag=WEB_TRANSLATED_PENDING_CODEX_CHECK
5D81443C,116,260,260;260;260;260;260;260;260;260;260;260;260;260;260;260;260;260;260;260;260;260;260;260;260;260;260;260;260;260;260;260;260;260;260;260;260;260;260;260,38,,page76:tag17:entity180:key00006E8C:ref260:ord0;page82:tag8:entity180:key00006E8C:ref260:ord0;page88:tag13:entity180:key00006E8C:ref260:ord0;page94:tag13:entity180:key00006E8C:ref260:ord0;page100:tag12:entity180:key00006E8C:ref260:ord0;page106:tag11:entity180:key00006E8C:ref260:ord0;page112:tag10:entity180:key00006E8C:ref260:ord0;page118:tag12:entity180:key00006E8C:ref260:ord0;page124:tag10:entity180:key00006E8C:ref260:ord0;page130:tag12:entity180:key00006E8C:ref260:ord0;page136:tag11:entity180:key00006E8C:ref260:ord0;page142:tag11:entity180:key00006E8C:ref260:ord0;page148:tag10:entity180:key00006E8C:ref260:ord0;page154:tag11:entity180:key00006E8C:ref260:ord0;page160:tag10:entity180:key00006E8C:ref260:ord0;page166:tag10:entity180:key00006E8C:ref260:ord0;page172:tag12:entity180:key00006E8C:ref260:ord0;page178:tag10:entity180:key00006E8C:ref260:ord0;page184:tag10:entity180:key00006E8C:ref260:ord0;page202:tag10:entity180:key00006E8C:ref260:ord0;page208:tag10:entity180:key00006E8C:ref260:ord0;page214:tag11:entity180:key00006E8C:ref260:ord0;page220:tag13:entity180:key00006E8C:ref260:ord0;page226:tag10:entity180:key00006E8C:ref260:ord0;page232:tag12:entity180:key00006E8C:ref260:ord0;page244:tag10:entity180:key00006E8C:ref260:ord0;page250:tag13:entity180:key00006E8C:ref260:ord0;page268:tag10:entity180:key00006E8C:ref260:ord0;page274:tag10:entity180:key00006E8C:ref260:ord0;page280:tag11:entity180:key00006E8C:ref260:ord0;page286:tag11:entity180:key00006E8C:ref260:ord0;page298:tag12:entity180:key00006E8C:ref260:ord0;page304:tag10:entity180:key00006E8C:ref260:ord0;page310:tag12:entity180:key00006E8C:ref260:ord0;page316:tag10:entity180:key00006E8C:ref260:ord0;page328:tag10:entity180:key00006E8C:ref260:ord0;page334:tag13:entity180:key00006E8C:ref260:ord0;page340:tag13:entity180:key00006E8C:ref260:ord0,レーションはこんがり焼けるとかなりウマイ…,ラブダンボールの上に乗ることが出来るらしい…,…東の部屋だ,,听说可以站到LOVE BOX上面…,,MATCH,66,35,APPROVED,READY,NOT_TESTED,JPN_PRIMARY; MLG_CN_CONTEXT_AUXILIARY,mechanical template; resource_class=SLOT_OLANG; source_objects=38; review_flag=WEB_TRANSLATED_PENDING_CODEX_CHECK
5D81443C,117,262,262;262;262;262;262;262;262;262;262;262;262;262;262;262;262;262;262;262;262;262;262;262;262;262;262;262;262;262;262;262;262;262;262;262;262;262;262;262,38,,page76:tag17:entity27:key00000AF0:ref262:ord0;page82:tag8:entity27:key00000AF0:ref262:ord0;page88:tag13:entity27:key00000AF0:ref262:ord0;page94:tag13:entity27:key00000AF0:ref262:ord0;page100:tag12:entity27:key00000AF0:ref262:ord0;page106:tag11:entity27:key00000AF0:ref262:ord0;page112:tag10:entity27:key00000AF0:ref262:ord0;page118:tag12:entity27:key00000AF0:ref262:ord0;page124:tag10:entity27:key00000AF0:ref262:ord0;page130:tag12:entity27:key00000AF0:ref262:ord0;page136:tag11:entity27:key00000AF0:ref262:ord0;page142:tag11:entity27:key00000AF0:ref262:ord0;page148:tag10:entity27:key00000AF0:ref262:ord0;page154:tag11:entity27:key00000AF0:ref262:ord0;page160:tag10:entity27:key00000AF0:ref262:ord0;page166:tag10:entity27:key00000AF0:ref262:ord0;page172:tag12:entity27:key00000AF0:ref262:ord0;page178:tag10:entity27:key00000AF0:ref262:ord0;page184:tag10:entity27:key00000AF0:ref262:ord0;page202:tag10:entity27:key00000AF0:ref262:ord0;page208:tag10:entity27:key00000AF0:ref262:ord0;page214:tag11:entity27:key00000AF0:ref262:ord0;page220:tag13:entity27:key00000AF0:ref262:ord0;page226:tag10:entity27:key00000AF0:ref262:ord0;page232:tag12:entity27:key00000AF0:ref262:ord0;page244:tag10:entity27:key00000AF0:ref262:ord0;page250:tag13:entity27:key00000AF0:ref262:ord0;page268:tag10:entity27:key00000AF0:ref262:ord0;page274:tag10:entity27:key00000AF0:ref262:ord0;page280:tag11:entity27:key00000AF0:ref262:ord0;page286:tag11:entity27:key00000AF0:ref262:ord0;page298:tag12:entity27:key00000AF0:ref262:ord0;page304:tag10:entity27:key00000AF0:ref262:ord0;page310:tag12:entity27:key00000AF0:ref262:ord0;page316:tag10:entity27:key00000AF0:ref262:ord0;page328:tag10:entity27:key00000AF0:ref262:ord0;page334:tag13:entity27:key00000AF0:ref262:ord0;page340:tag13:entity27:key00000AF0:ref262:ord0,ラブダンボールの上に乗ることが出来るらしい…,…東の部屋だ,ヘリのダウンウォッシュはダンボールを使えば…,,…在东边的房间,,MATCH,18,21,APPROVED,READY,NOT_TESTED,JPN_PRIMARY; MLG_CN_CONTEXT_AUXILIARY,mechanical template; resource_class=SLOT_OLANG; source_objects=38; review_flag=WEB_TRANSLATED_PENDING_CODEX_CHECK
5D81443C,118,264,264;264;264;264;264;264;264;264;264;264;264;264;264;264;264;264;264;264;264;264;264;264;264;264;264;264;264;264;264;264;264;264;264;264;264;264;264;264,38,,page76:tag17:entity179:key00006CFC:ref264:ord0;page82:tag8:entity179:key00006CFC:ref264:ord0;page88:tag13:entity179:key00006CFC:ref264:ord0;page94:tag13:entity179:key00006CFC:ref264:ord0;page100:tag12:entity179:key00006CFC:ref264:ord0;page106:tag11:entity179:key00006CFC:ref264:ord0;page112:tag10:entity179:key00006CFC:ref264:ord0;page118:tag12:entity179:key00006CFC:ref264:ord0;page124:tag10:entity179:key00006CFC:ref264:ord0;page130:tag12:entity179:key00006CFC:ref264:ord0;page136:tag11:entity179:key00006CFC:ref264:ord0;page142:tag11:entity179:key00006CFC:ref264:ord0;page148:tag10:entity179:key00006CFC:ref264:ord0;page154:tag11:entity179:key00006CFC:ref264:ord0;page160:tag10:entity179:key00006CFC:ref264:ord0;page166:tag10:entity179:key00006CFC:ref264:ord0;page172:tag12:entity179:key00006CFC:ref264:ord0;page178:tag10:entity179:key00006CFC:ref264:ord0;page184:tag10:entity179:key00006CFC:ref264:ord0;page202:tag10:entity179:key00006CFC:ref264:ord0;page208:tag10:entity179:key00006CFC:ref264:ord0;page214:tag11:entity179:key00006CFC:ref264:ord0;page220:tag13:entity179:key00006CFC:ref264:ord0;page226:tag10:entity179:key00006CFC:ref264:ord0;page232:tag12:entity179:key00006CFC:ref264:ord0;page244:tag10:entity179:key00006CFC:ref264:ord0;page250:tag13:entity179:key00006CFC:ref264:ord0;page268:tag10:entity179:key00006CFC:ref264:ord0;page274:tag10:entity179:key00006CFC:ref264:ord0;page280:tag11:entity179:key00006CFC:ref264:ord0;page286:tag11:entity179:key00006CFC:ref264:ord0;page298:tag12:entity179:key00006CFC:ref264:ord0;page304:tag10:entity179:key00006CFC:ref264:ord0;page310:tag12:entity179:key00006CFC:ref264:ord0;page316:tag10:entity179:key00006CFC:ref264:ord0;page328:tag10:entity179:key00006CFC:ref264:ord0;page334:tag13:entity179:key00006CFC:ref264:ord0;page340:tag13:entity179:key00006CFC:ref264:ord0,…東の部屋だ,ヘリのダウンウォッシュはダンボールを使えば…,ダンボールは…ドロップできる,,直升机的下洗气流 用纸箱的话…,,MATCH,66,43,APPROVED,READY,NOT_TESTED,JPN_PRIMARY; MLG_CN_CONTEXT_AUXILIARY,mechanical template; resource_class=SLOT_OLANG; source_objects=38; review_flag=WEB_TRANSLATED_PENDING_CODEX_CHECK
5D81443C,119,266,266;266;266;266;266;266;266;266;266;266;266;266;266;266;266;266;266;266;266;266;266;266;266;266;266;266;266;266;266;266;266;266;266;266;266;266;266;266,38,,page76:tag17:entity178:key00006B6C:ref266:ord0;page82:tag8:entity178:key00006B6C:ref266:ord0;page88:tag13:entity178:key00006B6C:ref266:ord0;page94:tag13:entity178:key00006B6C:ref266:ord0;page100:tag12:entity178:key00006B6C:ref266:ord0;page106:tag11:entity178:key00006B6C:ref266:ord0;page112:tag10:entity178:key00006B6C:ref266:ord0;page118:tag12:entity178:key00006B6C:ref266:ord0;page124:tag10:entity178:key00006B6C:ref266:ord0;page130:tag12:entity178:key00006B6C:ref266:ord0;page136:tag11:entity178:key00006B6C:ref266:ord0;page142:tag11:entity178:key00006B6C:ref266:ord0;page148:tag10:entity178:key00006B6C:ref266:ord0;page154:tag11:entity178:key00006B6C:ref266:ord0;page160:tag10:entity178:key00006B6C:ref266:ord0;page166:tag10:entity178:key00006B6C:ref266:ord0;page172:tag12:entity178:key00006B6C:ref266:ord0;page178:tag10:entity178:key00006B6C:ref266:ord0;page184:tag10:entity178:key00006B6C:ref266:ord0;page202:tag10:entity178:key00006B6C:ref266:ord0;page208:tag10:entity178:key00006B6C:ref266:ord0;page214:tag11:entity178:key00006B6C:ref266:ord0;page220:tag13:entity178:key00006B6C:ref266:ord0;page226:tag10:entity178:key00006B6C:ref266:ord0;page232:tag12:entity178:key00006B6C:ref266:ord0;page244:tag10:entity178:key00006B6C:ref266:ord0;page250:tag13:entity178:key00006B6C:ref266:ord0;page268:tag10:entity178:key00006B6C:ref266:ord0;page274:tag10:entity178:key00006B6C:ref266:ord0;page280:tag11:entity178:key00006B6C:ref266:ord0;page286:tag11:entity178:key00006B6C:ref266:ord0;page298:tag12:entity178:key00006B6C:ref266:ord0;page304:tag10:entity178:key00006B6C:ref266:ord0;page310:tag12:entity178:key00006B6C:ref266:ord0;page316:tag10:entity178:key00006B6C:ref266:ord0;page328:tag10:entity178:key00006B6C:ref266:ord0;page334:tag13:entity178:key00006B6C:ref266:ord0;page340:tag13:entity178:key00006B6C:ref266:ord0,ヘリのダウンウォッシュはダンボールを使えば…,ダンボールは…ドロップできる,ここの見張りは…俺だけだ…,,纸箱…可以投放,,MATCH,42,21,APPROVED,READY,NOT_TESTED,JPN_PRIMARY; MLG_CN_CONTEXT_AUXILIARY,mechanical template; resource_class=SLOT_OLANG; source_objects=38; review_flag=WEB_TRANSLATED_PENDING_CODEX_CHECK
5D81443C,120,268,268;268;268;268;268;268;268;268;268;268;268;268;268;268;268;268;268;268;268;268;268;268;268;268;268;268;268;268;268;268;268;268;268;268;268;268;268;268,38,,page76:tag17:entity177:key00006B08:ref268:ord0;page82:tag8:entity177:key00006B08:ref268:ord0;page88:tag13:entity177:key00006B08:ref268:ord0;page94:tag13:entity177:key00006B08:ref268:ord0;page100:tag12:entity177:key00006B08:ref268:ord0;page106:tag11:entity177:key00006B08:ref268:ord0;page112:tag10:entity177:key00006B08:ref268:ord0;page118:tag12:entity177:key00006B08:ref268:ord0;page124:tag10:entity177:key00006B08:ref268:ord0;page130:tag12:entity177:key00006B08:ref268:ord0;page136:tag11:entity177:key00006B08:ref268:ord0;page142:tag11:entity177:key00006B08:ref268:ord0;page148:tag10:entity177:key00006B08:ref268:ord0;page154:tag11:entity177:key00006B08:ref268:ord0;page160:tag10:entity177:key00006B08:ref268:ord0;page166:tag10:entity177:key00006B08:ref268:ord0;page172:tag12:entity177:key00006B08:ref268:ord0;page178:tag10:entity177:key00006B08:ref268:ord0;page184:tag10:entity177:key00006B08:ref268:ord0;page202:tag10:entity177:key00006B08:ref268:ord0;page208:tag10:entity177:key00006B08:ref268:ord0;page214:tag11:entity177:key00006B08:ref268:ord0;page220:tag13:entity177:key00006B08:ref268:ord0;page226:tag10:entity177:key00006B08:ref268:ord0;page232:tag12:entity177:key00006B08:ref268:ord0;page244:tag10:entity177:key00006B08:ref268:ord0;page250:tag13:entity177:key00006B08:ref268:ord0;page268:tag10:entity177:key00006B08:ref268:ord0;page274:tag10:entity177:key00006B08:ref268:ord0;page280:tag11:entity177:key00006B08:ref268:ord0;page286:tag11:entity177:key00006B08:ref268:ord0;page298:tag12:entity177:key00006B08:ref268:ord0;page304:tag10:entity177:key00006B08:ref268:ord0;page310:tag12:entity177:key00006B08:ref268:ord0;page316:tag10:entity177:key00006B08:ref268:ord0;page328:tag10:entity177:key00006B08:ref268:ord0;page334:tag13:entity177:key00006B08:ref268:ord0;page340:tag13:entity177:key00006B08:ref268:ord0,ダンボールは…ドロップできる,ここの見張りは…俺だけだ…,"ギリースーツで偽装した兵士も
暗視ゴーグルを使えば…",,这里的守卫…只有我一个…,,MATCH,39,36,APPROVED,READY,NOT_TESTED,JPN_PRIMARY; MLG_CN_CONTEXT_AUXILIARY,mechanical template; resource_class=SLOT_OLANG; source_objects=38; review_flag=WEB_TRANSLATED_PENDING_CODEX_CHECK
5D81443C,121,270,270;270;270;270;270;270;270;270;270;270;270;270;270;270;270;270;270;270;270;270;270;270;270;270;270;270;270;270;270;270;270;270;270;270;270;270;270;270,38,,page76:tag17:entity176:key00006A40:ref270:ord0;page82:tag8:entity176:key00006A40:ref270:ord0;page88:tag13:entity176:key00006A40:ref270:ord0;page94:tag13:entity176:key00006A40:ref270:ord0;page100:tag12:entity176:key00006A40:ref270:ord0;page106:tag11:entity176:key00006A40:ref270:ord0;page112:tag10:entity176:key00006A40:ref270:ord0;page118:tag12:entity176:key00006A40:ref270:ord0;page124:tag10:entity176:key00006A40:ref270:ord0;page130:tag12:entity176:key00006A40:ref270:ord0;page136:tag11:entity176:key00006A40:ref270:ord0;page142:tag11:entity176:key00006A40:ref270:ord0;page148:tag10:entity176:key00006A40:ref270:ord0;page154:tag11:entity176:key00006A40:ref270:ord0;page160:tag10:entity176:key00006A40:ref270:ord0;page166:tag10:entity176:key00006A40:ref270:ord0;page172:tag12:entity176:key00006A40:ref270:ord0;page178:tag10:entity176:key00006A40:ref270:ord0;page184:tag10:entity176:key00006A40:ref270:ord0;page202:tag10:entity176:key00006A40:ref270:ord0;page208:tag10:entity176:key00006A40:ref270:ord0;page214:tag11:entity176:key00006A40:ref270:ord0;page220:tag13:entity176:key00006A40:ref270:ord0;page226:tag10:entity176:key00006A40:ref270:ord0;page232:tag12:entity176:key00006A40:ref270:ord0;page244:tag10:entity176:key00006A40:ref270:ord0;page250:tag13:entity176:key00006A40:ref270:ord0;page268:tag10:entity176:key00006A40:ref270:ord0;page274:tag10:entity176:key00006A40:ref270:ord0;page280:tag11:entity176:key00006A40:ref270:ord0;page286:tag11:entity176:key00006A40:ref270:ord0;page298:tag12:entity176:key00006A40:ref270:ord0;page304:tag10:entity176:key00006A40:ref270:ord0;page310:tag12:entity176:key00006A40:ref270:ord0;page316:tag10:entity176:key00006A40:ref270:ord0;page328:tag10:entity176:key00006A40:ref270:ord0;page334:tag13:entity176:key00006A40:ref270:ord0;page340:tag13:entity176:key00006A40:ref270:ord0,ここの見張りは…俺だけだ…,"ギリースーツで偽装した兵士も
暗視ゴーグルを使えば…",徹甲弾ならヘルメットや盾を撃ち抜ける ,,"就算士兵用吉利服伪装
只要用夜视镜…",,MATCH,76,52,APPROVED,READY,NOT_TESTED,JPN_PRIMARY; MLG_CN_CONTEXT_AUXILIARY,mechanical template; resource_class=SLOT_OLANG; source_objects=38; review_flag=WEB_TRANSLATED_PENDING_CODEX_CHECK
5D81443C,122,272,272;272;272;272;272;272;272;272;272;272;272;272;272;272;272;272;272;272;272;272;272;272;272;272;272;272;272;272;272;272;272;272;272;272;272;272;272;272,38,,page76:tag17:entity175:key000069DC:ref272:ord0;page82:tag8:entity175:key000069DC:ref272:ord0;page88:tag13:entity175:key000069DC:ref272:ord0;page94:tag13:entity175:key000069DC:ref272:ord0;page100:tag12:entity175:key000069DC:ref272:ord0;page106:tag11:entity175:key000069DC:ref272:ord0;page112:tag10:entity175:key000069DC:ref272:ord0;page118:tag12:entity175:key000069DC:ref272:ord0;page124:tag10:entity175:key000069DC:ref272:ord0;page130:tag12:entity175:key000069DC:ref272:ord0;page136:tag11:entity175:key000069DC:ref272:ord0;page142:tag11:entity175:key000069DC:ref272:ord0;page148:tag10:entity175:key000069DC:ref272:ord0;page154:tag11:entity175:key000069DC:ref272:ord0;page160:tag10:entity175:key000069DC:ref272:ord0;page166:tag10:entity175:key000069DC:ref272:ord0;page172:tag12:entity175:key000069DC:ref272:ord0;page178:tag10:entity175:key000069DC:ref272:ord0;page184:tag10:entity175:key000069DC:ref272:ord0;page202:tag10:entity175:key000069DC:ref272:ord0;page208:tag10:entity175:key000069DC:ref272:ord0;page214:tag11:entity175:key000069DC:ref272:ord0;page220:tag13:entity175:key000069DC:ref272:ord0;page226:tag10:entity175:key000069DC:ref272:ord0;page232:tag12:entity175:key000069DC:ref272:ord0;page244:tag10:entity175:key000069DC:ref272:ord0;page250:tag13:entity175:key000069DC:ref272:ord0;page268:tag10:entity175:key000069DC:ref272:ord0;page274:tag10:entity175:key000069DC:ref272:ord0;page280:tag11:entity175:key000069DC:ref272:ord0;page286:tag11:entity175:key000069DC:ref272:ord0;page298:tag12:entity175:key000069DC:ref272:ord0;page304:tag10:entity175:key000069DC:ref272:ord0;page310:tag12:entity175:key000069DC:ref272:ord0;page316:tag10:entity175:key000069DC:ref272:ord0;page328:tag10:entity175:key000069DC:ref272:ord0;page334:tag13:entity175:key000069DC:ref272:ord0;page340:tag13:entity175:key000069DC:ref272:ord0,"ギリースーツで偽装した兵士も
暗視ゴーグルを使えば…",徹甲弾ならヘルメットや盾を撃ち抜ける ,ホールドアップなら…多くのアイテムを奪える…,,穿甲弹可以打穿头盔和盾牌 ,,MATCH,55,37,APPROVED,READY,NOT_TESTED,JPN_PRIMARY; MLG_CN_CONTEXT_AUXILIARY,mechanical template; resource_class=SLOT_OLANG; source_objects=38; review_flag=WEB_TRANSLATED_PENDING_CODEX_CHECK
5D81443C,123,274,274;274;274;274;274;274;274;274;274;274;274;274;274;274;274;274;274;274;274;274;274;274;274;274;274;274;274;274;274;274;274;274;274;274;274;274;274;274,38,,page76:tag17:entity174:key00006978:ref274:ord0;page82:tag8:entity174:key00006978:ref274:ord0;page88:tag13:entity174:key00006978:ref274:ord0;page94:tag13:entity174:key00006978:ref274:ord0;page100:tag12:entity174:key00006978:ref274:ord0;page106:tag11:entity174:key00006978:ref274:ord0;page112:tag10:entity174:key00006978:ref274:ord0;page118:tag12:entity174:key00006978:ref274:ord0;page124:tag10:entity174:key00006978:ref274:ord0;page130:tag12:entity174:key00006978:ref274:ord0;page136:tag11:entity174:key00006978:ref274:ord0;page142:tag11:entity174:key00006978:ref274:ord0;page148:tag10:entity174:key00006978:ref274:ord0;page154:tag11:entity174:key00006978:ref274:ord0;page160:tag10:entity174:key00006978:ref274:ord0;page166:tag10:entity174:key00006978:ref274:ord0;page172:tag12:entity174:key00006978:ref274:ord0;page178:tag10:entity174:key00006978:ref274:ord0;page184:tag10:entity174:key00006978:ref274:ord0;page202:tag10:entity174:key00006978:ref274:ord0;page208:tag10:entity174:key00006978:ref274:ord0;page214:tag11:entity174:key00006978:ref274:ord0;page220:tag13:entity174:key00006978:ref274:ord0;page226:tag10:entity174:key00006978:ref274:ord0;page232:tag12:entity174:key00006978:ref274:ord0;page244:tag10:entity174:key00006978:ref274:ord0;page250:tag13:entity174:key00006978:ref274:ord0;page268:tag10:entity174:key00006978:ref274:ord0;page274:tag10:entity174:key00006978:ref274:ord0;page280:tag11:entity174:key00006978:ref274:ord0;page286:tag11:entity174:key00006978:ref274:ord0;page298:tag12:entity174:key00006978:ref274:ord0;page304:tag10:entity174:key00006978:ref274:ord0;page310:tag12:entity174:key00006978:ref274:ord0;page316:tag10:entity174:key00006978:ref274:ord0;page328:tag10:entity174:key00006978:ref274:ord0;page334:tag13:entity174:key00006978:ref274:ord0;page340:tag13:entity174:key00006978:ref274:ord0,徹甲弾ならヘルメットや盾を撃ち抜ける ,ホールドアップなら…多くのアイテムを奪える…,…北東の部屋だ,,举枪威胁的话…能夺到很多道具…,,MATCH,66,45,APPROVED,READY,NOT_TESTED,JPN_PRIMARY; MLG_CN_CONTEXT_AUXILIARY,mechanical template; resource_class=SLOT_OLANG; source_objects=38; review_flag=WEB_TRANSLATED_PENDING_CODEX_CHECK
5D81443C,124,276,276;276;276;276;276;276;276;276;276;276;276;276;276;276;276;276;276;276;276;276;276;276;276;276;276;276;276;276;276;276;276;276;276;276;276;276;276;276,38,,page76:tag17:entity26:key00000A8C:ref276:ord0;page82:tag8:entity26:key00000A8C:ref276:ord0;page88:tag13:entity26:key00000A8C:ref276:ord0;page94:tag13:entity26:key00000A8C:ref276:ord0;page100:tag12:entity26:key00000A8C:ref276:ord0;page106:tag11:entity26:key00000A8C:ref276:ord0;page112:tag10:entity26:key00000A8C:ref276:ord0;page118:tag12:entity26:key00000A8C:ref276:ord0;page124:tag10:entity26:key00000A8C:ref276:ord0;page130:tag12:entity26:key00000A8C:ref276:ord0;page136:tag11:entity26:key00000A8C:ref276:ord0;page142:tag11:entity26:key00000A8C:ref276:ord0;page148:tag10:entity26:key00000A8C:ref276:ord0;page154:tag11:entity26:key00000A8C:ref276:ord0;page160:tag10:entity26:key00000A8C:ref276:ord0;page166:tag10:entity26:key00000A8C:ref276:ord0;page172:tag12:entity26:key00000A8C:ref276:ord0;page178:tag10:entity26:key00000A8C:ref276:ord0;page184:tag10:entity26:key00000A8C:ref276:ord0;page202:tag10:entity26:key00000A8C:ref276:ord0;page208:tag10:entity26:key00000A8C:ref276:ord0;page214:tag11:entity26:key00000A8C:ref276:ord0;page220:tag13:entity26:key00000A8C:ref276:ord0;page226:tag10:entity26:key00000A8C:ref276:ord0;page232:tag12:entity26:key00000A8C:ref276:ord0;page244:tag10:entity26:key00000A8C:ref276:ord0;page250:tag13:entity26:key00000A8C:ref276:ord0;page268:tag10:entity26:key00000A8C:ref276:ord0;page274:tag10:entity26:key00000A8C:ref276:ord0;page280:tag11:entity26:key00000A8C:ref276:ord0;page286:tag11:entity26:key00000A8C:ref276:ord0;page298:tag12:entity26:key00000A8C:ref276:ord0;page304:tag10:entity26:key00000A8C:ref276:ord0;page310:tag12:entity26:key00000A8C:ref276:ord0;page316:tag10:entity26:key00000A8C:ref276:ord0;page328:tag10:entity26:key00000A8C:ref276:ord0;page334:tag13:entity26:key00000A8C:ref276:ord0;page340:tag13:entity26:key00000A8C:ref276:ord0,ホールドアップなら…多くのアイテムを奪える…,…北東の部屋だ,お…俺はアイテムを４つ隠し持ってる…,,…在东北边的房间,,MATCH,21,24,APPROVED,READY,NOT_TESTED,JPN_PRIMARY; MLG_CN_CONTEXT_AUXILIARY,mechanical template; resource_class=SLOT_OLANG; source_objects=38; review_flag=WEB_TRANSLATED_PENDING_CODEX_CHECK
5D81443C,125,278,278;278;278;278;278;278;278;278;278;278;278;278;278;278;278;278;278;278;278;278;278;278;278;278;278;278;278;278;278;278;278;278;278;278;278;278;278;278,38,,page76:tag17:entity173:key00006914:ref278:ord0;page82:tag8:entity173:key00006914:ref278:ord0;page88:tag13:entity173:key00006914:ref278:ord0;page94:tag13:entity173:key00006914:ref278:ord0;page100:tag12:entity173:key00006914:ref278:ord0;page106:tag11:entity173:key00006914:ref278:ord0;page112:tag10:entity173:key00006914:ref278:ord0;page118:tag12:entity173:key00006914:ref278:ord0;page124:tag10:entity173:key00006914:ref278:ord0;page130:tag12:entity173:key00006914:ref278:ord0;page136:tag11:entity173:key00006914:ref278:ord0;page142:tag11:entity173:key00006914:ref278:ord0;page148:tag10:entity173:key00006914:ref278:ord0;page154:tag11:entity173:key00006914:ref278:ord0;page160:tag10:entity173:key00006914:ref278:ord0;page166:tag10:entity173:key00006914:ref278:ord0;page172:tag12:entity173:key00006914:ref278:ord0;page178:tag10:entity173:key00006914:ref278:ord0;page184:tag10:entity173:key00006914:ref278:ord0;page202:tag10:entity173:key00006914:ref278:ord0;page208:tag10:entity173:key00006914:ref278:ord0;page214:tag11:entity173:key00006914:ref278:ord0;page220:tag13:entity173:key00006914:ref278:ord0;page226:tag10:entity173:key00006914:ref278:ord0;page232:tag12:entity173:key00006914:ref278:ord0;page244:tag10:entity173:key00006914:ref278:ord0;page250:tag13:entity173:key00006914:ref278:ord0;page268:tag10:entity173:key00006914:ref278:ord0;page274:tag10:entity173:key00006914:ref278:ord0;page280:tag11:entity173:key00006914:ref278:ord0;page286:tag11:entity173:key00006914:ref278:ord0;page298:tag12:entity173:key00006914:ref278:ord0;page304:tag10:entity173:key00006914:ref278:ord0;page310:tag12:entity173:key00006914:ref278:ord0;page316:tag10:entity173:key00006914:ref278:ord0;page328:tag10:entity173:key00006914:ref278:ord0;page334:tag13:entity173:key00006914:ref278:ord0;page340:tag13:entity173:key00006914:ref278:ord0,…北東の部屋だ,お…俺はアイテムを４つ隠し持ってる…,く…苦しくなんかないんだからね！,,我、我身上藏着４件道具…,,MATCH,54,36,APPROVED,READY,NOT_TESTED,JPN_PRIMARY; MLG_CN_CONTEXT_AUXILIARY,mechanical template; resource_class=SLOT_OLANG; source_objects=38; review_flag=WEB_TRANSLATED_PENDING_CODEX_CHECK
5D81443C,126,280,280;280;280;280;280;280;280;280;280;280;280;280;280;280;280;280;280;280;280;280;280;280;280;280;280;280;280;280;280;280;280;280;280;280;280;280;280;280,38,,page76:tag17:entity172:key000068B0:ref280:ord0;page82:tag8:entity172:key000068B0:ref280:ord0;page88:tag13:entity172:key000068B0:ref280:ord0;page94:tag13:entity172:key000068B0:ref280:ord0;page100:tag12:entity172:key000068B0:ref280:ord0;page106:tag11:entity172:key000068B0:ref280:ord0;page112:tag10:entity172:key000068B0:ref280:ord0;page118:tag12:entity172:key000068B0:ref280:ord0;page124:tag10:entity172:key000068B0:ref280:ord0;page130:tag12:entity172:key000068B0:ref280:ord0;page136:tag11:entity172:key000068B0:ref280:ord0;page142:tag11:entity172:key000068B0:ref280:ord0;page148:tag10:entity172:key000068B0:ref280:ord0;page154:tag11:entity172:key000068B0:ref280:ord0;page160:tag10:entity172:key000068B0:ref280:ord0;page166:tag10:entity172:key000068B0:ref280:ord0;page172:tag12:entity172:key000068B0:ref280:ord0;page178:tag10:entity172:key000068B0:ref280:ord0;page184:tag10:entity172:key000068B0:ref280:ord0;page202:tag10:entity172:key000068B0:ref280:ord0;page208:tag10:entity172:key000068B0:ref280:ord0;page214:tag11:entity172:key000068B0:ref280:ord0;page220:tag13:entity172:key000068B0:ref280:ord0;page226:tag10:entity172:key000068B0:ref280:ord0;page232:tag12:entity172:key000068B0:ref280:ord0;page244:tag10:entity172:key000068B0:ref280:ord0;page250:tag13:entity172:key000068B0:ref280:ord0;page268:tag10:entity172:key000068B0:ref280:ord0;page274:tag10:entity172:key000068B0:ref280:ord0;page280:tag11:entity172:key000068B0:ref280:ord0;page286:tag11:entity172:key000068B0:ref280:ord0;page298:tag12:entity172:key000068B0:ref280:ord0;page304:tag10:entity172:key000068B0:ref280:ord0;page310:tag12:entity172:key000068B0:ref280:ord0;page316:tag10:entity172:key000068B0:ref280:ord0;page328:tag10:entity172:key000068B0:ref280:ord0;page334:tag13:entity172:key000068B0:ref280:ord0;page340:tag13:entity172:key000068B0:ref280:ord0,お…俺はアイテムを４つ隠し持ってる…,く…苦しくなんかないんだからね！,ぐ…ジュードーか…！？,,才、才一点都不难受呢！,,MATCH,48,33,APPROVED,READY,NOT_TESTED,JPN_PRIMARY; MLG_CN_CONTEXT_AUXILIARY,mechanical template; resource_class=SLOT_OLANG; source_objects=38; review_flag=WEB_TRANSLATED_PENDING_CODEX_CHECK
5D81443C,127,282,282;282;282;282;282;282;282;282;282;282;282;282;282;282;282;282;282;282;282;282;282;282;282;282;282;282;282;282;282;282;282;282;282;282;282;282;282;282,38,,page76:tag17:entity171:key0000684C:ref282:ord0;page82:tag8:entity171:key0000684C:ref282:ord0;page88:tag13:entity171:key0000684C:ref282:ord0;page94:tag13:entity171:key0000684C:ref282:ord0;page100:tag12:entity171:key0000684C:ref282:ord0;page106:tag11:entity171:key0000684C:ref282:ord0;page112:tag10:entity171:key0000684C:ref282:ord0;page118:tag12:entity171:key0000684C:ref282:ord0;page124:tag10:entity171:key0000684C:ref282:ord0;page130:tag12:entity171:key0000684C:ref282:ord0;page136:tag11:entity171:key0000684C:ref282:ord0;page142:tag11:entity171:key0000684C:ref282:ord0;page148:tag10:entity171:key0000684C:ref282:ord0;page154:tag11:entity171:key0000684C:ref282:ord0;page160:tag10:entity171:key0000684C:ref282:ord0;page166:tag10:entity171:key0000684C:ref282:ord0;page172:tag12:entity171:key0000684C:ref282:ord0;page178:tag10:entity171:key0000684C:ref282:ord0;page184:tag10:entity171:key0000684C:ref282:ord0;page202:tag10:entity171:key0000684C:ref282:ord0;page208:tag10:entity171:key0000684C:ref282:ord0;page214:tag11:entity171:key0000684C:ref282:ord0;page220:tag13:entity171:key0000684C:ref282:ord0;page226:tag10:entity171:key0000684C:ref282:ord0;page232:tag12:entity171:key0000684C:ref282:ord0;page244:tag10:entity171:key0000684C:ref282:ord0;page250:tag13:entity171:key0000684C:ref282:ord0;page268:tag10:entity171:key0000684C:ref282:ord0;page274:tag10:entity171:key0000684C:ref282:ord0;page280:tag11:entity171:key0000684C:ref282:ord0;page286:tag11:entity171:key0000684C:ref282:ord0;page298:tag12:entity171:key0000684C:ref282:ord0;page304:tag10:entity171:key0000684C:ref282:ord0;page310:tag12:entity171:key0000684C:ref282:ord0;page316:tag10:entity171:key0000684C:ref282:ord0;page328:tag10:entity171:key0000684C:ref282:ord0;page334:tag13:entity171:key0000684C:ref282:ord0;page340:tag13:entity171:key0000684C:ref282:ord0,く…苦しくなんかないんだからね！,ぐ…ジュードーか…！？,…べ 別に興奮してるわけじゃないぞ！,,呃…柔道吗…！？,,MATCH,33,24,APPROVED,READY,NOT_TESTED,JPN_PRIMARY; MLG_CN_CONTEXT_AUXILIARY,mechanical template; resource_class=SLOT_OLANG; source_objects=38; review_flag=WEB_TRANSLATED_PENDING_CODEX_CHECK
5D81443C,128,284,284;284;284;284;284;284;284;284;284;284;284;284;284;284;284;284;284;284;284;284;284;284;284;284;284;284;284;284;284;284;284;284;284;284;284;284;284;284,38,,page76:tag17:entity170:key000067E8:ref284:ord0;page82:tag8:entity170:key000067E8:ref284:ord0;page88:tag13:entity170:key000067E8:ref284:ord0;page94:tag13:entity170:key000067E8:ref284:ord0;page100:tag12:entity170:key000067E8:ref284:ord0;page106:tag11:entity170:key000067E8:ref284:ord0;page112:tag10:entity170:key000067E8:ref284:ord0;page118:tag12:entity170:key000067E8:ref284:ord0;page124:tag10:entity170:key000067E8:ref284:ord0;page130:tag12:entity170:key000067E8:ref284:ord0;page136:tag11:entity170:key000067E8:ref284:ord0;page142:tag11:entity170:key000067E8:ref284:ord0;page148:tag10:entity170:key000067E8:ref284:ord0;page154:tag11:entity170:key000067E8:ref284:ord0;page160:tag10:entity170:key000067E8:ref284:ord0;page166:tag10:entity170:key000067E8:ref284:ord0;page172:tag12:entity170:key000067E8:ref284:ord0;page178:tag10:entity170:key000067E8:ref284:ord0;page184:tag10:entity170:key000067E8:ref284:ord0;page202:tag10:entity170:key000067E8:ref284:ord0;page208:tag10:entity170:key000067E8:ref284:ord0;page214:tag11:entity170:key000067E8:ref284:ord0;page220:tag13:entity170:key000067E8:ref284:ord0;page226:tag10:entity170:key000067E8:ref284:ord0;page232:tag12:entity170:key000067E8:ref284:ord0;page244:tag10:entity170:key000067E8:ref284:ord0;page250:tag13:entity170:key000067E8:ref284:ord0;page268:tag10:entity170:key000067E8:ref284:ord0;page274:tag10:entity170:key000067E8:ref284:ord0;page280:tag11:entity170:key000067E8:ref284:ord0;page286:tag11:entity170:key000067E8:ref284:ord0;page298:tag12:entity170:key000067E8:ref284:ord0;page304:tag10:entity170:key000067E8:ref284:ord0;page310:tag12:entity170:key000067E8:ref284:ord0;page316:tag10:entity170:key000067E8:ref284:ord0;page328:tag10:entity170:key000067E8:ref284:ord0;page334:tag13:entity170:key000067E8:ref284:ord0;page340:tag13:entity170:key000067E8:ref284:ord0,ぐ…ジュードーか…！？,…べ 別に興奮してるわけじゃないぞ！,ハァ…ハァ…,,我、我才没有兴奋呢！,,MATCH,52,30,APPROVED,READY,NOT_TESTED,JPN_PRIMARY; MLG_CN_CONTEXT_AUXILIARY,mechanical template; resource_class=SLOT_OLANG; source_objects=38; review_flag=WEB_TRANSLATED_PENDING_CODEX_CHECK
5D81443C,129,286,286;286;286;286;286;286;286;286;286;286;286;286;286;286;286;286;286;286;286;286;286;286;286;286;286;286;286;286;286;286;286;286;286;286;286;286;286;286,38,,page76:tag17:entity169:key00006784:ref286:ord0;page82:tag8:entity169:key00006784:ref286:ord0;page88:tag13:entity169:key00006784:ref286:ord0;page94:tag13:entity169:key00006784:ref286:ord0;page100:tag12:entity169:key00006784:ref286:ord0;page106:tag11:entity169:key00006784:ref286:ord0;page112:tag10:entity169:key00006784:ref286:ord0;page118:tag12:entity169:key00006784:ref286:ord0;page124:tag10:entity169:key00006784:ref286:ord0;page130:tag12:entity169:key00006784:ref286:ord0;page136:tag11:entity169:key00006784:ref286:ord0;page142:tag11:entity169:key00006784:ref286:ord0;page148:tag10:entity169:key00006784:ref286:ord0;page154:tag11:entity169:key00006784:ref286:ord0;page160:tag10:entity169:key00006784:ref286:ord0;page166:tag10:entity169:key00006784:ref286:ord0;page172:tag12:entity169:key00006784:ref286:ord0;page178:tag10:entity169:key00006784:ref286:ord0;page184:tag10:entity169:key00006784:ref286:ord0;page202:tag10:entity169:key00006784:ref286:ord0;page208:tag10:entity169:key00006784:ref286:ord0;page214:tag11:entity169:key00006784:ref286:ord0;page220:tag13:entity169:key00006784:ref286:ord0;page226:tag10:entity169:key00006784:ref286:ord0;page232:tag12:entity169:key00006784:ref286:ord0;page244:tag10:entity169:key00006784:ref286:ord0;page250:tag13:entity169:key00006784:ref286:ord0;page268:tag10:entity169:key00006784:ref286:ord0;page274:tag10:entity169:key00006784:ref286:ord0;page280:tag11:entity169:key00006784:ref286:ord0;page286:tag11:entity169:key00006784:ref286:ord0;page298:tag12:entity169:key00006784:ref286:ord0;page304:tag10:entity169:key00006784:ref286:ord0;page310:tag12:entity169:key00006784:ref286:ord0;page316:tag10:entity169:key00006784:ref286:ord0;page328:tag10:entity169:key00006784:ref286:ord0;page334:tag13:entity169:key00006784:ref286:ord0;page340:tag13:entity169:key00006784:ref286:ord0,…べ 別に興奮してるわけじゃないぞ！,ハァ…ハァ…,や…やめろ…！ 息が苦しい…！ ,,哈啊…哈啊…,,MATCH,18,18,APPROVED,READY,NOT_TESTED,JPN_PRIMARY; MLG_CN_CONTEXT_AUXILIARY,mechanical template; resource_class=SLOT_OLANG; source_objects=38; review_flag=WEB_TRANSLATED_PENDING_CODEX_CHECK
5D81443C,130,288,288;288;288;288;288;288;288;288;288;288;288;288;288;288;288;288;288;288;288;288;288;288;288;288;288;288;288;288;288;288;288;288;288;288;288;288;288;288,38,,page76:tag17:entity168:key00006720:ref288:ord0;page82:tag8:entity168:key00006720:ref288:ord0;page88:tag13:entity168:key00006720:ref288:ord0;page94:tag13:entity168:key00006720:ref288:ord0;page100:tag12:entity168:key00006720:ref288:ord0;page106:tag11:entity168:key00006720:ref288:ord0;page112:tag10:entity168:key00006720:ref288:ord0;page118:tag12:entity168:key00006720:ref288:ord0;page124:tag10:entity168:key00006720:ref288:ord0;page130:tag12:entity168:key00006720:ref288:ord0;page136:tag11:entity168:key00006720:ref288:ord0;page142:tag11:entity168:key00006720:ref288:ord0;page148:tag10:entity168:key00006720:ref288:ord0;page154:tag11:entity168:key00006720:ref288:ord0;page160:tag10:entity168:key00006720:ref288:ord0;page166:tag10:entity168:key00006720:ref288:ord0;page172:tag12:entity168:key00006720:ref288:ord0;page178:tag10:entity168:key00006720:ref288:ord0;page184:tag10:entity168:key00006720:ref288:ord0;page202:tag10:entity168:key00006720:ref288:ord0;page208:tag10:entity168:key00006720:ref288:ord0;page214:tag11:entity168:key00006720:ref288:ord0;page220:tag13:entity168:key00006720:ref288:ord0;page226:tag10:entity168:key00006720:ref288:ord0;page232:tag12:entity168:key00006720:ref288:ord0;page244:tag10:entity168:key00006720:ref288:ord0;page250:tag13:entity168:key00006720:ref288:ord0;page268:tag10:entity168:key00006720:ref288:ord0;page274:tag10:entity168:key00006720:ref288:ord0;page280:tag11:entity168:key00006720:ref288:ord0;page286:tag11:entity168:key00006720:ref288:ord0;page298:tag12:entity168:key00006720:ref288:ord0;page304:tag10:entity168:key00006720:ref288:ord0;page310:tag12:entity168:key00006720:ref288:ord0;page316:tag10:entity168:key00006720:ref288:ord0;page328:tag10:entity168:key00006720:ref288:ord0;page334:tag13:entity168:key00006720:ref288:ord0;page340:tag13:entity168:key00006720:ref288:ord0,ハァ…ハァ…,や…やめろ…！ 息が苦しい…！ ,…北の部屋だ,,住、住手…！ 我喘不过气了…！ ,,MATCH,44,44,APPROVED,READY,NOT_TESTED,JPN_PRIMARY; MLG_CN_CONTEXT_AUXILIARY,mechanical template; resource_class=SLOT_OLANG; source_objects=38; review_flag=WEB_TRANSLATED_PENDING_CODEX_CHECK
5D81443C,131,290,290;290;290;290;290;290;290;290;290;290;290;290;290;290;290;290;290;290;290;290;290;290;290;290;290;290;290;290;290;290;290;290;290;290;290;290;290;290,38,,page76:tag17:entity25:key00000A28:ref290:ord0;page82:tag8:entity25:key00000A28:ref290:ord0;page88:tag13:entity25:key00000A28:ref290:ord0;page94:tag13:entity25:key00000A28:ref290:ord0;page100:tag12:entity25:key00000A28:ref290:ord0;page106:tag11:entity25:key00000A28:ref290:ord0;page112:tag10:entity25:key00000A28:ref290:ord0;page118:tag12:entity25:key00000A28:ref290:ord0;page124:tag10:entity25:key00000A28:ref290:ord0;page130:tag12:entity25:key00000A28:ref290:ord0;page136:tag11:entity25:key00000A28:ref290:ord0;page142:tag11:entity25:key00000A28:ref290:ord0;page148:tag10:entity25:key00000A28:ref290:ord0;page154:tag11:entity25:key00000A28:ref290:ord0;page160:tag10:entity25:key00000A28:ref290:ord0;page166:tag10:entity25:key00000A28:ref290:ord0;page172:tag12:entity25:key00000A28:ref290:ord0;page178:tag10:entity25:key00000A28:ref290:ord0;page184:tag10:entity25:key00000A28:ref290:ord0;page202:tag10:entity25:key00000A28:ref290:ord0;page208:tag10:entity25:key00000A28:ref290:ord0;page214:tag11:entity25:key00000A28:ref290:ord0;page220:tag13:entity25:key00000A28:ref290:ord0;page226:tag10:entity25:key00000A28:ref290:ord0;page232:tag12:entity25:key00000A28:ref290:ord0;page244:tag10:entity25:key00000A28:ref290:ord0;page250:tag13:entity25:key00000A28:ref290:ord0;page268:tag10:entity25:key00000A28:ref290:ord0;page274:tag10:entity25:key00000A28:ref290:ord0;page280:tag11:entity25:key00000A28:ref290:ord0;page286:tag11:entity25:key00000A28:ref290:ord0;page298:tag12:entity25:key00000A28:ref290:ord0;page304:tag10:entity25:key00000A28:ref290:ord0;page310:tag12:entity25:key00000A28:ref290:ord0;page316:tag10:entity25:key00000A28:ref290:ord0;page328:tag10:entity25:key00000A28:ref290:ord0;page334:tag13:entity25:key00000A28:ref290:ord0;page340:tag13:entity25:key00000A28:ref290:ord0,や…やめろ…！ 息が苦しい…！ ,…北の部屋だ,チッ！ くそ…,,…在北边的房间,,MATCH,18,21,APPROVED,READY,NOT_TESTED,JPN_PRIMARY; MLG_CN_CONTEXT_AUXILIARY,mechanical template; resource_class=SLOT_OLANG; source_objects=38; review_flag=WEB_TRANSLATED_PENDING_CODEX_CHECK
5D81443C,132,292,292;292;292;292;292;292;292;292;292;292;292;292;292;292;292;292;292;292;292;292;292;292;292;292;292;292;292;292;292;292;292;292;292;292;292;292;292;292,38,,page76:tag17:entity167:key00006338:ref292:ord0;page82:tag8:entity167:key00006338:ref292:ord0;page88:tag13:entity167:key00006338:ref292:ord0;page94:tag13:entity167:key00006338:ref292:ord0;page100:tag12:entity167:key00006338:ref292:ord0;page106:tag11:entity167:key00006338:ref292:ord0;page112:tag10:entity167:key00006338:ref292:ord0;page118:tag12:entity167:key00006338:ref292:ord0;page124:tag10:entity167:key00006338:ref292:ord0;page130:tag12:entity167:key00006338:ref292:ord0;page136:tag11:entity167:key00006338:ref292:ord0;page142:tag11:entity167:key00006338:ref292:ord0;page148:tag10:entity167:key00006338:ref292:ord0;page154:tag11:entity167:key00006338:ref292:ord0;page160:tag10:entity167:key00006338:ref292:ord0;page166:tag10:entity167:key00006338:ref292:ord0;page172:tag12:entity167:key00006338:ref292:ord0;page178:tag10:entity167:key00006338:ref292:ord0;page184:tag10:entity167:key00006338:ref292:ord0;page202:tag10:entity167:key00006338:ref292:ord0;page208:tag10:entity167:key00006338:ref292:ord0;page214:tag11:entity167:key00006338:ref292:ord0;page220:tag13:entity167:key00006338:ref292:ord0;page226:tag10:entity167:key00006338:ref292:ord0;page232:tag12:entity167:key00006338:ref292:ord0;page244:tag10:entity167:key00006338:ref292:ord0;page250:tag13:entity167:key00006338:ref292:ord0;page268:tag10:entity167:key00006338:ref292:ord0;page274:tag10:entity167:key00006338:ref292:ord0;page280:tag11:entity167:key00006338:ref292:ord0;page286:tag11:entity167:key00006338:ref292:ord0;page298:tag12:entity167:key00006338:ref292:ord0;page304:tag10:entity167:key00006338:ref292:ord0;page310:tag12:entity167:key00006338:ref292:ord0;page316:tag10:entity167:key00006338:ref292:ord0;page328:tag10:entity167:key00006338:ref292:ord0;page334:tag13:entity167:key00006338:ref292:ord0;page340:tag13:entity167:key00006338:ref292:ord0,…北の部屋だ,チッ！ くそ…,判らないか？ 俺だよ俺…,,啧！ 可恶…,,MATCH,19,16,APPROVED,READY,NOT_TESTED,JPN_PRIMARY; MLG_CN_CONTEXT_AUXILIARY,mechanical template; resource_class=SLOT_OLANG; source_objects=38; review_flag=WEB_TRANSLATED_PENDING_CODEX_CHECK
5D81443C,133,294,294;294;294;294;294;294;294;294;294;294;294;294;294;294;294;294;294;294;294;294;294;294;294;294;294;294;294;294;294;294;294;294;294;294;294;294;294;294,38,,page76:tag17:entity166:key000062D4:ref294:ord0;page82:tag8:entity166:key000062D4:ref294:ord0;page88:tag13:entity166:key000062D4:ref294:ord0;page94:tag13:entity166:key000062D4:ref294:ord0;page100:tag12:entity166:key000062D4:ref294:ord0;page106:tag11:entity166:key000062D4:ref294:ord0;page112:tag10:entity166:key000062D4:ref294:ord0;page118:tag12:entity166:key000062D4:ref294:ord0;page124:tag10:entity166:key000062D4:ref294:ord0;page130:tag12:entity166:key000062D4:ref294:ord0;page136:tag11:entity166:key000062D4:ref294:ord0;page142:tag11:entity166:key000062D4:ref294:ord0;page148:tag10:entity166:key000062D4:ref294:ord0;page154:tag11:entity166:key000062D4:ref294:ord0;page160:tag10:entity166:key000062D4:ref294:ord0;page166:tag10:entity166:key000062D4:ref294:ord0;page172:tag12:entity166:key000062D4:ref294:ord0;page178:tag10:entity166:key000062D4:ref294:ord0;page184:tag10:entity166:key000062D4:ref294:ord0;page202:tag10:entity166:key000062D4:ref294:ord0;page208:tag10:entity166:key000062D4:ref294:ord0;page214:tag11:entity166:key000062D4:ref294:ord0;page220:tag13:entity166:key000062D4:ref294:ord0;page226:tag10:entity166:key000062D4:ref294:ord0;page232:tag12:entity166:key000062D4:ref294:ord0;page244:tag10:entity166:key000062D4:ref294:ord0;page250:tag13:entity166:key000062D4:ref294:ord0;page268:tag10:entity166:key000062D4:ref294:ord0;page274:tag10:entity166:key000062D4:ref294:ord0;page280:tag11:entity166:key000062D4:ref294:ord0;page286:tag11:entity166:key000062D4:ref294:ord0;page298:tag12:entity166:key000062D4:ref294:ord0;page304:tag10:entity166:key000062D4:ref294:ord0;page310:tag12:entity166:key000062D4:ref294:ord0;page316:tag10:entity166:key000062D4:ref294:ord0;page328:tag10:entity166:key000062D4:ref294:ord0;page334:tag13:entity166:key000062D4:ref294:ord0;page340:tag13:entity166:key000062D4:ref294:ord0,チッ！ くそ…,判らないか？ 俺だよ俺…,俺だ！ 痛いから放してくれ！,,认不出来吗？ 是我啊 是我…,,MATCH,34,38,APPROVED,READY,NOT_TESTED,JPN_PRIMARY; MLG_CN_CONTEXT_AUXILIARY,mechanical template; resource_class=SLOT_OLANG; source_objects=38; review_flag=WEB_TRANSLATED_PENDING_CODEX_CHECK
5D81443C,134,296,296;296;296;296;296;296;296;296;296;296;296;296;296;296;296;296;296;296;296;296;296;296;296;296;296;296;296;296;296;296;296;296;296;296;296;296;296;296,38,,page76:tag17:entity165:key00006270:ref296:ord0;page82:tag8:entity165:key00006270:ref296:ord0;page88:tag13:entity165:key00006270:ref296:ord0;page94:tag13:entity165:key00006270:ref296:ord0;page100:tag12:entity165:key00006270:ref296:ord0;page106:tag11:entity165:key00006270:ref296:ord0;page112:tag10:entity165:key00006270:ref296:ord0;page118:tag12:entity165:key00006270:ref296:ord0;page124:tag10:entity165:key00006270:ref296:ord0;page130:tag12:entity165:key00006270:ref296:ord0;page136:tag11:entity165:key00006270:ref296:ord0;page142:tag11:entity165:key00006270:ref296:ord0;page148:tag10:entity165:key00006270:ref296:ord0;page154:tag11:entity165:key00006270:ref296:ord0;page160:tag10:entity165:key00006270:ref296:ord0;page166:tag10:entity165:key00006270:ref296:ord0;page172:tag12:entity165:key00006270:ref296:ord0;page178:tag10:entity165:key00006270:ref296:ord0;page184:tag10:entity165:key00006270:ref296:ord0;page202:tag10:entity165:key00006270:ref296:ord0;page208:tag10:entity165:key00006270:ref296:ord0;page214:tag11:entity165:key00006270:ref296:ord0;page220:tag13:entity165:key00006270:ref296:ord0;page226:tag10:entity165:key00006270:ref296:ord0;page232:tag12:entity165:key00006270:ref296:ord0;page244:tag10:entity165:key00006270:ref296:ord0;page250:tag13:entity165:key00006270:ref296:ord0;page268:tag10:entity165:key00006270:ref296:ord0;page274:tag10:entity165:key00006270:ref296:ord0;page280:tag11:entity165:key00006270:ref296:ord0;page286:tag11:entity165:key00006270:ref296:ord0;page298:tag12:entity165:key00006270:ref296:ord0;page304:tag10:entity165:key00006270:ref296:ord0;page310:tag12:entity165:key00006270:ref296:ord0;page316:tag10:entity165:key00006270:ref296:ord0;page328:tag10:entity165:key00006270:ref296:ord0;page334:tag13:entity165:key00006270:ref296:ord0;page340:tag13:entity165:key00006270:ref296:ord0,判らないか？ 俺だよ俺…,俺だ！ 痛いから放してくれ！,アイテムは…,,是我！ 很痛 快放开我！,,MATCH,40,32,APPROVED,READY,NOT_TESTED,JPN_PRIMARY; MLG_CN_CONTEXT_AUXILIARY,mechanical template; resource_class=SLOT_OLANG; source_objects=38; review_flag=WEB_TRANSLATED_PENDING_CODEX_CHECK
5D81443C,135,298,298;298;298;298;298;298;298;298;298;298;298;298;298;298;298;298;298;298;298;298;298;298;298;298;298;298;298;298;298;298;298;298;298;298;298;298;298;298,38,,page76:tag17:entity24:key000009C4:ref298:ord0;page82:tag8:entity24:key000009C4:ref298:ord0;page88:tag13:entity24:key000009C4:ref298:ord0;page94:tag13:entity24:key000009C4:ref298:ord0;page100:tag12:entity24:key000009C4:ref298:ord0;page106:tag11:entity24:key000009C4:ref298:ord0;page112:tag10:entity24:key000009C4:ref298:ord0;page118:tag12:entity24:key000009C4:ref298:ord0;page124:tag10:entity24:key000009C4:ref298:ord0;page130:tag12:entity24:key000009C4:ref298:ord0;page136:tag11:entity24:key000009C4:ref298:ord0;page142:tag11:entity24:key000009C4:ref298:ord0;page148:tag10:entity24:key000009C4:ref298:ord0;page154:tag11:entity24:key000009C4:ref298:ord0;page160:tag10:entity24:key000009C4:ref298:ord0;page166:tag10:entity24:key000009C4:ref298:ord0;page172:tag12:entity24:key000009C4:ref298:ord0;page178:tag10:entity24:key000009C4:ref298:ord0;page184:tag10:entity24:key000009C4:ref298:ord0;page202:tag10:entity24:key000009C4:ref298:ord0;page208:tag10:entity24:key000009C4:ref298:ord0;page214:tag11:entity24:key000009C4:ref298:ord0;page220:tag13:entity24:key000009C4:ref298:ord0;page226:tag10:entity24:key000009C4:ref298:ord0;page232:tag12:entity24:key000009C4:ref298:ord0;page244:tag10:entity24:key000009C4:ref298:ord0;page250:tag13:entity24:key000009C4:ref298:ord0;page268:tag10:entity24:key000009C4:ref298:ord0;page274:tag10:entity24:key000009C4:ref298:ord0;page280:tag11:entity24:key000009C4:ref298:ord0;page286:tag11:entity24:key000009C4:ref298:ord0;page298:tag12:entity24:key000009C4:ref298:ord0;page304:tag10:entity24:key000009C4:ref298:ord0;page310:tag12:entity24:key000009C4:ref298:ord0;page316:tag10:entity24:key000009C4:ref298:ord0;page328:tag10:entity24:key000009C4:ref298:ord0;page334:tag13:entity24:key000009C4:ref298:ord0;page340:tag13:entity24:key000009C4:ref298:ord0,俺だ！ 痛いから放してくれ！,アイテムは…,ももも漏れちゃう…！ ,,道具在…,,MATCH,18,12,APPROVED,READY,NOT_TESTED,JPN_PRIMARY; MLG_CN_CONTEXT_AUXILIARY,mechanical template; resource_class=SLOT_OLANG; source_objects=38; review_flag=WEB_TRANSLATED_PENDING_CODEX_CHECK
5D81443C,136,300,300;300;300;300;300;300;300;300;300;300;300;300;300;300;300;300;300;300;300;300;300;300;300;300;300;300;300;300;300;300;300;300;300;300;300;300;300;300,38,,page76:tag17:entity164:key00006144:ref300:ord0;page82:tag8:entity164:key00006144:ref300:ord0;page88:tag13:entity164:key00006144:ref300:ord0;page94:tag13:entity164:key00006144:ref300:ord0;page100:tag12:entity164:key00006144:ref300:ord0;page106:tag11:entity164:key00006144:ref300:ord0;page112:tag10:entity164:key00006144:ref300:ord0;page118:tag12:entity164:key00006144:ref300:ord0;page124:tag10:entity164:key00006144:ref300:ord0;page130:tag12:entity164:key00006144:ref300:ord0;page136:tag11:entity164:key00006144:ref300:ord0;page142:tag11:entity164:key00006144:ref300:ord0;page148:tag10:entity164:key00006144:ref300:ord0;page154:tag11:entity164:key00006144:ref300:ord0;page160:tag10:entity164:key00006144:ref300:ord0;page166:tag10:entity164:key00006144:ref300:ord0;page172:tag12:entity164:key00006144:ref300:ord0;page178:tag10:entity164:key00006144:ref300:ord0;page184:tag10:entity164:key00006144:ref300:ord0;page202:tag10:entity164:key00006144:ref300:ord0;page208:tag10:entity164:key00006144:ref300:ord0;page214:tag11:entity164:key00006144:ref300:ord0;page220:tag13:entity164:key00006144:ref300:ord0;page226:tag10:entity164:key00006144:ref300:ord0;page232:tag12:entity164:key00006144:ref300:ord0;page244:tag10:entity164:key00006144:ref300:ord0;page250:tag13:entity164:key00006144:ref300:ord0;page268:tag10:entity164:key00006144:ref300:ord0;page274:tag10:entity164:key00006144:ref300:ord0;page280:tag11:entity164:key00006144:ref300:ord0;page286:tag11:entity164:key00006144:ref300:ord0;page298:tag12:entity164:key00006144:ref300:ord0;page304:tag10:entity164:key00006144:ref300:ord0;page310:tag12:entity164:key00006144:ref300:ord0;page316:tag10:entity164:key00006144:ref300:ord0;page328:tag10:entity164:key00006144:ref300:ord0;page334:tag13:entity164:key00006144:ref300:ord0;page340:tag13:entity164:key00006144:ref300:ord0,アイテムは…,ももも漏れちゃう…！ ,は…放せ！ ,,要、要、要漏出来了…！ ,,MATCH,31,34,APPROVED,READY,NOT_TESTED,JPN_PRIMARY; MLG_CN_CONTEXT_AUXILIARY,mechanical template; resource_class=SLOT_OLANG; source_objects=38; review_flag=WEB_TRANSLATED_PENDING_CODEX_CHECK
5D81443C,137,302,302;302;302;302;302;302;302;302;302;302;302;302;302;302;302;302;302;302;302;302;302;302;302;302;302;302;302;302;302;302;302;302;302;302;302;302;302;302,38,,page76:tag17:entity163:key0000607C:ref302:ord0;page82:tag8:entity163:key0000607C:ref302:ord0;page88:tag13:entity163:key0000607C:ref302:ord0;page94:tag13:entity163:key0000607C:ref302:ord0;page100:tag12:entity163:key0000607C:ref302:ord0;page106:tag11:entity163:key0000607C:ref302:ord0;page112:tag10:entity163:key0000607C:ref302:ord0;page118:tag12:entity163:key0000607C:ref302:ord0;page124:tag10:entity163:key0000607C:ref302:ord0;page130:tag12:entity163:key0000607C:ref302:ord0;page136:tag11:entity163:key0000607C:ref302:ord0;page142:tag11:entity163:key0000607C:ref302:ord0;page148:tag10:entity163:key0000607C:ref302:ord0;page154:tag11:entity163:key0000607C:ref302:ord0;page160:tag10:entity163:key0000607C:ref302:ord0;page166:tag10:entity163:key0000607C:ref302:ord0;page172:tag12:entity163:key0000607C:ref302:ord0;page178:tag10:entity163:key0000607C:ref302:ord0;page184:tag10:entity163:key0000607C:ref302:ord0;page202:tag10:entity163:key0000607C:ref302:ord0;page208:tag10:entity163:key0000607C:ref302:ord0;page214:tag11:entity163:key0000607C:ref302:ord0;page220:tag13:entity163:key0000607C:ref302:ord0;page226:tag10:entity163:key0000607C:ref302:ord0;page232:tag12:entity163:key0000607C:ref302:ord0;page244:tag10:entity163:key0000607C:ref302:ord0;page250:tag13:entity163:key0000607C:ref302:ord0;page268:tag10:entity163:key0000607C:ref302:ord0;page274:tag10:entity163:key0000607C:ref302:ord0;page280:tag11:entity163:key0000607C:ref302:ord0;page286:tag11:entity163:key0000607C:ref302:ord0;page298:tag12:entity163:key0000607C:ref302:ord0;page304:tag10:entity163:key0000607C:ref302:ord0;page310:tag12:entity163:key0000607C:ref302:ord0;page316:tag10:entity163:key0000607C:ref302:ord0;page328:tag10:entity163:key0000607C:ref302:ord0;page334:tag13:entity163:key0000607C:ref302:ord0;page340:tag13:entity163:key0000607C:ref302:ord0,ももも漏れちゃう…！ ,は…放せ！ ,これで俺もおしまいか…,,放、放开我！ ,,MATCH,16,19,APPROVED,READY,NOT_TESTED,JPN_PRIMARY; MLG_CN_CONTEXT_AUXILIARY,mechanical template; resource_class=SLOT_OLANG; source_objects=38; review_flag=WEB_TRANSLATED_PENDING_CODEX_CHECK
5D81443C,138,304,304;304;304;304;304;304;304;304;304;304;304;304;304;304;304;304;304;304;304;304;304;304;304;304;304;304;304;304;304;304;304;304;304;304;304;304;304;304,38,,page76:tag17:entity162:key00005E24:ref304:ord0;page82:tag8:entity162:key00005E24:ref304:ord0;page88:tag13:entity162:key00005E24:ref304:ord0;page94:tag13:entity162:key00005E24:ref304:ord0;page100:tag12:entity162:key00005E24:ref304:ord0;page106:tag11:entity162:key00005E24:ref304:ord0;page112:tag10:entity162:key00005E24:ref304:ord0;page118:tag12:entity162:key00005E24:ref304:ord0;page124:tag10:entity162:key00005E24:ref304:ord0;page130:tag12:entity162:key00005E24:ref304:ord0;page136:tag11:entity162:key00005E24:ref304:ord0;page142:tag11:entity162:key00005E24:ref304:ord0;page148:tag10:entity162:key00005E24:ref304:ord0;page154:tag11:entity162:key00005E24:ref304:ord0;page160:tag10:entity162:key00005E24:ref304:ord0;page166:tag10:entity162:key00005E24:ref304:ord0;page172:tag12:entity162:key00005E24:ref304:ord0;page178:tag10:entity162:key00005E24:ref304:ord0;page184:tag10:entity162:key00005E24:ref304:ord0;page202:tag10:entity162:key00005E24:ref304:ord0;page208:tag10:entity162:key00005E24:ref304:ord0;page214:tag11:entity162:key00005E24:ref304:ord0;page220:tag13:entity162:key00005E24:ref304:ord0;page226:tag10:entity162:key00005E24:ref304:ord0;page232:tag12:entity162:key00005E24:ref304:ord0;page244:tag10:entity162:key00005E24:ref304:ord0;page250:tag13:entity162:key00005E24:ref304:ord0;page268:tag10:entity162:key00005E24:ref304:ord0;page274:tag10:entity162:key00005E24:ref304:ord0;page280:tag11:entity162:key00005E24:ref304:ord0;page286:tag11:entity162:key00005E24:ref304:ord0;page298:tag12:entity162:key00005E24:ref304:ord0;page304:tag10:entity162:key00005E24:ref304:ord0;page310:tag12:entity162:key00005E24:ref304:ord0;page316:tag10:entity162:key00005E24:ref304:ord0;page328:tag10:entity162:key00005E24:ref304:ord0;page334:tag13:entity162:key00005E24:ref304:ord0;page340:tag13:entity162:key00005E24:ref304:ord0,は…放せ！ ,これで俺もおしまいか…,…俺に近付くとただじゃすまないぞ… ,,我也到此为止了吗…,,MATCH,33,27,APPROVED,READY,NOT_TESTED,JPN_PRIMARY; MLG_CN_CONTEXT_AUXILIARY,mechanical template; resource_class=SLOT_OLANG; source_objects=38; review_flag=WEB_TRANSLATED_PENDING_CODEX_CHECK
5D81443C,139,306,306;306;306;306;306;306;306;306;306;306;306;306;306;306;306;306;306;306;306;306;306;306;306;306;306;306;306;306;306;306;306;306;306;306;306;306;306;306,38,,page76:tag17:entity161:key00005DC0:ref306:ord0;page82:tag8:entity161:key00005DC0:ref306:ord0;page88:tag13:entity161:key00005DC0:ref306:ord0;page94:tag13:entity161:key00005DC0:ref306:ord0;page100:tag12:entity161:key00005DC0:ref306:ord0;page106:tag11:entity161:key00005DC0:ref306:ord0;page112:tag10:entity161:key00005DC0:ref306:ord0;page118:tag12:entity161:key00005DC0:ref306:ord0;page124:tag10:entity161:key00005DC0:ref306:ord0;page130:tag12:entity161:key00005DC0:ref306:ord0;page136:tag11:entity161:key00005DC0:ref306:ord0;page142:tag11:entity161:key00005DC0:ref306:ord0;page148:tag10:entity161:key00005DC0:ref306:ord0;page154:tag11:entity161:key00005DC0:ref306:ord0;page160:tag10:entity161:key00005DC0:ref306:ord0;page166:tag10:entity161:key00005DC0:ref306:ord0;page172:tag12:entity161:key00005DC0:ref306:ord0;page178:tag10:entity161:key00005DC0:ref306:ord0;page184:tag10:entity161:key00005DC0:ref306:ord0;page202:tag10:entity161:key00005DC0:ref306:ord0;page208:tag10:entity161:key00005DC0:ref306:ord0;page214:tag11:entity161:key00005DC0:ref306:ord0;page220:tag13:entity161:key00005DC0:ref306:ord0;page226:tag10:entity161:key00005DC0:ref306:ord0;page232:tag12:entity161:key00005DC0:ref306:ord0;page244:tag10:entity161:key00005DC0:ref306:ord0;page250:tag13:entity161:key00005DC0:ref306:ord0;page268:tag10:entity161:key00005DC0:ref306:ord0;page274:tag10:entity161:key00005DC0:ref306:ord0;page280:tag11:entity161:key00005DC0:ref306:ord0;page286:tag11:entity161:key00005DC0:ref306:ord0;page298:tag12:entity161:key00005DC0:ref306:ord0;page304:tag10:entity161:key00005DC0:ref306:ord0;page310:tag12:entity161:key00005DC0:ref306:ord0;page316:tag10:entity161:key00005DC0:ref306:ord0;page328:tag10:entity161:key00005DC0:ref306:ord0;page334:tag13:entity161:key00005DC0:ref306:ord0;page340:tag13:entity161:key00005DC0:ref306:ord0,これで俺もおしまいか…,…俺に近付くとただじゃすまないぞ… ,…下にいる,,…靠近我可不会让你好过… ,,MATCH,52,37,APPROVED,READY,NOT_TESTED,JPN_PRIMARY; MLG_CN_CONTEXT_AUXILIARY,mechanical template; resource_class=SLOT_OLANG; source_objects=38; review_flag=WEB_TRANSLATED_PENDING_CODEX_CHECK
5D81443C,140,308,308;308;308;308;308;308;308;308;308;308;308;308;308;308;308;308;308;308;308;308;308;308;308;308;308;308;308;308;308;308;308;308;308;308;308;308;308;308,38,,page76:tag17:entity23:key00000960:ref308:ord0;page82:tag8:entity23:key00000960:ref308:ord0;page88:tag13:entity23:key00000960:ref308:ord0;page94:tag13:entity23:key00000960:ref308:ord0;page100:tag12:entity23:key00000960:ref308:ord0;page106:tag11:entity23:key00000960:ref308:ord0;page112:tag10:entity23:key00000960:ref308:ord0;page118:tag12:entity23:key00000960:ref308:ord0;page124:tag10:entity23:key00000960:ref308:ord0;page130:tag12:entity23:key00000960:ref308:ord0;page136:tag11:entity23:key00000960:ref308:ord0;page142:tag11:entity23:key00000960:ref308:ord0;page148:tag10:entity23:key00000960:ref308:ord0;page154:tag11:entity23:key00000960:ref308:ord0;page160:tag10:entity23:key00000960:ref308:ord0;page166:tag10:entity23:key00000960:ref308:ord0;page172:tag12:entity23:key00000960:ref308:ord0;page178:tag10:entity23:key00000960:ref308:ord0;page184:tag10:entity23:key00000960:ref308:ord0;page202:tag10:entity23:key00000960:ref308:ord0;page208:tag10:entity23:key00000960:ref308:ord0;page214:tag11:entity23:key00000960:ref308:ord0;page220:tag13:entity23:key00000960:ref308:ord0;page226:tag10:entity23:key00000960:ref308:ord0;page232:tag12:entity23:key00000960:ref308:ord0;page244:tag10:entity23:key00000960:ref308:ord0;page250:tag13:entity23:key00000960:ref308:ord0;page268:tag10:entity23:key00000960:ref308:ord0;page274:tag10:entity23:key00000960:ref308:ord0;page280:tag11:entity23:key00000960:ref308:ord0;page286:tag11:entity23:key00000960:ref308:ord0;page298:tag12:entity23:key00000960:ref308:ord0;page304:tag10:entity23:key00000960:ref308:ord0;page310:tag12:entity23:key00000960:ref308:ord0;page316:tag10:entity23:key00000960:ref308:ord0;page328:tag10:entity23:key00000960:ref308:ord0;page334:tag13:entity23:key00000960:ref308:ord0;page340:tag13:entity23:key00000960:ref308:ord0,…俺に近付くとただじゃすまないぞ… ,…下にいる,くっ！ いいセンスだ…,,…在下面,,MATCH,15,12,APPROVED,READY,NOT_TESTED,JPN_PRIMARY; MLG_CN_CONTEXT_AUXILIARY,mechanical template; resource_class=SLOT_OLANG; source_objects=38; review_flag=WEB_TRANSLATED_PENDING_CODEX_CHECK
5D81443C,141,310,310;310;310;310;310;310;310;310;310;310;310;310;310;310;310;310;310;310;310;310;310;310;310;310;310;310;310;310;310;310;310;310;310;310;310;310;310;310,38,,page76:tag17:entity160:key00005B04:ref310:ord0;page82:tag8:entity160:key00005B04:ref310:ord0;page88:tag13:entity160:key00005B04:ref310:ord0;page94:tag13:entity160:key00005B04:ref310:ord0;page100:tag12:entity160:key00005B04:ref310:ord0;page106:tag11:entity160:key00005B04:ref310:ord0;page112:tag10:entity160:key00005B04:ref310:ord0;page118:tag12:entity160:key00005B04:ref310:ord0;page124:tag10:entity160:key00005B04:ref310:ord0;page130:tag12:entity160:key00005B04:ref310:ord0;page136:tag11:entity160:key00005B04:ref310:ord0;page142:tag11:entity160:key00005B04:ref310:ord0;page148:tag10:entity160:key00005B04:ref310:ord0;page154:tag11:entity160:key00005B04:ref310:ord0;page160:tag10:entity160:key00005B04:ref310:ord0;page166:tag10:entity160:key00005B04:ref310:ord0;page172:tag12:entity160:key00005B04:ref310:ord0;page178:tag10:entity160:key00005B04:ref310:ord0;page184:tag10:entity160:key00005B04:ref310:ord0;page202:tag10:entity160:key00005B04:ref310:ord0;page208:tag10:entity160:key00005B04:ref310:ord0;page214:tag11:entity160:key00005B04:ref310:ord0;page220:tag13:entity160:key00005B04:ref310:ord0;page226:tag10:entity160:key00005B04:ref310:ord0;page232:tag12:entity160:key00005B04:ref310:ord0;page244:tag10:entity160:key00005B04:ref310:ord0;page250:tag13:entity160:key00005B04:ref310:ord0;page268:tag10:entity160:key00005B04:ref310:ord0;page274:tag10:entity160:key00005B04:ref310:ord0;page280:tag11:entity160:key00005B04:ref310:ord0;page286:tag11:entity160:key00005B04:ref310:ord0;page298:tag12:entity160:key00005B04:ref310:ord0;page304:tag10:entity160:key00005B04:ref310:ord0;page310:tag12:entity160:key00005B04:ref310:ord0;page316:tag10:entity160:key00005B04:ref310:ord0;page328:tag10:entity160:key00005B04:ref310:ord0;page334:tag13:entity160:key00005B04:ref310:ord0;page340:tag13:entity160:key00005B04:ref310:ord0,…下にいる,くっ！ いいセンスだ…,銃の手ぶれはしゃがんだ方が抑えられる…,,呃！ 挺有一套的…,,MATCH,31,25,APPROVED,READY,NOT_TESTED,JPN_PRIMARY; MLG_CN_CONTEXT_AUXILIARY,mechanical template; resource_class=SLOT_OLANG; source_objects=38; review_flag=WEB_TRANSLATED_PENDING_CODEX_CHECK
5D81443C,142,312,312;312;312;312;312;312;312;312;312;312;312;312;312;312;312;312;312;312;312;312;312;312;312;312;312;312;312;312;312;312;312;312;312;312;312;312;312;312,38,,page76:tag17:entity159:key00005A3C:ref312:ord0;page82:tag8:entity159:key00005A3C:ref312:ord0;page88:tag13:entity159:key00005A3C:ref312:ord0;page94:tag13:entity159:key00005A3C:ref312:ord0;page100:tag12:entity159:key00005A3C:ref312:ord0;page106:tag11:entity159:key00005A3C:ref312:ord0;page112:tag10:entity159:key00005A3C:ref312:ord0;page118:tag12:entity159:key00005A3C:ref312:ord0;page124:tag10:entity159:key00005A3C:ref312:ord0;page130:tag12:entity159:key00005A3C:ref312:ord0;page136:tag11:entity159:key00005A3C:ref312:ord0;page142:tag11:entity159:key00005A3C:ref312:ord0;page148:tag10:entity159:key00005A3C:ref312:ord0;page154:tag11:entity159:key00005A3C:ref312:ord0;page160:tag10:entity159:key00005A3C:ref312:ord0;page166:tag10:entity159:key00005A3C:ref312:ord0;page172:tag12:entity159:key00005A3C:ref312:ord0;page178:tag10:entity159:key00005A3C:ref312:ord0;page184:tag10:entity159:key00005A3C:ref312:ord0;page202:tag10:entity159:key00005A3C:ref312:ord0;page208:tag10:entity159:key00005A3C:ref312:ord0;page214:tag11:entity159:key00005A3C:ref312:ord0;page220:tag13:entity159:key00005A3C:ref312:ord0;page226:tag10:entity159:key00005A3C:ref312:ord0;page232:tag12:entity159:key00005A3C:ref312:ord0;page244:tag10:entity159:key00005A3C:ref312:ord0;page250:tag13:entity159:key00005A3C:ref312:ord0;page268:tag10:entity159:key00005A3C:ref312:ord0;page274:tag10:entity159:key00005A3C:ref312:ord0;page280:tag11:entity159:key00005A3C:ref312:ord0;page286:tag11:entity159:key00005A3C:ref312:ord0;page298:tag12:entity159:key00005A3C:ref312:ord0;page304:tag10:entity159:key00005A3C:ref312:ord0;page310:tag12:entity159:key00005A3C:ref312:ord0;page316:tag10:entity159:key00005A3C:ref312:ord0;page328:tag10:entity159:key00005A3C:ref312:ord0;page334:tag13:entity159:key00005A3C:ref312:ord0;page340:tag13:entity159:key00005A3C:ref312:ord0,くっ！ いいセンスだ…,銃の手ぶれはしゃがんだ方が抑えられる…,銃の手ぶれはジッとしていればおさまっていく…,,蹲下能更好地抑制枪械晃动…,,MATCH,57,39,APPROVED,READY,NOT_TESTED,JPN_PRIMARY; MLG_CN_CONTEXT_AUXILIARY,mechanical template; resource_class=SLOT_OLANG; source_objects=38; review_flag=WEB_TRANSLATED_PENDING_CODEX_CHECK
5D81443C,143,314,314;314;314;314;314;314;314;314;314;314;314;314;314;314;314;314;314;314;314;314;314;314;314;314;314;314;314;314;314;314;314;314;314;314;314;314;314;314,38,,page76:tag17:entity158:key000059D8:ref314:ord0;page82:tag8:entity158:key000059D8:ref314:ord0;page88:tag13:entity158:key000059D8:ref314:ord0;page94:tag13:entity158:key000059D8:ref314:ord0;page100:tag12:entity158:key000059D8:ref314:ord0;page106:tag11:entity158:key000059D8:ref314:ord0;page112:tag10:entity158:key000059D8:ref314:ord0;page118:tag12:entity158:key000059D8:ref314:ord0;page124:tag10:entity158:key000059D8:ref314:ord0;page130:tag12:entity158:key000059D8:ref314:ord0;page136:tag11:entity158:key000059D8:ref314:ord0;page142:tag11:entity158:key000059D8:ref314:ord0;page148:tag10:entity158:key000059D8:ref314:ord0;page154:tag11:entity158:key000059D8:ref314:ord0;page160:tag10:entity158:key000059D8:ref314:ord0;page166:tag10:entity158:key000059D8:ref314:ord0;page172:tag12:entity158:key000059D8:ref314:ord0;page178:tag10:entity158:key000059D8:ref314:ord0;page184:tag10:entity158:key000059D8:ref314:ord0;page202:tag10:entity158:key000059D8:ref314:ord0;page208:tag10:entity158:key000059D8:ref314:ord0;page214:tag11:entity158:key000059D8:ref314:ord0;page220:tag13:entity158:key000059D8:ref314:ord0;page226:tag10:entity158:key000059D8:ref314:ord0;page232:tag12:entity158:key000059D8:ref314:ord0;page244:tag10:entity158:key000059D8:ref314:ord0;page250:tag13:entity158:key000059D8:ref314:ord0;page268:tag10:entity158:key000059D8:ref314:ord0;page274:tag10:entity158:key000059D8:ref314:ord0;page280:tag11:entity158:key000059D8:ref314:ord0;page286:tag11:entity158:key000059D8:ref314:ord0;page298:tag12:entity158:key000059D8:ref314:ord0;page304:tag10:entity158:key000059D8:ref314:ord0;page310:tag12:entity158:key000059D8:ref314:ord0;page316:tag10:entity158:key000059D8:ref314:ord0;page328:tag10:entity158:key000059D8:ref314:ord0;page334:tag13:entity158:key000059D8:ref314:ord0;page340:tag13:entity158:key000059D8:ref314:ord0,銃の手ぶれはしゃがんだ方が抑えられる…,銃の手ぶれはジッとしていればおさまっていく…,…上にいる,,保持不动 枪械晃动就会逐渐平息…,,MATCH,66,46,APPROVED,READY,NOT_TESTED,JPN_PRIMARY; MLG_CN_CONTEXT_AUXILIARY,mechanical template; resource_class=SLOT_OLANG; source_objects=38; review_flag=WEB_TRANSLATED_PENDING_CODEX_CHECK
5D81443C,144,316,316;316;316;316;316;316;316;316;316;316;316;316;316;316;316;316;316;316;316;316;316;316;316;316;316;316;316;316;316;316;316;316;316;316;316;316;316;316,38,,page76:tag17:entity22:key000008FC:ref316:ord0;page82:tag8:entity22:key000008FC:ref316:ord0;page88:tag13:entity22:key000008FC:ref316:ord0;page94:tag13:entity22:key000008FC:ref316:ord0;page100:tag12:entity22:key000008FC:ref316:ord0;page106:tag11:entity22:key000008FC:ref316:ord0;page112:tag10:entity22:key000008FC:ref316:ord0;page118:tag12:entity22:key000008FC:ref316:ord0;page124:tag10:entity22:key000008FC:ref316:ord0;page130:tag12:entity22:key000008FC:ref316:ord0;page136:tag11:entity22:key000008FC:ref316:ord0;page142:tag11:entity22:key000008FC:ref316:ord0;page148:tag10:entity22:key000008FC:ref316:ord0;page154:tag11:entity22:key000008FC:ref316:ord0;page160:tag10:entity22:key000008FC:ref316:ord0;page166:tag10:entity22:key000008FC:ref316:ord0;page172:tag12:entity22:key000008FC:ref316:ord0;page178:tag10:entity22:key000008FC:ref316:ord0;page184:tag10:entity22:key000008FC:ref316:ord0;page202:tag10:entity22:key000008FC:ref316:ord0;page208:tag10:entity22:key000008FC:ref316:ord0;page214:tag11:entity22:key000008FC:ref316:ord0;page220:tag13:entity22:key000008FC:ref316:ord0;page226:tag10:entity22:key000008FC:ref316:ord0;page232:tag12:entity22:key000008FC:ref316:ord0;page244:tag10:entity22:key000008FC:ref316:ord0;page250:tag13:entity22:key000008FC:ref316:ord0;page268:tag10:entity22:key000008FC:ref316:ord0;page274:tag10:entity22:key000008FC:ref316:ord0;page280:tag11:entity22:key000008FC:ref316:ord0;page286:tag11:entity22:key000008FC:ref316:ord0;page298:tag12:entity22:key000008FC:ref316:ord0;page304:tag10:entity22:key000008FC:ref316:ord0;page310:tag12:entity22:key000008FC:ref316:ord0;page316:tag10:entity22:key000008FC:ref316:ord0;page328:tag10:entity22:key000008FC:ref316:ord0;page334:tag13:entity22:key000008FC:ref316:ord0;page340:tag13:entity22:key000008FC:ref316:ord0,銃の手ぶれはジッとしていればおさまっていく…,…上にいる,武器によって…『AUTO AIM』の性能は違う…,,…在上面,,MATCH,15,12,APPROVED,READY,NOT_TESTED,JPN_PRIMARY; MLG_CN_CONTEXT_AUXILIARY,mechanical template; resource_class=SLOT_OLANG; source_objects=38; review_flag=WEB_TRANSLATED_PENDING_CODEX_CHECK
5D81443C,145,318,318;318;318;318;318;318;318;318;318;318;318;318;318;318;318;318;318;318;318;318;318;318;318;318;318;318;318;318;318;318;318;318;318;318;318;318;318;318,38,,page76:tag17:entity157:key00005974:ref318:ord0;page82:tag8:entity157:key00005974:ref318:ord0;page88:tag13:entity157:key00005974:ref318:ord0;page94:tag13:entity157:key00005974:ref318:ord0;page100:tag12:entity157:key00005974:ref318:ord0;page106:tag11:entity157:key00005974:ref318:ord0;page112:tag10:entity157:key00005974:ref318:ord0;page118:tag12:entity157:key00005974:ref318:ord0;page124:tag10:entity157:key00005974:ref318:ord0;page130:tag12:entity157:key00005974:ref318:ord0;page136:tag11:entity157:key00005974:ref318:ord0;page142:tag11:entity157:key00005974:ref318:ord0;page148:tag10:entity157:key00005974:ref318:ord0;page154:tag11:entity157:key00005974:ref318:ord0;page160:tag10:entity157:key00005974:ref318:ord0;page166:tag10:entity157:key00005974:ref318:ord0;page172:tag12:entity157:key00005974:ref318:ord0;page178:tag10:entity157:key00005974:ref318:ord0;page184:tag10:entity157:key00005974:ref318:ord0;page202:tag10:entity157:key00005974:ref318:ord0;page208:tag10:entity157:key00005974:ref318:ord0;page214:tag11:entity157:key00005974:ref318:ord0;page220:tag13:entity157:key00005974:ref318:ord0;page226:tag10:entity157:key00005974:ref318:ord0;page232:tag12:entity157:key00005974:ref318:ord0;page244:tag10:entity157:key00005974:ref318:ord0;page250:tag13:entity157:key00005974:ref318:ord0;page268:tag10:entity157:key00005974:ref318:ord0;page274:tag10:entity157:key00005974:ref318:ord0;page280:tag11:entity157:key00005974:ref318:ord0;page286:tag11:entity157:key00005974:ref318:ord0;page298:tag12:entity157:key00005974:ref318:ord0;page304:tag10:entity157:key00005974:ref318:ord0;page310:tag12:entity157:key00005974:ref318:ord0;page316:tag10:entity157:key00005974:ref318:ord0;page328:tag10:entity157:key00005974:ref318:ord0;page334:tag13:entity157:key00005974:ref318:ord0;page340:tag13:entity157:key00005974:ref318:ord0,…上にいる,武器によって…『AUTO AIM』の性能は違う…,射撃が難しければ…『AUTO AIM』を使え…,,『AUTO AIM』的性能…会因武器而异…,,MATCH,56,47,APPROVED,READY,NOT_TESTED,JPN_PRIMARY; MLG_CN_CONTEXT_AUXILIARY,mechanical template; resource_class=SLOT_OLANG; source_objects=38; review_flag=WEB_TRANSLATED_PENDING_CODEX_CHECK
5D81443C,146,320,320;320;320;320;320;320;320;320;320;320;320;320;320;320;320;320;320;320;320;320;320;320;320;320;320;320;320;320;320;320;320;320;320;320;320;320;320;320,38,,page76:tag17:entity156:key00005910:ref320:ord0;page82:tag8:entity156:key00005910:ref320:ord0;page88:tag13:entity156:key00005910:ref320:ord0;page94:tag13:entity156:key00005910:ref320:ord0;page100:tag12:entity156:key00005910:ref320:ord0;page106:tag11:entity156:key00005910:ref320:ord0;page112:tag10:entity156:key00005910:ref320:ord0;page118:tag12:entity156:key00005910:ref320:ord0;page124:tag10:entity156:key00005910:ref320:ord0;page130:tag12:entity156:key00005910:ref320:ord0;page136:tag11:entity156:key00005910:ref320:ord0;page142:tag11:entity156:key00005910:ref320:ord0;page148:tag10:entity156:key00005910:ref320:ord0;page154:tag11:entity156:key00005910:ref320:ord0;page160:tag10:entity156:key00005910:ref320:ord0;page166:tag10:entity156:key00005910:ref320:ord0;page172:tag12:entity156:key00005910:ref320:ord0;page178:tag10:entity156:key00005910:ref320:ord0;page184:tag10:entity156:key00005910:ref320:ord0;page202:tag10:entity156:key00005910:ref320:ord0;page208:tag10:entity156:key00005910:ref320:ord0;page214:tag11:entity156:key00005910:ref320:ord0;page220:tag13:entity156:key00005910:ref320:ord0;page226:tag10:entity156:key00005910:ref320:ord0;page232:tag12:entity156:key00005910:ref320:ord0;page244:tag10:entity156:key00005910:ref320:ord0;page250:tag13:entity156:key00005910:ref320:ord0;page268:tag10:entity156:key00005910:ref320:ord0;page274:tag10:entity156:key00005910:ref320:ord0;page280:tag11:entity156:key00005910:ref320:ord0;page286:tag11:entity156:key00005910:ref320:ord0;page298:tag12:entity156:key00005910:ref320:ord0;page304:tag10:entity156:key00005910:ref320:ord0;page310:tag12:entity156:key00005910:ref320:ord0;page316:tag10:entity156:key00005910:ref320:ord0;page328:tag10:entity156:key00005910:ref320:ord0;page334:tag13:entity156:key00005910:ref320:ord0;page340:tag13:entity156:key00005910:ref320:ord0,武器によって…『AUTO AIM』の性能は違う…,射撃が難しければ…『AUTO AIM』を使え…,ここだけの話…,,觉得射击困难的话…就用『AUTO AIM』…,,MATCH,53,50,APPROVED,READY,NOT_TESTED,JPN_PRIMARY; MLG_CN_CONTEXT_AUXILIARY,mechanical template; resource_class=SLOT_OLANG; source_objects=38; review_flag=WEB_TRANSLATED_PENDING_CODEX_CHECK
5D81443C,147,322,322;322;322;322;322;322;322;322;322;322;322;322;322;322;322;322;322;322;322;322;322;322;322;322;322;322;322;322;322;322;322;322;322;322;322;322;322;322,38,,page76:tag17:entity155:key000058AC:ref322:ord0;page82:tag8:entity155:key000058AC:ref322:ord0;page88:tag13:entity155:key000058AC:ref322:ord0;page94:tag13:entity155:key000058AC:ref322:ord0;page100:tag12:entity155:key000058AC:ref322:ord0;page106:tag11:entity155:key000058AC:ref322:ord0;page112:tag10:entity155:key000058AC:ref322:ord0;page118:tag12:entity155:key000058AC:ref322:ord0;page124:tag10:entity155:key000058AC:ref322:ord0;page130:tag12:entity155:key000058AC:ref322:ord0;page136:tag11:entity155:key000058AC:ref322:ord0;page142:tag11:entity155:key000058AC:ref322:ord0;page148:tag10:entity155:key000058AC:ref322:ord0;page154:tag11:entity155:key000058AC:ref322:ord0;page160:tag10:entity155:key000058AC:ref322:ord0;page166:tag10:entity155:key000058AC:ref322:ord0;page172:tag12:entity155:key000058AC:ref322:ord0;page178:tag10:entity155:key000058AC:ref322:ord0;page184:tag10:entity155:key000058AC:ref322:ord0;page202:tag10:entity155:key000058AC:ref322:ord0;page208:tag10:entity155:key000058AC:ref322:ord0;page214:tag11:entity155:key000058AC:ref322:ord0;page220:tag13:entity155:key000058AC:ref322:ord0;page226:tag10:entity155:key000058AC:ref322:ord0;page232:tag12:entity155:key000058AC:ref322:ord0;page244:tag10:entity155:key000058AC:ref322:ord0;page250:tag13:entity155:key000058AC:ref322:ord0;page268:tag10:entity155:key000058AC:ref322:ord0;page274:tag10:entity155:key000058AC:ref322:ord0;page280:tag11:entity155:key000058AC:ref322:ord0;page286:tag11:entity155:key000058AC:ref322:ord0;page298:tag12:entity155:key000058AC:ref322:ord0;page304:tag10:entity155:key000058AC:ref322:ord0;page310:tag12:entity155:key000058AC:ref322:ord0;page316:tag10:entity155:key000058AC:ref322:ord0;page328:tag10:entity155:key000058AC:ref322:ord0;page334:tag13:entity155:key000058AC:ref322:ord0;page340:tag13:entity155:key000058AC:ref322:ord0,射撃が難しければ…『AUTO AIM』を使え…,ここだけの話…,キッドナッパーを楽に落としたければ『AUTO AIM』だ,,只跟你说…,,MATCH,21,15,APPROVED,READY,NOT_TESTED,JPN_PRIMARY; MLG_CN_CONTEXT_AUXILIARY,mechanical template; resource_class=SLOT_OLANG; source_objects=38; review_flag=WEB_TRANSLATED_PENDING_CODEX_CHECK
5D81443C,148,324,324;324;324;324;324;324;324;324;324;324;324;324;324;324;324;324;324;324;324;324;324;324;324;324;324;324;324;324;324;324;324;324;324;324;324;324;324;324,38,,page76:tag17:entity154:key000057E4:ref324:ord0;page82:tag8:entity154:key000057E4:ref324:ord0;page88:tag13:entity154:key000057E4:ref324:ord0;page94:tag13:entity154:key000057E4:ref324:ord0;page100:tag12:entity154:key000057E4:ref324:ord0;page106:tag11:entity154:key000057E4:ref324:ord0;page112:tag10:entity154:key000057E4:ref324:ord0;page118:tag12:entity154:key000057E4:ref324:ord0;page124:tag10:entity154:key000057E4:ref324:ord0;page130:tag12:entity154:key000057E4:ref324:ord0;page136:tag11:entity154:key000057E4:ref324:ord0;page142:tag11:entity154:key000057E4:ref324:ord0;page148:tag10:entity154:key000057E4:ref324:ord0;page154:tag11:entity154:key000057E4:ref324:ord0;page160:tag10:entity154:key000057E4:ref324:ord0;page166:tag10:entity154:key000057E4:ref324:ord0;page172:tag12:entity154:key000057E4:ref324:ord0;page178:tag10:entity154:key000057E4:ref324:ord0;page184:tag10:entity154:key000057E4:ref324:ord0;page202:tag10:entity154:key000057E4:ref324:ord0;page208:tag10:entity154:key000057E4:ref324:ord0;page214:tag11:entity154:key000057E4:ref324:ord0;page220:tag13:entity154:key000057E4:ref324:ord0;page226:tag10:entity154:key000057E4:ref324:ord0;page232:tag12:entity154:key000057E4:ref324:ord0;page244:tag10:entity154:key000057E4:ref324:ord0;page250:tag13:entity154:key000057E4:ref324:ord0;page268:tag10:entity154:key000057E4:ref324:ord0;page274:tag10:entity154:key000057E4:ref324:ord0;page280:tag11:entity154:key000057E4:ref324:ord0;page286:tag11:entity154:key000057E4:ref324:ord0;page298:tag12:entity154:key000057E4:ref324:ord0;page304:tag10:entity154:key000057E4:ref324:ord0;page310:tag12:entity154:key000057E4:ref324:ord0;page316:tag10:entity154:key000057E4:ref324:ord0;page328:tag10:entity154:key000057E4:ref324:ord0;page334:tag13:entity154:key000057E4:ref324:ord0;page340:tag13:entity154:key000057E4:ref324:ord0,ここだけの話…,キッドナッパーを楽に落としたければ『AUTO AIM』だ,"遠くで見られても
すぐにホフクすれば気づかれない…",,想轻松打下Kidnapper 就用『AUTO AIM』,,MATCH,68,45,APPROVED,READY,NOT_TESTED,JPN_PRIMARY; MLG_CN_CONTEXT_AUXILIARY,mechanical template; resource_class=SLOT_OLANG; source_objects=38; review_flag=WEB_TRANSLATED_PENDING_CODEX_CHECK
5D81443C,149,326,326;326;326;326;326;326;326;326;326;326;326;326;326;326;326;326;326;326;326;326;326;326;326;326;326;326;326;326;326;326;326;326;326;326;326;326;326;326,38,,page76:tag17:entity153:key0000571C:ref326:ord0;page82:tag8:entity153:key0000571C:ref326:ord0;page88:tag13:entity153:key0000571C:ref326:ord0;page94:tag13:entity153:key0000571C:ref326:ord0;page100:tag12:entity153:key0000571C:ref326:ord0;page106:tag11:entity153:key0000571C:ref326:ord0;page112:tag10:entity153:key0000571C:ref326:ord0;page118:tag12:entity153:key0000571C:ref326:ord0;page124:tag10:entity153:key0000571C:ref326:ord0;page130:tag12:entity153:key0000571C:ref326:ord0;page136:tag11:entity153:key0000571C:ref326:ord0;page142:tag11:entity153:key0000571C:ref326:ord0;page148:tag10:entity153:key0000571C:ref326:ord0;page154:tag11:entity153:key0000571C:ref326:ord0;page160:tag10:entity153:key0000571C:ref326:ord0;page166:tag10:entity153:key0000571C:ref326:ord0;page172:tag12:entity153:key0000571C:ref326:ord0;page178:tag10:entity153:key0000571C:ref326:ord0;page184:tag10:entity153:key0000571C:ref326:ord0;page202:tag10:entity153:key0000571C:ref326:ord0;page208:tag10:entity153:key0000571C:ref326:ord0;page214:tag11:entity153:key0000571C:ref326:ord0;page220:tag13:entity153:key0000571C:ref326:ord0;page226:tag10:entity153:key0000571C:ref326:ord0;page232:tag12:entity153:key0000571C:ref326:ord0;page244:tag10:entity153:key0000571C:ref326:ord0;page250:tag13:entity153:key0000571C:ref326:ord0;page268:tag10:entity153:key0000571C:ref326:ord0;page274:tag10:entity153:key0000571C:ref326:ord0;page280:tag11:entity153:key0000571C:ref326:ord0;page286:tag11:entity153:key0000571C:ref326:ord0;page298:tag12:entity153:key0000571C:ref326:ord0;page304:tag10:entity153:key0000571C:ref326:ord0;page310:tag12:entity153:key0000571C:ref326:ord0;page316:tag10:entity153:key0000571C:ref326:ord0;page328:tag10:entity153:key0000571C:ref326:ord0;page334:tag13:entity153:key0000571C:ref326:ord0;page340:tag13:entity153:key0000571C:ref326:ord0,キッドナッパーを楽に落としたければ『AUTO AIM』だ,"遠くで見られても
すぐにホフクすれば気づかれない…","もし見つかってもすぐ近づけば
CQCで倒せる…",,"就算远处有人看见你
马上匍匐就不会被发现…",,MATCH,73,61,APPROVED,READY,NOT_TESTED,JPN_PRIMARY; MLG_CN_CONTEXT_AUXILIARY,mechanical template; resource_class=SLOT_OLANG; source_objects=38; review_flag=WEB_TRANSLATED_PENDING_CODEX_CHECK
5D81443C,150,328,328;328;328;328;328;328;328;328;328;328;328;328;328;328;328;328;328;328;328;328;328;328;328;328;328;328;328;328;328;328;328;328;328;328;328;328;328;328,38,,page76:tag17:entity152:key000056B8:ref328:ord0;page82:tag8:entity152:key000056B8:ref328:ord0;page88:tag13:entity152:key000056B8:ref328:ord0;page94:tag13:entity152:key000056B8:ref328:ord0;page100:tag12:entity152:key000056B8:ref328:ord0;page106:tag11:entity152:key000056B8:ref328:ord0;page112:tag10:entity152:key000056B8:ref328:ord0;page118:tag12:entity152:key000056B8:ref328:ord0;page124:tag10:entity152:key000056B8:ref328:ord0;page130:tag12:entity152:key000056B8:ref328:ord0;page136:tag11:entity152:key000056B8:ref328:ord0;page142:tag11:entity152:key000056B8:ref328:ord0;page148:tag10:entity152:key000056B8:ref328:ord0;page154:tag11:entity152:key000056B8:ref328:ord0;page160:tag10:entity152:key000056B8:ref328:ord0;page166:tag10:entity152:key000056B8:ref328:ord0;page172:tag12:entity152:key000056B8:ref328:ord0;page178:tag10:entity152:key000056B8:ref328:ord0;page184:tag10:entity152:key000056B8:ref328:ord0;page202:tag10:entity152:key000056B8:ref328:ord0;page208:tag10:entity152:key000056B8:ref328:ord0;page214:tag11:entity152:key000056B8:ref328:ord0;page220:tag13:entity152:key000056B8:ref328:ord0;page226:tag10:entity152:key000056B8:ref328:ord0;page232:tag12:entity152:key000056B8:ref328:ord0;page244:tag10:entity152:key000056B8:ref328:ord0;page250:tag13:entity152:key000056B8:ref328:ord0;page268:tag10:entity152:key000056B8:ref328:ord0;page274:tag10:entity152:key000056B8:ref328:ord0;page280:tag11:entity152:key000056B8:ref328:ord0;page286:tag11:entity152:key000056B8:ref328:ord0;page298:tag12:entity152:key000056B8:ref328:ord0;page304:tag10:entity152:key000056B8:ref328:ord0;page310:tag12:entity152:key000056B8:ref328:ord0;page316:tag10:entity152:key000056B8:ref328:ord0;page328:tag10:entity152:key000056B8:ref328:ord0;page334:tag13:entity152:key000056B8:ref328:ord0;page340:tag13:entity152:key000056B8:ref328:ord0,"遠くで見られても
すぐにホフクすれば気づかれない…","もし見つかってもすぐ近づけば
CQCで倒せる…","ホールドアップをするなら
『AUTO AIM』が便利だ…",,"就算被发现 只要马上靠近
就能用CQC解决…",,MATCH,61,56,APPROVED,READY,NOT_TESTED,JPN_PRIMARY; MLG_CN_CONTEXT_AUXILIARY,mechanical template; resource_class=SLOT_OLANG; source_objects=38; review_flag=WEB_TRANSLATED_PENDING_CODEX_CHECK
5D81443C,151,330,330;330;330;330;330;330;330;330;330;330;330;330;330;330;330;330;330;330;330;330;330;330;330;330;330;330;330;330;330;330;330;330;330;330;330;330;330;330,38,,page76:tag17:entity151:key000055F0:ref330:ord0;page82:tag8:entity151:key000055F0:ref330:ord0;page88:tag13:entity151:key000055F0:ref330:ord0;page94:tag13:entity151:key000055F0:ref330:ord0;page100:tag12:entity151:key000055F0:ref330:ord0;page106:tag11:entity151:key000055F0:ref330:ord0;page112:tag10:entity151:key000055F0:ref330:ord0;page118:tag12:entity151:key000055F0:ref330:ord0;page124:tag10:entity151:key000055F0:ref330:ord0;page130:tag12:entity151:key000055F0:ref330:ord0;page136:tag11:entity151:key000055F0:ref330:ord0;page142:tag11:entity151:key000055F0:ref330:ord0;page148:tag10:entity151:key000055F0:ref330:ord0;page154:tag11:entity151:key000055F0:ref330:ord0;page160:tag10:entity151:key000055F0:ref330:ord0;page166:tag10:entity151:key000055F0:ref330:ord0;page172:tag12:entity151:key000055F0:ref330:ord0;page178:tag10:entity151:key000055F0:ref330:ord0;page184:tag10:entity151:key000055F0:ref330:ord0;page202:tag10:entity151:key000055F0:ref330:ord0;page208:tag10:entity151:key000055F0:ref330:ord0;page214:tag11:entity151:key000055F0:ref330:ord0;page220:tag13:entity151:key000055F0:ref330:ord0;page226:tag10:entity151:key000055F0:ref330:ord0;page232:tag12:entity151:key000055F0:ref330:ord0;page244:tag10:entity151:key000055F0:ref330:ord0;page250:tag13:entity151:key000055F0:ref330:ord0;page268:tag10:entity151:key000055F0:ref330:ord0;page274:tag10:entity151:key000055F0:ref330:ord0;page280:tag11:entity151:key000055F0:ref330:ord0;page286:tag11:entity151:key000055F0:ref330:ord0;page298:tag12:entity151:key000055F0:ref330:ord0;page304:tag10:entity151:key000055F0:ref330:ord0;page310:tag12:entity151:key000055F0:ref330:ord0;page316:tag10:entity151:key000055F0:ref330:ord0;page328:tag10:entity151:key000055F0:ref330:ord0;page334:tag13:entity151:key000055F0:ref330:ord0;page340:tag13:entity151:key000055F0:ref330:ord0,"もし見つかってもすぐ近づけば
CQCで倒せる…","ホールドアップをするなら
『AUTO AIM』が便利だ…",…北西にいる,,"要举枪威胁时
用『AUTO AIM』很方便…",,MATCH,66,48,APPROVED,READY,NOT_TESTED,JPN_PRIMARY; MLG_CN_CONTEXT_AUXILIARY,mechanical template; resource_class=SLOT_OLANG; source_objects=38; review_flag=WEB_TRANSLATED_PENDING_CODEX_CHECK
5D81443C,152,332,332;332;332;332;332;332;332;332;332;332;332;332;332;332;332;332;332;332;332;332;332;332;332;332;332;332;332;332;332;332;332;332;332;332;332;332;332;332,38,,page76:tag17:entity21:key00000898:ref332:ord0;page82:tag8:entity21:key00000898:ref332:ord0;page88:tag13:entity21:key00000898:ref332:ord0;page94:tag13:entity21:key00000898:ref332:ord0;page100:tag12:entity21:key00000898:ref332:ord0;page106:tag11:entity21:key00000898:ref332:ord0;page112:tag10:entity21:key00000898:ref332:ord0;page118:tag12:entity21:key00000898:ref332:ord0;page124:tag10:entity21:key00000898:ref332:ord0;page130:tag12:entity21:key00000898:ref332:ord0;page136:tag11:entity21:key00000898:ref332:ord0;page142:tag11:entity21:key00000898:ref332:ord0;page148:tag10:entity21:key00000898:ref332:ord0;page154:tag11:entity21:key00000898:ref332:ord0;page160:tag10:entity21:key00000898:ref332:ord0;page166:tag10:entity21:key00000898:ref332:ord0;page172:tag12:entity21:key00000898:ref332:ord0;page178:tag10:entity21:key00000898:ref332:ord0;page184:tag10:entity21:key00000898:ref332:ord0;page202:tag10:entity21:key00000898:ref332:ord0;page208:tag10:entity21:key00000898:ref332:ord0;page214:tag11:entity21:key00000898:ref332:ord0;page220:tag13:entity21:key00000898:ref332:ord0;page226:tag10:entity21:key00000898:ref332:ord0;page232:tag12:entity21:key00000898:ref332:ord0;page244:tag10:entity21:key00000898:ref332:ord0;page250:tag13:entity21:key00000898:ref332:ord0;page268:tag10:entity21:key00000898:ref332:ord0;page274:tag10:entity21:key00000898:ref332:ord0;page280:tag11:entity21:key00000898:ref332:ord0;page286:tag11:entity21:key00000898:ref332:ord0;page298:tag12:entity21:key00000898:ref332:ord0;page304:tag10:entity21:key00000898:ref332:ord0;page310:tag12:entity21:key00000898:ref332:ord0;page316:tag10:entity21:key00000898:ref332:ord0;page328:tag10:entity21:key00000898:ref332:ord0;page334:tag13:entity21:key00000898:ref332:ord0;page340:tag13:entity21:key00000898:ref332:ord0,"ホールドアップをするなら
『AUTO AIM』が便利だ…",…北西にいる,"掴んだ相手を壁に投げつけると
…与えるダメージが大きい",,…在西北边,,MATCH,18,15,APPROVED,READY,NOT_TESTED,JPN_PRIMARY; MLG_CN_CONTEXT_AUXILIARY,mechanical template; resource_class=SLOT_OLANG; source_objects=38; review_flag=WEB_TRANSLATED_PENDING_CODEX_CHECK
5D81443C,153,334,334;334;334;334;334;334;334;334;334;334;334;334;334;334;334;334;334;334;334;334;334;334;334;334;334;334;334;334;334;334;334;334;334;334;334;334;334;334,38,,page76:tag17:entity150:key00005528:ref334:ord0;page82:tag8:entity150:key00005528:ref334:ord0;page88:tag13:entity150:key00005528:ref334:ord0;page94:tag13:entity150:key00005528:ref334:ord0;page100:tag12:entity150:key00005528:ref334:ord0;page106:tag11:entity150:key00005528:ref334:ord0;page112:tag10:entity150:key00005528:ref334:ord0;page118:tag12:entity150:key00005528:ref334:ord0;page124:tag10:entity150:key00005528:ref334:ord0;page130:tag12:entity150:key00005528:ref334:ord0;page136:tag11:entity150:key00005528:ref334:ord0;page142:tag11:entity150:key00005528:ref334:ord0;page148:tag10:entity150:key00005528:ref334:ord0;page154:tag11:entity150:key00005528:ref334:ord0;page160:tag10:entity150:key00005528:ref334:ord0;page166:tag10:entity150:key00005528:ref334:ord0;page172:tag12:entity150:key00005528:ref334:ord0;page178:tag10:entity150:key00005528:ref334:ord0;page184:tag10:entity150:key00005528:ref334:ord0;page202:tag10:entity150:key00005528:ref334:ord0;page208:tag10:entity150:key00005528:ref334:ord0;page214:tag11:entity150:key00005528:ref334:ord0;page220:tag13:entity150:key00005528:ref334:ord0;page226:tag10:entity150:key00005528:ref334:ord0;page232:tag12:entity150:key00005528:ref334:ord0;page244:tag10:entity150:key00005528:ref334:ord0;page250:tag13:entity150:key00005528:ref334:ord0;page268:tag10:entity150:key00005528:ref334:ord0;page274:tag10:entity150:key00005528:ref334:ord0;page280:tag11:entity150:key00005528:ref334:ord0;page286:tag11:entity150:key00005528:ref334:ord0;page298:tag12:entity150:key00005528:ref334:ord0;page304:tag10:entity150:key00005528:ref334:ord0;page310:tag12:entity150:key00005528:ref334:ord0;page316:tag10:entity150:key00005528:ref334:ord0;page328:tag10:entity150:key00005528:ref334:ord0;page334:tag13:entity150:key00005528:ref334:ord0;page340:tag13:entity150:key00005528:ref334:ord0,…北西にいる,"掴んだ相手を壁に投げつけると
…与えるダメージが大きい",ヘリはキャノピーを狙って攻撃していると…,,"把抓住的敌人摔向墙壁
…造成的伤害很大",,MATCH,79,55,APPROVED,READY,NOT_TESTED,JPN_PRIMARY; MLG_CN_CONTEXT_AUXILIARY,mechanical template; resource_class=SLOT_OLANG; source_objects=38; review_flag=WEB_TRANSLATED_PENDING_CODEX_CHECK
5D81443C,154,336,336;336;336;336;336;336;336;336;336;336;336;336;336;336;336;336;336;336;336;336;336;336;336;336;336;336;336;336;336;336;336;336;336;336;336;336;336;336,38,,page76:tag17:entity149:key000054C4:ref336:ord0;page82:tag8:entity149:key000054C4:ref336:ord0;page88:tag13:entity149:key000054C4:ref336:ord0;page94:tag13:entity149:key000054C4:ref336:ord0;page100:tag12:entity149:key000054C4:ref336:ord0;page106:tag11:entity149:key000054C4:ref336:ord0;page112:tag10:entity149:key000054C4:ref336:ord0;page118:tag12:entity149:key000054C4:ref336:ord0;page124:tag10:entity149:key000054C4:ref336:ord0;page130:tag12:entity149:key000054C4:ref336:ord0;page136:tag11:entity149:key000054C4:ref336:ord0;page142:tag11:entity149:key000054C4:ref336:ord0;page148:tag10:entity149:key000054C4:ref336:ord0;page154:tag11:entity149:key000054C4:ref336:ord0;page160:tag10:entity149:key000054C4:ref336:ord0;page166:tag10:entity149:key000054C4:ref336:ord0;page172:tag12:entity149:key000054C4:ref336:ord0;page178:tag10:entity149:key000054C4:ref336:ord0;page184:tag10:entity149:key000054C4:ref336:ord0;page202:tag10:entity149:key000054C4:ref336:ord0;page208:tag10:entity149:key000054C4:ref336:ord0;page214:tag11:entity149:key000054C4:ref336:ord0;page220:tag13:entity149:key000054C4:ref336:ord0;page226:tag10:entity149:key000054C4:ref336:ord0;page232:tag12:entity149:key000054C4:ref336:ord0;page244:tag10:entity149:key000054C4:ref336:ord0;page250:tag13:entity149:key000054C4:ref336:ord0;page268:tag10:entity149:key000054C4:ref336:ord0;page274:tag10:entity149:key000054C4:ref336:ord0;page280:tag11:entity149:key000054C4:ref336:ord0;page286:tag11:entity149:key000054C4:ref336:ord0;page298:tag12:entity149:key000054C4:ref336:ord0;page304:tag10:entity149:key000054C4:ref336:ord0;page310:tag12:entity149:key000054C4:ref336:ord0;page316:tag10:entity149:key000054C4:ref336:ord0;page328:tag10:entity149:key000054C4:ref336:ord0;page334:tag13:entity149:key000054C4:ref336:ord0;page340:tag13:entity149:key000054C4:ref336:ord0,"掴んだ相手を壁に投げつけると
…与えるダメージが大きい",ヘリはキャノピーを狙って攻撃していると…,クリサリスにはサラウンドインジケーターが…,,持续瞄准直升机座舱罩攻击的话…,,MATCH,60,45,APPROVED,READY,NOT_TESTED,JPN_PRIMARY; MLG_CN_CONTEXT_AUXILIARY,mechanical template; resource_class=SLOT_OLANG; source_objects=38; review_flag=WEB_TRANSLATED_PENDING_CODEX_CHECK
5D81443C,155,338,338;338;338;338;338;338;338;338;338;338;338;338;338;338;338;338;338;338;338;338;338;338;338;338;338;338;338;338;338;338;338;338;338;338;338;338;338;338,38,,page76:tag17:entity148:key000052D0:ref338:ord0;page82:tag8:entity148:key000052D0:ref338:ord0;page88:tag13:entity148:key000052D0:ref338:ord0;page94:tag13:entity148:key000052D0:ref338:ord0;page100:tag12:entity148:key000052D0:ref338:ord0;page106:tag11:entity148:key000052D0:ref338:ord0;page112:tag10:entity148:key000052D0:ref338:ord0;page118:tag12:entity148:key000052D0:ref338:ord0;page124:tag10:entity148:key000052D0:ref338:ord0;page130:tag12:entity148:key000052D0:ref338:ord0;page136:tag11:entity148:key000052D0:ref338:ord0;page142:tag11:entity148:key000052D0:ref338:ord0;page148:tag10:entity148:key000052D0:ref338:ord0;page154:tag11:entity148:key000052D0:ref338:ord0;page160:tag10:entity148:key000052D0:ref338:ord0;page166:tag10:entity148:key000052D0:ref338:ord0;page172:tag12:entity148:key000052D0:ref338:ord0;page178:tag10:entity148:key000052D0:ref338:ord0;page184:tag10:entity148:key000052D0:ref338:ord0;page202:tag10:entity148:key000052D0:ref338:ord0;page208:tag10:entity148:key000052D0:ref338:ord0;page214:tag11:entity148:key000052D0:ref338:ord0;page220:tag13:entity148:key000052D0:ref338:ord0;page226:tag10:entity148:key000052D0:ref338:ord0;page232:tag12:entity148:key000052D0:ref338:ord0;page244:tag10:entity148:key000052D0:ref338:ord0;page250:tag13:entity148:key000052D0:ref338:ord0;page268:tag10:entity148:key000052D0:ref338:ord0;page274:tag10:entity148:key000052D0:ref338:ord0;page280:tag11:entity148:key000052D0:ref338:ord0;page286:tag11:entity148:key000052D0:ref338:ord0;page298:tag12:entity148:key000052D0:ref338:ord0;page304:tag10:entity148:key000052D0:ref338:ord0;page310:tag12:entity148:key000052D0:ref338:ord0;page316:tag10:entity148:key000052D0:ref338:ord0;page328:tag10:entity148:key000052D0:ref338:ord0;page334:tag13:entity148:key000052D0:ref338:ord0;page340:tag13:entity148:key000052D0:ref338:ord0,ヘリはキャノピーを狙って攻撃していると…,クリサリスにはサラウンドインジケーターが…,ヘリは尾翼が弱… ,,对付克里萨利斯时 环绕指示器…,,MATCH,63,43,APPROVED,READY,NOT_TESTED,JPN_PRIMARY; MLG_CN_CONTEXT_AUXILIARY,mechanical template; resource_class=SLOT_OLANG; source_objects=38; review_flag=WEB_TRANSLATED_PENDING_CODEX_CHECK
5D81443C,156,340,340;340;340;340;340;340;340;340;340;340;340;340;340;340;340;340;340;340;340;340;340;340;340;340;340;340;340;340;340;340;340;340;340;340;340;340;340;340,38,,page76:tag17:entity147:key0000526C:ref340:ord0;page82:tag8:entity147:key0000526C:ref340:ord0;page88:tag13:entity147:key0000526C:ref340:ord0;page94:tag13:entity147:key0000526C:ref340:ord0;page100:tag12:entity147:key0000526C:ref340:ord0;page106:tag11:entity147:key0000526C:ref340:ord0;page112:tag10:entity147:key0000526C:ref340:ord0;page118:tag12:entity147:key0000526C:ref340:ord0;page124:tag10:entity147:key0000526C:ref340:ord0;page130:tag12:entity147:key0000526C:ref340:ord0;page136:tag11:entity147:key0000526C:ref340:ord0;page142:tag11:entity147:key0000526C:ref340:ord0;page148:tag10:entity147:key0000526C:ref340:ord0;page154:tag11:entity147:key0000526C:ref340:ord0;page160:tag10:entity147:key0000526C:ref340:ord0;page166:tag10:entity147:key0000526C:ref340:ord0;page172:tag12:entity147:key0000526C:ref340:ord0;page178:tag10:entity147:key0000526C:ref340:ord0;page184:tag10:entity147:key0000526C:ref340:ord0;page202:tag10:entity147:key0000526C:ref340:ord0;page208:tag10:entity147:key0000526C:ref340:ord0;page214:tag11:entity147:key0000526C:ref340:ord0;page220:tag13:entity147:key0000526C:ref340:ord0;page226:tag10:entity147:key0000526C:ref340:ord0;page232:tag12:entity147:key0000526C:ref340:ord0;page244:tag10:entity147:key0000526C:ref340:ord0;page250:tag13:entity147:key0000526C:ref340:ord0;page268:tag10:entity147:key0000526C:ref340:ord0;page274:tag10:entity147:key0000526C:ref340:ord0;page280:tag11:entity147:key0000526C:ref340:ord0;page286:tag11:entity147:key0000526C:ref340:ord0;page298:tag12:entity147:key0000526C:ref340:ord0;page304:tag10:entity147:key0000526C:ref340:ord0;page310:tag12:entity147:key0000526C:ref340:ord0;page316:tag10:entity147:key0000526C:ref340:ord0;page328:tag10:entity147:key0000526C:ref340:ord0;page334:tag13:entity147:key0000526C:ref340:ord0;page340:tag13:entity147:key0000526C:ref340:ord0,クリサリスにはサラウンドインジケーターが…,ヘリは尾翼が弱… ,大滝をよく見てみろ…虹が見えるぞ,,直升机的尾翼很脆弱… ,,MATCH,25,31,APPROVED,READY,NOT_TESTED,JPN_PRIMARY; MLG_CN_CONTEXT_AUXILIARY,mechanical template; resource_class=SLOT_OLANG; source_objects=38; review_flag=WEB_TRANSLATED_PENDING_CODEX_CHECK
5D81443C,157,342,342;342;342;342;342;342;342;342;342;342;342;342;342;342;342;342;342;342;342;342;342;342;342;342;342;342;342;342;342;342;342;342;342;342;342;342;342;342,38,,page76:tag17:entity146:key00005208:ref342:ord0;page82:tag8:entity146:key00005208:ref342:ord0;page88:tag13:entity146:key00005208:ref342:ord0;page94:tag13:entity146:key00005208:ref342:ord0;page100:tag12:entity146:key00005208:ref342:ord0;page106:tag11:entity146:key00005208:ref342:ord0;page112:tag10:entity146:key00005208:ref342:ord0;page118:tag12:entity146:key00005208:ref342:ord0;page124:tag10:entity146:key00005208:ref342:ord0;page130:tag12:entity146:key00005208:ref342:ord0;page136:tag11:entity146:key00005208:ref342:ord0;page142:tag11:entity146:key00005208:ref342:ord0;page148:tag10:entity146:key00005208:ref342:ord0;page154:tag11:entity146:key00005208:ref342:ord0;page160:tag10:entity146:key00005208:ref342:ord0;page166:tag10:entity146:key00005208:ref342:ord0;page172:tag12:entity146:key00005208:ref342:ord0;page178:tag10:entity146:key00005208:ref342:ord0;page184:tag10:entity146:key00005208:ref342:ord0;page202:tag10:entity146:key00005208:ref342:ord0;page208:tag10:entity146:key00005208:ref342:ord0;page214:tag11:entity146:key00005208:ref342:ord0;page220:tag13:entity146:key00005208:ref342:ord0;page226:tag10:entity146:key00005208:ref342:ord0;page232:tag12:entity146:key00005208:ref342:ord0;page244:tag10:entity146:key00005208:ref342:ord0;page250:tag13:entity146:key00005208:ref342:ord0;page268:tag10:entity146:key00005208:ref342:ord0;page274:tag10:entity146:key00005208:ref342:ord0;page280:tag11:entity146:key00005208:ref342:ord0;page286:tag11:entity146:key00005208:ref342:ord0;page298:tag12:entity146:key00005208:ref342:ord0;page304:tag10:entity146:key00005208:ref342:ord0;page310:tag12:entity146:key00005208:ref342:ord0;page316:tag10:entity146:key00005208:ref342:ord0;page328:tag10:entity146:key00005208:ref342:ord0;page334:tag13:entity146:key00005208:ref342:ord0;page340:tag13:entity146:key00005208:ref342:ord0,ヘリは尾翼が弱… ,大滝をよく見てみろ…虹が見えるぞ,…西にいる,,仔细看看大瀑布…能看到彩虹,,MATCH,48,39,APPROVED,READY,NOT_TESTED,JPN_PRIMARY; MLG_CN_CONTEXT_AUXILIARY,mechanical template; resource_class=SLOT_OLANG; source_objects=38; review_flag=WEB_TRANSLATED_PENDING_CODEX_CHECK
5D81443C,158,344,344;344;344;344;344;344;344;344;344;344;344;344;344;344;344;344;344;344;344;344;344;344;344;344;344;344;344;344;344;344;344;344;344;344;344;344;344;344,38,,page76:tag17:entity20:key00000834:ref344:ord0;page82:tag8:entity20:key00000834:ref344:ord0;page88:tag13:entity20:key00000834:ref344:ord0;page94:tag13:entity20:key00000834:ref344:ord0;page100:tag12:entity20:key00000834:ref344:ord0;page106:tag11:entity20:key00000834:ref344:ord0;page112:tag10:entity20:key00000834:ref344:ord0;page118:tag12:entity20:key00000834:ref344:ord0;page124:tag10:entity20:key00000834:ref344:ord0;page130:tag12:entity20:key00000834:ref344:ord0;page136:tag11:entity20:key00000834:ref344:ord0;page142:tag11:entity20:key00000834:ref344:ord0;page148:tag10:entity20:key00000834:ref344:ord0;page154:tag11:entity20:key00000834:ref344:ord0;page160:tag10:entity20:key00000834:ref344:ord0;page166:tag10:entity20:key00000834:ref344:ord0;page172:tag12:entity20:key00000834:ref344:ord0;page178:tag10:entity20:key00000834:ref344:ord0;page184:tag10:entity20:key00000834:ref344:ord0;page202:tag10:entity20:key00000834:ref344:ord0;page208:tag10:entity20:key00000834:ref344:ord0;page214:tag11:entity20:key00000834:ref344:ord0;page220:tag13:entity20:key00000834:ref344:ord0;page226:tag10:entity20:key00000834:ref344:ord0;page232:tag12:entity20:key00000834:ref344:ord0;page244:tag10:entity20:key00000834:ref344:ord0;page250:tag13:entity20:key00000834:ref344:ord0;page268:tag10:entity20:key00000834:ref344:ord0;page274:tag10:entity20:key00000834:ref344:ord0;page280:tag11:entity20:key00000834:ref344:ord0;page286:tag11:entity20:key00000834:ref344:ord0;page298:tag12:entity20:key00000834:ref344:ord0;page304:tag10:entity20:key00000834:ref344:ord0;page310:tag12:entity20:key00000834:ref344:ord0;page316:tag10:entity20:key00000834:ref344:ord0;page328:tag10:entity20:key00000834:ref344:ord0;page334:tag13:entity20:key00000834:ref344:ord0;page340:tag13:entity20:key00000834:ref344:ord0,大滝をよく見てみろ…虹が見えるぞ,…西にいる,ＡＩメカには…チャフが有効だ,,…在西边,,MATCH,15,12,APPROVED,READY,NOT_TESTED,JPN_PRIMARY; MLG_CN_CONTEXT_AUXILIARY,mechanical template; resource_class=SLOT_OLANG; source_objects=38; review_flag=WEB_TRANSLATED_PENDING_CODEX_CHECK
5D81443C,159,346,346;346;346;346;346;346;346;346;346;346;346;346;346;346;346;346;346;346;346;346;346;346;346;346;346;346;346;346;346;346;346;346;346;346;346;346;346;346,38,,page76:tag17:entity145:key000050DC:ref346:ord0;page82:tag8:entity145:key000050DC:ref346:ord0;page88:tag13:entity145:key000050DC:ref346:ord0;page94:tag13:entity145:key000050DC:ref346:ord0;page100:tag12:entity145:key000050DC:ref346:ord0;page106:tag11:entity145:key000050DC:ref346:ord0;page112:tag10:entity145:key000050DC:ref346:ord0;page118:tag12:entity145:key000050DC:ref346:ord0;page124:tag10:entity145:key000050DC:ref346:ord0;page130:tag12:entity145:key000050DC:ref346:ord0;page136:tag11:entity145:key000050DC:ref346:ord0;page142:tag11:entity145:key000050DC:ref346:ord0;page148:tag10:entity145:key000050DC:ref346:ord0;page154:tag11:entity145:key000050DC:ref346:ord0;page160:tag10:entity145:key000050DC:ref346:ord0;page166:tag10:entity145:key000050DC:ref346:ord0;page172:tag12:entity145:key000050DC:ref346:ord0;page178:tag10:entity145:key000050DC:ref346:ord0;page184:tag10:entity145:key000050DC:ref346:ord0;page202:tag10:entity145:key000050DC:ref346:ord0;page208:tag10:entity145:key000050DC:ref346:ord0;page214:tag11:entity145:key000050DC:ref346:ord0;page220:tag13:entity145:key000050DC:ref346:ord0;page226:tag10:entity145:key000050DC:ref346:ord0;page232:tag12:entity145:key000050DC:ref346:ord0;page244:tag10:entity145:key000050DC:ref346:ord0;page250:tag13:entity145:key000050DC:ref346:ord0;page268:tag10:entity145:key000050DC:ref346:ord0;page274:tag10:entity145:key000050DC:ref346:ord0;page280:tag11:entity145:key000050DC:ref346:ord0;page286:tag11:entity145:key000050DC:ref346:ord0;page298:tag12:entity145:key000050DC:ref346:ord0;page304:tag10:entity145:key000050DC:ref346:ord0;page310:tag12:entity145:key000050DC:ref346:ord0;page316:tag10:entity145:key000050DC:ref346:ord0;page328:tag10:entity145:key000050DC:ref346:ord0;page334:tag13:entity145:key000050DC:ref346:ord0;page340:tag13:entity145:key000050DC:ref346:ord0,…西にいる,ＡＩメカには…チャフが有効だ,ＡＩメカには…共通の弱点がある…,,干扰弹对AI兵器…很有效,,MATCH,42,32,APPROVED,READY,NOT_TESTED,JPN_PRIMARY; MLG_CN_CONTEXT_AUXILIARY,mechanical template; resource_class=SLOT_OLANG; source_objects=38; review_flag=WEB_TRANSLATED_PENDING_CODEX_CHECK
5D81443C,160,348,348;348;348;348;348;348;348;348;348;348;348;348;348;348;348;348;348;348;348;348;348;348;348;348;348;348;348;348;348;348;348;348;348;348;348;348;348;348,38,,page76:tag17:entity144:key00005078:ref348:ord0;page82:tag8:entity144:key00005078:ref348:ord0;page88:tag13:entity144:key00005078:ref348:ord0;page94:tag13:entity144:key00005078:ref348:ord0;page100:tag12:entity144:key00005078:ref348:ord0;page106:tag11:entity144:key00005078:ref348:ord0;page112:tag10:entity144:key00005078:ref348:ord0;page118:tag12:entity144:key00005078:ref348:ord0;page124:tag10:entity144:key00005078:ref348:ord0;page130:tag12:entity144:key00005078:ref348:ord0;page136:tag11:entity144:key00005078:ref348:ord0;page142:tag11:entity144:key00005078:ref348:ord0;page148:tag10:entity144:key00005078:ref348:ord0;page154:tag11:entity144:key00005078:ref348:ord0;page160:tag10:entity144:key00005078:ref348:ord0;page166:tag10:entity144:key00005078:ref348:ord0;page172:tag12:entity144:key00005078:ref348:ord0;page178:tag10:entity144:key00005078:ref348:ord0;page184:tag10:entity144:key00005078:ref348:ord0;page202:tag10:entity144:key00005078:ref348:ord0;page208:tag10:entity144:key00005078:ref348:ord0;page214:tag11:entity144:key00005078:ref348:ord0;page220:tag13:entity144:key00005078:ref348:ord0;page226:tag10:entity144:key00005078:ref348:ord0;page232:tag12:entity144:key00005078:ref348:ord0;page244:tag10:entity144:key00005078:ref348:ord0;page250:tag13:entity144:key00005078:ref348:ord0;page268:tag10:entity144:key00005078:ref348:ord0;page274:tag10:entity144:key00005078:ref348:ord0;page280:tag11:entity144:key00005078:ref348:ord0;page286:tag11:entity144:key00005078:ref348:ord0;page298:tag12:entity144:key00005078:ref348:ord0;page304:tag10:entity144:key00005078:ref348:ord0;page310:tag12:entity144:key00005078:ref348:ord0;page316:tag10:entity144:key00005078:ref348:ord0;page328:tag10:entity144:key00005078:ref348:ord0;page334:tag13:entity144:key00005078:ref348:ord0;page340:tag13:entity144:key00005078:ref348:ord0,ＡＩメカには…チャフが有効だ,ＡＩメカには…共通の弱点がある…,…南西にいる,,AI兵器…有共同的弱点…,,MATCH,48,32,APPROVED,READY,NOT_TESTED,JPN_PRIMARY; MLG_CN_CONTEXT_AUXILIARY,mechanical template; resource_class=SLOT_OLANG; source_objects=38; review_flag=WEB_TRANSLATED_PENDING_CODEX_CHECK
5D81443C,161,350,350;350;350;350;350;350;350;350;350;350;350;350;350;350;350;350;350;350;350;350;350;350;350;350;350;350;350;350;350;350;350;350;350;350;350;350;350;350,38,,page76:tag17:entity19:key000007D0:ref350:ord0;page82:tag8:entity19:key000007D0:ref350:ord0;page88:tag13:entity19:key000007D0:ref350:ord0;page94:tag13:entity19:key000007D0:ref350:ord0;page100:tag12:entity19:key000007D0:ref350:ord0;page106:tag11:entity19:key000007D0:ref350:ord0;page112:tag10:entity19:key000007D0:ref350:ord0;page118:tag12:entity19:key000007D0:ref350:ord0;page124:tag10:entity19:key000007D0:ref350:ord0;page130:tag12:entity19:key000007D0:ref350:ord0;page136:tag11:entity19:key000007D0:ref350:ord0;page142:tag11:entity19:key000007D0:ref350:ord0;page148:tag10:entity19:key000007D0:ref350:ord0;page154:tag11:entity19:key000007D0:ref350:ord0;page160:tag10:entity19:key000007D0:ref350:ord0;page166:tag10:entity19:key000007D0:ref350:ord0;page172:tag12:entity19:key000007D0:ref350:ord0;page178:tag10:entity19:key000007D0:ref350:ord0;page184:tag10:entity19:key000007D0:ref350:ord0;page202:tag10:entity19:key000007D0:ref350:ord0;page208:tag10:entity19:key000007D0:ref350:ord0;page214:tag11:entity19:key000007D0:ref350:ord0;page220:tag13:entity19:key000007D0:ref350:ord0;page226:tag10:entity19:key000007D0:ref350:ord0;page232:tag12:entity19:key000007D0:ref350:ord0;page244:tag10:entity19:key000007D0:ref350:ord0;page250:tag13:entity19:key000007D0:ref350:ord0;page268:tag10:entity19:key000007D0:ref350:ord0;page274:tag10:entity19:key000007D0:ref350:ord0;page280:tag11:entity19:key000007D0:ref350:ord0;page286:tag11:entity19:key000007D0:ref350:ord0;page298:tag12:entity19:key000007D0:ref350:ord0;page304:tag10:entity19:key000007D0:ref350:ord0;page310:tag12:entity19:key000007D0:ref350:ord0;page316:tag10:entity19:key000007D0:ref350:ord0;page328:tag10:entity19:key000007D0:ref350:ord0;page334:tag13:entity19:key000007D0:ref350:ord0;page340:tag13:entity19:key000007D0:ref350:ord0,ＡＩメカには…共通の弱点がある…,…南西にいる,何も知らないんだ！,,…在西南边,,MATCH,18,15,APPROVED,READY,NOT_TESTED,JPN_PRIMARY; MLG_CN_CONTEXT_AUXILIARY,mechanical template; resource_class=SLOT_OLANG; source_objects=38; review_flag=WEB_TRANSLATED_PENDING_CODEX_CHECK
5D81443C,162,352,352;352;352;352;352;352;352;352;352;352;352;352;352;352;352;352;352;352;352;352;352;352;352;352;352;352;352;352;352;352;352;352;352;352;352;352;352;352,38,,page76:tag17:entity1:key000000C8:ref352:ord0;page82:tag8:entity1:key000000C8:ref352:ord0;page88:tag13:entity1:key000000C8:ref352:ord0;page94:tag13:entity1:key000000C8:ref352:ord0;page100:tag12:entity1:key000000C8:ref352:ord0;page106:tag11:entity1:key000000C8:ref352:ord0;page112:tag10:entity1:key000000C8:ref352:ord0;page118:tag12:entity1:key000000C8:ref352:ord0;page124:tag10:entity1:key000000C8:ref352:ord0;page130:tag12:entity1:key000000C8:ref352:ord0;page136:tag11:entity1:key000000C8:ref352:ord0;page142:tag11:entity1:key000000C8:ref352:ord0;page148:tag10:entity1:key000000C8:ref352:ord0;page154:tag11:entity1:key000000C8:ref352:ord0;page160:tag10:entity1:key000000C8:ref352:ord0;page166:tag10:entity1:key000000C8:ref352:ord0;page172:tag12:entity1:key000000C8:ref352:ord0;page178:tag10:entity1:key000000C8:ref352:ord0;page184:tag10:entity1:key000000C8:ref352:ord0;page202:tag10:entity1:key000000C8:ref352:ord0;page208:tag10:entity1:key000000C8:ref352:ord0;page214:tag11:entity1:key000000C8:ref352:ord0;page220:tag13:entity1:key000000C8:ref352:ord0;page226:tag10:entity1:key000000C8:ref352:ord0;page232:tag12:entity1:key000000C8:ref352:ord0;page244:tag10:entity1:key000000C8:ref352:ord0;page250:tag13:entity1:key000000C8:ref352:ord0;page268:tag10:entity1:key000000C8:ref352:ord0;page274:tag10:entity1:key000000C8:ref352:ord0;page280:tag11:entity1:key000000C8:ref352:ord0;page286:tag11:entity1:key000000C8:ref352:ord0;page298:tag12:entity1:key000000C8:ref352:ord0;page304:tag10:entity1:key000000C8:ref352:ord0;page310:tag12:entity1:key000000C8:ref352:ord0;page316:tag10:entity1:key000000C8:ref352:ord0;page328:tag10:entity1:key000000C8:ref352:ord0;page334:tag13:entity1:key000000C8:ref352:ord0;page340:tag13:entity1:key000000C8:ref352:ord0,…南西にいる,何も知らないんだ！,すぐに部隊の仲間が集まって来るぞ！,,我什么都不知道！,,MATCH,27,24,APPROVED,READY,NOT_TESTED,JPN_PRIMARY; MLG_CN_CONTEXT_AUXILIARY,mechanical template; resource_class=SLOT_OLANG; source_objects=38; review_flag=WEB_TRANSLATED_PENDING_CODEX_CHECK
5D81443C,163,354,354;354;354;354;354;354;354;354;354;354;354;354;354;354;354;354;354;354;354;354;354;354;354;354;354;354;354;354;354;354;354;354;354;354;354;354;354;354,38,,page76:tag17:entity143:key00004D58:ref354:ord0;page82:tag8:entity143:key00004D58:ref354:ord0;page88:tag13:entity143:key00004D58:ref354:ord0;page94:tag13:entity143:key00004D58:ref354:ord0;page100:tag12:entity143:key00004D58:ref354:ord0;page106:tag11:entity143:key00004D58:ref354:ord0;page112:tag10:entity143:key00004D58:ref354:ord0;page118:tag12:entity143:key00004D58:ref354:ord0;page124:tag10:entity143:key00004D58:ref354:ord0;page130:tag12:entity143:key00004D58:ref354:ord0;page136:tag11:entity143:key00004D58:ref354:ord0;page142:tag11:entity143:key00004D58:ref354:ord0;page148:tag10:entity143:key00004D58:ref354:ord0;page154:tag11:entity143:key00004D58:ref354:ord0;page160:tag10:entity143:key00004D58:ref354:ord0;page166:tag10:entity143:key00004D58:ref354:ord0;page172:tag12:entity143:key00004D58:ref354:ord0;page178:tag10:entity143:key00004D58:ref354:ord0;page184:tag10:entity143:key00004D58:ref354:ord0;page202:tag10:entity143:key00004D58:ref354:ord0;page208:tag10:entity143:key00004D58:ref354:ord0;page214:tag11:entity143:key00004D58:ref354:ord0;page220:tag13:entity143:key00004D58:ref354:ord0;page226:tag10:entity143:key00004D58:ref354:ord0;page232:tag12:entity143:key00004D58:ref354:ord0;page244:tag10:entity143:key00004D58:ref354:ord0;page250:tag13:entity143:key00004D58:ref354:ord0;page268:tag10:entity143:key00004D58:ref354:ord0;page274:tag10:entity143:key00004D58:ref354:ord0;page280:tag11:entity143:key00004D58:ref354:ord0;page286:tag11:entity143:key00004D58:ref354:ord0;page298:tag12:entity143:key00004D58:ref354:ord0;page304:tag10:entity143:key00004D58:ref354:ord0;page310:tag12:entity143:key00004D58:ref354:ord0;page316:tag10:entity143:key00004D58:ref354:ord0;page328:tag10:entity143:key00004D58:ref354:ord0;page334:tag13:entity143:key00004D58:ref354:ord0;page340:tag13:entity143:key00004D58:ref354:ord0,何も知らないんだ！,すぐに部隊の仲間が集まって来るぞ！,言うよ！ 言えばいいんだろ！,,部队的同伴马上就会赶来！,,MATCH,51,36,APPROVED,READY,NOT_TESTED,JPN_PRIMARY; MLG_CN_CONTEXT_AUXILIARY,mechanical template; resource_class=SLOT_OLANG; source_objects=38; review_flag=WEB_TRANSLATED_PENDING_CODEX_CHECK
5D81443C,164,356,356;356;356;356;356;356;356;356;356;356;356;356;356;356;356;356;356;356;356;356;356;356;356;356;356;356;356;356;356;356;356;356;356;356;356;356;356;356,38,,page76:tag17:entity142:key00004C90:ref356:ord0;page82:tag8:entity142:key00004C90:ref356:ord0;page88:tag13:entity142:key00004C90:ref356:ord0;page94:tag13:entity142:key00004C90:ref356:ord0;page100:tag12:entity142:key00004C90:ref356:ord0;page106:tag11:entity142:key00004C90:ref356:ord0;page112:tag10:entity142:key00004C90:ref356:ord0;page118:tag12:entity142:key00004C90:ref356:ord0;page124:tag10:entity142:key00004C90:ref356:ord0;page130:tag12:entity142:key00004C90:ref356:ord0;page136:tag11:entity142:key00004C90:ref356:ord0;page142:tag11:entity142:key00004C90:ref356:ord0;page148:tag10:entity142:key00004C90:ref356:ord0;page154:tag11:entity142:key00004C90:ref356:ord0;page160:tag10:entity142:key00004C90:ref356:ord0;page166:tag10:entity142:key00004C90:ref356:ord0;page172:tag12:entity142:key00004C90:ref356:ord0;page178:tag10:entity142:key00004C90:ref356:ord0;page184:tag10:entity142:key00004C90:ref356:ord0;page202:tag10:entity142:key00004C90:ref356:ord0;page208:tag10:entity142:key00004C90:ref356:ord0;page214:tag11:entity142:key00004C90:ref356:ord0;page220:tag13:entity142:key00004C90:ref356:ord0;page226:tag10:entity142:key00004C90:ref356:ord0;page232:tag12:entity142:key00004C90:ref356:ord0;page244:tag10:entity142:key00004C90:ref356:ord0;page250:tag13:entity142:key00004C90:ref356:ord0;page268:tag10:entity142:key00004C90:ref356:ord0;page274:tag10:entity142:key00004C90:ref356:ord0;page280:tag11:entity142:key00004C90:ref356:ord0;page286:tag11:entity142:key00004C90:ref356:ord0;page298:tag12:entity142:key00004C90:ref356:ord0;page304:tag10:entity142:key00004C90:ref356:ord0;page310:tag12:entity142:key00004C90:ref356:ord0;page316:tag10:entity142:key00004C90:ref356:ord0;page328:tag10:entity142:key00004C90:ref356:ord0;page334:tag13:entity142:key00004C90:ref356:ord0;page340:tag13:entity142:key00004C90:ref356:ord0,すぐに部隊の仲間が集まって来るぞ！,言うよ！ 言えばいいんだろ！,うぅ…もう許してくれ…,,我说！ 我说还不行吗！,,MATCH,40,31,APPROVED,READY,NOT_TESTED,JPN_PRIMARY; MLG_CN_CONTEXT_AUXILIARY,mechanical template; resource_class=SLOT_OLANG; source_objects=38; review_flag=WEB_TRANSLATED_PENDING_CODEX_CHECK
5D81443C,165,358,358;358;358;358;358;358;358;358;358;358;358;358;358;358;358;358;358;358;358;358;358;358;358;358;358;358;358;358;358;358;358;358;358;358;358;358;358;358,38,,page76:tag17:entity141:key00004C2C:ref358:ord0;page82:tag8:entity141:key00004C2C:ref358:ord0;page88:tag13:entity141:key00004C2C:ref358:ord0;page94:tag13:entity141:key00004C2C:ref358:ord0;page100:tag12:entity141:key00004C2C:ref358:ord0;page106:tag11:entity141:key00004C2C:ref358:ord0;page112:tag10:entity141:key00004C2C:ref358:ord0;page118:tag12:entity141:key00004C2C:ref358:ord0;page124:tag10:entity141:key00004C2C:ref358:ord0;page130:tag12:entity141:key00004C2C:ref358:ord0;page136:tag11:entity141:key00004C2C:ref358:ord0;page142:tag11:entity141:key00004C2C:ref358:ord0;page148:tag10:entity141:key00004C2C:ref358:ord0;page154:tag11:entity141:key00004C2C:ref358:ord0;page160:tag10:entity141:key00004C2C:ref358:ord0;page166:tag10:entity141:key00004C2C:ref358:ord0;page172:tag12:entity141:key00004C2C:ref358:ord0;page178:tag10:entity141:key00004C2C:ref358:ord0;page184:tag10:entity141:key00004C2C:ref358:ord0;page202:tag10:entity141:key00004C2C:ref358:ord0;page208:tag10:entity141:key00004C2C:ref358:ord0;page214:tag11:entity141:key00004C2C:ref358:ord0;page220:tag13:entity141:key00004C2C:ref358:ord0;page226:tag10:entity141:key00004C2C:ref358:ord0;page232:tag12:entity141:key00004C2C:ref358:ord0;page244:tag10:entity141:key00004C2C:ref358:ord0;page250:tag13:entity141:key00004C2C:ref358:ord0;page268:tag10:entity141:key00004C2C:ref358:ord0;page274:tag10:entity141:key00004C2C:ref358:ord0;page280:tag11:entity141:key00004C2C:ref358:ord0;page286:tag11:entity141:key00004C2C:ref358:ord0;page298:tag12:entity141:key00004C2C:ref358:ord0;page304:tag10:entity141:key00004C2C:ref358:ord0;page310:tag12:entity141:key00004C2C:ref358:ord0;page316:tag10:entity141:key00004C2C:ref358:ord0;page328:tag10:entity141:key00004C2C:ref358:ord0;page334:tag13:entity141:key00004C2C:ref358:ord0;page340:tag13:entity141:key00004C2C:ref358:ord0,言うよ！ 言えばいいんだろ！,うぅ…もう許してくれ…,本当だ！ 本当に知らないんだ！,,呜…饶了我吧…,,MATCH,33,21,APPROVED,READY,NOT_TESTED,JPN_PRIMARY; MLG_CN_CONTEXT_AUXILIARY,mechanical template; resource_class=SLOT_OLANG; source_objects=38; review_flag=WEB_TRANSLATED_PENDING_CODEX_CHECK
5D81443C,166,360,360;360;360;360;360;360;360;360;360;360;360;360;360;360;360;360;360;360;360;360;360;360;360;360;360;360;360;360;360;360;360;360;360;360;360;360;360;360,38,,page76:tag17:entity140:key00004BC8:ref360:ord0;page82:tag8:entity140:key00004BC8:ref360:ord0;page88:tag13:entity140:key00004BC8:ref360:ord0;page94:tag13:entity140:key00004BC8:ref360:ord0;page100:tag12:entity140:key00004BC8:ref360:ord0;page106:tag11:entity140:key00004BC8:ref360:ord0;page112:tag10:entity140:key00004BC8:ref360:ord0;page118:tag12:entity140:key00004BC8:ref360:ord0;page124:tag10:entity140:key00004BC8:ref360:ord0;page130:tag12:entity140:key00004BC8:ref360:ord0;page136:tag11:entity140:key00004BC8:ref360:ord0;page142:tag11:entity140:key00004BC8:ref360:ord0;page148:tag10:entity140:key00004BC8:ref360:ord0;page154:tag11:entity140:key00004BC8:ref360:ord0;page160:tag10:entity140:key00004BC8:ref360:ord0;page166:tag10:entity140:key00004BC8:ref360:ord0;page172:tag12:entity140:key00004BC8:ref360:ord0;page178:tag10:entity140:key00004BC8:ref360:ord0;page184:tag10:entity140:key00004BC8:ref360:ord0;page202:tag10:entity140:key00004BC8:ref360:ord0;page208:tag10:entity140:key00004BC8:ref360:ord0;page214:tag11:entity140:key00004BC8:ref360:ord0;page220:tag13:entity140:key00004BC8:ref360:ord0;page226:tag10:entity140:key00004BC8:ref360:ord0;page232:tag12:entity140:key00004BC8:ref360:ord0;page244:tag10:entity140:key00004BC8:ref360:ord0;page250:tag13:entity140:key00004BC8:ref360:ord0;page268:tag10:entity140:key00004BC8:ref360:ord0;page274:tag10:entity140:key00004BC8:ref360:ord0;page280:tag11:entity140:key00004BC8:ref360:ord0;page286:tag11:entity140:key00004BC8:ref360:ord0;page298:tag12:entity140:key00004BC8:ref360:ord0;page304:tag10:entity140:key00004BC8:ref360:ord0;page310:tag12:entity140:key00004BC8:ref360:ord0;page316:tag10:entity140:key00004BC8:ref360:ord0;page328:tag10:entity140:key00004BC8:ref360:ord0;page334:tag13:entity140:key00004BC8:ref360:ord0;page340:tag13:entity140:key00004BC8:ref360:ord0,うぅ…もう許してくれ…,本当だ！ 本当に知らないんだ！,やめろ！ 何も知らない！ ,,真的！ 我真的什么都不知道！,,MATCH,43,40,APPROVED,READY,NOT_TESTED,JPN_PRIMARY; MLG_CN_CONTEXT_AUXILIARY,mechanical template; resource_class=SLOT_OLANG; source_objects=38; review_flag=WEB_TRANSLATED_PENDING_CODEX_CHECK
5D81443C,167,362,362;362;362;362;362;362;362;362;362;362;362;362;362;362;362;362;362;362;362;362;362;362;362;362;362;362;362;362;362;362;362;362;362;362;362;362;362;362,38,,page76:tag17:entity139:key00004B64:ref362:ord0;page82:tag8:entity139:key00004B64:ref362:ord0;page88:tag13:entity139:key00004B64:ref362:ord0;page94:tag13:entity139:key00004B64:ref362:ord0;page100:tag12:entity139:key00004B64:ref362:ord0;page106:tag11:entity139:key00004B64:ref362:ord0;page112:tag10:entity139:key00004B64:ref362:ord0;page118:tag12:entity139:key00004B64:ref362:ord0;page124:tag10:entity139:key00004B64:ref362:ord0;page130:tag12:entity139:key00004B64:ref362:ord0;page136:tag11:entity139:key00004B64:ref362:ord0;page142:tag11:entity139:key00004B64:ref362:ord0;page148:tag10:entity139:key00004B64:ref362:ord0;page154:tag11:entity139:key00004B64:ref362:ord0;page160:tag10:entity139:key00004B64:ref362:ord0;page166:tag10:entity139:key00004B64:ref362:ord0;page172:tag12:entity139:key00004B64:ref362:ord0;page178:tag10:entity139:key00004B64:ref362:ord0;page184:tag10:entity139:key00004B64:ref362:ord0;page202:tag10:entity139:key00004B64:ref362:ord0;page208:tag10:entity139:key00004B64:ref362:ord0;page214:tag11:entity139:key00004B64:ref362:ord0;page220:tag13:entity139:key00004B64:ref362:ord0;page226:tag10:entity139:key00004B64:ref362:ord0;page232:tag12:entity139:key00004B64:ref362:ord0;page244:tag10:entity139:key00004B64:ref362:ord0;page250:tag13:entity139:key00004B64:ref362:ord0;page268:tag10:entity139:key00004B64:ref362:ord0;page274:tag10:entity139:key00004B64:ref362:ord0;page280:tag11:entity139:key00004B64:ref362:ord0;page286:tag11:entity139:key00004B64:ref362:ord0;page298:tag12:entity139:key00004B64:ref362:ord0;page304:tag10:entity139:key00004B64:ref362:ord0;page310:tag12:entity139:key00004B64:ref362:ord0;page316:tag10:entity139:key00004B64:ref362:ord0;page328:tag10:entity139:key00004B64:ref362:ord0;page334:tag13:entity139:key00004B64:ref362:ord0;page340:tag13:entity139:key00004B64:ref362:ord0,本当だ！ 本当に知らないんだ！,やめろ！ 何も知らない！ ,…南にいる,,住手！ 我什么都不知道！ ,,MATCH,35,35,APPROVED,READY,NOT_TESTED,JPN_PRIMARY; MLG_CN_CONTEXT_AUXILIARY,mechanical template; resource_class=SLOT_OLANG; source_objects=38; review_flag=WEB_TRANSLATED_PENDING_CODEX_CHECK
5D81443C,168,364,364;364;364;364;364;364;364;364;364;364;364;364;364;364;364;364;364;364;364;364;364;364;364;364;364;364;364;364;364;364;364;364;364;364;364;364;364;364,38,,page76:tag17:entity18:key0000076C:ref364:ord0;page82:tag8:entity18:key0000076C:ref364:ord0;page88:tag13:entity18:key0000076C:ref364:ord0;page94:tag13:entity18:key0000076C:ref364:ord0;page100:tag12:entity18:key0000076C:ref364:ord0;page106:tag11:entity18:key0000076C:ref364:ord0;page112:tag10:entity18:key0000076C:ref364:ord0;page118:tag12:entity18:key0000076C:ref364:ord0;page124:tag10:entity18:key0000076C:ref364:ord0;page130:tag12:entity18:key0000076C:ref364:ord0;page136:tag11:entity18:key0000076C:ref364:ord0;page142:tag11:entity18:key0000076C:ref364:ord0;page148:tag10:entity18:key0000076C:ref364:ord0;page154:tag11:entity18:key0000076C:ref364:ord0;page160:tag10:entity18:key0000076C:ref364:ord0;page166:tag10:entity18:key0000076C:ref364:ord0;page172:tag12:entity18:key0000076C:ref364:ord0;page178:tag10:entity18:key0000076C:ref364:ord0;page184:tag10:entity18:key0000076C:ref364:ord0;page202:tag10:entity18:key0000076C:ref364:ord0;page208:tag10:entity18:key0000076C:ref364:ord0;page214:tag11:entity18:key0000076C:ref364:ord0;page220:tag13:entity18:key0000076C:ref364:ord0;page226:tag10:entity18:key0000076C:ref364:ord0;page232:tag12:entity18:key0000076C:ref364:ord0;page244:tag10:entity18:key0000076C:ref364:ord0;page250:tag13:entity18:key0000076C:ref364:ord0;page268:tag10:entity18:key0000076C:ref364:ord0;page274:tag10:entity18:key0000076C:ref364:ord0;page280:tag11:entity18:key0000076C:ref364:ord0;page286:tag11:entity18:key0000076C:ref364:ord0;page298:tag12:entity18:key0000076C:ref364:ord0;page304:tag10:entity18:key0000076C:ref364:ord0;page310:tag12:entity18:key0000076C:ref364:ord0;page316:tag10:entity18:key0000076C:ref364:ord0;page328:tag10:entity18:key0000076C:ref364:ord0;page334:tag13:entity18:key0000076C:ref364:ord0;page340:tag13:entity18:key0000076C:ref364:ord0,やめろ！ 何も知らない！ ,…南にいる,放せ！ これ以上続けると…,,…在南边,,MATCH,15,12,APPROVED,READY,NOT_TESTED,JPN_PRIMARY; MLG_CN_CONTEXT_AUXILIARY,mechanical template; resource_class=SLOT_OLANG; source_objects=38; review_flag=WEB_TRANSLATED_PENDING_CODEX_CHECK
5D81443C,169,366,366;366;366;366;366;366;366;366;366;366;366;366;366;366;366;366;366;366;366;366;366;366;366;366;366;366;366;366;366;366;366;366;366;366;366;366;366;366,38,,page76:tag17:entity138:key00004650:ref366:ord0;page82:tag8:entity138:key00004650:ref366:ord0;page88:tag13:entity138:key00004650:ref366:ord0;page94:tag13:entity138:key00004650:ref366:ord0;page100:tag12:entity138:key00004650:ref366:ord0;page106:tag11:entity138:key00004650:ref366:ord0;page112:tag10:entity138:key00004650:ref366:ord0;page118:tag12:entity138:key00004650:ref366:ord0;page124:tag10:entity138:key00004650:ref366:ord0;page130:tag12:entity138:key00004650:ref366:ord0;page136:tag11:entity138:key00004650:ref366:ord0;page142:tag11:entity138:key00004650:ref366:ord0;page148:tag10:entity138:key00004650:ref366:ord0;page154:tag11:entity138:key00004650:ref366:ord0;page160:tag10:entity138:key00004650:ref366:ord0;page166:tag10:entity138:key00004650:ref366:ord0;page172:tag12:entity138:key00004650:ref366:ord0;page178:tag10:entity138:key00004650:ref366:ord0;page184:tag10:entity138:key00004650:ref366:ord0;page202:tag10:entity138:key00004650:ref366:ord0;page208:tag10:entity138:key00004650:ref366:ord0;page214:tag11:entity138:key00004650:ref366:ord0;page220:tag13:entity138:key00004650:ref366:ord0;page226:tag10:entity138:key00004650:ref366:ord0;page232:tag12:entity138:key00004650:ref366:ord0;page244:tag10:entity138:key00004650:ref366:ord0;page250:tag13:entity138:key00004650:ref366:ord0;page268:tag10:entity138:key00004650:ref366:ord0;page274:tag10:entity138:key00004650:ref366:ord0;page280:tag11:entity138:key00004650:ref366:ord0;page286:tag11:entity138:key00004650:ref366:ord0;page298:tag12:entity138:key00004650:ref366:ord0;page304:tag10:entity138:key00004650:ref366:ord0;page310:tag12:entity138:key00004650:ref366:ord0;page316:tag10:entity138:key00004650:ref366:ord0;page328:tag10:entity138:key00004650:ref366:ord0;page334:tag13:entity138:key00004650:ref366:ord0;page340:tag13:entity138:key00004650:ref366:ord0,…南にいる,放せ！ これ以上続けると…,…南東にいる,,放开我！ 再继续下去的话…,,MATCH,37,37,APPROVED,READY,NOT_TESTED,JPN_PRIMARY; MLG_CN_CONTEXT_AUXILIARY,mechanical template; resource_class=SLOT_OLANG; source_objects=38; review_flag=WEB_TRANSLATED_PENDING_CODEX_CHECK
5D81443C,170,368,368;368;368;368;368;368;368;368;368;368;368;368;368;368;368;368;368;368;368;368;368;368;368;368;368;368;368;368;368;368;368;368;368;368;368;368;368;368,38,,page76:tag17:entity17:key00000708:ref368:ord0;page82:tag8:entity17:key00000708:ref368:ord0;page88:tag13:entity17:key00000708:ref368:ord0;page94:tag13:entity17:key00000708:ref368:ord0;page100:tag12:entity17:key00000708:ref368:ord0;page106:tag11:entity17:key00000708:ref368:ord0;page112:tag10:entity17:key00000708:ref368:ord0;page118:tag12:entity17:key00000708:ref368:ord0;page124:tag10:entity17:key00000708:ref368:ord0;page130:tag12:entity17:key00000708:ref368:ord0;page136:tag11:entity17:key00000708:ref368:ord0;page142:tag11:entity17:key00000708:ref368:ord0;page148:tag10:entity17:key00000708:ref368:ord0;page154:tag11:entity17:key00000708:ref368:ord0;page160:tag10:entity17:key00000708:ref368:ord0;page166:tag10:entity17:key00000708:ref368:ord0;page172:tag12:entity17:key00000708:ref368:ord0;page178:tag10:entity17:key00000708:ref368:ord0;page184:tag10:entity17:key00000708:ref368:ord0;page202:tag10:entity17:key00000708:ref368:ord0;page208:tag10:entity17:key00000708:ref368:ord0;page214:tag11:entity17:key00000708:ref368:ord0;page220:tag13:entity17:key00000708:ref368:ord0;page226:tag10:entity17:key00000708:ref368:ord0;page232:tag12:entity17:key00000708:ref368:ord0;page244:tag10:entity17:key00000708:ref368:ord0;page250:tag13:entity17:key00000708:ref368:ord0;page268:tag10:entity17:key00000708:ref368:ord0;page274:tag10:entity17:key00000708:ref368:ord0;page280:tag11:entity17:key00000708:ref368:ord0;page286:tag11:entity17:key00000708:ref368:ord0;page298:tag12:entity17:key00000708:ref368:ord0;page304:tag10:entity17:key00000708:ref368:ord0;page310:tag12:entity17:key00000708:ref368:ord0;page316:tag10:entity17:key00000708:ref368:ord0;page328:tag10:entity17:key00000708:ref368:ord0;page334:tag13:entity17:key00000708:ref368:ord0;page340:tag13:entity17:key00000708:ref368:ord0,放せ！ これ以上続けると…,…南東にいる,この先で…仲間が待ち伏せを…,,…在东南边,,MATCH,18,15,APPROVED,READY,NOT_TESTED,JPN_PRIMARY; MLG_CN_CONTEXT_AUXILIARY,mechanical template; resource_class=SLOT_OLANG; source_objects=38; review_flag=WEB_TRANSLATED_PENDING_CODEX_CHECK
5D81443C,171,370,370;370;370;370;370;370;370;370;370;370;370;370;370;370;370;370;370;370;370;370;370;370;370;370;370;370;370;370;370;370;370;370;370;370;370;370;370;370,38,,page76:tag17:entity137:key000042CC:ref370:ord0;page82:tag8:entity137:key000042CC:ref370:ord0;page88:tag13:entity137:key000042CC:ref370:ord0;page94:tag13:entity137:key000042CC:ref370:ord0;page100:tag12:entity137:key000042CC:ref370:ord0;page106:tag11:entity137:key000042CC:ref370:ord0;page112:tag10:entity137:key000042CC:ref370:ord0;page118:tag12:entity137:key000042CC:ref370:ord0;page124:tag10:entity137:key000042CC:ref370:ord0;page130:tag12:entity137:key000042CC:ref370:ord0;page136:tag11:entity137:key000042CC:ref370:ord0;page142:tag11:entity137:key000042CC:ref370:ord0;page148:tag10:entity137:key000042CC:ref370:ord0;page154:tag11:entity137:key000042CC:ref370:ord0;page160:tag10:entity137:key000042CC:ref370:ord0;page166:tag10:entity137:key000042CC:ref370:ord0;page172:tag12:entity137:key000042CC:ref370:ord0;page178:tag10:entity137:key000042CC:ref370:ord0;page184:tag10:entity137:key000042CC:ref370:ord0;page202:tag10:entity137:key000042CC:ref370:ord0;page208:tag10:entity137:key000042CC:ref370:ord0;page214:tag11:entity137:key000042CC:ref370:ord0;page220:tag13:entity137:key000042CC:ref370:ord0;page226:tag10:entity137:key000042CC:ref370:ord0;page232:tag12:entity137:key000042CC:ref370:ord0;page244:tag10:entity137:key000042CC:ref370:ord0;page250:tag13:entity137:key000042CC:ref370:ord0;page268:tag10:entity137:key000042CC:ref370:ord0;page274:tag10:entity137:key000042CC:ref370:ord0;page280:tag11:entity137:key000042CC:ref370:ord0;page286:tag11:entity137:key000042CC:ref370:ord0;page298:tag12:entity137:key000042CC:ref370:ord0;page304:tag10:entity137:key000042CC:ref370:ord0;page310:tag12:entity137:key000042CC:ref370:ord0;page316:tag10:entity137:key000042CC:ref370:ord0;page328:tag10:entity137:key000042CC:ref370:ord0;page334:tag13:entity137:key000042CC:ref370:ord0;page340:tag13:entity137:key000042CC:ref370:ord0,…南東にいる,この先で…仲間が待ち伏せを…,この先に…スナイパーが…,,前面…有同伴埋伏着…,,MATCH,42,30,APPROVED,READY,NOT_TESTED,JPN_PRIMARY; MLG_CN_CONTEXT_AUXILIARY,mechanical template; resource_class=SLOT_OLANG; source_objects=38; review_flag=WEB_TRANSLATED_PENDING_CODEX_CHECK
5D81443C,172,372,372;372;372;372;372;372;372;372;372;372;372;372;372;372;372;372;372;372;372;372;372;372;372;372;372;372;372;372;372;372;372;372;372;372;372;372;372;372,38,,page76:tag17:entity136:key00004268:ref372:ord0;page82:tag8:entity136:key00004268:ref372:ord0;page88:tag13:entity136:key00004268:ref372:ord0;page94:tag13:entity136:key00004268:ref372:ord0;page100:tag12:entity136:key00004268:ref372:ord0;page106:tag11:entity136:key00004268:ref372:ord0;page112:tag10:entity136:key00004268:ref372:ord0;page118:tag12:entity136:key00004268:ref372:ord0;page124:tag10:entity136:key00004268:ref372:ord0;page130:tag12:entity136:key00004268:ref372:ord0;page136:tag11:entity136:key00004268:ref372:ord0;page142:tag11:entity136:key00004268:ref372:ord0;page148:tag10:entity136:key00004268:ref372:ord0;page154:tag11:entity136:key00004268:ref372:ord0;page160:tag10:entity136:key00004268:ref372:ord0;page166:tag10:entity136:key00004268:ref372:ord0;page172:tag12:entity136:key00004268:ref372:ord0;page178:tag10:entity136:key00004268:ref372:ord0;page184:tag10:entity136:key00004268:ref372:ord0;page202:tag10:entity136:key00004268:ref372:ord0;page208:tag10:entity136:key00004268:ref372:ord0;page214:tag11:entity136:key00004268:ref372:ord0;page220:tag13:entity136:key00004268:ref372:ord0;page226:tag10:entity136:key00004268:ref372:ord0;page232:tag12:entity136:key00004268:ref372:ord0;page244:tag10:entity136:key00004268:ref372:ord0;page250:tag13:entity136:key00004268:ref372:ord0;page268:tag10:entity136:key00004268:ref372:ord0;page274:tag10:entity136:key00004268:ref372:ord0;page280:tag11:entity136:key00004268:ref372:ord0;page286:tag11:entity136:key00004268:ref372:ord0;page298:tag12:entity136:key00004268:ref372:ord0;page304:tag10:entity136:key00004268:ref372:ord0;page310:tag12:entity136:key00004268:ref372:ord0;page316:tag10:entity136:key00004268:ref372:ord0;page328:tag10:entity136:key00004268:ref372:ord0;page334:tag13:entity136:key00004268:ref372:ord0;page340:tag13:entity136:key00004268:ref372:ord0,この先で…仲間が待ち伏せを…,この先に…スナイパーが…,…東にいる,,前面…有狙击手…,,MATCH,36,24,APPROVED,READY,NOT_TESTED,JPN_PRIMARY; MLG_CN_CONTEXT_AUXILIARY,mechanical template; resource_class=SLOT_OLANG; source_objects=38; review_flag=WEB_TRANSLATED_PENDING_CODEX_CHECK
5D81443C,173,376,376;376;376;376;376;376;376;376;376;376;376;376;376;376;376;376;376;376;376;376;376;376;376;376;376;376;376;376;376;376;376;376;376;376;376;376;376;376,38,,page76:tag17:entity135:key00004204:ref376:ord0;page82:tag8:entity135:key00004204:ref376:ord0;page88:tag13:entity135:key00004204:ref376:ord0;page94:tag13:entity135:key00004204:ref376:ord0;page100:tag12:entity135:key00004204:ref376:ord0;page106:tag11:entity135:key00004204:ref376:ord0;page112:tag10:entity135:key00004204:ref376:ord0;page118:tag12:entity135:key00004204:ref376:ord0;page124:tag10:entity135:key00004204:ref376:ord0;page130:tag12:entity135:key00004204:ref376:ord0;page136:tag11:entity135:key00004204:ref376:ord0;page142:tag11:entity135:key00004204:ref376:ord0;page148:tag10:entity135:key00004204:ref376:ord0;page154:tag11:entity135:key00004204:ref376:ord0;page160:tag10:entity135:key00004204:ref376:ord0;page166:tag10:entity135:key00004204:ref376:ord0;page172:tag12:entity135:key00004204:ref376:ord0;page178:tag10:entity135:key00004204:ref376:ord0;page184:tag10:entity135:key00004204:ref376:ord0;page202:tag10:entity135:key00004204:ref376:ord0;page208:tag10:entity135:key00004204:ref376:ord0;page214:tag11:entity135:key00004204:ref376:ord0;page220:tag13:entity135:key00004204:ref376:ord0;page226:tag10:entity135:key00004204:ref376:ord0;page232:tag12:entity135:key00004204:ref376:ord0;page244:tag10:entity135:key00004204:ref376:ord0;page250:tag13:entity135:key00004204:ref376:ord0;page268:tag10:entity135:key00004204:ref376:ord0;page274:tag10:entity135:key00004204:ref376:ord0;page280:tag11:entity135:key00004204:ref376:ord0;page286:tag11:entity135:key00004204:ref376:ord0;page298:tag12:entity135:key00004204:ref376:ord0;page304:tag10:entity135:key00004204:ref376:ord0;page310:tag12:entity135:key00004204:ref376:ord0;page316:tag10:entity135:key00004204:ref376:ord0;page328:tag10:entity135:key00004204:ref376:ord0;page334:tag13:entity135:key00004204:ref376:ord0;page340:tag13:entity135:key00004204:ref376:ord0,…東にいる,手足を撃てば兵士を無力化しやすい…,瀕死状態でも…フルトン回収は可能だ…,,射击手脚更容易让士兵失去战斗力…,,MATCH,51,48,APPROVED,READY,NOT_TESTED,JPN_PRIMARY; MLG_CN_CONTEXT_AUXILIARY,mechanical template; resource_class=SLOT_OLANG; source_objects=38; review_flag=WEB_TRANSLATED_PENDING_CODEX_CHECK
5D81443C,174,378,378;378;378;378;378;378;378;378;378;378;378;378;378;378;378;378;378;378;378;378;378;378;378;378;378;378;378;378;378;378;378;378;378;378;378;378;378;378,38,,page76:tag17:entity134:key000041A0:ref378:ord0;page82:tag8:entity134:key000041A0:ref378:ord0;page88:tag13:entity134:key000041A0:ref378:ord0;page94:tag13:entity134:key000041A0:ref378:ord0;page100:tag12:entity134:key000041A0:ref378:ord0;page106:tag11:entity134:key000041A0:ref378:ord0;page112:tag10:entity134:key000041A0:ref378:ord0;page118:tag12:entity134:key000041A0:ref378:ord0;page124:tag10:entity134:key000041A0:ref378:ord0;page130:tag12:entity134:key000041A0:ref378:ord0;page136:tag11:entity134:key000041A0:ref378:ord0;page142:tag11:entity134:key000041A0:ref378:ord0;page148:tag10:entity134:key000041A0:ref378:ord0;page154:tag11:entity134:key000041A0:ref378:ord0;page160:tag10:entity134:key000041A0:ref378:ord0;page166:tag10:entity134:key000041A0:ref378:ord0;page172:tag12:entity134:key000041A0:ref378:ord0;page178:tag10:entity134:key000041A0:ref378:ord0;page184:tag10:entity134:key000041A0:ref378:ord0;page202:tag10:entity134:key000041A0:ref378:ord0;page208:tag10:entity134:key000041A0:ref378:ord0;page214:tag11:entity134:key000041A0:ref378:ord0;page220:tag13:entity134:key000041A0:ref378:ord0;page226:tag10:entity134:key000041A0:ref378:ord0;page232:tag12:entity134:key000041A0:ref378:ord0;page244:tag10:entity134:key000041A0:ref378:ord0;page250:tag13:entity134:key000041A0:ref378:ord0;page268:tag10:entity134:key000041A0:ref378:ord0;page274:tag10:entity134:key000041A0:ref378:ord0;page280:tag11:entity134:key000041A0:ref378:ord0;page286:tag11:entity134:key000041A0:ref378:ord0;page298:tag12:entity134:key000041A0:ref378:ord0;page304:tag10:entity134:key000041A0:ref378:ord0;page310:tag12:entity134:key000041A0:ref378:ord0;page316:tag10:entity134:key000041A0:ref378:ord0;page328:tag10:entity134:key000041A0:ref378:ord0;page334:tag13:entity134:key000041A0:ref378:ord0;page340:tag13:entity134:key000041A0:ref378:ord0,手足を撃てば兵士を無力化しやすい…,瀕死状態でも…フルトン回収は可能だ…,その武器…水や金属越しでも効くんじゃ…,,就算濒死…也可以用富尔顿回收…,,MATCH,54,45,APPROVED,READY,NOT_TESTED,JPN_PRIMARY; MLG_CN_CONTEXT_AUXILIARY,mechanical template; resource_class=SLOT_OLANG; source_objects=38; review_flag=WEB_TRANSLATED_PENDING_CODEX_CHECK
5D81443C,175,380,380;380;380;380;380;380;380;380;380;380;380;380;380;380;380;380;380;380;380;380;380;380;380;380;380;380;380;380;380;380;380;380;380;380;380;380;380;380,38,,page76:tag17:entity133:key000040D8:ref380:ord0;page82:tag8:entity133:key000040D8:ref380:ord0;page88:tag13:entity133:key000040D8:ref380:ord0;page94:tag13:entity133:key000040D8:ref380:ord0;page100:tag12:entity133:key000040D8:ref380:ord0;page106:tag11:entity133:key000040D8:ref380:ord0;page112:tag10:entity133:key000040D8:ref380:ord0;page118:tag12:entity133:key000040D8:ref380:ord0;page124:tag10:entity133:key000040D8:ref380:ord0;page130:tag12:entity133:key000040D8:ref380:ord0;page136:tag11:entity133:key000040D8:ref380:ord0;page142:tag11:entity133:key000040D8:ref380:ord0;page148:tag10:entity133:key000040D8:ref380:ord0;page154:tag11:entity133:key000040D8:ref380:ord0;page160:tag10:entity133:key000040D8:ref380:ord0;page166:tag10:entity133:key000040D8:ref380:ord0;page172:tag12:entity133:key000040D8:ref380:ord0;page178:tag10:entity133:key000040D8:ref380:ord0;page184:tag10:entity133:key000040D8:ref380:ord0;page202:tag10:entity133:key000040D8:ref380:ord0;page208:tag10:entity133:key000040D8:ref380:ord0;page214:tag11:entity133:key000040D8:ref380:ord0;page220:tag13:entity133:key000040D8:ref380:ord0;page226:tag10:entity133:key000040D8:ref380:ord0;page232:tag12:entity133:key000040D8:ref380:ord0;page244:tag10:entity133:key000040D8:ref380:ord0;page250:tag13:entity133:key000040D8:ref380:ord0;page268:tag10:entity133:key000040D8:ref380:ord0;page274:tag10:entity133:key000040D8:ref380:ord0;page280:tag11:entity133:key000040D8:ref380:ord0;page286:tag11:entity133:key000040D8:ref380:ord0;page298:tag12:entity133:key000040D8:ref380:ord0;page304:tag10:entity133:key000040D8:ref380:ord0;page310:tag12:entity133:key000040D8:ref380:ord0;page316:tag10:entity133:key000040D8:ref380:ord0;page328:tag10:entity133:key000040D8:ref380:ord0;page334:tag13:entity133:key000040D8:ref380:ord0;page340:tag13:entity133:key000040D8:ref380:ord0,瀕死状態でも…フルトン回収は可能だ…,その武器…水や金属越しでも効くんじゃ…,水や金属は電気が流れる…,,那武器…隔着水或金属也能奏效吧…,,MATCH,57,48,APPROVED,READY,NOT_TESTED,JPN_PRIMARY; MLG_CN_CONTEXT_AUXILIARY,mechanical template; resource_class=SLOT_OLANG; source_objects=38; review_flag=WEB_TRANSLATED_PENDING_CODEX_CHECK
5D81443C,176,382,382;382;382;382;382;382;382;382;382;382;382;382;382;382;382;382;382;382;382;382;382;382;382;382;382;382;382;382;382;382;382;382;382;382;382;382;382;382,38,,page76:tag17:entity132:key00004074:ref382:ord0;page82:tag8:entity132:key00004074:ref382:ord0;page88:tag13:entity132:key00004074:ref382:ord0;page94:tag13:entity132:key00004074:ref382:ord0;page100:tag12:entity132:key00004074:ref382:ord0;page106:tag11:entity132:key00004074:ref382:ord0;page112:tag10:entity132:key00004074:ref382:ord0;page118:tag12:entity132:key00004074:ref382:ord0;page124:tag10:entity132:key00004074:ref382:ord0;page130:tag12:entity132:key00004074:ref382:ord0;page136:tag11:entity132:key00004074:ref382:ord0;page142:tag11:entity132:key00004074:ref382:ord0;page148:tag10:entity132:key00004074:ref382:ord0;page154:tag11:entity132:key00004074:ref382:ord0;page160:tag10:entity132:key00004074:ref382:ord0;page166:tag10:entity132:key00004074:ref382:ord0;page172:tag12:entity132:key00004074:ref382:ord0;page178:tag10:entity132:key00004074:ref382:ord0;page184:tag10:entity132:key00004074:ref382:ord0;page202:tag10:entity132:key00004074:ref382:ord0;page208:tag10:entity132:key00004074:ref382:ord0;page214:tag11:entity132:key00004074:ref382:ord0;page220:tag13:entity132:key00004074:ref382:ord0;page226:tag10:entity132:key00004074:ref382:ord0;page232:tag12:entity132:key00004074:ref382:ord0;page244:tag10:entity132:key00004074:ref382:ord0;page250:tag13:entity132:key00004074:ref382:ord0;page268:tag10:entity132:key00004074:ref382:ord0;page274:tag10:entity132:key00004074:ref382:ord0;page280:tag11:entity132:key00004074:ref382:ord0;page286:tag11:entity132:key00004074:ref382:ord0;page298:tag12:entity132:key00004074:ref382:ord0;page304:tag10:entity132:key00004074:ref382:ord0;page310:tag12:entity132:key00004074:ref382:ord0;page316:tag10:entity132:key00004074:ref382:ord0;page328:tag10:entity132:key00004074:ref382:ord0;page334:tag13:entity132:key00004074:ref382:ord0;page340:tag13:entity132:key00004074:ref382:ord0,その武器…水や金属越しでも効くんじゃ…,水や金属は電気が流れる…,装備品が多すぎるとカムフラ率は低くなる…,,水和金属都能导电…,,MATCH,36,27,APPROVED,READY,NOT_TESTED,JPN_PRIMARY; MLG_CN_CONTEXT_AUXILIARY,mechanical template; resource_class=SLOT_OLANG; source_objects=38; review_flag=WEB_TRANSLATED_PENDING_CODEX_CHECK
5D81443C,177,384,384;384;384;384;384;384;384;384;384;384;384;384;384;384;384;384;384;384;384;384;384;384;384;384;384;384;384;384;384;384;384;384;384;384;384;384;384;384,38,,page76:tag17:entity131:key00004010:ref384:ord0;page82:tag8:entity131:key00004010:ref384:ord0;page88:tag13:entity131:key00004010:ref384:ord0;page94:tag13:entity131:key00004010:ref384:ord0;page100:tag12:entity131:key00004010:ref384:ord0;page106:tag11:entity131:key00004010:ref384:ord0;page112:tag10:entity131:key00004010:ref384:ord0;page118:tag12:entity131:key00004010:ref384:ord0;page124:tag10:entity131:key00004010:ref384:ord0;page130:tag12:entity131:key00004010:ref384:ord0;page136:tag11:entity131:key00004010:ref384:ord0;page142:tag11:entity131:key00004010:ref384:ord0;page148:tag10:entity131:key00004010:ref384:ord0;page154:tag11:entity131:key00004010:ref384:ord0;page160:tag10:entity131:key00004010:ref384:ord0;page166:tag10:entity131:key00004010:ref384:ord0;page172:tag12:entity131:key00004010:ref384:ord0;page178:tag10:entity131:key00004010:ref384:ord0;page184:tag10:entity131:key00004010:ref384:ord0;page202:tag10:entity131:key00004010:ref384:ord0;page208:tag10:entity131:key00004010:ref384:ord0;page214:tag11:entity131:key00004010:ref384:ord0;page220:tag13:entity131:key00004010:ref384:ord0;page226:tag10:entity131:key00004010:ref384:ord0;page232:tag12:entity131:key00004010:ref384:ord0;page244:tag10:entity131:key00004010:ref384:ord0;page250:tag13:entity131:key00004010:ref384:ord0;page268:tag10:entity131:key00004010:ref384:ord0;page274:tag10:entity131:key00004010:ref384:ord0;page280:tag11:entity131:key00004010:ref384:ord0;page286:tag11:entity131:key00004010:ref384:ord0;page298:tag12:entity131:key00004010:ref384:ord0;page304:tag10:entity131:key00004010:ref384:ord0;page310:tag12:entity131:key00004010:ref384:ord0;page316:tag10:entity131:key00004010:ref384:ord0;page328:tag10:entity131:key00004010:ref384:ord0;page334:tag13:entity131:key00004010:ref384:ord0;page340:tag13:entity131:key00004010:ref384:ord0,水や金属は電気が流れる…,装備品が多すぎるとカムフラ率は低くなる…,"持って行く装備品によって
カムフラ率は変化する…",,装备品太多会降低迷彩率…,,MATCH,60,36,APPROVED,READY,NOT_TESTED,JPN_PRIMARY; MLG_CN_CONTEXT_AUXILIARY,mechanical template; resource_class=SLOT_OLANG; source_objects=38; review_flag=WEB_TRANSLATED_PENDING_CODEX_CHECK
5D81443C,178,386,386;386;386;386;386;386;386;386;386;386;386;386;386;386;386;386;386;386;386;386;386;386;386;386;386;386;386;386;386;386;386;386;386;386;386;386;386;386,38,,page76:tag17:entity130:key00003FAC:ref386:ord0;page82:tag8:entity130:key00003FAC:ref386:ord0;page88:tag13:entity130:key00003FAC:ref386:ord0;page94:tag13:entity130:key00003FAC:ref386:ord0;page100:tag12:entity130:key00003FAC:ref386:ord0;page106:tag11:entity130:key00003FAC:ref386:ord0;page112:tag10:entity130:key00003FAC:ref386:ord0;page118:tag12:entity130:key00003FAC:ref386:ord0;page124:tag10:entity130:key00003FAC:ref386:ord0;page130:tag12:entity130:key00003FAC:ref386:ord0;page136:tag11:entity130:key00003FAC:ref386:ord0;page142:tag11:entity130:key00003FAC:ref386:ord0;page148:tag10:entity130:key00003FAC:ref386:ord0;page154:tag11:entity130:key00003FAC:ref386:ord0;page160:tag10:entity130:key00003FAC:ref386:ord0;page166:tag10:entity130:key00003FAC:ref386:ord0;page172:tag12:entity130:key00003FAC:ref386:ord0;page178:tag10:entity130:key00003FAC:ref386:ord0;page184:tag10:entity130:key00003FAC:ref386:ord0;page202:tag10:entity130:key00003FAC:ref386:ord0;page208:tag10:entity130:key00003FAC:ref386:ord0;page214:tag11:entity130:key00003FAC:ref386:ord0;page220:tag13:entity130:key00003FAC:ref386:ord0;page226:tag10:entity130:key00003FAC:ref386:ord0;page232:tag12:entity130:key00003FAC:ref386:ord0;page244:tag10:entity130:key00003FAC:ref386:ord0;page250:tag13:entity130:key00003FAC:ref386:ord0;page268:tag10:entity130:key00003FAC:ref386:ord0;page274:tag10:entity130:key00003FAC:ref386:ord0;page280:tag11:entity130:key00003FAC:ref386:ord0;page286:tag11:entity130:key00003FAC:ref386:ord0;page298:tag12:entity130:key00003FAC:ref386:ord0;page304:tag10:entity130:key00003FAC:ref386:ord0;page310:tag12:entity130:key00003FAC:ref386:ord0;page316:tag10:entity130:key00003FAC:ref386:ord0;page328:tag10:entity130:key00003FAC:ref386:ord0;page334:tag13:entity130:key00003FAC:ref386:ord0;page340:tag13:entity130:key00003FAC:ref386:ord0,装備品が多すぎるとカムフラ率は低くなる…,"持って行く装備品によって
カムフラ率は変化する…","友情度が高いと
CO-OPの効果も高まるらしい…",,"迷彩率会随携带的装备品
而发生变化…",,MATCH,70,52,APPROVED,READY,NOT_TESTED,JPN_PRIMARY; MLG_CN_CONTEXT_AUXILIARY,mechanical template; resource_class=SLOT_OLANG; source_objects=38; review_flag=WEB_TRANSLATED_PENDING_CODEX_CHECK
5D81443C,179,388,388;388;388;388;388;388;388;388;388;388;388;388;388;388;388;388;388;388;388;388;388;388;388;388;388;388;388;388;388;388;388;388;388;388;388;388;388;388,38,,page76:tag17:entity129:key00003EE4:ref388:ord0;page82:tag8:entity129:key00003EE4:ref388:ord0;page88:tag13:entity129:key00003EE4:ref388:ord0;page94:tag13:entity129:key00003EE4:ref388:ord0;page100:tag12:entity129:key00003EE4:ref388:ord0;page106:tag11:entity129:key00003EE4:ref388:ord0;page112:tag10:entity129:key00003EE4:ref388:ord0;page118:tag12:entity129:key00003EE4:ref388:ord0;page124:tag10:entity129:key00003EE4:ref388:ord0;page130:tag12:entity129:key00003EE4:ref388:ord0;page136:tag11:entity129:key00003EE4:ref388:ord0;page142:tag11:entity129:key00003EE4:ref388:ord0;page148:tag10:entity129:key00003EE4:ref388:ord0;page154:tag11:entity129:key00003EE4:ref388:ord0;page160:tag10:entity129:key00003EE4:ref388:ord0;page166:tag10:entity129:key00003EE4:ref388:ord0;page172:tag12:entity129:key00003EE4:ref388:ord0;page178:tag10:entity129:key00003EE4:ref388:ord0;page184:tag10:entity129:key00003EE4:ref388:ord0;page202:tag10:entity129:key00003EE4:ref388:ord0;page208:tag10:entity129:key00003EE4:ref388:ord0;page214:tag11:entity129:key00003EE4:ref388:ord0;page220:tag13:entity129:key00003EE4:ref388:ord0;page226:tag10:entity129:key00003EE4:ref388:ord0;page232:tag12:entity129:key00003EE4:ref388:ord0;page244:tag10:entity129:key00003EE4:ref388:ord0;page250:tag13:entity129:key00003EE4:ref388:ord0;page268:tag10:entity129:key00003EE4:ref388:ord0;page274:tag10:entity129:key00003EE4:ref388:ord0;page280:tag11:entity129:key00003EE4:ref388:ord0;page286:tag11:entity129:key00003EE4:ref388:ord0;page298:tag12:entity129:key00003EE4:ref388:ord0;page304:tag10:entity129:key00003EE4:ref388:ord0;page310:tag12:entity129:key00003EE4:ref388:ord0;page316:tag10:entity129:key00003EE4:ref388:ord0;page328:tag10:entity129:key00003EE4:ref388:ord0;page334:tag13:entity129:key00003EE4:ref388:ord0;page340:tag13:entity129:key00003EE4:ref388:ord0,"持って行く装備品によって
カムフラ率は変化する…","友情度が高いと
CO-OPの効果も高まるらしい…","英雄の言葉には
魂がこもることがあるらしい…",,"听说友情度越高
CO-OP的效果也越强…",,MATCH,60,48,APPROVED,READY,NOT_TESTED,JPN_PRIMARY; MLG_CN_CONTEXT_AUXILIARY,mechanical template; resource_class=SLOT_OLANG; source_objects=38; review_flag=WEB_TRANSLATED_PENDING_CODEX_CHECK
5D81443C,180,390,390;390;390;390;390;390;390;390;390;390;390;390;390;390;390;390;390;390;390;390;390;390;390;390;390;390;390;390;390;390;390;390;390;390;390;390;390;390,38,,page76:tag17:entity128:key00003E80:ref390:ord0;page82:tag8:entity128:key00003E80:ref390:ord0;page88:tag13:entity128:key00003E80:ref390:ord0;page94:tag13:entity128:key00003E80:ref390:ord0;page100:tag12:entity128:key00003E80:ref390:ord0;page106:tag11:entity128:key00003E80:ref390:ord0;page112:tag10:entity128:key00003E80:ref390:ord0;page118:tag12:entity128:key00003E80:ref390:ord0;page124:tag10:entity128:key00003E80:ref390:ord0;page130:tag12:entity128:key00003E80:ref390:ord0;page136:tag11:entity128:key00003E80:ref390:ord0;page142:tag11:entity128:key00003E80:ref390:ord0;page148:tag10:entity128:key00003E80:ref390:ord0;page154:tag11:entity128:key00003E80:ref390:ord0;page160:tag10:entity128:key00003E80:ref390:ord0;page166:tag10:entity128:key00003E80:ref390:ord0;page172:tag12:entity128:key00003E80:ref390:ord0;page178:tag10:entity128:key00003E80:ref390:ord0;page184:tag10:entity128:key00003E80:ref390:ord0;page202:tag10:entity128:key00003E80:ref390:ord0;page208:tag10:entity128:key00003E80:ref390:ord0;page214:tag11:entity128:key00003E80:ref390:ord0;page220:tag13:entity128:key00003E80:ref390:ord0;page226:tag10:entity128:key00003E80:ref390:ord0;page232:tag12:entity128:key00003E80:ref390:ord0;page244:tag10:entity128:key00003E80:ref390:ord0;page250:tag13:entity128:key00003E80:ref390:ord0;page268:tag10:entity128:key00003E80:ref390:ord0;page274:tag10:entity128:key00003E80:ref390:ord0;page280:tag11:entity128:key00003E80:ref390:ord0;page286:tag11:entity128:key00003E80:ref390:ord0;page298:tag12:entity128:key00003E80:ref390:ord0;page304:tag10:entity128:key00003E80:ref390:ord0;page310:tag12:entity128:key00003E80:ref390:ord0;page316:tag10:entity128:key00003E80:ref390:ord0;page328:tag10:entity128:key00003E80:ref390:ord0;page334:tag13:entity128:key00003E80:ref390:ord0;page340:tag13:entity128:key00003E80:ref390:ord0,"友情度が高いと
CO-OPの効果も高まるらしい…","英雄の言葉には
魂がこもることがあるらしい…",…北東にいる,,"听说英雄的话语
有时会注入灵魂…",,MATCH,64,46,APPROVED,READY,NOT_TESTED,JPN_PRIMARY; MLG_CN_CONTEXT_AUXILIARY,mechanical template; resource_class=SLOT_OLANG; source_objects=38; review_flag=WEB_TRANSLATED_PENDING_CODEX_CHECK
5D81443C,181,394,394;394;394;394;394;394;394;394;394;394;394;394;394;394;394;394;394;394;394;394;394;394;394;394;394;394;394;394;394;394;394;394;394;394;394;394;394;394,38,,page76:tag17:entity127:key00003E1C:ref394:ord0;page82:tag8:entity127:key00003E1C:ref394:ord0;page88:tag13:entity127:key00003E1C:ref394:ord0;page94:tag13:entity127:key00003E1C:ref394:ord0;page100:tag12:entity127:key00003E1C:ref394:ord0;page106:tag11:entity127:key00003E1C:ref394:ord0;page112:tag10:entity127:key00003E1C:ref394:ord0;page118:tag12:entity127:key00003E1C:ref394:ord0;page124:tag10:entity127:key00003E1C:ref394:ord0;page130:tag12:entity127:key00003E1C:ref394:ord0;page136:tag11:entity127:key00003E1C:ref394:ord0;page142:tag11:entity127:key00003E1C:ref394:ord0;page148:tag10:entity127:key00003E1C:ref394:ord0;page154:tag11:entity127:key00003E1C:ref394:ord0;page160:tag10:entity127:key00003E1C:ref394:ord0;page166:tag10:entity127:key00003E1C:ref394:ord0;page172:tag12:entity127:key00003E1C:ref394:ord0;page178:tag10:entity127:key00003E1C:ref394:ord0;page184:tag10:entity127:key00003E1C:ref394:ord0;page202:tag10:entity127:key00003E1C:ref394:ord0;page208:tag10:entity127:key00003E1C:ref394:ord0;page214:tag11:entity127:key00003E1C:ref394:ord0;page220:tag13:entity127:key00003E1C:ref394:ord0;page226:tag10:entity127:key00003E1C:ref394:ord0;page232:tag12:entity127:key00003E1C:ref394:ord0;page244:tag10:entity127:key00003E1C:ref394:ord0;page250:tag13:entity127:key00003E1C:ref394:ord0;page268:tag10:entity127:key00003E1C:ref394:ord0;page274:tag10:entity127:key00003E1C:ref394:ord0;page280:tag11:entity127:key00003E1C:ref394:ord0;page286:tag11:entity127:key00003E1C:ref394:ord0;page298:tag12:entity127:key00003E1C:ref394:ord0;page304:tag10:entity127:key00003E1C:ref394:ord0;page310:tag12:entity127:key00003E1C:ref394:ord0;page316:tag10:entity127:key00003E1C:ref394:ord0;page328:tag10:entity127:key00003E1C:ref394:ord0;page334:tag13:entity127:key00003E1C:ref394:ord0;page340:tag13:entity127:key00003E1C:ref394:ord0,…北東にいる,操作は…『OPTIONS』で調整できる…,"シンクロ状態になると
防御力がかなり上昇する…",,操作方式…可以在『OPTIONS』里调整…,,MATCH,46,49,APPROVED,READY,NOT_TESTED,JPN_PRIMARY; MLG_CN_CONTEXT_AUXILIARY,mechanical template; resource_class=SLOT_OLANG; source_objects=38; review_flag=WEB_TRANSLATED_PENDING_CODEX_CHECK
5D81443C,182,396,396;396;396;396;396;396;396;396;396;396;396;396;396;396;396;396;396;396;396;396;396;396;396;396;396;396;396;396;396;396;396;396;396;396;396;396;396;396,38,,page76:tag17:entity126:key00003DB8:ref396:ord0;page82:tag8:entity126:key00003DB8:ref396:ord0;page88:tag13:entity126:key00003DB8:ref396:ord0;page94:tag13:entity126:key00003DB8:ref396:ord0;page100:tag12:entity126:key00003DB8:ref396:ord0;page106:tag11:entity126:key00003DB8:ref396:ord0;page112:tag10:entity126:key00003DB8:ref396:ord0;page118:tag12:entity126:key00003DB8:ref396:ord0;page124:tag10:entity126:key00003DB8:ref396:ord0;page130:tag12:entity126:key00003DB8:ref396:ord0;page136:tag11:entity126:key00003DB8:ref396:ord0;page142:tag11:entity126:key00003DB8:ref396:ord0;page148:tag10:entity126:key00003DB8:ref396:ord0;page154:tag11:entity126:key00003DB8:ref396:ord0;page160:tag10:entity126:key00003DB8:ref396:ord0;page166:tag10:entity126:key00003DB8:ref396:ord0;page172:tag12:entity126:key00003DB8:ref396:ord0;page178:tag10:entity126:key00003DB8:ref396:ord0;page184:tag10:entity126:key00003DB8:ref396:ord0;page202:tag10:entity126:key00003DB8:ref396:ord0;page208:tag10:entity126:key00003DB8:ref396:ord0;page214:tag11:entity126:key00003DB8:ref396:ord0;page220:tag13:entity126:key00003DB8:ref396:ord0;page226:tag10:entity126:key00003DB8:ref396:ord0;page232:tag12:entity126:key00003DB8:ref396:ord0;page244:tag10:entity126:key00003DB8:ref396:ord0;page250:tag13:entity126:key00003DB8:ref396:ord0;page268:tag10:entity126:key00003DB8:ref396:ord0;page274:tag10:entity126:key00003DB8:ref396:ord0;page280:tag11:entity126:key00003DB8:ref396:ord0;page286:tag11:entity126:key00003DB8:ref396:ord0;page298:tag12:entity126:key00003DB8:ref396:ord0;page304:tag10:entity126:key00003DB8:ref396:ord0;page310:tag12:entity126:key00003DB8:ref396:ord0;page316:tag10:entity126:key00003DB8:ref396:ord0;page328:tag10:entity126:key00003DB8:ref396:ord0;page334:tag13:entity126:key00003DB8:ref396:ord0;page340:tag13:entity126:key00003DB8:ref396:ord0,操作は…『OPTIONS』で調整できる…,"シンクロ状態になると
防御力がかなり上昇する…","シンクロ状態になると
カムフラ率が上がる…",,"进入同步状态后
防御力会大幅提升…",,MATCH,67,49,APPROVED,READY,NOT_TESTED,JPN_PRIMARY; MLG_CN_CONTEXT_AUXILIARY,mechanical template; resource_class=SLOT_OLANG; source_objects=38; review_flag=WEB_TRANSLATED_PENDING_CODEX_CHECK
5D81443C,183,398,398;398;398;398;398;398;398;398;398;398;398;398;398;398;398;398;398;398;398;398;398;398;398;398;398;398;398;398;398;398;398;398;398;398;398;398;398;398,38,,page76:tag17:entity125:key00003D54:ref398:ord0;page82:tag8:entity125:key00003D54:ref398:ord0;page88:tag13:entity125:key00003D54:ref398:ord0;page94:tag13:entity125:key00003D54:ref398:ord0;page100:tag12:entity125:key00003D54:ref398:ord0;page106:tag11:entity125:key00003D54:ref398:ord0;page112:tag10:entity125:key00003D54:ref398:ord0;page118:tag12:entity125:key00003D54:ref398:ord0;page124:tag10:entity125:key00003D54:ref398:ord0;page130:tag12:entity125:key00003D54:ref398:ord0;page136:tag11:entity125:key00003D54:ref398:ord0;page142:tag11:entity125:key00003D54:ref398:ord0;page148:tag10:entity125:key00003D54:ref398:ord0;page154:tag11:entity125:key00003D54:ref398:ord0;page160:tag10:entity125:key00003D54:ref398:ord0;page166:tag10:entity125:key00003D54:ref398:ord0;page172:tag12:entity125:key00003D54:ref398:ord0;page178:tag10:entity125:key00003D54:ref398:ord0;page184:tag10:entity125:key00003D54:ref398:ord0;page202:tag10:entity125:key00003D54:ref398:ord0;page208:tag10:entity125:key00003D54:ref398:ord0;page214:tag11:entity125:key00003D54:ref398:ord0;page220:tag13:entity125:key00003D54:ref398:ord0;page226:tag10:entity125:key00003D54:ref398:ord0;page232:tag12:entity125:key00003D54:ref398:ord0;page244:tag10:entity125:key00003D54:ref398:ord0;page250:tag13:entity125:key00003D54:ref398:ord0;page268:tag10:entity125:key00003D54:ref398:ord0;page274:tag10:entity125:key00003D54:ref398:ord0;page280:tag11:entity125:key00003D54:ref398:ord0;page286:tag11:entity125:key00003D54:ref398:ord0;page298:tag12:entity125:key00003D54:ref398:ord0;page304:tag10:entity125:key00003D54:ref398:ord0;page310:tag12:entity125:key00003D54:ref398:ord0;page316:tag10:entity125:key00003D54:ref398:ord0;page328:tag10:entity125:key00003D54:ref398:ord0;page334:tag13:entity125:key00003D54:ref398:ord0;page340:tag13:entity125:key00003D54:ref398:ord0,"シンクロ状態になると
防御力がかなり上昇する…","シンクロ状態になると
カムフラ率が上がる…","スネーク・インすると
シンクロ率が上昇する…",,"进入同步状态后
迷彩率会提升…",,MATCH,61,43,APPROVED,READY,NOT_TESTED,JPN_PRIMARY; MLG_CN_CONTEXT_AUXILIARY,mechanical template; resource_class=SLOT_OLANG; source_objects=38; review_flag=WEB_TRANSLATED_PENDING_CODEX_CHECK
5D81443C,184,400,400;400;400;400;400;400;400;400;400;400;400;400;400;400;400;400;400;400;400;400;400;400;400;400;400;400;400;400;400;400;400;400;400;400;400;400;400;400,38,,page76:tag17:entity124:key00003CF0:ref400:ord0;page82:tag8:entity124:key00003CF0:ref400:ord0;page88:tag13:entity124:key00003CF0:ref400:ord0;page94:tag13:entity124:key00003CF0:ref400:ord0;page100:tag12:entity124:key00003CF0:ref400:ord0;page106:tag11:entity124:key00003CF0:ref400:ord0;page112:tag10:entity124:key00003CF0:ref400:ord0;page118:tag12:entity124:key00003CF0:ref400:ord0;page124:tag10:entity124:key00003CF0:ref400:ord0;page130:tag12:entity124:key00003CF0:ref400:ord0;page136:tag11:entity124:key00003CF0:ref400:ord0;page142:tag11:entity124:key00003CF0:ref400:ord0;page148:tag10:entity124:key00003CF0:ref400:ord0;page154:tag11:entity124:key00003CF0:ref400:ord0;page160:tag10:entity124:key00003CF0:ref400:ord0;page166:tag10:entity124:key00003CF0:ref400:ord0;page172:tag12:entity124:key00003CF0:ref400:ord0;page178:tag10:entity124:key00003CF0:ref400:ord0;page184:tag10:entity124:key00003CF0:ref400:ord0;page202:tag10:entity124:key00003CF0:ref400:ord0;page208:tag10:entity124:key00003CF0:ref400:ord0;page214:tag11:entity124:key00003CF0:ref400:ord0;page220:tag13:entity124:key00003CF0:ref400:ord0;page226:tag10:entity124:key00003CF0:ref400:ord0;page232:tag12:entity124:key00003CF0:ref400:ord0;page244:tag10:entity124:key00003CF0:ref400:ord0;page250:tag13:entity124:key00003CF0:ref400:ord0;page268:tag10:entity124:key00003CF0:ref400:ord0;page274:tag10:entity124:key00003CF0:ref400:ord0;page280:tag11:entity124:key00003CF0:ref400:ord0;page286:tag11:entity124:key00003CF0:ref400:ord0;page298:tag12:entity124:key00003CF0:ref400:ord0;page304:tag10:entity124:key00003CF0:ref400:ord0;page310:tag12:entity124:key00003CF0:ref400:ord0;page316:tag10:entity124:key00003CF0:ref400:ord0;page328:tag10:entity124:key00003CF0:ref400:ord0;page334:tag13:entity124:key00003CF0:ref400:ord0;page340:tag13:entity124:key00003CF0:ref400:ord0,"シンクロ状態になると
カムフラ率が上がる…","スネーク・インすると
シンクロ率が上昇する…","スネーク・インすると
盾の防御範囲が広がる…",,"使用Snake In后
同步率会提升…",,MATCH,64,39,APPROVED,READY,NOT_TESTED,JPN_PRIMARY; MLG_CN_CONTEXT_AUXILIARY,mechanical template; resource_class=SLOT_OLANG; source_objects=38; review_flag=WEB_TRANSLATED_PENDING_CODEX_CHECK
5D81443C,185,402,402;402;402;402;402;402;402;402;402;402;402;402;402;402;402;402;402;402;402;402;402;402;402;402;402;402;402;402;402;402;402;402;402;402;402;402;402;402,38,,page76:tag17:entity123:key00003C8C:ref402:ord0;page82:tag8:entity123:key00003C8C:ref402:ord0;page88:tag13:entity123:key00003C8C:ref402:ord0;page94:tag13:entity123:key00003C8C:ref402:ord0;page100:tag12:entity123:key00003C8C:ref402:ord0;page106:tag11:entity123:key00003C8C:ref402:ord0;page112:tag10:entity123:key00003C8C:ref402:ord0;page118:tag12:entity123:key00003C8C:ref402:ord0;page124:tag10:entity123:key00003C8C:ref402:ord0;page130:tag12:entity123:key00003C8C:ref402:ord0;page136:tag11:entity123:key00003C8C:ref402:ord0;page142:tag11:entity123:key00003C8C:ref402:ord0;page148:tag10:entity123:key00003C8C:ref402:ord0;page154:tag11:entity123:key00003C8C:ref402:ord0;page160:tag10:entity123:key00003C8C:ref402:ord0;page166:tag10:entity123:key00003C8C:ref402:ord0;page172:tag12:entity123:key00003C8C:ref402:ord0;page178:tag10:entity123:key00003C8C:ref402:ord0;page184:tag10:entity123:key00003C8C:ref402:ord0;page202:tag10:entity123:key00003C8C:ref402:ord0;page208:tag10:entity123:key00003C8C:ref402:ord0;page214:tag11:entity123:key00003C8C:ref402:ord0;page220:tag13:entity123:key00003C8C:ref402:ord0;page226:tag10:entity123:key00003C8C:ref402:ord0;page232:tag12:entity123:key00003C8C:ref402:ord0;page244:tag10:entity123:key00003C8C:ref402:ord0;page250:tag13:entity123:key00003C8C:ref402:ord0;page268:tag10:entity123:key00003C8C:ref402:ord0;page274:tag10:entity123:key00003C8C:ref402:ord0;page280:tag11:entity123:key00003C8C:ref402:ord0;page286:tag11:entity123:key00003C8C:ref402:ord0;page298:tag12:entity123:key00003C8C:ref402:ord0;page304:tag10:entity123:key00003C8C:ref402:ord0;page310:tag12:entity123:key00003C8C:ref402:ord0;page316:tag10:entity123:key00003C8C:ref402:ord0;page328:tag10:entity123:key00003C8C:ref402:ord0;page334:tag13:entity123:key00003C8C:ref402:ord0;page340:tag13:entity123:key00003C8C:ref402:ord0,"スネーク・インすると
シンクロ率が上昇する…","スネーク・インすると
盾の防御範囲が広がる…","スネーク・インすると
前衛の速度で移動できる…",,"使用Snake In后
盾牌的防御范围会扩大…",,MATCH,64,51,APPROVED,READY,NOT_TESTED,JPN_PRIMARY; MLG_CN_CONTEXT_AUXILIARY,mechanical template; resource_class=SLOT_OLANG; source_objects=38; review_flag=WEB_TRANSLATED_PENDING_CODEX_CHECK
5D81443C,186,404,404;404;404;404;404;404;404;404;404;404;404;404;404;404;404;404;404;404;404;404;404;404;404;404;404;404;404;404;404;404;404;404;404;404;404;404;404;404,38,,page76:tag17:entity122:key00003C28:ref404:ord0;page82:tag8:entity122:key00003C28:ref404:ord0;page88:tag13:entity122:key00003C28:ref404:ord0;page94:tag13:entity122:key00003C28:ref404:ord0;page100:tag12:entity122:key00003C28:ref404:ord0;page106:tag11:entity122:key00003C28:ref404:ord0;page112:tag10:entity122:key00003C28:ref404:ord0;page118:tag12:entity122:key00003C28:ref404:ord0;page124:tag10:entity122:key00003C28:ref404:ord0;page130:tag12:entity122:key00003C28:ref404:ord0;page136:tag11:entity122:key00003C28:ref404:ord0;page142:tag11:entity122:key00003C28:ref404:ord0;page148:tag10:entity122:key00003C28:ref404:ord0;page154:tag11:entity122:key00003C28:ref404:ord0;page160:tag10:entity122:key00003C28:ref404:ord0;page166:tag10:entity122:key00003C28:ref404:ord0;page172:tag12:entity122:key00003C28:ref404:ord0;page178:tag10:entity122:key00003C28:ref404:ord0;page184:tag10:entity122:key00003C28:ref404:ord0;page202:tag10:entity122:key00003C28:ref404:ord0;page208:tag10:entity122:key00003C28:ref404:ord0;page214:tag11:entity122:key00003C28:ref404:ord0;page220:tag13:entity122:key00003C28:ref404:ord0;page226:tag10:entity122:key00003C28:ref404:ord0;page232:tag12:entity122:key00003C28:ref404:ord0;page244:tag10:entity122:key00003C28:ref404:ord0;page250:tag13:entity122:key00003C28:ref404:ord0;page268:tag10:entity122:key00003C28:ref404:ord0;page274:tag10:entity122:key00003C28:ref404:ord0;page280:tag11:entity122:key00003C28:ref404:ord0;page286:tag11:entity122:key00003C28:ref404:ord0;page298:tag12:entity122:key00003C28:ref404:ord0;page304:tag10:entity122:key00003C28:ref404:ord0;page310:tag12:entity122:key00003C28:ref404:ord0;page316:tag10:entity122:key00003C28:ref404:ord0;page328:tag10:entity122:key00003C28:ref404:ord0;page334:tag13:entity122:key00003C28:ref404:ord0;page340:tag13:entity122:key00003C28:ref404:ord0,"スネーク・インすると
盾の防御範囲が広がる…","スネーク・インすると
前衛の速度で移動できる…","スネーク・インすると
カムフラ率が高い方の仲間に合う…",,"使用Snake In后
能以前卫的速度移动…",,MATCH,67,48,APPROVED,READY,NOT_TESTED,JPN_PRIMARY; MLG_CN_CONTEXT_AUXILIARY,mechanical template; resource_class=SLOT_OLANG; source_objects=38; review_flag=WEB_TRANSLATED_PENDING_CODEX_CHECK
5D81443C,187,406,406;406;406;406;406;406;406;406;406;406;406;406;406;406;406;406;406;406;406;406;406;406;406;406;406;406;406;406;406;406;406;406;406;406;406;406;406;406,38,,page76:tag17:entity121:key00003BC4:ref406:ord0;page82:tag8:entity121:key00003BC4:ref406:ord0;page88:tag13:entity121:key00003BC4:ref406:ord0;page94:tag13:entity121:key00003BC4:ref406:ord0;page100:tag12:entity121:key00003BC4:ref406:ord0;page106:tag11:entity121:key00003BC4:ref406:ord0;page112:tag10:entity121:key00003BC4:ref406:ord0;page118:tag12:entity121:key00003BC4:ref406:ord0;page124:tag10:entity121:key00003BC4:ref406:ord0;page130:tag12:entity121:key00003BC4:ref406:ord0;page136:tag11:entity121:key00003BC4:ref406:ord0;page142:tag11:entity121:key00003BC4:ref406:ord0;page148:tag10:entity121:key00003BC4:ref406:ord0;page154:tag11:entity121:key00003BC4:ref406:ord0;page160:tag10:entity121:key00003BC4:ref406:ord0;page166:tag10:entity121:key00003BC4:ref406:ord0;page172:tag12:entity121:key00003BC4:ref406:ord0;page178:tag10:entity121:key00003BC4:ref406:ord0;page184:tag10:entity121:key00003BC4:ref406:ord0;page202:tag10:entity121:key00003BC4:ref406:ord0;page208:tag10:entity121:key00003BC4:ref406:ord0;page214:tag11:entity121:key00003BC4:ref406:ord0;page220:tag13:entity121:key00003BC4:ref406:ord0;page226:tag10:entity121:key00003BC4:ref406:ord0;page232:tag12:entity121:key00003BC4:ref406:ord0;page244:tag10:entity121:key00003BC4:ref406:ord0;page250:tag13:entity121:key00003BC4:ref406:ord0;page268:tag10:entity121:key00003BC4:ref406:ord0;page274:tag10:entity121:key00003BC4:ref406:ord0;page280:tag11:entity121:key00003BC4:ref406:ord0;page286:tag11:entity121:key00003BC4:ref406:ord0;page298:tag12:entity121:key00003BC4:ref406:ord0;page304:tag10:entity121:key00003BC4:ref406:ord0;page310:tag12:entity121:key00003BC4:ref406:ord0;page316:tag10:entity121:key00003BC4:ref406:ord0;page328:tag10:entity121:key00003BC4:ref406:ord0;page334:tag13:entity121:key00003BC4:ref406:ord0;page340:tag13:entity121:key00003BC4:ref406:ord0,"スネーク・インすると
前衛の速度で移動できる…","スネーク・インすると
カムフラ率が高い方の仲間に合う…","CO-OPインすると
武器や装備品の貸し借りができる…",,"使用Snake In后
迷彩率会与较高的同伴一致…",,MATCH,79,57,APPROVED,READY,NOT_TESTED,JPN_PRIMARY; MLG_CN_CONTEXT_AUXILIARY,mechanical template; resource_class=SLOT_OLANG; source_objects=38; review_flag=WEB_TRANSLATED_PENDING_CODEX_CHECK
5D81443C,188,408,408;408;408;408;408;408;408;408;408;408;408;408;408;408;408;408;408;408;408;408;408;408;408;408;408;408;408;408;408;408;408;408;408;408;408;408;408;408,38,,page76:tag17:entity120:key00003B60:ref408:ord0;page82:tag8:entity120:key00003B60:ref408:ord0;page88:tag13:entity120:key00003B60:ref408:ord0;page94:tag13:entity120:key00003B60:ref408:ord0;page100:tag12:entity120:key00003B60:ref408:ord0;page106:tag11:entity120:key00003B60:ref408:ord0;page112:tag10:entity120:key00003B60:ref408:ord0;page118:tag12:entity120:key00003B60:ref408:ord0;page124:tag10:entity120:key00003B60:ref408:ord0;page130:tag12:entity120:key00003B60:ref408:ord0;page136:tag11:entity120:key00003B60:ref408:ord0;page142:tag11:entity120:key00003B60:ref408:ord0;page148:tag10:entity120:key00003B60:ref408:ord0;page154:tag11:entity120:key00003B60:ref408:ord0;page160:tag10:entity120:key00003B60:ref408:ord0;page166:tag10:entity120:key00003B60:ref408:ord0;page172:tag12:entity120:key00003B60:ref408:ord0;page178:tag10:entity120:key00003B60:ref408:ord0;page184:tag10:entity120:key00003B60:ref408:ord0;page202:tag10:entity120:key00003B60:ref408:ord0;page208:tag10:entity120:key00003B60:ref408:ord0;page214:tag11:entity120:key00003B60:ref408:ord0;page220:tag13:entity120:key00003B60:ref408:ord0;page226:tag10:entity120:key00003B60:ref408:ord0;page232:tag12:entity120:key00003B60:ref408:ord0;page244:tag10:entity120:key00003B60:ref408:ord0;page250:tag13:entity120:key00003B60:ref408:ord0;page268:tag10:entity120:key00003B60:ref408:ord0;page274:tag10:entity120:key00003B60:ref408:ord0;page280:tag11:entity120:key00003B60:ref408:ord0;page286:tag11:entity120:key00003B60:ref408:ord0;page298:tag12:entity120:key00003B60:ref408:ord0;page304:tag10:entity120:key00003B60:ref408:ord0;page310:tag12:entity120:key00003B60:ref408:ord0;page316:tag10:entity120:key00003B60:ref408:ord0;page328:tag10:entity120:key00003B60:ref408:ord0;page334:tag13:entity120:key00003B60:ref408:ord0;page340:tag13:entity120:key00003B60:ref408:ord0,"スネーク・インすると
カムフラ率が高い方の仲間に合う…","CO-OPインすると
武器や装備品の貸し借りができる…",殺すと…アイテムはとれない…,,"CO-OP In后
可以互相借用武器和装备品…",,MATCH,69,51,APPROVED,READY,NOT_TESTED,JPN_PRIMARY; MLG_CN_CONTEXT_AUXILIARY,mechanical template; resource_class=SLOT_OLANG; source_objects=38; review_flag=WEB_TRANSLATED_PENDING_CODEX_CHECK
5D81443C,189,410,410;410;410;410;410;410;410;410;410;410;410;410;410;410;410;410;410;410;410;410;410;410;410;410;410;410;410;410;410;410;410;410;410;410;410;410;410;410,38,,page76:tag17:entity119:key00003AFC:ref410:ord0;page82:tag8:entity119:key00003AFC:ref410:ord0;page88:tag13:entity119:key00003AFC:ref410:ord0;page94:tag13:entity119:key00003AFC:ref410:ord0;page100:tag12:entity119:key00003AFC:ref410:ord0;page106:tag11:entity119:key00003AFC:ref410:ord0;page112:tag10:entity119:key00003AFC:ref410:ord0;page118:tag12:entity119:key00003AFC:ref410:ord0;page124:tag10:entity119:key00003AFC:ref410:ord0;page130:tag12:entity119:key00003AFC:ref410:ord0;page136:tag11:entity119:key00003AFC:ref410:ord0;page142:tag11:entity119:key00003AFC:ref410:ord0;page148:tag10:entity119:key00003AFC:ref410:ord0;page154:tag11:entity119:key00003AFC:ref410:ord0;page160:tag10:entity119:key00003AFC:ref410:ord0;page166:tag10:entity119:key00003AFC:ref410:ord0;page172:tag12:entity119:key00003AFC:ref410:ord0;page178:tag10:entity119:key00003AFC:ref410:ord0;page184:tag10:entity119:key00003AFC:ref410:ord0;page202:tag10:entity119:key00003AFC:ref410:ord0;page208:tag10:entity119:key00003AFC:ref410:ord0;page214:tag11:entity119:key00003AFC:ref410:ord0;page220:tag13:entity119:key00003AFC:ref410:ord0;page226:tag10:entity119:key00003AFC:ref410:ord0;page232:tag12:entity119:key00003AFC:ref410:ord0;page244:tag10:entity119:key00003AFC:ref410:ord0;page250:tag13:entity119:key00003AFC:ref410:ord0;page268:tag10:entity119:key00003AFC:ref410:ord0;page274:tag10:entity119:key00003AFC:ref410:ord0;page280:tag11:entity119:key00003AFC:ref410:ord0;page286:tag11:entity119:key00003AFC:ref410:ord0;page298:tag12:entity119:key00003AFC:ref410:ord0;page304:tag10:entity119:key00003AFC:ref410:ord0;page310:tag12:entity119:key00003AFC:ref410:ord0;page316:tag10:entity119:key00003AFC:ref410:ord0;page328:tag10:entity119:key00003AFC:ref410:ord0;page334:tag13:entity119:key00003AFC:ref410:ord0;page340:tag13:entity119:key00003AFC:ref410:ord0,"CO-OPインすると
武器や装備品の貸し借りができる…",殺すと…アイテムはとれない…,…北にいる,,杀掉的话…就拿不到道具…,,MATCH,42,36,APPROVED,READY,NOT_TESTED,JPN_PRIMARY; MLG_CN_CONTEXT_AUXILIARY,mechanical template; resource_class=SLOT_OLANG; source_objects=38; review_flag=WEB_TRANSLATED_PENDING_CODEX_CHECK
5D81443C,190,412,412;412;412;412;412;412;412;412;412;412;412;412;412;412;412;412;412;412;412;412;412;412;412;412;412;412;412;412;412;412;412;412;412;412;412;412;412;412,38,,page76:tag17:entity14:key000005DC:ref412:ord0;page82:tag8:entity14:key000005DC:ref412:ord0;page88:tag13:entity14:key000005DC:ref412:ord0;page94:tag13:entity14:key000005DC:ref412:ord0;page100:tag12:entity14:key000005DC:ref412:ord0;page106:tag11:entity14:key000005DC:ref412:ord0;page112:tag10:entity14:key000005DC:ref412:ord0;page118:tag12:entity14:key000005DC:ref412:ord0;page124:tag10:entity14:key000005DC:ref412:ord0;page130:tag12:entity14:key000005DC:ref412:ord0;page136:tag11:entity14:key000005DC:ref412:ord0;page142:tag11:entity14:key000005DC:ref412:ord0;page148:tag10:entity14:key000005DC:ref412:ord0;page154:tag11:entity14:key000005DC:ref412:ord0;page160:tag10:entity14:key000005DC:ref412:ord0;page166:tag10:entity14:key000005DC:ref412:ord0;page172:tag12:entity14:key000005DC:ref412:ord0;page178:tag10:entity14:key000005DC:ref412:ord0;page184:tag10:entity14:key000005DC:ref412:ord0;page202:tag10:entity14:key000005DC:ref412:ord0;page208:tag10:entity14:key000005DC:ref412:ord0;page214:tag11:entity14:key000005DC:ref412:ord0;page220:tag13:entity14:key000005DC:ref412:ord0;page226:tag10:entity14:key000005DC:ref412:ord0;page232:tag12:entity14:key000005DC:ref412:ord0;page244:tag10:entity14:key000005DC:ref412:ord0;page250:tag13:entity14:key000005DC:ref412:ord0;page268:tag10:entity14:key000005DC:ref412:ord0;page274:tag10:entity14:key000005DC:ref412:ord0;page280:tag11:entity14:key000005DC:ref412:ord0;page286:tag11:entity14:key000005DC:ref412:ord0;page298:tag12:entity14:key000005DC:ref412:ord0;page304:tag10:entity14:key000005DC:ref412:ord0;page310:tag12:entity14:key000005DC:ref412:ord0;page316:tag10:entity14:key000005DC:ref412:ord0;page328:tag10:entity14:key000005DC:ref412:ord0;page334:tag13:entity14:key000005DC:ref412:ord0;page340:tag13:entity14:key000005DC:ref412:ord0,殺すと…アイテムはとれない…,…北にいる,まあ聞け『知識は場所をとらない』,,…在北边,,MATCH,15,12,APPROVED,READY,NOT_TESTED,JPN_PRIMARY; MLG_CN_CONTEXT_AUXILIARY,mechanical template; resource_class=SLOT_OLANG; source_objects=38; review_flag=WEB_TRANSLATED_PENDING_CODEX_CHECK
5D81443C,191,414,414;414;414;414;414;414;414;414;414;414;414;414;414;414;414;414;414;414;414;414;414;414;414;414;414;414;414;414;414;414;414;414;414;414;414;414;414;414,38,,page76:tag17:entity118:key00003A34:ref414:ord0;page82:tag8:entity118:key00003A34:ref414:ord0;page88:tag13:entity118:key00003A34:ref414:ord0;page94:tag13:entity118:key00003A34:ref414:ord0;page100:tag12:entity118:key00003A34:ref414:ord0;page106:tag11:entity118:key00003A34:ref414:ord0;page112:tag10:entity118:key00003A34:ref414:ord0;page118:tag12:entity118:key00003A34:ref414:ord0;page124:tag10:entity118:key00003A34:ref414:ord0;page130:tag12:entity118:key00003A34:ref414:ord0;page136:tag11:entity118:key00003A34:ref414:ord0;page142:tag11:entity118:key00003A34:ref414:ord0;page148:tag10:entity118:key00003A34:ref414:ord0;page154:tag11:entity118:key00003A34:ref414:ord0;page160:tag10:entity118:key00003A34:ref414:ord0;page166:tag10:entity118:key00003A34:ref414:ord0;page172:tag12:entity118:key00003A34:ref414:ord0;page178:tag10:entity118:key00003A34:ref414:ord0;page184:tag10:entity118:key00003A34:ref414:ord0;page202:tag10:entity118:key00003A34:ref414:ord0;page208:tag10:entity118:key00003A34:ref414:ord0;page214:tag11:entity118:key00003A34:ref414:ord0;page220:tag13:entity118:key00003A34:ref414:ord0;page226:tag10:entity118:key00003A34:ref414:ord0;page232:tag12:entity118:key00003A34:ref414:ord0;page244:tag10:entity118:key00003A34:ref414:ord0;page250:tag13:entity118:key00003A34:ref414:ord0;page268:tag10:entity118:key00003A34:ref414:ord0;page274:tag10:entity118:key00003A34:ref414:ord0;page280:tag11:entity118:key00003A34:ref414:ord0;page286:tag11:entity118:key00003A34:ref414:ord0;page298:tag12:entity118:key00003A34:ref414:ord0;page304:tag10:entity118:key00003A34:ref414:ord0;page310:tag12:entity118:key00003A34:ref414:ord0;page316:tag10:entity118:key00003A34:ref414:ord0;page328:tag10:entity118:key00003A34:ref414:ord0;page334:tag13:entity118:key00003A34:ref414:ord0;page340:tag13:entity118:key00003A34:ref414:ord0,…北にいる,まあ聞け『知識は場所をとらない』,えっ？…ち、違うのでは…,,听好了 『知识不占地方』,,MATCH,48,34,APPROVED,READY,NOT_TESTED,JPN_PRIMARY; MLG_CN_CONTEXT_AUXILIARY,mechanical template; resource_class=SLOT_OLANG; source_objects=38; review_flag=WEB_TRANSLATED_PENDING_CODEX_CHECK
5D81443C,192,416,416;416;416;416;416;416;416;416;416;416;416;416;416;416;416;416;416;416;416;416;416;416;416;416;416;416;416;416;416;416;416;416;416;416;416;416;416;416,38,,page76:tag17:entity117:key0000396C:ref416:ord0;page82:tag8:entity117:key0000396C:ref416:ord0;page88:tag13:entity117:key0000396C:ref416:ord0;page94:tag13:entity117:key0000396C:ref416:ord0;page100:tag12:entity117:key0000396C:ref416:ord0;page106:tag11:entity117:key0000396C:ref416:ord0;page112:tag10:entity117:key0000396C:ref416:ord0;page118:tag12:entity117:key0000396C:ref416:ord0;page124:tag10:entity117:key0000396C:ref416:ord0;page130:tag12:entity117:key0000396C:ref416:ord0;page136:tag11:entity117:key0000396C:ref416:ord0;page142:tag11:entity117:key0000396C:ref416:ord0;page148:tag10:entity117:key0000396C:ref416:ord0;page154:tag11:entity117:key0000396C:ref416:ord0;page160:tag10:entity117:key0000396C:ref416:ord0;page166:tag10:entity117:key0000396C:ref416:ord0;page172:tag12:entity117:key0000396C:ref416:ord0;page178:tag10:entity117:key0000396C:ref416:ord0;page184:tag10:entity117:key0000396C:ref416:ord0;page202:tag10:entity117:key0000396C:ref416:ord0;page208:tag10:entity117:key0000396C:ref416:ord0;page214:tag11:entity117:key0000396C:ref416:ord0;page220:tag13:entity117:key0000396C:ref416:ord0;page226:tag10:entity117:key0000396C:ref416:ord0;page232:tag12:entity117:key0000396C:ref416:ord0;page244:tag10:entity117:key0000396C:ref416:ord0;page250:tag13:entity117:key0000396C:ref416:ord0;page268:tag10:entity117:key0000396C:ref416:ord0;page274:tag10:entity117:key0000396C:ref416:ord0;page280:tag11:entity117:key0000396C:ref416:ord0;page286:tag11:entity117:key0000396C:ref416:ord0;page298:tag12:entity117:key0000396C:ref416:ord0;page304:tag10:entity117:key0000396C:ref416:ord0;page310:tag12:entity117:key0000396C:ref416:ord0;page316:tag10:entity117:key0000396C:ref416:ord0;page328:tag10:entity117:key0000396C:ref416:ord0;page334:tag13:entity117:key0000396C:ref416:ord0;page340:tag13:entity117:key0000396C:ref416:ord0,まあ聞け『知識は場所をとらない』,えっ？…ち、違うのでは…,あんたの好きにしろよ,,诶？…不、不是这样吧…,,MATCH,36,33,APPROVED,READY,NOT_TESTED,JPN_PRIMARY; MLG_CN_CONTEXT_AUXILIARY,mechanical template; resource_class=SLOT_OLANG; source_objects=38; review_flag=WEB_TRANSLATED_PENDING_CODEX_CHECK
5D81443C,193,418,418;418;418;418;418;418;418;418;418;418;418;418;418;418;418;418;418;418;418;418;418;418;418;418;418;418;418;418;418;418;418;418;418;418;418;418;418;418,38,,page76:tag17:entity116:key00003908:ref418:ord0;page82:tag8:entity116:key00003908:ref418:ord0;page88:tag13:entity116:key00003908:ref418:ord0;page94:tag13:entity116:key00003908:ref418:ord0;page100:tag12:entity116:key00003908:ref418:ord0;page106:tag11:entity116:key00003908:ref418:ord0;page112:tag10:entity116:key00003908:ref418:ord0;page118:tag12:entity116:key00003908:ref418:ord0;page124:tag10:entity116:key00003908:ref418:ord0;page130:tag12:entity116:key00003908:ref418:ord0;page136:tag11:entity116:key00003908:ref418:ord0;page142:tag11:entity116:key00003908:ref418:ord0;page148:tag10:entity116:key00003908:ref418:ord0;page154:tag11:entity116:key00003908:ref418:ord0;page160:tag10:entity116:key00003908:ref418:ord0;page166:tag10:entity116:key00003908:ref418:ord0;page172:tag12:entity116:key00003908:ref418:ord0;page178:tag10:entity116:key00003908:ref418:ord0;page184:tag10:entity116:key00003908:ref418:ord0;page202:tag10:entity116:key00003908:ref418:ord0;page208:tag10:entity116:key00003908:ref418:ord0;page214:tag11:entity116:key00003908:ref418:ord0;page220:tag13:entity116:key00003908:ref418:ord0;page226:tag10:entity116:key00003908:ref418:ord0;page232:tag12:entity116:key00003908:ref418:ord0;page244:tag10:entity116:key00003908:ref418:ord0;page250:tag13:entity116:key00003908:ref418:ord0;page268:tag10:entity116:key00003908:ref418:ord0;page274:tag10:entity116:key00003908:ref418:ord0;page280:tag11:entity116:key00003908:ref418:ord0;page286:tag11:entity116:key00003908:ref418:ord0;page298:tag12:entity116:key00003908:ref418:ord0;page304:tag10:entity116:key00003908:ref418:ord0;page310:tag12:entity116:key00003908:ref418:ord0;page316:tag10:entity116:key00003908:ref418:ord0;page328:tag10:entity116:key00003908:ref418:ord0;page334:tag13:entity116:key00003908:ref418:ord0;page340:tag13:entity116:key00003908:ref418:ord0,えっ？…ち、違うのでは…,あんたの好きにしろよ,俺は銃の機能美にひかれるんだ,,随你便吧,,MATCH,30,12,APPROVED,READY,NOT_TESTED,JPN_PRIMARY; MLG_CN_CONTEXT_AUXILIARY,mechanical template; resource_class=SLOT_OLANG; source_objects=38; review_flag=WEB_TRANSLATED_PENDING_CODEX_CHECK
5D81443C,194,420,420;420;420;420;420;420;420;420;420;420;420;420;420;420;420;420;420;420;420;420;420;420;420;420;420;420;420;420;420;420;420;420;420;420;420;420;420;420,38,,page76:tag17:entity115:key000037DC:ref420:ord0;page82:tag8:entity115:key000037DC:ref420:ord0;page88:tag13:entity115:key000037DC:ref420:ord0;page94:tag13:entity115:key000037DC:ref420:ord0;page100:tag12:entity115:key000037DC:ref420:ord0;page106:tag11:entity115:key000037DC:ref420:ord0;page112:tag10:entity115:key000037DC:ref420:ord0;page118:tag12:entity115:key000037DC:ref420:ord0;page124:tag10:entity115:key000037DC:ref420:ord0;page130:tag12:entity115:key000037DC:ref420:ord0;page136:tag11:entity115:key000037DC:ref420:ord0;page142:tag11:entity115:key000037DC:ref420:ord0;page148:tag10:entity115:key000037DC:ref420:ord0;page154:tag11:entity115:key000037DC:ref420:ord0;page160:tag10:entity115:key000037DC:ref420:ord0;page166:tag10:entity115:key000037DC:ref420:ord0;page172:tag12:entity115:key000037DC:ref420:ord0;page178:tag10:entity115:key000037DC:ref420:ord0;page184:tag10:entity115:key000037DC:ref420:ord0;page202:tag10:entity115:key000037DC:ref420:ord0;page208:tag10:entity115:key000037DC:ref420:ord0;page214:tag11:entity115:key000037DC:ref420:ord0;page220:tag13:entity115:key000037DC:ref420:ord0;page226:tag10:entity115:key000037DC:ref420:ord0;page232:tag12:entity115:key000037DC:ref420:ord0;page244:tag10:entity115:key000037DC:ref420:ord0;page250:tag13:entity115:key000037DC:ref420:ord0;page268:tag10:entity115:key000037DC:ref420:ord0;page274:tag10:entity115:key000037DC:ref420:ord0;page280:tag11:entity115:key000037DC:ref420:ord0;page286:tag11:entity115:key000037DC:ref420:ord0;page298:tag12:entity115:key000037DC:ref420:ord0;page304:tag10:entity115:key000037DC:ref420:ord0;page310:tag12:entity115:key000037DC:ref420:ord0;page316:tag10:entity115:key000037DC:ref420:ord0;page328:tag10:entity115:key000037DC:ref420:ord0;page334:tag13:entity115:key000037DC:ref420:ord0;page340:tag13:entity115:key000037DC:ref420:ord0,あんたの好きにしろよ,俺は銃の機能美にひかれるんだ,こ…こんなところで…何を考えてる…！,,我被枪械的功能美所吸引,,MATCH,42,33,APPROVED,READY,NOT_TESTED,JPN_PRIMARY; MLG_CN_CONTEXT_AUXILIARY,mechanical template; resource_class=SLOT_OLANG; source_objects=38; review_flag=WEB_TRANSLATED_PENDING_CODEX_CHECK
5D81443C,195,422,422;422;422;422;422;422;422;422;422;422;422;422;422;422;422;422;422;422;422;422;422;422;422;422;422;422;422;422;422;422;422;422;422;422;422;422;422;422,38,,page76:tag17:entity114:key00003778:ref422:ord0;page82:tag8:entity114:key00003778:ref422:ord0;page88:tag13:entity114:key00003778:ref422:ord0;page94:tag13:entity114:key00003778:ref422:ord0;page100:tag12:entity114:key00003778:ref422:ord0;page106:tag11:entity114:key00003778:ref422:ord0;page112:tag10:entity114:key00003778:ref422:ord0;page118:tag12:entity114:key00003778:ref422:ord0;page124:tag10:entity114:key00003778:ref422:ord0;page130:tag12:entity114:key00003778:ref422:ord0;page136:tag11:entity114:key00003778:ref422:ord0;page142:tag11:entity114:key00003778:ref422:ord0;page148:tag10:entity114:key00003778:ref422:ord0;page154:tag11:entity114:key00003778:ref422:ord0;page160:tag10:entity114:key00003778:ref422:ord0;page166:tag10:entity114:key00003778:ref422:ord0;page172:tag12:entity114:key00003778:ref422:ord0;page178:tag10:entity114:key00003778:ref422:ord0;page184:tag10:entity114:key00003778:ref422:ord0;page202:tag10:entity114:key00003778:ref422:ord0;page208:tag10:entity114:key00003778:ref422:ord0;page214:tag11:entity114:key00003778:ref422:ord0;page220:tag13:entity114:key00003778:ref422:ord0;page226:tag10:entity114:key00003778:ref422:ord0;page232:tag12:entity114:key00003778:ref422:ord0;page244:tag10:entity114:key00003778:ref422:ord0;page250:tag13:entity114:key00003778:ref422:ord0;page268:tag10:entity114:key00003778:ref422:ord0;page274:tag10:entity114:key00003778:ref422:ord0;page280:tag11:entity114:key00003778:ref422:ord0;page286:tag11:entity114:key00003778:ref422:ord0;page298:tag12:entity114:key00003778:ref422:ord0;page304:tag10:entity114:key00003778:ref422:ord0;page310:tag12:entity114:key00003778:ref422:ord0;page316:tag10:entity114:key00003778:ref422:ord0;page328:tag10:entity114:key00003778:ref422:ord0;page334:tag13:entity114:key00003778:ref422:ord0;page340:tag13:entity114:key00003778:ref422:ord0,俺は銃の機能美にひかれるんだ,こ…こんなところで…何を考えてる…！,お…俺はあんたの味方だ！ な！ ,,这、这种时候…你在想什么…！,,MATCH,54,42,APPROVED,READY,NOT_TESTED,JPN_PRIMARY; MLG_CN_CONTEXT_AUXILIARY,mechanical template; resource_class=SLOT_OLANG; source_objects=38; review_flag=WEB_TRANSLATED_PENDING_CODEX_CHECK
5D81443C,196,424,424;424;424;424;424;424;424;424;424;424;424;424;424;424;424;424;424;424;424;424;424;424;424;424;424;424;424;424;424;424;424;424;424;424;424;424;424;424,38,,page76:tag17:entity113:key00003714:ref424:ord0;page82:tag8:entity113:key00003714:ref424:ord0;page88:tag13:entity113:key00003714:ref424:ord0;page94:tag13:entity113:key00003714:ref424:ord0;page100:tag12:entity113:key00003714:ref424:ord0;page106:tag11:entity113:key00003714:ref424:ord0;page112:tag10:entity113:key00003714:ref424:ord0;page118:tag12:entity113:key00003714:ref424:ord0;page124:tag10:entity113:key00003714:ref424:ord0;page130:tag12:entity113:key00003714:ref424:ord0;page136:tag11:entity113:key00003714:ref424:ord0;page142:tag11:entity113:key00003714:ref424:ord0;page148:tag10:entity113:key00003714:ref424:ord0;page154:tag11:entity113:key00003714:ref424:ord0;page160:tag10:entity113:key00003714:ref424:ord0;page166:tag10:entity113:key00003714:ref424:ord0;page172:tag12:entity113:key00003714:ref424:ord0;page178:tag10:entity113:key00003714:ref424:ord0;page184:tag10:entity113:key00003714:ref424:ord0;page202:tag10:entity113:key00003714:ref424:ord0;page208:tag10:entity113:key00003714:ref424:ord0;page214:tag11:entity113:key00003714:ref424:ord0;page220:tag13:entity113:key00003714:ref424:ord0;page226:tag10:entity113:key00003714:ref424:ord0;page232:tag12:entity113:key00003714:ref424:ord0;page244:tag10:entity113:key00003714:ref424:ord0;page250:tag13:entity113:key00003714:ref424:ord0;page268:tag10:entity113:key00003714:ref424:ord0;page274:tag10:entity113:key00003714:ref424:ord0;page280:tag11:entity113:key00003714:ref424:ord0;page286:tag11:entity113:key00003714:ref424:ord0;page298:tag12:entity113:key00003714:ref424:ord0;page304:tag10:entity113:key00003714:ref424:ord0;page310:tag12:entity113:key00003714:ref424:ord0;page316:tag10:entity113:key00003714:ref424:ord0;page328:tag10:entity113:key00003714:ref424:ord0;page334:tag13:entity113:key00003714:ref424:ord0;page340:tag13:entity113:key00003714:ref424:ord0,こ…こんなところで…何を考えてる…！,お…俺はあんたの味方だ！ な！ ,スキルの高い兵士は…,,我、我是站你这边的！ 对吧！ ,,MATCH,44,41,APPROVED,READY,NOT_TESTED,JPN_PRIMARY; MLG_CN_CONTEXT_AUXILIARY,mechanical template; resource_class=SLOT_OLANG; source_objects=38; review_flag=WEB_TRANSLATED_PENDING_CODEX_CHECK
5D81443C,197,426,426;426;426;426;426;426;426;426;426;426;426;426;426;426;426;426;426;426;426;426;426;426;426;426;426;426;426;426;426;426;426;426;426;426;426;426;426;426,38,,page76:tag17:entity13:key00000578:ref426:ord0;page82:tag8:entity13:key00000578:ref426:ord0;page88:tag13:entity13:key00000578:ref426:ord0;page94:tag13:entity13:key00000578:ref426:ord0;page100:tag12:entity13:key00000578:ref426:ord0;page106:tag11:entity13:key00000578:ref426:ord0;page112:tag10:entity13:key00000578:ref426:ord0;page118:tag12:entity13:key00000578:ref426:ord0;page124:tag10:entity13:key00000578:ref426:ord0;page130:tag12:entity13:key00000578:ref426:ord0;page136:tag11:entity13:key00000578:ref426:ord0;page142:tag11:entity13:key00000578:ref426:ord0;page148:tag10:entity13:key00000578:ref426:ord0;page154:tag11:entity13:key00000578:ref426:ord0;page160:tag10:entity13:key00000578:ref426:ord0;page166:tag10:entity13:key00000578:ref426:ord0;page172:tag12:entity13:key00000578:ref426:ord0;page178:tag10:entity13:key00000578:ref426:ord0;page184:tag10:entity13:key00000578:ref426:ord0;page202:tag10:entity13:key00000578:ref426:ord0;page208:tag10:entity13:key00000578:ref426:ord0;page214:tag11:entity13:key00000578:ref426:ord0;page220:tag13:entity13:key00000578:ref426:ord0;page226:tag10:entity13:key00000578:ref426:ord0;page232:tag12:entity13:key00000578:ref426:ord0;page244:tag10:entity13:key00000578:ref426:ord0;page250:tag13:entity13:key00000578:ref426:ord0;page268:tag10:entity13:key00000578:ref426:ord0;page274:tag10:entity13:key00000578:ref426:ord0;page280:tag11:entity13:key00000578:ref426:ord0;page286:tag11:entity13:key00000578:ref426:ord0;page298:tag12:entity13:key00000578:ref426:ord0;page304:tag10:entity13:key00000578:ref426:ord0;page310:tag12:entity13:key00000578:ref426:ord0;page316:tag10:entity13:key00000578:ref426:ord0;page328:tag10:entity13:key00000578:ref426:ord0;page334:tag13:entity13:key00000578:ref426:ord0;page340:tag13:entity13:key00000578:ref426:ord0,お…俺はあんたの味方だ！ な！ ,スキルの高い兵士は…,こら…そんなところ…さわるな！ ,,技能高的士兵…,,MATCH,30,21,APPROVED,READY,NOT_TESTED,JPN_PRIMARY; MLG_CN_CONTEXT_AUXILIARY,mechanical template; resource_class=SLOT_OLANG; source_objects=38; review_flag=WEB_TRANSLATED_PENDING_CODEX_CHECK
5D81443C,198,428,428;428;428;428;428;428;428;428;428;428;428;428;428;428;428;428;428;428;428;428;428;428;428;428;428;428;428;428;428;428;428;428;428;428;428;428;428;428,38,,page76:tag17:entity112:key0000364C:ref428:ord0;page82:tag8:entity112:key0000364C:ref428:ord0;page88:tag13:entity112:key0000364C:ref428:ord0;page94:tag13:entity112:key0000364C:ref428:ord0;page100:tag12:entity112:key0000364C:ref428:ord0;page106:tag11:entity112:key0000364C:ref428:ord0;page112:tag10:entity112:key0000364C:ref428:ord0;page118:tag12:entity112:key0000364C:ref428:ord0;page124:tag10:entity112:key0000364C:ref428:ord0;page130:tag12:entity112:key0000364C:ref428:ord0;page136:tag11:entity112:key0000364C:ref428:ord0;page142:tag11:entity112:key0000364C:ref428:ord0;page148:tag10:entity112:key0000364C:ref428:ord0;page154:tag11:entity112:key0000364C:ref428:ord0;page160:tag10:entity112:key0000364C:ref428:ord0;page166:tag10:entity112:key0000364C:ref428:ord0;page172:tag12:entity112:key0000364C:ref428:ord0;page178:tag10:entity112:key0000364C:ref428:ord0;page184:tag10:entity112:key0000364C:ref428:ord0;page202:tag10:entity112:key0000364C:ref428:ord0;page208:tag10:entity112:key0000364C:ref428:ord0;page214:tag11:entity112:key0000364C:ref428:ord0;page220:tag13:entity112:key0000364C:ref428:ord0;page226:tag10:entity112:key0000364C:ref428:ord0;page232:tag12:entity112:key0000364C:ref428:ord0;page244:tag10:entity112:key0000364C:ref428:ord0;page250:tag13:entity112:key0000364C:ref428:ord0;page268:tag10:entity112:key0000364C:ref428:ord0;page274:tag10:entity112:key0000364C:ref428:ord0;page280:tag11:entity112:key0000364C:ref428:ord0;page286:tag11:entity112:key0000364C:ref428:ord0;page298:tag12:entity112:key0000364C:ref428:ord0;page304:tag10:entity112:key0000364C:ref428:ord0;page310:tag12:entity112:key0000364C:ref428:ord0;page316:tag10:entity112:key0000364C:ref428:ord0;page328:tag10:entity112:key0000364C:ref428:ord0;page334:tag13:entity112:key0000364C:ref428:ord0;page340:tag13:entity112:key0000364C:ref428:ord0,スキルの高い兵士は…,こら…そんなところ…さわるな！ ,どこさわってる！,,喂…别碰那种地方…！ ,,MATCH,46,31,APPROVED,READY,NOT_TESTED,JPN_PRIMARY; MLG_CN_CONTEXT_AUXILIARY,mechanical template; resource_class=SLOT_OLANG; source_objects=38; review_flag=WEB_TRANSLATED_PENDING_CODEX_CHECK
5D81443C,199,430,430;430;430;430;430;430;430;430;430;430;430;430;430;430;430;430;430;430;430;430;430;430;430;430;430;430;430;430;430;430;430;430;430;430;430;430;430;430,38,,page76:tag17:entity111:key000035E8:ref430:ord0;page82:tag8:entity111:key000035E8:ref430:ord0;page88:tag13:entity111:key000035E8:ref430:ord0;page94:tag13:entity111:key000035E8:ref430:ord0;page100:tag12:entity111:key000035E8:ref430:ord0;page106:tag11:entity111:key000035E8:ref430:ord0;page112:tag10:entity111:key000035E8:ref430:ord0;page118:tag12:entity111:key000035E8:ref430:ord0;page124:tag10:entity111:key000035E8:ref430:ord0;page130:tag12:entity111:key000035E8:ref430:ord0;page136:tag11:entity111:key000035E8:ref430:ord0;page142:tag11:entity111:key000035E8:ref430:ord0;page148:tag10:entity111:key000035E8:ref430:ord0;page154:tag11:entity111:key000035E8:ref430:ord0;page160:tag10:entity111:key000035E8:ref430:ord0;page166:tag10:entity111:key000035E8:ref430:ord0;page172:tag12:entity111:key000035E8:ref430:ord0;page178:tag10:entity111:key000035E8:ref430:ord0;page184:tag10:entity111:key000035E8:ref430:ord0;page202:tag10:entity111:key000035E8:ref430:ord0;page208:tag10:entity111:key000035E8:ref430:ord0;page214:tag11:entity111:key000035E8:ref430:ord0;page220:tag13:entity111:key000035E8:ref430:ord0;page226:tag10:entity111:key000035E8:ref430:ord0;page232:tag12:entity111:key000035E8:ref430:ord0;page244:tag10:entity111:key000035E8:ref430:ord0;page250:tag13:entity111:key000035E8:ref430:ord0;page268:tag10:entity111:key000035E8:ref430:ord0;page274:tag10:entity111:key000035E8:ref430:ord0;page280:tag11:entity111:key000035E8:ref430:ord0;page286:tag11:entity111:key000035E8:ref430:ord0;page298:tag12:entity111:key000035E8:ref430:ord0;page304:tag10:entity111:key000035E8:ref430:ord0;page310:tag12:entity111:key000035E8:ref430:ord0;page316:tag10:entity111:key000035E8:ref430:ord0;page328:tag10:entity111:key000035E8:ref430:ord0;page334:tag13:entity111:key000035E8:ref430:ord0;page340:tag13:entity111:key000035E8:ref430:ord0,こら…そんなところ…さわるな！ ,どこさわってる！,これもまた運命…か,,你在摸哪里！,,MATCH,24,18,APPROVED,READY,NOT_TESTED,JPN_PRIMARY; MLG_CN_CONTEXT_AUXILIARY,mechanical template; resource_class=SLOT_OLANG; source_objects=38; review_flag=WEB_TRANSLATED_PENDING_CODEX_CHECK
5D81443C,200,432,432;432;432;432;432;432;432;432;432;432;432;432;432;432;432;432;432;432;432;432;432;432;432;432;432;432;432;432;432;432;432;432;432;432;432;432;432;432,38,,page76:tag17:entity110:key00003520:ref432:ord0;page82:tag8:entity110:key00003520:ref432:ord0;page88:tag13:entity110:key00003520:ref432:ord0;page94:tag13:entity110:key00003520:ref432:ord0;page100:tag12:entity110:key00003520:ref432:ord0;page106:tag11:entity110:key00003520:ref432:ord0;page112:tag10:entity110:key00003520:ref432:ord0;page118:tag12:entity110:key00003520:ref432:ord0;page124:tag10:entity110:key00003520:ref432:ord0;page130:tag12:entity110:key00003520:ref432:ord0;page136:tag11:entity110:key00003520:ref432:ord0;page142:tag11:entity110:key00003520:ref432:ord0;page148:tag10:entity110:key00003520:ref432:ord0;page154:tag11:entity110:key00003520:ref432:ord0;page160:tag10:entity110:key00003520:ref432:ord0;page166:tag10:entity110:key00003520:ref432:ord0;page172:tag12:entity110:key00003520:ref432:ord0;page178:tag10:entity110:key00003520:ref432:ord0;page184:tag10:entity110:key00003520:ref432:ord0;page202:tag10:entity110:key00003520:ref432:ord0;page208:tag10:entity110:key00003520:ref432:ord0;page214:tag11:entity110:key00003520:ref432:ord0;page220:tag13:entity110:key00003520:ref432:ord0;page226:tag10:entity110:key00003520:ref432:ord0;page232:tag12:entity110:key00003520:ref432:ord0;page244:tag10:entity110:key00003520:ref432:ord0;page250:tag13:entity110:key00003520:ref432:ord0;page268:tag10:entity110:key00003520:ref432:ord0;page274:tag10:entity110:key00003520:ref432:ord0;page280:tag11:entity110:key00003520:ref432:ord0;page286:tag11:entity110:key00003520:ref432:ord0;page298:tag12:entity110:key00003520:ref432:ord0;page304:tag10:entity110:key00003520:ref432:ord0;page310:tag12:entity110:key00003520:ref432:ord0;page316:tag10:entity110:key00003520:ref432:ord0;page328:tag10:entity110:key00003520:ref432:ord0;page334:tag13:entity110:key00003520:ref432:ord0;page340:tag13:entity110:key00003520:ref432:ord0,どこさわってる！,これもまた運命…か,こういう形であなたに会うなんて…,,这也是命运…吗,,MATCH,27,21,APPROVED,READY,NOT_TESTED,JPN_PRIMARY; MLG_CN_CONTEXT_AUXILIARY,mechanical template; resource_class=SLOT_OLANG; source_objects=38; review_flag=WEB_TRANSLATED_PENDING_CODEX_CHECK
5D81443C,201,434,434;434;434;434;434;434;434;434;434;434;434;434;434;434;434;434;434;434;434;434;434;434;434;434;434;434;434;434;434;434;434;434;434;434;434;434;434;434,38,,page76:tag17:entity109:key000034BC:ref434:ord0;page82:tag8:entity109:key000034BC:ref434:ord0;page88:tag13:entity109:key000034BC:ref434:ord0;page94:tag13:entity109:key000034BC:ref434:ord0;page100:tag12:entity109:key000034BC:ref434:ord0;page106:tag11:entity109:key000034BC:ref434:ord0;page112:tag10:entity109:key000034BC:ref434:ord0;page118:tag12:entity109:key000034BC:ref434:ord0;page124:tag10:entity109:key000034BC:ref434:ord0;page130:tag12:entity109:key000034BC:ref434:ord0;page136:tag11:entity109:key000034BC:ref434:ord0;page142:tag11:entity109:key000034BC:ref434:ord0;page148:tag10:entity109:key000034BC:ref434:ord0;page154:tag11:entity109:key000034BC:ref434:ord0;page160:tag10:entity109:key000034BC:ref434:ord0;page166:tag10:entity109:key000034BC:ref434:ord0;page172:tag12:entity109:key000034BC:ref434:ord0;page178:tag10:entity109:key000034BC:ref434:ord0;page184:tag10:entity109:key000034BC:ref434:ord0;page202:tag10:entity109:key000034BC:ref434:ord0;page208:tag10:entity109:key000034BC:ref434:ord0;page214:tag11:entity109:key000034BC:ref434:ord0;page220:tag13:entity109:key000034BC:ref434:ord0;page226:tag10:entity109:key000034BC:ref434:ord0;page232:tag12:entity109:key000034BC:ref434:ord0;page244:tag10:entity109:key000034BC:ref434:ord0;page250:tag13:entity109:key000034BC:ref434:ord0;page268:tag10:entity109:key000034BC:ref434:ord0;page274:tag10:entity109:key000034BC:ref434:ord0;page280:tag11:entity109:key000034BC:ref434:ord0;page286:tag11:entity109:key000034BC:ref434:ord0;page298:tag12:entity109:key000034BC:ref434:ord0;page304:tag10:entity109:key000034BC:ref434:ord0;page310:tag12:entity109:key000034BC:ref434:ord0;page316:tag10:entity109:key000034BC:ref434:ord0;page328:tag10:entity109:key000034BC:ref434:ord0;page334:tag13:entity109:key000034BC:ref434:ord0;page340:tag13:entity109:key000034BC:ref434:ord0,これもまた運命…か,こういう形であなたに会うなんて…,一ついいことを教えてやろう,,没想到会以这种方式见到你…,,MATCH,48,39,APPROVED,READY,NOT_TESTED,JPN_PRIMARY; MLG_CN_CONTEXT_AUXILIARY,mechanical template; resource_class=SLOT_OLANG; source_objects=38; review_flag=WEB_TRANSLATED_PENDING_CODEX_CHECK
5D81443C,202,436,436;436;436;436;436;436;436;436;436;436;436;436;436;436;436;436;436;436;436;436;436;436;436;436;436;436;436;436;436;436;436;436;436;436;436;436;436;436,38,,page76:tag17:entity108:key00003458:ref436:ord0;page82:tag8:entity108:key00003458:ref436:ord0;page88:tag13:entity108:key00003458:ref436:ord0;page94:tag13:entity108:key00003458:ref436:ord0;page100:tag12:entity108:key00003458:ref436:ord0;page106:tag11:entity108:key00003458:ref436:ord0;page112:tag10:entity108:key00003458:ref436:ord0;page118:tag12:entity108:key00003458:ref436:ord0;page124:tag10:entity108:key00003458:ref436:ord0;page130:tag12:entity108:key00003458:ref436:ord0;page136:tag11:entity108:key00003458:ref436:ord0;page142:tag11:entity108:key00003458:ref436:ord0;page148:tag10:entity108:key00003458:ref436:ord0;page154:tag11:entity108:key00003458:ref436:ord0;page160:tag10:entity108:key00003458:ref436:ord0;page166:tag10:entity108:key00003458:ref436:ord0;page172:tag12:entity108:key00003458:ref436:ord0;page178:tag10:entity108:key00003458:ref436:ord0;page184:tag10:entity108:key00003458:ref436:ord0;page202:tag10:entity108:key00003458:ref436:ord0;page208:tag10:entity108:key00003458:ref436:ord0;page214:tag11:entity108:key00003458:ref436:ord0;page220:tag13:entity108:key00003458:ref436:ord0;page226:tag10:entity108:key00003458:ref436:ord0;page232:tag12:entity108:key00003458:ref436:ord0;page244:tag10:entity108:key00003458:ref436:ord0;page250:tag13:entity108:key00003458:ref436:ord0;page268:tag10:entity108:key00003458:ref436:ord0;page274:tag10:entity108:key00003458:ref436:ord0;page280:tag11:entity108:key00003458:ref436:ord0;page286:tag11:entity108:key00003458:ref436:ord0;page298:tag12:entity108:key00003458:ref436:ord0;page304:tag10:entity108:key00003458:ref436:ord0;page310:tag12:entity108:key00003458:ref436:ord0;page316:tag10:entity108:key00003458:ref436:ord0;page328:tag10:entity108:key00003458:ref436:ord0;page334:tag13:entity108:key00003458:ref436:ord0;page340:tag13:entity108:key00003458:ref436:ord0,こういう形であなたに会うなんて…,一ついいことを教えてやろう,…北西の部屋にいる,,告诉你一件好事吧,,MATCH,39,24,APPROVED,READY,NOT_TESTED,JPN_PRIMARY; MLG_CN_CONTEXT_AUXILIARY,mechanical template; resource_class=SLOT_OLANG; source_objects=38; review_flag=WEB_TRANSLATED_PENDING_CODEX_CHECK
5D81443C,203,438,438;438;438;438;438;438;438;438;438;438;438;438;438;438;438;438;438;438;438;438;438;438;438;438;438;438;438;438;438;438;438;438;438;438;438;438;438;438,38,,page76:tag17:entity12:key00000514:ref438:ord0;page82:tag8:entity12:key00000514:ref438:ord0;page88:tag13:entity12:key00000514:ref438:ord0;page94:tag13:entity12:key00000514:ref438:ord0;page100:tag12:entity12:key00000514:ref438:ord0;page106:tag11:entity12:key00000514:ref438:ord0;page112:tag10:entity12:key00000514:ref438:ord0;page118:tag12:entity12:key00000514:ref438:ord0;page124:tag10:entity12:key00000514:ref438:ord0;page130:tag12:entity12:key00000514:ref438:ord0;page136:tag11:entity12:key00000514:ref438:ord0;page142:tag11:entity12:key00000514:ref438:ord0;page148:tag10:entity12:key00000514:ref438:ord0;page154:tag11:entity12:key00000514:ref438:ord0;page160:tag10:entity12:key00000514:ref438:ord0;page166:tag10:entity12:key00000514:ref438:ord0;page172:tag12:entity12:key00000514:ref438:ord0;page178:tag10:entity12:key00000514:ref438:ord0;page184:tag10:entity12:key00000514:ref438:ord0;page202:tag10:entity12:key00000514:ref438:ord0;page208:tag10:entity12:key00000514:ref438:ord0;page214:tag11:entity12:key00000514:ref438:ord0;page220:tag13:entity12:key00000514:ref438:ord0;page226:tag10:entity12:key00000514:ref438:ord0;page232:tag12:entity12:key00000514:ref438:ord0;page244:tag10:entity12:key00000514:ref438:ord0;page250:tag13:entity12:key00000514:ref438:ord0;page268:tag10:entity12:key00000514:ref438:ord0;page274:tag10:entity12:key00000514:ref438:ord0;page280:tag11:entity12:key00000514:ref438:ord0;page286:tag11:entity12:key00000514:ref438:ord0;page298:tag12:entity12:key00000514:ref438:ord0;page304:tag10:entity12:key00000514:ref438:ord0;page310:tag12:entity12:key00000514:ref438:ord0;page316:tag10:entity12:key00000514:ref438:ord0;page328:tag10:entity12:key00000514:ref438:ord0;page334:tag13:entity12:key00000514:ref438:ord0;page340:tag13:entity12:key00000514:ref438:ord0,一ついいことを教えてやろう,…北西の部屋にいる,まあ待て 一服くらいさせろ ,,…在西北边的房间里,,MATCH,27,27,APPROVED,READY,NOT_TESTED,JPN_PRIMARY; MLG_CN_CONTEXT_AUXILIARY,mechanical template; resource_class=SLOT_OLANG; source_objects=38; review_flag=WEB_TRANSLATED_PENDING_CODEX_CHECK
5D81443C,204,440,440;440;440;440;440;440;440;440;440;440;440;440;440;440;440;440;440;440;440;440;440;440;440;440;440;440;440;440;440;440;440;440;440;440;440;440;440;440,38,,page76:tag17:entity107:key00003264:ref440:ord0;page82:tag8:entity107:key00003264:ref440:ord0;page88:tag13:entity107:key00003264:ref440:ord0;page94:tag13:entity107:key00003264:ref440:ord0;page100:tag12:entity107:key00003264:ref440:ord0;page106:tag11:entity107:key00003264:ref440:ord0;page112:tag10:entity107:key00003264:ref440:ord0;page118:tag12:entity107:key00003264:ref440:ord0;page124:tag10:entity107:key00003264:ref440:ord0;page130:tag12:entity107:key00003264:ref440:ord0;page136:tag11:entity107:key00003264:ref440:ord0;page142:tag11:entity107:key00003264:ref440:ord0;page148:tag10:entity107:key00003264:ref440:ord0;page154:tag11:entity107:key00003264:ref440:ord0;page160:tag10:entity107:key00003264:ref440:ord0;page166:tag10:entity107:key00003264:ref440:ord0;page172:tag12:entity107:key00003264:ref440:ord0;page178:tag10:entity107:key00003264:ref440:ord0;page184:tag10:entity107:key00003264:ref440:ord0;page202:tag10:entity107:key00003264:ref440:ord0;page208:tag10:entity107:key00003264:ref440:ord0;page214:tag11:entity107:key00003264:ref440:ord0;page220:tag13:entity107:key00003264:ref440:ord0;page226:tag10:entity107:key00003264:ref440:ord0;page232:tag12:entity107:key00003264:ref440:ord0;page244:tag10:entity107:key00003264:ref440:ord0;page250:tag13:entity107:key00003264:ref440:ord0;page268:tag10:entity107:key00003264:ref440:ord0;page274:tag10:entity107:key00003264:ref440:ord0;page280:tag11:entity107:key00003264:ref440:ord0;page286:tag11:entity107:key00003264:ref440:ord0;page298:tag12:entity107:key00003264:ref440:ord0;page304:tag10:entity107:key00003264:ref440:ord0;page310:tag12:entity107:key00003264:ref440:ord0;page316:tag10:entity107:key00003264:ref440:ord0;page328:tag10:entity107:key00003264:ref440:ord0;page334:tag13:entity107:key00003264:ref440:ord0;page340:tag13:entity107:key00003264:ref440:ord0,…北西の部屋にいる,まあ待て 一服くらいさせろ ,"な なあ…そろそろ寝た方が
いい時間じゃないか？",,等等 至少让我抽一根 ,,MATCH,38,29,APPROVED,READY,NOT_TESTED,JPN_PRIMARY; MLG_CN_CONTEXT_AUXILIARY,mechanical template; resource_class=SLOT_OLANG; source_objects=38; review_flag=WEB_TRANSLATED_PENDING_CODEX_CHECK
5D81443C,205,442,442;442;442;442;442;442;442;442;442;442;442;442;442;442;442;442;442;442;442;442;442;442;442;442;442;442;442;442;442;442;442;442;442;442;442;442;442;442,38,,page76:tag17:entity106:key000030D4:ref442:ord0;page82:tag8:entity106:key000030D4:ref442:ord0;page88:tag13:entity106:key000030D4:ref442:ord0;page94:tag13:entity106:key000030D4:ref442:ord0;page100:tag12:entity106:key000030D4:ref442:ord0;page106:tag11:entity106:key000030D4:ref442:ord0;page112:tag10:entity106:key000030D4:ref442:ord0;page118:tag12:entity106:key000030D4:ref442:ord0;page124:tag10:entity106:key000030D4:ref442:ord0;page130:tag12:entity106:key000030D4:ref442:ord0;page136:tag11:entity106:key000030D4:ref442:ord0;page142:tag11:entity106:key000030D4:ref442:ord0;page148:tag10:entity106:key000030D4:ref442:ord0;page154:tag11:entity106:key000030D4:ref442:ord0;page160:tag10:entity106:key000030D4:ref442:ord0;page166:tag10:entity106:key000030D4:ref442:ord0;page172:tag12:entity106:key000030D4:ref442:ord0;page178:tag10:entity106:key000030D4:ref442:ord0;page184:tag10:entity106:key000030D4:ref442:ord0;page202:tag10:entity106:key000030D4:ref442:ord0;page208:tag10:entity106:key000030D4:ref442:ord0;page214:tag11:entity106:key000030D4:ref442:ord0;page220:tag13:entity106:key000030D4:ref442:ord0;page226:tag10:entity106:key000030D4:ref442:ord0;page232:tag12:entity106:key000030D4:ref442:ord0;page244:tag10:entity106:key000030D4:ref442:ord0;page250:tag13:entity106:key000030D4:ref442:ord0;page268:tag10:entity106:key000030D4:ref442:ord0;page274:tag10:entity106:key000030D4:ref442:ord0;page280:tag11:entity106:key000030D4:ref442:ord0;page286:tag11:entity106:key000030D4:ref442:ord0;page298:tag12:entity106:key000030D4:ref442:ord0;page304:tag10:entity106:key000030D4:ref442:ord0;page310:tag12:entity106:key000030D4:ref442:ord0;page316:tag10:entity106:key000030D4:ref442:ord0;page328:tag10:entity106:key000030D4:ref442:ord0;page334:tag13:entity106:key000030D4:ref442:ord0;page340:tag13:entity106:key000030D4:ref442:ord0,まあ待て 一服くらいさせろ ,"な なあ…そろそろ寝た方が
いい時間じゃないか？",もらすぞ…,,"喂、喂…差不多到了
该睡觉的时间了吧？",,MATCH,68,55,APPROVED,READY,NOT_TESTED,JPN_PRIMARY; MLG_CN_CONTEXT_AUXILIARY,mechanical template; resource_class=SLOT_OLANG; source_objects=38; review_flag=WEB_TRANSLATED_PENDING_CODEX_CHECK
5D81443C,206,444,444;444;444;444;444;444;444;444;444;444;444;444;444;444;444;444;444;444;444;444;444;444;444;444;444;444;444;444;444;444;444;444;444;444;444;444;444;444,38,,page76:tag17:entity105:key00003070:ref444:ord0;page82:tag8:entity105:key00003070:ref444:ord0;page88:tag13:entity105:key00003070:ref444:ord0;page94:tag13:entity105:key00003070:ref444:ord0;page100:tag12:entity105:key00003070:ref444:ord0;page106:tag11:entity105:key00003070:ref444:ord0;page112:tag10:entity105:key00003070:ref444:ord0;page118:tag12:entity105:key00003070:ref444:ord0;page124:tag10:entity105:key00003070:ref444:ord0;page130:tag12:entity105:key00003070:ref444:ord0;page136:tag11:entity105:key00003070:ref444:ord0;page142:tag11:entity105:key00003070:ref444:ord0;page148:tag10:entity105:key00003070:ref444:ord0;page154:tag11:entity105:key00003070:ref444:ord0;page160:tag10:entity105:key00003070:ref444:ord0;page166:tag10:entity105:key00003070:ref444:ord0;page172:tag12:entity105:key00003070:ref444:ord0;page178:tag10:entity105:key00003070:ref444:ord0;page184:tag10:entity105:key00003070:ref444:ord0;page202:tag10:entity105:key00003070:ref444:ord0;page208:tag10:entity105:key00003070:ref444:ord0;page214:tag11:entity105:key00003070:ref444:ord0;page220:tag13:entity105:key00003070:ref444:ord0;page226:tag10:entity105:key00003070:ref444:ord0;page232:tag12:entity105:key00003070:ref444:ord0;page244:tag10:entity105:key00003070:ref444:ord0;page250:tag13:entity105:key00003070:ref444:ord0;page268:tag10:entity105:key00003070:ref444:ord0;page274:tag10:entity105:key00003070:ref444:ord0;page280:tag11:entity105:key00003070:ref444:ord0;page286:tag11:entity105:key00003070:ref444:ord0;page298:tag12:entity105:key00003070:ref444:ord0;page304:tag10:entity105:key00003070:ref444:ord0;page310:tag12:entity105:key00003070:ref444:ord0;page316:tag10:entity105:key00003070:ref444:ord0;page328:tag10:entity105:key00003070:ref444:ord0;page334:tag13:entity105:key00003070:ref444:ord0;page340:tag13:entity105:key00003070:ref444:ord0,"な なあ…そろそろ寝た方が
いい時間じゃないか？",もらすぞ…,いてててて…こんな時に腹が…,,我要尿出来了…,,MATCH,15,21,APPROVED,READY,NOT_TESTED,JPN_PRIMARY; MLG_CN_CONTEXT_AUXILIARY,mechanical template; resource_class=SLOT_OLANG; source_objects=38; review_flag=WEB_TRANSLATED_PENDING_CODEX_CHECK
5D81443C,207,446,446;446;446;446;446;446;446;446;446;446;446;446;446;446;446;446;446;446;446;446;446;446;446;446;446;446;446;446;446;446;446;446;446;446;446;446;446;446,38,,page76:tag17:entity104:key0000300C:ref446:ord0;page82:tag8:entity104:key0000300C:ref446:ord0;page88:tag13:entity104:key0000300C:ref446:ord0;page94:tag13:entity104:key0000300C:ref446:ord0;page100:tag12:entity104:key0000300C:ref446:ord0;page106:tag11:entity104:key0000300C:ref446:ord0;page112:tag10:entity104:key0000300C:ref446:ord0;page118:tag12:entity104:key0000300C:ref446:ord0;page124:tag10:entity104:key0000300C:ref446:ord0;page130:tag12:entity104:key0000300C:ref446:ord0;page136:tag11:entity104:key0000300C:ref446:ord0;page142:tag11:entity104:key0000300C:ref446:ord0;page148:tag10:entity104:key0000300C:ref446:ord0;page154:tag11:entity104:key0000300C:ref446:ord0;page160:tag10:entity104:key0000300C:ref446:ord0;page166:tag10:entity104:key0000300C:ref446:ord0;page172:tag12:entity104:key0000300C:ref446:ord0;page178:tag10:entity104:key0000300C:ref446:ord0;page184:tag10:entity104:key0000300C:ref446:ord0;page202:tag10:entity104:key0000300C:ref446:ord0;page208:tag10:entity104:key0000300C:ref446:ord0;page214:tag11:entity104:key0000300C:ref446:ord0;page220:tag13:entity104:key0000300C:ref446:ord0;page226:tag10:entity104:key0000300C:ref446:ord0;page232:tag12:entity104:key0000300C:ref446:ord0;page244:tag10:entity104:key0000300C:ref446:ord0;page250:tag13:entity104:key0000300C:ref446:ord0;page268:tag10:entity104:key0000300C:ref446:ord0;page274:tag10:entity104:key0000300C:ref446:ord0;page280:tag11:entity104:key0000300C:ref446:ord0;page286:tag11:entity104:key0000300C:ref446:ord0;page298:tag12:entity104:key0000300C:ref446:ord0;page304:tag10:entity104:key0000300C:ref446:ord0;page310:tag12:entity104:key0000300C:ref446:ord0;page316:tag10:entity104:key0000300C:ref446:ord0;page328:tag10:entity104:key0000300C:ref446:ord0;page334:tag13:entity104:key0000300C:ref446:ord0;page340:tag13:entity104:key0000300C:ref446:ord0,もらすぞ…,いてててて…こんな時に腹が…,俺がお前に何かしたのか？ ,,疼疼疼疼…偏偏这时候肚子…,,MATCH,42,39,APPROVED,READY,NOT_TESTED,JPN_PRIMARY; MLG_CN_CONTEXT_AUXILIARY,mechanical template; resource_class=SLOT_OLANG; source_objects=38; review_flag=WEB_TRANSLATED_PENDING_CODEX_CHECK
5D81443C,208,448,448;448;448;448;448;448;448;448;448;448;448;448;448;448;448;448;448;448;448;448;448;448;448;448;448;448;448;448;448;448;448;448;448;448;448;448;448;448,38,,page76:tag17:entity103:key00002FA8:ref448:ord0;page82:tag8:entity103:key00002FA8:ref448:ord0;page88:tag13:entity103:key00002FA8:ref448:ord0;page94:tag13:entity103:key00002FA8:ref448:ord0;page100:tag12:entity103:key00002FA8:ref448:ord0;page106:tag11:entity103:key00002FA8:ref448:ord0;page112:tag10:entity103:key00002FA8:ref448:ord0;page118:tag12:entity103:key00002FA8:ref448:ord0;page124:tag10:entity103:key00002FA8:ref448:ord0;page130:tag12:entity103:key00002FA8:ref448:ord0;page136:tag11:entity103:key00002FA8:ref448:ord0;page142:tag11:entity103:key00002FA8:ref448:ord0;page148:tag10:entity103:key00002FA8:ref448:ord0;page154:tag11:entity103:key00002FA8:ref448:ord0;page160:tag10:entity103:key00002FA8:ref448:ord0;page166:tag10:entity103:key00002FA8:ref448:ord0;page172:tag12:entity103:key00002FA8:ref448:ord0;page178:tag10:entity103:key00002FA8:ref448:ord0;page184:tag10:entity103:key00002FA8:ref448:ord0;page202:tag10:entity103:key00002FA8:ref448:ord0;page208:tag10:entity103:key00002FA8:ref448:ord0;page214:tag11:entity103:key00002FA8:ref448:ord0;page220:tag13:entity103:key00002FA8:ref448:ord0;page226:tag10:entity103:key00002FA8:ref448:ord0;page232:tag12:entity103:key00002FA8:ref448:ord0;page244:tag10:entity103:key00002FA8:ref448:ord0;page250:tag13:entity103:key00002FA8:ref448:ord0;page268:tag10:entity103:key00002FA8:ref448:ord0;page274:tag10:entity103:key00002FA8:ref448:ord0;page280:tag11:entity103:key00002FA8:ref448:ord0;page286:tag11:entity103:key00002FA8:ref448:ord0;page298:tag12:entity103:key00002FA8:ref448:ord0;page304:tag10:entity103:key00002FA8:ref448:ord0;page310:tag12:entity103:key00002FA8:ref448:ord0;page316:tag10:entity103:key00002FA8:ref448:ord0;page328:tag10:entity103:key00002FA8:ref448:ord0;page334:tag13:entity103:key00002FA8:ref448:ord0;page340:tag13:entity103:key00002FA8:ref448:ord0,いてててて…こんな時に腹が…,俺がお前に何かしたのか？ ,俺だって好きでここにいるわけじゃない！,,我对你做过什么吗？ ,,MATCH,37,28,APPROVED,READY,NOT_TESTED,JPN_PRIMARY; MLG_CN_CONTEXT_AUXILIARY,mechanical template; resource_class=SLOT_OLANG; source_objects=38; review_flag=WEB_TRANSLATED_PENDING_CODEX_CHECK
5D81443C,209,450,450;450;450;450;450;450;450;450;450;450;450;450;450;450;450;450;450;450;450;450;450;450;450;450;450;450;450;450;450;450;450;450;450;450;450;450;450;450,38,,page76:tag17:entity102:key00002EE0:ref450:ord0;page82:tag8:entity102:key00002EE0:ref450:ord0;page88:tag13:entity102:key00002EE0:ref450:ord0;page94:tag13:entity102:key00002EE0:ref450:ord0;page100:tag12:entity102:key00002EE0:ref450:ord0;page106:tag11:entity102:key00002EE0:ref450:ord0;page112:tag10:entity102:key00002EE0:ref450:ord0;page118:tag12:entity102:key00002EE0:ref450:ord0;page124:tag10:entity102:key00002EE0:ref450:ord0;page130:tag12:entity102:key00002EE0:ref450:ord0;page136:tag11:entity102:key00002EE0:ref450:ord0;page142:tag11:entity102:key00002EE0:ref450:ord0;page148:tag10:entity102:key00002EE0:ref450:ord0;page154:tag11:entity102:key00002EE0:ref450:ord0;page160:tag10:entity102:key00002EE0:ref450:ord0;page166:tag10:entity102:key00002EE0:ref450:ord0;page172:tag12:entity102:key00002EE0:ref450:ord0;page178:tag10:entity102:key00002EE0:ref450:ord0;page184:tag10:entity102:key00002EE0:ref450:ord0;page202:tag10:entity102:key00002EE0:ref450:ord0;page208:tag10:entity102:key00002EE0:ref450:ord0;page214:tag11:entity102:key00002EE0:ref450:ord0;page220:tag13:entity102:key00002EE0:ref450:ord0;page226:tag10:entity102:key00002EE0:ref450:ord0;page232:tag12:entity102:key00002EE0:ref450:ord0;page244:tag10:entity102:key00002EE0:ref450:ord0;page250:tag13:entity102:key00002EE0:ref450:ord0;page268:tag10:entity102:key00002EE0:ref450:ord0;page274:tag10:entity102:key00002EE0:ref450:ord0;page280:tag11:entity102:key00002EE0:ref450:ord0;page286:tag11:entity102:key00002EE0:ref450:ord0;page298:tag12:entity102:key00002EE0:ref450:ord0;page304:tag10:entity102:key00002EE0:ref450:ord0;page310:tag12:entity102:key00002EE0:ref450:ord0;page316:tag10:entity102:key00002EE0:ref450:ord0;page328:tag10:entity102:key00002EE0:ref450:ord0;page334:tag13:entity102:key00002EE0:ref450:ord0;page340:tag13:entity102:key00002EE0:ref450:ord0,俺がお前に何かしたのか？ ,俺だって好きでここにいるわけじゃない！,…西の部屋にいる,,我也不是喜欢才待在这里的！,,MATCH,57,39,APPROVED,READY,NOT_TESTED,JPN_PRIMARY; MLG_CN_CONTEXT_AUXILIARY,mechanical template; resource_class=SLOT_OLANG; source_objects=38; review_flag=WEB_TRANSLATED_PENDING_CODEX_CHECK
5D81443C,210,452,452;452;452;452;452;452;452;452;452;452;452;452;452;452;452;452;452;452;452;452;452;452;452;452;452;452;452;452;452;452;452;452;452;452;452;452;452;452,38,,page76:tag17:entity11:key000004B0:ref452:ord0;page82:tag8:entity11:key000004B0:ref452:ord0;page88:tag13:entity11:key000004B0:ref452:ord0;page94:tag13:entity11:key000004B0:ref452:ord0;page100:tag12:entity11:key000004B0:ref452:ord0;page106:tag11:entity11:key000004B0:ref452:ord0;page112:tag10:entity11:key000004B0:ref452:ord0;page118:tag12:entity11:key000004B0:ref452:ord0;page124:tag10:entity11:key000004B0:ref452:ord0;page130:tag12:entity11:key000004B0:ref452:ord0;page136:tag11:entity11:key000004B0:ref452:ord0;page142:tag11:entity11:key000004B0:ref452:ord0;page148:tag10:entity11:key000004B0:ref452:ord0;page154:tag11:entity11:key000004B0:ref452:ord0;page160:tag10:entity11:key000004B0:ref452:ord0;page166:tag10:entity11:key000004B0:ref452:ord0;page172:tag12:entity11:key000004B0:ref452:ord0;page178:tag10:entity11:key000004B0:ref452:ord0;page184:tag10:entity11:key000004B0:ref452:ord0;page202:tag10:entity11:key000004B0:ref452:ord0;page208:tag10:entity11:key000004B0:ref452:ord0;page214:tag11:entity11:key000004B0:ref452:ord0;page220:tag13:entity11:key000004B0:ref452:ord0;page226:tag10:entity11:key000004B0:ref452:ord0;page232:tag12:entity11:key000004B0:ref452:ord0;page244:tag10:entity11:key000004B0:ref452:ord0;page250:tag13:entity11:key000004B0:ref452:ord0;page268:tag10:entity11:key000004B0:ref452:ord0;page274:tag10:entity11:key000004B0:ref452:ord0;page280:tag11:entity11:key000004B0:ref452:ord0;page286:tag11:entity11:key000004B0:ref452:ord0;page298:tag12:entity11:key000004B0:ref452:ord0;page304:tag10:entity11:key000004B0:ref452:ord0;page310:tag12:entity11:key000004B0:ref452:ord0;page316:tag10:entity11:key000004B0:ref452:ord0;page328:tag10:entity11:key000004B0:ref452:ord0;page334:tag13:entity11:key000004B0:ref452:ord0;page340:tag13:entity11:key000004B0:ref452:ord0,俺だって好きでここにいるわけじゃない！,…西の部屋にいる,あんた…子供はいるのか？ ,,…在西边的房间里,,MATCH,24,24,APPROVED,READY,NOT_TESTED,JPN_PRIMARY; MLG_CN_CONTEXT_AUXILIARY,mechanical template; resource_class=SLOT_OLANG; source_objects=38; review_flag=WEB_TRANSLATED_PENDING_CODEX_CHECK
5D81443C,211,454,454;454;454;454;454;454;454;454;454;454;454;454;454;454;454;454;454;454;454;454;454;454;454;454;454;454;454;454;454;454;454;454;454;454;454;454;454;454,38,,page76:tag17:entity101:key00002E18:ref454:ord0;page82:tag8:entity101:key00002E18:ref454:ord0;page88:tag13:entity101:key00002E18:ref454:ord0;page94:tag13:entity101:key00002E18:ref454:ord0;page100:tag12:entity101:key00002E18:ref454:ord0;page106:tag11:entity101:key00002E18:ref454:ord0;page112:tag10:entity101:key00002E18:ref454:ord0;page118:tag12:entity101:key00002E18:ref454:ord0;page124:tag10:entity101:key00002E18:ref454:ord0;page130:tag12:entity101:key00002E18:ref454:ord0;page136:tag11:entity101:key00002E18:ref454:ord0;page142:tag11:entity101:key00002E18:ref454:ord0;page148:tag10:entity101:key00002E18:ref454:ord0;page154:tag11:entity101:key00002E18:ref454:ord0;page160:tag10:entity101:key00002E18:ref454:ord0;page166:tag10:entity101:key00002E18:ref454:ord0;page172:tag12:entity101:key00002E18:ref454:ord0;page178:tag10:entity101:key00002E18:ref454:ord0;page184:tag10:entity101:key00002E18:ref454:ord0;page202:tag10:entity101:key00002E18:ref454:ord0;page208:tag10:entity101:key00002E18:ref454:ord0;page214:tag11:entity101:key00002E18:ref454:ord0;page220:tag13:entity101:key00002E18:ref454:ord0;page226:tag10:entity101:key00002E18:ref454:ord0;page232:tag12:entity101:key00002E18:ref454:ord0;page244:tag10:entity101:key00002E18:ref454:ord0;page250:tag13:entity101:key00002E18:ref454:ord0;page268:tag10:entity101:key00002E18:ref454:ord0;page274:tag10:entity101:key00002E18:ref454:ord0;page280:tag11:entity101:key00002E18:ref454:ord0;page286:tag11:entity101:key00002E18:ref454:ord0;page298:tag12:entity101:key00002E18:ref454:ord0;page304:tag10:entity101:key00002E18:ref454:ord0;page310:tag12:entity101:key00002E18:ref454:ord0;page316:tag10:entity101:key00002E18:ref454:ord0;page328:tag10:entity101:key00002E18:ref454:ord0;page334:tag13:entity101:key00002E18:ref454:ord0;page340:tag13:entity101:key00002E18:ref454:ord0,…西の部屋にいる,あんた…子供はいるのか？ ,卑怯者！ 正々堂々戦え！,,你…有孩子吗？ ,,MATCH,37,22,APPROVED,READY,NOT_TESTED,JPN_PRIMARY; MLG_CN_CONTEXT_AUXILIARY,mechanical template; resource_class=SLOT_OLANG; source_objects=38; review_flag=WEB_TRANSLATED_PENDING_CODEX_CHECK
5D81443C,212,456,456;456;456;456;456;456;456;456;456;456;456;456;456;456;456;456;456;456;456;456;456;456;456;456;456;456;456;456;456;456;456;456;456;456;456;456;456;456,38,,page76:tag17:entity100:key00002DB4:ref456:ord0;page82:tag8:entity100:key00002DB4:ref456:ord0;page88:tag13:entity100:key00002DB4:ref456:ord0;page94:tag13:entity100:key00002DB4:ref456:ord0;page100:tag12:entity100:key00002DB4:ref456:ord0;page106:tag11:entity100:key00002DB4:ref456:ord0;page112:tag10:entity100:key00002DB4:ref456:ord0;page118:tag12:entity100:key00002DB4:ref456:ord0;page124:tag10:entity100:key00002DB4:ref456:ord0;page130:tag12:entity100:key00002DB4:ref456:ord0;page136:tag11:entity100:key00002DB4:ref456:ord0;page142:tag11:entity100:key00002DB4:ref456:ord0;page148:tag10:entity100:key00002DB4:ref456:ord0;page154:tag11:entity100:key00002DB4:ref456:ord0;page160:tag10:entity100:key00002DB4:ref456:ord0;page166:tag10:entity100:key00002DB4:ref456:ord0;page172:tag12:entity100:key00002DB4:ref456:ord0;page178:tag10:entity100:key00002DB4:ref456:ord0;page184:tag10:entity100:key00002DB4:ref456:ord0;page202:tag10:entity100:key00002DB4:ref456:ord0;page208:tag10:entity100:key00002DB4:ref456:ord0;page214:tag11:entity100:key00002DB4:ref456:ord0;page220:tag13:entity100:key00002DB4:ref456:ord0;page226:tag10:entity100:key00002DB4:ref456:ord0;page232:tag12:entity100:key00002DB4:ref456:ord0;page244:tag10:entity100:key00002DB4:ref456:ord0;page250:tag13:entity100:key00002DB4:ref456:ord0;page268:tag10:entity100:key00002DB4:ref456:ord0;page274:tag10:entity100:key00002DB4:ref456:ord0;page280:tag11:entity100:key00002DB4:ref456:ord0;page286:tag11:entity100:key00002DB4:ref456:ord0;page298:tag12:entity100:key00002DB4:ref456:ord0;page304:tag10:entity100:key00002DB4:ref456:ord0;page310:tag12:entity100:key00002DB4:ref456:ord0;page316:tag10:entity100:key00002DB4:ref456:ord0;page328:tag10:entity100:key00002DB4:ref456:ord0;page334:tag13:entity100:key00002DB4:ref456:ord0;page340:tag13:entity100:key00002DB4:ref456:ord0,あんた…子供はいるのか？ ,卑怯者！ 正々堂々戦え！,あんたの事 知ってるぜ,,卑鄙小人！ 堂堂正正地战斗！,,MATCH,34,40,APPROVED,READY,NOT_TESTED,JPN_PRIMARY; MLG_CN_CONTEXT_AUXILIARY,mechanical template; resource_class=SLOT_OLANG; source_objects=38; review_flag=WEB_TRANSLATED_PENDING_CODEX_CHECK
5D81443C,213,458,458;458;458;458;458;458;458;458;458;458;458;458;458;458;458;458;458;458;458;458;458;458;458;458;458;458;458;458;458;458;458;458;458;458;458;458;458;458,38,,page76:tag17:entity99:key00002D50:ref458:ord0;page82:tag8:entity99:key00002D50:ref458:ord0;page88:tag13:entity99:key00002D50:ref458:ord0;page94:tag13:entity99:key00002D50:ref458:ord0;page100:tag12:entity99:key00002D50:ref458:ord0;page106:tag11:entity99:key00002D50:ref458:ord0;page112:tag10:entity99:key00002D50:ref458:ord0;page118:tag12:entity99:key00002D50:ref458:ord0;page124:tag10:entity99:key00002D50:ref458:ord0;page130:tag12:entity99:key00002D50:ref458:ord0;page136:tag11:entity99:key00002D50:ref458:ord0;page142:tag11:entity99:key00002D50:ref458:ord0;page148:tag10:entity99:key00002D50:ref458:ord0;page154:tag11:entity99:key00002D50:ref458:ord0;page160:tag10:entity99:key00002D50:ref458:ord0;page166:tag10:entity99:key00002D50:ref458:ord0;page172:tag12:entity99:key00002D50:ref458:ord0;page178:tag10:entity99:key00002D50:ref458:ord0;page184:tag10:entity99:key00002D50:ref458:ord0;page202:tag10:entity99:key00002D50:ref458:ord0;page208:tag10:entity99:key00002D50:ref458:ord0;page214:tag11:entity99:key00002D50:ref458:ord0;page220:tag13:entity99:key00002D50:ref458:ord0;page226:tag10:entity99:key00002D50:ref458:ord0;page232:tag12:entity99:key00002D50:ref458:ord0;page244:tag10:entity99:key00002D50:ref458:ord0;page250:tag13:entity99:key00002D50:ref458:ord0;page268:tag10:entity99:key00002D50:ref458:ord0;page274:tag10:entity99:key00002D50:ref458:ord0;page280:tag11:entity99:key00002D50:ref458:ord0;page286:tag11:entity99:key00002D50:ref458:ord0;page298:tag12:entity99:key00002D50:ref458:ord0;page304:tag10:entity99:key00002D50:ref458:ord0;page310:tag12:entity99:key00002D50:ref458:ord0;page316:tag10:entity99:key00002D50:ref458:ord0;page328:tag10:entity99:key00002D50:ref458:ord0;page334:tag13:entity99:key00002D50:ref458:ord0;page340:tag13:entity99:key00002D50:ref458:ord0,卑怯者！ 正々堂々戦え！,あんたの事 知ってるぜ,ちょ…ヒゲが…当たってるんだが…,,我知道你的事,,MATCH,31,18,APPROVED,READY,NOT_TESTED,JPN_PRIMARY; MLG_CN_CONTEXT_AUXILIARY,mechanical template; resource_class=SLOT_OLANG; source_objects=38; review_flag=WEB_TRANSLATED_PENDING_CODEX_CHECK
5D81443C,214,460,460;460;460;460;460;460;460;460;460;460;460;460;460;460;460;460;460;460;460;460;460;460;460;460;460;460;460;460;460;460;460;460;460;460;460;460;460;460,38,,page76:tag17:entity98:key00002CEC:ref460:ord0;page82:tag8:entity98:key00002CEC:ref460:ord0;page88:tag13:entity98:key00002CEC:ref460:ord0;page94:tag13:entity98:key00002CEC:ref460:ord0;page100:tag12:entity98:key00002CEC:ref460:ord0;page106:tag11:entity98:key00002CEC:ref460:ord0;page112:tag10:entity98:key00002CEC:ref460:ord0;page118:tag12:entity98:key00002CEC:ref460:ord0;page124:tag10:entity98:key00002CEC:ref460:ord0;page130:tag12:entity98:key00002CEC:ref460:ord0;page136:tag11:entity98:key00002CEC:ref460:ord0;page142:tag11:entity98:key00002CEC:ref460:ord0;page148:tag10:entity98:key00002CEC:ref460:ord0;page154:tag11:entity98:key00002CEC:ref460:ord0;page160:tag10:entity98:key00002CEC:ref460:ord0;page166:tag10:entity98:key00002CEC:ref460:ord0;page172:tag12:entity98:key00002CEC:ref460:ord0;page178:tag10:entity98:key00002CEC:ref460:ord0;page184:tag10:entity98:key00002CEC:ref460:ord0;page202:tag10:entity98:key00002CEC:ref460:ord0;page208:tag10:entity98:key00002CEC:ref460:ord0;page214:tag11:entity98:key00002CEC:ref460:ord0;page220:tag13:entity98:key00002CEC:ref460:ord0;page226:tag10:entity98:key00002CEC:ref460:ord0;page232:tag12:entity98:key00002CEC:ref460:ord0;page244:tag10:entity98:key00002CEC:ref460:ord0;page250:tag13:entity98:key00002CEC:ref460:ord0;page268:tag10:entity98:key00002CEC:ref460:ord0;page274:tag10:entity98:key00002CEC:ref460:ord0;page280:tag11:entity98:key00002CEC:ref460:ord0;page286:tag11:entity98:key00002CEC:ref460:ord0;page298:tag12:entity98:key00002CEC:ref460:ord0;page304:tag10:entity98:key00002CEC:ref460:ord0;page310:tag12:entity98:key00002CEC:ref460:ord0;page316:tag10:entity98:key00002CEC:ref460:ord0;page328:tag10:entity98:key00002CEC:ref460:ord0;page334:tag13:entity98:key00002CEC:ref460:ord0;page340:tag13:entity98:key00002CEC:ref460:ord0,あんたの事 知ってるぜ,ちょ…ヒゲが…当たってるんだが…,あんた いい匂いがするな…,,喂…你的胡子…扎到我了…,,MATCH,48,36,APPROVED,READY,NOT_TESTED,JPN_PRIMARY; MLG_CN_CONTEXT_AUXILIARY,mechanical template; resource_class=SLOT_OLANG; source_objects=38; review_flag=WEB_TRANSLATED_PENDING_CODEX_CHECK
5D81443C,215,462,462;462;462;462;462;462;462;462;462;462;462;462;462;462;462;462;462;462;462;462;462;462;462;462;462;462;462;462;462;462;462;462;462;462;462;462;462;462,38,,page76:tag17:entity97:key00002C88:ref462:ord0;page82:tag8:entity97:key00002C88:ref462:ord0;page88:tag13:entity97:key00002C88:ref462:ord0;page94:tag13:entity97:key00002C88:ref462:ord0;page100:tag12:entity97:key00002C88:ref462:ord0;page106:tag11:entity97:key00002C88:ref462:ord0;page112:tag10:entity97:key00002C88:ref462:ord0;page118:tag12:entity97:key00002C88:ref462:ord0;page124:tag10:entity97:key00002C88:ref462:ord0;page130:tag12:entity97:key00002C88:ref462:ord0;page136:tag11:entity97:key00002C88:ref462:ord0;page142:tag11:entity97:key00002C88:ref462:ord0;page148:tag10:entity97:key00002C88:ref462:ord0;page154:tag11:entity97:key00002C88:ref462:ord0;page160:tag10:entity97:key00002C88:ref462:ord0;page166:tag10:entity97:key00002C88:ref462:ord0;page172:tag12:entity97:key00002C88:ref462:ord0;page178:tag10:entity97:key00002C88:ref462:ord0;page184:tag10:entity97:key00002C88:ref462:ord0;page202:tag10:entity97:key00002C88:ref462:ord0;page208:tag10:entity97:key00002C88:ref462:ord0;page214:tag11:entity97:key00002C88:ref462:ord0;page220:tag13:entity97:key00002C88:ref462:ord0;page226:tag10:entity97:key00002C88:ref462:ord0;page232:tag12:entity97:key00002C88:ref462:ord0;page244:tag10:entity97:key00002C88:ref462:ord0;page250:tag13:entity97:key00002C88:ref462:ord0;page268:tag10:entity97:key00002C88:ref462:ord0;page274:tag10:entity97:key00002C88:ref462:ord0;page280:tag11:entity97:key00002C88:ref462:ord0;page286:tag11:entity97:key00002C88:ref462:ord0;page298:tag12:entity97:key00002C88:ref462:ord0;page304:tag10:entity97:key00002C88:ref462:ord0;page310:tag12:entity97:key00002C88:ref462:ord0;page316:tag10:entity97:key00002C88:ref462:ord0;page328:tag10:entity97:key00002C88:ref462:ord0;page334:tag13:entity97:key00002C88:ref462:ord0;page340:tag13:entity97:key00002C88:ref462:ord0,ちょ…ヒゲが…当たってるんだが…,あんた いい匂いがするな…,死にたくない…いやだ死にたくない…！,,你闻起来挺香的…,,MATCH,37,24,APPROVED,READY,NOT_TESTED,JPN_PRIMARY; MLG_CN_CONTEXT_AUXILIARY,mechanical template; resource_class=SLOT_OLANG; source_objects=38; review_flag=WEB_TRANSLATED_PENDING_CODEX_CHECK
5D81443C,216,464,464;464;464;464;464;464;464;464;464;464;464;464;464;464;464;464;464;464;464;464;464;464;464;464;464;464;464;464;464;464;464;464;464;464;464;464;464;464,38,,page76:tag17:entity96:key00002AF8:ref464:ord0;page82:tag8:entity96:key00002AF8:ref464:ord0;page88:tag13:entity96:key00002AF8:ref464:ord0;page94:tag13:entity96:key00002AF8:ref464:ord0;page100:tag12:entity96:key00002AF8:ref464:ord0;page106:tag11:entity96:key00002AF8:ref464:ord0;page112:tag10:entity96:key00002AF8:ref464:ord0;page118:tag12:entity96:key00002AF8:ref464:ord0;page124:tag10:entity96:key00002AF8:ref464:ord0;page130:tag12:entity96:key00002AF8:ref464:ord0;page136:tag11:entity96:key00002AF8:ref464:ord0;page142:tag11:entity96:key00002AF8:ref464:ord0;page148:tag10:entity96:key00002AF8:ref464:ord0;page154:tag11:entity96:key00002AF8:ref464:ord0;page160:tag10:entity96:key00002AF8:ref464:ord0;page166:tag10:entity96:key00002AF8:ref464:ord0;page172:tag12:entity96:key00002AF8:ref464:ord0;page178:tag10:entity96:key00002AF8:ref464:ord0;page184:tag10:entity96:key00002AF8:ref464:ord0;page202:tag10:entity96:key00002AF8:ref464:ord0;page208:tag10:entity96:key00002AF8:ref464:ord0;page214:tag11:entity96:key00002AF8:ref464:ord0;page220:tag13:entity96:key00002AF8:ref464:ord0;page226:tag10:entity96:key00002AF8:ref464:ord0;page232:tag12:entity96:key00002AF8:ref464:ord0;page244:tag10:entity96:key00002AF8:ref464:ord0;page250:tag13:entity96:key00002AF8:ref464:ord0;page268:tag10:entity96:key00002AF8:ref464:ord0;page274:tag10:entity96:key00002AF8:ref464:ord0;page280:tag11:entity96:key00002AF8:ref464:ord0;page286:tag11:entity96:key00002AF8:ref464:ord0;page298:tag12:entity96:key00002AF8:ref464:ord0;page304:tag10:entity96:key00002AF8:ref464:ord0;page310:tag12:entity96:key00002AF8:ref464:ord0;page316:tag10:entity96:key00002AF8:ref464:ord0;page328:tag10:entity96:key00002AF8:ref464:ord0;page334:tag13:entity96:key00002AF8:ref464:ord0;page340:tag13:entity96:key00002AF8:ref464:ord0,あんた いい匂いがするな…,死にたくない…いやだ死にたくない…！,…南西の部屋にいる,,我不想死…不要 我不想死…！,,MATCH,54,40,APPROVED,READY,NOT_TESTED,JPN_PRIMARY; MLG_CN_CONTEXT_AUXILIARY,mechanical template; resource_class=SLOT_OLANG; source_objects=38; review_flag=WEB_TRANSLATED_PENDING_CODEX_CHECK
5D81443C,217,466,466;466;466;466;466;466;466;466;466;466;466;466;466;466;466;466;466;466;466;466;466;466;466;466;466;466;466;466;466;466;466;466;466;466;466;466;466;466,38,,page76:tag17:entity10:key0000044C:ref466:ord0;page82:tag8:entity10:key0000044C:ref466:ord0;page88:tag13:entity10:key0000044C:ref466:ord0;page94:tag13:entity10:key0000044C:ref466:ord0;page100:tag12:entity10:key0000044C:ref466:ord0;page106:tag11:entity10:key0000044C:ref466:ord0;page112:tag10:entity10:key0000044C:ref466:ord0;page118:tag12:entity10:key0000044C:ref466:ord0;page124:tag10:entity10:key0000044C:ref466:ord0;page130:tag12:entity10:key0000044C:ref466:ord0;page136:tag11:entity10:key0000044C:ref466:ord0;page142:tag11:entity10:key0000044C:ref466:ord0;page148:tag10:entity10:key0000044C:ref466:ord0;page154:tag11:entity10:key0000044C:ref466:ord0;page160:tag10:entity10:key0000044C:ref466:ord0;page166:tag10:entity10:key0000044C:ref466:ord0;page172:tag12:entity10:key0000044C:ref466:ord0;page178:tag10:entity10:key0000044C:ref466:ord0;page184:tag10:entity10:key0000044C:ref466:ord0;page202:tag10:entity10:key0000044C:ref466:ord0;page208:tag10:entity10:key0000044C:ref466:ord0;page214:tag11:entity10:key0000044C:ref466:ord0;page220:tag13:entity10:key0000044C:ref466:ord0;page226:tag10:entity10:key0000044C:ref466:ord0;page232:tag12:entity10:key0000044C:ref466:ord0;page244:tag10:entity10:key0000044C:ref466:ord0;page250:tag13:entity10:key0000044C:ref466:ord0;page268:tag10:entity10:key0000044C:ref466:ord0;page274:tag10:entity10:key0000044C:ref466:ord0;page280:tag11:entity10:key0000044C:ref466:ord0;page286:tag11:entity10:key0000044C:ref466:ord0;page298:tag12:entity10:key0000044C:ref466:ord0;page304:tag10:entity10:key0000044C:ref466:ord0;page310:tag12:entity10:key0000044C:ref466:ord0;page316:tag10:entity10:key0000044C:ref466:ord0;page328:tag10:entity10:key0000044C:ref466:ord0;page334:tag13:entity10:key0000044C:ref466:ord0;page340:tag13:entity10:key0000044C:ref466:ord0,死にたくない…いやだ死にたくない…！,…南西の部屋にいる,ひ！ 頼む 落ち着いて話を聞いてくれ！,,…在西南边的房间里,,MATCH,27,27,APPROVED,READY,NOT_TESTED,JPN_PRIMARY; MLG_CN_CONTEXT_AUXILIARY,mechanical template; resource_class=SLOT_OLANG; source_objects=38; review_flag=WEB_TRANSLATED_PENDING_CODEX_CHECK
5D81443C,218,468,468;468;468;468;468;468;468;468;468;468;468;468;468;468;468;468;468;468;468;468;468;468;468;468;468;468;468;468;468;468;468;468;468;468;468;468;468;468,38,,page76:tag17:entity95:key00002A94:ref468:ord0;page82:tag8:entity95:key00002A94:ref468:ord0;page88:tag13:entity95:key00002A94:ref468:ord0;page94:tag13:entity95:key00002A94:ref468:ord0;page100:tag12:entity95:key00002A94:ref468:ord0;page106:tag11:entity95:key00002A94:ref468:ord0;page112:tag10:entity95:key00002A94:ref468:ord0;page118:tag12:entity95:key00002A94:ref468:ord0;page124:tag10:entity95:key00002A94:ref468:ord0;page130:tag12:entity95:key00002A94:ref468:ord0;page136:tag11:entity95:key00002A94:ref468:ord0;page142:tag11:entity95:key00002A94:ref468:ord0;page148:tag10:entity95:key00002A94:ref468:ord0;page154:tag11:entity95:key00002A94:ref468:ord0;page160:tag10:entity95:key00002A94:ref468:ord0;page166:tag10:entity95:key00002A94:ref468:ord0;page172:tag12:entity95:key00002A94:ref468:ord0;page178:tag10:entity95:key00002A94:ref468:ord0;page184:tag10:entity95:key00002A94:ref468:ord0;page202:tag10:entity95:key00002A94:ref468:ord0;page208:tag10:entity95:key00002A94:ref468:ord0;page214:tag11:entity95:key00002A94:ref468:ord0;page220:tag13:entity95:key00002A94:ref468:ord0;page226:tag10:entity95:key00002A94:ref468:ord0;page232:tag12:entity95:key00002A94:ref468:ord0;page244:tag10:entity95:key00002A94:ref468:ord0;page250:tag13:entity95:key00002A94:ref468:ord0;page268:tag10:entity95:key00002A94:ref468:ord0;page274:tag10:entity95:key00002A94:ref468:ord0;page280:tag11:entity95:key00002A94:ref468:ord0;page286:tag11:entity95:key00002A94:ref468:ord0;page298:tag12:entity95:key00002A94:ref468:ord0;page304:tag10:entity95:key00002A94:ref468:ord0;page310:tag12:entity95:key00002A94:ref468:ord0;page316:tag10:entity95:key00002A94:ref468:ord0;page328:tag10:entity95:key00002A94:ref468:ord0;page334:tag13:entity95:key00002A94:ref468:ord0;page340:tag13:entity95:key00002A94:ref468:ord0,…南西の部屋にいる,ひ！ 頼む 落ち着いて話を聞いてくれ！,"俺の持っている情報をやる…
だから見逃してくれ",,噫！ 拜托 冷静下来听我说！,,MATCH,53,38,APPROVED,READY,NOT_TESTED,JPN_PRIMARY; MLG_CN_CONTEXT_AUXILIARY,mechanical template; resource_class=SLOT_OLANG; source_objects=38; review_flag=WEB_TRANSLATED_PENDING_CODEX_CHECK
5D81443C,219,470,470;470;470;470;470;470;470;470;470;470;470;470;470;470;470;470;470;470;470;470;470;470;470;470;470;470;470;470;470;470;470;470;470;470;470;470;470;470,38,,page76:tag17:entity94:key00002A30:ref470:ord0;page82:tag8:entity94:key00002A30:ref470:ord0;page88:tag13:entity94:key00002A30:ref470:ord0;page94:tag13:entity94:key00002A30:ref470:ord0;page100:tag12:entity94:key00002A30:ref470:ord0;page106:tag11:entity94:key00002A30:ref470:ord0;page112:tag10:entity94:key00002A30:ref470:ord0;page118:tag12:entity94:key00002A30:ref470:ord0;page124:tag10:entity94:key00002A30:ref470:ord0;page130:tag12:entity94:key00002A30:ref470:ord0;page136:tag11:entity94:key00002A30:ref470:ord0;page142:tag11:entity94:key00002A30:ref470:ord0;page148:tag10:entity94:key00002A30:ref470:ord0;page154:tag11:entity94:key00002A30:ref470:ord0;page160:tag10:entity94:key00002A30:ref470:ord0;page166:tag10:entity94:key00002A30:ref470:ord0;page172:tag12:entity94:key00002A30:ref470:ord0;page178:tag10:entity94:key00002A30:ref470:ord0;page184:tag10:entity94:key00002A30:ref470:ord0;page202:tag10:entity94:key00002A30:ref470:ord0;page208:tag10:entity94:key00002A30:ref470:ord0;page214:tag11:entity94:key00002A30:ref470:ord0;page220:tag13:entity94:key00002A30:ref470:ord0;page226:tag10:entity94:key00002A30:ref470:ord0;page232:tag12:entity94:key00002A30:ref470:ord0;page244:tag10:entity94:key00002A30:ref470:ord0;page250:tag13:entity94:key00002A30:ref470:ord0;page268:tag10:entity94:key00002A30:ref470:ord0;page274:tag10:entity94:key00002A30:ref470:ord0;page280:tag11:entity94:key00002A30:ref470:ord0;page286:tag11:entity94:key00002A30:ref470:ord0;page298:tag12:entity94:key00002A30:ref470:ord0;page304:tag10:entity94:key00002A30:ref470:ord0;page310:tag12:entity94:key00002A30:ref470:ord0;page316:tag10:entity94:key00002A30:ref470:ord0;page328:tag10:entity94:key00002A30:ref470:ord0;page334:tag13:entity94:key00002A30:ref470:ord0;page340:tag13:entity94:key00002A30:ref470:ord0,ひ！ 頼む 落ち着いて話を聞いてくれ！,"俺の持っている情報をやる…
だから見逃してくれ",ヘルメットは銃弾を防ぐ…,,"我把掌握的情报告诉你…
所以放过我吧",,MATCH,67,52,APPROVED,READY,NOT_TESTED,JPN_PRIMARY; MLG_CN_CONTEXT_AUXILIARY,mechanical template; resource_class=SLOT_OLANG; source_objects=38; review_flag=WEB_TRANSLATED_PENDING_CODEX_CHECK
5D81443C,220,472,472;472;472;472;472;472;472;472;472;472;472;472;472;472;472;472;472;472;472;472;472;472;472;472;472;472;472;472;472;472;472;472;472;472;472;472;472;472,38,,page76:tag17:entity93:key000028A0:ref472:ord0;page82:tag8:entity93:key000028A0:ref472:ord0;page88:tag13:entity93:key000028A0:ref472:ord0;page94:tag13:entity93:key000028A0:ref472:ord0;page100:tag12:entity93:key000028A0:ref472:ord0;page106:tag11:entity93:key000028A0:ref472:ord0;page112:tag10:entity93:key000028A0:ref472:ord0;page118:tag12:entity93:key000028A0:ref472:ord0;page124:tag10:entity93:key000028A0:ref472:ord0;page130:tag12:entity93:key000028A0:ref472:ord0;page136:tag11:entity93:key000028A0:ref472:ord0;page142:tag11:entity93:key000028A0:ref472:ord0;page148:tag10:entity93:key000028A0:ref472:ord0;page154:tag11:entity93:key000028A0:ref472:ord0;page160:tag10:entity93:key000028A0:ref472:ord0;page166:tag10:entity93:key000028A0:ref472:ord0;page172:tag12:entity93:key000028A0:ref472:ord0;page178:tag10:entity93:key000028A0:ref472:ord0;page184:tag10:entity93:key000028A0:ref472:ord0;page202:tag10:entity93:key000028A0:ref472:ord0;page208:tag10:entity93:key000028A0:ref472:ord0;page214:tag11:entity93:key000028A0:ref472:ord0;page220:tag13:entity93:key000028A0:ref472:ord0;page226:tag10:entity93:key000028A0:ref472:ord0;page232:tag12:entity93:key000028A0:ref472:ord0;page244:tag10:entity93:key000028A0:ref472:ord0;page250:tag13:entity93:key000028A0:ref472:ord0;page268:tag10:entity93:key000028A0:ref472:ord0;page274:tag10:entity93:key000028A0:ref472:ord0;page280:tag11:entity93:key000028A0:ref472:ord0;page286:tag11:entity93:key000028A0:ref472:ord0;page298:tag12:entity93:key000028A0:ref472:ord0;page304:tag10:entity93:key000028A0:ref472:ord0;page310:tag12:entity93:key000028A0:ref472:ord0;page316:tag10:entity93:key000028A0:ref472:ord0;page328:tag10:entity93:key000028A0:ref472:ord0;page334:tag13:entity93:key000028A0:ref472:ord0;page340:tag13:entity93:key000028A0:ref472:ord0,"俺の持っている情報をやる…
だから見逃してくれ",ヘルメットは銃弾を防ぐ…,心臓マッサージは連打で回復が早くなる…,,头盔能挡住子弹…,,MATCH,36,24,APPROVED,READY,NOT_TESTED,JPN_PRIMARY; MLG_CN_CONTEXT_AUXILIARY,mechanical template; resource_class=SLOT_OLANG; source_objects=38; review_flag=WEB_TRANSLATED_PENDING_CODEX_CHECK
5D81443C,221,474,474;474;474;474;474;474;474;474;474;474;474;474;474;474;474;474;474;474;474;474;474;474;474;474;474;474;474;474;474;474;474;474;474;474;474;474;474;474,38,,page76:tag17:entity92:key00002710:ref474:ord0;page82:tag8:entity92:key00002710:ref474:ord0;page88:tag13:entity92:key00002710:ref474:ord0;page94:tag13:entity92:key00002710:ref474:ord0;page100:tag12:entity92:key00002710:ref474:ord0;page106:tag11:entity92:key00002710:ref474:ord0;page112:tag10:entity92:key00002710:ref474:ord0;page118:tag12:entity92:key00002710:ref474:ord0;page124:tag10:entity92:key00002710:ref474:ord0;page130:tag12:entity92:key00002710:ref474:ord0;page136:tag11:entity92:key00002710:ref474:ord0;page142:tag11:entity92:key00002710:ref474:ord0;page148:tag10:entity92:key00002710:ref474:ord0;page154:tag11:entity92:key00002710:ref474:ord0;page160:tag10:entity92:key00002710:ref474:ord0;page166:tag10:entity92:key00002710:ref474:ord0;page172:tag12:entity92:key00002710:ref474:ord0;page178:tag10:entity92:key00002710:ref474:ord0;page184:tag10:entity92:key00002710:ref474:ord0;page202:tag10:entity92:key00002710:ref474:ord0;page208:tag10:entity92:key00002710:ref474:ord0;page214:tag11:entity92:key00002710:ref474:ord0;page220:tag13:entity92:key00002710:ref474:ord0;page226:tag10:entity92:key00002710:ref474:ord0;page232:tag12:entity92:key00002710:ref474:ord0;page244:tag10:entity92:key00002710:ref474:ord0;page250:tag13:entity92:key00002710:ref474:ord0;page268:tag10:entity92:key00002710:ref474:ord0;page274:tag10:entity92:key00002710:ref474:ord0;page280:tag11:entity92:key00002710:ref474:ord0;page286:tag11:entity92:key00002710:ref474:ord0;page298:tag12:entity92:key00002710:ref474:ord0;page304:tag10:entity92:key00002710:ref474:ord0;page310:tag12:entity92:key00002710:ref474:ord0;page316:tag10:entity92:key00002710:ref474:ord0;page328:tag10:entity92:key00002710:ref474:ord0;page334:tag13:entity92:key00002710:ref474:ord0;page340:tag13:entity92:key00002710:ref474:ord0,ヘルメットは銃弾を防ぐ…,心臓マッサージは連打で回復が早くなる…,…南の部屋にいる,,心脏按摩时连续按键能加快恢复…,,MATCH,57,45,APPROVED,READY,NOT_TESTED,JPN_PRIMARY; MLG_CN_CONTEXT_AUXILIARY,mechanical template; resource_class=SLOT_OLANG; source_objects=38; review_flag=WEB_TRANSLATED_PENDING_CODEX_CHECK
5D81443C,222,476,476;476;476;476;476;476;476;476;476;476;476;476;476;476;476;476;476;476;476;476;476;476;476;476;476;476;476;476;476;476;476;476;476;476;476;476;476;476,38,,page76:tag17:entity9:key000003E8:ref476:ord0;page82:tag8:entity9:key000003E8:ref476:ord0;page88:tag13:entity9:key000003E8:ref476:ord0;page94:tag13:entity9:key000003E8:ref476:ord0;page100:tag12:entity9:key000003E8:ref476:ord0;page106:tag11:entity9:key000003E8:ref476:ord0;page112:tag10:entity9:key000003E8:ref476:ord0;page118:tag12:entity9:key000003E8:ref476:ord0;page124:tag10:entity9:key000003E8:ref476:ord0;page130:tag12:entity9:key000003E8:ref476:ord0;page136:tag11:entity9:key000003E8:ref476:ord0;page142:tag11:entity9:key000003E8:ref476:ord0;page148:tag10:entity9:key000003E8:ref476:ord0;page154:tag11:entity9:key000003E8:ref476:ord0;page160:tag10:entity9:key000003E8:ref476:ord0;page166:tag10:entity9:key000003E8:ref476:ord0;page172:tag12:entity9:key000003E8:ref476:ord0;page178:tag10:entity9:key000003E8:ref476:ord0;page184:tag10:entity9:key000003E8:ref476:ord0;page202:tag10:entity9:key000003E8:ref476:ord0;page208:tag10:entity9:key000003E8:ref476:ord0;page214:tag11:entity9:key000003E8:ref476:ord0;page220:tag13:entity9:key000003E8:ref476:ord0;page226:tag10:entity9:key000003E8:ref476:ord0;page232:tag12:entity9:key000003E8:ref476:ord0;page244:tag10:entity9:key000003E8:ref476:ord0;page250:tag13:entity9:key000003E8:ref476:ord0;page268:tag10:entity9:key000003E8:ref476:ord0;page274:tag10:entity9:key000003E8:ref476:ord0;page280:tag11:entity9:key000003E8:ref476:ord0;page286:tag11:entity9:key000003E8:ref476:ord0;page298:tag12:entity9:key000003E8:ref476:ord0;page304:tag10:entity9:key000003E8:ref476:ord0;page310:tag12:entity9:key000003E8:ref476:ord0;page316:tag10:entity9:key000003E8:ref476:ord0;page328:tag10:entity9:key000003E8:ref476:ord0;page334:tag13:entity9:key000003E8:ref476:ord0;page340:tag13:entity9:key000003E8:ref476:ord0,心臓マッサージは連打で回復が早くなる…,…南の部屋にいる,や やめてくれ！,,…在南边的房间里,,MATCH,24,24,APPROVED,READY,NOT_TESTED,JPN_PRIMARY; MLG_CN_CONTEXT_AUXILIARY,mechanical template; resource_class=SLOT_OLANG; source_objects=38; review_flag=WEB_TRANSLATED_PENDING_CODEX_CHECK
5D81443C,223,478,478;478;478;478;478;478;478;478;478;478;478;478;478;478;478;478;478;478;478;478;478;478;478;478;478;478;478;478;478;478;478;478;478;478;478;478;478;478,38,,page76:tag17:entity0:key00000064:ref478:ord0;page82:tag8:entity0:key00000064:ref478:ord0;page88:tag13:entity0:key00000064:ref478:ord0;page94:tag13:entity0:key00000064:ref478:ord0;page100:tag12:entity0:key00000064:ref478:ord0;page106:tag11:entity0:key00000064:ref478:ord0;page112:tag10:entity0:key00000064:ref478:ord0;page118:tag12:entity0:key00000064:ref478:ord0;page124:tag10:entity0:key00000064:ref478:ord0;page130:tag12:entity0:key00000064:ref478:ord0;page136:tag11:entity0:key00000064:ref478:ord0;page142:tag11:entity0:key00000064:ref478:ord0;page148:tag10:entity0:key00000064:ref478:ord0;page154:tag11:entity0:key00000064:ref478:ord0;page160:tag10:entity0:key00000064:ref478:ord0;page166:tag10:entity0:key00000064:ref478:ord0;page172:tag12:entity0:key00000064:ref478:ord0;page178:tag10:entity0:key00000064:ref478:ord0;page184:tag10:entity0:key00000064:ref478:ord0;page202:tag10:entity0:key00000064:ref478:ord0;page208:tag10:entity0:key00000064:ref478:ord0;page214:tag11:entity0:key00000064:ref478:ord0;page220:tag13:entity0:key00000064:ref478:ord0;page226:tag10:entity0:key00000064:ref478:ord0;page232:tag12:entity0:key00000064:ref478:ord0;page244:tag10:entity0:key00000064:ref478:ord0;page250:tag13:entity0:key00000064:ref478:ord0;page268:tag10:entity0:key00000064:ref478:ord0;page274:tag10:entity0:key00000064:ref478:ord0;page280:tag11:entity0:key00000064:ref478:ord0;page286:tag11:entity0:key00000064:ref478:ord0;page298:tag12:entity0:key00000064:ref478:ord0;page304:tag10:entity0:key00000064:ref478:ord0;page310:tag12:entity0:key00000064:ref478:ord0;page316:tag10:entity0:key00000064:ref478:ord0;page328:tag10:entity0:key00000064:ref478:ord0;page334:tag13:entity0:key00000064:ref478:ord0;page340:tag13:entity0:key00000064:ref478:ord0,…南の部屋にいる,や やめてくれ！,俺は…き 恐竜を見たことがあるんだ…,,不、不要！,,MATCH,22,15,APPROVED,READY,NOT_TESTED,JPN_PRIMARY; MLG_CN_CONTEXT_AUXILIARY,mechanical template; resource_class=SLOT_OLANG; source_objects=38; review_flag=WEB_TRANSLATED_PENDING_CODEX_CHECK;INDEX_REALIGNED
