resource_class,file_id,scope,unique_index_start,unique_index_end,row_count,all_001c_100_percent,high_value_count,ordinary_count,min_0007_coverage,min_000e_coverage,min_00c7_coverage,max_loading_fixture_similarity,loading_union_similarity,unique_indices,sample_jpn_texts
OHD,1E4C1146,OUTSIDE_LOADING,0,24,25,YES,15,10,66.67%,66.67%,100.00%,0.260870,0.034965,0;1;2;3;4;5;6;7;8;9;10;11;12;13;14;15;16;17;18;19;20;21;22;23;24,まだ終わってない！ || まだ終わってない！！ || まだ終わってない！！！
LOOSE_OLANG,00D0C740,KNOWN_LOADING_FIXTURE,34,56,23,YES,23,0,60.87%,47.83%,100.00%,1.000000,0.139860,34;35;36;37;38;39;40;41;42;43;44;45;46;47;48;49;50;51;52;53;54;55;56,真実を知っても、過去は変えられない。 || あんたは国も身分も過去も理想も、何もかも棄てた。\nしかし、まだ棄ててないものがある。 || 一人の人間が、人間という種の終末を、背負う事なんか出来ない。\nだからこそ、臆病な人類はこの数千年もの間、生き延びてきたんだ。
SLOT_OLANG,5D81E50B,OUTSIDE_LOADING,0,20,21,YES,0,21,100.00%,100.00%,100.00%,0.136364,0.010417,0;1;2;3;4;5;6;7;8;9;10;11;12;13;14;15;16;17;18;19;20,TOTAL: || SOLDIERS || SINGLE
SLOT_OLANG,5D1A33A8,OUTSIDE_LOADING,6,25,20,YES,0,20,100.00%,100.00%,100.00%,0.160000,0.013746,6;7;8;9;10;11;12;13;14;15;16;17;18;19;20;21;22;23;24;25,GATLING GUN || A || POD
SLOT_OLANG,5D83B291,OUTSIDE_LOADING,62,76,15,YES,0,15,100.00%,100.00%,100.00%,0.090909,0.006944,62;63;64;65;66;67;68;69;70;71;72;73;74;75;76,OK || NO || MAP
SLOT_OLANG,5D2362B8,OUTSIDE_LOADING,9,22,14,YES,0,14,100.00%,100.00%,100.00%,0.142857,0.013605,9;10;11;12;13;14;15;16;17;18;19;20;21;22,CREATE HOST || MODE || HOST NAME
SLOT_OLANG,5D74A6CA,OUTSIDE_LOADING,7,20,14,YES,0,14,100.00%,100.00%,100.00%,0.125000,0.010345,7;8;9;10;11;12;13;14;15;16;17;18;19;20,OTHERS || ITEM || SORT
STAGEDAT_OLANG,LANG_MYOUTER_DEVELOP.OLANG,OUTSIDE_LOADING,7,20,14,YES,0,14,100.00%,100.00%,100.00%,0.125000,0.010345,7;8;9;10;11;12;13;14;15;16;17;18;19;20,OTHERS || ITEM || SORT
LOOSE_OLANG,00D0C740,KNOWN_LOADING_FIXTURE,20,32,13,YES,13,0,71.88%,68.75%,100.00%,1.000000,0.136364,20;21;22;23;24;25;26;27;28;29;30;31;32,私が知りたいのはひとつ。“真実”だ。  || 創られた虚構ではなく…。\nボスの真実…最期のボスの意志を確かめたい。\nそれこそお前が知りたい事でもあるはずだ。 || 愛した彼女に答えを聴くまで死ぬことも出来ない…。\nお前と同じ、生ける屍だ。
LOOSE_OLANG,007E2F18,OUTSIDE_LOADING,260,271,12,YES,12,0,75.00%,61.11%,100.00%,1.000000,0.139860,260;261;262;263;264;265;266;267;268;269;270;271,愛した彼女に答えを聴くまで死ぬことも出来ない…。\nお前と同じ、生ける屍だ。 || 任務という権力のために真の英雄を殺した。\nそれがお前の“忠”か？ || 知っているぞ。\n10年前 お前が何をしたのかも。\nさあ 同じように殺せ。\nボスと同じように。
SLOT_OLANG,5D56A63D,OUTSIDE_LOADING,655,666,12,YES,0,12,100.00%,100.00%,100.00%,0.120000,0.010309,655;656;657;658;659;660;661;662;663;664;665;666,ESCORT || MECHANIC || F.POW
STAGEDAT_OLANG,LANG_ITEM_TEXT.OLANG,OUTSIDE_LOADING,655,666,12,YES,0,12,100.00%,100.00%,100.00%,0.120000,0.010309,655;656;657;658;659;660;661;662;663;664;665;666,ESCORT || MECHANIC || F.POW
SLOT_OLANG,5D52E4F8,OUTSIDE_LOADING,355,365,11,YES,0,11,100.00%,100.00%,100.00%,0.166667,0.013793,355;356;357;358;359;360;361;362;363;364;365,SMK G.(G) || K.PISTOL || SMK G.(B)
SLOT_OLANG,5D68BF67,OUTSIDE_LOADING,8,18,11,YES,0,11,100.00%,100.00%,100.00%,0.130435,0.010381,8;9;10;11;12;13;14;15;16;17;18,BATTLE DRESS || LIFE: || CO-OPS COMM.
STAGEDAT_OLANG,LANG_CHARAEDIT.OLANG,OUTSIDE_LOADING,8,18,11,YES,0,11,100.00%,100.00%,100.00%,0.130435,0.010381,8;9;10;11;12;13;14;15;16;17;18,BATTLE DRESS || LIFE: || CO-OPS COMM.
STAGEDAT_OLANG,LANG_WEAPON_TEXT.OLANG,OUTSIDE_LOADING,355,365,11,YES,0,11,100.00%,100.00%,100.00%,0.166667,0.013793,355;356;357;358;359;360;361;362;363;364;365,SMK G.(G) || K.PISTOL || SMK G.(B)
SLOT_OLANG,5D74A6CA,OUTSIDE_LOADING,129,138,10,YES,0,10,100.00%,100.00%,100.00%,0.148148,0.013652,129;130;131;132;133;134;135;136;137;138,SUBMACHINE GUN || SNIPER RIFLE || SHOTGUN
STAGEDAT_OLANG,LANG_MYOUTER_DEVELOP.OLANG,OUTSIDE_LOADING,129,138,10,YES,0,10,100.00%,100.00%,100.00%,0.148148,0.013652,129;130;131;132;133;134;135;136;137;138,SUBMACHINE GUN || SNIPER RIFLE || SHOTGUN
OHD,1E4C1146,OUTSIDE_LOADING,79,87,9,YES,4,5,50.00%,75.00%,100.00%,0.111111,0.017483,79;80;81;82;83;84;85;86;87,感じるぞ || 感じるぞ！ || 感じるぞ！！
SLOT_OLANG,5D2E0FEE,OUTSIDE_LOADING,90,98,9,YES,0,9,100.00%,100.00%,100.00%,0.166667,0.013793,90;91;92;93;94;95;96;97;98,BLUE || BLACK || S
SLOT_OLANG,5D52E4F8,OUTSIDE_LOADING,314,322,9,YES,0,9,100.00%,100.00%,100.00%,0.086957,0.006920,314;315;316;317;318;319;320;321;322,CANNON || MISSILE || E.CHARGE
SLOT_OLANG,5D56AA31,OUTSIDE_LOADING,0,8,9,YES,0,9,100.00%,100.00%,100.00%,0.125000,0.010345,0;1;2;3;4;5;6;7;8,UNKNOWN || STAMINA || SOLDIERS
SLOT_OLANG,5D83B291,OUTSIDE_LOADING,150,158,9,YES,0,9,100.00%,100.00%,100.00%,0.166667,0.013793,150;151;152;153;154;155;156;157;158,TDM || RES || DM
SLOT_OLANG,5DC48887,OUTSIDE_LOADING,37,45,9,YES,0,9,100.00%,100.00%,100.00%,0.086957,0.006920,37;38;39;40;41;42;43;44;45,CANNON || MISSILE || E.CHARGE
STAGEDAT_OLANG,LANG_MYOUTER_DEVELOP_METAL.OLANG,OUTSIDE_LOADING,90,98,9,YES,0,9,100.00%,100.00%,100.00%,0.166667,0.013793,90;91;92;93;94;95;96;97;98,BLUE || BLACK || S
STAGEDAT_OLANG,LANG_WEAPON_SHORT_NAME.OLANG,OUTSIDE_LOADING,37,45,9,YES,0,9,100.00%,100.00%,100.00%,0.086957,0.006920,37;38;39;40;41;42;43;44;45,CANNON || MISSILE || E.CHARGE
STAGEDAT_OLANG,LANG_WEAPON_TEXT.OLANG,OUTSIDE_LOADING,314,322,9,YES,0,9,100.00%,100.00%,100.00%,0.086957,0.006920,314;315;316;317;318;319;320;321;322,CANNON || MISSILE || E.CHARGE
LOOSE_OLANG,00D0C740,OUTSIDE_LOADING,0,7,8,YES,5,3,87.50%,50.00%,100.00%,0.213115,0.109677,0;1;2;3;4;5;6;7,CO-OPS MEMBER`S FRIENDS || TO GAME SELECT || CO-OPS MEMBER
SLOT_OLANG,5DA7D877,OUTSIDE_LOADING,0,7,8,YES,0,8,100.00%,100.00%,100.00%,0.137931,0.013559,0;1;2;3;4;5;6;7,CAFETAL AROMA ENCANTADO || CAFETAL AROMA ENCANTADO: ENTRANCE || TARGET
SLOT_OLANG,5DC48887,OUTSIDE_LOADING,82,89,8,YES,0,8,100.00%,100.00%,100.00%,0.125000,0.010345,82;83;84;85;86;87;88;89,SMK G.(G) || K.PISTOL || SMK G.(B)
SLOT_OLANG,5DD9B1F3,OUTSIDE_LOADING,23,30,8,YES,0,8,100.00%,100.00%,100.00%,0.041667,0.003448,23;24;25;26;27;28;29;30,$1 (WED) || $1 (TUE) || $1 (THU)
SLOT_OLANG,5DDFF0A5,OUTSIDE_LOADING,1,8,8,YES,4,4,75.00%,80.00%,100.00%,0.150000,0.024476,1;2;3;4;5;6;7;8,うにゃ？ うにゃにゃ…？ || うん… || えっ！？
SLOT_OLANG,5DE6EF4C,OUTSIDE_LOADING,5,12,8,YES,0,8,100.00%,100.00%,100.00%,0.083333,0.006897,5;6;7;8;9;10;11;12,PUMA || PIRANHA || ORCA
STAGEDAT_OLANG,LANG_GETTITLE_INSIGNIA_LIST.OLANG,OUTSIDE_LOADING,5,12,8,YES,0,8,100.00%,100.00%,100.00%,0.083333,0.006897,5;6;7;8;9;10;11;12,PUMA || PIRANHA || ORCA
STAGEDAT_OLANG,LANG_WEAPON_SHORT_NAME.OLANG,OUTSIDE_LOADING,82,89,8,YES,0,8,100.00%,100.00%,100.00%,0.125000,0.010345,82;83;84;85;86;87;88;89,SMK G.(G) || K.PISTOL || SMK G.(B)
LOOSE_OLANG,007E2F18,OUTSIDE_LOADING,152,158,7,YES,0,7,100.00%,100.00%,100.00%,0.130435,0.010381,152;153;154;155;156;157;158,GOLD || UB-NINO || NKD(DPM)
SLOT_OLANG,5D1A33A6,OUTSIDE_LOADING,10,16,7,YES,0,7,100.00%,100.00%,100.00%,0.050000,0.003497,10;11;12;13;14;15;16,M || ATTACK || A
SLOT_OLANG,5D1A33A9,OUTSIDE_LOADING,7,13,7,YES,0,7,100.00%,100.00%,100.00%,0.050000,0.003497,7;8;9;10;11;12;13,M || ATTACK || A
SLOT_OLANG,5D1A33AA,OUTSIDE_LOADING,7,13,7,YES,0,7,100.00%,100.00%,100.00%,0.050000,0.003497,7;8;9;10;11;12;13,M || ATTACK || A
SLOT_OLANG,5D2E0FEE,OUTSIDE_LOADING,27,33,7,YES,0,7,100.00%,100.00%,100.00%,0.115385,0.010274,27;28;29;30;31;32;33,SAND || SALMON PINK || SAGE GREEN
SLOT_OLANG,5D56A63D,OUTSIDE_LOADING,718,724,7,YES,0,7,100.00%,100.00%,100.00%,0.083333,0.006897,718;719;720;721;722;723;724,AUSCAM || CHOCO-CHIP || WATER
SLOT_OLANG,5D5CAF77,OUTSIDE_LOADING,9,15,7,YES,0,7,100.00%,100.00%,100.00%,0.111111,0.010239,9;10;11;12;13;14;15,WEAPON || USE: || STN
SLOT_OLANG,5D74A6CA,OUTSIDE_LOADING,66,72,7,YES,0,7,100.00%,100.00%,100.00%,0.071429,0.006803,66;67;68;69;70;71;72,MECHA SELECTOR || MECHA || WEAPON
SLOT_OLANG,5D83B291,OUTSIDE_LOADING,49,55,7,YES,0,7,100.00%,100.00%,100.00%,0.043478,0.003460,49;50;51;52;53;54;55,WAIT || TIME || TICKET
SLOT_OLANG,5D8AED23,OUTSIDE_LOADING,7,13,7,YES,0,7,100.00%,100.00%,100.00%,0.125000,0.010345,7;8;9;10;11;12;13,GREETINGS || ETC || OTHER COMMANDS
SLOT_OLANG,5D97F0B2,OUTSIDE_LOADING,1,7,7,YES,0,7,100.00%,100.00%,100.00%,0.080000,0.006873,1;2;3;4;5;6;7,BACK || FRONT || UNIT MODE
SLOT_OLANG,5DA7D879,OUTSIDE_LOADING,0,6,7,YES,0,7,100.00%,100.00%,100.00%,0.148148,0.013652,0;1;2;3;4;5;6,COSTA RICAN COAST || TARGET || SNAKE
SLOT_OLANG,5DA7D87B,OUTSIDE_LOADING,0,6,7,YES,0,7,100.00%,100.00%,100.00%,0.153846,0.013699,0;1;2;3;4;5;6,SHOOTING RANGE || TARGET || SNAKE
SLOT_OLANG,5DD9B1F3,OUTSIDE_LOADING,1,7,7,YES,0,7,100.00%,100.00%,100.00%,0.136364,0.010417,1;2;3;4;5;6;7,PRESET WORDS:%d || STAMP CARD || PRESET ITEMS:%d
STAGEDAT_OLANG,LANG_DEMOTELOP2.OLANG,OUTSIDE_LOADING,9,15,7,YES,0,7,100.00%,100.00%,100.00%,0.125000,0.010345,9;10;11;12;13;14;15,KIKUKO INOUE || HOCHU OTSUKA || MUGIHITO
STAGEDAT_OLANG,LANG_ITEM_TEXT.OLANG,OUTSIDE_LOADING,718,724,7,YES,0,7,100.00%,100.00%,100.00%,0.083333,0.006897,718;719;720;721;722;723;724,AUSCAM || CHOCO-CHIP || WATER
STAGEDAT_OLANG,LANG_MYOUTER_DEVELOP.OLANG,OUTSIDE_LOADING,66,72,7,YES,0,7,100.00%,100.00%,100.00%,0.071429,0.006803,66;67;68;69;70;71;72,MECHA SELECTOR || MECHA || WEAPON
STAGEDAT_OLANG,LANG_MYOUTER_DEVELOP_METAL.OLANG,OUTSIDE_LOADING,27,33,7,YES,0,7,100.00%,100.00%,100.00%,0.115385,0.010274,27;28;29;30;31;32;33,SAND || SALMON PINK || SAGE GREEN
STAGEDAT_OLANG,LANG_SYSTEM.OLANG,OUTSIDE_LOADING,9,15,7,YES,0,7,100.00%,100.00%,100.00%,0.111111,0.010239,9;10;11;12;13;14;15,WEAPON || USE: || STN
STAGEDAT_OLANG,LANG_TITLEMENU.OLANG,OUTSIDE_LOADING,0,6,7,YES,0,7,100.00%,100.00%,100.00%,0.130435,0.010381,0;1;2;3;4;5;6,PRESS START BUTTON || DATA INSTALL || OPTIONS
SLOT_OLANG,5D15C941,OUTSIDE_LOADING,6,11,6,YES,0,6,100.00%,100.00%,100.00%,0.045455,0.003472,6;7;8;9;10;11,TRD || POW || NML
SLOT_OLANG,5D1A33A7,OUTSIDE_LOADING,6,11,6,YES,0,6,100.00%,100.00%,100.00%,0.050000,0.003497,6;7;8;9;10;11,POD || P || ATTACK
SLOT_OLANG,5D1DF209,OUTSIDE_LOADING,72,77,6,YES,0,6,100.00%,100.00%,100.00%,0.181818,0.010381,72;73;74;75;76;77,HOST SEARCH || CLIENT SEARCH || はい
SLOT_OLANG,5D2E0FEE,OUTSIDE_LOADING,50,55,6,YES,0,6,100.00%,100.00%,100.00%,0.120000,0.010309,50;51;52;53;54;55,PART02 || PART01 || COLOR PAINT
SLOT_OLANG,5D56A63D,OUTSIDE_LOADING,691,696,6,YES,0,6,100.00%,100.00%,100.00%,0.071429,0.006803,691;692;693;694;695;696,NKD(CHOCO) || NKD(WATR) || NKD(TIGER)
SLOT_OLANG,5D56A63D,OUTSIDE_LOADING,698,703,6,YES,0,6,100.00%,100.00%,100.00%,0.037037,0.003413,698;699;700;701;702;703,NKD(RED) || NKD(WHITE) || NKD(N.BLU)
SLOT_OLANG,5DA57090,OUTSIDE_LOADING,264,269,6,YES,5,1,83.33%,66.67%,100.00%,0.200000,0.027972,264;265;266;267;268;269,やられたのか！？ || 食い止めろ！ || やめろっ！
SLOT_OLANG,5DB4D9C8,OUTSIDE_LOADING,42,47,6,YES,0,6,100.00%,100.00%,100.00%,0.083333,0.006897,42;43;44;45;46;47,ESCORT || MECHANIC || F.POW
SLOT_OLANG,5DB4D9C8,OUTSIDE_LOADING,86,91,6,YES,0,6,100.00%,100.00%,100.00%,0.071429,0.006803,86;87;88;89;90;91,NKD(CHOCO) || NKD(WATR) || NKD(TIGER)
SLOT_OLANG,5DB83C7B,OUTSIDE_LOADING,5,10,6,YES,0,6,100.00%,100.00%,100.00%,0.153846,0.013699,5;6;7;8;9;10,REMAINING TARGETS || OCCUPIED BASES || REMAINING ENEMIES
SLOT_OLANG,5DDFF0A5,OUTSIDE_LOADING,39,44,6,YES,6,0,50.00%,80.00%,100.00%,0.227273,0.027972,39;40;41;42;43;44,何してるの？ || どうして？ || 何するの！？
SLOT_OLANG,5DDFF0A5,OUTSIDE_LOADING,57,62,6,YES,4,2,75.00%,33.33%,100.00%,0.250000,0.034965,57;58;59;60;61;62,えっ？ || やだ…ダメ… || そんなに…見たいの？
STAGEDAT_OLANG,LANG_ITEM_SHORT_NAME.OLANG,OUTSIDE_LOADING,42,47,6,YES,0,6,100.00%,100.00%,100.00%,0.083333,0.006897,42;43;44;45;46;47,ESCORT || MECHANIC || F.POW
STAGEDAT_OLANG,LANG_ITEM_SHORT_NAME.OLANG,OUTSIDE_LOADING,86,91,6,YES,0,6,100.00%,100.00%,100.00%,0.071429,0.006803,86;87;88;89;90;91,NKD(CHOCO) || NKD(WATR) || NKD(TIGER)
STAGEDAT_OLANG,LANG_ITEM_TEXT.OLANG,OUTSIDE_LOADING,691,696,6,YES,0,6,100.00%,100.00%,100.00%,0.071429,0.006803,691;692;693;694;695;696,NKD(CHOCO) || NKD(WATR) || NKD(TIGER)
STAGEDAT_OLANG,LANG_ITEM_TEXT.OLANG,OUTSIDE_LOADING,698,703,6,YES,0,6,100.00%,100.00%,100.00%,0.037037,0.003413,698;699;700;701;702;703,NKD(RED) || NKD(WHITE) || NKD(N.BLU)
STAGEDAT_OLANG,LANG_MYOUTER_DEVELOP_METAL.OLANG,OUTSIDE_LOADING,50,55,6,YES,0,6,100.00%,100.00%,100.00%,0.120000,0.010309,50;51;52;53;54;55,PART02 || PART01 || COLOR PAINT
STAGEDAT_OLANG,LANG_MYOUTER_STAFF.OLANG,OUTSIDE_LOADING,6,11,6,YES,0,6,100.00%,100.00%,100.00%,0.045455,0.003472,6;7;8;9;10;11,TRD || POW || NML
YPK_GTT,1C7679A5,OUTSIDE_LOADING,193,198,6,YES,3,3,57.14%,57.14%,100.00%,0.314286,0.055944,193;194;195;196;197;198,殺したのか… || 戦士の宿命か… || 殺したの…？
LOOSE_OLANG,007E2F18,OUTSIDE_LOADING,146,150,5,YES,0,5,100.00%,100.00%,100.00%,0.120000,0.010309,146;147;148;149;150,MHT-K.MA || UB-RIKU || MHT-K.DAMA
LOOSE_OLANG,007E2F18,OUTSIDE_LOADING,160,164,5,YES,0,5,100.00%,100.00%,100.00%,0.037037,0.003413,160;161;162;163;164,NKD(RED) || NKD(WHITE) || NKD(N.BLU)
LOOSE_OLANG,007E2F18,OUTSIDE_LOADING,166,170,5,YES,0,5,100.00%,100.00%,100.00%,0.043478,0.003460,166;167;168;169;170,COMRADE || TREE BARK || WATER
LOOSE_OLANG,007E2F18,OUTSIDE_LOADING,409,413,5,YES,2,3,100.00%,50.00%,100.00%,0.192308,0.030822,409;410;411;412;413,タイトルメニューに戻りますか？ || CANCEL || <I=CAN> 戻る
SLOT_OLANG,5D06C8DE,OUTSIDE_LOADING,118,122,5,YES,0,5,100.00%,100.00%,100.00%,0.130435,0.010381,118;119;120;121;122,LOG || OPTIONS || MOTHER-BASE DATA
SLOT_OLANG,5D1DF209,OUTSIDE_LOADING,44,48,5,YES,0,5,100.00%,100.00%,100.00%,0.125000,0.010345,44;45;46;47;48,MAIN OPS || MAP SELECT || DEMO OPS
SLOT_OLANG,5D2362B8,OUTSIDE_LOADING,3,7,5,YES,0,5,100.00%,100.00%,100.00%,0.076923,0.006849,3;4;5;6;7,MAP || RULE || ST.
SLOT_OLANG,5D2E0FEE,OUTSIDE_LOADING,67,71,5,YES,0,5,100.00%,100.00%,100.00%,0.080000,0.010381,67;68;69;70;71,LINE02 || LINE01 || LIME GREEN
SLOT_OLANG,5D3B0112,OUTSIDE_LOADING,6,10,5,YES,5,0,84.62%,80.00%,100.00%,0.269231,0.048951,6;7;8;9;10,やめて！　そうじゃない！ || 俺は…　愛する人を…　この手で…！ || もうやめて！　…やめて！
SLOT_OLANG,5D52E4F8,OUTSIDE_LOADING,302,306,5,YES,0,5,100.00%,100.00%,100.00%,0.076923,0.010381,302;303;304;305;306,M10(SP) || SPAS-12 || MK.22
SLOT_OLANG,5D52E4F8,OUTSIDE_LOADING,343,347,5,YES,0,5,100.00%,100.00%,100.00%,0.125000,0.010345,343;344;345;346;347,DNGK GAMES || DPS(R) || FAMITSU
SLOT_OLANG,5D56A63D,OUTSIDE_LOADING,735,739,5,YES,0,5,100.00%,100.00%,100.00%,0.125000,0.010417,735;736;737;738;739,TIG-FANG-G || LIO-WING-G || CG.FLTN AM
SLOT_OLANG,5D56A63D,OUTSIDE_LOADING,756,760,5,YES,0,5,100.00%,100.00%,100.00%,0.120000,0.013793,756;757;758;759;760,12G.(RBR) || MATE || BT.RATION
SLOT_OLANG,5D5A5B84,OUTSIDE_LOADING,0,4,5,YES,0,5,100.00%,100.00%,100.00%,0.130435,0.010381,0;1;2;3;4,SINGLE || NEW || -
SLOT_OLANG,5D83B291,OUTSIDE_LOADING,0,4,5,YES,0,5,100.00%,100.00%,100.00%,0.125000,0.010345,0;1;2;3;4,SELECT BASE || RED - $1 || NEUTRAL - $1
SLOT_OLANG,5D9A9677,OUTSIDE_LOADING,11,15,5,YES,0,5,100.00%,100.00%,100.00%,0.045455,0.003472,11;12;13;14;15,RELOAD || UNLOCK || LOCK
SLOT_OLANG,5DA57090,OUTSIDE_LOADING,280,284,5,YES,3,2,83.33%,85.71%,100.00%,0.307692,0.024476,280;281;282;283;284,ああ… || 敵がいるぞ！ || なにもないか…
SLOT_OLANG,5DA7D87A,OUTSIDE_LOADING,6,10,5,YES,0,5,100.00%,100.00%,100.00%,0.103448,0.010169,6;7;8;9;10,MAIN MAINTENANCE DOCK || ROOFTOP || SMALL MAINTENANCE DOCK
SLOT_OLANG,5DB96275,OUTSIDE_LOADING,72,76,5,YES,0,5,100.00%,100.00%,100.00%,0.086957,0.006920,72;73;74;75;76,PROFILE || NEW || HEROES
SLOT_OLANG,5DC48887,OUTSIDE_LOADING,68,72,5,YES,0,5,100.00%,100.00%,100.00%,0.090909,0.006944,68;69;70;71;72,DNGK GAMES || DPS(R) || FAMITSU
SLOT_OLANG,5DC48887,OUTSIDE_LOADING,116,120,5,YES,0,5,100.00%,100.00%,100.00%,0.064516,0.006969,116;117;118;119;120,M21 || M1C (MR) || M1C
SLOT_OLANG,5DDFF09B,OUTSIDE_LOADING,29,33,5,YES,3,2,93.33%,83.33%,100.00%,0.242424,0.048780,29;30;31;32;33,まだまだやれる！ || そうだな やれる！ || ああ 俺たちの戦いは\n始まったばかりだ
SLOT_OLANG,5DDFF09B,OUTSIDE_LOADING,94,98,5,YES,2,3,100.00%,80.00%,100.00%,0.238095,0.031469,94;95;96;97;98,どこにだ？ || まさか ボス… || そんなものはない
SLOT_OLANG,5DDFF0A5,OUTSIDE_LOADING,11,15,5,YES,2,3,100.00%,75.00%,100.00%,0.200000,0.027972,11;12;13;14;15,う うん… || まいりました || どういうこと？
STAGEDAT_OLANG,LANG_ITEM_TEXT.OLANG,OUTSIDE_LOADING,735,739,5,YES,0,5,100.00%,100.00%,100.00%,0.125000,0.010417,735;736;737;738;739,TIG-FANG-G || LIO-WING-G || CG.FLTN AM
STAGEDAT_OLANG,LANG_ITEM_TEXT.OLANG,OUTSIDE_LOADING,756,760,5,YES,0,5,100.00%,100.00%,100.00%,0.120000,0.013793,756;757;758;759;760,12G.(RBR) || MATE || BT.RATION
STAGEDAT_OLANG,LANG_MYOUTER_DEVELOP_METAL.OLANG,OUTSIDE_LOADING,67,71,5,YES,0,5,100.00%,100.00%,100.00%,0.080000,0.010381,67;68;69;70;71,LINE02 || LINE01 || LIME GREEN
STAGEDAT_OLANG,LANG_MYOUTER_TOP.OLANG,OUTSIDE_LOADING,118,122,5,YES,0,5,100.00%,100.00%,100.00%,0.130435,0.010381,118;119;120;121;122,LOG || OPTIONS || MOTHER-BASE DATA
STAGEDAT_OLANG,LANG_PW_COMMON.OLANG,OUTSIDE_LOADING,0,4,5,YES,0,5,100.00%,100.00%,100.00%,0.130435,0.010381,0;1;2;3;4,SINGLE || NEW || -
STAGEDAT_OLANG,LANG_SYNC.OLANG,OUTSIDE_LOADING,11,15,5,YES,0,5,100.00%,100.00%,100.00%,0.045455,0.003472,11;12;13;14;15,RELOAD || UNLOCK || LOCK
STAGEDAT_OLANG,LANG_WEAPON_SHORT_NAME.OLANG,OUTSIDE_LOADING,68,72,5,YES,0,5,100.00%,100.00%,100.00%,0.090909,0.006944,68;69;70;71;72,DNGK GAMES || DPS(R) || FAMITSU
STAGEDAT_OLANG,LANG_WEAPON_SHORT_NAME.OLANG,OUTSIDE_LOADING,116,120,5,YES,0,5,100.00%,100.00%,100.00%,0.064516,0.006969,116;117;118;119;120,M21 || M1C (MR) || M1C
STAGEDAT_OLANG,LANG_WEAPON_TEXT.OLANG,OUTSIDE_LOADING,302,306,5,YES,0,5,100.00%,100.00%,100.00%,0.076923,0.010381,302;303;304;305;306,M10(SP) || SPAS-12 || MK.22
STAGEDAT_OLANG,LANG_WEAPON_TEXT.OLANG,OUTSIDE_LOADING,343,347,5,YES,0,5,100.00%,100.00%,100.00%,0.125000,0.010345,343;344;345;346;347,DNGK GAMES || DPS(R) || FAMITSU
BRIEFING,BRIEFING_FILES_BLOCK_062D50,OUTSIDE_LOADING,32,35,4,YES,1,3,72.22%,77.78%,100.00%,1.000000,0.062937,32;33;34;35,なんなのここの人達、味覚の野蛮人だらけじゃない！\n || ああ、よしよしよしよし。\n || ありがとう。あんたいい人だよ。\n
BRIEFING,BRIEFING_FILES_BLOCK_064AE0,OUTSIDE_LOADING,8,11,4,YES,3,1,33.33%,33.33%,100.00%,0.360000,0.052448,8;9;10;11,博士？\n || …僕は、歩けない。\n || うん？\n
BRIEFING,BRIEFING_MISSION_BLOCK_36DD60,OUTSIDE_LOADING,21,24,4,YES,3,1,81.25%,68.75%,100.00%,0.615385,0.065972,21;22;23;24,ああ。\n || だから、平和という状態は、\n自分で創らなければいけない。\n || 嘆いていても、平和はやってこないし、続かない。\n
LOOSE_OLANG,007E2F18,OUTSIDE_LOADING,141,144,4,YES,0,4,100.00%,100.00%,100.00%,0.173913,0.013841,141;142;143;144,ブラック || MHT-K.CHU || MHT-K.TOMO
LOOSE_OLANG,007E2F18,OUTSIDE_LOADING,924,927,4,YES,0,4,100.00%,100.00%,100.00%,0.111111,0.013699,924;925;926;927,CO-OPS || ・NAKED || ・BATTLE DRESS
OHD,1E4C1146,OUTSIDE_LOADING,71,74,4,YES,4,0,100.00%,87.50%,100.00%,0.192308,0.031469,71;72;73;74,おまえならやれる || おまえならやれる！ || おまえならやれる！！
OHD,1E4C1146,OUTSIDE_LOADING,96,99,4,YES,4,0,83.33%,66.67%,100.00%,0.156250,0.024476,96;97;98;99,耐えてみせる || 耐えてみせる！ || 耐えてみせる！！
OHD,1E4C1146,OUTSIDE_LOADING,104,107,4,YES,0,4,100.00%,100.00%,100.00%,0.200000,0.024476,104;105;106;107,はいだらー || はいだらー！ || すまなかった
OHD,1E4C1146,OUTSIDE_LOADING,139,142,4,YES,2,2,66.67%,66.67%,100.00%,0.136364,0.013986,139;140;141;142,ん？ || いいぞ！ || そうだ！
OHD,1E4C1146,OUTSIDE_LOADING,175,178,4,YES,3,1,75.00%,75.00%,100.00%,0.227273,0.031469,175;176;177;178,来るぞ！ || おーい || 答えてくれないか？
SLOT_OLANG,5D09325F,OUTSIDE_LOADING,18,21,4,YES,0,4,100.00%,100.00%,100.00%,0.166667,0.016892,18;19;20;21,ELIMINATE THE GUARDS || COCOON BATTLE || INFILTRATE THE UNDERGROUND BASE
SLOT_OLANG,5D09325F,OUTSIDE_LOADING,42,45,4,YES,0,4,100.00%,100.00%,100.00%,0.107143,0.010204,42;43;44;45,BASE DEFENSE || POW DEFENSE || TARGET DEMOLITION
SLOT_OLANG,5D09325F,OUTSIDE_LOADING,47,50,4,YES,0,4,100.00%,100.00%,100.00%,0.083333,0.006897,47;48;49;50,ELIMINATE THE KIDNAPPERS || HOLD UP || ITEM RUNNER
SLOT_OLANG,5D140CA7,OUTSIDE_LOADING,4,7,4,YES,0,4,100.00%,100.00%,100.00%,0.130435,0.010381,4;5;6;7,GROUP C || GROUP D || GROUP B
SLOT_OLANG,5D140CA7,OUTSIDE_LOADING,62,65,4,YES,0,4,100.00%,100.00%,100.00%,0.086957,0.006920,62;63;64;65,SPIRIT || CAMOUFLAGE || CHARA
SLOT_OLANG,5D218EA9,OUTSIDE_LOADING,2,5,4,YES,0,4,100.00%,100.00%,100.00%,0.080000,0.006873,2;3;4;5,(WM-2) || (TPS-L2) || MUSIC LIST
SLOT_OLANG,5D2362B8,OUTSIDE_LOADING,41,44,4,YES,0,4,100.00%,100.00%,100.00%,0.083333,0.006897,41;42;43;44,INSERT || EDIT || DELETE
SLOT_OLANG,5D2362B8,OUTSIDE_LOADING,184,187,4,YES,0,4,100.00%,100.00%,100.00%,0.062500,0.006993,184;185;186;187,20 || 2 || 10
SLOT_OLANG,5D24C900,OUTSIDE_LOADING,0,3,4,YES,0,4,100.00%,100.00%,100.00%,0.076923,0.006849,0;1;2;3,USER NAME || SEARCH HOST || CREATE HOST
SLOT_OLANG,5D2E0FEE,OUTSIDE_LOADING,21,24,4,YES,0,4,100.00%,100.00%,100.00%,0.043478,0.003460,21;22;23;24,CONTROL || ATTACK || STATUS
SLOT_OLANG,5D396407,OUTSIDE_LOADING,43,46,4,YES,0,4,100.00%,100.00%,100.00%,0.148148,0.013652,43;44;45;46,KIKUKO INOUE || HOCHU OTSUKA\nMUGIHITO || MISA WATANABE\nOSAMU SAKA\nTAKESHI AONO
SLOT_OLANG,5D3AFD0D,OUTSIDE_LOADING,26,29,4,YES,4,0,83.33%,66.67%,100.00%,0.166667,0.031359,26;27;28;29,…声？ || …あんな声 録らなければ…  || 何があった？
SLOT_OLANG,5D3AFD2D,OUTSIDE_LOADING,13,16,4,YES,3,1,84.21%,87.50%,100.00%,0.593750,0.066434,13;14;15;16,殺せ！ || ボスと同じように || さあ 同じように殺せ
SLOT_OLANG,5D3AFD2D,OUTSIDE_LOADING,18,21,4,YES,4,0,66.67%,50.00%,100.00%,0.607143,0.059441,18;19;20;21,答えろ！ || それがお前の“忠”か？ || 任務という権力のために真の英雄を殺した
SLOT_OLANG,5D3AFDED,OUTSIDE_LOADING,26,29,4,YES,1,3,83.33%,100.00%,100.00%,0.181818,0.020979,26;27;28;29,いいえ || 俺に殺された  || そして
SLOT_OLANG,5D56A63D,OUTSIDE_LOADING,681,684,4,YES,0,4,100.00%,100.00%,100.00%,0.125000,0.010345,681;682;683;684,BIKINI TOP || SWIM TRNKS || AMANDA
SLOT_OLANG,5D56A63D,OUTSIDE_LOADING,713,716,4,YES,0,4,100.00%,100.00%,100.00%,0.080000,0.006873,713;714;715;716,COMRADE || SNAKE || SPLITTER
SLOT_OLANG,5D56A63D,OUTSIDE_LOADING,793,796,4,YES,0,4,100.00%,100.00%,100.00%,0.083333,0.006897,793;794;795;796,SHLD(G) || SHLD(B) || SHLD(R)
SLOT_OLANG,5D5A5B84,OUTSIDE_LOADING,30,33,4,YES,1,3,100.00%,80.00%,100.00%,0.111111,0.006993,30;31;32;33,いいえ || キャンセル || ENTER
SLOT_OLANG,5D74A6CA,OUTSIDE_LOADING,74,77,4,YES,0,4,100.00%,100.00%,100.00%,0.074074,0.006826,74;75;76;77,LIFE || ID || TANK
SLOT_OLANG,5D83B291,OUTSIDE_LOADING,13,16,4,YES,0,4,100.00%,100.00%,100.00%,0.111111,0.010239,13;14;15;16,KICK || GO || PUSH START BUTTON
SLOT_OLANG,5D83B291,OUTSIDE_LOADING,57,60,4,YES,0,4,100.00%,100.00%,100.00%,0.086957,0.006920,57;58;59;60,SCORE || RULE || ROUND
SLOT_OLANG,5D83B291,OUTSIDE_LOADING,96,99,4,YES,0,4,100.00%,100.00%,100.00%,0.076923,0.006849,96;97;98;99,CONTROL || ROUND $1 || RESULT
SLOT_OLANG,5D97F0B2,OUTSIDE_LOADING,180,183,4,YES,0,4,100.00%,100.00%,100.00%,0.136364,0.010417,180;181;182;183,MSF || SUPPORT PHASE || ACTION PHASE
SLOT_OLANG,5DA57090,OUTSIDE_LOADING,157,160,4,YES,3,1,100.00%,83.33%,100.00%,0.238095,0.041958,157;158;159;160,終わっちゃうんですか！？ || どうしたんです？ || どこにいる！
SLOT_OLANG,5DA57090,OUTSIDE_LOADING,195,198,4,YES,2,2,85.71%,85.71%,100.00%,0.200000,0.027972,195;196;197;198,おい || やはり気のせいか || やはり何かいる
SLOT_OLANG,5DA57090,OUTSIDE_LOADING,232,235,4,YES,1,3,85.71%,100.00%,100.00%,0.250000,0.024476,232;233;234;235,なにもない… || 気のせいか… || 何かいるのか！？
SLOT_OLANG,5DA57090,OUTSIDE_LOADING,252,255,4,YES,4,0,80.00%,80.00%,100.00%,0.200000,0.024476,252;253;254;255,目を覚ませ || やはりいる！？ || 確かにいま何か…
SLOT_OLANG,5DA57090,OUTSIDE_LOADING,322,325,4,YES,1,3,100.00%,83.33%,100.00%,0.250000,0.020979,322;323;324;325,敵だ！ || なにもないな… || どうした！？
SLOT_OLANG,5DA7D876,OUTSIDE_LOADING,2,5,4,YES,0,4,100.00%,100.00%,100.00%,0.161290,0.016835,2;3;4;5,TARGET || SNAKE || BANANAL FRUTA DE ORO: FARM
SLOT_OLANG,5DA7D87A,OUTSIDE_LOADING,0,3,4,YES,0,4,100.00%,100.00%,100.00%,0.076923,0.006849,0;1;2;3,HELIPORT || TARGET || SNAKE
SLOT_OLANG,5DB4D9C8,OUTSIDE_LOADING,49,52,4,YES,0,4,100.00%,100.00%,100.00%,0.120000,0.010309,49;50;51;52,GUARD || SCOUT || R.SOLDIER
SLOT_OLANG,5DB4D9C8,OUTSIDE_LOADING,74,77,4,YES,0,4,100.00%,100.00%,100.00%,0.125000,0.010345,74;75;76;77,BIKINI TOP || SWIM TRNKS || AMANDA
SLOT_OLANG,5DB4D9C8,OUTSIDE_LOADING,110,113,4,YES,0,4,100.00%,100.00%,100.00%,0.080000,0.006873,110;111;112;113,COMRADE || SNAKE || SPLITTER
SLOT_OLANG,5DB4D9C8,OUTSIDE_LOADING,119,122,4,YES,0,4,100.00%,100.00%,100.00%,0.080000,0.006873,119;120;121;122,T.STRIPE || LEAF || GREEN
SLOT_OLANG,5DB4D9C8,OUTSIDE_LOADING,215,218,4,YES,0,4,100.00%,100.00%,100.00%,0.083333,0.006897,215;216;217;218,SHLD(G) || SHLD(B) || SHLD(R)
SLOT_OLANG,5DB96275,OUTSIDE_LOADING,2,5,4,YES,0,4,100.00%,100.00%,100.00%,0.115385,0.010274,2;3;4;5,STAFF TOTAL: || RANK. %d || RANK. %s
SLOT_OLANG,5DB96275,OUTSIDE_LOADING,143,146,4,YES,0,4,100.00%,100.00%,100.00%,0.080000,0.006873,143;144;145;146,LOCK ON || KILL || HEAD SHOT
SLOT_OLANG,5DC48887,OUTSIDE_LOADING,127,130,4,YES,0,4,100.00%,100.00%,100.00%,0.095238,0.006993,127;128;129;130,MUSKET || G11 || SUG
SLOT_OLANG,5DC637BF,OUTSIDE_LOADING,2,5,4,YES,0,4,100.00%,100.00%,100.00%,0.045455,0.006969,2;3;4;5,B2F || B1F || 1F
SLOT_OLANG,5DDD0EA8,OUTSIDE_LOADING,341,344,4,YES,0,4,100.00%,100.00%,100.00%,0.111111,0.013699,341;342;343;344,CO-OPS || ・NAKED || ・BATTLE DRESS
SLOT_OLANG,5DDFF09B,OUTSIDE_LOADING,85,88,4,YES,2,2,83.33%,100.00%,100.00%,0.391304,0.045455,85;86;87;88,ボスはあんただ || 俺のことか？ || すまない…
SLOT_OLANG,5DDFF09B,OUTSIDE_LOADING,102,105,4,YES,3,1,87.50%,80.00%,100.00%,0.260870,0.045455,102;103;104;105,おいおい 俺とあんたの仲じゃないか || そうだな… || 俺はまだやれる！
SLOT_OLANG,5DDFF0A5,OUTSIDE_LOADING,24,27,4,YES,4,0,66.67%,80.00%,100.00%,0.181818,0.027972,24;25;26;27,え？ 何…？ || え？ やだ… || 何を？
SLOT_OLANG,5DE6EF4C,OUTSIDE_LOADING,0,3,4,YES,0,4,100.00%,100.00%,100.00%,0.125000,0.010345,0;1;2;3,WOLF || WHALE || SWALLOW
SLOT_OLANG,5DE6EF4C,OUTSIDE_LOADING,16,19,4,YES,0,4,100.00%,100.00%,100.00%,0.076923,0.006849,16;17;18;19,EEL || DOBERMAN || DEER
SLOT_OLANG,5DEEEA4A,OUTSIDE_LOADING,32,35,4,YES,2,2,80.00%,80.00%,100.00%,0.200000,0.024476,32;33;34;35,おめでとう || もっと続けたい || 間違えた…
STAGEDAT_OLANG,LANG_DEMOTELOP4.OLANG,OUTSIDE_LOADING,43,46,4,YES,0,4,100.00%,100.00%,100.00%,0.148148,0.013652,43;44;45;46,KIKUKO INOUE || HOCHU OTSUKA\nMUGIHITO || MISA WATANABE\nOSAMU SAKA\nTAKESHI AONO
STAGEDAT_OLANG,LANG_GETTITLE_INSIGNIA_LIST.OLANG,OUTSIDE_LOADING,0,3,4,YES,0,4,100.00%,100.00%,100.00%,0.125000,0.010345,0;1;2;3,WOLF || WHALE || SWALLOW
STAGEDAT_OLANG,LANG_GETTITLE_INSIGNIA_LIST.OLANG,OUTSIDE_LOADING,16,19,4,YES,0,4,100.00%,100.00%,100.00%,0.076923,0.006849,16;17;18;19,EEL || DOBERMAN || DEER
STAGEDAT_OLANG,LANG_ITEM_SHORT_NAME.OLANG,OUTSIDE_LOADING,49,52,4,YES,0,4,100.00%,100.00%,100.00%,0.120000,0.010309,49;50;51;52,GUARD || SCOUT || R.SOLDIER
STAGEDAT_OLANG,LANG_ITEM_SHORT_NAME.OLANG,OUTSIDE_LOADING,74,77,4,YES,0,4,100.00%,100.00%,100.00%,0.125000,0.010345,74;75;76;77,BIKINI TOP || SWIM TRNKS || AMANDA
STAGEDAT_OLANG,LANG_ITEM_SHORT_NAME.OLANG,OUTSIDE_LOADING,110,113,4,YES,0,4,100.00%,100.00%,100.00%,0.080000,0.006873,110;111;112;113,COMRADE || SNAKE || SPLITTER
STAGEDAT_OLANG,LANG_ITEM_SHORT_NAME.OLANG,OUTSIDE_LOADING,119,122,4,YES,0,4,100.00%,100.00%,100.00%,0.080000,0.006873,119;120;121;122,T.STRIPE || LEAF || GREEN
STAGEDAT_OLANG,LANG_ITEM_SHORT_NAME.OLANG,OUTSIDE_LOADING,215,218,4,YES,0,4,100.00%,100.00%,100.00%,0.083333,0.006897,215;216;217;218,SHLD(G) || SHLD(B) || SHLD(R)
STAGEDAT_OLANG,LANG_ITEM_TEXT.OLANG,OUTSIDE_LOADING,681,684,4,YES,0,4,100.00%,100.00%,100.00%,0.125000,0.010345,681;682;683;684,BIKINI TOP || SWIM TRNKS || AMANDA
STAGEDAT_OLANG,LANG_ITEM_TEXT.OLANG,OUTSIDE_LOADING,713,716,4,YES,0,4,100.00%,100.00%,100.00%,0.080000,0.006873,713;714;715;716,COMRADE || SNAKE || SPLITTER
STAGEDAT_OLANG,LANG_ITEM_TEXT.OLANG,OUTSIDE_LOADING,793,796,4,YES,0,4,100.00%,100.00%,100.00%,0.083333,0.006897,793;794;795;796,SHLD(G) || SHLD(B) || SHLD(R)
STAGEDAT_OLANG,LANG_MAP_FLOOR.OLANG,OUTSIDE_LOADING,2,5,4,YES,0,4,100.00%,100.00%,100.00%,0.045455,0.006969,2;3;4;5,B2F || B1F || 1F
STAGEDAT_OLANG,LANG_MISSION_ENDTELOP.OLANG,OUTSIDE_LOADING,18,21,4,YES,0,4,100.00%,100.00%,100.00%,0.166667,0.016892,18;19;20;21,ELIMINATE THE GUARDS || COCOON BATTLE || INFILTRATE THE UNDERGROUND BASE
STAGEDAT_OLANG,LANG_MISSION_ENDTELOP.OLANG,OUTSIDE_LOADING,42,45,4,YES,0,4,100.00%,100.00%,100.00%,0.107143,0.010204,42;43;44;45,BASE DEFENSE || POW DEFENSE || TARGET DEMOLITION
STAGEDAT_OLANG,LANG_MISSION_ENDTELOP.OLANG,OUTSIDE_LOADING,47,50,4,YES,0,4,100.00%,100.00%,100.00%,0.083333,0.006897,47;48;49;50,ELIMINATE THE KIDNAPPERS || HOLD UP || ITEM RUNNER
STAGEDAT_OLANG,LANG_MYOUTER_DEVELOP.OLANG,OUTSIDE_LOADING,74,77,4,YES,0,4,100.00%,100.00%,100.00%,0.074074,0.006826,74;75;76;77,LIFE || ID || TANK
STAGEDAT_OLANG,LANG_MYOUTER_DEVELOP_METAL.OLANG,OUTSIDE_LOADING,21,24,4,YES,0,4,100.00%,100.00%,100.00%,0.043478,0.003460,21;22;23;24,CONTROL || ATTACK || STATUS
STAGEDAT_OLANG,LANG_PW_COMMON.OLANG,OUTSIDE_LOADING,30,33,4,YES,1,3,100.00%,80.00%,100.00%,0.111111,0.006993,30;31;32;33,いいえ || キャンセル || ENTER
STAGEDAT_OLANG,LANG_VOCALOID_KEYBOARD.OLANG,OUTSIDE_LOADING,113,116,4,YES,0,4,100.00%,100.00%,100.00%,0.076923,0.006849,113;114;115;116,SPACE: || ENTER: || BACK SPACE:
STAGEDAT_OLANG,LANG_WALKMAN.OLANG,OUTSIDE_LOADING,2,5,4,YES,0,4,100.00%,100.00%,100.00%,0.080000,0.006873,2;3;4;5,(WM-2) || (TPS-L2) || MUSIC LIST
STAGEDAT_OLANG,LANG_WEAPON_SHORT_NAME.OLANG,OUTSIDE_LOADING,127,130,4,YES,0,4,100.00%,100.00%,100.00%,0.095238,0.006993,127;128;129;130,MUSKET || G11 || SUG
BRIEFING,BRIEFING_FILES_BLOCK_01DFB0,OUTSIDE_LOADING,13,15,3,YES,1,2,100.00%,75.00%,100.00%,0.181818,0.013986,13;14;15,……おい。\n || ん？\n || いや…。\n
BRIEFING,BRIEFING_FILES_BLOCK_060910,OUTSIDE_LOADING,3,5,3,YES,1,2,100.00%,85.71%,100.00%,0.200000,0.024476,3;4;5,サルトルは…。\n || びっくりした！\n || じゃないわよ。\n
BRIEFING,BRIEFING_FILES_BLOCK_060910,OUTSIDE_LOADING,7,9,3,YES,2,1,75.00%,80.00%,100.00%,0.157895,0.017483,7;8;9,…知らん。\n || 何にも？\n || …ああ。\n
BRIEFING,BRIEFING_FILES_BLOCK_062D50,OUTSIDE_LOADING,11,13,3,YES,0,3,100.00%,100.00%,100.00%,0.210526,0.020979,11;12;13,ああ、よだれよだれ！\n || ありがとう。\n || それで？\n
BRIEFING,BRIEFING_FILES_BLOCK_063B40,OUTSIDE_LOADING,5,7,3,YES,3,0,100.00%,75.00%,100.00%,0.190476,0.020979,5;6;7,みんな？\n || そうよ、どう？\n || どうって…。\n
BRIEFING,BRIEFING_FILES_BLOCK_064AE0,OUTSIDE_LOADING,14,16,3,YES,1,2,75.00%,75.00%,100.00%,0.153846,0.013986,14;15;16,…。\n || …僕は。\n || ん？\n
BRIEFING,BRIEFING_MISSION_BLOCK_375000,OUTSIDE_LOADING,23,25,3,YES,3,0,84.62%,72.73%,100.00%,0.650000,0.090909,23;24;25,出来るはずがない！\n || 一人の人間が、人間という種の終末を、\n背負う事なんか出来ない。\n || だからこそ、臆病な人類はこの数千年もの間、\n生き延びてきたんだ。\n
BRIEFING,BRIEFING_MISSION_BLOCK_375000,OUTSIDE_LOADING,51,53,3,YES,2,1,80.95%,76.19%,100.00%,0.857143,0.073427,51;52;53,…その真実を知りたいか？\n || ……。\n || 真実を知っても、過去は変えられない。\nそれでも？\n
LOOSE_OLANG,0072F326,OUTSIDE_LOADING,6,8,3,YES,0,3,100.00%,100.00%,100.00%,0.121212,0.013378,6;7;8,MANUAL || MGS PEACE WALKER HD || METAL GEAR SOLID PEACE WALKER HD EDITION
LOOSE_OLANG,0072F326,OUTSIDE_LOADING,15,17,3,YES,2,1,100.00%,80.00%,100.00%,0.121212,0.024306,15;16;17,セーブせずに続ける || NO || セーブデータを作成する
LOOSE_OLANG,007E2F18,OUTSIDE_LOADING,184,186,3,YES,1,2,66.67%,100.00%,100.00%,0.107143,0.013986,184;185;186,そこか！ || くそ！ || 何を！
LOOSE_OLANG,007E2F18,OUTSIDE_LOADING,276,278,3,YES,0,3,100.00%,100.00%,100.00%,0.121212,0.013378,276;277;278,ONLINE MANUAL || MGS PEACE WALKER HD || METAL GEAR SOLID PEACE WALKER HD EDITION
LOOSE_OLANG,007E2F18,OUTSIDE_LOADING,281,283,3,YES,2,1,100.00%,80.00%,100.00%,0.121212,0.024306,281;282;283,セーブせずに続ける || NO || セーブデータを作成する
OHD,1E4C1146,OUTSIDE_LOADING,157,159,3,YES,1,2,100.00%,80.00%,100.00%,0.157895,0.020979,157;158;159,すまん…つい… || やったな！ || CO-OPインだ！
SLOT_OLANG,5D09325F,OUTSIDE_LOADING,25,27,3,YES,0,3,100.00%,100.00%,100.00%,0.096774,0.010101,25;26;27,INFILTRATE THE U.S. MISSILE BASE || HEAD TO THE CONTROL TOWER || PEACE WALKER BATTLE 2
SLOT_OLANG,5D09325F,OUTSIDE_LOADING,54,56,3,YES,0,3,100.00%,100.00%,100.00%,0.142857,0.013605,54;55;56,CLEARING ESCAPE || OBSTACLE DEMOLITION || PRISONER ESCORT
SLOT_OLANG,5D09325F,OUTSIDE_LOADING,64,66,3,YES,0,3,100.00%,100.00%,100.00%,0.142857,0.013605,64;65;66,TARGET PRACTICE: NO LIMIT || TARGET PRACTICE: TIME ATTACK || TARGET PRACTICE: SCORE ATTACK
SLOT_OLANG,5D15C941,OUTSIDE_LOADING,1,3,3,YES,0,3,100.00%,100.00%,100.00%,0.120000,0.010309,1;2;3,SOLDIER SELECTOR || ASSIGNMENT || STAFF
SLOT_OLANG,5D15C941,OUTSIDE_LOADING,18,20,3,YES,0,3,100.00%,100.00%,100.00%,0.090909,0.006944,18;19;20,BEST || ALL || SORT
SLOT_OLANG,5D15C941,OUTSIDE_LOADING,25,27,3,YES,0,3,100.00%,100.00%,100.00%,0.115385,0.010274,25;26;27,NUMBER OF STAFF || LIST-MODE ||   (INSERT)
SLOT_OLANG,5D1A33A7,OUTSIDE_LOADING,13,15,3,YES,0,3,100.00%,100.00%,100.00%,0.040000,0.003436,13;14;15,M || CONTROL || C
SLOT_OLANG,5D1DF209,OUTSIDE_LOADING,0,2,3,YES,0,3,100.00%,100.00%,100.00%,0.120000,0.010309,0;1;2,NEW || CO-OPS INFO || WAITING...
SLOT_OLANG,5D1DF209,OUTSIDE_LOADING,79,81,3,YES,1,2,100.00%,50.00%,100.00%,0.090909,0.006944,79;80;81,HOST || CANCEL || 戻る
SLOT_OLANG,5D2362B8,OUTSIDE_LOADING,167,169,3,YES,0,3,100.00%,100.00%,100.00%,0.060606,0.010490,167;168;169,2分 || 1分 || 10分
SLOT_OLANG,5D2E0FEE,OUTSIDE_LOADING,35,37,3,YES,0,3,100.00%,100.00%,100.00%,0.080000,0.006873,35;36;37,ARMOR || RAILGUN || RADOME
SLOT_OLANG,5D2E0FEE,OUTSIDE_LOADING,40,42,3,YES,0,3,100.00%,100.00%,100.00%,0.045455,0.003472,40;41;42,PEACE WALKER || COCOON || PUPA
SLOT_OLANG,5D2E0FEE,OUTSIDE_LOADING,58,60,3,YES,0,3,100.00%,100.00%,100.00%,0.083333,0.006897,58;59;60,HEAD UNIT || FOOT UNIT || NORMAL
SLOT_OLANG,5D396407,OUTSIDE_LOADING,21,23,3,YES,0,3,100.00%,100.00%,100.00%,0.111111,0.010239,21;22;23,COMPOSER || AKIHIRO HONDA || SOUND DIRECTOR
SLOT_OLANG,5D3AF52D,OUTSIDE_LOADING,107,109,3,YES,3,0,55.56%,66.67%,100.00%,0.466667,0.048951,107;108;109,"私は そのために生かされている || 私は平和を守り抜く || 私の名前は“<R=平和,ラ・パス>”"
SLOT_OLANG,5D3AF54D,OUTSIDE_LOADING,45,47,3,YES,3,0,66.67%,70.00%,100.00%,0.297297,0.062284,45;46;47,我々もそれが知りたい || 何を？ || そしてCIAはそれだけではなく ここで何かを始めている 
SLOT_OLANG,5D3AF5CD,OUTSIDE_LOADING,5,7,3,YES,1,2,100.00%,80.00%,100.00%,0.115385,0.020478,5;6;7,"<R=FSLN,サンディニスタ>か？ || どうする？ || まさか"
SLOT_OLANG,5D3AF98D,OUTSIDE_LOADING,9,11,3,YES,3,0,80.00%,80.00%,100.00%,0.263158,0.020979,9;10;11,これは違う || これじゃない || こいつは違う
SLOT_OLANG,5D3AF992,OUTSIDE_LOADING,6,8,3,YES,3,0,50.00%,50.00%,100.00%,0.263158,0.020979,6;7;8,これじゃない || 違う || こいつは違う
SLOT_OLANG,5D3AFD2D,OUTSIDE_LOADING,89,91,3,YES,3,0,71.43%,71.43%,100.00%,0.461538,0.062937,89;90;91,いや ボスは… 国を 俺達を棄てたんだ  || それこそ お前が知りたい事でもあるはずだ  || いや違う 俺は…
SLOT_OLANG,5D3AFE2D,OUTSIDE_LOADING,14,16,3,YES,3,0,72.73%,80.00%,100.00%,0.647059,0.038462,14;15;16,“真実”だ || 私が知りたいのは ひとつ   || さあ 何を知っている？ 
SLOT_OLANG,5D3B010D,OUTSIDE_LOADING,5,7,3,YES,3,0,84.62%,84.62%,100.00%,0.347826,0.048951,5;6;7,"私が知りたいのはそうじゃない！ || そうじゃない…！ || …俺は <R=彼女,ザ・ボス>を殺した"
SLOT_OLANG,5D3B010D,OUTSIDE_LOADING,9,11,3,YES,1,2,100.00%,75.00%,100.00%,0.142857,0.020979,9;10;11,やめろ… || 殺してくれ！ || …さあ …殺せ！
SLOT_OLANG,5D3B010D,OUTSIDE_LOADING,13,15,3,YES,1,2,100.00%,80.00%,100.00%,0.090909,0.017483,13;14;15,殺せ…！　殺せ！ || やめろ…！ || …殺せ
SLOT_OLANG,5D3B054D,OUTSIDE_LOADING,46,48,3,YES,2,1,75.00%,62.50%,100.00%,0.238095,0.027972,46;47;48,"さすがは<R=平和,パス> || できない…！ || パス…わるかった"
SLOT_OLANG,5D3B054D,OUTSIDE_LOADING,170,172,3,YES,2,1,100.00%,83.33%,100.00%,0.208333,0.034965,170;171;172,ごめんなさい || …それに || 止めてくれてありがとう 
SLOT_OLANG,5D3B05B2,OUTSIDE_LOADING,18,20,3,YES,2,1,75.00%,80.00%,100.00%,0.142857,0.017483,18;19;20,わかったわ || 美しさを… || …何だ？
SLOT_OLANG,5D3B05B2,OUTSIDE_LOADING,41,43,3,YES,1,2,100.00%,83.33%,100.00%,0.181818,0.020979,41;42;43,見ろ！ || この声は…？ || ボス…？ 
SLOT_OLANG,5D3B05ED,OUTSIDE_LOADING,36,38,3,YES,2,1,80.00%,85.71%,100.00%,0.275862,0.034965,36;37;38,そうなの！？ || 俺は銃そのものだ || 俺は 戦うために創られた
SLOT_OLANG,5D420130,OUTSIDE_LOADING,25,27,3,YES,1,2,100.00%,80.00%,100.00%,0.181818,0.031359,25;26;27,まだ始めたばかりで… || そ そうです… || あれっ
SLOT_OLANG,5D52E4F8,OUTSIDE_LOADING,199,201,3,YES,0,3,100.00%,100.00%,100.00%,0.000000,0.000000,199;200;201,CAW || LAW || PKM
SLOT_OLANG,5D52E4F8,OUTSIDE_LOADING,283,285,3,YES,0,3,100.00%,100.00%,100.00%,0.095238,0.006993,283;284;285,G11 || SUG || RPK
SLOT_OLANG,5D52E4F8,OUTSIDE_LOADING,333,335,3,YES,0,3,100.00%,100.00%,100.00%,0.130435,0.010381,333;334;335,BANANA || STRIKE MK. || NOTHING
SLOT_OLANG,5D52E4F8,OUTSIDE_LOADING,337,339,3,YES,0,3,100.00%,100.00%,100.00%,0.038462,0.003425,337;338;339,FULTON M. || TEMP || AERIAL M.
SLOT_OLANG,5D52E4F8,OUTSIDE_LOADING,377,379,3,YES,0,3,100.00%,100.00%,100.00%,0.043478,0.003460,377;378;379,M1C (MR) || DSHK || EMW GUN
SLOT_OLANG,5D56A63D,OUTSIDE_LOADING,640,642,3,YES,0,3,100.00%,100.00%,100.00%,0.037037,0.003413,640;641;642,CAMERA || ID CARD(H) || ID CARD(P)
SLOT_OLANG,5D56A63D,OUTSIDE_LOADING,686,688,3,YES,0,3,100.00%,100.00%,100.00%,0.071429,0.006803,686;687;688,NKD(SNAKE) || NKD(SPLIT) || NKD(T.B)
SLOT_OLANG,5D56A63D,OUTSIDE_LOADING,743,745,3,YES,0,3,100.00%,100.00%,100.00%,0.086957,0.006920,743;744;745,COMBO AMMO || CG HEAT || CG AMMO
SLOT_OLANG,5D56A63D,OUTSIDE_LOADING,768,770,3,YES,0,3,100.00%,100.00%,100.00%,0.120000,0.010309,768;769;770,SOLITON R. || SRND. IND. || ANEST.(S)
SLOT_OLANG,5D56A63D,OUTSIDE_LOADING,789,791,3,YES,0,3,100.00%,100.00%,100.00%,0.076923,0.010381,789;790;791,12 GAUGE || BANDANA || SHLD(BK)
SLOT_OLANG,5D5A5B84,OUTSIDE_LOADING,9,11,3,YES,0,3,100.00%,100.00%,100.00%,0.086957,0.006920,9;10;11,CLOSE || BACK || TEST
SLOT_OLANG,5D5A5B84,OUTSIDE_LOADING,15,17,3,YES,0,3,100.00%,100.00%,100.00%,0.111111,0.013841,15;16;17,START ボタン || SELECT ボタン || R ボタン
SLOT_OLANG,5D5A5B84,OUTSIDE_LOADING,26,28,3,YES,0,3,100.00%,100.00%,100.00%,0.181818,0.006993,26;27;28,OK || NO || はい
SLOT_OLANG,5D5CAF77,OUTSIDE_LOADING,19,21,3,YES,0,3,100.00%,100.00%,100.00%,0.080000,0.006873,19;20;21,CHANGE: || CANNOT GET || B
SLOT_OLANG,5D68BF67,OUTSIDE_LOADING,31,33,3,YES,0,3,100.00%,100.00%,100.00%,0.181818,0.006993,31;32;33,はい || OK || いいえ
SLOT_OLANG,5D68BF67,OUTSIDE_LOADING,35,37,3,YES,2,1,100.00%,50.00%,100.00%,0.115385,0.027491,35;36;37,CANCEL || 戻る || キャラクターを選択します。
SLOT_OLANG,5D81443C,OUTSIDE_LOADING,52,54,3,YES,2,1,87.50%,66.67%,100.00%,0.285714,0.027972,52;53;54,…ここにはないぞ！ || …ここにはいない！ || …下だ
SLOT_OLANG,5D97F0B2,OUTSIDE_LOADING,13,15,3,YES,0,3,100.00%,100.00%,100.00%,0.038462,0.003425,13;14;15,TEAM ECHO || TEAM DELTA || TEAM CHARLIE
SLOT_OLANG,5D97F0B2,OUTSIDE_LOADING,19,21,3,YES,0,3,100.00%,100.00%,100.00%,0.050000,0.003497,19;20;21,SS || S || E
SLOT_OLANG,5D97F0B2,OUTSIDE_LOADING,33,35,3,YES,0,3,100.00%,100.00%,100.00%,0.041667,0.003448,33;34;35,NO DATA || NUMBER || DATE
SLOT_OLANG,5D9A9677,OUTSIDE_LOADING,5,7,3,YES,0,3,100.00%,100.00%,100.00%,0.086957,0.006920,5;6;7,S || B || NO USE
SLOT_OLANG,5DA57090,OUTSIDE_LOADING,43,45,3,YES,1,2,80.00%,100.00%,100.00%,0.166667,0.020979,43;44;45,見つかった！ || …いたぞ！ || おう！
SLOT_OLANG,5DA57090,OUTSIDE_LOADING,112,114,3,YES,2,1,100.00%,80.00%,100.00%,0.114286,0.031469,112;113;114,負けました || っしゃあ！ || 実力お見せします！
SLOT_OLANG,5DA57090,OUTSIDE_LOADING,118,120,3,YES,3,0,83.33%,88.89%,100.00%,0.214286,0.031469,118;119;120,終わり！？　どうして！？ || 何かありました？ || まだいるぞ！
SLOT_OLANG,5DA57090,OUTSIDE_LOADING,122,124,3,YES,3,0,83.33%,70.00%,100.00%,0.200000,0.034965,122;123;124,あなたの勝ち || どうです！？ || 本気みせて下さいよ！
SLOT_OLANG,5DA57090,OUTSIDE_LOADING,127,129,3,YES,2,1,88.89%,75.00%,100.00%,0.217391,0.031469,127;128;129,すごい！ || ええっ なんで！？ || 何か ありましたか…？
SLOT_OLANG,5DA57090,OUTSIDE_LOADING,151,153,3,YES,2,1,83.33%,83.33%,100.00%,0.120000,0.027972,151;152;153,俺の負けです || よしッ！ || 本気でいきます！
SLOT_OLANG,5DA57090,OUTSIDE_LOADING,162,164,3,YES,2,1,90.00%,80.00%,100.00%,0.208333,0.034965,162;163;164,勝たせてもらいます！ || まだまだ！ || やるなあ…
SLOT_OLANG,5DA60C2A,OUTSIDE_LOADING,0,2,3,YES,0,3,100.00%,100.00%,100.00%,0.120000,0.010309,0;1;2,TUTORIAL LIST || START BUTTON || SELECT BUTTON
SLOT_OLANG,5DA7D875,OUTSIDE_LOADING,0,2,3,YES,0,3,100.00%,100.00%,100.00%,0.071429,0.006803,0;1;2,PUERTO DEL ALBA || TARGET || SNAKE
SLOT_OLANG,5DA7D877,OUTSIDE_LOADING,9,11,3,YES,0,3,100.00%,100.00%,100.00%,0.111111,0.010239,9;10;11,EL CADALSO || ALDEA LOS DESPIERTOS || CAFETAL AROMA ENCANTADO: MILL
SLOT_OLANG,5DB4D9C8,OUTSIDE_LOADING,5,7,3,YES,0,3,100.00%,100.00%,100.00%,0.037037,0.003413,5;6;7,CAMERA || ID CARD(H) || ID CARD(P)
SLOT_OLANG,5DB4D9C8,OUTSIDE_LOADING,79,81,3,YES,0,3,100.00%,100.00%,100.00%,0.071429,0.006803,79;80;81,NKD(SNAKE) || NKD(SPLIT) || NKD(T.B)
SLOT_OLANG,5DB4D9C8,OUTSIDE_LOADING,93,95,3,YES,0,3,100.00%,100.00%,100.00%,0.035714,0.003401,93;94;95,NKD(RED) || NKD(WHITE) || NKD(N.BLU)
SLOT_OLANG,5DB4D9C8,OUTSIDE_LOADING,97,99,3,YES,0,3,100.00%,100.00%,100.00%,0.037037,0.003413,97;98;99,NKD(KHAKI) || NKD(BLACK) || NAKED
SLOT_OLANG,5DB4D9C8,OUTSIDE_LOADING,115,117,3,YES,0,3,100.00%,100.00%,100.00%,0.083333,0.006897,115;116;117,AUSCAM || CHOCO-CHIP || WATER
SLOT_OLANG,5DB4D9C8,OUTSIDE_LOADING,148,150,3,YES,0,3,100.00%,100.00%,100.00%,0.041667,0.010417,148;149;150,CG.FLTN AM || M202 AMMO || LAW AMMO
SLOT_OLANG,5DB4D9C8,OUTSIDE_LOADING,155,157,3,YES,0,3,100.00%,100.00%,100.00%,0.086957,0.006920,155;156;157,COMBO AMMO || CG HEAT || CG AMMO
SLOT_OLANG,5DB4D9C8,OUTSIDE_LOADING,169,171,3,YES,0,3,100.00%,100.00%,100.00%,0.120000,0.013793,169;170;171,12G.(RBR) || MATE || BT.RATION
SLOT_OLANG,5DB4D9C8,OUTSIDE_LOADING,187,189,3,YES,0,3,100.00%,100.00%,100.00%,0.120000,0.010309,187;188;189,SOLITON R. || SRND. IND. || ANEST.(S)
SLOT_OLANG,5DB96275,OUTSIDE_LOADING,10,12,3,YES,0,3,100.00%,100.00%,100.00%,0.125000,0.013841,10;11;12,AI SLOT 2 || AI SLOT 1 || GROWTH OF AI
SLOT_OLANG,5DB96275,OUTSIDE_LOADING,14,16,3,YES,0,3,100.00%,100.00%,100.00%,0.086957,0.006920,14;15;16,SUPPORT || HOUSE || HANGAR
SLOT_OLANG,5DC48887,OUTSIDE_LOADING,26,28,3,YES,0,3,100.00%,100.00%,100.00%,0.000000,0.000000,26;27;28,CAW || LAW || PKM
SLOT_OLANG,5DC48887,OUTSIDE_LOADING,58,60,3,YES,0,3,100.00%,100.00%,100.00%,0.130435,0.010381,58;59;60,BANANA || STRIKE MK. || NOTHING
SLOT_OLANG,5DC48887,OUTSIDE_LOADING,62,64,3,YES,0,3,100.00%,100.00%,100.00%,0.038462,0.003425,62;63;64,FULTON M. || TEMP || AERIAL M.
SLOT_OLANG,5DC48887,OUTSIDE_LOADING,91,93,3,YES,0,3,100.00%,100.00%,100.00%,0.166667,0.013793,91;92;93,SLING BAND || SLING POST || STLTH GUN
SLOT_OLANG,5DD2A877,OUTSIDE_LOADING,0,2,3,YES,0,3,100.00%,100.00%,100.00%,0.129032,0.013468,0;1;2,METAL GEAR SOLID PEACE WALKER || RESTART MISSION || MISSION SELECT
SLOT_OLANG,5DD9AF4C,OUTSIDE_LOADING,25,27,3,YES,0,3,100.00%,100.00%,100.00%,0.090909,0.006944,25;26;27,SKIP || OK || NO
SLOT_OLANG,5DD9B1F3,OUTSIDE_LOADING,10,12,3,YES,0,3,100.00%,100.00%,100.00%,0.086957,0.006920,10;11;12,MUSIC || OK || ITEM
SLOT_OLANG,5DDB94DF,OUTSIDE_LOADING,23,25,3,YES,0,3,100.00%,100.00%,100.00%,0.250000,0.017422,23;24;25,開かない || ダメか || よし 開いたな
SLOT_OLANG,5DDFF09B,OUTSIDE_LOADING,49,51,3,YES,3,0,90.00%,75.00%,100.00%,0.260870,0.048951,49;50;51,たとえボスと言えど… || 俺は…あんたのことを… || じつは…言っていないことが…\nある…
SLOT_OLANG,5DDFF09B,OUTSIDE_LOADING,65,67,3,YES,1,2,100.00%,80.00%,100.00%,0.150000,0.017483,65;66;67,やったな！ || ははっ || おっ
SLOT_OLANG,5DDFF09B,OUTSIDE_LOADING,112,114,3,YES,2,1,60.00%,80.00%,100.00%,0.304348,0.038462,112;113;114,俺がいるぞ || サンキュー || あんたはいつもそれだな
SLOT_OLANG,5DDFF0A5,OUTSIDE_LOADING,20,22,3,YES,2,1,100.00%,75.00%,100.00%,0.225806,0.038462,20;21;22,… || …ハイ！ || そんなこと言われても…
SLOT_OLANG,5DDFF0A5,OUTSIDE_LOADING,93,95,3,YES,0,3,100.00%,100.00%,100.00%,0.227273,0.027972,93;94;95,え？ なんでもない… || はーい！ || そんな…
SLOT_OLANG,5DDFF0A5,OUTSIDE_LOADING,98,100,3,YES,1,2,100.00%,85.71%,100.00%,0.181818,0.027972,98;99;100,ううん いいよ || ごめんなさい… || もう終わりなの？
SLOT_OLANG,5DE6EF4C,OUTSIDE_LOADING,21,23,3,YES,0,3,100.00%,100.00%,100.00%,0.047619,0.003484,21;22;23,BEE || BEAR || ANT
SLOT_OLANG,5DEEEA4A,OUTSIDE_LOADING,21,23,3,YES,2,1,100.00%,85.71%,100.00%,0.137931,0.024476,21;22;23,このまま続けよう || そろそろ止めない？ || いつまでできる？
STAGEDAT_OLANG,LANG_CHARAEDIT.OLANG,OUTSIDE_LOADING,31,33,3,YES,0,3,100.00%,100.00%,100.00%,0.181818,0.006993,31;32;33,はい || OK || いいえ
STAGEDAT_OLANG,LANG_CHARAEDIT.OLANG,OUTSIDE_LOADING,35,37,3,YES,2,1,100.00%,50.00%,100.00%,0.115385,0.027491,35;36;37,CANCEL || 戻る || キャラクターを選択します。
STAGEDAT_OLANG,LANG_DEMOTELOP4.OLANG,OUTSIDE_LOADING,21,23,3,YES,0,3,100.00%,100.00%,100.00%,0.111111,0.010239,21;22;23,COMPOSER || AKIHIRO HONDA || SOUND DIRECTOR
STAGEDAT_OLANG,LANG_GAMEOVER.OLANG,OUTSIDE_LOADING,0,2,3,YES,0,3,100.00%,100.00%,100.00%,0.129032,0.013468,0;1;2,METAL GEAR SOLID PEACE WALKER || RESTART MISSION || MISSION SELECT
STAGEDAT_OLANG,LANG_GETTITLE_INSIGNIA_LIST.OLANG,OUTSIDE_LOADING,21,23,3,YES,0,3,100.00%,100.00%,100.00%,0.047619,0.003484,21;22;23,BEE || BEAR || ANT
STAGEDAT_OLANG,LANG_ITEM_SHORT_NAME.OLANG,OUTSIDE_LOADING,5,7,3,YES,0,3,100.00%,100.00%,100.00%,0.037037,0.003413,5;6;7,CAMERA || ID CARD(H) || ID CARD(P)
STAGEDAT_OLANG,LANG_ITEM_SHORT_NAME.OLANG,OUTSIDE_LOADING,79,81,3,YES,0,3,100.00%,100.00%,100.00%,0.071429,0.006803,79;80;81,NKD(SNAKE) || NKD(SPLIT) || NKD(T.B)
STAGEDAT_OLANG,LANG_ITEM_SHORT_NAME.OLANG,OUTSIDE_LOADING,93,95,3,YES,0,3,100.00%,100.00%,100.00%,0.035714,0.003401,93;94;95,NKD(RED) || NKD(WHITE) || NKD(N.BLU)
STAGEDAT_OLANG,LANG_ITEM_SHORT_NAME.OLANG,OUTSIDE_LOADING,97,99,3,YES,0,3,100.00%,100.00%,100.00%,0.037037,0.003413,97;98;99,NKD(KHAKI) || NKD(BLACK) || NAKED
STAGEDAT_OLANG,LANG_ITEM_SHORT_NAME.OLANG,OUTSIDE_LOADING,115,117,3,YES,0,3,100.00%,100.00%,100.00%,0.083333,0.006897,115;116;117,AUSCAM || CHOCO-CHIP || WATER
STAGEDAT_OLANG,LANG_ITEM_SHORT_NAME.OLANG,OUTSIDE_LOADING,148,150,3,YES,0,3,100.00%,100.00%,100.00%,0.041667,0.010417,148;149;150,CG.FLTN AM || M202 AMMO || LAW AMMO
STAGEDAT_OLANG,LANG_ITEM_SHORT_NAME.OLANG,OUTSIDE_LOADING,155,157,3,YES,0,3,100.00%,100.00%,100.00%,0.086957,0.006920,155;156;157,COMBO AMMO || CG HEAT || CG AMMO
STAGEDAT_OLANG,LANG_ITEM_SHORT_NAME.OLANG,OUTSIDE_LOADING,169,171,3,YES,0,3,100.00%,100.00%,100.00%,0.120000,0.013793,169;170;171,12G.(RBR) || MATE || BT.RATION
STAGEDAT_OLANG,LANG_ITEM_SHORT_NAME.OLANG,OUTSIDE_LOADING,187,189,3,YES,0,3,100.00%,100.00%,100.00%,0.120000,0.010309,187;188;189,SOLITON R. || SRND. IND. || ANEST.(S)
STAGEDAT_OLANG,LANG_ITEM_TEXT.OLANG,OUTSIDE_LOADING,640,642,3,YES,0,3,100.00%,100.00%,100.00%,0.037037,0.003413,640;641;642,CAMERA || ID CARD(H) || ID CARD(P)
STAGEDAT_OLANG,LANG_ITEM_TEXT.OLANG,OUTSIDE_LOADING,686,688,3,YES,0,3,100.00%,100.00%,100.00%,0.071429,0.006803,686;687;688,NKD(SNAKE) || NKD(SPLIT) || NKD(T.B)
STAGEDAT_OLANG,LANG_ITEM_TEXT.OLANG,OUTSIDE_LOADING,743,745,3,YES,0,3,100.00%,100.00%,100.00%,0.086957,0.006920,743;744;745,COMBO AMMO || CG HEAT || CG AMMO
STAGEDAT_OLANG,LANG_ITEM_TEXT.OLANG,OUTSIDE_LOADING,768,770,3,YES,0,3,100.00%,100.00%,100.00%,0.120000,0.010309,768;769;770,SOLITON R. || SRND. IND. || ANEST.(S)
STAGEDAT_OLANG,LANG_ITEM_TEXT.OLANG,OUTSIDE_LOADING,789,791,3,YES,0,3,100.00%,100.00%,100.00%,0.076923,0.010381,789;790;791,12 GAUGE || BANDANA || SHLD(BK)
STAGEDAT_OLANG,LANG_MISSION_ENDTELOP.OLANG,OUTSIDE_LOADING,25,27,3,YES,0,3,100.00%,100.00%,100.00%,0.096774,0.010101,25;26;27,INFILTRATE THE U.S. MISSILE BASE || HEAD TO THE CONTROL TOWER || PEACE WALKER BATTLE 2
STAGEDAT_OLANG,LANG_MISSION_ENDTELOP.OLANG,OUTSIDE_LOADING,54,56,3,YES,0,3,100.00%,100.00%,100.00%,0.142857,0.013605,54;55;56,CLEARING ESCAPE || OBSTACLE DEMOLITION || PRISONER ESCORT
STAGEDAT_OLANG,LANG_MISSION_ENDTELOP.OLANG,OUTSIDE_LOADING,64,66,3,YES,0,3,100.00%,100.00%,100.00%,0.142857,0.013605,64;65;66,TARGET PRACTICE: NO LIMIT || TARGET PRACTICE: TIME ATTACK || TARGET PRACTICE: SCORE ATTACK
STAGEDAT_OLANG,LANG_MYOUTER_DEVELOP_METAL.OLANG,OUTSIDE_LOADING,35,37,3,YES,0,3,100.00%,100.00%,100.00%,0.080000,0.006873,35;36;37,ARMOR || RAILGUN || RADOME
STAGEDAT_OLANG,LANG_MYOUTER_DEVELOP_METAL.OLANG,OUTSIDE_LOADING,40,42,3,YES,0,3,100.00%,100.00%,100.00%,0.045455,0.003472,40;41;42,PEACE WALKER || COCOON || PUPA
STAGEDAT_OLANG,LANG_MYOUTER_DEVELOP_METAL.OLANG,OUTSIDE_LOADING,58,60,3,YES,0,3,100.00%,100.00%,100.00%,0.083333,0.006897,58;59;60,HEAD UNIT || FOOT UNIT || NORMAL
STAGEDAT_OLANG,LANG_MYOUTER_STAFF.OLANG,OUTSIDE_LOADING,1,3,3,YES,0,3,100.00%,100.00%,100.00%,0.120000,0.010309,1;2;3,SOLDIER SELECTOR || ASSIGNMENT || STAFF
STAGEDAT_OLANG,LANG_MYOUTER_STAFF.OLANG,OUTSIDE_LOADING,18,20,3,YES,0,3,100.00%,100.00%,100.00%,0.090909,0.006944,18;19;20,BEST || ALL || SORT
STAGEDAT_OLANG,LANG_MYOUTER_STAFF.OLANG,OUTSIDE_LOADING,25,27,3,YES,0,3,100.00%,100.00%,100.00%,0.115385,0.010274,25;26;27,NUMBER OF STAFF || LIST-MODE ||   (INSERT)
STAGEDAT_OLANG,LANG_MYOUTER_UTIL.OLANG,OUTSIDE_LOADING,25,27,3,YES,0,3,100.00%,100.00%,100.00%,0.090909,0.006944,25;26;27,SKIP || OK || NO
STAGEDAT_OLANG,LANG_PW_COMMON.OLANG,OUTSIDE_LOADING,9,11,3,YES,0,3,100.00%,100.00%,100.00%,0.086957,0.006920,9;10;11,CLOSE || BACK || TEST
STAGEDAT_OLANG,LANG_PW_COMMON.OLANG,OUTSIDE_LOADING,15,17,3,YES,0,3,100.00%,100.00%,100.00%,0.111111,0.013841,15;16;17,START ボタン || SELECT ボタン || R ボタン
STAGEDAT_OLANG,LANG_PW_COMMON.OLANG,OUTSIDE_LOADING,26,28,3,YES,0,3,100.00%,100.00%,100.00%,0.181818,0.006993,26;27;28,OK || NO || はい
STAGEDAT_OLANG,LANG_SYNC.OLANG,OUTSIDE_LOADING,5,7,3,YES,0,3,100.00%,100.00%,100.00%,0.086957,0.006920,5;6;7,S || B || NO USE
STAGEDAT_OLANG,LANG_SYSTEM.OLANG,OUTSIDE_LOADING,19,21,3,YES,0,3,100.00%,100.00%,100.00%,0.080000,0.006873,19;20;21,CHANGE: || CANNOT GET || B
STAGEDAT_OLANG,LANG_VOCALOID.OLANG,OUTSIDE_LOADING,18,20,3,YES,0,3,100.00%,100.00%,100.00%,0.041667,0.003448,18;19;20,HELP || TEMPO || AUTHOR
STAGEDAT_OLANG,LANG_VOCALOID_KEYBOARD.OLANG,OUTSIDE_LOADING,65,67,3,YES,0,3,100.00%,100.00%,100.00%,0.000000,0.000000,65;66;67,n || l || r
STAGEDAT_OLANG,LANG_V_THEATER010.OLANG,OUTSIDE_LOADING,9,11,3,YES,2,1,88.89%,80.00%,100.00%,0.250000,0.027875,9;10;11,ああ そうだ || それじゃ… || 俺は もう 戻らない…
STAGEDAT_OLANG,LANG_V_THEATER010.OLANG,OUTSIDE_LOADING,18,20,3,YES,3,0,80.00%,45.45%,100.00%,0.181818,0.038462,18;19;20,"あの時 <R=彼女,ザ・ボス>は… || 彼女は 最期に銃を棄てた || 何だって？"
STAGEDAT_OLANG,LANG_WEAPON_SHORT_NAME.OLANG,OUTSIDE_LOADING,26,28,3,YES,0,3,100.00%,100.00%,100.00%,0.000000,0.000000,26;27;28,CAW || LAW || PKM
STAGEDAT_OLANG,LANG_WEAPON_SHORT_NAME.OLANG,OUTSIDE_LOADING,58,60,3,YES,0,3,100.00%,100.00%,100.00%,0.130435,0.010381,58;59;60,BANANA || STRIKE MK. || NOTHING
STAGEDAT_OLANG,LANG_WEAPON_SHORT_NAME.OLANG,OUTSIDE_LOADING,62,64,3,YES,0,3,100.00%,100.00%,100.00%,0.038462,0.003425,62;63;64,FULTON M. || TEMP || AERIAL M.
STAGEDAT_OLANG,LANG_WEAPON_SHORT_NAME.OLANG,OUTSIDE_LOADING,91,93,3,YES,0,3,100.00%,100.00%,100.00%,0.166667,0.013793,91;92;93,SLING BAND || SLING POST || STLTH GUN
STAGEDAT_OLANG,LANG_WEAPON_TEXT.OLANG,OUTSIDE_LOADING,199,201,3,YES,0,3,100.00%,100.00%,100.00%,0.000000,0.000000,199;200;201,CAW || LAW || PKM
STAGEDAT_OLANG,LANG_WEAPON_TEXT.OLANG,OUTSIDE_LOADING,283,285,3,YES,0,3,100.00%,100.00%,100.00%,0.095238,0.006993,283;284;285,G11 || SUG || RPK
STAGEDAT_OLANG,LANG_WEAPON_TEXT.OLANG,OUTSIDE_LOADING,333,335,3,YES,0,3,100.00%,100.00%,100.00%,0.130435,0.010381,333;334;335,BANANA || STRIKE MK. || NOTHING
STAGEDAT_OLANG,LANG_WEAPON_TEXT.OLANG,OUTSIDE_LOADING,337,339,3,YES,0,3,100.00%,100.00%,100.00%,0.038462,0.003425,337;338;339,FULTON M. || TEMP || AERIAL M.
STAGEDAT_OLANG,LANG_WEAPON_TEXT.OLANG,OUTSIDE_LOADING,377,379,3,YES,0,3,100.00%,100.00%,100.00%,0.043478,0.003460,377;378;379,M1C (MR) || DSHK || EMW GUN
YPK_GTT,1C0FB26B,OUTSIDE_LOADING,28,30,3,YES,3,0,83.33%,83.33%,100.00%,0.280000,0.048951,28;29;30,わしはおまえを見守っているぞ || 森となって… || どうした 敵か？
YPK_GTT,1C79F2AD,OUTSIDE_LOADING,61,63,3,YES,2,1,50.00%,100.00%,100.00%,0.147059,0.024476,61;62;63,そうだ いいぞボス || いいぞ || そうだ
BRIEFING,BRIEFING_FILES_BLOCK_004590,OUTSIDE_LOADING,9,10,2,YES,1,1,76.47%,76.47%,100.00%,0.346154,0.059441,9;10,とはいえ、平和な世界にも生きられない。\n || それはそうなんだが…。\n
BRIEFING,BRIEFING_FILES_BLOCK_005C00,OUTSIDE_LOADING,3,4,2,YES,1,1,100.00%,62.50%,100.00%,0.125000,0.024390,3;4,そうだ。\n || 中米でも作戦を？\n
BRIEFING,BRIEFING_FILES_BLOCK_00A080,OUTSIDE_LOADING,12,13,2,YES,0,2,100.00%,100.00%,100.00%,0.294118,0.020979,12;13,…。\n || な、なんだよ。\n
BRIEFING,BRIEFING_FILES_BLOCK_010B70,OUTSIDE_LOADING,28,29,2,YES,2,0,90.91%,93.33%,100.00%,0.323529,0.052448,28;29,俺とあんたのようにか。\n || そうだ。あれからもう2年がたつ…。\n
BRIEFING,BRIEFING_FILES_BLOCK_013630,OUTSIDE_LOADING,8,9,2,YES,1,1,100.00%,90.00%,100.00%,0.208333,0.034965,8;9,わかるか？\n || …一生そうやってろ。\n
BRIEFING,BRIEFING_FILES_BLOCK_02EDB0,OUTSIDE_LOADING,6,7,2,YES,2,0,71.43%,71.43%,100.00%,0.357143,0.055944,6;7,俺が祖国を…？\n || ええ。それくらい、私にだってわかる。\n
BRIEFING,BRIEFING_FILES_BLOCK_032C30,OUTSIDE_LOADING,7,8,2,YES,1,1,75.00%,100.00%,100.00%,0.107143,0.013986,7;8,何それ。\n || えっ？\n
BRIEFING,BRIEFING_FILES_BLOCK_032C30,OUTSIDE_LOADING,10,11,2,YES,0,2,100.00%,100.00%,100.00%,0.193548,0.024476,10;11,…そうなのか？\n || そうよ。\n
BRIEFING,BRIEFING_FILES_BLOCK_034C20,OUTSIDE_LOADING,9,10,2,YES,1,1,84.62%,92.31%,100.00%,0.333333,0.045455,9;10,ああ、そうだな。\n || ……勝てるのかしら、あたし達。\n
BRIEFING,BRIEFING_FILES_BLOCK_03CDD0,OUTSIDE_LOADING,8,9,2,YES,1,1,100.00%,90.91%,100.00%,0.314286,0.066434,8;9,その前につかまらないようにしたいところだな。\n || ええ。それがいちばんだわ。\n
BRIEFING,BRIEFING_FILES_BLOCK_03EEB0,OUTSIDE_LOADING,4,5,2,YES,1,1,100.00%,95.00%,100.00%,0.314286,0.069930,4;5,じっくり見ている時間はないかもしれないけど…。\n || わかった。なんとかする。\n
BRIEFING,BRIEFING_FILES_BLOCK_040440,OUTSIDE_LOADING,3,4,2,YES,2,0,90.91%,86.36%,100.00%,1.000000,0.092150,3;4,"敵がいつ来るかわからないのに、のんびり飯なんか食って\nられるか！\n || 俺だって一人前の<R=FSLN,サンディニスタ>なんだ。女にそんなこと言われた\nくない！！\n"
BRIEFING,BRIEFING_FILES_BLOCK_048EE0,OUTSIDE_LOADING,1,2,2,YES,1,1,75.00%,100.00%,100.00%,0.153846,0.013986,1;2,っ…。\n || 俺が…。\n
BRIEFING,BRIEFING_FILES_BLOCK_04A590,OUTSIDE_LOADING,11,12,2,YES,1,1,100.00%,94.44%,100.00%,0.214286,0.048276,11;12,そ、そうか…。\n || それで、トレニャーはなんて言ってたんだ？\n
BRIEFING,BRIEFING_FILES_BLOCK_04DFB0,OUTSIDE_LOADING,5,6,2,YES,1,1,88.89%,81.48%,100.00%,0.326087,0.094406,5;6,からかうのはよしてくれ。\n || いや、お前には、私が生身の人間であることは証明出来な\nいはずだ。\n
BRIEFING,BRIEFING_FILES_BLOCK_04EE70,OUTSIDE_LOADING,6,7,2,YES,2,0,66.67%,66.67%,100.00%,0.255814,0.069930,6;7,それだけじゃない。彼女には、意志があった。\n || 意志？\n
BRIEFING,BRIEFING_FILES_BLOCK_04F520,OUTSIDE_LOADING,20,21,2,YES,1,1,92.31%,92.31%,100.00%,0.363636,0.090909,20;21,これからは現実の人間を見て生きたい。そう思えるように\nなれた。\n || そうか。\n
BRIEFING,BRIEFING_FILES_BLOCK_051320,OUTSIDE_LOADING,3,4,2,YES,2,0,90.91%,81.82%,100.00%,0.194444,0.041958,3;4,そうなれば何だと言うんだ。\n || 言わなくてもわかるだろう？\n
BRIEFING,BRIEFING_FILES_BLOCK_056170,OUTSIDE_LOADING,21,22,2,YES,0,2,100.00%,100.00%,100.00%,0.269231,0.024476,21;22,それにそもそも！\n || まだあるのか。\n
BRIEFING,BRIEFING_FILES_BLOCK_058FC0,OUTSIDE_LOADING,16,17,2,YES,2,0,88.89%,77.78%,100.00%,0.277778,0.041958,16;17,そういう意味じゃ…。\n || ごまかさなくてもいいのに。\n
BRIEFING,BRIEFING_FILES_BLOCK_058FC0,OUTSIDE_LOADING,19,20,2,YES,1,1,100.00%,87.50%,100.00%,0.285714,0.031469,19;20,そ、そんなことないわ。\n || あやしいもんだ。\n
BRIEFING,BRIEFING_FILES_BLOCK_060450,OUTSIDE_LOADING,5,6,2,YES,1,1,84.21%,94.74%,100.00%,0.310345,0.066434,5;6,私が知らないうちに何もかも知りつくされたい。\n || そうか？\n
BRIEFING,BRIEFING_FILES_BLOCK_0614E0,OUTSIDE_LOADING,25,26,2,YES,2,0,66.67%,85.71%,100.00%,0.121212,0.024476,25;26,何か言った！？\n || 何も。\n
BRIEFING,BRIEFING_FILES_BLOCK_063B40,OUTSIDE_LOADING,23,24,2,YES,2,0,80.00%,90.00%,100.00%,0.333333,0.045455,23;24,何が違ったのかしら？\n || さあな。俺が知りたいくらいだ。\n
BRIEFING,BRIEFING_FILES_BLOCK_0652F0,OUTSIDE_LOADING,17,18,2,YES,1,1,86.67%,86.67%,100.00%,0.322581,0.052448,17;18,僕はもっと自由になれたかもしれない。\n || …。\n
BRIEFING,BRIEFING_FILES_BLOCK_069580,OUTSIDE_LOADING,5,6,2,YES,0,2,100.00%,100.00%,100.00%,0.136364,0.020979,5;6,…そこだよ。\n || そこ？\n
BRIEFING,BRIEFING_FILES_BLOCK_070BB0,OUTSIDE_LOADING,7,8,2,YES,0,2,100.00%,100.00%,100.00%,0.315789,0.027875,7;8,…まさか。\n || いないのか？　サンタ。\n
BRIEFING,BRIEFING_FILES_BLOCK_0838E0,OUTSIDE_LOADING,29,30,2,YES,2,0,90.91%,90.91%,100.00%,0.289474,0.076923,29;30,けれど、だからこそ私は、彼を殺すことになるだろう。\n || あるいは私が殺されるか。\n
BRIEFING,BRIEFING_FILES_BLOCK_084BB0,OUTSIDE_LOADING,17,18,2,YES,1,1,82.76%,79.31%,100.00%,0.410256,0.101399,17;18,思えばここに来てからが、私の人生で最も平和な時だった\nのかもしれない。\n || しかし、それももう終わる。\n
BRIEFING,BRIEFING_FILES_BLOCK_088F20,OUTSIDE_LOADING,2,3,2,YES,0,2,100.00%,100.00%,100.00%,0.294118,0.038462,2;3,その時はわからなかった。\n || でも、いまならわかる。\n
BRIEFING,BRIEFING_FILES_BLOCK_088F20,OUTSIDE_LOADING,10,11,2,YES,2,0,100.00%,90.91%,100.00%,0.318182,0.059441,10;11,つまり、あなたをも殺さなければならない。\n || でも、それは出来ない。\n
BRIEFING,BRIEFING_FILES_BLOCK_088F20,OUTSIDE_LOADING,16,17,2,YES,2,0,100.00%,86.67%,100.00%,0.424242,0.066434,16;17,これだけはあなたに言わなければならない。\n || そしてあなたには……生きてもらわなければならない。\n
BRIEFING,BRIEFING_FILES_BLOCK_0924D0,OUTSIDE_LOADING,47,48,2,YES,1,1,90.91%,100.00%,100.00%,0.291667,0.038462,47;48,ボス…。\n || だが、それでも俺は…。\n
BRIEFING,BRIEFING_MISSION_BLOCK_36DD60,OUTSIDE_LOADING,5,6,2,YES,1,1,25.00%,50.00%,100.00%,0.240000,0.031469,5;6,…ああ、わかってる。\n || 繋ぐぞ。\n
BRIEFING,BRIEFING_MISSION_BLOCK_3705D0,OUTSIDE_LOADING,36,37,2,YES,1,1,94.74%,89.47%,100.00%,1.000000,0.066434,36;37,ん？\n || 見たことない生き物がいたら、知らせてくれよ。\n
BRIEFING,BRIEFING_MISSION_BLOCK_373AD0,OUTSIDE_LOADING,3,4,2,YES,1,1,100.00%,83.33%,100.00%,0.133333,0.020979,3;4,まさか…！\n || どうした！？\n
BRIEFING,BRIEFING_MISSION_BLOCK_373AD0,OUTSIDE_LOADING,29,30,2,YES,0,2,100.00%,100.00%,100.00%,0.111111,0.006993,29;30,ああ。\n || ……。\n
BRIEFING,BRIEFING_MISSION_BLOCK_373AD0,OUTSIDE_LOADING,40,41,2,YES,2,0,85.71%,62.50%,100.00%,0.243243,0.048951,40;41,聴かせたよ。\n確かに彼女のものだった。\n || じゃあ彼女は…。\n
BRIEFING,BRIEFING_MISSION_BLOCK_375000,OUTSIDE_LOADING,10,11,2,YES,1,1,93.33%,86.67%,100.00%,0.300000,0.052448,10;11,ああ。\n || 人間には、出来る事と、出来ない事がある。\n
BRIEFING,BRIEFING_MISSION_BLOCK_375000,OUTSIDE_LOADING,35,36,2,YES,1,1,80.77%,76.92%,100.00%,1.000000,0.090909,35;36,あんたは国も身分も過去も理想も、何もかも棄てた。\nしかし、まだ棄ててないものがある。\n || なんだって？\n
BRIEFING,BRIEFING_MISSION_BLOCK_378670,OUTSIDE_LOADING,38,39,2,YES,2,0,93.33%,80.00%,100.00%,0.300000,0.076923,38;39,パスのこともある…。\nとにかく、もうあまり時間がない。\n || ああ、なんとか食い止めてみせる。\n
BRIEFING,BRIEFING_MISSION_BLOCK_37CB00,OUTSIDE_LOADING,8,9,2,YES,2,0,83.33%,83.33%,100.00%,0.185185,0.020979,8;9,出してやれ。\n || 何だって！？\n
BRIEFING,BRIEFING_MISSION_BLOCK_37D9F0,OUTSIDE_LOADING,1,2,2,YES,1,1,83.33%,75.00%,100.00%,0.314286,0.083916,1;2,なんだ？\n || パスのことなんだが…。\n…知ってのとおり、彼女には身寄りがない。\n
LOOSE_OLANG,0005EE2F,OUTSIDE_LOADING,14,15,2,YES,2,0,100.00%,90.91%,100.00%,0.200000,0.027397,14;15,タイトルメニューに戻ります。 || タイトルメニューに戻る
LOOSE_OLANG,005184E3,OUTSIDE_LOADING,43,44,2,YES,0,2,100.00%,100.00%,100.00%,0.111111,0.010239,43;44,PUSH START BUTTON || SPECTATOR MODE
LOOSE_OLANG,005184E3,OUTSIDE_LOADING,67,68,2,YES,0,2,100.00%,100.00%,100.00%,0.076923,0.006849,67;68,BACK BUTTON || BACK
LOOSE_OLANG,005184E3,OUTSIDE_LOADING,79,80,2,YES,1,1,87.50%,50.00%,100.00%,0.095238,0.013841,79;80,BACK ボタン || 左スティック感度
LOOSE_OLANG,005184E3,OUTSIDE_LOADING,137,138,2,YES,0,2,100.00%,100.00%,100.00%,0.111111,0.010239,137;138,HOST CONDITION SELECT || SEARCH CONDITION SELECT
LOOSE_OLANG,0060E2F2,OUTSIDE_LOADING,2,3,2,YES,0,2,100.00%,100.00%,100.00%,0.038462,0.003425,2;3,ALL || GAMER CARD
LOOSE_OLANG,0060E2F2,OUTSIDE_LOADING,16,17,2,YES,1,1,100.00%,78.95%,100.00%,0.225806,0.059028,16;17,DOMESTIC || ゲームを作成することができませんでした。
LOOSE_OLANG,0066E64E,OUTSIDE_LOADING,22,23,2,YES,2,0,100.00%,0.00%,100.00%,0.050000,0.003448,22;23,選択 || キャンセル
LOOSE_OLANG,007E2F18,OUTSIDE_LOADING,12,13,2,YES,0,2,100.00%,100.00%,100.00%,0.033333,0.003497,12;13,1 || 2
LOOSE_OLANG,007E2F18,OUTSIDE_LOADING,172,173,2,YES,0,2,100.00%,100.00%,100.00%,0.041667,0.003448,172;173,RED || WHITE
LOOSE_OLANG,007E2F18,OUTSIDE_LOADING,175,176,2,YES,0,2,100.00%,100.00%,100.00%,0.043478,0.003460,175;176,KHAKI || BLACK
LOOSE_OLANG,007E2F18,OUTSIDE_LOADING,233,234,2,YES,0,2,100.00%,100.00%,100.00%,0.217391,0.020979,233;234,まってなせ || ながまってれ
LOOSE_OLANG,007E2F18,OUTSIDE_LOADING,299,300,2,YES,2,0,100.00%,0.00%,100.00%,0.050000,0.003448,299;300,選択 || キャンセル
LOOSE_OLANG,007E2F18,OUTSIDE_LOADING,392,393,2,YES,0,2,100.00%,100.00%,100.00%,0.217391,0.031142,392;393,OK || セーブデータがありません。
LOOSE_OLANG,007E2F18,OUTSIDE_LOADING,405,406,2,YES,1,1,100.00%,88.24%,100.00%,0.200000,0.041237,405;406,セーブデータをセーブしますか？ || セーブするデータを選択してください。
LOOSE_OLANG,007E2F18,OUTSIDE_LOADING,517,518,2,YES,2,0,100.00%,50.00%,100.00%,0.052632,0.003484,517;518,<I=KEYCAN>戻る || <I=PADCAN>戻る
LOOSE_OLANG,00D0C740,OUTSIDE_LOADING,65,66,2,YES,1,1,100.00%,71.43%,100.00%,0.125000,0.020906,65;66,システムデータ || HEROISM
OHD,1E4C1146,OUTSIDE_LOADING,43,44,2,YES,2,0,75.00%,100.00%,100.00%,0.153846,0.017483,43;44,俺はここだ || 俺はここだ！！
OHD,1E4C1146,OUTSIDE_LOADING,133,134,2,YES,1,1,100.00%,50.00%,100.00%,0.080000,0.006993,133;134,左だ || 前だ
OHD,1E4C1146,OUTSIDE_LOADING,150,151,2,YES,0,2,100.00%,100.00%,100.00%,0.142857,0.020979,150;151,よろしく！ || さようなら！
OHD,1E4C1146,OUTSIDE_LOADING,165,166,2,YES,1,1,100.00%,83.33%,100.00%,0.090909,0.020979,165;166,気をつけろ！ || トラップだ！
OHD,1E4C1146,OUTSIDE_LOADING,186,187,2,YES,2,0,66.67%,66.67%,100.00%,0.238095,0.027972,186;187,やるじゃないか！ || 違う！
OHD,1E4C1146,OUTSIDE_LOADING,196,197,2,YES,1,1,88.89%,77.78%,100.00%,0.147059,0.031469,196;197,それは…違うんじゃ… || よおし！
OHD,1E4C1146,OUTSIDE_LOADING,210,211,2,YES,1,1,83.33%,83.33%,100.00%,0.100000,0.020979,210;211,忠をつくせ！ || こっちだ
OHD,1E4C1146,OUTSIDE_LOADING,216,217,2,YES,2,0,62.50%,50.00%,100.00%,0.363636,0.027972,216;217,平和は歩いては来ない || 勝利か死か
SLOT_OLANG,5D06A8D5,OUTSIDE_LOADING,63,64,2,YES,1,1,100.00%,66.67%,100.00%,0.071429,0.010490,63;64,ALL || その他
SLOT_OLANG,5D06C8DE,OUTSIDE_LOADING,6,7,2,YES,0,2,100.00%,100.00%,100.00%,0.083333,0.006897,6;7,ATTENTION || DOWNGRADE
SLOT_OLANG,5D06C8DE,OUTSIDE_LOADING,32,33,2,YES,0,2,100.00%,100.00%,100.00%,0.083333,0.006897,32;33,TRADE || DATABASE
SLOT_OLANG,5D06C8DE,OUTSIDE_LOADING,46,47,2,YES,0,2,100.00%,100.00%,100.00%,0.080000,0.006873,46;47,OUTER OPS || RECRUIT
SLOT_OLANG,5D06C8DE,OUTSIDE_LOADING,111,112,2,YES,0,2,100.00%,100.00%,100.00%,0.136364,0.010417,111;112,MISSION || MOTHER-BASE
SLOT_OLANG,5D06C8DE,OUTSIDE_LOADING,114,115,2,YES,0,2,100.00%,100.00%,100.00%,0.043478,0.003460,114;115,TITLE || STAFF
SLOT_OLANG,5D09325F,OUTSIDE_LOADING,3,4,2,YES,0,2,100.00%,100.00%,100.00%,0.107143,0.010204,3;4,CONTACT THE SANDINISTA COMANDANTE || PURSUE AMANDA
SLOT_OLANG,5D09325F,OUTSIDE_LOADING,10,11,2,YES,0,2,100.00%,100.00%,100.00%,0.103448,0.010169,10;11,INFILTRATE THE CRATER BASE || PUPA BATTLE
SLOT_OLANG,5D09325F,OUTSIDE_LOADING,14,15,2,YES,0,2,100.00%,100.00%,100.00%,0.071429,0.006803,14;15,HEAD FOR THE LAB || LOCATE THE ID CARD
SLOT_OLANG,5D09325F,OUTSIDE_LOADING,35,36,2,YES,0,2,100.00%,100.00%,100.00%,0.100000,0.010135,35;36,MARKSMANSHIP CHALLENGE || ITEM CAPTURE
SLOT_OLANG,5D09325F,OUTSIDE_LOADING,58,59,2,YES,0,2,100.00%,100.00%,100.00%,0.115385,0.010274,58;59,STEALING GEAR || PERFECT STEALTH
SLOT_OLANG,5D09325F,OUTSIDE_LOADING,90,91,2,YES,0,2,100.00%,100.00%,100.00%,0.115385,0.010274,90;91,COCOON II BATTLE || PEACE WALKER II BATTLE
SLOT_OLANG,5D09325F,OUTSIDE_LOADING,98,99,2,YES,0,2,100.00%,100.00%,100.00%,0.107143,0.010204,98;99,COCOON CUSTOM BATTLE || PEACE WALKER CUSTOM BATTLE
SLOT_OLANG,5D140CA7,OUTSIDE_LOADING,54,55,2,YES,2,0,83.33%,80.00%,100.00%,0.227273,0.020979,54;55,ついて来い！ || 敵がいるぞ！！
SLOT_OLANG,5D140CA7,OUTSIDE_LOADING,57,58,2,YES,1,1,66.67%,66.67%,100.00%,0.117647,0.010490,57;58,頼んだ || WALK
SLOT_OLANG,5D147608,OUTSIDE_LOADING,0,1,2,YES,1,1,100.00%,60.00%,100.00%,0.115385,0.010417,0;1,LOADING POINT || MSF基地
SLOT_OLANG,5D15C941,OUTSIDE_LOADING,15,16,2,YES,0,2,100.00%,100.00%,100.00%,0.043478,0.003460,15;16,NAME || LIFE
SLOT_OLANG,5D15C941,OUTSIDE_LOADING,73,74,2,YES,0,2,100.00%,100.00%,100.00%,0.055556,0.006993,73;74,気力 || センス
SLOT_OLANG,5D1A33A6,OUTSIDE_LOADING,0,1,2,YES,0,2,100.00%,100.00%,100.00%,0.125000,0.010345,0;1,UNKNOWN || SCANNING...
SLOT_OLANG,5D1A33A6,OUTSIDE_LOADING,7,8,2,YES,0,2,100.00%,100.00%,100.00%,0.045455,0.003472,7;8,POD || P
SLOT_OLANG,5D1A33A7,OUTSIDE_LOADING,0,1,2,YES,0,2,100.00%,100.00%,100.00%,0.125000,0.010345,0;1,UNKNOWN || SCANNING...
SLOT_OLANG,5D1A33A7,OUTSIDE_LOADING,3,4,2,YES,0,2,100.00%,100.00%,100.00%,0.043478,0.003460,3;4,PUPA || LIFE
SLOT_OLANG,5D1A33A8,OUTSIDE_LOADING,0,1,2,YES,0,2,100.00%,100.00%,100.00%,0.125000,0.010345,0;1,UNKNOWN || SCANNING...
SLOT_OLANG,5D1A33A8,OUTSIDE_LOADING,3,4,2,YES,0,2,100.00%,100.00%,100.00%,0.045455,0.003472,3;4,COCOON || LIFE
SLOT_OLANG,5D1A33A9,OUTSIDE_LOADING,0,1,2,YES,0,2,100.00%,100.00%,100.00%,0.125000,0.010345,0;1,UNKNOWN || SCANNING...
SLOT_OLANG,5D1A33A9,OUTSIDE_LOADING,3,4,2,YES,0,2,100.00%,100.00%,100.00%,0.043478,0.003460,3;4,PEACE WALKER || LIFE
SLOT_OLANG,5D1A33AA,OUTSIDE_LOADING,2,3,2,YES,0,2,100.00%,100.00%,100.00%,0.043478,0.003460,2;3,PEACE WALKER || LIFE
SLOT_OLANG,5D1DF209,OUTSIDE_LOADING,52,53,2,YES,0,2,100.00%,100.00%,100.00%,0.130435,0.010381,52;53,START MISSION || OPTIONS
SLOT_OLANG,5D2E0FEE,OUTSIDE_LOADING,3,4,2,YES,0,2,100.00%,100.00%,100.00%,0.041667,0.003448,3;4,WHITE || WALK UNIT
SLOT_OLANG,5D2E0FEE,OUTSIDE_LOADING,13,14,2,YES,0,2,100.00%,100.00%,100.00%,0.080000,0.013841,13;14,TIMING02 || TIMING01
SLOT_OLANG,5D2E0FEE,OUTSIDE_LOADING,18,19,2,YES,0,2,100.00%,100.00%,100.00%,0.086957,0.006920,18;19,AI POD || SENSE
SLOT_OLANG,5D2E0FEE,OUTSIDE_LOADING,63,64,2,YES,0,2,100.00%,100.00%,100.00%,0.076923,0.006849,63;64,MAIN PARTS || MAGENTA
SLOT_OLANG,5D2E0FEE,OUTSIDE_LOADING,76,77,2,YES,0,2,100.00%,100.00%,100.00%,0.043478,0.003460,76;77,HEAD PARTS || GREEN
SLOT_OLANG,5D2E0FEE,OUTSIDE_LOADING,79,80,2,YES,0,2,100.00%,100.00%,100.00%,0.080000,0.006873,79;80,FOOT PARTS || DARK GREEN
SLOT_OLANG,5D396407,OUTSIDE_LOADING,15,16,2,YES,0,2,100.00%,100.00%,100.00%,0.153846,0.013699,15;16,2D ARTIST || TSUTOMU HASHIGUCHI
SLOT_OLANG,5D396407,OUTSIDE_LOADING,33,34,2,YES,0,2,100.00%,100.00%,100.00%,0.076923,0.006849,33;34,ART DIRECTOR || PRODUCERS
SLOT_OLANG,5D3AF52D,OUTSIDE_LOADING,12,13,2,YES,1,1,62.50%,75.00%,100.00%,0.727273,0.027972,12;13,俺達に 勝利はない || いいか
SLOT_OLANG,5D3AF52D,OUTSIDE_LOADING,73,74,2,YES,2,0,50.00%,71.43%,100.00%,0.250000,0.024476,73;74,国を棄てただけだ || 俺達は…
SLOT_OLANG,5D3AF54D,OUTSIDE_LOADING,67,68,2,YES,2,0,60.00%,40.00%,100.00%,0.652174,0.052448,67;68,我々はここが欲しい || 中米は北米大陸と南米大陸を繋ぐ臍の緒だ 
SLOT_OLANG,5D3AF54D,OUTSIDE_LOADING,102,103,2,YES,1,1,88.24%,70.59%,100.00%,0.321429,0.059441,102;103,では これはもう いらない？ || やはり 祖国に背くことは出来ませんか？
SLOT_OLANG,5D3AF92D,OUTSIDE_LOADING,46,47,2,YES,1,1,100.00%,94.12%,100.00%,0.333333,0.055749,46;47,いいだろう || だから あたしはリーダーには向いてないの…
SLOT_OLANG,5D3AF92D,OUTSIDE_LOADING,61,62,2,YES,2,0,92.86%,85.71%,100.00%,0.500000,0.048951,61;62,生きる理由は 他にいくらでもある || それでも 戦い続ける
SLOT_OLANG,5D3AF92D,OUTSIDE_LOADING,70,71,2,YES,1,1,66.67%,66.67%,100.00%,0.321429,0.031469,70;71,それでも 生きてる || 俺達は祖国を棄てた
SLOT_OLANG,5D3AF96D,OUTSIDE_LOADING,25,26,2,YES,1,1,90.00%,80.00%,100.00%,0.285714,0.034965,25;26,しまっておけ || 想い出だけは棄てるな
SLOT_OLANG,5D3AF96D,OUTSIDE_LOADING,35,36,2,YES,2,0,76.92%,61.54%,100.00%,0.566667,0.059441,35;36,それが耐えられなかった もう12なのに！ || …みんなで僕を子供扱いする
SLOT_OLANG,5D3AF9AD,OUTSIDE_LOADING,36,37,2,YES,2,0,54.55%,45.45%,100.00%,0.545455,0.041958,36;37,お互い 歩み寄るしかないのだ || …博士 平和は歩いては来ない
SLOT_OLANG,5D3AF9CD,OUTSIDE_LOADING,23,24,2,YES,2,0,83.33%,88.89%,100.00%,0.173913,0.031469,23;24,ここで何をやってる？ || あれは何だ？
SLOT_OLANG,5D3AF9CD,OUTSIDE_LOADING,167,168,2,YES,1,1,100.00%,90.00%,100.00%,0.173913,0.034965,167;168,…見えるか？ || そりゃ気のせいだろう
SLOT_OLANG,5D3AFD0D,OUTSIDE_LOADING,112,113,2,YES,0,2,100.00%,100.00%,100.00%,0.357143,0.045455,112;113,自分で確かめろ || なんだと！？　 で いけてるのか？
SLOT_OLANG,5D3AFD0D,OUTSIDE_LOADING,116,117,2,YES,1,1,80.00%,90.00%,100.00%,0.193548,0.034965,116;117,え？ || そこにいろ 鳥になれるぞ 
SLOT_OLANG,5D3AFD2D,OUTSIDE_LOADING,0,1,2,YES,0,2,100.00%,100.00%,100.00%,0.187500,0.027972,0;1,こいつは… まさか… || お前が！
SLOT_OLANG,5D3AFD2D,OUTSIDE_LOADING,26,27,2,YES,1,1,100.00%,88.89%,100.00%,0.173913,0.031469,26;27,さあ！　どうなんだ！？ || ボスは…
SLOT_OLANG,5D3AFD2D,OUTSIDE_LOADING,37,38,2,YES,2,0,78.26%,78.26%,100.00%,0.676471,0.080420,37;38,お前と同じ 生ける屍だ  || 愛した彼女に 答えを聴くまで 死ぬことも出来ない…
SLOT_OLANG,5D3AFD2D,OUTSIDE_LOADING,45,46,2,YES,2,0,66.67%,90.91%,100.00%,0.240000,0.038462,45;46,ぬけぬけと || ボスはもう この世にいない
SLOT_OLANG,5D3AFD2D,OUTSIDE_LOADING,57,58,2,YES,0,2,100.00%,100.00%,100.00%,0.160000,0.024476,57;58,…ボスなのか？ || ボスは？
SLOT_OLANG,5D3AFDED,OUTSIDE_LOADING,12,13,2,YES,0,2,100.00%,100.00%,100.00%,0.100000,0.010490,12;13,ボス || …そう
SLOT_OLANG,5D3AFDED,OUTSIDE_LOADING,19,20,2,YES,1,1,100.00%,90.00%,100.00%,0.260870,0.034965,19;20,ボスは死んだ！ || あんたはボスじゃない
SLOT_OLANG,5D3AFDED,OUTSIDE_LOADING,86,87,2,YES,2,0,80.00%,75.00%,100.00%,0.684211,0.069930,86;87,これからは“感情なきシステム”が英雄になる  || 過ちを犯すのはいつも人間だ
SLOT_OLANG,5D3AFE2D,OUTSIDE_LOADING,34,35,2,YES,2,0,92.86%,75.00%,100.00%,0.300000,0.048951,34;35,…国だけじゃない || 何があった！？　お前は 何を見たのだ？
SLOT_OLANG,5D3AFE2D,OUTSIDE_LOADING,38,39,2,YES,2,0,86.67%,86.67%,100.00%,0.205882,0.052448,38;39,"俺が<R=彼女,ザ・ボス>を殺したんだ… || …いいだろう …何でもすればいい"
SLOT_OLANG,5D3AFE2D,OUTSIDE_LOADING,59,60,2,YES,2,0,66.67%,66.67%,100.00%,0.150000,0.017483,59;60,…あの女は || …違う 
SLOT_OLANG,5D3B010D,OUTSIDE_LOADING,0,1,2,YES,1,1,80.00%,100.00%,100.00%,0.307692,0.020979,0;1,いくぞ…！ || そうはいかない
SLOT_OLANG,5D3B018D,OUTSIDE_LOADING,38,39,2,YES,1,1,93.33%,80.00%,100.00%,0.272727,0.052448,38;39,だが… || だからこそ ここでそれらを 食い止めなければならない
SLOT_OLANG,5D3B022D,OUTSIDE_LOADING,5,6,2,YES,1,1,66.67%,100.00%,100.00%,0.150000,0.013986,5;6,私を… || 殺して…
SLOT_OLANG,5D3B022D,OUTSIDE_LOADING,9,10,2,YES,2,0,87.50%,75.00%,100.00%,0.266667,0.034965,9;10,勝ち負けではない || どちらかが死に どちらかが生きる 
SLOT_OLANG,5D3B050D,OUTSIDE_LOADING,2,3,2,YES,2,0,80.00%,60.00%,100.00%,0.214286,0.024476,2;3,祖国のため || 全ては 国のため
SLOT_OLANG,5D3B052D,OUTSIDE_LOADING,15,16,2,YES,1,1,100.00%,83.33%,100.00%,0.172414,0.024476,15;16,見つかった…！ || どうしたの？
SLOT_OLANG,5D3B052D,OUTSIDE_LOADING,27,28,2,YES,2,0,62.50%,75.00%,100.00%,0.500000,0.031469,27;28,あなたを見守ってる || 私は 平和の使者よ
SLOT_OLANG,5D3B054D,OUTSIDE_LOADING,33,34,2,YES,0,2,100.00%,100.00%,100.00%,0.148148,0.017483,33;34,これでよし || …わかった
SLOT_OLANG,5D3B054D,OUTSIDE_LOADING,67,68,2,YES,1,1,80.00%,100.00%,100.00%,0.200000,0.027972,67;68,まだわからないか？ || 何だと！？
SLOT_OLANG,5D3B054D,OUTSIDE_LOADING,133,134,2,YES,2,0,100.00%,66.67%,100.00%,0.100000,0.013986,133;134,いや… || やめろ！
SLOT_OLANG,5D3B054D,OUTSIDE_LOADING,162,163,2,YES,2,0,62.50%,75.00%,100.00%,0.266667,0.048951,162;163,銃は俺達に任せろ || 構えるだけでは 抑止力にはならない 
SLOT_OLANG,5D3B054D,OUTSIDE_LOADING,174,175,2,YES,2,0,85.00%,75.00%,100.00%,0.311111,0.069930,174;175,あなたが最期に見たもの 聴いたことが真実かどうかを  || あなたも知りたいはず 
SLOT_OLANG,5D3B054D,OUTSIDE_LOADING,179,180,2,YES,1,1,90.91%,81.82%,100.00%,0.216216,0.038462,179;180,いえ 彼女はまだ生きている  || ボスは死んだ
SLOT_OLANG,5D3B058D,OUTSIDE_LOADING,14,15,2,YES,1,1,83.33%,66.67%,100.00%,0.240000,0.031469,14;15,みんな 聴け！ || それがわかったからだ
SLOT_OLANG,5D3B058D,OUTSIDE_LOADING,96,97,2,YES,2,0,91.67%,70.00%,100.00%,0.142857,0.041958,96;97,"<R=彼女,ザ・ボス>を止めて…！ || どうすれば止まる！？"
SLOT_OLANG,5D3B05AD,OUTSIDE_LOADING,3,4,2,YES,1,1,100.00%,80.00%,100.00%,0.150000,0.017483,3;4,そんな… || …止まった
SLOT_OLANG,5D3B05AD,OUTSIDE_LOADING,10,11,2,YES,2,0,75.00%,75.00%,100.00%,0.428571,0.031469,10;11,答えろ！！ || 俺にはわからない！！
SLOT_OLANG,5D3B05AD,OUTSIDE_LOADING,21,22,2,YES,2,0,92.31%,75.00%,100.00%,0.185185,0.045455,21;22,何としてもこいつを止めろ！  || 止めろ…
SLOT_OLANG,5D3B05B2,OUTSIDE_LOADING,24,25,2,YES,0,2,100.00%,100.00%,100.00%,0.263158,0.017483,24;25,あなたは… || よかった
SLOT_OLANG,5D3B0612,OUTSIDE_LOADING,17,18,2,YES,2,0,80.00%,83.33%,100.00%,0.200000,0.020979,17;18,そう …何だ || そんなんじゃ…
SLOT_OLANG,5D3B090D,OUTSIDE_LOADING,5,6,2,YES,0,2,100.00%,100.00%,100.00%,0.068966,0.006944,5;6,そうニャ || トレニャー？
SLOT_OLANG,5D3B090D,OUTSIDE_LOADING,10,11,2,YES,1,1,90.00%,80.00%,100.00%,0.368421,0.034965,10;11,ニャ！？ そうなのニャ… || 俺はハンターじゃない
SLOT_OLANG,5D420130,OUTSIDE_LOADING,19,20,2,YES,1,1,100.00%,85.71%,100.00%,0.181818,0.024476,19;20,ええ || ごめんなさい…
SLOT_OLANG,5D420130,OUTSIDE_LOADING,22,23,2,YES,1,1,84.62%,84.62%,100.00%,0.209302,0.045455,22;23,ボスの事 知りませんでした… || ええ ええ…
SLOT_OLANG,5D420130,OUTSIDE_LOADING,29,30,2,YES,2,0,100.00%,66.67%,100.00%,0.050000,0.006969,29;30,開始！ || 始め！
SLOT_OLANG,5D420130,OUTSIDE_LOADING,32,33,2,YES,1,1,50.00%,100.00%,100.00%,0.083333,0.010490,32;33,よし！ || いいぞ
SLOT_OLANG,5D420130,OUTSIDE_LOADING,38,39,2,YES,1,1,87.50%,87.50%,100.00%,0.166667,0.027972,38;39,ボス 違うのでは… || ボス…？ あの…
SLOT_OLANG,5D420130,OUTSIDE_LOADING,45,46,2,YES,1,1,87.50%,87.50%,100.00%,0.146341,0.027972,45;46,あ… || ボス お見事でした
SLOT_OLANG,5D420130,OUTSIDE_LOADING,56,57,2,YES,2,0,100.00%,80.00%,100.00%,0.095238,0.017483,56;57,下を見ろ！ || 左を見ろ！
SLOT_OLANG,5D472837,OUTSIDE_LOADING,9,10,2,YES,1,1,66.67%,100.00%,100.00%,0.068966,0.010490,9;10,くそ！ || 何を！
SLOT_OLANG,5D472837,OUTSIDE_LOADING,14,15,2,YES,1,1,77.78%,55.56%,100.00%,0.192308,0.027875,14;15,そこか！ || 地獄に送ってやる！
SLOT_OLANG,5D52801A,OUTSIDE_LOADING,34,35,2,YES,0,2,100.00%,100.00%,100.00%,0.230769,0.034965,34;35,まだよ！ まだ終わってない！ || おのれ！
SLOT_OLANG,5D52801A,OUTSIDE_LOADING,37,38,2,YES,0,2,100.00%,100.00%,100.00%,0.166667,0.017483,37;38,そんな…！ || しまった！
SLOT_OLANG,5D52801A,OUTSIDE_LOADING,45,46,2,YES,0,2,100.00%,100.00%,100.00%,0.200000,0.020979,45;46,はいだらー！ || まさか！？
SLOT_OLANG,5D52E4F8,OUTSIDE_LOADING,255,256,2,YES,0,2,100.00%,100.00%,100.00%,0.060606,0.010417,255;256,RPG2 || M202A1
SLOT_OLANG,5D52E4F8,OUTSIDE_LOADING,327,328,2,YES,0,2,100.00%,100.00%,100.00%,0.076923,0.010417,327;328,TWIN BRL. || 20MM AAG
SLOT_OLANG,5D52E4F8,OUTSIDE_LOADING,352,353,2,YES,0,2,100.00%,100.00%,100.00%,0.120000,0.010309,352;353,SLEEP G. || SMK G.(BK)
SLOT_OLANG,5D56A63D,OUTSIDE_LOADING,637,638,2,YES,0,2,100.00%,100.00%,100.00%,0.076923,0.006849,637;638,STLTH CAMO || STLTH MAT
SLOT_OLANG,5D56A63D,OUTSIDE_LOADING,644,645,2,YES,0,2,100.00%,100.00%,100.00%,0.000000,0.000000,644;645,LETTER || WALKMAN
SLOT_OLANG,5D56A63D,OUTSIDE_LOADING,648,649,2,YES,0,2,100.00%,100.00%,100.00%,0.190476,0.013937,648;649,RATION || BINOS
SLOT_OLANG,5D56A63D,OUTSIDE_LOADING,651,652,2,YES,0,2,100.00%,100.00%,100.00%,0.080000,0.006873,651;652,SECRET DOC || ID CARD(C)
SLOT_OLANG,5D56A63D,OUTSIDE_LOADING,668,669,2,YES,0,2,100.00%,100.00%,100.00%,0.130435,0.010381,668;669,DORITOS || T-SHIRT
SLOT_OLANG,5D56A63D,OUTSIDE_LOADING,705,706,2,YES,0,2,100.00%,100.00%,100.00%,0.125000,0.010345,705;706,BATTLE || SNEAKING
SLOT_OLANG,5D56A63D,OUTSIDE_LOADING,710,711,2,YES,0,2,100.00%,100.00%,100.00%,0.086957,0.006920,710;711,BAD SMELL || NEO MOSS
SLOT_OLANG,5D56A63D,OUTSIDE_LOADING,726,727,2,YES,0,2,100.00%,100.00%,100.00%,0.041667,0.003448,726;727,RED || WHITE
SLOT_OLANG,5D56A63D,OUTSIDE_LOADING,729,730,2,YES,0,2,100.00%,100.00%,100.00%,0.043478,0.003460,729;730,KHAKI || BLACK
SLOT_OLANG,5D56A63D,OUTSIDE_LOADING,747,748,2,YES,0,2,100.00%,100.00%,100.00%,0.083333,0.010345,747;748,RPG2 AMMO || RAIL AMMO
SLOT_OLANG,5D56A63D,OUTSIDE_LOADING,750,751,2,YES,0,2,100.00%,100.00%,100.00%,0.045455,0.003472,750;751,ANEST.(L) || BALL
SLOT_OLANG,5D56AA31,OUTSIDE_LOADING,10,11,2,YES,0,2,100.00%,100.00%,100.00%,0.043478,0.003460,10;11,ITEM || BULLET
SLOT_OLANG,5D5A5B84,OUTSIDE_LOADING,6,7,2,YES,0,2,100.00%,100.00%,100.00%,0.045455,0.003472,6;7,TOP || OPEN
SLOT_OLANG,5D5CAF77,OUTSIDE_LOADING,0,1,2,YES,0,2,100.00%,100.00%,100.00%,0.050000,0.003497,0;1,S || M
SLOT_OLANG,5D5CAF77,OUTSIDE_LOADING,4,5,2,YES,0,2,100.00%,100.00%,100.00%,0.000000,0.000000,4;5,C || A
SLOT_OLANG,5D5CAF77,OUTSIDE_LOADING,26,27,2,YES,1,1,100.00%,80.00%,100.00%,0.129032,0.013468,26;27,METAL GEAR SOLID PEACE WALKER || プレイ時間
SLOT_OLANG,5D5CAF77,OUTSIDE_LOADING,39,40,2,YES,0,2,100.00%,100.00%,100.00%,0.173913,0.044674,39;40,セーブできませんでした。\nリトライしますか？ || セーブできませんでした。
SLOT_OLANG,5D68BF67,OUTSIDE_LOADING,2,3,2,YES,0,2,100.00%,100.00%,100.00%,0.080000,0.006873,2;3,WEAPON || UNIFORM
SLOT_OLANG,5D68BF67,OUTSIDE_LOADING,5,6,2,YES,0,2,100.00%,100.00%,100.00%,0.115385,0.010274,5;6,SNEAKING SUIT || NAKED
SLOT_OLANG,5D74A6CA,OUTSIDE_LOADING,0,1,2,YES,0,2,100.00%,100.00%,100.00%,0.047619,0.003484,0;1,OK || NG
SLOT_OLANG,5D74A6CA,OUTSIDE_LOADING,22,23,2,YES,0,2,100.00%,100.00%,100.00%,0.080000,0.006873,22;23,UNIFORM || RADAR
SLOT_OLANG,5D74A6CA,OUTSIDE_LOADING,27,28,2,YES,0,2,100.00%,100.00%,100.00%,0.041667,0.003448,27;28,BULLET || ALL
SLOT_OLANG,5D74A6CA,OUTSIDE_LOADING,40,41,2,YES,1,1,50.00%,0.00%,100.00%,0.055556,0.006969,40;41,レーダー || 新作
SLOT_OLANG,5D74A6CA,OUTSIDE_LOADING,140,141,2,YES,0,2,100.00%,100.00%,100.00%,0.071429,0.006803,140;141,AMMO || SUPPORT WEAPON
SLOT_OLANG,5D7B474A,OUTSIDE_LOADING,119,120,2,YES,0,2,100.00%,100.00%,100.00%,0.038462,0.003425,119;120,DELTA || CHARLIE
SLOT_OLANG,5D7B474A,OUTSIDE_LOADING,352,353,2,YES,0,2,100.00%,100.00%,100.00%,0.000000,0.000000,352;353,RANK || NEW
SLOT_OLANG,5D7E43B7,OUTSIDE_LOADING,0,1,2,YES,0,2,100.00%,100.00%,100.00%,0.086957,0.006920,0;1,REPTILE POD || AIPOD
SLOT_OLANG,5D81443C,OUTSIDE_LOADING,8,9,2,YES,2,0,100.00%,90.00%,100.00%,0.291667,0.041958,8;9,な…仲間にしてくれ！ || あんたなら 仲間になってもいい
SLOT_OLANG,5D81443C,OUTSIDE_LOADING,19,20,2,YES,1,1,70.00%,90.00%,100.00%,0.272727,0.034965,19;20,お…俺は何も知らない… || ああ…ここまでか…
SLOT_OLANG,5D81443C,OUTSIDE_LOADING,140,141,2,YES,1,1,100.00%,80.00%,100.00%,0.190476,0.027875,140;141,…下にいる || くっ！ いいセンスだ…
SLOT_OLANG,5D81443C,OUTSIDE_LOADING,167,168,2,YES,2,0,80.00%,80.00%,100.00%,0.217391,0.034965,167;168,やめろ！ 何も知らない！  || …南にいる
SLOT_OLANG,5D81443C,OUTSIDE_LOADING,198,199,2,YES,1,1,100.00%,87.50%,100.00%,0.218750,0.041958,198;199,こら…そんなところ…さわるな！  || どこさわってる！
SLOT_OLANG,5D83B291,OUTSIDE_LOADING,10,11,2,YES,0,2,100.00%,100.00%,100.00%,0.050000,0.003497,10;11,RESTART || B$1F
SLOT_OLANG,5D83B291,OUTSIDE_LOADING,18,19,2,YES,0,2,100.00%,100.00%,100.00%,0.038462,0.003425,18;19,TEAM\nRED || TEAM\nBLUE
SLOT_OLANG,5D83B291,OUTSIDE_LOADING,93,94,2,YES,0,2,100.00%,100.00%,100.00%,0.064516,0.006734,93;94,WARNING : TEAM KILL KICK || IDLE KICK : $1
SLOT_OLANG,5D97F0B2,OUTSIDE_LOADING,10,11,2,YES,0,2,100.00%,100.00%,100.00%,0.076923,0.006849,10;11,TEAM HOTEL || TEAM GOLF
SLOT_OLANG,5D97F0B2,OUTSIDE_LOADING,186,187,2,YES,1,1,88.89%,77.78%,100.00%,0.115385,0.024306,186;187,DAMAGE || MSFの勝利です！
SLOT_OLANG,5D99CB1E,OUTSIDE_LOADING,7,8,2,YES,0,2,100.00%,100.00%,100.00%,0.103448,0.010169,7;8,STOP THE TANK : BANANAL FRUTA DE ORO  || ASSAULT ON THE CRATER BASE 
SLOT_OLANG,5D9A9677,OUTSIDE_LOADING,0,1,2,YES,0,2,100.00%,100.00%,100.00%,0.083333,0.006897,0;1,LOCKED ON || AUTO AIM
SLOT_OLANG,5DA57090,OUTSIDE_LOADING,17,18,2,YES,1,1,88.89%,88.89%,100.00%,0.193548,0.031469,17;18,おきろ || やはり何かいる！？
SLOT_OLANG,5DA57090,OUTSIDE_LOADING,25,26,2,YES,0,2,100.00%,100.00%,100.00%,0.095238,0.010490,25;26,人…？ || すまん
SLOT_OLANG,5DA57090,OUTSIDE_LOADING,30,31,2,YES,2,0,80.00%,80.00%,100.00%,0.150000,0.024476,30;31,どうしたんだ！ || 守りきれ！
SLOT_OLANG,5DA57090,OUTSIDE_LOADING,49,50,2,YES,1,1,80.00%,100.00%,100.00%,0.156250,0.017483,49;50,うるさい！ || うるさいぞ
SLOT_OLANG,5DA57090,OUTSIDE_LOADING,64,65,2,YES,0,2,100.00%,100.00%,100.00%,0.055556,0.010490,64;65,ン…？ || ダレダ…
SLOT_OLANG,5DA57090,OUTSIDE_LOADING,90,91,2,YES,2,0,75.00%,50.00%,100.00%,0.200000,0.034965,90;91,ひどい… || えっと どうして何も…
SLOT_OLANG,5DA57090,OUTSIDE_LOADING,141,142,2,YES,2,0,87.50%,75.00%,100.00%,0.181818,0.027972,141;142,あなたの勝ちです || どうだ！
SLOT_OLANG,5DA57090,OUTSIDE_LOADING,215,216,2,YES,1,1,100.00%,80.00%,100.00%,0.173913,0.017483,215;216,またいた！ || がんばれ！
SLOT_OLANG,5DA57090,OUTSIDE_LOADING,222,223,2,YES,1,1,75.00%,100.00%,100.00%,0.142857,0.013986,222;223,いるぞ！ || くらえ！
SLOT_OLANG,5DA57090,OUTSIDE_LOADING,237,238,2,YES,2,0,50.00%,100.00%,100.00%,0.111111,0.013986,237;238,何だ || いたぞ！
SLOT_OLANG,5DA57090,OUTSIDE_LOADING,276,277,2,YES,1,1,88.89%,88.89%,100.00%,0.240000,0.031469,276;277,あいつを食らうな！ || そこか！
SLOT_OLANG,5DA57090,OUTSIDE_LOADING,286,287,2,YES,2,0,75.00%,100.00%,100.00%,0.181818,0.024476,286;287,何だ！？ || 何とかしてくれ
SLOT_OLANG,5DA57090,OUTSIDE_LOADING,310,311,2,YES,1,1,85.71%,85.71%,100.00%,0.250000,0.027972,310;311,敵がいたのか！？ || 死守するんだ！
SLOT_OLANG,5DA60C2A,OUTSIDE_LOADING,96,97,2,YES,0,2,100.00%,100.00%,100.00%,0.142857,0.017483,96;97,STAFF || 使用しない
SLOT_OLANG,5DA7D875,OUTSIDE_LOADING,6,7,2,YES,0,2,100.00%,100.00%,100.00%,0.090909,0.006944,6;7,MSF BASE || GOAL
SLOT_OLANG,5DA7D878,OUTSIDE_LOADING,1,2,2,YES,0,2,100.00%,100.00%,100.00%,0.041667,0.003448,1;2,TARGET || SNAKE
SLOT_OLANG,5DB4D9C8,OUTSIDE_LOADING,1,2,2,YES,0,2,100.00%,100.00%,100.00%,0.076923,0.006849,1;2,STLTH CAMO || STLTH MAT
SLOT_OLANG,5DB4D9C8,OUTSIDE_LOADING,9,10,2,YES,0,2,100.00%,100.00%,100.00%,0.000000,0.000000,9;10,LETTER || WALKMAN
SLOT_OLANG,5DB4D9C8,OUTSIDE_LOADING,31,32,2,YES,0,2,100.00%,100.00%,100.00%,0.038462,0.003425,31;32,ID CARD(C) || TEMP
SLOT_OLANG,5DB4D9C8,OUTSIDE_LOADING,54,55,2,YES,0,2,100.00%,100.00%,100.00%,0.000000,0.000000,54;55,NKD(DPM) || DPM
SLOT_OLANG,5DB4D9C8,OUTSIDE_LOADING,59,60,2,YES,0,2,100.00%,100.00%,100.00%,0.130435,0.010381,59;60,DORITOS || T-SHIRT
SLOT_OLANG,5DB4D9C8,OUTSIDE_LOADING,101,102,2,YES,0,2,100.00%,100.00%,100.00%,0.125000,0.010345,101;102,BATTLE || SNEAKING
SLOT_OLANG,5DB4D9C8,OUTSIDE_LOADING,124,125,2,YES,0,2,100.00%,100.00%,100.00%,0.041667,0.003448,124;125,RED || WHITE
SLOT_OLANG,5DB4D9C8,OUTSIDE_LOADING,127,128,2,YES,0,2,100.00%,100.00%,100.00%,0.043478,0.003460,127;128,KHAKI || BLACK
SLOT_OLANG,5DB4D9C8,OUTSIDE_LOADING,134,135,2,YES,0,2,100.00%,100.00%,100.00%,0.125000,0.010345,134;135,TIG-FANG-G || LIO-WING-G
SLOT_OLANG,5DB4D9C8,OUTSIDE_LOADING,159,160,2,YES,0,2,100.00%,100.00%,100.00%,0.083333,0.010345,159;160,RPG2 AMMO || RAIL AMMO
SLOT_OLANG,5DB4D9C8,OUTSIDE_LOADING,162,163,2,YES,0,2,100.00%,100.00%,100.00%,0.045455,0.003472,162;163,ANEST.(L) || BALL
SLOT_OLANG,5DB4D9C8,OUTSIDE_LOADING,173,174,2,YES,0,2,100.00%,100.00%,100.00%,0.080000,0.006873,173;174,WD.RATION || R.RATION
SLOT_OLANG,5DB4D9C8,OUTSIDE_LOADING,210,211,2,YES,0,2,100.00%,100.00%,100.00%,0.058824,0.010381,210;211,12 GAUGE || BANDANA
SLOT_OLANG,5DB83C7B,OUTSIDE_LOADING,2,3,2,YES,0,2,100.00%,100.00%,100.00%,0.115385,0.010274,2;3,REMAINING ITEMS || REST
SLOT_OLANG,5DB85CF0,OUTSIDE_LOADING,0,1,2,YES,0,2,100.00%,100.00%,100.00%,0.038462,0.003425,0;1,REDUCE STAFF || NEW COMER
SLOT_OLANG,5DB96275,OUTSIDE_LOADING,18,19,2,YES,0,2,100.00%,100.00%,100.00%,0.045455,0.003472,18;19,CENTER || GMP
SLOT_OLANG,5DB9910A,OUTSIDE_LOADING,30,31,2,YES,1,1,100.00%,83.33%,100.00%,0.100000,0.010381,30;31,シュータータイプ || する
SLOT_OLANG,5DB9910A,OUTSIDE_LOADING,33,34,2,YES,0,2,100.00%,100.00%,100.00%,0.166667,0.010490,33;34,しない || リバース
SLOT_OLANG,5DB9910A,OUTSIDE_LOADING,67,68,2,YES,0,2,100.00%,100.00%,100.00%,0.030303,0.003460,67;68,WALKMAN || リトライ
SLOT_OLANG,5DC48887,OUTSIDE_LOADING,18,19,2,YES,0,2,100.00%,100.00%,100.00%,0.058824,0.010381,18;19,SPAS-12 || MK.22
SLOT_OLANG,5DC48887,OUTSIDE_LOADING,21,22,2,YES,0,2,100.00%,100.00%,100.00%,0.076923,0.006849,21;22,CT GUN(ST) || CT GUN(SM)
SLOT_OLANG,5DC48887,OUTSIDE_LOADING,50,51,2,YES,0,2,100.00%,100.00%,100.00%,0.076923,0.010417,50;51,TWIN BRL. || 20MM AAG
SLOT_OLANG,5DC48887,OUTSIDE_LOADING,79,80,2,YES,0,2,100.00%,100.00%,100.00%,0.120000,0.010309,79;80,SLEEP G. || SMK G.(BK)
SLOT_OLANG,5DC48887,OUTSIDE_LOADING,101,102,2,YES,0,2,100.00%,100.00%,100.00%,0.060606,0.010417,101;102,RPG2 || M202A1
SLOT_OLANG,5DCDD1C4,OUTSIDE_LOADING,0,1,2,YES,0,2,100.00%,100.00%,100.00%,0.160000,0.013746,0;1,BRIEFING FILES || ・
SLOT_OLANG,5DCDD1C4,OUTSIDE_LOADING,21,22,2,YES,0,2,100.00%,100.00%,100.00%,0.097561,0.017422,21;22,セシール || ザ・ボスAI
SLOT_OLANG,5DCE245C,OUTSIDE_LOADING,6,7,2,YES,0,2,100.00%,100.00%,100.00%,0.033333,0.003497,6;7,1 || 2
SLOT_OLANG,5DD982F6,OUTSIDE_LOADING,34,35,2,YES,1,1,66.67%,66.67%,100.00%,0.076923,0.010490,34;35,バーダー || 愛国者
SLOT_OLANG,5DD9AF4C,OUTSIDE_LOADING,20,21,2,YES,0,2,100.00%,100.00%,100.00%,0.045455,0.003472,20;21,GMP || FOOD
SLOT_OLANG,5DD9B1F3,OUTSIDE_LOADING,14,15,2,YES,0,2,100.00%,100.00%,100.00%,0.071429,0.006803,14;15,CREATE NEW GIFT || ADDRESS
SLOT_OLANG,5DDB94DF,OUTSIDE_LOADING,20,21,2,YES,2,0,75.00%,75.00%,100.00%,0.208333,0.034843,20;21,来るぞ！ || 開かない？ どういうことだ！ 
SLOT_OLANG,5DDB94DF,OUTSIDE_LOADING,66,67,2,YES,2,0,80.00%,80.00%,100.00%,0.137931,0.017483,66;67,どうした？ || 何だって！
SLOT_OLANG,5DDB94DF,OUTSIDE_LOADING,94,95,2,YES,1,1,100.00%,80.00%,100.00%,0.090909,0.017483,94;95,お前は！ || パス…！？
SLOT_OLANG,5DDFF09B,OUTSIDE_LOADING,18,19,2,YES,1,1,83.33%,83.33%,100.00%,0.190476,0.020979,18;19,いいのか？ || 任せてくれ！
SLOT_OLANG,5DDFF09B,OUTSIDE_LOADING,42,43,2,YES,1,1,100.00%,80.00%,100.00%,0.166667,0.017483,42;43,やる気か？ || なんだよ？
SLOT_OLANG,5DDFF09B,OUTSIDE_LOADING,58,59,2,YES,1,1,100.00%,80.00%,100.00%,0.150000,0.017483,58;59,見せろよ || どうした？
SLOT_OLANG,5DDFF09B,OUTSIDE_LOADING,90,91,2,YES,1,1,100.00%,83.33%,100.00%,0.285714,0.027972,90;91,あんたらしくないな || どうもこうもない
SLOT_OLANG,5DDFF0A5,OUTSIDE_LOADING,87,88,2,YES,2,0,80.00%,66.67%,100.00%,0.275862,0.052448,87;88,だから 自分から向かっていくの || 平和のためには…勝利が必要なの？
SLOT_OLANG,5DDFF0A5,OUTSIDE_LOADING,102,103,2,YES,0,2,100.00%,100.00%,100.00%,0.142857,0.017483,102;103,おめでとう || え？
SLOT_OLANG,5DDFF0A5,OUTSIDE_LOADING,107,108,2,YES,0,2,100.00%,100.00%,100.00%,0.200000,0.020979,107;108,なんのこと？ || はいだらー！
SLOT_OLANG,5DE2E8B4,OUTSIDE_LOADING,4,5,2,YES,1,1,100.00%,66.67%,100.00%,0.200000,0.020979,4;5,ここまでだな！ || 来い！
SLOT_OLANG,5DEEEA4A,OUTSIDE_LOADING,6,7,2,YES,1,1,100.00%,71.43%,100.00%,0.210526,0.020906,6;7,ゲームについて || あいさつ
SLOT_OLANG,5DEEEA4A,OUTSIDE_LOADING,14,15,2,YES,0,2,100.00%,100.00%,100.00%,0.142857,0.020979,14;15,はじめまして || こんにちは
SLOT_OLANG,5DEEEA4A,OUTSIDE_LOADING,25,26,2,YES,2,0,100.00%,80.00%,100.00%,0.142857,0.020979,25;26,よくやった！ || 始めよう！
SLOT_OLANG,5DEEEA4A,OUTSIDE_LOADING,49,50,2,YES,0,2,100.00%,100.00%,100.00%,0.105263,0.010490,49;50,なし！ || あり！
SLOT_OLANG,5DEEEA4A,OUTSIDE_LOADING,74,75,2,YES,0,2,100.00%,100.00%,100.00%,0.095238,0.010453,74;75,ルールは… || 0
SLOT_OLANG,5DEEEA4A,OUTSIDE_LOADING,83,84,2,YES,0,2,100.00%,100.00%,100.00%,0.033333,0.003497,83;84,2 || 1
SLOT_OLANG,5DEFED13,OUTSIDE_LOADING,0,1,2,YES,0,2,100.00%,100.00%,100.00%,0.120000,0.010309,0;1,START BUTTON || SELECT BUTTON
STAGEDAT_OLANG,LANG_BRIEFING.OLANG,OUTSIDE_LOADING,0,1,2,YES,0,2,100.00%,100.00%,100.00%,0.160000,0.013746,0;1,BRIEFING FILES || ・
STAGEDAT_OLANG,LANG_BRIEFING.OLANG,OUTSIDE_LOADING,21,22,2,YES,0,2,100.00%,100.00%,100.00%,0.097561,0.017422,21;22,セシール || ザ・ボスAI
STAGEDAT_OLANG,LANG_CHARAEDIT.OLANG,OUTSIDE_LOADING,2,3,2,YES,0,2,100.00%,100.00%,100.00%,0.080000,0.006873,2;3,WEAPON || UNIFORM
STAGEDAT_OLANG,LANG_CHARAEDIT.OLANG,OUTSIDE_LOADING,5,6,2,YES,0,2,100.00%,100.00%,100.00%,0.115385,0.010274,5;6,SNEAKING SUIT || NAKED
STAGEDAT_OLANG,LANG_DATAINSTALL.OLANG,OUTSIDE_LOADING,39,40,2,YES,1,1,100.00%,94.44%,100.00%,0.172414,0.037543,39;40,データインストールがキャンセルされました。 || インストールデータ
STAGEDAT_OLANG,LANG_DEMOTELOP.OLANG,OUTSIDE_LOADING,7,8,2,YES,0,2,100.00%,100.00%,100.00%,0.103448,0.010169,7;8,STOP THE TANK : BANANAL FRUTA DE ORO  || ASSAULT ON THE CRATER BASE 
STAGEDAT_OLANG,LANG_DEMOTELOP2.OLANG,OUTSIDE_LOADING,74,75,2,YES,0,2,100.00%,100.00%,100.00%,0.050000,0.006780,74;75,WALKMAN　　TPS-L2 || トレニャー
STAGEDAT_OLANG,LANG_DEMOTELOP4.OLANG,OUTSIDE_LOADING,15,16,2,YES,0,2,100.00%,100.00%,100.00%,0.153846,0.013699,15;16,2D ARTIST || TSUTOMU HASHIGUCHI
STAGEDAT_OLANG,LANG_DEMOTELOP4.OLANG,OUTSIDE_LOADING,33,34,2,YES,0,2,100.00%,100.00%,100.00%,0.076923,0.006849,33;34,ART DIRECTOR || PRODUCERS
STAGEDAT_OLANG,LANG_ITEM_SHORT_NAME.OLANG,OUTSIDE_LOADING,1,2,2,YES,0,2,100.00%,100.00%,100.00%,0.076923,0.006849,1;2,STLTH CAMO || STLTH MAT
STAGEDAT_OLANG,LANG_ITEM_SHORT_NAME.OLANG,OUTSIDE_LOADING,9,10,2,YES,0,2,100.00%,100.00%,100.00%,0.000000,0.000000,9;10,LETTER || WALKMAN
STAGEDAT_OLANG,LANG_ITEM_SHORT_NAME.OLANG,OUTSIDE_LOADING,31,32,2,YES,0,2,100.00%,100.00%,100.00%,0.038462,0.003425,31;32,ID CARD(C) || TEMP
STAGEDAT_OLANG,LANG_ITEM_SHORT_NAME.OLANG,OUTSIDE_LOADING,54,55,2,YES,0,2,100.00%,100.00%,100.00%,0.000000,0.000000,54;55,NKD(DPM) || DPM
STAGEDAT_OLANG,LANG_ITEM_SHORT_NAME.OLANG,OUTSIDE_LOADING,59,60,2,YES,0,2,100.00%,100.00%,100.00%,0.130435,0.010381,59;60,DORITOS || T-SHIRT
STAGEDAT_OLANG,LANG_ITEM_SHORT_NAME.OLANG,OUTSIDE_LOADING,101,102,2,YES,0,2,100.00%,100.00%,100.00%,0.125000,0.010345,101;102,BATTLE || SNEAKING
STAGEDAT_OLANG,LANG_ITEM_SHORT_NAME.OLANG,OUTSIDE_LOADING,124,125,2,YES,0,2,100.00%,100.00%,100.00%,0.041667,0.003448,124;125,RED || WHITE
STAGEDAT_OLANG,LANG_ITEM_SHORT_NAME.OLANG,OUTSIDE_LOADING,127,128,2,YES,0,2,100.00%,100.00%,100.00%,0.043478,0.003460,127;128,KHAKI || BLACK
STAGEDAT_OLANG,LANG_ITEM_SHORT_NAME.OLANG,OUTSIDE_LOADING,134,135,2,YES,0,2,100.00%,100.00%,100.00%,0.125000,0.010345,134;135,TIG-FANG-G || LIO-WING-G
STAGEDAT_OLANG,LANG_ITEM_SHORT_NAME.OLANG,OUTSIDE_LOADING,159,160,2,YES,0,2,100.00%,100.00%,100.00%,0.083333,0.010345,159;160,RPG2 AMMO || RAIL AMMO
STAGEDAT_OLANG,LANG_ITEM_SHORT_NAME.OLANG,OUTSIDE_LOADING,162,163,2,YES,0,2,100.00%,100.00%,100.00%,0.045455,0.003472,162;163,ANEST.(L) || BALL
STAGEDAT_OLANG,LANG_ITEM_SHORT_NAME.OLANG,OUTSIDE_LOADING,173,174,2,YES,0,2,100.00%,100.00%,100.00%,0.080000,0.006873,173;174,WD.RATION || R.RATION
STAGEDAT_OLANG,LANG_ITEM_SHORT_NAME.OLANG,OUTSIDE_LOADING,210,211,2,YES,0,2,100.00%,100.00%,100.00%,0.058824,0.010381,210;211,12 GAUGE || BANDANA
STAGEDAT_OLANG,LANG_ITEM_TEXT.OLANG,OUTSIDE_LOADING,637,638,2,YES,0,2,100.00%,100.00%,100.00%,0.076923,0.006849,637;638,STLTH CAMO || STLTH MAT
STAGEDAT_OLANG,LANG_ITEM_TEXT.OLANG,OUTSIDE_LOADING,644,645,2,YES,0,2,100.00%,100.00%,100.00%,0.000000,0.000000,644;645,LETTER || WALKMAN
STAGEDAT_OLANG,LANG_ITEM_TEXT.OLANG,OUTSIDE_LOADING,648,649,2,YES,0,2,100.00%,100.00%,100.00%,0.190476,0.013937,648;649,RATION || BINOS
STAGEDAT_OLANG,LANG_ITEM_TEXT.OLANG,OUTSIDE_LOADING,651,652,2,YES,0,2,100.00%,100.00%,100.00%,0.080000,0.006873,651;652,SECRET DOC || ID CARD(C)
STAGEDAT_OLANG,LANG_ITEM_TEXT.OLANG,OUTSIDE_LOADING,668,669,2,YES,0,2,100.00%,100.00%,100.00%,0.130435,0.010381,668;669,DORITOS || T-SHIRT
STAGEDAT_OLANG,LANG_ITEM_TEXT.OLANG,OUTSIDE_LOADING,705,706,2,YES,0,2,100.00%,100.00%,100.00%,0.125000,0.010345,705;706,BATTLE || SNEAKING
STAGEDAT_OLANG,LANG_ITEM_TEXT.OLANG,OUTSIDE_LOADING,710,711,2,YES,0,2,100.00%,100.00%,100.00%,0.086957,0.006920,710;711,BAD SMELL || NEO MOSS
STAGEDAT_OLANG,LANG_ITEM_TEXT.OLANG,OUTSIDE_LOADING,726,727,2,YES,0,2,100.00%,100.00%,100.00%,0.041667,0.003448,726;727,RED || WHITE
STAGEDAT_OLANG,LANG_ITEM_TEXT.OLANG,OUTSIDE_LOADING,729,730,2,YES,0,2,100.00%,100.00%,100.00%,0.043478,0.003460,729;730,KHAKI || BLACK
STAGEDAT_OLANG,LANG_ITEM_TEXT.OLANG,OUTSIDE_LOADING,747,748,2,YES,0,2,100.00%,100.00%,100.00%,0.083333,0.010345,747;748,RPG2 AMMO || RAIL AMMO
STAGEDAT_OLANG,LANG_ITEM_TEXT.OLANG,OUTSIDE_LOADING,750,751,2,YES,0,2,100.00%,100.00%,100.00%,0.045455,0.003472,750;751,ANEST.(L) || BALL
STAGEDAT_OLANG,LANG_KEYHELP.OLANG,OUTSIDE_LOADING,0,1,2,YES,0,2,100.00%,100.00%,100.00%,0.120000,0.010309,0;1,START BUTTON || SELECT BUTTON
STAGEDAT_OLANG,LANG_MISSION_ENDTELOP.OLANG,OUTSIDE_LOADING,3,4,2,YES,0,2,100.00%,100.00%,100.00%,0.107143,0.010204,3;4,CONTACT THE SANDINISTA COMANDANTE || PURSUE AMANDA
STAGEDAT_OLANG,LANG_MISSION_ENDTELOP.OLANG,OUTSIDE_LOADING,10,11,2,YES,0,2,100.00%,100.00%,100.00%,0.103448,0.010169,10;11,INFILTRATE THE CRATER BASE || PUPA BATTLE
STAGEDAT_OLANG,LANG_MISSION_ENDTELOP.OLANG,OUTSIDE_LOADING,14,15,2,YES,0,2,100.00%,100.00%,100.00%,0.071429,0.006803,14;15,HEAD FOR THE LAB || LOCATE THE ID CARD
STAGEDAT_OLANG,LANG_MISSION_ENDTELOP.OLANG,OUTSIDE_LOADING,35,36,2,YES,0,2,100.00%,100.00%,100.00%,0.100000,0.010135,35;36,MARKSMANSHIP CHALLENGE || ITEM CAPTURE
STAGEDAT_OLANG,LANG_MISSION_ENDTELOP.OLANG,OUTSIDE_LOADING,58,59,2,YES,0,2,100.00%,100.00%,100.00%,0.115385,0.010274,58;59,STEALING GEAR || PERFECT STEALTH
STAGEDAT_OLANG,LANG_MISSION_ENDTELOP.OLANG,OUTSIDE_LOADING,90,91,2,YES,0,2,100.00%,100.00%,100.00%,0.115385,0.010274,90;91,COCOON II BATTLE || PEACE WALKER II BATTLE
STAGEDAT_OLANG,LANG_MISSION_ENDTELOP.OLANG,OUTSIDE_LOADING,98,99,2,YES,0,2,100.00%,100.00%,100.00%,0.107143,0.010204,98;99,COCOON CUSTOM BATTLE || PEACE WALKER CUSTOM BATTLE
STAGEDAT_OLANG,LANG_MISSION_RESULT.OLANG,OUTSIDE_LOADING,119,120,2,YES,0,2,100.00%,100.00%,100.00%,0.038462,0.003425,119;120,DELTA || CHARLIE
STAGEDAT_OLANG,LANG_MISSION_RESULT.OLANG,OUTSIDE_LOADING,352,353,2,YES,0,2,100.00%,100.00%,100.00%,0.000000,0.000000,352;353,RANK || NEW
STAGEDAT_OLANG,LANG_MYOUTER_DEVELOP.OLANG,OUTSIDE_LOADING,0,1,2,YES,0,2,100.00%,100.00%,100.00%,0.047619,0.003484,0;1,OK || NG
STAGEDAT_OLANG,LANG_MYOUTER_DEVELOP.OLANG,OUTSIDE_LOADING,22,23,2,YES,0,2,100.00%,100.00%,100.00%,0.080000,0.006873,22;23,UNIFORM || RADAR
STAGEDAT_OLANG,LANG_MYOUTER_DEVELOP.OLANG,OUTSIDE_LOADING,27,28,2,YES,0,2,100.00%,100.00%,100.00%,0.041667,0.003448,27;28,BULLET || ALL
STAGEDAT_OLANG,LANG_MYOUTER_DEVELOP.OLANG,OUTSIDE_LOADING,40,41,2,YES,1,1,50.00%,0.00%,100.00%,0.055556,0.006969,40;41,レーダー || 新作
STAGEDAT_OLANG,LANG_MYOUTER_DEVELOP.OLANG,OUTSIDE_LOADING,140,141,2,YES,0,2,100.00%,100.00%,100.00%,0.071429,0.006803,140;141,AMMO || SUPPORT WEAPON
STAGEDAT_OLANG,LANG_MYOUTER_DEVELOP_METAL.OLANG,OUTSIDE_LOADING,3,4,2,YES,0,2,100.00%,100.00%,100.00%,0.041667,0.003448,3;4,WHITE || WALK UNIT
STAGEDAT_OLANG,LANG_MYOUTER_DEVELOP_METAL.OLANG,OUTSIDE_LOADING,13,14,2,YES,0,2,100.00%,100.00%,100.00%,0.080000,0.013841,13;14,TIMING02 || TIMING01
STAGEDAT_OLANG,LANG_MYOUTER_DEVELOP_METAL.OLANG,OUTSIDE_LOADING,18,19,2,YES,0,2,100.00%,100.00%,100.00%,0.086957,0.006920,18;19,AI POD || SENSE
STAGEDAT_OLANG,LANG_MYOUTER_DEVELOP_METAL.OLANG,OUTSIDE_LOADING,63,64,2,YES,0,2,100.00%,100.00%,100.00%,0.076923,0.006849,63;64,MAIN PARTS || MAGENTA
STAGEDAT_OLANG,LANG_MYOUTER_DEVELOP_METAL.OLANG,OUTSIDE_LOADING,76,77,2,YES,0,2,100.00%,100.00%,100.00%,0.043478,0.003460,76;77,HEAD PARTS || GREEN
STAGEDAT_OLANG,LANG_MYOUTER_DEVELOP_METAL.OLANG,OUTSIDE_LOADING,79,80,2,YES,0,2,100.00%,100.00%,100.00%,0.080000,0.006873,79;80,FOOT PARTS || DARK GREEN
STAGEDAT_OLANG,LANG_MYOUTER_STAFF.OLANG,OUTSIDE_LOADING,15,16,2,YES,0,2,100.00%,100.00%,100.00%,0.043478,0.003460,15;16,NAME || LIFE
STAGEDAT_OLANG,LANG_MYOUTER_STAFF.OLANG,OUTSIDE_LOADING,73,74,2,YES,0,2,100.00%,100.00%,100.00%,0.055556,0.006993,73;74,気力 || センス
STAGEDAT_OLANG,LANG_MYOUTER_STAFF_SKILL.OLANG,OUTSIDE_LOADING,34,35,2,YES,1,1,66.67%,66.67%,100.00%,0.076923,0.010490,34;35,バーダー || 愛国者
STAGEDAT_OLANG,LANG_MYOUTER_TOP.OLANG,OUTSIDE_LOADING,6,7,2,YES,0,2,100.00%,100.00%,100.00%,0.083333,0.006897,6;7,ATTENTION || DOWNGRADE
STAGEDAT_OLANG,LANG_MYOUTER_TOP.OLANG,OUTSIDE_LOADING,32,33,2,YES,0,2,100.00%,100.00%,100.00%,0.083333,0.006897,32;33,TRADE || DATABASE
STAGEDAT_OLANG,LANG_MYOUTER_TOP.OLANG,OUTSIDE_LOADING,46,47,2,YES,0,2,100.00%,100.00%,100.00%,0.080000,0.006873,46;47,OUTER OPS || RECRUIT
STAGEDAT_OLANG,LANG_MYOUTER_TOP.OLANG,OUTSIDE_LOADING,111,112,2,YES,0,2,100.00%,100.00%,100.00%,0.136364,0.010417,111;112,MISSION || MOTHER-BASE
STAGEDAT_OLANG,LANG_MYOUTER_TOP.OLANG,OUTSIDE_LOADING,114,115,2,YES,0,2,100.00%,100.00%,100.00%,0.043478,0.003460,114;115,TITLE || STAFF
STAGEDAT_OLANG,LANG_MYOUTER_UTIL.OLANG,OUTSIDE_LOADING,20,21,2,YES,0,2,100.00%,100.00%,100.00%,0.045455,0.003472,20;21,GMP || FOOD
STAGEDAT_OLANG,LANG_PAUSEMENU.OLANG,OUTSIDE_LOADING,30,31,2,YES,1,1,100.00%,83.33%,100.00%,0.100000,0.010381,30;31,シュータータイプ || する
STAGEDAT_OLANG,LANG_PAUSEMENU.OLANG,OUTSIDE_LOADING,33,34,2,YES,0,2,100.00%,100.00%,100.00%,0.166667,0.010490,33;34,しない || リバース
STAGEDAT_OLANG,LANG_PAUSEMENU.OLANG,OUTSIDE_LOADING,67,68,2,YES,0,2,100.00%,100.00%,100.00%,0.030303,0.003460,67;68,WALKMAN || リトライ
STAGEDAT_OLANG,LANG_PW_COMMON.OLANG,OUTSIDE_LOADING,6,7,2,YES,0,2,100.00%,100.00%,100.00%,0.045455,0.003472,6;7,TOP || OPEN
STAGEDAT_OLANG,LANG_STAGETELOP.OLANG,OUTSIDE_LOADING,0,1,2,YES,1,1,100.00%,60.00%,100.00%,0.115385,0.010417,0;1,LOADING POINT || MSF基地
STAGEDAT_OLANG,LANG_SYNC.OLANG,OUTSIDE_LOADING,0,1,2,YES,0,2,100.00%,100.00%,100.00%,0.083333,0.006897,0;1,LOCKED ON || AUTO AIM
STAGEDAT_OLANG,LANG_SYSTEM.OLANG,OUTSIDE_LOADING,0,1,2,YES,0,2,100.00%,100.00%,100.00%,0.050000,0.003497,0;1,S || M
STAGEDAT_OLANG,LANG_SYSTEM.OLANG,OUTSIDE_LOADING,4,5,2,YES,0,2,100.00%,100.00%,100.00%,0.000000,0.000000,4;5,C || A
STAGEDAT_OLANG,LANG_SYSTEM.OLANG,OUTSIDE_LOADING,26,27,2,YES,1,1,100.00%,80.00%,100.00%,0.129032,0.013468,26;27,METAL GEAR SOLID PEACE WALKER || プレイ時間
STAGEDAT_OLANG,LANG_SYSTEM.OLANG,OUTSIDE_LOADING,39,40,2,YES,0,2,100.00%,100.00%,100.00%,0.173913,0.044674,39;40,セーブできませんでした。\nリトライしますか？ || セーブできませんでした。
STAGEDAT_OLANG,LANG_TITLE_NAMEENTRY.OLANG,OUTSIDE_LOADING,2,3,2,YES,0,2,100.00%,100.00%,100.00%,0.047619,0.003484,2;3,CANCEL || OK
STAGEDAT_OLANG,LANG_VOCALOID.OLANG,OUTSIDE_LOADING,1,2,2,YES,0,2,100.00%,100.00%,100.00%,0.115385,0.010274,1;2,TITLE || ORIGINAL TITLE
STAGEDAT_OLANG,LANG_VOCALOID.OLANG,OUTSIDE_LOADING,24,25,2,YES,0,2,100.00%,100.00%,100.00%,0.166667,0.013793,24;25,LENGTH || SONG TITLE
STAGEDAT_OLANG,LANG_VOCALOID_KEYBOARD.OLANG,OUTSIDE_LOADING,31,32,2,YES,0,2,100.00%,100.00%,100.00%,0.000000,0.000000,31;32,<C=FF4040>oa<C=R>t || b<C=FF4040>oy<C=R>
STAGEDAT_OLANG,LANG_VOCALOID_KEYBOARD.OLANG,OUTSIDE_LOADING,59,60,2,YES,0,2,100.00%,100.00%,100.00%,0.047619,0.003484,59;60,aU || aI
STAGEDAT_OLANG,LANG_VOCALOID_KEYBOARD.OLANG,OUTSIDE_LOADING,78,79,2,YES,0,2,100.00%,100.00%,100.00%,0.000000,0.000000,78;79,t || b
STAGEDAT_OLANG,LANG_VOCALOID_KEYBOARD.OLANG,OUTSIDE_LOADING,84,85,2,YES,0,2,100.00%,100.00%,100.00%,0.100000,0.006993,84;85,OI || eI
STAGEDAT_OLANG,LANG_VOCALOID_KEYBOARD.OLANG,OUTSIDE_LOADING,88,89,2,YES,0,2,100.00%,100.00%,100.00%,0.047619,0.003484,88;89,O: || N
STAGEDAT_OLANG,LANG_VOCALOID_KEYBOARD.OLANG,OUTSIDE_LOADING,98,99,2,YES,0,2,100.00%,100.00%,100.00%,0.047619,0.003484,98;99,e || tS
STAGEDAT_OLANG,LANG_V_THEATER020.OLANG,OUTSIDE_LOADING,4,5,2,YES,2,0,80.00%,70.00%,100.00%,0.629630,0.059441,4;5,俺達は必要とされているからこそ 戦う || 国のためでも 政府のためでもない
STAGEDAT_OLANG,LANG_WEAPON_SHORT_NAME.OLANG,OUTSIDE_LOADING,18,19,2,YES,0,2,100.00%,100.00%,100.00%,0.058824,0.010381,18;19,SPAS-12 || MK.22
STAGEDAT_OLANG,LANG_WEAPON_SHORT_NAME.OLANG,OUTSIDE_LOADING,21,22,2,YES,0,2,100.00%,100.00%,100.00%,0.076923,0.006849,21;22,CT GUN(ST) || CT GUN(SM)
STAGEDAT_OLANG,LANG_WEAPON_SHORT_NAME.OLANG,OUTSIDE_LOADING,50,51,2,YES,0,2,100.00%,100.00%,100.00%,0.076923,0.010417,50;51,TWIN BRL. || 20MM AAG
STAGEDAT_OLANG,LANG_WEAPON_SHORT_NAME.OLANG,OUTSIDE_LOADING,79,80,2,YES,0,2,100.00%,100.00%,100.00%,0.120000,0.010309,79;80,SLEEP G. || SMK G.(BK)
STAGEDAT_OLANG,LANG_WEAPON_SHORT_NAME.OLANG,OUTSIDE_LOADING,101,102,2,YES,0,2,100.00%,100.00%,100.00%,0.060606,0.010417,101;102,RPG2 || M202A1
STAGEDAT_OLANG,LANG_WEAPON_TEXT.OLANG,OUTSIDE_LOADING,255,256,2,YES,0,2,100.00%,100.00%,100.00%,0.060606,0.010417,255;256,RPG2 || M202A1
STAGEDAT_OLANG,LANG_WEAPON_TEXT.OLANG,OUTSIDE_LOADING,327,328,2,YES,0,2,100.00%,100.00%,100.00%,0.076923,0.010417,327;328,TWIN BRL. || 20MM AAG
STAGEDAT_OLANG,LANG_WEAPON_TEXT.OLANG,OUTSIDE_LOADING,352,353,2,YES,0,2,100.00%,100.00%,100.00%,0.120000,0.010309,352;353,SLEEP G. || SMK G.(BK)
YPK_GTT,1C0FB26B,OUTSIDE_LOADING,214,215,2,YES,2,0,92.31%,92.31%,100.00%,0.296296,0.045455,214;215,なんとかそこを守りきって！ || なんとかそれを守りきって！
YPK_GTT,1C7679A5,OUTSIDE_LOADING,17,18,2,YES,1,1,100.00%,80.00%,100.00%,0.172414,0.020979,17;18,おい またか？ || すごいな！
YPK_GTT,1C7679A5,OUTSIDE_LOADING,335,336,2,YES,2,0,90.91%,88.89%,100.00%,0.227273,0.038462,335;336,まるで俺たちみたいだな？ || そんなつもりじゃ…
YPK_GTT,1C79F46D,OUTSIDE_LOADING,33,34,2,YES,1,1,100.00%,75.00%,100.00%,0.125000,0.013986,33;34,ああ まずい || 止まれ！
YPK_GTT,1C79F46D,OUTSIDE_LOADING,56,57,2,YES,1,1,83.33%,100.00%,100.00%,0.190476,0.020979,56;57,殺して…私を… || さあっ
YPK_GTT,1C7AF2AD,OUTSIDE_LOADING,7,8,2,YES,1,1,85.71%,100.00%,100.00%,0.150000,0.024476,7;8,ダンボール？ || 何に使うんだ？
YPK_GTT,1C7BF3AD,OUTSIDE_LOADING,45,46,2,YES,2,0,71.43%,71.43%,100.00%,0.291667,0.038462,45;46,どうにもならないの…！？ || 世界が終わる…
YPK_GTT,1C7CF3AD,OUTSIDE_LOADING,15,16,2,YES,2,0,80.00%,80.00%,100.00%,0.260870,0.034965,15;16,ああ どんどんムかれていく… || うまいぞ！
BRIEFING,BRIEFING_FILES_BLOCK_000790,OUTSIDE_LOADING,4,4,1,YES,1,0,75.00%,87.50%,100.00%,0.200000,0.027972,4,頼んだぞ、ボス。\n
BRIEFING,BRIEFING_FILES_BLOCK_000A80,OUTSIDE_LOADING,1,1,1,YES,1,0,85.71%,78.57%,100.00%,0.205882,0.048951,1,そうだな？　俺はパスだと思うけどな。\n
BRIEFING,BRIEFING_FILES_BLOCK_000A80,OUTSIDE_LOADING,3,3,1,YES,0,1,100.00%,100.00%,100.00%,0.272727,0.034722,3,そうだな、セシールもそうかも。\n
BRIEFING,BRIEFING_FILES_BLOCK_000D00,OUTSIDE_LOADING,2,2,1,YES,0,1,100.00%,100.00%,100.00%,0.166667,0.017483,2,わかった。\n
BRIEFING,BRIEFING_FILES_BLOCK_000D00,OUTSIDE_LOADING,6,6,1,YES,0,1,100.00%,100.00%,100.00%,0.185185,0.017483,6,それでいい。\n
BRIEFING,BRIEFING_FILES_BLOCK_001700,OUTSIDE_LOADING,5,5,1,YES,1,0,81.25%,84.38%,100.00%,0.937500,0.111888,5,そうだ。俺たちは戦うことしかできないが…国家の事情に\n翻弄されずに生きる。\n
BRIEFING,BRIEFING_FILES_BLOCK_0025F0,OUTSIDE_LOADING,7,7,1,YES,0,1,100.00%,100.00%,100.00%,0.111111,0.006993,7,ああ。\n
BRIEFING,BRIEFING_FILES_BLOCK_0030E0,OUTSIDE_LOADING,2,2,1,YES,1,0,77.78%,88.89%,100.00%,0.190476,0.031469,2,全く気付かなかった。\n
BRIEFING,BRIEFING_FILES_BLOCK_0033A0,OUTSIDE_LOADING,8,8,1,YES,0,1,100.00%,100.00%,100.00%,0.157895,0.013986,8,さあな。\n
BRIEFING,BRIEFING_FILES_BLOCK_003960,OUTSIDE_LOADING,11,11,1,YES,0,1,100.00%,100.00%,100.00%,0.263158,0.024476,11,そのとおりだ。\n
BRIEFING,BRIEFING_FILES_BLOCK_005C00,OUTSIDE_LOADING,13,13,1,YES,0,1,100.00%,100.00%,100.00%,0.166667,0.017483,13,だろうな。\n
BRIEFING,BRIEFING_FILES_BLOCK_006250,OUTSIDE_LOADING,4,4,1,YES,1,0,81.82%,72.73%,100.00%,0.260870,0.038462,4,知らんな。どういう意味だ。\n
BRIEFING,BRIEFING_FILES_BLOCK_006660,OUTSIDE_LOADING,2,2,1,YES,0,1,100.00%,100.00%,100.00%,0.190476,0.020979,2,そうなのか？\n
BRIEFING,BRIEFING_FILES_BLOCK_006CF0,OUTSIDE_LOADING,1,1,1,YES,1,0,100.00%,80.00%,100.00%,0.137931,0.017483,1,どうした？\n
BRIEFING,BRIEFING_FILES_BLOCK_006CF0,OUTSIDE_LOADING,5,5,1,YES,0,1,100.00%,100.00%,100.00%,0.166667,0.017483,5,これは…。\n
BRIEFING,BRIEFING_FILES_BLOCK_006CF0,OUTSIDE_LOADING,14,14,1,YES,1,0,100.00%,84.62%,100.00%,0.208333,0.034602,14,だとしたら、ゲイリーとやら…。\n
BRIEFING,BRIEFING_FILES_BLOCK_006CF0,OUTSIDE_LOADING,17,17,1,YES,1,0,95.45%,95.45%,100.00%,0.312500,0.069444,17,その意味ではCIAも手出ししにくいかもしれないが…。\n
BRIEFING,BRIEFING_FILES_BLOCK_006CF0,OUTSIDE_LOADING,19,19,1,YES,1,0,91.67%,100.00%,100.00%,0.384615,0.083916,19,そうだな…。いずれにせよ、俺たちに何ができるわけでも\nないが。\n
BRIEFING,BRIEFING_FILES_BLOCK_007D60,OUTSIDE_LOADING,1,1,1,YES,1,0,85.71%,71.43%,100.00%,0.136364,0.024476,1,どういう意味だ？\n
BRIEFING,BRIEFING_FILES_BLOCK_007D60,OUTSIDE_LOADING,8,8,1,YES,1,0,100.00%,90.00%,100.00%,0.238095,0.034965,8,そりゃそうなんだが…。\n
BRIEFING,BRIEFING_FILES_BLOCK_0084F0,OUTSIDE_LOADING,1,1,1,YES,1,0,100.00%,81.82%,100.00%,0.285714,0.038462,1,いや…どうだったかな。\n
BRIEFING,BRIEFING_FILES_BLOCK_0084F0,OUTSIDE_LOADING,14,14,1,YES,1,0,100.00%,87.50%,100.00%,0.125000,0.027972,14,…本気か？　ボス。\n
BRIEFING,BRIEFING_FILES_BLOCK_008C90,OUTSIDE_LOADING,8,8,1,YES,1,0,80.00%,90.00%,100.00%,0.200000,0.034965,8,…何で知ってるんだ。\n
BRIEFING,BRIEFING_FILES_BLOCK_0097E0,OUTSIDE_LOADING,1,1,1,YES,1,0,100.00%,75.00%,100.00%,0.250000,0.013986,1,いや、いい。\n
BRIEFING,BRIEFING_FILES_BLOCK_0097E0,OUTSIDE_LOADING,7,7,1,YES,0,1,100.00%,100.00%,100.00%,0.111111,0.006993,7,ああ。\n
BRIEFING,BRIEFING_FILES_BLOCK_0097E0,OUTSIDE_LOADING,13,13,1,YES,1,0,93.33%,86.67%,100.00%,0.320000,0.052448,13,そんなんじゃない…だが、大事なものだ。\n
BRIEFING,BRIEFING_FILES_BLOCK_009DB0,OUTSIDE_LOADING,3,3,1,YES,1,0,100.00%,85.71%,100.00%,0.200000,0.024476,3,そりゃそうだが。\n
BRIEFING,BRIEFING_FILES_BLOCK_009DB0,OUTSIDE_LOADING,5,5,1,YES,0,1,100.00%,100.00%,100.00%,0.105263,0.006993,5,……。\n
BRIEFING,BRIEFING_FILES_BLOCK_00A080,OUTSIDE_LOADING,5,5,1,YES,1,0,100.00%,91.67%,100.00%,0.243243,0.041958,5,…と、こんなもんでどうだ。\n
BRIEFING,BRIEFING_FILES_BLOCK_00A080,OUTSIDE_LOADING,15,15,1,YES,0,1,100.00%,100.00%,100.00%,0.200000,0.041958,15,…そうだな。気をつけるよ。\n
BRIEFING,BRIEFING_FILES_BLOCK_00A8A0,OUTSIDE_LOADING,14,14,1,YES,0,1,100.00%,100.00%,100.00%,0.105263,0.006993,14,……。\n
BRIEFING,BRIEFING_FILES_BLOCK_00B0B0,OUTSIDE_LOADING,14,14,1,YES,1,0,90.91%,90.91%,100.00%,0.260870,0.038462,14,そうだ。よく知ってるな。\n
BRIEFING,BRIEFING_FILES_BLOCK_00B0B0,OUTSIDE_LOADING,17,17,1,YES,0,1,100.00%,100.00%,100.00%,0.181818,0.020979,17,ああ…ええっと…。\n
BRIEFING,BRIEFING_FILES_BLOCK_00B9D0,OUTSIDE_LOADING,5,5,1,YES,0,1,100.00%,100.00%,100.00%,0.304348,0.038462,5,…よくすらすらと出てくるな。\n
BRIEFING,BRIEFING_FILES_BLOCK_00C420,OUTSIDE_LOADING,17,17,1,YES,0,1,100.00%,100.00%,100.00%,0.111111,0.006993,17,ああ。\n
BRIEFING,BRIEFING_FILES_BLOCK_00CDC0,OUTSIDE_LOADING,1,1,1,YES,0,1,100.00%,100.00%,100.00%,0.166667,0.017483,1,そうだな。\n
BRIEFING,BRIEFING_FILES_BLOCK_00CDC0,OUTSIDE_LOADING,7,7,1,YES,1,0,90.00%,100.00%,100.00%,0.500000,0.034965,7,…俺にはわからない。\n
BRIEFING,BRIEFING_FILES_BLOCK_00CDC0,OUTSIDE_LOADING,9,9,1,YES,1,0,100.00%,83.33%,100.00%,0.200000,0.041958,9,そう言うわけじゃないが…。\n
BRIEFING,BRIEFING_FILES_BLOCK_00D430,OUTSIDE_LOADING,5,5,1,YES,1,0,92.86%,92.86%,100.00%,0.294118,0.048951,5,それは…答えになってんのか？\n
BRIEFING,BRIEFING_FILES_BLOCK_00DDC0,OUTSIDE_LOADING,2,2,1,YES,1,0,66.67%,66.67%,100.00%,0.068966,0.010490,2,理由？\n
BRIEFING,BRIEFING_FILES_BLOCK_00DDC0,OUTSIDE_LOADING,7,7,1,YES,1,0,100.00%,75.00%,100.00%,0.103448,0.013986,7,と言うと？\n
BRIEFING,BRIEFING_FILES_BLOCK_00DDC0,OUTSIDE_LOADING,11,11,1,YES,0,1,100.00%,100.00%,100.00%,0.208333,0.024476,11,お前らしいな。\n
BRIEFING,BRIEFING_FILES_BLOCK_00E530,OUTSIDE_LOADING,1,1,1,YES,0,1,100.00%,100.00%,100.00%,0.111111,0.006993,1,ああ。\n
BRIEFING,BRIEFING_FILES_BLOCK_00E530,OUTSIDE_LOADING,6,6,1,YES,0,1,100.00%,100.00%,100.00%,0.217391,0.027972,6,それはそうだが…。\n
BRIEFING,BRIEFING_FILES_BLOCK_00E980,OUTSIDE_LOADING,30,30,1,YES,0,1,100.00%,100.00%,100.00%,0.333333,0.048951,30,自分のことしか見えてなかった。\n
BRIEFING,BRIEFING_FILES_BLOCK_00E980,OUTSIDE_LOADING,47,47,1,YES,1,0,93.33%,93.33%,100.00%,0.250000,0.052448,47,そのとき俺は、自分の声にはっとした。\n
BRIEFING,BRIEFING_FILES_BLOCK_00E980,OUTSIDE_LOADING,65,65,1,YES,1,0,88.89%,100.00%,100.00%,0.333333,0.062937,65,俺は戦争で生まれたんだ。だが戦争で死にたくない。\n
BRIEFING,BRIEFING_FILES_BLOCK_00E980,OUTSIDE_LOADING,68,68,1,YES,0,1,100.00%,100.00%,100.00%,0.323529,0.066434,68,ボス、あんたといると、そうはならない気がするんだ。\n
BRIEFING,BRIEFING_FILES_BLOCK_010B70,OUTSIDE_LOADING,22,22,1,YES,1,0,100.00%,84.62%,100.00%,0.230769,0.045455,22,負け戦はごめんだからな…。\n
BRIEFING,BRIEFING_FILES_BLOCK_011B40,OUTSIDE_LOADING,1,1,1,YES,0,1,100.00%,100.00%,100.00%,0.111111,0.006993,1,ああ。\n
BRIEFING,BRIEFING_FILES_BLOCK_011E60,OUTSIDE_LOADING,3,3,1,YES,0,1,100.00%,100.00%,100.00%,0.173913,0.024476,3,そうだな。で？\n
BRIEFING,BRIEFING_FILES_BLOCK_011E60,OUTSIDE_LOADING,6,6,1,YES,1,0,75.00%,75.00%,100.00%,0.250000,0.013986,6,違いない。\n
BRIEFING,BRIEFING_FILES_BLOCK_013100,OUTSIDE_LOADING,4,4,1,YES,0,1,100.00%,100.00%,100.00%,0.368421,0.031469,4,そいつはありがたい。\n
BRIEFING,BRIEFING_FILES_BLOCK_014A80,OUTSIDE_LOADING,9,9,1,YES,1,0,94.12%,94.12%,100.00%,0.285714,0.059441,9,もちろん、そのときはお互いさまだ。\n
BRIEFING,BRIEFING_FILES_BLOCK_0150C0,OUTSIDE_LOADING,7,7,1,YES,1,0,100.00%,83.33%,100.00%,0.157895,0.020979,7,そりゃそうだ。\n
BRIEFING,BRIEFING_FILES_BLOCK_015C40,OUTSIDE_LOADING,1,1,1,YES,1,0,77.78%,55.56%,100.00%,0.208333,0.031469,1,『英雄度』だって？\n
BRIEFING,BRIEFING_FILES_BLOCK_015C40,OUTSIDE_LOADING,8,8,1,YES,0,1,100.00%,100.00%,100.00%,0.250000,0.020979,8,よしてくれ。\n
BRIEFING,BRIEFING_FILES_BLOCK_016490,OUTSIDE_LOADING,14,14,1,YES,1,0,100.00%,71.43%,100.00%,0.238095,0.024476,14,やってみよう。\n
BRIEFING,BRIEFING_FILES_BLOCK_017000,OUTSIDE_LOADING,1,1,1,YES,0,1,100.00%,100.00%,100.00%,0.052632,0.006993,1,おお！\n
BRIEFING,BRIEFING_FILES_BLOCK_017000,OUTSIDE_LOADING,3,3,1,YES,0,1,100.00%,100.00%,100.00%,0.166667,0.017483,3,わかった。\n
BRIEFING,BRIEFING_FILES_BLOCK_017000,OUTSIDE_LOADING,13,13,1,YES,0,1,100.00%,100.00%,100.00%,0.136364,0.024306,13,ラブダンボール…。\n
BRIEFING,BRIEFING_FILES_BLOCK_0176F0,OUTSIDE_LOADING,1,1,1,YES,1,0,100.00%,75.00%,100.00%,0.137931,0.027972,1,どうやるんだ！？\n
BRIEFING,BRIEFING_FILES_BLOCK_0176F0,OUTSIDE_LOADING,7,7,1,YES,0,1,100.00%,100.00%,100.00%,0.200000,0.027972,7,あ、ああ。そうだな…。\n
BRIEFING,BRIEFING_FILES_BLOCK_017AD0,OUTSIDE_LOADING,1,1,1,YES,0,1,100.00%,100.00%,100.00%,0.107143,0.017483,1,これは！？\n
BRIEFING,BRIEFING_FILES_BLOCK_017AD0,OUTSIDE_LOADING,7,7,1,YES,0,1,100.00%,100.00%,100.00%,0.083333,0.006993,7,は？\n
BRIEFING,BRIEFING_FILES_BLOCK_017AD0,OUTSIDE_LOADING,11,11,1,YES,1,0,100.00%,85.71%,100.00%,0.305556,0.069686,11,どう見たって名作だ。お前にはわからないのか？\n
BRIEFING,BRIEFING_FILES_BLOCK_017AD0,OUTSIDE_LOADING,14,14,1,YES,1,0,100.00%,75.00%,100.00%,0.062500,0.013986,14,パス！？\n
BRIEFING,BRIEFING_FILES_BLOCK_017AD0,OUTSIDE_LOADING,16,16,1,YES,0,1,100.00%,100.00%,100.00%,0.100000,0.013986,16,ええっ！？\n
BRIEFING,BRIEFING_FILES_BLOCK_017AD0,OUTSIDE_LOADING,18,18,1,YES,1,0,93.33%,100.00%,100.00%,0.321429,0.052448,18,そ、そんな…。俺が…俺がおかしいのか！？\n
BRIEFING,BRIEFING_FILES_BLOCK_0182D0,OUTSIDE_LOADING,1,1,1,YES,1,0,100.00%,80.00%,100.00%,0.142857,0.017483,1,どうした。\n
BRIEFING,BRIEFING_FILES_BLOCK_0182D0,OUTSIDE_LOADING,5,5,1,YES,0,1,100.00%,100.00%,100.00%,0.080000,0.006849,5,WALKMAN…。\n
BRIEFING,BRIEFING_FILES_BLOCK_0182D0,OUTSIDE_LOADING,15,15,1,YES,0,1,100.00%,100.00%,100.00%,0.111111,0.006993,15,ああ。\n
BRIEFING,BRIEFING_FILES_BLOCK_018B50,OUTSIDE_LOADING,1,1,1,YES,1,0,83.33%,100.00%,100.00%,0.130435,0.020979,1,何だって！？\n
BRIEFING,BRIEFING_FILES_BLOCK_018B50,OUTSIDE_LOADING,7,7,1,YES,1,0,66.67%,100.00%,100.00%,0.117647,0.010490,7,何だ。\n
BRIEFING,BRIEFING_FILES_BLOCK_018B50,OUTSIDE_LOADING,9,9,1,YES,0,1,100.00%,100.00%,100.00%,0.250000,0.020979,9,そうなのか。\n
BRIEFING,BRIEFING_FILES_BLOCK_019000,OUTSIDE_LOADING,4,4,1,YES,1,0,87.50%,75.00%,100.00%,0.250000,0.027972,4,同感だ。こいつはいい。\n
BRIEFING,BRIEFING_FILES_BLOCK_019000,OUTSIDE_LOADING,6,6,1,YES,1,0,94.74%,89.47%,100.00%,0.324324,0.066434,6,戦場で、こんなにうまいもんが食えるとはな。\n
BRIEFING,BRIEFING_FILES_BLOCK_0194B0,OUTSIDE_LOADING,3,3,1,YES,1,0,91.67%,83.33%,100.00%,0.363636,0.041958,3,いや、それは知ってるが。\n
BRIEFING,BRIEFING_FILES_BLOCK_019D90,OUTSIDE_LOADING,15,15,1,YES,0,1,100.00%,100.00%,100.00%,0.080000,0.006993,15,ん？\n
BRIEFING,BRIEFING_FILES_BLOCK_019D90,OUTSIDE_LOADING,17,17,1,YES,1,0,100.00%,80.00%,100.00%,0.190476,0.017483,17,名前は…。\n
BRIEFING,BRIEFING_FILES_BLOCK_01A5B0,OUTSIDE_LOADING,4,4,1,YES,0,1,100.00%,100.00%,100.00%,0.137931,0.017483,4,そうしよう。\n
BRIEFING,BRIEFING_FILES_BLOCK_01A9F0,OUTSIDE_LOADING,10,10,1,YES,1,0,85.71%,85.71%,100.00%,0.136364,0.024476,10,覚えておこう。\n
BRIEFING,BRIEFING_FILES_BLOCK_01B330,OUTSIDE_LOADING,1,1,1,YES,0,1,100.00%,100.00%,100.00%,0.277778,0.020979,1,ありがたい。\n
BRIEFING,BRIEFING_FILES_BLOCK_01B330,OUTSIDE_LOADING,7,7,1,YES,0,1,100.00%,100.00%,100.00%,0.136364,0.024476,7,気をつけよう。\n
BRIEFING,BRIEFING_FILES_BLOCK_01B7E0,OUTSIDE_LOADING,4,4,1,YES,1,0,100.00%,85.71%,100.00%,0.153846,0.024476,4,どういうことだ？\n
BRIEFING,BRIEFING_FILES_BLOCK_01B7E0,OUTSIDE_LOADING,8,8,1,YES,0,1,100.00%,100.00%,100.00%,0.375000,0.038462,8,目には目を、ということか。\n
BRIEFING,BRIEFING_FILES_BLOCK_01B7E0,OUTSIDE_LOADING,10,10,1,YES,0,1,100.00%,100.00%,100.00%,0.217391,0.020979,10,わかってる。\n
BRIEFING,BRIEFING_FILES_BLOCK_01BF70,OUTSIDE_LOADING,6,6,1,YES,0,1,100.00%,100.00%,100.00%,0.111111,0.006993,6,ああ。\n
BRIEFING,BRIEFING_FILES_BLOCK_01F9B0,OUTSIDE_LOADING,8,8,1,YES,0,1,100.00%,100.00%,100.00%,0.238095,0.024476,8,ああ、それがいい。\n
BRIEFING,BRIEFING_FILES_BLOCK_0205A0,OUTSIDE_LOADING,3,3,1,YES,0,1,100.00%,100.00%,100.00%,0.150000,0.024476,3,ああ、そうだろう。\n
BRIEFING,BRIEFING_FILES_BLOCK_020C50,OUTSIDE_LOADING,3,3,1,YES,0,1,100.00%,100.00%,100.00%,0.136364,0.024476,3,気をつけよう。\n
BRIEFING,BRIEFING_FILES_BLOCK_022090,OUTSIDE_LOADING,7,7,1,YES,0,1,100.00%,100.00%,100.00%,0.200000,0.027972,7,…ああ、そうだな。\n
BRIEFING,BRIEFING_FILES_BLOCK_0224E0,OUTSIDE_LOADING,4,4,1,YES,1,0,92.31%,80.77%,100.00%,0.302326,0.090909,4,どうしてそれだけのことで、仲間同士が争わなきゃいけな\nいのかな。\n
BRIEFING,BRIEFING_FILES_BLOCK_0224E0,OUTSIDE_LOADING,6,6,1,YES,1,0,100.00%,93.33%,100.00%,0.363636,0.052448,6,そう…できればよかったのにな。\n
BRIEFING,BRIEFING_FILES_BLOCK_022D50,OUTSIDE_LOADING,6,6,1,YES,0,1,100.00%,100.00%,100.00%,0.214286,0.020979,6,あ、ああ。そうか。\n
BRIEFING,BRIEFING_FILES_BLOCK_023240,OUTSIDE_LOADING,16,16,1,YES,0,1,100.00%,100.00%,100.00%,0.105263,0.006993,16,…。\n
BRIEFING,BRIEFING_FILES_BLOCK_023940,OUTSIDE_LOADING,11,11,1,YES,0,1,100.00%,100.00%,100.00%,0.166667,0.017483,11,そうだな。\n
BRIEFING,BRIEFING_FILES_BLOCK_0253C0,OUTSIDE_LOADING,4,4,1,YES,1,0,100.00%,66.67%,100.00%,0.190476,0.020979,4,どうやって？\n
BRIEFING,BRIEFING_FILES_BLOCK_0253C0,OUTSIDE_LOADING,7,7,1,YES,0,1,100.00%,100.00%,100.00%,0.133333,0.013986,7,そう…。\n
BRIEFING,BRIEFING_FILES_BLOCK_0253C0,OUTSIDE_LOADING,9,9,1,YES,1,0,85.71%,92.86%,100.00%,0.280000,0.048951,9,あなたは戦争を望んでいるの？\n
BRIEFING,BRIEFING_FILES_BLOCK_0253C0,OUTSIDE_LOADING,14,14,1,YES,0,1,100.00%,100.00%,100.00%,0.150000,0.017483,14,それは…。\n
BRIEFING,BRIEFING_FILES_BLOCK_026710,OUTSIDE_LOADING,4,4,1,YES,0,1,100.00%,100.00%,100.00%,0.153846,0.013986,4,そうか。\n
BRIEFING,BRIEFING_FILES_BLOCK_026710,OUTSIDE_LOADING,15,15,1,YES,0,1,100.00%,100.00%,100.00%,0.260870,0.034965,15,それだけならいいが…。\n
BRIEFING,BRIEFING_FILES_BLOCK_026DE0,OUTSIDE_LOADING,7,7,1,YES,1,0,100.00%,88.89%,100.00%,0.172414,0.031469,7,パラ…なんだって？\n
BRIEFING,BRIEFING_FILES_BLOCK_026DE0,OUTSIDE_LOADING,9,9,1,YES,1,0,94.74%,89.47%,100.00%,0.266667,0.059028,9,なんだ。パラシュートを使うのかと思った。\n
BRIEFING,BRIEFING_FILES_BLOCK_0273B0,OUTSIDE_LOADING,4,4,1,YES,1,0,66.67%,100.00%,100.00%,0.076923,0.010490,4,何だ？\n
BRIEFING,BRIEFING_FILES_BLOCK_0285D0,OUTSIDE_LOADING,1,1,1,YES,1,0,66.67%,100.00%,100.00%,0.117647,0.010490,1,何だ。\n
BRIEFING,BRIEFING_FILES_BLOCK_0285D0,OUTSIDE_LOADING,4,4,1,YES,1,0,95.45%,95.45%,100.00%,0.333333,0.076923,4,ありがとう。でも私なりに、自分ができることをやりたい\nの。\n
BRIEFING,BRIEFING_FILES_BLOCK_0285D0,OUTSIDE_LOADING,6,6,1,YES,1,0,88.89%,77.78%,100.00%,0.272727,0.031469,6,頼もしいじゃないか。\n
BRIEFING,BRIEFING_FILES_BLOCK_029020,OUTSIDE_LOADING,3,3,1,YES,1,0,100.00%,80.00%,100.00%,0.137931,0.017483,3,どうした？\n
BRIEFING,BRIEFING_FILES_BLOCK_029020,OUTSIDE_LOADING,6,6,1,YES,1,0,93.33%,86.67%,100.00%,0.307692,0.052448,6,ごめんなさい…どうしても、私…。\n
BRIEFING,BRIEFING_FILES_BLOCK_02AF50,OUTSIDE_LOADING,1,1,1,YES,1,0,100.00%,85.71%,100.00%,0.250000,0.024476,1,変わってるな。\n
BRIEFING,BRIEFING_FILES_BLOCK_02AF50,OUTSIDE_LOADING,7,7,1,YES,0,1,100.00%,100.00%,100.00%,0.238095,0.024476,7,そうなのかな…。\n
BRIEFING,BRIEFING_FILES_BLOCK_02B420,OUTSIDE_LOADING,6,6,1,YES,1,0,100.00%,83.33%,100.00%,0.172414,0.020979,6,どうしたの？\n
BRIEFING,BRIEFING_FILES_BLOCK_02B930,OUTSIDE_LOADING,2,2,1,YES,1,0,90.91%,81.82%,100.00%,0.242424,0.038462,2,それで付いた名前が…。\n
BRIEFING,BRIEFING_FILES_BLOCK_02B930,OUTSIDE_LOADING,7,7,1,YES,0,1,100.00%,100.00%,100.00%,0.235294,0.017483,7,なんだ…。\n
BRIEFING,BRIEFING_FILES_BLOCK_02C580,OUTSIDE_LOADING,8,8,1,YES,1,0,80.00%,80.00%,100.00%,0.137931,0.017483,8,任しとけ。\n
BRIEFING,BRIEFING_FILES_BLOCK_02D350,OUTSIDE_LOADING,6,6,1,YES,1,0,87.50%,87.50%,100.00%,0.266667,0.027972,6,食えないのか…。\n
BRIEFING,BRIEFING_FILES_BLOCK_02DA60,OUTSIDE_LOADING,4,4,1,YES,1,0,100.00%,83.33%,100.00%,0.181818,0.020979,4,名前だけは。\n
BRIEFING,BRIEFING_FILES_BLOCK_02DA60,OUTSIDE_LOADING,9,9,1,YES,1,0,88.89%,83.33%,100.00%,0.212121,0.062937,9,だが、それじゃすぐに食われてしまうだろう？\n
BRIEFING,BRIEFING_FILES_BLOCK_02E160,OUTSIDE_LOADING,9,9,1,YES,1,0,100.00%,87.50%,100.00%,0.285714,0.027972,9,気が向いたらな。\n
BRIEFING,BRIEFING_FILES_BLOCK_02EA50,OUTSIDE_LOADING,4,4,1,YES,0,1,100.00%,100.00%,100.00%,0.315789,0.031469,4,なんだ、そうか…。\n
BRIEFING,BRIEFING_FILES_BLOCK_02F240,OUTSIDE_LOADING,1,1,1,YES,0,1,100.00%,100.00%,100.00%,0.250000,0.027972,1,ああ、わかってる。\n
BRIEFING,BRIEFING_FILES_BLOCK_02F3A0,OUTSIDE_LOADING,2,2,1,YES,0,1,100.00%,100.00%,100.00%,0.166667,0.017483,2,そうだな。\n
BRIEFING,BRIEFING_FILES_BLOCK_02FE70,OUTSIDE_LOADING,7,7,1,YES,1,0,100.00%,81.82%,100.00%,0.187500,0.038462,7,それで国を変えようと？\n
BRIEFING,BRIEFING_FILES_BLOCK_02FE70,OUTSIDE_LOADING,10,10,1,YES,1,0,100.00%,87.50%,100.00%,0.282051,0.055944,10,どうすることも出来なかった。だけど。\n
BRIEFING,BRIEFING_FILES_BLOCK_031670,OUTSIDE_LOADING,5,5,1,YES,1,0,85.71%,85.71%,100.00%,0.208333,0.024476,5,何言ってるの！\n
BRIEFING,BRIEFING_FILES_BLOCK_031B20,OUTSIDE_LOADING,17,17,1,YES,1,0,88.89%,83.33%,100.00%,0.233333,0.055556,17,そうだな。キューバ革命も、はじめはそうだった。\n
BRIEFING,BRIEFING_FILES_BLOCK_032C30,OUTSIDE_LOADING,2,2,1,YES,1,0,80.00%,100.00%,100.00%,0.166667,0.017483,2,何よりだ。\n
BRIEFING,BRIEFING_FILES_BLOCK_032C30,OUTSIDE_LOADING,4,4,1,YES,0,1,100.00%,100.00%,100.00%,0.181818,0.024476,4,さすがはボス。\n
BRIEFING,BRIEFING_FILES_BLOCK_0331A0,OUTSIDE_LOADING,3,3,1,YES,1,0,82.14%,67.86%,100.00%,0.777778,0.097902,3,けれど、平和をもたらすためにはまず売国奴を排除しなく\nちゃならない。\n
BRIEFING,BRIEFING_FILES_BLOCK_033680,OUTSIDE_LOADING,5,5,1,YES,1,0,91.67%,91.67%,100.00%,0.162791,0.054422,5,"<R=FSLN,サンディニスタ>でも、ゲバラは英雄なのか？\n"
BRIEFING,BRIEFING_FILES_BLOCK_033680,OUTSIDE_LOADING,12,12,1,YES,1,0,100.00%,83.33%,100.00%,0.137931,0.020979,12,どういうこと？\n
BRIEFING,BRIEFING_FILES_BLOCK_033680,OUTSIDE_LOADING,15,15,1,YES,1,0,90.91%,90.91%,100.00%,0.318182,0.038462,15,それは…そうかも知れない。\n
BRIEFING,BRIEFING_FILES_BLOCK_034100,OUTSIDE_LOADING,11,11,1,YES,1,0,75.00%,75.00%,100.00%,0.250000,0.013986,11,違いない。\n
BRIEFING,BRIEFING_FILES_BLOCK_0346C0,OUTSIDE_LOADING,2,2,1,YES,1,0,90.91%,90.91%,100.00%,0.250000,0.038462,2,大きさはえらい違いだが。\n
BRIEFING,BRIEFING_FILES_BLOCK_034C20,OUTSIDE_LOADING,7,7,1,YES,0,1,100.00%,100.00%,100.00%,0.166667,0.017483,7,そうだな。\n
BRIEFING,BRIEFING_FILES_BLOCK_034C20,OUTSIDE_LOADING,13,13,1,YES,0,1,100.00%,100.00%,100.00%,0.200000,0.013986,13,だって。\n
BRIEFING,BRIEFING_FILES_BLOCK_034C20,OUTSIDE_LOADING,15,15,1,YES,0,1,100.00%,100.00%,100.00%,0.272727,0.010490,15,なに。\n
BRIEFING,BRIEFING_FILES_BLOCK_034C20,OUTSIDE_LOADING,17,17,1,YES,0,1,100.00%,100.00%,100.00%,0.105263,0.010490,17,…え。\n
BRIEFING,BRIEFING_FILES_BLOCK_034C20,OUTSIDE_LOADING,24,24,1,YES,1,0,100.00%,88.89%,100.00%,0.200000,0.031469,24,ああ。お前ならやれる。\n
BRIEFING,BRIEFING_FILES_BLOCK_035660,OUTSIDE_LOADING,1,1,1,YES,1,0,83.33%,66.67%,100.00%,0.157895,0.020979,1,どういう事だ。\n
BRIEFING,BRIEFING_FILES_BLOCK_035C60,OUTSIDE_LOADING,9,9,1,YES,0,1,100.00%,100.00%,100.00%,0.185185,0.017483,9,そうなる。\n
BRIEFING,BRIEFING_FILES_BLOCK_036310,OUTSIDE_LOADING,1,1,1,YES,0,1,100.00%,100.00%,100.00%,0.178571,0.024476,1,ああ、そうだが。\n
BRIEFING,BRIEFING_FILES_BLOCK_036C20,OUTSIDE_LOADING,0,0,1,YES,0,1,100.00%,100.00%,100.00%,0.222222,0.034130,0,"いつから<R=FSLN,サンディニスタ>に？\n"
BRIEFING,BRIEFING_FILES_BLOCK_0377F0,OUTSIDE_LOADING,8,8,1,YES,0,1,100.00%,100.00%,100.00%,0.250000,0.020979,8,あたしもよ。\n
BRIEFING,BRIEFING_FILES_BLOCK_037D80,OUTSIDE_LOADING,1,1,1,YES,0,1,100.00%,100.00%,100.00%,0.210526,0.020979,1,ありがと…。\n
BRIEFING,BRIEFING_FILES_BLOCK_037D80,OUTSIDE_LOADING,6,6,1,YES,0,1,100.00%,100.00%,100.00%,0.166667,0.017483,6,だろうな。\n
BRIEFING,BRIEFING_FILES_BLOCK_038360,OUTSIDE_LOADING,1,1,1,YES,0,1,100.00%,100.00%,100.00%,0.111111,0.006993,1,ええ。\n
BRIEFING,BRIEFING_FILES_BLOCK_038360,OUTSIDE_LOADING,8,8,1,YES,0,1,100.00%,100.00%,100.00%,0.210526,0.020979,8,ありがと…。\n
BRIEFING,BRIEFING_FILES_BLOCK_038360,OUTSIDE_LOADING,16,16,1,YES,0,1,100.00%,100.00%,100.00%,0.142857,0.017483,16,そうなの？？\n
BRIEFING,BRIEFING_FILES_BLOCK_038F80,OUTSIDE_LOADING,10,10,1,YES,0,1,100.00%,100.00%,100.00%,0.166667,0.017483,10,そうだな。\n
BRIEFING,BRIEFING_FILES_BLOCK_039B10,OUTSIDE_LOADING,3,3,1,YES,0,1,100.00%,100.00%,100.00%,0.136364,0.024476,3,気をつけよう。\n
BRIEFING,BRIEFING_FILES_BLOCK_039D80,OUTSIDE_LOADING,7,7,1,YES,1,0,100.00%,71.43%,100.00%,0.238095,0.024476,7,やってみよう。\n
BRIEFING,BRIEFING_FILES_BLOCK_039D80,OUTSIDE_LOADING,11,11,1,YES,1,0,90.91%,90.91%,100.00%,0.264706,0.038462,11,ありがとう。頼りにしてる。\n
BRIEFING,BRIEFING_FILES_BLOCK_03A280,OUTSIDE_LOADING,8,8,1,YES,1,0,80.00%,80.00%,100.00%,0.200000,0.017483,8,頼もしい。\n
BRIEFING,BRIEFING_FILES_BLOCK_03A280,OUTSIDE_LOADING,15,15,1,YES,1,0,100.00%,85.71%,100.00%,0.200000,0.024476,15,ならいいけど…。\n
BRIEFING,BRIEFING_FILES_BLOCK_03A280,OUTSIDE_LOADING,19,19,1,YES,0,1,100.00%,100.00%,100.00%,0.111111,0.006993,19,ああ。\n
BRIEFING,BRIEFING_FILES_BLOCK_03A280,OUTSIDE_LOADING,21,21,1,YES,1,0,90.91%,90.91%,100.00%,0.200000,0.038462,21,わかった。覚えておこう。\n
BRIEFING,BRIEFING_FILES_BLOCK_03ABE0,OUTSIDE_LOADING,7,7,1,YES,0,1,100.00%,100.00%,100.00%,0.166667,0.017483,7,わかった。\n
BRIEFING,BRIEFING_FILES_BLOCK_03BAE0,OUTSIDE_LOADING,6,6,1,YES,1,0,100.00%,80.00%,100.00%,0.260870,0.034965,6,わかった。やってみよう。\n
BRIEFING,BRIEFING_FILES_BLOCK_03D250,OUTSIDE_LOADING,4,4,1,YES,0,1,100.00%,100.00%,100.00%,0.181818,0.027972,4,ああ、気をつける。\n
BRIEFING,BRIEFING_FILES_BLOCK_03DDC0,OUTSIDE_LOADING,2,2,1,YES,1,0,100.00%,90.91%,100.00%,0.266667,0.038462,2,それはうらやましいな。\n
BRIEFING,BRIEFING_FILES_BLOCK_03E0D0,OUTSIDE_LOADING,2,2,1,YES,0,1,100.00%,100.00%,100.00%,0.157895,0.013986,2,そんな！\n
BRIEFING,BRIEFING_FILES_BLOCK_03E7A0,OUTSIDE_LOADING,1,1,1,YES,1,0,100.00%,89.47%,100.00%,0.324324,0.066434,1,ただ、大きいというのはいいことばかりじゃないはず。\n
BRIEFING,BRIEFING_FILES_BLOCK_03EEB0,OUTSIDE_LOADING,1,1,1,YES,0,1,100.00%,100.00%,100.00%,0.250000,0.027972,1,ああ、わかってる。\n
BRIEFING,BRIEFING_FILES_BLOCK_040440,OUTSIDE_LOADING,8,8,1,YES,0,1,100.00%,100.00%,100.00%,0.150000,0.020979,8,その意気だ。\n
BRIEFING,BRIEFING_FILES_BLOCK_0408D0,OUTSIDE_LOADING,2,2,1,YES,1,0,100.00%,83.33%,100.00%,0.157895,0.020979,2,どうだろうな。\n
BRIEFING,BRIEFING_FILES_BLOCK_0408D0,OUTSIDE_LOADING,4,4,1,YES,1,0,100.00%,80.00%,100.00%,0.142857,0.013937,4,ゲバラか。\n
BRIEFING,BRIEFING_FILES_BLOCK_0408D0,OUTSIDE_LOADING,14,14,1,YES,0,1,100.00%,100.00%,100.00%,0.150000,0.013986,14,うん…。\n
BRIEFING,BRIEFING_FILES_BLOCK_040F10,OUTSIDE_LOADING,7,7,1,YES,0,1,100.00%,100.00%,100.00%,0.150000,0.013986,7,うん…。\n
BRIEFING,BRIEFING_FILES_BLOCK_041360,OUTSIDE_LOADING,4,4,1,YES,0,1,100.00%,100.00%,100.00%,0.285714,0.038462,4,すまない、そうだった。\n
BRIEFING,BRIEFING_FILES_BLOCK_041770,OUTSIDE_LOADING,2,2,1,YES,1,0,87.50%,81.25%,100.00%,0.314286,0.055944,2,子供扱いするなよ。もう一人前なんだ。\n
BRIEFING,BRIEFING_FILES_BLOCK_042040,OUTSIDE_LOADING,2,2,1,YES,0,1,100.00%,100.00%,100.00%,0.166667,0.017483,2,わかった。\n
BRIEFING,BRIEFING_FILES_BLOCK_043380,OUTSIDE_LOADING,3,3,1,YES,0,1,100.00%,100.00%,100.00%,0.222222,0.020979,3,そうかもな。\n
BRIEFING,BRIEFING_FILES_BLOCK_0439A0,OUTSIDE_LOADING,2,2,1,YES,0,1,100.00%,100.00%,100.00%,0.117647,0.010490,2,ただ？\n
BRIEFING,BRIEFING_FILES_BLOCK_0439A0,OUTSIDE_LOADING,8,8,1,YES,1,0,100.00%,88.89%,100.00%,0.285714,0.031469,8,そうは言ってない。\n
BRIEFING,BRIEFING_FILES_BLOCK_0439A0,OUTSIDE_LOADING,10,10,1,YES,1,0,100.00%,75.00%,100.00%,0.153846,0.013986,10,いや…。\n
BRIEFING,BRIEFING_FILES_BLOCK_0439A0,OUTSIDE_LOADING,12,12,1,YES,0,1,100.00%,100.00%,100.00%,0.105263,0.006993,12,……。\n
BRIEFING,BRIEFING_FILES_BLOCK_043F80,OUTSIDE_LOADING,4,4,1,YES,0,1,100.00%,100.00%,100.00%,0.166667,0.017483,4,そうか…。\n
BRIEFING,BRIEFING_FILES_BLOCK_043F80,OUTSIDE_LOADING,6,6,1,YES,0,1,100.00%,100.00%,100.00%,0.181818,0.020979,6,そうだな…。\n
BRIEFING,BRIEFING_FILES_BLOCK_044420,OUTSIDE_LOADING,8,8,1,YES,1,0,90.91%,90.91%,100.00%,0.363636,0.038462,8,俺も見てみたいなあ…。\n
BRIEFING,BRIEFING_FILES_BLOCK_044420,OUTSIDE_LOADING,10,10,1,YES,1,0,100.00%,90.91%,100.00%,0.205882,0.038462,10,それはそうなんだけど…。\n
BRIEFING,BRIEFING_FILES_BLOCK_045AF0,OUTSIDE_LOADING,1,1,1,YES,0,1,100.00%,100.00%,100.00%,0.111111,0.006993,1,ああ。\n
BRIEFING,BRIEFING_FILES_BLOCK_0468C0,OUTSIDE_LOADING,2,2,1,YES,0,1,100.00%,100.00%,100.00%,0.166667,0.017483,2,わかった。\n
BRIEFING,BRIEFING_FILES_BLOCK_0468C0,OUTSIDE_LOADING,8,8,1,YES,0,1,100.00%,100.00%,100.00%,0.166667,0.017483,8,そうか…。\n
BRIEFING,BRIEFING_FILES_BLOCK_047530,OUTSIDE_LOADING,10,10,1,YES,0,1,100.00%,100.00%,100.00%,0.125000,0.027972,10,そうだよ！　きっとそうだ！\n
BRIEFING,BRIEFING_FILES_BLOCK_047A50,OUTSIDE_LOADING,8,8,1,YES,0,1,100.00%,100.00%,100.00%,0.105263,0.006993,8,……。\n
BRIEFING,BRIEFING_FILES_BLOCK_047A50,OUTSIDE_LOADING,15,15,1,YES,0,1,100.00%,100.00%,100.00%,0.111111,0.006993,15,ああ。\n
BRIEFING,BRIEFING_FILES_BLOCK_0481B0,OUTSIDE_LOADING,1,1,1,YES,0,1,100.00%,100.00%,100.00%,0.190476,0.020979,1,ああ、これだ。\n
BRIEFING,BRIEFING_FILES_BLOCK_0481B0,OUTSIDE_LOADING,3,3,1,YES,0,1,100.00%,100.00%,100.00%,0.250000,0.048951,3,確かに、見た目はそうだが…。\n
BRIEFING,BRIEFING_FILES_BLOCK_0481B0,OUTSIDE_LOADING,5,5,1,YES,1,0,100.00%,93.33%,100.00%,0.275862,0.052448,5,構わないが、どうするつもりだ？\n
BRIEFING,BRIEFING_FILES_BLOCK_048590,OUTSIDE_LOADING,6,6,1,YES,0,1,100.00%,100.00%,100.00%,0.176471,0.013986,6,なんだ？\n
BRIEFING,BRIEFING_FILES_BLOCK_048590,OUTSIDE_LOADING,12,12,1,YES,1,0,100.00%,92.86%,100.00%,0.333333,0.048951,12,そ、そんなんじゃないって！　ただ…。\n
BRIEFING,BRIEFING_FILES_BLOCK_048590,OUTSIDE_LOADING,24,24,1,YES,0,1,100.00%,100.00%,100.00%,0.166667,0.017483,24,う、うん…。\n
BRIEFING,BRIEFING_FILES_BLOCK_048590,OUTSIDE_LOADING,26,26,1,YES,0,1,100.00%,100.00%,100.00%,0.250000,0.013986,26,確かに。\n
BRIEFING,BRIEFING_FILES_BLOCK_048EE0,OUTSIDE_LOADING,12,12,1,YES,0,1,100.00%,100.00%,100.00%,0.181818,0.031469,12,え？　うん。そうだよ…。\n
BRIEFING,BRIEFING_FILES_BLOCK_048EE0,OUTSIDE_LOADING,15,15,1,YES,0,1,100.00%,100.00%,100.00%,0.064516,0.010490,15,え…？\n
BRIEFING,BRIEFING_FILES_BLOCK_048EE0,OUTSIDE_LOADING,18,18,1,YES,1,0,100.00%,91.67%,100.00%,0.277778,0.041958,18,それは…わからないけど…。\n
BRIEFING,BRIEFING_FILES_BLOCK_0497E0,OUTSIDE_LOADING,3,3,1,YES,1,0,100.00%,88.89%,100.00%,0.161290,0.031469,3,それはそうだけど…。\n
BRIEFING,BRIEFING_FILES_BLOCK_0497E0,OUTSIDE_LOADING,10,10,1,YES,1,0,100.00%,85.71%,100.00%,0.125000,0.024476,10,そうだけど…。\n
BRIEFING,BRIEFING_FILES_BLOCK_0497E0,OUTSIDE_LOADING,13,13,1,YES,0,1,100.00%,100.00%,100.00%,0.150000,0.013986,13,うん…。\n
BRIEFING,BRIEFING_FILES_BLOCK_0497E0,OUTSIDE_LOADING,16,16,1,YES,0,1,100.00%,100.00%,100.00%,0.190476,0.020979,16,…わかった。\n
BRIEFING,BRIEFING_FILES_BLOCK_049EF0,OUTSIDE_LOADING,9,9,1,YES,0,1,100.00%,100.00%,100.00%,0.214286,0.020979,9,ははっ。そいつはいい。\n
BRIEFING,BRIEFING_FILES_BLOCK_04A590,OUTSIDE_LOADING,17,17,1,YES,1,0,84.62%,76.92%,100.00%,0.250000,0.045455,17,そう言うな。いろいろと事情もある。\n
BRIEFING,BRIEFING_FILES_BLOCK_04ACE0,OUTSIDE_LOADING,1,1,1,YES,1,0,100.00%,87.50%,100.00%,0.272727,0.027972,1,他にもいるのか！\n
BRIEFING,BRIEFING_FILES_BLOCK_04BE80,OUTSIDE_LOADING,6,6,1,YES,0,1,100.00%,100.00%,100.00%,0.193548,0.024476,6,…そうなのか？\n
BRIEFING,BRIEFING_FILES_BLOCK_04CB80,OUTSIDE_LOADING,4,4,1,YES,1,0,94.74%,89.47%,100.00%,0.314286,0.066434,4,そんなこと、俺に言われてもわかんないけど…。\n
BRIEFING,BRIEFING_FILES_BLOCK_04CB80,OUTSIDE_LOADING,8,8,1,YES,0,1,100.00%,100.00%,100.00%,0.125000,0.027972,8,そうだよ！　きっとそうだ！\n
BRIEFING,BRIEFING_FILES_BLOCK_04D7E0,OUTSIDE_LOADING,11,11,1,YES,0,1,100.00%,100.00%,100.00%,0.250000,0.052265,11,それが、ザ・ボスのAIだったと？\n
BRIEFING,BRIEFING_FILES_BLOCK_04DFB0,OUTSIDE_LOADING,1,1,1,YES,1,0,75.00%,87.50%,100.00%,0.227273,0.027972,1,その違いは何だ？\n
BRIEFING,BRIEFING_FILES_BLOCK_04DFB0,OUTSIDE_LOADING,3,3,1,YES,1,0,80.00%,100.00%,100.00%,0.136364,0.017483,3,何だって？\n
BRIEFING,BRIEFING_FILES_BLOCK_04EE70,OUTSIDE_LOADING,1,1,1,YES,1,0,100.00%,85.71%,100.00%,0.200000,0.024476,1,どういうことだ。\n
BRIEFING,BRIEFING_FILES_BLOCK_04EE70,OUTSIDE_LOADING,11,11,1,YES,0,1,100.00%,100.00%,100.00%,0.129032,0.024476,11,…それだけか？\n
BRIEFING,BRIEFING_FILES_BLOCK_04F520,OUTSIDE_LOADING,4,4,1,YES,1,0,50.00%,50.00%,100.00%,0.066667,0.013986,4,共感力？\n
BRIEFING,BRIEFING_FILES_BLOCK_04F520,OUTSIDE_LOADING,16,16,1,YES,1,0,88.89%,81.48%,100.00%,0.292683,0.094406,16,そう言うあんたはどうなんだ？　現実の人間に共感してい\nるようには見えない。\n
BRIEFING,BRIEFING_FILES_BLOCK_04F520,OUTSIDE_LOADING,18,18,1,YES,1,0,100.00%,87.50%,100.00%,0.136364,0.027972,18,だが気が変わった？\n
BRIEFING,BRIEFING_FILES_BLOCK_04FF60,OUTSIDE_LOADING,10,10,1,YES,1,0,85.71%,85.71%,100.00%,0.238095,0.024476,10,勝手なものだな。\n
BRIEFING,BRIEFING_FILES_BLOCK_051320,OUTSIDE_LOADING,7,7,1,YES,1,0,92.86%,78.57%,100.00%,0.259259,0.048951,7,やめろ！　そんなものは紛い物だ！！\n
BRIEFING,BRIEFING_FILES_BLOCK_0526E0,OUTSIDE_LOADING,8,8,1,YES,0,1,100.00%,100.00%,100.00%,0.142857,0.013986,8,というと？\n
BRIEFING,BRIEFING_FILES_BLOCK_052EF0,OUTSIDE_LOADING,2,2,1,YES,0,1,100.00%,100.00%,100.00%,0.111111,0.006993,2,ああ。\n
BRIEFING,BRIEFING_FILES_BLOCK_052EF0,OUTSIDE_LOADING,7,7,1,YES,0,1,100.00%,100.00%,100.00%,0.227273,0.027972,7,あれはあんたが…？\n
BRIEFING,BRIEFING_FILES_BLOCK_052EF0,OUTSIDE_LOADING,15,15,1,YES,1,0,90.91%,100.00%,100.00%,0.260870,0.038462,15,私たちは一人ではなかった。\n
BRIEFING,BRIEFING_FILES_BLOCK_052EF0,OUTSIDE_LOADING,18,18,1,YES,1,0,80.00%,90.00%,100.00%,0.312500,0.034965,18,俺は知らなかった…。\n
BRIEFING,BRIEFING_FILES_BLOCK_053820,OUTSIDE_LOADING,8,8,1,YES,0,1,100.00%,100.00%,100.00%,0.181818,0.020979,8,…そうだな。\n
BRIEFING,BRIEFING_FILES_BLOCK_053E80,OUTSIDE_LOADING,10,10,1,YES,1,0,100.00%,85.71%,100.00%,0.200000,0.024476,10,どういうことだ。\n
BRIEFING,BRIEFING_FILES_BLOCK_0545D0,OUTSIDE_LOADING,4,4,1,YES,1,0,82.35%,76.47%,100.00%,0.232558,0.059441,4,…つまり、平和に抑止力はいらないと？\n
BRIEFING,BRIEFING_FILES_BLOCK_054AD0,OUTSIDE_LOADING,1,1,1,YES,1,0,100.00%,77.78%,100.00%,0.250000,0.031469,1,いや、ただのあだ名だ。\n
BRIEFING,BRIEFING_FILES_BLOCK_0552A0,OUTSIDE_LOADING,2,2,1,YES,0,1,100.00%,100.00%,100.00%,0.137931,0.017483,2,その前は？\n
BRIEFING,BRIEFING_FILES_BLOCK_055B40,OUTSIDE_LOADING,7,7,1,YES,1,0,87.50%,81.25%,100.00%,0.266667,0.048611,7,AI研究に戻るつもりはないのか？\n
BRIEFING,BRIEFING_FILES_BLOCK_055B40,OUTSIDE_LOADING,9,9,1,YES,0,1,100.00%,100.00%,100.00%,0.111111,0.013986,9,ここでか？\n
BRIEFING,BRIEFING_FILES_BLOCK_056170,OUTSIDE_LOADING,2,2,1,YES,1,0,100.00%,80.00%,100.00%,0.142857,0.017483,2,どうして。\n
BRIEFING,BRIEFING_FILES_BLOCK_056F50,OUTSIDE_LOADING,12,12,1,YES,1,0,91.67%,83.33%,100.00%,0.218750,0.041958,12,そこまでやさしいと思う？\n
BRIEFING,BRIEFING_FILES_BLOCK_057BD0,OUTSIDE_LOADING,5,5,1,YES,1,0,90.00%,90.00%,100.00%,0.225806,0.034965,5,ああ。それは俺も同じだ。\n
BRIEFING,BRIEFING_FILES_BLOCK_0586B0,OUTSIDE_LOADING,14,14,1,YES,1,0,90.00%,90.00%,100.00%,0.400000,0.069930,14,…わからない。過去にこだわっているつもりはないが…。\n
BRIEFING,BRIEFING_FILES_BLOCK_0586B0,OUTSIDE_LOADING,16,16,1,YES,0,1,100.00%,100.00%,100.00%,0.190476,0.020979,16,そうなのか？\n
BRIEFING,BRIEFING_FILES_BLOCK_058FC0,OUTSIDE_LOADING,7,7,1,YES,1,0,70.00%,70.00%,100.00%,0.312500,0.034965,7,いや、俺は任務で…。\n
BRIEFING,BRIEFING_FILES_BLOCK_0598A0,OUTSIDE_LOADING,9,9,1,YES,0,1,100.00%,100.00%,100.00%,0.166667,0.017483,9,わかった。\n
BRIEFING,BRIEFING_FILES_BLOCK_059DC0,OUTSIDE_LOADING,7,7,1,YES,1,0,100.00%,87.50%,100.00%,0.187500,0.027972,7,いや……ははは、そう？\n
BRIEFING,BRIEFING_FILES_BLOCK_059DC0,OUTSIDE_LOADING,9,9,1,YES,0,1,100.00%,100.00%,100.00%,0.100000,0.010490,9,…ん？\n
BRIEFING,BRIEFING_FILES_BLOCK_059DC0,OUTSIDE_LOADING,15,15,1,YES,0,1,100.00%,100.00%,100.00%,0.233333,0.024476,15,ということは…。\n
BRIEFING,BRIEFING_FILES_BLOCK_05A620,OUTSIDE_LOADING,5,5,1,YES,1,0,100.00%,90.91%,100.00%,0.227273,0.038462,5,…そりゃあ、よかった。\n
BRIEFING,BRIEFING_FILES_BLOCK_05A620,OUTSIDE_LOADING,7,7,1,YES,1,0,88.89%,94.44%,100.00%,0.333333,0.062937,7,それはありがたいな。だが、何を頼んだら…。\n
BRIEFING,BRIEFING_FILES_BLOCK_05A620,OUTSIDE_LOADING,15,15,1,YES,0,1,100.00%,100.00%,100.00%,0.111111,0.006993,15,ああ。\n
BRIEFING,BRIEFING_FILES_BLOCK_05AD70,OUTSIDE_LOADING,7,7,1,YES,0,1,100.00%,100.00%,100.00%,0.157895,0.010490,7,ああ…。\n
BRIEFING,BRIEFING_FILES_BLOCK_05B2E0,OUTSIDE_LOADING,26,26,1,YES,1,0,66.67%,66.67%,100.00%,0.200000,0.020979,26,や、野蛮！？\n
BRIEFING,BRIEFING_FILES_BLOCK_05B2E0,OUTSIDE_LOADING,30,30,1,YES,1,0,100.00%,75.00%,100.00%,0.111111,0.013986,30,…やれやれ。\n
BRIEFING,BRIEFING_FILES_BLOCK_05C0F0,OUTSIDE_LOADING,11,11,1,YES,0,1,100.00%,100.00%,100.00%,0.166667,0.017483,11,そうか…。\n
BRIEFING,BRIEFING_FILES_BLOCK_05C0F0,OUTSIDE_LOADING,16,16,1,YES,0,1,100.00%,100.00%,100.00%,0.300000,0.027972,16,それは…それはいらない。\n
BRIEFING,BRIEFING_FILES_BLOCK_05C0F0,OUTSIDE_LOADING,18,18,1,YES,0,1,100.00%,100.00%,100.00%,0.300000,0.027972,18,…それも…いらない。\n
BRIEFING,BRIEFING_FILES_BLOCK_05C930,OUTSIDE_LOADING,3,3,1,YES,1,0,100.00%,90.00%,100.00%,0.260870,0.034965,3,それじゃ、いくわよ。\n
BRIEFING,BRIEFING_FILES_BLOCK_05C930,OUTSIDE_LOADING,8,8,1,YES,0,1,100.00%,100.00%,100.00%,0.120000,0.020979,8,そっくりだ！\n
BRIEFING,BRIEFING_FILES_BLOCK_05C930,OUTSIDE_LOADING,17,17,1,YES,0,1,100.00%,100.00%,100.00%,0.111111,0.006993,17,ああ。\n
BRIEFING,BRIEFING_FILES_BLOCK_05CFD0,OUTSIDE_LOADING,8,8,1,YES,1,0,83.33%,100.00%,100.00%,0.172414,0.020979,8,何のために？\n
BRIEFING,BRIEFING_FILES_BLOCK_05CFD0,OUTSIDE_LOADING,12,12,1,YES,1,0,85.19%,77.78%,100.00%,0.925926,0.094406,12,でも、兵器に鳥の名前を付けるなんて、鳥に対して失礼だ\nと思わない？\n
BRIEFING,BRIEFING_FILES_BLOCK_05D6C0,OUTSIDE_LOADING,3,3,1,YES,1,0,88.24%,76.47%,100.00%,0.272727,0.059441,3,いや、俺は鳥を見に来たわけじゃ…。\n
BRIEFING,BRIEFING_FILES_BLOCK_05D6C0,OUTSIDE_LOADING,12,12,1,YES,1,0,85.71%,92.86%,100.00%,0.333333,0.048951,12,俺たちとはずいぶん違うな…。\n
BRIEFING,BRIEFING_FILES_BLOCK_05DD90,OUTSIDE_LOADING,3,3,1,YES,0,1,100.00%,100.00%,100.00%,0.083333,0.006993,3,は？\n
BRIEFING,BRIEFING_FILES_BLOCK_05E2B0,OUTSIDE_LOADING,1,1,1,YES,1,0,100.00%,75.00%,100.00%,0.153846,0.013986,1,いや…。\n
BRIEFING,BRIEFING_FILES_BLOCK_05E7B0,OUTSIDE_LOADING,4,4,1,YES,1,0,100.00%,83.33%,100.00%,0.136364,0.020979,4,やめろよ…。\n
BRIEFING,BRIEFING_FILES_BLOCK_05E7B0,OUTSIDE_LOADING,6,6,1,YES,1,0,100.00%,90.00%,100.00%,0.241379,0.034965,6,いや、そこまでは…。\n
BRIEFING,BRIEFING_FILES_BLOCK_05ED20,OUTSIDE_LOADING,0,0,1,YES,1,0,100.00%,88.24%,100.00%,0.236842,0.055749,0,ここに来る前は、ずっとパリだったのか？\n
BRIEFING,BRIEFING_FILES_BLOCK_05FD50,OUTSIDE_LOADING,3,3,1,YES,0,1,100.00%,100.00%,100.00%,0.153846,0.013986,3,そうか。\n
BRIEFING,BRIEFING_FILES_BLOCK_05FD50,OUTSIDE_LOADING,12,12,1,YES,0,1,100.00%,100.00%,100.00%,0.157895,0.010490,12,ああ…。\n
BRIEFING,BRIEFING_FILES_BLOCK_060450,OUTSIDE_LOADING,8,8,1,YES,1,0,100.00%,83.33%,100.00%,0.157895,0.020979,8,どうだろうな。\n
BRIEFING,BRIEFING_FILES_BLOCK_060450,OUTSIDE_LOADING,10,10,1,YES,0,1,100.00%,100.00%,100.00%,0.142857,0.020833,10,おい、セシール？\n
BRIEFING,BRIEFING_FILES_BLOCK_060910,OUTSIDE_LOADING,1,1,1,YES,1,0,84.62%,92.31%,100.00%,0.347826,0.034602,1,サルトルなら、俺も知ってる。\n
BRIEFING,BRIEFING_FILES_BLOCK_060910,OUTSIDE_LOADING,18,18,1,YES,0,1,100.00%,100.00%,100.00%,0.190476,0.020979,18,そうなのか？\n
BRIEFING,BRIEFING_FILES_BLOCK_0614E0,OUTSIDE_LOADING,3,3,1,YES,1,0,100.00%,85.71%,100.00%,0.285714,0.024476,3,ああ、名前はな。\n
BRIEFING,BRIEFING_FILES_BLOCK_0614E0,OUTSIDE_LOADING,10,10,1,YES,1,0,85.71%,71.43%,100.00%,0.150000,0.024476,10,どういう意味だ。\n
BRIEFING,BRIEFING_FILES_BLOCK_0614E0,OUTSIDE_LOADING,15,15,1,YES,1,0,100.00%,83.33%,100.00%,0.250000,0.041958,15,いや、そう言われても…。\n
BRIEFING,BRIEFING_FILES_BLOCK_0614E0,OUTSIDE_LOADING,20,20,1,YES,0,1,100.00%,100.00%,100.00%,0.050000,0.010417,20,セシール？\n
BRIEFING,BRIEFING_FILES_BLOCK_061FE0,OUTSIDE_LOADING,7,7,1,YES,0,1,100.00%,100.00%,100.00%,0.125000,0.020979,7,終わったか？\n
BRIEFING,BRIEFING_FILES_BLOCK_061FE0,OUTSIDE_LOADING,20,20,1,YES,0,1,100.00%,100.00%,100.00%,0.157895,0.010490,20,あ…。\n
BRIEFING,BRIEFING_FILES_BLOCK_061FE0,OUTSIDE_LOADING,22,22,1,YES,0,1,100.00%,100.00%,100.00%,0.181818,0.024476,22,そ…そんなこと…。\n
BRIEFING,BRIEFING_FILES_BLOCK_061FE0,OUTSIDE_LOADING,24,24,1,YES,1,0,75.00%,75.00%,100.00%,0.250000,0.013986,24,違いない。\n
BRIEFING,BRIEFING_FILES_BLOCK_062D50,OUTSIDE_LOADING,2,2,1,YES,1,0,100.00%,90.91%,100.00%,0.250000,0.038462,2,あの人、どうにかして。\n
BRIEFING,BRIEFING_FILES_BLOCK_062D50,OUTSIDE_LOADING,17,17,1,YES,0,1,100.00%,100.00%,100.00%,0.190476,0.020979,17,ああ…。そうかそうか…。\n
BRIEFING,BRIEFING_FILES_BLOCK_062D50,OUTSIDE_LOADING,28,28,1,YES,0,1,100.00%,100.00%,100.00%,0.235294,0.017483,28,なんだよ。\n
BRIEFING,BRIEFING_FILES_BLOCK_062D50,OUTSIDE_LOADING,30,30,1,YES,0,1,100.00%,100.00%,100.00%,0.111111,0.006993,30,え。\n
BRIEFING,BRIEFING_FILES_BLOCK_063B40,OUTSIDE_LOADING,1,1,1,YES,0,1,100.00%,100.00%,100.00%,0.107143,0.010490,1,あら。\n
BRIEFING,BRIEFING_FILES_BLOCK_064AE0,OUTSIDE_LOADING,1,1,1,YES,1,0,100.00%,80.00%,100.00%,0.111111,0.017483,1,どうして？\n
BRIEFING,BRIEFING_FILES_BLOCK_064AE0,OUTSIDE_LOADING,18,18,1,YES,1,0,50.00%,50.00%,100.00%,0.181818,0.013986,18,…博士。\n
BRIEFING,BRIEFING_FILES_BLOCK_0661F0,OUTSIDE_LOADING,7,7,1,YES,1,0,88.24%,88.24%,100.00%,0.294118,0.059441,7,そうだ。でも、僕にとってはいい時代だった。\n
BRIEFING,BRIEFING_FILES_BLOCK_066B30,OUTSIDE_LOADING,2,2,1,YES,1,0,50.00%,50.00%,100.00%,0.130435,0.013986,2,博士…？\n
BRIEFING,BRIEFING_FILES_BLOCK_0672B0,OUTSIDE_LOADING,3,3,1,YES,0,1,100.00%,100.00%,100.00%,0.272727,0.010490,3,いない。\n
BRIEFING,BRIEFING_FILES_BLOCK_0672B0,OUTSIDE_LOADING,16,16,1,YES,0,1,100.00%,100.00%,100.00%,0.153846,0.013986,16,…なに？\n
BRIEFING,BRIEFING_FILES_BLOCK_0672B0,OUTSIDE_LOADING,18,18,1,YES,0,1,100.00%,100.00%,100.00%,0.294118,0.038462,18,それはわからないが…。\n
BRIEFING,BRIEFING_FILES_BLOCK_068550,OUTSIDE_LOADING,6,6,1,YES,0,1,100.00%,100.00%,100.00%,0.300000,0.041958,6,そんなことはわかってる。\n
BRIEFING,BRIEFING_FILES_BLOCK_068550,OUTSIDE_LOADING,15,15,1,YES,1,0,81.82%,81.82%,100.00%,0.260870,0.038462,15,ああ、身をもって味わった。\n
BRIEFING,BRIEFING_FILES_BLOCK_068550,OUTSIDE_LOADING,23,23,1,YES,0,1,100.00%,100.00%,100.00%,0.181818,0.020979,23,………そうだな。\n
BRIEFING,BRIEFING_FILES_BLOCK_069580,OUTSIDE_LOADING,15,15,1,YES,0,1,100.00%,100.00%,100.00%,0.210526,0.024476,15,ああ、そうだな。\n
BRIEFING,BRIEFING_FILES_BLOCK_069580,OUTSIDE_LOADING,19,19,1,YES,0,1,100.00%,100.00%,100.00%,0.210526,0.020979,19,ありがとう。\n
BRIEFING,BRIEFING_FILES_BLOCK_06A170,OUTSIDE_LOADING,1,1,1,YES,1,0,100.00%,85.71%,100.00%,0.200000,0.024476,1,どういうことだ。\n
BRIEFING,BRIEFING_FILES_BLOCK_06A5D0,OUTSIDE_LOADING,2,2,1,YES,0,1,100.00%,100.00%,100.00%,0.111111,0.006993,2,ああ。\n
BRIEFING,BRIEFING_FILES_BLOCK_06AB40,OUTSIDE_LOADING,8,8,1,YES,1,0,57.14%,57.14%,100.00%,0.181818,0.024476,8,…僕の研究が…。\n
BRIEFING,BRIEFING_FILES_BLOCK_06C600,OUTSIDE_LOADING,5,5,1,YES,1,0,100.00%,84.62%,100.00%,0.240000,0.045455,5,やってみよう。もう時間がない。\n
BRIEFING,BRIEFING_FILES_BLOCK_06CD50,OUTSIDE_LOADING,2,2,1,YES,1,0,100.00%,85.71%,100.00%,0.200000,0.024476,2,どういうことだ。\n
BRIEFING,BRIEFING_FILES_BLOCK_06D7C0,OUTSIDE_LOADING,3,3,1,YES,1,0,80.00%,80.00%,100.00%,0.241379,0.034965,3,彼を知っているのか？\n
BRIEFING,BRIEFING_FILES_BLOCK_06D7C0,OUTSIDE_LOADING,14,14,1,YES,1,0,80.00%,80.00%,100.00%,0.272727,0.034965,14,はめられたな、博士。\n
BRIEFING,BRIEFING_FILES_BLOCK_06DF10,OUTSIDE_LOADING,9,9,1,YES,1,0,83.33%,83.33%,100.00%,0.214286,0.020979,9,奴らしいな。\n
BRIEFING,BRIEFING_FILES_BLOCK_06DF10,OUTSIDE_LOADING,12,12,1,YES,1,0,66.67%,100.00%,100.00%,0.117647,0.010490,12,何だ。\n
BRIEFING,BRIEFING_FILES_BLOCK_06ECD0,OUTSIDE_LOADING,4,4,1,YES,1,0,85.71%,100.00%,100.00%,0.222222,0.024476,4,何がおかしい。\n
BRIEFING,BRIEFING_FILES_BLOCK_06ECD0,OUTSIDE_LOADING,7,7,1,YES,0,1,100.00%,100.00%,100.00%,0.166667,0.017483,7,だろうな。\n
BRIEFING,BRIEFING_FILES_BLOCK_06ECD0,OUTSIDE_LOADING,9,9,1,YES,1,0,92.86%,92.86%,100.00%,0.280000,0.048951,9,…だろうな。それも、奴らしい。\n
BRIEFING,BRIEFING_FILES_BLOCK_070050,OUTSIDE_LOADING,2,2,1,YES,1,0,83.33%,66.67%,100.00%,0.157895,0.020979,2,どう違うんだ。\n
BRIEFING,BRIEFING_FILES_BLOCK_070050,OUTSIDE_LOADING,6,6,1,YES,1,0,89.47%,89.47%,100.00%,0.288889,0.066434,6,となると、ザ・ボスの意志が宿っているのは…。\n
BRIEFING,BRIEFING_FILES_BLOCK_070430,OUTSIDE_LOADING,4,4,1,YES,0,1,100.00%,100.00%,100.00%,0.166667,0.010490,4,はあ。\n
BRIEFING,BRIEFING_FILES_BLOCK_0716A0,OUTSIDE_LOADING,12,12,1,YES,0,1,100.00%,100.00%,100.00%,0.200000,0.013986,12,でも…。\n
BRIEFING,BRIEFING_FILES_BLOCK_071D60,OUTSIDE_LOADING,1,1,1,YES,0,1,100.00%,100.00%,100.00%,0.111111,0.006993,1,ああ。\n
BRIEFING,BRIEFING_FILES_BLOCK_071D60,OUTSIDE_LOADING,3,3,1,YES,1,0,94.44%,83.33%,100.00%,0.290323,0.062937,3,…どうかな。いや、おそらくは違うんだろう。\n
BRIEFING,BRIEFING_FILES_BLOCK_071D60,OUTSIDE_LOADING,12,12,1,YES,1,0,87.50%,87.50%,100.00%,0.225806,0.027972,12,そうか…彼らも…。\n
BRIEFING,BRIEFING_FILES_BLOCK_0728B0,OUTSIDE_LOADING,6,6,1,YES,1,0,100.00%,90.00%,100.00%,0.272727,0.034965,6,え？　いや、それは…。\n
BRIEFING,BRIEFING_FILES_BLOCK_072E10,OUTSIDE_LOADING,1,1,1,YES,1,0,100.00%,75.00%,100.00%,0.153846,0.013986,1,…いや。\n
BRIEFING,BRIEFING_FILES_BLOCK_072E10,OUTSIDE_LOADING,5,5,1,YES,0,1,100.00%,100.00%,100.00%,0.166667,0.010490,5,あ、ああ。\n
BRIEFING,BRIEFING_FILES_BLOCK_072E10,OUTSIDE_LOADING,8,8,1,YES,0,1,100.00%,100.00%,100.00%,0.235294,0.017483,8,な、なんだ？\n
BRIEFING,BRIEFING_FILES_BLOCK_072E10,OUTSIDE_LOADING,10,10,1,YES,1,0,100.00%,80.00%,100.00%,0.230769,0.017483,10,い、いや…。\n
BRIEFING,BRIEFING_FILES_BLOCK_072E10,OUTSIDE_LOADING,18,18,1,YES,1,0,93.33%,80.00%,100.00%,0.205882,0.052448,18,じゃあ、自分で渡せばいいだろう。\n
BRIEFING,BRIEFING_FILES_BLOCK_073590,OUTSIDE_LOADING,1,1,1,YES,1,0,85.71%,71.43%,100.00%,0.315789,0.024476,1,いや、知らないな。\n
BRIEFING,BRIEFING_FILES_BLOCK_073590,OUTSIDE_LOADING,3,3,1,YES,0,1,100.00%,100.00%,100.00%,0.066667,0.010453,3,AIが？\n
BRIEFING,BRIEFING_FILES_BLOCK_073590,OUTSIDE_LOADING,6,6,1,YES,1,0,100.00%,66.67%,100.00%,0.166667,0.010490,6,いや。\n
BRIEFING,BRIEFING_FILES_BLOCK_073590,OUTSIDE_LOADING,10,10,1,YES,0,1,100.00%,100.00%,100.00%,0.111111,0.006993,10,ああ。\n
BRIEFING,BRIEFING_FILES_BLOCK_074310,OUTSIDE_LOADING,8,8,1,YES,1,0,85.71%,71.43%,100.00%,0.315789,0.024476,8,いや、知らないな。\n
BRIEFING,BRIEFING_FILES_BLOCK_074310,OUTSIDE_LOADING,15,15,1,YES,1,0,83.33%,83.33%,100.00%,0.136364,0.020979,15,任せておけ。\n
BRIEFING,BRIEFING_FILES_BLOCK_074A00,OUTSIDE_LOADING,2,2,1,YES,1,0,100.00%,88.89%,100.00%,0.193548,0.031469,2,それはどこにある？\n
BRIEFING,BRIEFING_FILES_BLOCK_075130,OUTSIDE_LOADING,20,20,1,YES,0,1,100.00%,100.00%,100.00%,0.206897,0.034965,20,…では、敵とはなんだ？\n
BRIEFING,BRIEFING_FILES_BLOCK_075130,OUTSIDE_LOADING,26,26,1,YES,1,0,66.67%,66.67%,100.00%,0.172414,0.020979,26,それは任務？\n
BRIEFING,BRIEFING_FILES_BLOCK_075130,OUTSIDE_LOADING,32,32,1,YES,1,0,81.82%,81.82%,100.00%,0.242424,0.038462,32,それは、身を守るため？\n
BRIEFING,BRIEFING_FILES_BLOCK_075130,OUTSIDE_LOADING,37,37,1,YES,0,1,100.00%,100.00%,100.00%,0.153846,0.020979,37,終わったら。\n
BRIEFING,BRIEFING_FILES_BLOCK_075130,OUTSIDE_LOADING,48,48,1,YES,1,0,85.71%,100.00%,100.00%,0.238095,0.024476,48,……殺して……私を……。\n
BRIEFING,BRIEFING_FILES_BLOCK_075130,OUTSIDE_LOADING,50,50,1,YES,0,1,100.00%,100.00%,100.00%,0.105263,0.006993,50,…………。\n
BRIEFING,BRIEFING_FILES_BLOCK_075130,OUTSIDE_LOADING,52,52,1,YES,1,0,75.00%,100.00%,100.00%,0.166667,0.013986,52,私は…私は…私は…。\n
BRIEFING,BRIEFING_FILES_BLOCK_075130,OUTSIDE_LOADING,57,57,1,YES,1,0,75.00%,100.00%,100.00%,0.111111,0.013986,57,いたぞ！\n
BRIEFING,BRIEFING_FILES_BLOCK_076330,OUTSIDE_LOADING,4,4,1,YES,1,0,50.00%,50.00%,100.00%,0.153846,0.013986,4,任務は。\n
BRIEFING,BRIEFING_FILES_BLOCK_076330,OUTSIDE_LOADING,12,12,1,YES,1,0,83.33%,100.00%,100.00%,0.172414,0.020979,12,何のために。\n
BRIEFING,BRIEFING_FILES_BLOCK_076330,OUTSIDE_LOADING,38,38,1,YES,1,0,75.00%,87.50%,100.00%,0.190476,0.027972,38,…私が彼と戦う。\n
BRIEFING,BRIEFING_FILES_BLOCK_076330,OUTSIDE_LOADING,40,40,1,YES,1,0,85.71%,85.71%,100.00%,0.242424,0.048951,40,私は…彼と戦わなければならない。\n
BRIEFING,BRIEFING_FILES_BLOCK_076330,OUTSIDE_LOADING,50,50,1,YES,1,0,85.71%,100.00%,100.00%,0.238095,0.024476,50,私を…殺して…。\n
BRIEFING,BRIEFING_FILES_BLOCK_076330,OUTSIDE_LOADING,52,52,1,YES,1,0,100.00%,92.31%,100.00%,0.264706,0.045455,52,どちらかが死に、どちらかが生きる…。\n
BRIEFING,BRIEFING_FILES_BLOCK_077B90,OUTSIDE_LOADING,38,38,1,YES,0,1,100.00%,100.00%,100.00%,0.219512,0.038462,38,それがザ・ボスだった。\n
BRIEFING,BRIEFING_FILES_BLOCK_07CA30,OUTSIDE_LOADING,57,57,1,YES,1,0,100.00%,91.67%,100.00%,0.277778,0.041958,57,いずれ、確かめなければならない。\n
BRIEFING,BRIEFING_FILES_BLOCK_07F280,OUTSIDE_LOADING,14,14,1,YES,1,0,92.31%,84.62%,100.00%,0.260870,0.045455,14,かなりの大物だと思われた。\n
BRIEFING,BRIEFING_FILES_BLOCK_086E20,OUTSIDE_LOADING,15,15,1,YES,0,1,100.00%,100.00%,100.00%,0.200000,0.013986,15,でも…。\n
BRIEFING,BRIEFING_FILES_BLOCK_086E20,OUTSIDE_LOADING,21,21,1,YES,0,1,100.00%,100.00%,100.00%,0.200000,0.020979,21,それでも…。\n
BRIEFING,BRIEFING_FILES_BLOCK_087AF0,OUTSIDE_LOADING,7,7,1,YES,0,1,100.00%,100.00%,100.00%,0.233333,0.024476,7,それなのに…。\n
BRIEFING,BRIEFING_FILES_BLOCK_087AF0,OUTSIDE_LOADING,40,40,1,YES,1,0,100.00%,82.35%,100.00%,0.333333,0.059441,40,どうせやらなくちゃいけないことだった。\n
BRIEFING,BRIEFING_FILES_BLOCK_088F20,OUTSIDE_LOADING,37,37,1,YES,1,0,81.82%,81.82%,100.00%,0.208333,0.038462,37,自らの政府の手によって。\n
BRIEFING,BRIEFING_FILES_BLOCK_088F20,OUTSIDE_LOADING,45,45,1,YES,1,0,91.67%,91.67%,100.00%,0.312500,0.041958,45,あなたに殺される事が……。\n
BRIEFING,BRIEFING_FILES_BLOCK_088F20,OUTSIDE_LOADING,61,61,1,YES,1,0,80.00%,90.00%,100.00%,0.217391,0.034965,61,それで私に真実を……。\n
BRIEFING,BRIEFING_FILES_BLOCK_088F20,OUTSIDE_LOADING,66,66,1,YES,1,0,87.50%,87.50%,100.00%,0.250000,0.027972,66,全ては国のため。\n
BRIEFING,BRIEFING_FILES_BLOCK_08BF20,OUTSIDE_LOADING,10,10,1,YES,1,0,93.75%,87.50%,100.00%,0.352941,0.055944,10,それでも彼女はそうするしかなかった。\n
BRIEFING,BRIEFING_FILES_BLOCK_08BF20,OUTSIDE_LOADING,51,51,1,YES,1,0,89.47%,84.21%,100.00%,0.289474,0.066434,51,そこで彼女は真実を目にすることになったの。\n
BRIEFING,BRIEFING_FILES_BLOCK_08DAB0,OUTSIDE_LOADING,20,20,1,YES,1,0,100.00%,94.74%,100.00%,0.266667,0.066434,20,それこそ、ザ・ボスでなければ見抜けないような…。\n
BRIEFING,BRIEFING_FILES_BLOCK_08FF20,OUTSIDE_LOADING,10,10,1,YES,1,0,100.00%,92.31%,100.00%,0.228571,0.045455,10,そうザ・ボスは言っていた。\n
BRIEFING,BRIEFING_FILES_BLOCK_090C40,OUTSIDE_LOADING,20,20,1,YES,1,0,100.00%,88.89%,100.00%,0.285714,0.031469,20,それだけじゃない。\n
BRIEFING,BRIEFING_FILES_BLOCK_090C40,OUTSIDE_LOADING,36,36,1,YES,1,0,100.00%,93.75%,100.00%,0.272727,0.055944,36,だけど、それだけでは終わらなかった。\n
BRIEFING,BRIEFING_FILES_BLOCK_093BC0,OUTSIDE_LOADING,0,0,1,YES,1,0,80.00%,100.00%,100.00%,0.136364,0.017483,0,…私です。\n
BRIEFING,BRIEFING_FILES_BLOCK_093BC0,OUTSIDE_LOADING,12,12,1,YES,0,1,100.00%,100.00%,100.00%,0.318182,0.034965,12,はい…わかりました。\n
BRIEFING,BRIEFING_MISSION_BLOCK_36D0B0,OUTSIDE_LOADING,3,3,1,YES,1,0,93.55%,93.55%,100.00%,0.211538,0.070946,3,"<R=FSLN,サンディニスタ>は、バックにKGBがいる事を\n知っているのか？\n"
BRIEFING,BRIEFING_MISSION_BLOCK_36DD60,OUTSIDE_LOADING,3,3,1,YES,1,0,77.78%,55.56%,100.00%,0.162162,0.031469,3,彼女はまだ子供だ…。\n
BRIEFING,BRIEFING_MISSION_BLOCK_36DD60,OUTSIDE_LOADING,18,18,1,YES,1,0,66.67%,100.00%,100.00%,0.117647,0.010490,18,何だ。\n
BRIEFING,BRIEFING_MISSION_BLOCK_36DD60,OUTSIDE_LOADING,28,28,1,YES,1,0,100.00%,90.00%,100.00%,0.189189,0.034965,28,そう…、だといいけど。\n
BRIEFING,BRIEFING_MISSION_BLOCK_36DD60,OUTSIDE_LOADING,35,35,1,YES,0,1,100.00%,100.00%,100.00%,0.166667,0.017483,35,わかった。\n
BRIEFING,BRIEFING_MISSION_BLOCK_36F890,OUTSIDE_LOADING,8,8,1,YES,0,1,100.00%,100.00%,100.00%,0.166667,0.017483,8,わかった。\n
BRIEFING,BRIEFING_MISSION_BLOCK_36F890,OUTSIDE_LOADING,12,12,1,YES,0,1,100.00%,100.00%,100.00%,0.166667,0.017483,12,わかった。\n
BRIEFING,BRIEFING_MISSION_BLOCK_36F890,OUTSIDE_LOADING,14,14,1,YES,0,1,100.00%,100.00%,100.00%,0.166667,0.017483,14,わかった。\n
BRIEFING,BRIEFING_MISSION_BLOCK_36F890,OUTSIDE_LOADING,16,16,1,YES,0,1,100.00%,100.00%,100.00%,0.166667,0.017483,16,わかった。\n
BRIEFING,BRIEFING_MISSION_BLOCK_36F890,OUTSIDE_LOADING,18,18,1,YES,0,1,100.00%,100.00%,100.00%,0.217391,0.020979,18,わかってる。\n
BRIEFING,BRIEFING_MISSION_BLOCK_3705D0,OUTSIDE_LOADING,11,11,1,YES,0,1,100.00%,100.00%,100.00%,0.100000,0.006993,11,……！\n
BRIEFING,BRIEFING_MISSION_BLOCK_3705D0,OUTSIDE_LOADING,14,14,1,YES,1,0,50.00%,100.00%,100.00%,0.038462,0.006993,14,何？\n
BRIEFING,BRIEFING_MISSION_BLOCK_3705D0,OUTSIDE_LOADING,22,22,1,YES,1,0,71.88%,68.75%,100.00%,1.000000,0.111888,22,革命だろうが、何だろうが、\n銃を手にひとたび暴力に訴えれば、\nいずれは皆地獄に堕ちる。\n
BRIEFING,BRIEFING_MISSION_BLOCK_3705D0,OUTSIDE_LOADING,29,29,1,YES,1,0,66.67%,100.00%,100.00%,0.117647,0.010490,29,何だ。\n
BRIEFING,BRIEFING_MISSION_BLOCK_3705D0,OUTSIDE_LOADING,42,42,1,YES,0,1,100.00%,100.00%,100.00%,0.193548,0.024476,42,そうか。わかった。\n
BRIEFING,BRIEFING_MISSION_BLOCK_371AD0,OUTSIDE_LOADING,4,4,1,YES,0,1,100.00%,100.00%,100.00%,0.200000,0.013986,4,だが…。\n
BRIEFING,BRIEFING_MISSION_BLOCK_371AD0,OUTSIDE_LOADING,9,9,1,YES,1,0,100.00%,90.91%,100.00%,0.294118,0.031250,9,他にルートはないのか？\n
BRIEFING,BRIEFING_MISSION_BLOCK_371AD0,OUTSIDE_LOADING,12,12,1,YES,0,1,100.00%,100.00%,100.00%,0.130435,0.013986,12,わかるか？\n
BRIEFING,BRIEFING_MISSION_BLOCK_371AD0,OUTSIDE_LOADING,19,19,1,YES,0,1,100.00%,100.00%,100.00%,0.166667,0.017483,19,わかった。\n
BRIEFING,BRIEFING_MISSION_BLOCK_371AD0,OUTSIDE_LOADING,24,24,1,YES,1,0,100.00%,90.00%,100.00%,0.280000,0.034965,24,いや、これからわかる。\n
BRIEFING,BRIEFING_MISSION_BLOCK_371AD0,OUTSIDE_LOADING,28,28,1,YES,0,1,100.00%,100.00%,100.00%,0.111111,0.013986,28,つまり？\n
BRIEFING,BRIEFING_MISSION_BLOCK_372F00,OUTSIDE_LOADING,5,5,1,YES,0,1,100.00%,100.00%,100.00%,0.105263,0.006993,5,……。\n
BRIEFING,BRIEFING_MISSION_BLOCK_373AD0,OUTSIDE_LOADING,11,11,1,YES,0,1,100.00%,100.00%,100.00%,0.105263,0.006993,11,……。\n
BRIEFING,BRIEFING_MISSION_BLOCK_373AD0,OUTSIDE_LOADING,13,13,1,YES,0,1,100.00%,100.00%,100.00%,0.166667,0.017483,13,わかった。\n
BRIEFING,BRIEFING_MISSION_BLOCK_373AD0,OUTSIDE_LOADING,18,18,1,YES,1,0,92.86%,92.86%,100.00%,0.200000,0.041667,18,セシール、鳥になった気分は？\n
BRIEFING,BRIEFING_MISSION_BLOCK_373AD0,OUTSIDE_LOADING,20,20,1,YES,1,0,79.17%,62.50%,100.00%,0.791667,0.083916,20,鳥の研究はやめて、空を飛ぼうかなって思う。\nで、どうしたの？\n
BRIEFING,BRIEFING_MISSION_BLOCK_373AD0,OUTSIDE_LOADING,35,35,1,YES,1,0,100.00%,85.71%,100.00%,0.238095,0.024476,35,たいした女だ…。\n
BRIEFING,BRIEFING_MISSION_BLOCK_373AD0,OUTSIDE_LOADING,37,37,1,YES,0,1,100.00%,100.00%,100.00%,0.240000,0.045139,37,わかった。\nセシール、よろしくな。\n
BRIEFING,BRIEFING_MISSION_BLOCK_373AD0,OUTSIDE_LOADING,43,43,1,YES,1,0,80.00%,100.00%,100.00%,0.136364,0.017483,43,何だって？\n
BRIEFING,BRIEFING_MISSION_BLOCK_373AD0,OUTSIDE_LOADING,45,45,1,YES,0,1,100.00%,100.00%,100.00%,0.200000,0.013986,45,だが…。\n
BRIEFING,BRIEFING_MISSION_BLOCK_375000,OUTSIDE_LOADING,3,3,1,YES,1,0,92.86%,85.71%,100.00%,0.261905,0.048951,3,…あんたにその意志があればだが。\n
BRIEFING,BRIEFING_MISSION_BLOCK_375000,OUTSIDE_LOADING,5,5,1,YES,0,1,100.00%,100.00%,100.00%,0.166667,0.017483,5,そうか…。\n
BRIEFING,BRIEFING_MISSION_BLOCK_375000,OUTSIDE_LOADING,8,8,1,YES,0,1,100.00%,100.00%,100.00%,0.166667,0.017483,8,わかった。\n
BRIEFING,BRIEFING_MISSION_BLOCK_375000,OUTSIDE_LOADING,13,13,1,YES,0,1,100.00%,100.00%,100.00%,0.269231,0.048951,13,ザ・ボスを殺したのはあんただ。\n
BRIEFING,BRIEFING_MISSION_BLOCK_375000,OUTSIDE_LOADING,31,31,1,YES,1,0,100.00%,80.00%,100.00%,0.173913,0.017483,31,ばかなっ！\n
BRIEFING,BRIEFING_MISSION_BLOCK_375000,OUTSIDE_LOADING,33,33,1,YES,0,1,100.00%,100.00%,100.00%,0.105263,0.006993,33,……。\n
BRIEFING,BRIEFING_MISSION_BLOCK_375000,OUTSIDE_LOADING,49,49,1,YES,1,0,86.67%,73.33%,100.00%,0.242424,0.052448,49,彼女は、どういう想いで死んだのか？\n
BRIEFING,BRIEFING_MISSION_BLOCK_376CD0,OUTSIDE_LOADING,1,1,1,YES,0,1,100.00%,100.00%,100.00%,0.157895,0.010490,1,…ああ…。\n
BRIEFING,BRIEFING_MISSION_BLOCK_3778F0,OUTSIDE_LOADING,1,1,1,YES,0,1,100.00%,100.00%,100.00%,0.157895,0.010490,1,…ああ…。\n
BRIEFING,BRIEFING_MISSION_BLOCK_378450,OUTSIDE_LOADING,1,1,1,YES,1,0,100.00%,93.33%,100.00%,0.290323,0.052448,1,なんとしてもそいつを止めるんだ！\n
BRIEFING,BRIEFING_MISSION_BLOCK_378670,OUTSIDE_LOADING,2,2,1,YES,0,1,100.00%,100.00%,100.00%,0.185185,0.020979,2,ああ、だが…。\n
BRIEFING,BRIEFING_MISSION_BLOCK_378670,OUTSIDE_LOADING,7,7,1,YES,1,0,86.67%,86.67%,100.00%,0.269231,0.052448,7,そんな！\nパスは何も知らないはずだ。\n
BRIEFING,BRIEFING_MISSION_BLOCK_378670,OUTSIDE_LOADING,33,33,1,YES,1,0,100.00%,75.00%,100.00%,0.115385,0.013986,33,どんな？\n
BRIEFING,BRIEFING_MISSION_BLOCK_379FA0,OUTSIDE_LOADING,0,0,1,YES,1,0,100.00%,88.89%,100.00%,0.250000,0.027875,0,クハ…見つかったか。\n
BRIEFING,BRIEFING_MISSION_BLOCK_37A2B0,OUTSIDE_LOADING,1,1,1,YES,0,1,100.00%,100.00%,100.00%,0.222222,0.038462,1,まさか、見つかるとは…。\n
BRIEFING,BRIEFING_MISSION_BLOCK_37ABA0,OUTSIDE_LOADING,1,1,1,YES,1,0,88.89%,88.89%,100.00%,0.166667,0.031469,1,お見事、さすがだ。\n
BRIEFING,BRIEFING_MISSION_BLOCK_37ABA0,OUTSIDE_LOADING,3,3,1,YES,0,1,100.00%,100.00%,100.00%,0.210526,0.013986,3,はあ…。\n
BRIEFING,BRIEFING_MISSION_BLOCK_37AD00,OUTSIDE_LOADING,1,1,1,YES,1,0,80.00%,100.00%,100.00%,0.136364,0.017483,1,何だって？\n
BRIEFING,BRIEFING_MISSION_BLOCK_37AF70,OUTSIDE_LOADING,1,1,1,YES,0,1,100.00%,100.00%,100.00%,0.200000,0.027972,1,おい、またか！？\n
BRIEFING,BRIEFING_MISSION_BLOCK_37B1F0,OUTSIDE_LOADING,1,1,1,YES,0,1,100.00%,100.00%,100.00%,0.111111,0.013986,1,またか！\n
BRIEFING,BRIEFING_MISSION_BLOCK_37B370,OUTSIDE_LOADING,1,1,1,YES,0,1,100.00%,100.00%,100.00%,0.111111,0.006993,1,ああ。\n
BRIEFING,BRIEFING_MISSION_BLOCK_37B370,OUTSIDE_LOADING,3,3,1,YES,0,1,100.00%,100.00%,100.00%,0.111111,0.006993,3,ああ。\n
BRIEFING,BRIEFING_MISSION_BLOCK_37B370,OUTSIDE_LOADING,5,5,1,YES,0,1,100.00%,100.00%,100.00%,0.047619,0.006993,5,で？\n
BRIEFING,BRIEFING_MISSION_BLOCK_37B8C0,OUTSIDE_LOADING,7,7,1,YES,0,1,100.00%,100.00%,100.00%,0.210526,0.013986,7,はあ…。\n
BRIEFING,BRIEFING_MISSION_BLOCK_37BC00,OUTSIDE_LOADING,1,1,1,YES,0,1,100.00%,100.00%,100.00%,0.111111,0.006993,1,ああ。\n
BRIEFING,BRIEFING_MISSION_BLOCK_37BFB0,OUTSIDE_LOADING,1,1,1,YES,0,1,100.00%,100.00%,100.00%,0.105263,0.006993,1,……。\n
BRIEFING,BRIEFING_MISSION_BLOCK_37BFB0,OUTSIDE_LOADING,4,4,1,YES,0,1,100.00%,100.00%,100.00%,0.210526,0.013986,4,はあ…。\n
BRIEFING,BRIEFING_MISSION_BLOCK_37BFB0,OUTSIDE_LOADING,9,9,1,YES,1,0,92.31%,92.31%,100.00%,0.296296,0.045455,9,どこにいるのか全くわからない。\n
BRIEFING,BRIEFING_MISSION_BLOCK_37C7A0,OUTSIDE_LOADING,1,1,1,YES,0,1,100.00%,100.00%,100.00%,0.166667,0.017483,1,わかった。\n
BRIEFING,BRIEFING_MISSION_BLOCK_37C7A0,OUTSIDE_LOADING,3,3,1,YES,0,1,100.00%,100.00%,100.00%,0.136364,0.024476,3,気をつけよう。\n
BRIEFING,BRIEFING_MISSION_BLOCK_37CB00,OUTSIDE_LOADING,1,1,1,YES,1,0,100.00%,80.00%,100.00%,0.142857,0.017483,1,どうした。\n
BRIEFING,BRIEFING_MISSION_BLOCK_37CB00,OUTSIDE_LOADING,3,3,1,YES,1,0,83.33%,100.00%,100.00%,0.151515,0.020979,3,何があった？\n
BRIEFING,BRIEFING_MISSION_BLOCK_37CB00,OUTSIDE_LOADING,13,13,1,YES,1,0,100.00%,92.86%,100.00%,0.222222,0.048951,13,本気か？\nあいつを殺すつもりかよ。\n
BRIEFING,BRIEFING_MISSION_BLOCK_37CB00,OUTSIDE_LOADING,15,15,1,YES,1,0,100.00%,75.00%,100.00%,0.176471,0.027972,15,じゃあどうして。\n
BRIEFING,BRIEFING_MISSION_BLOCK_37CB00,OUTSIDE_LOADING,18,18,1,YES,0,1,100.00%,100.00%,100.00%,0.266667,0.027972,18,そういうものか…。\n
BRIEFING,BRIEFING_MISSION_BLOCK_37D9F0,OUTSIDE_LOADING,7,7,1,YES,1,0,83.33%,83.33%,100.00%,0.095238,0.020979,7,パスは何と？\n
BRIEFING,BRIEFING_MISSION_BLOCK_37D9F0,OUTSIDE_LOADING,11,11,1,YES,1,0,88.89%,77.78%,100.00%,0.138889,0.031469,11,え？　どういう意味だ。\n
BRIEFING,BRIEFING_MISSION_BLOCK_37D9F0,OUTSIDE_LOADING,14,14,1,YES,0,1,100.00%,100.00%,100.00%,0.111111,0.006993,14,ああ。\n
BRIEFING,BRIEFING_MISSION_BLOCK_37E2E0,OUTSIDE_LOADING,8,8,1,YES,0,1,100.00%,100.00%,100.00%,0.157895,0.013986,8,まあな。\n
BRIEFING,BRIEFING_MISSION_BLOCK_37E2E0,OUTSIDE_LOADING,23,23,1,YES,0,1,100.00%,100.00%,100.00%,0.214286,0.020979,23,ああ。構わない。\n
BRIEFING,BRIEFING_MISSION_BLOCK_37E2E0,OUTSIDE_LOADING,26,26,1,YES,0,1,100.00%,100.00%,100.00%,0.250000,0.027972,26,そうだといいが…。\n
BRIEFING,BRIEFING_MISSION_BLOCK_37F020,OUTSIDE_LOADING,2,2,1,YES,1,0,66.67%,66.67%,100.00%,0.120000,0.020979,2,あの博士が？\n
BRIEFING,BRIEFING_MISSION_BLOCK_37F020,OUTSIDE_LOADING,11,11,1,YES,0,1,100.00%,100.00%,100.00%,0.206897,0.024476,11,ああ、それでいい。\n
BRIEFING,BRIEFING_MISSION_BLOCK_37F6F0,OUTSIDE_LOADING,1,1,1,YES,0,1,100.00%,100.00%,100.00%,0.193548,0.031469,1,そうか、ありがとう。\n
BRIEFING,BRIEFING_MISSION_BLOCK_37F6F0,OUTSIDE_LOADING,6,6,1,YES,1,0,90.91%,90.91%,100.00%,0.200000,0.038462,6,わかった。覚えておこう。\n
BRIEFING,BRIEFING_MISSION_BLOCK_37F6F0,OUTSIDE_LOADING,9,9,1,YES,1,0,94.74%,94.74%,100.00%,0.277778,0.066434,9,そうだな。これで全てが終わったわけじゃない。\n
BRIEFING,BRIEFING_MISSION_BLOCK_37FB90,OUTSIDE_LOADING,3,3,1,YES,1,0,80.00%,100.00%,100.00%,0.136364,0.017483,3,何だって？\n
BRIEFING,BRIEFING_MISSION_BLOCK_37FB90,OUTSIDE_LOADING,10,10,1,YES,1,0,83.33%,100.00%,100.00%,0.130435,0.020979,10,何だって…！\n
BRIEFING,BRIEFING_MISSION_BLOCK_380E80,OUTSIDE_LOADING,1,1,1,YES,1,0,88.89%,100.00%,100.00%,0.296296,0.031469,1,まだ何かあるのか…。\n
BRIEFING,BRIEFING_MISSION_BLOCK_380E80,OUTSIDE_LOADING,4,4,1,YES,0,1,100.00%,100.00%,100.00%,0.111111,0.006993,4,ああ。\n
BRIEFING,BRIEFING_MISSION_BLOCK_3818C0,OUTSIDE_LOADING,2,2,1,YES,1,0,100.00%,91.67%,100.00%,0.250000,0.041958,2,それもいいな…。\n…じゃない、ボス。\n
BRIEFING,BRIEFING_MISSION_BLOCK_3818C0,OUTSIDE_LOADING,6,6,1,YES,0,1,100.00%,100.00%,100.00%,0.238095,0.027972,6,ああ…。わかってる…。\n
BRIEFING,BRIEFING_MISSION_BLOCK_382250,OUTSIDE_LOADING,6,6,1,YES,1,0,85.71%,85.71%,100.00%,0.208333,0.024476,6,知ってるのか？\n
BRIEFING,BRIEFING_MISSION_BLOCK_383890,OUTSIDE_LOADING,3,3,1,YES,0,1,100.00%,100.00%,100.00%,0.181818,0.020979,3,…そうだな。\n
BRIEFING,BRIEFING_MISSION_BLOCK_384300,OUTSIDE_LOADING,1,1,1,YES,0,1,100.00%,100.00%,100.00%,0.142857,0.013986,1,その…。\n
LOOSE_OLANG,0005EE2F,OUTSIDE_LOADING,7,7,1,YES,0,1,100.00%,100.00%,100.00%,0.000000,0.000000,7,ALL
LOOSE_OLANG,005184E3,OUTSIDE_LOADING,6,6,1,YES,1,0,50.00%,0.00%,100.00%,0.000000,0.000000,6,新作
LOOSE_OLANG,005184E3,OUTSIDE_LOADING,33,33,1,YES,1,0,100.00%,61.54%,100.00%,0.147059,0.020478,33,プレイの記録を保存します。
LOOSE_OLANG,005184E3,OUTSIDE_LOADING,52,52,1,YES,0,1,100.00%,100.00%,100.00%,0.076923,0.006849,52,SEARCH HOST
LOOSE_OLANG,005184E3,OUTSIDE_LOADING,58,58,1,YES,1,0,100.00%,66.67%,100.00%,0.046512,0.006897,58,左スティック
LOOSE_OLANG,005184E3,OUTSIDE_LOADING,87,87,1,YES,0,1,100.00%,100.00%,100.00%,0.111111,0.010239,87,PRESS START BUTTON
LOOSE_OLANG,005184E3,OUTSIDE_LOADING,92,92,1,YES,1,0,94.12%,88.24%,100.00%,0.264706,0.041237,92,あなたのセーブデータが存在しません。
LOOSE_OLANG,005184E3,OUTSIDE_LOADING,95,95,1,YES,0,1,100.00%,100.00%,100.00%,0.037037,0.003413,95,CANCEL:BACK
LOOSE_OLANG,005184E3,OUTSIDE_LOADING,97,97,1,YES,1,0,100.00%,66.67%,100.00%,0.064516,0.010490,97,言え！
LOOSE_OLANG,005184E3,OUTSIDE_LOADING,134,134,1,YES,1,0,95.83%,79.17%,100.00%,0.224490,0.065292,134,対戦のHOSTとなり、ゲームを新たに作成します。
LOOSE_OLANG,0060E2F2,OUTSIDE_LOADING,10,10,1,YES,0,1,100.00%,100.00%,100.00%,0.000000,0.000000,10,クイック
LOOSE_OLANG,0060E2F2,OUTSIDE_LOADING,13,13,1,YES,0,1,100.00%,100.00%,100.00%,0.136364,0.010417,13,GLOBAL
LOOSE_OLANG,0066E64E,OUTSIDE_LOADING,13,13,1,YES,0,1,100.00%,100.00%,100.00%,0.142857,0.017483,13,使用しない
LOOSE_OLANG,0066E64E,OUTSIDE_LOADING,15,15,1,YES,0,1,100.00%,100.00%,100.00%,0.000000,0.000000,15,-
LOOSE_OLANG,0066E64E,OUTSIDE_LOADING,47,47,1,YES,1,0,100.00%,50.00%,100.00%,0.052632,0.003484,47,戻る
LOOSE_OLANG,0072F326,OUTSIDE_LOADING,12,12,1,YES,0,1,100.00%,100.00%,100.00%,0.055556,0.003472,12,サインイン
LOOSE_OLANG,0072F326,OUTSIDE_LOADING,33,33,1,YES,1,0,100.00%,80.77%,100.00%,0.232558,0.064846,33,このままゲームを始めるとゲームの内容はセーブされません。\nこのままゲームを開始しますか？
LOOSE_OLANG,007E2F18,OUTSIDE_LOADING,22,22,1,YES,0,1,100.00%,100.00%,100.00%,0.062500,0.006993,22,10
LOOSE_OLANG,007E2F18,OUTSIDE_LOADING,32,32,1,YES,1,0,100.00%,85.71%,100.00%,0.136364,0.024476,32,これはどうだ！
LOOSE_OLANG,007E2F18,OUTSIDE_LOADING,38,38,1,YES,0,1,100.00%,100.00%,100.00%,0.240000,0.031469,38,まだ終わっていない！
LOOSE_OLANG,007E2F18,OUTSIDE_LOADING,40,40,1,YES,1,0,100.00%,80.00%,100.00%,0.125000,0.017483,40,さあ 来い！
LOOSE_OLANG,007E2F18,OUTSIDE_LOADING,46,46,1,YES,1,0,100.00%,86.67%,100.00%,0.275862,0.052448,46,おみゃあさん、つよなっとるが！
LOOSE_OLANG,007E2F18,OUTSIDE_LOADING,115,115,1,YES,0,1,100.00%,100.00%,100.00%,0.095238,0.017361,115,ラブダンボール
LOOSE_OLANG,007E2F18,OUTSIDE_LOADING,131,131,1,YES,0,1,100.00%,100.00%,100.00%,0.000000,0.000000,131,DPM
LOOSE_OLANG,007E2F18,OUTSIDE_LOADING,188,188,1,YES,1,0,77.78%,55.56%,100.00%,0.192308,0.027875,188,地獄に送ってやる！
LOOSE_OLANG,007E2F18,OUTSIDE_LOADING,193,193,1,YES,1,0,100.00%,85.71%,100.00%,0.130435,0.024476,193,あんた　そこやろ
LOOSE_OLANG,007E2F18,OUTSIDE_LOADING,201,201,1,YES,1,0,100.00%,85.71%,100.00%,0.100000,0.024476,201,もうつぶれーや
LOOSE_OLANG,007E2F18,OUTSIDE_LOADING,203,203,1,YES,0,1,100.00%,100.00%,100.00%,0.150000,0.017483,203,くらいんさい
LOOSE_OLANG,007E2F18,OUTSIDE_LOADING,220,220,1,YES,0,1,100.00%,100.00%,100.00%,0.240000,0.031469,220,まだ終わってない！
LOOSE_OLANG,007E2F18,OUTSIDE_LOADING,236,236,1,YES,1,0,60.00%,80.00%,100.00%,0.060606,0.017483,236,ひんでぞお
LOOSE_OLANG,007E2F18,OUTSIDE_LOADING,238,238,1,YES,1,0,100.00%,87.50%,100.00%,0.187500,0.027972,238,このがんでぼっこす
LOOSE_OLANG,007E2F18,OUTSIDE_LOADING,245,245,1,YES,0,1,100.00%,100.00%,100.00%,0.107143,0.010204,245,BACK TO MAIN MENU
LOOSE_OLANG,007E2F18,OUTSIDE_LOADING,247,247,1,YES,0,1,100.00%,100.00%,100.00%,0.086957,0.006920,247,GUEST
LOOSE_OLANG,007E2F18,OUTSIDE_LOADING,293,293,1,YES,0,1,100.00%,100.00%,100.00%,0.142857,0.017483,293,使用しない
LOOSE_OLANG,007E2F18,OUTSIDE_LOADING,324,324,1,YES,1,0,100.00%,50.00%,100.00%,0.052632,0.003484,324,戻る
LOOSE_OLANG,007E2F18,OUTSIDE_LOADING,345,345,1,YES,0,1,100.00%,100.00%,100.00%,0.076923,0.006849,345,COMRADES
LOOSE_OLANG,007E2F18,OUTSIDE_LOADING,354,354,1,YES,0,1,100.00%,100.00%,100.00%,0.071429,0.006803,354,CONTROLS HELP
LOOSE_OLANG,007E2F18,OUTSIDE_LOADING,390,390,1,YES,0,1,100.00%,100.00%,100.00%,0.040000,0.003436,390,NEW GAME
LOOSE_OLANG,007E2F18,OUTSIDE_LOADING,397,397,1,YES,0,1,100.00%,100.00%,100.00%,0.080000,0.006873,397,LOAD GAME
LOOSE_OLANG,007E2F18,OUTSIDE_LOADING,402,402,1,YES,0,1,100.00%,100.00%,100.00%,0.000000,0.000000,402,DELETE
LOOSE_OLANG,007E2F18,OUTSIDE_LOADING,488,488,1,YES,0,1,100.00%,100.00%,100.00%,0.153846,0.013699,488,CONTROLLER SETTINGS
LOOSE_OLANG,007E2F18,OUTSIDE_LOADING,508,508,1,YES,1,0,50.00%,50.00%,100.00%,0.050000,0.006993,508,歩き
LOOSE_OLANG,007E2F18,OUTSIDE_LOADING,540,540,1,YES,1,0,100.00%,71.43%,100.00%,0.095238,0.024476,540,しゃがみボタン
LOOSE_OLANG,007E2F18,OUTSIDE_LOADING,559,559,1,YES,0,1,100.00%,100.00%,100.00%,0.105263,0.017483,559,構えボタン
LOOSE_OLANG,007E2F18,OUTSIDE_LOADING,571,571,1,YES,1,0,100.00%,62.50%,100.00%,0.027027,0.003413,571,ディスプレイ選択
LOOSE_OLANG,007E2F18,OUTSIDE_LOADING,619,619,1,YES,0,1,100.00%,100.00%,100.00%,0.166667,0.020979,619,自分について
LOOSE_OLANG,007E2F18,OUTSIDE_LOADING,681,681,1,YES,1,0,90.00%,90.00%,100.00%,0.139535,0.031359,681,・ザ・ボスAIとの違い
LOOSE_OLANG,007E2F18,OUTSIDE_LOADING,686,686,1,YES,0,1,100.00%,100.00%,100.00%,0.173913,0.017483,686,人について
LOOSE_OLANG,007E2F18,OUTSIDE_LOADING,693,693,1,YES,0,1,100.00%,100.00%,100.00%,0.102564,0.013986,693,ザ・ボス
LOOSE_OLANG,007E2F18,OUTSIDE_LOADING,706,706,1,YES,0,1,100.00%,100.00%,100.00%,0.047619,0.003484,706,AI
LOOSE_OLANG,007E2F18,OUTSIDE_LOADING,716,716,1,YES,0,1,100.00%,100.00%,100.00%,0.047619,0.006897,716,・トレニャー
LOOSE_OLANG,007E2F18,OUTSIDE_LOADING,726,726,1,YES,0,1,100.00%,100.00%,100.00%,0.045455,0.003472,726,UFO
LOOSE_OLANG,007E2F18,OUTSIDE_LOADING,789,789,1,YES,0,1,100.00%,100.00%,100.00%,0.041667,0.010490,789,敵兵力
LOOSE_OLANG,007E2F18,OUTSIDE_LOADING,877,877,1,YES,1,0,80.00%,60.00%,100.00%,0.080000,0.017483,877,敵兵の種類
LOOSE_OLANG,007E2F18,OUTSIDE_LOADING,903,903,1,YES,1,0,100.00%,25.00%,100.00%,0.033333,0.003460,903,作戦内容
LOOSE_OLANG,007E2F18,OUTSIDE_LOADING,948,948,1,YES,1,0,100.00%,75.00%,100.00%,0.033333,0.006944,948,ゲリラ戦
LOOSE_OLANG,007E2F18,OUTSIDE_LOADING,965,965,1,YES,0,1,100.00%,100.00%,100.00%,0.000000,0.000000,965,CANCEL:<I=COOPS_CANCEL>
LOOSE_OLANG,007E2F18,OUTSIDE_LOADING,1093,1093,1,YES,0,1,100.00%,100.00%,100.00%,0.038462,0.003425,1093,SUPER M.
LOOSE_OLANG,00C79B17,OUTSIDE_LOADING,0,0,1,YES,1,0,100.00%,80.00%,100.00%,0.050000,0.006920,0,レスキュー
LOOSE_OLANG,00C79B17,OUTSIDE_LOADING,3,3,1,YES,0,1,100.00%,100.00%,100.00%,0.041667,0.003448,3,NORAD
LOOSE_OLANG,00C79B17,OUTSIDE_LOADING,5,5,1,YES,0,1,100.00%,100.00%,100.00%,0.111111,0.010239,5,\nMISSION COMPLETE
LOOSE_OLANG,00CB1FB7,OUTSIDE_LOADING,8,8,1,YES,0,1,100.00%,100.00%,100.00%,0.136364,0.010417,8,GLOBAL
LOOSE_OLANG,00CB1FB7,OUTSIDE_LOADING,10,10,1,YES,0,1,100.00%,100.00%,100.00%,0.120000,0.010309,10,DOMESTIC
LOOSE_OLANG,00CB1FB7,OUTSIDE_LOADING,40,40,1,YES,0,1,100.00%,100.00%,100.00%,0.040000,0.003436,40,SEARCH
LOOSE_OLANG,00CB1FB7,OUTSIDE_LOADING,62,62,1,YES,0,1,100.00%,100.00%,100.00%,0.125000,0.010345,62,MAIN OPS
LOOSE_OLANG,00CB1FB7,OUTSIDE_LOADING,97,97,1,YES,0,1,100.00%,100.00%,100.00%,0.000000,0.000000,97,CREATE
LOOSE_OLANG,00CB1FB7,OUTSIDE_LOADING,103,103,1,YES,1,0,100.00%,75.00%,100.00%,0.052632,0.013986,103,ランダム
LOOSE_OLANG,00CB1FB7,OUTSIDE_LOADING,105,105,1,YES,0,1,100.00%,100.00%,100.00%,0.000000,0.000000,105,ALL
LOOSE_OLANG,00D0C740,OUTSIDE_LOADING,9,9,1,YES,0,1,100.00%,100.00%,100.00%,0.086957,0.006920,9,GUEST
LOOSE_OLANG,00D0C740,OUTSIDE_LOADING,11,11,1,YES,1,0,100.00%,0.00%,100.00%,0.045455,0.003472,11,初期化
LOOSE_OLANG,00D0C740,KNOWN_LOADING_STATUS_EXCLUDED,33,33,1,YES,0,1,100.00%,100.00%,100.00%,0.120000,0.010309,33,LOADING...
LOOSE_OLANG,00D0C740,OUTSIDE_LOADING,60,60,1,YES,1,0,100.00%,50.00%,100.00%,0.052632,0.003484,60,戻る
OHD,1E4C1146,OUTSIDE_LOADING,94,94,1,YES,0,1,100.00%,100.00%,100.00%,0.100000,0.013986,94,うまい！
OHD,1E4C1146,OUTSIDE_LOADING,114,114,1,YES,1,0,83.33%,100.00%,100.00%,0.217391,0.020979,114,敵がいるぞ！
OHD,1E4C1146,OUTSIDE_LOADING,117,117,1,YES,1,0,100.00%,80.00%,100.00%,0.227273,0.017483,117,ついて来い！
OHD,1E4C1146,OUTSIDE_LOADING,119,119,1,YES,1,0,100.00%,75.00%,100.00%,0.058824,0.013986,119,ごくろう
OHD,1E4C1146,OUTSIDE_LOADING,124,124,1,YES,1,0,100.00%,75.00%,100.00%,0.153846,0.013986,124,すごいな
OHD,1E4C1146,OUTSIDE_LOADING,126,126,1,YES,1,0,66.67%,66.67%,100.00%,0.117647,0.010490,126,頼んだ
OHD,1E4C1146,OUTSIDE_LOADING,129,129,1,YES,1,0,88.89%,77.78%,100.00%,0.086957,0.020761,129,ターゲットを守れ！
OHD,1E4C1146,OUTSIDE_LOADING,137,137,1,YES,1,0,100.00%,50.00%,100.00%,0.076923,0.006993,137,下だ
OHD,1E4C1146,OUTSIDE_LOADING,153,153,1,YES,0,1,100.00%,100.00%,100.00%,0.157895,0.017483,153,ありがとう
OHD,1E4C1146,OUTSIDE_LOADING,155,155,1,YES,1,0,66.67%,83.33%,100.00%,0.133333,0.020979,155,俺に任せろ！
OHD,1E4C1146,OUTSIDE_LOADING,180,180,1,YES,0,1,100.00%,100.00%,100.00%,0.142857,0.017483,180,まずいな…
OHD,1E4C1146,OUTSIDE_LOADING,182,182,1,YES,0,1,100.00%,100.00%,100.00%,0.142857,0.020979,182,これを使え！
OHD,1E4C1146,OUTSIDE_LOADING,208,208,1,YES,0,1,100.00%,100.00%,100.00%,0.100000,0.017422,208,ダンボール！
SLOT_OLANG,5D02EB62,OUTSIDE_LOADING,0,0,1,YES,0,1,100.00%,100.00%,100.00%,0.125000,0.010345,0,PRISONER
SLOT_OLANG,5D06A8D5,OUTSIDE_LOADING,0,0,1,YES,0,1,100.00%,100.00%,100.00%,0.000000,0.000000,0,NEW
SLOT_OLANG,5D06A8D5,OUTSIDE_LOADING,68,68,1,YES,1,0,50.00%,50.00%,100.00%,0.052632,0.006993,68,人事
SLOT_OLANG,5D06C8DE,OUTSIDE_LOADING,39,39,1,YES,0,1,100.00%,100.00%,100.00%,0.120000,0.010309,39,AI CUSTOM
SLOT_OLANG,5D06C8DE,OUTSIDE_LOADING,41,41,1,YES,0,1,100.00%,100.00%,100.00%,0.000000,0.000000,41,MECHA
SLOT_OLANG,5D06C8DE,OUTSIDE_LOADING,43,43,1,YES,0,1,100.00%,100.00%,100.00%,0.000000,0.000000,43,- $1 -
SLOT_OLANG,5D09325F,OUTSIDE_LOADING,0,0,1,YES,0,1,100.00%,100.00%,100.00%,0.111111,0.010239,0,\nMISSION COMPLETE
SLOT_OLANG,5D09325F,OUTSIDE_LOADING,6,6,1,YES,0,1,100.00%,100.00%,100.00%,0.120000,0.010309,6,RESCUE CHICO
SLOT_OLANG,5D09325F,OUTSIDE_LOADING,23,23,1,YES,0,1,100.00%,100.00%,100.00%,0.034483,0.003390,23,PEACE WALKER BATTLE
SLOT_OLANG,5D09325F,OUTSIDE_LOADING,52,52,1,YES,0,1,100.00%,100.00%,100.00%,0.107143,0.010204,52,MISSILE INTERCEPT MISSION
SLOT_OLANG,5D09325F,OUTSIDE_LOADING,61,61,1,YES,0,1,100.00%,100.00%,100.00%,0.111111,0.010239,61,U.S. SOLDIER RESCUE
SLOT_OLANG,5D09325F,OUTSIDE_LOADING,88,88,1,YES,0,1,100.00%,100.00%,100.00%,0.076923,0.006849,88,PUPA II BATTLE
SLOT_OLANG,5D09325F,OUTSIDE_LOADING,96,96,1,YES,0,1,100.00%,100.00%,100.00%,0.107143,0.010204,96,PUPA CUSTOM BATTLE
SLOT_OLANG,5D140CA7,OUTSIDE_LOADING,10,10,1,YES,0,1,100.00%,100.00%,100.00%,0.000000,0.000000,10,-----
SLOT_OLANG,5D140CA7,OUTSIDE_LOADING,24,24,1,YES,0,1,100.00%,100.00%,100.00%,0.047619,0.003484,24,OK
SLOT_OLANG,5D140CA7,OUTSIDE_LOADING,45,45,1,YES,0,1,100.00%,100.00%,100.00%,0.153846,0.013986,45,すまない
SLOT_OLANG,5D140CA7,OUTSIDE_LOADING,48,48,1,YES,1,0,100.00%,80.00%,100.00%,0.060606,0.017483,48,ごくろう！
SLOT_OLANG,5D140CA7,OUTSIDE_LOADING,52,52,1,YES,1,0,100.00%,75.00%,100.00%,0.153846,0.013986,52,すごいな
SLOT_OLANG,5D140CA7,OUTSIDE_LOADING,60,60,1,YES,0,1,100.00%,100.00%,100.00%,0.041667,0.003448,60,OTHER
SLOT_OLANG,5D140CA7,OUTSIDE_LOADING,68,68,1,YES,0,1,100.00%,100.00%,100.00%,0.107143,0.010204,68,CANCEL:SELECT BUTTON
SLOT_OLANG,5D15C941,OUTSIDE_LOADING,29,29,1,YES,0,1,100.00%,100.00%,100.00%,0.153846,0.013699,29,  (AUTO ASSIGN)
SLOT_OLANG,5D15C941,OUTSIDE_LOADING,79,79,1,YES,0,1,100.00%,100.00%,100.00%,0.043478,0.003460,79,PTSD
SLOT_OLANG,5D15C941,OUTSIDE_LOADING,81,81,1,YES,1,0,100.00%,50.00%,100.00%,0.080000,0.006993,81,名前
SLOT_OLANG,5D15C941,OUTSIDE_LOADING,86,86,1,YES,1,0,50.00%,50.00%,100.00%,0.025000,0.006993,86,病気
SLOT_OLANG,5D15C941,OUTSIDE_LOADING,93,93,1,YES,1,0,100.00%,25.00%,100.00%,0.038462,0.003460,93,選択中 . . .
SLOT_OLANG,5D15C941,OUTSIDE_LOADING,116,116,1,YES,1,0,100.00%,50.00%,100.00%,0.052632,0.003484,116,戻る
SLOT_OLANG,5D15C941,OUTSIDE_LOADING,144,144,1,YES,0,1,100.00%,100.00%,100.00%,0.000000,0.000000,144,-
SLOT_OLANG,5D1A33A6,OUTSIDE_LOADING,4,4,1,YES,0,1,100.00%,100.00%,100.00%,0.043478,0.003460,4,LIFE
SLOT_OLANG,5D1A33AA,OUTSIDE_LOADING,0,0,1,YES,0,1,100.00%,100.00%,100.00%,0.125000,0.010345,0,SCANNING...
SLOT_OLANG,5D1A33AA,OUTSIDE_LOADING,5,5,1,YES,0,1,100.00%,100.00%,100.00%,0.041667,0.003448,5,UNKNOWN
SLOT_OLANG,5D1DF209,OUTSIDE_LOADING,50,50,1,YES,0,1,100.00%,100.00%,100.00%,0.111111,0.010239,50,SOLDIER SEARCH
SLOT_OLANG,5D1DF209,OUTSIDE_LOADING,56,56,1,YES,0,1,100.00%,100.00%,100.00%,0.160000,0.013746,56,BRIEFING FILES
SLOT_OLANG,5D2088CC,OUTSIDE_LOADING,2,2,1,YES,0,1,100.00%,100.00%,100.00%,0.200000,0.017483,2,あんたは？
SLOT_OLANG,5D2088CC,OUTSIDE_LOADING,15,15,1,YES,1,0,75.00%,87.50%,100.00%,0.130435,0.027972,15,正確なお目覚めだな
SLOT_OLANG,5D2088CC,OUTSIDE_LOADING,27,27,1,YES,0,1,100.00%,100.00%,100.00%,0.075000,0.010490,27,そうだ
SLOT_OLANG,5D2088CC,OUTSIDE_LOADING,33,33,1,YES,0,1,100.00%,100.00%,100.00%,0.191489,0.059441,33,ザ・ボスと戦って生き延びたおまえは
SLOT_OLANG,5D2088CC,OUTSIDE_LOADING,46,46,1,YES,0,1,100.00%,100.00%,100.00%,0.214286,0.027972,46,まあいい まだ時間はある
SLOT_OLANG,5D218EA9,OUTSIDE_LOADING,0,0,1,YES,0,1,100.00%,100.00%,100.00%,0.027027,0.006849,0,(NWD-W202)
SLOT_OLANG,5D218EA9,OUTSIDE_LOADING,7,7,1,YES,0,1,100.00%,100.00%,100.00%,0.090909,0.006944,7,STOP
SLOT_OLANG,5D22B9C8,OUTSIDE_LOADING,24,24,1,YES,1,0,100.00%,66.67%,100.00%,0.071429,0.010490,24,その他
SLOT_OLANG,5D2362B8,OUTSIDE_LOADING,38,38,1,YES,1,0,100.00%,77.78%,100.00%,0.115385,0.017241,38,対戦HOSTの選択
SLOT_OLANG,5D2362B8,OUTSIDE_LOADING,49,49,1,YES,1,0,100.00%,40.00%,100.00%,0.050000,0.006920,49,ゲーム開始
SLOT_OLANG,5D2362B8,OUTSIDE_LOADING,115,115,1,YES,1,0,100.00%,70.00%,100.00%,0.125000,0.024221,115,ゲームを開始します。
SLOT_OLANG,5D2362B8,OUTSIDE_LOADING,162,162,1,YES,0,1,100.00%,100.00%,100.00%,0.038462,0.003497,162,分
SLOT_OLANG,5D24C900,OUTSIDE_LOADING,5,5,1,YES,0,1,100.00%,100.00%,100.00%,0.076923,0.006849,5,  SEARCH HOST
SLOT_OLANG,5D24C900,OUTSIDE_LOADING,22,22,1,YES,1,0,100.00%,87.50%,100.00%,0.176471,0.054422,22,『TRADE』メニューに戻ります。よろしいですか？
SLOT_OLANG,5D24C900,OUTSIDE_LOADING,25,25,1,YES,0,1,100.00%,100.00%,100.00%,0.047619,0.003484,25,OK
SLOT_OLANG,5D272813,OUTSIDE_LOADING,13,13,1,YES,1,0,100.00%,71.43%,100.00%,0.095238,0.024476,13,しゃがみボタン
SLOT_OLANG,5D2B7C21,OUTSIDE_LOADING,2,2,1,YES,0,1,100.00%,100.00%,100.00%,0.040000,0.003436,2,CONTROL
SLOT_OLANG,5D2E0FEE,OUTSIDE_LOADING,0,0,1,YES,0,1,100.00%,100.00%,100.00%,0.038462,0.003425,0,METAL GEAR
SLOT_OLANG,5D2E0FEE,OUTSIDE_LOADING,16,16,1,YES,0,1,100.00%,100.00%,100.00%,0.041667,0.003448,16,PAINT
SLOT_OLANG,5D2E0FEE,OUTSIDE_LOADING,83,83,1,YES,0,1,100.00%,100.00%,100.00%,0.080000,0.006873,83,LINE COLOR
SLOT_OLANG,5D2E0FEE,OUTSIDE_LOADING,85,85,1,YES,0,1,100.00%,100.00%,100.00%,0.086957,0.006920,85,BROWN
SLOT_OLANG,5D2E0FEE,OUTSIDE_LOADING,187,187,1,YES,0,1,100.00%,100.00%,100.00%,0.000000,0.000000,187,Control
SLOT_OLANG,5D2E0FEE,OUTSIDE_LOADING,190,190,1,YES,0,1,100.00%,100.00%,100.00%,0.000000,0.000000,190,Mobility
SLOT_OLANG,5D396407,OUTSIDE_LOADING,0,0,1,YES,0,1,100.00%,100.00%,100.00%,0.086957,0.006920,0,ARTISTS
SLOT_OLANG,5D396407,OUTSIDE_LOADING,8,8,1,YES,0,1,100.00%,100.00%,100.00%,0.120000,0.010309,8,PROGRAMMERS
SLOT_OLANG,5D396407,OUTSIDE_LOADING,11,11,1,YES,0,1,100.00%,100.00%,100.00%,0.107143,0.010204,11,REAL-TIME DEMO ARTIST
SLOT_OLANG,5D396407,OUTSIDE_LOADING,13,13,1,YES,0,1,100.00%,100.00%,100.00%,0.080000,0.006873,13,ANIMATOR
SLOT_OLANG,5D396407,OUTSIDE_LOADING,19,19,1,YES,0,1,100.00%,100.00%,100.00%,0.160000,0.013746,19,SOUND DESIGNERS
SLOT_OLANG,5D396407,OUTSIDE_LOADING,25,25,1,YES,0,1,100.00%,100.00%,100.00%,0.064516,0.006734,25,TECHNICAL PRODUCER
SLOT_OLANG,5D396407,OUTSIDE_LOADING,29,29,1,YES,0,1,100.00%,100.00%,100.00%,0.071429,0.006803,29,PROMOTION DIRECTOR
SLOT_OLANG,5D396407,OUTSIDE_LOADING,31,31,1,YES,0,1,100.00%,100.00%,100.00%,0.120000,0.010309,31,GUEST ARTIST
SLOT_OLANG,5D396407,OUTSIDE_LOADING,37,37,1,YES,0,1,100.00%,100.00%,100.00%,0.133333,0.013514,37,KONAMI DIGITAL ENTERTAINMENT PRESENTS
SLOT_OLANG,5D396408,OUTSIDE_LOADING,13,13,1,YES,0,1,100.00%,100.00%,100.00%,0.030303,0.003460,13,クリサリス
SLOT_OLANG,5D3AF52D,OUTSIDE_LOADING,2,2,1,YES,0,1,100.00%,100.00%,100.00%,0.173913,0.027972,2,すいませんでした 
SLOT_OLANG,5D3AF52D,OUTSIDE_LOADING,6,6,1,YES,1,0,100.00%,80.00%,100.00%,0.217391,0.027778,6,"<R=CIA,やつら>じゃない"
SLOT_OLANG,5D3AF52D,OUTSIDE_LOADING,16,16,1,YES,0,1,100.00%,100.00%,100.00%,0.157895,0.017483,16,ありがとう
SLOT_OLANG,5D3AF52D,OUTSIDE_LOADING,19,19,1,YES,0,1,100.00%,100.00%,100.00%,0.100000,0.006993,19,で…
SLOT_OLANG,5D3AF52D,OUTSIDE_LOADING,24,24,1,YES,0,1,100.00%,100.00%,100.00%,0.055556,0.003497,24,ええ 
SLOT_OLANG,5D3AF52D,OUTSIDE_LOADING,29,29,1,YES,0,1,100.00%,100.00%,100.00%,0.111111,0.010490,29,実は… 
SLOT_OLANG,5D3AF52D,OUTSIDE_LOADING,40,40,1,YES,0,1,100.00%,100.00%,100.00%,0.043478,0.006944,40,CIA？
SLOT_OLANG,5D3AF52D,OUTSIDE_LOADING,55,55,1,YES,1,0,100.00%,83.33%,100.00%,0.214286,0.020979,55,いいじゃないか？
SLOT_OLANG,5D3AF52D,OUTSIDE_LOADING,57,57,1,YES,0,1,100.00%,100.00%,100.00%,0.100000,0.010490,57,ですが 
SLOT_OLANG,5D3AF52D,OUTSIDE_LOADING,61,61,1,YES,1,0,87.50%,87.50%,100.00%,0.176471,0.027972,61,じゃあ何のために
SLOT_OLANG,5D3AF52D,OUTSIDE_LOADING,64,64,1,YES,0,1,100.00%,100.00%,100.00%,0.111111,0.006993,64,いえ
SLOT_OLANG,5D3AF52D,OUTSIDE_LOADING,83,83,1,YES,0,1,100.00%,100.00%,100.00%,0.181818,0.006993,83,はい 
SLOT_OLANG,5D3AF52D,OUTSIDE_LOADING,86,86,1,YES,1,0,100.00%,83.33%,100.00%,0.090909,0.020979,86,よろしく パス
SLOT_OLANG,5D3AF52D,OUTSIDE_LOADING,90,90,1,YES,1,0,71.43%,57.14%,100.00%,0.193548,0.024476,90,"<R=平和,ラ・パス>…"
SLOT_OLANG,5D3AF52D,OUTSIDE_LOADING,96,96,1,YES,1,0,75.00%,50.00%,100.00%,0.153846,0.013986,96,ひどいな
SLOT_OLANG,5D3AF52D,OUTSIDE_LOADING,104,104,1,YES,0,1,100.00%,100.00%,100.00%,0.222222,0.013986,104,あなたを
SLOT_OLANG,5D3AF54D,OUTSIDE_LOADING,0,0,1,YES,1,0,66.67%,100.00%,100.00%,0.111111,0.010490,0,私は…
SLOT_OLANG,5D3AF54D,OUTSIDE_LOADING,6,6,1,YES,1,0,83.33%,100.00%,100.00%,0.130435,0.020979,6,何だって！？
SLOT_OLANG,5D3AF54D,OUTSIDE_LOADING,8,8,1,YES,0,1,100.00%,100.00%,100.00%,0.076923,0.010490,8,ボス…
SLOT_OLANG,5D3AF54D,OUTSIDE_LOADING,14,14,1,YES,0,1,100.00%,100.00%,100.00%,0.157895,0.013986,14,ここからだ
SLOT_OLANG,5D3AF54D,OUTSIDE_LOADING,20,20,1,YES,1,0,92.86%,78.57%,100.00%,0.210526,0.048951,20,これを聴けば 気が変わるはずだ
SLOT_OLANG,5D3AF54D,OUTSIDE_LOADING,26,26,1,YES,1,0,80.00%,100.00%,100.00%,0.100000,0.017483,26,何だ それ？
SLOT_OLANG,5D3AF54D,OUTSIDE_LOADING,30,30,1,YES,1,0,92.86%,85.71%,100.00%,0.333333,0.048951,30,いや 聴いてはいけないものを聴いてしまった 
SLOT_OLANG,5D3AF54D,OUTSIDE_LOADING,32,32,1,YES,1,0,75.00%,60.71%,100.00%,1.000000,0.097902,32,紛争地帯を渡り歩いては その都度\n戦場に利用されるのが望みか？ 
SLOT_OLANG,5D3AF54D,OUTSIDE_LOADING,50,50,1,YES,0,1,100.00%,100.00%,100.00%,0.075000,0.010490,50,そうだ
SLOT_OLANG,5D3AF54D,OUTSIDE_LOADING,53,53,1,YES,0,1,100.00%,100.00%,100.00%,0.076923,0.010490,53,まさに
SLOT_OLANG,5D3AF54D,OUTSIDE_LOADING,74,74,1,YES,1,0,85.71%,85.71%,100.00%,0.384615,0.024476,74,俺に名前はない
SLOT_OLANG,5D3AF54D,OUTSIDE_LOADING,85,85,1,YES,0,1,100.00%,100.00%,100.00%,0.052632,0.006993,85,え？
SLOT_OLANG,5D3AF54D,OUTSIDE_LOADING,90,90,1,YES,0,1,100.00%,100.00%,100.00%,0.133333,0.013986,90,そうか…
SLOT_OLANG,5D3AF54D,OUTSIDE_LOADING,96,96,1,YES,1,0,75.00%,62.50%,100.00%,0.266667,0.027972,96,"<R=平和,パス>のために"
SLOT_OLANG,5D3AF54D,OUTSIDE_LOADING,106,106,1,YES,1,0,100.00%,87.50%,100.00%,0.128205,0.027972,106,さあ どうします？
SLOT_OLANG,5D3AF58D,OUTSIDE_LOADING,1,1,1,YES,1,0,83.33%,100.00%,100.00%,0.133333,0.020979,1,そこに何が？
SLOT_OLANG,5D3AF5AD,OUTSIDE_LOADING,0,0,1,YES,0,1,100.00%,100.00%,100.00%,0.105263,0.010490,0,ん！？
SLOT_OLANG,5D3AF5AD,OUTSIDE_LOADING,6,6,1,YES,0,1,100.00%,100.00%,100.00%,0.055556,0.003497,6,ああ
SLOT_OLANG,5D3AF5AD,OUTSIDE_LOADING,14,14,1,YES,0,1,100.00%,100.00%,100.00%,0.136364,0.020979,14,さすがだ ボス
SLOT_OLANG,5D3AF5AD,OUTSIDE_LOADING,16,16,1,YES,0,1,100.00%,100.00%,100.00%,0.238095,0.024476,16,なんてこった…
SLOT_OLANG,5D3AF5CD,OUTSIDE_LOADING,2,2,1,YES,0,1,100.00%,100.00%,100.00%,0.111111,0.013986,2,…死んだ
SLOT_OLANG,5D3AF5CD,OUTSIDE_LOADING,17,17,1,YES,1,0,50.00%,50.00%,100.00%,0.080000,0.006993,17,鳥？
SLOT_OLANG,5D3AF5CD,OUTSIDE_LOADING,20,20,1,YES,1,0,100.00%,90.00%,100.00%,0.160000,0.027778,20,あなたもキューバ人？
SLOT_OLANG,5D3AF5CD,OUTSIDE_LOADING,22,22,1,YES,0,1,100.00%,100.00%,100.00%,0.074074,0.006993,22,そう
SLOT_OLANG,5D3AF5CD,OUTSIDE_LOADING,36,36,1,YES,1,0,87.50%,100.00%,100.00%,0.176471,0.027972,36,きっと何かあるわ
SLOT_OLANG,5D3AF5CD,OUTSIDE_LOADING,40,40,1,YES,1,0,85.71%,85.71%,100.00%,0.200000,0.024476,40,そうは思えない
SLOT_OLANG,5D3AF5CD,OUTSIDE_LOADING,43,43,1,YES,1,0,87.50%,87.50%,100.00%,0.285714,0.027972,43,あたし達じゃない
SLOT_OLANG,5D3AF5CD,OUTSIDE_LOADING,48,48,1,YES,1,0,88.89%,88.89%,100.00%,0.080000,0.017241,48,彼らは… UCLAよ
SLOT_OLANG,5D3AF5CD,OUTSIDE_LOADING,51,51,1,YES,1,0,85.71%,100.00%,100.00%,0.166667,0.024476,51,俺にもくれよ！
SLOT_OLANG,5D3AF5CD,OUTSIDE_LOADING,71,71,1,YES,1,0,100.00%,66.67%,100.00%,0.157895,0.010490,71,やめて
SLOT_OLANG,5D3AF60D,OUTSIDE_LOADING,9,9,1,YES,0,1,100.00%,100.00%,100.00%,0.095238,0.017483,9,こっちよ！
SLOT_OLANG,5D3AF60D,OUTSIDE_LOADING,11,11,1,YES,0,1,100.00%,100.00%,100.00%,0.153846,0.013986,11,ここにいて 
SLOT_OLANG,5D3AF92D,OUTSIDE_LOADING,3,3,1,YES,0,1,100.00%,100.00%,100.00%,0.055556,0.003497,3,ああ
SLOT_OLANG,5D3AF92D,OUTSIDE_LOADING,5,5,1,YES,0,1,100.00%,100.00%,100.00%,0.080000,0.006993,5,ん？
SLOT_OLANG,5D3AF92D,OUTSIDE_LOADING,7,7,1,YES,1,0,100.00%,80.00%,100.00%,0.137931,0.017483,7,どうした？
SLOT_OLANG,5D3AF92D,OUTSIDE_LOADING,22,22,1,YES,1,0,88.89%,77.78%,100.00%,0.318182,0.031469,22,みんな知ってたこと
SLOT_OLANG,5D3AF92D,OUTSIDE_LOADING,32,32,1,YES,1,0,87.50%,87.50%,100.00%,0.346154,0.055944,32,あたしなんかに代わりは務まらない…
SLOT_OLANG,5D3AF92D,OUTSIDE_LOADING,34,34,1,YES,0,1,100.00%,100.00%,100.00%,0.142857,0.017483,34,でも もうだめ
SLOT_OLANG,5D3AF92D,OUTSIDE_LOADING,49,49,1,YES,1,0,100.00%,83.33%,100.00%,0.136364,0.020979,49,…どうして？
SLOT_OLANG,5D3AF92D,OUTSIDE_LOADING,64,64,1,YES,1,0,77.78%,88.89%,100.00%,0.473684,0.031469,64,あたし達を… 導いて…
SLOT_OLANG,5D3AF92D,OUTSIDE_LOADING,73,73,1,YES,1,0,85.71%,85.71%,100.00%,0.238095,0.024476,73,そうだ 間違いない
SLOT_OLANG,5D3AF92D,OUTSIDE_LOADING,79,79,1,YES,0,1,100.00%,100.00%,100.00%,0.090909,0.013889,79,こちらMSF
SLOT_OLANG,5D3AF952,OUTSIDE_LOADING,0,0,1,YES,0,1,100.00%,100.00%,100.00%,0.166667,0.020979,0,見つかった！
SLOT_OLANG,5D3AF96D,OUTSIDE_LOADING,1,1,1,YES,0,1,100.00%,100.00%,100.00%,0.181818,0.024476,1,わかったよ ボス 
SLOT_OLANG,5D3AF96D,OUTSIDE_LOADING,6,6,1,YES,1,0,72.73%,81.82%,100.00%,0.218750,0.034843,6,その新しい命を 俺にくれ
SLOT_OLANG,5D3AF96D,OUTSIDE_LOADING,8,8,1,YES,0,1,100.00%,100.00%,100.00%,0.214286,0.041958,8,お前は ここで死んだ わかるな 
SLOT_OLANG,5D3AF96D,OUTSIDE_LOADING,10,10,1,YES,1,0,100.00%,83.33%,100.00%,0.214286,0.020979,10,それはやれない
SLOT_OLANG,5D3AF96D,OUTSIDE_LOADING,15,15,1,YES,0,1,100.00%,100.00%,100.00%,0.166667,0.017483,15,…死にたい
SLOT_OLANG,5D3AF96D,OUTSIDE_LOADING,17,17,1,YES,0,1,100.00%,100.00%,100.00%,0.133333,0.013986,17,そうか…
SLOT_OLANG,5D3AF96D,OUTSIDE_LOADING,23,23,1,YES,0,1,100.00%,100.00%,100.00%,0.111111,0.013986,23,出たいさ
SLOT_OLANG,5D3AF96D,OUTSIDE_LOADING,40,40,1,YES,1,0,90.48%,76.19%,100.00%,0.239130,0.069686,40,僕にはうまく内緒にしてるつもりだったみたいだけど
SLOT_OLANG,5D3AF96D,OUTSIDE_LOADING,46,46,1,YES,1,0,92.31%,92.31%,100.00%,0.222222,0.045455,46,お前 それを知ってたんだろ？
SLOT_OLANG,5D3AF96D,OUTSIDE_LOADING,53,53,1,YES,1,0,81.82%,90.91%,100.00%,0.218750,0.038462,53,それで“たまたま野宿”か？
SLOT_OLANG,5D3AF96D,OUTSIDE_LOADING,59,59,1,YES,1,0,100.00%,85.71%,100.00%,0.172414,0.024476,59,それはどこで？
SLOT_OLANG,5D3AF96D,OUTSIDE_LOADING,61,61,1,YES,1,0,85.71%,85.71%,100.00%,0.238095,0.024476,61,…歩いてたんだ
SLOT_OLANG,5D3AF96D,OUTSIDE_LOADING,64,64,1,YES,1,0,84.62%,92.31%,100.00%,0.218750,0.045455,64,見たんだ あのあたりでたまたま野宿した時
SLOT_OLANG,5D3AF96D,OUTSIDE_LOADING,80,80,1,YES,0,1,100.00%,100.00%,100.00%,0.291667,0.031469,80,うん それならわかる
SLOT_OLANG,5D3AF96D,OUTSIDE_LOADING,95,95,1,YES,0,1,100.00%,100.00%,100.00%,0.090909,0.013986,95,ああ そうだ
SLOT_OLANG,5D3AF96D,OUTSIDE_LOADING,97,97,1,YES,1,0,75.00%,100.00%,100.00%,0.095238,0.013986,97,何これ？ 
SLOT_OLANG,5D3AF98D,OUTSIDE_LOADING,14,14,1,YES,0,1,100.00%,100.00%,100.00%,0.136364,0.013841,14,このトラックだ
SLOT_OLANG,5D3AF9AD,OUTSIDE_LOADING,3,3,1,YES,1,0,76.47%,67.65%,100.00%,0.850000,0.118881,3,だが『完全なる抑止力』を誕生させるためには \n私達の力を世界に向けて証明する必要があるのだ
SLOT_OLANG,5D3AF9AD,OUTSIDE_LOADING,5,5,1,YES,1,0,73.68%,68.42%,100.00%,0.475000,0.066434,5,私達の目標は『完全なる抑止力』の実現にある
SLOT_OLANG,5D3AF9AD,OUTSIDE_LOADING,26,26,1,YES,1,0,33.33%,33.33%,100.00%,0.086957,0.010490,26,博士！
SLOT_OLANG,5D3AF9AD,OUTSIDE_LOADING,34,34,1,YES,1,0,90.00%,80.00%,100.00%,0.260870,0.034965,34,僕を利用したんだな…
SLOT_OLANG,5D3AF9AD,OUTSIDE_LOADING,40,40,1,YES,1,0,100.00%,83.33%,100.00%,0.136364,0.020979,40,やめてくれ！
SLOT_OLANG,5D3AF9CD,OUTSIDE_LOADING,7,7,1,YES,0,1,100.00%,100.00%,100.00%,0.200000,0.017483,7,あんたは？
SLOT_OLANG,5D3AF9CD,OUTSIDE_LOADING,18,18,1,YES,0,1,100.00%,100.00%,100.00%,0.074074,0.006993,18,そう
SLOT_OLANG,5D3AF9CD,OUTSIDE_LOADING,30,30,1,YES,0,1,100.00%,100.00%,100.00%,0.045455,0.006944,30,CIAさ
SLOT_OLANG,5D3AF9CD,OUTSIDE_LOADING,50,50,1,YES,1,0,83.33%,75.00%,100.00%,0.212121,0.038328,50,それが 新たな抑止力となる？
SLOT_OLANG,5D3AF9CD,OUTSIDE_LOADING,55,55,1,YES,1,0,75.00%,75.00%,100.00%,0.083333,0.013986,55,歩く力だ
SLOT_OLANG,5D3AF9CD,OUTSIDE_LOADING,57,57,1,YES,0,1,100.00%,100.00%,100.00%,0.187500,0.010490,57,なんだ
SLOT_OLANG,5D3AF9CD,OUTSIDE_LOADING,74,74,1,YES,1,0,92.86%,85.71%,100.00%,0.242424,0.048951,74,その事実こそが必要だっていうんだ
SLOT_OLANG,5D3AF9CD,OUTSIDE_LOADING,80,80,1,YES,1,0,100.00%,75.00%,100.00%,0.100000,0.013986,80,だけど…
SLOT_OLANG,5D3AF9CD,OUTSIDE_LOADING,86,86,1,YES,0,1,100.00%,100.00%,100.00%,0.150000,0.010490,86,だが…
SLOT_OLANG,5D3AF9CD,OUTSIDE_LOADING,89,89,1,YES,0,1,100.00%,100.00%,100.00%,0.074074,0.006993,89,そう 
SLOT_OLANG,5D3AF9CD,OUTSIDE_LOADING,109,109,1,YES,1,0,100.00%,60.00%,100.00%,0.137931,0.017483,109,その基地は
SLOT_OLANG,5D3AF9CD,OUTSIDE_LOADING,115,115,1,YES,0,1,100.00%,100.00%,100.00%,0.150000,0.010490,115,でも… 
SLOT_OLANG,5D3AF9CD,OUTSIDE_LOADING,117,117,1,YES,1,0,85.71%,85.71%,100.00%,0.269231,0.048951,117,そして… 歩けない 僕が生まれた 
SLOT_OLANG,5D3AF9CD,OUTSIDE_LOADING,126,126,1,YES,1,0,100.00%,85.71%,100.00%,0.153846,0.024476,126,どういうことだ？
SLOT_OLANG,5D3AF9CD,OUTSIDE_LOADING,131,131,1,YES,1,0,91.67%,83.33%,100.00%,0.300000,0.041958,131,それはどこで創られている？
SLOT_OLANG,5D3AF9CD,OUTSIDE_LOADING,139,139,1,YES,0,1,100.00%,100.00%,100.00%,0.062500,0.006993,139,ええと
SLOT_OLANG,5D3AF9CD,OUTSIDE_LOADING,141,141,1,YES,0,1,100.00%,100.00%,100.00%,0.107143,0.013986,141,それと…
SLOT_OLANG,5D3AF9CD,OUTSIDE_LOADING,147,147,1,YES,1,0,81.82%,90.91%,100.00%,0.375000,0.038462,147,俺達のところに来ないか
SLOT_OLANG,5D3AF9CD,OUTSIDE_LOADING,151,151,1,YES,1,0,100.00%,93.33%,100.00%,0.272727,0.052448,151,ところで これからお前はどうする？ 
SLOT_OLANG,5D3AF9CD,OUTSIDE_LOADING,159,159,1,YES,1,0,88.89%,88.89%,100.00%,0.205882,0.031469,159,俺か？ お前と同じさ
SLOT_OLANG,5D3AFD0D,OUTSIDE_LOADING,4,4,1,YES,0,1,100.00%,100.00%,100.00%,0.130435,0.013986,4,…おいっ
SLOT_OLANG,5D3AFD0D,OUTSIDE_LOADING,6,6,1,YES,1,0,91.67%,91.67%,100.00%,0.275862,0.041958,6,名前は？　ここで何をしている？ 
SLOT_OLANG,5D3AFD0D,OUTSIDE_LOADING,8,8,1,YES,1,0,90.91%,90.91%,100.00%,0.240000,0.038462,8,兵士ではなさそうだが…
SLOT_OLANG,5D3AFD0D,OUTSIDE_LOADING,12,12,1,YES,1,0,90.91%,81.82%,100.00%,0.260870,0.038462,12,あなた ここの兵士じゃないの？ 
SLOT_OLANG,5D3AFD0D,OUTSIDE_LOADING,22,22,1,YES,1,0,66.67%,100.00%,100.00%,0.100000,0.010490,22,私も…
SLOT_OLANG,5D3AFD0D,OUTSIDE_LOADING,54,54,1,YES,1,0,100.00%,77.78%,100.00%,0.190476,0.031469,54,どんな人物だった？
SLOT_OLANG,5D3AFD0D,OUTSIDE_LOADING,65,65,1,YES,0,1,100.00%,100.00%,100.00%,0.230769,0.017483,65,わからない
SLOT_OLANG,5D3AFD0D,OUTSIDE_LOADING,68,68,1,YES,1,0,100.00%,66.67%,100.00%,0.055556,0.010490,68,ごめん
SLOT_OLANG,5D3AFD0D,OUTSIDE_LOADING,72,72,1,YES,1,0,100.00%,88.89%,100.00%,0.227273,0.031469,72,名前さえも要らない
SLOT_OLANG,5D3AFD0D,OUTSIDE_LOADING,74,74,1,YES,1,0,85.71%,92.86%,100.00%,0.322581,0.048951,74,それなら… 俺達のところに来い
SLOT_OLANG,5D3AFD0D,OUTSIDE_LOADING,76,76,1,YES,1,0,86.67%,80.00%,100.00%,0.285714,0.052448,76,だから もう身分を証明するものもない 
SLOT_OLANG,5D3AFD0D,OUTSIDE_LOADING,90,90,1,YES,1,0,87.50%,87.50%,100.00%,0.176471,0.027972,90,何と言っていた？
SLOT_OLANG,5D3AFD0D,OUTSIDE_LOADING,105,105,1,YES,0,1,100.00%,100.00%,100.00%,0.130435,0.013986,105,わかった
SLOT_OLANG,5D3AFD0D,OUTSIDE_LOADING,108,108,1,YES,1,0,90.00%,60.00%,100.00%,0.117647,0.031359,108,テープを聴かせてみろ
SLOT_OLANG,5D3AFD2D,OUTSIDE_LOADING,6,6,1,YES,0,1,100.00%,100.00%,100.00%,0.130435,0.013986,6,お前は…
SLOT_OLANG,5D3AFD2D,OUTSIDE_LOADING,8,8,1,YES,0,1,100.00%,100.00%,100.00%,0.086957,0.017483,8,ボス…！？
SLOT_OLANG,5D3AFD2D,OUTSIDE_LOADING,23,23,1,YES,1,0,84.00%,72.00%,100.00%,0.961538,0.087413,23,人殺しのご褒美に貰った\n穢れた名をまだぶら下げているのか 
SLOT_OLANG,5D3AFD2D,OUTSIDE_LOADING,29,29,1,YES,0,1,100.00%,100.00%,100.00%,0.179487,0.024476,29,お前はボスの…
SLOT_OLANG,5D3AFD2D,OUTSIDE_LOADING,34,34,1,YES,1,0,87.50%,87.50%,100.00%,0.250000,0.027972,34,それが“真実”か
SLOT_OLANG,5D3AFD2D,OUTSIDE_LOADING,42,42,1,YES,1,0,83.33%,100.00%,100.00%,0.130435,0.020979,42,…何だって？
SLOT_OLANG,5D3AFD2D,OUTSIDE_LOADING,48,48,1,YES,0,1,100.00%,100.00%,100.00%,0.100000,0.013986,48,こっちだ
SLOT_OLANG,5D3AFD2D,OUTSIDE_LOADING,65,65,1,YES,0,1,100.00%,100.00%,100.00%,0.205882,0.031469,65,そして お前のことも
SLOT_OLANG,5D3AFD2D,OUTSIDE_LOADING,71,71,1,YES,1,0,85.71%,85.71%,100.00%,0.238095,0.024476,71,…間違いではない
SLOT_OLANG,5D3AFD2D,OUTSIDE_LOADING,78,78,1,YES,1,0,81.82%,81.82%,100.00%,0.282051,0.038462,78,創られた虚構ではなく…
SLOT_OLANG,5D3AFD2D,OUTSIDE_LOADING,93,93,1,YES,0,1,100.00%,100.00%,100.00%,0.076923,0.010490,93,ボス…
SLOT_OLANG,5D3AFD2D,OUTSIDE_LOADING,96,96,1,YES,0,1,100.00%,100.00%,100.00%,0.075000,0.013986,96,ボス…？
SLOT_OLANG,5D3AFDED,OUTSIDE_LOADING,5,5,1,YES,0,1,100.00%,100.00%,100.00%,0.178571,0.024476,5,まだ時間がかかる
SLOT_OLANG,5D3AFDED,OUTSIDE_LOADING,8,8,1,YES,0,1,100.00%,100.00%,100.00%,0.100000,0.010490,8,ん…？
SLOT_OLANG,5D3AFDED,OUTSIDE_LOADING,10,10,1,YES,0,1,100.00%,100.00%,100.00%,0.136364,0.020979,10,ボスなのか？
SLOT_OLANG,5D3AFDED,OUTSIDE_LOADING,36,36,1,YES,1,0,50.00%,100.00%,100.00%,0.083333,0.006993,36,何に 
SLOT_OLANG,5D3AFDED,OUTSIDE_LOADING,38,38,1,YES,0,1,100.00%,100.00%,100.00%,0.263158,0.017483,38,あんたは…
SLOT_OLANG,5D3AFDED,OUTSIDE_LOADING,68,68,1,YES,1,0,85.71%,78.57%,100.00%,0.281250,0.048951,68,そう だからこそ 真の抑止力となるのだ 
SLOT_OLANG,5D3AFDED,OUTSIDE_LOADING,74,74,1,YES,1,0,68.18%,68.18%,100.00%,0.564103,0.076923,74,思想に失墜したザ・ボスと共に 英雄の時代は終わった 
SLOT_OLANG,5D3AFDED,OUTSIDE_LOADING,76,76,1,YES,1,0,91.67%,83.33%,100.00%,0.225806,0.041958,76,まだまだあんたの時代は続く？ 
SLOT_OLANG,5D3AFDED,OUTSIDE_LOADING,100,100,1,YES,1,0,100.00%,88.89%,100.00%,0.272727,0.031469,100,いや そのつもりはない
SLOT_OLANG,5D3AFE2D,OUTSIDE_LOADING,5,5,1,YES,1,0,100.00%,85.71%,100.00%,0.129032,0.024476,5,お前はどうだ？
SLOT_OLANG,5D3AFE2D,OUTSIDE_LOADING,18,18,1,YES,1,0,85.71%,85.71%,100.00%,0.166667,0.024476,18,目が覚めたか？ 
SLOT_OLANG,5D3AFE2D,OUTSIDE_LOADING,20,20,1,YES,1,0,71.43%,78.57%,100.00%,0.550000,0.048951,20,違う！　私が知りたいのは真実だ！
SLOT_OLANG,5D3AFE2D,OUTSIDE_LOADING,24,24,1,YES,1,0,75.00%,75.00%,100.00%,0.062500,0.013986,24,答えろ！
SLOT_OLANG,5D3AFE2D,OUTSIDE_LOADING,46,46,1,YES,0,1,100.00%,100.00%,100.00%,0.238095,0.027972,46,…なんのことだ…？
SLOT_OLANG,5D3AFE2D,OUTSIDE_LOADING,49,49,1,YES,1,0,80.00%,80.00%,100.00%,0.093750,0.017483,49,…答えろ！
SLOT_OLANG,5D3AFE2D,OUTSIDE_LOADING,52,52,1,YES,1,0,80.00%,75.00%,100.00%,0.277778,0.069930,52,何のために彼女が死んだのか\n私には知る権利があるはずだ
SLOT_OLANG,5D3AFE2D,OUTSIDE_LOADING,72,72,1,YES,1,0,90.91%,90.91%,100.00%,0.218750,0.038462,72,どうして！？　何のために！？
SLOT_OLANG,5D3B010D,OUTSIDE_LOADING,3,3,1,YES,1,0,100.00%,66.67%,100.00%,0.100000,0.010490,3,いや…
SLOT_OLANG,5D3B010D,OUTSIDE_LOADING,17,17,1,YES,0,1,100.00%,100.00%,100.00%,0.130435,0.013986,17,…お前は…
SLOT_OLANG,5D3B0112,OUTSIDE_LOADING,0,0,1,YES,0,1,100.00%,100.00%,100.00%,0.133333,0.013986,0,…そうか
SLOT_OLANG,5D3B0112,OUTSIDE_LOADING,3,3,1,YES,0,1,100.00%,100.00%,100.00%,0.142857,0.020979,3,殺してくれ…
SLOT_OLANG,5D3B0112,OUTSIDE_LOADING,13,13,1,YES,0,1,100.00%,100.00%,100.00%,0.142857,0.017483,13,わかった…
SLOT_OLANG,5D3B0112,OUTSIDE_LOADING,15,15,1,YES,1,0,66.67%,66.67%,100.00%,0.064516,0.010490,15,違う！
SLOT_OLANG,5D3B0112,OUTSIDE_LOADING,17,17,1,YES,1,0,75.00%,50.00%,100.00%,0.095238,0.013986,17,彼女は…
SLOT_OLANG,5D3B0112,OUTSIDE_LOADING,19,19,1,YES,0,1,100.00%,100.00%,100.00%,0.217391,0.020979,19,…わからない…
SLOT_OLANG,5D3B018D,OUTSIDE_LOADING,1,1,1,YES,1,0,100.00%,83.33%,100.00%,0.107143,0.020979,1,完成だと…？
SLOT_OLANG,5D3B018D,OUTSIDE_LOADING,7,7,1,YES,1,0,100.00%,75.00%,100.00%,0.090909,0.013986,7,パス…！
SLOT_OLANG,5D3B018D,OUTSIDE_LOADING,12,12,1,YES,1,0,100.00%,75.00%,100.00%,0.125000,0.013986,12,10年前
SLOT_OLANG,5D3B018D,OUTSIDE_LOADING,22,22,1,YES,0,1,100.00%,100.00%,100.00%,0.157895,0.017483,22,ありがとう
SLOT_OLANG,5D3B018D,OUTSIDE_LOADING,28,28,1,YES,1,0,100.00%,83.33%,100.00%,0.130435,0.020979,28,だが… おや？
SLOT_OLANG,5D3B018D,OUTSIDE_LOADING,44,44,1,YES,1,0,80.00%,60.00%,100.00%,0.100000,0.017483,44,いい事を言う
SLOT_OLANG,5D3B01AD,OUTSIDE_LOADING,3,3,1,YES,0,1,100.00%,100.00%,100.00%,0.227273,0.017483,3,わかってる
SLOT_OLANG,5D3B01AD,OUTSIDE_LOADING,10,10,1,YES,1,0,66.67%,100.00%,100.00%,0.117647,0.010490,10,いたぞ
SLOT_OLANG,5D3B01CD,OUTSIDE_LOADING,3,3,1,YES,1,0,100.00%,83.33%,100.00%,0.068966,0.020979,3,ダメだ 見失う
SLOT_OLANG,5D3B01CD,OUTSIDE_LOADING,7,7,1,YES,0,1,100.00%,100.00%,100.00%,0.125000,0.024476,7,まずい… 見ろ！
SLOT_OLANG,5D3B01ED,OUTSIDE_LOADING,0,0,1,YES,0,1,100.00%,100.00%,100.00%,0.068966,0.010490,0,くそっ 
SLOT_OLANG,5D3B022D,OUTSIDE_LOADING,0,0,1,YES,0,1,100.00%,100.00%,100.00%,0.148148,0.017483,0,自分の手で
SLOT_OLANG,5D3B022D,OUTSIDE_LOADING,3,3,1,YES,0,1,100.00%,100.00%,100.00%,0.076923,0.010490,3,ボス…
SLOT_OLANG,5D3B022D,OUTSIDE_LOADING,19,19,1,YES,0,1,100.00%,100.00%,100.00%,0.176471,0.013986,19,あなたに
SLOT_OLANG,5D3B022D,OUTSIDE_LOADING,23,23,1,YES,1,0,85.71%,71.43%,100.00%,0.121951,0.024476,23,"<R=彼女,ザ・ボス>は "
SLOT_OLANG,5D3B022D,OUTSIDE_LOADING,27,27,1,YES,0,1,100.00%,100.00%,100.00%,0.107143,0.010490,27,それが
SLOT_OLANG,5D3B050D,OUTSIDE_LOADING,5,5,1,YES,1,0,75.00%,50.00%,100.00%,0.090909,0.013986,5,彼女の…
SLOT_OLANG,5D3B050D,OUTSIDE_LOADING,12,12,1,YES,1,0,100.00%,80.00%,100.00%,0.093750,0.017483,12,どうする？
SLOT_OLANG,5D3B050D,OUTSIDE_LOADING,17,17,1,YES,0,1,100.00%,100.00%,100.00%,0.105263,0.006993,17,ああ…
SLOT_OLANG,5D3B050D,OUTSIDE_LOADING,28,28,1,YES,0,1,100.00%,100.00%,100.00%,0.111111,0.013986,28,そうだな
SLOT_OLANG,5D3B050D,OUTSIDE_LOADING,31,31,1,YES,0,1,100.00%,100.00%,100.00%,0.111111,0.010490,31,そうか
SLOT_OLANG,5D3B052D,OUTSIDE_LOADING,2,2,1,YES,0,1,100.00%,100.00%,100.00%,0.250000,0.027972,2,わからない よくわからないの
SLOT_OLANG,5D3B052D,OUTSIDE_LOADING,7,7,1,YES,1,0,100.00%,75.00%,100.00%,0.090909,0.013986,7,パス…！
SLOT_OLANG,5D3B052D,OUTSIDE_LOADING,19,19,1,YES,0,1,100.00%,100.00%,100.00%,0.181818,0.013986,19,わからん
SLOT_OLANG,5D3B054D,OUTSIDE_LOADING,20,20,1,YES,0,1,100.00%,100.00%,100.00%,0.075000,0.010490,20,そうだ
SLOT_OLANG,5D3B054D,OUTSIDE_LOADING,28,28,1,YES,1,0,75.00%,100.00%,100.00%,0.115385,0.013986,28,何だと？
SLOT_OLANG,5D3B054D,OUTSIDE_LOADING,31,31,1,YES,1,0,83.33%,91.67%,100.00%,0.257143,0.041958,31,お前の全てを見させて貰った
SLOT_OLANG,5D3B054D,OUTSIDE_LOADING,36,36,1,YES,1,0,100.00%,88.89%,100.00%,0.166667,0.031469,36,それだけは やめて…
SLOT_OLANG,5D3B054D,OUTSIDE_LOADING,51,51,1,YES,1,0,100.00%,75.00%,100.00%,0.095238,0.013986,51,やめろ…
SLOT_OLANG,5D3B054D,OUTSIDE_LOADING,73,73,1,YES,1,0,85.71%,100.00%,100.00%,0.142857,0.024476,73,何を する気だ？ 
SLOT_OLANG,5D3B054D,OUTSIDE_LOADING,77,77,1,YES,1,0,76.92%,69.23%,100.00%,0.212121,0.045455,77,そもそも我々は敵同士ではないか？ 
SLOT_OLANG,5D3B054D,OUTSIDE_LOADING,84,84,1,YES,1,0,100.00%,75.00%,100.00%,0.076923,0.020833,84,目標は キューバ！
SLOT_OLANG,5D3B054D,OUTSIDE_LOADING,107,107,1,YES,1,0,80.00%,80.00%,100.00%,0.260870,0.034965,107,それなら僕に任せてくれ
SLOT_OLANG,5D3B054D,OUTSIDE_LOADING,119,119,1,YES,1,0,84.21%,68.42%,100.00%,0.950000,0.066434,119,最期に人が守るものは…\n命ではない 名声だ！ 
SLOT_OLANG,5D3B054D,OUTSIDE_LOADING,130,130,1,YES,1,0,83.33%,66.67%,100.00%,0.107143,0.020979,130,どういう事だ？
SLOT_OLANG,5D3B054D,OUTSIDE_LOADING,146,146,1,YES,1,0,92.86%,85.71%,100.00%,0.142857,0.041667,146,何だって！　目標はキューバか？
SLOT_OLANG,5D3B054D,OUTSIDE_LOADING,150,150,1,YES,1,0,80.00%,100.00%,100.00%,0.111111,0.017483,150,…何だと？ 
SLOT_OLANG,5D3B054D,OUTSIDE_LOADING,153,153,1,YES,1,0,83.33%,100.00%,100.00%,0.190476,0.020979,153,何をした…！
SLOT_OLANG,5D3B054D,OUTSIDE_LOADING,155,155,1,YES,0,1,100.00%,100.00%,100.00%,0.157895,0.017483,155,…ありがと
SLOT_OLANG,5D3B054D,OUTSIDE_LOADING,157,157,1,YES,1,0,100.00%,66.67%,100.00%,0.064516,0.010490,157,パス？
SLOT_OLANG,5D3B054D,OUTSIDE_LOADING,186,186,1,YES,0,1,100.00%,100.00%,100.00%,0.275862,0.038462,186,あのままにはしておけない 
SLOT_OLANG,5D3B054D,OUTSIDE_LOADING,188,188,1,YES,1,0,100.00%,87.50%,100.00%,0.172414,0.027972,188,まだやることがある
SLOT_OLANG,5D3B054D,OUTSIDE_LOADING,197,197,1,YES,1,0,100.00%,90.91%,100.00%,0.304348,0.038462,197,ありがとう よく来てくれた
SLOT_OLANG,5D3B054D,OUTSIDE_LOADING,201,201,1,YES,1,0,80.00%,80.00%,100.00%,0.217391,0.034965,201,やめて 英雄はあんたよ
SLOT_OLANG,5D3B058D,OUTSIDE_LOADING,0,0,1,YES,1,0,85.71%,100.00%,100.00%,0.185185,0.024476,0,何をしている！
SLOT_OLANG,5D3B058D,OUTSIDE_LOADING,7,7,1,YES,1,0,100.00%,80.00%,100.00%,0.142857,0.034965,7,どうしてそう言える！？ 
SLOT_OLANG,5D3B058D,OUTSIDE_LOADING,12,12,1,YES,1,0,66.67%,100.00%,100.00%,0.050000,0.010490,12,何！？
SLOT_OLANG,5D3B058D,OUTSIDE_LOADING,27,27,1,YES,0,1,100.00%,100.00%,100.00%,0.200000,0.017483,27,ああ いたとも
SLOT_OLANG,5D3B058D,OUTSIDE_LOADING,42,42,1,YES,1,0,75.00%,100.00%,100.00%,0.115385,0.013986,42,何だと？
SLOT_OLANG,5D3B058D,OUTSIDE_LOADING,46,46,1,YES,1,0,66.67%,66.67%,100.00%,0.050000,0.010490,46,繋げ！
SLOT_OLANG,5D3B058D,OUTSIDE_LOADING,50,50,1,YES,0,1,100.00%,100.00%,100.00%,0.133333,0.013986,50,それが…
SLOT_OLANG,5D3B058D,OUTSIDE_LOADING,52,52,1,YES,0,1,100.00%,100.00%,100.00%,0.111111,0.006993,52,いえ
SLOT_OLANG,5D3B058D,OUTSIDE_LOADING,74,74,1,YES,1,0,80.00%,80.00%,100.00%,0.125000,0.017483,74,繋げるか…
SLOT_OLANG,5D3B058D,OUTSIDE_LOADING,76,76,1,YES,1,0,100.00%,66.67%,100.00%,0.100000,0.010490,76,いや…
SLOT_OLANG,5D3B058D,OUTSIDE_LOADING,81,81,1,YES,1,0,100.00%,87.50%,100.00%,0.200000,0.027972,81,それは出来ない！
SLOT_OLANG,5D3B058D,OUTSIDE_LOADING,100,100,1,YES,0,1,100.00%,100.00%,100.00%,0.142857,0.013937,100,開いた…？
SLOT_OLANG,5D3B058D,OUTSIDE_LOADING,104,104,1,YES,0,1,100.00%,100.00%,100.00%,0.096774,0.013986,104,くそ…！
SLOT_OLANG,5D3B05AD,OUTSIDE_LOADING,8,8,1,YES,1,0,75.00%,75.00%,100.00%,0.062500,0.013986,8,答えろ！！！
SLOT_OLANG,5D3B05AD,OUTSIDE_LOADING,18,18,1,YES,1,0,85.71%,78.57%,100.00%,0.178571,0.048951,18,やめろ！ 世界が終わってしまう！
SLOT_OLANG,5D3B05AD,OUTSIDE_LOADING,28,28,1,YES,0,1,100.00%,100.00%,100.00%,0.096774,0.013986,28,…そうだ
SLOT_OLANG,5D3B05B2,OUTSIDE_LOADING,4,4,1,YES,0,1,100.00%,100.00%,100.00%,0.150000,0.024476,4,これは… ボス…？ 
SLOT_OLANG,5D3B05B2,OUTSIDE_LOADING,12,12,1,YES,0,1,100.00%,100.00%,100.00%,0.100000,0.010490,12,そして
SLOT_OLANG,5D3B05B2,OUTSIDE_LOADING,15,15,1,YES,1,0,91.67%,83.33%,100.00%,0.235294,0.041958,15,聴こえるはず みんなにも…
SLOT_OLANG,5D3B05B2,OUTSIDE_LOADING,31,31,1,YES,1,0,66.67%,100.00%,100.00%,0.047619,0.010490,31,何…？ 
SLOT_OLANG,5D3B05B2,OUTSIDE_LOADING,34,34,1,YES,1,0,80.00%,70.00%,100.00%,0.160000,0.034965,34,これが 彼女の答えなの？
SLOT_OLANG,5D3B05ED,OUTSIDE_LOADING,9,9,1,YES,1,0,92.86%,71.43%,100.00%,0.161290,0.045296,9,ゲームはゲームっ！　\nゲームは“勝つか負けるか”！
SLOT_OLANG,5D3B05ED,OUTSIDE_LOADING,15,15,1,YES,1,0,70.00%,90.00%,100.00%,0.260870,0.034965,15,あなた達は英雄ではない！
SLOT_OLANG,5D3B05ED,OUTSIDE_LOADING,22,22,1,YES,1,0,75.00%,100.00%,100.00%,0.090909,0.013986,22,何…！？
SLOT_OLANG,5D3B05ED,OUTSIDE_LOADING,26,26,1,YES,0,1,100.00%,100.00%,100.00%,0.083333,0.013986,26,ぶっぶー！
SLOT_OLANG,5D3B05ED,OUTSIDE_LOADING,29,29,1,YES,0,1,100.00%,100.00%,100.00%,0.074074,0.006993,29,そう
SLOT_OLANG,5D3B05ED,OUTSIDE_LOADING,46,46,1,YES,1,0,90.48%,90.48%,100.00%,0.307692,0.073427,46,あなた達は それが完成するまでの間\nそれらを守る力になる 
SLOT_OLANG,5D3B060D,OUTSIDE_LOADING,0,0,1,YES,1,0,100.00%,66.67%,100.00%,0.064516,0.010490,0,パス…
SLOT_OLANG,5D3B0612,OUTSIDE_LOADING,1,1,1,YES,0,1,100.00%,100.00%,100.00%,0.150000,0.017483,1,それって…
SLOT_OLANG,5D3B0612,OUTSIDE_LOADING,5,5,1,YES,1,0,100.00%,80.00%,100.00%,0.045455,0.006920,5,ストップ！
SLOT_OLANG,5D3B0612,OUTSIDE_LOADING,8,8,1,YES,1,0,100.00%,88.89%,100.00%,0.181818,0.031469,8,そうか… そりゃ よかった
SLOT_OLANG,5D3B0612,OUTSIDE_LOADING,15,15,1,YES,0,1,100.00%,100.00%,100.00%,0.064516,0.010490,15,ええ！？
SLOT_OLANG,5D3B090D,OUTSIDE_LOADING,16,16,1,YES,1,0,50.00%,100.00%,100.00%,0.076923,0.006993,16,何だ
SLOT_OLANG,5D401DD3,OUTSIDE_LOADING,23,23,1,YES,0,1,100.00%,100.00%,100.00%,0.250000,0.017483,23,BIGBOSS
SLOT_OLANG,5D401DD3,OUTSIDE_LOADING,34,34,1,YES,0,1,100.00%,100.00%,100.00%,0.044444,0.010309,34,MSFサブリーダー
SLOT_OLANG,5D401DD3,OUTSIDE_LOADING,38,38,1,YES,1,0,50.00%,50.00%,100.00%,0.043478,0.006993,38,歩兵
SLOT_OLANG,5D401DD3,OUTSIDE_LOADING,41,41,1,YES,1,0,100.00%,75.00%,100.00%,0.035714,0.006944,41,ゲリラ兵
SLOT_OLANG,5D420130,OUTSIDE_LOADING,4,4,1,YES,1,0,100.00%,77.78%,100.00%,0.171429,0.027875,4,ボス！ 戻って下さい！
SLOT_OLANG,5D420130,OUTSIDE_LOADING,9,9,1,YES,1,0,100.00%,75.00%,100.00%,0.096774,0.013986,9,ときどき…
SLOT_OLANG,5D420130,OUTSIDE_LOADING,11,11,1,YES,0,1,100.00%,100.00%,100.00%,0.166667,0.027972,11,ボスのいびきで…
SLOT_OLANG,5D420130,OUTSIDE_LOADING,14,14,1,YES,0,1,100.00%,100.00%,100.00%,0.052632,0.003497,14,…
SLOT_OLANG,5D420130,OUTSIDE_LOADING,16,16,1,YES,0,1,100.00%,100.00%,100.00%,0.136364,0.020979,16,すいません…
SLOT_OLANG,5D420130,OUTSIDE_LOADING,35,35,1,YES,1,0,71.43%,85.71%,100.00%,0.147059,0.024476,35,違う！ 何してる！
SLOT_OLANG,5D420130,OUTSIDE_LOADING,41,41,1,YES,1,0,85.71%,85.71%,100.00%,0.095238,0.024476,41,見事です ボス！
SLOT_OLANG,5D420130,OUTSIDE_LOADING,60,60,1,YES,1,0,100.00%,80.00%,100.00%,0.137931,0.017483,60,どうした？
SLOT_OLANG,5D420130,OUTSIDE_LOADING,85,85,1,YES,1,0,100.00%,42.86%,100.00%,0.125000,0.024476,85,『しゃがみ』！
SLOT_OLANG,5D420130,OUTSIDE_LOADING,143,143,1,YES,0,1,100.00%,100.00%,100.00%,0.096774,0.013986,143,まずは…
SLOT_OLANG,5D420130,OUTSIDE_LOADING,163,163,1,YES,1,0,93.33%,86.67%,100.00%,0.235294,0.052448,163,そこからどうするもお前の自由だ
SLOT_OLANG,5D420130,OUTSIDE_LOADING,167,167,1,YES,0,1,100.00%,100.00%,100.00%,0.166667,0.024476,167,気をつけてくれ
SLOT_OLANG,5D420130,OUTSIDE_LOADING,169,169,1,YES,0,1,100.00%,100.00%,100.00%,0.117647,0.010490,169,ただし
SLOT_OLANG,5D420130,OUTSIDE_LOADING,172,172,1,YES,1,0,100.00%,83.33%,100.00%,0.137931,0.017422,172,では始めよう
SLOT_OLANG,5D420130,OUTSIDE_LOADING,195,195,1,YES,0,1,100.00%,100.00%,100.00%,0.083333,0.020979,195,一人 前に出ろ
SLOT_OLANG,5D420130,OUTSIDE_LOADING,212,212,1,YES,0,1,100.00%,100.00%,100.00%,0.062500,0.006993,212,よし
SLOT_OLANG,5D420130,OUTSIDE_LOADING,221,221,1,YES,1,0,100.00%,75.00%,100.00%,0.062500,0.013986,221,止めえ！
SLOT_OLANG,5D483717,OUTSIDE_LOADING,13,13,1,YES,0,1,100.00%,100.00%,100.00%,0.240000,0.031469,13,まだ終わってない！
SLOT_OLANG,5D48F045,OUTSIDE_LOADING,4,4,1,YES,0,1,100.00%,100.00%,100.00%,0.240000,0.031469,4,まだ終わってない！
SLOT_OLANG,5D514128,OUTSIDE_LOADING,380,380,1,YES,0,1,100.00%,100.00%,100.00%,0.033333,0.010381,380,対クリサリス戦
SLOT_OLANG,5D514128,OUTSIDE_LOADING,410,410,1,YES,0,1,100.00%,100.00%,100.00%,0.040000,0.003497,410,？？？
SLOT_OLANG,5D52801A,OUTSIDE_LOADING,2,2,1,YES,1,0,75.00%,75.00%,100.00%,0.250000,0.027972,2,平和なんていらない！
SLOT_OLANG,5D52801A,OUTSIDE_LOADING,31,31,1,YES,1,0,100.00%,71.43%,100.00%,0.136364,0.024476,31,死んじゃえば？
SLOT_OLANG,5D52E4F8,OUTSIDE_LOADING,72,72,1,YES,0,1,100.00%,100.00%,100.00%,0.040000,0.003497,72,？？？
SLOT_OLANG,5D52E4F8,OUTSIDE_LOADING,184,184,1,YES,0,1,100.00%,100.00%,100.00%,0.060606,0.006969,184,M10
SLOT_OLANG,5D52E4F8,OUTSIDE_LOADING,191,191,1,YES,1,0,100.00%,75.00%,100.00%,0.062500,0.013986,191,スパス12
SLOT_OLANG,5D52E4F8,OUTSIDE_LOADING,203,203,1,YES,0,1,100.00%,100.00%,100.00%,0.000000,0.000000,203,FAL
SLOT_OLANG,5D52E4F8,OUTSIDE_LOADING,208,208,1,YES,0,1,100.00%,100.00%,100.00%,0.000000,0.000000,208,PM
SLOT_OLANG,5D52E4F8,OUTSIDE_LOADING,212,212,1,YES,1,0,80.00%,100.00%,100.00%,0.200000,0.017483,212,何もない…
SLOT_OLANG,5D52E4F8,OUTSIDE_LOADING,264,264,1,YES,0,1,100.00%,100.00%,100.00%,0.030303,0.006944,264,WA2000
SLOT_OLANG,5D52E4F8,OUTSIDE_LOADING,271,271,1,YES,0,1,100.00%,100.00%,100.00%,0.064516,0.006969,271,M21
SLOT_OLANG,5D52E4F8,OUTSIDE_LOADING,273,273,1,YES,0,1,100.00%,100.00%,100.00%,0.031250,0.003472,273,M1C
SLOT_OLANG,5D52E4F8,OUTSIDE_LOADING,294,294,1,YES,0,1,100.00%,100.00%,100.00%,0.083333,0.006897,294,PATRIOT
SLOT_OLANG,5D52E4F8,OUTSIDE_LOADING,310,310,1,YES,0,1,100.00%,100.00%,100.00%,0.130435,0.010381,310,IRN BOMB
SLOT_OLANG,5D52E4F8,OUTSIDE_LOADING,312,312,1,YES,0,1,100.00%,100.00%,100.00%,0.035714,0.003401,312,PETRIF.ATK
SLOT_OLANG,5D52E4F8,OUTSIDE_LOADING,325,325,1,YES,0,1,100.00%,100.00%,100.00%,0.083333,0.017422,325,120MM SG
SLOT_OLANG,5D52E4F8,OUTSIDE_LOADING,341,341,1,YES,0,1,100.00%,100.00%,100.00%,0.040000,0.003436,341,AT MINE
SLOT_OLANG,5D52E4F8,OUTSIDE_LOADING,350,350,1,YES,0,1,100.00%,100.00%,100.00%,0.000000,0.000000,350,EM NET
SLOT_OLANG,5D52E4F8,OUTSIDE_LOADING,371,371,1,YES,0,1,100.00%,100.00%,100.00%,0.080000,0.006873,371,RAIL GUN
SLOT_OLANG,5D52E4F8,OUTSIDE_LOADING,374,374,1,YES,0,1,100.00%,100.00%,100.00%,0.040000,0.003436,374,M.NAGANT
SLOT_OLANG,5D52E4F8,OUTSIDE_LOADING,384,384,1,YES,0,1,100.00%,100.00%,100.00%,0.040000,0.003436,384,MUSKET
SLOT_OLANG,5D52E4F8,OUTSIDE_LOADING,387,387,1,YES,0,1,100.00%,100.00%,100.00%,0.080000,0.006873,387,STUN ROD
SLOT_OLANG,5D56A63D,OUTSIDE_LOADING,23,23,1,YES,0,1,100.00%,100.00%,100.00%,0.000000,0.000000,23,TEMP
SLOT_OLANG,5D56A63D,OUTSIDE_LOADING,229,229,1,YES,1,0,100.00%,94.44%,100.00%,0.370370,0.062937,229,これを見ているということは、\nやってはならないことをしたということ…
SLOT_OLANG,5D56A63D,OUTSIDE_LOADING,284,284,1,YES,0,1,100.00%,100.00%,100.00%,0.095238,0.017361,284,ラブダンボール
SLOT_OLANG,5D56A63D,OUTSIDE_LOADING,294,294,1,YES,0,1,100.00%,100.00%,100.00%,0.024390,0.006757,294,WALKMAN (NWD-W202)
SLOT_OLANG,5D56A63D,OUTSIDE_LOADING,296,296,1,YES,0,1,100.00%,100.00%,100.00%,0.025641,0.003390,296,WALKMAN (WM-2)
SLOT_OLANG,5D56A63D,OUTSIDE_LOADING,298,298,1,YES,0,1,100.00%,100.00%,100.00%,0.031250,0.006734,298,WALKMAN (TPS-L2)
SLOT_OLANG,5D56A63D,OUTSIDE_LOADING,346,346,1,YES,0,1,100.00%,100.00%,100.00%,0.000000,0.000000,346,DPM
SLOT_OLANG,5D56A63D,OUTSIDE_LOADING,407,407,1,YES,1,0,100.00%,83.33%,100.00%,0.100000,0.010381,407,スプリッター
SLOT_OLANG,5D56A63D,OUTSIDE_LOADING,410,410,1,YES,0,1,100.00%,100.00%,100.00%,0.041667,0.010274,410,AUSCAMデザート
SLOT_OLANG,5D56A63D,OUTSIDE_LOADING,423,423,1,YES,0,1,100.00%,100.00%,100.00%,0.030303,0.003460,423,ブラック
SLOT_OLANG,5D56A63D,OUTSIDE_LOADING,437,437,1,YES,0,1,100.00%,100.00%,100.00%,0.040000,0.003497,437,？？？
SLOT_OLANG,5D56A63D,OUTSIDE_LOADING,590,590,1,YES,0,1,100.00%,100.00%,100.00%,0.150000,0.020906,590,スタンダンボール
SLOT_OLANG,5D56A63D,OUTSIDE_LOADING,672,672,1,YES,0,1,100.00%,100.00%,100.00%,0.080000,0.006873,672,UT(LOGO)
SLOT_OLANG,5D56A63D,OUTSIDE_LOADING,708,708,1,YES,0,1,100.00%,100.00%,100.00%,0.125000,0.010345,708,LIOLAEUS
SLOT_OLANG,5D56A63D,OUTSIDE_LOADING,753,753,1,YES,0,1,100.00%,100.00%,100.00%,0.076923,0.006849,753,STRIKE MK.
SLOT_OLANG,5D56A63D,OUTSIDE_LOADING,773,773,1,YES,0,1,100.00%,100.00%,100.00%,0.000000,0.000000,773,HEAT
SLOT_OLANG,5D56A63D,OUTSIDE_LOADING,802,802,1,YES,0,1,100.00%,100.00%,100.00%,0.045455,0.003472,802,NONE
SLOT_OLANG,5D5A5B84,OUTSIDE_LOADING,20,20,1,YES,0,1,100.00%,100.00%,100.00%,0.111111,0.010453,20,L ボタン
SLOT_OLANG,5D5CAF77,OUTSIDE_LOADING,17,17,1,YES,0,1,100.00%,100.00%,100.00%,0.041667,0.003448,17,DROP:
SLOT_OLANG,5D5CAF77,OUTSIDE_LOADING,31,31,1,YES,0,1,100.00%,100.00%,100.00%,0.181818,0.006993,31,はい
SLOT_OLANG,5D5CAF77,OUTSIDE_LOADING,33,33,1,YES,1,0,50.00%,0.00%,100.00%,0.055556,0.006993,33,成功
SLOT_OLANG,5D5CAF77,OUTSIDE_LOADING,46,46,1,YES,1,0,100.00%,83.33%,100.00%,0.133333,0.041096,46,データをセーブせずにゲームを開始しますか？
SLOT_OLANG,5D5CAF77,OUTSIDE_LOADING,60,60,1,YES,0,1,100.00%,100.00%,100.00%,0.111111,0.006993,60,いいえ
SLOT_OLANG,5D62BF06,OUTSIDE_LOADING,7,7,1,YES,0,1,100.00%,100.00%,100.00%,0.037037,0.003413,7,COMMANDER
SLOT_OLANG,5D68BF67,OUTSIDE_LOADING,0,0,1,YES,0,1,100.00%,100.00%,100.00%,0.000000,0.000000,0,MNTL:
SLOT_OLANG,5D68BF67,OUTSIDE_LOADING,20,20,1,YES,0,1,100.00%,100.00%,100.00%,0.000000,0.000000,20,CHARACTER
SLOT_OLANG,5D726933,OUTSIDE_LOADING,3,3,1,YES,0,1,100.00%,100.00%,100.00%,0.038462,0.003425,3,NETWORK
SLOT_OLANG,5D726933,OUTSIDE_LOADING,25,25,1,YES,0,1,100.00%,100.00%,100.00%,0.000000,0.000000,25,ALL
SLOT_OLANG,5D726933,OUTSIDE_LOADING,27,27,1,YES,0,1,100.00%,100.00%,100.00%,0.041667,0.003448,27,OTHER
SLOT_OLANG,5D726933,OUTSIDE_LOADING,31,31,1,YES,0,1,100.00%,100.00%,100.00%,0.000000,0.000000,31,WALKMAN
SLOT_OLANG,5D726933,OUTSIDE_LOADING,69,69,1,YES,1,0,100.00%,92.86%,100.00%,0.200000,0.027397,69,タイトルメニューに戻ります。
SLOT_OLANG,5D726933,OUTSIDE_LOADING,90,90,1,YES,1,0,100.00%,80.00%,100.00%,0.083333,0.013699,90,トップメニューに戻る
SLOT_OLANG,5D726933,OUTSIDE_LOADING,97,97,1,YES,0,1,100.00%,100.00%,100.00%,0.052632,0.006944,97,ニュース
SLOT_OLANG,5D726933,OUTSIDE_LOADING,101,101,1,YES,1,0,100.00%,90.91%,100.00%,0.125000,0.017123,101,タイトルメニューに戻る
SLOT_OLANG,5D726933,OUTSIDE_LOADING,128,128,1,YES,0,1,100.00%,100.00%,100.00%,0.086957,0.006826,128,WALKMANデータ
SLOT_OLANG,5D726933,OUTSIDE_LOADING,140,140,1,YES,0,1,100.00%,100.00%,100.00%,0.086957,0.006920,140,CLOSE
SLOT_OLANG,5D74A6CA,OUTSIDE_LOADING,5,5,1,YES,0,1,100.00%,100.00%,100.00%,0.115385,0.010274,5,ITEM SELECTOR
SLOT_OLANG,5D74A6CA,OUTSIDE_LOADING,25,25,1,YES,0,1,100.00%,100.00%,100.00%,0.086957,0.006920,25,RESTORE
SLOT_OLANG,5D74A6CA,OUTSIDE_LOADING,38,38,1,YES,1,0,100.00%,50.00%,100.00%,0.080000,0.006993,38,名前
SLOT_OLANG,5D74A6CA,OUTSIDE_LOADING,123,123,1,YES,0,1,100.00%,100.00%,100.00%,0.045455,0.003472,123,STN
SLOT_OLANG,5D74A6CA,OUTSIDE_LOADING,127,127,1,YES,0,1,100.00%,100.00%,100.00%,0.074074,0.006826,127,CUSTOM PARTS
SLOT_OLANG,5D74A6CA,OUTSIDE_LOADING,143,143,1,YES,0,1,100.00%,100.00%,100.00%,0.000000,0.000000,143,HELP
SLOT_OLANG,5D7B474A,OUTSIDE_LOADING,2,2,1,YES,1,0,33.33%,33.33%,100.00%,0.068966,0.010490,2,英雄度
SLOT_OLANG,5D7B474A,OUTSIDE_LOADING,19,19,1,YES,0,1,100.00%,100.00%,100.00%,0.086957,0.024306,19,ラブダンボール時間
SLOT_OLANG,5D7B474A,OUTSIDE_LOADING,110,110,1,YES,0,1,100.00%,100.00%,100.00%,0.080000,0.031250,110,ラブダンボール使用時間
SLOT_OLANG,5D7B474A,OUTSIDE_LOADING,122,122,1,YES,0,1,100.00%,100.00%,100.00%,0.000000,0.000000,122,ALFA
SLOT_OLANG,5D7B474A,OUTSIDE_LOADING,349,349,1,YES,0,1,100.00%,100.00%,100.00%,0.111111,0.010239,349,MISSION RESULT
SLOT_OLANG,5D81443C,OUTSIDE_LOADING,4,4,1,YES,0,1,100.00%,100.00%,100.00%,0.300000,0.024476,4,…かもしれない
SLOT_OLANG,5D81443C,OUTSIDE_LOADING,11,11,1,YES,1,0,100.00%,75.00%,100.00%,0.142857,0.013986,11,やるな…
SLOT_OLANG,5D81443C,OUTSIDE_LOADING,22,22,1,YES,1,0,81.82%,90.91%,100.00%,0.222222,0.038462,22,殺るなら殺れ 何も言わんぞ
SLOT_OLANG,5D81443C,OUTSIDE_LOADING,25,25,1,YES,1,0,87.50%,87.50%,100.00%,0.200000,0.027972,25,し…知ってるか？ 
SLOT_OLANG,5D81443C,OUTSIDE_LOADING,28,28,1,YES,1,0,87.50%,87.50%,100.00%,0.173913,0.027972,28,…と思ってくれ！ 
SLOT_OLANG,5D81443C,OUTSIDE_LOADING,45,45,1,YES,1,0,83.33%,83.33%,100.00%,0.136364,0.020979,45,俺の仲間は…
SLOT_OLANG,5D81443C,OUTSIDE_LOADING,60,60,1,YES,1,0,100.00%,66.67%,100.00%,0.095238,0.010490,60,…南だ
SLOT_OLANG,5D81443C,OUTSIDE_LOADING,74,74,1,YES,1,0,66.67%,66.67%,100.00%,0.095238,0.010490,74,…北だ
SLOT_OLANG,5D81443C,OUTSIDE_LOADING,112,112,1,YES,1,0,100.00%,94.12%,100.00%,0.270270,0.044828,112,ト…トレニャーとかいう生き物がいるらしい…
SLOT_OLANG,5D81443C,OUTSIDE_LOADING,138,138,1,YES,1,0,90.91%,100.00%,100.00%,0.242424,0.038462,138,これで俺もおしまいか…
SLOT_OLANG,5D81443C,OUTSIDE_LOADING,162,162,1,YES,1,0,77.78%,88.89%,100.00%,0.285714,0.031469,162,何も知らないんだ！
SLOT_OLANG,5D81443C,OUTSIDE_LOADING,164,164,1,YES,1,0,100.00%,80.00%,100.00%,0.166667,0.034965,164,言うよ！ 言えばいいんだろ！
SLOT_OLANG,5D81443C,OUTSIDE_LOADING,190,190,1,YES,1,0,80.00%,80.00%,100.00%,0.190476,0.017483,190,…北にいる
SLOT_OLANG,5D81443C,OUTSIDE_LOADING,192,192,1,YES,1,0,90.91%,90.91%,100.00%,0.200000,0.038462,192,えっ？…ち、違うのでは…
SLOT_OLANG,5D81443C,OUTSIDE_LOADING,206,206,1,YES,1,0,80.00%,100.00%,100.00%,0.129032,0.017483,206,もらすぞ…
SLOT_OLANG,5D81443C,OUTSIDE_LOADING,208,208,1,YES,1,0,81.82%,100.00%,100.00%,0.300000,0.038462,208,俺がお前に何かしたのか？ 
SLOT_OLANG,5D81443C,OUTSIDE_LOADING,211,211,1,YES,1,0,91.67%,83.33%,100.00%,0.291667,0.041958,211,あんた…子供はいるのか？ 
SLOT_OLANG,5D81443C,OUTSIDE_LOADING,216,216,1,YES,1,0,100.00%,90.00%,100.00%,0.250000,0.034965,216,死にたくない…いやだ死にたくない…！
SLOT_OLANG,5D81443C,OUTSIDE_LOADING,223,223,1,YES,1,0,100.00%,83.33%,100.00%,0.136364,0.020979,223,や やめてくれ！
SLOT_OLANG,5D83B291,OUTSIDE_LOADING,21,21,1,YES,0,1,100.00%,100.00%,100.00%,0.043478,0.003460,21,AUTO
SLOT_OLANG,5D83B291,OUTSIDE_LOADING,27,27,1,YES,0,1,100.00%,100.00%,100.00%,0.105263,0.010417,27,リスタート
SLOT_OLANG,5D83B291,OUTSIDE_LOADING,32,32,1,YES,1,0,100.00%,66.67%,100.00%,0.000000,0.000000,32,キック
SLOT_OLANG,5D83B291,OUTSIDE_LOADING,41,41,1,YES,1,0,100.00%,88.89%,100.00%,0.129032,0.020761,41,$1 をキックしますか？
SLOT_OLANG,5D83B291,OUTSIDE_LOADING,45,45,1,YES,0,1,100.00%,100.00%,100.00%,0.142857,0.027972,45,よろしいですか？
SLOT_OLANG,5D83B291,OUTSIDE_LOADING,101,101,1,YES,0,1,100.00%,100.00%,100.00%,0.080000,0.006873,101,RED GOAL
SLOT_OLANG,5D83B291,OUTSIDE_LOADING,107,107,1,YES,0,1,100.00%,100.00%,100.00%,0.125000,0.010345,107,BLUE GOAL
SLOT_OLANG,5D83B291,OUTSIDE_LOADING,111,111,1,YES,0,1,100.00%,100.00%,100.00%,0.022222,0.003425,111,リザルト - $1($2)
SLOT_OLANG,5D83B291,OUTSIDE_LOADING,123,123,1,YES,1,0,90.91%,63.64%,100.00%,0.200000,0.038462,123,兵士\n『$2』を失いました。
SLOT_OLANG,5D83B291,OUTSIDE_LOADING,187,187,1,YES,1,0,100.00%,33.33%,100.00%,0.047619,0.013889,187,ゲームの作成
SLOT_OLANG,5D8AED23,OUTSIDE_LOADING,5,5,1,YES,0,1,100.00%,100.00%,100.00%,0.125000,0.010345,5,SNEAKING
SLOT_OLANG,5D904CFF,OUTSIDE_LOADING,61,61,1,YES,0,1,100.00%,100.00%,100.00%,0.266667,0.027972,61,ここにいてはいけない…
SLOT_OLANG,5D97F0B2,OUTSIDE_LOADING,17,17,1,YES,0,1,100.00%,100.00%,100.00%,0.000000,0.000000,17,TEAM ALFA
SLOT_OLANG,5D97F0B2,OUTSIDE_LOADING,23,23,1,YES,0,1,100.00%,100.00%,100.00%,0.000000,0.000000,23,D
SLOT_OLANG,5D97F0B2,OUTSIDE_LOADING,25,25,1,YES,0,1,100.00%,100.00%,100.00%,0.000000,0.000000,25,C
SLOT_OLANG,5D97F0B2,OUTSIDE_LOADING,27,27,1,YES,0,1,100.00%,100.00%,100.00%,0.050000,0.003497,27,B
SLOT_OLANG,5D97F0B2,OUTSIDE_LOADING,29,29,1,YES,0,1,100.00%,100.00%,100.00%,0.000000,0.000000,29,A
SLOT_OLANG,5D97F0B2,OUTSIDE_LOADING,31,31,1,YES,0,1,100.00%,100.00%,100.00%,0.076923,0.006849,31,TARGET LIFE
SLOT_OLANG,5D97F0B2,OUTSIDE_LOADING,53,53,1,YES,0,1,100.00%,100.00%,100.00%,0.040000,0.003436,53,NO TEAM
SLOT_OLANG,5D97F0B2,OUTSIDE_LOADING,72,72,1,YES,0,1,100.00%,100.00%,100.00%,0.041667,0.010417,72,TAB02
SLOT_OLANG,5D97F0B2,OUTSIDE_LOADING,194,194,1,YES,0,1,100.00%,100.00%,100.00%,0.034483,0.006993,194,気力
SLOT_OLANG,5D97F0B2,OUTSIDE_LOADING,201,201,1,YES,1,0,75.00%,50.00%,100.00%,0.153846,0.013986,201,$1 の勝利！
SLOT_OLANG,5D97F0B2,OUTSIDE_LOADING,204,204,1,YES,1,0,100.00%,80.00%,100.00%,0.166667,0.010417,204,$1 ターン開始
SLOT_OLANG,5D97F0B2,OUTSIDE_LOADING,216,216,1,YES,1,0,100.00%,83.33%,100.00%,0.263158,0.020979,216,$1 は $2 を見失った
SLOT_OLANG,5D97F0B2,OUTSIDE_LOADING,222,222,1,YES,1,0,80.00%,60.00%,100.00%,0.086957,0.017483,222,命中せず！
SLOT_OLANG,5D97F0B2,OUTSIDE_LOADING,224,224,1,YES,1,0,66.67%,33.33%,100.00%,0.095238,0.010490,224,命中！
SLOT_OLANG,5D97F0B2,OUTSIDE_LOADING,239,239,1,YES,0,1,100.00%,100.00%,100.00%,0.210526,0.017483,239,$1 は $2 を使用。
SLOT_OLANG,5D97F0B2,OUTSIDE_LOADING,255,255,1,YES,0,1,100.00%,100.00%,100.00%,0.047619,0.003484,255,NO
SLOT_OLANG,5D97F0B2,OUTSIDE_LOADING,257,257,1,YES,1,0,100.00%,50.00%,100.00%,0.052632,0.003484,257,戻る
SLOT_OLANG,5D97F0B2,OUTSIDE_LOADING,259,259,1,YES,0,1,100.00%,100.00%,100.00%,0.047619,0.003484,259,OK
SLOT_OLANG,5D99CB1E,OUTSIDE_LOADING,5,5,1,YES,0,1,100.00%,100.00%,100.00%,0.111111,0.010239,5,\nMISSION COMPLETE 
SLOT_OLANG,5D9A9677,OUTSIDE_LOADING,3,3,1,YES,0,1,100.00%,100.00%,100.00%,0.040000,0.003436,3,SHUTTER
SLOT_OLANG,5D9A9677,OUTSIDE_LOADING,9,9,1,YES,0,1,100.00%,100.00%,100.00%,0.045455,0.003472,9,STN
SLOT_OLANG,5D9D70DA,OUTSIDE_LOADING,4,4,1,YES,0,1,100.00%,100.00%,100.00%,0.105263,0.010490,4,てえ！
SLOT_OLANG,5D9D70DA,OUTSIDE_LOADING,9,9,1,YES,0,1,100.00%,100.00%,100.00%,0.100000,0.013986,9,くらえ！
SLOT_OLANG,5D9D70DA,OUTSIDE_LOADING,23,23,1,YES,0,1,100.00%,100.00%,100.00%,0.148148,0.020979,23,見てくるんだ
SLOT_OLANG,5D9D70DA,OUTSIDE_LOADING,27,27,1,YES,1,0,75.00%,100.00%,100.00%,0.100000,0.013986,27,いくぞ！
SLOT_OLANG,5D9D70DA,OUTSIDE_LOADING,33,33,1,YES,0,1,100.00%,100.00%,100.00%,0.136364,0.017483,33,おのれ…！
SLOT_OLANG,5DA57090,OUTSIDE_LOADING,11,11,1,YES,1,0,75.00%,50.00%,100.00%,0.095238,0.010453,11,異状なし
SLOT_OLANG,5DA57090,OUTSIDE_LOADING,20,20,1,YES,1,0,85.71%,85.71%,100.00%,0.130435,0.024476,20,やはり何か…？
SLOT_OLANG,5DA57090,OUTSIDE_LOADING,23,23,1,YES,1,0,100.00%,50.00%,100.00%,0.142857,0.013986,23,銃声だ！
SLOT_OLANG,5DA57090,OUTSIDE_LOADING,28,28,1,YES,1,0,100.00%,85.71%,100.00%,0.238095,0.024476,28,くらいやがれ！
SLOT_OLANG,5DA57090,OUTSIDE_LOADING,34,34,1,YES,1,0,100.00%,77.78%,100.00%,0.171429,0.027875,34,ボス！ 戻って下さい！
SLOT_OLANG,5DA57090,OUTSIDE_LOADING,36,36,1,YES,1,0,100.00%,75.00%,100.00%,0.095238,0.013986,36,やめろ！
SLOT_OLANG,5DA57090,OUTSIDE_LOADING,41,41,1,YES,0,1,100.00%,100.00%,100.00%,0.173913,0.024476,41,見つかるものか…
SLOT_OLANG,5DA57090,OUTSIDE_LOADING,47,47,1,YES,0,1,100.00%,100.00%,100.00%,0.100000,0.013986,47,…くらえ
SLOT_OLANG,5DA57090,OUTSIDE_LOADING,54,54,1,YES,0,1,100.00%,100.00%,100.00%,0.200000,0.020979,54,ここまでだな！
SLOT_OLANG,5DA57090,OUTSIDE_LOADING,56,56,1,YES,1,0,80.00%,40.00%,100.00%,0.051282,0.017483,56,敵1名排除
SLOT_OLANG,5DA57090,OUTSIDE_LOADING,76,76,1,YES,0,1,100.00%,100.00%,100.00%,0.055556,0.010490,76,ンン…？
SLOT_OLANG,5DA57090,OUTSIDE_LOADING,97,97,1,YES,1,0,100.00%,66.67%,100.00%,0.200000,0.020979,97,やるじゃない
SLOT_OLANG,5DA57090,OUTSIDE_LOADING,102,102,1,YES,1,0,85.71%,85.71%,100.00%,0.300000,0.024476,102,大した事ないな…
SLOT_OLANG,5DA57090,OUTSIDE_LOADING,104,104,1,YES,1,0,100.00%,88.89%,100.00%,0.350000,0.031469,104,まだこんなもんじゃ！
SLOT_OLANG,5DA57090,OUTSIDE_LOADING,110,110,1,YES,1,0,100.00%,83.33%,100.00%,0.142857,0.020979,110,どうかしましたか
SLOT_OLANG,5DA57090,OUTSIDE_LOADING,116,116,1,YES,0,1,100.00%,100.00%,100.00%,0.142857,0.017483,116,そうくるか
SLOT_OLANG,5DA57090,OUTSIDE_LOADING,139,139,1,YES,1,0,75.00%,100.00%,100.00%,0.095238,0.013986,139,きたぞ！
SLOT_OLANG,5DA57090,OUTSIDE_LOADING,145,145,1,YES,1,0,100.00%,83.33%,100.00%,0.142857,0.020979,145,こうこなくちゃな
SLOT_OLANG,5DA57090,OUTSIDE_LOADING,148,148,1,YES,1,0,80.00%,100.00%,100.00%,0.093750,0.017483,148,ええと…何か…
SLOT_OLANG,5DA57090,OUTSIDE_LOADING,174,174,1,YES,1,0,100.00%,66.67%,100.00%,0.136364,0.010490,174,来い！
SLOT_OLANG,5DA57090,OUTSIDE_LOADING,177,177,1,YES,1,0,87.50%,75.00%,100.00%,0.227273,0.024390,177,ん？　…異状なしか
SLOT_OLANG,5DA57090,OUTSIDE_LOADING,181,181,1,YES,0,1,100.00%,100.00%,100.00%,0.107143,0.017483,181,もうダメだ
SLOT_OLANG,5DA57090,OUTSIDE_LOADING,187,187,1,YES,0,1,100.00%,100.00%,100.00%,0.120000,0.020979,187,まわりこめ！
SLOT_OLANG,5DA57090,OUTSIDE_LOADING,201,201,1,YES,1,0,100.00%,50.00%,100.00%,0.142857,0.013986,201,銃声が！
SLOT_OLANG,5DA57090,OUTSIDE_LOADING,203,203,1,YES,0,1,100.00%,100.00%,100.00%,0.142857,0.013986,203,人が…？
SLOT_OLANG,5DA57090,OUTSIDE_LOADING,208,208,1,YES,1,0,80.00%,100.00%,100.00%,0.192308,0.017483,208,何かいるのか
SLOT_OLANG,5DA57090,OUTSIDE_LOADING,220,220,1,YES,1,0,100.00%,88.89%,100.00%,0.173913,0.031469,220,みんな気をつけろ！
SLOT_OLANG,5DA57090,OUTSIDE_LOADING,226,226,1,YES,0,1,100.00%,100.00%,100.00%,0.150000,0.017483,226,こっちだ！
SLOT_OLANG,5DA57090,OUTSIDE_LOADING,230,230,1,YES,0,1,100.00%,100.00%,100.00%,0.200000,0.013986,230,いるな！
SLOT_OLANG,5DA57090,OUTSIDE_LOADING,240,240,1,YES,1,0,100.00%,83.33%,100.00%,0.137931,0.020979,240,やられそうだ
SLOT_OLANG,5DA57090,OUTSIDE_LOADING,259,259,1,YES,1,0,100.00%,33.33%,100.00%,0.095238,0.010490,259,銃声！
SLOT_OLANG,5DA57090,OUTSIDE_LOADING,271,271,1,YES,1,0,100.00%,80.00%,100.00%,0.088235,0.017483,271,仲間か！？
SLOT_OLANG,5DA57090,OUTSIDE_LOADING,273,273,1,YES,0,1,100.00%,100.00%,100.00%,0.227273,0.017483,273,敵がいる！
SLOT_OLANG,5DA57090,OUTSIDE_LOADING,291,291,1,YES,1,0,87.50%,100.00%,100.00%,0.181818,0.027972,291,何かあったのか！？
SLOT_OLANG,5DA57090,OUTSIDE_LOADING,300,300,1,YES,1,0,83.33%,100.00%,100.00%,0.142857,0.020979,300,また何か！？
SLOT_OLANG,5DA57090,OUTSIDE_LOADING,302,302,1,YES,1,0,83.33%,100.00%,100.00%,0.142857,0.020979,302,また何か…？
SLOT_OLANG,5DA57090,OUTSIDE_LOADING,304,304,1,YES,1,0,100.00%,66.67%,100.00%,0.130435,0.020979,304,銃声がした！
SLOT_OLANG,5DA57090,OUTSIDE_LOADING,306,306,1,YES,0,1,100.00%,100.00%,100.00%,0.095238,0.013986,306,人か…？
SLOT_OLANG,5DA57090,OUTSIDE_LOADING,313,313,1,YES,0,1,100.00%,100.00%,100.00%,0.142857,0.020979,313,…さよならだ
SLOT_OLANG,5DA57090,OUTSIDE_LOADING,316,316,1,YES,0,1,100.00%,100.00%,100.00%,0.166667,0.020979,316,しっかりしろ！
SLOT_OLANG,5DA57090,OUTSIDE_LOADING,319,319,1,YES,0,1,100.00%,100.00%,100.00%,0.157895,0.013986,319,そこだ！
SLOT_OLANG,5DA60C2A,OUTSIDE_LOADING,4,4,1,YES,0,1,100.00%,100.00%,100.00%,0.076923,0.006849,4,ICON HELP
SLOT_OLANG,5DA60C2A,OUTSIDE_LOADING,65,65,1,YES,1,0,33.33%,33.33%,100.00%,0.068966,0.010490,65,英雄度
SLOT_OLANG,5DA60C2A,OUTSIDE_LOADING,85,85,1,YES,0,1,100.00%,100.00%,100.00%,0.038462,0.003425,85,METAL GEAR
SLOT_OLANG,5DA60C2A,OUTSIDE_LOADING,89,89,1,YES,0,1,100.00%,100.00%,100.00%,0.080000,0.006873,89,OUTER OPS
SLOT_OLANG,5DA60C2A,OUTSIDE_LOADING,101,101,1,YES,1,0,100.00%,50.00%,100.00%,0.052632,0.003484,101,戻る
SLOT_OLANG,5DA7D876,OUTSIDE_LOADING,0,0,1,YES,0,1,100.00%,100.00%,100.00%,0.090909,0.006944,0,GOAL
SLOT_OLANG,5DA7D876,OUTSIDE_LOADING,7,7,1,YES,0,1,100.00%,100.00%,100.00%,0.040000,0.003436,7,EL CENAGAL
SLOT_OLANG,5DA7D876,OUTSIDE_LOADING,9,9,1,YES,0,1,100.00%,100.00%,100.00%,0.068966,0.006780,9,EL CENAGAL: SWAMP
SLOT_OLANG,5DA7D877,OUTSIDE_LOADING,15,15,1,YES,0,1,100.00%,100.00%,100.00%,0.090909,0.006944,15,GOAL
SLOT_OLANG,5DA7D878,OUTSIDE_LOADING,7,7,1,YES,0,1,100.00%,100.00%,100.00%,0.000000,0.000000,7,CATARATA DE LA MUERTE
SLOT_OLANG,5DA7D878,OUTSIDE_LOADING,11,11,1,YES,0,1,100.00%,100.00%,100.00%,0.090909,0.006944,11,GOAL
SLOT_OLANG,5DA7D879,OUTSIDE_LOADING,8,8,1,YES,0,1,100.00%,100.00%,100.00%,0.083333,0.006897,8,MINING PIT
SLOT_OLANG,5DA7D879,OUTSIDE_LOADING,10,10,1,YES,0,1,100.00%,100.00%,100.00%,0.090909,0.006944,10,GOAL
SLOT_OLANG,5DB4D9C8,OUTSIDE_LOADING,16,16,1,YES,0,1,100.00%,100.00%,100.00%,0.083333,0.006897,16,RATION
SLOT_OLANG,5DB4D9C8,OUTSIDE_LOADING,20,20,1,YES,0,1,100.00%,100.00%,100.00%,0.190476,0.013937,20,BINOS
SLOT_OLANG,5DB4D9C8,OUTSIDE_LOADING,29,29,1,YES,0,1,100.00%,100.00%,100.00%,0.080000,0.006873,29,SECRET DOC
SLOT_OLANG,5DB4D9C8,OUTSIDE_LOADING,57,57,1,YES,0,1,100.00%,100.00%,100.00%,0.000000,0.000000,57,MTN DEW
SLOT_OLANG,5DB4D9C8,OUTSIDE_LOADING,63,63,1,YES,0,1,100.00%,100.00%,100.00%,0.080000,0.006873,63,UT(LOGO)
SLOT_OLANG,5DB4D9C8,OUTSIDE_LOADING,104,104,1,YES,0,1,100.00%,100.00%,100.00%,0.125000,0.010345,104,LIOLAEUS
SLOT_OLANG,5DB4D9C8,OUTSIDE_LOADING,106,106,1,YES,0,1,100.00%,100.00%,100.00%,0.080000,0.006873,106,BAD SMELL
SLOT_OLANG,5DB4D9C8,OUTSIDE_LOADING,108,108,1,YES,0,1,100.00%,100.00%,100.00%,0.086957,0.006920,108,NEO MOSS
SLOT_OLANG,5DB4D9C8,OUTSIDE_LOADING,166,166,1,YES,0,1,100.00%,100.00%,100.00%,0.076923,0.006849,166,STRIKE MK.
SLOT_OLANG,5DB4D9C8,OUTSIDE_LOADING,193,193,1,YES,0,1,100.00%,100.00%,100.00%,0.000000,0.000000,193,HEAT
SLOT_OLANG,5DB4D9C8,OUTSIDE_LOADING,213,213,1,YES,0,1,100.00%,100.00%,100.00%,0.076923,0.006849,213,SHLD(BK)
SLOT_OLANG,5DB4D9C8,OUTSIDE_LOADING,227,227,1,YES,0,1,100.00%,100.00%,100.00%,0.045455,0.003472,227,NONE
SLOT_OLANG,5DB83C7B,OUTSIDE_LOADING,12,12,1,YES,0,1,100.00%,100.00%,100.00%,0.045455,0.003472,12,PTS
SLOT_OLANG,5DB85CF0,OUTSIDE_LOADING,15,15,1,YES,1,0,100.00%,61.11%,100.00%,0.162791,0.041096,15,選択状態を初期化します。よろしいですか？
SLOT_OLANG,5DB96275,OUTSIDE_LOADING,0,0,1,YES,0,1,100.00%,100.00%,100.00%,0.107143,0.010204,0,MOTHER-BASE DATA
SLOT_OLANG,5DB96275,OUTSIDE_LOADING,7,7,1,YES,0,1,100.00%,100.00%,100.00%,0.043478,0.003460,7,LIFE
SLOT_OLANG,5DB96275,OUTSIDE_LOADING,39,39,1,YES,0,1,100.00%,100.00%,100.00%,0.080000,0.006873,39,NO INFOMATION
SLOT_OLANG,5DB96275,OUTSIDE_LOADING,70,70,1,YES,0,1,100.00%,100.00%,100.00%,0.041667,0.003448,70,NO DATA
SLOT_OLANG,5DB96275,OUTSIDE_LOADING,86,86,1,YES,1,0,60.00%,80.00%,100.00%,0.073171,0.010417,86,英雄リスト
SLOT_OLANG,5DB96275,OUTSIDE_LOADING,97,97,1,YES,1,0,100.00%,62.50%,100.00%,0.044444,0.013793,97,ゲームプレイ時間
SLOT_OLANG,5DB96275,OUTSIDE_LOADING,124,124,1,YES,1,0,33.33%,33.33%,100.00%,0.068966,0.010490,124,英雄度
SLOT_OLANG,5DB96275,OUTSIDE_LOADING,141,141,1,YES,0,1,100.00%,100.00%,100.00%,0.043478,0.003460,141,STUN
SLOT_OLANG,5DB9708C,OUTSIDE_LOADING,0,0,1,YES,1,0,100.00%,87.50%,100.00%,0.200000,0.027972,0,どうかしたのか！？
SLOT_OLANG,5DB9708C,OUTSIDE_LOADING,2,2,1,YES,1,0,100.00%,83.33%,100.00%,0.133333,0.020979,2,どうした！？
SLOT_OLANG,5DB9910A,OUTSIDE_LOADING,0,0,1,YES,0,1,100.00%,100.00%,100.00%,0.181818,0.006993,0,はい
SLOT_OLANG,5DB9910A,OUTSIDE_LOADING,2,2,1,YES,0,1,100.00%,100.00%,100.00%,0.111111,0.006993,2,いいえ
SLOT_OLANG,5DB9910A,OUTSIDE_LOADING,13,13,1,YES,0,1,100.00%,100.00%,100.00%,0.090909,0.013793,13,SELECTボタン
SLOT_OLANG,5DB9910A,OUTSIDE_LOADING,19,19,1,YES,0,1,100.00%,100.00%,100.00%,0.142857,0.013793,19,データインストール
SLOT_OLANG,5DB9910A,OUTSIDE_LOADING,26,26,1,YES,0,1,100.00%,100.00%,100.00%,0.083333,0.006897,26,AUTO AIM
SLOT_OLANG,5DB9910A,OUTSIDE_LOADING,43,43,1,YES,1,0,100.00%,66.67%,100.00%,0.222222,0.013889,43,ハンタータイプ
SLOT_OLANG,5DB9910A,OUTSIDE_LOADING,49,49,1,YES,1,0,100.00%,77.78%,100.00%,0.086957,0.020761,49,キャラクターの向き
SLOT_OLANG,5DB9910A,OUTSIDE_LOADING,56,56,1,YES,0,1,100.00%,100.00%,100.00%,0.041667,0.003448,56,NO DATA
SLOT_OLANG,5DB9910A,OUTSIDE_LOADING,58,58,1,YES,0,1,100.00%,100.00%,100.00%,0.041667,0.003448,58,PAUSE
SLOT_OLANG,5DB9910A,OUTSIDE_LOADING,60,60,1,YES,0,1,100.00%,100.00%,100.00%,0.047619,0.003484,60,NO
SLOT_OLANG,5DB9910A,OUTSIDE_LOADING,62,62,1,YES,0,1,100.00%,100.00%,100.00%,0.000000,0.000000,62,CALL
SLOT_OLANG,5DBA016B,OUTSIDE_LOADING,0,0,1,YES,0,1,100.00%,100.00%,100.00%,0.080000,0.006873,0,RHAMPHOS
SLOT_OLANG,5DBA016B,OUTSIDE_LOADING,2,2,1,YES,0,1,100.00%,100.00%,100.00%,0.125000,0.010345,2,LIOLAEUS
SLOT_OLANG,5DBA016B,OUTSIDE_LOADING,4,4,1,YES,0,1,100.00%,100.00%,100.00%,0.086957,0.006920,4,AIROU
SLOT_OLANG,5DC1E6A9,OUTSIDE_LOADING,9,9,1,YES,0,1,100.00%,100.00%,100.00%,0.030303,0.003460,9,クリサリス
SLOT_OLANG,5DC48887,OUTSIDE_LOADING,4,4,1,YES,0,1,100.00%,100.00%,100.00%,0.083333,0.006897,4,PATRIOT
SLOT_OLANG,5DC48887,OUTSIDE_LOADING,11,11,1,YES,0,1,100.00%,100.00%,100.00%,0.060606,0.006969,11,M10
SLOT_OLANG,5DC48887,OUTSIDE_LOADING,16,16,1,YES,0,1,100.00%,100.00%,100.00%,0.054054,0.010345,16,M10(SP)
SLOT_OLANG,5DC48887,OUTSIDE_LOADING,30,30,1,YES,0,1,100.00%,100.00%,100.00%,0.000000,0.000000,30,FAL
SLOT_OLANG,5DC48887,OUTSIDE_LOADING,33,33,1,YES,0,1,100.00%,100.00%,100.00%,0.130435,0.010381,33,IRN BOMB
SLOT_OLANG,5DC48887,OUTSIDE_LOADING,35,35,1,YES,0,1,100.00%,100.00%,100.00%,0.035714,0.003401,35,PETRIF.ATK
SLOT_OLANG,5DC48887,OUTSIDE_LOADING,48,48,1,YES,0,1,100.00%,100.00%,100.00%,0.083333,0.017422,48,120MM SG
SLOT_OLANG,5DC48887,OUTSIDE_LOADING,56,56,1,YES,0,1,100.00%,100.00%,100.00%,0.000000,0.000000,56,PM
SLOT_OLANG,5DC48887,OUTSIDE_LOADING,66,66,1,YES,0,1,100.00%,100.00%,100.00%,0.040000,0.003436,66,AT MINE
SLOT_OLANG,5DC48887,OUTSIDE_LOADING,74,74,1,YES,0,1,100.00%,100.00%,100.00%,0.125000,0.010345,74,COMIC MAG.
SLOT_OLANG,5DC48887,OUTSIDE_LOADING,77,77,1,YES,0,1,100.00%,100.00%,100.00%,0.000000,0.000000,77,EM NET
SLOT_OLANG,5DC48887,OUTSIDE_LOADING,107,107,1,YES,0,1,100.00%,100.00%,100.00%,0.080000,0.006873,107,RAIL GUN
SLOT_OLANG,5DC48887,OUTSIDE_LOADING,110,110,1,YES,0,1,100.00%,100.00%,100.00%,0.030303,0.006944,110,WA2000
SLOT_OLANG,5DC48887,OUTSIDE_LOADING,113,113,1,YES,0,1,100.00%,100.00%,100.00%,0.040000,0.003436,113,M.NAGANT
SLOT_OLANG,5DC48887,OUTSIDE_LOADING,135,135,1,YES,0,1,100.00%,100.00%,100.00%,0.080000,0.006873,135,STUN ROD
SLOT_OLANG,5DCBF8C0,OUTSIDE_LOADING,35,35,1,YES,0,1,100.00%,100.00%,100.00%,0.208333,0.038194,35,HOSTが見つかりません。
SLOT_OLANG,5DCBF8C0,OUTSIDE_LOADING,39,39,1,YES,1,0,100.00%,50.00%,100.00%,0.047619,0.010381,39,ゲームを開始
SLOT_OLANG,5DCBF8C0,OUTSIDE_LOADING,43,43,1,YES,1,0,100.00%,50.00%,100.00%,0.052632,0.003484,43,戻る
SLOT_OLANG,5DCBF8C0,OUTSIDE_LOADING,48,48,1,YES,0,1,100.00%,100.00%,100.00%,0.230769,0.048611,48,HOSTが見つかりませんでした。
SLOT_OLANG,5DCBF8C0,OUTSIDE_LOADING,52,52,1,YES,1,0,100.00%,33.33%,100.00%,0.050000,0.013889,52,ゲームを作成
SLOT_OLANG,5DCBF8C0,OUTSIDE_LOADING,55,55,1,YES,1,0,100.00%,83.33%,100.00%,0.047619,0.003436,55,<I=CAN>:キャンセル
SLOT_OLANG,5DCDD1C4,OUTSIDE_LOADING,10,10,1,YES,0,1,100.00%,100.00%,100.00%,0.041667,0.003448,10,UNKNOWN
SLOT_OLANG,5DCDD1C4,OUTSIDE_LOADING,14,14,1,YES,1,0,100.00%,50.00%,100.00%,0.066667,0.006993,14,パス
SLOT_OLANG,5DCDD1C4,OUTSIDE_LOADING,24,24,1,YES,0,1,100.00%,100.00%,100.00%,0.043478,0.003460,24,BACK
SLOT_OLANG,5DCE245A,OUTSIDE_LOADING,8,8,1,YES,1,0,100.00%,80.00%,100.00%,0.125000,0.017483,8,さあ 来い！
SLOT_OLANG,5DCE245C,OUTSIDE_LOADING,16,16,1,YES,0,1,100.00%,100.00%,100.00%,0.062500,0.006993,16,10
SLOT_OLANG,5DCE245C,OUTSIDE_LOADING,27,27,1,YES,1,0,100.00%,85.71%,100.00%,0.136364,0.024476,27,これはどうだ！
SLOT_OLANG,5DCE245C,OUTSIDE_LOADING,33,33,1,YES,0,1,100.00%,100.00%,100.00%,0.240000,0.031469,33,まだ終わっていない！
SLOT_OLANG,5DCE245C,OUTSIDE_LOADING,52,52,1,YES,1,0,100.00%,80.00%,100.00%,0.125000,0.017483,52,さあ 来い！
SLOT_OLANG,5DD2A877,OUTSIDE_LOADING,39,39,1,YES,1,0,90.00%,90.00%,100.00%,0.272727,0.031359,39,あなたは...鳥になったの？
SLOT_OLANG,5DD2A877,OUTSIDE_LOADING,52,52,1,YES,0,1,100.00%,100.00%,100.00%,0.230769,0.034965,52,まだだ！\nまだ終わってなーい！
SLOT_OLANG,5DD2A877,OUTSIDE_LOADING,66,66,1,YES,1,0,93.33%,86.67%,100.00%,0.250000,0.045139,66,すまない...僕が作った兵器のせいで...
SLOT_OLANG,5DD2A877,OUTSIDE_LOADING,70,70,1,YES,1,0,93.75%,87.50%,100.00%,0.179487,0.055944,70,どうしたんだボスっ！\n答えてくれ！　ボスーっ！！
SLOT_OLANG,5DD2A877,OUTSIDE_LOADING,74,74,1,YES,1,0,86.67%,93.33%,100.00%,0.242424,0.052448,74,おい！　何があった！？\n答えろ！　答えるんだ！！
SLOT_OLANG,5DD2A877,OUTSIDE_LOADING,101,101,1,YES,1,0,94.44%,94.44%,100.00%,0.282051,0.062937,101,何をしている\n殺してはダメだと言ったろう！
SLOT_OLANG,5DD982F6,OUTSIDE_LOADING,12,12,1,YES,0,1,100.00%,100.00%,100.00%,0.043478,0.003460,12,SWAT
SLOT_OLANG,5DD9AF4C,OUTSIDE_LOADING,31,31,1,YES,0,1,100.00%,100.00%,100.00%,0.000000,0.000000,31,CANCEL
SLOT_OLANG,5DD9B1F3,OUTSIDE_LOADING,18,18,1,YES,0,1,100.00%,100.00%,100.00%,0.041667,0.003448,18,EDIT:$1
SLOT_OLANG,5DD9B1F3,OUTSIDE_LOADING,21,21,1,YES,0,1,100.00%,100.00%,100.00%,0.041667,0.003448,21,MONTH
SLOT_OLANG,5DD9B1F3,OUTSIDE_LOADING,35,35,1,YES,0,1,100.00%,100.00%,100.00%,0.100000,0.010135,35,(NO MUSIC SELECTED)
SLOT_OLANG,5DD9B1F3,OUTSIDE_LOADING,38,38,1,YES,0,1,100.00%,100.00%,100.00%,0.043478,0.003460,38,SEND
SLOT_OLANG,5DD9B1F3,OUTSIDE_LOADING,73,73,1,YES,0,1,100.00%,100.00%,100.00%,0.206897,0.031469,73,まくしたてる、GOGO
SLOT_OLANG,5DD9B1F3,OUTSIDE_LOADING,88,88,1,YES,0,1,100.00%,100.00%,100.00%,0.047619,0.003484,88,GoGoGo
SLOT_OLANG,5DDB94DF,OUTSIDE_LOADING,1,1,1,YES,0,1,100.00%,100.00%,100.00%,0.062500,0.006993,1,ボス
SLOT_OLANG,5DDB94DF,OUTSIDE_LOADING,12,12,1,YES,1,0,75.00%,100.00%,100.00%,0.150000,0.013986,12,いたぞ…
SLOT_OLANG,5DDB94DF,OUTSIDE_LOADING,18,18,1,YES,0,1,100.00%,100.00%,100.00%,0.125000,0.031469,18,まずい 気をつけろ！
SLOT_OLANG,5DDB94DF,OUTSIDE_LOADING,32,32,1,YES,0,1,100.00%,100.00%,100.00%,0.142857,0.020979,32,まずかったか？
SLOT_OLANG,5DDB94DF,OUTSIDE_LOADING,36,36,1,YES,0,1,100.00%,100.00%,100.00%,0.150000,0.017483,36,こっちだ！ 
SLOT_OLANG,5DDB94DF,OUTSIDE_LOADING,63,63,1,YES,1,0,80.00%,100.00%,100.00%,0.136364,0.017483,63,何だって？
SLOT_OLANG,5DDB94DF,OUTSIDE_LOADING,100,100,1,YES,1,0,100.00%,86.67%,100.00%,0.216216,0.052448,100,パス！ そいつをどうするつもりだ！？
SLOT_OLANG,5DDB94DF,OUTSIDE_LOADING,103,103,1,YES,1,0,100.00%,83.33%,100.00%,0.125000,0.020979,103,パス まさか…
SLOT_OLANG,5DDB94DF,OUTSIDE_LOADING,107,107,1,YES,1,0,100.00%,75.00%,100.00%,0.120000,0.027972,107,さあ 止めてみろ！
SLOT_OLANG,5DDB94DF,OUTSIDE_LOADING,110,110,1,YES,1,0,88.89%,88.89%,100.00%,0.166667,0.031469,110,もう一つの意味は…
SLOT_OLANG,5DDB94DF,OUTSIDE_LOADING,116,116,1,YES,1,0,90.00%,80.00%,100.00%,0.161290,0.034965,116,利用させて貰ったんだ
SLOT_OLANG,5DDB94DF,OUTSIDE_LOADING,118,118,1,YES,1,0,100.00%,85.71%,100.00%,0.230769,0.041667,118,そうだ パスはCIAだけじゃない
SLOT_OLANG,5DDB94DF,OUTSIDE_LOADING,130,130,1,YES,1,0,76.92%,76.92%,100.00%,0.216216,0.045455,130,これこそ ひとつの革命だ そうだろ？ 
SLOT_OLANG,5DDB94DF,OUTSIDE_LOADING,132,132,1,YES,1,0,85.71%,71.43%,100.00%,0.136364,0.024476,132,どういう意味だ？
SLOT_OLANG,5DDB94DF,OUTSIDE_LOADING,134,134,1,YES,1,0,75.00%,100.00%,100.00%,0.187500,0.027972,134,ああ つまり 俺達は？ 
SLOT_OLANG,5DDB94DF,OUTSIDE_LOADING,139,139,1,YES,1,0,100.00%,80.00%,100.00%,0.100000,0.017483,139,それじゃ？
SLOT_OLANG,5DDB94DF,OUTSIDE_LOADING,143,143,1,YES,0,1,100.00%,100.00%,100.00%,0.105263,0.006993,143,…ああ
SLOT_OLANG,5DDB94DF,OUTSIDE_LOADING,146,146,1,YES,1,0,90.91%,90.91%,100.00%,0.171429,0.038462,146,そこまで知っていて…！？
SLOT_OLANG,5DDB94DF,OUTSIDE_LOADING,156,156,1,YES,0,1,100.00%,100.00%,100.00%,0.075000,0.010490,156,そうだ
SLOT_OLANG,5DDD0EA8,OUTSIDE_LOADING,36,36,1,YES,0,1,100.00%,100.00%,100.00%,0.166667,0.020979,36,自分について
SLOT_OLANG,5DDD0EA8,OUTSIDE_LOADING,98,98,1,YES,1,0,90.00%,90.00%,100.00%,0.139535,0.031359,98,・ザ・ボスAIとの違い
SLOT_OLANG,5DDD0EA8,OUTSIDE_LOADING,103,103,1,YES,0,1,100.00%,100.00%,100.00%,0.173913,0.017483,103,人について
SLOT_OLANG,5DDD0EA8,OUTSIDE_LOADING,110,110,1,YES,0,1,100.00%,100.00%,100.00%,0.102564,0.013986,110,ザ・ボス
SLOT_OLANG,5DDD0EA8,OUTSIDE_LOADING,123,123,1,YES,0,1,100.00%,100.00%,100.00%,0.047619,0.003484,123,AI
SLOT_OLANG,5DDD0EA8,OUTSIDE_LOADING,133,133,1,YES,0,1,100.00%,100.00%,100.00%,0.047619,0.006897,133,・トレニャー
SLOT_OLANG,5DDD0EA8,OUTSIDE_LOADING,143,143,1,YES,0,1,100.00%,100.00%,100.00%,0.045455,0.003472,143,UFO
SLOT_OLANG,5DDD0EA8,OUTSIDE_LOADING,206,206,1,YES,0,1,100.00%,100.00%,100.00%,0.041667,0.010490,206,敵兵力
SLOT_OLANG,5DDD0EA8,OUTSIDE_LOADING,294,294,1,YES,1,0,80.00%,60.00%,100.00%,0.080000,0.017483,294,敵兵の種類
SLOT_OLANG,5DDD0EA8,OUTSIDE_LOADING,320,320,1,YES,1,0,100.00%,25.00%,100.00%,0.033333,0.003460,320,作戦内容
SLOT_OLANG,5DDD0EA8,OUTSIDE_LOADING,365,365,1,YES,1,0,100.00%,75.00%,100.00%,0.033333,0.006944,365,ゲリラ戦
SLOT_OLANG,5DDD0EA8,OUTSIDE_LOADING,372,372,1,YES,1,0,50.00%,50.00%,100.00%,0.315789,0.020979,372,偉大な指導者
SLOT_OLANG,5DDD0EA8,OUTSIDE_LOADING,383,383,1,YES,0,1,100.00%,100.00%,100.00%,0.038462,0.006873,383,・CIPHER
SLOT_OLANG,5DDD0EA8,OUTSIDE_LOADING,392,392,1,YES,0,1,100.00%,100.00%,100.00%,0.045455,0.003472,392,MSF
SLOT_OLANG,5DDFF09B,OUTSIDE_LOADING,0,0,1,YES,0,1,100.00%,100.00%,100.00%,0.200000,0.020979,0,はいだらー！
SLOT_OLANG,5DDFF09B,OUTSIDE_LOADING,3,3,1,YES,1,0,92.31%,84.62%,100.00%,0.184211,0.045455,3,あんたと食うメシがいちばんうまい
SLOT_OLANG,5DDFF09B,OUTSIDE_LOADING,5,5,1,YES,1,0,100.00%,80.00%,100.00%,0.100000,0.017483,5,うにゃ？ うにゃにゃ…？
SLOT_OLANG,5DDFF09B,OUTSIDE_LOADING,7,7,1,YES,0,1,100.00%,100.00%,100.00%,0.200000,0.017483,7,見てくれ！
SLOT_OLANG,5DDFF09B,OUTSIDE_LOADING,12,12,1,YES,0,1,100.00%,100.00%,100.00%,0.217391,0.031469,12,ボス…あんたとなら
SLOT_OLANG,5DDFF09B,OUTSIDE_LOADING,16,16,1,YES,0,1,100.00%,100.00%,100.00%,0.307692,0.020979,16,そうはいかない
SLOT_OLANG,5DDFF09B,OUTSIDE_LOADING,21,21,1,YES,0,1,100.00%,100.00%,100.00%,0.142857,0.017483,21,あんたこそ
SLOT_OLANG,5DDFF09B,OUTSIDE_LOADING,23,23,1,YES,0,1,100.00%,100.00%,100.00%,0.263158,0.017483,23,あんたもな
SLOT_OLANG,5DDFF09B,OUTSIDE_LOADING,25,25,1,YES,1,0,71.43%,100.00%,100.00%,0.172414,0.024476,25,俺もついてるぞ
SLOT_OLANG,5DDFF09B,OUTSIDE_LOADING,27,27,1,YES,1,0,100.00%,83.33%,100.00%,0.181818,0.020979,27,いつでも来い！
SLOT_OLANG,5DDFF09B,OUTSIDE_LOADING,37,37,1,YES,0,1,100.00%,100.00%,100.00%,0.181818,0.024476,37,さすがボスだな
SLOT_OLANG,5DDFF09B,OUTSIDE_LOADING,45,45,1,YES,1,0,88.89%,77.78%,100.00%,0.217391,0.031469,45,やめろよ…違うって…
SLOT_OLANG,5DDFF09B,OUTSIDE_LOADING,73,73,1,YES,0,1,100.00%,100.00%,100.00%,0.150000,0.013986,73,おいおい よせよ
SLOT_OLANG,5DDFF09B,OUTSIDE_LOADING,75,75,1,YES,0,1,100.00%,100.00%,100.00%,0.137931,0.020979,75,そうしてくれ
SLOT_OLANG,5DDFF09B,OUTSIDE_LOADING,77,77,1,YES,0,1,100.00%,100.00%,100.00%,0.172414,0.027972,77,あんたがボスだ！
SLOT_OLANG,5DDFF09B,OUTSIDE_LOADING,83,83,1,YES,1,0,81.82%,100.00%,100.00%,0.181818,0.038462,83,さすがにそれは…死ぬぞ
SLOT_OLANG,5DDFF09B,OUTSIDE_LOADING,100,100,1,YES,0,1,100.00%,100.00%,100.00%,0.176471,0.013986,100,な なんだ？
SLOT_OLANG,5DDFF09B,OUTSIDE_LOADING,119,119,1,YES,0,1,100.00%,100.00%,100.00%,0.250000,0.024476,119,なんのことだ？
SLOT_OLANG,5DDFF0A5,OUTSIDE_LOADING,30,30,1,YES,1,0,66.67%,33.33%,100.00%,0.111111,0.010490,30,ひどい
SLOT_OLANG,5DDFF0A5,OUTSIDE_LOADING,37,37,1,YES,1,0,100.00%,66.67%,100.00%,0.100000,0.010490,37,すごい
SLOT_OLANG,5DDFF0A5,OUTSIDE_LOADING,46,46,1,YES,0,1,100.00%,100.00%,100.00%,0.217391,0.031469,46,はい…わかっています…
SLOT_OLANG,5DDFF0A5,OUTSIDE_LOADING,49,49,1,YES,1,0,100.00%,66.67%,100.00%,0.100000,0.010490,49,いや…
SLOT_OLANG,5DDFF0A5,OUTSIDE_LOADING,54,54,1,YES,1,0,63.64%,72.73%,100.00%,0.260870,0.038462,54,私は…パス… 平和を…愛する…
SLOT_OLANG,5DDFF0A5,OUTSIDE_LOADING,69,69,1,YES,1,0,100.00%,83.33%,100.00%,0.172414,0.020979,69,どうしたの？
SLOT_OLANG,5DDFF0A5,OUTSIDE_LOADING,73,73,1,YES,1,0,100.00%,75.00%,100.00%,0.153846,0.013986,73,来ないで
SLOT_OLANG,5DDFF0A5,OUTSIDE_LOADING,76,76,1,YES,1,0,100.00%,75.00%,100.00%,0.150000,0.013986,76,やめて！
SLOT_OLANG,5DDFF0A5,OUTSIDE_LOADING,78,78,1,YES,1,0,87.50%,100.00%,100.00%,0.238095,0.027972,78,何を見てるの…？
SLOT_OLANG,5DDFF0A5,OUTSIDE_LOADING,80,80,1,YES,1,0,100.00%,66.67%,100.00%,0.095238,0.010490,80,やだ…
SLOT_OLANG,5DDFF0A5,OUTSIDE_LOADING,82,82,1,YES,0,1,100.00%,100.00%,100.00%,0.142857,0.017483,82,そうして…
SLOT_OLANG,5DDFF0A5,OUTSIDE_LOADING,90,90,1,YES,1,0,100.00%,85.71%,100.00%,0.166667,0.024476,90,え？ どうしたの？
SLOT_OLANG,5DEEEA4A,OUTSIDE_LOADING,1,1,1,YES,0,1,100.00%,100.00%,100.00%,0.058824,0.003484,1,ルール
SLOT_OLANG,5DEEEA4A,OUTSIDE_LOADING,4,4,1,YES,1,0,66.67%,66.67%,100.00%,0.111111,0.010490,4,ひとこと
SLOT_OLANG,5DEEEA4A,OUTSIDE_LOADING,9,9,1,YES,0,1,100.00%,100.00%,100.00%,0.120000,0.020979,9,おつかれさま
SLOT_OLANG,5DEEEA4A,OUTSIDE_LOADING,12,12,1,YES,0,1,100.00%,100.00%,100.00%,0.095238,0.013986,12,よろしく
SLOT_OLANG,5DEEEA4A,OUTSIDE_LOADING,42,42,1,YES,1,0,85.71%,85.71%,100.00%,0.190476,0.024476,42,じゃあ、俺が！
SLOT_OLANG,5DEEEA4A,OUTSIDE_LOADING,44,44,1,YES,1,0,100.00%,66.67%,100.00%,0.130435,0.020979,44,本気で来い！
SLOT_OLANG,5DEEEA4A,OUTSIDE_LOADING,52,52,1,YES,0,1,100.00%,100.00%,100.00%,0.153846,0.013986,52,すまない
SLOT_OLANG,5DEEEA4A,OUTSIDE_LOADING,55,55,1,YES,0,1,100.00%,100.00%,100.00%,0.055556,0.006993,55,実戦
SLOT_OLANG,5DEEEA4A,OUTSIDE_LOADING,57,57,1,YES,1,0,100.00%,83.33%,100.00%,0.137931,0.017422,57,初めての対戦
SLOT_OLANG,5DEFED13,OUTSIDE_LOADING,3,3,1,YES,0,1,100.00%,100.00%,100.00%,0.142857,0.017483,3,使用しない
SLOT_OLANG,5DEFED13,OUTSIDE_LOADING,9,9,1,YES,1,0,100.00%,0.00%,100.00%,0.000000,0.000000,9,選択
SLOT_OLANG,5DEFED13,OUTSIDE_LOADING,11,11,1,YES,1,0,100.00%,80.00%,100.00%,0.050000,0.003448,11,キャンセル
SLOT_OLANG,5DF1B9C2,OUTSIDE_LOADING,15,15,1,YES,0,1,100.00%,100.00%,100.00%,0.130435,0.010381,15,OPTIONS
STAGEDAT_OLANG,LANG_BRIEFING.OLANG,OUTSIDE_LOADING,10,10,1,YES,0,1,100.00%,100.00%,100.00%,0.041667,0.003448,10,UNKNOWN
STAGEDAT_OLANG,LANG_BRIEFING.OLANG,OUTSIDE_LOADING,14,14,1,YES,1,0,100.00%,50.00%,100.00%,0.066667,0.006993,14,パス
STAGEDAT_OLANG,LANG_BRIEFING.OLANG,OUTSIDE_LOADING,24,24,1,YES,0,1,100.00%,100.00%,100.00%,0.043478,0.003460,24,BACK
STAGEDAT_OLANG,LANG_CHARAEDIT.OLANG,OUTSIDE_LOADING,0,0,1,YES,0,1,100.00%,100.00%,100.00%,0.000000,0.000000,0,MNTL:
STAGEDAT_OLANG,LANG_CHARAEDIT.OLANG,OUTSIDE_LOADING,20,20,1,YES,0,1,100.00%,100.00%,100.00%,0.000000,0.000000,20,CHARACTER
STAGEDAT_OLANG,LANG_DATAINSTALL.OLANG,OUTSIDE_LOADING,0,0,1,YES,0,1,100.00%,100.00%,100.00%,0.080000,0.006873,0,DATA INSTALL
STAGEDAT_OLANG,LANG_DEMOTELOP.OLANG,OUTSIDE_LOADING,5,5,1,YES,0,1,100.00%,100.00%,100.00%,0.111111,0.010239,5,\nMISSION COMPLETE 
STAGEDAT_OLANG,LANG_DEMOTELOP2.OLANG,OUTSIDE_LOADING,6,6,1,YES,0,1,100.00%,100.00%,100.00%,0.080000,0.006873,6,ROMI PARK
STAGEDAT_OLANG,LANG_DEMOTELOP2.OLANG,OUTSIDE_LOADING,23,23,1,YES,0,1,100.00%,100.00%,100.00%,0.000000,0.000000,23,Written by
STAGEDAT_OLANG,LANG_DEMOTELOP2.OLANG,OUTSIDE_LOADING,28,28,1,YES,0,1,100.00%,100.00%,100.00%,0.083333,0.006897,28,MASAO TOMOSAWA
STAGEDAT_OLANG,LANG_DEMOTELOP2.OLANG,OUTSIDE_LOADING,33,33,1,YES,0,1,100.00%,100.00%,100.00%,0.037037,0.003413,33,KEIICHI MATATE
STAGEDAT_OLANG,LANG_DEMOTELOP2.OLANG,OUTSIDE_LOADING,40,40,1,YES,0,1,100.00%,100.00%,100.00%,0.153846,0.013699,40,TSUTOMU HASHIGUCHI
STAGEDAT_OLANG,LANG_DEMOTELOP2.OLANG,OUTSIDE_LOADING,47,47,1,YES,0,1,100.00%,100.00%,100.00%,0.074074,0.006826,47,AKIHIRO TERUTA
STAGEDAT_OLANG,LANG_DEMOTELOP2.OLANG,OUTSIDE_LOADING,49,49,1,YES,0,1,100.00%,100.00%,100.00%,0.076923,0.006849,49,AKIHIRO HONDA
STAGEDAT_OLANG,LANG_DEMOTELOP4.OLANG,OUTSIDE_LOADING,0,0,1,YES,0,1,100.00%,100.00%,100.00%,0.086957,0.006920,0,ARTISTS
STAGEDAT_OLANG,LANG_DEMOTELOP4.OLANG,OUTSIDE_LOADING,8,8,1,YES,0,1,100.00%,100.00%,100.00%,0.120000,0.010309,8,PROGRAMMERS
STAGEDAT_OLANG,LANG_DEMOTELOP4.OLANG,OUTSIDE_LOADING,11,11,1,YES,0,1,100.00%,100.00%,100.00%,0.107143,0.010204,11,REAL-TIME DEMO ARTIST
STAGEDAT_OLANG,LANG_DEMOTELOP4.OLANG,OUTSIDE_LOADING,13,13,1,YES,0,1,100.00%,100.00%,100.00%,0.080000,0.006873,13,ANIMATOR
STAGEDAT_OLANG,LANG_DEMOTELOP4.OLANG,OUTSIDE_LOADING,19,19,1,YES,0,1,100.00%,100.00%,100.00%,0.160000,0.013746,19,SOUND DESIGNERS
STAGEDAT_OLANG,LANG_DEMOTELOP4.OLANG,OUTSIDE_LOADING,25,25,1,YES,0,1,100.00%,100.00%,100.00%,0.064516,0.006734,25,TECHNICAL PRODUCER
STAGEDAT_OLANG,LANG_DEMOTELOP4.OLANG,OUTSIDE_LOADING,29,29,1,YES,0,1,100.00%,100.00%,100.00%,0.071429,0.006803,29,PROMOTION DIRECTOR
STAGEDAT_OLANG,LANG_DEMOTELOP4.OLANG,OUTSIDE_LOADING,31,31,1,YES,0,1,100.00%,100.00%,100.00%,0.120000,0.010309,31,GUEST ARTIST
STAGEDAT_OLANG,LANG_DEMOTELOP4.OLANG,OUTSIDE_LOADING,37,37,1,YES,0,1,100.00%,100.00%,100.00%,0.133333,0.013514,37,KONAMI DIGITAL ENTERTAINMENT PRESENTS
STAGEDAT_OLANG,LANG_EXTRA.OLANG,OUTSIDE_LOADING,3,3,1,YES,0,1,100.00%,100.00%,100.00%,0.038462,0.003425,3,NETWORK
STAGEDAT_OLANG,LANG_EXTRA.OLANG,OUTSIDE_LOADING,25,25,1,YES,0,1,100.00%,100.00%,100.00%,0.000000,0.000000,25,ALL
STAGEDAT_OLANG,LANG_EXTRA.OLANG,OUTSIDE_LOADING,27,27,1,YES,0,1,100.00%,100.00%,100.00%,0.041667,0.003448,27,OTHER
STAGEDAT_OLANG,LANG_EXTRA.OLANG,OUTSIDE_LOADING,31,31,1,YES,0,1,100.00%,100.00%,100.00%,0.000000,0.000000,31,WALKMAN
STAGEDAT_OLANG,LANG_EXTRA.OLANG,OUTSIDE_LOADING,69,69,1,YES,1,0,100.00%,92.86%,100.00%,0.200000,0.027397,69,タイトルメニューに戻ります。
STAGEDAT_OLANG,LANG_EXTRA.OLANG,OUTSIDE_LOADING,90,90,1,YES,1,0,100.00%,80.00%,100.00%,0.083333,0.013699,90,トップメニューに戻る
STAGEDAT_OLANG,LANG_EXTRA.OLANG,OUTSIDE_LOADING,97,97,1,YES,0,1,100.00%,100.00%,100.00%,0.052632,0.006944,97,ニュース
STAGEDAT_OLANG,LANG_EXTRA.OLANG,OUTSIDE_LOADING,101,101,1,YES,1,0,100.00%,90.91%,100.00%,0.125000,0.017123,101,タイトルメニューに戻る
STAGEDAT_OLANG,LANG_EXTRA.OLANG,OUTSIDE_LOADING,128,128,1,YES,0,1,100.00%,100.00%,100.00%,0.086957,0.006826,128,WALKMANデータ
STAGEDAT_OLANG,LANG_EXTRA.OLANG,OUTSIDE_LOADING,140,140,1,YES,0,1,100.00%,100.00%,100.00%,0.086957,0.006920,140,CLOSE
STAGEDAT_OLANG,LANG_GAMEOVER.OLANG,OUTSIDE_LOADING,39,39,1,YES,1,0,90.00%,90.00%,100.00%,0.272727,0.031359,39,あなたは...鳥になったの？
STAGEDAT_OLANG,LANG_GAMEOVER.OLANG,OUTSIDE_LOADING,52,52,1,YES,0,1,100.00%,100.00%,100.00%,0.230769,0.034965,52,まだだ！\nまだ終わってなーい！
STAGEDAT_OLANG,LANG_GAMEOVER.OLANG,OUTSIDE_LOADING,66,66,1,YES,1,0,93.33%,86.67%,100.00%,0.250000,0.045139,66,すまない...僕が作った兵器のせいで...
STAGEDAT_OLANG,LANG_GAMEOVER.OLANG,OUTSIDE_LOADING,70,70,1,YES,1,0,93.75%,87.50%,100.00%,0.179487,0.055944,70,どうしたんだボスっ！\n答えてくれ！　ボスーっ！！
STAGEDAT_OLANG,LANG_GAMEOVER.OLANG,OUTSIDE_LOADING,74,74,1,YES,1,0,86.67%,93.33%,100.00%,0.242424,0.052448,74,おい！　何があった！？\n答えろ！　答えるんだ！！
STAGEDAT_OLANG,LANG_GAMEOVER.OLANG,OUTSIDE_LOADING,101,101,1,YES,1,0,94.44%,94.44%,100.00%,0.282051,0.062937,101,何をしている\n殺してはダメだと言ったろう！
STAGEDAT_OLANG,LANG_ITEM_SHORT_NAME.OLANG,OUTSIDE_LOADING,16,16,1,YES,0,1,100.00%,100.00%,100.00%,0.083333,0.006897,16,RATION
STAGEDAT_OLANG,LANG_ITEM_SHORT_NAME.OLANG,OUTSIDE_LOADING,20,20,1,YES,0,1,100.00%,100.00%,100.00%,0.190476,0.013937,20,BINOS
STAGEDAT_OLANG,LANG_ITEM_SHORT_NAME.OLANG,OUTSIDE_LOADING,29,29,1,YES,0,1,100.00%,100.00%,100.00%,0.080000,0.006873,29,SECRET DOC
STAGEDAT_OLANG,LANG_ITEM_SHORT_NAME.OLANG,OUTSIDE_LOADING,57,57,1,YES,0,1,100.00%,100.00%,100.00%,0.000000,0.000000,57,MTN DEW
STAGEDAT_OLANG,LANG_ITEM_SHORT_NAME.OLANG,OUTSIDE_LOADING,63,63,1,YES,0,1,100.00%,100.00%,100.00%,0.080000,0.006873,63,UT(LOGO)
STAGEDAT_OLANG,LANG_ITEM_SHORT_NAME.OLANG,OUTSIDE_LOADING,104,104,1,YES,0,1,100.00%,100.00%,100.00%,0.125000,0.010345,104,LIOLAEUS
STAGEDAT_OLANG,LANG_ITEM_SHORT_NAME.OLANG,OUTSIDE_LOADING,106,106,1,YES,0,1,100.00%,100.00%,100.00%,0.080000,0.006873,106,BAD SMELL
STAGEDAT_OLANG,LANG_ITEM_SHORT_NAME.OLANG,OUTSIDE_LOADING,108,108,1,YES,0,1,100.00%,100.00%,100.00%,0.086957,0.006920,108,NEO MOSS
STAGEDAT_OLANG,LANG_ITEM_SHORT_NAME.OLANG,OUTSIDE_LOADING,166,166,1,YES,0,1,100.00%,100.00%,100.00%,0.076923,0.006849,166,STRIKE MK.
STAGEDAT_OLANG,LANG_ITEM_SHORT_NAME.OLANG,OUTSIDE_LOADING,193,193,1,YES,0,1,100.00%,100.00%,100.00%,0.000000,0.000000,193,HEAT
STAGEDAT_OLANG,LANG_ITEM_SHORT_NAME.OLANG,OUTSIDE_LOADING,213,213,1,YES,0,1,100.00%,100.00%,100.00%,0.076923,0.006849,213,SHLD(BK)
STAGEDAT_OLANG,LANG_ITEM_SHORT_NAME.OLANG,OUTSIDE_LOADING,227,227,1,YES,0,1,100.00%,100.00%,100.00%,0.045455,0.003472,227,NONE
STAGEDAT_OLANG,LANG_ITEM_TEXT.OLANG,OUTSIDE_LOADING,23,23,1,YES,0,1,100.00%,100.00%,100.00%,0.000000,0.000000,23,TEMP
STAGEDAT_OLANG,LANG_ITEM_TEXT.OLANG,OUTSIDE_LOADING,229,229,1,YES,1,0,100.00%,94.44%,100.00%,0.370370,0.062937,229,これを見ているということは、\nやってはならないことをしたということ…
STAGEDAT_OLANG,LANG_ITEM_TEXT.OLANG,OUTSIDE_LOADING,284,284,1,YES,0,1,100.00%,100.00%,100.00%,0.095238,0.017361,284,ラブダンボール
STAGEDAT_OLANG,LANG_ITEM_TEXT.OLANG,OUTSIDE_LOADING,294,294,1,YES,0,1,100.00%,100.00%,100.00%,0.024390,0.006757,294,WALKMAN (NWD-W202)
STAGEDAT_OLANG,LANG_ITEM_TEXT.OLANG,OUTSIDE_LOADING,296,296,1,YES,0,1,100.00%,100.00%,100.00%,0.025641,0.003390,296,WALKMAN (WM-2)
STAGEDAT_OLANG,LANG_ITEM_TEXT.OLANG,OUTSIDE_LOADING,298,298,1,YES,0,1,100.00%,100.00%,100.00%,0.031250,0.006734,298,WALKMAN (TPS-L2)
STAGEDAT_OLANG,LANG_ITEM_TEXT.OLANG,OUTSIDE_LOADING,346,346,1,YES,0,1,100.00%,100.00%,100.00%,0.000000,0.000000,346,DPM
STAGEDAT_OLANG,LANG_ITEM_TEXT.OLANG,OUTSIDE_LOADING,407,407,1,YES,1,0,100.00%,83.33%,100.00%,0.100000,0.010381,407,スプリッター
STAGEDAT_OLANG,LANG_ITEM_TEXT.OLANG,OUTSIDE_LOADING,410,410,1,YES,0,1,100.00%,100.00%,100.00%,0.041667,0.010274,410,AUSCAMデザート
STAGEDAT_OLANG,LANG_ITEM_TEXT.OLANG,OUTSIDE_LOADING,423,423,1,YES,0,1,100.00%,100.00%,100.00%,0.030303,0.003460,423,ブラック
STAGEDAT_OLANG,LANG_ITEM_TEXT.OLANG,OUTSIDE_LOADING,437,437,1,YES,0,1,100.00%,100.00%,100.00%,0.040000,0.003497,437,？？？
STAGEDAT_OLANG,LANG_ITEM_TEXT.OLANG,OUTSIDE_LOADING,590,590,1,YES,0,1,100.00%,100.00%,100.00%,0.150000,0.020906,590,スタンダンボール
STAGEDAT_OLANG,LANG_ITEM_TEXT.OLANG,OUTSIDE_LOADING,672,672,1,YES,0,1,100.00%,100.00%,100.00%,0.080000,0.006873,672,UT(LOGO)
STAGEDAT_OLANG,LANG_ITEM_TEXT.OLANG,OUTSIDE_LOADING,708,708,1,YES,0,1,100.00%,100.00%,100.00%,0.125000,0.010345,708,LIOLAEUS
STAGEDAT_OLANG,LANG_ITEM_TEXT.OLANG,OUTSIDE_LOADING,753,753,1,YES,0,1,100.00%,100.00%,100.00%,0.076923,0.006849,753,STRIKE MK.
STAGEDAT_OLANG,LANG_ITEM_TEXT.OLANG,OUTSIDE_LOADING,773,773,1,YES,0,1,100.00%,100.00%,100.00%,0.000000,0.000000,773,HEAT
STAGEDAT_OLANG,LANG_ITEM_TEXT.OLANG,OUTSIDE_LOADING,802,802,1,YES,0,1,100.00%,100.00%,100.00%,0.045455,0.003472,802,NONE
STAGEDAT_OLANG,LANG_KEYHELP.OLANG,OUTSIDE_LOADING,3,3,1,YES,0,1,100.00%,100.00%,100.00%,0.142857,0.017483,3,使用しない
STAGEDAT_OLANG,LANG_KEYHELP.OLANG,OUTSIDE_LOADING,9,9,1,YES,1,0,100.00%,0.00%,100.00%,0.000000,0.000000,9,選択
STAGEDAT_OLANG,LANG_KEYHELP.OLANG,OUTSIDE_LOADING,11,11,1,YES,1,0,100.00%,80.00%,100.00%,0.050000,0.003448,11,キャンセル
STAGEDAT_OLANG,LANG_MISSION_ENDTELOP.OLANG,OUTSIDE_LOADING,0,0,1,YES,0,1,100.00%,100.00%,100.00%,0.111111,0.010239,0,\nMISSION COMPLETE
STAGEDAT_OLANG,LANG_MISSION_ENDTELOP.OLANG,OUTSIDE_LOADING,6,6,1,YES,0,1,100.00%,100.00%,100.00%,0.120000,0.010309,6,RESCUE CHICO
STAGEDAT_OLANG,LANG_MISSION_ENDTELOP.OLANG,OUTSIDE_LOADING,23,23,1,YES,0,1,100.00%,100.00%,100.00%,0.034483,0.003390,23,PEACE WALKER BATTLE
STAGEDAT_OLANG,LANG_MISSION_ENDTELOP.OLANG,OUTSIDE_LOADING,52,52,1,YES,0,1,100.00%,100.00%,100.00%,0.107143,0.010204,52,MISSILE INTERCEPT MISSION
STAGEDAT_OLANG,LANG_MISSION_ENDTELOP.OLANG,OUTSIDE_LOADING,61,61,1,YES,0,1,100.00%,100.00%,100.00%,0.111111,0.010239,61,U.S. SOLDIER RESCUE
STAGEDAT_OLANG,LANG_MISSION_ENDTELOP.OLANG,OUTSIDE_LOADING,88,88,1,YES,0,1,100.00%,100.00%,100.00%,0.076923,0.006849,88,PUPA II BATTLE
STAGEDAT_OLANG,LANG_MISSION_ENDTELOP.OLANG,OUTSIDE_LOADING,96,96,1,YES,0,1,100.00%,100.00%,100.00%,0.107143,0.010204,96,PUPA CUSTOM BATTLE
STAGEDAT_OLANG,LANG_MISSION_INFO.OLANG,OUTSIDE_LOADING,380,380,1,YES,0,1,100.00%,100.00%,100.00%,0.033333,0.010381,380,対クリサリス戦
STAGEDAT_OLANG,LANG_MISSION_INFO.OLANG,OUTSIDE_LOADING,410,410,1,YES,0,1,100.00%,100.00%,100.00%,0.040000,0.003497,410,？？？
STAGEDAT_OLANG,LANG_MISSION_RESULT.OLANG,OUTSIDE_LOADING,2,2,1,YES,1,0,33.33%,33.33%,100.00%,0.068966,0.010490,2,英雄度
STAGEDAT_OLANG,LANG_MISSION_RESULT.OLANG,OUTSIDE_LOADING,19,19,1,YES,0,1,100.00%,100.00%,100.00%,0.086957,0.024306,19,ラブダンボール時間
STAGEDAT_OLANG,LANG_MISSION_RESULT.OLANG,OUTSIDE_LOADING,110,110,1,YES,0,1,100.00%,100.00%,100.00%,0.080000,0.031250,110,ラブダンボール使用時間
STAGEDAT_OLANG,LANG_MISSION_RESULT.OLANG,OUTSIDE_LOADING,122,122,1,YES,0,1,100.00%,100.00%,100.00%,0.000000,0.000000,122,ALFA
STAGEDAT_OLANG,LANG_MISSION_RESULT.OLANG,OUTSIDE_LOADING,349,349,1,YES,0,1,100.00%,100.00%,100.00%,0.111111,0.010239,349,MISSION RESULT
STAGEDAT_OLANG,LANG_MYOUTER_DEVELOP.OLANG,OUTSIDE_LOADING,5,5,1,YES,0,1,100.00%,100.00%,100.00%,0.115385,0.010274,5,ITEM SELECTOR
STAGEDAT_OLANG,LANG_MYOUTER_DEVELOP.OLANG,OUTSIDE_LOADING,25,25,1,YES,0,1,100.00%,100.00%,100.00%,0.086957,0.006920,25,RESTORE
STAGEDAT_OLANG,LANG_MYOUTER_DEVELOP.OLANG,OUTSIDE_LOADING,38,38,1,YES,1,0,100.00%,50.00%,100.00%,0.080000,0.006993,38,名前
STAGEDAT_OLANG,LANG_MYOUTER_DEVELOP.OLANG,OUTSIDE_LOADING,123,123,1,YES,0,1,100.00%,100.00%,100.00%,0.045455,0.003472,123,STN
STAGEDAT_OLANG,LANG_MYOUTER_DEVELOP.OLANG,OUTSIDE_LOADING,127,127,1,YES,0,1,100.00%,100.00%,100.00%,0.074074,0.006826,127,CUSTOM PARTS
STAGEDAT_OLANG,LANG_MYOUTER_DEVELOP.OLANG,OUTSIDE_LOADING,143,143,1,YES,0,1,100.00%,100.00%,100.00%,0.000000,0.000000,143,HELP
STAGEDAT_OLANG,LANG_MYOUTER_DEVELOP_METAL.OLANG,OUTSIDE_LOADING,0,0,1,YES,0,1,100.00%,100.00%,100.00%,0.038462,0.003425,0,METAL GEAR
STAGEDAT_OLANG,LANG_MYOUTER_DEVELOP_METAL.OLANG,OUTSIDE_LOADING,16,16,1,YES,0,1,100.00%,100.00%,100.00%,0.041667,0.003448,16,PAINT
STAGEDAT_OLANG,LANG_MYOUTER_DEVELOP_METAL.OLANG,OUTSIDE_LOADING,83,83,1,YES,0,1,100.00%,100.00%,100.00%,0.080000,0.006873,83,LINE COLOR
STAGEDAT_OLANG,LANG_MYOUTER_DEVELOP_METAL.OLANG,OUTSIDE_LOADING,85,85,1,YES,0,1,100.00%,100.00%,100.00%,0.086957,0.006920,85,BROWN
STAGEDAT_OLANG,LANG_MYOUTER_DEVELOP_METAL.OLANG,OUTSIDE_LOADING,187,187,1,YES,0,1,100.00%,100.00%,100.00%,0.000000,0.000000,187,Control
STAGEDAT_OLANG,LANG_MYOUTER_DEVELOP_METAL.OLANG,OUTSIDE_LOADING,190,190,1,YES,0,1,100.00%,100.00%,100.00%,0.000000,0.000000,190,Mobility
STAGEDAT_OLANG,LANG_MYOUTER_STAFF.OLANG,OUTSIDE_LOADING,29,29,1,YES,0,1,100.00%,100.00%,100.00%,0.153846,0.013699,29,  (AUTO ASSIGN)
STAGEDAT_OLANG,LANG_MYOUTER_STAFF.OLANG,OUTSIDE_LOADING,79,79,1,YES,0,1,100.00%,100.00%,100.00%,0.043478,0.003460,79,PTSD
STAGEDAT_OLANG,LANG_MYOUTER_STAFF.OLANG,OUTSIDE_LOADING,81,81,1,YES,1,0,100.00%,50.00%,100.00%,0.080000,0.006993,81,名前
STAGEDAT_OLANG,LANG_MYOUTER_STAFF.OLANG,OUTSIDE_LOADING,86,86,1,YES,1,0,50.00%,50.00%,100.00%,0.025000,0.006993,86,病気
STAGEDAT_OLANG,LANG_MYOUTER_STAFF.OLANG,OUTSIDE_LOADING,93,93,1,YES,1,0,100.00%,25.00%,100.00%,0.038462,0.003460,93,選択中 . . .
STAGEDAT_OLANG,LANG_MYOUTER_STAFF.OLANG,OUTSIDE_LOADING,116,116,1,YES,1,0,100.00%,50.00%,100.00%,0.052632,0.003484,116,戻る
STAGEDAT_OLANG,LANG_MYOUTER_STAFF.OLANG,OUTSIDE_LOADING,144,144,1,YES,0,1,100.00%,100.00%,100.00%,0.000000,0.000000,144,-
STAGEDAT_OLANG,LANG_MYOUTER_STAFF_SKILL.OLANG,OUTSIDE_LOADING,12,12,1,YES,0,1,100.00%,100.00%,100.00%,0.043478,0.003460,12,SWAT
STAGEDAT_OLANG,LANG_MYOUTER_STAFF_SOLTYPE.OLANG,OUTSIDE_LOADING,23,23,1,YES,0,1,100.00%,100.00%,100.00%,0.250000,0.017483,23,BIGBOSS
STAGEDAT_OLANG,LANG_MYOUTER_STAFF_SOLTYPE.OLANG,OUTSIDE_LOADING,34,34,1,YES,0,1,100.00%,100.00%,100.00%,0.044444,0.010309,34,MSFサブリーダー
STAGEDAT_OLANG,LANG_MYOUTER_STAFF_SOLTYPE.OLANG,OUTSIDE_LOADING,38,38,1,YES,1,0,50.00%,50.00%,100.00%,0.043478,0.006993,38,歩兵
STAGEDAT_OLANG,LANG_MYOUTER_STAFF_SOLTYPE.OLANG,OUTSIDE_LOADING,41,41,1,YES,1,0,100.00%,75.00%,100.00%,0.035714,0.006944,41,ゲリラ兵
STAGEDAT_OLANG,LANG_MYOUTER_TOP.OLANG,OUTSIDE_LOADING,39,39,1,YES,0,1,100.00%,100.00%,100.00%,0.120000,0.010309,39,AI CUSTOM
STAGEDAT_OLANG,LANG_MYOUTER_TOP.OLANG,OUTSIDE_LOADING,41,41,1,YES,0,1,100.00%,100.00%,100.00%,0.000000,0.000000,41,MECHA
STAGEDAT_OLANG,LANG_MYOUTER_TOP.OLANG,OUTSIDE_LOADING,43,43,1,YES,0,1,100.00%,100.00%,100.00%,0.000000,0.000000,43,- $1 -
STAGEDAT_OLANG,LANG_MYOUTER_UTIL.OLANG,OUTSIDE_LOADING,31,31,1,YES,0,1,100.00%,100.00%,100.00%,0.000000,0.000000,31,CANCEL
STAGEDAT_OLANG,LANG_ONLINE_ERROR.OLANG,OUTSIDE_LOADING,35,35,1,YES,0,1,100.00%,100.00%,100.00%,0.208333,0.038194,35,HOSTが見つかりません。
STAGEDAT_OLANG,LANG_ONLINE_ERROR.OLANG,OUTSIDE_LOADING,39,39,1,YES,1,0,100.00%,50.00%,100.00%,0.047619,0.010381,39,ゲームを開始
STAGEDAT_OLANG,LANG_ONLINE_ERROR.OLANG,OUTSIDE_LOADING,43,43,1,YES,1,0,100.00%,50.00%,100.00%,0.052632,0.003484,43,戻る
STAGEDAT_OLANG,LANG_ONLINE_ERROR.OLANG,OUTSIDE_LOADING,48,48,1,YES,0,1,100.00%,100.00%,100.00%,0.230769,0.048611,48,HOSTが見つかりませんでした。
STAGEDAT_OLANG,LANG_ONLINE_ERROR.OLANG,OUTSIDE_LOADING,52,52,1,YES,1,0,100.00%,33.33%,100.00%,0.050000,0.013889,52,ゲームを作成
STAGEDAT_OLANG,LANG_ONLINE_ERROR.OLANG,OUTSIDE_LOADING,55,55,1,YES,1,0,100.00%,83.33%,100.00%,0.047619,0.003436,55,<I=CAN>:キャンセル
STAGEDAT_OLANG,LANG_PAUSEMENU.OLANG,OUTSIDE_LOADING,0,0,1,YES,0,1,100.00%,100.00%,100.00%,0.181818,0.006993,0,はい
STAGEDAT_OLANG,LANG_PAUSEMENU.OLANG,OUTSIDE_LOADING,2,2,1,YES,0,1,100.00%,100.00%,100.00%,0.111111,0.006993,2,いいえ
STAGEDAT_OLANG,LANG_PAUSEMENU.OLANG,OUTSIDE_LOADING,13,13,1,YES,0,1,100.00%,100.00%,100.00%,0.090909,0.013793,13,SELECTボタン
STAGEDAT_OLANG,LANG_PAUSEMENU.OLANG,OUTSIDE_LOADING,19,19,1,YES,0,1,100.00%,100.00%,100.00%,0.142857,0.013793,19,データインストール
STAGEDAT_OLANG,LANG_PAUSEMENU.OLANG,OUTSIDE_LOADING,26,26,1,YES,0,1,100.00%,100.00%,100.00%,0.083333,0.006897,26,AUTO AIM
STAGEDAT_OLANG,LANG_PAUSEMENU.OLANG,OUTSIDE_LOADING,43,43,1,YES,1,0,100.00%,66.67%,100.00%,0.222222,0.013889,43,ハンタータイプ
STAGEDAT_OLANG,LANG_PAUSEMENU.OLANG,OUTSIDE_LOADING,49,49,1,YES,1,0,100.00%,77.78%,100.00%,0.086957,0.020761,49,キャラクターの向き
STAGEDAT_OLANG,LANG_PAUSEMENU.OLANG,OUTSIDE_LOADING,56,56,1,YES,0,1,100.00%,100.00%,100.00%,0.041667,0.003448,56,NO DATA
STAGEDAT_OLANG,LANG_PAUSEMENU.OLANG,OUTSIDE_LOADING,58,58,1,YES,0,1,100.00%,100.00%,100.00%,0.041667,0.003448,58,PAUSE
STAGEDAT_OLANG,LANG_PAUSEMENU.OLANG,OUTSIDE_LOADING,60,60,1,YES,0,1,100.00%,100.00%,100.00%,0.047619,0.003484,60,NO
STAGEDAT_OLANG,LANG_PAUSEMENU.OLANG,OUTSIDE_LOADING,62,62,1,YES,0,1,100.00%,100.00%,100.00%,0.000000,0.000000,62,CALL
STAGEDAT_OLANG,LANG_PW_COMMON.OLANG,OUTSIDE_LOADING,20,20,1,YES,0,1,100.00%,100.00%,100.00%,0.111111,0.010453,20,L ボタン
STAGEDAT_OLANG,LANG_SYNC.OLANG,OUTSIDE_LOADING,3,3,1,YES,0,1,100.00%,100.00%,100.00%,0.040000,0.003436,3,SHUTTER
STAGEDAT_OLANG,LANG_SYNC.OLANG,OUTSIDE_LOADING,9,9,1,YES,0,1,100.00%,100.00%,100.00%,0.045455,0.003472,9,STN
STAGEDAT_OLANG,LANG_SYSTEM.OLANG,OUTSIDE_LOADING,17,17,1,YES,0,1,100.00%,100.00%,100.00%,0.041667,0.003448,17,DROP:
STAGEDAT_OLANG,LANG_SYSTEM.OLANG,OUTSIDE_LOADING,31,31,1,YES,0,1,100.00%,100.00%,100.00%,0.181818,0.006993,31,はい
STAGEDAT_OLANG,LANG_SYSTEM.OLANG,OUTSIDE_LOADING,33,33,1,YES,1,0,50.00%,0.00%,100.00%,0.055556,0.006993,33,成功
STAGEDAT_OLANG,LANG_SYSTEM.OLANG,OUTSIDE_LOADING,46,46,1,YES,1,0,100.00%,83.33%,100.00%,0.133333,0.041096,46,データをセーブせずにゲームを開始しますか？
STAGEDAT_OLANG,LANG_SYSTEM.OLANG,OUTSIDE_LOADING,60,60,1,YES,0,1,100.00%,100.00%,100.00%,0.111111,0.006993,60,いいえ
STAGEDAT_OLANG,LANG_TITLEMENU.OLANG,OUTSIDE_LOADING,8,8,1,YES,0,1,100.00%,100.00%,100.00%,0.000000,0.000000,8,HELP
STAGEDAT_OLANG,LANG_TITLEMENU.OLANG,OUTSIDE_LOADING,10,10,1,YES,0,1,100.00%,100.00%,100.00%,0.000000,0.000000,10,DELETE
STAGEDAT_OLANG,LANG_TITLEMENU.OLANG,OUTSIDE_LOADING,16,16,1,YES,0,1,100.00%,100.00%,100.00%,0.047619,0.003484,16,OK
STAGEDAT_OLANG,LANG_TITLE_NAMEENTRY.OLANG,OUTSIDE_LOADING,0,0,1,YES,1,0,100.00%,91.67%,100.00%,0.193548,0.041958,0,この名前でよろしいですか？
STAGEDAT_OLANG,LANG_TITLE_OPTIONS.OLANG,OUTSIDE_LOADING,15,15,1,YES,0,1,100.00%,100.00%,100.00%,0.130435,0.010381,15,OPTIONS
STAGEDAT_OLANG,LANG_VOCALOID.OLANG,OUTSIDE_LOADING,5,5,1,YES,1,0,100.00%,0.00%,100.00%,0.000000,0.000000,5,保存
STAGEDAT_OLANG,LANG_VOCALOID.OLANG,OUTSIDE_LOADING,14,14,1,YES,1,0,91.67%,75.00%,100.00%,0.170732,0.031142,14,新しくデータを作成します。
STAGEDAT_OLANG,LANG_VOCALOID.OLANG,OUTSIDE_LOADING,22,22,1,YES,0,1,100.00%,100.00%,100.00%,0.125000,0.010345,22,SUBTITLE
STAGEDAT_OLANG,LANG_VOCALOID.OLANG,OUTSIDE_LOADING,27,27,1,YES,0,1,100.00%,100.00%,100.00%,0.137931,0.013559,27,WALKMAN SONG EDIT
STAGEDAT_OLANG,LANG_VOCALOID.OLANG,OUTSIDE_LOADING,31,31,1,YES,0,1,100.00%,100.00%,100.00%,0.107143,0.010204,31,CO-OPS COMM. EDIT
STAGEDAT_OLANG,LANG_VOCALOID_KEYBOARD.OLANG,OUTSIDE_LOADING,1,1,1,YES,0,1,100.00%,100.00%,100.00%,0.040000,0.003436,1,SAMPLE
STAGEDAT_OLANG,LANG_VOCALOID_KEYBOARD.OLANG,OUTSIDE_LOADING,9,9,1,YES,0,1,100.00%,100.00%,100.00%,0.000000,0.000000,9,<C=FF4040>a<C=R>line
STAGEDAT_OLANG,LANG_VOCALOID_KEYBOARD.OLANG,OUTSIDE_LOADING,11,11,1,YES,0,1,100.00%,100.00%,100.00%,0.000000,0.000000,11,l<C=FF4040>o<C=R>t
STAGEDAT_OLANG,LANG_VOCALOID_KEYBOARD.OLANG,OUTSIDE_LOADING,16,16,1,YES,0,1,100.00%,100.00%,100.00%,0.000000,0.000000,16,<C=FF4040>y<C=R>ell
STAGEDAT_OLANG,LANG_VOCALOID_KEYBOARD.OLANG,OUTSIDE_LOADING,27,27,1,YES,0,1,100.00%,100.00%,100.00%,0.000000,0.000000,27,ro<C=FF4040>b<C=R>
STAGEDAT_OLANG,LANG_VOCALOID_KEYBOARD.OLANG,OUTSIDE_LOADING,35,35,1,YES,0,1,100.00%,100.00%,100.00%,0.000000,0.000000,35,b<C=FF4040>oo<C=R>t
STAGEDAT_OLANG,LANG_VOCALOID_KEYBOARD.OLANG,OUTSIDE_LOADING,52,52,1,YES,0,1,100.00%,100.00%,100.00%,0.000000,0.000000,52,<C=FF4040>t<C=R>ree
STAGEDAT_OLANG,LANG_VOCALOID_KEYBOARD.OLANG,OUTSIDE_LOADING,56,56,1,YES,0,1,100.00%,100.00%,100.00%,0.000000,0.000000,56,b<C=FF4040>ear<C=R>
STAGEDAT_OLANG,LANG_VOCALOID_KEYBOARD.OLANG,OUTSIDE_LOADING,63,63,1,YES,0,1,100.00%,100.00%,100.00%,0.000000,0.000000,63,U
STAGEDAT_OLANG,LANG_VOCALOID_KEYBOARD.OLANG,OUTSIDE_LOADING,71,71,1,YES,0,1,100.00%,100.00%,100.00%,0.000000,0.000000,71,D
STAGEDAT_OLANG,LANG_VOCALOID_KEYBOARD.OLANG,OUTSIDE_LOADING,82,82,1,YES,0,1,100.00%,100.00%,100.00%,0.050000,0.003497,82,I
STAGEDAT_OLANG,LANG_VOCALOID_KEYBOARD.OLANG,OUTSIDE_LOADING,91,91,1,YES,0,1,100.00%,100.00%,100.00%,0.030303,0.003484,91,l0
STAGEDAT_OLANG,LANG_VOCALOID_KEYBOARD.OLANG,OUTSIDE_LOADING,94,94,1,YES,0,1,100.00%,100.00%,100.00%,0.050000,0.003497,94,S
STAGEDAT_OLANG,LANG_VOCALOID_KEYBOARD.OLANG,OUTSIDE_LOADING,96,96,1,YES,0,1,100.00%,100.00%,100.00%,0.000000,0.000000,96,T
STAGEDAT_OLANG,LANG_VOCALOID_KEYBOARD.OLANG,OUTSIDE_LOADING,108,108,1,YES,0,1,100.00%,100.00%,100.00%,0.000000,0.000000,108,i:
STAGEDAT_OLANG,LANG_V_THEATER010.OLANG,OUTSIDE_LOADING,1,1,1,YES,1,0,75.00%,87.50%,100.00%,0.187500,0.027972,1,俺は間違っていた
STAGEDAT_OLANG,LANG_V_THEATER010.OLANG,OUTSIDE_LOADING,6,6,1,YES,0,1,100.00%,100.00%,100.00%,0.064516,0.010490,6,え…？
STAGEDAT_OLANG,LANG_V_THEATER010.OLANG,OUTSIDE_LOADING,13,13,1,YES,1,0,75.00%,58.33%,100.00%,0.148148,0.034722,13,俺は 彼女とは違う選択をする
STAGEDAT_OLANG,LANG_V_THEATER010.OLANG,OUTSIDE_LOADING,16,16,1,YES,1,0,87.50%,75.00%,100.00%,0.200000,0.027972,16,どういう事なんだ？
STAGEDAT_OLANG,LANG_V_THEATER020.OLANG,OUTSIDE_LOADING,15,15,1,YES,1,0,75.00%,75.00%,100.00%,0.285714,0.027972,15,俺達は 国を棄てる
STAGEDAT_OLANG,LANG_WALKMAN.OLANG,OUTSIDE_LOADING,0,0,1,YES,0,1,100.00%,100.00%,100.00%,0.027027,0.006849,0,(NWD-W202)
STAGEDAT_OLANG,LANG_WALKMAN.OLANG,OUTSIDE_LOADING,7,7,1,YES,0,1,100.00%,100.00%,100.00%,0.090909,0.006944,7,STOP
STAGEDAT_OLANG,LANG_WEAPON_SHORT_NAME.OLANG,OUTSIDE_LOADING,4,4,1,YES,0,1,100.00%,100.00%,100.00%,0.083333,0.006897,4,PATRIOT
STAGEDAT_OLANG,LANG_WEAPON_SHORT_NAME.OLANG,OUTSIDE_LOADING,11,11,1,YES,0,1,100.00%,100.00%,100.00%,0.060606,0.006969,11,M10
STAGEDAT_OLANG,LANG_WEAPON_SHORT_NAME.OLANG,OUTSIDE_LOADING,16,16,1,YES,0,1,100.00%,100.00%,100.00%,0.054054,0.010345,16,M10(SP)
STAGEDAT_OLANG,LANG_WEAPON_SHORT_NAME.OLANG,OUTSIDE_LOADING,30,30,1,YES,0,1,100.00%,100.00%,100.00%,0.000000,0.000000,30,FAL
STAGEDAT_OLANG,LANG_WEAPON_SHORT_NAME.OLANG,OUTSIDE_LOADING,33,33,1,YES,0,1,100.00%,100.00%,100.00%,0.130435,0.010381,33,IRN BOMB
STAGEDAT_OLANG,LANG_WEAPON_SHORT_NAME.OLANG,OUTSIDE_LOADING,35,35,1,YES,0,1,100.00%,100.00%,100.00%,0.035714,0.003401,35,PETRIF.ATK
STAGEDAT_OLANG,LANG_WEAPON_SHORT_NAME.OLANG,OUTSIDE_LOADING,48,48,1,YES,0,1,100.00%,100.00%,100.00%,0.083333,0.017422,48,120MM SG
STAGEDAT_OLANG,LANG_WEAPON_SHORT_NAME.OLANG,OUTSIDE_LOADING,56,56,1,YES,0,1,100.00%,100.00%,100.00%,0.000000,0.000000,56,PM
STAGEDAT_OLANG,LANG_WEAPON_SHORT_NAME.OLANG,OUTSIDE_LOADING,66,66,1,YES,0,1,100.00%,100.00%,100.00%,0.040000,0.003436,66,AT MINE
STAGEDAT_OLANG,LANG_WEAPON_SHORT_NAME.OLANG,OUTSIDE_LOADING,74,74,1,YES,0,1,100.00%,100.00%,100.00%,0.125000,0.010345,74,COMIC MAG.
STAGEDAT_OLANG,LANG_WEAPON_SHORT_NAME.OLANG,OUTSIDE_LOADING,77,77,1,YES,0,1,100.00%,100.00%,100.00%,0.000000,0.000000,77,EM NET
STAGEDAT_OLANG,LANG_WEAPON_SHORT_NAME.OLANG,OUTSIDE_LOADING,107,107,1,YES,0,1,100.00%,100.00%,100.00%,0.080000,0.006873,107,RAIL GUN
STAGEDAT_OLANG,LANG_WEAPON_SHORT_NAME.OLANG,OUTSIDE_LOADING,110,110,1,YES,0,1,100.00%,100.00%,100.00%,0.030303,0.006944,110,WA2000
STAGEDAT_OLANG,LANG_WEAPON_SHORT_NAME.OLANG,OUTSIDE_LOADING,113,113,1,YES,0,1,100.00%,100.00%,100.00%,0.040000,0.003436,113,M.NAGANT
STAGEDAT_OLANG,LANG_WEAPON_SHORT_NAME.OLANG,OUTSIDE_LOADING,135,135,1,YES,0,1,100.00%,100.00%,100.00%,0.080000,0.006873,135,STUN ROD
STAGEDAT_OLANG,LANG_WEAPON_TEXT.OLANG,OUTSIDE_LOADING,72,72,1,YES,0,1,100.00%,100.00%,100.00%,0.040000,0.003497,72,？？？
STAGEDAT_OLANG,LANG_WEAPON_TEXT.OLANG,OUTSIDE_LOADING,184,184,1,YES,0,1,100.00%,100.00%,100.00%,0.060606,0.006969,184,M10
STAGEDAT_OLANG,LANG_WEAPON_TEXT.OLANG,OUTSIDE_LOADING,191,191,1,YES,1,0,100.00%,75.00%,100.00%,0.062500,0.013986,191,スパス12
STAGEDAT_OLANG,LANG_WEAPON_TEXT.OLANG,OUTSIDE_LOADING,203,203,1,YES,0,1,100.00%,100.00%,100.00%,0.000000,0.000000,203,FAL
STAGEDAT_OLANG,LANG_WEAPON_TEXT.OLANG,OUTSIDE_LOADING,208,208,1,YES,0,1,100.00%,100.00%,100.00%,0.000000,0.000000,208,PM
STAGEDAT_OLANG,LANG_WEAPON_TEXT.OLANG,OUTSIDE_LOADING,212,212,1,YES,1,0,80.00%,100.00%,100.00%,0.200000,0.017483,212,何もない…
STAGEDAT_OLANG,LANG_WEAPON_TEXT.OLANG,OUTSIDE_LOADING,264,264,1,YES,0,1,100.00%,100.00%,100.00%,0.030303,0.006944,264,WA2000
STAGEDAT_OLANG,LANG_WEAPON_TEXT.OLANG,OUTSIDE_LOADING,271,271,1,YES,0,1,100.00%,100.00%,100.00%,0.064516,0.006969,271,M21
STAGEDAT_OLANG,LANG_WEAPON_TEXT.OLANG,OUTSIDE_LOADING,273,273,1,YES,0,1,100.00%,100.00%,100.00%,0.031250,0.003472,273,M1C
STAGEDAT_OLANG,LANG_WEAPON_TEXT.OLANG,OUTSIDE_LOADING,294,294,1,YES,0,1,100.00%,100.00%,100.00%,0.083333,0.006897,294,PATRIOT
STAGEDAT_OLANG,LANG_WEAPON_TEXT.OLANG,OUTSIDE_LOADING,310,310,1,YES,0,1,100.00%,100.00%,100.00%,0.130435,0.010381,310,IRN BOMB
STAGEDAT_OLANG,LANG_WEAPON_TEXT.OLANG,OUTSIDE_LOADING,312,312,1,YES,0,1,100.00%,100.00%,100.00%,0.035714,0.003401,312,PETRIF.ATK
STAGEDAT_OLANG,LANG_WEAPON_TEXT.OLANG,OUTSIDE_LOADING,325,325,1,YES,0,1,100.00%,100.00%,100.00%,0.083333,0.017422,325,120MM SG
STAGEDAT_OLANG,LANG_WEAPON_TEXT.OLANG,OUTSIDE_LOADING,341,341,1,YES,0,1,100.00%,100.00%,100.00%,0.040000,0.003436,341,AT MINE
STAGEDAT_OLANG,LANG_WEAPON_TEXT.OLANG,OUTSIDE_LOADING,350,350,1,YES,0,1,100.00%,100.00%,100.00%,0.000000,0.000000,350,EM NET
STAGEDAT_OLANG,LANG_WEAPON_TEXT.OLANG,OUTSIDE_LOADING,371,371,1,YES,0,1,100.00%,100.00%,100.00%,0.080000,0.006873,371,RAIL GUN
STAGEDAT_OLANG,LANG_WEAPON_TEXT.OLANG,OUTSIDE_LOADING,374,374,1,YES,0,1,100.00%,100.00%,100.00%,0.040000,0.003436,374,M.NAGANT
STAGEDAT_OLANG,LANG_WEAPON_TEXT.OLANG,OUTSIDE_LOADING,384,384,1,YES,0,1,100.00%,100.00%,100.00%,0.040000,0.003436,384,MUSKET
STAGEDAT_OLANG,LANG_WEAPON_TEXT.OLANG,OUTSIDE_LOADING,387,387,1,YES,0,1,100.00%,100.00%,100.00%,0.080000,0.006873,387,STUN ROD
YPK_GTT,1C0FB26B,OUTSIDE_LOADING,20,20,1,YES,0,1,100.00%,100.00%,100.00%,0.052632,0.003497,20,……
YPK_GTT,1C0FB26B,OUTSIDE_LOADING,23,23,1,YES,1,0,92.31%,84.62%,100.00%,0.222222,0.045455,23,やばいよ そこには何かいる…！
YPK_GTT,1C0FB26B,OUTSIDE_LOADING,26,26,1,YES,1,0,87.50%,87.50%,100.00%,0.153846,0.027972,26,見つけてやるぞ！
YPK_GTT,1C0FB26B,OUTSIDE_LOADING,115,115,1,YES,0,1,100.00%,100.00%,100.00%,0.100000,0.017483,115,あと一つ！
YPK_GTT,1C0FB26B,OUTSIDE_LOADING,157,157,1,YES,1,0,90.91%,90.91%,100.00%,0.233333,0.038462,157,見つからなければ 争いもない
YPK_GTT,1C0FB26B,OUTSIDE_LOADING,180,180,1,YES,1,0,92.86%,85.71%,100.00%,0.176471,0.038062,180,トラックをぶっ飛ばしてくれ！
YPK_GTT,1C0FB26B,OUTSIDE_LOADING,202,202,1,YES,1,0,83.33%,91.67%,100.00%,0.200000,0.041958,202,俺たちのボスを守るんだ！
YPK_GTT,1C0FB26B,OUTSIDE_LOADING,206,206,1,YES,1,0,83.33%,100.00%,100.00%,0.181818,0.020979,206,いけるぞ…！
YPK_GTT,1C0FB26B,OUTSIDE_LOADING,260,260,1,YES,1,0,88.24%,82.35%,100.00%,0.257143,0.055749,260,さっさと奴を始末しないからこうなるんだ
YPK_GTT,1C677327,OUTSIDE_LOADING,68,68,1,YES,0,1,100.00%,100.00%,100.00%,0.153846,0.013986,68,気になるな
YPK_GTT,1C677327,OUTSIDE_LOADING,75,75,1,YES,1,0,90.00%,80.00%,100.00%,0.216216,0.062500,75,勝手に他人のラブレターを見るなんて ひどい
YPK_GTT,1C7679A5,OUTSIDE_LOADING,39,39,1,YES,1,0,88.89%,88.89%,100.00%,0.147059,0.031469,39,下で何があった！？
YPK_GTT,1C7679A5,OUTSIDE_LOADING,85,85,1,YES,0,1,100.00%,100.00%,100.00%,0.107143,0.013986,85,戦うな！
YPK_GTT,1C7679A5,OUTSIDE_LOADING,88,88,1,YES,0,1,100.00%,100.00%,100.00%,0.235294,0.041958,88,くそっ 戦うしかないのか！？
YPK_GTT,1C7679A5,OUTSIDE_LOADING,97,97,1,YES,0,1,100.00%,100.00%,100.00%,0.235294,0.034965,97,まだ気は抜かないでよ
YPK_GTT,1C7679A5,OUTSIDE_LOADING,99,99,1,YES,0,1,100.00%,100.00%,100.00%,0.285714,0.038462,99,また見つからないようにな
YPK_GTT,1C7679A5,OUTSIDE_LOADING,126,126,1,YES,1,0,100.00%,90.91%,100.00%,0.318182,0.038462,126,あきらめるな あきらめるんじゃない！
YPK_GTT,1C7679A5,OUTSIDE_LOADING,168,168,1,YES,1,0,100.00%,93.33%,100.00%,0.250000,0.052448,168,そんなもので敵の目をごまかせるのか？
YPK_GTT,1C7679A5,OUTSIDE_LOADING,172,172,1,YES,1,0,85.71%,100.00%,100.00%,0.230769,0.024476,172,な 何してるの？
YPK_GTT,1C7679A5,OUTSIDE_LOADING,174,174,1,YES,1,0,91.67%,91.67%,100.00%,0.225806,0.041958,174,まさか…中で…何してるの…？
YPK_GTT,1C7679A5,OUTSIDE_LOADING,191,191,1,YES,0,1,100.00%,100.00%,100.00%,0.181818,0.024476,191,人を…殺すの…？
YPK_GTT,1C7679A5,OUTSIDE_LOADING,203,203,1,YES,1,0,90.00%,80.00%,100.00%,0.230769,0.034965,203,敵だからって…ひどい…
YPK_GTT,1C7679A5,OUTSIDE_LOADING,228,228,1,YES,0,1,100.00%,100.00%,100.00%,0.225806,0.034965,228,あら あたしとおそろい？
YPK_GTT,1C7679A5,OUTSIDE_LOADING,237,237,1,YES,1,0,100.00%,91.67%,100.00%,0.214286,0.041958,237,なんだよ おめかししちゃって
YPK_GTT,1C7679A5,OUTSIDE_LOADING,285,285,1,YES,1,0,100.00%,81.82%,100.00%,0.205882,0.038462,285,どこかにいっちゃいそう…
YPK_GTT,1C79F2AD,OUTSIDE_LOADING,2,2,1,YES,1,0,76.92%,92.31%,100.00%,0.263158,0.045455,2,俺達にとって大いなる一歩だ
YPK_GTT,1C79F2AD,OUTSIDE_LOADING,93,93,1,YES,1,0,66.67%,83.33%,100.00%,0.120000,0.020979,93,私に任せて！
YPK_GTT,1C79F2AD,OUTSIDE_LOADING,103,103,1,YES,1,0,92.86%,100.00%,100.00%,0.212121,0.048951,103,ボス あんた…何するつもりだ？
YPK_GTT,1C79F2ED,OUTSIDE_LOADING,22,22,1,YES,1,0,88.89%,100.00%,100.00%,0.241379,0.031469,22,俺たちのためにもなる
YPK_GTT,1C79F3ED,OUTSIDE_LOADING,31,31,1,YES,0,1,100.00%,100.00%,100.00%,0.116279,0.027875,31,よし それでラストだ
YPK_GTT,1C79F42D,OUTSIDE_LOADING,0,0,1,YES,1,0,80.00%,70.00%,100.00%,0.272727,0.034965,0,美味そうじゃないか！
YPK_GTT,1C79F42D,OUTSIDE_LOADING,3,3,1,YES,0,1,100.00%,100.00%,100.00%,0.100000,0.010490,3,うわっ
YPK_GTT,1C79F42D,OUTSIDE_LOADING,5,5,1,YES,1,0,86.67%,80.00%,100.00%,0.222222,0.052448,5,やめてくれ おい…現実とは思えん…
YPK_GTT,1C79F42D,OUTSIDE_LOADING,7,7,1,YES,1,0,75.00%,100.00%,100.00%,0.150000,0.013986,7,いたぞ…
YPK_GTT,1C79F42D,OUTSIDE_LOADING,51,51,1,YES,1,0,100.00%,88.89%,100.00%,0.192308,0.031469,51,そいつは敵じゃにゃい！！
YPK_GTT,1C79F42D,OUTSIDE_LOADING,70,70,1,YES,1,0,87.50%,62.50%,100.00%,0.142857,0.024390,70,よし ハント成功だ
YPK_GTT,1C79F46D,OUTSIDE_LOADING,17,17,1,YES,1,0,100.00%,71.43%,100.00%,0.150000,0.020906,17,またテープか？
YPK_GTT,1C79F46D,OUTSIDE_LOADING,25,25,1,YES,0,1,100.00%,100.00%,100.00%,0.290323,0.048951,25,それを…見つけてしまったのか…
YPK_GTT,1C79F46D,OUTSIDE_LOADING,31,31,1,YES,1,0,92.31%,92.31%,100.00%,0.269231,0.045455,31,もはやお前のボスは私ではない！
YPK_GTT,1C79F46D,OUTSIDE_LOADING,37,37,1,YES,0,1,100.00%,100.00%,100.00%,0.076923,0.010490,37,ボス…
YPK_GTT,1C79F46D,OUTSIDE_LOADING,51,51,1,YES,1,0,100.00%,90.00%,100.00%,0.212121,0.034965,51,どちらかが死に どちらかが生きる
YPK_GTT,1C79F46D,OUTSIDE_LOADING,91,91,1,YES,1,0,100.00%,77.78%,100.00%,0.138889,0.027875,91,どうして戻ってきた？
YPK_GTT,1C7A72AD,OUTSIDE_LOADING,2,2,1,YES,0,1,100.00%,100.00%,100.00%,0.333333,0.048951,2,敵に見つからないようにするんだ
YPK_GTT,1C7A72AD,OUTSIDE_LOADING,6,6,1,YES,1,0,80.00%,100.00%,100.00%,0.142857,0.017483,6,いたぞ…！
YPK_GTT,1C7A72ED,OUTSIDE_LOADING,3,3,1,YES,0,1,100.00%,100.00%,100.00%,0.190476,0.020979,3,見つけてくれ
YPK_GTT,1C7A72ED,OUTSIDE_LOADING,22,22,1,YES,0,1,100.00%,100.00%,100.00%,0.333333,0.045455,22,見つからないようにしてくれ
YPK_GTT,1C7A72ED,OUTSIDE_LOADING,85,85,1,YES,0,1,100.00%,100.00%,100.00%,0.173913,0.034843,85,ダンボールならともかく
YPK_GTT,1C7A72ED,OUTSIDE_LOADING,100,100,1,YES,1,0,88.89%,100.00%,100.00%,0.241379,0.031469,100,俺たちのためにもなる
YPK_GTT,1C7A73ED,OUTSIDE_LOADING,47,47,1,YES,1,0,91.67%,83.33%,100.00%,0.280000,0.041958,47,パスは私が…いや なんでもない…
YPK_GTT,1C7A73ED,OUTSIDE_LOADING,49,49,1,YES,1,0,100.00%,88.89%,100.00%,0.160000,0.031469,49,パスを死なせるな…！
YPK_GTT,1C7B72ED,OUTSIDE_LOADING,13,13,1,YES,0,1,100.00%,100.00%,100.00%,0.142857,0.034965,13,おしっこちびりそう…
YPK_GTT,1C7B72ED,OUTSIDE_LOADING,16,16,1,YES,1,0,50.00%,75.00%,100.00%,0.111111,0.013986,16,頼んだぞ
YPK_GTT,1C7BF2AD,OUTSIDE_LOADING,11,11,1,YES,0,1,100.00%,100.00%,100.00%,0.090909,0.017483,11,気をつけろ
YPK_GTT,1C7BF32D,OUTSIDE_LOADING,50,50,1,YES,1,0,76.92%,76.92%,100.00%,0.409091,0.045455,50,ボス…過去は変えられないぞ
YPK_GTT,1C7BF36D,OUTSIDE_LOADING,4,4,1,YES,0,1,100.00%,100.00%,100.00%,0.166667,0.031142,4,シャッターは<I=ACT>で開くんだ！
YPK_GTT,1C7BF36D,OUTSIDE_LOADING,6,6,1,YES,0,1,100.00%,100.00%,100.00%,0.178571,0.041522,6,そのシャッターを開けるには<I=ACT>よ！
YPK_GTT,1C7BF3AD,OUTSIDE_LOADING,5,5,1,YES,0,1,100.00%,100.00%,100.00%,0.136364,0.020979,5,気をつけて…
YPK_GTT,1C7BF3AD,OUTSIDE_LOADING,48,48,1,YES,0,1,100.00%,100.00%,100.00%,0.192308,0.038462,48,もうダメだ おしまいだ…！
YPK_GTT,1C7C736D,OUTSIDE_LOADING,5,5,1,YES,1,0,90.00%,90.00%,100.00%,0.312500,0.034965,5,他に何か手はないのか？
YPK_GTT,1C7C73AD,OUTSIDE_LOADING,12,12,1,YES,1,0,100.00%,93.75%,100.00%,0.228571,0.044983,12,ゲートはこじ開けるしかなさそうだ
YPK_GTT,1C7CF3AD,OUTSIDE_LOADING,7,7,1,YES,1,0,100.00%,87.50%,100.00%,0.153846,0.027972,7,敵をやっつけろ！
