file_id,unique_index,first_reference_index,reference_indices,reference_count,scene_context,entity_context,previous_jpn_text,jpn_text,next_jpn_text,jpn_control_tokens,cn_text,cn_control_tokens,control_structure_status,jpn_utf8_bytes,cn_utf8_bytes,translation_status,build_status,ingame_status,translation_basis,notes,mlg_cn_reference,mlg_cn_reference_variants,eng_reference,eng_reference_variants,reference_status,reference_method,reference_reason
LANG_GETTITLE_INSIGNIA_LIST.OLANG,0,0,0,1,,page174:tag:entity1:key001A9995:ref0:ord0,,WOLF,WHALE,,,,NOT_CHECKED,4,,NOT_STARTED,NOT_BUILT,NOT_TESTED,JPN_PRIMARY; MLG_CN_CONTEXT_AUXILIARY,mechanical template; resource_class=STAGEDAT_OLANG; source_objects=1,,[],WOLF,"[""WOLF""]",AUX_UNCHANGED,exact_jpn_stagedat_page_entry_reference_index;same_page_en_companion_entity_identity,auxiliary bank retains the original JPN text; auxiliary candidates only; JPN remains authoritative; verify against JPN text and context
LANG_GETTITLE_INSIGNIA_LIST.OLANG,1,1,1,1,,page174:tag:entity4:key002101DD:ref1:ord0,WOLF,WHALE,SWALLOW,,,,NOT_CHECKED,5,,NOT_STARTED,NOT_BUILT,NOT_TESTED,JPN_PRIMARY; MLG_CN_CONTEXT_AUXILIARY,mechanical template; resource_class=STAGEDAT_OLANG; source_objects=1,,[],WHALE,"[""WHALE""]",AUX_UNCHANGED,exact_jpn_stagedat_page_entry_reference_index;same_page_en_companion_entity_identity,auxiliary bank retains the original JPN text; auxiliary candidates only; JPN remains authoritative; verify against JPN text and context
LANG_GETTITLE_INSIGNIA_LIST.OLANG,2,2,2,1,,page174:tag:entity8:key003FA427:ref2:ord0,WHALE,SWALLOW,SCORPION,,,,NOT_CHECKED,7,,NOT_STARTED,NOT_BUILT,NOT_TESTED,JPN_PRIMARY; MLG_CN_CONTEXT_AUXILIARY,mechanical template; resource_class=STAGEDAT_OLANG; source_objects=1,,[],SWALLOW,"[""SWALLOW""]",AUX_UNCHANGED,exact_jpn_stagedat_page_entry_reference_index;same_page_en_companion_entity_identity,auxiliary bank retains the original JPN text; auxiliary candidates only; JPN remains authoritative; verify against JPN text and context
LANG_GETTITLE_INSIGNIA_LIST.OLANG,3,3,3,1,,page174:tag:entity5:key0027B9AF:ref3:ord0,SWALLOW,SCORPION,RAVEN,,,,NOT_CHECKED,8,,NOT_STARTED,NOT_BUILT,NOT_TESTED,JPN_PRIMARY; MLG_CN_CONTEXT_AUXILIARY,mechanical template; resource_class=STAGEDAT_OLANG; source_objects=1,,[],SCORPION,"[""SCORPION""]",AUX_UNCHANGED,exact_jpn_stagedat_page_entry_reference_index;same_page_en_companion_entity_identity,auxiliary bank retains the original JPN text; auxiliary candidates only; JPN remains authoritative; verify against JPN text and context
LANG_GETTITLE_INSIGNIA_LIST.OLANG,4,4,4,1,,page174:tag:entity11:key0049AEB0:ref4:ord0,SCORPION,RAVEN,PUMA,,,,NOT_CHECKED,5,,NOT_STARTED,NOT_BUILT,NOT_TESTED,JPN_PRIMARY; MLG_CN_CONTEXT_AUXILIARY,mechanical template; resource_class=STAGEDAT_OLANG; source_objects=1,,[],RAVEN,"[""RAVEN""]",AUX_UNCHANGED,exact_jpn_stagedat_page_entry_reference_index;same_page_en_companion_entity_identity,auxiliary bank retains the original JPN text; auxiliary candidates only; JPN remains authoritative; verify against JPN text and context
LANG_GETTITLE_INSIGNIA_LIST.OLANG,5,5,5,1,,page174:tag:entity6:key0035962D:ref5:ord0,RAVEN,PUMA,PIRANHA,,,,NOT_CHECKED,4,,NOT_STARTED,NOT_BUILT,NOT_TESTED,JPN_PRIMARY; MLG_CN_CONTEXT_AUXILIARY,mechanical template; resource_class=STAGEDAT_OLANG; source_objects=1,,[],PUMA,"[""PUMA""]",AUX_UNCHANGED,exact_jpn_stagedat_page_entry_reference_index;same_page_en_companion_entity_identity,auxiliary bank retains the original JPN text; auxiliary candidates only; JPN remains authoritative; verify against JPN text and context
LANG_GETTITLE_INSIGNIA_LIST.OLANG,6,6,6,1,,page174:tag:entity15:key006EAEAD:ref6:ord0,PUMA,PIRANHA,ORCA,,,,NOT_CHECKED,7,,NOT_STARTED,NOT_BUILT,NOT_TESTED,JPN_PRIMARY; MLG_CN_CONTEXT_AUXILIARY,mechanical template; resource_class=STAGEDAT_OLANG; source_objects=1,,[],PIRANHA,"[""PIRANHA""]",AUX_UNCHANGED,exact_jpn_stagedat_page_entry_reference_index;same_page_en_companion_entity_identity,auxiliary bank retains the original JPN text; auxiliary candidates only; JPN remains authoritative; verify against JPN text and context
LANG_GETTITLE_INSIGNIA_LIST.OLANG,7,7,7,1,,page174:tag:entity23:key00F5959F:ref7:ord0,PIRANHA,ORCA,OCTOPUS,,,,NOT_CHECKED,4,,NOT_STARTED,NOT_BUILT,NOT_TESTED,JPN_PRIMARY; MLG_CN_CONTEXT_AUXILIARY,mechanical template; resource_class=STAGEDAT_OLANG; source_objects=1,,[],ORCA,"[""ORCA""]",AUX_UNCHANGED,exact_jpn_stagedat_page_entry_reference_index;same_page_en_companion_entity_identity,auxiliary bank retains the original JPN text; auxiliary candidates only; JPN remains authoritative; verify against JPN text and context
LANG_GETTITLE_INSIGNIA_LIST.OLANG,8,8,8,1,,page174:tag:entity22:key00D4D5B6:ref8:ord0,ORCA,OCTOPUS,KANGAROO,,,,NOT_CHECKED,7,,NOT_STARTED,NOT_BUILT,NOT_TESTED,JPN_PRIMARY; MLG_CN_CONTEXT_AUXILIARY,mechanical template; resource_class=STAGEDAT_OLANG; source_objects=1,,[],OCTOPUS,"[""OCTOPUS""]",AUX_UNCHANGED,exact_jpn_stagedat_page_entry_reference_index;same_page_en_companion_entity_identity,auxiliary bank retains the original JPN text; auxiliary candidates only; JPN remains authoritative; verify against JPN text and context
LANG_GETTITLE_INSIGNIA_LIST.OLANG,9,9,9,1,,page174:tag:entity19:key00A60212:ref9:ord0,OCTOPUS,KANGAROO,HOUND,,,,NOT_CHECKED,8,,NOT_STARTED,NOT_BUILT,NOT_TESTED,JPN_PRIMARY; MLG_CN_CONTEXT_AUXILIARY,mechanical template; resource_class=STAGEDAT_OLANG; source_objects=1,,[],KANGAROO,"[""KANGAROO""]",AUX_UNCHANGED,exact_jpn_stagedat_page_entry_reference_index;same_page_en_companion_entity_identity,auxiliary bank retains the original JPN text; auxiliary candidates only; JPN remains authoritative; verify against JPN text and context
LANG_GETTITLE_INSIGNIA_LIST.OLANG,10,10,10,1,,page174:tag:entity13:key005F15AD:ref10:ord0,KANGAROO,HOUND,HAWK,,,,NOT_CHECKED,5,,NOT_STARTED,NOT_BUILT,NOT_TESTED,JPN_PRIMARY; MLG_CN_CONTEXT_AUXILIARY,mechanical template; resource_class=STAGEDAT_OLANG; source_objects=1,,[],HOUND,"[""HOUND""]",AUX_UNCHANGED,exact_jpn_stagedat_page_entry_reference_index;same_page_en_companion_entity_identity,auxiliary bank retains the original JPN text; auxiliary candidates only; JPN remains authoritative; verify against JPN text and context
LANG_GETTITLE_INSIGNIA_LIST.OLANG,11,11,11,1,,page174:tag:entity16:key007F91DE:ref11:ord0,HOUND,HAWK,GULL,,,,NOT_CHECKED,4,,NOT_STARTED,NOT_BUILT,NOT_TESTED,JPN_PRIMARY; MLG_CN_CONTEXT_AUXILIARY,mechanical template; resource_class=STAGEDAT_OLANG; source_objects=1,,[],HAWK,"[""HAWK""]",AUX_UNCHANGED,exact_jpn_stagedat_page_entry_reference_index;same_page_en_companion_entity_identity,auxiliary bank retains the original JPN text; auxiliary candidates only; JPN remains authoritative; verify against JPN text and context
LANG_GETTITLE_INSIGNIA_LIST.OLANG,12,12,12,1,,page174:tag:entity3:key002091AD:ref12:ord0,HAWK,GULL,FOXHOUND,,,,NOT_CHECKED,4,,NOT_STARTED,NOT_BUILT,NOT_TESTED,JPN_PRIMARY; MLG_CN_CONTEXT_AUXILIARY,mechanical template; resource_class=STAGEDAT_OLANG; source_objects=1,,[],GULL,"[""GULL""]",AUX_UNCHANGED,exact_jpn_stagedat_page_entry_reference_index;same_page_en_companion_entity_identity,auxiliary bank retains the original JPN text; auxiliary candidates only; JPN remains authoritative; verify against JPN text and context
LANG_GETTITLE_INSIGNIA_LIST.OLANG,13,13,13,1,,page174:tag:entity0:key000F18FA:ref13:ord0,GULL,FOXHOUND,FOX,,,,NOT_CHECKED,8,,NOT_STARTED,NOT_BUILT,NOT_TESTED,JPN_PRIMARY; MLG_CN_CONTEXT_AUXILIARY,mechanical template; resource_class=STAGEDAT_OLANG; source_objects=1,,[],FOXHOUND,"[""FOXHOUND""]",AUX_UNCHANGED,exact_jpn_stagedat_page_entry_reference_index;same_page_en_companion_entity_identity,auxiliary bank retains the original JPN text; auxiliary candidates only; JPN remains authoritative; verify against JPN text and context
LANG_GETTITLE_INSIGNIA_LIST.OLANG,14,14,14,1,,page174:tag:entity18:key008C5DF1:ref14:ord0,FOXHOUND,FOX,FIREFLY,,,,NOT_CHECKED,3,,NOT_STARTED,NOT_BUILT,NOT_TESTED,JPN_PRIMARY; MLG_CN_CONTEXT_AUXILIARY,mechanical template; resource_class=STAGEDAT_OLANG; source_objects=1,,[],FOX,"[""FOX""]",AUX_UNCHANGED,exact_jpn_stagedat_page_entry_reference_index;same_page_en_companion_entity_identity,auxiliary bank retains the original JPN text; auxiliary candidates only; JPN remains authoritative; verify against JPN text and context
LANG_GETTITLE_INSIGNIA_LIST.OLANG,15,15,15,1,,page174:tag:entity17:key0086B08B:ref15:ord0,FOX,FIREFLY,EEL,,,,NOT_CHECKED,7,,NOT_STARTED,NOT_BUILT,NOT_TESTED,JPN_PRIMARY; MLG_CN_CONTEXT_AUXILIARY,mechanical template; resource_class=STAGEDAT_OLANG; source_objects=1,,[],FIREFLY,"[""FIREFLY""]",AUX_UNCHANGED,exact_jpn_stagedat_page_entry_reference_index;same_page_en_companion_entity_identity,auxiliary bank retains the original JPN text; auxiliary candidates only; JPN remains authoritative; verify against JPN text and context
LANG_GETTITLE_INSIGNIA_LIST.OLANG,16,16,16,1,,page174:tag:entity9:key00405DEC:ref16:ord0,FIREFLY,EEL,DOBERMAN,,,,NOT_CHECKED,3,,NOT_STARTED,NOT_BUILT,NOT_TESTED,JPN_PRIMARY; MLG_CN_CONTEXT_AUXILIARY,mechanical template; resource_class=STAGEDAT_OLANG; source_objects=1,,[],EEL,"[""EEL""]",AUX_UNCHANGED,exact_jpn_stagedat_page_entry_reference_index;same_page_en_companion_entity_identity,auxiliary bank retains the original JPN text; auxiliary candidates only; JPN remains authoritative; verify against JPN text and context
LANG_GETTITLE_INSIGNIA_LIST.OLANG,17,17,17,1,,page174:tag:entity12:key004CEA48:ref17:ord0,EEL,DOBERMAN,DEER,,,,NOT_CHECKED,8,,NOT_STARTED,NOT_BUILT,NOT_TESTED,JPN_PRIMARY; MLG_CN_CONTEXT_AUXILIARY,mechanical template; resource_class=STAGEDAT_OLANG; source_objects=1,,[],DOBERMAN,"[""DOBERMAN""]",AUX_UNCHANGED,exact_jpn_stagedat_page_entry_reference_index;same_page_en_companion_entity_identity,auxiliary bank retains the original JPN text; auxiliary candidates only; JPN remains authoritative; verify against JPN text and context
LANG_GETTITLE_INSIGNIA_LIST.OLANG,18,18,18,1,,page174:tag:entity10:key00468FEC:ref18:ord0,DOBERMAN,DEER,CAT,,,,NOT_CHECKED,4,,NOT_STARTED,NOT_BUILT,NOT_TESTED,JPN_PRIMARY; MLG_CN_CONTEXT_AUXILIARY,mechanical template; resource_class=STAGEDAT_OLANG; source_objects=1,,[],DEER,"[""DEER""]",AUX_UNCHANGED,exact_jpn_stagedat_page_entry_reference_index;same_page_en_companion_entity_identity,auxiliary bank retains the original JPN text; auxiliary candidates only; JPN remains authoritative; verify against JPN text and context
LANG_GETTITLE_INSIGNIA_LIST.OLANG,19,19,19,1,,page174:tag:entity21:key00C85DE3:ref19:ord0,DEER,CAT,BUTTERFLY,,,,NOT_CHECKED,3,,NOT_STARTED,NOT_BUILT,NOT_TESTED,JPN_PRIMARY; MLG_CN_CONTEXT_AUXILIARY,mechanical template; resource_class=STAGEDAT_OLANG; source_objects=1,,[],CAT,"[""CAT""]",AUX_UNCHANGED,exact_jpn_stagedat_page_entry_reference_index;same_page_en_companion_entity_identity,auxiliary bank retains the original JPN text; auxiliary candidates only; JPN remains authoritative; verify against JPN text and context
LANG_GETTITLE_INSIGNIA_LIST.OLANG,20,20,20,1,,page174:tag:entity2:key001C4CB7:ref20:ord0,CAT,BUTTERFLY,BEE,,,,NOT_CHECKED,9,,NOT_STARTED,NOT_BUILT,NOT_TESTED,JPN_PRIMARY; MLG_CN_CONTEXT_AUXILIARY,mechanical template; resource_class=STAGEDAT_OLANG; source_objects=1,,[],BUTTERFLY,"[""BUTTERFLY""]",AUX_UNCHANGED,exact_jpn_stagedat_page_entry_reference_index;same_page_en_companion_entity_identity,auxiliary bank retains the original JPN text; auxiliary candidates only; JPN remains authoritative; verify against JPN text and context
LANG_GETTITLE_INSIGNIA_LIST.OLANG,21,21,21,1,,page174:tag:entity7:key00395DE0:ref21:ord0,BUTTERFLY,BEE,BEAR,,,,NOT_CHECKED,3,,NOT_STARTED,NOT_BUILT,NOT_TESTED,JPN_PRIMARY; MLG_CN_CONTEXT_AUXILIARY,mechanical template; resource_class=STAGEDAT_OLANG; source_objects=1,,[],BEE,"[""BEE""]",AUX_UNCHANGED,exact_jpn_stagedat_page_entry_reference_index;same_page_en_companion_entity_identity,auxiliary bank retains the original JPN text; auxiliary candidates only; JPN remains authoritative; verify against JPN text and context
LANG_GETTITLE_INSIGNIA_LIST.OLANG,22,22,22,1,,page174:tag:entity20:key00C68EEB:ref22:ord0,BEE,BEAR,ANT,,,,NOT_CHECKED,4,,NOT_STARTED,NOT_BUILT,NOT_TESTED,JPN_PRIMARY; MLG_CN_CONTEXT_AUXILIARY,mechanical template; resource_class=STAGEDAT_OLANG; source_objects=1,,[],BEAR,"[""BEAR""]",AUX_UNCHANGED,exact_jpn_stagedat_page_entry_reference_index;same_page_en_companion_entity_identity,auxiliary bank retains the original JPN text; auxiliary candidates only; JPN remains authoritative; verify against JPN text and context
LANG_GETTITLE_INSIGNIA_LIST.OLANG,23,23,23,1,,page174:tag:entity14:key00685DDD:ref23:ord0,BEAR,ANT,"主に中射程の武器を用い、仲間と協力しながら、
敵への対処はキルすることを主体に戦った兵士に
与えられる称号。",,,,NOT_CHECKED,3,,NOT_STARTED,NOT_BUILT,NOT_TESTED,JPN_PRIMARY; MLG_CN_CONTEXT_AUXILIARY,mechanical template; resource_class=STAGEDAT_OLANG; source_objects=1,,[],ANT,"[""ANT""]",AUX_UNCHANGED,exact_jpn_stagedat_page_entry_reference_index;same_page_en_companion_entity_identity,auxiliary bank retains the original JPN text; auxiliary candidates only; JPN remains authoritative; verify against JPN text and context
LANG_GETTITLE_INSIGNIA_LIST.OLANG,24,24,24,1,,page174:tag:entity25:key001A9995:ref24:ord0,ANT,"主に中射程の武器を用い、仲間と協力しながら、
敵への対処はキルすることを主体に戦った兵士に
与えられる称号。","主に爆発力のある武器を用い、仲間と協力しながら、
敵はキルするより戦闘力を奪うことを主眼に戦った
兵士に与えられる称号。",,,,NOT_CHECKED,158,,NOT_STARTED,NOT_BUILT,NOT_TESTED,JPN_PRIMARY; MLG_CN_CONTEXT_AUXILIARY,mechanical template; resource_class=STAGEDAT_OLANG; source_objects=1,"授予主要使用中距离武器、
偏好与同伴合作以致命武力
消灭敌人的士兵的称号。","[""授予主要使用中距离武器、\n偏好与同伴合作以致命武力\n消灭敌人的士兵的称号。""]","
Title given to soldiers who mainly use medium-range
weapons and favor cooperating with allies to eliminate
enemies with lethal force.","[""\nTitle given to soldiers who mainly use medium-range\nweapons and favor cooperating with allies to eliminate\nenemies with lethal force.""]",AUX_CN_ATTACHED,exact_jpn_stagedat_page_entry_reference_index;same_page_en_companion_entity_identity,master status=AUX_CN_ATTACHED; mapping method=exact_jpn_stagedat_page_entry_reference_index;same_page_en_companion_entity_identity; candidate attached as auxiliary evidence only; verify against JPN and context; auxiliary candidates only; JPN remains authoritative; verify against JPN text and context
LANG_GETTITLE_INSIGNIA_LIST.OLANG,25,25,25,1,,page174:tag:entity28:key002101DD:ref25:ord0,"主に中射程の武器を用い、仲間と協力しながら、
敵への対処はキルすることを主体に戦った兵士に
与えられる称号。","主に爆発力のある武器を用い、仲間と協力しながら、
敵はキルするより戦闘力を奪うことを主眼に戦った
兵士に与えられる称号。","主に長射程の武器を用い、敵はキルするより戦闘力を
奪うことを主眼に戦った兵士に与えられる称号。",,,,NOT_CHECKED,176,,NOT_STARTED,NOT_BUILT,NOT_TESTED,JPN_PRIMARY; MLG_CN_CONTEXT_AUXILIARY,mechanical template; resource_class=STAGEDAT_OLANG; source_objects=1,"授予主要使用爆炸性武器、
偏好与同伴合作以非致命武力制服敌人的士兵的称号。","[""授予主要使用爆炸性武器、\n偏好与同伴合作以非致命武力制服敌人的士兵的称号。""]","
Title given to soldiers who mainly use weapons with
explosive power and favor cooperating with allies to take down enemies with non-lethal force.","[""\nTitle given to soldiers who mainly use weapons with\nexplosive power and favor cooperating with allies to take down enemies with non-lethal force.""]",AUX_CN_ATTACHED,exact_jpn_stagedat_page_entry_reference_index;same_page_en_companion_entity_identity,master status=AUX_CN_ATTACHED; mapping method=exact_jpn_stagedat_page_entry_reference_index;same_page_en_companion_entity_identity; candidate attached as auxiliary evidence only; verify against JPN and context; auxiliary candidates only; JPN remains authoritative; verify against JPN text and context
LANG_GETTITLE_INSIGNIA_LIST.OLANG,26,26,26,1,,page174:tag:entity32:key003FA427:ref26:ord0,"主に爆発力のある武器を用い、仲間と協力しながら、
敵はキルするより戦闘力を奪うことを主眼に戦った
兵士に与えられる称号。","主に長射程の武器を用い、敵はキルするより戦闘力を
奪うことを主眼に戦った兵士に与えられる称号。","主に短射程の武器を用い、敵への対処はキルすることを
主体に戦った兵士に与えられる称号。",,,,NOT_CHECKED,139,,NOT_STARTED,NOT_BUILT,NOT_TESTED,JPN_PRIMARY; MLG_CN_CONTEXT_AUXILIARY,mechanical template; resource_class=STAGEDAT_OLANG; source_objects=1,授予主要使用远距离武器、偏好以非致命武力制服敌人的士兵的称号。,"[""授予主要使用远距离武器、偏好以非致命武力制服敌人的士兵的称号。""]","
Title given to soldiers who mainly use long-range weapons and favor taking down enemies with non-lethal force.","[""\nTitle given to soldiers who mainly use long-range weapons and favor taking down enemies with non-lethal force.""]",AUX_CN_ATTACHED,exact_jpn_stagedat_page_entry_reference_index;same_page_en_companion_entity_identity,master status=AUX_CN_ATTACHED; mapping method=exact_jpn_stagedat_page_entry_reference_index;same_page_en_companion_entity_identity; candidate attached as auxiliary evidence only; verify against JPN and context; auxiliary candidates only; JPN remains authoritative; verify against JPN text and context
LANG_GETTITLE_INSIGNIA_LIST.OLANG,27,27,27,1,,page174:tag:entity29:key0027B9AF:ref27:ord0,"主に長射程の武器を用い、敵はキルするより戦闘力を
奪うことを主眼に戦った兵士に与えられる称号。","主に短射程の武器を用い、敵への対処はキルすることを
主体に戦った兵士に与えられる称号。","主に長射程の武器を用い、仲間と協力しながら、
敵への対処はキルすることを主体に戦った兵士に
与えられる称号。",,,,NOT_CHECKED,127,,NOT_STARTED,NOT_BUILT,NOT_TESTED,JPN_PRIMARY; MLG_CN_CONTEXT_AUXILIARY,mechanical template; resource_class=STAGEDAT_OLANG; source_objects=1,"授予主要使用近距离武器、
偏好以致命武力消灭敌人的士兵的称号。","[""授予主要使用近距离武器、\n偏好以致命武力消灭敌人的士兵的称号。""]","
Title given to soldiers who mainly use short-range
weapons and favor eliminating enemies with lethal force.","[""\nTitle given to soldiers who mainly use short-range\nweapons and favor eliminating enemies with lethal force.""]",AUX_CN_ATTACHED,exact_jpn_stagedat_page_entry_reference_index;same_page_en_companion_entity_identity,master status=AUX_CN_ATTACHED; mapping method=exact_jpn_stagedat_page_entry_reference_index;same_page_en_companion_entity_identity; candidate attached as auxiliary evidence only; verify against JPN and context; auxiliary candidates only; JPN remains authoritative; verify against JPN text and context
LANG_GETTITLE_INSIGNIA_LIST.OLANG,28,28,28,1,,page174:tag:entity35:key0049AEB0:ref28:ord0,"主に短射程の武器を用い、敵への対処はキルすることを
主体に戦った兵士に与えられる称号。","主に長射程の武器を用い、仲間と協力しながら、
敵への対処はキルすることを主体に戦った兵士に
与えられる称号。","主に中射程の武器を用い、敵への対処はキルすることを
主体に戦った兵士に与えられる称号。",,,,NOT_CHECKED,158,,NOT_STARTED,NOT_BUILT,NOT_TESTED,JPN_PRIMARY; MLG_CN_CONTEXT_AUXILIARY,mechanical template; resource_class=STAGEDAT_OLANG; source_objects=1,授予主要使用远距离武器、偏好与同伴合作以致命武力消灭敌人的士兵的称号。,"[""授予主要使用远距离武器、偏好与同伴合作以致命武力消灭敌人的士兵的称号。""]","
Title given to soldiers who mainly use long-range weapons and favor cooperating with allies to eliminate enemies with lethal force.","[""\nTitle given to soldiers who mainly use long-range weapons and favor cooperating with allies to eliminate enemies with lethal force.""]",AUX_CN_ATTACHED,exact_jpn_stagedat_page_entry_reference_index;same_page_en_companion_entity_identity,master status=AUX_CN_ATTACHED; mapping method=exact_jpn_stagedat_page_entry_reference_index;same_page_en_companion_entity_identity; candidate attached as auxiliary evidence only; verify against JPN and context; auxiliary candidates only; JPN remains authoritative; verify against JPN text and context
LANG_GETTITLE_INSIGNIA_LIST.OLANG,29,29,29,1,,page174:tag:entity30:key0035962D:ref29:ord0,"主に長射程の武器を用い、仲間と協力しながら、
敵への対処はキルすることを主体に戦った兵士に
与えられる称号。","主に中射程の武器を用い、敵への対処はキルすることを
主体に戦った兵士に与えられる称号。","主に爆発力のある武器を用い、仲間と協力しながら、
敵への対処はキルすることを主体に戦った兵士に
与えられる称号。",,,,NOT_CHECKED,127,,NOT_STARTED,NOT_BUILT,NOT_TESTED,JPN_PRIMARY; MLG_CN_CONTEXT_AUXILIARY,mechanical template; resource_class=STAGEDAT_OLANG; source_objects=1,"授予主要使用中距离武器、
偏好以致命武力消灭敌人的士兵的称号。","[""授予主要使用中距离武器、\n偏好以致命武力消灭敌人的士兵的称号。""]","
Title given to soldiers who mainly use medium-range
weapons and favor eliminating enemies with lethal force.","[""\nTitle given to soldiers who mainly use medium-range\nweapons and favor eliminating enemies with lethal force.""]",AUX_CN_ATTACHED,exact_jpn_stagedat_page_entry_reference_index;same_page_en_companion_entity_identity,master status=AUX_CN_ATTACHED; mapping method=exact_jpn_stagedat_page_entry_reference_index;same_page_en_companion_entity_identity; candidate attached as auxiliary evidence only; verify against JPN and context; auxiliary candidates only; JPN remains authoritative; verify against JPN text and context
LANG_GETTITLE_INSIGNIA_LIST.OLANG,30,30,30,1,,page174:tag:entity39:key006EAEAD:ref30:ord0,"主に中射程の武器を用い、敵への対処はキルすることを
主体に戦った兵士に与えられる称号。","主に爆発力のある武器を用い、仲間と協力しながら、
敵への対処はキルすることを主体に戦った兵士に
与えられる称号。","主に爆発力のある武器を用い、敵への対処はキルする
ことを主体に戦った兵士に与えられる称号。",,,,NOT_CHECKED,164,,NOT_STARTED,NOT_BUILT,NOT_TESTED,JPN_PRIMARY; MLG_CN_CONTEXT_AUXILIARY,mechanical template; resource_class=STAGEDAT_OLANG; source_objects=1,"授予主要使用爆炸性武器、
偏好与同伴合作
以致命武力消灭敌人的士兵的称号。","[""授予主要使用爆炸性武器、\n偏好与同伴合作\n以致命武力消灭敌人的士兵的称号。""]","
Title given to soldiers who mainly use weapons with
explosive power and favor cooperating with allies to
eliminate enemies with lethal force.","[""\nTitle given to soldiers who mainly use weapons with\nexplosive power and favor cooperating with allies to\neliminate enemies with lethal force.""]",AUX_CN_ATTACHED,exact_jpn_stagedat_page_entry_reference_index;same_page_en_companion_entity_identity,master status=AUX_CN_ATTACHED; mapping method=exact_jpn_stagedat_page_entry_reference_index;same_page_en_companion_entity_identity; candidate attached as auxiliary evidence only; verify against JPN and context; auxiliary candidates only; JPN remains authoritative; verify against JPN text and context
LANG_GETTITLE_INSIGNIA_LIST.OLANG,31,31,31,1,,page174:tag:entity47:key00F5959F:ref31:ord0,"主に爆発力のある武器を用い、仲間と協力しながら、
敵への対処はキルすることを主体に戦った兵士に
与えられる称号。","主に爆発力のある武器を用い、敵への対処はキルする
ことを主体に戦った兵士に与えられる称号。","主に爆発力のある武器を用い、敵はキルするより戦闘力を
奪うことを主眼に戦った兵士に与えられる称号。",,,,NOT_CHECKED,133,,NOT_STARTED,NOT_BUILT,NOT_TESTED,JPN_PRIMARY; MLG_CN_CONTEXT_AUXILIARY,mechanical template; resource_class=STAGEDAT_OLANG; source_objects=1,"授予主要使用爆炸性武器、
偏好以致命武力消灭敌人的士兵的称号。","[""授予主要使用爆炸性武器、\n偏好以致命武力消灭敌人的士兵的称号。""]","
Title given to soldiers who mainly use weapons with
explosive power and favor eliminating enemies with lethal force.","[""\nTitle given to soldiers who mainly use weapons with\nexplosive power and favor eliminating enemies with lethal force.""]",AUX_CN_ATTACHED,exact_jpn_stagedat_page_entry_reference_index;same_page_en_companion_entity_identity,master status=AUX_CN_ATTACHED; mapping method=exact_jpn_stagedat_page_entry_reference_index;same_page_en_companion_entity_identity; candidate attached as auxiliary evidence only; verify against JPN and context; auxiliary candidates only; JPN remains authoritative; verify against JPN text and context
LANG_GETTITLE_INSIGNIA_LIST.OLANG,32,32,32,1,,page174:tag:entity46:key00D4D5B6:ref32:ord0,"主に爆発力のある武器を用い、敵への対処はキルする
ことを主体に戦った兵士に与えられる称号。","主に爆発力のある武器を用い、敵はキルするより戦闘力を
奪うことを主眼に戦った兵士に与えられる称号。","主にCQCを駆使し、仲間と協力しながら、敵はキルするより
戦闘力を奪うことを主眼に戦った兵士に与えられる称号。",,,,NOT_CHECKED,145,,NOT_STARTED,NOT_BUILT,NOT_TESTED,JPN_PRIMARY; MLG_CN_CONTEXT_AUXILIARY,mechanical template; resource_class=STAGEDAT_OLANG; source_objects=1,"授予主要使用爆炸性武器、
偏好以非致命武力
制服敌人的士兵的称号。","[""授予主要使用爆炸性武器、\n偏好以非致命武力\n制服敌人的士兵的称号。""]","
Title given to soldiers who mainly use weapons with
explosive power and favor taking down enemies with
non-lethal force.","[""\nTitle given to soldiers who mainly use weapons with\nexplosive power and favor taking down enemies with\nnon-lethal force.""]",AUX_CN_ATTACHED,exact_jpn_stagedat_page_entry_reference_index;same_page_en_companion_entity_identity,master status=AUX_CN_ATTACHED; mapping method=exact_jpn_stagedat_page_entry_reference_index;same_page_en_companion_entity_identity; candidate attached as auxiliary evidence only; verify against JPN and context; auxiliary candidates only; JPN remains authoritative; verify against JPN text and context
LANG_GETTITLE_INSIGNIA_LIST.OLANG,33,33,33,1,,page174:tag:entity43:key00A60212:ref33:ord0,"主に爆発力のある武器を用い、敵はキルするより戦闘力を
奪うことを主眼に戦った兵士に与えられる称号。","主にCQCを駆使し、仲間と協力しながら、敵はキルするより
戦闘力を奪うことを主眼に戦った兵士に与えられる称号。","あらゆる武器を用い、敵への対処はキルすることを主体に
して、最後まで戦い抜いた英雄に与えられる称号。",,,,NOT_CHECKED,157,,NOT_STARTED,NOT_BUILT,NOT_TESTED,JPN_PRIMARY; MLG_CN_CONTEXT_AUXILIARY,mechanical template; resource_class=STAGEDAT_OLANG; source_objects=1,"授予主要使用CQC、偏好与同伴合作
以非致命武力
制服敌人的士兵的称号。","[""授予主要使用CQC、偏好与同伴合作\n以非致命武力\n制服敌人的士兵的称号。""]","
Title given to soldiers who mainly use CQC and favor
cooperation with allies to take down enemies with
non-lethal force.","[""\nTitle given to soldiers who mainly use CQC and favor\ncooperation with allies to take down enemies with\nnon-lethal force.""]",AUX_CN_ATTACHED,exact_jpn_stagedat_page_entry_reference_index;same_page_en_companion_entity_identity,master status=AUX_CN_ATTACHED; mapping method=exact_jpn_stagedat_page_entry_reference_index;same_page_en_companion_entity_identity; candidate attached as auxiliary evidence only; verify against JPN and context; auxiliary candidates only; JPN remains authoritative; verify against JPN text and context
LANG_GETTITLE_INSIGNIA_LIST.OLANG,34,34,34,1,,page174:tag:entity37:key005F15AD:ref34:ord0,"主にCQCを駆使し、仲間と協力しながら、敵はキルするより
戦闘力を奪うことを主眼に戦った兵士に与えられる称号。","あらゆる武器を用い、敵への対処はキルすることを主体に
して、最後まで戦い抜いた英雄に与えられる称号。","主に長射程の武器を用い、敵への対処はキルすることを
主体に戦った兵士に与えられる称号。",,,,NOT_CHECKED,148,,NOT_STARTED,NOT_BUILT,NOT_TESTED,JPN_PRIMARY; MLG_CN_CONTEXT_AUXILIARY,mechanical template; resource_class=STAGEDAT_OLANG; source_objects=1,授予使用各种武器奋战到底、以致命武力消灭敌人的英雄的称号。,"[""授予使用各种武器奋战到底、以致命武力消灭敌人的英雄的称号。""]","
Title given to heroes who battle it out to the end using all sorts of weapons to eliminate enemies with lethal force.","[""\nTitle given to heroes who battle it out to the end using all sorts of weapons to eliminate enemies with lethal force.""]",AUX_CN_ATTACHED,exact_jpn_stagedat_page_entry_reference_index;same_page_en_companion_entity_identity,master status=AUX_CN_ATTACHED; mapping method=exact_jpn_stagedat_page_entry_reference_index;same_page_en_companion_entity_identity; candidate attached as auxiliary evidence only; verify against JPN and context; auxiliary candidates only; JPN remains authoritative; verify against JPN text and context
LANG_GETTITLE_INSIGNIA_LIST.OLANG,35,35,35,1,,page174:tag:entity40:key007F91DE:ref35:ord0,"あらゆる武器を用い、敵への対処はキルすることを主体に
して、最後まで戦い抜いた英雄に与えられる称号。","主に長射程の武器を用い、敵への対処はキルすることを
主体に戦った兵士に与えられる称号。","主に長射程の武器を用い、仲間と協力しながら、敵はキル
するより戦闘力を奪うことを主眼に戦った兵士に与えられる
称号。",,,,NOT_CHECKED,127,,NOT_STARTED,NOT_BUILT,NOT_TESTED,JPN_PRIMARY; MLG_CN_CONTEXT_AUXILIARY,mechanical template; resource_class=STAGEDAT_OLANG; source_objects=1,授予主要使用远距离武器、偏好以致命武力消灭敌人的士兵的称号。,"[""授予主要使用远距离武器、偏好以致命武力消灭敌人的士兵的称号。""]","
Title given to soldiers who mainly use long-range weapons and favor eliminating enemies with lethal force.","[""\nTitle given to soldiers who mainly use long-range weapons and favor eliminating enemies with lethal force.""]",AUX_CN_ATTACHED,exact_jpn_stagedat_page_entry_reference_index;same_page_en_companion_entity_identity,master status=AUX_CN_ATTACHED; mapping method=exact_jpn_stagedat_page_entry_reference_index;same_page_en_companion_entity_identity; candidate attached as auxiliary evidence only; verify against JPN and context; auxiliary candidates only; JPN remains authoritative; verify against JPN text and context
LANG_GETTITLE_INSIGNIA_LIST.OLANG,36,36,36,1,,page174:tag:entity27:key002091AD:ref36:ord0,"主に長射程の武器を用い、敵への対処はキルすることを
主体に戦った兵士に与えられる称号。","主に長射程の武器を用い、仲間と協力しながら、敵はキル
するより戦闘力を奪うことを主眼に戦った兵士に与えられる
称号。","あらゆる武器を用い、仲間と協力しながら、敵はキルする
より戦闘力を奪うことを主眼に、最後まで戦い抜いた英雄に
与えられる称号。",,,,NOT_CHECKED,170,,NOT_STARTED,NOT_BUILT,NOT_TESTED,JPN_PRIMARY; MLG_CN_CONTEXT_AUXILIARY,mechanical template; resource_class=STAGEDAT_OLANG; source_objects=1,授予主要使用远距离武器、偏好与同伴合作以非致命武力制服敌人的士兵的称号。,"[""授予主要使用远距离武器、偏好与同伴合作以非致命武力制服敌人的士兵的称号。""]","
Title given to soldiers who mainly use long-range weapons and favor cooperation with allies to take down enemies with non-lethal force.","[""\nTitle given to soldiers who mainly use long-range weapons and favor cooperation with allies to take down enemies with non-lethal force.""]",AUX_CN_ATTACHED,exact_jpn_stagedat_page_entry_reference_index;same_page_en_companion_entity_identity,master status=AUX_CN_ATTACHED; mapping method=exact_jpn_stagedat_page_entry_reference_index;same_page_en_companion_entity_identity; candidate attached as auxiliary evidence only; verify against JPN and context; auxiliary candidates only; JPN remains authoritative; verify against JPN text and context
LANG_GETTITLE_INSIGNIA_LIST.OLANG,37,37,37,1,,page174:tag:entity24:key000F18FA:ref37:ord0,"主に長射程の武器を用い、仲間と協力しながら、敵はキル
するより戦闘力を奪うことを主眼に戦った兵士に与えられる
称号。","あらゆる武器を用い、仲間と協力しながら、敵はキルする
より戦闘力を奪うことを主眼に、最後まで戦い抜いた英雄に
与えられる称号。","あらゆる武器を用い、敵はキルするより戦闘力を奪うことを
主眼に、最後まで戦い抜いた英雄に与えられる称号。",,,,NOT_CHECKED,185,,NOT_STARTED,NOT_BUILT,NOT_TESTED,JPN_PRIMARY; MLG_CN_CONTEXT_AUXILIARY,mechanical template; resource_class=STAGEDAT_OLANG; source_objects=1,授予使用各种武器奋战到底、偏好与同伴合作以非致命武力制服敌人的英雄的称号。,"[""授予使用各种武器奋战到底、偏好与同伴合作以非致命武力制服敌人的英雄的称号。""]","
Title given to heroes who battle it out to the end using all sorts of weapons and favor cooperation with allies to take down enemies with non-lethal force.","[""\nTitle given to heroes who battle it out to the end using all sorts of weapons and favor cooperation with allies to take down enemies with non-lethal force.""]",AUX_CN_ATTACHED,exact_jpn_stagedat_page_entry_reference_index;same_page_en_companion_entity_identity,master status=AUX_CN_ATTACHED; mapping method=exact_jpn_stagedat_page_entry_reference_index;same_page_en_companion_entity_identity; candidate attached as auxiliary evidence only; verify against JPN and context; auxiliary candidates only; JPN remains authoritative; verify against JPN text and context
LANG_GETTITLE_INSIGNIA_LIST.OLANG,38,38,38,1,,page174:tag:entity42:key008C5DF1:ref38:ord0,"あらゆる武器を用い、仲間と協力しながら、敵はキルする
より戦闘力を奪うことを主眼に、最後まで戦い抜いた英雄に
与えられる称号。","あらゆる武器を用い、敵はキルするより戦闘力を奪うことを
主眼に、最後まで戦い抜いた英雄に与えられる称号。","主にスタンロッドを用い、仲間と協力しながら、敵はキルする
より戦闘力を奪うことを主眼に戦った兵士に与えられる称号。",,,,NOT_CHECKED,154,,NOT_STARTED,NOT_BUILT,NOT_TESTED,JPN_PRIMARY; MLG_CN_CONTEXT_AUXILIARY,mechanical template; resource_class=STAGEDAT_OLANG; source_objects=1,授予使用各种武器奋战到底、以非致命武力制服敌人的英雄的称号。,"[""授予使用各种武器奋战到底、以非致命武力制服敌人的英雄的称号。""]","
Title given to heroes who battle it out to the end using all sorts of weapons to take down enemies with non-lethal force.","[""\nTitle given to heroes who battle it out to the end using all sorts of weapons to take down enemies with non-lethal force.""]",AUX_CN_ATTACHED,exact_jpn_stagedat_page_entry_reference_index;same_page_en_companion_entity_identity,master status=AUX_CN_ATTACHED; mapping method=exact_jpn_stagedat_page_entry_reference_index;same_page_en_companion_entity_identity; candidate attached as auxiliary evidence only; verify against JPN and context; auxiliary candidates only; JPN remains authoritative; verify against JPN text and context
LANG_GETTITLE_INSIGNIA_LIST.OLANG,39,39,39,1,,page174:tag:entity41:key0086B08B:ref39:ord0,"あらゆる武器を用い、敵はキルするより戦闘力を奪うことを
主眼に、最後まで戦い抜いた英雄に与えられる称号。","主にスタンロッドを用い、仲間と協力しながら、敵はキルする
より戦闘力を奪うことを主眼に戦った兵士に与えられる称号。","主にスタンロッドを用い、敵はキルするより戦闘力を
奪うことを主眼に戦った兵士に与えられる称号。",,,,NOT_CHECKED,169,,NOT_STARTED,NOT_BUILT,NOT_TESTED,JPN_PRIMARY; MLG_CN_CONTEXT_AUXILIARY,mechanical template; resource_class=STAGEDAT_OLANG; source_objects=1,授予主要使用电击棒、偏好与同伴合作以非致命武力制服敌人的士兵的称号。,"[""授予主要使用电击棒、偏好与同伴合作以非致命武力制服敌人的士兵的称号。""]","
Title given to soldiers who mainly use stun rods and favor cooperation with allies to take down enemies with non-lethal force.","[""\nTitle given to soldiers who mainly use stun rods and favor cooperation with allies to take down enemies with non-lethal force.""]",AUX_CN_ATTACHED,exact_jpn_stagedat_page_entry_reference_index;same_page_en_companion_entity_identity,master status=AUX_CN_ATTACHED; mapping method=exact_jpn_stagedat_page_entry_reference_index;same_page_en_companion_entity_identity; candidate attached as auxiliary evidence only; verify against JPN and context; auxiliary candidates only; JPN remains authoritative; verify against JPN text and context
LANG_GETTITLE_INSIGNIA_LIST.OLANG,40,40,40,1,,page174:tag:entity33:key00405DEC:ref40:ord0,"主にスタンロッドを用い、仲間と協力しながら、敵はキルする
より戦闘力を奪うことを主眼に戦った兵士に与えられる称号。","主にスタンロッドを用い、敵はキルするより戦闘力を
奪うことを主眼に戦った兵士に与えられる称号。","あらゆる武器を用い、仲間と協力しながら、敵への対処は
キルすることを主眼に、最後まで戦い抜いた英雄に
与えられる称号。",,,,NOT_CHECKED,139,,NOT_STARTED,NOT_BUILT,NOT_TESTED,JPN_PRIMARY; MLG_CN_CONTEXT_AUXILIARY,mechanical template; resource_class=STAGEDAT_OLANG; source_objects=1,授予主要使用电击棒、偏好以非致命武力制服敌人的士兵的称号。,"[""授予主要使用电击棒、偏好以非致命武力制服敌人的士兵的称号。""]","
Title given to soldiers who mainly use stun rods and favor taking down enemies with non-lethal force.","[""\nTitle given to soldiers who mainly use stun rods and favor taking down enemies with non-lethal force.""]",AUX_CN_ATTACHED,exact_jpn_stagedat_page_entry_reference_index;same_page_en_companion_entity_identity,master status=AUX_CN_ATTACHED; mapping method=exact_jpn_stagedat_page_entry_reference_index;same_page_en_companion_entity_identity; candidate attached as auxiliary evidence only; verify against JPN and context; auxiliary candidates only; JPN remains authoritative; verify against JPN text and context
LANG_GETTITLE_INSIGNIA_LIST.OLANG,41,41,41,1,,page174:tag:entity36:key004CEA48:ref41:ord0,"主にスタンロッドを用い、敵はキルするより戦闘力を
奪うことを主眼に戦った兵士に与えられる称号。","あらゆる武器を用い、仲間と協力しながら、敵への対処は
キルすることを主眼に、最後まで戦い抜いた英雄に
与えられる称号。","主に中射程の武器を用い、仲間と協力しながら、敵はキル
するより戦闘力を奪うことを主眼に戦った兵士に与えられる
称号。",,,,NOT_CHECKED,173,,NOT_STARTED,NOT_BUILT,NOT_TESTED,JPN_PRIMARY; MLG_CN_CONTEXT_AUXILIARY,mechanical template; resource_class=STAGEDAT_OLANG; source_objects=1,授予使用各种武器奋战到底、与同伴合作以致命武力消灭敌人的英雄的称号。,"[""授予使用各种武器奋战到底、与同伴合作以致命武力消灭敌人的英雄的称号。""]","
Title given to heroes who battle it out to the end using all sorts of weapons and cooperating with allies to eliminate enemies with lethal force.","[""\nTitle given to heroes who battle it out to the end using all sorts of weapons and cooperating with allies to eliminate enemies with lethal force.""]",AUX_CN_ATTACHED,exact_jpn_stagedat_page_entry_reference_index;same_page_en_companion_entity_identity,master status=AUX_CN_ATTACHED; mapping method=exact_jpn_stagedat_page_entry_reference_index;same_page_en_companion_entity_identity; candidate attached as auxiliary evidence only; verify against JPN and context; auxiliary candidates only; JPN remains authoritative; verify against JPN text and context
LANG_GETTITLE_INSIGNIA_LIST.OLANG,42,42,42,1,,page174:tag:entity34:key00468FEC:ref42:ord0,"あらゆる武器を用い、仲間と協力しながら、敵への対処は
キルすることを主眼に、最後まで戦い抜いた英雄に
与えられる称号。","主に中射程の武器を用い、仲間と協力しながら、敵はキル
するより戦闘力を奪うことを主眼に戦った兵士に与えられる
称号。","主に中射程の武器を用い、敵はキルするより戦闘力を
奪うことを主眼に戦った兵士に与えられる称号。",,,,NOT_CHECKED,170,,NOT_STARTED,NOT_BUILT,NOT_TESTED,JPN_PRIMARY; MLG_CN_CONTEXT_AUXILIARY,mechanical template; resource_class=STAGEDAT_OLANG; source_objects=1,"授予主要使用中距离武器、
偏好与同伴合作以非致命武力制服敌人的士兵的称号。","[""授予主要使用中距离武器、\n偏好与同伴合作以非致命武力制服敌人的士兵的称号。""]","
Title given to soldiers who mainly use medium-range
weapons and favor cooperation with allies to take down enemies with non-lethal force.","[""\nTitle given to soldiers who mainly use medium-range\nweapons and favor cooperation with allies to take down enemies with non-lethal force.""]",AUX_CN_ATTACHED,exact_jpn_stagedat_page_entry_reference_index;same_page_en_companion_entity_identity,master status=AUX_CN_ATTACHED; mapping method=exact_jpn_stagedat_page_entry_reference_index;same_page_en_companion_entity_identity; candidate attached as auxiliary evidence only; verify against JPN and context; auxiliary candidates only; JPN remains authoritative; verify against JPN text and context
LANG_GETTITLE_INSIGNIA_LIST.OLANG,43,43,43,1,,page174:tag:entity45:key00C85DE3:ref43:ord0,"主に中射程の武器を用い、仲間と協力しながら、敵はキル
するより戦闘力を奪うことを主眼に戦った兵士に与えられる
称号。","主に中射程の武器を用い、敵はキルするより戦闘力を
奪うことを主眼に戦った兵士に与えられる称号。","主に短射程の武器を用い、敵はキルするより戦闘力を
奪うことを主眼に戦った兵士に与えられる称号。",,,,NOT_CHECKED,139,,NOT_STARTED,NOT_BUILT,NOT_TESTED,JPN_PRIMARY; MLG_CN_CONTEXT_AUXILIARY,mechanical template; resource_class=STAGEDAT_OLANG; source_objects=1,"授予主要使用中距离武器、
偏好以非致命武力制服敌人的士兵的称号。","[""授予主要使用中距离武器、\n偏好以非致命武力制服敌人的士兵的称号。""]","
Title given to soldiers who mainly use medium-range
weapons and favor taking down enemies with non-lethal force.","[""\nTitle given to soldiers who mainly use medium-range\nweapons and favor taking down enemies with non-lethal force.""]",AUX_CN_ATTACHED,exact_jpn_stagedat_page_entry_reference_index;same_page_en_companion_entity_identity,master status=AUX_CN_ATTACHED; mapping method=exact_jpn_stagedat_page_entry_reference_index;same_page_en_companion_entity_identity; candidate attached as auxiliary evidence only; verify against JPN and context; auxiliary candidates only; JPN remains authoritative; verify against JPN text and context
LANG_GETTITLE_INSIGNIA_LIST.OLANG,44,44,44,1,,page174:tag:entity26:key001C4CB7:ref44:ord0,"主に中射程の武器を用い、敵はキルするより戦闘力を
奪うことを主眼に戦った兵士に与えられる称号。","主に短射程の武器を用い、敵はキルするより戦闘力を
奪うことを主眼に戦った兵士に与えられる称号。","主に短射程の武器を用い、仲間と協力しながら、敵への
対処はキルすることを主体に戦った兵士へと与えられる
称号。",,,,NOT_CHECKED,139,,NOT_STARTED,NOT_BUILT,NOT_TESTED,JPN_PRIMARY; MLG_CN_CONTEXT_AUXILIARY,mechanical template; resource_class=STAGEDAT_OLANG; source_objects=1,授予主要使用近距离武器、偏好以非致命武力制服敌人的士兵的称号。,"[""授予主要使用近距离武器、偏好以非致命武力制服敌人的士兵的称号。""]","
Title given to soldiers who mainly use short-range weapons and favor taking down enemies with non-lethal force.","[""\nTitle given to soldiers who mainly use short-range weapons and favor taking down enemies with non-lethal force.""]",AUX_CN_ATTACHED,exact_jpn_stagedat_page_entry_reference_index;same_page_en_companion_entity_identity,master status=AUX_CN_ATTACHED; mapping method=exact_jpn_stagedat_page_entry_reference_index;same_page_en_companion_entity_identity; candidate attached as auxiliary evidence only; verify against JPN and context; auxiliary candidates only; JPN remains authoritative; verify against JPN text and context
LANG_GETTITLE_INSIGNIA_LIST.OLANG,45,45,45,1,,page174:tag:entity31:key00395DE0:ref45:ord0,"主に短射程の武器を用い、敵はキルするより戦闘力を
奪うことを主眼に戦った兵士に与えられる称号。","主に短射程の武器を用い、仲間と協力しながら、敵への
対処はキルすることを主体に戦った兵士へと与えられる
称号。","主にCQCを駆使し、敵はキルするより戦闘力を
奪うことを主眼に戦った兵士に与えられる称号。",,,,NOT_CHECKED,161,,NOT_STARTED,NOT_BUILT,NOT_TESTED,JPN_PRIMARY; MLG_CN_CONTEXT_AUXILIARY,mechanical template; resource_class=STAGEDAT_OLANG; source_objects=1,授予主要使用近距离武器、偏好与同伴合作以致命武力消灭敌人的士兵的称号。,"[""授予主要使用近距离武器、偏好与同伴合作以致命武力消灭敌人的士兵的称号。""]","
Title given to soldiers who mainly use short-range weapons and favor cooperation with allies to eliminate enemies with lethal force.","[""\nTitle given to soldiers who mainly use short-range weapons and favor cooperation with allies to eliminate enemies with lethal force.""]",AUX_CN_ATTACHED,exact_jpn_stagedat_page_entry_reference_index;same_page_en_companion_entity_identity,master status=AUX_CN_ATTACHED; mapping method=exact_jpn_stagedat_page_entry_reference_index;same_page_en_companion_entity_identity; candidate attached as auxiliary evidence only; verify against JPN and context; auxiliary candidates only; JPN remains authoritative; verify against JPN text and context
LANG_GETTITLE_INSIGNIA_LIST.OLANG,46,46,46,1,,page174:tag:entity44:key00C68EEB:ref46:ord0,"主に短射程の武器を用い、仲間と協力しながら、敵への
対処はキルすることを主体に戦った兵士へと与えられる
称号。","主にCQCを駆使し、敵はキルするより戦闘力を
奪うことを主眼に戦った兵士に与えられる称号。","主に短射程の武器を用い、仲間と協力しながら、敵はキル
するより戦闘力を奪うことを主眼に戦った兵士に与えられる
称号。",,,,NOT_CHECKED,127,,NOT_STARTED,NOT_BUILT,NOT_TESTED,JPN_PRIMARY; MLG_CN_CONTEXT_AUXILIARY,mechanical template; resource_class=STAGEDAT_OLANG; source_objects=1,"授予主要使用CQC、偏好
以非致命武力制服敌人的士兵的称号。","[""授予主要使用CQC、偏好\n以非致命武力制服敌人的士兵的称号。""]","
Title given to soldiers who mainly use CQC and favor
taking down enemies with non-lethal force.","[""\nTitle given to soldiers who mainly use CQC and favor\ntaking down enemies with non-lethal force.""]",AUX_CN_ATTACHED,exact_jpn_stagedat_page_entry_reference_index;same_page_en_companion_entity_identity,master status=AUX_CN_ATTACHED; mapping method=exact_jpn_stagedat_page_entry_reference_index;same_page_en_companion_entity_identity; candidate attached as auxiliary evidence only; verify against JPN and context; auxiliary candidates only; JPN remains authoritative; verify against JPN text and context
LANG_GETTITLE_INSIGNIA_LIST.OLANG,47,47,47,1,,page174:tag:entity38:key00685DDD:ref47:ord0,"主にCQCを駆使し、敵はキルするより戦闘力を
奪うことを主眼に戦った兵士に与えられる称号。","主に短射程の武器を用い、仲間と協力しながら、敵はキル
するより戦闘力を奪うことを主眼に戦った兵士に与えられる
称号。",VSフルトン回収・スペシャリスト(Rank A),,,,NOT_CHECKED,170,,NOT_STARTED,NOT_BUILT,NOT_TESTED,JPN_PRIMARY; MLG_CN_CONTEXT_AUXILIARY,mechanical template; resource_class=STAGEDAT_OLANG; source_objects=1,"授予主要使用近距离武器、偏好与同伴合作以非致命武力
制服敌人的士兵的称号。","[""授予主要使用近距离武器、偏好与同伴合作以非致命武力\n制服敌人的士兵的称号。""]","
Title given to soldiers who mainly use short-range weapons and favor cooperation with allies to take down enemies with
non-lethal force.","[""\nTitle given to soldiers who mainly use short-range weapons and favor cooperation with allies to take down enemies with\nnon-lethal force.""]",AUX_CN_ATTACHED,exact_jpn_stagedat_page_entry_reference_index;same_page_en_companion_entity_identity,master status=AUX_CN_ATTACHED; mapping method=exact_jpn_stagedat_page_entry_reference_index;same_page_en_companion_entity_identity; candidate attached as auxiliary evidence only; verify against JPN and context; auxiliary candidates only; JPN remains authoritative; verify against JPN text and context
LANG_GETTITLE_INSIGNIA_LIST.OLANG,48,48,48,1,,page174:tag:entity58:key0000D421:ref48:ord0,"主に短射程の武器を用い、仲間と協力しながら、敵はキル
するより戦闘力を奪うことを主眼に戦った兵士に与えられる
称号。",VSフルトン回収・スペシャリスト(Rank A),VSフルトン回収・スペシャリスト(Rank B),,,,NOT_CHECKED,52,,NOT_STARTED,NOT_BUILT,NOT_TESTED,JPN_PRIMARY; MLG_CN_CONTEXT_AUXILIARY,mechanical template; resource_class=STAGEDAT_OLANG; source_objects=1,VS富尔顿回收专家（A级）,"[""VS富尔顿回收专家（A级）""]",VS Fulton Recovery Specialist (Rank A),"[""VS Fulton Recovery Specialist (Rank A)""]",AUX_CN_ATTACHED,exact_jpn_stagedat_page_entry_reference_index;same_page_en_companion_entity_identity,master status=AUX_CN_ATTACHED; mapping method=exact_jpn_stagedat_page_entry_reference_index;same_page_en_companion_entity_identity; candidate attached as auxiliary evidence only; verify against JPN and context; auxiliary candidates only; JPN remains authoritative; verify against JPN text and context
LANG_GETTITLE_INSIGNIA_LIST.OLANG,49,49,49,1,,page174:tag:entity57:key0000BD21:ref49:ord0,VSフルトン回収・スペシャリスト(Rank A),VSフルトン回収・スペシャリスト(Rank B),VSフルトン回収・スペシャリスト(Rank C),,,,NOT_CHECKED,52,,NOT_STARTED,NOT_BUILT,NOT_TESTED,JPN_PRIMARY; MLG_CN_CONTEXT_AUXILIARY,mechanical template; resource_class=STAGEDAT_OLANG; source_objects=1,VS富尔顿回收专家（B级）,"[""VS富尔顿回收专家（B级）""]",VS Fulton Recovery Specialist (Rank B),"[""VS Fulton Recovery Specialist (Rank B)""]",AUX_CN_ATTACHED,exact_jpn_stagedat_page_entry_reference_index;same_page_en_companion_entity_identity,master status=AUX_CN_ATTACHED; mapping method=exact_jpn_stagedat_page_entry_reference_index;same_page_en_companion_entity_identity; candidate attached as auxiliary evidence only; verify against JPN and context; auxiliary candidates only; JPN remains authoritative; verify against JPN text and context
LANG_GETTITLE_INSIGNIA_LIST.OLANG,50,50,50,1,,page174:tag:entity56:key0000BC21:ref50:ord0,VSフルトン回収・スペシャリスト(Rank B),VSフルトン回収・スペシャリスト(Rank C),キャプチャリング・プロフェッショナル(Rank A),,,,NOT_CHECKED,52,,NOT_STARTED,NOT_BUILT,NOT_TESTED,JPN_PRIMARY; MLG_CN_CONTEXT_AUXILIARY,mechanical template; resource_class=STAGEDAT_OLANG; source_objects=1,VS富尔顿回收专家（C级）,"[""VS富尔顿回收专家（C级）""]",VS Fulton Recovery Specialist (Rank C),"[""VS Fulton Recovery Specialist (Rank C)""]",AUX_CN_ATTACHED,exact_jpn_stagedat_page_entry_reference_index;same_page_en_companion_entity_identity,master status=AUX_CN_ATTACHED; mapping method=exact_jpn_stagedat_page_entry_reference_index;same_page_en_companion_entity_identity; candidate attached as auxiliary evidence only; verify against JPN and context; auxiliary candidates only; JPN remains authoritative; verify against JPN text and context
LANG_GETTITLE_INSIGNIA_LIST.OLANG,51,51,51,1,,page174:tag:entity55:key0000BB21:ref51:ord0,VSフルトン回収・スペシャリスト(Rank C),キャプチャリング・プロフェッショナル(Rank A),キャプチャリング・プロフェッショナル(Rank B),,,,NOT_CHECKED,62,,NOT_STARTED,NOT_BUILT,NOT_TESTED,JPN_PRIMARY; MLG_CN_CONTEXT_AUXILIARY,mechanical template; resource_class=STAGEDAT_OLANG; source_objects=1,捕获专家,"[""捕获专家""]",Capture Pro,"[""Capture Pro""]",AUX_CN_ATTACHED,exact_jpn_stagedat_page_entry_reference_index;same_page_en_companion_entity_identity,master status=AUX_CN_ATTACHED; mapping method=exact_jpn_stagedat_page_entry_reference_index;same_page_en_companion_entity_identity; candidate attached as auxiliary evidence only; verify against JPN and context; auxiliary candidates only; JPN remains authoritative; verify against JPN text and context
LANG_GETTITLE_INSIGNIA_LIST.OLANG,52,52,52,1,,page174:tag:entity54:key0000BA21:ref52:ord0,キャプチャリング・プロフェッショナル(Rank A),キャプチャリング・プロフェッショナル(Rank B),キャプチャリング・プロフェッショナル(Rank C),,,,NOT_CHECKED,62,,NOT_STARTED,NOT_BUILT,NOT_TESTED,JPN_PRIMARY; MLG_CN_CONTEXT_AUXILIARY,mechanical template; resource_class=STAGEDAT_OLANG; source_objects=1,捕获专家,"[""捕获专家""]",Capture Pro,"[""Capture Pro""]",AUX_CN_ATTACHED,exact_jpn_stagedat_page_entry_reference_index;same_page_en_companion_entity_identity,master status=AUX_CN_ATTACHED; mapping method=exact_jpn_stagedat_page_entry_reference_index;same_page_en_companion_entity_identity; candidate attached as auxiliary evidence only; verify against JPN and context; auxiliary candidates only; JPN remains authoritative; verify against JPN text and context
LANG_GETTITLE_INSIGNIA_LIST.OLANG,53,53,53,1,,page174:tag:entity53:key0000B921:ref53:ord0,キャプチャリング・プロフェッショナル(Rank B),キャプチャリング・プロフェッショナル(Rank C),拠点制圧スペシャリスト(Rank A),,,,NOT_CHECKED,62,,NOT_STARTED,NOT_BUILT,NOT_TESTED,JPN_PRIMARY; MLG_CN_CONTEXT_AUXILIARY,mechanical template; resource_class=STAGEDAT_OLANG; source_objects=1,捕获专家,"[""捕获专家""]",Capture Pro,"[""Capture Pro""]",AUX_CN_ATTACHED,exact_jpn_stagedat_page_entry_reference_index;same_page_en_companion_entity_identity,master status=AUX_CN_ATTACHED; mapping method=exact_jpn_stagedat_page_entry_reference_index;same_page_en_companion_entity_identity; candidate attached as auxiliary evidence only; verify against JPN and context; auxiliary candidates only; JPN remains authoritative; verify against JPN text and context
LANG_GETTITLE_INSIGNIA_LIST.OLANG,54,54,54,1,,page174:tag:entity52:key0000B821:ref54:ord0,キャプチャリング・プロフェッショナル(Rank C),拠点制圧スペシャリスト(Rank A),拠点制圧スペシャリスト(Rank B),,,,NOT_CHECKED,41,,NOT_STARTED,NOT_BUILT,NOT_TESTED,JPN_PRIMARY; MLG_CN_CONTEXT_AUXILIARY,mechanical template; resource_class=STAGEDAT_OLANG; source_objects=1,基地专家,"[""基地专家""]",Base Specialist,"[""Base Specialist""]",AUX_CN_ATTACHED,exact_jpn_stagedat_page_entry_reference_index;same_page_en_companion_entity_identity,master status=AUX_CN_ATTACHED; mapping method=exact_jpn_stagedat_page_entry_reference_index;same_page_en_companion_entity_identity; candidate attached as auxiliary evidence only; verify against JPN and context; auxiliary candidates only; JPN remains authoritative; verify against JPN text and context
LANG_GETTITLE_INSIGNIA_LIST.OLANG,55,55,55,1,,page174:tag:entity51:key0000B721:ref55:ord0,拠点制圧スペシャリスト(Rank A),拠点制圧スペシャリスト(Rank B),拠点制圧スペシャリスト(Rank C),,,,NOT_CHECKED,41,,NOT_STARTED,NOT_BUILT,NOT_TESTED,JPN_PRIMARY; MLG_CN_CONTEXT_AUXILIARY,mechanical template; resource_class=STAGEDAT_OLANG; source_objects=1,基地专家,"[""基地专家""]",Base Specialist,"[""Base Specialist""]",AUX_CN_ATTACHED,exact_jpn_stagedat_page_entry_reference_index;same_page_en_companion_entity_identity,master status=AUX_CN_ATTACHED; mapping method=exact_jpn_stagedat_page_entry_reference_index;same_page_en_companion_entity_identity; candidate attached as auxiliary evidence only; verify against JPN and context; auxiliary candidates only; JPN remains authoritative; verify against JPN text and context
LANG_GETTITLE_INSIGNIA_LIST.OLANG,56,56,56,1,,page174:tag:entity50:key0000B621:ref56:ord0,拠点制圧スペシャリスト(Rank B),拠点制圧スペシャリスト(Rank C),VSヘッドショット・ストリークマスター(Rank A),,,,NOT_CHECKED,41,,NOT_STARTED,NOT_BUILT,NOT_TESTED,JPN_PRIMARY; MLG_CN_CONTEXT_AUXILIARY,mechanical template; resource_class=STAGEDAT_OLANG; source_objects=1,基地专家,"[""基地专家""]",Base Specialist,"[""Base Specialist""]",AUX_CN_ATTACHED,exact_jpn_stagedat_page_entry_reference_index;same_page_en_companion_entity_identity,master status=AUX_CN_ATTACHED; mapping method=exact_jpn_stagedat_page_entry_reference_index;same_page_en_companion_entity_identity; candidate attached as auxiliary evidence only; verify against JPN and context; auxiliary candidates only; JPN remains authoritative; verify against JPN text and context
LANG_GETTITLE_INSIGNIA_LIST.OLANG,57,57,57,1,,page174:tag:entity49:key0000B521:ref57:ord0,拠点制圧スペシャリスト(Rank C),VSヘッドショット・ストリークマスター(Rank A),VSヘッドショット・ストリークマスター(Rank B),,,,NOT_CHECKED,61,,NOT_STARTED,NOT_BUILT,NOT_TESTED,JPN_PRIMARY; MLG_CN_CONTEXT_AUXILIARY,mechanical template; resource_class=STAGEDAT_OLANG; source_objects=1,VS连续爆头大师,"[""VS连续爆头大师""]",VS Headshot Streak Master,"[""VS Headshot Streak Master""]",AUX_CN_ATTACHED,exact_jpn_stagedat_page_entry_reference_index;same_page_en_companion_entity_identity,master status=AUX_CN_ATTACHED; mapping method=exact_jpn_stagedat_page_entry_reference_index;same_page_en_companion_entity_identity; candidate attached as auxiliary evidence only; verify against JPN and context; auxiliary candidates only; JPN remains authoritative; verify against JPN text and context
LANG_GETTITLE_INSIGNIA_LIST.OLANG,58,58,58,1,,page174:tag:entity48:key0000B421:ref58:ord0,VSヘッドショット・ストリークマスター(Rank A),VSヘッドショット・ストリークマスター(Rank B),VSヘッドショット・ストリークマスター(Rank C),,,,NOT_CHECKED,61,,NOT_STARTED,NOT_BUILT,NOT_TESTED,JPN_PRIMARY; MLG_CN_CONTEXT_AUXILIARY,mechanical template; resource_class=STAGEDAT_OLANG; source_objects=1,VS连续爆头大师,"[""VS连续爆头大师""]",VS Headshot Streak Master,"[""VS Headshot Streak Master""]",AUX_CN_ATTACHED,exact_jpn_stagedat_page_entry_reference_index;same_page_en_companion_entity_identity,master status=AUX_CN_ATTACHED; mapping method=exact_jpn_stagedat_page_entry_reference_index;same_page_en_companion_entity_identity; candidate attached as auxiliary evidence only; verify against JPN and context; auxiliary candidates only; JPN remains authoritative; verify against JPN text and context
LANG_GETTITLE_INSIGNIA_LIST.OLANG,59,59,59,1,,page174:tag:entity157:key00FDDD20:ref59:ord0,VSヘッドショット・ストリークマスター(Rank B),VSヘッドショット・ストリークマスター(Rank C),VSストリーク・バトルマスター(Rank A),,,,NOT_CHECKED,61,,NOT_STARTED,NOT_BUILT,NOT_TESTED,JPN_PRIMARY; MLG_CN_CONTEXT_AUXILIARY,mechanical template; resource_class=STAGEDAT_OLANG; source_objects=1,VS连续爆头大师,"[""VS连续爆头大师""]",VS Headshot Streak Master,"[""VS Headshot Streak Master""]",AUX_CN_ATTACHED,exact_jpn_stagedat_page_entry_reference_index;same_page_en_companion_entity_identity,master status=AUX_CN_ATTACHED; mapping method=exact_jpn_stagedat_page_entry_reference_index;same_page_en_companion_entity_identity; candidate attached as auxiliary evidence only; verify against JPN and context; auxiliary candidates only; JPN remains authoritative; verify against JPN text and context
LANG_GETTITLE_INSIGNIA_LIST.OLANG,60,60,60,1,,page174:tag:entity156:key00FDDC20:ref60:ord0,VSヘッドショット・ストリークマスター(Rank C),VSストリーク・バトルマスター(Rank A),VSストリーク・バトルマスター(Rank B),,,,NOT_CHECKED,49,,NOT_STARTED,NOT_BUILT,NOT_TESTED,JPN_PRIMARY; MLG_CN_CONTEXT_AUXILIARY,mechanical template; resource_class=STAGEDAT_OLANG; source_objects=1,VS连续击杀大师,"[""VS连续击杀大师""]",VS Kill Streak Master,"[""VS Kill Streak Master""]",AUX_CN_ATTACHED,exact_jpn_stagedat_page_entry_reference_index;same_page_en_companion_entity_identity,master status=AUX_CN_ATTACHED; mapping method=exact_jpn_stagedat_page_entry_reference_index;same_page_en_companion_entity_identity; candidate attached as auxiliary evidence only; verify against JPN and context; auxiliary candidates only; JPN remains authoritative; verify against JPN text and context
LANG_GETTITLE_INSIGNIA_LIST.OLANG,61,61,61,1,,page174:tag:entity155:key00FDDB20:ref61:ord0,VSストリーク・バトルマスター(Rank A),VSストリーク・バトルマスター(Rank B),VSストリーク・バトルマスター(Rank C),,,,NOT_CHECKED,49,,NOT_STARTED,NOT_BUILT,NOT_TESTED,JPN_PRIMARY; MLG_CN_CONTEXT_AUXILIARY,mechanical template; resource_class=STAGEDAT_OLANG; source_objects=1,VS连续击杀大师,"[""VS连续击杀大师""]",VS Kill Streak Master,"[""VS Kill Streak Master""]",AUX_CN_ATTACHED,exact_jpn_stagedat_page_entry_reference_index;same_page_en_companion_entity_identity,master status=AUX_CN_ATTACHED; mapping method=exact_jpn_stagedat_page_entry_reference_index;same_page_en_companion_entity_identity; candidate attached as auxiliary evidence only; verify against JPN and context; auxiliary candidates only; JPN remains authoritative; verify against JPN text and context
LANG_GETTITLE_INSIGNIA_LIST.OLANG,62,62,62,1,,page174:tag:entity154:key00FDDA20:ref62:ord0,VSストリーク・バトルマスター(Rank B),VSストリーク・バトルマスター(Rank C),VSバトルマスター(Rank A),,,,NOT_CHECKED,49,,NOT_STARTED,NOT_BUILT,NOT_TESTED,JPN_PRIMARY; MLG_CN_CONTEXT_AUXILIARY,mechanical template; resource_class=STAGEDAT_OLANG; source_objects=1,VS连续击杀大师,"[""VS连续击杀大师""]",VS Kill Streak Master,"[""VS Kill Streak Master""]",AUX_CN_ATTACHED,exact_jpn_stagedat_page_entry_reference_index;same_page_en_companion_entity_identity,master status=AUX_CN_ATTACHED; mapping method=exact_jpn_stagedat_page_entry_reference_index;same_page_en_companion_entity_identity; candidate attached as auxiliary evidence only; verify against JPN and context; auxiliary candidates only; JPN remains authoritative; verify against JPN text and context
LANG_GETTITLE_INSIGNIA_LIST.OLANG,63,63,63,1,,page174:tag:entity153:key00FDD920:ref63:ord0,VSストリーク・バトルマスター(Rank C),VSバトルマスター(Rank A),VSバトルマスター(Rank B),,,,NOT_CHECKED,31,,NOT_STARTED,NOT_BUILT,NOT_TESTED,JPN_PRIMARY; MLG_CN_CONTEXT_AUXILIARY,mechanical template; resource_class=STAGEDAT_OLANG; source_objects=1,VS战斗大师（A级）,"[""VS战斗大师（A级）""]",VS Battle Master (Rank A),"[""VS Battle Master (Rank A)""]",AUX_CN_ATTACHED,exact_jpn_stagedat_page_entry_reference_index;same_page_en_companion_entity_identity,master status=AUX_CN_ATTACHED; mapping method=exact_jpn_stagedat_page_entry_reference_index;same_page_en_companion_entity_identity; candidate attached as auxiliary evidence only; verify against JPN and context; auxiliary candidates only; JPN remains authoritative; verify against JPN text and context
LANG_GETTITLE_INSIGNIA_LIST.OLANG,64,64,64,1,,page174:tag:entity152:key00FDD820:ref64:ord0,VSバトルマスター(Rank A),VSバトルマスター(Rank B),VSバトルマスター(Rank C),,,,NOT_CHECKED,31,,NOT_STARTED,NOT_BUILT,NOT_TESTED,JPN_PRIMARY; MLG_CN_CONTEXT_AUXILIARY,mechanical template; resource_class=STAGEDAT_OLANG; source_objects=1,VS战斗大师（B级）,"[""VS战斗大师（B级）""]",VS Battle Master (Rank B),"[""VS Battle Master (Rank B)""]",AUX_CN_ATTACHED,exact_jpn_stagedat_page_entry_reference_index;same_page_en_companion_entity_identity,master status=AUX_CN_ATTACHED; mapping method=exact_jpn_stagedat_page_entry_reference_index;same_page_en_companion_entity_identity; candidate attached as auxiliary evidence only; verify against JPN and context; auxiliary candidates only; JPN remains authoritative; verify against JPN text and context
LANG_GETTITLE_INSIGNIA_LIST.OLANG,65,65,65,1,,page174:tag:entity151:key00FDD720:ref65:ord0,VSバトルマスター(Rank B),VSバトルマスター(Rank C),キャプチャー・プロフェッショナル,,,,NOT_CHECKED,31,,NOT_STARTED,NOT_BUILT,NOT_TESTED,JPN_PRIMARY; MLG_CN_CONTEXT_AUXILIARY,mechanical template; resource_class=STAGEDAT_OLANG; source_objects=1,VS战斗大师（C级）,"[""VS战斗大师（C级）""]",VS Battle Master (Rank C),"[""VS Battle Master (Rank C)""]",AUX_CN_ATTACHED,exact_jpn_stagedat_page_entry_reference_index;same_page_en_companion_entity_identity,master status=AUX_CN_ATTACHED; mapping method=exact_jpn_stagedat_page_entry_reference_index;same_page_en_companion_entity_identity; candidate attached as auxiliary evidence only; verify against JPN and context; auxiliary candidates only; JPN remains authoritative; verify against JPN text and context
LANG_GETTITLE_INSIGNIA_LIST.OLANG,66,66,66,1,,page174:tag:entity150:key00FDD620:ref66:ord0,VSバトルマスター(Rank C),キャプチャー・プロフェッショナル,拠点制圧マスター,,,,NOT_CHECKED,48,,NOT_STARTED,NOT_BUILT,NOT_TESTED,JPN_PRIMARY; MLG_CN_CONTEXT_AUXILIARY,mechanical template; resource_class=STAGEDAT_OLANG; source_objects=1,捕获专家,"[""捕获专家""]",Capture Pro,"[""Capture Pro""]",AUX_CN_ATTACHED,exact_jpn_stagedat_page_entry_reference_index;same_page_en_companion_entity_identity,master status=AUX_CN_ATTACHED; mapping method=exact_jpn_stagedat_page_entry_reference_index;same_page_en_companion_entity_identity; candidate attached as auxiliary evidence only; verify against JPN and context; auxiliary candidates only; JPN remains authoritative; verify against JPN text and context
LANG_GETTITLE_INSIGNIA_LIST.OLANG,67,67,67,1,,page174:tag:entity149:key00FDD520:ref67:ord0,キャプチャー・プロフェッショナル,拠点制圧マスター,チームデスマッチ・マスター,,,,NOT_CHECKED,24,,NOT_STARTED,NOT_BUILT,NOT_TESTED,JPN_PRIMARY; MLG_CN_CONTEXT_AUXILIARY,mechanical template; resource_class=STAGEDAT_OLANG; source_objects=1,基地大师,"[""基地大师""]",Base Master,"[""Base Master""]",AUX_CN_ATTACHED,exact_jpn_stagedat_page_entry_reference_index;same_page_en_companion_entity_identity,master status=AUX_CN_ATTACHED; mapping method=exact_jpn_stagedat_page_entry_reference_index;same_page_en_companion_entity_identity; candidate attached as auxiliary evidence only; verify against JPN and context; auxiliary candidates only; JPN remains authoritative; verify against JPN text and context
LANG_GETTITLE_INSIGNIA_LIST.OLANG,68,68,68,1,,page174:tag:entity148:key00FDD420:ref68:ord0,拠点制圧マスター,チームデスマッチ・マスター,デスマッチ・マスター,,,,NOT_CHECKED,39,,NOT_STARTED,NOT_BUILT,NOT_TESTED,JPN_PRIMARY; MLG_CN_CONTEXT_AUXILIARY,mechanical template; resource_class=STAGEDAT_OLANG; source_objects=1,团队死斗大师,"[""团队死斗大师""]",Team Deathmatch Master,"[""Team Deathmatch Master""]",AUX_CN_ATTACHED,exact_jpn_stagedat_page_entry_reference_index;same_page_en_companion_entity_identity,master status=AUX_CN_ATTACHED; mapping method=exact_jpn_stagedat_page_entry_reference_index;same_page_en_companion_entity_identity; candidate attached as auxiliary evidence only; verify against JPN and context; auxiliary candidates only; JPN remains authoritative; verify against JPN text and context
LANG_GETTITLE_INSIGNIA_LIST.OLANG,69,69,69,1,,page174:tag:entity147:key00FDBD20:ref69:ord0,チームデスマッチ・マスター,デスマッチ・マスター,???,,,,NOT_CHECKED,30,,NOT_STARTED,NOT_BUILT,NOT_TESTED,JPN_PRIMARY; MLG_CN_CONTEXT_AUXILIARY,mechanical template; resource_class=STAGEDAT_OLANG; source_objects=1,死斗大师,"[""死斗大师""]",Deathmatch Master,"[""Deathmatch Master""]",AUX_CN_ATTACHED,exact_jpn_stagedat_page_entry_reference_index;same_page_en_companion_entity_identity,master status=AUX_CN_ATTACHED; mapping method=exact_jpn_stagedat_page_entry_reference_index;same_page_en_companion_entity_identity; candidate attached as auxiliary evidence only; verify against JPN and context; auxiliary candidates only; JPN remains authoritative; verify against JPN text and context
LANG_GETTITLE_INSIGNIA_LIST.OLANG,70,70,70;71;72;76;77;78;180;181;182;186;187;188,12,,page174:tag:entity146:key00FDBC20:ref70:ord0;page174:tag:entity145:key00FDBB20:ref71:ord0;page174:tag:entity144:key00FDBA20:ref72:ord0;page174:tag:entity140:key00FDB620:ref76:ord0;page174:tag:entity139:key00FDB520:ref77:ord0;page174:tag:entity138:key00FDB420:ref78:ord0;page174:tag:entity256:key00FDBC20:ref180:ord0;page174:tag:entity255:key00FDBB20:ref181:ord0;page174:tag:entity254:key00FDBA20:ref182:ord0;page174:tag:entity250:key00FDB620:ref186:ord0;page174:tag:entity249:key00FDB520:ref187:ord0;page174:tag:entity248:key00FDB420:ref188:ord0,デスマッチ・マスター,???,VSマスター(Rank A),,,,NOT_CHECKED,3,,NOT_STARTED,NOT_BUILT,NOT_TESTED,JPN_PRIMARY; MLG_CN_CONTEXT_AUXILIARY,mechanical template; resource_class=STAGEDAT_OLANG; source_objects=12,,[],???,"[""???""]",AUX_UNCHANGED,exact_jpn_stagedat_page_entry_reference_index;same_page_en_companion_entity_identity,auxiliary bank retains the original JPN text; auxiliary candidates only; JPN remains authoritative; verify against JPN text and context
LANG_GETTITLE_INSIGNIA_LIST.OLANG,71,73,73,1,,page174:tag:entity143:key00FDB920:ref73:ord0,???,VSマスター(Rank A),VSマスター(Rank B),,,,NOT_CHECKED,22,,NOT_STARTED,NOT_BUILT,NOT_TESTED,JPN_PRIMARY; MLG_CN_CONTEXT_AUXILIARY,mechanical template; resource_class=STAGEDAT_OLANG; source_objects=1,VS大师（A级）,"[""VS大师（A级）""]",VS Master (Rank A),"[""VS Master (Rank A)""]",AUX_CN_ATTACHED,exact_jpn_stagedat_page_entry_reference_index;same_page_en_companion_entity_identity,master status=AUX_CN_ATTACHED; mapping method=exact_jpn_stagedat_page_entry_reference_index;same_page_en_companion_entity_identity; candidate attached as auxiliary evidence only; verify against JPN and context; auxiliary candidates only; JPN remains authoritative; verify against JPN text and context
LANG_GETTITLE_INSIGNIA_LIST.OLANG,72,74,74,1,,page174:tag:entity142:key00FDB820:ref74:ord0,VSマスター(Rank A),VSマスター(Rank B),VSマスター(Rank C),,,,NOT_CHECKED,22,,NOT_STARTED,NOT_BUILT,NOT_TESTED,JPN_PRIMARY; MLG_CN_CONTEXT_AUXILIARY,mechanical template; resource_class=STAGEDAT_OLANG; source_objects=1,VS大师（B级）,"[""VS大师（B级）""]",VS Master (Rank B),"[""VS Master (Rank B)""]",AUX_CN_ATTACHED,exact_jpn_stagedat_page_entry_reference_index;same_page_en_companion_entity_identity,master status=AUX_CN_ATTACHED; mapping method=exact_jpn_stagedat_page_entry_reference_index;same_page_en_companion_entity_identity; candidate attached as auxiliary evidence only; verify against JPN and context; auxiliary candidates only; JPN remains authoritative; verify against JPN text and context
LANG_GETTITLE_INSIGNIA_LIST.OLANG,73,75,75,1,,page174:tag:entity141:key00FDB720:ref75:ord0,VSマスター(Rank B),VSマスター(Rank C),???,,,,NOT_CHECKED,22,,NOT_STARTED,NOT_BUILT,NOT_TESTED,JPN_PRIMARY; MLG_CN_CONTEXT_AUXILIARY,mechanical template; resource_class=STAGEDAT_OLANG; source_objects=1,VS大师（C级）,"[""VS大师（C级）""]",VS Master (Rank C),"[""VS Master (Rank C)""]",AUX_CN_ATTACHED,exact_jpn_stagedat_page_entry_reference_index;same_page_en_companion_entity_identity,master status=AUX_CN_ATTACHED; mapping method=exact_jpn_stagedat_page_entry_reference_index;same_page_en_companion_entity_identity; candidate attached as auxiliary evidence only; verify against JPN and context; auxiliary candidates only; JPN remains authoritative; verify against JPN text and context
LANG_GETTITLE_INSIGNIA_LIST.OLANG,74,79,79,1,,page174:tag:entity137:key00FD9D20:ref79:ord0,???,VSエンスージアスト(Rank A),VSエンスージアスト(Rank B),,,,NOT_CHECKED,34,,NOT_STARTED,NOT_BUILT,NOT_TESTED,JPN_PRIMARY; MLG_CN_CONTEXT_AUXILIARY,mechanical template; resource_class=STAGEDAT_OLANG; source_objects=1,VS爱好者（A级）,"[""VS爱好者（A级）""]",VS Enthusiast (Rank A),"[""VS Enthusiast (Rank A)""]",AUX_CN_ATTACHED,exact_jpn_stagedat_page_entry_reference_index;same_page_en_companion_entity_identity,master status=AUX_CN_ATTACHED; mapping method=exact_jpn_stagedat_page_entry_reference_index;same_page_en_companion_entity_identity; candidate attached as auxiliary evidence only; verify against JPN and context; auxiliary candidates only; JPN remains authoritative; verify against JPN text and context
LANG_GETTITLE_INSIGNIA_LIST.OLANG,75,80,80,1,,page174:tag:entity136:key00FD9C20:ref80:ord0,VSエンスージアスト(Rank A),VSエンスージアスト(Rank B),VSエンスージアスト(Rank C),,,,NOT_CHECKED,34,,NOT_STARTED,NOT_BUILT,NOT_TESTED,JPN_PRIMARY; MLG_CN_CONTEXT_AUXILIARY,mechanical template; resource_class=STAGEDAT_OLANG; source_objects=1,VS爱好者（B级）,"[""VS爱好者（B级）""]",VS Enthusiast (Rank B),"[""VS Enthusiast (Rank B)""]",AUX_CN_ATTACHED,exact_jpn_stagedat_page_entry_reference_index;same_page_en_companion_entity_identity,master status=AUX_CN_ATTACHED; mapping method=exact_jpn_stagedat_page_entry_reference_index;same_page_en_companion_entity_identity; candidate attached as auxiliary evidence only; verify against JPN and context; auxiliary candidates only; JPN remains authoritative; verify against JPN text and context
LANG_GETTITLE_INSIGNIA_LIST.OLANG,76,81,81,1,,page174:tag:entity135:key00FD9B20:ref81:ord0,VSエンスージアスト(Rank B),VSエンスージアスト(Rank C),VSルーキー,,,,NOT_CHECKED,34,,NOT_STARTED,NOT_BUILT,NOT_TESTED,JPN_PRIMARY; MLG_CN_CONTEXT_AUXILIARY,mechanical template; resource_class=STAGEDAT_OLANG; source_objects=1,VS爱好者（C级）,"[""VS爱好者（C级）""]",VS Enthusiast (Rank C),"[""VS Enthusiast (Rank C)""]",AUX_CN_ATTACHED,exact_jpn_stagedat_page_entry_reference_index;same_page_en_companion_entity_identity,master status=AUX_CN_ATTACHED; mapping method=exact_jpn_stagedat_page_entry_reference_index;same_page_en_companion_entity_identity; candidate attached as auxiliary evidence only; verify against JPN and context; auxiliary candidates only; JPN remains authoritative; verify against JPN text and context
LANG_GETTITLE_INSIGNIA_LIST.OLANG,77,82,82,1,,page174:tag:entity134:key00FD9A20:ref82:ord0,VSエンスージアスト(Rank C),VSルーキー,マスター・オブ・マザーベース,,,,NOT_CHECKED,14,,NOT_STARTED,NOT_BUILT,NOT_TESTED,JPN_PRIMARY; MLG_CN_CONTEXT_AUXILIARY,mechanical template; resource_class=STAGEDAT_OLANG; source_objects=1,VS新秀,"[""VS新秀""]",VS Rookie,"[""VS Rookie""]",AUX_CN_ATTACHED,exact_jpn_stagedat_page_entry_reference_index;same_page_en_companion_entity_identity,master status=AUX_CN_ATTACHED; mapping method=exact_jpn_stagedat_page_entry_reference_index;same_page_en_companion_entity_identity; candidate attached as auxiliary evidence only; verify against JPN and context; auxiliary candidates only; JPN remains authoritative; verify against JPN text and context
LANG_GETTITLE_INSIGNIA_LIST.OLANG,78,83,83,1,,page174:tag:entity133:key00FD9920:ref83:ord0,VSルーキー,マスター・オブ・マザーベース,マザーベース・ディベロップ・スペシャリスト,,,,NOT_CHECKED,42,,NOT_STARTED,NOT_BUILT,NOT_TESTED,JPN_PRIMARY; MLG_CN_CONTEXT_AUXILIARY,mechanical template; resource_class=STAGEDAT_OLANG; source_objects=1,母基地大师,"[""母基地大师""]",Mother Base Master,"[""Mother Base Master""]",AUX_CN_ATTACHED,exact_jpn_stagedat_page_entry_reference_index;same_page_en_companion_entity_identity,master status=AUX_CN_ATTACHED; mapping method=exact_jpn_stagedat_page_entry_reference_index;same_page_en_companion_entity_identity; candidate attached as auxiliary evidence only; verify against JPN and context; auxiliary candidates only; JPN remains authoritative; verify against JPN text and context
LANG_GETTITLE_INSIGNIA_LIST.OLANG,79,84,84,1,,page174:tag:entity132:key00FD9820:ref84:ord0,マスター・オブ・マザーベース,マザーベース・ディベロップ・スペシャリスト,マスター・オブ・ウェポン,,,,NOT_CHECKED,63,,NOT_STARTED,NOT_BUILT,NOT_TESTED,JPN_PRIMARY; MLG_CN_CONTEXT_AUXILIARY,mechanical template; resource_class=STAGEDAT_OLANG; source_objects=1,母基地开发专家,"[""母基地开发专家""]",Mother Base Development Specialist,"[""Mother Base Development Specialist""]",AUX_CN_ATTACHED,exact_jpn_stagedat_page_entry_reference_index;same_page_en_companion_entity_identity,master status=AUX_CN_ATTACHED; mapping method=exact_jpn_stagedat_page_entry_reference_index;same_page_en_companion_entity_identity; candidate attached as auxiliary evidence only; verify against JPN and context; auxiliary candidates only; JPN remains authoritative; verify against JPN text and context
LANG_GETTITLE_INSIGNIA_LIST.OLANG,80,85,85,1,,page174:tag:entity131:key00FD9720:ref85:ord0,マザーベース・ディベロップ・スペシャリスト,マスター・オブ・ウェポン,スタンロッド・スペシャリスト,,,,NOT_CHECKED,36,,NOT_STARTED,NOT_BUILT,NOT_TESTED,JPN_PRIMARY; MLG_CN_CONTEXT_AUXILIARY,mechanical template; resource_class=STAGEDAT_OLANG; source_objects=1,武器大师,"[""武器大师""]",Weapon Master,"[""Weapon Master""]",AUX_CN_ATTACHED,exact_jpn_stagedat_page_entry_reference_index;same_page_en_companion_entity_identity,master status=AUX_CN_ATTACHED; mapping method=exact_jpn_stagedat_page_entry_reference_index;same_page_en_companion_entity_identity; candidate attached as auxiliary evidence only; verify against JPN and context; auxiliary candidates only; JPN remains authoritative; verify against JPN text and context
LANG_GETTITLE_INSIGNIA_LIST.OLANG,81,86,86,1,,page174:tag:entity130:key00FD9620:ref86:ord0,マスター・オブ・ウェポン,スタンロッド・スペシャリスト,エクスプロシブ・スペシャリスト,,,,NOT_CHECKED,42,,NOT_STARTED,NOT_BUILT,NOT_TESTED,JPN_PRIMARY; MLG_CN_CONTEXT_AUXILIARY,mechanical template; resource_class=STAGEDAT_OLANG; source_objects=1,电击棒专家,"[""电击棒专家""]",Stun Rod Specialist,"[""Stun Rod Specialist""]",AUX_CN_ATTACHED,exact_jpn_stagedat_page_entry_reference_index;same_page_en_companion_entity_identity,master status=AUX_CN_ATTACHED; mapping method=exact_jpn_stagedat_page_entry_reference_index;same_page_en_companion_entity_identity; candidate attached as auxiliary evidence only; verify against JPN and context; auxiliary candidates only; JPN remains authoritative; verify against JPN text and context
LANG_GETTITLE_INSIGNIA_LIST.OLANG,82,87,87,1,,page174:tag:entity129:key00FD9520:ref87:ord0,スタンロッド・スペシャリスト,エクスプロシブ・スペシャリスト,グレネード・スペシャリスト,,,,NOT_CHECKED,45,,NOT_STARTED,NOT_BUILT,NOT_TESTED,JPN_PRIMARY; MLG_CN_CONTEXT_AUXILIARY,mechanical template; resource_class=STAGEDAT_OLANG; source_objects=1,爆炸物专家,"[""爆炸物专家""]",Explosives Specialist,"[""Explosives Specialist""]",AUX_CN_ATTACHED,exact_jpn_stagedat_page_entry_reference_index;same_page_en_companion_entity_identity,master status=AUX_CN_ATTACHED; mapping method=exact_jpn_stagedat_page_entry_reference_index;same_page_en_companion_entity_identity; candidate attached as auxiliary evidence only; verify against JPN and context; auxiliary candidates only; JPN remains authoritative; verify against JPN text and context
LANG_GETTITLE_INSIGNIA_LIST.OLANG,83,88,88,1,,page174:tag:entity128:key00FD9420:ref88:ord0,エクスプロシブ・スペシャリスト,グレネード・スペシャリスト,ミサイル・スペシャリスト,,,,NOT_CHECKED,39,,NOT_STARTED,NOT_BUILT,NOT_TESTED,JPN_PRIMARY; MLG_CN_CONTEXT_AUXILIARY,mechanical template; resource_class=STAGEDAT_OLANG; source_objects=1,手榴弹专家,"[""手榴弹专家""]",Grenade Specialist,"[""Grenade Specialist""]",AUX_CN_ATTACHED,exact_jpn_stagedat_page_entry_reference_index;same_page_en_companion_entity_identity,master status=AUX_CN_ATTACHED; mapping method=exact_jpn_stagedat_page_entry_reference_index;same_page_en_companion_entity_identity; candidate attached as auxiliary evidence only; verify against JPN and context; auxiliary candidates only; JPN remains authoritative; verify against JPN text and context
LANG_GETTITLE_INSIGNIA_LIST.OLANG,84,89,89,1,,page174:tag:entity127:key00FD7D20:ref89:ord0,グレネード・スペシャリスト,ミサイル・スペシャリスト,マシンガン・スペシャリスト,,,,NOT_CHECKED,36,,NOT_STARTED,NOT_BUILT,NOT_TESTED,JPN_PRIMARY; MLG_CN_CONTEXT_AUXILIARY,mechanical template; resource_class=STAGEDAT_OLANG; source_objects=1,导弹专家,"[""导弹专家""]",Missile Specialist,"[""Missile Specialist""]",AUX_CN_ATTACHED,exact_jpn_stagedat_page_entry_reference_index;same_page_en_companion_entity_identity,master status=AUX_CN_ATTACHED; mapping method=exact_jpn_stagedat_page_entry_reference_index;same_page_en_companion_entity_identity; candidate attached as auxiliary evidence only; verify against JPN and context; auxiliary candidates only; JPN remains authoritative; verify against JPN text and context
LANG_GETTITLE_INSIGNIA_LIST.OLANG,85,90,90,1,,page174:tag:entity126:key00FD7C20:ref90:ord0,ミサイル・スペシャリスト,マシンガン・スペシャリスト,スナイパーライフル・スペシャリスト,,,,NOT_CHECKED,39,,NOT_STARTED,NOT_BUILT,NOT_TESTED,JPN_PRIMARY; MLG_CN_CONTEXT_AUXILIARY,mechanical template; resource_class=STAGEDAT_OLANG; source_objects=1,机枪专家,"[""机枪专家""]",Machine Gun Specialist,"[""Machine Gun Specialist""]",AUX_CN_ATTACHED,exact_jpn_stagedat_page_entry_reference_index;same_page_en_companion_entity_identity,master status=AUX_CN_ATTACHED; mapping method=exact_jpn_stagedat_page_entry_reference_index;same_page_en_companion_entity_identity; candidate attached as auxiliary evidence only; verify against JPN and context; auxiliary candidates only; JPN remains authoritative; verify against JPN text and context
LANG_GETTITLE_INSIGNIA_LIST.OLANG,86,91,91,1,,page174:tag:entity125:key00FD7B20:ref91:ord0,マシンガン・スペシャリスト,スナイパーライフル・スペシャリスト,アサルトライフル・スペシャリスト,,,,NOT_CHECKED,51,,NOT_STARTED,NOT_BUILT,NOT_TESTED,JPN_PRIMARY; MLG_CN_CONTEXT_AUXILIARY,mechanical template; resource_class=STAGEDAT_OLANG; source_objects=1,狙击步枪专家,"[""狙击步枪专家""]",Sniper Rifle Specialist,"[""Sniper Rifle Specialist""]",AUX_CN_ATTACHED,exact_jpn_stagedat_page_entry_reference_index;same_page_en_companion_entity_identity,master status=AUX_CN_ATTACHED; mapping method=exact_jpn_stagedat_page_entry_reference_index;same_page_en_companion_entity_identity; candidate attached as auxiliary evidence only; verify against JPN and context; auxiliary candidates only; JPN remains authoritative; verify against JPN text and context
LANG_GETTITLE_INSIGNIA_LIST.OLANG,87,92,92,1,,page174:tag:entity124:key00FD7A20:ref92:ord0,スナイパーライフル・スペシャリスト,アサルトライフル・スペシャリスト,ショットガン・スペシャリスト,,,,NOT_CHECKED,48,,NOT_STARTED,NOT_BUILT,NOT_TESTED,JPN_PRIMARY; MLG_CN_CONTEXT_AUXILIARY,mechanical template; resource_class=STAGEDAT_OLANG; source_objects=1,突击步枪专家,"[""突击步枪专家""]",Assault Rifle Specialist,"[""Assault Rifle Specialist""]",AUX_CN_ATTACHED,exact_jpn_stagedat_page_entry_reference_index;same_page_en_companion_entity_identity,master status=AUX_CN_ATTACHED; mapping method=exact_jpn_stagedat_page_entry_reference_index;same_page_en_companion_entity_identity; candidate attached as auxiliary evidence only; verify against JPN and context; auxiliary candidates only; JPN remains authoritative; verify against JPN text and context
LANG_GETTITLE_INSIGNIA_LIST.OLANG,88,93,93,1,,page174:tag:entity123:key00FD7920:ref93:ord0,アサルトライフル・スペシャリスト,ショットガン・スペシャリスト,サブマシンガン・スペシャリスト,,,,NOT_CHECKED,42,,NOT_STARTED,NOT_BUILT,NOT_TESTED,JPN_PRIMARY; MLG_CN_CONTEXT_AUXILIARY,mechanical template; resource_class=STAGEDAT_OLANG; source_objects=1,霰弹枪专家,"[""霰弹枪专家""]",Shotgun Specialist,"[""Shotgun Specialist""]",AUX_CN_ATTACHED,exact_jpn_stagedat_page_entry_reference_index;same_page_en_companion_entity_identity,master status=AUX_CN_ATTACHED; mapping method=exact_jpn_stagedat_page_entry_reference_index;same_page_en_companion_entity_identity; candidate attached as auxiliary evidence only; verify against JPN and context; auxiliary candidates only; JPN remains authoritative; verify against JPN text and context
LANG_GETTITLE_INSIGNIA_LIST.OLANG,89,94,94,1,,page174:tag:entity122:key00FD7820:ref94:ord0,ショットガン・スペシャリスト,サブマシンガン・スペシャリスト,ハンドガン・スペシャリスト,,,,NOT_CHECKED,45,,NOT_STARTED,NOT_BUILT,NOT_TESTED,JPN_PRIMARY; MLG_CN_CONTEXT_AUXILIARY,mechanical template; resource_class=STAGEDAT_OLANG; source_objects=1,冲锋枪专家,"[""冲锋枪专家""]",Submachine Gun Specialist,"[""Submachine Gun Specialist""]",AUX_CN_ATTACHED,exact_jpn_stagedat_page_entry_reference_index;same_page_en_companion_entity_identity,master status=AUX_CN_ATTACHED; mapping method=exact_jpn_stagedat_page_entry_reference_index;same_page_en_companion_entity_identity; candidate attached as auxiliary evidence only; verify against JPN and context; auxiliary candidates only; JPN remains authoritative; verify against JPN text and context
LANG_GETTITLE_INSIGNIA_LIST.OLANG,90,95,95,1,,page174:tag:entity121:key00FD7720:ref95:ord0,サブマシンガン・スペシャリスト,ハンドガン・スペシャリスト,メカハンティング・スペシャリスト,,,,NOT_CHECKED,39,,NOT_STARTED,NOT_BUILT,NOT_TESTED,JPN_PRIMARY; MLG_CN_CONTEXT_AUXILIARY,mechanical template; resource_class=STAGEDAT_OLANG; source_objects=1,手枪专家,"[""手枪专家""]",Handgun Specialist,"[""Handgun Specialist""]",AUX_CN_ATTACHED,exact_jpn_stagedat_page_entry_reference_index;same_page_en_companion_entity_identity,master status=AUX_CN_ATTACHED; mapping method=exact_jpn_stagedat_page_entry_reference_index;same_page_en_companion_entity_identity; candidate attached as auxiliary evidence only; verify against JPN and context; auxiliary candidates only; JPN remains authoritative; verify against JPN text and context
LANG_GETTITLE_INSIGNIA_LIST.OLANG,91,96,96,1,,page174:tag:entity120:key00FD7620:ref96:ord0,ハンドガン・スペシャリスト,メカハンティング・スペシャリスト,ウェポン・クリエーター,,,,NOT_CHECKED,48,,NOT_STARTED,NOT_BUILT,NOT_TESTED,JPN_PRIMARY; MLG_CN_CONTEXT_AUXILIARY,mechanical template; resource_class=STAGEDAT_OLANG; source_objects=1,载具狩猎专家,"[""载具狩猎专家""]",Mech Hunting Specialist,"[""Mech Hunting Specialist""]",AUX_CN_ATTACHED,exact_jpn_stagedat_page_entry_reference_index;same_page_en_companion_entity_identity,master status=AUX_CN_ATTACHED; mapping method=exact_jpn_stagedat_page_entry_reference_index;same_page_en_companion_entity_identity; candidate attached as auxiliary evidence only; verify against JPN and context; auxiliary candidates only; JPN remains authoritative; verify against JPN text and context
LANG_GETTITLE_INSIGNIA_LIST.OLANG,92,97,97,1,,page174:tag:entity119:key00FD7520:ref97:ord0,メカハンティング・スペシャリスト,ウェポン・クリエーター,アイテム・クリエーター,,,,NOT_CHECKED,33,,NOT_STARTED,NOT_BUILT,NOT_TESTED,JPN_PRIMARY; MLG_CN_CONTEXT_AUXILIARY,mechanical template; resource_class=STAGEDAT_OLANG; source_objects=1,武器创造者,"[""武器创造者""]",Weapon Creator,"[""Weapon Creator""]",AUX_CN_ATTACHED,exact_jpn_stagedat_page_entry_reference_index;same_page_en_companion_entity_identity,master status=AUX_CN_ATTACHED; mapping method=exact_jpn_stagedat_page_entry_reference_index;same_page_en_companion_entity_identity; candidate attached as auxiliary evidence only; verify against JPN and context; auxiliary candidates only; JPN remains authoritative; verify against JPN text and context
LANG_GETTITLE_INSIGNIA_LIST.OLANG,93,98,98,1,,page174:tag:entity118:key00FD7420:ref98:ord0,ウェポン・クリエーター,アイテム・クリエーター,WACコーディネーター,,,,NOT_CHECKED,33,,NOT_STARTED,NOT_BUILT,NOT_TESTED,JPN_PRIMARY; MLG_CN_CONTEXT_AUXILIARY,mechanical template; resource_class=STAGEDAT_OLANG; source_objects=1,道具创造者,"[""道具创造者""]",Item Creator,"[""Item Creator""]",AUX_CN_ATTACHED,exact_jpn_stagedat_page_entry_reference_index;same_page_en_companion_entity_identity,master status=AUX_CN_ATTACHED; mapping method=exact_jpn_stagedat_page_entry_reference_index;same_page_en_companion_entity_identity; candidate attached as auxiliary evidence only; verify against JPN and context; auxiliary candidates only; JPN remains authoritative; verify against JPN text and context
LANG_GETTITLE_INSIGNIA_LIST.OLANG,94,99,99,1,,page174:tag:entity117:key00FD5D20:ref99:ord0,アイテム・クリエーター,WACコーディネーター,称号コレクト・スペシャリスト(Rank A),,,,NOT_CHECKED,27,,NOT_STARTED,NOT_BUILT,NOT_TESTED,JPN_PRIMARY; MLG_CN_CONTEXT_AUXILIARY,mechanical template; resource_class=STAGEDAT_OLANG; source_objects=1,WAC协调员,"[""WAC协调员""]",WAC Coordinator,"[""WAC Coordinator""]",AUX_CN_ATTACHED,exact_jpn_stagedat_page_entry_reference_index;same_page_en_companion_entity_identity,master status=AUX_CN_ATTACHED; mapping method=exact_jpn_stagedat_page_entry_reference_index;same_page_en_companion_entity_identity; candidate attached as auxiliary evidence only; verify against JPN and context; auxiliary candidates only; JPN remains authoritative; verify against JPN text and context
LANG_GETTITLE_INSIGNIA_LIST.OLANG,95,100,100,1,,page174:tag:entity116:key00FD5C20:ref100:ord0,WACコーディネーター,称号コレクト・スペシャリスト(Rank A),称号コレクト・スペシャリスト(Rank B),,,,NOT_CHECKED,50,,NOT_STARTED,NOT_BUILT,NOT_TESTED,JPN_PRIMARY; MLG_CN_CONTEXT_AUXILIARY,mechanical template; resource_class=STAGEDAT_OLANG; source_objects=1,代号收集专家（A级）,"[""代号收集专家（A级）""]",Codename Collection Specialist (Rank A),"[""Codename Collection Specialist (Rank A)""]",AUX_CN_ATTACHED,exact_jpn_stagedat_page_entry_reference_index;same_page_en_companion_entity_identity,master status=AUX_CN_ATTACHED; mapping method=exact_jpn_stagedat_page_entry_reference_index;same_page_en_companion_entity_identity; candidate attached as auxiliary evidence only; verify against JPN and context; auxiliary candidates only; JPN remains authoritative; verify against JPN text and context
LANG_GETTITLE_INSIGNIA_LIST.OLANG,96,101,101,1,,page174:tag:entity115:key00FD5B20:ref101:ord0,称号コレクト・スペシャリスト(Rank A),称号コレクト・スペシャリスト(Rank B),称号コレクト・スペシャリスト(Rank C),,,,NOT_CHECKED,50,,NOT_STARTED,NOT_BUILT,NOT_TESTED,JPN_PRIMARY; MLG_CN_CONTEXT_AUXILIARY,mechanical template; resource_class=STAGEDAT_OLANG; source_objects=1,代号收集专家（B级）,"[""代号收集专家（B级）""]",Codename Collection Specialist (Rank B),"[""Codename Collection Specialist (Rank B)""]",AUX_CN_ATTACHED,exact_jpn_stagedat_page_entry_reference_index;same_page_en_companion_entity_identity,master status=AUX_CN_ATTACHED; mapping method=exact_jpn_stagedat_page_entry_reference_index;same_page_en_companion_entity_identity; candidate attached as auxiliary evidence only; verify against JPN and context; auxiliary candidates only; JPN remains authoritative; verify against JPN text and context
LANG_GETTITLE_INSIGNIA_LIST.OLANG,97,102,102,1,,page174:tag:entity114:key00FD5A20:ref102:ord0,称号コレクト・スペシャリスト(Rank B),称号コレクト・スペシャリスト(Rank C),勲章コレクト・スペシャリスト(Rank A),,,,NOT_CHECKED,50,,NOT_STARTED,NOT_BUILT,NOT_TESTED,JPN_PRIMARY; MLG_CN_CONTEXT_AUXILIARY,mechanical template; resource_class=STAGEDAT_OLANG; source_objects=1,代号收集专家（C级）,"[""代号收集专家（C级）""]",Codename Collection Specialist (Rank C),"[""Codename Collection Specialist (Rank C)""]",AUX_CN_ATTACHED,exact_jpn_stagedat_page_entry_reference_index;same_page_en_companion_entity_identity,master status=AUX_CN_ATTACHED; mapping method=exact_jpn_stagedat_page_entry_reference_index;same_page_en_companion_entity_identity; candidate attached as auxiliary evidence only; verify against JPN and context; auxiliary candidates only; JPN remains authoritative; verify against JPN text and context
LANG_GETTITLE_INSIGNIA_LIST.OLANG,98,103,103,1,,page174:tag:entity113:key00FD5920:ref103:ord0,称号コレクト・スペシャリスト(Rank C),勲章コレクト・スペシャリスト(Rank A),勲章コレクト・スペシャリスト(Rank B),,,,NOT_CHECKED,50,,NOT_STARTED,NOT_BUILT,NOT_TESTED,JPN_PRIMARY; MLG_CN_CONTEXT_AUXILIARY,mechanical template; resource_class=STAGEDAT_OLANG; source_objects=1,徽章收集专家（A级）,"[""徽章收集专家（A级）""]",Insignia Collection Specialist (Rank A),"[""Insignia Collection Specialist (Rank A)""]",AUX_CN_ATTACHED,exact_jpn_stagedat_page_entry_reference_index;same_page_en_companion_entity_identity,master status=AUX_CN_ATTACHED; mapping method=exact_jpn_stagedat_page_entry_reference_index;same_page_en_companion_entity_identity; candidate attached as auxiliary evidence only; verify against JPN and context; auxiliary candidates only; JPN remains authoritative; verify against JPN text and context
LANG_GETTITLE_INSIGNIA_LIST.OLANG,99,104,104,1,,page174:tag:entity112:key00FD5820:ref104:ord0,勲章コレクト・スペシャリスト(Rank A),勲章コレクト・スペシャリスト(Rank B),勲章コレクト・スペシャリスト(Rank C),,,,NOT_CHECKED,50,,NOT_STARTED,NOT_BUILT,NOT_TESTED,JPN_PRIMARY; MLG_CN_CONTEXT_AUXILIARY,mechanical template; resource_class=STAGEDAT_OLANG; source_objects=1,徽章收集专家（B级）,"[""徽章收集专家（B级）""]",Insignia Collection Specialist (Rank B),"[""Insignia Collection Specialist (Rank B)""]",AUX_CN_ATTACHED,exact_jpn_stagedat_page_entry_reference_index;same_page_en_companion_entity_identity,master status=AUX_CN_ATTACHED; mapping method=exact_jpn_stagedat_page_entry_reference_index;same_page_en_companion_entity_identity; candidate attached as auxiliary evidence only; verify against JPN and context; auxiliary candidates only; JPN remains authoritative; verify against JPN text and context
LANG_GETTITLE_INSIGNIA_LIST.OLANG,100,105,105,1,,page174:tag:entity111:key00FD5720:ref105:ord0,勲章コレクト・スペシャリスト(Rank B),勲章コレクト・スペシャリスト(Rank C),モンスターハンティング・スペシャリスト(Rank A),,,,NOT_CHECKED,50,,NOT_STARTED,NOT_BUILT,NOT_TESTED,JPN_PRIMARY; MLG_CN_CONTEXT_AUXILIARY,mechanical template; resource_class=STAGEDAT_OLANG; source_objects=1,徽章收集专家（C级）,"[""徽章收集专家（C级）""]",Insignia Collection Specialist (Rank C),"[""Insignia Collection Specialist (Rank C)""]",AUX_CN_ATTACHED,exact_jpn_stagedat_page_entry_reference_index;same_page_en_companion_entity_identity,master status=AUX_CN_ATTACHED; mapping method=exact_jpn_stagedat_page_entry_reference_index;same_page_en_companion_entity_identity; candidate attached as auxiliary evidence only; verify against JPN and context; auxiliary candidates only; JPN remains authoritative; verify against JPN text and context
LANG_GETTITLE_INSIGNIA_LIST.OLANG,101,106,106,1,,page174:tag:entity110:key00FD5620:ref106:ord0,勲章コレクト・スペシャリスト(Rank C),モンスターハンティング・スペシャリスト(Rank A),モンスターハンティング・スペシャリスト(Rank B),,,,NOT_CHECKED,65,,NOT_STARTED,NOT_BUILT,NOT_TESTED,JPN_PRIMARY; MLG_CN_CONTEXT_AUXILIARY,mechanical template; resource_class=STAGEDAT_OLANG; source_objects=1,怪物狩猎专家（A级）,"[""怪物狩猎专家（A级）""]",Monster Hunting Specialist (Rank A),"[""Monster Hunting Specialist (Rank A)""]",AUX_CN_ATTACHED,exact_jpn_stagedat_page_entry_reference_index;same_page_en_companion_entity_identity,master status=AUX_CN_ATTACHED; mapping method=exact_jpn_stagedat_page_entry_reference_index;same_page_en_companion_entity_identity; candidate attached as auxiliary evidence only; verify against JPN and context; auxiliary candidates only; JPN remains authoritative; verify against JPN text and context
LANG_GETTITLE_INSIGNIA_LIST.OLANG,102,107,107,1,,page174:tag:entity109:key00FD5520:ref107:ord0,モンスターハンティング・スペシャリスト(Rank A),モンスターハンティング・スペシャリスト(Rank B),モンスターハンティング・スペシャリスト(Rank C),,,,NOT_CHECKED,65,,NOT_STARTED,NOT_BUILT,NOT_TESTED,JPN_PRIMARY; MLG_CN_CONTEXT_AUXILIARY,mechanical template; resource_class=STAGEDAT_OLANG; source_objects=1,怪物狩猎专家（B级）,"[""怪物狩猎专家（B级）""]",Monster Hunting Specialist (Rank B),"[""Monster Hunting Specialist (Rank B)""]",AUX_CN_ATTACHED,exact_jpn_stagedat_page_entry_reference_index;same_page_en_companion_entity_identity,master status=AUX_CN_ATTACHED; mapping method=exact_jpn_stagedat_page_entry_reference_index;same_page_en_companion_entity_identity; candidate attached as auxiliary evidence only; verify against JPN and context; auxiliary candidates only; JPN remains authoritative; verify against JPN text and context
LANG_GETTITLE_INSIGNIA_LIST.OLANG,103,108,108,1,,page174:tag:entity108:key00FD5420:ref108:ord0,モンスターハンティング・スペシャリスト(Rank B),モンスターハンティング・スペシャリスト(Rank C),パーツ回収・スペシャリスト(Rank A),,,,NOT_CHECKED,65,,NOT_STARTED,NOT_BUILT,NOT_TESTED,JPN_PRIMARY; MLG_CN_CONTEXT_AUXILIARY,mechanical template; resource_class=STAGEDAT_OLANG; source_objects=1,怪物狩猎专家（C级）,"[""怪物狩猎专家（C级）""]",Monster Hunting Specialist (Rank C),"[""Monster Hunting Specialist (Rank C)""]",AUX_CN_ATTACHED,exact_jpn_stagedat_page_entry_reference_index;same_page_en_companion_entity_identity,master status=AUX_CN_ATTACHED; mapping method=exact_jpn_stagedat_page_entry_reference_index;same_page_en_companion_entity_identity; candidate attached as auxiliary evidence only; verify against JPN and context; auxiliary candidates only; JPN remains authoritative; verify against JPN text and context
LANG_GETTITLE_INSIGNIA_LIST.OLANG,104,109,109,1,,page174:tag:entity107:key00FD3D20:ref109:ord0,モンスターハンティング・スペシャリスト(Rank C),パーツ回収・スペシャリスト(Rank A),パーツ回収・スペシャリスト(Rank B),,,,NOT_CHECKED,47,,NOT_STARTED,NOT_BUILT,NOT_TESTED,JPN_PRIMARY; MLG_CN_CONTEXT_AUXILIARY,mechanical template; resource_class=STAGEDAT_OLANG; source_objects=1,零件回收专家（A级）,"[""零件回收专家（A级）""]",Parts Recovery Specialist (Rank A),"[""Parts Recovery Specialist (Rank A)""]",AUX_CN_ATTACHED,exact_jpn_stagedat_page_entry_reference_index;same_page_en_companion_entity_identity,master status=AUX_CN_ATTACHED; mapping method=exact_jpn_stagedat_page_entry_reference_index;same_page_en_companion_entity_identity; candidate attached as auxiliary evidence only; verify against JPN and context; auxiliary candidates only; JPN remains authoritative; verify against JPN text and context
LANG_GETTITLE_INSIGNIA_LIST.OLANG,105,110,110,1,,page174:tag:entity106:key00FD3C20:ref110:ord0,パーツ回収・スペシャリスト(Rank A),パーツ回収・スペシャリスト(Rank B),パーツ回収・スペシャリスト(Rank C),,,,NOT_CHECKED,47,,NOT_STARTED,NOT_BUILT,NOT_TESTED,JPN_PRIMARY; MLG_CN_CONTEXT_AUXILIARY,mechanical template; resource_class=STAGEDAT_OLANG; source_objects=1,零件回收专家（B级）,"[""零件回收专家（B级）""]",Parts Recovery Specialist (Rank B),"[""Parts Recovery Specialist (Rank B)""]",AUX_CN_ATTACHED,exact_jpn_stagedat_page_entry_reference_index;same_page_en_companion_entity_identity,master status=AUX_CN_ATTACHED; mapping method=exact_jpn_stagedat_page_entry_reference_index;same_page_en_companion_entity_identity; candidate attached as auxiliary evidence only; verify against JPN and context; auxiliary candidates only; JPN remains authoritative; verify against JPN text and context
LANG_GETTITLE_INSIGNIA_LIST.OLANG,106,111,111,1,,page174:tag:entity105:key00FD3B20:ref111:ord0,パーツ回収・スペシャリスト(Rank B),パーツ回収・スペシャリスト(Rank C),フルトン回収・スペシャリスト(Rank A),,,,NOT_CHECKED,47,,NOT_STARTED,NOT_BUILT,NOT_TESTED,JPN_PRIMARY; MLG_CN_CONTEXT_AUXILIARY,mechanical template; resource_class=STAGEDAT_OLANG; source_objects=1,零件回收专家（C级）,"[""零件回收专家（C级）""]",Parts Recovery Specialist (Rank C),"[""Parts Recovery Specialist (Rank C)""]",AUX_CN_ATTACHED,exact_jpn_stagedat_page_entry_reference_index;same_page_en_companion_entity_identity,master status=AUX_CN_ATTACHED; mapping method=exact_jpn_stagedat_page_entry_reference_index;same_page_en_companion_entity_identity; candidate attached as auxiliary evidence only; verify against JPN and context; auxiliary candidates only; JPN remains authoritative; verify against JPN text and context
LANG_GETTITLE_INSIGNIA_LIST.OLANG,107,112,112,1,,page174:tag:entity104:key00FD3A20:ref112:ord0,パーツ回収・スペシャリスト(Rank C),フルトン回収・スペシャリスト(Rank A),フルトン回収・スペシャリスト(Rank B),,,,NOT_CHECKED,50,,NOT_STARTED,NOT_BUILT,NOT_TESTED,JPN_PRIMARY; MLG_CN_CONTEXT_AUXILIARY,mechanical template; resource_class=STAGEDAT_OLANG; source_objects=1,富尔顿回收专家（A级）,"[""富尔顿回收专家（A级）""]",Fulton Recovery Specialist (Rank A),"[""Fulton Recovery Specialist (Rank A)""]",AUX_CN_ATTACHED,exact_jpn_stagedat_page_entry_reference_index;same_page_en_companion_entity_identity,master status=AUX_CN_ATTACHED; mapping method=exact_jpn_stagedat_page_entry_reference_index;same_page_en_companion_entity_identity; candidate attached as auxiliary evidence only; verify against JPN and context; auxiliary candidates only; JPN remains authoritative; verify against JPN text and context
LANG_GETTITLE_INSIGNIA_LIST.OLANG,108,113,113,1,,page174:tag:entity103:key00FD3920:ref113:ord0,フルトン回収・スペシャリスト(Rank A),フルトン回収・スペシャリスト(Rank B),フルトン回収・スペシャリスト(Rank C),,,,NOT_CHECKED,50,,NOT_STARTED,NOT_BUILT,NOT_TESTED,JPN_PRIMARY; MLG_CN_CONTEXT_AUXILIARY,mechanical template; resource_class=STAGEDAT_OLANG; source_objects=1,富尔顿回收专家（B级）,"[""富尔顿回收专家（B级）""]",Fulton Recovery Specialist (Rank B),"[""Fulton Recovery Specialist (Rank B)""]",AUX_CN_ATTACHED,exact_jpn_stagedat_page_entry_reference_index;same_page_en_companion_entity_identity,master status=AUX_CN_ATTACHED; mapping method=exact_jpn_stagedat_page_entry_reference_index;same_page_en_companion_entity_identity; candidate attached as auxiliary evidence only; verify against JPN and context; auxiliary candidates only; JPN remains authoritative; verify against JPN text and context
LANG_GETTITLE_INSIGNIA_LIST.OLANG,109,114,114,1,,page174:tag:entity102:key00FD3820:ref114:ord0,フルトン回収・スペシャリスト(Rank B),フルトン回収・スペシャリスト(Rank C),CO-OPS通信・スペシャリスト,,,,NOT_CHECKED,50,,NOT_STARTED,NOT_BUILT,NOT_TESTED,JPN_PRIMARY; MLG_CN_CONTEXT_AUXILIARY,mechanical template; resource_class=STAGEDAT_OLANG; source_objects=1,富尔顿回收专家（C级）,"[""富尔顿回收专家（C级）""]",Fulton Recovery Specialist (Rank C),"[""Fulton Recovery Specialist (Rank C)""]",AUX_CN_ATTACHED,exact_jpn_stagedat_page_entry_reference_index;same_page_en_companion_entity_identity,master status=AUX_CN_ATTACHED; mapping method=exact_jpn_stagedat_page_entry_reference_index;same_page_en_companion_entity_identity; candidate attached as auxiliary evidence only; verify against JPN and context; auxiliary candidates only; JPN remains authoritative; verify against JPN text and context
LANG_GETTITLE_INSIGNIA_LIST.OLANG,110,115,115,1,,page174:tag:entity101:key00FD3720:ref115:ord0,フルトン回収・スペシャリスト(Rank C),CO-OPS通信・スペシャリスト,ネイキッド・エンスージアスト,,,,NOT_CHECKED,36,,NOT_STARTED,NOT_BUILT,NOT_TESTED,JPN_PRIMARY; MLG_CN_CONTEXT_AUXILIARY,mechanical template; resource_class=STAGEDAT_OLANG; source_objects=1,合作模式消息专家,"[""合作模式消息专家""]",CO-OPS Messages Specialist,"[""CO-OPS Messages Specialist""]",AUX_CN_ATTACHED,exact_jpn_stagedat_page_entry_reference_index;same_page_en_companion_entity_identity,master status=AUX_CN_ATTACHED; mapping method=exact_jpn_stagedat_page_entry_reference_index;same_page_en_companion_entity_identity; candidate attached as auxiliary evidence only; verify against JPN and context; auxiliary candidates only; JPN remains authoritative; verify against JPN text and context
LANG_GETTITLE_INSIGNIA_LIST.OLANG,111,116,116,1,,page174:tag:entity100:key00FD3620:ref116:ord0,CO-OPS通信・スペシャリスト,ネイキッド・エンスージアスト,フォト・スペシャリスト,,,,NOT_CHECKED,42,,NOT_STARTED,NOT_BUILT,NOT_TESTED,JPN_PRIMARY; MLG_CN_CONTEXT_AUXILIARY,mechanical template; resource_class=STAGEDAT_OLANG; source_objects=1,赤身爱好者,"[""赤身爱好者""]",Naked Enthusiast,"[""Naked Enthusiast""]",AUX_CN_ATTACHED,exact_jpn_stagedat_page_entry_reference_index;same_page_en_companion_entity_identity,master status=AUX_CN_ATTACHED; mapping method=exact_jpn_stagedat_page_entry_reference_index;same_page_en_companion_entity_identity; candidate attached as auxiliary evidence only; verify against JPN and context; auxiliary candidates only; JPN remains authoritative; verify against JPN text and context
LANG_GETTITLE_INSIGNIA_LIST.OLANG,112,117,117,1,,page174:tag:entity99:key00FD3520:ref117:ord0,ネイキッド・エンスージアスト,フォト・スペシャリスト,ダンボール・ラヴァー,,,,NOT_CHECKED,33,,NOT_STARTED,NOT_BUILT,NOT_TESTED,JPN_PRIMARY; MLG_CN_CONTEXT_AUXILIARY,mechanical template; resource_class=STAGEDAT_OLANG; source_objects=1,拍照专家,"[""拍照专家""]",Photo Specialist,"[""Photo Specialist""]",AUX_CN_ATTACHED,exact_jpn_stagedat_page_entry_reference_index;same_page_en_companion_entity_identity,master status=AUX_CN_ATTACHED; mapping method=exact_jpn_stagedat_page_entry_reference_index;same_page_en_companion_entity_identity; candidate attached as auxiliary evidence only; verify against JPN and context; auxiliary candidates only; JPN remains authoritative; verify against JPN text and context
LANG_GETTITLE_INSIGNIA_LIST.OLANG,113,118,118,1,,page174:tag:entity98:key00FD3420:ref118:ord0,フォト・スペシャリスト,ダンボール・ラヴァー,エネミーサーチ・スペシャリスト,,,,NOT_CHECKED,30,,NOT_STARTED,NOT_BUILT,NOT_TESTED,JPN_PRIMARY; MLG_CN_CONTEXT_AUXILIARY,mechanical template; resource_class=STAGEDAT_OLANG; source_objects=1,纸箱爱好者,"[""纸箱爱好者""]",Cardboard Box Lover,"[""Cardboard Box Lover""]",AUX_CN_ATTACHED,exact_jpn_stagedat_page_entry_reference_index;same_page_en_companion_entity_identity,master status=AUX_CN_ATTACHED; mapping method=exact_jpn_stagedat_page_entry_reference_index;same_page_en_companion_entity_identity; candidate attached as auxiliary evidence only; verify against JPN and context; auxiliary candidates only; JPN remains authoritative; verify against JPN text and context
LANG_GETTITLE_INSIGNIA_LIST.OLANG,114,119,119,1,,page174:tag:entity97:key00FD1D20:ref119:ord0,ダンボール・ラヴァー,エネミーサーチ・スペシャリスト,ミッションクリア・プロフェッショナル,,,,NOT_CHECKED,45,,NOT_STARTED,NOT_BUILT,NOT_TESTED,JPN_PRIMARY; MLG_CN_CONTEXT_AUXILIARY,mechanical template; resource_class=STAGEDAT_OLANG; source_objects=1,索敌专家,"[""索敌专家""]",Enemy Search Specialist,"[""Enemy Search Specialist""]",AUX_CN_ATTACHED,exact_jpn_stagedat_page_entry_reference_index;same_page_en_companion_entity_identity,master status=AUX_CN_ATTACHED; mapping method=exact_jpn_stagedat_page_entry_reference_index;same_page_en_companion_entity_identity; candidate attached as auxiliary evidence only; verify against JPN and context; auxiliary candidates only; JPN remains authoritative; verify against JPN text and context
LANG_GETTITLE_INSIGNIA_LIST.OLANG,115,120,120,1,,page174:tag:entity96:key00FD1C20:ref120:ord0,エネミーサーチ・スペシャリスト,ミッションクリア・プロフェッショナル,OUTER OPS・スペシャリスト(Rank A),,,,NOT_CHECKED,54,,NOT_STARTED,NOT_BUILT,NOT_TESTED,JPN_PRIMARY; MLG_CN_CONTEXT_AUXILIARY,mechanical template; resource_class=STAGEDAT_OLANG; source_objects=1,任务完成高手,"[""任务完成高手""]",Mission Completion Pro,"[""Mission Completion Pro""]",AUX_CN_ATTACHED,exact_jpn_stagedat_page_entry_reference_index;same_page_en_companion_entity_identity,master status=AUX_CN_ATTACHED; mapping method=exact_jpn_stagedat_page_entry_reference_index;same_page_en_companion_entity_identity; candidate attached as auxiliary evidence only; verify against JPN and context; auxiliary candidates only; JPN remains authoritative; verify against JPN text and context
LANG_GETTITLE_INSIGNIA_LIST.OLANG,116,121,121,1,,page174:tag:entity95:key00FD1B20:ref121:ord0,ミッションクリア・プロフェッショナル,OUTER OPS・スペシャリスト(Rank A),OUTER OPS・スペシャリスト(Rank B),,,,NOT_CHECKED,41,,NOT_STARTED,NOT_BUILT,NOT_TESTED,JPN_PRIMARY; MLG_CN_CONTEXT_AUXILIARY,mechanical template; resource_class=STAGEDAT_OLANG; source_objects=1,派遣任务专家（A级）,"[""派遣任务专家（A级）""]",OUTER OPS Specialist (Rank A),"[""OUTER OPS Specialist (Rank A)""]",AUX_CN_ATTACHED,exact_jpn_stagedat_page_entry_reference_index;same_page_en_companion_entity_identity,master status=AUX_CN_ATTACHED; mapping method=exact_jpn_stagedat_page_entry_reference_index;same_page_en_companion_entity_identity; candidate attached as auxiliary evidence only; verify against JPN and context; auxiliary candidates only; JPN remains authoritative; verify against JPN text and context
LANG_GETTITLE_INSIGNIA_LIST.OLANG,117,122,122,1,,page174:tag:entity94:key00FD1A20:ref122:ord0,OUTER OPS・スペシャリスト(Rank A),OUTER OPS・スペシャリスト(Rank B),OUTER OPS・スペシャリスト(Rank C),,,,NOT_CHECKED,41,,NOT_STARTED,NOT_BUILT,NOT_TESTED,JPN_PRIMARY; MLG_CN_CONTEXT_AUXILIARY,mechanical template; resource_class=STAGEDAT_OLANG; source_objects=1,派遣任务专家（B级）,"[""派遣任务专家（B级）""]",OUTER OPS Specialist (Rank B),"[""OUTER OPS Specialist (Rank B)""]",AUX_CN_ATTACHED,exact_jpn_stagedat_page_entry_reference_index;same_page_en_companion_entity_identity,master status=AUX_CN_ATTACHED; mapping method=exact_jpn_stagedat_page_entry_reference_index;same_page_en_companion_entity_identity; candidate attached as auxiliary evidence only; verify against JPN and context; auxiliary candidates only; JPN remains authoritative; verify against JPN text and context
LANG_GETTITLE_INSIGNIA_LIST.OLANG,118,123,123,1,,page174:tag:entity93:key00FD1920:ref123:ord0,OUTER OPS・スペシャリスト(Rank B),OUTER OPS・スペシャリスト(Rank C),ミッションクリア・スペシャリスト(Rank A),,,,NOT_CHECKED,41,,NOT_STARTED,NOT_BUILT,NOT_TESTED,JPN_PRIMARY; MLG_CN_CONTEXT_AUXILIARY,mechanical template; resource_class=STAGEDAT_OLANG; source_objects=1,派遣任务专家（C级）,"[""派遣任务专家（C级）""]",OUTER OPS Specialist (Rank C),"[""OUTER OPS Specialist (Rank C)""]",AUX_CN_ATTACHED,exact_jpn_stagedat_page_entry_reference_index;same_page_en_companion_entity_identity,master status=AUX_CN_ATTACHED; mapping method=exact_jpn_stagedat_page_entry_reference_index;same_page_en_companion_entity_identity; candidate attached as auxiliary evidence only; verify against JPN and context; auxiliary candidates only; JPN remains authoritative; verify against JPN text and context
LANG_GETTITLE_INSIGNIA_LIST.OLANG,119,124,124,1,,page174:tag:entity92:key00FD1820:ref124:ord0,OUTER OPS・スペシャリスト(Rank C),ミッションクリア・スペシャリスト(Rank A),ミッションクリア・スペシャリスト(Rank B),,,,NOT_CHECKED,56,,NOT_STARTED,NOT_BUILT,NOT_TESTED,JPN_PRIMARY; MLG_CN_CONTEXT_AUXILIARY,mechanical template; resource_class=STAGEDAT_OLANG; source_objects=1,任务完成专家（A级）,"[""任务完成专家（A级）""]",Mission Completion Specialist (Rank A),"[""Mission Completion Specialist (Rank A)""]",AUX_CN_ATTACHED,exact_jpn_stagedat_page_entry_reference_index;same_page_en_companion_entity_identity,master status=AUX_CN_ATTACHED; mapping method=exact_jpn_stagedat_page_entry_reference_index;same_page_en_companion_entity_identity; candidate attached as auxiliary evidence only; verify against JPN and context; auxiliary candidates only; JPN remains authoritative; verify against JPN text and context
LANG_GETTITLE_INSIGNIA_LIST.OLANG,120,125,125,1,,page174:tag:entity91:key00FD1720:ref125:ord0,ミッションクリア・スペシャリスト(Rank A),ミッションクリア・スペシャリスト(Rank B),ミッションクリア・スペシャリスト(Rank C),,,,NOT_CHECKED,56,,NOT_STARTED,NOT_BUILT,NOT_TESTED,JPN_PRIMARY; MLG_CN_CONTEXT_AUXILIARY,mechanical template; resource_class=STAGEDAT_OLANG; source_objects=1,任务完成专家（B级）,"[""任务完成专家（B级）""]",Mission Completion Specialist (Rank B),"[""Mission Completion Specialist (Rank B)""]",AUX_CN_ATTACHED,exact_jpn_stagedat_page_entry_reference_index;same_page_en_companion_entity_identity,master status=AUX_CN_ATTACHED; mapping method=exact_jpn_stagedat_page_entry_reference_index;same_page_en_companion_entity_identity; candidate attached as auxiliary evidence only; verify against JPN and context; auxiliary candidates only; JPN remains authoritative; verify against JPN text and context
LANG_GETTITLE_INSIGNIA_LIST.OLANG,121,126,126,1,,page174:tag:entity90:key00FD1620:ref126:ord0,ミッションクリア・スペシャリスト(Rank B),ミッションクリア・スペシャリスト(Rank C),プレゼント・エンスージアスト,,,,NOT_CHECKED,56,,NOT_STARTED,NOT_BUILT,NOT_TESTED,JPN_PRIMARY; MLG_CN_CONTEXT_AUXILIARY,mechanical template; resource_class=STAGEDAT_OLANG; source_objects=1,任务完成专家（C级）,"[""任务完成专家（C级）""]",Mission Completion Specialist (Rank C),"[""Mission Completion Specialist (Rank C)""]",AUX_CN_ATTACHED,exact_jpn_stagedat_page_entry_reference_index;same_page_en_companion_entity_identity,master status=AUX_CN_ATTACHED; mapping method=exact_jpn_stagedat_page_entry_reference_index;same_page_en_companion_entity_identity; candidate attached as auxiliary evidence only; verify against JPN and context; auxiliary candidates only; JPN remains authoritative; verify against JPN text and context
LANG_GETTITLE_INSIGNIA_LIST.OLANG,122,127,127,1,,page174:tag:entity89:key00FD1520:ref127:ord0,ミッションクリア・スペシャリスト(Rank C),プレゼント・エンスージアスト,人事マネージャー,,,,NOT_CHECKED,42,,NOT_STARTED,NOT_BUILT,NOT_TESTED,JPN_PRIMARY; MLG_CN_CONTEXT_AUXILIARY,mechanical template; resource_class=STAGEDAT_OLANG; source_objects=1,礼物爱好者,"[""礼物爱好者""]",Present Enthusiast,"[""Present Enthusiast""]",AUX_CN_ATTACHED,exact_jpn_stagedat_page_entry_reference_index;same_page_en_companion_entity_identity,master status=AUX_CN_ATTACHED; mapping method=exact_jpn_stagedat_page_entry_reference_index;same_page_en_companion_entity_identity; candidate attached as auxiliary evidence only; verify against JPN and context; auxiliary candidates only; JPN remains authoritative; verify against JPN text and context
LANG_GETTITLE_INSIGNIA_LIST.OLANG,123,128,128,1,,page174:tag:entity88:key00FD1420:ref128:ord0,プレゼント・エンスージアスト,人事マネージャー,ラブダンボール・スペシャリスト,,,,NOT_CHECKED,24,,NOT_STARTED,NOT_BUILT,NOT_TESTED,JPN_PRIMARY; MLG_CN_CONTEXT_AUXILIARY,mechanical template; resource_class=STAGEDAT_OLANG; source_objects=1,人事经理,"[""人事经理""]",Personnel Manager,"[""Personnel Manager""]",AUX_CN_ATTACHED,exact_jpn_stagedat_page_entry_reference_index;same_page_en_companion_entity_identity,master status=AUX_CN_ATTACHED; mapping method=exact_jpn_stagedat_page_entry_reference_index;same_page_en_companion_entity_identity; candidate attached as auxiliary evidence only; verify against JPN and context; auxiliary candidates only; JPN remains authoritative; verify against JPN text and context
LANG_GETTITLE_INSIGNIA_LIST.OLANG,124,129,129,1,,page174:tag:entity87:key00FCFD20:ref129:ord0,人事マネージャー,ラブダンボール・スペシャリスト,アイテムシェア・スペシャリスト,,,,NOT_CHECKED,45,,NOT_STARTED,NOT_BUILT,NOT_TESTED,JPN_PRIMARY; MLG_CN_CONTEXT_AUXILIARY,mechanical template; resource_class=STAGEDAT_OLANG; source_objects=1,爱情箱专家,"[""爱情箱专家""]",Love Box Specialist,"[""Love Box Specialist""]",AUX_CN_ATTACHED,exact_jpn_stagedat_page_entry_reference_index;same_page_en_companion_entity_identity,master status=AUX_CN_ATTACHED; mapping method=exact_jpn_stagedat_page_entry_reference_index;same_page_en_companion_entity_identity; candidate attached as auxiliary evidence only; verify against JPN and context; auxiliary candidates only; JPN remains authoritative; verify against JPN text and context
LANG_GETTITLE_INSIGNIA_LIST.OLANG,125,130,130,1,,page174:tag:entity86:key00FCFC20:ref130:ord0,ラブダンボール・スペシャリスト,アイテムシェア・スペシャリスト,シンクロ・スペシャリスト,,,,NOT_CHECKED,45,,NOT_STARTED,NOT_BUILT,NOT_TESTED,JPN_PRIMARY; MLG_CN_CONTEXT_AUXILIARY,mechanical template; resource_class=STAGEDAT_OLANG; source_objects=1,道具分享专家,"[""道具分享专家""]",Item Sharing Specialist,"[""Item Sharing Specialist""]",AUX_CN_ATTACHED,exact_jpn_stagedat_page_entry_reference_index;same_page_en_companion_entity_identity,master status=AUX_CN_ATTACHED; mapping method=exact_jpn_stagedat_page_entry_reference_index;same_page_en_companion_entity_identity; candidate attached as auxiliary evidence only; verify against JPN and context; auxiliary candidates only; JPN remains authoritative; verify against JPN text and context
LANG_GETTITLE_INSIGNIA_LIST.OLANG,126,131,131,1,,page174:tag:entity85:key00FCFB20:ref131:ord0,アイテムシェア・スペシャリスト,シンクロ・スペシャリスト,スネークフォーメーション・スペシャリスト,,,,NOT_CHECKED,36,,NOT_STARTED,NOT_BUILT,NOT_TESTED,JPN_PRIMARY; MLG_CN_CONTEXT_AUXILIARY,mechanical template; resource_class=STAGEDAT_OLANG; source_objects=1,Snake Sync专家,"[""Snake Sync专家""]",Sync Specialist,"[""Sync Specialist""]",AUX_CN_ATTACHED,exact_jpn_stagedat_page_entry_reference_index;same_page_en_companion_entity_identity,master status=AUX_CN_ATTACHED; mapping method=exact_jpn_stagedat_page_entry_reference_index;same_page_en_companion_entity_identity; candidate attached as auxiliary evidence only; verify against JPN and context; auxiliary candidates only; JPN remains authoritative; verify against JPN text and context
LANG_GETTITLE_INSIGNIA_LIST.OLANG,127,132,132,1,,page174:tag:entity84:key00FCFA20:ref132:ord0,シンクロ・スペシャリスト,スネークフォーメーション・スペシャリスト,CO-OPイン・スペシャリスト,,,,NOT_CHECKED,60,,NOT_STARTED,NOT_BUILT,NOT_TESTED,JPN_PRIMARY; MLG_CN_CONTEXT_AUXILIARY,mechanical template; resource_class=STAGEDAT_OLANG; source_objects=1,蛇形编队专家,"[""蛇形编队专家""]",Snake Formation Specialist,"[""Snake Formation Specialist""]",AUX_CN_ATTACHED,exact_jpn_stagedat_page_entry_reference_index;same_page_en_companion_entity_identity,master status=AUX_CN_ATTACHED; mapping method=exact_jpn_stagedat_page_entry_reference_index;same_page_en_companion_entity_identity; candidate attached as auxiliary evidence only; verify against JPN and context; auxiliary candidates only; JPN remains authoritative; verify against JPN text and context
LANG_GETTITLE_INSIGNIA_LIST.OLANG,128,133,133,1,,page174:tag:entity83:key00FCF920:ref133:ord0,スネークフォーメーション・スペシャリスト,CO-OPイン・スペシャリスト,メディック・マスター(Rank A),,,,NOT_CHECKED,35,,NOT_STARTED,NOT_BUILT,NOT_TESTED,JPN_PRIMARY; MLG_CN_CONTEXT_AUXILIARY,mechanical template; resource_class=STAGEDAT_OLANG; source_objects=1,合作加入专家,"[""合作加入专家""]",CO-OP In Specialist,"[""CO-OP In Specialist""]",AUX_CN_ATTACHED,exact_jpn_stagedat_page_entry_reference_index;same_page_en_companion_entity_identity,master status=AUX_CN_ATTACHED; mapping method=exact_jpn_stagedat_page_entry_reference_index;same_page_en_companion_entity_identity; candidate attached as auxiliary evidence only; verify against JPN and context; auxiliary candidates only; JPN remains authoritative; verify against JPN text and context
LANG_GETTITLE_INSIGNIA_LIST.OLANG,129,134,134,1,,page174:tag:entity82:key00FCF820:ref134:ord0,CO-OPイン・スペシャリスト,メディック・マスター(Rank A),メディック・マスター(Rank B),,,,NOT_CHECKED,38,,NOT_STARTED,NOT_BUILT,NOT_TESTED,JPN_PRIMARY; MLG_CN_CONTEXT_AUXILIARY,mechanical template; resource_class=STAGEDAT_OLANG; source_objects=1,医疗大师（A级）,"[""医疗大师（A级）""]",Medic Master (Rank A),"[""Medic Master (Rank A)""]",AUX_CN_ATTACHED,exact_jpn_stagedat_page_entry_reference_index;same_page_en_companion_entity_identity,master status=AUX_CN_ATTACHED; mapping method=exact_jpn_stagedat_page_entry_reference_index;same_page_en_companion_entity_identity; candidate attached as auxiliary evidence only; verify against JPN and context; auxiliary candidates only; JPN remains authoritative; verify against JPN text and context
LANG_GETTITLE_INSIGNIA_LIST.OLANG,130,135,135,1,,page174:tag:entity81:key00FCF720:ref135:ord0,メディック・マスター(Rank A),メディック・マスター(Rank B),メディック・マスター(Rank C),,,,NOT_CHECKED,38,,NOT_STARTED,NOT_BUILT,NOT_TESTED,JPN_PRIMARY; MLG_CN_CONTEXT_AUXILIARY,mechanical template; resource_class=STAGEDAT_OLANG; source_objects=1,医疗大师（B级）,"[""医疗大师（B级）""]",Medic Master (Rank B),"[""Medic Master (Rank B)""]",AUX_CN_ATTACHED,exact_jpn_stagedat_page_entry_reference_index;same_page_en_companion_entity_identity,master status=AUX_CN_ATTACHED; mapping method=exact_jpn_stagedat_page_entry_reference_index;same_page_en_companion_entity_identity; candidate attached as auxiliary evidence only; verify against JPN and context; auxiliary candidates only; JPN remains authoritative; verify against JPN text and context
LANG_GETTITLE_INSIGNIA_LIST.OLANG,131,136,136,1,,page174:tag:entity80:key00FCF620:ref136:ord0,メディック・マスター(Rank B),メディック・マスター(Rank C),CO-OP・スペシャリスト(Rank A),,,,NOT_CHECKED,38,,NOT_STARTED,NOT_BUILT,NOT_TESTED,JPN_PRIMARY; MLG_CN_CONTEXT_AUXILIARY,mechanical template; resource_class=STAGEDAT_OLANG; source_objects=1,医疗大师（C级）,"[""医疗大师（C级）""]",Medic Master (Rank C),"[""Medic Master (Rank C)""]",AUX_CN_ATTACHED,exact_jpn_stagedat_page_entry_reference_index;same_page_en_companion_entity_identity,master status=AUX_CN_ATTACHED; mapping method=exact_jpn_stagedat_page_entry_reference_index;same_page_en_companion_entity_identity; candidate attached as auxiliary evidence only; verify against JPN and context; auxiliary candidates only; JPN remains authoritative; verify against JPN text and context
LANG_GETTITLE_INSIGNIA_LIST.OLANG,132,137,137,1,,page174:tag:entity79:key00FCF520:ref137:ord0,メディック・マスター(Rank C),CO-OP・スペシャリスト(Rank A),CO-OP・スペシャリスト(Rank B),,,,NOT_CHECKED,37,,NOT_STARTED,NOT_BUILT,NOT_TESTED,JPN_PRIMARY; MLG_CN_CONTEXT_AUXILIARY,mechanical template; resource_class=STAGEDAT_OLANG; source_objects=1,合作模式专家（A级）,"[""合作模式专家（A级）""]",CO-OPS Specialist (Rank A),"[""CO-OPS Specialist (Rank A)""]",AUX_CN_ATTACHED,exact_jpn_stagedat_page_entry_reference_index;same_page_en_companion_entity_identity,master status=AUX_CN_ATTACHED; mapping method=exact_jpn_stagedat_page_entry_reference_index;same_page_en_companion_entity_identity; candidate attached as auxiliary evidence only; verify against JPN and context; auxiliary candidates only; JPN remains authoritative; verify against JPN text and context
LANG_GETTITLE_INSIGNIA_LIST.OLANG,133,138,138,1,,page174:tag:entity78:key00FCF420:ref138:ord0,CO-OP・スペシャリスト(Rank A),CO-OP・スペシャリスト(Rank B),CO-OP・スペシャリスト(Rank C),,,,NOT_CHECKED,37,,NOT_STARTED,NOT_BUILT,NOT_TESTED,JPN_PRIMARY; MLG_CN_CONTEXT_AUXILIARY,mechanical template; resource_class=STAGEDAT_OLANG; source_objects=1,合作模式专家（B级）,"[""合作模式专家（B级）""]",CO-OPS Specialist (Rank B),"[""CO-OPS Specialist (Rank B)""]",AUX_CN_ATTACHED,exact_jpn_stagedat_page_entry_reference_index;same_page_en_companion_entity_identity,master status=AUX_CN_ATTACHED; mapping method=exact_jpn_stagedat_page_entry_reference_index;same_page_en_companion_entity_identity; candidate attached as auxiliary evidence only; verify against JPN and context; auxiliary candidates only; JPN remains authoritative; verify against JPN text and context
LANG_GETTITLE_INSIGNIA_LIST.OLANG,134,139,139,1,,page174:tag:entity77:key00FCDD20:ref139:ord0,CO-OP・スペシャリスト(Rank B),CO-OP・スペシャリスト(Rank C),ヘッドショット・マスター(Rank A),,,,NOT_CHECKED,37,,NOT_STARTED,NOT_BUILT,NOT_TESTED,JPN_PRIMARY; MLG_CN_CONTEXT_AUXILIARY,mechanical template; resource_class=STAGEDAT_OLANG; source_objects=1,合作模式专家（C级）,"[""合作模式专家（C级）""]",CO-OPS Specialist (Rank C),"[""CO-OPS Specialist (Rank C)""]",AUX_CN_ATTACHED,exact_jpn_stagedat_page_entry_reference_index;same_page_en_companion_entity_identity,master status=AUX_CN_ATTACHED; mapping method=exact_jpn_stagedat_page_entry_reference_index;same_page_en_companion_entity_identity; candidate attached as auxiliary evidence only; verify against JPN and context; auxiliary candidates only; JPN remains authoritative; verify against JPN text and context
LANG_GETTITLE_INSIGNIA_LIST.OLANG,135,140,140,1,,page174:tag:entity76:key00FCDC20:ref140:ord0,CO-OP・スペシャリスト(Rank C),ヘッドショット・マスター(Rank A),ヘッドショット・マスター(Rank B),,,,NOT_CHECKED,44,,NOT_STARTED,NOT_BUILT,NOT_TESTED,JPN_PRIMARY; MLG_CN_CONTEXT_AUXILIARY,mechanical template; resource_class=STAGEDAT_OLANG; source_objects=1,爆头大师（A级）,"[""爆头大师（A级）""]",Headshot Master (Rank A),"[""Headshot Master (Rank A)""]",AUX_CN_ATTACHED,exact_jpn_stagedat_page_entry_reference_index;same_page_en_companion_entity_identity,master status=AUX_CN_ATTACHED; mapping method=exact_jpn_stagedat_page_entry_reference_index;same_page_en_companion_entity_identity; candidate attached as auxiliary evidence only; verify against JPN and context; auxiliary candidates only; JPN remains authoritative; verify against JPN text and context
LANG_GETTITLE_INSIGNIA_LIST.OLANG,136,141,141,1,,page174:tag:entity75:key00FCDB20:ref141:ord0,ヘッドショット・マスター(Rank A),ヘッドショット・マスター(Rank B),ヘッドショット・マスター(Rank C),,,,NOT_CHECKED,44,,NOT_STARTED,NOT_BUILT,NOT_TESTED,JPN_PRIMARY; MLG_CN_CONTEXT_AUXILIARY,mechanical template; resource_class=STAGEDAT_OLANG; source_objects=1,爆头大师（B级）,"[""爆头大师（B级）""]",Headshot Master (Rank B),"[""Headshot Master (Rank B)""]",AUX_CN_ATTACHED,exact_jpn_stagedat_page_entry_reference_index;same_page_en_companion_entity_identity,master status=AUX_CN_ATTACHED; mapping method=exact_jpn_stagedat_page_entry_reference_index;same_page_en_companion_entity_identity; candidate attached as auxiliary evidence only; verify against JPN and context; auxiliary candidates only; JPN remains authoritative; verify against JPN text and context
LANG_GETTITLE_INSIGNIA_LIST.OLANG,137,142,142,1,,page174:tag:entity74:key00FCDA20:ref142:ord0,ヘッドショット・マスター(Rank B),ヘッドショット・マスター(Rank C),CQC・マスター(Rank A),,,,NOT_CHECKED,44,,NOT_STARTED,NOT_BUILT,NOT_TESTED,JPN_PRIMARY; MLG_CN_CONTEXT_AUXILIARY,mechanical template; resource_class=STAGEDAT_OLANG; source_objects=1,爆头大师（C级）,"[""爆头大师（C级）""]",Headshot Master (Rank C),"[""Headshot Master (Rank C)""]",AUX_CN_ATTACHED,exact_jpn_stagedat_page_entry_reference_index;same_page_en_companion_entity_identity,master status=AUX_CN_ATTACHED; mapping method=exact_jpn_stagedat_page_entry_reference_index;same_page_en_companion_entity_identity; candidate attached as auxiliary evidence only; verify against JPN and context; auxiliary candidates only; JPN remains authoritative; verify against JPN text and context
LANG_GETTITLE_INSIGNIA_LIST.OLANG,138,143,143,1,,page174:tag:entity73:key00FCD920:ref143:ord0,ヘッドショット・マスター(Rank C),CQC・マスター(Rank A),CQC・マスター(Rank B),,,,NOT_CHECKED,26,,NOT_STARTED,NOT_BUILT,NOT_TESTED,JPN_PRIMARY; MLG_CN_CONTEXT_AUXILIARY,mechanical template; resource_class=STAGEDAT_OLANG; source_objects=1,CQC大师（A级）,"[""CQC大师（A级）""]",CQC Master (Rank A),"[""CQC Master (Rank A)""]",AUX_CN_ATTACHED,exact_jpn_stagedat_page_entry_reference_index;same_page_en_companion_entity_identity,master status=AUX_CN_ATTACHED; mapping method=exact_jpn_stagedat_page_entry_reference_index;same_page_en_companion_entity_identity; candidate attached as auxiliary evidence only; verify against JPN and context; auxiliary candidates only; JPN remains authoritative; verify against JPN text and context
LANG_GETTITLE_INSIGNIA_LIST.OLANG,139,144,144,1,,page174:tag:entity72:key00FCD820:ref144:ord0,CQC・マスター(Rank A),CQC・マスター(Rank B),CQC・マスター(Rank C),,,,NOT_CHECKED,26,,NOT_STARTED,NOT_BUILT,NOT_TESTED,JPN_PRIMARY; MLG_CN_CONTEXT_AUXILIARY,mechanical template; resource_class=STAGEDAT_OLANG; source_objects=1,CQC大师（B级）,"[""CQC大师（B级）""]",CQC Master (Rank B),"[""CQC Master (Rank B)""]",AUX_CN_ATTACHED,exact_jpn_stagedat_page_entry_reference_index;same_page_en_companion_entity_identity,master status=AUX_CN_ATTACHED; mapping method=exact_jpn_stagedat_page_entry_reference_index;same_page_en_companion_entity_identity; candidate attached as auxiliary evidence only; verify against JPN and context; auxiliary candidates only; JPN remains authoritative; verify against JPN text and context
LANG_GETTITLE_INSIGNIA_LIST.OLANG,140,145,145,1,,page174:tag:entity71:key00FCD720:ref145:ord0,CQC・マスター(Rank B),CQC・マスター(Rank C),ノーリカバリー・マスター(Rank A),,,,NOT_CHECKED,26,,NOT_STARTED,NOT_BUILT,NOT_TESTED,JPN_PRIMARY; MLG_CN_CONTEXT_AUXILIARY,mechanical template; resource_class=STAGEDAT_OLANG; source_objects=1,CQC大师（C级）,"[""CQC大师（C级）""]",CQC Master (Rank C),"[""CQC Master (Rank C)""]",AUX_CN_ATTACHED,exact_jpn_stagedat_page_entry_reference_index;same_page_en_companion_entity_identity,master status=AUX_CN_ATTACHED; mapping method=exact_jpn_stagedat_page_entry_reference_index;same_page_en_companion_entity_identity; candidate attached as auxiliary evidence only; verify against JPN and context; auxiliary candidates only; JPN remains authoritative; verify against JPN text and context
LANG_GETTITLE_INSIGNIA_LIST.OLANG,141,146,146,1,,page174:tag:entity70:key00FCD620:ref146:ord0,CQC・マスター(Rank C),ノーリカバリー・マスター(Rank A),ノーリカバリー・マスター(Rank B),,,,NOT_CHECKED,44,,NOT_STARTED,NOT_BUILT,NOT_TESTED,JPN_PRIMARY; MLG_CN_CONTEXT_AUXILIARY,mechanical template; resource_class=STAGEDAT_OLANG; source_objects=1,无回收大师（A级）,"[""无回收大师（A级）""]",No-Recovery Master (Rank A),"[""No-Recovery Master (Rank A)""]",AUX_CN_ATTACHED,exact_jpn_stagedat_page_entry_reference_index;same_page_en_companion_entity_identity,master status=AUX_CN_ATTACHED; mapping method=exact_jpn_stagedat_page_entry_reference_index;same_page_en_companion_entity_identity; candidate attached as auxiliary evidence only; verify against JPN and context; auxiliary candidates only; JPN remains authoritative; verify against JPN text and context
LANG_GETTITLE_INSIGNIA_LIST.OLANG,142,147,147,1,,page174:tag:entity69:key00FCD520:ref147:ord0,ノーリカバリー・マスター(Rank A),ノーリカバリー・マスター(Rank B),ノーリカバリー・マスター(Rank C),,,,NOT_CHECKED,44,,NOT_STARTED,NOT_BUILT,NOT_TESTED,JPN_PRIMARY; MLG_CN_CONTEXT_AUXILIARY,mechanical template; resource_class=STAGEDAT_OLANG; source_objects=1,无回收大师（B级）,"[""无回收大师（B级）""]",No-Recovery Master (Rank B),"[""No-Recovery Master (Rank B)""]",AUX_CN_ATTACHED,exact_jpn_stagedat_page_entry_reference_index;same_page_en_companion_entity_identity,master status=AUX_CN_ATTACHED; mapping method=exact_jpn_stagedat_page_entry_reference_index;same_page_en_companion_entity_identity; candidate attached as auxiliary evidence only; verify against JPN and context; auxiliary candidates only; JPN remains authoritative; verify against JPN text and context
LANG_GETTITLE_INSIGNIA_LIST.OLANG,143,148,148,1,,page174:tag:entity68:key00FCD420:ref148:ord0,ノーリカバリー・マスター(Rank B),ノーリカバリー・マスター(Rank C),ホールドアップ・マスター(Rank A),,,,NOT_CHECKED,44,,NOT_STARTED,NOT_BUILT,NOT_TESTED,JPN_PRIMARY; MLG_CN_CONTEXT_AUXILIARY,mechanical template; resource_class=STAGEDAT_OLANG; source_objects=1,无回收大师（C级）,"[""无回收大师（C级）""]",No-Recovery Master (Rank C),"[""No-Recovery Master (Rank C)""]",AUX_CN_ATTACHED,exact_jpn_stagedat_page_entry_reference_index;same_page_en_companion_entity_identity,master status=AUX_CN_ATTACHED; mapping method=exact_jpn_stagedat_page_entry_reference_index;same_page_en_companion_entity_identity; candidate attached as auxiliary evidence only; verify against JPN and context; auxiliary candidates only; JPN remains authoritative; verify against JPN text and context
LANG_GETTITLE_INSIGNIA_LIST.OLANG,144,149,149,1,,page174:tag:entity67:key00FCBD20:ref149:ord0,ノーリカバリー・マスター(Rank C),ホールドアップ・マスター(Rank A),ホールドアップ・マスター(Rank B),,,,NOT_CHECKED,44,,NOT_STARTED,NOT_BUILT,NOT_TESTED,JPN_PRIMARY; MLG_CN_CONTEXT_AUXILIARY,mechanical template; resource_class=STAGEDAT_OLANG; source_objects=1,胁迫大师（A级）,"[""胁迫大师（A级）""]",Hold-Up Master (Rank A),"[""Hold-Up Master (Rank A)""]",AUX_CN_ATTACHED,exact_jpn_stagedat_page_entry_reference_index;same_page_en_companion_entity_identity,master status=AUX_CN_ATTACHED; mapping method=exact_jpn_stagedat_page_entry_reference_index;same_page_en_companion_entity_identity; candidate attached as auxiliary evidence only; verify against JPN and context; auxiliary candidates only; JPN remains authoritative; verify against JPN text and context
LANG_GETTITLE_INSIGNIA_LIST.OLANG,145,150,150,1,,page174:tag:entity66:key00FCBC20:ref150:ord0,ホールドアップ・マスター(Rank A),ホールドアップ・マスター(Rank B),ホールドアップ・マスター(Rank C),,,,NOT_CHECKED,44,,NOT_STARTED,NOT_BUILT,NOT_TESTED,JPN_PRIMARY; MLG_CN_CONTEXT_AUXILIARY,mechanical template; resource_class=STAGEDAT_OLANG; source_objects=1,胁迫大师（B级）,"[""胁迫大师（B级）""]",Hold-Up Master (Rank B),"[""Hold-Up Master (Rank B)""]",AUX_CN_ATTACHED,exact_jpn_stagedat_page_entry_reference_index;same_page_en_companion_entity_identity,master status=AUX_CN_ATTACHED; mapping method=exact_jpn_stagedat_page_entry_reference_index;same_page_en_companion_entity_identity; candidate attached as auxiliary evidence only; verify against JPN and context; auxiliary candidates only; JPN remains authoritative; verify against JPN text and context
LANG_GETTITLE_INSIGNIA_LIST.OLANG,146,151,151,1,,page174:tag:entity65:key00FCBB20:ref151:ord0,ホールドアップ・マスター(Rank B),ホールドアップ・マスター(Rank C),ノーキル・マスター(Rank A),,,,NOT_CHECKED,44,,NOT_STARTED,NOT_BUILT,NOT_TESTED,JPN_PRIMARY; MLG_CN_CONTEXT_AUXILIARY,mechanical template; resource_class=STAGEDAT_OLANG; source_objects=1,胁迫大师（C级）,"[""胁迫大师（C级）""]",Hold-Up Master (Rank C),"[""Hold-Up Master (Rank C)""]",AUX_CN_ATTACHED,exact_jpn_stagedat_page_entry_reference_index;same_page_en_companion_entity_identity,master status=AUX_CN_ATTACHED; mapping method=exact_jpn_stagedat_page_entry_reference_index;same_page_en_companion_entity_identity; candidate attached as auxiliary evidence only; verify against JPN and context; auxiliary candidates only; JPN remains authoritative; verify against JPN text and context
LANG_GETTITLE_INSIGNIA_LIST.OLANG,147,152,152,1,,page174:tag:entity64:key00FCBA20:ref152:ord0,ホールドアップ・マスター(Rank C),ノーキル・マスター(Rank A),ノーキル・マスター(Rank B),,,,NOT_CHECKED,35,,NOT_STARTED,NOT_BUILT,NOT_TESTED,JPN_PRIMARY; MLG_CN_CONTEXT_AUXILIARY,mechanical template; resource_class=STAGEDAT_OLANG; source_objects=1,非致命武力大师（A级）,"[""非致命武力大师（A级）""]",Master of Non-Lethal Force (Rank A),"[""Master of Non-Lethal Force (Rank A)""]",AUX_CN_ATTACHED,exact_jpn_stagedat_page_entry_reference_index;same_page_en_companion_entity_identity,master status=AUX_CN_ATTACHED; mapping method=exact_jpn_stagedat_page_entry_reference_index;same_page_en_companion_entity_identity; candidate attached as auxiliary evidence only; verify against JPN and context; auxiliary candidates only; JPN remains authoritative; verify against JPN text and context
LANG_GETTITLE_INSIGNIA_LIST.OLANG,148,153,153,1,,page174:tag:entity63:key00FCB920:ref153:ord0,ノーキル・マスター(Rank A),ノーキル・マスター(Rank B),ノーキル・マスター(Rank C),,,,NOT_CHECKED,35,,NOT_STARTED,NOT_BUILT,NOT_TESTED,JPN_PRIMARY; MLG_CN_CONTEXT_AUXILIARY,mechanical template; resource_class=STAGEDAT_OLANG; source_objects=1,非致命武力大师（B级）,"[""非致命武力大师（B级）""]",Master of Non-Lethal Force (Rank B),"[""Master of Non-Lethal Force (Rank B)""]",AUX_CN_ATTACHED,exact_jpn_stagedat_page_entry_reference_index;same_page_en_companion_entity_identity,master status=AUX_CN_ATTACHED; mapping method=exact_jpn_stagedat_page_entry_reference_index;same_page_en_companion_entity_identity; candidate attached as auxiliary evidence only; verify against JPN and context; auxiliary candidates only; JPN remains authoritative; verify against JPN text and context
LANG_GETTITLE_INSIGNIA_LIST.OLANG,149,154,154,1,,page174:tag:entity62:key00FCB820:ref154:ord0,ノーキル・マスター(Rank B),ノーキル・マスター(Rank C),ステルス・マスター(Rank A),,,,NOT_CHECKED,35,,NOT_STARTED,NOT_BUILT,NOT_TESTED,JPN_PRIMARY; MLG_CN_CONTEXT_AUXILIARY,mechanical template; resource_class=STAGEDAT_OLANG; source_objects=1,非致命武力大师（C级）,"[""非致命武力大师（C级）""]",Master of Non-Lethal Force (Rank C),"[""Master of Non-Lethal Force (Rank C)""]",AUX_CN_ATTACHED,exact_jpn_stagedat_page_entry_reference_index;same_page_en_companion_entity_identity,master status=AUX_CN_ATTACHED; mapping method=exact_jpn_stagedat_page_entry_reference_index;same_page_en_companion_entity_identity; candidate attached as auxiliary evidence only; verify against JPN and context; auxiliary candidates only; JPN remains authoritative; verify against JPN text and context
LANG_GETTITLE_INSIGNIA_LIST.OLANG,150,155,155,1,,page174:tag:entity61:key00FCB720:ref155:ord0,ノーキル・マスター(Rank C),ステルス・マスター(Rank A),ステルス・マスター(Rank B),,,,NOT_CHECKED,35,,NOT_STARTED,NOT_BUILT,NOT_TESTED,JPN_PRIMARY; MLG_CN_CONTEXT_AUXILIARY,mechanical template; resource_class=STAGEDAT_OLANG; source_objects=1,潜行大师（A级）,"[""潜行大师（A级）""]",Stealth Master (Rank A),"[""Stealth Master (Rank A)""]",AUX_CN_ATTACHED,exact_jpn_stagedat_page_entry_reference_index;same_page_en_companion_entity_identity,master status=AUX_CN_ATTACHED; mapping method=exact_jpn_stagedat_page_entry_reference_index;same_page_en_companion_entity_identity; candidate attached as auxiliary evidence only; verify against JPN and context; auxiliary candidates only; JPN remains authoritative; verify against JPN text and context
LANG_GETTITLE_INSIGNIA_LIST.OLANG,151,156,156,1,,page174:tag:entity60:key00FCB620:ref156:ord0,ステルス・マスター(Rank A),ステルス・マスター(Rank B),ステルス・マスター(Rank C),,,,NOT_CHECKED,35,,NOT_STARTED,NOT_BUILT,NOT_TESTED,JPN_PRIMARY; MLG_CN_CONTEXT_AUXILIARY,mechanical template; resource_class=STAGEDAT_OLANG; source_objects=1,潜行大师（B级）,"[""潜行大师（B级）""]",Stealth Master (Rank B),"[""Stealth Master (Rank B)""]",AUX_CN_ATTACHED,exact_jpn_stagedat_page_entry_reference_index;same_page_en_companion_entity_identity,master status=AUX_CN_ATTACHED; mapping method=exact_jpn_stagedat_page_entry_reference_index;same_page_en_companion_entity_identity; candidate attached as auxiliary evidence only; verify against JPN and context; auxiliary candidates only; JPN remains authoritative; verify against JPN text and context
LANG_GETTITLE_INSIGNIA_LIST.OLANG,152,157,157,1,,page174:tag:entity59:key00FCB520:ref157:ord0,ステルス・マスター(Rank B),ステルス・マスター(Rank C),"対戦でフルトン回収を成功させた回数が$1を越えた功績を
たたえ授与される。（英雄度$2増加）",,,,NOT_CHECKED,35,,NOT_STARTED,NOT_BUILT,NOT_TESTED,JPN_PRIMARY; MLG_CN_CONTEXT_AUXILIARY,mechanical template; resource_class=STAGEDAT_OLANG; source_objects=1,潜行大师（C级）,"[""潜行大师（C级）""]",Stealth Master (Rank C),"[""Stealth Master (Rank C)""]",AUX_CN_ATTACHED,exact_jpn_stagedat_page_entry_reference_index;same_page_en_companion_entity_identity,master status=AUX_CN_ATTACHED; mapping method=exact_jpn_stagedat_page_entry_reference_index;same_page_en_companion_entity_identity; candidate attached as auxiliary evidence only; verify against JPN and context; auxiliary candidates only; JPN remains authoritative; verify against JPN text and context
LANG_GETTITLE_INSIGNIA_LIST.OLANG,153,158,158;159;160,3,,page174:tag:entity168:key0000D421:ref158:ord0;page174:tag:entity167:key0000BD21:ref159:ord0;page174:tag:entity166:key0000BC21:ref160:ord0,ステルス・マスター(Rank C),"対戦でフルトン回収を成功させた回数が$1を越えた功績を
たたえ授与される。（英雄度$2増加）","ターゲットゴール（カウントを０にする）回数が$1を越えた
功績をたたえ授与される（英雄度$2増加）。",$1 | $2,,,NOT_CHECKED,128,,NOT_STARTED,NOT_BUILT,NOT_TESTED,JPN_PRIMARY; MLG_CN_CONTEXT_AUXILIARY,mechanical template; resource_class=STAGEDAT_OLANG; source_objects=3,"
因在VS中完成超过$1次富尔顿回收而获得（英雄值增加$2）。","[""\n因在VS中完成超过$1次富尔顿回收而获得（英雄值增加$2）。""]","
Awarded for performing over $1 Fulton Recoveries in VS (Heroism increases by $2).","[""\nAwarded for performing over $1 Fulton Recoveries in VS (Heroism increases by $2).""]",AUX_CN_ATTACHED,exact_jpn_stagedat_page_entry_reference_index;same_page_en_companion_entity_identity,master status=AUX_CN_ATTACHED; mapping method=exact_jpn_stagedat_page_entry_reference_index;same_page_en_companion_entity_identity; candidate attached as auxiliary evidence only; verify against JPN and context; auxiliary candidates only; JPN remains authoritative; verify against JPN text and context
LANG_GETTITLE_INSIGNIA_LIST.OLANG,154,161,161;162;163,3,,page174:tag:entity165:key0000BB21:ref161:ord0;page174:tag:entity164:key0000BA21:ref162:ord0;page174:tag:entity163:key0000B921:ref163:ord0,"対戦でフルトン回収を成功させた回数が$1を越えた功績を
たたえ授与される。（英雄度$2増加）","ターゲットゴール（カウントを０にする）回数が$1を越えた
功績をたたえ授与される（英雄度$2増加）。","拠点の制圧回数が$1を越えた功績をたたえ授与される。
（英雄度$2増加）",$1 | $2,,,NOT_CHECKED,140,,NOT_STARTED,NOT_BUILT,NOT_TESTED,JPN_PRIMARY; MLG_CN_CONTEXT_AUXILIARY,mechanical template; resource_class=STAGEDAT_OLANG; source_objects=3,"因将目标带到终点（计数归零）超过
$1次而获得（英雄值增加$2）。","[""因将目标带到终点（计数归零）超过\n$1次而获得（英雄值增加$2）。""]","Awarded for getting the target to the goal (count to 0) over
$1 times (Heroism increases by $2).","[""Awarded for getting the target to the goal (count to 0) over\n$1 times (Heroism increases by $2).""]",AUX_CN_ATTACHED,exact_jpn_stagedat_page_entry_reference_index;same_page_en_companion_entity_identity,master status=AUX_CN_ATTACHED; mapping method=exact_jpn_stagedat_page_entry_reference_index;same_page_en_companion_entity_identity; candidate attached as auxiliary evidence only; verify against JPN and context; auxiliary candidates only; JPN remains authoritative; verify against JPN text and context
LANG_GETTITLE_INSIGNIA_LIST.OLANG,155,164,164;165;166,3,,page174:tag:entity162:key0000B821:ref164:ord0;page174:tag:entity161:key0000B721:ref165:ord0;page174:tag:entity160:key0000B621:ref166:ord0,"ターゲットゴール（カウントを０にする）回数が$1を越えた
功績をたたえ授与される（英雄度$2増加）。","拠点の制圧回数が$1を越えた功績をたたえ授与される。
（英雄度$2増加）","対戦で$1回以上連続してヘッドショットを成功させた功績を
たたえ授与される（英雄度$2増加）。",$1 | $2,,,NOT_CHECKED,98,,NOT_STARTED,NOT_BUILT,NOT_TESTED,JPN_PRIMARY; MLG_CN_CONTEXT_AUXILIARY,mechanical template; resource_class=STAGEDAT_OLANG; source_objects=3,"因占领超过$1个基地而获得（英雄值增加
$2）。","[""因占领超过$1个基地而获得（英雄值增加\n$2）。""]","Awarded for capturing over $1 bases (Heroism increases
$2).","[""Awarded for capturing over $1 bases (Heroism increases\n$2).""]",AUX_CN_ATTACHED,exact_jpn_stagedat_page_entry_reference_index;same_page_en_companion_entity_identity,master status=AUX_CN_ATTACHED; mapping method=exact_jpn_stagedat_page_entry_reference_index;same_page_en_companion_entity_identity; candidate attached as auxiliary evidence only; verify against JPN and context; auxiliary candidates only; JPN remains authoritative; verify against JPN text and context
LANG_GETTITLE_INSIGNIA_LIST.OLANG,156,167,167;168;169,3,,page174:tag:entity159:key0000B521:ref167:ord0;page174:tag:entity158:key0000B421:ref168:ord0;page174:tag:entity267:key00FDDD20:ref169:ord0,"拠点の制圧回数が$1を越えた功績をたたえ授与される。
（英雄度$2増加）","対戦で$1回以上連続してヘッドショットを成功させた功績を
たたえ授与される（英雄度$2増加）。","対戦で$1回以上連続してキルを獲得した功績をたたえ
授与される（英雄度$2増加）。",$1 | $2,,,NOT_CHECKED,131,,NOT_STARTED,NOT_BUILT,NOT_TESTED,JPN_PRIMARY; MLG_CN_CONTEXT_AUXILIARY,mechanical template; resource_class=STAGEDAT_OLANG; source_objects=3,"因在VS中连续取得$1次或更多爆头
（英雄值增加$2）。","[""因在VS中连续取得$1次或更多爆头\n（英雄值增加$2）。""]","Awarded for scoring $1 or more headshots in a row in VS
(Heroism increases by $2).","[""Awarded for scoring $1 or more headshots in a row in VS\n(Heroism increases by $2).""]",AUX_CN_ATTACHED,exact_jpn_stagedat_page_entry_reference_index;same_page_en_companion_entity_identity,master status=AUX_CN_ATTACHED; mapping method=exact_jpn_stagedat_page_entry_reference_index;same_page_en_companion_entity_identity; candidate attached as auxiliary evidence only; verify against JPN and context; auxiliary candidates only; JPN remains authoritative; verify against JPN text and context
LANG_GETTITLE_INSIGNIA_LIST.OLANG,157,170,170;171;172,3,,page174:tag:entity266:key00FDDC20:ref170:ord0;page174:tag:entity265:key00FDDB20:ref171:ord0;page174:tag:entity264:key00FDDA20:ref172:ord0,"対戦で$1回以上連続してヘッドショットを成功させた功績を
たたえ授与される（英雄度$2増加）。","対戦で$1回以上連続してキルを獲得した功績をたたえ
授与される（英雄度$2増加）。","対戦での敵キル・睡眠・気絶総数が、$1を越えた功績を
たたえ授与される。（英雄度$2増加）",$1 | $2,,,NOT_CHECKED,113,,NOT_STARTED,NOT_BUILT,NOT_TESTED,JPN_PRIMARY; MLG_CN_CONTEXT_AUXILIARY,mechanical template; resource_class=STAGEDAT_OLANG; source_objects=3,"因在VS中连续取得$1次或更多击杀（英雄值
增加$2）。","[""因在VS中连续取得$1次或更多击杀（英雄值\n增加$2）。""]","Awarded for getting $1 or more kills in a row in VS (Heroism
increases by $2).","[""Awarded for getting $1 or more kills in a row in VS (Heroism\nincreases by $2).""]",AUX_CN_ATTACHED,exact_jpn_stagedat_page_entry_reference_index;same_page_en_companion_entity_identity,master status=AUX_CN_ATTACHED; mapping method=exact_jpn_stagedat_page_entry_reference_index;same_page_en_companion_entity_identity; candidate attached as auxiliary evidence only; verify against JPN and context; auxiliary candidates only; JPN remains authoritative; verify against JPN text and context
LANG_GETTITLE_INSIGNIA_LIST.OLANG,158,173,173;174;175,3,,page174:tag:entity263:key00FDD920:ref173:ord0;page174:tag:entity262:key00FDD820:ref174:ord0;page174:tag:entity261:key00FDD720:ref175:ord0,"対戦で$1回以上連続してキルを獲得した功績をたたえ
授与される（英雄度$2増加）。","対戦での敵キル・睡眠・気絶総数が、$1を越えた功績を
たたえ授与される。（英雄度$2増加）","対戦ルール『キャプチャー（CAP）』での勝利ステージ数が$1を越えた
功績をたたえ授与される。（英雄度$2増加）",$1 | $2,,,NOT_CHECKED,125,,NOT_STARTED,NOT_BUILT,NOT_TESTED,JPN_PRIMARY; MLG_CN_CONTEXT_AUXILIARY,mechanical template; resource_class=STAGEDAT_OLANG; source_objects=3,"
因在VS中完成超过$1次击杀、睡眠、
和击倒而获得（英雄值增加$2）。","[""\n因在VS中完成超过$1次击杀、睡眠、\n和击倒而获得（英雄值增加$2）。""]","
Awarded for performing over $1 kills, sleeps,
and knockouts in VS (Heroism increases by $2).","[""\nAwarded for performing over $1 kills, sleeps,\nand knockouts in VS (Heroism increases by $2).""]",AUX_CN_ATTACHED,exact_jpn_stagedat_page_entry_reference_index;same_page_en_companion_entity_identity,master status=AUX_CN_ATTACHED; mapping method=exact_jpn_stagedat_page_entry_reference_index;same_page_en_companion_entity_identity; candidate attached as auxiliary evidence only; verify against JPN and context; auxiliary candidates only; JPN remains authoritative; verify against JPN text and context
LANG_GETTITLE_INSIGNIA_LIST.OLANG,159,176,176,1,,page174:tag:entity260:key00FDD620:ref176:ord0,"対戦での敵キル・睡眠・気絶総数が、$1を越えた功績を
たたえ授与される。（英雄度$2増加）","対戦ルール『キャプチャー（CAP）』での勝利ステージ数が$1を越えた
功績をたたえ授与される。（英雄度$2増加）","対戦ルール『拠点制圧（BASE）』での勝利ステージ数が$1を越えた
功績をたたえ授与される。（英雄度$2増加）",$1 | $2,,,NOT_CHECKED,152,,NOT_STARTED,NOT_BUILT,NOT_TESTED,JPN_PRIMARY; MLG_CN_CONTEXT_AUXILIARY,mechanical template; resource_class=STAGEDAT_OLANG; source_objects=1,"
因在占领（CAP）规则下赢得$1场比赛而获得（英雄值增加$2）。","[""\n因在占领（CAP）规则下赢得$1场比赛而获得（英雄值增加$2）。""]","
Awarded for winning $1 matches under Capture (CAP) rules (Heroism increases by $2).","[""\nAwarded for winning $1 matches under Capture (CAP) rules (Heroism increases by $2).""]",AUX_CN_ATTACHED,exact_jpn_stagedat_page_entry_reference_index;same_page_en_companion_entity_identity,master status=AUX_CN_ATTACHED; mapping method=exact_jpn_stagedat_page_entry_reference_index;same_page_en_companion_entity_identity; candidate attached as auxiliary evidence only; verify against JPN and context; auxiliary candidates only; JPN remains authoritative; verify against JPN text and context
LANG_GETTITLE_INSIGNIA_LIST.OLANG,160,177,177,1,,page174:tag:entity259:key00FDD520:ref177:ord0,"対戦ルール『キャプチャー（CAP）』での勝利ステージ数が$1を越えた
功績をたたえ授与される。（英雄度$2増加）","対戦ルール『拠点制圧（BASE）』での勝利ステージ数が$1を越えた
功績をたたえ授与される。（英雄度$2増加）","対戦ルール『チームデスマッチ（TDM）』での勝利ステージ数が$1を
越えた功績をたたえ授与される。（英雄度$2増加）",$1 | $2,,,NOT_CHECKED,147,,NOT_STARTED,NOT_BUILT,NOT_TESTED,JPN_PRIMARY; MLG_CN_CONTEXT_AUXILIARY,mechanical template; resource_class=STAGEDAT_OLANG; source_objects=1,"
因在基地（BASE）规则下赢得$1场比赛而获得（英雄值增加$2）。","[""\n因在基地（BASE）规则下赢得$1场比赛而获得（英雄值增加$2）。""]","
Awarded for winning $1 matches under Base (BASE) rules (Heroism increases by $2).","[""\nAwarded for winning $1 matches under Base (BASE) rules (Heroism increases by $2).""]",AUX_CN_ATTACHED,exact_jpn_stagedat_page_entry_reference_index;same_page_en_companion_entity_identity,master status=AUX_CN_ATTACHED; mapping method=exact_jpn_stagedat_page_entry_reference_index;same_page_en_companion_entity_identity; candidate attached as auxiliary evidence only; verify against JPN and context; auxiliary candidates only; JPN remains authoritative; verify against JPN text and context
LANG_GETTITLE_INSIGNIA_LIST.OLANG,161,178,178,1,,page174:tag:entity258:key00FDD420:ref178:ord0,"対戦ルール『拠点制圧（BASE）』での勝利ステージ数が$1を越えた
功績をたたえ授与される。（英雄度$2増加）","対戦ルール『チームデスマッチ（TDM）』での勝利ステージ数が$1を
越えた功績をたたえ授与される。（英雄度$2増加）","対戦ルール『デスマッチ（DM）』での勝利ステージ数が$1を越えた
功績をたたえ授与される。（英雄度$2増加）",$1 | $2,,,NOT_CHECKED,158,,NOT_STARTED,NOT_BUILT,NOT_TESTED,JPN_PRIMARY; MLG_CN_CONTEXT_AUXILIARY,mechanical template; resource_class=STAGEDAT_OLANG; source_objects=1,"
因在团队死亡竞赛（TDM）规则下赢得$1场比赛而获得（英雄值增加$2）。","[""\n因在团队死亡竞赛（TDM）规则下赢得$1场比赛而获得（英雄值增加$2）。""]","
Awarded for winning $1 matches under Team Deathmatch (TDM) rules (Heroism increases by $2).","[""\nAwarded for winning $1 matches under Team Deathmatch (TDM) rules (Heroism increases by $2).""]",AUX_CN_ATTACHED,exact_jpn_stagedat_page_entry_reference_index;same_page_en_companion_entity_identity,master status=AUX_CN_ATTACHED; mapping method=exact_jpn_stagedat_page_entry_reference_index;same_page_en_companion_entity_identity; candidate attached as auxiliary evidence only; verify against JPN and context; auxiliary candidates only; JPN remains authoritative; verify against JPN text and context
LANG_GETTITLE_INSIGNIA_LIST.OLANG,162,179,179,1,,page174:tag:entity257:key00FDBD20:ref179:ord0,"対戦ルール『チームデスマッチ（TDM）』での勝利ステージ数が$1を
越えた功績をたたえ授与される。（英雄度$2増加）","対戦ルール『デスマッチ（DM）』での勝利ステージ数が$1を越えた
功績をたたえ授与される。（英雄度$2増加）",???,$1 | $2,,,NOT_CHECKED,148,,NOT_STARTED,NOT_BUILT,NOT_TESTED,JPN_PRIMARY; MLG_CN_CONTEXT_AUXILIARY,mechanical template; resource_class=STAGEDAT_OLANG; source_objects=1,"
因在死亡竞赛（DM）规则下赢得$1场比赛而获得（英雄值增加$2）。","[""\n因在死亡竞赛（DM）规则下赢得$1场比赛而获得（英雄值增加$2）。""]","
Awarded for winning $1 matches under Deathmatch (DM) rules (Heroism increases by $2).","[""\nAwarded for winning $1 matches under Deathmatch (DM) rules (Heroism increases by $2).""]",AUX_CN_ATTACHED,exact_jpn_stagedat_page_entry_reference_index;same_page_en_companion_entity_identity,master status=AUX_CN_ATTACHED; mapping method=exact_jpn_stagedat_page_entry_reference_index;same_page_en_companion_entity_identity; candidate attached as auxiliary evidence only; verify against JPN and context; auxiliary candidates only; JPN remains authoritative; verify against JPN text and context
LANG_GETTITLE_INSIGNIA_LIST.OLANG,163,183,183;184;185,3,,page174:tag:entity253:key00FDB920:ref183:ord0;page174:tag:entity252:key00FDB820:ref184:ord0;page174:tag:entity251:key00FDB720:ref185:ord0,???,"対戦プレイでの勝利ステージ数が$1を越えた功績をたたえ
授与される。（英雄度$2増加）",???,$1 | $2,,,NOT_CHECKED,119,,NOT_STARTED,NOT_BUILT,NOT_TESTED,JPN_PRIMARY; MLG_CN_CONTEXT_AUXILIARY,mechanical template; resource_class=STAGEDAT_OLANG; source_objects=3,"
因赢得超过$1场VS比赛而获得（英雄值增加$2）。","[""\n因赢得超过$1场VS比赛而获得（英雄值增加$2）。""]","
Awarded for winning over $1 VS matches (Heroism increases by $2).","[""\nAwarded for winning over $1 VS matches (Heroism increases by $2).""]",AUX_CN_ATTACHED,exact_jpn_stagedat_page_entry_reference_index;same_page_en_companion_entity_identity,master status=AUX_CN_ATTACHED; mapping method=exact_jpn_stagedat_page_entry_reference_index;same_page_en_companion_entity_identity; candidate attached as auxiliary evidence only; verify against JPN and context; auxiliary candidates only; JPN remains authoritative; verify against JPN text and context
LANG_GETTITLE_INSIGNIA_LIST.OLANG,164,189,189;190;191,3,,page174:tag:entity247:key00FD9D20:ref189:ord0;page174:tag:entity246:key00FD9C20:ref190:ord0;page174:tag:entity245:key00FD9B20:ref191:ord0,???,"対戦でのプレイラウンド数が$1を越えた記念に
授与される。（英雄度$2増加）","対戦プレイに初参戦した記念に授与される。
（英雄度$2増加）",$1 | $2,,,NOT_CHECKED,104,,NOT_STARTED,NOT_BUILT,NOT_TESTED,JPN_PRIMARY; MLG_CN_CONTEXT_AUXILIARY,mechanical template; resource_class=STAGEDAT_OLANG; source_objects=3,"
因游玩超过$1场VS比赛而获得（英雄值增加$2）。","[""\n因游玩超过$1场VS比赛而获得（英雄值增加$2）。""]","
Awarded for playing over $1 VS matches (Heroism increases by $2). ","[""\nAwarded for playing over $1 VS matches (Heroism increases by $2). ""]",AUX_CN_ATTACHED,exact_jpn_stagedat_page_entry_reference_index;same_page_en_companion_entity_identity,master status=AUX_CN_ATTACHED; mapping method=exact_jpn_stagedat_page_entry_reference_index;same_page_en_companion_entity_identity; candidate attached as auxiliary evidence only; verify against JPN and context; auxiliary candidates only; JPN remains authoritative; verify against JPN text and context
LANG_GETTITLE_INSIGNIA_LIST.OLANG,165,192,192,1,,page174:tag:entity244:key00FD9A20:ref192:ord0,"対戦でのプレイラウンド数が$1を越えた記念に
授与される。（英雄度$2増加）","対戦プレイに初参戦した記念に授与される。
（英雄度$2増加）","マザーベースで行える全ての開発を最終段階まで進めた
功績をたたえ授与される。（英雄度$2増加）",$2,,,NOT_CHECKED,84,,NOT_STARTED,NOT_BUILT,NOT_TESTED,JPN_PRIMARY; MLG_CN_CONTEXT_AUXILIARY,mechanical template; resource_class=STAGEDAT_OLANG; source_objects=1,"
因在VS游戏中首次战斗而获得（英雄值
增加$2）。","[""\n因在VS游戏中首次战斗而获得（英雄值\n增加$2）。""]","
Awarded for first battle in a versus game (Heroism
increases by $2).","[""\nAwarded for first battle in a versus game (Heroism\nincreases by $2).""]",AUX_CN_ATTACHED,exact_jpn_stagedat_page_entry_reference_index;same_page_en_companion_entity_identity,master status=AUX_CN_ATTACHED; mapping method=exact_jpn_stagedat_page_entry_reference_index;same_page_en_companion_entity_identity; candidate attached as auxiliary evidence only; verify against JPN and context; auxiliary candidates only; JPN remains authoritative; verify against JPN text and context
LANG_GETTITLE_INSIGNIA_LIST.OLANG,166,193,193,1,,page174:tag:entity243:key00FD9920:ref193:ord0,"対戦プレイに初参戦した記念に授与される。
（英雄度$2増加）","マザーベースで行える全ての開発を最終段階まで進めた
功績をたたえ授与される。（英雄度$2増加）","マザーベース本体の改良強化を最終段階まで進めた功績を
たたえ授与される。（英雄度$2増加）",$2,,,NOT_CHECKED,135,,NOT_STARTED,NOT_BUILT,NOT_TESTED,JPN_PRIMARY; MLG_CN_CONTEXT_AUXILIARY,mechanical template; resource_class=STAGEDAT_OLANG; source_objects=1,"
因将母基地的所有开发推进到最终阶段而获得（英雄值增加$2）。","[""\n因将母基地的所有开发推进到最终阶段而获得（英雄值增加$2）。""]","
Awarded for pursuing all development at Mother Base to the final stage (Heroism increases by $2).","[""\nAwarded for pursuing all development at Mother Base to the final stage (Heroism increases by $2).""]",AUX_CN_ATTACHED,exact_jpn_stagedat_page_entry_reference_index;same_page_en_companion_entity_identity,master status=AUX_CN_ATTACHED; mapping method=exact_jpn_stagedat_page_entry_reference_index;same_page_en_companion_entity_identity; candidate attached as auxiliary evidence only; verify against JPN and context; auxiliary candidates only; JPN remains authoritative; verify against JPN text and context
LANG_GETTITLE_INSIGNIA_LIST.OLANG,167,194,194,1,,page174:tag:entity242:key00FD9820:ref194:ord0,"マザーベースで行える全ての開発を最終段階まで進めた
功績をたたえ授与される。（英雄度$2増加）","マザーベース本体の改良強化を最終段階まで進めた功績を
たたえ授与される。（英雄度$2増加）","全ての武器のレベルを最大にした功績をたたえ授与される。
（英雄度$2増加）",$2,,,NOT_CHECKED,129,,NOT_STARTED,NOT_BUILT,NOT_TESTED,JPN_PRIMARY; MLG_CN_CONTEXT_AUXILIARY,mechanical template; resource_class=STAGEDAT_OLANG; source_objects=1,"
因将母基地开发提升到最终阶段而获得（英雄值增加$2）。","[""\n因将母基地开发提升到最终阶段而获得（英雄值增加$2）。""]","
Awarded for improving Mother Base to the final stage of development (Heroism increases by $2). ","[""\nAwarded for improving Mother Base to the final stage of development (Heroism increases by $2). ""]",AUX_CN_ATTACHED,exact_jpn_stagedat_page_entry_reference_index;same_page_en_companion_entity_identity,master status=AUX_CN_ATTACHED; mapping method=exact_jpn_stagedat_page_entry_reference_index;same_page_en_companion_entity_identity; candidate attached as auxiliary evidence only; verify against JPN and context; auxiliary candidates only; JPN remains authoritative; verify against JPN text and context
LANG_GETTITLE_INSIGNIA_LIST.OLANG,168,195,195,1,,page174:tag:entity241:key00FD9720:ref195:ord0,"マザーベース本体の改良強化を最終段階まで進めた功績を
たたえ授与される。（英雄度$2増加）","全ての武器のレベルを最大にした功績をたたえ授与される。
（英雄度$2増加）","スタンロッドのレベルを最大にした功績をたたえ
授与される。（英雄度$2増加）",$2,,,NOT_CHECKED,105,,NOT_STARTED,NOT_BUILT,NOT_TESTED,JPN_PRIMARY; MLG_CN_CONTEXT_AUXILIARY,mechanical template; resource_class=STAGEDAT_OLANG; source_objects=1,"
因将所有武器提升到最高等级而获得（英雄值增加$2）。","[""\n因将所有武器提升到最高等级而获得（英雄值增加$2）。""]","
Awarded for attaining the maximum level for all weapons (Heroism increases by $2).","[""\nAwarded for attaining the maximum level for all weapons (Heroism increases by $2).""]",AUX_CN_ATTACHED,exact_jpn_stagedat_page_entry_reference_index;same_page_en_companion_entity_identity,master status=AUX_CN_ATTACHED; mapping method=exact_jpn_stagedat_page_entry_reference_index;same_page_en_companion_entity_identity; candidate attached as auxiliary evidence only; verify against JPN and context; auxiliary candidates only; JPN remains authoritative; verify against JPN text and context
LANG_GETTITLE_INSIGNIA_LIST.OLANG,169,196,196,1,,page174:tag:entity240:key00FD9620:ref196:ord0,"全ての武器のレベルを最大にした功績をたたえ授与される。
（英雄度$2増加）","スタンロッドのレベルを最大にした功績をたたえ
授与される。（英雄度$2増加）","設置系武器全種類のレベルを最大にした功績をたたえ
授与される。（英雄度$2増加）",$2,,,NOT_CHECKED,108,,NOT_STARTED,NOT_BUILT,NOT_TESTED,JPN_PRIMARY; MLG_CN_CONTEXT_AUXILIARY,mechanical template; resource_class=STAGEDAT_OLANG; source_objects=1,"
因将眩晕棒提升到最高等级而获得（英雄值增加$2）。","[""\n因将眩晕棒提升到最高等级而获得（英雄值增加$2）。""]","
Awarded for attaining the maximum level for the stun rod (Heroism increases by $2).","[""\nAwarded for attaining the maximum level for the stun rod (Heroism increases by $2).""]",AUX_CN_ATTACHED,exact_jpn_stagedat_page_entry_reference_index;same_page_en_companion_entity_identity,master status=AUX_CN_ATTACHED; mapping method=exact_jpn_stagedat_page_entry_reference_index;same_page_en_companion_entity_identity; candidate attached as auxiliary evidence only; verify against JPN and context; auxiliary candidates only; JPN remains authoritative; verify against JPN text and context
LANG_GETTITLE_INSIGNIA_LIST.OLANG,170,197,197,1,,page174:tag:entity239:key00FD9520:ref197:ord0,"スタンロッドのレベルを最大にした功績をたたえ
授与される。（英雄度$2増加）","設置系武器全種類のレベルを最大にした功績をたたえ
授与される。（英雄度$2増加）","投擲系武器全種類のレベルを最大にした功績をたたえ
授与される。（英雄度$2増加）",$2,,,NOT_CHECKED,114,,NOT_STARTED,NOT_BUILT,NOT_TESTED,JPN_PRIMARY; MLG_CN_CONTEXT_AUXILIARY,mechanical template; resource_class=STAGEDAT_OLANG; source_objects=1,"
因将所有可放置武器提升到最高等级而获得（英雄值增加$2）。","[""\n因将所有可放置武器提升到最高等级而获得（英雄值增加$2）。""]","
Awarded for attaining the maximum level for all placeable weapons (Heroism increases by $2).","[""\nAwarded for attaining the maximum level for all placeable weapons (Heroism increases by $2).""]",AUX_CN_ATTACHED,exact_jpn_stagedat_page_entry_reference_index;same_page_en_companion_entity_identity,master status=AUX_CN_ATTACHED; mapping method=exact_jpn_stagedat_page_entry_reference_index;same_page_en_companion_entity_identity; candidate attached as auxiliary evidence only; verify against JPN and context; auxiliary candidates only; JPN remains authoritative; verify against JPN text and context
LANG_GETTITLE_INSIGNIA_LIST.OLANG,171,198,198,1,,page174:tag:entity238:key00FD9420:ref198:ord0,"設置系武器全種類のレベルを最大にした功績をたたえ
授与される。（英雄度$2増加）","投擲系武器全種類のレベルを最大にした功績をたたえ
授与される。（英雄度$2増加）","ミサイル・ロケット弾全種類のレベルを最大にした功績を
たたえ授与される。（英雄度$2増加）",$2,,,NOT_CHECKED,114,,NOT_STARTED,NOT_BUILT,NOT_TESTED,JPN_PRIMARY; MLG_CN_CONTEXT_AUXILIARY,mechanical template; resource_class=STAGEDAT_OLANG; source_objects=1,"
因将所有投掷武器提升到最高等级而获得（英雄值增加$2）。","[""\n因将所有投掷武器提升到最高等级而获得（英雄值增加$2）。""]","
Awarded for attaining the maximum level for all throwing weapons (Heroism increases by $2).","[""\nAwarded for attaining the maximum level for all throwing weapons (Heroism increases by $2).""]",AUX_CN_ATTACHED,exact_jpn_stagedat_page_entry_reference_index;same_page_en_companion_entity_identity,master status=AUX_CN_ATTACHED; mapping method=exact_jpn_stagedat_page_entry_reference_index;same_page_en_companion_entity_identity; candidate attached as auxiliary evidence only; verify against JPN and context; auxiliary candidates only; JPN remains authoritative; verify against JPN text and context
LANG_GETTITLE_INSIGNIA_LIST.OLANG,172,199,199,1,,page174:tag:entity237:key00FD7D20:ref199:ord0,"投擲系武器全種類のレベルを最大にした功績をたたえ
授与される。（英雄度$2増加）","ミサイル・ロケット弾全種類のレベルを最大にした功績を
たたえ授与される。（英雄度$2増加）","マシンガン全種類のレベルを最大にした功績をたたえ
授与される。（英雄度$2増加）",$2,,,NOT_CHECKED,129,,NOT_STARTED,NOT_BUILT,NOT_TESTED,JPN_PRIMARY; MLG_CN_CONTEXT_AUXILIARY,mechanical template; resource_class=STAGEDAT_OLANG; source_objects=1,"
因将所有导弹和火箭武器提升到最高等级而获得（英雄值增加$2）。","[""\n因将所有导弹和火箭武器提升到最高等级而获得（英雄值增加$2）。""]","
Awarded for attaining the maximum level for all missile and rocket weapons (Heroism increases by $2).","[""\nAwarded for attaining the maximum level for all missile and rocket weapons (Heroism increases by $2).""]",AUX_CN_ATTACHED,exact_jpn_stagedat_page_entry_reference_index;same_page_en_companion_entity_identity,master status=AUX_CN_ATTACHED; mapping method=exact_jpn_stagedat_page_entry_reference_index;same_page_en_companion_entity_identity; candidate attached as auxiliary evidence only; verify against JPN and context; auxiliary candidates only; JPN remains authoritative; verify against JPN text and context
LANG_GETTITLE_INSIGNIA_LIST.OLANG,173,200,200,1,,page174:tag:entity236:key00FD7C20:ref200:ord0,"ミサイル・ロケット弾全種類のレベルを最大にした功績を
たたえ授与される。（英雄度$2増加）","マシンガン全種類のレベルを最大にした功績をたたえ
授与される。（英雄度$2増加）","スナイパーライフル全種類のレベルを最大にした功績を
たたえ授与される。（英雄度$2増加）",$2,,,NOT_CHECKED,114,,NOT_STARTED,NOT_BUILT,NOT_TESTED,JPN_PRIMARY; MLG_CN_CONTEXT_AUXILIARY,mechanical template; resource_class=STAGEDAT_OLANG; source_objects=1,"
因将所有机枪提升到最高等级而获得（英雄值增加$2）。","[""\n因将所有机枪提升到最高等级而获得（英雄值增加$2）。""]","
Awarded for attaining the maximum level for all machine guns (Heroism increases by $2).","[""\nAwarded for attaining the maximum level for all machine guns (Heroism increases by $2).""]",AUX_CN_ATTACHED,exact_jpn_stagedat_page_entry_reference_index;same_page_en_companion_entity_identity,master status=AUX_CN_ATTACHED; mapping method=exact_jpn_stagedat_page_entry_reference_index;same_page_en_companion_entity_identity; candidate attached as auxiliary evidence only; verify against JPN and context; auxiliary candidates only; JPN remains authoritative; verify against JPN text and context
LANG_GETTITLE_INSIGNIA_LIST.OLANG,174,201,201,1,,page174:tag:entity235:key00FD7B20:ref201:ord0,"マシンガン全種類のレベルを最大にした功績をたたえ
授与される。（英雄度$2増加）","スナイパーライフル全種類のレベルを最大にした功績を
たたえ授与される。（英雄度$2増加）","アサルトライフル全種類のレベルを最大にした功績をたたえ
授与される。（英雄度$2増加）",$2,,,NOT_CHECKED,126,,NOT_STARTED,NOT_BUILT,NOT_TESTED,JPN_PRIMARY; MLG_CN_CONTEXT_AUXILIARY,mechanical template; resource_class=STAGEDAT_OLANG; source_objects=1,"
因将所有狙击步枪提升到最高等级而获得（英雄值增加$2）。","[""\n因将所有狙击步枪提升到最高等级而获得（英雄值增加$2）。""]","
Awarded for attaining the maximum level for all sniper rifles (Heroism increases by $2).","[""\nAwarded for attaining the maximum level for all sniper rifles (Heroism increases by $2).""]",AUX_CN_ATTACHED,exact_jpn_stagedat_page_entry_reference_index;same_page_en_companion_entity_identity,master status=AUX_CN_ATTACHED; mapping method=exact_jpn_stagedat_page_entry_reference_index;same_page_en_companion_entity_identity; candidate attached as auxiliary evidence only; verify against JPN and context; auxiliary candidates only; JPN remains authoritative; verify against JPN text and context
LANG_GETTITLE_INSIGNIA_LIST.OLANG,175,202,202,1,,page174:tag:entity234:key00FD7A20:ref202:ord0,"スナイパーライフル全種類のレベルを最大にした功績を
たたえ授与される。（英雄度$2増加）","アサルトライフル全種類のレベルを最大にした功績をたたえ
授与される。（英雄度$2増加）","ショットガン全種類のレベルを最大にした功績をたたえ
授与される。（英雄度$2増加）",$2,,,NOT_CHECKED,123,,NOT_STARTED,NOT_BUILT,NOT_TESTED,JPN_PRIMARY; MLG_CN_CONTEXT_AUXILIARY,mechanical template; resource_class=STAGEDAT_OLANG; source_objects=1,"
因将所有突击步枪提升到最高等级而获得（英雄值增加$2）。","[""\n因将所有突击步枪提升到最高等级而获得（英雄值增加$2）。""]","
Awarded for attaining the maximum level for all assault rifles (Heroism increases by $2).","[""\nAwarded for attaining the maximum level for all assault rifles (Heroism increases by $2).""]",AUX_CN_ATTACHED,exact_jpn_stagedat_page_entry_reference_index;same_page_en_companion_entity_identity,master status=AUX_CN_ATTACHED; mapping method=exact_jpn_stagedat_page_entry_reference_index;same_page_en_companion_entity_identity; candidate attached as auxiliary evidence only; verify against JPN and context; auxiliary candidates only; JPN remains authoritative; verify against JPN text and context
LANG_GETTITLE_INSIGNIA_LIST.OLANG,176,203,203,1,,page174:tag:entity233:key00FD7920:ref203:ord0,"アサルトライフル全種類のレベルを最大にした功績をたたえ
授与される。（英雄度$2増加）","ショットガン全種類のレベルを最大にした功績をたたえ
授与される。（英雄度$2増加）","サブマシンガン全種類のレベルを最大にした功績をたたえ
授与される。（英雄度$2増加）",$2,,,NOT_CHECKED,117,,NOT_STARTED,NOT_BUILT,NOT_TESTED,JPN_PRIMARY; MLG_CN_CONTEXT_AUXILIARY,mechanical template; resource_class=STAGEDAT_OLANG; source_objects=1,"
因将所有霰弹枪提升到最高等级而获得（英雄值增加$2）。","[""\n因将所有霰弹枪提升到最高等级而获得（英雄值增加$2）。""]","
Awarded for attaining the maximum level for all shotguns (Heroism increases by $2).","[""\nAwarded for attaining the maximum level for all shotguns (Heroism increases by $2).""]",AUX_CN_ATTACHED,exact_jpn_stagedat_page_entry_reference_index;same_page_en_companion_entity_identity,master status=AUX_CN_ATTACHED; mapping method=exact_jpn_stagedat_page_entry_reference_index;same_page_en_companion_entity_identity; candidate attached as auxiliary evidence only; verify against JPN and context; auxiliary candidates only; JPN remains authoritative; verify against JPN text and context
LANG_GETTITLE_INSIGNIA_LIST.OLANG,177,204,204,1,,page174:tag:entity232:key00FD7820:ref204:ord0,"ショットガン全種類のレベルを最大にした功績をたたえ
授与される。（英雄度$2増加）","サブマシンガン全種類のレベルを最大にした功績をたたえ
授与される。（英雄度$2増加）","ハンドガン全種類のレベルを最大にした功績をたたえ
授与される。（英雄度$2増加）",$2,,,NOT_CHECKED,120,,NOT_STARTED,NOT_BUILT,NOT_TESTED,JPN_PRIMARY; MLG_CN_CONTEXT_AUXILIARY,mechanical template; resource_class=STAGEDAT_OLANG; source_objects=1,"
因将所有冲锋枪提升到最高等级而获得（英雄值增加$2）。","[""\n因将所有冲锋枪提升到最高等级而获得（英雄值增加$2）。""]","
Awarded for attaining the maximum level for all submachine guns (Heroism increases by $2).","[""\nAwarded for attaining the maximum level for all submachine guns (Heroism increases by $2).""]",AUX_CN_ATTACHED,exact_jpn_stagedat_page_entry_reference_index;same_page_en_companion_entity_identity,master status=AUX_CN_ATTACHED; mapping method=exact_jpn_stagedat_page_entry_reference_index;same_page_en_companion_entity_identity; candidate attached as auxiliary evidence only; verify against JPN and context; auxiliary candidates only; JPN remains authoritative; verify against JPN text and context
LANG_GETTITLE_INSIGNIA_LIST.OLANG,178,205,205,1,,page174:tag:entity231:key00FD7720:ref205:ord0,"サブマシンガン全種類のレベルを最大にした功績をたたえ
授与される。（英雄度$2増加）","ハンドガン全種類のレベルを最大にした功績をたたえ
授与される。（英雄度$2増加）","メカを全種類鹵獲した功績をたたえ授与される。
（英雄度$2増加）",$2,,,NOT_CHECKED,114,,NOT_STARTED,NOT_BUILT,NOT_TESTED,JPN_PRIMARY; MLG_CN_CONTEXT_AUXILIARY,mechanical template; resource_class=STAGEDAT_OLANG; source_objects=1,"
因将所有手枪提升到最高等级而获得（英雄值增加$2）。","[""\n因将所有手枪提升到最高等级而获得（英雄值增加$2）。""]","
Awarded for attaining the maximum level for all handguns (Heroism increases by $2).","[""\nAwarded for attaining the maximum level for all handguns (Heroism increases by $2).""]",AUX_CN_ATTACHED,exact_jpn_stagedat_page_entry_reference_index;same_page_en_companion_entity_identity,master status=AUX_CN_ATTACHED; mapping method=exact_jpn_stagedat_page_entry_reference_index;same_page_en_companion_entity_identity; candidate attached as auxiliary evidence only; verify against JPN and context; auxiliary candidates only; JPN remains authoritative; verify against JPN text and context
LANG_GETTITLE_INSIGNIA_LIST.OLANG,179,206,206,1,,page174:tag:entity230:key00FD7620:ref206:ord0,"ハンドガン全種類のレベルを最大にした功績をたたえ
授与される。（英雄度$2増加）","メカを全種類鹵獲した功績をたたえ授与される。
（英雄度$2増加）","武器を全種類開発した功績をたたえ授与される。
（英雄度$2増加）",$2,,,NOT_CHECKED,90,,NOT_STARTED,NOT_BUILT,NOT_TESTED,JPN_PRIMARY; MLG_CN_CONTEXT_AUXILIARY,mechanical template; resource_class=STAGEDAT_OLANG; source_objects=1,"
因捕获所有载具而获得（英雄值增加$2）。","[""\n因捕获所有载具而获得（英雄值增加$2）。""]","
Awarded for capturing all mechs (Heroism increases by $2).","[""\nAwarded for capturing all mechs (Heroism increases by $2).""]",AUX_CN_ATTACHED,exact_jpn_stagedat_page_entry_reference_index;same_page_en_companion_entity_identity,master status=AUX_CN_ATTACHED; mapping method=exact_jpn_stagedat_page_entry_reference_index;same_page_en_companion_entity_identity; candidate attached as auxiliary evidence only; verify against JPN and context; auxiliary candidates only; JPN remains authoritative; verify against JPN text and context
LANG_GETTITLE_INSIGNIA_LIST.OLANG,180,207,207,1,,page174:tag:entity229:key00FD7520:ref207:ord0,"メカを全種類鹵獲した功績をたたえ授与される。
（英雄度$2増加）","武器を全種類開発した功績をたたえ授与される。
（英雄度$2増加）","アイテムを全種類開発した功績をたたえ授与される。
（英雄度$2増加）",$2,,,NOT_CHECKED,90,,NOT_STARTED,NOT_BUILT,NOT_TESTED,JPN_PRIMARY; MLG_CN_CONTEXT_AUXILIARY,mechanical template; resource_class=STAGEDAT_OLANG; source_objects=1,"
因开发所有武器而获得（英雄值增加$2）。","[""\n因开发所有武器而获得（英雄值增加$2）。""]","
Awarded for developing all weapons (Heroism increases by $2).","[""\nAwarded for developing all weapons (Heroism increases by $2).""]",AUX_CN_ATTACHED,exact_jpn_stagedat_page_entry_reference_index;same_page_en_companion_entity_identity,master status=AUX_CN_ATTACHED; mapping method=exact_jpn_stagedat_page_entry_reference_index;same_page_en_companion_entity_identity; candidate attached as auxiliary evidence only; verify against JPN and context; auxiliary candidates only; JPN remains authoritative; verify against JPN text and context
LANG_GETTITLE_INSIGNIA_LIST.OLANG,181,208,208,1,,page174:tag:entity228:key00FD7420:ref208:ord0,"武器を全種類開発した功績をたたえ授与される。
（英雄度$2増加）","アイテムを全種類開発した功績をたたえ授与される。
（英雄度$2増加）","MSFのスタッフを全員女性だけで編成した功績をたたえ
授与される。（英雄度$2増加）",$2,,,NOT_CHECKED,96,,NOT_STARTED,NOT_BUILT,NOT_TESTED,JPN_PRIMARY; MLG_CN_CONTEXT_AUXILIARY,mechanical template; resource_class=STAGEDAT_OLANG; source_objects=1,"
因开发所有道具而获得（英雄值增加$2）。","[""\n因开发所有道具而获得（英雄值增加$2）。""]","
Awarded for developing all items (Heroism increases by $2).","[""\nAwarded for developing all items (Heroism increases by $2).""]",AUX_CN_ATTACHED,exact_jpn_stagedat_page_entry_reference_index;same_page_en_companion_entity_identity,master status=AUX_CN_ATTACHED; mapping method=exact_jpn_stagedat_page_entry_reference_index;same_page_en_companion_entity_identity; candidate attached as auxiliary evidence only; verify against JPN and context; auxiliary candidates only; JPN remains authoritative; verify against JPN text and context
LANG_GETTITLE_INSIGNIA_LIST.OLANG,182,209,209,1,,page174:tag:entity227:key00FD5D20:ref209:ord0,"アイテムを全種類開発した功績をたたえ授与される。
（英雄度$2増加）","MSFのスタッフを全員女性だけで編成した功績をたたえ
授与される。（英雄度$2増加）","全ての称号を獲得したことを記念し授与される。
（英雄度$2増加）",$2,,,NOT_CHECKED,114,,NOT_STARTED,NOT_BUILT,NOT_TESTED,JPN_PRIMARY; MLG_CN_CONTEXT_AUXILIARY,mechanical template; resource_class=STAGEDAT_OLANG; source_objects=1,"
因组建一支全女性的无国界之师（MSF）队伍而获得（英雄值增加$2）。","[""\n因组建一支全女性的无国界之师（MSF）队伍而获得（英雄值增加$2）。""]","
Awarded for forming an all-female MSF team (Heroism increases by $2).","[""\nAwarded for forming an all-female MSF team (Heroism increases by $2).""]",AUX_CN_ATTACHED,exact_jpn_stagedat_page_entry_reference_index;same_page_en_companion_entity_identity,master status=AUX_CN_ATTACHED; mapping method=exact_jpn_stagedat_page_entry_reference_index;same_page_en_companion_entity_identity; candidate attached as auxiliary evidence only; verify against JPN and context; auxiliary candidates only; JPN remains authoritative; verify against JPN text and context
LANG_GETTITLE_INSIGNIA_LIST.OLANG,183,210,210,1,,page174:tag:entity226:key00FD5C20:ref210:ord0,"MSFのスタッフを全員女性だけで編成した功績をたたえ
授与される。（英雄度$2増加）","全ての称号を獲得したことを記念し授与される。
（英雄度$2増加）","称号獲得数が、全称号の$1％を越えたことを記念し
授与される。（英雄度$2増加）",$2,,,NOT_CHECKED,90,,NOT_STARTED,NOT_BUILT,NOT_TESTED,JPN_PRIMARY; MLG_CN_CONTEXT_AUXILIARY,mechanical template; resource_class=STAGEDAT_OLANG; source_objects=1,"
因收集所有代号而获得（英雄值增加$2）。","[""\n因收集所有代号而获得（英雄值增加$2）。""]","
Awarded for receiving all codenames (Heroism increases by $2).","[""\nAwarded for receiving all codenames (Heroism increases by $2).""]",AUX_CN_ATTACHED,exact_jpn_stagedat_page_entry_reference_index;same_page_en_companion_entity_identity,master status=AUX_CN_ATTACHED; mapping method=exact_jpn_stagedat_page_entry_reference_index;same_page_en_companion_entity_identity; candidate attached as auxiliary evidence only; verify against JPN and context; auxiliary candidates only; JPN remains authoritative; verify against JPN text and context
LANG_GETTITLE_INSIGNIA_LIST.OLANG,184,211,211;212,2,,page174:tag:entity225:key00FD5B20:ref211:ord0;page174:tag:entity224:key00FD5A20:ref212:ord0,"全ての称号を獲得したことを記念し授与される。
（英雄度$2増加）","称号獲得数が、全称号の$1％を越えたことを記念し
授与される。（英雄度$2増加）","全ての勲章を獲得したことを記念し授与される。
（英雄度$2増加）",$1 | $2,,,NOT_CHECKED,110,,NOT_STARTED,NOT_BUILT,NOT_TESTED,JPN_PRIMARY; MLG_CN_CONTEXT_AUXILIARY,mechanical template; resource_class=STAGEDAT_OLANG; source_objects=2,"
因收集所有代号中的$1%而获得（英雄值增加$2）。","[""\n因收集所有代号中的$1%而获得（英雄值增加$2）。""]","
Awarded for receiving $1% of all codenames (Heroism increases by $2).","[""\nAwarded for receiving $1% of all codenames (Heroism increases by $2).""]",AUX_CN_ATTACHED,exact_jpn_stagedat_page_entry_reference_index;same_page_en_companion_entity_identity,master status=AUX_CN_ATTACHED; mapping method=exact_jpn_stagedat_page_entry_reference_index;same_page_en_companion_entity_identity; candidate attached as auxiliary evidence only; verify against JPN and context; auxiliary candidates only; JPN remains authoritative; verify against JPN text and context
LANG_GETTITLE_INSIGNIA_LIST.OLANG,185,213,213,1,,page174:tag:entity223:key00FD5920:ref213:ord0,"称号獲得数が、全称号の$1％を越えたことを記念し
授与される。（英雄度$2増加）","全ての勲章を獲得したことを記念し授与される。
（英雄度$2増加）","勲章獲得数が、全勲章の$1％を越えたことを記念し
授与される。（英雄度$2増加）",$2,,,NOT_CHECKED,90,,NOT_STARTED,NOT_BUILT,NOT_TESTED,JPN_PRIMARY; MLG_CN_CONTEXT_AUXILIARY,mechanical template; resource_class=STAGEDAT_OLANG; source_objects=1,"
因收集所有徽章而获得（英雄值增加$2）。","[""\n因收集所有徽章而获得（英雄值增加$2）。""]","
Awarded for receiving all insignias (Heroism increases by $2).","[""\nAwarded for receiving all insignias (Heroism increases by $2).""]",AUX_CN_ATTACHED,exact_jpn_stagedat_page_entry_reference_index;same_page_en_companion_entity_identity,master status=AUX_CN_ATTACHED; mapping method=exact_jpn_stagedat_page_entry_reference_index;same_page_en_companion_entity_identity; candidate attached as auxiliary evidence only; verify against JPN and context; auxiliary candidates only; JPN remains authoritative; verify against JPN text and context
LANG_GETTITLE_INSIGNIA_LIST.OLANG,186,214,214;215,2,,page174:tag:entity222:key00FD5820:ref214:ord0;page174:tag:entity221:key00FD5720:ref215:ord0,"全ての勲章を獲得したことを記念し授与される。
（英雄度$2増加）","勲章獲得数が、全勲章の$1％を越えたことを記念し
授与される。（英雄度$2増加）","ハントしたモンスターの数が$1を越えた功績をたたえ
授与される。（英雄度$2増加）",$1 | $2,,,NOT_CHECKED,110,,NOT_STARTED,NOT_BUILT,NOT_TESTED,JPN_PRIMARY; MLG_CN_CONTEXT_AUXILIARY,mechanical template; resource_class=STAGEDAT_OLANG; source_objects=2,"
因收集所有徽章的$1%以上而获得（英雄值增加$2）。","[""\n因收集所有徽章的$1%以上而获得（英雄值增加$2）。""]","
Awarded for receiving over $1% of all insignias (Heroism increases by $2).","[""\nAwarded for receiving over $1% of all insignias (Heroism increases by $2).""]",AUX_CN_ATTACHED,exact_jpn_stagedat_page_entry_reference_index;same_page_en_companion_entity_identity,master status=AUX_CN_ATTACHED; mapping method=exact_jpn_stagedat_page_entry_reference_index;same_page_en_companion_entity_identity; candidate attached as auxiliary evidence only; verify against JPN and context; auxiliary candidates only; JPN remains authoritative; verify against JPN text and context
LANG_GETTITLE_INSIGNIA_LIST.OLANG,187,216,216;217;218,3,,page174:tag:entity220:key00FD5620:ref216:ord0;page174:tag:entity219:key00FD5520:ref217:ord0;page174:tag:entity218:key00FD5420:ref218:ord0,"勲章獲得数が、全勲章の$1％を越えたことを記念し
授与される。（英雄度$2増加）","ハントしたモンスターの数が$1を越えた功績をたたえ
授与される。（英雄度$2増加）","取得したメカパーツの数が$1以上となった功績をたたえ
授与される。（英雄度$2増加）",$1 | $2,,,NOT_CHECKED,113,,NOT_STARTED,NOT_BUILT,NOT_TESTED,JPN_PRIMARY; MLG_CN_CONTEXT_AUXILIARY,mechanical template; resource_class=STAGEDAT_OLANG; source_objects=3,"
因狩猎超过$1只怪物而获得（英雄值增加$2）。","[""\n因狩猎超过$1只怪物而获得（英雄值增加$2）。""]","
Awarded for hunting over $1 monsters (Heroism increases $2).","[""\nAwarded for hunting over $1 monsters (Heroism increases $2).""]",AUX_CN_ATTACHED,exact_jpn_stagedat_page_entry_reference_index;same_page_en_companion_entity_identity,master status=AUX_CN_ATTACHED; mapping method=exact_jpn_stagedat_page_entry_reference_index;same_page_en_companion_entity_identity; candidate attached as auxiliary evidence only; verify against JPN and context; auxiliary candidates only; JPN remains authoritative; verify against JPN text and context
LANG_GETTITLE_INSIGNIA_LIST.OLANG,188,219,219,1,,page174:tag:entity217:key00FD3D20:ref219:ord0,"ハントしたモンスターの数が$1を越えた功績をたたえ
授与される。（英雄度$2増加）","取得したメカパーツの数が$1以上となった功績をたたえ
授与される。（英雄度$2増加）","取得したメカパーツの数が$1を越えた功績をたたえ
授与される。（英雄度$2増加）",$1 | $2,,,NOT_CHECKED,116,,NOT_STARTED,NOT_BUILT,NOT_TESTED,JPN_PRIMARY; MLG_CN_CONTEXT_AUXILIARY,mechanical template; resource_class=STAGEDAT_OLANG; source_objects=1,"
因收集$1个或更多载具零件而获得（英雄值增加$2）。","[""\n因收集$1个或更多载具零件而获得（英雄值增加$2）。""]","
Awarded for getting $1 or more mech parts (Heroism increases $2).","[""\nAwarded for getting $1 or more mech parts (Heroism increases $2).""]",AUX_CN_ATTACHED,exact_jpn_stagedat_page_entry_reference_index;same_page_en_companion_entity_identity,master status=AUX_CN_ATTACHED; mapping method=exact_jpn_stagedat_page_entry_reference_index;same_page_en_companion_entity_identity; candidate attached as auxiliary evidence only; verify against JPN and context; auxiliary candidates only; JPN remains authoritative; verify against JPN text and context
LANG_GETTITLE_INSIGNIA_LIST.OLANG,189,220,220;221,2,,page174:tag:entity216:key00FD3C20:ref220:ord0;page174:tag:entity215:key00FD3B20:ref221:ord0,"取得したメカパーツの数が$1以上となった功績をたたえ
授与される。（英雄度$2増加）","取得したメカパーツの数が$1を越えた功績をたたえ
授与される。（英雄度$2増加）","フルトン回収した人数が$1を越えた功績をたたえ
授与される。（英雄度$2増加）",$1 | $2,,,NOT_CHECKED,110,,NOT_STARTED,NOT_BUILT,NOT_TESTED,JPN_PRIMARY; MLG_CN_CONTEXT_AUXILIARY,mechanical template; resource_class=STAGEDAT_OLANG; source_objects=2,获得超过$1个机体部件时授予（英雄值增加$2）。,"[""获得超过$1个机体部件时授予（英雄值增加$2）。""]","
Awarded for getting over $1 mech parts (Heroism increases $2).","[""\nAwarded for getting over $1 mech parts (Heroism increases $2).""]",AUX_CN_ATTACHED,exact_jpn_stagedat_page_entry_reference_index;same_page_en_companion_entity_identity,master status=AUX_CN_ATTACHED; mapping method=exact_jpn_stagedat_page_entry_reference_index;same_page_en_companion_entity_identity; candidate attached as auxiliary evidence only; verify against JPN and context; auxiliary candidates only; JPN remains authoritative; verify against JPN text and context
LANG_GETTITLE_INSIGNIA_LIST.OLANG,190,222,222;223;224,3,,page174:tag:entity214:key00FD3A20:ref222:ord0;page174:tag:entity213:key00FD3920:ref223:ord0;page174:tag:entity212:key00FD3820:ref224:ord0,"取得したメカパーツの数が$1を越えた功績をたたえ
授与される。（英雄度$2増加）","フルトン回収した人数が$1を越えた功績をたたえ
授与される。（英雄度$2増加）","CO-OPS通信の使用回数が$1を越えた者に与えられる。
（英雄度$2増加）",$1 | $2,,,NOT_CHECKED,107,,NOT_STARTED,NOT_BUILT,NOT_TESTED,JPN_PRIMARY; MLG_CN_CONTEXT_AUXILIARY,mechanical template; resource_class=STAGEDAT_OLANG; source_objects=3,"对超过$1人执行富尔顿回收
时授予（英雄值增加$2）。","[""对超过$1人执行富尔顿回收\n时授予（英雄值增加$2）。""]","
Awarded for performing Fulton Recoveries on over $1
people (Heroism increases by $2).","[""\nAwarded for performing Fulton Recoveries on over $1\npeople (Heroism increases by $2).""]",AUX_CN_ATTACHED,exact_jpn_stagedat_page_entry_reference_index;same_page_en_companion_entity_identity,master status=AUX_CN_ATTACHED; mapping method=exact_jpn_stagedat_page_entry_reference_index;same_page_en_companion_entity_identity; candidate attached as auxiliary evidence only; verify against JPN and context; auxiliary candidates only; JPN remains authoritative; verify against JPN text and context
LANG_GETTITLE_INSIGNIA_LIST.OLANG,191,225,225,1,,page174:tag:entity211:key00FD3720:ref225:ord0,"フルトン回収した人数が$1を越えた功績をたたえ
授与される。（英雄度$2増加）","CO-OPS通信の使用回数が$1を越えた者に与えられる。
（英雄度$2増加）","上半身裸でクリアしたミッション数が$1を越えた
根性に対し授与される。（英雄度$2増加）",$1 | $2,,,NOT_CHECKED,92,,NOT_STARTED,NOT_BUILT,NOT_TESTED,JPN_PRIMARY; MLG_CN_CONTEXT_AUXILIARY,mechanical template; resource_class=STAGEDAT_OLANG; source_objects=1,"发送超过$1条合作模式消息时授予
（英雄值增加$2）。","[""发送超过$1条合作模式消息时授予\n（英雄值增加$2）。""]","Awarded for sending over $1 CO-OPS messages (Heroism
increases by $2).","[""Awarded for sending over $1 CO-OPS messages (Heroism\nincreases by $2).""]",AUX_CN_ATTACHED,exact_jpn_stagedat_page_entry_reference_index;same_page_en_companion_entity_identity,master status=AUX_CN_ATTACHED; mapping method=exact_jpn_stagedat_page_entry_reference_index;same_page_en_companion_entity_identity; candidate attached as auxiliary evidence only; verify against JPN and context; auxiliary candidates only; JPN remains authoritative; verify against JPN text and context
LANG_GETTITLE_INSIGNIA_LIST.OLANG,192,226,226,1,,page174:tag:entity210:key00FD3620:ref226:ord0,"CO-OPS通信の使用回数が$1を越えた者に与えられる。
（英雄度$2増加）","上半身裸でクリアしたミッション数が$1を越えた
根性に対し授与される。（英雄度$2増加）","撮影した写真の枚数が$1を越えた者に与えられる。
（英雄度$2増加）",$1 | $2,,,NOT_CHECKED,122,,NOT_STARTED,NOT_BUILT,NOT_TESTED,JPN_PRIMARY; MLG_CN_CONTEXT_AUXILIARY,mechanical template; resource_class=STAGEDAT_OLANG; source_objects=1,勇敢地裸身完成$1个任务时授予（英雄值增加$2）。,"[""勇敢地裸身完成$1个任务时授予（英雄值增加$2）。""]","
Awarded for bravely completing $1 missions naked (Heroism increases by $2).","[""\nAwarded for bravely completing $1 missions naked (Heroism increases by $2).""]",AUX_CN_ATTACHED,exact_jpn_stagedat_page_entry_reference_index;same_page_en_companion_entity_identity,master status=AUX_CN_ATTACHED; mapping method=exact_jpn_stagedat_page_entry_reference_index;same_page_en_companion_entity_identity; candidate attached as auxiliary evidence only; verify against JPN and context; auxiliary candidates only; JPN remains authoritative; verify against JPN text and context
LANG_GETTITLE_INSIGNIA_LIST.OLANG,193,227,227,1,,page174:tag:entity209:key00FD3520:ref227:ord0,"上半身裸でクリアしたミッション数が$1を越えた
根性に対し授与される。（英雄度$2増加）","撮影した写真の枚数が$1を越えた者に与えられる。
（英雄度$2増加）","ダンボール箱に入っていた時間が$1時間を越えた者の
忍耐をたたえ授与される（英雄度$2増加）。",$1 | $2,,,NOT_CHECKED,92,,NOT_STARTED,NOT_BUILT,NOT_TESTED,JPN_PRIMARY; MLG_CN_CONTEXT_AUXILIARY,mechanical template; resource_class=STAGEDAT_OLANG; source_objects=1,拍摄超过$1张照片时授予（英雄值增加$2）。,"[""拍摄超过$1张照片时授予（英雄值增加$2）。""]",Awarded for taking over $1 photos (Heroism increases by $2).,"[""Awarded for taking over $1 photos (Heroism increases by $2).""]",AUX_CN_ATTACHED,exact_jpn_stagedat_page_entry_reference_index;same_page_en_companion_entity_identity,master status=AUX_CN_ATTACHED; mapping method=exact_jpn_stagedat_page_entry_reference_index;same_page_en_companion_entity_identity; candidate attached as auxiliary evidence only; verify against JPN and context; auxiliary candidates only; JPN remains authoritative; verify against JPN text and context
LANG_GETTITLE_INSIGNIA_LIST.OLANG,194,228,228,1,,page174:tag:entity208:key00FD3420:ref228:ord0,"撮影した写真の枚数が$1を越えた者に与えられる。
（英雄度$2増加）","ダンボール箱に入っていた時間が$1時間を越えた者の
忍耐をたたえ授与される（英雄度$2増加）。","エネミーサーチ中敵を指示（タギング）した回数が$1を
越えた功績をたたえ授与される（英雄度$2増加）。",$1 | $2,,,NOT_CHECKED,131,,NOT_STARTED,NOT_BUILT,NOT_TESTED,JPN_PRIMARY; MLG_CN_CONTEXT_AUXILIARY,mechanical template; resource_class=STAGEDAT_OLANG; source_objects=1,"在纸箱中忍耐超过$1小时时授予
（英雄值增加$2）。","[""在纸箱中忍耐超过$1小时时授予\n（英雄值增加$2）。""]","Awarded for enduring over $1 hours in a cardboard box
(Heroism increases by $2).","[""Awarded for enduring over $1 hours in a cardboard box\n(Heroism increases by $2).""]",AUX_CN_ATTACHED,exact_jpn_stagedat_page_entry_reference_index;same_page_en_companion_entity_identity,master status=AUX_CN_ATTACHED; mapping method=exact_jpn_stagedat_page_entry_reference_index;same_page_en_companion_entity_identity; candidate attached as auxiliary evidence only; verify against JPN and context; auxiliary candidates only; JPN remains authoritative; verify against JPN text and context
LANG_GETTITLE_INSIGNIA_LIST.OLANG,195,229,229,1,,page174:tag:entity207:key00FD1D20:ref229:ord0,"ダンボール箱に入っていた時間が$1時間を越えた者の
忍耐をたたえ授与される（英雄度$2増加）。","エネミーサーチ中敵を指示（タギング）した回数が$1を
越えた功績をたたえ授与される（英雄度$2増加）。","クリアしたミッション数がのべ$1を越えた功績をたたえ
授与される。（英雄度$2増加）",$1 | $2,,,NOT_CHECKED,143,,NOT_STARTED,NOT_BUILT,NOT_TESTED,JPN_PRIMARY; MLG_CN_CONTEXT_AUXILIARY,mechanical template; resource_class=STAGEDAT_OLANG; source_objects=1,"在敌人搜索中标记超过$1名敌人时授予
（英雄值增加$2）。","[""在敌人搜索中标记超过$1名敌人时授予\n（英雄值增加$2）。""]","Awarded for tagging over $1 enemies in Enemy Search
(Heroism increases by $2).","[""Awarded for tagging over $1 enemies in Enemy Search\n(Heroism increases by $2).""]",AUX_CN_ATTACHED,exact_jpn_stagedat_page_entry_reference_index;same_page_en_companion_entity_identity,master status=AUX_CN_ATTACHED; mapping method=exact_jpn_stagedat_page_entry_reference_index;same_page_en_companion_entity_identity; candidate attached as auxiliary evidence only; verify against JPN and context; auxiliary candidates only; JPN remains authoritative; verify against JPN text and context
LANG_GETTITLE_INSIGNIA_LIST.OLANG,196,230,230,1,,page174:tag:entity206:key00FD1C20:ref230:ord0,"エネミーサーチ中敵を指示（タギング）した回数が$1を
越えた功績をたたえ授与される（英雄度$2増加）。","クリアしたミッション数がのべ$1を越えた功績をたたえ
授与される。（英雄度$2増加）","全てのOUTER OPSをクリアした功績をたたえ
授与される。（英雄度$2増加）",$1 | $2,,,NOT_CHECKED,116,,NOT_STARTED,NOT_BUILT,NOT_TESTED,JPN_PRIMARY; MLG_CN_CONTEXT_AUXILIARY,mechanical template; resource_class=STAGEDAT_OLANG; source_objects=1,完成超过$1个任务时授予（英雄值增加$2）。,"[""完成超过$1个任务时授予（英雄值增加$2）。""]","
Awarded for completing over $1 missions (Heroism increases $2).","[""\nAwarded for completing over $1 missions (Heroism increases $2).""]",AUX_CN_ATTACHED,exact_jpn_stagedat_page_entry_reference_index;same_page_en_companion_entity_identity,master status=AUX_CN_ATTACHED; mapping method=exact_jpn_stagedat_page_entry_reference_index;same_page_en_companion_entity_identity; candidate attached as auxiliary evidence only; verify against JPN and context; auxiliary candidates only; JPN remains authoritative; verify against JPN text and context
LANG_GETTITLE_INSIGNIA_LIST.OLANG,197,231,231,1,,page174:tag:entity205:key00FD1B20:ref231:ord0,"クリアしたミッション数がのべ$1を越えた功績をたたえ
授与される。（英雄度$2増加）","全てのOUTER OPSをクリアした功績をたたえ
授与される。（英雄度$2増加）","OUTER OPSのクリア率が$1%を越えた功績をたたえ
授与される。（英雄度$2増加）",$2,,,NOT_CHECKED,96,,NOT_STARTED,NOT_BUILT,NOT_TESTED,JPN_PRIMARY; MLG_CN_CONTEXT_AUXILIARY,mechanical template; resource_class=STAGEDAT_OLANG; source_objects=1,完成所有派遣任务时授予（英雄值增加$2）。,"[""完成所有派遣任务时授予（英雄值增加$2）。""]","
Awarded for completing all OUTER OPS missions (Heroism increases by $2).","[""\nAwarded for completing all OUTER OPS missions (Heroism increases by $2).""]",AUX_CN_ATTACHED,exact_jpn_stagedat_page_entry_reference_index;same_page_en_companion_entity_identity,master status=AUX_CN_ATTACHED; mapping method=exact_jpn_stagedat_page_entry_reference_index;same_page_en_companion_entity_identity; candidate attached as auxiliary evidence only; verify against JPN and context; auxiliary candidates only; JPN remains authoritative; verify against JPN text and context
LANG_GETTITLE_INSIGNIA_LIST.OLANG,198,232,232;233,2,,page174:tag:entity204:key00FD1A20:ref232:ord0;page174:tag:entity203:key00FD1920:ref233:ord0,"全てのOUTER OPSをクリアした功績をたたえ
授与される。（英雄度$2増加）","OUTER OPSのクリア率が$1%を越えた功績をたたえ
授与される。（英雄度$2増加）","全てのミッションをSINGLEとCO-OPSの両方でプレイし、かつ
ランクSでクリアした功績をたたえ授与される。（英雄度$2増加）",$1 | $2,,,NOT_CHECKED,102,,NOT_STARTED,NOT_BUILT,NOT_TESTED,JPN_PRIMARY; MLG_CN_CONTEXT_AUXILIARY,mechanical template; resource_class=STAGEDAT_OLANG; source_objects=2,完成超过$1%的派遣任务时授予（英雄值增加$2）。,"[""完成超过$1%的派遣任务时授予（英雄值增加$2）。""]","
Awarded for completing over $1% of OUTER OPS missions (Heroism increases by $2).","[""\nAwarded for completing over $1% of OUTER OPS missions (Heroism increases by $2).""]",AUX_CN_ATTACHED,exact_jpn_stagedat_page_entry_reference_index;same_page_en_companion_entity_identity,master status=AUX_CN_ATTACHED; mapping method=exact_jpn_stagedat_page_entry_reference_index;same_page_en_companion_entity_identity; candidate attached as auxiliary evidence only; verify against JPN and context; auxiliary candidates only; JPN remains authoritative; verify against JPN text and context
LANG_GETTITLE_INSIGNIA_LIST.OLANG,199,234,234,1,,page174:tag:entity202:key00FD1820:ref234:ord0,"OUTER OPSのクリア率が$1%を越えた功績をたたえ
授与される。（英雄度$2増加）","全てのミッションをSINGLEとCO-OPSの両方でプレイし、かつ
ランクSでクリアした功績をたたえ授与される。（英雄度$2増加）","全てのミッションをSINGLEとCO-OPSの両方でプレイし、かつ
ランクA以上の結果でクリアした功績をたたえ授与される。
（英雄度$2増加）",$2,,,NOT_CHECKED,163,,NOT_STARTED,NOT_BUILT,NOT_TESTED,JPN_PRIMARY; MLG_CN_CONTEXT_AUXILIARY,mechanical template; resource_class=STAGEDAT_OLANG; source_objects=1,在单人模式和合作模式中均以S级完成所有任务时授予（英雄值增加$2）。,"[""在单人模式和合作模式中均以S级完成所有任务时授予（英雄值增加$2）。""]","
Awarded for completing all missions with Rank S in both SINGLE and CO-OPS (Heroism increases by $2).","[""\nAwarded for completing all missions with Rank S in both SINGLE and CO-OPS (Heroism increases by $2).""]",AUX_CN_ATTACHED,exact_jpn_stagedat_page_entry_reference_index;same_page_en_companion_entity_identity,master status=AUX_CN_ATTACHED; mapping method=exact_jpn_stagedat_page_entry_reference_index;same_page_en_companion_entity_identity; candidate attached as auxiliary evidence only; verify against JPN and context; auxiliary candidates only; JPN remains authoritative; verify against JPN text and context
LANG_GETTITLE_INSIGNIA_LIST.OLANG,200,235,235,1,,page174:tag:entity201:key00FD1720:ref235:ord0,"全てのミッションをSINGLEとCO-OPSの両方でプレイし、かつ
ランクSでクリアした功績をたたえ授与される。（英雄度$2増加）","全てのミッションをSINGLEとCO-OPSの両方でプレイし、かつ
ランクA以上の結果でクリアした功績をたたえ授与される。
（英雄度$2増加）","全てのミッションをSINGLEとCO-OPSの両方でプレイし、
かつクリアした功績をたたえ授与される。（英雄度$2増加）",$2,,,NOT_CHECKED,179,,NOT_STARTED,NOT_BUILT,NOT_TESTED,JPN_PRIMARY; MLG_CN_CONTEXT_AUXILIARY,mechanical template; resource_class=STAGEDAT_OLANG; source_objects=1,在单人模式和合作模式中均以A级或以上完成所有任务时授予（英雄值增加$2）。,"[""在单人模式和合作模式中均以A级或以上完成所有任务时授予（英雄值增加$2）。""]","
Awarded for completing all missions with Rank A or better in both SINGLE and CO-OPS (Heroism increases by $2).","[""\nAwarded for completing all missions with Rank A or better in both SINGLE and CO-OPS (Heroism increases by $2).""]",AUX_CN_ATTACHED,exact_jpn_stagedat_page_entry_reference_index;same_page_en_companion_entity_identity,master status=AUX_CN_ATTACHED; mapping method=exact_jpn_stagedat_page_entry_reference_index;same_page_en_companion_entity_identity; candidate attached as auxiliary evidence only; verify against JPN and context; auxiliary candidates only; JPN remains authoritative; verify against JPN text and context
LANG_GETTITLE_INSIGNIA_LIST.OLANG,201,236,236,1,,page174:tag:entity200:key00FD1620:ref236:ord0,"全てのミッションをSINGLEとCO-OPSの両方でプレイし、かつ
ランクA以上の結果でクリアした功績をたたえ授与される。
（英雄度$2増加）","全てのミッションをSINGLEとCO-OPSの両方でプレイし、
かつクリアした功績をたたえ授与される。（英雄度$2増加）","他のプレイヤーに武器やアイテムをプレゼントした回数が
$1を越えた者の寛容さに対し授与される。
（英雄度$2増加）",$2,,,NOT_CHECKED,150,,NOT_STARTED,NOT_BUILT,NOT_TESTED,JPN_PRIMARY; MLG_CN_CONTEXT_AUXILIARY,mechanical template; resource_class=STAGEDAT_OLANG; source_objects=1,完成单人模式和合作模式中的所有任务时授予（英雄值增加$2）。,"[""完成单人模式和合作模式中的所有任务时授予（英雄值增加$2）。""]","
Awarded for completing all missions in both SINGLE and CO-OPS (Heroism increases by $2).","[""\nAwarded for completing all missions in both SINGLE and CO-OPS (Heroism increases by $2).""]",AUX_CN_ATTACHED,exact_jpn_stagedat_page_entry_reference_index;same_page_en_companion_entity_identity,master status=AUX_CN_ATTACHED; mapping method=exact_jpn_stagedat_page_entry_reference_index;same_page_en_companion_entity_identity; candidate attached as auxiliary evidence only; verify against JPN and context; auxiliary candidates only; JPN remains authoritative; verify against JPN text and context
LANG_GETTITLE_INSIGNIA_LIST.OLANG,202,237,237,1,,page174:tag:entity199:key00FD1520:ref237:ord0,"全てのミッションをSINGLEとCO-OPSの両方でプレイし、
かつクリアした功績をたたえ授与される。（英雄度$2増加）","他のプレイヤーに武器やアイテムをプレゼントした回数が
$1を越えた者の寛容さに対し授与される。
（英雄度$2増加）","スタッフトレードの実施回数が$1を越えた者に
与えられる（英雄度$2増加）。",$1 | $2,,,NOT_CHECKED,159,,NOT_STARTED,NOT_BUILT,NOT_TESTED,JPN_PRIMARY; MLG_CN_CONTEXT_AUXILIARY,mechanical template; resource_class=STAGEDAT_OLANG; source_objects=1,"慷慨地给予其他玩家超过$1件武器/道具
时授予（英雄值增加$2）。","[""慷慨地给予其他玩家超过$1件武器/道具\n时授予（英雄值增加$2）。""]","Awarded for generously giving over $1 weapons/items to
other players (Heroism increases by $2).","[""Awarded for generously giving over $1 weapons/items to\nother players (Heroism increases by $2).""]",AUX_CN_ATTACHED,exact_jpn_stagedat_page_entry_reference_index;same_page_en_companion_entity_identity,master status=AUX_CN_ATTACHED; mapping method=exact_jpn_stagedat_page_entry_reference_index;same_page_en_companion_entity_identity; candidate attached as auxiliary evidence only; verify against JPN and context; auxiliary candidates only; JPN remains authoritative; verify against JPN text and context
LANG_GETTITLE_INSIGNIA_LIST.OLANG,203,238,238,1,,page174:tag:entity198:key00FD1420:ref238:ord0,"他のプレイヤーに武器やアイテムをプレゼントした回数が
$1を越えた者の寛容さに対し授与される。
（英雄度$2増加）","スタッフトレードの実施回数が$1を越えた者に
与えられる（英雄度$2増加）。","2人でダンボールに入っていた時間が$1時間以上で、
その状態での移動距離が$3mを越えた者に与えられる。
（英雄度$2増加）",$1 | $2,,,NOT_CHECKED,104,,NOT_STARTED,NOT_BUILT,NOT_TESTED,JPN_PRIMARY; MLG_CN_CONTEXT_AUXILIARY,mechanical template; resource_class=STAGEDAT_OLANG; source_objects=1,"进行超过$1次人员交换时授予
（英雄值增加$2）。","[""进行超过$1次人员交换时授予\n（英雄值增加$2）。""]","Awarded for trading staff over $1 times (Heroism
increases by $2).","[""Awarded for trading staff over $1 times (Heroism\nincreases by $2).""]",AUX_CN_ATTACHED,exact_jpn_stagedat_page_entry_reference_index;same_page_en_companion_entity_identity,master status=AUX_CN_ATTACHED; mapping method=exact_jpn_stagedat_page_entry_reference_index;same_page_en_companion_entity_identity; candidate attached as auxiliary evidence only; verify against JPN and context; auxiliary candidates only; JPN remains authoritative; verify against JPN text and context
LANG_GETTITLE_INSIGNIA_LIST.OLANG,204,239,239,1,,page174:tag:entity197:key00FCFD20:ref239:ord0,"スタッフトレードの実施回数が$1を越えた者に
与えられる（英雄度$2増加）。","2人でダンボールに入っていた時間が$1時間以上で、
その状態での移動距離が$3mを越えた者に与えられる。
（英雄度$2増加）","武器、アイテムの共有状態と仲間に使用された回数が、
各々$1を越えた者に与えられる（英雄度$2増加）。",$1 | $3m | $2,,,NOT_CHECKED,166,,NOT_STARTED,NOT_BUILT,NOT_TESTED,JPN_PRIMARY; MLG_CN_CONTEXT_AUXILIARY,mechanical template; resource_class=STAGEDAT_OLANG; source_objects=1,"与他人一起在纸箱中至少$1小时，
并在此期间移动超过$3米
时授予（英雄值增加$2）。","[""与他人一起在纸箱中至少$1小时，\n并在此期间移动超过$3米\n时授予（英雄值增加$2）。""]","Awarded for being in a cardboard box with someone else for
at least $1 hours and moving over $3m during that time
(Heroism increases by $2).","[""Awarded for being in a cardboard box with someone else for\nat least $1 hours and moving over $3m during that time\n(Heroism increases by $2).""]",AUX_CN_ATTACHED,exact_jpn_stagedat_page_entry_reference_index;same_page_en_companion_entity_identity,master status=AUX_CN_ATTACHED; mapping method=exact_jpn_stagedat_page_entry_reference_index;same_page_en_companion_entity_identity; candidate attached as auxiliary evidence only; verify against JPN and context; auxiliary candidates only; JPN remains authoritative; verify against JPN text and context
LANG_GETTITLE_INSIGNIA_LIST.OLANG,205,240,240,1,,page174:tag:entity196:key00FCFC20:ref240:ord0,"2人でダンボールに入っていた時間が$1時間以上で、
その状態での移動距離が$3mを越えた者に与えられる。
（英雄度$2増加）","武器、アイテムの共有状態と仲間に使用された回数が、
各々$1を越えた者に与えられる（英雄度$2増加）。","スネークシンクロ状態になった回数が$1を越えた者に
与えられる。（英雄度$2増加）",$1 | $2,,,NOT_CHECKED,143,,NOT_STARTED,NOT_BUILT,NOT_TESTED,JPN_PRIMARY; MLG_CN_CONTEXT_AUXILIARY,mechanical template; resource_class=STAGEDAT_OLANG; source_objects=1,"分享武器/道具并让盟友使用
超过$1次时授予（英雄值增加$2）。","[""分享武器/道具并让盟友使用\n超过$1次时授予（英雄值增加$2）。""]","Awarded for sharing weapons/items and having allies use them
over $1 times (Heroism increases by $2).","[""Awarded for sharing weapons/items and having allies use them\nover $1 times (Heroism increases by $2).""]",AUX_CN_ATTACHED,exact_jpn_stagedat_page_entry_reference_index;same_page_en_companion_entity_identity,master status=AUX_CN_ATTACHED; mapping method=exact_jpn_stagedat_page_entry_reference_index;same_page_en_companion_entity_identity; candidate attached as auxiliary evidence only; verify against JPN and context; auxiliary candidates only; JPN remains authoritative; verify against JPN text and context
LANG_GETTITLE_INSIGNIA_LIST.OLANG,206,241,241,1,,page174:tag:entity195:key00FCFB20:ref241:ord0,"武器、アイテムの共有状態と仲間に使用された回数が、
各々$1を越えた者に与えられる（英雄度$2増加）。","スネークシンクロ状態になった回数が$1を越えた者に
与えられる。（英雄度$2増加）","スネーク・イン回数が$1を越えた者に与えられる。
（英雄度$2増加）",$1 | $2,,,NOT_CHECKED,113,,NOT_STARTED,NOT_BUILT,NOT_TESTED,JPN_PRIMARY; MLG_CN_CONTEXT_AUXILIARY,mechanical template; resource_class=STAGEDAT_OLANG; source_objects=1,Snake Sync次数超过$1时授予（英雄值增加$2）。,"[""Snake Sync次数超过$1时授予（英雄值增加$2）。""]","
Awarded for exceeding $1 Snake Syncs (Heroism increases by $2).","[""\nAwarded for exceeding $1 Snake Syncs (Heroism increases by $2).""]",AUX_CN_ATTACHED,exact_jpn_stagedat_page_entry_reference_index;same_page_en_companion_entity_identity,master status=AUX_CN_ATTACHED; mapping method=exact_jpn_stagedat_page_entry_reference_index;same_page_en_companion_entity_identity; candidate attached as auxiliary evidence only; verify against JPN and context; auxiliary candidates only; JPN remains authoritative; verify against JPN text and context
LANG_GETTITLE_INSIGNIA_LIST.OLANG,207,242,242,1,,page174:tag:entity194:key00FCFA20:ref242:ord0,"スネークシンクロ状態になった回数が$1を越えた者に
与えられる。（英雄度$2増加）","スネーク・イン回数が$1を越えた者に与えられる。
（英雄度$2増加）","CO-OPイン回数が$1を越えた者に与えられる。
（英雄度$2増加）",$1 | $2,,,NOT_CHECKED,92,,NOT_STARTED,NOT_BUILT,NOT_TESTED,JPN_PRIMARY; MLG_CN_CONTEXT_AUXILIARY,mechanical template; resource_class=STAGEDAT_OLANG; source_objects=1,Snake In次数超过$1时授予（英雄值增加$2）。,"[""Snake In次数超过$1时授予（英雄值增加$2）。""]","
Awarded for exceeding $1 Snake Ins (Heroism increases by $2).","[""\nAwarded for exceeding $1 Snake Ins (Heroism increases by $2).""]",AUX_CN_ATTACHED,exact_jpn_stagedat_page_entry_reference_index;same_page_en_companion_entity_identity,master status=AUX_CN_ATTACHED; mapping method=exact_jpn_stagedat_page_entry_reference_index;same_page_en_companion_entity_identity; candidate attached as auxiliary evidence only; verify against JPN and context; auxiliary candidates only; JPN remains authoritative; verify against JPN text and context
LANG_GETTITLE_INSIGNIA_LIST.OLANG,208,243,243,1,,page174:tag:entity193:key00FCF920:ref243:ord0,"スネーク・イン回数が$1を越えた者に与えられる。
（英雄度$2増加）","CO-OPイン回数が$1を越えた者に与えられる。
（英雄度$2増加）","心臓マッサージ、救命ダンボール使用、言霊効果、
これらの救命合計数が$1を越えた功績をたたえ授与される。
（英雄度$2増加）",$1 | $2,,,NOT_CHECKED,82,,NOT_STARTED,NOT_BUILT,NOT_TESTED,JPN_PRIMARY; MLG_CN_CONTEXT_AUXILIARY,mechanical template; resource_class=STAGEDAT_OLANG; source_objects=1,合作加入次数超过$1时授予（英雄值增加$2）。,"[""合作加入次数超过$1时授予（英雄值增加$2）。""]","
Awarded for exceeding $1 CO-OP Ins (Heroism increases by $2).","[""\nAwarded for exceeding $1 CO-OP Ins (Heroism increases by $2).""]",AUX_CN_ATTACHED,exact_jpn_stagedat_page_entry_reference_index;same_page_en_companion_entity_identity,master status=AUX_CN_ATTACHED; mapping method=exact_jpn_stagedat_page_entry_reference_index;same_page_en_companion_entity_identity; candidate attached as auxiliary evidence only; verify against JPN and context; auxiliary candidates only; JPN remains authoritative; verify against JPN text and context
LANG_GETTITLE_INSIGNIA_LIST.OLANG,209,244,244;245;246,3,,page174:tag:entity192:key00FCF820:ref244:ord0;page174:tag:entity191:key00FCF720:ref245:ord0;page174:tag:entity190:key00FCF620:ref246:ord0,"CO-OPイン回数が$1を越えた者に与えられる。
（英雄度$2増加）","心臓マッサージ、救命ダンボール使用、言霊効果、
これらの救命合計数が$1を越えた功績をたたえ授与される。
（英雄度$2増加）","友情度の合計値が$1を越えた者に与えられる。
（英雄度$2増加）",$1 | $2,,,NOT_CHECKED,174,,NOT_STARTED,NOT_BUILT,NOT_TESTED,JPN_PRIMARY; MLG_CN_CONTEXT_AUXILIARY,mechanical template; resource_class=STAGEDAT_OLANG; source_objects=3,"心肺复苏救援、救援箱使用和战吼使用的合计总数
超过$1时授予（英雄值增加$2）。","[""心肺复苏救援、救援箱使用和战吼使用的合计总数\n超过$1时授予（英雄值增加$2）。""]","
Awarded for exceeding a combined total of $1 CPR
Rescues, Rescue Box Uses, and Battle Cry uses (Heroism increases by $2).","[""\nAwarded for exceeding a combined total of $1 CPR\nRescues, Rescue Box Uses, and Battle Cry uses (Heroism increases by $2).""]",AUX_CN_ATTACHED,exact_jpn_stagedat_page_entry_reference_index;same_page_en_companion_entity_identity,master status=AUX_CN_ATTACHED; mapping method=exact_jpn_stagedat_page_entry_reference_index;same_page_en_companion_entity_identity; candidate attached as auxiliary evidence only; verify against JPN and context; auxiliary candidates only; JPN remains authoritative; verify against JPN text and context
LANG_GETTITLE_INSIGNIA_LIST.OLANG,210,247,247;248;249,3,,page174:tag:entity189:key00FCF520:ref247:ord0;page174:tag:entity188:key00FCF420:ref248:ord0;page174:tag:entity187:key00FCDD20:ref249:ord0,"心臓マッサージ、救命ダンボール使用、言霊効果、
これらの救命合計数が$1を越えた功績をたたえ授与される。
（英雄度$2増加）","友情度の合計値が$1を越えた者に与えられる。
（英雄度$2増加）","ヘッドショットを成功させた回数が$1を越えた者に
与えられる。（英雄度$2増加）",$1 | $2,,,NOT_CHECKED,86,,NOT_STARTED,NOT_BUILT,NOT_TESTED,JPN_PRIMARY; MLG_CN_CONTEXT_AUXILIARY,mechanical template; resource_class=STAGEDAT_OLANG; source_objects=3,战友情谊等级合计超过$1时授予（英雄值增加$2）。,"[""战友情谊等级合计超过$1时授予（英雄值增加$2）。""]","
Awarded for exceeding a total Level of Camaraderie of $1 (Heroism increases by $2).","[""\nAwarded for exceeding a total Level of Camaraderie of $1 (Heroism increases by $2).""]",AUX_CN_ATTACHED,exact_jpn_stagedat_page_entry_reference_index;same_page_en_companion_entity_identity,master status=AUX_CN_ATTACHED; mapping method=exact_jpn_stagedat_page_entry_reference_index;same_page_en_companion_entity_identity; candidate attached as auxiliary evidence only; verify against JPN and context; auxiliary candidates only; JPN remains authoritative; verify against JPN text and context
LANG_GETTITLE_INSIGNIA_LIST.OLANG,211,250,250;251;252,3,,page174:tag:entity186:key00FCDC20:ref250:ord0;page174:tag:entity185:key00FCDB20:ref251:ord0;page174:tag:entity184:key00FCDA20:ref252:ord0,"友情度の合計値が$1を越えた者に与えられる。
（英雄度$2増加）","ヘッドショットを成功させた回数が$1を越えた者に
与えられる。（英雄度$2増加）","CQCの実行回数が$1を越えた者に与えられる。
（英雄度$2増加）",$1 | $2,,,NOT_CHECKED,110,,NOT_STARTED,NOT_BUILT,NOT_TESTED,JPN_PRIMARY; MLG_CN_CONTEXT_AUXILIARY,mechanical template; resource_class=STAGEDAT_OLANG; source_objects=3,完成超过$1次爆头时授予（英雄值增加$2）。,"[""完成超过$1次爆头时授予（英雄值增加$2）。""]","
Awarded for completing over $1 headshots (Heroism increases by $2).","[""\nAwarded for completing over $1 headshots (Heroism increases by $2).""]",AUX_CN_ATTACHED,exact_jpn_stagedat_page_entry_reference_index;same_page_en_companion_entity_identity,master status=AUX_CN_ATTACHED; mapping method=exact_jpn_stagedat_page_entry_reference_index;same_page_en_companion_entity_identity; candidate attached as auxiliary evidence only; verify against JPN and context; auxiliary candidates only; JPN remains authoritative; verify against JPN text and context
LANG_GETTITLE_INSIGNIA_LIST.OLANG,212,253,253;254;255,3,,page174:tag:entity183:key00FCD920:ref253:ord0;page174:tag:entity182:key00FCD820:ref254:ord0;page174:tag:entity181:key00FCD720:ref255:ord0,"ヘッドショットを成功させた回数が$1を越えた者に
与えられる。（英雄度$2増加）","CQCの実行回数が$1を越えた者に与えられる。
（英雄度$2増加）","回復系アイテムを使わずにクリアしたミッション数が
$1を越えた功績をたたえ授与される。（英雄度$2増加）",$1 | $2,,,NOT_CHECKED,83,,NOT_STARTED,NOT_BUILT,NOT_TESTED,JPN_PRIMARY; MLG_CN_CONTEXT_AUXILIARY,mechanical template; resource_class=STAGEDAT_OLANG; source_objects=3,使用CQC超过$1次时授予（英雄值增加$2）。,"[""使用CQC超过$1次时授予（英雄值增加$2）。""]","
Awarded for using CQC over $1 times (Heroism increases by $2).","[""\nAwarded for using CQC over $1 times (Heroism increases by $2).""]",AUX_CN_ATTACHED,exact_jpn_stagedat_page_entry_reference_index;same_page_en_companion_entity_identity,master status=AUX_CN_ATTACHED; mapping method=exact_jpn_stagedat_page_entry_reference_index;same_page_en_companion_entity_identity; candidate attached as auxiliary evidence only; verify against JPN and context; auxiliary candidates only; JPN remains authoritative; verify against JPN text and context
LANG_GETTITLE_INSIGNIA_LIST.OLANG,213,256,256;257;258,3,,page174:tag:entity180:key00FCD620:ref256:ord0;page174:tag:entity179:key00FCD520:ref257:ord0;page174:tag:entity178:key00FCD420:ref258:ord0,"CQCの実行回数が$1を越えた者に与えられる。
（英雄度$2増加）","回復系アイテムを使わずにクリアしたミッション数が
$1を越えた功績をたたえ授与される。（英雄度$2増加）","ホールドアップした敵兵の数が$1を越えた功績をたたえ
授与される。（英雄度$2増加）",$1 | $2,,,NOT_CHECKED,146,,NOT_STARTED,NOT_BUILT,NOT_TESTED,JPN_PRIMARY; MLG_CN_CONTEXT_AUXILIARY,mechanical template; resource_class=STAGEDAT_OLANG; source_objects=3,不使用恢复道具完成超过$1个任务时授予（英雄值增加$2）。,"[""不使用恢复道具完成超过$1个任务时授予（英雄值增加$2）。""]","
Awarded for completing over $1 missions without using recovery items (Heroism increases by $2).","[""\nAwarded for completing over $1 missions without using recovery items (Heroism increases by $2).""]",AUX_CN_ATTACHED,exact_jpn_stagedat_page_entry_reference_index;same_page_en_companion_entity_identity,master status=AUX_CN_ATTACHED; mapping method=exact_jpn_stagedat_page_entry_reference_index;same_page_en_companion_entity_identity; candidate attached as auxiliary evidence only; verify against JPN and context; auxiliary candidates only; JPN remains authoritative; verify against JPN text and context
LANG_GETTITLE_INSIGNIA_LIST.OLANG,214,259,259;260;261,3,,page174:tag:entity177:key00FCBD20:ref259:ord0;page174:tag:entity176:key00FCBC20:ref260:ord0;page174:tag:entity175:key00FCBB20:ref261:ord0,"回復系アイテムを使わずにクリアしたミッション数が
$1を越えた功績をたたえ授与される。（英雄度$2増加）","ホールドアップした敵兵の数が$1を越えた功績をたたえ
授与される。（英雄度$2増加）","誰もキルせずクリアしたミッション数が$1を越えた功績を
たたえ授与される。（英雄度$2増加）",$1 | $2,,,NOT_CHECKED,116,,NOT_STARTED,NOT_BUILT,NOT_TESTED,JPN_PRIMARY; MLG_CN_CONTEXT_AUXILIARY,mechanical template; resource_class=STAGEDAT_OLANG; source_objects=3,对超过$1名敌兵进行胁迫时授予（英雄值增加$2）。,"[""对超过$1名敌兵进行胁迫时授予（英雄值增加$2）。""]","
Awarded for holding up over $1 enemy soldiers (Heroism increases by $2).","[""\nAwarded for holding up over $1 enemy soldiers (Heroism increases by $2).""]",AUX_CN_ATTACHED,exact_jpn_stagedat_page_entry_reference_index;same_page_en_companion_entity_identity,master status=AUX_CN_ATTACHED; mapping method=exact_jpn_stagedat_page_entry_reference_index;same_page_en_companion_entity_identity; candidate attached as auxiliary evidence only; verify against JPN and context; auxiliary candidates only; JPN remains authoritative; verify against JPN text and context
LANG_GETTITLE_INSIGNIA_LIST.OLANG,215,262,262;263;264,3,,page174:tag:entity174:key00FCBA20:ref262:ord0;page174:tag:entity173:key00FCB920:ref263:ord0;page174:tag:entity172:key00FCB820:ref264:ord0,"ホールドアップした敵兵の数が$1を越えた功績をたたえ
授与される。（英雄度$2増加）","誰もキルせずクリアしたミッション数が$1を越えた功績を
たたえ授与される。（英雄度$2増加）","敵に見つからずにクリアしたミッション数が$1を越えた功績を
たたえ授与される。（英雄度$2増加）",$1 | $2,,,NOT_CHECKED,128,,NOT_STARTED,NOT_BUILT,NOT_TESTED,JPN_PRIMARY; MLG_CN_CONTEXT_AUXILIARY,mechanical template; resource_class=STAGEDAT_OLANG; source_objects=3,在不杀死任何人的情况下完成超过$1个任务时授予（英雄值增加$2）。,"[""在不杀死任何人的情况下完成超过$1个任务时授予（英雄值增加$2）。""]","
Awarded for completing over $1 missions without killing anyone (Heroism increases by $2).","[""\nAwarded for completing over $1 missions without killing anyone (Heroism increases by $2).""]",AUX_CN_ATTACHED,exact_jpn_stagedat_page_entry_reference_index;same_page_en_companion_entity_identity,master status=AUX_CN_ATTACHED; mapping method=exact_jpn_stagedat_page_entry_reference_index;same_page_en_companion_entity_identity; candidate attached as auxiliary evidence only; verify against JPN and context; auxiliary candidates only; JPN remains authoritative; verify against JPN text and context
LANG_GETTITLE_INSIGNIA_LIST.OLANG,216,265,265;266;267,3,,page174:tag:entity171:key00FCB720:ref265:ord0;page174:tag:entity170:key00FCB620:ref266:ord0;page174:tag:entity169:key00FCB520:ref267:ord0,"誰もキルせずクリアしたミッション数が$1を越えた功績を
たたえ授与される。（英雄度$2増加）","敵に見つからずにクリアしたミッション数が$1を越えた功績を
たたえ授与される。（英雄度$2増加）",,$1 | $2,,,NOT_CHECKED,134,,NOT_STARTED,NOT_BUILT,NOT_TESTED,JPN_PRIMARY; MLG_CN_CONTEXT_AUXILIARY,mechanical template; resource_class=STAGEDAT_OLANG; source_objects=3,在不被敌人发现的情况下完成超过$1个任务时授予（英雄值增加$2）。,"[""在不被敌人发现的情况下完成超过$1个任务时授予（英雄值增加$2）。""]","
Awarded for completing over $1 missions without being spotted by the enemy (Heroism increases by $2).","[""\nAwarded for completing over $1 missions without being spotted by the enemy (Heroism increases by $2).""]",AUX_CN_ATTACHED,exact_jpn_stagedat_page_entry_reference_index;same_page_en_companion_entity_identity,master status=AUX_CN_ATTACHED; mapping method=exact_jpn_stagedat_page_entry_reference_index;same_page_en_companion_entity_identity; candidate attached as auxiliary evidence only; verify against JPN and context; auxiliary candidates only; JPN remains authoritative; verify against JPN text and context
