file_id,unique_index,first_reference_index,reference_indices,reference_count,scene_context,entity_context,previous_jpn_text,jpn_text,next_jpn_text,jpn_control_tokens,cn_text,cn_control_tokens,control_structure_status,jpn_utf8_bytes,cn_utf8_bytes,translation_status,build_status,ingame_status,translation_basis,notes
007E2F18,0,4,4,1,,page:tag:entity0:key00000000:ref4:ord4,,核弾頭が！,電磁パルス最大！,,,,NOT_CHECKED,15,,NOT_STARTED,NOT_BUILT,NOT_TESTED,JPN_PRIMARY; MLG_CN_CONTEXT_AUXILIARY,mechanical template; resource_class=LOOSE_OLANG; source_objects=1
007E2F18,1,10,10;202,2,,page:tag:entity10:key00000009:ref10:ord4;page:tag:entity47:key0000002E:ref202:ord4,核弾頭が！,電磁パルス最大！,動くな！,,,,NOT_CHECKED,24,,NOT_STARTED,NOT_BUILT,NOT_TESTED,JPN_PRIMARY; MLG_CN_CONTEXT_AUXILIARY,mechanical template; resource_class=LOOSE_OLANG; source_objects=2
007E2F18,2,16,16;2590,2,,page:tag:entity9:key00000008:ref16:ord4;page:tag:entity433:key00000014:ref2590:ord4,電磁パルス最大！,動くな！,行くぞ！,,,,NOT_CHECKED,12,,NOT_STARTED,NOT_BUILT,NOT_TESTED,JPN_PRIMARY; MLG_CN_CONTEXT_AUXILIARY,mechanical template; resource_class=LOOSE_OLANG; source_objects=2
007E2F18,3,40,40;2578,2,,page:tag:entity71:key00000046:ref40:ord4;page:tag:entity435:key00000016:ref2578:ord4,動くな！,行くぞ！,ドリルミサイル発射！,,,,NOT_CHECKED,12,,NOT_STARTED,NOT_BUILT,NOT_TESTED,JPN_PRIMARY; MLG_CN_CONTEXT_AUXILIARY,mechanical template; resource_class=LOOSE_OLANG; source_objects=2
007E2F18,4,46,46,1,,page:tag:entity8:key00000007:ref46:ord4,行くぞ！,ドリルミサイル発射！,強くなったな,,,,NOT_CHECKED,30,,NOT_STARTED,NOT_BUILT,NOT_TESTED,JPN_PRIMARY; MLG_CN_CONTEXT_AUXILIARY,mechanical template; resource_class=LOOSE_OLANG; source_objects=1
007E2F18,5,52,52;292,2,,page:tag:entity70:key00000045:ref52:ord4;page:tag:entity33:key00000020:ref292:ord4,ドリルミサイル発射！,強くなったな,ウェポンコンテナ破損,,,,NOT_CHECKED,18,,NOT_STARTED,NOT_BUILT,NOT_TESTED,JPN_PRIMARY; MLG_CN_CONTEXT_AUXILIARY,mechanical template; resource_class=LOOSE_OLANG; source_objects=2
007E2F18,6,58,58;298,2,,page:tag:entity69:key00000044:ref58:ord4;page:tag:entity32:key0000001F:ref298:ord4,強くなったな,ウェポンコンテナ破損,脚部損傷,,,,NOT_CHECKED,30,,NOT_STARTED,NOT_BUILT,NOT_TESTED,JPN_PRIMARY; MLG_CN_CONTEXT_AUXILIARY,mechanical template; resource_class=LOOSE_OLANG; source_objects=2
007E2F18,7,64,64;304,2,,page:tag:entity68:key00000043:ref64:ord4;page:tag:entity31:key0000001E:ref304:ord4,ウェポンコンテナ破損,脚部損傷,発射30秒前,,,,NOT_CHECKED,12,,NOT_STARTED,NOT_BUILT,NOT_TESTED,JPN_PRIMARY; MLG_CN_CONTEXT_AUXILIARY,mechanical template; resource_class=LOOSE_OLANG; source_objects=2
007E2F18,8,70,70;316,2,,page:tag:entity67:key00000042:ref70:ord4;page:tag:entity30:key0000001D:ref316:ord4,脚部損傷,発射30秒前,発射１分前,,,,NOT_CHECKED,14,,NOT_STARTED,NOT_BUILT,NOT_TESTED,JPN_PRIMARY; MLG_CN_CONTEXT_AUXILIARY,mechanical template; resource_class=LOOSE_OLANG; source_objects=2
007E2F18,9,76,76;322,2,,page:tag:entity66:key00000041:ref76:ord4;page:tag:entity29:key0000001C:ref322:ord4,発射30秒前,発射１分前,発射3分前,,,,NOT_CHECKED,15,,NOT_STARTED,NOT_BUILT,NOT_TESTED,JPN_PRIMARY; MLG_CN_CONTEXT_AUXILIARY,mechanical template; resource_class=LOOSE_OLANG; source_objects=2
007E2F18,10,82,82;328,2,,page:tag:entity65:key00000040:ref82:ord4;page:tag:entity28:key0000001B:ref328:ord4,発射１分前,発射3分前,発射,,,,NOT_CHECKED,13,,NOT_STARTED,NOT_BUILT,NOT_TESTED,JPN_PRIMARY; MLG_CN_CONTEXT_AUXILIARY,mechanical template; resource_class=LOOSE_OLANG; source_objects=2
007E2F18,11,88,88;334,2,,page:tag:entity64:key0000003F:ref88:ord4;page:tag:entity27:key0000001A:ref334:ord4,発射3分前,発射,1,,,,NOT_CHECKED,6,,NOT_STARTED,NOT_BUILT,NOT_TESTED,JPN_PRIMARY; MLG_CN_CONTEXT_AUXILIARY,mechanical template; resource_class=LOOSE_OLANG; source_objects=2
007E2F18,12,94,94;340;538;784,4,,page:tag:entity63:key0000003E:ref94:ord4;page:tag:entity26:key00000019:ref340:ord4;page:tag:entity137:key0000003E:ref538:ord4;page:tag:entity100:key00000019:ref784:ord4,発射,1,2,,,,NOT_CHECKED,1,,NOT_STARTED,NOT_BUILT,NOT_TESTED,JPN_PRIMARY; MLG_CN_CONTEXT_AUXILIARY,mechanical template; resource_class=LOOSE_OLANG; source_objects=4
007E2F18,13,100,100;346;544;790,4,,page:tag:entity62:key0000003D:ref100:ord4;page:tag:entity25:key00000018:ref346:ord4;page:tag:entity136:key0000003D:ref544:ord4;page:tag:entity99:key00000018:ref790:ord4,1,2,3,,,,NOT_CHECKED,1,,NOT_STARTED,NOT_BUILT,NOT_TESTED,JPN_PRIMARY; MLG_CN_CONTEXT_AUXILIARY,mechanical template; resource_class=LOOSE_OLANG; source_objects=4
007E2F18,14,106,106;352;550;796,4,,page:tag:entity61:key0000003C:ref106:ord4;page:tag:entity24:key00000017:ref352:ord4;page:tag:entity135:key0000003C:ref550:ord4;page:tag:entity98:key00000017:ref796:ord4,2,3,ロケットランチャー発射！,,,,NOT_CHECKED,1,,NOT_STARTED,NOT_BUILT,NOT_TESTED,JPN_PRIMARY; MLG_CN_CONTEXT_AUXILIARY,mechanical template; resource_class=LOOSE_OLANG; source_objects=4
007E2F18,15,112,112,1,,page:tag:entity7:key00000006:ref112:ord4,3,ロケットランチャー発射！,4,,,,NOT_CHECKED,36,,NOT_STARTED,NOT_BUILT,NOT_TESTED,JPN_PRIMARY; MLG_CN_CONTEXT_AUXILIARY,mechanical template; resource_class=LOOSE_OLANG; source_objects=1
007E2F18,16,118,118;358;562;802,4,,page:tag:entity60:key0000003B:ref118:ord4;page:tag:entity23:key00000016:ref358:ord4;page:tag:entity134:key0000003B:ref562:ord4;page:tag:entity97:key00000016:ref802:ord4,ロケットランチャー発射！,4,5,,,,NOT_CHECKED,1,,NOT_STARTED,NOT_BUILT,NOT_TESTED,JPN_PRIMARY; MLG_CN_CONTEXT_AUXILIARY,mechanical template; resource_class=LOOSE_OLANG; source_objects=4
007E2F18,17,124,124;364;568;808,4,,page:tag:entity59:key0000003A:ref124:ord4;page:tag:entity22:key00000015:ref364:ord4;page:tag:entity133:key0000003A:ref568:ord4;page:tag:entity96:key00000015:ref808:ord4,4,5,6,,,,NOT_CHECKED,1,,NOT_STARTED,NOT_BUILT,NOT_TESTED,JPN_PRIMARY; MLG_CN_CONTEXT_AUXILIARY,mechanical template; resource_class=LOOSE_OLANG; source_objects=4
007E2F18,18,130,130;370;574;814,4,,page:tag:entity58:key00000039:ref130:ord4;page:tag:entity21:key00000014:ref370:ord4;page:tag:entity132:key00000039:ref574:ord4;page:tag:entity95:key00000014:ref814:ord4,5,6,7,,,,NOT_CHECKED,1,,NOT_STARTED,NOT_BUILT,NOT_TESTED,JPN_PRIMARY; MLG_CN_CONTEXT_AUXILIARY,mechanical template; resource_class=LOOSE_OLANG; source_objects=4
007E2F18,19,136,136;382;580;826,4,,page:tag:entity57:key00000038:ref136:ord4;page:tag:entity20:key00000013:ref382:ord4;page:tag:entity131:key00000038:ref580:ord4;page:tag:entity94:key00000013:ref826:ord4,6,7,8,,,,NOT_CHECKED,1,,NOT_STARTED,NOT_BUILT,NOT_TESTED,JPN_PRIMARY; MLG_CN_CONTEXT_AUXILIARY,mechanical template; resource_class=LOOSE_OLANG; source_objects=4
007E2F18,20,142,142;388;586;832,4,,page:tag:entity56:key00000037:ref142:ord4;page:tag:entity19:key00000012:ref388:ord4;page:tag:entity130:key00000037:ref586:ord4;page:tag:entity93:key00000012:ref832:ord4,7,8,9,,,,NOT_CHECKED,1,,NOT_STARTED,NOT_BUILT,NOT_TESTED,JPN_PRIMARY; MLG_CN_CONTEXT_AUXILIARY,mechanical template; resource_class=LOOSE_OLANG; source_objects=4
007E2F18,21,148,148;394;592;838,4,,page:tag:entity55:key00000036:ref148:ord4;page:tag:entity18:key00000011:ref394:ord4;page:tag:entity129:key00000036:ref592:ord4;page:tag:entity92:key00000011:ref838:ord4,8,9,10,,,,NOT_CHECKED,1,,NOT_STARTED,NOT_BUILT,NOT_TESTED,JPN_PRIMARY; MLG_CN_CONTEXT_AUXILIARY,mechanical template; resource_class=LOOSE_OLANG; source_objects=4
007E2F18,22,154,154;400;598;844,4,,page:tag:entity54:key00000035:ref154:ord4;page:tag:entity17:key00000010:ref400:ord4;page:tag:entity128:key00000035:ref598:ord4;page:tag:entity91:key00000010:ref844:ord4,9,10,予備点火開始,,,,NOT_CHECKED,2,,NOT_STARTED,NOT_BUILT,NOT_TESTED,JPN_PRIMARY; MLG_CN_CONTEXT_AUXILIARY,mechanical template; resource_class=LOOSE_OLANG; source_objects=4
007E2F18,23,160,160;406,2,,page:tag:entity53:key00000034:ref160:ord4;page:tag:entity16:key0000000F:ref406:ord4,10,予備点火開始,ミサイルハッチオープン,,,,NOT_CHECKED,18,,NOT_STARTED,NOT_BUILT,NOT_TESTED,JPN_PRIMARY; MLG_CN_CONTEXT_AUXILIARY,mechanical template; resource_class=LOOSE_OLANG; source_objects=2
007E2F18,24,166,166;412,2,,page:tag:entity52:key00000033:ref166:ord4;page:tag:entity15:key0000000E:ref412:ord4,予備点火開始,ミサイルハッチオープン,発射角度設定完了,,,,NOT_CHECKED,33,,NOT_STARTED,NOT_BUILT,NOT_TESTED,JPN_PRIMARY; MLG_CN_CONTEXT_AUXILIARY,mechanical template; resource_class=LOOSE_OLANG; source_objects=2
007E2F18,25,172,172;418,2,,page:tag:entity51:key00000032:ref172:ord4;page:tag:entity14:key0000000D:ref418:ord4,ミサイルハッチオープン,発射角度設定完了,Ｓマイン発射！,,,,NOT_CHECKED,24,,NOT_STARTED,NOT_BUILT,NOT_TESTED,JPN_PRIMARY; MLG_CN_CONTEXT_AUXILIARY,mechanical template; resource_class=LOOSE_OLANG; source_objects=2
007E2F18,26,178,178,1,,page:tag:entity6:key00000005:ref178:ord4,発射角度設定完了,Ｓマイン発射！,核発射シーケンス開始,,,,NOT_CHECKED,21,,NOT_STARTED,NOT_BUILT,NOT_TESTED,JPN_PRIMARY; MLG_CN_CONTEXT_AUXILIARY,mechanical template; resource_class=LOOSE_OLANG; source_objects=1
007E2F18,27,184,184;424,2,,page:tag:entity50:key00000031:ref184:ord4;page:tag:entity13:key0000000C:ref424:ord4,Ｓマイン発射！,核発射シーケンス開始,跳躍体勢！,,,,NOT_CHECKED,30,,NOT_STARTED,NOT_BUILT,NOT_TESTED,JPN_PRIMARY; MLG_CN_CONTEXT_AUXILIARY,mechanical template; resource_class=LOOSE_OLANG; source_objects=2
007E2F18,28,190,190;430,2,,page:tag:entity49:key00000030:ref190:ord4;page:tag:entity12:key0000000B:ref430:ord4,核発射シーケンス開始,跳躍体勢！,脚部駆動モーター、チャージ！,,,,NOT_CHECKED,15,,NOT_STARTED,NOT_BUILT,NOT_TESTED,JPN_PRIMARY; MLG_CN_CONTEXT_AUXILIARY,mechanical template; resource_class=LOOSE_OLANG; source_objects=2
007E2F18,29,196,196;436,2,,page:tag:entity48:key0000002F:ref196:ord4;page:tag:entity11:key0000000A:ref436:ord4,跳躍体勢！,脚部駆動モーター、チャージ！,電磁パルス最大！,,,,NOT_CHECKED,42,,NOT_STARTED,NOT_BUILT,NOT_TESTED,JPN_PRIMARY; MLG_CN_CONTEXT_AUXILIARY,mechanical template; resource_class=LOOSE_OLANG; source_objects=2
007E2F18,30,208,208,1,,page:tag:entity46:key0000002D:ref208:ord4,電磁パルス最大！,毒ビーム発射！,死ねえぇ！,,,,NOT_CHECKED,21,,NOT_STARTED,NOT_BUILT,NOT_TESTED,JPN_PRIMARY; MLG_CN_CONTEXT_AUXILIARY,mechanical template; resource_class=LOOSE_OLANG; source_objects=1
007E2F18,31,214,214,1,,page:tag:entity45:key0000002C:ref214:ord4,毒ビーム発射！,死ねえぇ！,これはどうだ！,,,,NOT_CHECKED,15,,NOT_STARTED,NOT_BUILT,NOT_TESTED,JPN_PRIMARY; MLG_CN_CONTEXT_AUXILIARY,mechanical template; resource_class=LOOSE_OLANG; source_objects=1
007E2F18,32,220,220,1,,page:tag:entity44:key0000002B:ref220:ord4,死ねえぇ！,これはどうだ！,これでも喰らえ！,,,,NOT_CHECKED,21,,NOT_STARTED,NOT_BUILT,NOT_TESTED,JPN_PRIMARY; MLG_CN_CONTEXT_AUXILIARY,mechanical template; resource_class=LOOSE_OLANG; source_objects=1
007E2F18,33,226,226,1,,page:tag:entity43:key0000002A:ref226:ord4,これはどうだ！,これでも喰らえ！,火炎放射だ！,,,,NOT_CHECKED,24,,NOT_STARTED,NOT_BUILT,NOT_TESTED,JPN_PRIMARY; MLG_CN_CONTEXT_AUXILIARY,mechanical template; resource_class=LOOSE_OLANG; source_objects=1
007E2F18,34,232,232,1,,page:tag:entity42:key00000029:ref232:ord4,これでも喰らえ！,火炎放射だ！,自己防衛モードに移行！,,,,NOT_CHECKED,18,,NOT_STARTED,NOT_BUILT,NOT_TESTED,JPN_PRIMARY; MLG_CN_CONTEXT_AUXILIARY,mechanical template; resource_class=LOOSE_OLANG; source_objects=1
007E2F18,35,238,238;310,2,,page:tag:entity41:key00000028:ref238:ord4;page:tag:entity4:key00000003:ref310:ord4,火炎放射だ！,自己防衛モードに移行！,火炎放射開始！,,,,NOT_CHECKED,33,,NOT_STARTED,NOT_BUILT,NOT_TESTED,JPN_PRIMARY; MLG_CN_CONTEXT_AUXILIARY,mechanical template; resource_class=LOOSE_OLANG; source_objects=2
007E2F18,36,244,244,1,,page:tag:entity5:key00000004:ref244:ord4,自己防衛モードに移行！,火炎放射開始！,自己防衛システム、作動！,,,,NOT_CHECKED,21,,NOT_STARTED,NOT_BUILT,NOT_TESTED,JPN_PRIMARY; MLG_CN_CONTEXT_AUXILIARY,mechanical template; resource_class=LOOSE_OLANG; source_objects=1
007E2F18,37,250,250;376,2,,page:tag:entity40:key00000027:ref250:ord4;page:tag:entity3:key00000002:ref376:ord4,火炎放射開始！,自己防衛システム、作動！,まだ終わっていない！,,,,NOT_CHECKED,36,,NOT_STARTED,NOT_BUILT,NOT_TESTED,JPN_PRIMARY; MLG_CN_CONTEXT_AUXILIARY,mechanical template; resource_class=LOOSE_OLANG; source_objects=2
007E2F18,38,256,256,1,,page:tag:entity39:key00000026:ref256:ord4,自己防衛システム、作動！,まだ終わっていない！,ロック解除,,,,NOT_CHECKED,30,,NOT_STARTED,NOT_BUILT,NOT_TESTED,JPN_PRIMARY; MLG_CN_CONTEXT_AUXILIARY,mechanical template; resource_class=LOOSE_OLANG; source_objects=1
007E2F18,39,262,262;448;1852;1912;2440;2476;2620;2668,8,,page:tag:entity38:key00000025:ref262:ord4;page:tag:entity1:key00000000:ref448:ord4;page:tag:entity299:key00000012:ref1852:ord4;page:tag:entity281:key00000000:ref1912:ord4;page:tag:entity399:key0000000E:ref2440:ord4;page:tag:entity385:key00000000:ref2476:ord4;page:tag:entity429:key00000010:ref2620:ord4;page:tag:entity413:key00000000:ref2668:ord4,まだ終わっていない！,ロック解除,さあ 来い！,,,,NOT_CHECKED,15,,NOT_STARTED,NOT_BUILT,NOT_TESTED,JPN_PRIMARY; MLG_CN_CONTEXT_AUXILIARY,mechanical template; resource_class=LOOSE_OLANG; source_objects=8
007E2F18,40,286,286,1,,page:tag:entity34:key00000021:ref286:ord4,ロック解除,さあ 来い！,強くなったな,,,,NOT_CHECKED,16,,NOT_STARTED,NOT_BUILT,NOT_TESTED,JPN_PRIMARY; MLG_CN_CONTEXT_AUXILIARY,mechanical template; resource_class=LOOSE_OLANG; source_objects=1
007E2F18,41,442,442,1,,page:tag:entity2:key00000001:ref442:ord4,脚部駆動モーター、チャージ！,プラットフォーム再起動！,ロック解除,,,,NOT_CHECKED,36,,NOT_STARTED,NOT_BUILT,NOT_TESTED,JPN_PRIMARY; MLG_CN_CONTEXT_AUXILIARY,mechanical template; resource_class=LOOSE_OLANG; source_objects=1
007E2F18,42,454,454;646,2,,page:tag:entity84:key00000009:ref454:ord4;page:tag:entity121:key0000002E:ref646:ord4,ロック解除,どえりゃあ電磁パルスや！,いごかんといてちょう！,,,,NOT_CHECKED,36,,NOT_STARTED,NOT_BUILT,NOT_TESTED,JPN_PRIMARY; MLG_CN_CONTEXT_AUXILIARY,mechanical template; resource_class=LOOSE_OLANG; source_objects=2
007E2F18,43,460,460;652,2,,page:tag:entity83:key00000008:ref460:ord4;page:tag:entity120:key0000002D:ref652:ord4,どえりゃあ電磁パルスや！,いごかんといてちょう！,さぁ、行こみゃあ！,,,,NOT_CHECKED,33,,NOT_STARTED,NOT_BUILT,NOT_TESTED,JPN_PRIMARY; MLG_CN_CONTEXT_AUXILIARY,mechanical template; resource_class=LOOSE_OLANG; source_objects=2
007E2F18,44,484,484;730,2,,page:tag:entity145:key00000046:ref484:ord4;page:tag:entity108:key00000021:ref730:ord4,いごかんといてちょう！,さぁ、行こみゃあ！,いっぺん死んでちょう！,,,,NOT_CHECKED,27,,NOT_STARTED,NOT_BUILT,NOT_TESTED,JPN_PRIMARY; MLG_CN_CONTEXT_AUXILIARY,mechanical template; resource_class=LOOSE_OLANG; source_objects=2
007E2F18,45,490,490;658,2,,page:tag:entity82:key00000007:ref490:ord4;page:tag:entity119:key0000002C:ref658:ord4,さぁ、行こみゃあ！,いっぺん死んでちょう！,おみゃあさん、つよなっとるが！,,,,NOT_CHECKED,33,,NOT_STARTED,NOT_BUILT,NOT_TESTED,JPN_PRIMARY; MLG_CN_CONTEXT_AUXILIARY,mechanical template; resource_class=LOOSE_OLANG; source_objects=2
007E2F18,46,496,496;736,2,,page:tag:entity144:key00000045:ref496:ord4;page:tag:entity107:key00000020:ref736:ord4,いっぺん死んでちょう！,おみゃあさん、つよなっとるが！,ウェポンコンテナこわけたがね,,,,NOT_CHECKED,45,,NOT_STARTED,NOT_BUILT,NOT_TESTED,JPN_PRIMARY; MLG_CN_CONTEXT_AUXILIARY,mechanical template; resource_class=LOOSE_OLANG; source_objects=2
007E2F18,47,502,502;742,2,,page:tag:entity143:key00000044:ref502:ord4;page:tag:entity106:key0000001F:ref742:ord4,おみゃあさん、つよなっとるが！,ウェポンコンテナこわけたがね,発射もうはい30秒前,,,,NOT_CHECKED,42,,NOT_STARTED,NOT_BUILT,NOT_TESTED,JPN_PRIMARY; MLG_CN_CONTEXT_AUXILIARY,mechanical template; resource_class=LOOSE_OLANG; source_objects=2
007E2F18,48,514,514;760,2,,page:tag:entity141:key00000042:ref514:ord4;page:tag:entity104:key0000001D:ref760:ord4,ウェポンコンテナこわけたがね,発射もうはい30秒前,発射まぁじき一分前,,,,NOT_CHECKED,26,,NOT_STARTED,NOT_BUILT,NOT_TESTED,JPN_PRIMARY; MLG_CN_CONTEXT_AUXILIARY,mechanical template; resource_class=LOOSE_OLANG; source_objects=2
007E2F18,49,520,520;766,2,,page:tag:entity140:key00000041:ref520:ord4;page:tag:entity103:key0000001C:ref766:ord4,発射もうはい30秒前,発射まぁじき一分前,発射だぎゃあ,,,,NOT_CHECKED,27,,NOT_STARTED,NOT_BUILT,NOT_TESTED,JPN_PRIMARY; MLG_CN_CONTEXT_AUXILIARY,mechanical template; resource_class=LOOSE_OLANG; source_objects=2
007E2F18,50,532,532;778,2,,page:tag:entity138:key0000003F:ref532:ord4;page:tag:entity101:key0000001A:ref778:ord4,発射まぁじき一分前,発射だぎゃあ,1,,,,NOT_CHECKED,18,,NOT_STARTED,NOT_BUILT,NOT_TESTED,JPN_PRIMARY; MLG_CN_CONTEXT_AUXILIARY,mechanical template; resource_class=LOOSE_OLANG; source_objects=2
007E2F18,51,556,556;664,2,,page:tag:entity81:key00000006:ref556:ord4;page:tag:entity118:key0000002B:ref664:ord4,3,ワヤにしたるがや！,4,,,,NOT_CHECKED,27,,NOT_STARTED,NOT_BUILT,NOT_TESTED,JPN_PRIMARY; MLG_CN_CONTEXT_AUXILIARY,mechanical template; resource_class=LOOSE_OLANG; source_objects=2
007E2F18,52,604,604;850,2,,page:tag:entity127:key00000034:ref604:ord4;page:tag:entity90:key0000000F:ref850:ord4,10,火がついてまった,ミサイルハッチ開けるがね！,,,,NOT_CHECKED,24,,NOT_STARTED,NOT_BUILT,NOT_TESTED,JPN_PRIMARY; MLG_CN_CONTEXT_AUXILIARY,mechanical template; resource_class=LOOSE_OLANG; source_objects=2
007E2F18,53,610,610;856,2,,page:tag:entity126:key00000033:ref610:ord4;page:tag:entity89:key0000000E:ref856:ord4,火がついてまった,ミサイルハッチ開けるがね！,発射角度設定もーはい完了,,,,NOT_CHECKED,39,,NOT_STARTED,NOT_BUILT,NOT_TESTED,JPN_PRIMARY; MLG_CN_CONTEXT_AUXILIARY,mechanical template; resource_class=LOOSE_OLANG; source_objects=2
007E2F18,54,616,616;862,2,,page:tag:entity125:key00000032:ref616:ord4;page:tag:entity88:key0000000D:ref862:ord4,ミサイルハッチ開けるがね！,発射角度設定もーはい完了,よーけ喰らわしたる！,,,,NOT_CHECKED,36,,NOT_STARTED,NOT_BUILT,NOT_TESTED,JPN_PRIMARY; MLG_CN_CONTEXT_AUXILIARY,mechanical template; resource_class=LOOSE_OLANG; source_objects=2
007E2F18,55,622,622;670,2,,page:tag:entity80:key00000005:ref622:ord4;page:tag:entity117:key0000002A:ref670:ord4,発射角度設定もーはい完了,よーけ喰らわしたる！,まあちょっとで発射するわ～,,,,NOT_CHECKED,30,,NOT_STARTED,NOT_BUILT,NOT_TESTED,JPN_PRIMARY; MLG_CN_CONTEXT_AUXILIARY,mechanical template; resource_class=LOOSE_OLANG; source_objects=2
007E2F18,56,628,628;868,2,,page:tag:entity124:key00000031:ref628:ord4;page:tag:entity87:key0000000C:ref868:ord4,よーけ喰らわしたる！,まあちょっとで発射するわ～,ちゃっと飛んだるがね！,,,,NOT_CHECKED,39,,NOT_STARTED,NOT_BUILT,NOT_TESTED,JPN_PRIMARY; MLG_CN_CONTEXT_AUXILIARY,mechanical template; resource_class=LOOSE_OLANG; source_objects=2
007E2F18,57,634,634;874,2,,page:tag:entity123:key00000030:ref634:ord4;page:tag:entity86:key0000000B:ref874:ord4,まあちょっとで発射するわ～,ちゃっと飛んだるがね！,ダッシュするで、気つけんといかんぞ～！,,,,NOT_CHECKED,33,,NOT_STARTED,NOT_BUILT,NOT_TESTED,JPN_PRIMARY; MLG_CN_CONTEXT_AUXILIARY,mechanical template; resource_class=LOOSE_OLANG; source_objects=2
007E2F18,58,640,640;880,2,,page:tag:entity122:key0000002F:ref640:ord4;page:tag:entity85:key0000000A:ref880:ord4,ちゃっと飛んだるがね！,ダッシュするで、気つけんといかんぞ～！,どえりゃあ電磁パルスや！,,,,NOT_CHECKED,57,,NOT_STARTED,NOT_BUILT,NOT_TESTED,JPN_PRIMARY; MLG_CN_CONTEXT_AUXILIARY,mechanical template; resource_class=LOOSE_OLANG; source_objects=2
007E2F18,59,676,676;688,2,,page:tag:entity116:key00000029:ref676:ord4;page:tag:entity79:key00000004:ref688:ord4,よーけ喰らわしたる！,めちゃんこ、ちんちこちんだでよ～,まぁ～かん、自己防衛モードにしてまうぞ！,,,,NOT_CHECKED,48,,NOT_STARTED,NOT_BUILT,NOT_TESTED,JPN_PRIMARY; MLG_CN_CONTEXT_AUXILIARY,mechanical template; resource_class=LOOSE_OLANG; source_objects=2
007E2F18,60,682,682;754,2,,page:tag:entity115:key00000028:ref682:ord4;page:tag:entity78:key00000003:ref754:ord4,めちゃんこ、ちんちこちんだでよ～,まぁ～かん、自己防衛モードにしてまうぞ！,めちゃんこ、ちんちこちんだでよ～,,,,NOT_CHECKED,60,,NOT_STARTED,NOT_BUILT,NOT_TESTED,JPN_PRIMARY; MLG_CN_CONTEXT_AUXILIARY,mechanical template; resource_class=LOOSE_OLANG; source_objects=2
007E2F18,61,694,694;820,2,,page:tag:entity114:key00000027:ref694:ord4;page:tag:entity77:key00000002:ref820:ord4,めちゃんこ、ちんちこちんだでよ～,おうじょうこくわ～、反撃せんといかん,まっぺんやったるわ！,,,,NOT_CHECKED,54,,NOT_STARTED,NOT_BUILT,NOT_TESTED,JPN_PRIMARY; MLG_CN_CONTEXT_AUXILIARY,mechanical template; resource_class=LOOSE_OLANG; source_objects=2
007E2F18,62,700,700;886,2,,page:tag:entity113:key00000026:ref700:ord4;page:tag:entity76:key00000001:ref886:ord4,おうじょうこくわ～、反撃せんといかん,まっぺんやったるわ！,さぁ、行こみゃあ！,,,,NOT_CHECKED,30,,NOT_STARTED,NOT_BUILT,NOT_TESTED,JPN_PRIMARY; MLG_CN_CONTEXT_AUXILIARY,mechanical template; resource_class=LOOSE_OLANG; source_objects=2
007E2F18,63,898,898,1,,page:tag:entity164:key009A01F7:ref898:ord4,まっぺんやったるわ！,いのりの唄,Raxa,,,,NOT_CHECKED,15,,NOT_STARTED,NOT_BUILT,NOT_TESTED,JPN_PRIMARY; MLG_CN_CONTEXT_AUXILIARY,mechanical template; resource_class=LOOSE_OLANG; source_objects=1
007E2F18,64,904,904,1,,page:tag:entity162:key008A01F7:ref904:ord4,いのりの唄,Raxa,Calling to the Night,,,,NOT_CHECKED,4,,NOT_STARTED,NOT_BUILT,NOT_TESTED,JPN_PRIMARY; MLG_CN_CONTEXT_AUXILIARY,mechanical template; resource_class=LOOSE_OLANG; source_objects=1
007E2F18,65,910,910,1,,page:tag:entity160:key007A01F7:ref910:ord4,Raxa,Calling to the Night,Snake Eater,,,,NOT_CHECKED,20,,NOT_STARTED,NOT_BUILT,NOT_TESTED,JPN_PRIMARY; MLG_CN_CONTEXT_AUXILIARY,mechanical template; resource_class=LOOSE_OLANG; source_objects=1
007E2F18,66,916,916,1,,page:tag:entity158:key006A01F7:ref916:ord4,Calling to the Night,Snake Eater,Beyond the Bounds,,,,NOT_CHECKED,11,,NOT_STARTED,NOT_BUILT,NOT_TESTED,JPN_PRIMARY; MLG_CN_CONTEXT_AUXILIARY,mechanical template; resource_class=LOOSE_OLANG; source_objects=1
007E2F18,67,922,922,1,,page:tag:entity156:key005A01F7:ref922:ord4,Snake Eater,Beyond the Bounds,Destiny's Call,,,,NOT_CHECKED,17,,NOT_STARTED,NOT_BUILT,NOT_TESTED,JPN_PRIMARY; MLG_CN_CONTEXT_AUXILIARY,mechanical template; resource_class=LOOSE_OLANG; source_objects=1
007E2F18,68,928,928,1,,page:tag:entity154:key004A01F7:ref928:ord4,Beyond the Bounds,Destiny's Call,Show Time,,,,NOT_CHECKED,14,,NOT_STARTED,NOT_BUILT,NOT_TESTED,JPN_PRIMARY; MLG_CN_CONTEXT_AUXILIARY,mechanical template; resource_class=LOOSE_OLANG; source_objects=1
007E2F18,69,934,934,1,,page:tag:entity170:key00DA01F5:ref934:ord4,Destiny's Call,Show Time,MG20YearsHistory 4,,,,NOT_CHECKED,9,,NOT_STARTED,NOT_BUILT,NOT_TESTED,JPN_PRIMARY; MLG_CN_CONTEXT_AUXILIARY,mechanical template; resource_class=LOOSE_OLANG; source_objects=1
007E2F18,70,940,940,1,,page:tag:entity168:key00CA01F5:ref940:ord4,Show Time,MG20YearsHistory 4,MG20YearsHistory 3,,,,NOT_CHECKED,18,,NOT_STARTED,NOT_BUILT,NOT_TESTED,JPN_PRIMARY; MLG_CN_CONTEXT_AUXILIARY,mechanical template; resource_class=LOOSE_OLANG; source_objects=1
007E2F18,71,946,946,1,,page:tag:entity166:key00BA01F5:ref946:ord4,MG20YearsHistory 4,MG20YearsHistory 3,MG20YearsHistory 2,,,,NOT_CHECKED,18,,NOT_STARTED,NOT_BUILT,NOT_TESTED,JPN_PRIMARY; MLG_CN_CONTEXT_AUXILIARY,mechanical template; resource_class=LOOSE_OLANG; source_objects=1
007E2F18,72,952,952,1,,page:tag:entity165:key00AA01F5:ref952:ord4,MG20YearsHistory 3,MG20YearsHistory 2,MG20YearsHistory 1,,,,NOT_CHECKED,18,,NOT_STARTED,NOT_BUILT,NOT_TESTED,JPN_PRIMARY; MLG_CN_CONTEXT_AUXILIARY,mechanical template; resource_class=LOOSE_OLANG; source_objects=1
007E2F18,73,958,958,1,,page:tag:entity163:key009A01F5:ref958:ord4,MG20YearsHistory 2,MG20YearsHistory 1,View of Deep Snow,,,,NOT_CHECKED,18,,NOT_STARTED,NOT_BUILT,NOT_TESTED,JPN_PRIMARY; MLG_CN_CONTEXT_AUXILIARY,mechanical template; resource_class=LOOSE_OLANG; source_objects=1
007E2F18,74,964,964,1,,page:tag:entity161:key008A01F5:ref964:ord4,MG20YearsHistory 1,View of Deep Snow,Love Theme,,,,NOT_CHECKED,17,,NOT_STARTED,NOT_BUILT,NOT_TESTED,JPN_PRIMARY; MLG_CN_CONTEXT_AUXILIARY,mechanical template; resource_class=LOOSE_OLANG; source_objects=1
007E2F18,75,970,970,1,,page:tag:entity159:key007A01F5:ref970:ord4,View of Deep Snow,Love Theme,Everything Begins,,,,NOT_CHECKED,10,,NOT_STARTED,NOT_BUILT,NOT_TESTED,JPN_PRIMARY; MLG_CN_CONTEXT_AUXILIARY,mechanical template; resource_class=LOOSE_OLANG; source_objects=1
007E2F18,76,976,976,1,,page:tag:entity157:key006A01F5:ref976:ord4,Love Theme,Everything Begins,Enclosure,,,,NOT_CHECKED,17,,NOT_STARTED,NOT_BUILT,NOT_TESTED,JPN_PRIMARY; MLG_CN_CONTEXT_AUXILIARY,mechanical template; resource_class=LOOSE_OLANG; source_objects=1
007E2F18,77,982,982,1,,page:tag:entity155:key005A01F5:ref982:ord4,Everything Begins,Enclosure,Confession,,,,NOT_CHECKED,9,,NOT_STARTED,NOT_BUILT,NOT_TESTED,JPN_PRIMARY; MLG_CN_CONTEXT_AUXILIARY,mechanical template; resource_class=LOOSE_OLANG; source_objects=1
007E2F18,78,988,988,1,,page:tag:entity153:key004A01F5:ref988:ord4,Enclosure,Confession,恋の抑止力 (Acoustic Instrumental Version),,,,NOT_CHECKED,10,,NOT_STARTED,NOT_BUILT,NOT_TESTED,JPN_PRIMARY; MLG_CN_CONTEXT_AUXILIARY,mechanical template; resource_class=LOOSE_OLANG; source_objects=1
007E2F18,79,994,994,1,,page:tag:entity152:key003A01F4:ref994:ord4,Confession,恋の抑止力 (Acoustic Instrumental Version),Outer Heaven,,,,NOT_CHECKED,47,,NOT_STARTED,NOT_BUILT,NOT_TESTED,JPN_PRIMARY; MLG_CN_CONTEXT_AUXILIARY,mechanical template; resource_class=LOOSE_OLANG; source_objects=1
007E2F18,80,1000,1000,1,,page:tag:entity151:key002A01F4:ref1000:ord4,恋の抑止力 (Acoustic Instrumental Version),Outer Heaven,ZERO ALLIES!,,,,NOT_CHECKED,12,,NOT_STARTED,NOT_BUILT,NOT_TESTED,JPN_PRIMARY; MLG_CN_CONTEXT_AUXILIARY,mechanical template; resource_class=LOOSE_OLANG; source_objects=1
007E2F18,81,1006,1006,1,,page:tag:entity150:key001A01F4:ref1006:ord4,Outer Heaven,ZERO ALLIES!,"""MGS-PW"" Main Theme",,,,NOT_CHECKED,12,,NOT_STARTED,NOT_BUILT,NOT_TESTED,JPN_PRIMARY; MLG_CN_CONTEXT_AUXILIARY,mechanical template; resource_class=LOOSE_OLANG; source_objects=1
007E2F18,82,1012,1012,1,,page:tag:entity149:key000A01F4:ref1012:ord4,ZERO ALLIES!,"""MGS-PW"" Main Theme",HEAVENS DIVIDE,,,,NOT_CHECKED,19,,NOT_STARTED,NOT_BUILT,NOT_TESTED,JPN_PRIMARY; MLG_CN_CONTEXT_AUXILIARY,mechanical template; resource_class=LOOSE_OLANG; source_objects=1
007E2F18,83,1018,1018,1,,page:tag:entity172:key00FA01F3:ref1018:ord4,"""MGS-PW"" Main Theme",HEAVENS DIVIDE,Sneak 2,,,,NOT_CHECKED,14,,NOT_STARTED,NOT_BUILT,NOT_TESTED,JPN_PRIMARY; MLG_CN_CONTEXT_AUXILIARY,mechanical template; resource_class=LOOSE_OLANG; source_objects=1
007E2F18,84,1024,1024,1,,page:tag:entity171:key00EA01F3:ref1024:ord4,HEAVENS DIVIDE,Sneak 2,Sneak 1,,,,NOT_CHECKED,7,,NOT_STARTED,NOT_BUILT,NOT_TESTED,JPN_PRIMARY; MLG_CN_CONTEXT_AUXILIARY,mechanical template; resource_class=LOOSE_OLANG; source_objects=1
007E2F18,85,1030,1030,1,,page:tag:entity169:key00DA01F3:ref1030:ord4,Sneak 2,Sneak 1,恋の抑止力,,,,NOT_CHECKED,7,,NOT_STARTED,NOT_BUILT,NOT_TESTED,JPN_PRIMARY; MLG_CN_CONTEXT_AUXILIARY,mechanical template; resource_class=LOOSE_OLANG; source_objects=1
007E2F18,86,1036,1036,1,,page:tag:entity167:key00CA01F3:ref1036:ord4,Sneak 1,恋の抑止力,"カプコンから発売された人気ゲームソフト
『モンスターハンター』シリーズのイベント用
に制作されたＴシャツをイメージした
デザインＴシャツ。
基本特性は野戦服と同じなので、
『モンスターハンター』シリーズのファンなら
絶対に着よう！",,,,NOT_CHECKED,15,,NOT_STARTED,NOT_BUILT,NOT_TESTED,JPN_PRIMARY; MLG_CN_CONTEXT_AUXILIARY,mechanical template; resource_class=LOOSE_OLANG; source_objects=1
007E2F18,87,1042,1042;1048;1066;1078,4,,page:tag:entity197:key00C9F7FF:ref1042:ord4;page:tag:entity185:key0039F7FE:ref1048:ord4;page:tag:entity192:key0059F7FC:ref1066:ord4;page:tag:entity196:key00C9F7FB:ref1078:ord4,恋の抑止力,"カプコンから発売された人気ゲームソフト
『モンスターハンター』シリーズのイベント用
に制作されたＴシャツをイメージした
デザインＴシャツ。
基本特性は野戦服と同じなので、
『モンスターハンター』シリーズのファンなら
絶対に着よう！","ヤングガンガンに好評連載中の人気漫画、
『荒川アンダーザブリッジ』のキャラクター
“星”をプリントしたデザインＴシャツ。
基本特性は野戦服と同じなので、
星のファンなら絶対に着よう！",,,,NOT_CHECKED,333,,NOT_STARTED,NOT_BUILT,NOT_TESTED,JPN_PRIMARY; MLG_CN_CONTEXT_AUXILIARY,mechanical template; resource_class=LOOSE_OLANG; source_objects=4
007E2F18,88,1054,1054,1,,page:tag:entity182:key0029F7FE:ref1054:ord4,"カプコンから発売された人気ゲームソフト
『モンスターハンター』シリーズのイベント用
に制作されたＴシャツをイメージした
デザインＴシャツ。
基本特性は野戦服と同じなので、
『モンスターハンター』シリーズのファンなら
絶対に着よう！","ヤングガンガンに好評連載中の人気漫画、
『荒川アンダーザブリッジ』のキャラクター
“星”をプリントしたデザインＴシャツ。
基本特性は野戦服と同じなので、
星のファンなら絶対に着よう！","ヤングガンガンに好評連載中の人気漫画、
『荒川アンダーザブリッジ』のキャラクター
“村長”をプリントしたデザインＴシャツ。
基本特性は野戦服と同じなので、
村長のファンなら絶対に着よう！",,,,NOT_CHECKED,265,,NOT_STARTED,NOT_BUILT,NOT_TESTED,JPN_PRIMARY; MLG_CN_CONTEXT_AUXILIARY,mechanical template; resource_class=LOOSE_OLANG; source_objects=1
007E2F18,89,1060,1060,1,,page:tag:entity205:key00E9F7FD:ref1060:ord4,"ヤングガンガンに好評連載中の人気漫画、
『荒川アンダーザブリッジ』のキャラクター
“星”をプリントしたデザインＴシャツ。
基本特性は野戦服と同じなので、
星のファンなら絶対に着よう！","ヤングガンガンに好評連載中の人気漫画、
『荒川アンダーザブリッジ』のキャラクター
“村長”をプリントしたデザインＴシャツ。
基本特性は野戦服と同じなので、
村長のファンなら絶対に着よう！","カプコンから発売された人気ゲームソフト
『モンスターハンター』シリーズのイベント用
に制作されたＴシャツをイメージした
デザインＴシャツ。
基本特性は野戦服と同じなので、
『モンスターハンター』シリーズのファンなら
絶対に着よう！",,,,NOT_CHECKED,271,,NOT_STARTED,NOT_BUILT,NOT_TESTED,JPN_PRIMARY; MLG_CN_CONTEXT_AUXILIARY,mechanical template; resource_class=LOOSE_OLANG; source_objects=1
007E2F18,90,1072,1072,1,,page:tag:entity188:key0049F7FC:ref1072:ord4,"カプコンから発売された人気ゲームソフト
『モンスターハンター』シリーズのイベント用
に制作されたＴシャツをイメージした
デザインＴシャツ。
基本特性は野戦服と同じなので、
『モンスターハンター』シリーズのファンなら
絶対に着よう！","ヤングガンガンに好評連載中の人気漫画、
『荒川アンダーザブリッジ』のキャラクター
“リク”をプリントしたデザインＴシャツ。
基本特性は野戦服と同じなので、
リクのファンなら絶対に着よう！","カプコンから発売された人気ゲームソフト
『モンスターハンター』シリーズのイベント用
に制作されたＴシャツをイメージした
デザインＴシャツ。
基本特性は野戦服と同じなので、
『モンスターハンター』シリーズのファンなら
絶対に着よう！",,,,NOT_CHECKED,271,,NOT_STARTED,NOT_BUILT,NOT_TESTED,JPN_PRIMARY; MLG_CN_CONTEXT_AUXILIARY,mechanical template; resource_class=LOOSE_OLANG; source_objects=1
007E2F18,91,1084,1084,1,,page:tag:entity191:key0059F7FA:ref1084:ord4,"カプコンから発売された人気ゲームソフト
『モンスターハンター』シリーズのイベント用
に制作されたＴシャツをイメージした
デザインＴシャツ。
基本特性は野戦服と同じなので、
『モンスターハンター』シリーズのファンなら
絶対に着よう！","ヤングガンガンに好評連載中の人気漫画、
『荒川アンダーザブリッジ』のキャラクター
“シスター”をプリントしたデザインＴシャツ。
基本特性は野戦服と同じなので、
シスターのファンなら絶対に着よう！","ヤングガンガンに好評連載中の人気漫画、
『荒川アンダーザブリッジ』のキャラクター
“マリア”をプリントしたデザインＴシャツ。
基本特性は野戦服と同じなので、
マリアのファンなら絶対に着よう！",,,,NOT_CHECKED,283,,NOT_STARTED,NOT_BUILT,NOT_TESTED,JPN_PRIMARY; MLG_CN_CONTEXT_AUXILIARY,mechanical template; resource_class=LOOSE_OLANG; source_objects=1
007E2F18,92,1090,1090,1,,page:tag:entity204:key00E9F7F9:ref1090:ord4,"ヤングガンガンに好評連載中の人気漫画、
『荒川アンダーザブリッジ』のキャラクター
“シスター”をプリントしたデザインＴシャツ。
基本特性は野戦服と同じなので、
シスターのファンなら絶対に着よう！","ヤングガンガンに好評連載中の人気漫画、
『荒川アンダーザブリッジ』のキャラクター
“マリア”をプリントしたデザインＴシャツ。
基本特性は野戦服と同じなので、
マリアのファンなら絶対に着よう！","ラブダンボール柄のデザインＴシャツ。
基本特性は野戦服と同じ。",,,,NOT_CHECKED,277,,NOT_STARTED,NOT_BUILT,NOT_TESTED,JPN_PRIMARY; MLG_CN_CONTEXT_AUXILIARY,mechanical template; resource_class=LOOSE_OLANG; source_objects=1
007E2F18,93,1096,1096,1,,page:tag:entity181:key0029F7F8:ref1096:ord4,"ヤングガンガンに好評連載中の人気漫画、
『荒川アンダーザブリッジ』のキャラクター
“マリア”をプリントしたデザインＴシャツ。
基本特性は野戦服と同じなので、
マリアのファンなら絶対に着よう！","ラブダンボール柄のデザインＴシャツ。
基本特性は野戦服と同じ。","ゴールドのＴシャツ。
基本特性は野戦服と同じ。",,,,NOT_CHECKED,91,,NOT_STARTED,NOT_BUILT,NOT_TESTED,JPN_PRIMARY; MLG_CN_CONTEXT_AUXILIARY,mechanical template; resource_class=LOOSE_OLANG; source_objects=1
007E2F18,94,1102,1102,1,,page:tag:entity178:key0019F7F8:ref1102:ord4,"ラブダンボール柄のデザインＴシャツ。
基本特性は野戦服と同じ。","ゴールドのＴシャツ。
基本特性は野戦服と同じ。","ヤングガンガンに好評連載中の人気漫画、
『荒川アンダーザブリッジ』のキャラクター
“ニノ”をプリントしたデザインＴシャツ。
基本特性は野戦服と同じなので、
ニノのファンなら絶対に着よう！",,,,NOT_CHECKED,67,,NOT_STARTED,NOT_BUILT,NOT_TESTED,JPN_PRIMARY; MLG_CN_CONTEXT_AUXILIARY,mechanical template; resource_class=LOOSE_OLANG; source_objects=1
007E2F18,95,1108,1108,1,,page:tag:entity175:key0009F7F8:ref1108:ord4,"ゴールドのＴシャツ。
基本特性は野戦服と同じ。","ヤングガンガンに好評連載中の人気漫画、
『荒川アンダーザブリッジ』のキャラクター
“ニノ”をプリントしたデザインＴシャツ。
基本特性は野戦服と同じなので、
ニノのファンなら絶対に着よう！","『ネイキッド』時のパンツ迷彩柄バリエーション。
ジャングルや土の地面に立つと、カムフラ率が向上するが
上下とも迷彩の時に比べ効果は半減する。",,,,NOT_CHECKED,271,,NOT_STARTED,NOT_BUILT,NOT_TESTED,JPN_PRIMARY; MLG_CN_CONTEXT_AUXILIARY,mechanical template; resource_class=LOOSE_OLANG; source_objects=1
007E2F18,96,1114,1114,1,,page:tag:entity208:key00F9F7F7:ref1114:ord4,"ヤングガンガンに好評連載中の人気漫画、
『荒川アンダーザブリッジ』のキャラクター
“ニノ”をプリントしたデザインＴシャツ。
基本特性は野戦服と同じなので、
ニノのファンなら絶対に着よう！","『ネイキッド』時のパンツ迷彩柄バリエーション。
ジャングルや土の地面に立つと、カムフラ率が向上するが
上下とも迷彩の時に比べ効果は半減する。","『ネイキッド』時のパンツ迷彩柄バリエーション。
木造建築の多い環境にいると、カムフラ率が向上するが
上下とも迷彩の時に比べ効果は半減する。",,,,NOT_CHECKED,206,,NOT_STARTED,NOT_BUILT,NOT_TESTED,JPN_PRIMARY; MLG_CN_CONTEXT_AUXILIARY,mechanical template; resource_class=LOOSE_OLANG; source_objects=1
007E2F18,97,1120,1120,1,,page:tag:entity203:key00E9F7F7:ref1120:ord4,"『ネイキッド』時のパンツ迷彩柄バリエーション。
ジャングルや土の地面に立つと、カムフラ率が向上するが
上下とも迷彩の時に比べ効果は半減する。","『ネイキッド』時のパンツ迷彩柄バリエーション。
木造建築の多い環境にいると、カムフラ率が向上するが
上下とも迷彩の時に比べ効果は半減する。","『ネイキッド』時のパンツ迷彩柄バリエーション。
水際環境にいると、カムフラ率が向上するが
上下とも迷彩の時に比べ効果は半減する。",,,,NOT_CHECKED,203,,NOT_STARTED,NOT_BUILT,NOT_TESTED,JPN_PRIMARY; MLG_CN_CONTEXT_AUXILIARY,mechanical template; resource_class=LOOSE_OLANG; source_objects=1
007E2F18,98,1126,1126,1,,page:tag:entity200:key00D9F7F7:ref1126:ord4,"『ネイキッド』時のパンツ迷彩柄バリエーション。
木造建築の多い環境にいると、カムフラ率が向上するが
上下とも迷彩の時に比べ効果は半減する。","『ネイキッド』時のパンツ迷彩柄バリエーション。
水際環境にいると、カムフラ率が向上するが
上下とも迷彩の時に比べ効果は半減する。","『ネイキッド』時のパンツ迷彩柄バリエーション。
色味の近い環境にいると、カムフラ率が向上するが
ジャケットも着用している時に比べ効果は半減する。",,,,NOT_CHECKED,188,,NOT_STARTED,NOT_BUILT,NOT_TESTED,JPN_PRIMARY; MLG_CN_CONTEXT_AUXILIARY,mechanical template; resource_class=LOOSE_OLANG; source_objects=1
007E2F18,99,1132,1132;1138;1144;1150;1156;1162;1168;1174,8,,page:tag:entity195:key00C9F7F7:ref1132:ord4;page:tag:entity190:key0059F7F6:ref1138:ord4;page:tag:entity187:key0049F7F6:ref1144:ord4;page:tag:entity184:key0039F7F6:ref1150:ord4;page:tag:entity180:key0029F7F6:ref1156:ord4;page:tag:entity177:key0019F7F6:ref1162:ord4;page:tag:entity174:key0009F7F6:ref1168:ord4;page:tag:entity207:key00F9F7F5:ref1174:ord4,"『ネイキッド』時のパンツ迷彩柄バリエーション。
水際環境にいると、カムフラ率が向上するが
上下とも迷彩の時に比べ効果は半減する。","『ネイキッド』時のパンツ迷彩柄バリエーション。
色味の近い環境にいると、カムフラ率が向上するが
ジャケットも着用している時に比べ効果は半減する。","『野戦服』の迷彩バリエーション。
着ていると、銃の性能が少し上がる。",,,,NOT_CHECKED,212,,NOT_STARTED,NOT_BUILT,NOT_TESTED,JPN_PRIMARY; MLG_CN_CONTEXT_AUXILIARY,mechanical template; resource_class=LOOSE_OLANG; source_objects=8
007E2F18,100,1180,1180,1,,page:tag:entity202:key00E9F7F5:ref1180:ord4,"『ネイキッド』時のパンツ迷彩柄バリエーション。
色味の近い環境にいると、カムフラ率が向上するが
ジャケットも着用している時に比べ効果は半減する。","『野戦服』の迷彩バリエーション。
着ていると、銃の性能が少し上がる。","『野戦服』の迷彩バリエーション。
着ていると、CO-OP境界線の直径が少し大きくなる。",,,,NOT_CHECKED,100,,NOT_STARTED,NOT_BUILT,NOT_TESTED,JPN_PRIMARY; MLG_CN_CONTEXT_AUXILIARY,mechanical template; resource_class=LOOSE_OLANG; source_objects=1
007E2F18,101,1186,1186,1,,page:tag:entity199:key00D9F7F5:ref1186:ord4,"『野戦服』の迷彩バリエーション。
着ていると、銃の性能が少し上がる。","『野戦服』の迷彩バリエーション。
着ていると、CO-OP境界線の直径が少し大きくなる。","『野戦服』の迷彩バリエーション。
ジャングルや土の地面に立つと、カムフラ率が
やや向上する。",,,,NOT_CHECKED,117,,NOT_STARTED,NOT_BUILT,NOT_TESTED,JPN_PRIMARY; MLG_CN_CONTEXT_AUXILIARY,mechanical template; resource_class=LOOSE_OLANG; source_objects=1
007E2F18,102,1192,1192,1,,page:tag:entity194:key00C9F7F5:ref1192:ord4,"『野戦服』の迷彩バリエーション。
着ていると、CO-OP境界線の直径が少し大きくなる。","『野戦服』の迷彩バリエーション。
ジャングルや土の地面に立つと、カムフラ率が
やや向上する。","『野戦服』の迷彩バリエーション。
木造建築の多い環境にいると、カムフラ率が向上する。",,,,NOT_CHECKED,134,,NOT_STARTED,NOT_BUILT,NOT_TESTED,JPN_PRIMARY; MLG_CN_CONTEXT_AUXILIARY,mechanical template; resource_class=LOOSE_OLANG; source_objects=1
007E2F18,103,1198,1198,1,,page:tag:entity189:key0059F7F4:ref1198:ord4,"『野戦服』の迷彩バリエーション。
ジャングルや土の地面に立つと、カムフラ率が
やや向上する。","『野戦服』の迷彩バリエーション。
木造建築の多い環境にいると、カムフラ率が向上する。","『野戦服』の迷彩バリエーション。
水際環境にいると、カムフラ率が向上する。",,,,NOT_CHECKED,124,,NOT_STARTED,NOT_BUILT,NOT_TESTED,JPN_PRIMARY; MLG_CN_CONTEXT_AUXILIARY,mechanical template; resource_class=LOOSE_OLANG; source_objects=1
007E2F18,104,1204,1204,1,,page:tag:entity186:key0049F7F4:ref1204:ord4,"『野戦服』の迷彩バリエーション。
木造建築の多い環境にいると、カムフラ率が向上する。","『野戦服』の迷彩バリエーション。
水際環境にいると、カムフラ率が向上する。","『野戦服』のカラーバリエーション。
色味の近い環境にいると、カムフラ率が向上する。",,,,NOT_CHECKED,109,,NOT_STARTED,NOT_BUILT,NOT_TESTED,JPN_PRIMARY; MLG_CN_CONTEXT_AUXILIARY,mechanical template; resource_class=LOOSE_OLANG; source_objects=1
007E2F18,105,1210,1210;1216;1222;1228;1234;1240;1246;1252,8,,page:tag:entity183:key0039F7F4:ref1210:ord4;page:tag:entity179:key0029F7F4:ref1216:ord4;page:tag:entity176:key0019F7F4:ref1222:ord4;page:tag:entity173:key0009F7F4:ref1228:ord4;page:tag:entity206:key00F9F7F3:ref1234:ord4;page:tag:entity201:key00E9F7F3:ref1240:ord4;page:tag:entity198:key00D9F7F3:ref1246:ord4;page:tag:entity193:key00C9F7F3:ref1252:ord4,"『野戦服』の迷彩バリエーション。
水際環境にいると、カムフラ率が向上する。","『野戦服』のカラーバリエーション。
色味の近い環境にいると、カムフラ率が向上する。",モンスターハンターＴシャツ「狩人」,,,,NOT_CHECKED,121,,NOT_STARTED,NOT_BUILT,NOT_TESTED,JPN_PRIMARY; MLG_CN_CONTEXT_AUXILIARY,mechanical template; resource_class=LOOSE_OLANG; source_objects=8
007E2F18,106,1258,1258,1,,page:tag:entity233:key00C9F7FF:ref1258:ord4,"『野戦服』のカラーバリエーション。
色味の近い環境にいると、カムフラ率が向上する。",モンスターハンターＴシャツ「狩人」,モンスターハンターＴシャツ「狩友」,,,,NOT_CHECKED,51,,NOT_STARTED,NOT_BUILT,NOT_TESTED,JPN_PRIMARY; MLG_CN_CONTEXT_AUXILIARY,mechanical template; resource_class=LOOSE_OLANG; source_objects=1
007E2F18,107,1264,1264,1,,page:tag:entity221:key0039F7FE:ref1264:ord4,モンスターハンターＴシャツ「狩人」,モンスターハンターＴシャツ「狩友」,中村光★荒川UB　星,,,,NOT_CHECKED,51,,NOT_STARTED,NOT_BUILT,NOT_TESTED,JPN_PRIMARY; MLG_CN_CONTEXT_AUXILIARY,mechanical template; resource_class=LOOSE_OLANG; source_objects=1
007E2F18,108,1270,1270,1,,page:tag:entity218:key0029F7FE:ref1270:ord4,モンスターハンターＴシャツ「狩友」,中村光★荒川UB　星,中村光★荒川UB　村長,,,,NOT_CHECKED,26,,NOT_STARTED,NOT_BUILT,NOT_TESTED,JPN_PRIMARY; MLG_CN_CONTEXT_AUXILIARY,mechanical template; resource_class=LOOSE_OLANG; source_objects=1
007E2F18,109,1276,1276,1,,page:tag:entity241:key00E9F7FD:ref1276:ord4,中村光★荒川UB　星,中村光★荒川UB　村長,モンスターハンターＴシャツ「狩祭」,,,,NOT_CHECKED,29,,NOT_STARTED,NOT_BUILT,NOT_TESTED,JPN_PRIMARY; MLG_CN_CONTEXT_AUXILIARY,mechanical template; resource_class=LOOSE_OLANG; source_objects=1
007E2F18,110,1282,1282,1,,page:tag:entity228:key0059F7FC:ref1282:ord4,中村光★荒川UB　村長,モンスターハンターＴシャツ「狩祭」,中村光★荒川UB　リク,,,,NOT_CHECKED,51,,NOT_STARTED,NOT_BUILT,NOT_TESTED,JPN_PRIMARY; MLG_CN_CONTEXT_AUXILIARY,mechanical template; resource_class=LOOSE_OLANG; source_objects=1
007E2F18,111,1288,1288,1,,page:tag:entity224:key0049F7FC:ref1288:ord4,モンスターハンターＴシャツ「狩祭」,中村光★荒川UB　リク,モンスターハンターＴシャツ「狩魂」,,,,NOT_CHECKED,29,,NOT_STARTED,NOT_BUILT,NOT_TESTED,JPN_PRIMARY; MLG_CN_CONTEXT_AUXILIARY,mechanical template; resource_class=LOOSE_OLANG; source_objects=1
007E2F18,112,1294,1294,1,,page:tag:entity232:key00C9F7FB:ref1294:ord4,中村光★荒川UB　リク,モンスターハンターＴシャツ「狩魂」,中村光★荒川UB　シスター,,,,NOT_CHECKED,51,,NOT_STARTED,NOT_BUILT,NOT_TESTED,JPN_PRIMARY; MLG_CN_CONTEXT_AUXILIARY,mechanical template; resource_class=LOOSE_OLANG; source_objects=1
007E2F18,113,1300,1300,1,,page:tag:entity227:key0059F7FA:ref1300:ord4,モンスターハンターＴシャツ「狩魂」,中村光★荒川UB　シスター,中村光★荒川UB　マリア,,,,NOT_CHECKED,35,,NOT_STARTED,NOT_BUILT,NOT_TESTED,JPN_PRIMARY; MLG_CN_CONTEXT_AUXILIARY,mechanical template; resource_class=LOOSE_OLANG; source_objects=1
007E2F18,114,1306,1306,1,,page:tag:entity240:key00E9F7F9:ref1306:ord4,中村光★荒川UB　シスター,中村光★荒川UB　マリア,ラブダンボール,,,,NOT_CHECKED,32,,NOT_STARTED,NOT_BUILT,NOT_TESTED,JPN_PRIMARY; MLG_CN_CONTEXT_AUXILIARY,mechanical template; resource_class=LOOSE_OLANG; source_objects=1
007E2F18,115,1312,1312,1,,page:tag:entity217:key0029F7F8:ref1312:ord4,中村光★荒川UB　マリア,ラブダンボール,ゴールド,,,,NOT_CHECKED,21,,NOT_STARTED,NOT_BUILT,NOT_TESTED,JPN_PRIMARY; MLG_CN_CONTEXT_AUXILIARY,mechanical template; resource_class=LOOSE_OLANG; source_objects=1
007E2F18,116,1318,1318,1,,page:tag:entity214:key0019F7F8:ref1318:ord4,ラブダンボール,ゴールド,中村光★荒川UB　ニノ,,,,NOT_CHECKED,12,,NOT_STARTED,NOT_BUILT,NOT_TESTED,JPN_PRIMARY; MLG_CN_CONTEXT_AUXILIARY,mechanical template; resource_class=LOOSE_OLANG; source_objects=1
007E2F18,117,1324,1324,1,,page:tag:entity211:key0009F7F8:ref1324:ord4,ゴールド,中村光★荒川UB　ニノ,ネイキッド（DPM）,,,,NOT_CHECKED,29,,NOT_STARTED,NOT_BUILT,NOT_TESTED,JPN_PRIMARY; MLG_CN_CONTEXT_AUXILIARY,mechanical template; resource_class=LOOSE_OLANG; source_objects=1
007E2F18,118,1330,1330,1,,page:tag:entity244:key00F9F7F7:ref1330:ord4,中村光★荒川UB　ニノ,ネイキッド（DPM）,ネイキッド（ツリーバーク）,,,,NOT_CHECKED,24,,NOT_STARTED,NOT_BUILT,NOT_TESTED,JPN_PRIMARY; MLG_CN_CONTEXT_AUXILIARY,mechanical template; resource_class=LOOSE_OLANG; source_objects=1
007E2F18,119,1336,1336,1,,page:tag:entity239:key00E9F7F7:ref1336:ord4,ネイキッド（DPM）,ネイキッド（ツリーバーク）,ネイキッド（ウォーター）,,,,NOT_CHECKED,39,,NOT_STARTED,NOT_BUILT,NOT_TESTED,JPN_PRIMARY; MLG_CN_CONTEXT_AUXILIARY,mechanical template; resource_class=LOOSE_OLANG; source_objects=1
007E2F18,120,1342,1342,1,,page:tag:entity236:key00D9F7F7:ref1342:ord4,ネイキッド（ツリーバーク）,ネイキッド（ウォーター）,ネイキッド（グリーン）,,,,NOT_CHECKED,36,,NOT_STARTED,NOT_BUILT,NOT_TESTED,JPN_PRIMARY; MLG_CN_CONTEXT_AUXILIARY,mechanical template; resource_class=LOOSE_OLANG; source_objects=1
007E2F18,121,1348,1348,1,,page:tag:entity231:key00C9F7F7:ref1348:ord4,ネイキッド（ウォーター）,ネイキッド（グリーン）,ネイキッド（ピンク）,,,,NOT_CHECKED,33,,NOT_STARTED,NOT_BUILT,NOT_TESTED,JPN_PRIMARY; MLG_CN_CONTEXT_AUXILIARY,mechanical template; resource_class=LOOSE_OLANG; source_objects=1
007E2F18,122,1354,1354,1,,page:tag:entity226:key0059F7F6:ref1354:ord4,ネイキッド（グリーン）,ネイキッド（ピンク）,ネイキッド（イエロー）,,,,NOT_CHECKED,30,,NOT_STARTED,NOT_BUILT,NOT_TESTED,JPN_PRIMARY; MLG_CN_CONTEXT_AUXILIARY,mechanical template; resource_class=LOOSE_OLANG; source_objects=1
007E2F18,123,1360,1360,1,,page:tag:entity223:key0049F7F6:ref1360:ord4,ネイキッド（ピンク）,ネイキッド（イエロー）,ネイキッド（レッド）,,,,NOT_CHECKED,33,,NOT_STARTED,NOT_BUILT,NOT_TESTED,JPN_PRIMARY; MLG_CN_CONTEXT_AUXILIARY,mechanical template; resource_class=LOOSE_OLANG; source_objects=1
007E2F18,124,1366,1366,1,,page:tag:entity220:key0039F7F6:ref1366:ord4,ネイキッド（イエロー）,ネイキッド（レッド）,ネイキッド（ホワイト）,,,,NOT_CHECKED,30,,NOT_STARTED,NOT_BUILT,NOT_TESTED,JPN_PRIMARY; MLG_CN_CONTEXT_AUXILIARY,mechanical template; resource_class=LOOSE_OLANG; source_objects=1
007E2F18,125,1372,1372,1,,page:tag:entity216:key0029F7F6:ref1372:ord4,ネイキッド（レッド）,ネイキッド（ホワイト）,ネイキッド（ネイビーブルー）,,,,NOT_CHECKED,33,,NOT_STARTED,NOT_BUILT,NOT_TESTED,JPN_PRIMARY; MLG_CN_CONTEXT_AUXILIARY,mechanical template; resource_class=LOOSE_OLANG; source_objects=1
007E2F18,126,1378,1378,1,,page:tag:entity213:key0019F7F6:ref1378:ord4,ネイキッド（ホワイト）,ネイキッド（ネイビーブルー）,ネイキッド（カーキ）,,,,NOT_CHECKED,42,,NOT_STARTED,NOT_BUILT,NOT_TESTED,JPN_PRIMARY; MLG_CN_CONTEXT_AUXILIARY,mechanical template; resource_class=LOOSE_OLANG; source_objects=1
007E2F18,127,1384,1384,1,,page:tag:entity210:key0009F7F6:ref1384:ord4,ネイキッド（ネイビーブルー）,ネイキッド（カーキ）,ネイキッド（ブラック）,,,,NOT_CHECKED,30,,NOT_STARTED,NOT_BUILT,NOT_TESTED,JPN_PRIMARY; MLG_CN_CONTEXT_AUXILIARY,mechanical template; resource_class=LOOSE_OLANG; source_objects=1
007E2F18,128,1390,1390,1,,page:tag:entity243:key00F9F7F5:ref1390:ord4,ネイキッド（カーキ）,ネイキッド（ブラック）,ガンズ・アンド・ジャングル迷彩,,,,NOT_CHECKED,33,,NOT_STARTED,NOT_BUILT,NOT_TESTED,JPN_PRIMARY; MLG_CN_CONTEXT_AUXILIARY,mechanical template; resource_class=LOOSE_OLANG; source_objects=1
007E2F18,129,1396,1396,1,,page:tag:entity238:key00E9F7F5:ref1396:ord4,ネイキッド（ブラック）,ガンズ・アンド・ジャングル迷彩,戦友迷彩,,,,NOT_CHECKED,45,,NOT_STARTED,NOT_BUILT,NOT_TESTED,JPN_PRIMARY; MLG_CN_CONTEXT_AUXILIARY,mechanical template; resource_class=LOOSE_OLANG; source_objects=1
007E2F18,130,1402,1402,1,,page:tag:entity235:key00D9F7F5:ref1402:ord4,ガンズ・アンド・ジャングル迷彩,戦友迷彩,DPM,,,,NOT_CHECKED,12,,NOT_STARTED,NOT_BUILT,NOT_TESTED,JPN_PRIMARY; MLG_CN_CONTEXT_AUXILIARY,mechanical template; resource_class=LOOSE_OLANG; source_objects=1
007E2F18,131,1408,1408;1624,2,,page:tag:entity230:key00C9F7F5:ref1408:ord4;page:tag:entity266:key00C9F7F5:ref1624:ord4,戦友迷彩,DPM,ツリーバーク,,,,NOT_CHECKED,3,,NOT_STARTED,NOT_BUILT,NOT_TESTED,JPN_PRIMARY; MLG_CN_CONTEXT_AUXILIARY,mechanical template; resource_class=LOOSE_OLANG; source_objects=2
007E2F18,132,1414,1414,1,,page:tag:entity225:key0059F7F4:ref1414:ord4,DPM,ツリーバーク,ウォーター,,,,NOT_CHECKED,18,,NOT_STARTED,NOT_BUILT,NOT_TESTED,JPN_PRIMARY; MLG_CN_CONTEXT_AUXILIARY,mechanical template; resource_class=LOOSE_OLANG; source_objects=1
007E2F18,133,1420,1420,1,,page:tag:entity222:key0049F7F4:ref1420:ord4,ツリーバーク,ウォーター,グリーン,,,,NOT_CHECKED,15,,NOT_STARTED,NOT_BUILT,NOT_TESTED,JPN_PRIMARY; MLG_CN_CONTEXT_AUXILIARY,mechanical template; resource_class=LOOSE_OLANG; source_objects=1
007E2F18,134,1426,1426,1,,page:tag:entity219:key0039F7F4:ref1426:ord4,ウォーター,グリーン,ピンク,,,,NOT_CHECKED,12,,NOT_STARTED,NOT_BUILT,NOT_TESTED,JPN_PRIMARY; MLG_CN_CONTEXT_AUXILIARY,mechanical template; resource_class=LOOSE_OLANG; source_objects=1
007E2F18,135,1432,1432,1,,page:tag:entity215:key0029F7F4:ref1432:ord4,グリーン,ピンク,イエロー,,,,NOT_CHECKED,9,,NOT_STARTED,NOT_BUILT,NOT_TESTED,JPN_PRIMARY; MLG_CN_CONTEXT_AUXILIARY,mechanical template; resource_class=LOOSE_OLANG; source_objects=1
007E2F18,136,1438,1438,1,,page:tag:entity212:key0019F7F4:ref1438:ord4,ピンク,イエロー,レッド,,,,NOT_CHECKED,12,,NOT_STARTED,NOT_BUILT,NOT_TESTED,JPN_PRIMARY; MLG_CN_CONTEXT_AUXILIARY,mechanical template; resource_class=LOOSE_OLANG; source_objects=1
007E2F18,137,1444,1444,1,,page:tag:entity209:key0009F7F4:ref1444:ord4,イエロー,レッド,ホワイト,,,,NOT_CHECKED,9,,NOT_STARTED,NOT_BUILT,NOT_TESTED,JPN_PRIMARY; MLG_CN_CONTEXT_AUXILIARY,mechanical template; resource_class=LOOSE_OLANG; source_objects=1
007E2F18,138,1450,1450,1,,page:tag:entity242:key00F9F7F3:ref1450:ord4,レッド,ホワイト,ネイビーブルー,,,,NOT_CHECKED,12,,NOT_STARTED,NOT_BUILT,NOT_TESTED,JPN_PRIMARY; MLG_CN_CONTEXT_AUXILIARY,mechanical template; resource_class=LOOSE_OLANG; source_objects=1
007E2F18,139,1456,1456,1,,page:tag:entity237:key00E9F7F3:ref1456:ord4,ホワイト,ネイビーブルー,カーキ,,,,NOT_CHECKED,21,,NOT_STARTED,NOT_BUILT,NOT_TESTED,JPN_PRIMARY; MLG_CN_CONTEXT_AUXILIARY,mechanical template; resource_class=LOOSE_OLANG; source_objects=1
007E2F18,140,1462,1462,1,,page:tag:entity234:key00D9F7F3:ref1462:ord4,ネイビーブルー,カーキ,ブラック,,,,NOT_CHECKED,9,,NOT_STARTED,NOT_BUILT,NOT_TESTED,JPN_PRIMARY; MLG_CN_CONTEXT_AUXILIARY,mechanical template; resource_class=LOOSE_OLANG; source_objects=1
007E2F18,141,1468,1468,1,,page:tag:entity229:key00C9F7F3:ref1468:ord4,カーキ,ブラック,MHT-K.CHU,,,,NOT_CHECKED,12,,NOT_STARTED,NOT_BUILT,NOT_TESTED,JPN_PRIMARY; MLG_CN_CONTEXT_AUXILIARY,mechanical template; resource_class=LOOSE_OLANG; source_objects=1
007E2F18,142,1474,1474,1,,page:tag:entity269:key00C9F7FF:ref1474:ord4,ブラック,MHT-K.CHU,MHT-K.TOMO,,,,NOT_CHECKED,9,,NOT_STARTED,NOT_BUILT,NOT_TESTED,JPN_PRIMARY; MLG_CN_CONTEXT_AUXILIARY,mechanical template; resource_class=LOOSE_OLANG; source_objects=1
007E2F18,143,1480,1480,1,,page:tag:entity257:key0039F7FE:ref1480:ord4,MHT-K.CHU,MHT-K.TOMO,UB-HOSHI,,,,NOT_CHECKED,10,,NOT_STARTED,NOT_BUILT,NOT_TESTED,JPN_PRIMARY; MLG_CN_CONTEXT_AUXILIARY,mechanical template; resource_class=LOOSE_OLANG; source_objects=1
007E2F18,144,1486,1486,1,,page:tag:entity254:key0029F7FE:ref1486:ord4,MHT-K.TOMO,UB-HOSHI,UB-SONCYOU,,,,NOT_CHECKED,8,,NOT_STARTED,NOT_BUILT,NOT_TESTED,JPN_PRIMARY; MLG_CN_CONTEXT_AUXILIARY,mechanical template; resource_class=LOOSE_OLANG; source_objects=1
007E2F18,145,1492,1492,1,,page:tag:entity277:key00E9F7FD:ref1492:ord4,UB-HOSHI,UB-SONCYOU,MHT-K.MA,,,,NOT_CHECKED,10,,NOT_STARTED,NOT_BUILT,NOT_TESTED,JPN_PRIMARY; MLG_CN_CONTEXT_AUXILIARY,mechanical template; resource_class=LOOSE_OLANG; source_objects=1
007E2F18,146,1498,1498,1,,page:tag:entity264:key0059F7FC:ref1498:ord4,UB-SONCYOU,MHT-K.MA,UB-RIKU,,,,NOT_CHECKED,8,,NOT_STARTED,NOT_BUILT,NOT_TESTED,JPN_PRIMARY; MLG_CN_CONTEXT_AUXILIARY,mechanical template; resource_class=LOOSE_OLANG; source_objects=1
007E2F18,147,1504,1504,1,,page:tag:entity260:key0049F7FC:ref1504:ord4,MHT-K.MA,UB-RIKU,MHT-K.DAMA,,,,NOT_CHECKED,7,,NOT_STARTED,NOT_BUILT,NOT_TESTED,JPN_PRIMARY; MLG_CN_CONTEXT_AUXILIARY,mechanical template; resource_class=LOOSE_OLANG; source_objects=1
007E2F18,148,1510,1510,1,,page:tag:entity268:key00C9F7FB:ref1510:ord4,UB-RIKU,MHT-K.DAMA,UB-SISTER,,,,NOT_CHECKED,10,,NOT_STARTED,NOT_BUILT,NOT_TESTED,JPN_PRIMARY; MLG_CN_CONTEXT_AUXILIARY,mechanical template; resource_class=LOOSE_OLANG; source_objects=1
007E2F18,149,1516,1516,1,,page:tag:entity263:key0059F7FA:ref1516:ord4,MHT-K.DAMA,UB-SISTER,UB-MARIA,,,,NOT_CHECKED,9,,NOT_STARTED,NOT_BUILT,NOT_TESTED,JPN_PRIMARY; MLG_CN_CONTEXT_AUXILIARY,mechanical template; resource_class=LOOSE_OLANG; source_objects=1
007E2F18,150,1522,1522,1,,page:tag:entity276:key00E9F7F9:ref1522:ord4,UB-SISTER,UB-MARIA,LOVE BOX,,,,NOT_CHECKED,8,,NOT_STARTED,NOT_BUILT,NOT_TESTED,JPN_PRIMARY; MLG_CN_CONTEXT_AUXILIARY,mechanical template; resource_class=LOOSE_OLANG; source_objects=1
007E2F18,151,1528,1528,1,,page:tag:entity253:key0029F7F8:ref1528:ord4,UB-MARIA,LOVE BOX,GOLD,,,,NOT_CHECKED,8,,NOT_STARTED,NOT_BUILT,NOT_TESTED,JPN_PRIMARY; MLG_CN_CONTEXT_AUXILIARY,mechanical template; resource_class=LOOSE_OLANG; source_objects=1
007E2F18,152,1534,1534,1,,page:tag:entity250:key0019F7F8:ref1534:ord4,LOVE BOX,GOLD,UB-NINO,,,,NOT_CHECKED,4,,NOT_STARTED,NOT_BUILT,NOT_TESTED,JPN_PRIMARY; MLG_CN_CONTEXT_AUXILIARY,mechanical template; resource_class=LOOSE_OLANG; source_objects=1
007E2F18,153,1540,1540,1,,page:tag:entity247:key0009F7F8:ref1540:ord4,GOLD,UB-NINO,NKD(DPM),,,,NOT_CHECKED,7,,NOT_STARTED,NOT_BUILT,NOT_TESTED,JPN_PRIMARY; MLG_CN_CONTEXT_AUXILIARY,mechanical template; resource_class=LOOSE_OLANG; source_objects=1
007E2F18,154,1546,1546,1,,page:tag:entity280:key00F9F7F7:ref1546:ord4,UB-NINO,NKD(DPM),NKD(T.B),,,,NOT_CHECKED,8,,NOT_STARTED,NOT_BUILT,NOT_TESTED,JPN_PRIMARY; MLG_CN_CONTEXT_AUXILIARY,mechanical template; resource_class=LOOSE_OLANG; source_objects=1
007E2F18,155,1552,1552,1,,page:tag:entity275:key00E9F7F7:ref1552:ord4,NKD(DPM),NKD(T.B),NKD(WATR),,,,NOT_CHECKED,8,,NOT_STARTED,NOT_BUILT,NOT_TESTED,JPN_PRIMARY; MLG_CN_CONTEXT_AUXILIARY,mechanical template; resource_class=LOOSE_OLANG; source_objects=1
007E2F18,156,1558,1558,1,,page:tag:entity272:key00D9F7F7:ref1558:ord4,NKD(T.B),NKD(WATR),NKD(GRN),,,,NOT_CHECKED,9,,NOT_STARTED,NOT_BUILT,NOT_TESTED,JPN_PRIMARY; MLG_CN_CONTEXT_AUXILIARY,mechanical template; resource_class=LOOSE_OLANG; source_objects=1
007E2F18,157,1564,1564,1,,page:tag:entity267:key00C9F7F7:ref1564:ord4,NKD(WATR),NKD(GRN),NKD(PINK),,,,NOT_CHECKED,8,,NOT_STARTED,NOT_BUILT,NOT_TESTED,JPN_PRIMARY; MLG_CN_CONTEXT_AUXILIARY,mechanical template; resource_class=LOOSE_OLANG; source_objects=1
007E2F18,158,1570,1570,1,,page:tag:entity262:key0059F7F6:ref1570:ord4,NKD(GRN),NKD(PINK),NKD(YELW),,,,NOT_CHECKED,9,,NOT_STARTED,NOT_BUILT,NOT_TESTED,JPN_PRIMARY; MLG_CN_CONTEXT_AUXILIARY,mechanical template; resource_class=LOOSE_OLANG; source_objects=1
007E2F18,159,1576,1576,1,,page:tag:entity259:key0049F7F6:ref1576:ord4,NKD(PINK),NKD(YELW),NKD(RED),,,,NOT_CHECKED,9,,NOT_STARTED,NOT_BUILT,NOT_TESTED,JPN_PRIMARY; MLG_CN_CONTEXT_AUXILIARY,mechanical template; resource_class=LOOSE_OLANG; source_objects=1
007E2F18,160,1582,1582,1,,page:tag:entity256:key0039F7F6:ref1582:ord4,NKD(YELW),NKD(RED),NKD(WHITE),,,,NOT_CHECKED,8,,NOT_STARTED,NOT_BUILT,NOT_TESTED,JPN_PRIMARY; MLG_CN_CONTEXT_AUXILIARY,mechanical template; resource_class=LOOSE_OLANG; source_objects=1
007E2F18,161,1588,1588,1,,page:tag:entity252:key0029F7F6:ref1588:ord4,NKD(RED),NKD(WHITE),NKD(N.BLU),,,,NOT_CHECKED,10,,NOT_STARTED,NOT_BUILT,NOT_TESTED,JPN_PRIMARY; MLG_CN_CONTEXT_AUXILIARY,mechanical template; resource_class=LOOSE_OLANG; source_objects=1
007E2F18,162,1594,1594,1,,page:tag:entity249:key0019F7F6:ref1594:ord4,NKD(WHITE),NKD(N.BLU),NKD(KHAKI),,,,NOT_CHECKED,10,,NOT_STARTED,NOT_BUILT,NOT_TESTED,JPN_PRIMARY; MLG_CN_CONTEXT_AUXILIARY,mechanical template; resource_class=LOOSE_OLANG; source_objects=1
007E2F18,163,1600,1600,1,,page:tag:entity246:key0009F7F6:ref1600:ord4,NKD(N.BLU),NKD(KHAKI),NKD(BLACK),,,,NOT_CHECKED,10,,NOT_STARTED,NOT_BUILT,NOT_TESTED,JPN_PRIMARY; MLG_CN_CONTEXT_AUXILIARY,mechanical template; resource_class=LOOSE_OLANG; source_objects=1
007E2F18,164,1606,1606,1,,page:tag:entity279:key00F9F7F5:ref1606:ord4,NKD(KHAKI),NKD(BLACK),G&J,,,,NOT_CHECKED,10,,NOT_STARTED,NOT_BUILT,NOT_TESTED,JPN_PRIMARY; MLG_CN_CONTEXT_AUXILIARY,mechanical template; resource_class=LOOSE_OLANG; source_objects=1
007E2F18,165,1612,1612,1,,page:tag:entity274:key00E9F7F5:ref1612:ord4,NKD(BLACK),G&J,COMRADE,,,,NOT_CHECKED,3,,NOT_STARTED,NOT_BUILT,NOT_TESTED,JPN_PRIMARY; MLG_CN_CONTEXT_AUXILIARY,mechanical template; resource_class=LOOSE_OLANG; source_objects=1
007E2F18,166,1618,1618,1,,page:tag:entity271:key00D9F7F5:ref1618:ord4,G&J,COMRADE,DPM,,,,NOT_CHECKED,7,,NOT_STARTED,NOT_BUILT,NOT_TESTED,JPN_PRIMARY; MLG_CN_CONTEXT_AUXILIARY,mechanical template; resource_class=LOOSE_OLANG; source_objects=1
007E2F18,167,1630,1630,1,,page:tag:entity261:key0059F7F4:ref1630:ord4,DPM,TREE BARK,WATER,,,,NOT_CHECKED,9,,NOT_STARTED,NOT_BUILT,NOT_TESTED,JPN_PRIMARY; MLG_CN_CONTEXT_AUXILIARY,mechanical template; resource_class=LOOSE_OLANG; source_objects=1
007E2F18,168,1636,1636,1,,page:tag:entity258:key0049F7F4:ref1636:ord4,TREE BARK,WATER,GREEN,,,,NOT_CHECKED,5,,NOT_STARTED,NOT_BUILT,NOT_TESTED,JPN_PRIMARY; MLG_CN_CONTEXT_AUXILIARY,mechanical template; resource_class=LOOSE_OLANG; source_objects=1
007E2F18,169,1642,1642,1,,page:tag:entity255:key0039F7F4:ref1642:ord4,WATER,GREEN,PINK,,,,NOT_CHECKED,5,,NOT_STARTED,NOT_BUILT,NOT_TESTED,JPN_PRIMARY; MLG_CN_CONTEXT_AUXILIARY,mechanical template; resource_class=LOOSE_OLANG; source_objects=1
007E2F18,170,1648,1648,1,,page:tag:entity251:key0029F7F4:ref1648:ord4,GREEN,PINK,YELLOW,,,,NOT_CHECKED,4,,NOT_STARTED,NOT_BUILT,NOT_TESTED,JPN_PRIMARY; MLG_CN_CONTEXT_AUXILIARY,mechanical template; resource_class=LOOSE_OLANG; source_objects=1
007E2F18,171,1654,1654,1,,page:tag:entity248:key0019F7F4:ref1654:ord4,PINK,YELLOW,RED,,,,NOT_CHECKED,6,,NOT_STARTED,NOT_BUILT,NOT_TESTED,JPN_PRIMARY; MLG_CN_CONTEXT_AUXILIARY,mechanical template; resource_class=LOOSE_OLANG; source_objects=1
007E2F18,172,1660,1660,1,,page:tag:entity245:key0009F7F4:ref1660:ord4,YELLOW,RED,WHITE,,,,NOT_CHECKED,3,,NOT_STARTED,NOT_BUILT,NOT_TESTED,JPN_PRIMARY; MLG_CN_CONTEXT_AUXILIARY,mechanical template; resource_class=LOOSE_OLANG; source_objects=1
007E2F18,173,1666,1666,1,,page:tag:entity278:key00F9F7F3:ref1666:ord4,RED,WHITE,NAVY BLUE,,,,NOT_CHECKED,5,,NOT_STARTED,NOT_BUILT,NOT_TESTED,JPN_PRIMARY; MLG_CN_CONTEXT_AUXILIARY,mechanical template; resource_class=LOOSE_OLANG; source_objects=1
007E2F18,174,1672,1672,1,,page:tag:entity273:key00E9F7F3:ref1672:ord4,WHITE,NAVY BLUE,KHAKI,,,,NOT_CHECKED,9,,NOT_STARTED,NOT_BUILT,NOT_TESTED,JPN_PRIMARY; MLG_CN_CONTEXT_AUXILIARY,mechanical template; resource_class=LOOSE_OLANG; source_objects=1
007E2F18,175,1678,1678,1,,page:tag:entity270:key00D9F7F3:ref1678:ord4,NAVY BLUE,KHAKI,BLACK,,,,NOT_CHECKED,5,,NOT_STARTED,NOT_BUILT,NOT_TESTED,JPN_PRIMARY; MLG_CN_CONTEXT_AUXILIARY,mechanical template; resource_class=LOOSE_OLANG; source_objects=1
007E2F18,176,1684,1684,1,,page:tag:entity265:key00C9F7F3:ref1684:ord4,KHAKI,BLACK,対象へ接近！,,,,NOT_CHECKED,5,,NOT_STARTED,NOT_BUILT,NOT_TESTED,JPN_PRIMARY; MLG_CN_CONTEXT_AUXILIARY,mechanical template; resource_class=LOOSE_OLANG; source_objects=1
007E2F18,177,1690,1690,1,,page:tag:entity290:key00000009:ref1690:ord4,BLACK,対象へ接近！,レドーム損傷！,,,,NOT_CHECKED,18,,NOT_STARTED,NOT_BUILT,NOT_TESTED,JPN_PRIMARY; MLG_CN_CONTEXT_AUXILIARY,mechanical template; resource_class=LOOSE_OLANG; source_objects=1
007E2F18,178,1696,1696,1,,page:tag:entity289:key00000008:ref1696:ord4,対象へ接近！,レドーム損傷！,自己修復開始！,,,,NOT_CHECKED,21,,NOT_STARTED,NOT_BUILT,NOT_TESTED,JPN_PRIMARY; MLG_CN_CONTEXT_AUXILIARY,mechanical template; resource_class=LOOSE_OLANG; source_objects=1
007E2F18,179,1702,1702,1,,page:tag:entity288:key00000007:ref1702:ord4,レドーム損傷！,自己修復開始！,通常モード,,,,NOT_CHECKED,21,,NOT_STARTED,NOT_BUILT,NOT_TESTED,JPN_PRIMARY; MLG_CN_CONTEXT_AUXILIARY,mechanical template; resource_class=LOOSE_OLANG; source_objects=1
007E2F18,180,1714,1714;1816,2,,page:tag:entity286:key00000005:ref1714:ord4;page:tag:entity304:key00000017:ref1816:ord4,自己修復開始！,通常モード,攻撃モード！,,,,NOT_CHECKED,15,,NOT_STARTED,NOT_BUILT,NOT_TESTED,JPN_PRIMARY; MLG_CN_CONTEXT_AUXILIARY,mechanical template; resource_class=LOOSE_OLANG; source_objects=2
007E2F18,181,1720,1720;1822,2,,page:tag:entity285:key00000004:ref1720:ord4;page:tag:entity303:key00000016:ref1822:ord4,通常モード,攻撃モード！,キッドナッパー射出！,,,,NOT_CHECKED,18,,NOT_STARTED,NOT_BUILT,NOT_TESTED,JPN_PRIMARY; MLG_CN_CONTEXT_AUXILIARY,mechanical template; resource_class=LOOSE_OLANG; source_objects=2
007E2F18,182,1774,1774,1,,page:tag:entity284:key00000003:ref1774:ord4,攻撃モード！,キッドナッパー射出！,さあ、もう一度行くぞ！,,,,NOT_CHECKED,30,,NOT_STARTED,NOT_BUILT,NOT_TESTED,JPN_PRIMARY; MLG_CN_CONTEXT_AUXILIARY,mechanical template; resource_class=LOOSE_OLANG; source_objects=1
007E2F18,183,1786,1786,1,,page:tag:entity309:key0000001C:ref1786:ord4,キッドナッパー射出！,さあ、もう一度行くぞ！,そこか！,,,,NOT_CHECKED,33,,NOT_STARTED,NOT_BUILT,NOT_TESTED,JPN_PRIMARY; MLG_CN_CONTEXT_AUXILIARY,mechanical template; resource_class=LOOSE_OLANG; source_objects=1
007E2F18,184,1792,1792,1,,page:tag:entity308:key0000001B:ref1792:ord4,さあ、もう一度行くぞ！,そこか！,くそ！,,,,NOT_CHECKED,12,,NOT_STARTED,NOT_BUILT,NOT_TESTED,JPN_PRIMARY; MLG_CN_CONTEXT_AUXILIARY,mechanical template; resource_class=LOOSE_OLANG; source_objects=1
007E2F18,185,1798,1798,1,,page:tag:entity307:key0000001A:ref1798:ord4,そこか！,くそ！,何を！,,,,NOT_CHECKED,9,,NOT_STARTED,NOT_BUILT,NOT_TESTED,JPN_PRIMARY; MLG_CN_CONTEXT_AUXILIARY,mechanical template; resource_class=LOOSE_OLANG; source_objects=1
007E2F18,186,1804,1804,1,,page:tag:entity306:key00000019:ref1804:ord4,くそ！,何を！,通常モード,,,,NOT_CHECKED,9,,NOT_STARTED,NOT_BUILT,NOT_TESTED,JPN_PRIMARY; MLG_CN_CONTEXT_AUXILIARY,mechanical template; resource_class=LOOSE_OLANG; source_objects=1
007E2F18,187,1828,1828,1,,page:tag:entity302:key00000015:ref1828:ord4,攻撃モード！,行け！キッドナッパー,地獄に送ってやる！,,,,NOT_CHECKED,30,,NOT_STARTED,NOT_BUILT,NOT_TESTED,JPN_PRIMARY; MLG_CN_CONTEXT_AUXILIARY,mechanical template; resource_class=LOOSE_OLANG; source_objects=1
007E2F18,188,1834,1834,1,,page:tag:entity301:key00000014:ref1834:ord4,行け！キッドナッパー,地獄に送ってやる！,レールガンチャージ！,,,,NOT_CHECKED,27,,NOT_STARTED,NOT_BUILT,NOT_TESTED,JPN_PRIMARY; MLG_CN_CONTEXT_AUXILIARY,mechanical template; resource_class=LOOSE_OLANG; source_objects=1
007E2F18,189,1840,1840,1,,page:tag:entity283:key00000002:ref1840:ord4,地獄に送ってやる！,レールガンチャージ！,喰らえ！,,,,NOT_CHECKED,30,,NOT_STARTED,NOT_BUILT,NOT_TESTED,JPN_PRIMARY; MLG_CN_CONTEXT_AUXILIARY,mechanical template; resource_class=LOOSE_OLANG; source_objects=1
007E2F18,190,1846,1846,1,,page:tag:entity300:key00000013:ref1846:ord4,レールガンチャージ！,喰らえ！,ロック解除,,,,NOT_CHECKED,12,,NOT_STARTED,NOT_BUILT,NOT_TESTED,JPN_PRIMARY; MLG_CN_CONTEXT_AUXILIARY,mechanical template; resource_class=LOOSE_OLANG; source_objects=1
007E2F18,191,1900,1900,1,,page:tag:entity291:key0000000A:ref1900:ord4,ロック解除,再起動！,チェインガン掃射！,,,,NOT_CHECKED,12,,NOT_STARTED,NOT_BUILT,NOT_TESTED,JPN_PRIMARY; MLG_CN_CONTEXT_AUXILIARY,mechanical template; resource_class=LOOSE_OLANG; source_objects=1
007E2F18,192,1906,1906,1,,page:tag:entity282:key00000001:ref1906:ord4,再起動！,チェインガン掃射！,ロック解除,,,,NOT_CHECKED,27,,NOT_STARTED,NOT_BUILT,NOT_TESTED,JPN_PRIMARY; MLG_CN_CONTEXT_AUXILIARY,mechanical template; resource_class=LOOSE_OLANG; source_objects=1
007E2F18,193,1918,1918;2020,2,,page:tag:entity328:key00000009:ref1918:ord4;page:tag:entity346:key0000001B:ref2020:ord4,ロック解除,あんた　そこやろ,もうええわ　通常モード！,,,,NOT_CHECKED,24,,NOT_STARTED,NOT_BUILT,NOT_TESTED,JPN_PRIMARY; MLG_CN_CONTEXT_AUXILIARY,mechanical template; resource_class=LOOSE_OLANG; source_objects=2
007E2F18,194,1942,1942;2044,2,,page:tag:entity324:key00000005:ref1942:ord4;page:tag:entity342:key00000017:ref2044:ord4,あんた　そこやろ,もうええわ　通常モード！,攻撃モード 変形や！,,,,NOT_CHECKED,36,,NOT_STARTED,NOT_BUILT,NOT_TESTED,JPN_PRIMARY; MLG_CN_CONTEXT_AUXILIARY,mechanical template; resource_class=LOOSE_OLANG; source_objects=2
007E2F18,195,1948,1948;2050,2,,page:tag:entity323:key00000004:ref1948:ord4;page:tag:entity341:key00000016:ref2050:ord4,もうええわ　通常モード！,攻撃モード 変形や！,キッドナッパー　かますで！,,,,NOT_CHECKED,28,,NOT_STARTED,NOT_BUILT,NOT_TESTED,JPN_PRIMARY; MLG_CN_CONTEXT_AUXILIARY,mechanical template; resource_class=LOOSE_OLANG; source_objects=2
007E2F18,196,2002,2002;2056,2,,page:tag:entity322:key00000003:ref2002:ord4;page:tag:entity340:key00000015:ref2056:ord4,攻撃モード 変形や！,キッドナッパー　かますで！,もういっぺんいくでえ,,,,NOT_CHECKED,39,,NOT_STARTED,NOT_BUILT,NOT_TESTED,JPN_PRIMARY; MLG_CN_CONTEXT_AUXILIARY,mechanical template; resource_class=LOOSE_OLANG; source_objects=2
007E2F18,197,2014,2014;2128,2,,page:tag:entity347:key0000001C:ref2014:ord4;page:tag:entity329:key0000000A:ref2128:ord4,キッドナッパー　かますで！,もういっぺんいくでえ,あんた　そこやろ,,,,NOT_CHECKED,30,,NOT_STARTED,NOT_BUILT,NOT_TESTED,JPN_PRIMARY; MLG_CN_CONTEXT_AUXILIARY,mechanical template; resource_class=LOOSE_OLANG; source_objects=2
007E2F18,198,2062,2062;2068,2,,page:tag:entity339:key00000014:ref2062:ord4;page:tag:entity321:key00000002:ref2068:ord4,キッドナッパー　かますで！,いくで いくで いくでぇ！,どや？　痛いか？,,,,NOT_CHECKED,35,,NOT_STARTED,NOT_BUILT,NOT_TESTED,JPN_PRIMARY; MLG_CN_CONTEXT_AUXILIARY,mechanical template; resource_class=LOOSE_OLANG; source_objects=2
007E2F18,199,2074,2074;2134,2,,page:tag:entity338:key00000013:ref2074:ord4;page:tag:entity320:key00000001:ref2134:ord4,いくで いくで いくでぇ！,どや？　痛いか？,もういっぺんいくでえ,,,,NOT_CHECKED,24,,NOT_STARTED,NOT_BUILT,NOT_TESTED,JPN_PRIMARY; MLG_CN_CONTEXT_AUXILIARY,mechanical template; resource_class=LOOSE_OLANG; source_objects=2
007E2F18,200,2158,2158;2224,2,,page:tag:entity364:key00000007:ref2158:ord4;page:tag:entity378:key00000015:ref2224:ord4,どや？　痛いか？,なんしょんなぁ,もうつぶれーや,,,,NOT_CHECKED,21,,NOT_STARTED,NOT_BUILT,NOT_TESTED,JPN_PRIMARY; MLG_CN_CONTEXT_AUXILIARY,mechanical template; resource_class=LOOSE_OLANG; source_objects=2
007E2F18,201,2164,2164;2230,2,,page:tag:entity363:key00000006:ref2164:ord4;page:tag:entity377:key00000014:ref2230:ord4,なんしょんなぁ,もうつぶれーや,なかしちゃろぉかいのぉ,,,,NOT_CHECKED,21,,NOT_STARTED,NOT_BUILT,NOT_TESTED,JPN_PRIMARY; MLG_CN_CONTEXT_AUXILIARY,mechanical template; resource_class=LOOSE_OLANG; source_objects=2
007E2F18,202,2170,2170;2242,2,,page:tag:entity362:key00000005:ref2170:ord4;page:tag:entity376:key00000013:ref2242:ord4,もうつぶれーや,なかしちゃろぉかいのぉ,くらいんさい,,,,NOT_CHECKED,33,,NOT_STARTED,NOT_BUILT,NOT_TESTED,JPN_PRIMARY; MLG_CN_CONTEXT_AUXILIARY,mechanical template; resource_class=LOOSE_OLANG; source_objects=2
007E2F18,203,2176,2176;2248,2,,page:tag:entity361:key00000004:ref2176:ord4;page:tag:entity375:key00000012:ref2248:ord4,なかしちゃろぉかいのぉ,くらいんさい,しねぇーや,,,,NOT_CHECKED,18,,NOT_STARTED,NOT_BUILT,NOT_TESTED,JPN_PRIMARY; MLG_CN_CONTEXT_AUXILIARY,mechanical template; resource_class=LOOSE_OLANG; source_objects=2
007E2F18,204,2182,2182;2254,2,,page:tag:entity360:key00000003:ref2182:ord4;page:tag:entity374:key00000011:ref2254:ord4,くらいんさい,しねぇーや,なんしょんなぁ,,,,NOT_CHECKED,15,,NOT_STARTED,NOT_BUILT,NOT_TESTED,JPN_PRIMARY; MLG_CN_CONTEXT_AUXILIARY,mechanical template; resource_class=LOOSE_OLANG; source_objects=2
007E2F18,205,2236,2236;2260,2,,page:tag:entity359:key00000002:ref2236:ord4;page:tag:entity373:key00000010:ref2260:ord4,もうつぶれーや,にがしゃーせんわいね,なかしちゃろぉかいのぉ,,,,NOT_CHECKED,30,,NOT_STARTED,NOT_BUILT,NOT_TESTED,JPN_PRIMARY; MLG_CN_CONTEXT_AUXILIARY,mechanical template; resource_class=LOOSE_OLANG; source_objects=2
007E2F18,206,2266,2266;2302,2,,page:tag:entity372:key0000000F:ref2266:ord4;page:tag:entity358:key00000001:ref2302:ord4,にがしゃーせんわいね,おわっちょらんわいのぉ,冷却完了 再起動！,,,,NOT_CHECKED,33,,NOT_STARTED,NOT_BUILT,NOT_TESTED,JPN_PRIMARY; MLG_CN_CONTEXT_AUXILIARY,mechanical template; resource_class=LOOSE_OLANG; source_objects=2
007E2F18,207,2320,2320;2386,2,,page:tag:entity393:key00000008:ref2320:ord4;page:tag:entity407:key00000016:ref2386:ord4,おわっちょらんわいのぉ,冷却完了 再起動！,エンジン内温度異常発生！,,,,NOT_CHECKED,25,,NOT_STARTED,NOT_BUILT,NOT_TESTED,JPN_PRIMARY; MLG_CN_CONTEXT_AUXILIARY,mechanical template; resource_class=LOOSE_OLANG; source_objects=2
007E2F18,208,2326,2326,1,,page:tag:entity392:key00000007:ref2326:ord4,冷却完了 再起動！,エンジン内温度異常発生！,腹部脅威排除！,,,,NOT_CHECKED,36,,NOT_STARTED,NOT_BUILT,NOT_TESTED,JPN_PRIMARY; MLG_CN_CONTEXT_AUXILIARY,mechanical template; resource_class=LOOSE_OLANG; source_objects=1
007E2F18,209,2332,2332,1,,page:tag:entity391:key00000006:ref2332:ord4,エンジン内温度異常発生！,腹部脅威排除！,直接攻撃発動！,,,,NOT_CHECKED,21,,NOT_STARTED,NOT_BUILT,NOT_TESTED,JPN_PRIMARY; MLG_CN_CONTEXT_AUXILIARY,mechanical template; resource_class=LOOSE_OLANG; source_objects=1
007E2F18,210,2338,2338,1,,page:tag:entity390:key00000005:ref2338:ord4,腹部脅威排除！,直接攻撃発動！,主砲装填完了！,,,,NOT_CHECKED,21,,NOT_STARTED,NOT_BUILT,NOT_TESTED,JPN_PRIMARY; MLG_CN_CONTEXT_AUXILIARY,mechanical template; resource_class=LOOSE_OLANG; source_objects=1
007E2F18,211,2344,2344,1,,page:tag:entity389:key00000004:ref2344:ord4,直接攻撃発動！,主砲装填完了！,範囲攻撃実行！,,,,NOT_CHECKED,21,,NOT_STARTED,NOT_BUILT,NOT_TESTED,JPN_PRIMARY; MLG_CN_CONTEXT_AUXILIARY,mechanical template; resource_class=LOOSE_OLANG; source_objects=1
007E2F18,212,2350,2350,1,,page:tag:entity388:key00000003:ref2350:ord4,主砲装填完了！,範囲攻撃実行！,冷却完了 再起動！,,,,NOT_CHECKED,21,,NOT_STARTED,NOT_BUILT,NOT_TESTED,JPN_PRIMARY; MLG_CN_CONTEXT_AUXILIARY,mechanical template; resource_class=LOOSE_OLANG; source_objects=1
007E2F18,213,2392,2392,1,,page:tag:entity406:key00000015:ref2392:ord4,冷却完了 再起動！,ブチ切れた！,潰してやる！,,,,NOT_CHECKED,18,,NOT_STARTED,NOT_BUILT,NOT_TESTED,JPN_PRIMARY; MLG_CN_CONTEXT_AUXILIARY,mechanical template; resource_class=LOOSE_OLANG; source_objects=1
007E2F18,214,2398,2398,1,,page:tag:entity405:key00000014:ref2398:ord4,ブチ切れた！,潰してやる！,ミサイルターゲット補足！,,,,NOT_CHECKED,18,,NOT_STARTED,NOT_BUILT,NOT_TESTED,JPN_PRIMARY; MLG_CN_CONTEXT_AUXILIARY,mechanical template; resource_class=LOOSE_OLANG; source_objects=1
007E2F18,215,2404,2404,1,,page:tag:entity387:key00000002:ref2404:ord4,潰してやる！,ミサイルターゲット補足！,アーム攻撃！,,,,NOT_CHECKED,36,,NOT_STARTED,NOT_BUILT,NOT_TESTED,JPN_PRIMARY; MLG_CN_CONTEXT_AUXILIARY,mechanical template; resource_class=LOOSE_OLANG; source_objects=1
007E2F18,216,2410,2410,1,,page:tag:entity404:key00000013:ref2410:ord4,ミサイルターゲット補足！,アーム攻撃！,でかいのを喰らえ！,,,,NOT_CHECKED,18,,NOT_STARTED,NOT_BUILT,NOT_TESTED,JPN_PRIMARY; MLG_CN_CONTEXT_AUXILIARY,mechanical template; resource_class=LOOSE_OLANG; source_objects=1
007E2F18,217,2416,2416,1,,page:tag:entity403:key00000012:ref2416:ord4,アーム攻撃！,でかいのを喰らえ！,死ねーっ！,,,,NOT_CHECKED,27,,NOT_STARTED,NOT_BUILT,NOT_TESTED,JPN_PRIMARY; MLG_CN_CONTEXT_AUXILIARY,mechanical template; resource_class=LOOSE_OLANG; source_objects=1
007E2F18,218,2422,2422,1,,page:tag:entity402:key00000011:ref2422:ord4,でかいのを喰らえ！,死ねーっ！,逃がすものか！,,,,NOT_CHECKED,15,,NOT_STARTED,NOT_BUILT,NOT_TESTED,JPN_PRIMARY; MLG_CN_CONTEXT_AUXILIARY,mechanical template; resource_class=LOOSE_OLANG; source_objects=1
007E2F18,219,2428,2428;2608,2,,page:tag:entity401:key00000010:ref2428:ord4;page:tag:entity431:key00000012:ref2608:ord4,死ねーっ！,逃がすものか！,まだ終わってない！,,,,NOT_CHECKED,21,,NOT_STARTED,NOT_BUILT,NOT_TESTED,JPN_PRIMARY; MLG_CN_CONTEXT_AUXILIARY,mechanical template; resource_class=LOOSE_OLANG; source_objects=2
007E2F18,220,2434,2434;2572,2,,page:tag:entity400:key0000000F:ref2434:ord4;page:tag:entity436:key00000017:ref2572:ord4,逃がすものか！,まだ終わってない！,ロック解除,,,,NOT_CHECKED,27,,NOT_STARTED,NOT_BUILT,NOT_TESTED,JPN_PRIMARY; MLG_CN_CONTEXT_AUXILIARY,mechanical template; resource_class=LOOSE_OLANG; source_objects=2
007E2F18,221,2470,2470,1,,page:tag:entity386:key00000001:ref2470:ord4,ロック解除,応急処置完了 再起動！,ロック解除,,,,NOT_CHECKED,31,,NOT_STARTED,NOT_BUILT,NOT_TESTED,JPN_PRIMARY; MLG_CN_CONTEXT_AUXILIARY,mechanical template; resource_class=LOOSE_OLANG; source_objects=1
007E2F18,222,2494,2494,1,,page:tag:entity420:key00000007:ref2494:ord4,ロック解除,自己修復完了 再起動！,戦闘再開！,,,,NOT_CHECKED,31,,NOT_STARTED,NOT_BUILT,NOT_TESTED,JPN_PRIMARY; MLG_CN_CONTEXT_AUXILIARY,mechanical template; resource_class=LOOSE_OLANG; source_objects=1
007E2F18,223,2500,2500,1,,page:tag:entity419:key00000006:ref2500:ord4,自己修復完了 再起動！,戦闘再開！,跳躍準備！,,,,NOT_CHECKED,15,,NOT_STARTED,NOT_BUILT,NOT_TESTED,JPN_PRIMARY; MLG_CN_CONTEXT_AUXILIARY,mechanical template; resource_class=LOOSE_OLANG; source_objects=1
007E2F18,224,2506,2506,1,,page:tag:entity418:key00000005:ref2506:ord4,戦闘再開！,跳躍準備！,ブースター点火！,,,,NOT_CHECKED,15,,NOT_STARTED,NOT_BUILT,NOT_TESTED,JPN_PRIMARY; MLG_CN_CONTEXT_AUXILIARY,mechanical template; resource_class=LOOSE_OLANG; source_objects=1
007E2F18,225,2512,2512,1,,page:tag:entity417:key00000004:ref2512:ord4,跳躍準備！,ブースター点火！,放電開始！,,,,NOT_CHECKED,24,,NOT_STARTED,NOT_BUILT,NOT_TESTED,JPN_PRIMARY; MLG_CN_CONTEXT_AUXILIARY,mechanical template; resource_class=LOOSE_OLANG; source_objects=1
007E2F18,226,2530,2530,1,,page:tag:entity416:key00000003:ref2530:ord4,ブースター点火！,放電開始！,まだ終わってない！,,,,NOT_CHECKED,15,,NOT_STARTED,NOT_BUILT,NOT_TESTED,JPN_PRIMARY; MLG_CN_CONTEXT_AUXILIARY,mechanical template; resource_class=LOOSE_OLANG; source_objects=1
007E2F18,227,2584,2584,1,,page:tag:entity434:key00000015:ref2584:ord4,行くぞ！,踏み潰してやる！,動くな！,,,,NOT_CHECKED,24,,NOT_STARTED,NOT_BUILT,NOT_TESTED,JPN_PRIMARY; MLG_CN_CONTEXT_AUXILIARY,mechanical template; resource_class=LOOSE_OLANG; source_objects=1
007E2F18,228,2596,2596,1,,page:tag:entity415:key00000002:ref2596:ord4,動くな！,ターゲットロックオン！,痺れろ！,,,,NOT_CHECKED,33,,NOT_STARTED,NOT_BUILT,NOT_TESTED,JPN_PRIMARY; MLG_CN_CONTEXT_AUXILIARY,mechanical template; resource_class=LOOSE_OLANG; source_objects=1
007E2F18,229,2602,2602,1,,page:tag:entity432:key00000013:ref2602:ord4,ターゲットロックオン！,痺れろ！,逃がすものか！,,,,NOT_CHECKED,12,,NOT_STARTED,NOT_BUILT,NOT_TESTED,JPN_PRIMARY; MLG_CN_CONTEXT_AUXILIARY,mechanical template; resource_class=LOOSE_OLANG; source_objects=1
007E2F18,230,2614,2614,1,,page:tag:entity430:key00000011:ref2614:ord4,逃がすものか！,これでトドメだ！,ロック解除,,,,NOT_CHECKED,24,,NOT_STARTED,NOT_BUILT,NOT_TESTED,JPN_PRIMARY; MLG_CN_CONTEXT_AUXILIARY,mechanical template; resource_class=LOOSE_OLANG; source_objects=1
007E2F18,231,2662,2662,1,,page:tag:entity414:key00000001:ref2662:ord4,ロック解除,電撃出力最大！,ロック解除,,,,NOT_CHECKED,21,,NOT_STARTED,NOT_BUILT,NOT_TESTED,JPN_PRIMARY; MLG_CN_CONTEXT_AUXILIARY,mechanical template; resource_class=LOOSE_OLANG; source_objects=1
007E2F18,232,2686,2686;2764,2,,page:tag:entity452:key00000007:ref2686:ord4;page:tag:entity468:key00000017:ref2764:ord4,ロック解除,んなみてながんあったもんじゃねえ,まってなせ,,,,NOT_CHECKED,48,,NOT_STARTED,NOT_BUILT,NOT_TESTED,JPN_PRIMARY; MLG_CN_CONTEXT_AUXILIARY,mechanical template; resource_class=LOOSE_OLANG; source_objects=2
007E2F18,233,2692,2692;2770,2,,page:tag:entity451:key00000006:ref2692:ord4;page:tag:entity467:key00000016:ref2770:ord4,んなみてながんあったもんじゃねえ,まってなせ,ながまってれ,,,,NOT_CHECKED,15,,NOT_STARTED,NOT_BUILT,NOT_TESTED,JPN_PRIMARY; MLG_CN_CONTEXT_AUXILIARY,mechanical template; resource_class=LOOSE_OLANG; source_objects=2
007E2F18,234,2698,2698;2776,2,,page:tag:entity450:key00000005:ref2698:ord4;page:tag:entity466:key00000015:ref2776:ord4,まってなせ,ながまってれ,うごくんでねーやー,,,,NOT_CHECKED,18,,NOT_STARTED,NOT_BUILT,NOT_TESTED,JPN_PRIMARY; MLG_CN_CONTEXT_AUXILIARY,mechanical template; resource_class=LOOSE_OLANG; source_objects=2
007E2F18,235,2704,2704;2782,2,,page:tag:entity449:key00000004:ref2704:ord4;page:tag:entity465:key00000014:ref2782:ord4,ながまってれ,うごくんでねーやー,ひんでぞお,,,,NOT_CHECKED,27,,NOT_STARTED,NOT_BUILT,NOT_TESTED,JPN_PRIMARY; MLG_CN_CONTEXT_AUXILIARY,mechanical template; resource_class=LOOSE_OLANG; source_objects=2
007E2F18,236,2722,2722;2794,2,,page:tag:entity448:key00000003:ref2722:ord4;page:tag:entity464:key00000013:ref2794:ord4,うごくんでねーやー,ひんでぞお,んなみてながんあったもんじゃねえ,,,,NOT_CHECKED,15,,NOT_STARTED,NOT_BUILT,NOT_TESTED,JPN_PRIMARY; MLG_CN_CONTEXT_AUXILIARY,mechanical template; resource_class=LOOSE_OLANG; source_objects=2
007E2F18,237,2788,2788;2800,2,,page:tag:entity447:key00000002:ref2788:ord4;page:tag:entity463:key00000012:ref2800:ord4,うごくんでねーやー,ばかいいあんべだ,ひんでぞお,,,,NOT_CHECKED,24,,NOT_STARTED,NOT_BUILT,NOT_TESTED,JPN_PRIMARY; MLG_CN_CONTEXT_AUXILIARY,mechanical template; resource_class=LOOSE_OLANG; source_objects=2
007E2F18,238,2806,2806;2854,2,,page:tag:entity462:key00000011:ref2806:ord4;page:tag:entity446:key00000001:ref2854:ord4,ばかいいあんべだ,このがんでぼっこす,<I=PAUSE>を押せば メニューウィンドウが開く…,,,,NOT_CHECKED,27,,NOT_STARTED,NOT_BUILT,NOT_TESTED,JPN_PRIMARY; MLG_CN_CONTEXT_AUXILIARY,mechanical template; resource_class=LOOSE_OLANG; source_objects=2
007E2F18,239,2866,2866,1,,page:tag:entity477:key00008B10:ref2866:ord4,このがんでぼっこす,<I=PAUSE>を押せば メニューウィンドウが開く…,"システムデータのセーブに失敗しました。
再試行しますか？",<I=PAUSE>,,,NOT_CHECKED,61,,NOT_STARTED,NOT_BUILT,NOT_TESTED,JPN_PRIMARY; MLG_CN_CONTEXT_AUXILIARY,mechanical template; resource_class=LOOSE_OLANG; source_objects=1
007E2F18,240,2872,2872,1,,page:tag:entity481:key00F76A2A:ref2872:ord4,<I=PAUSE>を押せば メニューウィンドウが開く…,"システムデータのセーブに失敗しました。
再試行しますか？",セーブに失敗しました。再試行しますか？,,,,NOT_CHECKED,82,,NOT_STARTED,NOT_BUILT,NOT_TESTED,JPN_PRIMARY; MLG_CN_CONTEXT_AUXILIARY,mechanical template; resource_class=LOOSE_OLANG; source_objects=1
007E2F18,241,2878,2878;2902,2,,page:tag:entity480:key00ECE603:ref2878:ord4;page:tag:entity483:key0062A9E3:ref2902:ord4,"システムデータのセーブに失敗しました。
再試行しますか？",セーブに失敗しました。再試行しますか？,"システムデータの作成に失敗しました。
再試行しますか？",,,,NOT_CHECKED,57,,NOT_STARTED,NOT_BUILT,NOT_TESTED,JPN_PRIMARY; MLG_CN_CONTEXT_AUXILIARY,mechanical template; resource_class=LOOSE_OLANG; source_objects=2
007E2F18,242,2884,2884,1,,page:tag:entity479:key005A8A34:ref2884:ord4,セーブに失敗しました。再試行しますか？,"システムデータの作成に失敗しました。
再試行しますか？","セーブデータの作成に失敗しました。
再試行しますか？",,,,NOT_CHECKED,79,,NOT_STARTED,NOT_BUILT,NOT_TESTED,JPN_PRIMARY; MLG_CN_CONTEXT_AUXILIARY,mechanical template; resource_class=LOOSE_OLANG; source_objects=1
007E2F18,243,2890,2890,1,,page:tag:entity478:key0050E730:ref2890:ord4,"システムデータの作成に失敗しました。
再試行しますか？","セーブデータの作成に失敗しました。
再試行しますか？","保存しています。
ゲームを終了しないでください。",,,,NOT_CHECKED,76,,NOT_STARTED,NOT_BUILT,NOT_TESTED,JPN_PRIMARY; MLG_CN_CONTEXT_AUXILIARY,mechanical template; resource_class=LOOSE_OLANG; source_objects=1
007E2F18,244,2896,2896;3172;10498,3,,page:tag:entity482:key004DFE7B:ref2896:ord4;page:tag:entity531:key00836B27:ref3172:ord4;page:tag:entity1752:key00BBA0FD:ref10498:ord4,"セーブデータの作成に失敗しました。
再試行しますか？","保存しています。
ゲームを終了しないでください。",セーブに失敗しました。再試行しますか？,,,,NOT_CHECKED,70,,NOT_STARTED,NOT_BUILT,NOT_TESTED,JPN_PRIMARY; MLG_CN_CONTEXT_AUXILIARY,mechanical template; resource_class=LOOSE_OLANG; source_objects=3
007E2F18,245,2908,2908;6160,2,,page:tag:entity485:key005C60D3:ref2908:ord4;page:tag:entity1025:key000DD20A:ref6160:ord4,セーブに失敗しました。再試行しますか？,BACK TO MAIN MENU,移動操作感度,,,,NOT_CHECKED,17,,NOT_STARTED,NOT_BUILT,NOT_TESTED,JPN_PRIMARY; MLG_CN_CONTEXT_AUXILIARY,mechanical template; resource_class=LOOSE_OLANG; source_objects=2
007E2F18,246,2914,2914;7948,2,,page:tag:entity484:key00341A6F:ref2914:ord4;page:tag:entity1325:key00D1FF23:ref7948:ord4,BACK TO MAIN MENU,移動操作感度,GUEST,,,,NOT_CHECKED,18,,NOT_STARTED,NOT_BUILT,NOT_TESTED,JPN_PRIMARY; MLG_CN_CONTEXT_AUXILIARY,mechanical template; resource_class=LOOSE_OLANG; source_objects=2
007E2F18,247,2920,2920,1,,page:tag:entity486:key00EF89E5:ref2920:ord4,移動操作感度,GUEST,"現在のセーブデータでは利用することができないモードのため、
ゲームに参加することができません。",,,,NOT_CHECKED,5,,NOT_STARTED,NOT_BUILT,NOT_TESTED,JPN_PRIMARY; MLG_CN_CONTEXT_AUXILIARY,mechanical template; resource_class=LOOSE_OLANG; source_objects=1
007E2F18,248,2926,2926,1,,page:tag:entity491:key00932C67:ref2926:ord4,GUEST,"現在のセーブデータでは利用することができないモードのため、
ゲームに参加することができません。","オフライン状態のため、処理を続けることが出来ません。
インターネットに接続してください。",,,,NOT_CHECKED,139,,NOT_STARTED,NOT_BUILT,NOT_TESTED,JPN_PRIMARY; MLG_CN_CONTEXT_AUXILIARY,mechanical template; resource_class=LOOSE_OLANG; source_objects=1
007E2F18,249,2932,2932,1,,page:tag:entity488:key00434337:ref2932:ord4,"現在のセーブデータでは利用することができないモードのため、
ゲームに参加することができません。","オフライン状態のため、処理を続けることが出来ません。
インターネットに接続してください。",使用中のアカウントはオンラインマルチプレイが使用できません。,,,,NOT_CHECKED,130,,NOT_STARTED,NOT_BUILT,NOT_TESTED,JPN_PRIMARY; MLG_CN_CONTEXT_AUXILIARY,mechanical template; resource_class=LOOSE_OLANG; source_objects=1
007E2F18,250,2938,2938,1,,page:tag:entity490:key0058BCD8:ref2938:ord4,"オフライン状態のため、処理を続けることが出来ません。
インターネットに接続してください。",使用中のアカウントはオンラインマルチプレイが使用できません。,通信に失敗しました。,,,,NOT_CHECKED,90,,NOT_STARTED,NOT_BUILT,NOT_TESTED,JPN_PRIMARY; MLG_CN_CONTEXT_AUXILIARY,mechanical template; resource_class=LOOSE_OLANG; source_objects=1
007E2F18,251,2944,2944;2950,2,,page:tag:entity492:key00D851E8:ref2944:ord4;page:tag:entity487:key00024EBC:ref2950:ord4,使用中のアカウントはオンラインマルチプレイが使用できません。,通信に失敗しました。,通信が切断されました。,,,,NOT_CHECKED,30,,NOT_STARTED,NOT_BUILT,NOT_TESTED,JPN_PRIMARY; MLG_CN_CONTEXT_AUXILIARY,mechanical template; resource_class=LOOSE_OLANG; source_objects=2
007E2F18,252,2956,2956,1,,page:tag:entity489:key00508F74:ref2956:ord4,通信に失敗しました。,通信が切断されました。,バシリスク音声,,,,NOT_CHECKED,33,,NOT_STARTED,NOT_BUILT,NOT_TESTED,JPN_PRIMARY; MLG_CN_CONTEXT_AUXILIARY,mechanical template; resource_class=LOOSE_OLANG; source_objects=1
007E2F18,253,2962,2962,1,,page:tag:entity493:key003850A3:ref2962:ord4,通信が切断されました。,バシリスク音声,招待,,,,NOT_CHECKED,21,,NOT_STARTED,NOT_BUILT,NOT_TESTED,JPN_PRIMARY; MLG_CN_CONTEXT_AUXILIARY,mechanical template; resource_class=LOOSE_OLANG; source_objects=1
007E2F18,254,2968,2968,1,,page:tag:entity494:key005CE75E:ref2968:ord4,バシリスク音声,招待,招待：,,,,NOT_CHECKED,6,,NOT_STARTED,NOT_BUILT,NOT_TESTED,JPN_PRIMARY; MLG_CN_CONTEXT_AUXILIARY,mechanical template; resource_class=LOOSE_OLANG; source_objects=1
007E2F18,255,2974,2974,1,,page:tag:entity495:key00C096B6:ref2974:ord4,招待,招待：,マルチプレイを開始するために、一度タイトルに戻ります。,,,,NOT_CHECKED,9,,NOT_STARTED,NOT_BUILT,NOT_TESTED,JPN_PRIMARY; MLG_CN_CONTEXT_AUXILIARY,mechanical template; resource_class=LOOSE_OLANG; source_objects=1
007E2F18,256,2980,2980;2986,2,,page:tag:entity503:key00BCE4FB:ref2980:ord4;page:tag:entity502:key00BCE4FA:ref2986:ord4,招待：,マルチプレイを開始するために、一度タイトルに戻ります。,先ほど入ろうとしたオンラインマルチプレイに移動しますか？,,,,NOT_CHECKED,81,,NOT_STARTED,NOT_BUILT,NOT_TESTED,JPN_PRIMARY; MLG_CN_CONTEXT_AUXILIARY,mechanical template; resource_class=LOOSE_OLANG; source_objects=2
007E2F18,257,2992,2992,1,,page:tag:entity501:key00BCE4F9:ref2992:ord4,マルチプレイを開始するために、一度タイトルに戻ります。,先ほど入ろうとしたオンラインマルチプレイに移動しますか？,先ほど招待を受けたオンラインマルチプレイに移動しますか？,,,,NOT_CHECKED,84,,NOT_STARTED,NOT_BUILT,NOT_TESTED,JPN_PRIMARY; MLG_CN_CONTEXT_AUXILIARY,mechanical template; resource_class=LOOSE_OLANG; source_objects=1
007E2F18,258,2998,2998,1,,page:tag:entity500:key00BCE4F8:ref2998:ord4,先ほど入ろうとしたオンラインマルチプレイに移動しますか？,先ほど招待を受けたオンラインマルチプレイに移動しますか？,ここからはオンラインマルチプレイに参加出来ません。,,,,NOT_CHECKED,84,,NOT_STARTED,NOT_BUILT,NOT_TESTED,JPN_PRIMARY; MLG_CN_CONTEXT_AUXILIARY,mechanical template; resource_class=LOOSE_OLANG; source_objects=1
007E2F18,259,3004,3004;3010;3016;3022,4,,page:tag:entity499:key00BCE4F7:ref3004:ord4;page:tag:entity498:key00BCE4F6:ref3010:ord4;page:tag:entity497:key00BCE4F5:ref3016:ord4;page:tag:entity496:key00BCE4F4:ref3022:ord4,先ほど招待を受けたオンラインマルチプレイに移動しますか？,ここからはオンラインマルチプレイに参加出来ません。,"愛した彼女に答えを聴くまで死ぬことも出来ない…。
お前と同じ、生ける屍だ。",,,,NOT_CHECKED,75,,NOT_STARTED,NOT_BUILT,NOT_TESTED,JPN_PRIMARY; MLG_CN_CONTEXT_AUXILIARY,mechanical template; resource_class=LOOSE_OLANG; source_objects=4
007E2F18,260,3028,3028,1,,page:tag:entity510:key0091C541:ref3028:ord4,ここからはオンラインマルチプレイに参加出来ません。,"愛した彼女に答えを聴くまで死ぬことも出来ない…。
お前と同じ、生ける屍だ。","任務という権力のために真の英雄を殺した。
それがお前の“忠”か？",,,,NOT_CHECKED,109,,NOT_STARTED,NOT_BUILT,NOT_TESTED,JPN_PRIMARY; MLG_CN_CONTEXT_AUXILIARY,mechanical template; resource_class=LOOSE_OLANG; source_objects=1
007E2F18,261,3034,3034,1,,page:tag:entity509:key0091C540:ref3034:ord4,"愛した彼女に答えを聴くまで死ぬことも出来ない…。
お前と同じ、生ける屍だ。","任務という権力のために真の英雄を殺した。
それがお前の“忠”か？","知っているぞ。
10年前 お前が何をしたのかも。
さあ 同じように殺せ。
ボスと同じように。",,,,NOT_CHECKED,94,,NOT_STARTED,NOT_BUILT,NOT_TESTED,JPN_PRIMARY; MLG_CN_CONTEXT_AUXILIARY,mechanical template; resource_class=LOOSE_OLANG; source_objects=1
007E2F18,262,3040,3040,1,,page:tag:entity508:key0091C53E:ref3040:ord4,"任務という権力のために真の英雄を殺した。
それがお前の“忠”か？","知っているぞ。
10年前 お前が何をしたのかも。
さあ 同じように殺せ。
ボスと同じように。","国のためでも政府のためでもない。
俺達は必要とされているからこそ戦う。",,,,NOT_CHECKED,124,,NOT_STARTED,NOT_BUILT,NOT_TESTED,JPN_PRIMARY; MLG_CN_CONTEXT_AUXILIARY,mechanical template; resource_class=LOOSE_OLANG; source_objects=1
007E2F18,263,3046,3046,1,,page:tag:entity505:key0006B55B:ref3046:ord4,"知っているぞ。
10年前 お前が何をしたのかも。
さあ 同じように殺せ。
ボスと同じように。","国のためでも政府のためでもない。
俺達は必要とされているからこそ戦う。","私の名前は“ラ・パス”。
私は平和を守り抜く。
私はそのために生かされている。",,,,NOT_CHECKED,103,,NOT_STARTED,NOT_BUILT,NOT_TESTED,JPN_PRIMARY; MLG_CN_CONTEXT_AUXILIARY,mechanical template; resource_class=LOOSE_OLANG; source_objects=1
007E2F18,264,3052,3052,1,,page:tag:entity506:key0021F416:ref3052:ord4,"国のためでも政府のためでもない。
俺達は必要とされているからこそ戦う。","私の名前は“ラ・パス”。
私は平和を守り抜く。
私はそのために生かされている。","あんたは国も身分も過去も理想も、何もかも棄てた。
しかし、まだ棄ててないものがある。",,,,NOT_CHECKED,113,,NOT_STARTED,NOT_BUILT,NOT_TESTED,JPN_PRIMARY; MLG_CN_CONTEXT_AUXILIARY,mechanical template; resource_class=LOOSE_OLANG; source_objects=1
007E2F18,265,3058,3058,1,,page:tag:entity515:key00D1F418:ref3058:ord4,"私の名前は“ラ・パス”。
私は平和を守り抜く。
私はそのために生かされている。","あんたは国も身分も過去も理想も、何もかも棄てた。
しかし、まだ棄ててないものがある。","一人の人間が、人間という種の終末を、背負う事なんか出来ない。
だからこそ、臆病な人類はこの数千年もの間、生き延びてきたんだ。",,,,NOT_CHECKED,124,,NOT_STARTED,NOT_BUILT,NOT_TESTED,JPN_PRIMARY; MLG_CN_CONTEXT_AUXILIARY,mechanical template; resource_class=LOOSE_OLANG; source_objects=1
007E2F18,266,3064,3064,1,,page:tag:entity514:key00D1F417:ref3064:ord4,"あんたは国も身分も過去も理想も、何もかも棄てた。
しかし、まだ棄ててないものがある。","一人の人間が、人間という種の終末を、背負う事なんか出来ない。
だからこそ、臆病な人類はこの数千年もの間、生き延びてきたんだ。","俺たちは戦うことしかできないが…
国家の事情に翻弄されずに生きる。",,,,NOT_CHECKED,184,,NOT_STARTED,NOT_BUILT,NOT_TESTED,JPN_PRIMARY; MLG_CN_CONTEXT_AUXILIARY,mechanical template; resource_class=LOOSE_OLANG; source_objects=1
007E2F18,267,3070,3070,1,,page:tag:entity513:key00D1F416:ref3070:ord4,"一人の人間が、人間という種の終末を、背負う事なんか出来ない。
だからこそ、臆病な人類はこの数千年もの間、生き延びてきたんだ。","俺たちは戦うことしかできないが…
国家の事情に翻弄されずに生きる。","私達の目標は『完全なる抑止力』の実現にある。
だが『完全なる抑止力』を誕生させるためには、
私達の力を世界に向けて証明する必要があるのだ。",,,,NOT_CHECKED,97,,NOT_STARTED,NOT_BUILT,NOT_TESTED,JPN_PRIMARY; MLG_CN_CONTEXT_AUXILIARY,mechanical template; resource_class=LOOSE_OLANG; source_objects=1
007E2F18,268,3076,3076,1,,page:tag:entity507:key00374F9E:ref3076:ord4,"俺たちは戦うことしかできないが…
国家の事情に翻弄されずに生きる。","私達の目標は『完全なる抑止力』の実現にある。
だが『完全なる抑止力』を誕生させるためには、
私達の力を世界に向けて証明する必要があるのだ。","…みんなで僕を子供扱いする。
それが耐えられなかった。もう12なのに！",,,,NOT_CHECKED,203,,NOT_STARTED,NOT_BUILT,NOT_TESTED,JPN_PRIMARY; MLG_CN_CONTEXT_AUXILIARY,mechanical template; resource_class=LOOSE_OLANG; source_objects=1
007E2F18,269,3082,3082,1,,page:tag:entity511:key00B2D965:ref3082:ord4,"私達の目標は『完全なる抑止力』の実現にある。
だが『完全なる抑止力』を誕生させるためには、
私達の力を世界に向けて証明する必要があるのだ。","…みんなで僕を子供扱いする。
それが耐えられなかった。もう12なのに！","森とひとつになるのはバーダーの基本よ。
人間の気配を感じると鳥にも異変が生じる。
それじゃ正確な観察は出来ないもの。",,,,NOT_CHECKED,99,,NOT_STARTED,NOT_BUILT,NOT_TESTED,JPN_PRIMARY; MLG_CN_CONTEXT_AUXILIARY,mechanical template; resource_class=LOOSE_OLANG; source_objects=1
007E2F18,270,3088,3088,1,,page:tag:entity512:key00B949DC:ref3088:ord4,"…みんなで僕を子供扱いする。
それが耐えられなかった。もう12なのに！","森とひとつになるのはバーダーの基本よ。
人間の気配を感じると鳥にも異変が生じる。
それじゃ正確な観察は出来ないもの。","革命が成功したら平和な国にしたいとは思う。
けれど、平和をもたらすためにはまず売国奴を排除しなくちゃならない。",,,,NOT_CHECKED,170,,NOT_STARTED,NOT_BUILT,NOT_TESTED,JPN_PRIMARY; MLG_CN_CONTEXT_AUXILIARY,mechanical template; resource_class=LOOSE_OLANG; source_objects=1
007E2F18,271,3094,3094,1,,page:tag:entity504:key00052BDA:ref3094:ord4,"森とひとつになるのはバーダーの基本よ。
人間の気配を感じると鳥にも異変が生じる。
それじゃ正確な観察は出来ないもの。","革命が成功したら平和な国にしたいとは思う。
けれど、平和をもたらすためにはまず売国奴を排除しなくちゃならない。","設定した条件で参加者を募集します。
※ゲームのバージョンを最新にしてご使用ください。",,,,NOT_CHECKED,163,,NOT_STARTED,NOT_BUILT,NOT_TESTED,JPN_PRIMARY; MLG_CN_CONTEXT_AUXILIARY,mechanical template; resource_class=LOOSE_OLANG; source_objects=1
007E2F18,272,3100,3100,1,,page:tag:entity517:key00594DBD:ref3100:ord4,"革命が成功したら平和な国にしたいとは思う。
けれど、平和をもたらすためにはまず売国奴を排除しなくちゃならない。","設定した条件で参加者を募集します。
※ゲームのバージョンを最新にしてご使用ください。","設定した条件で検索を行います。
※ゲームのバージョンを最新にしてご使用ください。",,,,NOT_CHECKED,124,,NOT_STARTED,NOT_BUILT,NOT_TESTED,JPN_PRIMARY; MLG_CN_CONTEXT_AUXILIARY,mechanical template; resource_class=LOOSE_OLANG; source_objects=1
007E2F18,273,3106,3106,1,,page:tag:entity516:key0001C78F:ref3106:ord4,"設定した条件で参加者を募集します。
※ゲームのバージョンを最新にしてご使用ください。","設定した条件で検索を行います。
※ゲームのバージョンを最新にしてご使用ください。","オンライン機能を使用してCO-OPSの参加者を募集できます。
募集タイプを指定してください。",,,,NOT_CHECKED,118,,NOT_STARTED,NOT_BUILT,NOT_TESTED,JPN_PRIMARY; MLG_CN_CONTEXT_AUXILIARY,mechanical template; resource_class=LOOSE_OLANG; source_objects=1
007E2F18,274,3112,3112,1,,page:tag:entity518:key00AC71D5:ref3112:ord4,"設定した条件で検索を行います。
※ゲームのバージョンを最新にしてご使用ください。","オンライン機能を使用してCO-OPSの参加者を募集できます。
募集タイプを指定してください。","使用中のアカウントは、
オンラインマルチプレイを許可されていません。 ",,,,NOT_CHECKED,124,,NOT_STARTED,NOT_BUILT,NOT_TESTED,JPN_PRIMARY; MLG_CN_CONTEXT_AUXILIARY,mechanical template; resource_class=LOOSE_OLANG; source_objects=1
007E2F18,275,3118,3118,1,,page:tag:entity519:key00F6831D:ref3118:ord4,"オンライン機能を使用してCO-OPSの参加者を募集できます。
募集タイプを指定してください。","使用中のアカウントは、
オンラインマルチプレイを許可されていません。 ",ONLINE MANUAL,,,,NOT_CHECKED,101,,NOT_STARTED,NOT_BUILT,NOT_TESTED,JPN_PRIMARY; MLG_CN_CONTEXT_AUXILIARY,mechanical template; resource_class=LOOSE_OLANG; source_objects=1
007E2F18,276,3124,3124;6154,2,,page:tag:entity521:key00236883:ref3124:ord4;page:tag:entity1032:key00FFDDF8:ref6154:ord4,"使用中のアカウントは、
オンラインマルチプレイを許可されていません。 ",ONLINE MANUAL,MGS PEACE WALKER HD,,,,NOT_CHECKED,13,,NOT_STARTED,NOT_BUILT,NOT_TESTED,JPN_PRIMARY; MLG_CN_CONTEXT_AUXILIARY,mechanical template; resource_class=LOOSE_OLANG; source_objects=2
007E2F18,277,3130,3130,1,,page:tag:entity528:key0071044E:ref3130:ord4,ONLINE MANUAL,MGS PEACE WALKER HD,METAL GEAR SOLID PEACE WALKER HD EDITION,,,,NOT_CHECKED,19,,NOT_STARTED,NOT_BUILT,NOT_TESTED,JPN_PRIMARY; MLG_CN_CONTEXT_AUXILIARY,mechanical template; resource_class=LOOSE_OLANG; source_objects=1
007E2F18,278,3136,3136,1,,page:tag:entity533:key00DC6EF3:ref3136:ord4,MGS PEACE WALKER HD,METAL GEAR SOLID PEACE WALKER HD EDITION,システムデータをセッティングしています。,,,,NOT_CHECKED,40,,NOT_STARTED,NOT_BUILT,NOT_TESTED,JPN_PRIMARY; MLG_CN_CONTEXT_AUXILIARY,mechanical template; resource_class=LOOSE_OLANG; source_objects=1
007E2F18,279,3142,3142,1,,page:tag:entity524:key00422618:ref3142:ord4,METAL GEAR SOLID PEACE WALKER HD EDITION,システムデータをセッティングしています。,YES,,,,NOT_CHECKED,60,,NOT_STARTED,NOT_BUILT,NOT_TESTED,JPN_PRIMARY; MLG_CN_CONTEXT_AUXILIARY,mechanical template; resource_class=LOOSE_OLANG; source_objects=1
007E2F18,280,3148,3148,1,,page:tag:entity520:key00185EC9:ref3148:ord4,システムデータをセッティングしています。,YES,セーブせずに続ける,,,,NOT_CHECKED,3,,NOT_STARTED,NOT_BUILT,NOT_TESTED,JPN_PRIMARY; MLG_CN_CONTEXT_AUXILIARY,mechanical template; resource_class=LOOSE_OLANG; source_objects=1
007E2F18,281,3154,3154,1,,page:tag:entity525:key004AF71F:ref3154:ord4,YES,セーブせずに続ける,NO,,,,NOT_CHECKED,27,,NOT_STARTED,NOT_BUILT,NOT_TESTED,JPN_PRIMARY; MLG_CN_CONTEXT_AUXILIARY,mechanical template; resource_class=LOOSE_OLANG; source_objects=1
007E2F18,282,3160,3160;7768,2,,page:tag:entity532:key00B0C19D:ref3160:ord4;page:tag:entity1301:key00BE8570:ref7768:ord4,セーブせずに続ける,NO,セーブデータを作成する,,,,NOT_CHECKED,2,,NOT_STARTED,NOT_BUILT,NOT_TESTED,JPN_PRIMARY; MLG_CN_CONTEXT_AUXILIARY,mechanical template; resource_class=LOOSE_OLANG; source_objects=2
007E2F18,283,3166,3166,1,,page:tag:entity529:key0077C49D:ref3166:ord4,NO,セーブデータを作成する,"保存しています。
ゲームを終了しないでください。",,,,NOT_CHECKED,33,,NOT_STARTED,NOT_BUILT,NOT_TESTED,JPN_PRIMARY; MLG_CN_CONTEXT_AUXILIARY,mechanical template; resource_class=LOOSE_OLANG; source_objects=1
007E2F18,284,3178,3178;10516,2,,page:tag:entity523:key003F129B:ref3178:ord4;page:tag:entity1750:key003B222D:ref10516:ord4,"保存しています。
ゲームを終了しないでください。","このゲームはオートセーブ機能に対応しています。
セーブ中はゲームを終了しないでください。",ゲームデータのセーブに失敗しました。再試行しますか？,,,,NOT_CHECKED,130,,NOT_STARTED,NOT_BUILT,NOT_TESTED,JPN_PRIMARY; MLG_CN_CONTEXT_AUXILIARY,mechanical template; resource_class=LOOSE_OLANG; source_objects=2
007E2F18,285,3184,3184,1,,page:tag:entity527:key0066F18E:ref3184:ord4,"このゲームはオートセーブ機能に対応しています。
セーブ中はゲームを終了しないでください。",ゲームデータのセーブに失敗しました。再試行しますか？,"前回使用したセーブデータが														
オープニングミッションをクリアしていません。														
オンラインマルチプレイを行うには、オープニングミッションを														
クリアしたセーブデータをロードする必要があります。",,,,NOT_CHECKED,78,,NOT_STARTED,NOT_BUILT,NOT_TESTED,JPN_PRIMARY; MLG_CN_CONTEXT_AUXILIARY,mechanical template; resource_class=LOOSE_OLANG; source_objects=1
007E2F18,286,3190,3190,1,,page:tag:entity526:key005A12D1:ref3190:ord4,ゲームデータのセーブに失敗しました。再試行しますか？,"前回使用したセーブデータが														
オープニングミッションをクリアしていません。														
オンラインマルチプレイを行うには、オープニングミッションを														
クリアしたセーブデータをロードする必要があります。","操作方法を選んでください。

シュータータイプ：『MGS4』に近い操作方法です。
アクションタイプ：『MPO』に近い操作方法です。
ハンタータイプ：『モンスターハンターポータブル<I=REG>』シリーズに近い操作方法です。
カスタムタイプ：割り当ての変更が出来る操作タイプです。",,,,NOT_CHECKED,312,,NOT_STARTED,NOT_BUILT,NOT_TESTED,JPN_PRIMARY; MLG_CN_CONTEXT_AUXILIARY,mechanical template; resource_class=LOOSE_OLANG; source_objects=1
007E2F18,287,3196,3196;10492,2,,page:tag:entity522:key002DE9A9:ref3196:ord4;page:tag:entity1746:key00394F17:ref10492:ord4,"前回使用したセーブデータが														
オープニングミッションをクリアしていません。														
オンラインマルチプレイを行うには、オープニングミッションを														
クリアしたセーブデータをロードする必要があります。","操作方法を選んでください。

シュータータイプ：『MGS4』に近い操作方法です。
アクションタイプ：『MPO』に近い操作方法です。
ハンタータイプ：『モンスターハンターポータブル<I=REG>』シリーズに近い操作方法です。
カスタムタイプ：割り当ての変更が出来る操作タイプです。","システムデータが破損しています。
削除して新たにシステムデータを
作成してよろしいですか？",<I=REG>,,,NOT_CHECKED,379,,NOT_STARTED,NOT_BUILT,NOT_TESTED,JPN_PRIMARY; MLG_CN_CONTEXT_AUXILIARY,mechanical template; resource_class=LOOSE_OLANG; source_objects=2
007E2F18,288,3202,3202,1,,page:tag:entity530:key00802A26:ref3202:ord4,"操作方法を選んでください。

シュータータイプ：『MGS4』に近い操作方法です。
アクションタイプ：『MPO』に近い操作方法です。
ハンタータイプ：『モンスターハンターポータブル<I=REG>』シリーズに近い操作方法です。
カスタムタイプ：割り当ての変更が出来る操作タイプです。","システムデータが破損しています。
削除して新たにシステムデータを
作成してよろしいですか？","オンライン機能を使用してTRADEの参加者を募集できます。
募集タイプを指定してください。",,,,NOT_CHECKED,131,,NOT_STARTED,NOT_BUILT,NOT_TESTED,JPN_PRIMARY; MLG_CN_CONTEXT_AUXILIARY,mechanical template; resource_class=LOOSE_OLANG; source_objects=1
007E2F18,289,3208,3208,1,,page:tag:entity534:key00F4816F:ref3208:ord4,"システムデータが破損しています。
削除して新たにシステムデータを
作成してよろしいですか？","オンライン機能を使用してTRADEの参加者を募集できます。
募集タイプを指定してください。",プレイヤープロフィール,,,,NOT_CHECKED,123,,NOT_STARTED,NOT_BUILT,NOT_TESTED,JPN_PRIMARY; MLG_CN_CONTEXT_AUXILIARY,mechanical template; resource_class=LOOSE_OLANG; source_objects=1
007E2F18,290,3214,3214;3226,2,,page:tag:entity538:key00C4B92E:ref3214:ord4;page:tag:entity537:key0098E96F:ref3226:ord4,"オンライン機能を使用してTRADEの参加者を募集できます。
募集タイプを指定してください。",プレイヤープロフィール,"オンライン機能を使用してVERSUS OPSの参加者を募集できます。
募集タイプを指定してください。",,,,NOT_CHECKED,33,,NOT_STARTED,NOT_BUILT,NOT_TESTED,JPN_PRIMARY; MLG_CN_CONTEXT_AUXILIARY,mechanical template; resource_class=LOOSE_OLANG; source_objects=2
007E2F18,291,3220,3220,1,,page:tag:entity536:key00908DCE:ref3220:ord4,プレイヤープロフィール,"オンライン機能を使用してVERSUS OPSの参加者を募集できます。
募集タイプを指定してください。",プレイヤープロフィール,,,,NOT_CHECKED,128,,NOT_STARTED,NOT_BUILT,NOT_TESTED,JPN_PRIMARY; MLG_CN_CONTEXT_AUXILIARY,mechanical template; resource_class=LOOSE_OLANG; source_objects=1
007E2F18,292,3232,3232,1,,page:tag:entity535:key000827EC:ref3232:ord4,プレイヤープロフィール,プロフィールを見たいプレイヤーを選択してください,使用しない,,,,NOT_CHECKED,72,,NOT_STARTED,NOT_BUILT,NOT_TESTED,JPN_PRIMARY; MLG_CN_CONTEXT_AUXILIARY,mechanical template; resource_class=LOOSE_OLANG; source_objects=1
007E2F18,293,3238,3238;3244;3256;3268;3274;3280;3328;3334;3340;3346;3358;3370;3376;3382;3412;3418;3424;3430;3436;3442;3448;3460;3472;3508;3514;3520;3526;3562;3574;3580;3586;3610;3622;3628;3664;3676;3682;3688;3712;3736;3742;3748;3754;3766;3778;3784;3790;3814;3820;3826;3832;3838;3844;3868;3880;3916;3922;3928;3934;3952;3958;3970;3982;3988;4018;4024;4030;4036;4048;4072;4084;4090;4120;4132;4138;4150;4156;4162;4174;4186;4222;4228;4234;4240;4276;4288;4294;4306;4312;4324;4378;4390;4408;4414;4426;4480;4492;4510;4516;4528;4582;4594;4606;4612;4618;4630;4684;4696;4714;4720;4732;4786;4798;4816;4822;4834;4888;4900;4912;4918;4924;4936;4966;4990;5002;5014;5020;5026;5038;5092;5104;5122;5128;5140;5194;5206;5218;5242;5296;5308;5320;5344;5356;5362;5392;5398;5404;5410;5428;5434;5446;5458;5464;5500;5512;5548;5602;5614;5650;5704;5716;5752;5806;5818;5830;5854,166,,page:tag:entity548:key007C7248:ref3238:ord4;page:tag:entity547:key007C7247:ref3244:ord4;page:tag:entity545:key007C7245:ref3256:ord4;page:tag:entity543:key007C7243:ref3268:ord4;page:tag:entity542:key007C7242:ref3274:ord4;page:tag:entity541:key007C7241:ref3280:ord4;page:tag:entity540:key007C7240:ref3328:ord4;page:tag:entity539:key007C723F:ref3334:ord4;page:tag:entity565:key007C7248:ref3340:ord4;page:tag:entity564:key007C7247:ref3346:ord4;page:tag:entity562:key007C7245:ref3358:ord4;page:tag:entity560:key007C7243:ref3370:ord4;page:tag:entity559:key007C7242:ref3376:ord4;page:tag:entity558:key007C7241:ref3382:ord4;page:tag:entity568:key008E4841:ref3412:ord4;page:tag:entity567:key008E4840:ref3418:ord4;page:tag:entity566:key008E483F:ref3424:ord4;page:tag:entity557:key007C7240:ref3430:ord4;page:tag:entity556:key007C723F:ref3436:ord4;page:tag:entity582:key007C7248:ref3442:ord4;page:tag:entity581:key007C7247:ref3448:ord4;page:tag:entity579:key007C7245:ref3460:ord4;page:tag:entity577:key007C7243:ref3472:ord4;page:tag:entity586:key008E4842:ref3508:ord4;page:tag:entity585:key008E4841:ref3514:ord4;page:tag:entity584:key008E4840:ref3520:ord4;page:tag:entity583:key008E483F:ref3526:ord4;page:tag:entity596:key007C7245:ref3562:ord4;page:tag:entity594:key007C7243:ref3574:ord4;page:tag:entity593:key007C7242:ref3580:ord4;page:tag:entity592:key007C7241:ref3586:ord4;page:tag:entity603:key008E4842:ref3610:ord4;page:tag:entity601:key008E4840:ref3622:ord4;page:tag:entity600:key008E483F:ref3628:ord4;page:tag:entity613:key007C7245:ref3664:ord4;page:tag:entity611:key007C7243:ref3676:ord4;page:tag:entity610:key007C7242:ref3682:ord4;page:tag:entity609:key007C7241:ref3688:ord4;page:tag:entity620:key008E4842:ref3712:ord4;page:tag:entity608:key007C7240:ref3736:ord4;page:tag:entity607:key007C723F:ref3742:ord4;page:tag:entity633:key007C7248:ref3748:ord4;page:tag:entity632:key007C7247:ref3754:ord4;page:tag:entity630:key007C7245:ref3766:ord4;page:tag:entity628:key007C7243:ref3778:ord4;page:tag:entity627:key007C7242:ref3784:ord4;page:tag:entity626:key007C7241:ref3790:ord4;page:tag:entity637:key008E4842:ref3814:ord4;page:tag:entity636:key008E4841:ref3820:ord4;page:tag:entity635:key008E4840:ref3826:ord4;page:tag:entity634:key008E483F:ref3832:ord4;page:tag:entity625:key007C7240:ref3838:ord4;page:tag:entity624:key007C723F:ref3844:ord4;page:tag:entity647:key007C7245:ref3868:ord4;page:tag:entity645:key007C7243:ref3880:ord4;page:tag:entity654:key008E4842:ref3916:ord4;page:tag:entity653:key008E4841:ref3922:ord4;page:tag:entity652:key008E4840:ref3928:ord4;page:tag:entity651:key008E483F:ref3934:ord4;page:tag:entity667:key007C7248:ref3952:ord4;page:tag:entity666:key007C7247:ref3958:ord4;page:tag:entity664:key007C7245:ref3970:ord4;page:tag:entity662:key007C7243:ref3982:ord4;page:tag:entity661:key007C7242:ref3988:ord4;page:tag:entity671:key008E4842:ref4018:ord4;page:tag:entity670:key008E4841:ref4024:ord4;page:tag:entity669:key008E4840:ref4030:ord4;page:tag:entity668:key008E483F:ref4036:ord4;page:tag:entity658:key007C723F:ref4048:ord4;page:tag:entity681:key007C7245:ref4072:ord4;page:tag:entity679:key007C7243:ref4084:ord4;page:tag:entity678:key007C7242:ref4090:ord4;page:tag:entity688:key008E4842:ref4120:ord4;page:tag:entity686:key008E4840:ref4132:ord4;page:tag:entity685:key008E483F:ref4138:ord4;page:tag:entity675:key007C723F:ref4150:ord4;page:tag:entity701:key007C7248:ref4156:ord4;page:tag:entity700:key007C7247:ref4162:ord4;page:tag:entity698:key007C7245:ref4174:ord4;page:tag:entity696:key007C7243:ref4186:ord4;page:tag:entity705:key008E4842:ref4222:ord4;page:tag:entity704:key008E4841:ref4228:ord4;page:tag:entity703:key008E4840:ref4234:ord4;page:tag:entity702:key008E483F:ref4240:ord4;page:tag:entity715:key007C7245:ref4276:ord4;page:tag:entity713:key007C7243:ref4288:ord4;page:tag:entity712:key007C7242:ref4294:ord4;page:tag:entity725:key008E4845:ref4306:ord4;page:tag:entity724:key008E4844:ref4312:ord4;page:tag:entity722:key008E4842:ref4324:ord4;page:tag:entity732:key007C7245:ref4378:ord4;page:tag:entity730:key007C7243:ref4390:ord4;page:tag:entity742:key008E4845:ref4408:ord4;page:tag:entity741:key008E4844:ref4414:ord4;page:tag:entity739:key008E4842:ref4426:ord4;page:tag:entity749:key007C7245:ref4480:ord4;page:tag:entity747:key007C7243:ref4492:ord4;page:tag:entity759:key008E4845:ref4510:ord4;page:tag:entity758:key008E4844:ref4516:ord4;page:tag:entity756:key008E4842:ref4528:ord4;page:tag:entity766:key007C7245:ref4582:ord4;page:tag:entity764:key007C7243:ref4594:ord4;page:tag:entity762:key007C7241:ref4606:ord4;page:tag:entity776:key008E4845:ref4612:ord4;page:tag:entity775:key008E4844:ref4618:ord4;page:tag:entity773:key008E4842:ref4630:ord4;page:tag:entity783:key007C7245:ref4684:ord4;page:tag:entity781:key007C7243:ref4696:ord4;page:tag:entity793:key008E4845:ref4714:ord4;page:tag:entity792:key008E4844:ref4720:ord4;page:tag:entity790:key008E4842:ref4732:ord4;page:tag:entity800:key007C7245:ref4786:ord4;page:tag:entity798:key007C7243:ref4798:ord4;page:tag:entity810:key008E4845:ref4816:ord4;page:tag:entity809:key008E4844:ref4822:ord4;page:tag:entity807:key008E4842:ref4834:ord4;page:tag:entity817:key007C7245:ref4888:ord4;page:tag:entity815:key007C7243:ref4900:ord4;page:tag:entity813:key007C7241:ref4912:ord4;page:tag:entity827:key008E4845:ref4918:ord4;page:tag:entity826:key008E4844:ref4924:ord4;page:tag:entity824:key008E4842:ref4936:ord4;page:tag:entity811:key007C723F:ref4966:ord4;page:tag:entity834:key007C7245:ref4990:ord4;page:tag:entity832:key007C7243:ref5002:ord4;page:tag:entity830:key007C7241:ref5014:ord4;page:tag:entity844:key008E4845:ref5020:ord4;page:tag:entity843:key008E4844:ref5026:ord4;page:tag:entity841:key008E4842:ref5038:ord4;page:tag:entity851:key007C7245:ref5092:ord4;page:tag:entity849:key007C7243:ref5104:ord4;page:tag:entity861:key008E4845:ref5122:ord4;page:tag:entity860:key008E4844:ref5128:ord4;page:tag:entity858:key008E4842:ref5140:ord4;page:tag:entity868:key007C7245:ref5194:ord4;page:tag:entity866:key007C7243:ref5206:ord4;page:tag:entity864:key007C7241:ref5218:ord4;page:tag:entity875:key008E4842:ref5242:ord4;page:tag:entity885:key007C7245:ref5296:ord4;page:tag:entity883:key007C7243:ref5308:ord4;page:tag:entity881:key007C7241:ref5320:ord4;page:tag:entity892:key008E4842:ref5344:ord4;page:tag:entity890:key008E4840:ref5356:ord4;page:tag:entity889:key008E483F:ref5362:ord4;page:tag:entity903:key007C7246:ref5392:ord4;page:tag:entity902:key007C7245:ref5398:ord4;page:tag:entity901:key007C7244:ref5404:ord4;page:tag:entity900:key007C7243:ref5410:ord4;page:tag:entity912:key008E4845:ref5428:ord4;page:tag:entity911:key008E4844:ref5434:ord4;page:tag:entity909:key008E4842:ref5446:ord4;page:tag:entity907:key008E4840:ref5458:ord4;page:tag:entity906:key008E483F:ref5464:ord4;page:tag:entity919:key007C7245:ref5500:ord4;page:tag:entity917:key007C7243:ref5512:ord4;page:tag:entity926:key008E4842:ref5548:ord4;page:tag:entity936:key007C7245:ref5602:ord4;page:tag:entity934:key007C7243:ref5614:ord4;page:tag:entity943:key008E4842:ref5650:ord4;page:tag:entity953:key007C7245:ref5704:ord4;page:tag:entity951:key007C7243:ref5716:ord4;page:tag:entity960:key008E4842:ref5752:ord4;page:tag:entity970:key007C7245:ref5806:ord4;page:tag:entity968:key007C7243:ref5818:ord4;page:tag:entity966:key007C7241:ref5830:ord4;page:tag:entity977:key008E4842:ref5854:ord4,プロフィールを見たいプレイヤーを選択してください,使用しない,タブ切替,,,,NOT_CHECKED,15,,NOT_STARTED,NOT_BUILT,NOT_TESTED,JPN_PRIMARY; MLG_CN_CONTEXT_AUXILIARY,mechanical template; resource_class=LOOSE_OLANG; source_objects=166
007E2F18,294,3250,3250;3262;3352;3364;3454;3466;3556;3568;3658;3670;3760;3772;3862;3874;3964;3976;4066;4078;4168;4180;4270;4282;4372;4384;4474;4486;4576;4588;4678;4690;4780;4792;4882;4894;4984;4996;5086;5098;5188;5200;5290;5302;5494;5506;5596;5608;5698;5710;5800;5812,50,,page:tag:entity546:key007C7246:ref3250:ord4;page:tag:entity544:key007C7244:ref3262:ord4;page:tag:entity563:key007C7246:ref3352:ord4;page:tag:entity561:key007C7244:ref3364:ord4;page:tag:entity580:key007C7246:ref3454:ord4;page:tag:entity578:key007C7244:ref3466:ord4;page:tag:entity597:key007C7246:ref3556:ord4;page:tag:entity595:key007C7244:ref3568:ord4;page:tag:entity614:key007C7246:ref3658:ord4;page:tag:entity612:key007C7244:ref3670:ord4;page:tag:entity631:key007C7246:ref3760:ord4;page:tag:entity629:key007C7244:ref3772:ord4;page:tag:entity648:key007C7246:ref3862:ord4;page:tag:entity646:key007C7244:ref3874:ord4;page:tag:entity665:key007C7246:ref3964:ord4;page:tag:entity663:key007C7244:ref3976:ord4;page:tag:entity682:key007C7246:ref4066:ord4;page:tag:entity680:key007C7244:ref4078:ord4;page:tag:entity699:key007C7246:ref4168:ord4;page:tag:entity697:key007C7244:ref4180:ord4;page:tag:entity716:key007C7246:ref4270:ord4;page:tag:entity714:key007C7244:ref4282:ord4;page:tag:entity733:key007C7246:ref4372:ord4;page:tag:entity731:key007C7244:ref4384:ord4;page:tag:entity750:key007C7246:ref4474:ord4;page:tag:entity748:key007C7244:ref4486:ord4;page:tag:entity767:key007C7246:ref4576:ord4;page:tag:entity765:key007C7244:ref4588:ord4;page:tag:entity784:key007C7246:ref4678:ord4;page:tag:entity782:key007C7244:ref4690:ord4;page:tag:entity801:key007C7246:ref4780:ord4;page:tag:entity799:key007C7244:ref4792:ord4;page:tag:entity818:key007C7246:ref4882:ord4;page:tag:entity816:key007C7244:ref4894:ord4;page:tag:entity835:key007C7246:ref4984:ord4;page:tag:entity833:key007C7244:ref4996:ord4;page:tag:entity852:key007C7246:ref5086:ord4;page:tag:entity850:key007C7244:ref5098:ord4;page:tag:entity869:key007C7246:ref5188:ord4;page:tag:entity867:key007C7244:ref5200:ord4;page:tag:entity886:key007C7246:ref5290:ord4;page:tag:entity884:key007C7244:ref5302:ord4;page:tag:entity920:key007C7246:ref5494:ord4;page:tag:entity918:key007C7244:ref5506:ord4;page:tag:entity937:key007C7246:ref5596:ord4;page:tag:entity935:key007C7244:ref5608:ord4;page:tag:entity954:key007C7246:ref5698:ord4;page:tag:entity952:key007C7244:ref5710:ord4;page:tag:entity971:key007C7246:ref5800:ord4;page:tag:entity969:key007C7244:ref5812:ord4,使用しない,タブ切替,使用しない,,,,NOT_CHECKED,12,,NOT_STARTED,NOT_BUILT,NOT_TESTED,JPN_PRIMARY; MLG_CN_CONTEXT_AUXILIARY,mechanical template; resource_class=LOOSE_OLANG; source_objects=50
007E2F18,295,3286,3286;3292;3388;3394;3490;3496;3592;3598;3694;3700;3796;3802;3898;3904;4000;4006;4102;4108;4204;4210,20,,page:tag:entity555:key008E4845:ref3286:ord4;page:tag:entity554:key008E4844:ref3292:ord4;page:tag:entity572:key008E4845:ref3388:ord4;page:tag:entity571:key008E4844:ref3394:ord4;page:tag:entity589:key008E4845:ref3490:ord4;page:tag:entity588:key008E4844:ref3496:ord4;page:tag:entity606:key008E4845:ref3592:ord4;page:tag:entity605:key008E4844:ref3598:ord4;page:tag:entity623:key008E4845:ref3694:ord4;page:tag:entity622:key008E4844:ref3700:ord4;page:tag:entity640:key008E4845:ref3796:ord4;page:tag:entity639:key008E4844:ref3802:ord4;page:tag:entity657:key008E4845:ref3898:ord4;page:tag:entity656:key008E4844:ref3904:ord4;page:tag:entity674:key008E4845:ref4000:ord4;page:tag:entity673:key008E4844:ref4006:ord4;page:tag:entity691:key008E4845:ref4102:ord4;page:tag:entity690:key008E4844:ref4108:ord4;page:tag:entity708:key008E4845:ref4204:ord4;page:tag:entity707:key008E4844:ref4210:ord4,使用しない,メニューを閉じる,操作リスト表示,,,,NOT_CHECKED,24,,NOT_STARTED,NOT_BUILT,NOT_TESTED,JPN_PRIMARY; MLG_CN_CONTEXT_AUXILIARY,mechanical template; resource_class=LOOSE_OLANG; source_objects=20
007E2F18,296,3298,3298;3400;3502;3604;3706;3808;3910;4012;4114;4216;7264;7270;7276;7282;7288;7294;7300;7306;7312;7318,20,,page:tag:entity553:key008E4843:ref3298:ord4;page:tag:entity570:key008E4843:ref3400:ord4;page:tag:entity587:key008E4843:ref3502:ord4;page:tag:entity604:key008E4843:ref3604:ord4;page:tag:entity621:key008E4843:ref3706:ord4;page:tag:entity638:key008E4843:ref3808:ord4;page:tag:entity655:key008E4843:ref3910:ord4;page:tag:entity672:key008E4843:ref4012:ord4;page:tag:entity689:key008E4843:ref4114:ord4;page:tag:entity706:key008E4843:ref4216:ord4;page:tag:entity1210:key006A9054:ref7264:ord4;page:tag:entity1211:key006A9054:ref7270:ord4;page:tag:entity1212:key006A9054:ref7276:ord4;page:tag:entity1213:key006A9054:ref7282:ord4;page:tag:entity1214:key006A9054:ref7288:ord4;page:tag:entity1215:key006A9054:ref7294:ord4;page:tag:entity1216:key006A9054:ref7300:ord4;page:tag:entity1217:key006A9054:ref7306:ord4;page:tag:entity1218:key006A9054:ref7312:ord4;page:tag:entity1219:key006A9054:ref7318:ord4,メニューを閉じる,操作リスト表示,表示スクロール,,,,NOT_CHECKED,21,,NOT_STARTED,NOT_BUILT,NOT_TESTED,JPN_PRIMARY; MLG_CN_CONTEXT_AUXILIARY,mechanical template; resource_class=LOOSE_OLANG; source_objects=20
007E2F18,297,3304,3304;3406,2,,page:tag:entity552:key008E4842:ref3304:ord4;page:tag:entity569:key008E4842:ref3406:ord4,操作リスト表示,表示スクロール,階層切替（地図に階層がある場合）,,,,NOT_CHECKED,21,,NOT_STARTED,NOT_BUILT,NOT_TESTED,JPN_PRIMARY; MLG_CN_CONTEXT_AUXILIARY,mechanical template; resource_class=LOOSE_OLANG; source_objects=2
007E2F18,298,3310,3310;3316;3322,3,,page:tag:entity551:key008E4841:ref3310:ord4;page:tag:entity550:key008E4840:ref3316:ord4;page:tag:entity549:key008E483F:ref3322:ord4,表示スクロール,階層切替（地図に階層がある場合）,使用しない,,,,NOT_CHECKED,48,,NOT_STARTED,NOT_BUILT,NOT_TESTED,JPN_PRIMARY; MLG_CN_CONTEXT_AUXILIARY,mechanical template; resource_class=LOOSE_OLANG; source_objects=3
007E2F18,299,3478,3478;3484;3532;3538;3544;3550;3616,7,,page:tag:entity576:key007C7242:ref3478:ord4;page:tag:entity575:key007C7241:ref3484:ord4;page:tag:entity574:key007C7240:ref3532:ord4;page:tag:entity573:key007C723F:ref3538:ord4;page:tag:entity599:key007C7248:ref3544:ord4;page:tag:entity598:key007C7247:ref3550:ord4;page:tag:entity602:key008E4841:ref3616:ord4,使用しない,選択,メニューを閉じる,,,,NOT_CHECKED,6,,NOT_STARTED,NOT_BUILT,NOT_TESTED,JPN_PRIMARY; MLG_CN_CONTEXT_AUXILIARY,mechanical template; resource_class=LOOSE_OLANG; source_objects=7
007E2F18,300,3634,3634;3940,2,,page:tag:entity591:key007C7240:ref3634:ord4;page:tag:entity642:key007C7240:ref3940:ord4,使用しない,キャンセル,決定,,,,NOT_CHECKED,15,,NOT_STARTED,NOT_BUILT,NOT_TESTED,JPN_PRIMARY; MLG_CN_CONTEXT_AUXILIARY,mechanical template; resource_class=LOOSE_OLANG; source_objects=2
007E2F18,301,3640,3640;3946;4354;4660;4762;5068;5170;5272;5374;5476;5578;5782;5884,13,,page:tag:entity590:key007C723F:ref3640:ord4;page:tag:entity641:key007C723F:ref3946:ord4;page:tag:entity709:key007C723F:ref4354:ord4;page:tag:entity760:key007C723F:ref4660:ord4;page:tag:entity777:key007C723F:ref4762:ord4;page:tag:entity828:key007C723F:ref5068:ord4;page:tag:entity845:key007C723F:ref5170:ord4;page:tag:entity862:key007C723F:ref5272:ord4;page:tag:entity879:key007C723F:ref5374:ord4;page:tag:entity896:key007C723F:ref5476:ord4;page:tag:entity913:key007C723F:ref5578:ord4;page:tag:entity947:key007C723F:ref5782:ord4;page:tag:entity964:key007C723F:ref5884:ord4,キャンセル,決定,項目選択,,,,NOT_CHECKED,6,,NOT_STARTED,NOT_BUILT,NOT_TESTED,JPN_PRIMARY; MLG_CN_CONTEXT_AUXILIARY,mechanical template; resource_class=LOOSE_OLANG; source_objects=13
007E2F18,302,3646,3646;3652,2,,page:tag:entity616:key007C7248:ref3646:ord4;page:tag:entity615:key007C7247:ref3652:ord4,決定,項目選択,タブ切替,,,,NOT_CHECKED,12,,NOT_STARTED,NOT_BUILT,NOT_TESTED,JPN_PRIMARY; MLG_CN_CONTEXT_AUXILIARY,mechanical template; resource_class=LOOSE_OLANG; source_objects=2
007E2F18,303,3718,3718,1,,page:tag:entity619:key008E4841:ref3718:ord4,使用しない,項目選択/設定選択,設定選択,,,,NOT_CHECKED,25,,NOT_STARTED,NOT_BUILT,NOT_TESTED,JPN_PRIMARY; MLG_CN_CONTEXT_AUXILIARY,mechanical template; resource_class=LOOSE_OLANG; source_objects=1
007E2F18,304,3724,3724;3730,2,,page:tag:entity618:key008E4840:ref3724:ord4;page:tag:entity617:key008E483F:ref3730:ord4,項目選択/設定選択,設定選択,使用しない,,,,NOT_CHECKED,12,,NOT_STARTED,NOT_BUILT,NOT_TESTED,JPN_PRIMARY; MLG_CN_CONTEXT_AUXILIARY,mechanical template; resource_class=LOOSE_OLANG; source_objects=2
007E2F18,305,3850,3850;3856,2,,page:tag:entity650:key007C7248:ref3850:ord4;page:tag:entity649:key007C7247:ref3856:ord4,使用しない,カーソル移動・連続選択,タブ切替,,,,NOT_CHECKED,33,,NOT_STARTED,NOT_BUILT,NOT_TESTED,JPN_PRIMARY; MLG_CN_CONTEXT_AUXILIARY,mechanical template; resource_class=LOOSE_OLANG; source_objects=2
007E2F18,306,3886,3886,1,,page:tag:entity644:key007C7242:ref3886:ord4,使用しない,再生・停止（音声ファイルのみ）,選択・非選択切替,,,,NOT_CHECKED,45,,NOT_STARTED,NOT_BUILT,NOT_TESTED,JPN_PRIMARY; MLG_CN_CONTEXT_AUXILIARY,mechanical template; resource_class=LOOSE_OLANG; source_objects=1
007E2F18,307,3892,3892,1,,page:tag:entity643:key007C7241:ref3892:ord4,再生・停止（音声ファイルのみ）,選択・非選択切替,メニューを閉じる,,,,NOT_CHECKED,24,,NOT_STARTED,NOT_BUILT,NOT_TESTED,JPN_PRIMARY; MLG_CN_CONTEXT_AUXILIARY,mechanical template; resource_class=LOOSE_OLANG; source_objects=1
007E2F18,308,3994,3994;4096,2,,page:tag:entity660:key007C7241:ref3994:ord4;page:tag:entity677:key007C7241:ref4096:ord4,使用しない,停止,メニューを閉じる,,,,NOT_CHECKED,6,,NOT_STARTED,NOT_BUILT,NOT_TESTED,JPN_PRIMARY; MLG_CN_CONTEXT_AUXILIARY,mechanical template; resource_class=LOOSE_OLANG; source_objects=2
007E2F18,309,4042,4042;4144,2,,page:tag:entity659:key007C7240:ref4042:ord4;page:tag:entity676:key007C7240:ref4144:ord4,使用しない,再生,使用しない,,,,NOT_CHECKED,6,,NOT_STARTED,NOT_BUILT,NOT_TESTED,JPN_PRIMARY; MLG_CN_CONTEXT_AUXILIARY,mechanical template; resource_class=LOOSE_OLANG; source_objects=2
007E2F18,310,4054,4054;4252,2,,page:tag:entity684:key007C7248:ref4054:ord4;page:tag:entity692:key007C723F:ref4252:ord4,使用しない,次曲（再生中）,前曲（再生中）,,,,NOT_CHECKED,21,,NOT_STARTED,NOT_BUILT,NOT_TESTED,JPN_PRIMARY; MLG_CN_CONTEXT_AUXILIARY,mechanical template; resource_class=LOOSE_OLANG; source_objects=2
007E2F18,311,4060,4060;4192,2,,page:tag:entity683:key007C7247:ref4060:ord4;page:tag:entity695:key007C7242:ref4192:ord4,次曲（再生中）,前曲（再生中）,タブ切替,,,,NOT_CHECKED,21,,NOT_STARTED,NOT_BUILT,NOT_TESTED,JPN_PRIMARY; MLG_CN_CONTEXT_AUXILIARY,mechanical template; resource_class=LOOSE_OLANG; source_objects=2
007E2F18,312,4126,4126,1,,page:tag:entity687:key008E4841:ref4126:ord4,使用しない,前曲（再生中）/次曲（再生中）,使用しない,,,,NOT_CHECKED,43,,NOT_STARTED,NOT_BUILT,NOT_TESTED,JPN_PRIMARY; MLG_CN_CONTEXT_AUXILIARY,mechanical template; resource_class=LOOSE_OLANG; source_objects=1
007E2F18,313,4198,4198,1,,page:tag:entity694:key007C7241:ref4198:ord4,前曲（再生中）,シャッフルモード切替,メニューを閉じる,,,,NOT_CHECKED,30,,NOT_STARTED,NOT_BUILT,NOT_TESTED,JPN_PRIMARY; MLG_CN_CONTEXT_AUXILIARY,mechanical template; resource_class=LOOSE_OLANG; source_objects=1
007E2F18,314,4246,4246,1,,page:tag:entity693:key007C7240:ref4246:ord4,使用しない,再生・停止・ZAPPIN切替,次曲（再生中）,,,,NOT_CHECKED,30,,NOT_STARTED,NOT_BUILT,NOT_TESTED,JPN_PRIMARY; MLG_CN_CONTEXT_AUXILIARY,mechanical template; resource_class=LOOSE_OLANG; source_objects=1
007E2F18,315,4258,4258;4264;4330;4336;4342;4360;4366;4432;4438;4444;4462;4468;4534;4540;4546;4564;4570;4636;4642;4648;4666;4672;4738;4744;4750;4768;4774;4840;4846;4852;4870;4876;4942;4948;4954;4972;4978;5044;5050;5056;5074;5080;5146;5152;5158;5176;5182;5278;5284;5350;5380;5386;5452;5788;5794,55,,page:tag:entity718:key007C7248:ref4258:ord4;page:tag:entity717:key007C7247:ref4264:ord4;page:tag:entity721:key008E4841:ref4330:ord4;page:tag:entity720:key008E4840:ref4336:ord4;page:tag:entity719:key008E483F:ref4342:ord4;page:tag:entity735:key007C7248:ref4360:ord4;page:tag:entity734:key007C7247:ref4366:ord4;page:tag:entity738:key008E4841:ref4432:ord4;page:tag:entity737:key008E4840:ref4438:ord4;page:tag:entity736:key008E483F:ref4444:ord4;page:tag:entity752:key007C7248:ref4462:ord4;page:tag:entity751:key007C7247:ref4468:ord4;page:tag:entity755:key008E4841:ref4534:ord4;page:tag:entity754:key008E4840:ref4540:ord4;page:tag:entity753:key008E483F:ref4546:ord4;page:tag:entity769:key007C7248:ref4564:ord4;page:tag:entity768:key007C7247:ref4570:ord4;page:tag:entity772:key008E4841:ref4636:ord4;page:tag:entity771:key008E4840:ref4642:ord4;page:tag:entity770:key008E483F:ref4648:ord4;page:tag:entity786:key007C7248:ref4666:ord4;page:tag:entity785:key007C7247:ref4672:ord4;page:tag:entity789:key008E4841:ref4738:ord4;page:tag:entity788:key008E4840:ref4744:ord4;page:tag:entity787:key008E483F:ref4750:ord4;page:tag:entity803:key007C7248:ref4768:ord4;page:tag:entity802:key007C7247:ref4774:ord4;page:tag:entity806:key008E4841:ref4840:ord4;page:tag:entity805:key008E4840:ref4846:ord4;page:tag:entity804:key008E483F:ref4852:ord4;page:tag:entity820:key007C7248:ref4870:ord4;page:tag:entity819:key007C7247:ref4876:ord4;page:tag:entity823:key008E4841:ref4942:ord4;page:tag:entity822:key008E4840:ref4948:ord4;page:tag:entity821:key008E483F:ref4954:ord4;page:tag:entity837:key007C7248:ref4972:ord4;page:tag:entity836:key007C7247:ref4978:ord4;page:tag:entity840:key008E4841:ref5044:ord4;page:tag:entity839:key008E4840:ref5050:ord4;page:tag:entity838:key008E483F:ref5056:ord4;page:tag:entity854:key007C7248:ref5074:ord4;page:tag:entity853:key007C7247:ref5080:ord4;page:tag:entity857:key008E4841:ref5146:ord4;page:tag:entity856:key008E4840:ref5152:ord4;page:tag:entity855:key008E483F:ref5158:ord4;page:tag:entity871:key007C7248:ref5176:ord4;page:tag:entity870:key007C7247:ref5182:ord4;page:tag:entity888:key007C7248:ref5278:ord4;page:tag:entity887:key007C7247:ref5284:ord4;page:tag:entity891:key008E4841:ref5350:ord4;page:tag:entity905:key007C7248:ref5380:ord4;page:tag:entity904:key007C7247:ref5386:ord4;page:tag:entity908:key008E4841:ref5452:ord4;page:tag:entity973:key007C7248:ref5788:ord4;page:tag:entity972:key007C7247:ref5794:ord4,次曲（再生中）,カーソル移動,タブ切替,,,,NOT_CHECKED,18,,NOT_STARTED,NOT_BUILT,NOT_TESTED,JPN_PRIMARY; MLG_CN_CONTEXT_AUXILIARY,mechanical template; resource_class=LOOSE_OLANG; source_objects=55
007E2F18,316,4300,4300,1,,page:tag:entity711:key007C7241:ref4300:ord4,使用しない,登録解除,使用しない,,,,NOT_CHECKED,12,,NOT_STARTED,NOT_BUILT,NOT_TESTED,JPN_PRIMARY; MLG_CN_CONTEXT_AUXILIARY,mechanical template; resource_class=LOOSE_OLANG; source_objects=1
007E2F18,317,4318,4318;4420;4522;4624;4726;4828;4930;5032;5134;5236;5338;5440;5542;5644;5746;5848,16,,page:tag:entity723:key008E4843:ref4318:ord4;page:tag:entity740:key008E4843:ref4420:ord4;page:tag:entity757:key008E4843:ref4522:ord4;page:tag:entity774:key008E4843:ref4624:ord4;page:tag:entity791:key008E4843:ref4726:ord4;page:tag:entity808:key008E4843:ref4828:ord4;page:tag:entity825:key008E4843:ref4930:ord4;page:tag:entity842:key008E4843:ref5032:ord4;page:tag:entity859:key008E4843:ref5134:ord4;page:tag:entity876:key008E4843:ref5236:ord4;page:tag:entity893:key008E4843:ref5338:ord4;page:tag:entity910:key008E4843:ref5440:ord4;page:tag:entity927:key008E4843:ref5542:ord4;page:tag:entity944:key008E4843:ref5644:ord4;page:tag:entity961:key008E4843:ref5746:ord4;page:tag:entity978:key008E4843:ref5848:ord4,使用しない,ヘルプ起動,使用しない,,,,NOT_CHECKED,15,,NOT_STARTED,NOT_BUILT,NOT_TESTED,JPN_PRIMARY; MLG_CN_CONTEXT_AUXILIARY,mechanical template; resource_class=LOOSE_OLANG; source_objects=16
007E2F18,318,4348,4348;4450;5164,3,,page:tag:entity710:key007C7240:ref4348:ord4;page:tag:entity727:key007C7240:ref4450:ord4;page:tag:entity846:key007C7240:ref5164:ord4,カーソル移動,戻る/キャンセル,決定,,,,NOT_CHECKED,22,,NOT_STARTED,NOT_BUILT,NOT_TESTED,JPN_PRIMARY; MLG_CN_CONTEXT_AUXILIARY,mechanical template; resource_class=LOOSE_OLANG; source_objects=3
007E2F18,319,4396,4396,1,,page:tag:entity729:key007C7242:ref4396:ord4,使用しない,試聴,削除/初期化,,,,NOT_CHECKED,6,,NOT_STARTED,NOT_BUILT,NOT_TESTED,JPN_PRIMARY; MLG_CN_CONTEXT_AUXILIARY,mechanical template; resource_class=LOOSE_OLANG; source_objects=1
007E2F18,320,4402,4402,1,,page:tag:entity728:key007C7241:ref4402:ord4,試聴,削除/初期化,使用しない,,,,NOT_CHECKED,16,,NOT_STARTED,NOT_BUILT,NOT_TESTED,JPN_PRIMARY; MLG_CN_CONTEXT_AUXILIARY,mechanical template; resource_class=LOOSE_OLANG; source_objects=1
007E2F18,321,4456,4456,1,,page:tag:entity726:key007C723F:ref4456:ord4,戻る/キャンセル,決定/開封,カーソル移動,,,,NOT_CHECKED,13,,NOT_STARTED,NOT_BUILT,NOT_TESTED,JPN_PRIMARY; MLG_CN_CONTEXT_AUXILIARY,mechanical template; resource_class=LOOSE_OLANG; source_objects=1
007E2F18,322,4498,4498;4600;4702;4804;5212;5314;5518;5620;5722;5824,10,,page:tag:entity746:key007C7242:ref4498:ord4;page:tag:entity763:key007C7242:ref4600:ord4;page:tag:entity780:key007C7242:ref4702:ord4;page:tag:entity797:key007C7242:ref4804:ord4;page:tag:entity865:key007C7242:ref5212:ord4;page:tag:entity882:key007C7242:ref5314:ord4;page:tag:entity916:key007C7242:ref5518:ord4;page:tag:entity933:key007C7242:ref5620:ord4;page:tag:entity950:key007C7242:ref5722:ord4;page:tag:entity967:key007C7242:ref5824:ord4,使用しない,詳細画面表示/モデルビューア起動,系図ジャンプ（「開発状況」「新作」タブで使用）,,,,NOT_CHECKED,46,,NOT_STARTED,NOT_BUILT,NOT_TESTED,JPN_PRIMARY; MLG_CN_CONTEXT_AUXILIARY,mechanical template; resource_class=LOOSE_OLANG; source_objects=10
007E2F18,323,4504,4504;4810,2,,page:tag:entity745:key007C7241:ref4504:ord4;page:tag:entity796:key007C7241:ref4810:ord4,詳細画面表示/モデルビューア起動,系図ジャンプ（「開発状況」「新作」タブで使用）,使用しない,,,,NOT_CHECKED,69,,NOT_STARTED,NOT_BUILT,NOT_TESTED,JPN_PRIMARY; MLG_CN_CONTEXT_AUXILIARY,mechanical template; resource_class=LOOSE_OLANG; source_objects=2
007E2F18,324,4552,4552;4654;4756;4858;4960;5062;5266;5368;5470;5878,10,,page:tag:entity744:key007C7240:ref4552:ord4;page:tag:entity761:key007C7240:ref4654:ord4;page:tag:entity778:key007C7240:ref4756:ord4;page:tag:entity795:key007C7240:ref4858:ord4;page:tag:entity812:key007C7240:ref4960:ord4;page:tag:entity829:key007C7240:ref5062:ord4;page:tag:entity863:key007C7240:ref5266:ord4;page:tag:entity880:key007C7240:ref5368:ord4;page:tag:entity897:key007C7240:ref5470:ord4;page:tag:entity965:key007C7240:ref5878:ord4,カーソル移動,戻る,条件表示/開発実行/詳細表示,,,,NOT_CHECKED,6,,NOT_STARTED,NOT_BUILT,NOT_TESTED,JPN_PRIMARY; MLG_CN_CONTEXT_AUXILIARY,mechanical template; resource_class=LOOSE_OLANG; source_objects=10
007E2F18,325,4558,4558;4864,2,,page:tag:entity743:key007C723F:ref4558:ord4;page:tag:entity794:key007C723F:ref4864:ord4,戻る,条件表示/開発実行/詳細表示,カーソル移動,,,,NOT_CHECKED,38,,NOT_STARTED,NOT_BUILT,NOT_TESTED,JPN_PRIMARY; MLG_CN_CONTEXT_AUXILIARY,mechanical template; resource_class=LOOSE_OLANG; source_objects=2
007E2F18,326,4708,4708;5914;7324,3,,page:tag:entity779:key007C7241:ref4708:ord4;page:tag:entity985:key00CC1298:ref5914:ord4;page:tag:entity1220:key003C54C6:ref7324:ord4,詳細画面表示/モデルビューア起動,破棄,使用しない,,,,NOT_CHECKED,6,,NOT_STARTED,NOT_BUILT,NOT_TESTED,JPN_PRIMARY; MLG_CN_CONTEXT_AUXILIARY,mechanical template; resource_class=LOOSE_OLANG; source_objects=3
007E2F18,327,4906,4906;5008;5416,3,,page:tag:entity814:key007C7242:ref4906:ord4;page:tag:entity831:key007C7242:ref5008:ord4;page:tag:entity899:key007C7242:ref5416:ord4,使用しない,モデルビューア起動,使用しない,,,,NOT_CHECKED,27,,NOT_STARTED,NOT_BUILT,NOT_TESTED,JPN_PRIMARY; MLG_CN_CONTEXT_AUXILIARY,mechanical template; resource_class=LOOSE_OLANG; source_objects=3
007E2F18,328,5110,5110,1,,page:tag:entity848:key007C7242:ref5110:ord4,使用しない,称号選択画面表示,削除,,,,NOT_CHECKED,24,,NOT_STARTED,NOT_BUILT,NOT_TESTED,JPN_PRIMARY; MLG_CN_CONTEXT_AUXILIARY,mechanical template; resource_class=LOOSE_OLANG; source_objects=1
007E2F18,329,5116,5116;7330,2,,page:tag:entity847:key007C7241:ref5116:ord4;page:tag:entity1221:key003C54C6:ref7330:ord4,称号選択画面表示,削除,使用しない,,,,NOT_CHECKED,6,,NOT_STARTED,NOT_BUILT,NOT_TESTED,JPN_PRIMARY; MLG_CN_CONTEXT_AUXILIARY,mechanical template; resource_class=LOOSE_OLANG; source_objects=2
007E2F18,330,5224,5224;5230;5326;5332;5530;5536;5632;5638;5734;5740;5836;5842,12,,page:tag:entity878:key008E4845:ref5224:ord4;page:tag:entity877:key008E4844:ref5230:ord4;page:tag:entity895:key008E4845:ref5326:ord4;page:tag:entity894:key008E4844:ref5332:ord4;page:tag:entity929:key008E4845:ref5530:ord4;page:tag:entity928:key008E4844:ref5536:ord4;page:tag:entity946:key008E4845:ref5632:ord4;page:tag:entity945:key008E4844:ref5638:ord4;page:tag:entity963:key008E4845:ref5734:ord4;page:tag:entity962:key008E4844:ref5740:ord4;page:tag:entity980:key008E4845:ref5836:ord4;page:tag:entity979:key008E4844:ref5842:ord4,使用しない,ソートモード起動,ヘルプ起動,,,,NOT_CHECKED,24,,NOT_STARTED,NOT_BUILT,NOT_TESTED,JPN_PRIMARY; MLG_CN_CONTEXT_AUXILIARY,mechanical template; resource_class=LOOSE_OLANG; source_objects=12
007E2F18,331,5248,5248;5860,2,,page:tag:entity874:key008E4841:ref5248:ord4;page:tag:entity976:key008E4841:ref5860:ord4,使用しない,カーソル移動/ランク変更,ランク変更,,,,NOT_CHECKED,34,,NOT_STARTED,NOT_BUILT,NOT_TESTED,JPN_PRIMARY; MLG_CN_CONTEXT_AUXILIARY,mechanical template; resource_class=LOOSE_OLANG; source_objects=2
007E2F18,332,5254,5254;5260;5866;5872,4,,page:tag:entity873:key008E4840:ref5254:ord4;page:tag:entity872:key008E483F:ref5260:ord4;page:tag:entity975:key008E4840:ref5866:ord4;page:tag:entity974:key008E483F:ref5872:ord4,カーソル移動/ランク変更,ランク変更,戻る,,,,NOT_CHECKED,15,,NOT_STARTED,NOT_BUILT,NOT_TESTED,JPN_PRIMARY; MLG_CN_CONTEXT_AUXILIARY,mechanical template; resource_class=LOOSE_OLANG; source_objects=4
007E2F18,333,5422,5422,1,,page:tag:entity898:key007C7241:ref5422:ord4,モデルビューア起動,選択/選択解除/装備解除/破棄,使用しない,,,,NOT_CHECKED,39,,NOT_STARTED,NOT_BUILT,NOT_TESTED,JPN_PRIMARY; MLG_CN_CONTEXT_AUXILIARY,mechanical template; resource_class=LOOSE_OLANG; source_objects=1
007E2F18,334,5482,5482;5488;5584;5590;5686;5692,6,,page:tag:entity922:key007C7248:ref5482:ord4;page:tag:entity921:key007C7247:ref5488:ord4;page:tag:entity939:key007C7248:ref5584:ord4;page:tag:entity938:key007C7247:ref5590:ord4;page:tag:entity956:key007C7248:ref5686:ord4;page:tag:entity955:key007C7247:ref5692:ord4,決定,カーソル移動/表示スタッフ切替,タブ切替,,,,NOT_CHECKED,43,,NOT_STARTED,NOT_BUILT,NOT_TESTED,JPN_PRIMARY; MLG_CN_CONTEXT_AUXILIARY,mechanical template; resource_class=LOOSE_OLANG; source_objects=6
007E2F18,335,5524,5524;5626;5728,3,,page:tag:entity915:key007C7241:ref5524:ord4;page:tag:entity932:key007C7241:ref5626:ord4;page:tag:entity949:key007C7241:ref5728:ord4,詳細画面表示/モデルビューア起動,選択/選択解除,ソートモード起動,,,,NOT_CHECKED,19,,NOT_STARTED,NOT_BUILT,NOT_TESTED,JPN_PRIMARY; MLG_CN_CONTEXT_AUXILIARY,mechanical template; resource_class=LOOSE_OLANG; source_objects=3
007E2F18,336,5554,5554;5758,2,,page:tag:entity925:key008E4841:ref5554:ord4;page:tag:entity959:key008E4841:ref5758:ord4,使用しない,カーソル移動/表示スタッフ切替/表示モード切替,カーソル移動/表示モード切替,,,,NOT_CHECKED,65,,NOT_STARTED,NOT_BUILT,NOT_TESTED,JPN_PRIMARY; MLG_CN_CONTEXT_AUXILIARY,mechanical template; resource_class=LOOSE_OLANG; source_objects=2
007E2F18,337,5560,5560;5566;5764;5770,4,,page:tag:entity924:key008E4840:ref5560:ord4;page:tag:entity923:key008E483F:ref5566:ord4;page:tag:entity958:key008E4840:ref5764:ord4;page:tag:entity957:key008E483F:ref5770:ord4,カーソル移動/表示スタッフ切替/表示モード切替,カーソル移動/表示モード切替,戻る/キャンセル/選択状態初期化,,,,NOT_CHECKED,40,,NOT_STARTED,NOT_BUILT,NOT_TESTED,JPN_PRIMARY; MLG_CN_CONTEXT_AUXILIARY,mechanical template; resource_class=LOOSE_OLANG; source_objects=4
007E2F18,338,5572,5572;5776,2,,page:tag:entity914:key007C7240:ref5572:ord4;page:tag:entity948:key007C7240:ref5776:ord4,カーソル移動/表示モード切替,戻る/キャンセル/選択状態初期化,決定,,,,NOT_CHECKED,44,,NOT_STARTED,NOT_BUILT,NOT_TESTED,JPN_PRIMARY; MLG_CN_CONTEXT_AUXILIARY,mechanical template; resource_class=LOOSE_OLANG; source_objects=2
007E2F18,339,5656,5656,1,,page:tag:entity942:key008E4841:ref5656:ord4,使用しない,カーソル移動/表示スタッフ切替/リストモード切替,カーソル移動/リストモード切替,,,,NOT_CHECKED,68,,NOT_STARTED,NOT_BUILT,NOT_TESTED,JPN_PRIMARY; MLG_CN_CONTEXT_AUXILIARY,mechanical template; resource_class=LOOSE_OLANG; source_objects=1
007E2F18,340,5662,5662;5668,2,,page:tag:entity941:key008E4840:ref5662:ord4;page:tag:entity940:key008E483F:ref5668:ord4,カーソル移動/表示スタッフ切替/リストモード切替,カーソル移動/リストモード切替,戻る/選択全解除,,,,NOT_CHECKED,43,,NOT_STARTED,NOT_BUILT,NOT_TESTED,JPN_PRIMARY; MLG_CN_CONTEXT_AUXILIARY,mechanical template; resource_class=LOOSE_OLANG; source_objects=2
007E2F18,341,5674,5674,1,,page:tag:entity931:key007C7240:ref5674:ord4,カーソル移動/リストモード切替,戻る/選択全解除,決定/スキル詳細表示,,,,NOT_CHECKED,22,,NOT_STARTED,NOT_BUILT,NOT_TESTED,JPN_PRIMARY; MLG_CN_CONTEXT_AUXILIARY,mechanical template; resource_class=LOOSE_OLANG; source_objects=1
007E2F18,342,5680,5680,1,,page:tag:entity930:key007C723F:ref5680:ord4,戻る/選択全解除,決定/スキル詳細表示,カーソル移動/表示スタッフ切替,,,,NOT_CHECKED,28,,NOT_STARTED,NOT_BUILT,NOT_TESTED,JPN_PRIMARY; MLG_CN_CONTEXT_AUXILIARY,mechanical template; resource_class=LOOSE_OLANG; source_objects=1
007E2F18,343,5890,5890,1,,page:tag:entity981:key00220A93:ref5890:ord4,決定,"セーブデータをチェックしています。
ゲームを終了しないでください。",COMRADE'S ALLIES,,,,NOT_CHECKED,97,,NOT_STARTED,NOT_BUILT,NOT_TESTED,JPN_PRIMARY; MLG_CN_CONTEXT_AUXILIARY,mechanical template; resource_class=LOOSE_OLANG; source_objects=1
007E2F18,344,5896,5896,1,,page:tag:entity982:key00AE7F04:ref5896:ord4,"セーブデータをチェックしています。
ゲームを終了しないでください。",COMRADE'S ALLIES,COMRADES,,,,NOT_CHECKED,16,,NOT_STARTED,NOT_BUILT,NOT_TESTED,JPN_PRIMARY; MLG_CN_CONTEXT_AUXILIARY,mechanical template; resource_class=LOOSE_OLANG; source_objects=1
007E2F18,345,5902,5902,1,,page:tag:entity983:key00B8A0C0:ref5902:ord4,COMRADE'S ALLIES,COMRADES,"本体設定の日付が正しく無い場合には配送・受け取りがうまく行えない場合があります。
ご注意ください。",,,,NOT_CHECKED,8,,NOT_STARTED,NOT_BUILT,NOT_TESTED,JPN_PRIMARY; MLG_CN_CONTEXT_AUXILIARY,mechanical template; resource_class=LOOSE_OLANG; source_objects=1
007E2F18,346,5908,5908,1,,page:tag:entity984:key00BBC0E2:ref5908:ord4,COMRADES,"本体設定の日付が正しく無い場合には配送・受け取りがうまく行えない場合があります。
ご注意ください。",破棄,,,,NOT_CHECKED,145,,NOT_STARTED,NOT_BUILT,NOT_TESTED,JPN_PRIMARY; MLG_CN_CONTEXT_AUXILIARY,mechanical template; resource_class=LOOSE_OLANG; source_objects=1
007E2F18,347,5920,5920,1,,page:tag:entity990:key00ACE08D:ref5920:ord4,破棄,POWER-JUNK,カメラ切替：<I=LR>,,,,NOT_CHECKED,10,,NOT_STARTED,NOT_BUILT,NOT_TESTED,JPN_PRIMARY; MLG_CN_CONTEXT_AUXILIARY,mechanical template; resource_class=LOOSE_OLANG; source_objects=1
007E2F18,348,5926,5926;6004;6088,3,,page:tag:entity989:key006A33A9:ref5926:ord4;page:tag:entity1002:key0088ADBE:ref6004:ord4;page:tag:entity1017:key00C992CF:ref6088:ord4,POWER-JUNK,カメラ切替：<I=LR>,カメラ回転：<I=CAMERA>,<I=LR>,,,NOT_CHECKED,24,,NOT_STARTED,NOT_BUILT,NOT_TESTED,JPN_PRIMARY; MLG_CN_CONTEXT_AUXILIARY,mechanical template; resource_class=LOOSE_OLANG; source_objects=3
007E2F18,349,5932,5932,1,,page:tag:entity988:key006A33A8:ref5932:ord4,カメラ切替：<I=LR>,カメラ回転：<I=CAMERA>,縮小：<I=R2>,<I=CAMERA>,,,NOT_CHECKED,28,,NOT_STARTED,NOT_BUILT,NOT_TESTED,JPN_PRIMARY; MLG_CN_CONTEXT_AUXILIARY,mechanical template; resource_class=LOOSE_OLANG; source_objects=1
007E2F18,350,5938,5938;6076;6100,3,,page:tag:entity987:key006A33A7:ref5938:ord4;page:tag:entity1011:key00C992CD:ref6076:ord4;page:tag:entity1015:key00C992CD:ref6100:ord4,カメラ回転：<I=CAMERA>,縮小：<I=R2>,拡大：<I=L2>,<I=R2>,,,NOT_CHECKED,15,,NOT_STARTED,NOT_BUILT,NOT_TESTED,JPN_PRIMARY; MLG_CN_CONTEXT_AUXILIARY,mechanical template; resource_class=LOOSE_OLANG; source_objects=3
007E2F18,351,5944,5944;6082;6106,3,,page:tag:entity986:key006A33A6:ref5944:ord4;page:tag:entity1010:key00C992CC:ref6082:ord4;page:tag:entity1014:key00C992CC:ref6106:ord4,縮小：<I=R2>,拡大：<I=L2>,<I=DEC>で、開発に必要な条件を見ることが出来ます。,<I=L2>,,,NOT_CHECKED,15,,NOT_STARTED,NOT_BUILT,NOT_TESTED,JPN_PRIMARY; MLG_CN_CONTEXT_AUXILIARY,mechanical template; resource_class=LOOSE_OLANG; source_objects=3
007E2F18,352,5950,5950,1,,page:tag:entity991:key006FD5DA:ref5950:ord4,拡大：<I=L2>,<I=DEC>で、開発に必要な条件を見ることが出来ます。,ヘルプ：<I=SEL>,<I=DEC>,,,NOT_CHECKED,70,,NOT_STARTED,NOT_BUILT,NOT_TESTED,JPN_PRIMARY; MLG_CN_CONTEXT_AUXILIARY,mechanical template; resource_class=LOOSE_OLANG; source_objects=1
007E2F18,353,5956,5956,1,,page:tag:entity992:key00D65DBE:ref5956:ord4,<I=DEC>で、開発に必要な条件を見ることが出来ます。,ヘルプ：<I=SEL>,CONTROLS HELP,<I=SEL>,,,NOT_CHECKED,19,,NOT_STARTED,NOT_BUILT,NOT_TESTED,JPN_PRIMARY; MLG_CN_CONTEXT_AUXILIARY,mechanical template; resource_class=LOOSE_OLANG; source_objects=1
007E2F18,354,5962,5962;6226;7240;7258,4,,page:tag:entity1007:key00AD4E91:ref5962:ord4;page:tag:entity1037:key001787C8:ref6226:ord4;page:tag:entity1204:key002B250C:ref7240:ord4;page:tag:entity1207:key00291428:ref7258:ord4,ヘルプ：<I=SEL>,CONTROLS HELP,縮小：<I=L2>,,,,NOT_CHECKED,13,,NOT_STARTED,NOT_BUILT,NOT_TESTED,JPN_PRIMARY; MLG_CN_CONTEXT_AUXILIARY,mechanical template; resource_class=LOOSE_OLANG; source_objects=4
007E2F18,355,5968,5968;5986;6010;6028;6052,5,,page:tag:entity1009:key00C8ADBD:ref5968:ord4;page:tag:entity1005:key00A8ADBD:ref5986:ord4;page:tag:entity1001:key0088ADBD:ref6010:ord4;page:tag:entity998:key0048ADBD:ref6028:ord4;page:tag:entity994:key0028ADBD:ref6052:ord4,CONTROLS HELP,縮小：<I=L2>,拡大：<I=R2>,<I=L2>,,,NOT_CHECKED,15,,NOT_STARTED,NOT_BUILT,NOT_TESTED,JPN_PRIMARY; MLG_CN_CONTEXT_AUXILIARY,mechanical template; resource_class=LOOSE_OLANG; source_objects=5
007E2F18,356,5974,5974;5992;6016;6034;6058,5,,page:tag:entity1008:key00C8ADBC:ref5974:ord4;page:tag:entity1004:key00A8ADBC:ref5992:ord4;page:tag:entity1000:key0088ADBC:ref6016:ord4;page:tag:entity997:key0048ADBC:ref6034:ord4;page:tag:entity993:key0028ADBC:ref6058:ord4,縮小：<I=L2>,拡大：<I=R2>,カメラ移動：<I=CAMERA>,<I=R2>,,,NOT_CHECKED,15,,NOT_STARTED,NOT_BUILT,NOT_TESTED,JPN_PRIMARY; MLG_CN_CONTEXT_AUXILIARY,mechanical template; resource_class=LOOSE_OLANG; source_objects=5
007E2F18,357,5980,5980;5998,2,,page:tag:entity1006:key00A8ADBE:ref5980:ord4;page:tag:entity1003:key0088ADBF:ref5998:ord4,拡大：<I=R2>,カメラ移動：<I=CAMERA>,縮小：<I=L2>,<I=CAMERA>,,,NOT_CHECKED,28,,NOT_STARTED,NOT_BUILT,NOT_TESTED,JPN_PRIMARY; MLG_CN_CONTEXT_AUXILIARY,mechanical template; resource_class=LOOSE_OLANG; source_objects=2
007E2F18,358,6022,6022;6070;6094,3,,page:tag:entity999:key0048ADBE:ref6022:ord4;page:tag:entity1012:key00C992CE:ref6070:ord4;page:tag:entity1016:key00C992CE:ref6094:ord4,拡大：<I=R2>,回転：<I=CAMERA>,縮小：<I=L2>,<I=CAMERA>,,,NOT_CHECKED,19,,NOT_STARTED,NOT_BUILT,NOT_TESTED,JPN_PRIMARY; MLG_CN_CONTEXT_AUXILIARY,mechanical template; resource_class=LOOSE_OLANG; source_objects=3
007E2F18,359,6040,6040,1,,page:tag:entity996:key0028ADBF:ref6040:ord4,拡大：<I=R2>,移動：<I=CAMERA>上下,回転：<I=CAMERA>左右,<I=CAMERA>,,,NOT_CHECKED,25,,NOT_STARTED,NOT_BUILT,NOT_TESTED,JPN_PRIMARY; MLG_CN_CONTEXT_AUXILIARY,mechanical template; resource_class=LOOSE_OLANG; source_objects=1
007E2F18,360,6046,6046,1,,page:tag:entity995:key0028ADBE:ref6046:ord4,移動：<I=CAMERA>上下,回転：<I=CAMERA>左右,縮小：<I=L2>,<I=CAMERA>,,,NOT_CHECKED,25,,NOT_STARTED,NOT_BUILT,NOT_TESTED,JPN_PRIMARY; MLG_CN_CONTEXT_AUXILIARY,mechanical template; resource_class=LOOSE_OLANG; source_objects=1
007E2F18,361,6064,6064,1,,page:tag:entity1013:key00C992CF:ref6064:ord4,拡大：<I=R2>,移動：<I=CAMERA>,回転：<I=CAMERA>,<I=CAMERA>,,,NOT_CHECKED,19,,NOT_STARTED,NOT_BUILT,NOT_TESTED,JPN_PRIMARY; MLG_CN_CONTEXT_AUXILIARY,mechanical template; resource_class=LOOSE_OLANG; source_objects=1
007E2F18,362,6112,6112,1,,page:tag:entity1022:key00B3E6FC:ref6112:ord4,拡大：<I=L2>,<I=CONF>で配属先の班を指定します。,<I=□>で配属させたい兵士を選択します。,<I=CONF>,,,NOT_CHECKED,47,,NOT_STARTED,NOT_BUILT,NOT_TESTED,JPN_PRIMARY; MLG_CN_CONTEXT_AUXILIARY,mechanical template; resource_class=LOOSE_OLANG; source_objects=1
007E2F18,363,6118,6118,1,,page:tag:entity1021:key00B3E6DC:ref6118:ord4,<I=CONF>で配属先の班を指定します。,<I=□>で配属させたい兵士を選択します。,問題が無ければ<I=CONF>を押してください。,<I=□>,,,NOT_CHECKED,55,,NOT_STARTED,NOT_BUILT,NOT_TESTED,JPN_PRIMARY; MLG_CN_CONTEXT_AUXILIARY,mechanical template; resource_class=LOOSE_OLANG; source_objects=1
007E2F18,364,6124,6124,1,,page:tag:entity1020:key009F832A:ref6124:ord4,<I=□>で配属させたい兵士を選択します。,問題が無ければ<I=CONF>を押してください。,"決定：<I=DEC>　キャンセル：<I=CAN>　詳細：<I=△>　複数選択：<I=□>
ソート：<I=STA>　表示モード切替：<I=LR>",<I=CONF>,,,NOT_CHECKED,56,,NOT_STARTED,NOT_BUILT,NOT_TESTED,JPN_PRIMARY; MLG_CN_CONTEXT_AUXILIARY,mechanical template; resource_class=LOOSE_OLANG; source_objects=1
007E2F18,365,6130,6130,1,,page:tag:entity1019:key00289E12:ref6130:ord4,問題が無ければ<I=CONF>を押してください。,"決定：<I=DEC>　キャンセル：<I=CAN>　詳細：<I=△>　複数選択：<I=□>
ソート：<I=STA>　表示モード切替：<I=LR>","決定：<I=DEC>　キャンセル：<I=CAN>　詳細：<I=△>
ソート：<I=STA>　表示モード切替：<I=LR>",<I=DEC> | <I=CAN> | <I=△> | <I=□> | <I=STA> | <I=LR>,,,NOT_CHECKED,141,,NOT_STARTED,NOT_BUILT,NOT_TESTED,JPN_PRIMARY; MLG_CN_CONTEXT_AUXILIARY,mechanical template; resource_class=LOOSE_OLANG; source_objects=1
007E2F18,366,6136,6136,1,,page:tag:entity1018:key00275D8B:ref6136:ord4,"決定：<I=DEC>　キャンセル：<I=CAN>　詳細：<I=△>　複数選択：<I=□>
ソート：<I=STA>　表示モード切替：<I=LR>","決定：<I=DEC>　キャンセル：<I=CAN>　詳細：<I=△>
ソート：<I=STA>　表示モード切替：<I=LR>","「ボス、リロードをご教授ください！
　…おお！　武器を装備した状態で、<I=RELOAD>ですね！
　ありがとうございます、ボス！」 ",<I=DEC> | <I=CAN> | <I=△> | <I=STA> | <I=LR>,,,NOT_CHECKED,116,,NOT_STARTED,NOT_BUILT,NOT_TESTED,JPN_PRIMARY; MLG_CN_CONTEXT_AUXILIARY,mechanical template; resource_class=LOOSE_OLANG; source_objects=1
007E2F18,367,6142,6142,1,,page:tag:entity1024:key00374AF7:ref6142:ord4,"決定：<I=DEC>　キャンセル：<I=CAN>　詳細：<I=△>
ソート：<I=STA>　表示モード切替：<I=LR>","「ボス、リロードをご教授ください！
　…おお！　武器を装備した状態で、<I=RELOAD>ですね！
　ありがとうございます、ボス！」 ","「『困ったときはメニューウィンドウ！』
　昔いた部隊の、朝礼の挨拶です！！
　元気かな …隊長」",<I=RELOAD>,,,NOT_CHECKED,175,,NOT_STARTED,NOT_BUILT,NOT_TESTED,JPN_PRIMARY; MLG_CN_CONTEXT_AUXILIARY,mechanical template; resource_class=LOOSE_OLANG; source_objects=1
007E2F18,368,6148,6148,1,,page:tag:entity1023:key00374A51:ref6148:ord4,"「ボス、リロードをご教授ください！
　…おお！　武器を装備した状態で、<I=RELOAD>ですね！
　ありがとうございます、ボス！」 ","「『困ったときはメニューウィンドウ！』
　昔いた部隊の、朝礼の挨拶です！！
　元気かな …隊長」",ONLINE MANUAL,,,,NOT_CHECKED,138,,NOT_STARTED,NOT_BUILT,NOT_TESTED,JPN_PRIMARY; MLG_CN_CONTEXT_AUXILIARY,mechanical template; resource_class=LOOSE_OLANG; source_objects=1
007E2F18,369,6166,6166;6514;7432;10474;10480,5,,page:tag:entity1029:key00AC79CA:ref6166:ord4;page:tag:entity1084:key00B7FD8F:ref6514:ord4;page:tag:entity1264:key004A509A:ref7432:ord4;page:tag:entity1745:key0096EC94:ref10474:ord4;page:tag:entity1748:key00506452:ref10480:ord4,BACK TO MAIN MENU,KEY CONFIG,"ゲームを終了してメインメニューに戻ります。
よろしいですか？",,,,NOT_CHECKED,10,,NOT_STARTED,NOT_BUILT,NOT_TESTED,JPN_PRIMARY; MLG_CN_CONTEXT_AUXILIARY,mechanical template; resource_class=LOOSE_OLANG; source_objects=5
007E2F18,370,6172,6172,1,,page:tag:entity1031:key00C93E8A:ref6172:ord4,KEY CONFIG,"ゲームを終了してメインメニューに戻ります。
よろしいですか？","知らない相手からダンボールが届いたら、お返しをしてあげましょう。
ダンボールの送り主は『COMRADE'S ALLIES』タブに登録されています。",,,,NOT_CHECKED,88,,NOT_STARTED,NOT_BUILT,NOT_TESTED,JPN_PRIMARY; MLG_CN_CONTEXT_AUXILIARY,mechanical template; resource_class=LOOSE_OLANG; source_objects=1
007E2F18,371,6178,6178,1,,page:tag:entity1030:key00C286C8:ref6178:ord4,"ゲームを終了してメインメニューに戻ります。
よろしいですか？","知らない相手からダンボールが届いたら、お返しをしてあげましょう。
ダンボールの送り主は『COMRADE'S ALLIES』タブに登録されています。",オンラインマニュアルを表示します。,,,,NOT_CHECKED,185,,NOT_STARTED,NOT_BUILT,NOT_TESTED,JPN_PRIMARY; MLG_CN_CONTEXT_AUXILIARY,mechanical template; resource_class=LOOSE_OLANG; source_objects=1
007E2F18,372,6184,6184,1,,page:tag:entity1026:key0040EDF8:ref6184:ord4,"知らない相手からダンボールが届いたら、お返しをしてあげましょう。
ダンボールの送り主は『COMRADE'S ALLIES』タブに登録されています。",オンラインマニュアルを表示します。,ゲームを終了してメインメニューに戻ります。,,,,NOT_CHECKED,51,,NOT_STARTED,NOT_BUILT,NOT_TESTED,JPN_PRIMARY; MLG_CN_CONTEXT_AUXILIARY,mechanical template; resource_class=LOOSE_OLANG; source_objects=1
007E2F18,373,6190,6190,1,,page:tag:entity1027:key004DCF0E:ref6190:ord4,オンラインマニュアルを表示します。,ゲームを終了してメインメニューに戻ります。,操作の確認、変更を行います。,,,,NOT_CHECKED,63,,NOT_STARTED,NOT_BUILT,NOT_TESTED,JPN_PRIMARY; MLG_CN_CONTEXT_AUXILIARY,mechanical template; resource_class=LOOSE_OLANG; source_objects=1
007E2F18,374,6196,6196;6508;10486,3,,page:tag:entity1028:key00A08ACA:ref6196:ord4;page:tag:entity1085:key00B96848:ref6508:ord4;page:tag:entity1747:key0047E5FE:ref10486:ord4,ゲームを終了してメインメニューに戻ります。,操作の確認、変更を行います。,"トレード参加者を待っています。

招待：<I=□>",,,,NOT_CHECKED,42,,NOT_STARTED,NOT_BUILT,NOT_TESTED,JPN_PRIMARY; MLG_CN_CONTEXT_AUXILIARY,mechanical template; resource_class=LOOSE_OLANG; source_objects=3
007E2F18,375,6202,6202;6208,2,,page:tag:entity1034:key00C03B74:ref6202:ord4;page:tag:entity1035:key00D9422F:ref6208:ord4,操作の確認、変更を行います。,"トレード参加者を待っています。

招待：<I=□>","トレード参加者を待っています。

　",<I=□>,,,NOT_CHECKED,63,,NOT_STARTED,NOT_BUILT,NOT_TESTED,JPN_PRIMARY; MLG_CN_CONTEXT_AUXILIARY,mechanical template; resource_class=LOOSE_OLANG; source_objects=2
007E2F18,376,6214,6214,1,,page:tag:entity1033:key0062799F:ref6214:ord4,"トレード参加者を待っています。

招待：<I=□>","トレード参加者を待っています。

　","お互いのスタッフ選択が完了しました。
交換するスタッフの確認後、<I=DEC>を押してください。",,,,NOT_CHECKED,50,,NOT_STARTED,NOT_BUILT,NOT_TESTED,JPN_PRIMARY; MLG_CN_CONTEXT_AUXILIARY,mechanical template; resource_class=LOOSE_OLANG; source_objects=1
007E2F18,377,6220,6220,1,,page:tag:entity1036:key00F433EF:ref6220:ord4,"トレード参加者を待っています。

　","お互いのスタッフ選択が完了しました。
交換するスタッフの確認後、<I=DEC>を押してください。",CONTROLS HELP,<I=DEC>,,,NOT_CHECKED,128,,NOT_STARTED,NOT_BUILT,NOT_TESTED,JPN_PRIMARY; MLG_CN_CONTEXT_AUXILIARY,mechanical template; resource_class=LOOSE_OLANG; source_objects=1
007E2F18,378,6232,6232,1,,page:tag:entity1040:key00E8C0D4:ref6232:ord4,CONTROLS HELP,ミュート,ミュート：<I=OPTION_MUTE>,,,,NOT_CHECKED,12,,NOT_STARTED,NOT_BUILT,NOT_TESTED,JPN_PRIMARY; MLG_CN_CONTEXT_AUXILIARY,mechanical template; resource_class=LOOSE_OLANG; source_objects=1
007E2F18,379,6238,6238;6244,2,,page:tag:entity1039:key00E8C00E:ref6238:ord4;page:tag:entity1038:key007383CE:ref6244:ord4,ミュート,ミュート：<I=OPTION_MUTE>,通信エラーが発生しました。,<I=OPTION_MUTE>,,,NOT_CHECKED,30,,NOT_STARTED,NOT_BUILT,NOT_TESTED,JPN_PRIMARY; MLG_CN_CONTEXT_AUXILIARY,mechanical template; resource_class=LOOSE_OLANG; source_objects=2
007E2F18,380,6250,6250,1,,page:tag:entity1041:key00F77E9E:ref6250:ord4,ミュート：<I=OPTION_MUTE>,通信エラーが発生しました。,"セーブ中です。
しばらくお待ちください。",,,,NOT_CHECKED,39,,NOT_STARTED,NOT_BUILT,NOT_TESTED,JPN_PRIMARY; MLG_CN_CONTEXT_AUXILIARY,mechanical template; resource_class=LOOSE_OLANG; source_objects=1
007E2F18,381,6256,6256,1,,page:tag:entity1060:key009117A6:ref6256:ord4,通信エラーが発生しました。,"セーブ中です。
しばらくお待ちください。","ロード中です。
しばらくお待ちください。",,,,NOT_CHECKED,58,,NOT_STARTED,NOT_BUILT,NOT_TESTED,JPN_PRIMARY; MLG_CN_CONTEXT_AUXILIARY,mechanical template; resource_class=LOOSE_OLANG; source_objects=1
007E2F18,382,6262,6262,1,,page:tag:entity1059:key008DCD05:ref6262:ord4,"セーブ中です。
しばらくお待ちください。","ロード中です。
しばらくお待ちください。","削除中です。
しばらくお待ちください。",,,,NOT_CHECKED,58,,NOT_STARTED,NOT_BUILT,NOT_TESTED,JPN_PRIMARY; MLG_CN_CONTEXT_AUXILIARY,mechanical template; resource_class=LOOSE_OLANG; source_objects=1
007E2F18,383,6268,6268,1,,page:tag:entity1061:key0099A4EB:ref6268:ord4,"ロード中です。
しばらくお待ちください。","削除中です。
しばらくお待ちください。",しばらくお待ちください。,,,,NOT_CHECKED,55,,NOT_STARTED,NOT_BUILT,NOT_TESTED,JPN_PRIMARY; MLG_CN_CONTEXT_AUXILIARY,mechanical template; resource_class=LOOSE_OLANG; source_objects=1
007E2F18,384,6274,6274,1,,page:tag:entity1048:key002A732F:ref6274:ord4,"削除中です。
しばらくお待ちください。",しばらくお待ちください。,総プレイ時間 : [total_play_time],,,,NOT_CHECKED,36,,NOT_STARTED,NOT_BUILT,NOT_TESTED,JPN_PRIMARY; MLG_CN_CONTEXT_AUXILIARY,mechanical template; resource_class=LOOSE_OLANG; source_objects=1
007E2F18,385,6280,6280,1,,page:tag:entity1073:key00F100AE:ref6280:ord4,しばらくお待ちください。,総プレイ時間 : [total_play_time],METAL GEAR SOLID PEACE WALKER (MASTER COLLECTION版),,,,NOT_CHECKED,38,,NOT_STARTED,NOT_BUILT,NOT_TESTED,JPN_PRIMARY; MLG_CN_CONTEXT_AUXILIARY,mechanical template; resource_class=LOOSE_OLANG; source_objects=1
007E2F18,386,6286,6286,1,,page:tag:entity1054:key0065D9CA:ref6286:ord4,総プレイ時間 : [total_play_time],METAL GEAR SOLID PEACE WALKER (MASTER COLLECTION版),<I=UD> カーソル移動,,,,NOT_CHECKED,52,,NOT_STARTED,NOT_BUILT,NOT_TESTED,JPN_PRIMARY; MLG_CN_CONTEXT_AUXILIARY,mechanical template; resource_class=LOOSE_OLANG; source_objects=1
007E2F18,387,6292,6292,1,,page:tag:entity1056:key00771D5E:ref6292:ord4,METAL GEAR SOLID PEACE WALKER (MASTER COLLECTION版),<I=UD> カーソル移動,データのセーブに失敗しました。,<I=UD>,,,NOT_CHECKED,25,,NOT_STARTED,NOT_BUILT,NOT_TESTED,JPN_PRIMARY; MLG_CN_CONTEXT_AUXILIARY,mechanical template; resource_class=LOOSE_OLANG; source_objects=1
007E2F18,388,6298,6298,1,,page:tag:entity1065:key00ADFA88:ref6298:ord4,<I=UD> カーソル移動,データのセーブに失敗しました。,セーブが完了しました。,,,,NOT_CHECKED,45,,NOT_STARTED,NOT_BUILT,NOT_TESTED,JPN_PRIMARY; MLG_CN_CONTEXT_AUXILIARY,mechanical template; resource_class=LOOSE_OLANG; source_objects=1
007E2F18,389,6304,6304,1,,page:tag:entity1067:key00B3A0E9:ref6304:ord4,データのセーブに失敗しました。,セーブが完了しました。,NEW GAME,,,,NOT_CHECKED,33,,NOT_STARTED,NOT_BUILT,NOT_TESTED,JPN_PRIMARY; MLG_CN_CONTEXT_AUXILIARY,mechanical template; resource_class=LOOSE_OLANG; source_objects=1
007E2F18,390,6310,6310,1,,page:tag:entity1049:key002A8F05:ref6310:ord4,セーブが完了しました。,NEW GAME,このデータを上書きしますか？,,,,NOT_CHECKED,8,,NOT_STARTED,NOT_BUILT,NOT_TESTED,JPN_PRIMARY; MLG_CN_CONTEXT_AUXILIARY,mechanical template; resource_class=LOOSE_OLANG; source_objects=1
007E2F18,391,6316,6316,1,,page:tag:entity1055:key00702A60:ref6316:ord4,NEW GAME,このデータを上書きしますか？,OK,,,,NOT_CHECKED,42,,NOT_STARTED,NOT_BUILT,NOT_TESTED,JPN_PRIMARY; MLG_CN_CONTEXT_AUXILIARY,mechanical template; resource_class=LOOSE_OLANG; source_objects=1
007E2F18,392,6322,6322;7762,2,,page:tag:entity1042:key00000A2B:ref6322:ord4;page:tag:entity1265:key004BBE1E:ref7762:ord4,このデータを上書きしますか？,OK,セーブデータがありません。,,,,NOT_CHECKED,2,,NOT_STARTED,NOT_BUILT,NOT_TESTED,JPN_PRIMARY; MLG_CN_CONTEXT_AUXILIARY,mechanical template; resource_class=LOOSE_OLANG; source_objects=2
007E2F18,393,6328,6328,1,,page:tag:entity1069:key00B607F8:ref6328:ord4,OK,セーブデータがありません。,NEW SAVE,,,,NOT_CHECKED,39,,NOT_STARTED,NOT_BUILT,NOT_TESTED,JPN_PRIMARY; MLG_CN_CONTEXT_AUXILIARY,mechanical template; resource_class=LOOSE_OLANG; source_objects=1
007E2F18,394,6334,6334,1,,page:tag:entity1045:key00170FD9:ref6334:ord4,セーブデータがありません。,NEW SAVE,データのロードに失敗しました。,,,,NOT_CHECKED,8,,NOT_STARTED,NOT_BUILT,NOT_TESTED,JPN_PRIMARY; MLG_CN_CONTEXT_AUXILIARY,mechanical template; resource_class=LOOSE_OLANG; source_objects=1
007E2F18,395,6340,6340,1,,page:tag:entity1052:key0058F26E:ref6340:ord4,NEW SAVE,データのロードに失敗しました。,ロードが完了しました。,,,,NOT_CHECKED,45,,NOT_STARTED,NOT_BUILT,NOT_TESTED,JPN_PRIMARY; MLG_CN_CONTEXT_AUXILIARY,mechanical template; resource_class=LOOSE_OLANG; source_objects=1
007E2F18,396,6346,6346,1,,page:tag:entity1064:key00A67665:ref6346:ord4,データのロードに失敗しました。,ロードが完了しました。,LOAD GAME,,,,NOT_CHECKED,33,,NOT_STARTED,NOT_BUILT,NOT_TESTED,JPN_PRIMARY; MLG_CN_CONTEXT_AUXILIARY,mechanical template; resource_class=LOOSE_OLANG; source_objects=1
007E2F18,397,6352,6352,1,,page:tag:entity1047:key00274464:ref6352:ord4,ロードが完了しました。,LOAD GAME,"セーブデータを削除します。
本当によろしいですか？",,,,NOT_CHECKED,9,,NOT_STARTED,NOT_BUILT,NOT_TESTED,JPN_PRIMARY; MLG_CN_CONTEXT_AUXILIARY,mechanical template; resource_class=LOOSE_OLANG; source_objects=1
007E2F18,398,6358,6358,1,,page:tag:entity1068:key00B540BD:ref6358:ord4,LOAD GAME,"セーブデータを削除します。
本当によろしいですか？",削除するデータを選択してください。,,,,NOT_CHECKED,73,,NOT_STARTED,NOT_BUILT,NOT_TESTED,JPN_PRIMARY; MLG_CN_CONTEXT_AUXILIARY,mechanical template; resource_class=LOOSE_OLANG; source_objects=1
007E2F18,399,6364,6364,1,,page:tag:entity1043:key0008CDAE:ref6364:ord4,"セーブデータを削除します。
本当によろしいですか？",削除するデータを選択してください。,データの削除に失敗しました。,,,,NOT_CHECKED,51,,NOT_STARTED,NOT_BUILT,NOT_TESTED,JPN_PRIMARY; MLG_CN_CONTEXT_AUXILIARY,mechanical template; resource_class=LOOSE_OLANG; source_objects=1
007E2F18,400,6370,6370,1,,page:tag:entity1050:key00305CED:ref6370:ord4,削除するデータを選択してください。,データの削除に失敗しました。,削除が完了しました。,,,,NOT_CHECKED,42,,NOT_STARTED,NOT_BUILT,NOT_TESTED,JPN_PRIMARY; MLG_CN_CONTEXT_AUXILIARY,mechanical template; resource_class=LOOSE_OLANG; source_objects=1
007E2F18,401,6376,6376,1,,page:tag:entity1072:key00E5E21A:ref6376:ord4,データの削除に失敗しました。,削除が完了しました。,DELETE,,,,NOT_CHECKED,30,,NOT_STARTED,NOT_BUILT,NOT_TESTED,JPN_PRIMARY; MLG_CN_CONTEXT_AUXILIARY,mechanical template; resource_class=LOOSE_OLANG; source_objects=1
007E2F18,402,6382,6382,1,,page:tag:entity1057:key00771F51:ref6382:ord4,削除が完了しました。,DELETE,<I=DEC> 決定,,,,NOT_CHECKED,6,,NOT_STARTED,NOT_BUILT,NOT_TESTED,JPN_PRIMARY; MLG_CN_CONTEXT_AUXILIARY,mechanical template; resource_class=LOOSE_OLANG; source_objects=1
007E2F18,403,6388,6388,1,,page:tag:entity1070:key00BCDFF8:ref6388:ord4,DELETE,<I=DEC> 決定,破損データ,<I=DEC>,,,NOT_CHECKED,14,,NOT_STARTED,NOT_BUILT,NOT_TESTED,JPN_PRIMARY; MLG_CN_CONTEXT_AUXILIARY,mechanical template; resource_class=LOOSE_OLANG; source_objects=1
007E2F18,404,6394,6394,1,,page:tag:entity1058:key00822A29:ref6394:ord4,<I=DEC> 決定,破損データ,セーブデータをセーブしますか？,,,,NOT_CHECKED,15,,NOT_STARTED,NOT_BUILT,NOT_TESTED,JPN_PRIMARY; MLG_CN_CONTEXT_AUXILIARY,mechanical template; resource_class=LOOSE_OLANG; source_objects=1
007E2F18,405,6400,6400,1,,page:tag:entity1066:key00B2D99D:ref6400:ord4,破損データ,セーブデータをセーブしますか？,セーブするデータを選択してください。,,,,NOT_CHECKED,45,,NOT_STARTED,NOT_BUILT,NOT_TESTED,JPN_PRIMARY; MLG_CN_CONTEXT_AUXILIARY,mechanical template; resource_class=LOOSE_OLANG; source_objects=1
007E2F18,406,6406,6406,1,,page:tag:entity1063:key00A1ADAB:ref6406:ord4,セーブデータをセーブしますか？,セーブするデータを選択してください。,セーブデータをロードしますか？,,,,NOT_CHECKED,54,,NOT_STARTED,NOT_BUILT,NOT_TESTED,JPN_PRIMARY; MLG_CN_CONTEXT_AUXILIARY,mechanical template; resource_class=LOOSE_OLANG; source_objects=1
007E2F18,407,6412,6412,1,,page:tag:entity1044:key0011D653:ref6412:ord4,セーブするデータを選択してください。,セーブデータをロードしますか？,ロードするデータを選択してください。,,,,NOT_CHECKED,45,,NOT_STARTED,NOT_BUILT,NOT_TESTED,JPN_PRIMARY; MLG_CN_CONTEXT_AUXILIARY,mechanical template; resource_class=LOOSE_OLANG; source_objects=1
007E2F18,408,6418,6418,1,,page:tag:entity1062:key009E630A:ref6418:ord4,セーブデータをロードしますか？,ロードするデータを選択してください。,タイトルメニューに戻りますか？,,,,NOT_CHECKED,54,,NOT_STARTED,NOT_BUILT,NOT_TESTED,JPN_PRIMARY; MLG_CN_CONTEXT_AUXILIARY,mechanical template; resource_class=LOOSE_OLANG; source_objects=1
007E2F18,409,6424,6424;6430;6436;10438,4,,page:tag:entity1074:key00FEC2A9:ref6424:ord4;page:tag:entity1053:key005DBF5F:ref6430:ord4;page:tag:entity1071:key00D95AD8:ref6436:ord4;page:tag:entity1735:key004C248F:ref10438:ord4,ロードするデータを選択してください。,タイトルメニューに戻りますか？,CANCEL,,,,NOT_CHECKED,45,,NOT_STARTED,NOT_BUILT,NOT_TESTED,JPN_PRIMARY; MLG_CN_CONTEXT_AUXILIARY,mechanical template; resource_class=LOOSE_OLANG; source_objects=4
007E2F18,410,6442,6442;7774,2,,page:tag:entity1051:key00381576:ref6442:ord4;page:tag:entity1242:key0006B107:ref7774:ord4,タイトルメニューに戻りますか？,CANCEL,<I=CAN> 戻る,,,,NOT_CHECKED,6,,NOT_STARTED,NOT_BUILT,NOT_TESTED,JPN_PRIMARY; MLG_CN_CONTEXT_AUXILIARY,mechanical template; resource_class=LOOSE_OLANG; source_objects=2
007E2F18,411,6448,6448,1,,page:tag:entity1046:key00220CAB:ref6448:ord4,CANCEL,<I=CAN> 戻る,PRESS <I=TITLE_START> BUTTON,<I=CAN>,,,NOT_CHECKED,14,,NOT_STARTED,NOT_BUILT,NOT_TESTED,JPN_PRIMARY; MLG_CN_CONTEXT_AUXILIARY,mechanical template; resource_class=LOOSE_OLANG; source_objects=1
007E2F18,412,6454,6454;10468,2,,page:tag:entity1075:key00057609:ref6454:ord4;page:tag:entity1744:key006B92BB:ref10468:ord4,<I=CAN> 戻る,PRESS <I=TITLE_START> BUTTON,SPECTATOR MODE,<I=TITLE_START>,,,NOT_CHECKED,28,,NOT_STARTED,NOT_BUILT,NOT_TESTED,JPN_PRIMARY; MLG_CN_CONTEXT_AUXILIARY,mechanical template; resource_class=LOOSE_OLANG; source_objects=2
007E2F18,413,6460,6460,1,,page:tag:entity1076:key004E8250:ref6460:ord4,PRESS <I=TITLE_START> BUTTON,SPECTATOR MODE,ターゲット取得回数,,,,NOT_CHECKED,14,,NOT_STARTED,NOT_BUILT,NOT_TESTED,JPN_PRIMARY; MLG_CN_CONTEXT_AUXILIARY,mechanical template; resource_class=LOOSE_OLANG; source_objects=1
007E2F18,414,6466,6466,1,,page:tag:entity1077:key00348931:ref6466:ord4,SPECTATOR MODE,ターゲット取得回数,記憶板抜き取り:<I=DEC>,,,,NOT_CHECKED,27,,NOT_STARTED,NOT_BUILT,NOT_TESTED,JPN_PRIMARY; MLG_CN_CONTEXT_AUXILIARY,mechanical template; resource_class=LOOSE_OLANG; source_objects=1
007E2F18,415,6472,6472,1,,page:tag:entity1078:key003DF22B:ref6472:ord4,ターゲット取得回数,記憶板抜き取り:<I=DEC>,カスタムパーツをセットする場所を、<I=DIR>で選択してください,<I=DEC>,,,NOT_CHECKED,29,,NOT_STARTED,NOT_BUILT,NOT_TESTED,JPN_PRIMARY; MLG_CN_CONTEXT_AUXILIARY,mechanical template; resource_class=LOOSE_OLANG; source_objects=1
007E2F18,416,6478,6478,1,,page:tag:entity1079:key008F9A09:ref6478:ord4,記憶板抜き取り:<I=DEC>,カスタムパーツをセットする場所を、<I=DIR>で選択してください,<I=AIM>を離した時、主観カメラにしていたかどうかを記憶します,<I=DIR>,,,NOT_CHECKED,85,,NOT_STARTED,NOT_BUILT,NOT_TESTED,JPN_PRIMARY; MLG_CN_CONTEXT_AUXILIARY,mechanical template; resource_class=LOOSE_OLANG; source_objects=1
007E2F18,417,6484,6484,1,,page:tag:entity1080:key001F530A:ref6484:ord4,カスタムパーツをセットする場所を、<I=DIR>で選択してください,<I=AIM>を離した時、主観カメラにしていたかどうかを記憶します,"出撃するミッションを選択してください。
<I=TAB_LEFT>・<I=TAB_RIGHT>でタブを切り替えることができます。

オンライン機能を使用して仲間とCO-OPS（協力プレイ）をすることもできます。
HOSTになってゲームをするには、CO-OPSタブ以外からミッションを選択します。
HOSTが作成したゲームに参加するにはCO-OPSタブからSEARCH HOSTを実行します。
現在の参加人数／参加人数の上限は、ミッション名の右側に表示されます。",<I=AIM>,,,NOT_CHECKED,85,,NOT_STARTED,NOT_BUILT,NOT_TESTED,JPN_PRIMARY; MLG_CN_CONTEXT_AUXILIARY,mechanical template; resource_class=LOOSE_OLANG; source_objects=1
007E2F18,418,6490,6490,1,,page:tag:entity1083:key008DCC78:ref6490:ord4,<I=AIM>を離した時、主観カメラにしていたかどうかを記憶します,"出撃するミッションを選択してください。
<I=TAB_LEFT>・<I=TAB_RIGHT>でタブを切り替えることができます。

オンライン機能を使用して仲間とCO-OPS（協力プレイ）をすることもできます。
HOSTになってゲームをするには、CO-OPSタブ以外からミッションを選択します。
HOSTが作成したゲームに参加するにはCO-OPSタブからSEARCH HOSTを実行します。
現在の参加人数／参加人数の上限は、ミッション名の右側に表示されます。",<I=MOVE>で地図から地域を選び、<I=DEC>を押すと地域ごとのミッション一覧を表示します。ミッション一覧表示後、<I=CAN>を押すと地域選択に戻ります。,<I=TAB_LEFT> | <I=TAB_RIGHT>,,,NOT_CHECKED,551,,NOT_STARTED,NOT_BUILT,NOT_TESTED,JPN_PRIMARY; MLG_CN_CONTEXT_AUXILIARY,mechanical template; resource_class=LOOSE_OLANG; source_objects=1
007E2F18,419,6496,6496,1,,page:tag:entity1082:key0088883D:ref6496:ord4,"出撃するミッションを選択してください。
<I=TAB_LEFT>・<I=TAB_RIGHT>でタブを切り替えることができます。

オンライン機能を使用して仲間とCO-OPS（協力プレイ）をすることもできます。
HOSTになってゲームをするには、CO-OPSタブ以外からミッションを選択します。
HOSTが作成したゲームに参加するにはCO-OPSタブからSEARCH HOSTを実行します。
現在の参加人数／参加人数の上限は、ミッション名の右側に表示されます。",<I=MOVE>で地図から地域を選び、<I=DEC>を押すと地域ごとのミッション一覧を表示します。ミッション一覧表示後、<I=CAN>を押すと地域選択に戻ります。,検索条件を指定してSEARCH HOSTを実行すると、仲間を募集しているミッションを表示します。HOST（募集者）の情報や現在の参加人数／参加人数の上限などがリストに表示されます。,<I=MOVE> | <I=DEC> | <I=CAN>,,,NOT_CHECKED,199,,NOT_STARTED,NOT_BUILT,NOT_TESTED,JPN_PRIMARY; MLG_CN_CONTEXT_AUXILIARY,mechanical template; resource_class=LOOSE_OLANG; source_objects=1
007E2F18,420,6502,6502,1,,page:tag:entity1081:key00748B25:ref6502:ord4,<I=MOVE>で地図から地域を選び、<I=DEC>を押すと地域ごとのミッション一覧を表示します。ミッション一覧表示後、<I=CAN>を押すと地域選択に戻ります。,検索条件を指定してSEARCH HOSTを実行すると、仲間を募集しているミッションを表示します。HOST（募集者）の情報や現在の参加人数／参加人数の上限などがリストに表示されます。,操作の確認、変更を行います。,,,,NOT_CHECKED,240,,NOT_STARTED,NOT_BUILT,NOT_TESTED,JPN_PRIMARY; MLG_CN_CONTEXT_AUXILIARY,mechanical template; resource_class=LOOSE_OLANG; source_objects=1
007E2F18,421,6526,6526;6550,2,,page:tag:entity1088:key00F29383:ref6526:ord4;page:tag:entity1092:key00F29383:ref6550:ord4,KEY CONFIG,"これでよければ、<I=ACT>を押してください
<I=CAMERA>上：上を見る
<I=CAMERA>下：下を見る","これでよければ、<I=ACT>を押してください
<I=CAMERA>上：下を見る
<I=CAMERA>下：上を見る",<I=ACT> | <I=CAMERA> | <I=CAMERA>,,,NOT_CHECKED,113,,NOT_STARTED,NOT_BUILT,NOT_TESTED,JPN_PRIMARY; MLG_CN_CONTEXT_AUXILIARY,mechanical template; resource_class=LOOSE_OLANG; source_objects=2
007E2F18,422,6538,6538;6562,2,,page:tag:entity1090:key00F29383:ref6538:ord4;page:tag:entity1094:key00F29383:ref6562:ord4,"これでよければ、<I=ACT>を押してください
<I=CAMERA>上：上を見る
<I=CAMERA>下：下を見る","これでよければ、<I=ACT>を押してください
<I=CAMERA>上：下を見る
<I=CAMERA>下：上を見る","これでよければ、<I=ACT>を押してください
<I=CAMERA>上：上を見る
<I=CAMERA>下：下を見る",<I=ACT> | <I=CAMERA> | <I=CAMERA>,,,NOT_CHECKED,113,,NOT_STARTED,NOT_BUILT,NOT_TESTED,JPN_PRIMARY; MLG_CN_CONTEXT_AUXILIARY,mechanical template; resource_class=LOOSE_OLANG; source_objects=2
007E2F18,423,6580,6580;6604,2,,page:tag:entity1097:key00F29383:ref6580:ord4;page:tag:entity1101:key00F29383:ref6604:ord4,"これでよければ、<I=ACT>を押してください
<I=CAMERA>上：下を見る
<I=CAMERA>下：上を見る","これでよければ、<I=ACT>を押してください
<I=CAMERA>左：左を見る
<I=CAMERA>右：右を見る","これでよければ、<I=ACT>を押してください
<I=CAMERA>左：右を見る
<I=CAMERA>右：左を見る",<I=ACT> | <I=CAMERA> | <I=CAMERA>,,,NOT_CHECKED,113,,NOT_STARTED,NOT_BUILT,NOT_TESTED,JPN_PRIMARY; MLG_CN_CONTEXT_AUXILIARY,mechanical template; resource_class=LOOSE_OLANG; source_objects=2
007E2F18,424,6592,6592;6616,2,,page:tag:entity1099:key00F29383:ref6592:ord4;page:tag:entity1103:key00F29383:ref6616:ord4,"これでよければ、<I=ACT>を押してください
<I=CAMERA>左：左を見る
<I=CAMERA>右：右を見る","これでよければ、<I=ACT>を押してください
<I=CAMERA>左：右を見る
<I=CAMERA>右：左を見る","これでよければ、<I=ACT>を押してください
<I=CAMERA>左：左を見る
<I=CAMERA>右：右を見る",<I=ACT> | <I=CAMERA> | <I=CAMERA>,,,NOT_CHECKED,113,,NOT_STARTED,NOT_BUILT,NOT_TESTED,JPN_PRIMARY; MLG_CN_CONTEXT_AUXILIARY,mechanical template; resource_class=LOOSE_OLANG; source_objects=2
007E2F18,425,6718,6718,1,,page:tag:entity1119:key00000002:ref6718:ord4,"これでよければ、<I=ACT>を押してください
<I=CAMERA>左：右を見る
<I=CAMERA>右：左を見る",ボタンを連打するんだ！,"対戦でフルトン回収を成功させた回数が$1を超えた功績を
たたえ授与される。（英雄度$2増加）",,,,NOT_CHECKED,33,,NOT_STARTED,NOT_BUILT,NOT_TESTED,JPN_PRIMARY; MLG_CN_CONTEXT_AUXILIARY,mechanical template; resource_class=LOOSE_OLANG; source_objects=1
007E2F18,426,6724,6724;6730;6736,3,,page:tag:entity1128:key0000D421:ref6724:ord4;page:tag:entity1127:key0000BD21:ref6730:ord4;page:tag:entity1126:key0000BC21:ref6736:ord4,ボタンを連打するんだ！,"対戦でフルトン回収を成功させた回数が$1を超えた功績を
たたえ授与される。（英雄度$2増加）","ターゲットゴール（カウントを０にする）回数が$1を超えた
功績をたたえ授与される（英雄度$2増加）。",$1 | $2,,,NOT_CHECKED,128,,NOT_STARTED,NOT_BUILT,NOT_TESTED,JPN_PRIMARY; MLG_CN_CONTEXT_AUXILIARY,mechanical template; resource_class=LOOSE_OLANG; source_objects=3
007E2F18,427,6742,6742;6748;6754,3,,page:tag:entity1125:key0000BB21:ref6742:ord4;page:tag:entity1124:key0000BA21:ref6748:ord4;page:tag:entity1123:key0000B921:ref6754:ord4,"対戦でフルトン回収を成功させた回数が$1を超えた功績を
たたえ授与される。（英雄度$2増加）","ターゲットゴール（カウントを０にする）回数が$1を超えた
功績をたたえ授与される（英雄度$2増加）。","拠点の制圧回数が$1を超えた功績をたたえ授与される。
（英雄度$2増加）",$1 | $2,,,NOT_CHECKED,140,,NOT_STARTED,NOT_BUILT,NOT_TESTED,JPN_PRIMARY; MLG_CN_CONTEXT_AUXILIARY,mechanical template; resource_class=LOOSE_OLANG; source_objects=3
007E2F18,428,6760,6760;6766;6772,3,,page:tag:entity1122:key0000B821:ref6760:ord4;page:tag:entity1121:key0000B721:ref6766:ord4;page:tag:entity1120:key0000B621:ref6772:ord4,"ターゲットゴール（カウントを０にする）回数が$1を超えた
功績をたたえ授与される（英雄度$2増加）。","拠点の制圧回数が$1を超えた功績をたたえ授与される。
（英雄度$2増加）","対戦での敵キル・睡眠・気絶総数が、$1を超えた功績を
たたえ授与される。（英雄度$2増加）",$1 | $2,,,NOT_CHECKED,98,,NOT_STARTED,NOT_BUILT,NOT_TESTED,JPN_PRIMARY; MLG_CN_CONTEXT_AUXILIARY,mechanical template; resource_class=LOOSE_OLANG; source_objects=3
007E2F18,429,6778,6778;6784;6790,3,,page:tag:entity1192:key00FDD920:ref6778:ord4;page:tag:entity1191:key00FDD820:ref6784:ord4;page:tag:entity1190:key00FDD720:ref6790:ord4,"拠点の制圧回数が$1を超えた功績をたたえ授与される。
（英雄度$2増加）","対戦での敵キル・睡眠・気絶総数が、$1を超えた功績を
たたえ授与される。（英雄度$2増加）","対戦ルール『キャプチャー（CAP）』での勝利ステージ数が$1を超えた
功績をたたえ授与される。（英雄度$2増加）",$1 | $2,,,NOT_CHECKED,125,,NOT_STARTED,NOT_BUILT,NOT_TESTED,JPN_PRIMARY; MLG_CN_CONTEXT_AUXILIARY,mechanical template; resource_class=LOOSE_OLANG; source_objects=3
007E2F18,430,6796,6796,1,,page:tag:entity1189:key00FDD620:ref6796:ord4,"対戦での敵キル・睡眠・気絶総数が、$1を超えた功績を
たたえ授与される。（英雄度$2増加）","対戦ルール『キャプチャー（CAP）』での勝利ステージ数が$1を超えた
功績をたたえ授与される。（英雄度$2増加）","対戦ルール『拠点制圧（BASE）』での勝利ステージ数が$1を超えた
功績をたたえ授与される。（英雄度$2増加）",$1 | $2,,,NOT_CHECKED,152,,NOT_STARTED,NOT_BUILT,NOT_TESTED,JPN_PRIMARY; MLG_CN_CONTEXT_AUXILIARY,mechanical template; resource_class=LOOSE_OLANG; source_objects=1
007E2F18,431,6802,6802,1,,page:tag:entity1188:key00FDD520:ref6802:ord4,"対戦ルール『キャプチャー（CAP）』での勝利ステージ数が$1を超えた
功績をたたえ授与される。（英雄度$2増加）","対戦ルール『拠点制圧（BASE）』での勝利ステージ数が$1を超えた
功績をたたえ授与される。（英雄度$2増加）","対戦ルール『チームデスマッチ（TDM）』での勝利ステージ数が$1を
超えた功績をたたえ授与される。（英雄度$2増加）",$1 | $2,,,NOT_CHECKED,147,,NOT_STARTED,NOT_BUILT,NOT_TESTED,JPN_PRIMARY; MLG_CN_CONTEXT_AUXILIARY,mechanical template; resource_class=LOOSE_OLANG; source_objects=1
007E2F18,432,6808,6808,1,,page:tag:entity1187:key00FDD420:ref6808:ord4,"対戦ルール『拠点制圧（BASE）』での勝利ステージ数が$1を超えた
功績をたたえ授与される。（英雄度$2増加）","対戦ルール『チームデスマッチ（TDM）』での勝利ステージ数が$1を
超えた功績をたたえ授与される。（英雄度$2増加）","対戦ルール『デスマッチ（DM）』での勝利ステージ数が$1を超えた
功績をたたえ授与される。（英雄度$2増加）",$1 | $2,,,NOT_CHECKED,158,,NOT_STARTED,NOT_BUILT,NOT_TESTED,JPN_PRIMARY; MLG_CN_CONTEXT_AUXILIARY,mechanical template; resource_class=LOOSE_OLANG; source_objects=1
007E2F18,433,6814,6814,1,,page:tag:entity1186:key00FDBD20:ref6814:ord4,"対戦ルール『チームデスマッチ（TDM）』での勝利ステージ数が$1を
超えた功績をたたえ授与される。（英雄度$2増加）","対戦ルール『デスマッチ（DM）』での勝利ステージ数が$1を超えた
功績をたたえ授与される。（英雄度$2増加）","対戦プレイでの勝利ステージ数が$1を超えた功績をたたえ
授与される。（英雄度$2増加）",$1 | $2,,,NOT_CHECKED,148,,NOT_STARTED,NOT_BUILT,NOT_TESTED,JPN_PRIMARY; MLG_CN_CONTEXT_AUXILIARY,mechanical template; resource_class=LOOSE_OLANG; source_objects=1
007E2F18,434,6820,6820;6826;6832,3,,page:tag:entity1185:key00FDB920:ref6820:ord4;page:tag:entity1184:key00FDB820:ref6826:ord4;page:tag:entity1183:key00FDB720:ref6832:ord4,"対戦ルール『デスマッチ（DM）』での勝利ステージ数が$1を超えた
功績をたたえ授与される。（英雄度$2増加）","対戦プレイでの勝利ステージ数が$1を超えた功績をたたえ
授与される。（英雄度$2増加）","対戦でのプレイラウンド数が$1を超えた記念に
授与される。（英雄度$2増加）",$1 | $2,,,NOT_CHECKED,119,,NOT_STARTED,NOT_BUILT,NOT_TESTED,JPN_PRIMARY; MLG_CN_CONTEXT_AUXILIARY,mechanical template; resource_class=LOOSE_OLANG; source_objects=3
007E2F18,435,6838,6838;6844;6850,3,,page:tag:entity1182:key00FD9D20:ref6838:ord4;page:tag:entity1181:key00FD9C20:ref6844:ord4;page:tag:entity1180:key00FD9B20:ref6850:ord4,"対戦プレイでの勝利ステージ数が$1を超えた功績をたたえ
授与される。（英雄度$2増加）","対戦でのプレイラウンド数が$1を超えた記念に
授与される。（英雄度$2増加）","称号獲得数が、全称号の$1％を超えたことを記念し
授与される。（英雄度$2増加）",$1 | $2,,,NOT_CHECKED,104,,NOT_STARTED,NOT_BUILT,NOT_TESTED,JPN_PRIMARY; MLG_CN_CONTEXT_AUXILIARY,mechanical template; resource_class=LOOSE_OLANG; source_objects=3
007E2F18,436,6856,6856;6862,2,,page:tag:entity1179:key00FD5B20:ref6856:ord4;page:tag:entity1178:key00FD5A20:ref6862:ord4,"対戦でのプレイラウンド数が$1を超えた記念に
授与される。（英雄度$2増加）","称号獲得数が、全称号の$1％を超えたことを記念し
授与される。（英雄度$2増加）","勲章獲得数が、全勲章の$1％を超えたことを記念し
授与される。（英雄度$2増加）",$1 | $2,,,NOT_CHECKED,110,,NOT_STARTED,NOT_BUILT,NOT_TESTED,JPN_PRIMARY; MLG_CN_CONTEXT_AUXILIARY,mechanical template; resource_class=LOOSE_OLANG; source_objects=2
007E2F18,437,6868,6868;6874,2,,page:tag:entity1177:key00FD5820:ref6868:ord4;page:tag:entity1176:key00FD5720:ref6874:ord4,"称号獲得数が、全称号の$1％を超えたことを記念し
授与される。（英雄度$2増加）","勲章獲得数が、全勲章の$1％を超えたことを記念し
授与される。（英雄度$2増加）","ハントしたモンスターの数が$1を超えた功績をたたえ
授与される。（英雄度$2増加）",$1 | $2,,,NOT_CHECKED,110,,NOT_STARTED,NOT_BUILT,NOT_TESTED,JPN_PRIMARY; MLG_CN_CONTEXT_AUXILIARY,mechanical template; resource_class=LOOSE_OLANG; source_objects=2
007E2F18,438,6880,6880;6886;6892,3,,page:tag:entity1175:key00FD5620:ref6880:ord4;page:tag:entity1174:key00FD5520:ref6886:ord4;page:tag:entity1173:key00FD5420:ref6892:ord4,"勲章獲得数が、全勲章の$1％を超えたことを記念し
授与される。（英雄度$2増加）","ハントしたモンスターの数が$1を超えた功績をたたえ
授与される。（英雄度$2増加）","取得したメカパーツの数が$1を超えた功績をたたえ
授与される。（英雄度$2増加）",$1 | $2,,,NOT_CHECKED,113,,NOT_STARTED,NOT_BUILT,NOT_TESTED,JPN_PRIMARY; MLG_CN_CONTEXT_AUXILIARY,mechanical template; resource_class=LOOSE_OLANG; source_objects=3
007E2F18,439,6898,6898;6904,2,,page:tag:entity1172:key00FD3C20:ref6898:ord4;page:tag:entity1171:key00FD3B20:ref6904:ord4,"ハントしたモンスターの数が$1を超えた功績をたたえ
授与される。（英雄度$2増加）","取得したメカパーツの数が$1を超えた功績をたたえ
授与される。（英雄度$2増加）","フルトン回収した人数が$1を超えた功績をたたえ
授与される。（英雄度$2増加）",$1 | $2,,,NOT_CHECKED,110,,NOT_STARTED,NOT_BUILT,NOT_TESTED,JPN_PRIMARY; MLG_CN_CONTEXT_AUXILIARY,mechanical template; resource_class=LOOSE_OLANG; source_objects=2
007E2F18,440,6910,6910;6916;6922,3,,page:tag:entity1170:key00FD3A20:ref6910:ord4;page:tag:entity1169:key00FD3920:ref6916:ord4;page:tag:entity1168:key00FD3820:ref6922:ord4,"取得したメカパーツの数が$1を超えた功績をたたえ
授与される。（英雄度$2増加）","フルトン回収した人数が$1を超えた功績をたたえ
授与される。（英雄度$2増加）","CO-OPS通信の使用回数が$1を超えた者に与えられる。
（英雄度$2増加）",$1 | $2,,,NOT_CHECKED,107,,NOT_STARTED,NOT_BUILT,NOT_TESTED,JPN_PRIMARY; MLG_CN_CONTEXT_AUXILIARY,mechanical template; resource_class=LOOSE_OLANG; source_objects=3
007E2F18,441,6928,6928,1,,page:tag:entity1167:key00FD3720:ref6928:ord4,"フルトン回収した人数が$1を超えた功績をたたえ
授与される。（英雄度$2増加）","CO-OPS通信の使用回数が$1を超えた者に与えられる。
（英雄度$2増加）","上半身裸でクリアしたミッション数が$1を超えた
根性に対し授与される。（英雄度$2増加）",$1 | $2,,,NOT_CHECKED,92,,NOT_STARTED,NOT_BUILT,NOT_TESTED,JPN_PRIMARY; MLG_CN_CONTEXT_AUXILIARY,mechanical template; resource_class=LOOSE_OLANG; source_objects=1
007E2F18,442,6934,6934,1,,page:tag:entity1166:key00FD3620:ref6934:ord4,"CO-OPS通信の使用回数が$1を超えた者に与えられる。
（英雄度$2増加）","上半身裸でクリアしたミッション数が$1を超えた
根性に対し授与される。（英雄度$2増加）","撮影した写真の枚数が$1を超えた者に与えられる。
（英雄度$2増加）",$1 | $2,,,NOT_CHECKED,122,,NOT_STARTED,NOT_BUILT,NOT_TESTED,JPN_PRIMARY; MLG_CN_CONTEXT_AUXILIARY,mechanical template; resource_class=LOOSE_OLANG; source_objects=1
007E2F18,443,6940,6940,1,,page:tag:entity1165:key00FD3520:ref6940:ord4,"上半身裸でクリアしたミッション数が$1を超えた
根性に対し授与される。（英雄度$2増加）","撮影した写真の枚数が$1を超えた者に与えられる。
（英雄度$2増加）","ダンボール箱に入っていた時間が$1時間を超えた者の
忍耐をたたえ授与される（英雄度$2増加）。",$1 | $2,,,NOT_CHECKED,92,,NOT_STARTED,NOT_BUILT,NOT_TESTED,JPN_PRIMARY; MLG_CN_CONTEXT_AUXILIARY,mechanical template; resource_class=LOOSE_OLANG; source_objects=1
007E2F18,444,6946,6946,1,,page:tag:entity1164:key00FD3420:ref6946:ord4,"撮影した写真の枚数が$1を超えた者に与えられる。
（英雄度$2増加）","ダンボール箱に入っていた時間が$1時間を超えた者の
忍耐をたたえ授与される（英雄度$2増加）。","エネミーサーチ中敵を指示（タギング）した回数が$1を
超えた功績をたたえ授与される（英雄度$2増加）。",$1 | $2,,,NOT_CHECKED,131,,NOT_STARTED,NOT_BUILT,NOT_TESTED,JPN_PRIMARY; MLG_CN_CONTEXT_AUXILIARY,mechanical template; resource_class=LOOSE_OLANG; source_objects=1
007E2F18,445,6952,6952,1,,page:tag:entity1163:key00FD1D20:ref6952:ord4,"ダンボール箱に入っていた時間が$1時間を超えた者の
忍耐をたたえ授与される（英雄度$2増加）。","エネミーサーチ中敵を指示（タギング）した回数が$1を
超えた功績をたたえ授与される（英雄度$2増加）。","クリアしたミッション数がのべ$1を超えた功績をたたえ
授与される。（英雄度$2増加）",$1 | $2,,,NOT_CHECKED,143,,NOT_STARTED,NOT_BUILT,NOT_TESTED,JPN_PRIMARY; MLG_CN_CONTEXT_AUXILIARY,mechanical template; resource_class=LOOSE_OLANG; source_objects=1
007E2F18,446,6958,6958,1,,page:tag:entity1162:key00FD1C20:ref6958:ord4,"エネミーサーチ中敵を指示（タギング）した回数が$1を
超えた功績をたたえ授与される（英雄度$2増加）。","クリアしたミッション数がのべ$1を超えた功績をたたえ
授与される。（英雄度$2増加）","OUTER OPSのクリア率が$1%を超えた功績をたたえ
授与される。（英雄度$2増加）",$1 | $2,,,NOT_CHECKED,116,,NOT_STARTED,NOT_BUILT,NOT_TESTED,JPN_PRIMARY; MLG_CN_CONTEXT_AUXILIARY,mechanical template; resource_class=LOOSE_OLANG; source_objects=1
007E2F18,447,6964,6964;6970,2,,page:tag:entity1161:key00FD1A20:ref6964:ord4;page:tag:entity1160:key00FD1920:ref6970:ord4,"クリアしたミッション数がのべ$1を超えた功績をたたえ
授与される。（英雄度$2増加）","OUTER OPSのクリア率が$1%を超えた功績をたたえ
授与される。（英雄度$2増加）","他のプレイヤーに武器やアイテムをプレゼントした回数が
$1を超えた者の寛容さに対し授与される。
（英雄度$2増加）",$1 | $2,,,NOT_CHECKED,102,,NOT_STARTED,NOT_BUILT,NOT_TESTED,JPN_PRIMARY; MLG_CN_CONTEXT_AUXILIARY,mechanical template; resource_class=LOOSE_OLANG; source_objects=2
007E2F18,448,6976,6976,1,,page:tag:entity1159:key00FD1520:ref6976:ord4,"OUTER OPSのクリア率が$1%を超えた功績をたたえ
授与される。（英雄度$2増加）","他のプレイヤーに武器やアイテムをプレゼントした回数が
$1を超えた者の寛容さに対し授与される。
（英雄度$2増加）","スタッフトレードの実施回数が$1を超えた者に
与えられる（英雄度$2増加）。",$1 | $2,,,NOT_CHECKED,159,,NOT_STARTED,NOT_BUILT,NOT_TESTED,JPN_PRIMARY; MLG_CN_CONTEXT_AUXILIARY,mechanical template; resource_class=LOOSE_OLANG; source_objects=1
007E2F18,449,6982,6982,1,,page:tag:entity1158:key00FD1420:ref6982:ord4,"他のプレイヤーに武器やアイテムをプレゼントした回数が
$1を超えた者の寛容さに対し授与される。
（英雄度$2増加）","スタッフトレードの実施回数が$1を超えた者に
与えられる（英雄度$2増加）。","2人でダンボールに入っていた時間が$1時間以上で、
その状態での移動距離が$3mを超えた者に与えられる。
（英雄度$2増加）",$1 | $2,,,NOT_CHECKED,104,,NOT_STARTED,NOT_BUILT,NOT_TESTED,JPN_PRIMARY; MLG_CN_CONTEXT_AUXILIARY,mechanical template; resource_class=LOOSE_OLANG; source_objects=1
007E2F18,450,6988,6988,1,,page:tag:entity1157:key00FCFD20:ref6988:ord4,"スタッフトレードの実施回数が$1を超えた者に
与えられる（英雄度$2増加）。","2人でダンボールに入っていた時間が$1時間以上で、
その状態での移動距離が$3mを超えた者に与えられる。
（英雄度$2増加）","武器、アイテムの共有状態と仲間に使用された回数が、
各々$1を超えた者に与えられる（英雄度$2増加）。",$1 | $3m | $2,,,NOT_CHECKED,166,,NOT_STARTED,NOT_BUILT,NOT_TESTED,JPN_PRIMARY; MLG_CN_CONTEXT_AUXILIARY,mechanical template; resource_class=LOOSE_OLANG; source_objects=1
007E2F18,451,6994,6994,1,,page:tag:entity1156:key00FCFC20:ref6994:ord4,"2人でダンボールに入っていた時間が$1時間以上で、
その状態での移動距離が$3mを超えた者に与えられる。
（英雄度$2増加）","武器、アイテムの共有状態と仲間に使用された回数が、
各々$1を超えた者に与えられる（英雄度$2増加）。","スネークシンクロ状態になった回数が$1を超えた者に
与えられる。（英雄度$2増加）",$1 | $2,,,NOT_CHECKED,143,,NOT_STARTED,NOT_BUILT,NOT_TESTED,JPN_PRIMARY; MLG_CN_CONTEXT_AUXILIARY,mechanical template; resource_class=LOOSE_OLANG; source_objects=1
007E2F18,452,7000,7000,1,,page:tag:entity1155:key00FCFB20:ref7000:ord4,"武器、アイテムの共有状態と仲間に使用された回数が、
各々$1を超えた者に与えられる（英雄度$2増加）。","スネークシンクロ状態になった回数が$1を超えた者に
与えられる。（英雄度$2増加）","スネーク・イン回数が$1を超えた者に与えられる。
（英雄度$2増加）",$1 | $2,,,NOT_CHECKED,113,,NOT_STARTED,NOT_BUILT,NOT_TESTED,JPN_PRIMARY; MLG_CN_CONTEXT_AUXILIARY,mechanical template; resource_class=LOOSE_OLANG; source_objects=1
007E2F18,453,7006,7006,1,,page:tag:entity1154:key00FCFA20:ref7006:ord4,"スネークシンクロ状態になった回数が$1を超えた者に
与えられる。（英雄度$2増加）","スネーク・イン回数が$1を超えた者に与えられる。
（英雄度$2増加）","CO-OPイン回数が$1を超えた者に与えられる。
（英雄度$2増加）",$1 | $2,,,NOT_CHECKED,92,,NOT_STARTED,NOT_BUILT,NOT_TESTED,JPN_PRIMARY; MLG_CN_CONTEXT_AUXILIARY,mechanical template; resource_class=LOOSE_OLANG; source_objects=1
007E2F18,454,7012,7012,1,,page:tag:entity1153:key00FCF920:ref7012:ord4,"スネーク・イン回数が$1を超えた者に与えられる。
（英雄度$2増加）","CO-OPイン回数が$1を超えた者に与えられる。
（英雄度$2増加）","心臓マッサージ、救命ダンボール使用、言霊効果、
これらの救命合計数が$1を超えた功績をたたえ授与される。
（英雄度$2増加）",$1 | $2,,,NOT_CHECKED,82,,NOT_STARTED,NOT_BUILT,NOT_TESTED,JPN_PRIMARY; MLG_CN_CONTEXT_AUXILIARY,mechanical template; resource_class=LOOSE_OLANG; source_objects=1
007E2F18,455,7018,7018;7024;7030,3,,page:tag:entity1152:key00FCF820:ref7018:ord4;page:tag:entity1151:key00FCF720:ref7024:ord4;page:tag:entity1150:key00FCF620:ref7030:ord4,"CO-OPイン回数が$1を超えた者に与えられる。
（英雄度$2増加）","心臓マッサージ、救命ダンボール使用、言霊効果、
これらの救命合計数が$1を超えた功績をたたえ授与される。
（英雄度$2増加）","友情度の合計値が$1を超えた者に与えられる。
（英雄度$2増加）",$1 | $2,,,NOT_CHECKED,174,,NOT_STARTED,NOT_BUILT,NOT_TESTED,JPN_PRIMARY; MLG_CN_CONTEXT_AUXILIARY,mechanical template; resource_class=LOOSE_OLANG; source_objects=3
007E2F18,456,7036,7036;7042;7048,3,,page:tag:entity1149:key00FCF520:ref7036:ord4;page:tag:entity1148:key00FCF420:ref7042:ord4;page:tag:entity1147:key00FCDD20:ref7048:ord4,"心臓マッサージ、救命ダンボール使用、言霊効果、
これらの救命合計数が$1を超えた功績をたたえ授与される。
（英雄度$2増加）","友情度の合計値が$1を超えた者に与えられる。
（英雄度$2増加）","ヘッドショットを成功させた回数が$1を超えた者に
与えられる。（英雄度$2増加）",$1 | $2,,,NOT_CHECKED,86,,NOT_STARTED,NOT_BUILT,NOT_TESTED,JPN_PRIMARY; MLG_CN_CONTEXT_AUXILIARY,mechanical template; resource_class=LOOSE_OLANG; source_objects=3
007E2F18,457,7054,7054;7060;7066,3,,page:tag:entity1146:key00FCDC20:ref7054:ord4;page:tag:entity1145:key00FCDB20:ref7060:ord4;page:tag:entity1144:key00FCDA20:ref7066:ord4,"友情度の合計値が$1を超えた者に与えられる。
（英雄度$2増加）","ヘッドショットを成功させた回数が$1を超えた者に
与えられる。（英雄度$2増加）","CQCの実行回数が$1を超えた者に与えられる。
（英雄度$2増加）",$1 | $2,,,NOT_CHECKED,110,,NOT_STARTED,NOT_BUILT,NOT_TESTED,JPN_PRIMARY; MLG_CN_CONTEXT_AUXILIARY,mechanical template; resource_class=LOOSE_OLANG; source_objects=3
007E2F18,458,7072,7072;7078;7084,3,,page:tag:entity1143:key00FCD920:ref7072:ord4;page:tag:entity1142:key00FCD820:ref7078:ord4;page:tag:entity1141:key00FCD720:ref7084:ord4,"ヘッドショットを成功させた回数が$1を超えた者に
与えられる。（英雄度$2増加）","CQCの実行回数が$1を超えた者に与えられる。
（英雄度$2増加）","回復系アイテムを使わずにクリアしたミッション数が
$1を超えた功績をたたえ授与される。（英雄度$2増加）",$1 | $2,,,NOT_CHECKED,83,,NOT_STARTED,NOT_BUILT,NOT_TESTED,JPN_PRIMARY; MLG_CN_CONTEXT_AUXILIARY,mechanical template; resource_class=LOOSE_OLANG; source_objects=3
007E2F18,459,7090,7090;7096;7102,3,,page:tag:entity1140:key00FCD620:ref7090:ord4;page:tag:entity1139:key00FCD520:ref7096:ord4;page:tag:entity1138:key00FCD420:ref7102:ord4,"CQCの実行回数が$1を超えた者に与えられる。
（英雄度$2増加）","回復系アイテムを使わずにクリアしたミッション数が
$1を超えた功績をたたえ授与される。（英雄度$2増加）","ホールドアップした敵兵の数が$1を超えた功績をたたえ
授与される。（英雄度$2増加）",$1 | $2,,,NOT_CHECKED,146,,NOT_STARTED,NOT_BUILT,NOT_TESTED,JPN_PRIMARY; MLG_CN_CONTEXT_AUXILIARY,mechanical template; resource_class=LOOSE_OLANG; source_objects=3
007E2F18,460,7108,7108;7114;7120,3,,page:tag:entity1137:key00FCBD20:ref7108:ord4;page:tag:entity1136:key00FCBC20:ref7114:ord4;page:tag:entity1135:key00FCBB20:ref7120:ord4,"回復系アイテムを使わずにクリアしたミッション数が
$1を超えた功績をたたえ授与される。（英雄度$2増加）","ホールドアップした敵兵の数が$1を超えた功績をたたえ
授与される。（英雄度$2増加）","誰もキルせずクリアしたミッション数が$1を超えた功績を
たたえ授与される。（英雄度$2増加）",$1 | $2,,,NOT_CHECKED,116,,NOT_STARTED,NOT_BUILT,NOT_TESTED,JPN_PRIMARY; MLG_CN_CONTEXT_AUXILIARY,mechanical template; resource_class=LOOSE_OLANG; source_objects=3
007E2F18,461,7126,7126;7132;7138,3,,page:tag:entity1134:key00FCBA20:ref7126:ord4;page:tag:entity1133:key00FCB920:ref7132:ord4;page:tag:entity1132:key00FCB820:ref7138:ord4,"ホールドアップした敵兵の数が$1を超えた功績をたたえ
授与される。（英雄度$2増加）","誰もキルせずクリアしたミッション数が$1を超えた功績を
たたえ授与される。（英雄度$2増加）","敵に見つからずにクリアしたミッション数が$1を超えた功績を
たたえ授与される。（英雄度$2増加）",$1 | $2,,,NOT_CHECKED,128,,NOT_STARTED,NOT_BUILT,NOT_TESTED,JPN_PRIMARY; MLG_CN_CONTEXT_AUXILIARY,mechanical template; resource_class=LOOSE_OLANG; source_objects=3
007E2F18,462,7144,7144;7150;7156,3,,page:tag:entity1131:key00FCB720:ref7144:ord4;page:tag:entity1130:key00FCB620:ref7150:ord4;page:tag:entity1129:key00FCB520:ref7156:ord4,"誰もキルせずクリアしたミッション数が$1を超えた功績を
たたえ授与される。（英雄度$2増加）","敵に見つからずにクリアしたミッション数が$1を超えた功績を
たたえ授与される。（英雄度$2増加）","AXEフレグランスボディスプレー
AXEは世界最大級の消費財メーカー、Unileverが世界中で展開する
男性用化粧品ブランド。
AXEフレグランスボディスプレーは、本体を軽くひねってスプレー
するだけで、有名調香師が手がけた本格的な香りを手軽に楽しめる。
香りが薄くつくスプレー形式なのでつけ過ぎの心配もなく、
どんなシーンでもクールなあなたを演出。
",$1 | $2,,,NOT_CHECKED,134,,NOT_STARTED,NOT_BUILT,NOT_TESTED,JPN_PRIMARY; MLG_CN_CONTEXT_AUXILIARY,mechanical template; resource_class=LOOSE_OLANG; source_objects=3
007E2F18,463,7162,7162,1,,page:tag:entity1193:key0000004E:ref7162:ord4,"敵に見つからずにクリアしたミッション数が$1を超えた功績を
たたえ授与される。（英雄度$2増加）","AXEフレグランスボディスプレー
AXEは世界最大級の消費財メーカー、Unileverが世界中で展開する
男性用化粧品ブランド。
AXEフレグランスボディスプレーは、本体を軽くひねってスプレー
するだけで、有名調香師が手がけた本格的な香りを手軽に楽しめる。
香りが薄くつくスプレー形式なのでつけ過ぎの心配もなく、
どんなシーンでもクールなあなたを演出。
","鋼鉄のワイヤーで出来た糸鋸。
<I=SAW_L>、<I=SAW_R>を交互に押すことで
物体を切断する。",,,,NOT_CHECKED,483,,NOT_STARTED,NOT_BUILT,NOT_TESTED,JPN_PRIMARY; MLG_CN_CONTEXT_AUXILIARY,mechanical template; resource_class=LOOSE_OLANG; source_objects=1
007E2F18,464,7168,7168,1,,page:tag:entity1197:key00000054:ref7168:ord4,"AXEフレグランスボディスプレー
AXEは世界最大級の消費財メーカー、Unileverが世界中で展開する
男性用化粧品ブランド。
AXEフレグランスボディスプレーは、本体を軽くひねってスプレー
するだけで、有名調香師が手がけた本格的な香りを手軽に楽しめる。
香りが薄くつくスプレー形式なのでつけ過ぎの心配もなく、
どんなシーンでもクールなあなたを演出。
","鋼鉄のワイヤーで出来た糸鋸。
<I=SAW_L>、<I=SAW_R>を交互に押すことで
物体を切断する。","遠距離からの監視・偵察活動に最適な
軍用双眼鏡。装備して<I=AIM>で使用。
主観倍率の変更可能。",<I=SAW_L> | <I=SAW_R>,,,NOT_CHECKED,116,,NOT_STARTED,NOT_BUILT,NOT_TESTED,JPN_PRIMARY; MLG_CN_CONTEXT_AUXILIARY,mechanical template; resource_class=LOOSE_OLANG; source_objects=1
007E2F18,465,7174,7174,1,,page:tag:entity1194:key00000006:ref7174:ord4,"鋼鉄のワイヤーで出来た糸鋸。
<I=SAW_L>、<I=SAW_R>を交互に押すことで
物体を切断する。","遠距離からの監視・偵察活動に最適な
軍用双眼鏡。装備して<I=AIM>で使用。
主観倍率の変更可能。","人員回収・後送システム。
装備して回収したい者の近くにしゃがみ、
<I=ACT>で回収する。",<I=AIM>,,,NOT_CHECKED,132,,NOT_STARTED,NOT_BUILT,NOT_TESTED,JPN_PRIMARY; MLG_CN_CONTEXT_AUXILIARY,mechanical template; resource_class=LOOSE_OLANG; source_objects=1
007E2F18,466,7180,7180,1,,page:tag:entity1196:key00000037:ref7180:ord4,"遠距離からの監視・偵察活動に最適な
軍用双眼鏡。装備して<I=AIM>で使用。
主観倍率の変更可能。","人員回収・後送システム。
装備して回収したい者の近くにしゃがみ、
<I=ACT>で回収する。","オリジナルデザインのＴシャツ。
基本特性は野戦服と同じ。",<I=ACT>,,,NOT_CHECKED,120,,NOT_STARTED,NOT_BUILT,NOT_TESTED,JPN_PRIMARY; MLG_CN_CONTEXT_AUXILIARY,mechanical template; resource_class=LOOSE_OLANG; source_objects=1
007E2F18,467,7186,7186,1,,page:tag:entity1200:key000001AF:ref7186:ord4,"人員回収・後送システム。
装備して回収したい者の近くにしゃがみ、
<I=ACT>で回収する。","オリジナルデザインのＴシャツ。
基本特性は野戦服と同じ。","防弾素材で作られた盾（色付き）。
<I=AIM>で使用。
装備している武器によって、
防護する方向が変わる。",,,,NOT_CHECKED,82,,NOT_STARTED,NOT_BUILT,NOT_TESTED,JPN_PRIMARY; MLG_CN_CONTEXT_AUXILIARY,mechanical template; resource_class=LOOSE_OLANG; source_objects=1
007E2F18,468,7192,7192,1,,page:tag:entity1199:key00000086:ref7192:ord4,"オリジナルデザインのＴシャツ。
基本特性は野戦服と同じ。","防弾素材で作られた盾（色付き）。
<I=AIM>で使用。
装備している武器によって、
防護する方向が変わる。","防弾素材で作られた盾。
<I=AIM>で使用。
装備している武器によって、
防護する方向が変わる。",<I=AIM>,,,NOT_CHECKED,142,,NOT_STARTED,NOT_BUILT,NOT_TESTED,JPN_PRIMARY; MLG_CN_CONTEXT_AUXILIARY,mechanical template; resource_class=LOOSE_OLANG; source_objects=1
007E2F18,469,7198,7198,1,,page:tag:entity1198:key00000081:ref7198:ord4,"防弾素材で作られた盾（色付き）。
<I=AIM>で使用。
装備している武器によって、
防護する方向が変わる。","防弾素材で作られた盾。
<I=AIM>で使用。
装備している武器によって、
防護する方向が変わる。","防弾素材で作られた盾。
前方からの銃弾を防ぐ。
<I=AIM>で使用。",<I=AIM>,,,NOT_CHECKED,127,,NOT_STARTED,NOT_BUILT,NOT_TESTED,JPN_PRIMARY; MLG_CN_CONTEXT_AUXILIARY,mechanical template; resource_class=LOOSE_OLANG; source_objects=1
007E2F18,470,7204,7204,1,,page:tag:entity1195:key0000000B:ref7204:ord4,"防弾素材で作られた盾。
<I=AIM>で使用。
装備している武器によって、
防護する方向が変わる。","防弾素材で作られた盾。
前方からの銃弾を防ぐ。
<I=AIM>で使用。",ミュージックプレイヤー,<I=AIM>,,,NOT_CHECKED,87,,NOT_STARTED,NOT_BUILT,NOT_TESTED,JPN_PRIMARY; MLG_CN_CONTEXT_AUXILIARY,mechanical template; resource_class=LOOSE_OLANG; source_objects=1
007E2F18,471,7210,7210,1,,page:tag:entity1201:key000001AF:ref7210:ord4,"防弾素材で作られた盾。
前方からの銃弾を防ぐ。
<I=AIM>で使用。",ミュージックプレイヤー,MUSIC PLAYER,,,,NOT_CHECKED,33,,NOT_STARTED,NOT_BUILT,NOT_TESTED,JPN_PRIMARY; MLG_CN_CONTEXT_AUXILIARY,mechanical template; resource_class=LOOSE_OLANG; source_objects=1
007E2F18,472,7216,7216;7222,2,,page:tag:entity1202:key000001AF:ref7216:ord4;page:tag:entity1203:key000001AF:ref7222:ord4,ミュージックプレイヤー,MUSIC PLAYER,<I=STA>,,,,NOT_CHECKED,12,,NOT_STARTED,NOT_BUILT,NOT_TESTED,JPN_PRIMARY; MLG_CN_CONTEXT_AUXILIARY,mechanical template; resource_class=LOOSE_OLANG; source_objects=2
007E2F18,473,7228,7228,1,,page:tag:entity1206:key00D9D9B9:ref7228:ord4,MUSIC PLAYER,<I=STA>,<I=SEL>,<I=STA>,,,NOT_CHECKED,7,,NOT_STARTED,NOT_BUILT,NOT_TESTED,JPN_PRIMARY; MLG_CN_CONTEXT_AUXILIARY,mechanical template; resource_class=LOOSE_OLANG; source_objects=1
007E2F18,474,7234,7234;7246;7252,3,,page:tag:entity1205:key0050818E:ref7234:ord4;page:tag:entity1209:key00D9D9B9:ref7246:ord4;page:tag:entity1208:key0050818E:ref7252:ord4,<I=STA>,<I=SEL>,CONTROLS HELP,<I=SEL>,,,NOT_CHECKED,7,,NOT_STARTED,NOT_BUILT,NOT_TESTED,JPN_PRIMARY; MLG_CN_CONTEXT_AUXILIARY,mechanical template; resource_class=LOOSE_OLANG; source_objects=3
007E2F18,475,7336,7336,1,,page:tag:entity1222:key0048E16C:ref7336:ord4,削除,オンラインマニュアルを開きますか？,"MSF・マザーベースに向けて発射された<C=FF4040>敵ミサイルを甲板から迎撃
<C=R>せよ。
なお、マザーベースに<C=FF4040>敵ミサイルが10発被弾した時点で
ミッション失敗<C=R>。
チャフグレネード持ち込み不可。
　ターゲット数：30",,,,NOT_CHECKED,51,,NOT_STARTED,NOT_BUILT,NOT_TESTED,JPN_PRIMARY; MLG_CN_CONTEXT_AUXILIARY,mechanical template; resource_class=LOOSE_OLANG; source_objects=1
007E2F18,476,7342,7342,1,,page:tag:entity1225:key003B1B1F:ref7342:ord4,オンラインマニュアルを開きますか？,"MSF・マザーベースに向けて発射された<C=FF4040>敵ミサイルを甲板から迎撃
<C=R>せよ。
なお、マザーベースに<C=FF4040>敵ミサイルが10発被弾した時点で
ミッション失敗<C=R>。
チャフグレネード持ち込み不可。
　ターゲット数：30","　作戦エリア：イスラ・デル・モンストルオ
<C=FF4040>ギアレックスを狩猟<C=R>せよ。

<I=CPY>CAPCOM CO., LTD.",<C=FF4040> | <C=R> | <C=FF4040> | <C=R>,,,NOT_CHECKED,300,,NOT_STARTED,NOT_BUILT,NOT_TESTED,JPN_PRIMARY; MLG_CN_CONTEXT_AUXILIARY,mechanical template; resource_class=LOOSE_OLANG; source_objects=1
007E2F18,477,7348,7348;7354,2,,page:tag:entity1237:key00DAB11D:ref7348:ord4;page:tag:entity1236:key00D5B11D:ref7354:ord4,"MSF・マザーベースに向けて発射された<C=FF4040>敵ミサイルを甲板から迎撃
<C=R>せよ。
なお、マザーベースに<C=FF4040>敵ミサイルが10発被弾した時点で
ミッション失敗<C=R>。
チャフグレネード持ち込み不可。
　ターゲット数：30","　作戦エリア：イスラ・デル・モンストルオ
<C=FF4040>ギアレックスを狩猟<C=R>せよ。

<I=CPY>CAPCOM CO., LTD.","　作戦エリア：イスラ・デル・モンストルオ
<C=FF4040>ティガレックスを狩猟<C=R>せよ。

<I=CPY>CAPCOM CO., LTD.",<C=FF4040> | <C=R> | <I=CPY>,,,NOT_CHECKED,137,,NOT_STARTED,NOT_BUILT,NOT_TESTED,JPN_PRIMARY; MLG_CN_CONTEXT_AUXILIARY,mechanical template; resource_class=LOOSE_OLANG; source_objects=2
007E2F18,478,7360,7360;7366,2,,page:tag:entity1235:key00BAB11D:ref7360:ord4;page:tag:entity1234:key00B5B11D:ref7366:ord4,"　作戦エリア：イスラ・デル・モンストルオ
<C=FF4040>ギアレックスを狩猟<C=R>せよ。

<I=CPY>CAPCOM CO., LTD.","　作戦エリア：イスラ・デル・モンストルオ
<C=FF4040>ティガレックスを狩猟<C=R>せよ。

<I=CPY>CAPCOM CO., LTD.","　作戦エリア：イスラ・デル・モンストルオ
<C=FF4040>リオレウスを狩猟<C=R>せよ。

<I=CPY>CAPCOM CO., LTD.",<C=FF4040> | <C=R> | <I=CPY>,,,NOT_CHECKED,140,,NOT_STARTED,NOT_BUILT,NOT_TESTED,JPN_PRIMARY; MLG_CN_CONTEXT_AUXILIARY,mechanical template; resource_class=LOOSE_OLANG; source_objects=2
007E2F18,479,7372,7372;7378,2,,page:tag:entity1232:key009AB11D:ref7372:ord4;page:tag:entity1231:key0095B11D:ref7378:ord4,"　作戦エリア：イスラ・デル・モンストルオ
<C=FF4040>ティガレックスを狩猟<C=R>せよ。

<I=CPY>CAPCOM CO., LTD.","　作戦エリア：イスラ・デル・モンストルオ
<C=FF4040>リオレウスを狩猟<C=R>せよ。

<I=CPY>CAPCOM CO., LTD.","またマザーベースを脱走したザドルノフを見つけ出し、回収せよ。
　必要装備品：<C=FF4040>フルトン回収装置<C=R>",<C=FF4040> | <C=R> | <I=CPY>,,,NOT_CHECKED,134,,NOT_STARTED,NOT_BUILT,NOT_TESTED,JPN_PRIMARY; MLG_CN_CONTEXT_AUXILIARY,mechanical template; resource_class=LOOSE_OLANG; source_objects=2
007E2F18,480,7384,7384,1,,page:tag:entity1233:key00B5ACA9:ref7384:ord4,"　作戦エリア：イスラ・デル・モンストルオ
<C=FF4040>リオレウスを狩猟<C=R>せよ。

<I=CPY>CAPCOM CO., LTD.","またマザーベースを脱走したザドルノフを見つけ出し、回収せよ。
　必要装備品：<C=FF4040>フルトン回収装置<C=R>","またまたまたまたマザーベースを脱走したザドルノフを見つけ出し、
回収せよ。
　必要装備品：<C=FF4040>フルトン回収装置<C=R>",<C=FF4040> | <C=R>,,,NOT_CHECKED,151,,NOT_STARTED,NOT_BUILT,NOT_TESTED,JPN_PRIMARY; MLG_CN_CONTEXT_AUXILIARY,mechanical template; resource_class=LOOSE_OLANG; source_objects=1
007E2F18,481,7390,7390,1,,page:tag:entity1230:key0095ACA9:ref7390:ord4,"またマザーベースを脱走したザドルノフを見つけ出し、回収せよ。
　必要装備品：<C=FF4040>フルトン回収装置<C=R>","またまたまたまたマザーベースを脱走したザドルノフを見つけ出し、
回収せよ。
　必要装備品：<C=FF4040>フルトン回収装置<C=R>","またまたまたまたまたマザーベースを脱走したザドルノフを
見つけ出し、回収せよ。
　必要装備品：<C=FF4040>フルトン回収装置<C=R>",<C=FF4040> | <C=R>,,,NOT_CHECKED,170,,NOT_STARTED,NOT_BUILT,NOT_TESTED,JPN_PRIMARY; MLG_CN_CONTEXT_AUXILIARY,mechanical template; resource_class=LOOSE_OLANG; source_objects=1
007E2F18,482,7396,7396,1,,page:tag:entity1228:key0075ACA9:ref7396:ord4,"またまたまたまたマザーベースを脱走したザドルノフを見つけ出し、
回収せよ。
　必要装備品：<C=FF4040>フルトン回収装置<C=R>","またまたまたまたまたマザーベースを脱走したザドルノフを
見つけ出し、回収せよ。
　必要装備品：<C=FF4040>フルトン回収装置<C=R>","またまたまたマザーベースを脱走したザドルノフを見つけ出し、
回収せよ。
　必要装備品：<C=FF4040>フルトン回収装置<C=R>",<C=FF4040> | <C=R>,,,NOT_CHECKED,176,,NOT_STARTED,NOT_BUILT,NOT_TESTED,JPN_PRIMARY; MLG_CN_CONTEXT_AUXILIARY,mechanical template; resource_class=LOOSE_OLANG; source_objects=1
007E2F18,483,7402,7402,1,,page:tag:entity1229:key0095ACA6:ref7402:ord4,"またまたまたまたまたマザーベースを脱走したザドルノフを
見つけ出し、回収せよ。
　必要装備品：<C=FF4040>フルトン回収装置<C=R>","またまたまたマザーベースを脱走したザドルノフを見つけ出し、
回収せよ。
　必要装備品：<C=FF4040>フルトン回収装置<C=R>","またまたマザーベースを脱走したザドルノフを見つけ出し、
回収せよ。
　必要装備品：<C=FF4040>フルトン回収装置<C=R>",<C=FF4040> | <C=R>,,,NOT_CHECKED,164,,NOT_STARTED,NOT_BUILT,NOT_TESTED,JPN_PRIMARY; MLG_CN_CONTEXT_AUXILIARY,mechanical template; resource_class=LOOSE_OLANG; source_objects=1
007E2F18,484,7408,7408,1,,page:tag:entity1227:key0075ACA6:ref7408:ord4,"またまたまたマザーベースを脱走したザドルノフを見つけ出し、
回収せよ。
　必要装備品：<C=FF4040>フルトン回収装置<C=R>","またまたマザーベースを脱走したザドルノフを見つけ出し、
回収せよ。
　必要装備品：<C=FF4040>フルトン回収装置<C=R>","マザーベースを脱走したザドルノフを見つけ出し、回収せよ。
　必要装備品：<C=FF4040>フルトン回収装置<C=R>",<C=FF4040> | <C=R>,,,NOT_CHECKED,158,,NOT_STARTED,NOT_BUILT,NOT_TESTED,JPN_PRIMARY; MLG_CN_CONTEXT_AUXILIARY,mechanical template; resource_class=LOOSE_OLANG; source_objects=1
007E2F18,485,7414,7414,1,,page:tag:entity1226:key0055ACA6:ref7414:ord4,"またまたマザーベースを脱走したザドルノフを見つけ出し、
回収せよ。
　必要装備品：<C=FF4040>フルトン回収装置<C=R>","マザーベースを脱走したザドルノフを見つけ出し、回収せよ。
　必要装備品：<C=FF4040>フルトン回収装置<C=R>","トレニャーの誘いで、スネークは怪獣島（イスラ・デル・モンストルオ）
へ…。
　EXTRA OPS 《狩猟クエスト》より
<I=CPY>CAPCOM CO., LTD.",<C=FF4040> | <C=R>,,,NOT_CHECKED,145,,NOT_STARTED,NOT_BUILT,NOT_TESTED,JPN_PRIMARY; MLG_CN_CONTEXT_AUXILIARY,mechanical template; resource_class=LOOSE_OLANG; source_objects=1
007E2F18,486,7420,7420,1,,page:tag:entity1224:key0018015A:ref7420:ord4,"マザーベースを脱走したザドルノフを見つけ出し、回収せよ。
　必要装備品：<C=FF4040>フルトン回収装置<C=R>","トレニャーの誘いで、スネークは怪獣島（イスラ・デル・モンストルオ）
へ…。
　EXTRA OPS 《狩猟クエスト》より
<I=CPY>CAPCOM CO., LTD.","スネークがコスタリカの海岸で出会った“来訪者”は…。


<I=CPY>CAPCOM CO., LTD.",<I=CPY>,,,NOT_CHECKED,177,,NOT_STARTED,NOT_BUILT,NOT_TESTED,JPN_PRIMARY; MLG_CN_CONTEXT_AUXILIARY,mechanical template; resource_class=LOOSE_OLANG; source_objects=1
007E2F18,487,7426,7426,1,,page:tag:entity1223:key0017015A:ref7426:ord4,"トレニャーの誘いで、スネークは怪獣島（イスラ・デル・モンストルオ）
へ…。
　EXTRA OPS 《狩猟クエスト》より
<I=CPY>CAPCOM CO., LTD.","スネークがコスタリカの海岸で出会った“来訪者”は…。


<I=CPY>CAPCOM CO., LTD.",KEY CONFIG,<I=CPY>,,,NOT_CHECKED,104,,NOT_STARTED,NOT_BUILT,NOT_TESTED,JPN_PRIMARY; MLG_CN_CONTEXT_AUXILIARY,mechanical template; resource_class=LOOSE_OLANG; source_objects=1
007E2F18,488,7438,7438,1,,page:tag:entity1252:key002942C1:ref7438:ord4,KEY CONFIG,CONTROLLER SETTINGS,操作タイプを設定します。,,,,NOT_CHECKED,19,,NOT_STARTED,NOT_BUILT,NOT_TESTED,JPN_PRIMARY; MLG_CN_CONTEXT_AUXILIARY,mechanical template; resource_class=LOOSE_OLANG; source_objects=1
007E2F18,489,7444,7444;7492,2,,page:tag:entity1302:key00BEF41E:ref7444:ord4;page:tag:entity1312:key00E6B822:ref7492:ord4,CONTROLLER SETTINGS,操作タイプを設定します。,切り替え,,,,NOT_CHECKED,36,,NOT_STARTED,NOT_BUILT,NOT_TESTED,JPN_PRIMARY; MLG_CN_CONTEXT_AUXILIARY,mechanical template; resource_class=LOOSE_OLANG; source_objects=2
007E2F18,490,7450,7450,1,,page:tag:entity1248:key00252AD4:ref7450:ord4,操作タイプを設定します。,切り替え,変更するキーを選択します。,,,,NOT_CHECKED,12,,NOT_STARTED,NOT_BUILT,NOT_TESTED,JPN_PRIMARY; MLG_CN_CONTEXT_AUXILIARY,mechanical template; resource_class=LOOSE_OLANG; source_objects=1
007E2F18,491,7456,7456,1,,page:tag:entity1314:key00FA7FE6:ref7456:ord4,切り替え,変更するキーを選択します。,変更するボタンを選択します。,,,,NOT_CHECKED,39,,NOT_STARTED,NOT_BUILT,NOT_TESTED,JPN_PRIMARY; MLG_CN_CONTEXT_AUXILIARY,mechanical template; resource_class=LOOSE_OLANG; source_objects=1
007E2F18,492,7462,7462,1,,page:tag:entity1296:key009C6CDC:ref7462:ord4,変更するキーを選択します。,変更するボタンを選択します。,サブアクション,,,,NOT_CHECKED,42,,NOT_STARTED,NOT_BUILT,NOT_TESTED,JPN_PRIMARY; MLG_CN_CONTEXT_AUXILIARY,mechanical template; resource_class=LOOSE_OLANG; source_objects=1
007E2F18,493,7468,7468,1,,page:tag:entity1263:key0044B72D:ref7468:ord4,変更するボタンを選択します。,サブアクション,アクションリスト,,,,NOT_CHECKED,21,,NOT_STARTED,NOT_BUILT,NOT_TESTED,JPN_PRIMARY; MLG_CN_CONTEXT_AUXILIARY,mechanical template; resource_class=LOOSE_OLANG; source_objects=1
007E2F18,494,7474,7474,1,,page:tag:entity1259:key0035C2B1:ref7474:ord4,サブアクション,アクションリスト,セカンダリ,,,,NOT_CHECKED,24,,NOT_STARTED,NOT_BUILT,NOT_TESTED,JPN_PRIMARY; MLG_CN_CONTEXT_AUXILIARY,mechanical template; resource_class=LOOSE_OLANG; source_objects=1
007E2F18,495,7480,7480,1,,page:tag:entity1273:key00611BF5:ref7480:ord4,アクションリスト,セカンダリ,プライマリ,,,,NOT_CHECKED,15,,NOT_STARTED,NOT_BUILT,NOT_TESTED,JPN_PRIMARY; MLG_CN_CONTEXT_AUXILIARY,mechanical template; resource_class=LOOSE_OLANG; source_objects=1
007E2F18,496,7486,7486,1,,page:tag:entity1271:key005FD0B3:ref7486:ord4,セカンダリ,プライマリ,操作タイプを設定します。,,,,NOT_CHECKED,15,,NOT_STARTED,NOT_BUILT,NOT_TESTED,JPN_PRIMARY; MLG_CN_CONTEXT_AUXILIARY,mechanical template; resource_class=LOOSE_OLANG; source_objects=1
007E2F18,497,7498,7498,1,,page:tag:entity1260:key0035C9E4:ref7498:ord4,操作タイプを設定します。,長押し,<I=KEY_F>,,,,NOT_CHECKED,9,,NOT_STARTED,NOT_BUILT,NOT_TESTED,JPN_PRIMARY; MLG_CN_CONTEXT_AUXILIARY,mechanical template; resource_class=LOOSE_OLANG; source_objects=1
007E2F18,498,7504,7504,1,,page:tag:entity1293:key0097120D:ref7504:ord4,長押し,<I=KEY_F>,<I=△>,<I=KEY_F>,,,NOT_CHECKED,9,,NOT_STARTED,NOT_BUILT,NOT_TESTED,JPN_PRIMARY; MLG_CN_CONTEXT_AUXILIARY,mechanical template; resource_class=LOOSE_OLANG; source_objects=1
007E2F18,499,7510,7510,1,,page:tag:entity1270:key005D8F46:ref7510:ord4,<I=KEY_F>,<I=△>,編集：,<I=△>,,,NOT_CHECKED,7,,NOT_STARTED,NOT_BUILT,NOT_TESTED,JPN_PRIMARY; MLG_CN_CONTEXT_AUXILIARY,mechanical template; resource_class=LOOSE_OLANG; source_objects=1
007E2F18,500,7516,7516,1,,page:tag:entity1292:key008FDC62:ref7516:ord4,<I=△>,編集：,編集：<I=KEY_F>,,,,NOT_CHECKED,9,,NOT_STARTED,NOT_BUILT,NOT_TESTED,JPN_PRIMARY; MLG_CN_CONTEXT_AUXILIARY,mechanical template; resource_class=LOOSE_OLANG; source_objects=1
007E2F18,501,7522,7522,1,,page:tag:entity1279:key00747AF2:ref7522:ord4,編集：,編集：<I=KEY_F>,編集：<I=△>,<I=KEY_F>,,,NOT_CHECKED,18,,NOT_STARTED,NOT_BUILT,NOT_TESTED,JPN_PRIMARY; MLG_CN_CONTEXT_AUXILIARY,mechanical template; resource_class=LOOSE_OLANG; source_objects=1
007E2F18,502,7528,7528,1,,page:tag:entity1258:key00341D94:ref7528:ord4,編集：<I=KEY_F>,編集：<I=△>,ベースとなる操作タイプを選択します。,<I=△>,,,NOT_CHECKED,16,,NOT_STARTED,NOT_BUILT,NOT_TESTED,JPN_PRIMARY; MLG_CN_CONTEXT_AUXILIARY,mechanical template; resource_class=LOOSE_OLANG; source_objects=1
007E2F18,503,7534,7534,1,,page:tag:entity1261:key003B2379:ref7534:ord4,編集：<I=△>,ベースとなる操作タイプを選択します。,ズームアウト,,,,NOT_CHECKED,54,,NOT_STARTED,NOT_BUILT,NOT_TESTED,JPN_PRIMARY; MLG_CN_CONTEXT_AUXILIARY,mechanical template; resource_class=LOOSE_OLANG; source_objects=1
007E2F18,504,7540,7540,1,,page:tag:entity1249:key0027E279:ref7540:ord4,ベースとなる操作タイプを選択します。,ズームアウト,ズームイン,,,,NOT_CHECKED,18,,NOT_STARTED,NOT_BUILT,NOT_TESTED,JPN_PRIMARY; MLG_CN_CONTEXT_AUXILIARY,mechanical template; resource_class=LOOSE_OLANG; source_objects=1
007E2F18,505,7546,7546,1,,page:tag:entity1251:key00293E49:ref7546:ord4,ズームアウト,ズームイン,武器ウィンドウボタン,,,,NOT_CHECKED,15,,NOT_STARTED,NOT_BUILT,NOT_TESTED,JPN_PRIMARY; MLG_CN_CONTEXT_AUXILIARY,mechanical template; resource_class=LOOSE_OLANG; source_objects=1
007E2F18,506,7552,7552,1,,page:tag:entity1269:key005C5FAC:ref7552:ord4,ズームイン,武器ウィンドウボタン,歩き操作タイプ,,,,NOT_CHECKED,30,,NOT_STARTED,NOT_BUILT,NOT_TESTED,JPN_PRIMARY; MLG_CN_CONTEXT_AUXILIARY,mechanical template; resource_class=LOOSE_OLANG; source_objects=1
007E2F18,507,7558,7558,1,,page:tag:entity1309:key00DEC383:ref7558:ord4,武器ウィンドウボタン,歩き操作タイプ,歩き,,,,NOT_CHECKED,21,,NOT_STARTED,NOT_BUILT,NOT_TESTED,JPN_PRIMARY; MLG_CN_CONTEXT_AUXILIARY,mechanical template; resource_class=LOOSE_OLANG; source_objects=1
007E2F18,508,7564,7564,1,,page:tag:entity1257:key002D11EB:ref7564:ord4,歩き操作タイプ,歩き,<I=KEY_TAB>操作割り当ての削除,,,,NOT_CHECKED,6,,NOT_STARTED,NOT_BUILT,NOT_TESTED,JPN_PRIMARY; MLG_CN_CONTEXT_AUXILIARY,mechanical template; resource_class=LOOSE_OLANG; source_objects=1
007E2F18,509,7570,7570,1,,page:tag:entity1266:key004E898C:ref7570:ord4,歩き,<I=KEY_TAB>操作割り当ての削除,<I=□>操作割り当ての削除,<I=KEY_TAB>,,,NOT_CHECKED,38,,NOT_STARTED,NOT_BUILT,NOT_TESTED,JPN_PRIMARY; MLG_CN_CONTEXT_AUXILIARY,mechanical template; resource_class=LOOSE_OLANG; source_objects=1
007E2F18,510,7576,7576,1,,page:tag:entity1308:key00DD0731:ref7576:ord4,<I=KEY_TAB>操作割り当ての削除,<I=□>操作割り当ての削除,尋問,<I=□>,,,NOT_CHECKED,34,,NOT_STARTED,NOT_BUILT,NOT_TESTED,JPN_PRIMARY; MLG_CN_CONTEXT_AUXILIARY,mechanical template; resource_class=LOOSE_OLANG; source_objects=1
007E2F18,511,7582,7582,1,,page:tag:entity1300:key00BAA142:ref7582:ord4,<I=□>操作割り当ての削除,尋問,"選択したキーをこの機能に割り当てることはできません。
別のキーを選択してください。",,,,NOT_CHECKED,6,,NOT_STARTED,NOT_BUILT,NOT_TESTED,JPN_PRIMARY; MLG_CN_CONTEXT_AUXILIARY,mechanical template; resource_class=LOOSE_OLANG; source_objects=1
007E2F18,512,7588,7588,1,,page:tag:entity1303:key00C2810B:ref7588:ord4,尋問,"選択したキーをこの機能に割り当てることはできません。
別のキーを選択してください。","選択したボタンをこの機能に割り当てることはできません。
別のボタンを選択してください。",,,,NOT_CHECKED,121,,NOT_STARTED,NOT_BUILT,NOT_TESTED,JPN_PRIMARY; MLG_CN_CONTEXT_AUXILIARY,mechanical template; resource_class=LOOSE_OLANG; source_objects=1
007E2F18,513,7594,7594,1,,page:tag:entity1245:key001C7F29:ref7594:ord4,"選択したキーをこの機能に割り当てることはできません。
別のキーを選択してください。","選択したボタンをこの機能に割り当てることはできません。
別のボタンを選択してください。",<I=KEY_TAB>初期設定に戻す,,,,NOT_CHECKED,127,,NOT_STARTED,NOT_BUILT,NOT_TESTED,JPN_PRIMARY; MLG_CN_CONTEXT_AUXILIARY,mechanical template; resource_class=LOOSE_OLANG; source_objects=1
007E2F18,514,7600,7600,1,,page:tag:entity1304:key00C5FEAA:ref7600:ord4,"選択したボタンをこの機能に割り当てることはできません。
別のボタンを選択してください。",<I=KEY_TAB>初期設定に戻す,<I=△>初期設定に戻す,<I=KEY_TAB>,,,NOT_CHECKED,32,,NOT_STARTED,NOT_BUILT,NOT_TESTED,JPN_PRIMARY; MLG_CN_CONTEXT_AUXILIARY,mechanical template; resource_class=LOOSE_OLANG; source_objects=1
007E2F18,515,7606,7606,1,,page:tag:entity1267:key00545919:ref7606:ord4,<I=KEY_TAB>初期設定に戻す,<I=△>初期設定に戻す,リロードボタン,<I=△>,,,NOT_CHECKED,28,,NOT_STARTED,NOT_BUILT,NOT_TESTED,JPN_PRIMARY; MLG_CN_CONTEXT_AUXILIARY,mechanical template; resource_class=LOOSE_OLANG; source_objects=1
007E2F18,516,7612,7612,1,,page:tag:entity1290:key0087C92E:ref7612:ord4,<I=△>初期設定に戻す,リロードボタン,<I=KEYCAN>戻る,,,,NOT_CHECKED,21,,NOT_STARTED,NOT_BUILT,NOT_TESTED,JPN_PRIMARY; MLG_CN_CONTEXT_AUXILIARY,mechanical template; resource_class=LOOSE_OLANG; source_objects=1
007E2F18,517,7618,7618,1,,page:tag:entity1247:key00236328:ref7618:ord4,リロードボタン,<I=KEYCAN>戻る,<I=PADCAN>戻る,<I=KEYCAN>,,,NOT_CHECKED,16,,NOT_STARTED,NOT_BUILT,NOT_TESTED,JPN_PRIMARY; MLG_CN_CONTEXT_AUXILIARY,mechanical template; resource_class=LOOSE_OLANG; source_objects=1
007E2F18,518,7624,7624,1,,page:tag:entity1254:key002AA0EF:ref7624:ord4,<I=KEYCAN>戻る,<I=PADCAN>戻る,割り当てたいキー を押してください。,<I=PADCAN>,,,NOT_CHECKED,16,,NOT_STARTED,NOT_BUILT,NOT_TESTED,JPN_PRIMARY; MLG_CN_CONTEXT_AUXILIARY,mechanical template; resource_class=LOOSE_OLANG; source_objects=1
007E2F18,519,7630,7630,1,,page:tag:entity1306:key00D73305:ref7630:ord4,<I=PADCAN>戻る,割り当てたいキー を押してください。,割り当てたいボタンを押してください。,,,,NOT_CHECKED,52,,NOT_STARTED,NOT_BUILT,NOT_TESTED,JPN_PRIMARY; MLG_CN_CONTEXT_AUXILIARY,mechanical template; resource_class=LOOSE_OLANG; source_objects=1
007E2F18,520,7636,7636,1,,page:tag:entity1274:key00679ECA:ref7636:ord4,割り当てたいキー を押してください。,割り当てたいボタンを押してください。,ポーズ/メニュー,,,,NOT_CHECKED,54,,NOT_STARTED,NOT_BUILT,NOT_TESTED,JPN_PRIMARY; MLG_CN_CONTEXT_AUXILIARY,mechanical template; resource_class=LOOSE_OLANG; source_objects=1
007E2F18,521,7642,7642,1,,page:tag:entity1288:key0084FCE6:ref7642:ord4,割り当てたいボタンを押してください。,ポーズ/メニュー,移動 前,,,,NOT_CHECKED,22,,NOT_STARTED,NOT_BUILT,NOT_TESTED,JPN_PRIMARY; MLG_CN_CONTEXT_AUXILIARY,mechanical template; resource_class=LOOSE_OLANG; source_objects=1
007E2F18,522,7648,7648,1,,page:tag:entity1256:key002C9FB1:ref7648:ord4,ポーズ/メニュー,移動 前,移動 右,,,,NOT_CHECKED,10,,NOT_STARTED,NOT_BUILT,NOT_TESTED,JPN_PRIMARY; MLG_CN_CONTEXT_AUXILIARY,mechanical template; resource_class=LOOSE_OLANG; source_objects=1
007E2F18,523,7654,7654,1,,page:tag:entity1298:key00A6BFC3:ref7654:ord4,移動 前,移動 右,移動 左,,,,NOT_CHECKED,10,,NOT_STARTED,NOT_BUILT,NOT_TESTED,JPN_PRIMARY; MLG_CN_CONTEXT_AUXILIARY,mechanical template; resource_class=LOOSE_OLANG; source_objects=1
007E2F18,524,7660,7660,1,,page:tag:entity1283:key007A25E6:ref7660:ord4,移動 右,移動 左,移動 後,,,,NOT_CHECKED,10,,NOT_STARTED,NOT_BUILT,NOT_TESTED,JPN_PRIMARY; MLG_CN_CONTEXT_AUXILIARY,mechanical template; resource_class=LOOSE_OLANG; source_objects=1
007E2F18,525,7666,7666,1,,page:tag:entity1280:key00765000:ref7666:ord4,移動 左,移動 後,銃座のズーム,,,,NOT_CHECKED,10,,NOT_STARTED,NOT_BUILT,NOT_TESTED,JPN_PRIMARY; MLG_CN_CONTEXT_AUXILIARY,mechanical template; resource_class=LOOSE_OLANG; source_objects=1
007E2F18,526,7672,7672,1,,page:tag:entity1246:key0020BA8F:ref7672:ord4,移動 後,銃座のズーム,壁叩き,,,,NOT_CHECKED,18,,NOT_STARTED,NOT_BUILT,NOT_TESTED,JPN_PRIMARY; MLG_CN_CONTEXT_AUXILIARY,mechanical template; resource_class=LOOSE_OLANG; source_objects=1
007E2F18,527,7678,7678,1,,page:tag:entity1255:key002B9E79:ref7678:ord4,銃座のズーム,壁叩き,装備品ウィンドウボタン,,,,NOT_CHECKED,9,,NOT_STARTED,NOT_BUILT,NOT_TESTED,JPN_PRIMARY; MLG_CN_CONTEXT_AUXILIARY,mechanical template; resource_class=LOOSE_OLANG; source_objects=1
007E2F18,528,7684,7684,1,,page:tag:entity1272:key005FE255:ref7684:ord4,壁叩き,装備品ウィンドウボタン,キャンセル：<I=PADSTA>,,,,NOT_CHECKED,33,,NOT_STARTED,NOT_BUILT,NOT_TESTED,JPN_PRIMARY; MLG_CN_CONTEXT_AUXILIARY,mechanical template; resource_class=LOOSE_OLANG; source_objects=1
007E2F18,529,7690,7690,1,,page:tag:entity1244:key000C89F6:ref7690:ord4,装備品ウィンドウボタン,キャンセル：<I=PADSTA>,/<I=KEY_TAB>,<I=PADSTA>,,,NOT_CHECKED,28,,NOT_STARTED,NOT_BUILT,NOT_TESTED,JPN_PRIMARY; MLG_CN_CONTEXT_AUXILIARY,mechanical template; resource_class=LOOSE_OLANG; source_objects=1
007E2F18,530,7696,7696,1,,page:tag:entity1243:key000C768B:ref7696:ord4,キャンセル：<I=PADSTA>,/<I=KEY_TAB>,変更する操作を選択します。,<I=KEY_TAB>,,,NOT_CHECKED,12,,NOT_STARTED,NOT_BUILT,NOT_TESTED,JPN_PRIMARY; MLG_CN_CONTEXT_AUXILIARY,mechanical template; resource_class=LOOSE_OLANG; source_objects=1
007E2F18,531,7702,7702;7708,2,,page:tag:entity1286:key008117E8:ref7702:ord4;page:tag:entity1241:key0005ECF5:ref7708:ord4,/<I=KEY_TAB>,変更する操作を選択します。,エネミータグ,,,,NOT_CHECKED,39,,NOT_STARTED,NOT_BUILT,NOT_TESTED,JPN_PRIMARY; MLG_CN_CONTEXT_AUXILIARY,mechanical template; resource_class=LOOSE_OLANG; source_objects=2
007E2F18,532,7714,7714,1,,page:tag:entity1278:key006DBA37:ref7714:ord4,変更する操作を選択します。,エネミータグ,エネミーサーチ,,,,NOT_CHECKED,18,,NOT_STARTED,NOT_BUILT,NOT_TESTED,JPN_PRIMARY; MLG_CN_CONTEXT_AUXILIARY,mechanical template; resource_class=LOOSE_OLANG; source_objects=1
007E2F18,533,7720,7720,1,,page:tag:entity1299:key00AADCD6:ref7720:ord4,エネミータグ,エネミーサーチ,<I=KEYDEC>決定,,,,NOT_CHECKED,21,,NOT_STARTED,NOT_BUILT,NOT_TESTED,JPN_PRIMARY; MLG_CN_CONTEXT_AUXILIARY,mechanical template; resource_class=LOOSE_OLANG; source_objects=1
007E2F18,534,7726,7726,1,,page:tag:entity1275:key0068EC30:ref7726:ord4,エネミーサーチ,<I=KEYDEC>決定,<I=PADDEC>決定,<I=KEYDEC>,,,NOT_CHECKED,16,,NOT_STARTED,NOT_BUILT,NOT_TESTED,JPN_PRIMARY; MLG_CN_CONTEXT_AUXILIARY,mechanical template; resource_class=LOOSE_OLANG; source_objects=1
007E2F18,535,7732,7732,1,,page:tag:entity1287:key00833173:ref7732:ord4,<I=KEYDEC>決定,<I=PADDEC>決定,CO-OPS通信の送信 上,<I=PADDEC>,,,NOT_CHECKED,16,,NOT_STARTED,NOT_BUILT,NOT_TESTED,JPN_PRIMARY; MLG_CN_CONTEXT_AUXILIARY,mechanical template; resource_class=LOOSE_OLANG; source_objects=1
007E2F18,536,7738,7738,1,,page:tag:entity1253:key0029E8B5:ref7738:ord4,<I=PADDEC>決定,CO-OPS通信の送信 上,CO-OPS通信の送信 右,,,,NOT_CHECKED,25,,NOT_STARTED,NOT_BUILT,NOT_TESTED,JPN_PRIMARY; MLG_CN_CONTEXT_AUXILIARY,mechanical template; resource_class=LOOSE_OLANG; source_objects=1
007E2F18,537,7744,7744,1,,page:tag:entity1250:key0028BE68:ref7744:ord4,CO-OPS通信の送信 上,CO-OPS通信の送信 右,CO-OPS通信の送信 左,,,,NOT_CHECKED,25,,NOT_STARTED,NOT_BUILT,NOT_TESTED,JPN_PRIMARY; MLG_CN_CONTEXT_AUXILIARY,mechanical template; resource_class=LOOSE_OLANG; source_objects=1
007E2F18,538,7750,7750,1,,page:tag:entity1297:key009E35DB:ref7750:ord4,CO-OPS通信の送信 右,CO-OPS通信の送信 左,CO-OPS通信の送信 下,,,,NOT_CHECKED,25,,NOT_STARTED,NOT_BUILT,NOT_TESTED,JPN_PRIMARY; MLG_CN_CONTEXT_AUXILIARY,mechanical template; resource_class=LOOSE_OLANG; source_objects=1
007E2F18,539,7756,7756,1,,page:tag:entity1295:key009A5FF5:ref7756:ord4,CO-OPS通信の送信 左,CO-OPS通信の送信 下,OK,,,,NOT_CHECKED,25,,NOT_STARTED,NOT_BUILT,NOT_TESTED,JPN_PRIMARY; MLG_CN_CONTEXT_AUXILIARY,mechanical template; resource_class=LOOSE_OLANG; source_objects=1
007E2F18,540,7780,7780,1,,page:tag:entity1240:key0003B9DF:ref7780:ord4,CANCEL,しゃがみボタン,カメラ移動 上,,,,NOT_CHECKED,21,,NOT_STARTED,NOT_BUILT,NOT_TESTED,JPN_PRIMARY; MLG_CN_CONTEXT_AUXILIARY,mechanical template; resource_class=LOOSE_OLANG; source_objects=1
007E2F18,541,7786,7786,1,,page:tag:entity1291:key008CC030:ref7786:ord4,しゃがみボタン,カメラ移動 上,カメラ左右入れ替え,,,,NOT_CHECKED,19,,NOT_STARTED,NOT_BUILT,NOT_TESTED,JPN_PRIMARY; MLG_CN_CONTEXT_AUXILIARY,mechanical template; resource_class=LOOSE_OLANG; source_objects=1
007E2F18,542,7792,7792,1,,page:tag:entity1307:key00D7A289:ref7792:ord4,カメラ移動 上,カメラ左右入れ替え,カメラ移動 右,,,,NOT_CHECKED,27,,NOT_STARTED,NOT_BUILT,NOT_TESTED,JPN_PRIMARY; MLG_CN_CONTEXT_AUXILIARY,mechanical template; resource_class=LOOSE_OLANG; source_objects=1
007E2F18,543,7798,7798,1,,page:tag:entity1311:key00E66FD3:ref7798:ord4,カメラ左右入れ替え,カメラ移動 右,カメラリセット/カメラ左右入れ替え,,,,NOT_CHECKED,19,,NOT_STARTED,NOT_BUILT,NOT_TESTED,JPN_PRIMARY; MLG_CN_CONTEXT_AUXILIARY,mechanical template; resource_class=LOOSE_OLANG; source_objects=1
007E2F18,544,7804,7804,1,,page:tag:entity1289:key0085EE55:ref7804:ord4,カメラ移動 右,カメラリセット/カメラ左右入れ替え,カメラリセット,,,,NOT_CHECKED,49,,NOT_STARTED,NOT_BUILT,NOT_TESTED,JPN_PRIMARY; MLG_CN_CONTEXT_AUXILIARY,mechanical template; resource_class=LOOSE_OLANG; source_objects=1
007E2F18,545,7810,7810,1,,page:tag:entity1310:key00E49F73:ref7810:ord4,カメラリセット/カメラ左右入れ替え,カメラリセット,カメラ移動 左,,,,NOT_CHECKED,21,,NOT_STARTED,NOT_BUILT,NOT_TESTED,JPN_PRIMARY; MLG_CN_CONTEXT_AUXILIARY,mechanical template; resource_class=LOOSE_OLANG; source_objects=1
007E2F18,546,7816,7816,1,,page:tag:entity1316:key00FC2366:ref7816:ord4,カメラリセット,カメラ移動 左,カメラ移動 下,,,,NOT_CHECKED,19,,NOT_STARTED,NOT_BUILT,NOT_TESTED,JPN_PRIMARY; MLG_CN_CONTEXT_AUXILIARY,mechanical template; resource_class=LOOSE_OLANG; source_objects=1
007E2F18,547,7822,7822,1,,page:tag:entity1313:key00F84D80:ref7822:ord4,カメラ移動 左,カメラ移動 下,無線CALL,,,,NOT_CHECKED,19,,NOT_STARTED,NOT_BUILT,NOT_TESTED,JPN_PRIMARY; MLG_CN_CONTEXT_AUXILIARY,mechanical template; resource_class=LOOSE_OLANG; source_objects=1
007E2F18,548,7828,7828,1,,page:tag:entity1294:key0098416C:ref7828:ord4,カメラ移動 下,無線CALL,CO-OPS通信,,,,NOT_CHECKED,10,,NOT_STARTED,NOT_BUILT,NOT_TESTED,JPN_PRIMARY; MLG_CN_CONTEXT_AUXILIARY,mechanical template; resource_class=LOOSE_OLANG; source_objects=1
007E2F18,549,7834,7834,1,,page:tag:entity1262:key0040DDF0:ref7834:ord4,無線CALL,CO-OPS通信,素手攻撃・構え解除ボタン,,,,NOT_CHECKED,12,,NOT_STARTED,NOT_BUILT,NOT_TESTED,JPN_PRIMARY; MLG_CN_CONTEXT_AUXILIARY,mechanical template; resource_class=LOOSE_OLANG; source_objects=1
007E2F18,550,7840,7840,1,,page:tag:entity1305:key00CDAB10:ref7840:ord4,CO-OPS通信,素手攻撃・構え解除ボタン,ベースタイプ,,,,NOT_CHECKED,36,,NOT_STARTED,NOT_BUILT,NOT_TESTED,JPN_PRIMARY; MLG_CN_CONTEXT_AUXILIARY,mechanical template; resource_class=LOOSE_OLANG; source_objects=1
007E2F18,551,7846,7846,1,,page:tag:entity1285:key007E1B91:ref7846:ord4,素手攻撃・構え解除ボタン,ベースタイプ,AUTO AIM切替,,,,NOT_CHECKED,18,,NOT_STARTED,NOT_BUILT,NOT_TESTED,JPN_PRIMARY; MLG_CN_CONTEXT_AUXILIARY,mechanical template; resource_class=LOOSE_OLANG; source_objects=1
007E2F18,552,7852,7852,1,,page:tag:entity1282:key0078A2BE:ref7852:ord4,ベースタイプ,AUTO AIM切替,武器攻撃・構えボタン,,,,NOT_CHECKED,14,,NOT_STARTED,NOT_BUILT,NOT_TESTED,JPN_PRIMARY; MLG_CN_CONTEXT_AUXILIARY,mechanical template; resource_class=LOOSE_OLANG; source_objects=1
007E2F18,553,7858,7858,1,,page:tag:entity1281:key00784AA2:ref7858:ord4,AUTO AIM切替,武器攻撃・構えボタン,攻撃ボタン,,,,NOT_CHECKED,30,,NOT_STARTED,NOT_BUILT,NOT_TESTED,JPN_PRIMARY; MLG_CN_CONTEXT_AUXILIARY,mechanical template; resource_class=LOOSE_OLANG; source_objects=1
007E2F18,554,7864,7864,1,,page:tag:entity1284:key007B9154:ref7864:ord4,武器攻撃・構えボタン,攻撃ボタン,"変更内容を保存して戻ります。
よろしいですか？",,,,NOT_CHECKED,15,,NOT_STARTED,NOT_BUILT,NOT_TESTED,JPN_PRIMARY; MLG_CN_CONTEXT_AUXILIARY,mechanical template; resource_class=LOOSE_OLANG; source_objects=1
007E2F18,555,7870,7870,1,,page:tag:entity1276:key006B4973:ref7870:ord4,攻撃ボタン,"変更内容を保存して戻ります。
よろしいですか？","初期設定に戻します。
よろしいですか？",,,,NOT_CHECKED,67,,NOT_STARTED,NOT_BUILT,NOT_TESTED,JPN_PRIMARY; MLG_CN_CONTEXT_AUXILIARY,mechanical template; resource_class=LOOSE_OLANG; source_objects=1
007E2F18,556,7876,7876,1,,page:tag:entity1268:key00567EAF:ref7876:ord4,"変更内容を保存して戻ります。
よろしいですか？","初期設定に戻します。
よろしいですか？","変更内容を全て取り消して戻ります。
よろしいですか？",,,,NOT_CHECKED,55,,NOT_STARTED,NOT_BUILT,NOT_TESTED,JPN_PRIMARY; MLG_CN_CONTEXT_AUXILIARY,mechanical template; resource_class=LOOSE_OLANG; source_objects=1
007E2F18,557,7882,7882,1,,page:tag:entity1238:key000034A7:ref7882:ord4,"初期設定に戻します。
よろしいですか？","変更内容を全て取り消して戻ります。
よろしいですか？",構えボタン操作タイプ,,,,NOT_CHECKED,76,,NOT_STARTED,NOT_BUILT,NOT_TESTED,JPN_PRIMARY; MLG_CN_CONTEXT_AUXILIARY,mechanical template; resource_class=LOOSE_OLANG; source_objects=1
007E2F18,558,7888,7888,1,,page:tag:entity1315:key00FC037D:ref7888:ord4,"変更内容を全て取り消して戻ります。
よろしいですか？",構えボタン操作タイプ,構えボタン,,,,NOT_CHECKED,30,,NOT_STARTED,NOT_BUILT,NOT_TESTED,JPN_PRIMARY; MLG_CN_CONTEXT_AUXILIARY,mechanical template; resource_class=LOOSE_OLANG; source_objects=1
007E2F18,559,7894,7894,1,,page:tag:entity1239:key0001118D:ref7894:ord4,構えボタン操作タイプ,構えボタン,アクションボタン,,,,NOT_CHECKED,15,,NOT_STARTED,NOT_BUILT,NOT_TESTED,JPN_PRIMARY; MLG_CN_CONTEXT_AUXILIARY,mechanical template; resource_class=LOOSE_OLANG; source_objects=1
007E2F18,560,7900,7900,1,,page:tag:entity1277:key006BB2D6:ref7900:ord4,構えボタン,アクションボタン,HOSTへの接続に失敗しました。,,,,NOT_CHECKED,24,,NOT_STARTED,NOT_BUILT,NOT_TESTED,JPN_PRIMARY; MLG_CN_CONTEXT_AUXILIARY,mechanical template; resource_class=LOOSE_OLANG; source_objects=1
007E2F18,561,7906,7906,1,,page:tag:entity1317:key00FF8AFB:ref7906:ord4,アクションボタン,HOSTへの接続に失敗しました。,デモシーン中の字幕表示,,,,NOT_CHECKED,40,,NOT_STARTED,NOT_BUILT,NOT_TESTED,JPN_PRIMARY; MLG_CN_CONTEXT_AUXILIARY,mechanical template; resource_class=LOOSE_OLANG; source_objects=1
007E2F18,562,7912,7912,1,,page:tag:entity1323:key00A4E438:ref7912:ord4,HOSTへの接続に失敗しました。,デモシーン中の字幕表示,コントローラー操作タイプ,,,,NOT_CHECKED,33,,NOT_STARTED,NOT_BUILT,NOT_TESTED,JPN_PRIMARY; MLG_CN_CONTEXT_AUXILIARY,mechanical template; resource_class=LOOSE_OLANG; source_objects=1
007E2F18,563,7918,7918,1,,page:tag:entity1328:key00FB08D5:ref7918:ord4,デモシーン中の字幕表示,コントローラー操作タイプ,マウスホイール感度,,,,NOT_CHECKED,36,,NOT_STARTED,NOT_BUILT,NOT_TESTED,JPN_PRIMARY; MLG_CN_CONTEXT_AUXILIARY,mechanical template; resource_class=LOOSE_OLANG; source_objects=1
007E2F18,564,7924,7924,1,,page:tag:entity1318:key0025A1D5:ref7924:ord4,コントローラー操作タイプ,マウスホイール感度,構え中マウス感度,,,,NOT_CHECKED,27,,NOT_STARTED,NOT_BUILT,NOT_TESTED,JPN_PRIMARY; MLG_CN_CONTEXT_AUXILIARY,mechanical template; resource_class=LOOSE_OLANG; source_objects=1
007E2F18,565,7930,7930,1,,page:tag:entity1326:key00D8D175:ref7930:ord4,マウスホイール感度,構え中マウス感度,カメラ移動マウス感度,,,,NOT_CHECKED,24,,NOT_STARTED,NOT_BUILT,NOT_TESTED,JPN_PRIMARY; MLG_CN_CONTEXT_AUXILIARY,mechanical template; resource_class=LOOSE_OLANG; source_objects=1
007E2F18,566,7936,7936,1,,page:tag:entity1320:key007BFE8A:ref7936:ord4,構え中マウス感度,カメラ移動マウス感度,マスター音量,,,,NOT_CHECKED,30,,NOT_STARTED,NOT_BUILT,NOT_TESTED,JPN_PRIMARY; MLG_CN_CONTEXT_AUXILIARY,mechanical template; resource_class=LOOSE_OLANG; source_objects=1
007E2F18,567,7942,7942,1,,page:tag:entity1319:key003B53A8:ref7942:ord4,カメラ移動マウス感度,マスター音量,移動操作感度,,,,NOT_CHECKED,18,,NOT_STARTED,NOT_BUILT,NOT_TESTED,JPN_PRIMARY; MLG_CN_CONTEXT_AUXILIARY,mechanical template; resource_class=LOOSE_OLANG; source_objects=1
007E2F18,568,7954,7954,1,,page:tag:entity1327:key00E4FC23:ref7954:ord4,移動操作感度,キーボード&マウス操作タイプ,ウインドウサイズ,,,,NOT_CHECKED,40,,NOT_STARTED,NOT_BUILT,NOT_TESTED,JPN_PRIMARY; MLG_CN_CONTEXT_AUXILIARY,mechanical template; resource_class=LOOSE_OLANG; source_objects=1
007E2F18,569,7960,7960,1,,page:tag:entity1322:key008AE55E:ref7960:ord4,キーボード&マウス操作タイプ,ウインドウサイズ,ウインドウモード,,,,NOT_CHECKED,24,,NOT_STARTED,NOT_BUILT,NOT_TESTED,JPN_PRIMARY; MLG_CN_CONTEXT_AUXILIARY,mechanical template; resource_class=LOOSE_OLANG; source_objects=1
007E2F18,570,7966,7966,1,,page:tag:entity1321:key0087FA9E:ref7966:ord4,ウインドウサイズ,ウインドウモード,ディスプレイ選択,,,,NOT_CHECKED,24,,NOT_STARTED,NOT_BUILT,NOT_TESTED,JPN_PRIMARY; MLG_CN_CONTEXT_AUXILIARY,mechanical template; resource_class=LOOSE_OLANG; source_objects=1
007E2F18,571,7972,7972,1,,page:tag:entity1324:key00B85E9E:ref7972:ord4,ウインドウモード,ディスプレイ選択,ノーマルタイプ,,,,NOT_CHECKED,24,,NOT_STARTED,NOT_BUILT,NOT_TESTED,JPN_PRIMARY; MLG_CN_CONTEXT_AUXILIARY,mechanical template; resource_class=LOOSE_OLANG; source_objects=1
007E2F18,572,7978,7978,1,,page:tag:entity1335:key00817549:ref7978:ord4,ディスプレイ選択,ノーマルタイプ,2560x1440,,,,NOT_CHECKED,21,,NOT_STARTED,NOT_BUILT,NOT_TESTED,JPN_PRIMARY; MLG_CN_CONTEXT_AUXILIARY,mechanical template; resource_class=LOOSE_OLANG; source_objects=1
007E2F18,573,7984,7984,1,,page:tag:entity1330:key001CE3B0:ref7984:ord4,ノーマルタイプ,2560x1440,1280x720,,,,NOT_CHECKED,9,,NOT_STARTED,NOT_BUILT,NOT_TESTED,JPN_PRIMARY; MLG_CN_CONTEXT_AUXILIARY,mechanical template; resource_class=LOOSE_OLANG; source_objects=1
007E2F18,574,7990,7990,1,,page:tag:entity1337:key009B0549:ref7990:ord4,2560x1440,1280x720,1920x1080,,,,NOT_CHECKED,8,,NOT_STARTED,NOT_BUILT,NOT_TESTED,JPN_PRIMARY; MLG_CN_CONTEXT_AUXILIARY,mechanical template; resource_class=LOOSE_OLANG; source_objects=1
007E2F18,575,7996,7996,1,,page:tag:entity1333:key0060A1F7:ref7996:ord4,1280x720,1920x1080,Auto,,,,NOT_CHECKED,9,,NOT_STARTED,NOT_BUILT,NOT_TESTED,JPN_PRIMARY; MLG_CN_CONTEXT_AUXILIARY,mechanical template; resource_class=LOOSE_OLANG; source_objects=1
007E2F18,576,8002,8002,1,,page:tag:entity1329:key0011F53B:ref8002:ord4,1920x1080,Auto,3840x2160,,,,NOT_CHECKED,4,,NOT_STARTED,NOT_BUILT,NOT_TESTED,JPN_PRIMARY; MLG_CN_CONTEXT_AUXILIARY,mechanical template; resource_class=LOOSE_OLANG; source_objects=1
007E2F18,577,8008,8008,1,,page:tag:entity1336:key009B02D0:ref8008:ord4,Auto,3840x2160,ウインドウ,,,,NOT_CHECKED,9,,NOT_STARTED,NOT_BUILT,NOT_TESTED,JPN_PRIMARY; MLG_CN_CONTEXT_AUXILIARY,mechanical template; resource_class=LOOSE_OLANG; source_objects=1
007E2F18,578,8014,8014,1,,page:tag:entity1338:key00B81AE9:ref8014:ord4,3840x2160,ウインドウ,ボーダーレスウィンドウ,,,,NOT_CHECKED,15,,NOT_STARTED,NOT_BUILT,NOT_TESTED,JPN_PRIMARY; MLG_CN_CONTEXT_AUXILIARY,mechanical template; resource_class=LOOSE_OLANG; source_objects=1
007E2F18,579,8020,8020,1,,page:tag:entity1332:key002AD3C3:ref8020:ord4,ウインドウ,ボーダーレスウィンドウ,カスタムタイプ,,,,NOT_CHECKED,33,,NOT_STARTED,NOT_BUILT,NOT_TESTED,JPN_PRIMARY; MLG_CN_CONTEXT_AUXILIARY,mechanical template; resource_class=LOOSE_OLANG; source_objects=1
007E2F18,580,8026,8026,1,,page:tag:entity1331:key001E9FFA:ref8026:ord4,ボーダーレスウィンドウ,カスタムタイプ,フルスクリーン,,,,NOT_CHECKED,21,,NOT_STARTED,NOT_BUILT,NOT_TESTED,JPN_PRIMARY; MLG_CN_CONTEXT_AUXILIARY,mechanical template; resource_class=LOOSE_OLANG; source_objects=1
007E2F18,581,8032,8032,1,,page:tag:entity1334:key007190A1:ref8032:ord4,カスタムタイプ,フルスクリーン,ディスプレイ [monitor_number],,,,NOT_CHECKED,21,,NOT_STARTED,NOT_BUILT,NOT_TESTED,JPN_PRIMARY; MLG_CN_CONTEXT_AUXILIARY,mechanical template; resource_class=LOOSE_OLANG; source_objects=1
007E2F18,582,8038,8038,1,,page:tag:entity1339:key00C82C1D:ref8038:ord4,フルスクリーン,ディスプレイ [monitor_number],盗聴テープ,,,,NOT_CHECKED,35,,NOT_STARTED,NOT_BUILT,NOT_TESTED,JPN_PRIMARY; MLG_CN_CONTEXT_AUXILIARY,mechanical template; resource_class=LOOSE_OLANG; source_objects=1
007E2F18,583,8044,8044,1,,page:tag:entity1727:key00B6E308:ref8044:ord4,ディスプレイ [monitor_number],盗聴テープ,極秘ファイル,,,,NOT_CHECKED,15,,NOT_STARTED,NOT_BUILT,NOT_TESTED,JPN_PRIMARY; MLG_CN_CONTEXT_AUXILIARY,mechanical template; resource_class=LOOSE_OLANG; source_objects=1
007E2F18,584,8050,8050,1,,page:tag:entity1726:key00B6E307:ref8050:ord4,盗聴テープ,極秘ファイル,●その7,,,,NOT_CHECKED,18,,NOT_STARTED,NOT_BUILT,NOT_TESTED,JPN_PRIMARY; MLG_CN_CONTEXT_AUXILIARY,mechanical template; resource_class=LOOSE_OLANG; source_objects=1
007E2F18,585,8056,8056;8134,2,,page:tag:entity1725:key00B6E306:ref8056:ord4;page:tag:entity1712:key00B6E2CD:ref8134:ord4,極秘ファイル,●その7,●その6,,,,NOT_CHECKED,10,,NOT_STARTED,NOT_BUILT,NOT_TESTED,JPN_PRIMARY; MLG_CN_CONTEXT_AUXILIARY,mechanical template; resource_class=LOOSE_OLANG; source_objects=2
007E2F18,586,8062,8062;8140,2,,page:tag:entity1724:key00B6E2EF:ref8062:ord4;page:tag:entity1711:key00B6E2CC:ref8140:ord4,●その7,●その6,●その5,,,,NOT_CHECKED,10,,NOT_STARTED,NOT_BUILT,NOT_TESTED,JPN_PRIMARY; MLG_CN_CONTEXT_AUXILIARY,mechanical template; resource_class=LOOSE_OLANG; source_objects=2
007E2F18,587,8068,8068;8146,2,,page:tag:entity1723:key00B6E2EE:ref8068:ord4;page:tag:entity1710:key00B6E2CB:ref8146:ord4,●その6,●その5,●その4,,,,NOT_CHECKED,10,,NOT_STARTED,NOT_BUILT,NOT_TESTED,JPN_PRIMARY; MLG_CN_CONTEXT_AUXILIARY,mechanical template; resource_class=LOOSE_OLANG; source_objects=2
007E2F18,588,8074,8074;8152,2,,page:tag:entity1722:key00B6E2ED:ref8074:ord4;page:tag:entity1709:key00B6E2CA:ref8152:ord4,●その5,●その4,●その3,,,,NOT_CHECKED,10,,NOT_STARTED,NOT_BUILT,NOT_TESTED,JPN_PRIMARY; MLG_CN_CONTEXT_AUXILIARY,mechanical template; resource_class=LOOSE_OLANG; source_objects=2
007E2F18,589,8080,8080;8158,2,,page:tag:entity1721:key00B6E2EC:ref8080:ord4;page:tag:entity1708:key00B6E2C9:ref8158:ord4,●その4,●その3,●その2,,,,NOT_CHECKED,10,,NOT_STARTED,NOT_BUILT,NOT_TESTED,JPN_PRIMARY; MLG_CN_CONTEXT_AUXILIARY,mechanical template; resource_class=LOOSE_OLANG; source_objects=2
007E2F18,590,8086,8086;8164,2,,page:tag:entity1720:key00B6E2EB:ref8086:ord4;page:tag:entity1707:key00B6E2C8:ref8164:ord4,●その3,●その2,●その1,,,,NOT_CHECKED,10,,NOT_STARTED,NOT_BUILT,NOT_TESTED,JPN_PRIMARY; MLG_CN_CONTEXT_AUXILIARY,mechanical template; resource_class=LOOSE_OLANG; source_objects=2
007E2F18,591,8092,8092;8170,2,,page:tag:entity1719:key00B6E2EA:ref8092:ord4;page:tag:entity1706:key00B6E2C7:ref8170:ord4,●その2,●その1,EVAからのメッセージ,,,,NOT_CHECKED,10,,NOT_STARTED,NOT_BUILT,NOT_TESTED,JPN_PRIMARY; MLG_CN_CONTEXT_AUXILIARY,mechanical template; resource_class=LOOSE_OLANG; source_objects=2
007E2F18,592,8098,8098,1,,page:tag:entity1718:key00B6E2E9:ref8098:ord4,●その1,EVAからのメッセージ,●EVAによるデブリーフィング,,,,NOT_CHECKED,27,,NOT_STARTED,NOT_BUILT,NOT_TESTED,JPN_PRIMARY; MLG_CN_CONTEXT_AUXILIARY,mechanical template; resource_class=LOOSE_OLANG; source_objects=1
007E2F18,593,8104,8104,1,,page:tag:entity1717:key00B6E2E8:ref8104:ord4,EVAからのメッセージ,●EVAによるデブリーフィング,ザ・ボスの最後の任務,,,,NOT_CHECKED,39,,NOT_STARTED,NOT_BUILT,NOT_TESTED,JPN_PRIMARY; MLG_CN_CONTEXT_AUXILIARY,mechanical template; resource_class=LOOSE_OLANG; source_objects=1
007E2F18,594,8110,8110,1,,page:tag:entity1716:key00B6E2E7:ref8110:ord4,●EVAによるデブリーフィング,ザ・ボスの最後の任務,●その10,,,,NOT_CHECKED,30,,NOT_STARTED,NOT_BUILT,NOT_TESTED,JPN_PRIMARY; MLG_CN_CONTEXT_AUXILIARY,mechanical template; resource_class=LOOSE_OLANG; source_objects=1
007E2F18,595,8116,8116,1,,page:tag:entity1715:key00B6E2E6:ref8116:ord4,ザ・ボスの最後の任務,●その10,●その9,,,,NOT_CHECKED,11,,NOT_STARTED,NOT_BUILT,NOT_TESTED,JPN_PRIMARY; MLG_CN_CONTEXT_AUXILIARY,mechanical template; resource_class=LOOSE_OLANG; source_objects=1
007E2F18,596,8122,8122,1,,page:tag:entity1714:key00B6E2CF:ref8122:ord4,●その10,●その9,●その8,,,,NOT_CHECKED,10,,NOT_STARTED,NOT_BUILT,NOT_TESTED,JPN_PRIMARY; MLG_CN_CONTEXT_AUXILIARY,mechanical template; resource_class=LOOSE_OLANG; source_objects=1
007E2F18,597,8128,8128,1,,page:tag:entity1713:key00B6E2CE:ref8128:ord4,●その9,●その8,●その7,,,,NOT_CHECKED,10,,NOT_STARTED,NOT_BUILT,NOT_TESTED,JPN_PRIMARY; MLG_CN_CONTEXT_AUXILIARY,mechanical template; resource_class=LOOSE_OLANG; source_objects=1
007E2F18,598,8176,8176,1,,page:tag:entity1705:key00B6E2C6:ref8176:ord4,●その1,パスの日記,BIGBOSS演説,,,,NOT_CHECKED,15,,NOT_STARTED,NOT_BUILT,NOT_TESTED,JPN_PRIMARY; MLG_CN_CONTEXT_AUXILIARY,mechanical template; resource_class=LOOSE_OLANG; source_objects=1
007E2F18,599,8182,8182,1,,page:tag:entity1704:key00B6DFEF:ref8182:ord4,パスの日記,BIGBOSS演説,●別離,,,,NOT_CHECKED,13,,NOT_STARTED,NOT_BUILT,NOT_TESTED,JPN_PRIMARY; MLG_CN_CONTEXT_AUXILIARY,mechanical template; resource_class=LOOSE_OLANG; source_objects=1
007E2F18,600,8188,8188,1,,page:tag:entity1703:key00B6DFEE:ref8188:ord4,BIGBOSS演説,●別離,●歓喜,,,,NOT_CHECKED,9,,NOT_STARTED,NOT_BUILT,NOT_TESTED,JPN_PRIMARY; MLG_CN_CONTEXT_AUXILIARY,mechanical template; resource_class=LOOSE_OLANG; source_objects=1
007E2F18,601,8194,8194,1,,page:tag:entity1702:key00B6DFED:ref8194:ord4,●別離,●歓喜,●邂逅,,,,NOT_CHECKED,9,,NOT_STARTED,NOT_BUILT,NOT_TESTED,JPN_PRIMARY; MLG_CN_CONTEXT_AUXILIARY,mechanical template; resource_class=LOOSE_OLANG; source_objects=1
007E2F18,602,8200,8200,1,,page:tag:entity1701:key00B6DFEC:ref8200:ord4,●歓喜,●邂逅,ストレンジラブの回想,,,,NOT_CHECKED,9,,NOT_STARTED,NOT_BUILT,NOT_TESTED,JPN_PRIMARY; MLG_CN_CONTEXT_AUXILIARY,mechanical template; resource_class=LOOSE_OLANG; source_objects=1
007E2F18,603,8206,8206,1,,page:tag:entity1700:key00B6DFEB:ref8206:ord4,●邂逅,ストレンジラブの回想,●スネークイーター作戦再現実験,,,,NOT_CHECKED,30,,NOT_STARTED,NOT_BUILT,NOT_TESTED,JPN_PRIMARY; MLG_CN_CONTEXT_AUXILIARY,mechanical template; resource_class=LOOSE_OLANG; source_objects=1
007E2F18,604,8212,8212,1,,page:tag:entity1699:key00B6DFEA:ref8212:ord4,ストレンジラブの回想,●スネークイーター作戦再現実験,ストレンジラブの実験記録,,,,NOT_CHECKED,45,,NOT_STARTED,NOT_BUILT,NOT_TESTED,JPN_PRIMARY; MLG_CN_CONTEXT_AUXILIARY,mechanical template; resource_class=LOOSE_OLANG; source_objects=1
007E2F18,605,8218,8218,1,,page:tag:entity1698:key00B6DFE9:ref8218:ord4,●スネークイーター作戦再現実験,ストレンジラブの実験記録,●二人の女性の会話,,,,NOT_CHECKED,36,,NOT_STARTED,NOT_BUILT,NOT_TESTED,JPN_PRIMARY; MLG_CN_CONTEXT_AUXILIARY,mechanical template; resource_class=LOOSE_OLANG; source_objects=1
007E2F18,606,8224,8224,1,,page:tag:entity1697:key00B6DFE8:ref8224:ord4,ストレンジラブの実験記録,●二人の女性の会話,パスの入手したテープ,,,,NOT_CHECKED,27,,NOT_STARTED,NOT_BUILT,NOT_TESTED,JPN_PRIMARY; MLG_CN_CONTEXT_AUXILIARY,mechanical template; resource_class=LOOSE_OLANG; source_objects=1
007E2F18,607,8230,8230,1,,page:tag:entity1696:key00B6DFE7:ref8230:ord4,●二人の女性の会話,パスの入手したテープ,●コクーン,,,,NOT_CHECKED,30,,NOT_STARTED,NOT_BUILT,NOT_TESTED,JPN_PRIMARY; MLG_CN_CONTEXT_AUXILIARY,mechanical template; resource_class=LOOSE_OLANG; source_objects=1
007E2F18,608,8236,8236,1,,page:tag:entity1695:key00B6DFE6:ref8236:ord4,パスの入手したテープ,●コクーン,●クリサリス,,,,NOT_CHECKED,15,,NOT_STARTED,NOT_BUILT,NOT_TESTED,JPN_PRIMARY; MLG_CN_CONTEXT_AUXILIARY,mechanical template; resource_class=LOOSE_OLANG; source_objects=1
007E2F18,609,8242,8242,1,,page:tag:entity1694:key00B6DFCF:ref8242:ord4,●コクーン,●クリサリス,●ピューパ,,,,NOT_CHECKED,18,,NOT_STARTED,NOT_BUILT,NOT_TESTED,JPN_PRIMARY; MLG_CN_CONTEXT_AUXILIARY,mechanical template; resource_class=LOOSE_OLANG; source_objects=1
007E2F18,610,8248,8248,1,,page:tag:entity1693:key00B6DFCE:ref8248:ord4,●クリサリス,●ピューパ,AI兵器の弱点,,,,NOT_CHECKED,15,,NOT_STARTED,NOT_BUILT,NOT_TESTED,JPN_PRIMARY; MLG_CN_CONTEXT_AUXILIARY,mechanical template; resource_class=LOOSE_OLANG; source_objects=1
007E2F18,611,8254,8254,1,,page:tag:entity1692:key00B6DFCD:ref8254:ord4,●ピューパ,AI兵器の弱点,●『2001年宇宙の旅』,,,,NOT_CHECKED,17,,NOT_STARTED,NOT_BUILT,NOT_TESTED,JPN_PRIMARY; MLG_CN_CONTEXT_AUXILIARY,mechanical template; resource_class=LOOSE_OLANG; source_objects=1
007E2F18,612,8260,8260;8776,2,,page:tag:entity1691:key00B6DFCC:ref8260:ord4;page:tag:entity1605:key00B6DEC6:ref8776:ord4,AI兵器の弱点,●『2001年宇宙の旅』,・ストレンジラブへの手紙,,,,NOT_CHECKED,28,,NOT_STARTED,NOT_BUILT,NOT_TESTED,JPN_PRIMARY; MLG_CN_CONTEXT_AUXILIARY,mechanical template; resource_class=LOOSE_OLANG; source_objects=2
007E2F18,613,8266,8266,1,,page:tag:entity1690:key00B6DFCB:ref8266:ord4,●『2001年宇宙の旅』,・ストレンジラブへの手紙,●ストレンジラブとの出逢い,,,,NOT_CHECKED,36,,NOT_STARTED,NOT_BUILT,NOT_TESTED,JPN_PRIMARY; MLG_CN_CONTEXT_AUXILIARY,mechanical template; resource_class=LOOSE_OLANG; source_objects=1
007E2F18,614,8272,8272,1,,page:tag:entity1689:key00B6DFCA:ref8272:ord4,・ストレンジラブへの手紙,●ストレンジラブとの出逢い,ストレンジラブ博士,,,,NOT_CHECKED,39,,NOT_STARTED,NOT_BUILT,NOT_TESTED,JPN_PRIMARY; MLG_CN_CONTEXT_AUXILIARY,mechanical template; resource_class=LOOSE_OLANG; source_objects=1
007E2F18,615,8278,8278,1,,page:tag:entity1688:key00B6DFC9:ref8278:ord4,●ストレンジラブとの出逢い,ストレンジラブ博士,●マザーベースでの役割,,,,NOT_CHECKED,27,,NOT_STARTED,NOT_BUILT,NOT_TESTED,JPN_PRIMARY; MLG_CN_CONTEXT_AUXILIARY,mechanical template; resource_class=LOOSE_OLANG; source_objects=1
007E2F18,616,8284,8284;8638;8722;9298;9664;10282,6,,page:tag:entity1687:key00B6DFC8:ref8284:ord4;page:tag:entity1628:key00B6DF09:ref8638:ord4;page:tag:entity1614:key00B6DECF:ref8722:ord4;page:tag:entity1518:key00B6DAE9:ref9298:ord4;page:tag:entity1457:key00B6D768:ref9664:ord4;page:tag:entity1354:key00B6D34F:ref10282:ord4,ストレンジラブ博士,●マザーベースでの役割,●遺伝的影響,,,,NOT_CHECKED,33,,NOT_STARTED,NOT_BUILT,NOT_TESTED,JPN_PRIMARY; MLG_CN_CONTEXT_AUXILIARY,mechanical template; resource_class=LOOSE_OLANG; source_objects=6
007E2F18,617,8290,8290,1,,page:tag:entity1686:key00B6DFC7:ref8290:ord4,●マザーベースでの役割,●遺伝的影響,●電子タバコ,,,,NOT_CHECKED,18,,NOT_STARTED,NOT_BUILT,NOT_TESTED,JPN_PRIMARY; MLG_CN_CONTEXT_AUXILIARY,mechanical template; resource_class=LOOSE_OLANG; source_objects=1
007E2F18,618,8296,8296,1,,page:tag:entity1685:key00B6DFC6:ref8296:ord4,●遺伝的影響,●電子タバコ,自分について,,,,NOT_CHECKED,18,,NOT_STARTED,NOT_BUILT,NOT_TESTED,JPN_PRIMARY; MLG_CN_CONTEXT_AUXILIARY,mechanical template; resource_class=LOOSE_OLANG; source_objects=1
007E2F18,619,8302,8302;8650;8740;9100;9328;9688;10288,7,,page:tag:entity1684:key00B6DFAF:ref8302:ord4;page:tag:entity1626:key00B6DF07:ref8650:ord4;page:tag:entity1611:key00B6DECC:ref8740:ord4;page:tag:entity1551:key00B6DB4C:ref9100:ord4;page:tag:entity1513:key00B6DACE:ref9328:ord4;page:tag:entity1453:key00B6D74E:ref9688:ord4;page:tag:entity1353:key00B6D34E:ref10288:ord4,●電子タバコ,自分について,・今回の反省点,,,,NOT_CHECKED,18,,NOT_STARTED,NOT_BUILT,NOT_TESTED,JPN_PRIMARY; MLG_CN_CONTEXT_AUXILIARY,mechanical template; resource_class=LOOSE_OLANG; source_objects=7
007E2F18,620,8308,8308,1,,page:tag:entity1683:key00B6DFAE:ref8308:ord4,自分について,・今回の反省点,●NORADへの情報伝達,,,,NOT_CHECKED,21,,NOT_STARTED,NOT_BUILT,NOT_TESTED,JPN_PRIMARY; MLG_CN_CONTEXT_AUXILIARY,mechanical template; resource_class=LOOSE_OLANG; source_objects=1
007E2F18,621,8314,8314,1,,page:tag:entity1682:key00B6DFAD:ref8314:ord4,・今回の反省点,●NORADへの情報伝達,・ママルポッド,,,,NOT_CHECKED,26,,NOT_STARTED,NOT_BUILT,NOT_TESTED,JPN_PRIMARY; MLG_CN_CONTEXT_AUXILIARY,mechanical template; resource_class=LOOSE_OLANG; source_objects=1
007E2F18,622,8320,8320,1,,page:tag:entity1681:key00B6DFAC:ref8320:ord4,●NORADへの情報伝達,・ママルポッド,・レプタイルポッド,,,,NOT_CHECKED,21,,NOT_STARTED,NOT_BUILT,NOT_TESTED,JPN_PRIMARY; MLG_CN_CONTEXT_AUXILIARY,mechanical template; resource_class=LOOSE_OLANG; source_objects=1
007E2F18,623,8326,8326,1,,page:tag:entity1680:key00B6DFAB:ref8326:ord4,・ママルポッド,・レプタイルポッド,●二つのAIポッド,,,,NOT_CHECKED,27,,NOT_STARTED,NOT_BUILT,NOT_TESTED,JPN_PRIMARY; MLG_CN_CONTEXT_AUXILIARY,mechanical template; resource_class=LOOSE_OLANG; source_objects=1
007E2F18,624,8332,8332,1,,page:tag:entity1679:key00B6DFAA:ref8332:ord4,・レプタイルポッド,●二つのAIポッド,●バシリスク,,,,NOT_CHECKED,23,,NOT_STARTED,NOT_BUILT,NOT_TESTED,JPN_PRIMARY; MLG_CN_CONTEXT_AUXILIARY,mechanical template; resource_class=LOOSE_OLANG; source_objects=1
007E2F18,625,8338,8338,1,,page:tag:entity1678:key00B6DFA9:ref8338:ord4,●二つのAIポッド,●バシリスク,●シャゴホッド,,,,NOT_CHECKED,18,,NOT_STARTED,NOT_BUILT,NOT_TESTED,JPN_PRIMARY; MLG_CN_CONTEXT_AUXILIARY,mechanical template; resource_class=LOOSE_OLANG; source_objects=1
007E2F18,626,8344,8344,1,,page:tag:entity1677:key00B6DFA8:ref8344:ord4,●バシリスク,●シャゴホッド,●「メタルギア」,,,,NOT_CHECKED,21,,NOT_STARTED,NOT_BUILT,NOT_TESTED,JPN_PRIMARY; MLG_CN_CONTEXT_AUXILIARY,mechanical template; resource_class=LOOSE_OLANG; source_objects=1
007E2F18,627,8350,8350,1,,page:tag:entity1676:key00B6DFA7:ref8350:ord4,●シャゴホッド,●「メタルギア」,・グラーニン,,,,NOT_CHECKED,24,,NOT_STARTED,NOT_BUILT,NOT_TESTED,JPN_PRIMARY; MLG_CN_CONTEXT_AUXILIARY,mechanical template; resource_class=LOOSE_OLANG; source_objects=1
007E2F18,628,8356,8356,1,,page:tag:entity1675:key00B6DFA6:ref8356:ord4,●「メタルギア」,・グラーニン,●ソ連の二足歩行研究,,,,NOT_CHECKED,18,,NOT_STARTED,NOT_BUILT,NOT_TESTED,JPN_PRIMARY; MLG_CN_CONTEXT_AUXILIARY,mechanical template; resource_class=LOOSE_OLANG; source_objects=1
007E2F18,629,8362,8362,1,,page:tag:entity1674:key00B6DF8F:ref8362:ord4,・グラーニン,●ソ連の二足歩行研究,・本物の核を撃つ理由,,,,NOT_CHECKED,30,,NOT_STARTED,NOT_BUILT,NOT_TESTED,JPN_PRIMARY; MLG_CN_CONTEXT_AUXILIARY,mechanical template; resource_class=LOOSE_OLANG; source_objects=1
007E2F18,630,8368,8368,1,,page:tag:entity1673:key00B6DF8E:ref8368:ord4,●ソ連の二足歩行研究,・本物の核を撃つ理由,●偽りの「平和歩行計画」,,,,NOT_CHECKED,30,,NOT_STARTED,NOT_BUILT,NOT_TESTED,JPN_PRIMARY; MLG_CN_CONTEXT_AUXILIARY,mechanical template; resource_class=LOOSE_OLANG; source_objects=1
007E2F18,631,8374,8374,1,,page:tag:entity1672:key00B6DF8D:ref8374:ord4,・本物の核を撃つ理由,●偽りの「平和歩行計画」,●二足歩行の必要性,,,,NOT_CHECKED,36,,NOT_STARTED,NOT_BUILT,NOT_TESTED,JPN_PRIMARY; MLG_CN_CONTEXT_AUXILIARY,mechanical template; resource_class=LOOSE_OLANG; source_objects=1
007E2F18,632,8380,8380,1,,page:tag:entity1671:key00B6DF8C:ref8380:ord4,●偽りの「平和歩行計画」,●二足歩行の必要性,・調整後のピースウォーカー,,,,NOT_CHECKED,27,,NOT_STARTED,NOT_BUILT,NOT_TESTED,JPN_PRIMARY; MLG_CN_CONTEXT_AUXILIARY,mechanical template; resource_class=LOOSE_OLANG; source_objects=1
007E2F18,633,8386,8386,1,,page:tag:entity1670:key00B6DF8B:ref8386:ord4,●二足歩行の必要性,・調整後のピースウォーカー,●ピースウォーカーと戦うなら,,,,NOT_CHECKED,39,,NOT_STARTED,NOT_BUILT,NOT_TESTED,JPN_PRIMARY; MLG_CN_CONTEXT_AUXILIARY,mechanical template; resource_class=LOOSE_OLANG; source_objects=1
007E2F18,634,8392,8392,1,,page:tag:entity1669:key00B6DF8A:ref8392:ord4,・調整後のピースウォーカー,●ピースウォーカーと戦うなら,●ピースウォーカーの人工知能,,,,NOT_CHECKED,42,,NOT_STARTED,NOT_BUILT,NOT_TESTED,JPN_PRIMARY; MLG_CN_CONTEXT_AUXILIARY,mechanical template; resource_class=LOOSE_OLANG; source_objects=1
007E2F18,635,8398,8398,1,,page:tag:entity1668:key00B6DF89:ref8398:ord4,●ピースウォーカーと戦うなら,●ピースウォーカーの人工知能,・ツァーリ・ボンバ,,,,NOT_CHECKED,42,,NOT_STARTED,NOT_BUILT,NOT_TESTED,JPN_PRIMARY; MLG_CN_CONTEXT_AUXILIARY,mechanical template; resource_class=LOOSE_OLANG; source_objects=1
007E2F18,636,8404,8404,1,,page:tag:entity1667:key00B6DF88:ref8404:ord4,●ピースウォーカーの人工知能,・ツァーリ・ボンバ,・自爆機能,,,,NOT_CHECKED,27,,NOT_STARTED,NOT_BUILT,NOT_TESTED,JPN_PRIMARY; MLG_CN_CONTEXT_AUXILIARY,mechanical template; resource_class=LOOSE_OLANG; source_objects=1
007E2F18,637,8410,8410,1,,page:tag:entity1666:key00B6DF87:ref8410:ord4,・ツァーリ・ボンバ,・自爆機能,●移動型核兵器,,,,NOT_CHECKED,15,,NOT_STARTED,NOT_BUILT,NOT_TESTED,JPN_PRIMARY; MLG_CN_CONTEXT_AUXILIARY,mechanical template; resource_class=LOOSE_OLANG; source_objects=1
007E2F18,638,8416,8416,1,,page:tag:entity1665:key00B6DF86:ref8416:ord4,・自爆機能,●移動型核兵器,●ピースウォーカー計画,,,,NOT_CHECKED,21,,NOT_STARTED,NOT_BUILT,NOT_TESTED,JPN_PRIMARY; MLG_CN_CONTEXT_AUXILIARY,mechanical template; resource_class=LOOSE_OLANG; source_objects=1
007E2F18,639,8422,8422,1,,page:tag:entity1664:key00B6DF6F:ref8422:ord4,●移動型核兵器,●ピースウォーカー計画,ピースウォーカー,,,,NOT_CHECKED,33,,NOT_STARTED,NOT_BUILT,NOT_TESTED,JPN_PRIMARY; MLG_CN_CONTEXT_AUXILIARY,mechanical template; resource_class=LOOSE_OLANG; source_objects=1
007E2F18,640,8428,8428,1,,page:tag:entity1663:key00B6DF6E:ref8428:ord4,●ピースウォーカー計画,ピースウォーカー,●メタルギアへの核搭載,,,,NOT_CHECKED,24,,NOT_STARTED,NOT_BUILT,NOT_TESTED,JPN_PRIMARY; MLG_CN_CONTEXT_AUXILIARY,mechanical template; resource_class=LOOSE_OLANG; source_objects=1
007E2F18,641,8434,8434,1,,page:tag:entity1662:key00B6DF6D:ref8434:ord4,ピースウォーカー,●メタルギアへの核搭載,●核ミサイルによる被害,,,,NOT_CHECKED,33,,NOT_STARTED,NOT_BUILT,NOT_TESTED,JPN_PRIMARY; MLG_CN_CONTEXT_AUXILIARY,mechanical template; resource_class=LOOSE_OLANG; source_objects=1
007E2F18,642,8440,8440,1,,page:tag:entity1661:key00B6DF6C:ref8440:ord4,●メタルギアへの核搭載,●核ミサイルによる被害,・核テロリズム,,,,NOT_CHECKED,33,,NOT_STARTED,NOT_BUILT,NOT_TESTED,JPN_PRIMARY; MLG_CN_CONTEXT_AUXILIARY,mechanical template; resource_class=LOOSE_OLANG; source_objects=1
007E2F18,643,8446,8446,1,,page:tag:entity1660:key00B6DF6B:ref8446:ord4,●核ミサイルによる被害,・核テロリズム,●核抑止理論,,,,NOT_CHECKED,21,,NOT_STARTED,NOT_BUILT,NOT_TESTED,JPN_PRIMARY; MLG_CN_CONTEXT_AUXILIARY,mechanical template; resource_class=LOOSE_OLANG; source_objects=1
007E2F18,644,8452,8452,1,,page:tag:entity1659:key00B6DF6A:ref8452:ord4,・核テロリズム,●核抑止理論,核抑止,,,,NOT_CHECKED,18,,NOT_STARTED,NOT_BUILT,NOT_TESTED,JPN_PRIMARY; MLG_CN_CONTEXT_AUXILIARY,mechanical template; resource_class=LOOSE_OLANG; source_objects=1
007E2F18,645,8458,8458,1,,page:tag:entity1658:key00B6DF69:ref8458:ord4,●核抑止理論,核抑止,●冷戦と平和,,,,NOT_CHECKED,9,,NOT_STARTED,NOT_BUILT,NOT_TESTED,JPN_PRIMARY; MLG_CN_CONTEXT_AUXILIARY,mechanical template; resource_class=LOOSE_OLANG; source_objects=1
007E2F18,646,8464,8464,1,,page:tag:entity1657:key00B6DF68:ref8464:ord4,核抑止,●冷戦と平和,●宇宙競争と冷戦核競争,,,,NOT_CHECKED,18,,NOT_STARTED,NOT_BUILT,NOT_TESTED,JPN_PRIMARY; MLG_CN_CONTEXT_AUXILIARY,mechanical template; resource_class=LOOSE_OLANG; source_objects=1
007E2F18,647,8470,8470,1,,page:tag:entity1656:key00B6DF67:ref8470:ord4,●冷戦と平和,●宇宙競争と冷戦核競争,●キューバ危機,,,,NOT_CHECKED,33,,NOT_STARTED,NOT_BUILT,NOT_TESTED,JPN_PRIMARY; MLG_CN_CONTEXT_AUXILIARY,mechanical template; resource_class=LOOSE_OLANG; source_objects=1
007E2F18,648,8476,8476,1,,page:tag:entity1655:key00B6DF66:ref8476:ord4,●宇宙競争と冷戦核競争,●キューバ危機,・広島・長崎,,,,NOT_CHECKED,21,,NOT_STARTED,NOT_BUILT,NOT_TESTED,JPN_PRIMARY; MLG_CN_CONTEXT_AUXILIARY,mechanical template; resource_class=LOOSE_OLANG; source_objects=1
007E2F18,649,8482,8482,1,,page:tag:entity1654:key00B6DF4F:ref8482:ord4,●キューバ危機,・広島・長崎,●マンハッタン計画,,,,NOT_CHECKED,18,,NOT_STARTED,NOT_BUILT,NOT_TESTED,JPN_PRIMARY; MLG_CN_CONTEXT_AUXILIARY,mechanical template; resource_class=LOOSE_OLANG; source_objects=1
007E2F18,650,8488,8488,1,,page:tag:entity1653:key00B6DF4E:ref8488:ord4,・広島・長崎,●マンハッタン計画,冷戦と核開発競争,,,,NOT_CHECKED,27,,NOT_STARTED,NOT_BUILT,NOT_TESTED,JPN_PRIMARY; MLG_CN_CONTEXT_AUXILIARY,mechanical template; resource_class=LOOSE_OLANG; source_objects=1
007E2F18,651,8494,8494,1,,page:tag:entity1652:key00B6DF4D:ref8494:ord4,●マンハッタン計画,冷戦と核開発競争,●核実験,,,,NOT_CHECKED,24,,NOT_STARTED,NOT_BUILT,NOT_TESTED,JPN_PRIMARY; MLG_CN_CONTEXT_AUXILIARY,mechanical template; resource_class=LOOSE_OLANG; source_objects=1
007E2F18,652,8500,8500,1,,page:tag:entity1651:key00B6DF4C:ref8500:ord4,冷戦と核開発競争,●核実験,●五月革命,,,,NOT_CHECKED,12,,NOT_STARTED,NOT_BUILT,NOT_TESTED,JPN_PRIMARY; MLG_CN_CONTEXT_AUXILIARY,mechanical template; resource_class=LOOSE_OLANG; source_objects=1
007E2F18,653,8506,8506,1,,page:tag:entity1650:key00B6DF4B:ref8506:ord4,●核実験,●五月革命,●ワイン,,,,NOT_CHECKED,15,,NOT_STARTED,NOT_BUILT,NOT_TESTED,JPN_PRIMARY; MLG_CN_CONTEXT_AUXILIARY,mechanical template; resource_class=LOOSE_OLANG; source_objects=1
007E2F18,654,8512,8512,1,,page:tag:entity1649:key00B6DF4A:ref8512:ord4,●五月革命,●ワイン,●マカロン,,,,NOT_CHECKED,12,,NOT_STARTED,NOT_BUILT,NOT_TESTED,JPN_PRIMARY; MLG_CN_CONTEXT_AUXILIARY,mechanical template; resource_class=LOOSE_OLANG; source_objects=1
007E2F18,655,8518,8518,1,,page:tag:entity1648:key00B6DF49:ref8518:ord4,●ワイン,●マカロン,●ピカソ,,,,NOT_CHECKED,15,,NOT_STARTED,NOT_BUILT,NOT_TESTED,JPN_PRIMARY; MLG_CN_CONTEXT_AUXILIARY,mechanical template; resource_class=LOOSE_OLANG; source_objects=1
007E2F18,656,8524,8524,1,,page:tag:entity1647:key00B6DF48:ref8524:ord4,●マカロン,●ピカソ,●サルトル,,,,NOT_CHECKED,12,,NOT_STARTED,NOT_BUILT,NOT_TESTED,JPN_PRIMARY; MLG_CN_CONTEXT_AUXILIARY,mechanical template; resource_class=LOOSE_OLANG; source_objects=1
007E2F18,657,8530,8530,1,,page:tag:entity1646:key00B6DF47:ref8530:ord4,●ピカソ,●サルトル,●ジャッカルの日,,,,NOT_CHECKED,15,,NOT_STARTED,NOT_BUILT,NOT_TESTED,JPN_PRIMARY; MLG_CN_CONTEXT_AUXILIARY,mechanical template; resource_class=LOOSE_OLANG; source_objects=1
007E2F18,658,8536,8536,1,,page:tag:entity1645:key00B6DF46:ref8536:ord4,●サルトル,●ジャッカルの日,●シェルブールの雨傘,,,,NOT_CHECKED,24,,NOT_STARTED,NOT_BUILT,NOT_TESTED,JPN_PRIMARY; MLG_CN_CONTEXT_AUXILIARY,mechanical template; resource_class=LOOSE_OLANG; source_objects=1
007E2F18,659,8542,8542,1,,page:tag:entity1644:key00B6DF2F:ref8542:ord4,●ジャッカルの日,●シェルブールの雨傘,●ヌーベルバーグ,,,,NOT_CHECKED,30,,NOT_STARTED,NOT_BUILT,NOT_TESTED,JPN_PRIMARY; MLG_CN_CONTEXT_AUXILIARY,mechanical template; resource_class=LOOSE_OLANG; source_objects=1
007E2F18,660,8548,8548,1,,page:tag:entity1643:key00B6DF2E:ref8548:ord4,●シェルブールの雨傘,●ヌーベルバーグ,●国歌,,,,NOT_CHECKED,24,,NOT_STARTED,NOT_BUILT,NOT_TESTED,JPN_PRIMARY; MLG_CN_CONTEXT_AUXILIARY,mechanical template; resource_class=LOOSE_OLANG; source_objects=1
007E2F18,661,8554,8554,1,,page:tag:entity1642:key00B6DF2D:ref8554:ord4,●ヌーベルバーグ,●国歌,●外人部隊,,,,NOT_CHECKED,9,,NOT_STARTED,NOT_BUILT,NOT_TESTED,JPN_PRIMARY; MLG_CN_CONTEXT_AUXILIARY,mechanical template; resource_class=LOOSE_OLANG; source_objects=1
007E2F18,662,8560,8560,1,,page:tag:entity1641:key00B6DF2C:ref8560:ord4,●国歌,●外人部隊,●パリ,,,,NOT_CHECKED,15,,NOT_STARTED,NOT_BUILT,NOT_TESTED,JPN_PRIMARY; MLG_CN_CONTEXT_AUXILIARY,mechanical template; resource_class=LOOSE_OLANG; source_objects=1
007E2F18,663,8566,8566,1,,page:tag:entity1640:key00B6DF2B:ref8566:ord4,●外人部隊,●パリ,フランス,,,,NOT_CHECKED,9,,NOT_STARTED,NOT_BUILT,NOT_TESTED,JPN_PRIMARY; MLG_CN_CONTEXT_AUXILIARY,mechanical template; resource_class=LOOSE_OLANG; source_objects=1
007E2F18,664,8572,8572,1,,page:tag:entity1639:key00B6DF2A:ref8572:ord4,●パリ,フランス,●コンゴウインコ,,,,NOT_CHECKED,12,,NOT_STARTED,NOT_BUILT,NOT_TESTED,JPN_PRIMARY; MLG_CN_CONTEXT_AUXILIARY,mechanical template; resource_class=LOOSE_OLANG; source_objects=1
007E2F18,665,8578,8578,1,,page:tag:entity1638:key00B6DF29:ref8578:ord4,フランス,●コンゴウインコ,●バフムジツグミ,,,,NOT_CHECKED,24,,NOT_STARTED,NOT_BUILT,NOT_TESTED,JPN_PRIMARY; MLG_CN_CONTEXT_AUXILIARY,mechanical template; resource_class=LOOSE_OLANG; source_objects=1
007E2F18,666,8584,8584,1,,page:tag:entity1637:key00B6DF28:ref8584:ord4,●コンゴウインコ,●バフムジツグミ,●ヒゲドリ,,,,NOT_CHECKED,24,,NOT_STARTED,NOT_BUILT,NOT_TESTED,JPN_PRIMARY; MLG_CN_CONTEXT_AUXILIARY,mechanical template; resource_class=LOOSE_OLANG; source_objects=1
007E2F18,667,8590,8590,1,,page:tag:entity1636:key00B6DF27:ref8590:ord4,●バフムジツグミ,●ヒゲドリ,●マイコドリ,,,,NOT_CHECKED,15,,NOT_STARTED,NOT_BUILT,NOT_TESTED,JPN_PRIMARY; MLG_CN_CONTEXT_AUXILIARY,mechanical template; resource_class=LOOSE_OLANG; source_objects=1
007E2F18,668,8596,8596,1,,page:tag:entity1635:key00B6DF26:ref8596:ord4,●ヒゲドリ,●マイコドリ,●ハチドリ,,,,NOT_CHECKED,18,,NOT_STARTED,NOT_BUILT,NOT_TESTED,JPN_PRIMARY; MLG_CN_CONTEXT_AUXILIARY,mechanical template; resource_class=LOOSE_OLANG; source_objects=1
007E2F18,669,8602,8602,1,,page:tag:entity1634:key00B6DF0F:ref8602:ord4,●マイコドリ,●ハチドリ,・鳴き真似,,,,NOT_CHECKED,15,,NOT_STARTED,NOT_BUILT,NOT_TESTED,JPN_PRIMARY; MLG_CN_CONTEXT_AUXILIARY,mechanical template; resource_class=LOOSE_OLANG; source_objects=1
007E2F18,670,8608,8608,1,,page:tag:entity1633:key00B6DF0E:ref8608:ord4,●ハチドリ,・鳴き真似,●ケツァール,,,,NOT_CHECKED,15,,NOT_STARTED,NOT_BUILT,NOT_TESTED,JPN_PRIMARY; MLG_CN_CONTEXT_AUXILIARY,mechanical template; resource_class=LOOSE_OLANG; source_objects=1
007E2F18,671,8614,8614,1,,page:tag:entity1632:key00B6DF0D:ref8614:ord4,・鳴き真似,●ケツァール,・カセットデンスケ,,,,NOT_CHECKED,18,,NOT_STARTED,NOT_BUILT,NOT_TESTED,JPN_PRIMARY; MLG_CN_CONTEXT_AUXILIARY,mechanical template; resource_class=LOOSE_OLANG; source_objects=1
007E2F18,672,8620,8620,1,,page:tag:entity1631:key00B6DF0C:ref8620:ord4,●ケツァール,・カセットデンスケ,●鳥類全般,,,,NOT_CHECKED,27,,NOT_STARTED,NOT_BUILT,NOT_TESTED,JPN_PRIMARY; MLG_CN_CONTEXT_AUXILIARY,mechanical template; resource_class=LOOSE_OLANG; source_objects=1
007E2F18,673,8626,8626,1,,page:tag:entity1630:key00B6DF0B:ref8626:ord4,・カセットデンスケ,●鳥類全般,コスタリカの鳥類,,,,NOT_CHECKED,15,,NOT_STARTED,NOT_BUILT,NOT_TESTED,JPN_PRIMARY; MLG_CN_CONTEXT_AUXILIARY,mechanical template; resource_class=LOOSE_OLANG; source_objects=1
007E2F18,674,8632,8632,1,,page:tag:entity1629:key00B6DF0A:ref8632:ord4,●鳥類全般,コスタリカの鳥類,●マザーベースでの役割,,,,NOT_CHECKED,24,,NOT_STARTED,NOT_BUILT,NOT_TESTED,JPN_PRIMARY; MLG_CN_CONTEXT_AUXILIARY,mechanical template; resource_class=LOOSE_OLANG; source_objects=1
007E2F18,675,8644,8644,1,,page:tag:entity1627:key00B6DF08:ref8644:ord4,●マザーベースでの役割,●「セシール・コジマ・カミナンデス」,自分について,,,,NOT_CHECKED,54,,NOT_STARTED,NOT_BUILT,NOT_TESTED,JPN_PRIMARY; MLG_CN_CONTEXT_AUXILIARY,mechanical template; resource_class=LOOSE_OLANG; source_objects=1
007E2F18,676,8656,8656,1,,page:tag:entity1625:key00B6DF06:ref8656:ord4,自分について,●IDカード,●ストレンジラブ博士,,,,NOT_CHECKED,14,,NOT_STARTED,NOT_BUILT,NOT_TESTED,JPN_PRIMARY; MLG_CN_CONTEXT_AUXILIARY,mechanical template; resource_class=LOOSE_OLANG; source_objects=1
007E2F18,677,8662,8662,1,,page:tag:entity1624:key00B6DEEF:ref8662:ord4,●IDカード,●ストレンジラブ博士,●施設と警備,,,,NOT_CHECKED,30,,NOT_STARTED,NOT_BUILT,NOT_TESTED,JPN_PRIMARY; MLG_CN_CONTEXT_AUXILIARY,mechanical template; resource_class=LOOSE_OLANG; source_objects=1
007E2F18,678,8668,8668,1,,page:tag:entity1623:key00B6DEEE:ref8668:ord4,●ストレンジラブ博士,●施設と警備,人工知能研究所,,,,NOT_CHECKED,18,,NOT_STARTED,NOT_BUILT,NOT_TESTED,JPN_PRIMARY; MLG_CN_CONTEXT_AUXILIARY,mechanical template; resource_class=LOOSE_OLANG; source_objects=1
007E2F18,679,8674,8674,1,,page:tag:entity1622:key00B6DEED:ref8674:ord4,●施設と警備,人工知能研究所,●VOCALOID,,,,NOT_CHECKED,21,,NOT_STARTED,NOT_BUILT,NOT_TESTED,JPN_PRIMARY; MLG_CN_CONTEXT_AUXILIARY,mechanical template; resource_class=LOOSE_OLANG; source_objects=1
007E2F18,680,8680,8680,1,,page:tag:entity1621:key00B6DEEC:ref8680:ord4,人工知能研究所,●VOCALOID,・ザ・ボスAIとの違い,,,,NOT_CHECKED,11,,NOT_STARTED,NOT_BUILT,NOT_TESTED,JPN_PRIMARY; MLG_CN_CONTEXT_AUXILIARY,mechanical template; resource_class=LOOSE_OLANG; source_objects=1
007E2F18,681,8686,8686,1,,page:tag:entity1620:key00B6DEEB:ref8686:ord4,●VOCALOID,・ザ・ボスAIとの違い,●ZEKEのAI,,,,NOT_CHECKED,29,,NOT_STARTED,NOT_BUILT,NOT_TESTED,JPN_PRIMARY; MLG_CN_CONTEXT_AUXILIARY,mechanical template; resource_class=LOOSE_OLANG; source_objects=1
007E2F18,682,8692,8692,1,,page:tag:entity1619:key00B6DEEA:ref8692:ord4,・ザ・ボスAIとの違い,●ZEKEのAI,メタルギアZEKE,,,,NOT_CHECKED,12,,NOT_STARTED,NOT_BUILT,NOT_TESTED,JPN_PRIMARY; MLG_CN_CONTEXT_AUXILIARY,mechanical template; resource_class=LOOSE_OLANG; source_objects=1
007E2F18,683,8698,8698,1,,page:tag:entity1618:key00B6DEE9:ref8698:ord4,●ZEKEのAI,メタルギアZEKE,●セシール,,,,NOT_CHECKED,19,,NOT_STARTED,NOT_BUILT,NOT_TESTED,JPN_PRIMARY; MLG_CN_CONTEXT_AUXILIARY,mechanical template; resource_class=LOOSE_OLANG; source_objects=1
007E2F18,684,8704,8704,1,,page:tag:entity1617:key00B6DEE8:ref8704:ord4,メタルギアZEKE,●セシール,●ヒューイ,,,,NOT_CHECKED,15,,NOT_STARTED,NOT_BUILT,NOT_TESTED,JPN_PRIMARY; MLG_CN_CONTEXT_AUXILIARY,mechanical template; resource_class=LOOSE_OLANG; source_objects=1
007E2F18,685,8710,8710,1,,page:tag:entity1616:key00B6DEE7:ref8710:ord4,●セシール,●ヒューイ,人について,,,,NOT_CHECKED,15,,NOT_STARTED,NOT_BUILT,NOT_TESTED,JPN_PRIMARY; MLG_CN_CONTEXT_AUXILIARY,mechanical template; resource_class=LOOSE_OLANG; source_objects=1
007E2F18,686,8716,8716,1,,page:tag:entity1615:key00B6DEE6:ref8716:ord4,●ヒューイ,人について,●マザーベースでの役割,,,,NOT_CHECKED,15,,NOT_STARTED,NOT_BUILT,NOT_TESTED,JPN_PRIMARY; MLG_CN_CONTEXT_AUXILIARY,mechanical template; resource_class=LOOSE_OLANG; source_objects=1
007E2F18,687,8728,8728,1,,page:tag:entity1613:key00B6DECE:ref8728:ord4,●マザーベースでの役割,●経歴,●「ストレンジラブ」の由来,,,,NOT_CHECKED,9,,NOT_STARTED,NOT_BUILT,NOT_TESTED,JPN_PRIMARY; MLG_CN_CONTEXT_AUXILIARY,mechanical template; resource_class=LOOSE_OLANG; source_objects=1
007E2F18,688,8734,8734,1,,page:tag:entity1612:key00B6DECD:ref8734:ord4,●経歴,●「ストレンジラブ」の由来,自分について,,,,NOT_CHECKED,39,,NOT_STARTED,NOT_BUILT,NOT_TESTED,JPN_PRIMARY; MLG_CN_CONTEXT_AUXILIARY,mechanical template; resource_class=LOOSE_OLANG; source_objects=1
007E2F18,689,8746,8746,1,,page:tag:entity1610:key00B6DECB:ref8746:ord4,自分について,●ザ・ボスと平和,●ザ・ボスの白馬,,,,NOT_CHECKED,24,,NOT_STARTED,NOT_BUILT,NOT_TESTED,JPN_PRIMARY; MLG_CN_CONTEXT_AUXILIARY,mechanical template; resource_class=LOOSE_OLANG; source_objects=1
007E2F18,690,8752,8752,1,,page:tag:entity1609:key00B6DECA:ref8752:ord4,●ザ・ボスと平和,●ザ・ボスの白馬,●地下基地での尋問,,,,NOT_CHECKED,24,,NOT_STARTED,NOT_BUILT,NOT_TESTED,JPN_PRIMARY; MLG_CN_CONTEXT_AUXILIARY,mechanical template; resource_class=LOOSE_OLANG; source_objects=1
007E2F18,691,8758,8758,1,,page:tag:entity1608:key00B6DEC9:ref8758:ord4,●ザ・ボスの白馬,●地下基地での尋問,●ザ・ボスとの出会い,,,,NOT_CHECKED,27,,NOT_STARTED,NOT_BUILT,NOT_TESTED,JPN_PRIMARY; MLG_CN_CONTEXT_AUXILIARY,mechanical template; resource_class=LOOSE_OLANG; source_objects=1
007E2F18,692,8764,8764,1,,page:tag:entity1607:key00B6DEC8:ref8764:ord4,●地下基地での尋問,●ザ・ボスとの出会い,ザ・ボス,,,,NOT_CHECKED,30,,NOT_STARTED,NOT_BUILT,NOT_TESTED,JPN_PRIMARY; MLG_CN_CONTEXT_AUXILIARY,mechanical template; resource_class=LOOSE_OLANG; source_objects=1
007E2F18,693,8770,8770,1,,page:tag:entity1606:key00B6DEC7:ref8770:ord4,●ザ・ボスとの出会い,ザ・ボス,●『2001年宇宙の旅』,,,,NOT_CHECKED,12,,NOT_STARTED,NOT_BUILT,NOT_TESTED,JPN_PRIMARY; MLG_CN_CONTEXT_AUXILIARY,mechanical template; resource_class=LOOSE_OLANG; source_objects=1
007E2F18,694,8782,8782,1,,page:tag:entity1604:key00B6DBEF:ref8782:ord4,●『2001年宇宙の旅』,・AIのコードネーム,●蛹から蝶へ,,,,NOT_CHECKED,26,,NOT_STARTED,NOT_BUILT,NOT_TESTED,JPN_PRIMARY; MLG_CN_CONTEXT_AUXILIARY,mechanical template; resource_class=LOOSE_OLANG; source_objects=1
007E2F18,695,8788,8788,1,,page:tag:entity1603:key00B6DBEE:ref8788:ord4,・AIのコードネーム,●蛹から蝶へ,・AIのもう一つの進化,,,,NOT_CHECKED,18,,NOT_STARTED,NOT_BUILT,NOT_TESTED,JPN_PRIMARY; MLG_CN_CONTEXT_AUXILIARY,mechanical template; resource_class=LOOSE_OLANG; source_objects=1
007E2F18,696,8794,8794,1,,page:tag:entity1602:key00B6DBED:ref8794:ord4,●蛹から蝶へ,・AIのもう一つの進化,●AIの未来,,,,NOT_CHECKED,29,,NOT_STARTED,NOT_BUILT,NOT_TESTED,JPN_PRIMARY; MLG_CN_CONTEXT_AUXILIARY,mechanical template; resource_class=LOOSE_OLANG; source_objects=1
007E2F18,697,8800,8800,1,,page:tag:entity1601:key00B6DBEC:ref8800:ord4,・AIのもう一つの進化,●AIの未来,●エキスパートシステム,,,,NOT_CHECKED,14,,NOT_STARTED,NOT_BUILT,NOT_TESTED,JPN_PRIMARY; MLG_CN_CONTEXT_AUXILIARY,mechanical template; resource_class=LOOSE_OLANG; source_objects=1
007E2F18,698,8806,8806,1,,page:tag:entity1600:key00B6DBEB:ref8806:ord4,●AIの未来,●エキスパートシステム,●AIの必要性,,,,NOT_CHECKED,33,,NOT_STARTED,NOT_BUILT,NOT_TESTED,JPN_PRIMARY; MLG_CN_CONTEXT_AUXILIARY,mechanical template; resource_class=LOOSE_OLANG; source_objects=1
007E2F18,699,8812,8812,1,,page:tag:entity1599:key00B6DBEA:ref8812:ord4,●エキスパートシステム,●AIの必要性,・AIと女性脳,,,,NOT_CHECKED,17,,NOT_STARTED,NOT_BUILT,NOT_TESTED,JPN_PRIMARY; MLG_CN_CONTEXT_AUXILIARY,mechanical template; resource_class=LOOSE_OLANG; source_objects=1
007E2F18,700,8818,8818,1,,page:tag:entity1598:key00B6DBE9:ref8818:ord4,●AIの必要性,・AIと女性脳,●AIのモデル,,,,NOT_CHECKED,17,,NOT_STARTED,NOT_BUILT,NOT_TESTED,JPN_PRIMARY; MLG_CN_CONTEXT_AUXILIARY,mechanical template; resource_class=LOOSE_OLANG; source_objects=1
007E2F18,701,8824,8824,1,,page:tag:entity1597:key00B6DBE8:ref8824:ord4,・AIと女性脳,●AIのモデル,・チューリング・テスト,,,,NOT_CHECKED,17,,NOT_STARTED,NOT_BUILT,NOT_TESTED,JPN_PRIMARY; MLG_CN_CONTEXT_AUXILIARY,mechanical template; resource_class=LOOSE_OLANG; source_objects=1
007E2F18,702,8830,8830,1,,page:tag:entity1596:key00B6DBE7:ref8830:ord4,●AIのモデル,・チューリング・テスト,●人工知能の見分け方,,,,NOT_CHECKED,33,,NOT_STARTED,NOT_BUILT,NOT_TESTED,JPN_PRIMARY; MLG_CN_CONTEXT_AUXILIARY,mechanical template; resource_class=LOOSE_OLANG; source_objects=1
007E2F18,703,8836,8836,1,,page:tag:entity1595:key00B6DBE6:ref8836:ord4,・チューリング・テスト,●人工知能の見分け方,●“The Ghost in the Machine”,,,,NOT_CHECKED,30,,NOT_STARTED,NOT_BUILT,NOT_TESTED,JPN_PRIMARY; MLG_CN_CONTEXT_AUXILIARY,mechanical template; resource_class=LOOSE_OLANG; source_objects=1
007E2F18,704,8842,8842,1,,page:tag:entity1594:key00B6DBCF:ref8842:ord4,●人工知能の見分け方,●“The Ghost in the Machine”,●AIとは,,,,NOT_CHECKED,33,,NOT_STARTED,NOT_BUILT,NOT_TESTED,JPN_PRIMARY; MLG_CN_CONTEXT_AUXILIARY,mechanical template; resource_class=LOOSE_OLANG; source_objects=1
007E2F18,705,8848,8848,1,,page:tag:entity1593:key00B6DBCE:ref8848:ord4,●“The Ghost in the Machine”,●AIとは,AI,,,,NOT_CHECKED,11,,NOT_STARTED,NOT_BUILT,NOT_TESTED,JPN_PRIMARY; MLG_CN_CONTEXT_AUXILIARY,mechanical template; resource_class=LOOSE_OLANG; source_objects=1
007E2F18,706,8854,8854,1,,page:tag:entity1592:key00B6DBCD:ref8854:ord4,●AIとは,AI,●カメラのピント,,,,NOT_CHECKED,2,,NOT_STARTED,NOT_BUILT,NOT_TESTED,JPN_PRIMARY; MLG_CN_CONTEXT_AUXILIARY,mechanical template; resource_class=LOOSE_OLANG; source_objects=1
007E2F18,707,8860,8860,1,,page:tag:entity1591:key00B6DBCC:ref8860:ord4,AI,●カメラのピント,●心霊写真,,,,NOT_CHECKED,24,,NOT_STARTED,NOT_BUILT,NOT_TESTED,JPN_PRIMARY; MLG_CN_CONTEXT_AUXILIARY,mechanical template; resource_class=LOOSE_OLANG; source_objects=1
007E2F18,708,8866,8866,1,,page:tag:entity1590:key00B6DBCB:ref8866:ord4,●カメラのピント,●心霊写真,●幽霊を天国に,,,,NOT_CHECKED,15,,NOT_STARTED,NOT_BUILT,NOT_TESTED,JPN_PRIMARY; MLG_CN_CONTEXT_AUXILIARY,mechanical template; resource_class=LOOSE_OLANG; source_objects=1
007E2F18,709,8872,8872,1,,page:tag:entity1589:key00B6DBCA:ref8872:ord4,●心霊写真,●幽霊を天国に,ミッション情報,,,,NOT_CHECKED,21,,NOT_STARTED,NOT_BUILT,NOT_TESTED,JPN_PRIMARY; MLG_CN_CONTEXT_AUXILIARY,mechanical template; resource_class=LOOSE_OLANG; source_objects=1
007E2F18,710,8878,8878;9286,2,,page:tag:entity1588:key00B6DBC9:ref8878:ord4;page:tag:entity1520:key00B6DAEB:ref9286:ord4,●幽霊を天国に,ミッション情報,・ギアレックス,,,,NOT_CHECKED,21,,NOT_STARTED,NOT_BUILT,NOT_TESTED,JPN_PRIMARY; MLG_CN_CONTEXT_AUXILIARY,mechanical template; resource_class=LOOSE_OLANG; source_objects=2
007E2F18,711,8884,8884,1,,page:tag:entity1587:key00B6DBC8:ref8884:ord4,ミッション情報,・ギアレックス,・ランポス,,,,NOT_CHECKED,21,,NOT_STARTED,NOT_BUILT,NOT_TESTED,JPN_PRIMARY; MLG_CN_CONTEXT_AUXILIARY,mechanical template; resource_class=LOOSE_OLANG; source_objects=1
007E2F18,712,8890,8890,1,,page:tag:entity1586:key00B6DBC7:ref8890:ord4,・ギアレックス,・ランポス,・ティガレックス,,,,NOT_CHECKED,15,,NOT_STARTED,NOT_BUILT,NOT_TESTED,JPN_PRIMARY; MLG_CN_CONTEXT_AUXILIARY,mechanical template; resource_class=LOOSE_OLANG; source_objects=1
007E2F18,713,8896,8896,1,,page:tag:entity1585:key00B6DBC6:ref8896:ord4,・ランポス,・ティガレックス,・リオレウス,,,,NOT_CHECKED,24,,NOT_STARTED,NOT_BUILT,NOT_TESTED,JPN_PRIMARY; MLG_CN_CONTEXT_AUXILIARY,mechanical template; resource_class=LOOSE_OLANG; source_objects=1
007E2F18,714,8902,8902,1,,page:tag:entity1584:key00B6DBAF:ref8902:ord4,・ティガレックス,・リオレウス,・アイルー,,,,NOT_CHECKED,18,,NOT_STARTED,NOT_BUILT,NOT_TESTED,JPN_PRIMARY; MLG_CN_CONTEXT_AUXILIARY,mechanical template; resource_class=LOOSE_OLANG; source_objects=1
007E2F18,715,8908,8908,1,,page:tag:entity1583:key00B6DBAE:ref8908:ord4,・リオレウス,・アイルー,・トレニャー,,,,NOT_CHECKED,15,,NOT_STARTED,NOT_BUILT,NOT_TESTED,JPN_PRIMARY; MLG_CN_CONTEXT_AUXILIARY,mechanical template; resource_class=LOOSE_OLANG; source_objects=1
007E2F18,716,8914,8914,1,,page:tag:entity1582:key00B6DBAD:ref8914:ord4,・アイルー,・トレニャー,●怪物の島,,,,NOT_CHECKED,18,,NOT_STARTED,NOT_BUILT,NOT_TESTED,JPN_PRIMARY; MLG_CN_CONTEXT_AUXILIARY,mechanical template; resource_class=LOOSE_OLANG; source_objects=1
007E2F18,717,8920,8920,1,,page:tag:entity1581:key00B6DBAC:ref8920:ord4,・トレニャー,●怪物の島,怪物の島の伝説,,,,NOT_CHECKED,15,,NOT_STARTED,NOT_BUILT,NOT_TESTED,JPN_PRIMARY; MLG_CN_CONTEXT_AUXILIARY,mechanical template; resource_class=LOOSE_OLANG; source_objects=1
007E2F18,718,8926,8926,1,,page:tag:entity1580:key00B6DBAB:ref8926:ord4,●怪物の島,怪物の島の伝説,パスの行動の謎,,,,NOT_CHECKED,21,,NOT_STARTED,NOT_BUILT,NOT_TESTED,JPN_PRIMARY; MLG_CN_CONTEXT_AUXILIARY,mechanical template; resource_class=LOOSE_OLANG; source_objects=1
007E2F18,719,8932,8932,1,,page:tag:entity1579:key00B6DBAA:ref8932:ord4,怪物の島の伝説,パスの行動の謎,パスの正体,,,,NOT_CHECKED,21,,NOT_STARTED,NOT_BUILT,NOT_TESTED,JPN_PRIMARY; MLG_CN_CONTEXT_AUXILIARY,mechanical template; resource_class=LOOSE_OLANG; source_objects=1
007E2F18,720,8938,8938,1,,page:tag:entity1578:key00B6DBA9:ref8938:ord4,パスの行動の謎,パスの正体,恋の悩み,,,,NOT_CHECKED,15,,NOT_STARTED,NOT_BUILT,NOT_TESTED,JPN_PRIMARY; MLG_CN_CONTEXT_AUXILIARY,mechanical template; resource_class=LOOSE_OLANG; source_objects=1
007E2F18,721,8944,8944,1,,page:tag:entity1577:key00B6DBA8:ref8944:ord4,パスの正体,恋の悩み,恋,,,,NOT_CHECKED,12,,NOT_STARTED,NOT_BUILT,NOT_TESTED,JPN_PRIMARY; MLG_CN_CONTEXT_AUXILIARY,mechanical template; resource_class=LOOSE_OLANG; source_objects=1
007E2F18,722,8950,8950,1,,page:tag:entity1576:key00B6DBA7:ref8950:ord4,恋の悩み,恋,UFO写真,,,,NOT_CHECKED,3,,NOT_STARTED,NOT_BUILT,NOT_TESTED,JPN_PRIMARY; MLG_CN_CONTEXT_AUXILIARY,mechanical template; resource_class=LOOSE_OLANG; source_objects=1
007E2F18,723,8956,8956,1,,page:tag:entity1575:key00B6DBA6:ref8956:ord4,恋,UFO写真,エルバッキー,,,,NOT_CHECKED,9,,NOT_STARTED,NOT_BUILT,NOT_TESTED,JPN_PRIMARY; MLG_CN_CONTEXT_AUXILIARY,mechanical template; resource_class=LOOSE_OLANG; source_objects=1
007E2F18,724,8962,8962,1,,page:tag:entity1574:key00B6DB8F:ref8962:ord4,UFO写真,エルバッキー,アブダクション,,,,NOT_CHECKED,18,,NOT_STARTED,NOT_BUILT,NOT_TESTED,JPN_PRIMARY; MLG_CN_CONTEXT_AUXILIARY,mechanical template; resource_class=LOOSE_OLANG; source_objects=1
007E2F18,725,8968,8968,1,,page:tag:entity1573:key00B6DB8E:ref8968:ord4,エルバッキー,アブダクション,UFO,,,,NOT_CHECKED,21,,NOT_STARTED,NOT_BUILT,NOT_TESTED,JPN_PRIMARY; MLG_CN_CONTEXT_AUXILIARY,mechanical template; resource_class=LOOSE_OLANG; source_objects=1
007E2F18,726,8974,8974,1,,page:tag:entity1572:key00B6DB8D:ref8974:ord4,アブダクション,UFO,採掘場偽装基地,,,,NOT_CHECKED,3,,NOT_STARTED,NOT_BUILT,NOT_TESTED,JPN_PRIMARY; MLG_CN_CONTEXT_AUXILIARY,mechanical template; resource_class=LOOSE_OLANG; source_objects=1
007E2F18,727,8980,8980,1,,page:tag:entity1571:key00B6DB8C:ref8980:ord4,UFO,採掘場偽装基地,コンガマトー,,,,NOT_CHECKED,21,,NOT_STARTED,NOT_BUILT,NOT_TESTED,JPN_PRIMARY; MLG_CN_CONTEXT_AUXILIARY,mechanical template; resource_class=LOOSE_OLANG; source_objects=1
007E2F18,728,8986,8986,1,,page:tag:entity1570:key00B6DB8B:ref8986:ord4,採掘場偽装基地,コンガマトー,遺跡,,,,NOT_CHECKED,18,,NOT_STARTED,NOT_BUILT,NOT_TESTED,JPN_PRIMARY; MLG_CN_CONTEXT_AUXILIARY,mechanical template; resource_class=LOOSE_OLANG; source_objects=1
007E2F18,729,8992,8992,1,,page:tag:entity1569:key00B6DB8A:ref8992:ord4,コンガマトー,遺跡,モノス,,,,NOT_CHECKED,6,,NOT_STARTED,NOT_BUILT,NOT_TESTED,JPN_PRIMARY; MLG_CN_CONTEXT_AUXILIARY,mechanical template; resource_class=LOOSE_OLANG; source_objects=1
007E2F18,730,8998,8998,1,,page:tag:entity1568:key00B6DB89:ref8998:ord4,遺跡,モノス,ビッグフット,,,,NOT_CHECKED,9,,NOT_STARTED,NOT_BUILT,NOT_TESTED,JPN_PRIMARY; MLG_CN_CONTEXT_AUXILIARY,mechanical template; resource_class=LOOSE_OLANG; source_objects=1
007E2F18,731,9004,9004,1,,page:tag:entity1567:key00B6DB88:ref9004:ord4,モノス,ビッグフット,熱帯雲霧林,,,,NOT_CHECKED,18,,NOT_STARTED,NOT_BUILT,NOT_TESTED,JPN_PRIMARY; MLG_CN_CONTEXT_AUXILIARY,mechanical template; resource_class=LOOSE_OLANG; source_objects=1
007E2F18,732,9010,9010,1,,page:tag:entity1566:key00B6DB87:ref9010:ord4,ビッグフット,熱帯雲霧林,モケーレ・ムベンベ,,,,NOT_CHECKED,15,,NOT_STARTED,NOT_BUILT,NOT_TESTED,JPN_PRIMARY; MLG_CN_CONTEXT_AUXILIARY,mechanical template; resource_class=LOOSE_OLANG; source_objects=1
007E2F18,733,9016,9016,1,,page:tag:entity1565:key00B6DB86:ref9016:ord4,熱帯雲霧林,モケーレ・ムベンベ,オゴポゴ,,,,NOT_CHECKED,27,,NOT_STARTED,NOT_BUILT,NOT_TESTED,JPN_PRIMARY; MLG_CN_CONTEXT_AUXILIARY,mechanical template; resource_class=LOOSE_OLANG; source_objects=1
007E2F18,734,9022,9022,1,,page:tag:entity1564:key00B6DB6F:ref9022:ord4,モケーレ・ムベンベ,オゴポゴ,ナウエリート,,,,NOT_CHECKED,12,,NOT_STARTED,NOT_BUILT,NOT_TESTED,JPN_PRIMARY; MLG_CN_CONTEXT_AUXILIARY,mechanical template; resource_class=LOOSE_OLANG; source_objects=1
007E2F18,735,9028,9028,1,,page:tag:entity1563:key00B6DB6E:ref9028:ord4,オゴポゴ,ナウエリート,ネッシー,,,,NOT_CHECKED,18,,NOT_STARTED,NOT_BUILT,NOT_TESTED,JPN_PRIMARY; MLG_CN_CONTEXT_AUXILIARY,mechanical template; resource_class=LOOSE_OLANG; source_objects=1
007E2F18,736,9034,9034,1,,page:tag:entity1562:key00B6DB6D:ref9034:ord4,ナウエリート,ネッシー,火口付近,,,,NOT_CHECKED,12,,NOT_STARTED,NOT_BUILT,NOT_TESTED,JPN_PRIMARY; MLG_CN_CONTEXT_AUXILIARY,mechanical template; resource_class=LOOSE_OLANG; source_objects=1
007E2F18,737,9040,9040,1,,page:tag:entity1561:key00B6DB6C:ref9040:ord4,ネッシー,火口付近,本物のバシリスコ,,,,NOT_CHECKED,12,,NOT_STARTED,NOT_BUILT,NOT_TESTED,JPN_PRIMARY; MLG_CN_CONTEXT_AUXILIARY,mechanical template; resource_class=LOOSE_OLANG; source_objects=1
007E2F18,738,9046,9046,1,,page:tag:entity1560:key00B6DB6B:ref9046:ord4,火口付近,本物のバシリスコ,谷川,,,,NOT_CHECKED,24,,NOT_STARTED,NOT_BUILT,NOT_TESTED,JPN_PRIMARY; MLG_CN_CONTEXT_AUXILIARY,mechanical template; resource_class=LOOSE_OLANG; source_objects=1
007E2F18,739,9052,9052,1,,page:tag:entity1559:key00B6DB6A:ref9052:ord4,本物のバシリスコ,谷川,資材中継地,,,,NOT_CHECKED,6,,NOT_STARTED,NOT_BUILT,NOT_TESTED,JPN_PRIMARY; MLG_CN_CONTEXT_AUXILIARY,mechanical template; resource_class=LOOSE_OLANG; source_objects=1
007E2F18,740,9058,9058,1,,page:tag:entity1558:key00B6DB69:ref9058:ord4,谷川,資材中継地,地理情報,,,,NOT_CHECKED,15,,NOT_STARTED,NOT_BUILT,NOT_TESTED,JPN_PRIMARY; MLG_CN_CONTEXT_AUXILIARY,mechanical template; resource_class=LOOSE_OLANG; source_objects=1
007E2F18,741,9064,9064,1,,page:tag:entity1557:key00B6DB68:ref9064:ord4,資材中継地,地理情報,マザーベースでの役割,,,,NOT_CHECKED,12,,NOT_STARTED,NOT_BUILT,NOT_TESTED,JPN_PRIMARY; MLG_CN_CONTEXT_AUXILIARY,mechanical template; resource_class=LOOSE_OLANG; source_objects=1
007E2F18,742,9070,9070,1,,page:tag:entity1556:key00B6DB67:ref9070:ord4,地理情報,マザーベースでの役割,隊の同志,,,,NOT_CHECKED,30,,NOT_STARTED,NOT_BUILT,NOT_TESTED,JPN_PRIMARY; MLG_CN_CONTEXT_AUXILIARY,mechanical template; resource_class=LOOSE_OLANG; source_objects=1
007E2F18,743,9076,9076,1,,page:tag:entity1555:key00B6DB66:ref9076:ord4,マザーベースでの役割,隊の同志,ゲバラの言葉,,,,NOT_CHECKED,12,,NOT_STARTED,NOT_BUILT,NOT_TESTED,JPN_PRIMARY; MLG_CN_CONTEXT_AUXILIARY,mechanical template; resource_class=LOOSE_OLANG; source_objects=1
007E2F18,744,9082,9082,1,,page:tag:entity1554:key00B6DB4F:ref9082:ord4,隊の同志,ゲバラの言葉,父親,,,,NOT_CHECKED,18,,NOT_STARTED,NOT_BUILT,NOT_TESTED,JPN_PRIMARY; MLG_CN_CONTEXT_AUXILIARY,mechanical template; resource_class=LOOSE_OLANG; source_objects=1
007E2F18,745,9088,9088,1,,page:tag:entity1553:key00B6DB4E:ref9088:ord4,ゲバラの言葉,父親,アマンダ,,,,NOT_CHECKED,6,,NOT_STARTED,NOT_BUILT,NOT_TESTED,JPN_PRIMARY; MLG_CN_CONTEXT_AUXILIARY,mechanical template; resource_class=LOOSE_OLANG; source_objects=1
007E2F18,746,9094,9094,1,,page:tag:entity1552:key00B6DB4D:ref9094:ord4,父親,アマンダ,自分について,,,,NOT_CHECKED,12,,NOT_STARTED,NOT_BUILT,NOT_TESTED,JPN_PRIMARY; MLG_CN_CONTEXT_AUXILIARY,mechanical template; resource_class=LOOSE_OLANG; source_objects=1
007E2F18,747,9106,9106,1,,page:tag:entity1550:key00B6DB4B:ref9106:ord4,自分について,●クリアリングの回避方法,●キッドナッパー殲滅,,,,NOT_CHECKED,36,,NOT_STARTED,NOT_BUILT,NOT_TESTED,JPN_PRIMARY; MLG_CN_CONTEXT_AUXILIARY,mechanical template; resource_class=LOOSE_OLANG; source_objects=1
007E2F18,748,9112,9112,1,,page:tag:entity1549:key00B6DB4A:ref9112:ord4,●クリアリングの回避方法,●キッドナッパー殲滅,●sbm025,,,,NOT_CHECKED,30,,NOT_STARTED,NOT_BUILT,NOT_TESTED,JPN_PRIMARY; MLG_CN_CONTEXT_AUXILIARY,mechanical template; resource_class=LOOSE_OLANG; source_objects=1
007E2F18,749,9118,9118,1,,page:tag:entity1548:key00B6DB49:ref9118:ord4,●キッドナッパー殲滅,●sbm025,●破壊活動,,,,NOT_CHECKED,9,,NOT_STARTED,NOT_BUILT,NOT_TESTED,JPN_PRIMARY; MLG_CN_CONTEXT_AUXILIARY,mechanical template; resource_class=LOOSE_OLANG; source_objects=1
007E2F18,750,9124,9124,1,,page:tag:entity1547:key00B6DB48:ref9124:ord4,●sbm025,●破壊活動,●防衛ミッション,,,,NOT_CHECKED,15,,NOT_STARTED,NOT_BUILT,NOT_TESTED,JPN_PRIMARY; MLG_CN_CONTEXT_AUXILIARY,mechanical template; resource_class=LOOSE_OLANG; source_objects=1
007E2F18,751,9130,9130,1,,page:tag:entity1546:key00B6DB47:ref9130:ord4,●破壊活動,●防衛ミッション,●クレイモア地雷,,,,NOT_CHECKED,24,,NOT_STARTED,NOT_BUILT,NOT_TESTED,JPN_PRIMARY; MLG_CN_CONTEXT_AUXILIARY,mechanical template; resource_class=LOOSE_OLANG; source_objects=1
007E2F18,752,9136,9136,1,,page:tag:entity1545:key00B6DB46:ref9136:ord4,●防衛ミッション,●クレイモア地雷,●対ピースウォーカー戦・2,,,,NOT_CHECKED,24,,NOT_STARTED,NOT_BUILT,NOT_TESTED,JPN_PRIMARY; MLG_CN_CONTEXT_AUXILIARY,mechanical template; resource_class=LOOSE_OLANG; source_objects=1
007E2F18,753,9142,9142,1,,page:tag:entity1544:key00B6DB2F:ref9142:ord4,●クレイモア地雷,●対ピースウォーカー戦・2,●米軍ミサイル基地潜入,,,,NOT_CHECKED,37,,NOT_STARTED,NOT_BUILT,NOT_TESTED,JPN_PRIMARY; MLG_CN_CONTEXT_AUXILIARY,mechanical template; resource_class=LOOSE_OLANG; source_objects=1
007E2F18,754,9148,9148,1,,page:tag:entity1543:key00B6DB2E:ref9148:ord4,●対ピースウォーカー戦・2,●米軍ミサイル基地潜入,●m0230/メタルギア追跡イベント,,,,NOT_CHECKED,33,,NOT_STARTED,NOT_BUILT,NOT_TESTED,JPN_PRIMARY; MLG_CN_CONTEXT_AUXILIARY,mechanical template; resource_class=LOOSE_OLANG; source_objects=1
007E2F18,755,9154,9154,1,,page:tag:entity1542:key00B6DB2D:ref9154:ord4,●米軍ミサイル基地潜入,●m0230/メタルギア追跡イベント,●対ピースウォーカー戦,,,,NOT_CHECKED,42,,NOT_STARTED,NOT_BUILT,NOT_TESTED,JPN_PRIMARY; MLG_CN_CONTEXT_AUXILIARY,mechanical template; resource_class=LOOSE_OLANG; source_objects=1
007E2F18,756,9160,9160,1,,page:tag:entity1541:key00B6DB2C:ref9160:ord4,●m0230/メタルギア追跡イベント,●対ピースウォーカー戦,●ピースウォーカー格納庫へ,,,,NOT_CHECKED,33,,NOT_STARTED,NOT_BUILT,NOT_TESTED,JPN_PRIMARY; MLG_CN_CONTEXT_AUXILIARY,mechanical template; resource_class=LOOSE_OLANG; source_objects=1
007E2F18,757,9166,9166,1,,page:tag:entity1540:key00B6DB2B:ref9166:ord4,●対ピースウォーカー戦,●ピースウォーカー格納庫へ,●独房からの脱出,,,,NOT_CHECKED,39,,NOT_STARTED,NOT_BUILT,NOT_TESTED,JPN_PRIMARY; MLG_CN_CONTEXT_AUXILIARY,mechanical template; resource_class=LOOSE_OLANG; source_objects=1
007E2F18,758,9172,9172,1,,page:tag:entity1539:key00B6DB2A:ref9172:ord4,●ピースウォーカー格納庫へ,●独房からの脱出,●地下基地潜入,,,,NOT_CHECKED,24,,NOT_STARTED,NOT_BUILT,NOT_TESTED,JPN_PRIMARY; MLG_CN_CONTEXT_AUXILIARY,mechanical template; resource_class=LOOSE_OLANG; source_objects=1
007E2F18,759,9178,9178,1,,page:tag:entity1538:key00B6DB29:ref9178:ord4,●独房からの脱出,●地下基地潜入,●対コクーン戦,,,,NOT_CHECKED,21,,NOT_STARTED,NOT_BUILT,NOT_TESTED,JPN_PRIMARY; MLG_CN_CONTEXT_AUXILIARY,mechanical template; resource_class=LOOSE_OLANG; source_objects=1
007E2F18,760,9184,9184,1,,page:tag:entity1537:key00B6DB28:ref9184:ord4,●地下基地潜入,●対コクーン戦,●衛兵排除,,,,NOT_CHECKED,21,,NOT_STARTED,NOT_BUILT,NOT_TESTED,JPN_PRIMARY; MLG_CN_CONTEXT_AUXILIARY,mechanical template; resource_class=LOOSE_OLANG; source_objects=1
007E2F18,761,9190,9190,1,,page:tag:entity1536:key00B6DB27:ref9190:ord4,●対コクーン戦,●衛兵排除,●採掘場偽装基地へ,,,,NOT_CHECKED,15,,NOT_STARTED,NOT_BUILT,NOT_TESTED,JPN_PRIMARY; MLG_CN_CONTEXT_AUXILIARY,mechanical template; resource_class=LOOSE_OLANG; source_objects=1
007E2F18,762,9196,9196,1,,page:tag:entity1535:key00B6DB26:ref9196:ord4,●衛兵排除,●採掘場偽装基地へ,●対クリサリス戦,,,,NOT_CHECKED,27,,NOT_STARTED,NOT_BUILT,NOT_TESTED,JPN_PRIMARY; MLG_CN_CONTEXT_AUXILIARY,mechanical template; resource_class=LOOSE_OLANG; source_objects=1
007E2F18,763,9202,9202,1,,page:tag:entity1534:key00B6DB0F:ref9202:ord4,●採掘場偽装基地へ,●対クリサリス戦,●IDカード捜索,,,,NOT_CHECKED,24,,NOT_STARTED,NOT_BUILT,NOT_TESTED,JPN_PRIMARY; MLG_CN_CONTEXT_AUXILIARY,mechanical template; resource_class=LOOSE_OLANG; source_objects=1
007E2F18,764,9208,9208,1,,page:tag:entity1533:key00B6DB0E:ref9208:ord4,●対クリサリス戦,●IDカード捜索,●研究施設へ,,,,NOT_CHECKED,20,,NOT_STARTED,NOT_BUILT,NOT_TESTED,JPN_PRIMARY; MLG_CN_CONTEXT_AUXILIARY,mechanical template; resource_class=LOOSE_OLANG; source_objects=1
007E2F18,765,9214,9214,1,,page:tag:entity1532:key00B6DB0D:ref9214:ord4,●IDカード捜索,●研究施設へ,●対戦闘ヘリ戦,,,,NOT_CHECKED,18,,NOT_STARTED,NOT_BUILT,NOT_TESTED,JPN_PRIMARY; MLG_CN_CONTEXT_AUXILIARY,mechanical template; resource_class=LOOSE_OLANG; source_objects=1
007E2F18,766,9220,9220,1,,page:tag:entity1531:key00B6DB0C:ref9220:ord4,●研究施設へ,●対戦闘ヘリ戦,●熱帯雲霧林へ,,,,NOT_CHECKED,21,,NOT_STARTED,NOT_BUILT,NOT_TESTED,JPN_PRIMARY; MLG_CN_CONTEXT_AUXILIARY,mechanical template; resource_class=LOOSE_OLANG; source_objects=1
007E2F18,767,9226,9226,1,,page:tag:entity1530:key00B6DB0B:ref9226:ord4,●対戦闘ヘリ戦,●熱帯雲霧林へ,●対ピューパ,,,,NOT_CHECKED,21,,NOT_STARTED,NOT_BUILT,NOT_TESTED,JPN_PRIMARY; MLG_CN_CONTEXT_AUXILIARY,mechanical template; resource_class=LOOSE_OLANG; source_objects=1
007E2F18,768,9232,9232,1,,page:tag:entity1529:key00B6DB0A:ref9232:ord4,●熱帯雲霧林へ,●対ピューパ,・砦,,,,NOT_CHECKED,18,,NOT_STARTED,NOT_BUILT,NOT_TESTED,JPN_PRIMARY; MLG_CN_CONTEXT_AUXILIARY,mechanical template; resource_class=LOOSE_OLANG; source_objects=1
007E2F18,769,9238,9238,1,,page:tag:entity1528:key00B6DB09:ref9238:ord4,●対ピューパ,・砦,●火口内基地潜入,,,,NOT_CHECKED,6,,NOT_STARTED,NOT_BUILT,NOT_TESTED,JPN_PRIMARY; MLG_CN_CONTEXT_AUXILIARY,mechanical template; resource_class=LOOSE_OLANG; source_objects=1
007E2F18,770,9244,9244,1,,page:tag:entity1527:key00B6DB08:ref9244:ord4,・砦,●火口内基地潜入,●バリケード破壊,,,,NOT_CHECKED,24,,NOT_STARTED,NOT_BUILT,NOT_TESTED,JPN_PRIMARY; MLG_CN_CONTEXT_AUXILIARY,mechanical template; resource_class=LOOSE_OLANG; source_objects=1
007E2F18,771,9250,9250,1,,page:tag:entity1526:key00B6DB07:ref9250:ord4,●火口内基地潜入,●バリケード破壊,●対戦車戦,,,,NOT_CHECKED,24,,NOT_STARTED,NOT_BUILT,NOT_TESTED,JPN_PRIMARY; MLG_CN_CONTEXT_AUXILIARY,mechanical template; resource_class=LOOSE_OLANG; source_objects=1
007E2F18,772,9256,9256,1,,page:tag:entity1525:key00B6DB06:ref9256:ord4,●バリケード破壊,●対戦車戦,●ジャングルトレイン追跡,,,,NOT_CHECKED,15,,NOT_STARTED,NOT_BUILT,NOT_TESTED,JPN_PRIMARY; MLG_CN_CONTEXT_AUXILIARY,mechanical template; resource_class=LOOSE_OLANG; source_objects=1
007E2F18,773,9262,9262,1,,page:tag:entity1524:key00B6DAEF:ref9262:ord4,●対戦車戦,●ジャングルトレイン追跡,・捕虜収容所,,,,NOT_CHECKED,36,,NOT_STARTED,NOT_BUILT,NOT_TESTED,JPN_PRIMARY; MLG_CN_CONTEXT_AUXILIARY,mechanical template; resource_class=LOOSE_OLANG; source_objects=1
007E2F18,774,9268,9268,1,,page:tag:entity1523:key00B6DAEE:ref9268:ord4,●ジャングルトレイン追跡,・捕虜収容所,●チコ救出,,,,NOT_CHECKED,18,,NOT_STARTED,NOT_BUILT,NOT_TESTED,JPN_PRIMARY; MLG_CN_CONTEXT_AUXILIARY,mechanical template; resource_class=LOOSE_OLANG; source_objects=1
007E2F18,775,9274,9274,1,,page:tag:entity1522:key00B6DAED:ref9274:ord4,・捕虜収容所,●チコ救出,●対装甲車戦,,,,NOT_CHECKED,15,,NOT_STARTED,NOT_BUILT,NOT_TESTED,JPN_PRIMARY; MLG_CN_CONTEXT_AUXILIARY,mechanical template; resource_class=LOOSE_OLANG; source_objects=1
007E2F18,776,9280,9280,1,,page:tag:entity1521:key00B6DAEC:ref9280:ord4,●チコ救出,●対装甲車戦,ミッション情報,,,,NOT_CHECKED,18,,NOT_STARTED,NOT_BUILT,NOT_TESTED,JPN_PRIMARY; MLG_CN_CONTEXT_AUXILIARY,mechanical template; resource_class=LOOSE_OLANG; source_objects=1
007E2F18,777,9292,9292,1,,page:tag:entity1519:key00B6DAEA:ref9292:ord4,ミッション情報,●決意,●マザーベースでの役割,,,,NOT_CHECKED,9,,NOT_STARTED,NOT_BUILT,NOT_TESTED,JPN_PRIMARY; MLG_CN_CONTEXT_AUXILIARY,mechanical template; resource_class=LOOSE_OLANG; source_objects=1
007E2F18,778,9304,9304,1,,page:tag:entity1517:key00B6DAE8:ref9304:ord4,●マザーベースでの役割,●チコ,●父親,,,,NOT_CHECKED,9,,NOT_STARTED,NOT_BUILT,NOT_TESTED,JPN_PRIMARY; MLG_CN_CONTEXT_AUXILIARY,mechanical template; resource_class=LOOSE_OLANG; source_objects=1
007E2F18,779,9310,9310,1,,page:tag:entity1516:key00B6DAE7:ref9310:ord4,●チコ,●父親,●マラリア,,,,NOT_CHECKED,9,,NOT_STARTED,NOT_BUILT,NOT_TESTED,JPN_PRIMARY; MLG_CN_CONTEXT_AUXILIARY,mechanical template; resource_class=LOOSE_OLANG; source_objects=1
007E2F18,780,9316,9316,1,,page:tag:entity1515:key00B6DAE6:ref9316:ord4,●父親,●マラリア,●FSLNへ,,,,NOT_CHECKED,15,,NOT_STARTED,NOT_BUILT,NOT_TESTED,JPN_PRIMARY; MLG_CN_CONTEXT_AUXILIARY,mechanical template; resource_class=LOOSE_OLANG; source_objects=1
007E2F18,781,9322,9322,1,,page:tag:entity1514:key00B6DACF:ref9322:ord4,●マラリア,●FSLNへ,自分について,,,,NOT_CHECKED,10,,NOT_STARTED,NOT_BUILT,NOT_TESTED,JPN_PRIMARY; MLG_CN_CONTEXT_AUXILIARY,mechanical template; resource_class=LOOSE_OLANG; source_objects=1
007E2F18,782,9334,9334,1,,page:tag:entity1512:key00B6DACD:ref9334:ord4,自分について,●ウィリアム・ウォーカー,●麻薬,,,,NOT_CHECKED,36,,NOT_STARTED,NOT_BUILT,NOT_TESTED,JPN_PRIMARY; MLG_CN_CONTEXT_AUXILIARY,mechanical template; resource_class=LOOSE_OLANG; source_objects=1
007E2F18,783,9340,9340,1,,page:tag:entity1511:key00B6DACC:ref9340:ord4,●ウィリアム・ウォーカー,●麻薬,●プランテーション,,,,NOT_CHECKED,9,,NOT_STARTED,NOT_BUILT,NOT_TESTED,JPN_PRIMARY; MLG_CN_CONTEXT_AUXILIARY,mechanical template; resource_class=LOOSE_OLANG; source_objects=1
007E2F18,784,9346,9346,1,,page:tag:entity1510:key00B6DACB:ref9346:ord4,●麻薬,●プランテーション,米国との関係,,,,NOT_CHECKED,27,,NOT_STARTED,NOT_BUILT,NOT_TESTED,JPN_PRIMARY; MLG_CN_CONTEXT_AUXILIARY,mechanical template; resource_class=LOOSE_OLANG; source_objects=1
007E2F18,785,9352,9352,1,,page:tag:entity1509:key00B6DACA:ref9352:ord4,●プランテーション,米国との関係,●CIA側の兵力,,,,NOT_CHECKED,18,,NOT_STARTED,NOT_BUILT,NOT_TESTED,JPN_PRIMARY; MLG_CN_CONTEXT_AUXILIARY,mechanical template; resource_class=LOOSE_OLANG; source_objects=1
007E2F18,786,9358,9358,1,,page:tag:entity1508:key00B6DAC9:ref9358:ord4,米国との関係,●CIA側の兵力,・アブダクション,,,,NOT_CHECKED,18,,NOT_STARTED,NOT_BUILT,NOT_TESTED,JPN_PRIMARY; MLG_CN_CONTEXT_AUXILIARY,mechanical template; resource_class=LOOSE_OLANG; source_objects=1
007E2F18,787,9364,9364,1,,page:tag:entity1507:key00B6DAC8:ref9364:ord4,●CIA側の兵力,・アブダクション,●オンブレ・ヌエボ,,,,NOT_CHECKED,24,,NOT_STARTED,NOT_BUILT,NOT_TESTED,JPN_PRIMARY; MLG_CN_CONTEXT_AUXILIARY,mechanical template; resource_class=LOOSE_OLANG; source_objects=1
007E2F18,788,9370,9370,1,,page:tag:entity1506:key00B6DAC7:ref9370:ord4,・アブダクション,●オンブレ・ヌエボ,敵兵力,,,,NOT_CHECKED,27,,NOT_STARTED,NOT_BUILT,NOT_TESTED,JPN_PRIMARY; MLG_CN_CONTEXT_AUXILIARY,mechanical template; resource_class=LOOSE_OLANG; source_objects=1
007E2F18,789,9376,9376,1,,page:tag:entity1505:key00B6DAC6:ref9376:ord4,●オンブレ・ヌエボ,敵兵力,●エル・チェ,,,,NOT_CHECKED,9,,NOT_STARTED,NOT_BUILT,NOT_TESTED,JPN_PRIMARY; MLG_CN_CONTEXT_AUXILIARY,mechanical template; resource_class=LOOSE_OLANG; source_objects=1
007E2F18,790,9382,9382,1,,page:tag:entity1504:key00B6D7EF:ref9382:ord4,敵兵力,●エル・チェ,●平和のための革命,,,,NOT_CHECKED,18,,NOT_STARTED,NOT_BUILT,NOT_TESTED,JPN_PRIMARY; MLG_CN_CONTEXT_AUXILIARY,mechanical template; resource_class=LOOSE_OLANG; source_objects=1
007E2F18,791,9388,9388,1,,page:tag:entity1503:key00B6D7EE:ref9388:ord4,●エル・チェ,●平和のための革命,●「スイカ売り」,,,,NOT_CHECKED,27,,NOT_STARTED,NOT_BUILT,NOT_TESTED,JPN_PRIMARY; MLG_CN_CONTEXT_AUXILIARY,mechanical template; resource_class=LOOSE_OLANG; source_objects=1
007E2F18,792,9394,9394,1,,page:tag:entity1502:key00B6D7ED:ref9394:ord4,●平和のための革命,●「スイカ売り」,●サンディーノ将軍,,,,NOT_CHECKED,24,,NOT_STARTED,NOT_BUILT,NOT_TESTED,JPN_PRIMARY; MLG_CN_CONTEXT_AUXILIARY,mechanical template; resource_class=LOOSE_OLANG; source_objects=1
007E2F18,793,9400,9400,1,,page:tag:entity1501:key00B6D7EC:ref9400:ord4,●「スイカ売り」,●サンディーノ将軍,●ＦＳＬＮ,,,,NOT_CHECKED,27,,NOT_STARTED,NOT_BUILT,NOT_TESTED,JPN_PRIMARY; MLG_CN_CONTEXT_AUXILIARY,mechanical template; resource_class=LOOSE_OLANG; source_objects=1
007E2F18,794,9406,9406,1,,page:tag:entity1500:key00B6D7EB:ref9406:ord4,●サンディーノ将軍,●ＦＳＬＮ,ＦＳＬＮ,,,,NOT_CHECKED,15,,NOT_STARTED,NOT_BUILT,NOT_TESTED,JPN_PRIMARY; MLG_CN_CONTEXT_AUXILIARY,mechanical template; resource_class=LOOSE_OLANG; source_objects=1
007E2F18,795,9412,9412,1,,page:tag:entity1499:key00B6D7EA:ref9412:ord4,●ＦＳＬＮ,ＦＳＬＮ,●オメテペ島,,,,NOT_CHECKED,12,,NOT_STARTED,NOT_BUILT,NOT_TESTED,JPN_PRIMARY; MLG_CN_CONTEXT_AUXILIARY,mechanical template; resource_class=LOOSE_OLANG; source_objects=1
007E2F18,796,9418,9418,1,,page:tag:entity1498:key00B6D7E9:ref9418:ord4,ＦＳＬＮ,●オメテペ島,●サン・ファン河,,,,NOT_CHECKED,18,,NOT_STARTED,NOT_BUILT,NOT_TESTED,JPN_PRIMARY; MLG_CN_CONTEXT_AUXILIARY,mechanical template; resource_class=LOOSE_OLANG; source_objects=1
007E2F18,797,9424,9424,1,,page:tag:entity1497:key00B6D7E8:ref9424:ord4,●オメテペ島,●サン・ファン河,・マナグア地震,,,,NOT_CHECKED,24,,NOT_STARTED,NOT_BUILT,NOT_TESTED,JPN_PRIMARY; MLG_CN_CONTEXT_AUXILIARY,mechanical template; resource_class=LOOSE_OLANG; source_objects=1
007E2F18,798,9430,9430,1,,page:tag:entity1496:key00B6D7E7:ref9430:ord4,●サン・ファン河,・マナグア地震,・サンディーノの暗殺,,,,NOT_CHECKED,21,,NOT_STARTED,NOT_BUILT,NOT_TESTED,JPN_PRIMARY; MLG_CN_CONTEXT_AUXILIARY,mechanical template; resource_class=LOOSE_OLANG; source_objects=1
007E2F18,799,9436,9436,1,,page:tag:entity1495:key00B6D7E6:ref9436:ord4,・マナグア地震,・サンディーノの暗殺,●ソモサ,,,,NOT_CHECKED,30,,NOT_STARTED,NOT_BUILT,NOT_TESTED,JPN_PRIMARY; MLG_CN_CONTEXT_AUXILIARY,mechanical template; resource_class=LOOSE_OLANG; source_objects=1
007E2F18,800,9442,9442,1,,page:tag:entity1494:key00B6D7CF:ref9442:ord4,・サンディーノの暗殺,●ソモサ,・将軍の反旗,,,,NOT_CHECKED,12,,NOT_STARTED,NOT_BUILT,NOT_TESTED,JPN_PRIMARY; MLG_CN_CONTEXT_AUXILIARY,mechanical template; resource_class=LOOSE_OLANG; source_objects=1
007E2F18,801,9448,9448,1,,page:tag:entity1493:key00B6D7CE:ref9448:ord4,●ソモサ,・将軍の反旗,・ニカラグア運河,,,,NOT_CHECKED,18,,NOT_STARTED,NOT_BUILT,NOT_TESTED,JPN_PRIMARY; MLG_CN_CONTEXT_AUXILIARY,mechanical template; resource_class=LOOSE_OLANG; source_objects=1
007E2F18,802,9454,9454,1,,page:tag:entity1492:key00B6D7CD:ref9454:ord4,・将軍の反旗,・ニカラグア運河,●歴史,,,,NOT_CHECKED,24,,NOT_STARTED,NOT_BUILT,NOT_TESTED,JPN_PRIMARY; MLG_CN_CONTEXT_AUXILIARY,mechanical template; resource_class=LOOSE_OLANG; source_objects=1
007E2F18,803,9460,9460,1,,page:tag:entity1491:key00B6D7CC:ref9460:ord4,・ニカラグア運河,●歴史,ニカラグア,,,,NOT_CHECKED,9,,NOT_STARTED,NOT_BUILT,NOT_TESTED,JPN_PRIMARY; MLG_CN_CONTEXT_AUXILIARY,mechanical template; resource_class=LOOSE_OLANG; source_objects=1
007E2F18,804,9466,9466,1,,page:tag:entity1490:key00B6D7CB:ref9466:ord4,●歴史,ニカラグア,●コスタリカ沿岸,,,,NOT_CHECKED,15,,NOT_STARTED,NOT_BUILT,NOT_TESTED,JPN_PRIMARY; MLG_CN_CONTEXT_AUXILIARY,mechanical template; resource_class=LOOSE_OLANG; source_objects=1
007E2F18,805,9472,9472,1,,page:tag:entity1489:key00B6D7CA:ref9472:ord4,ニカラグア,●コスタリカ沿岸,●採掘場底部,,,,NOT_CHECKED,24,,NOT_STARTED,NOT_BUILT,NOT_TESTED,JPN_PRIMARY; MLG_CN_CONTEXT_AUXILIARY,mechanical template; resource_class=LOOSE_OLANG; source_objects=1
007E2F18,806,9478,9478,1,,page:tag:entity1488:key00B6D7C9:ref9478:ord4,●コスタリカ沿岸,●採掘場底部,●採掘場居住区,,,,NOT_CHECKED,18,,NOT_STARTED,NOT_BUILT,NOT_TESTED,JPN_PRIMARY; MLG_CN_CONTEXT_AUXILIARY,mechanical template; resource_class=LOOSE_OLANG; source_objects=1
007E2F18,807,9484,9484,1,,page:tag:entity1487:key00B6D7C8:ref9484:ord4,●採掘場底部,●採掘場居住区,コスタリカ・採掘場偽装基地,,,,NOT_CHECKED,21,,NOT_STARTED,NOT_BUILT,NOT_TESTED,JPN_PRIMARY; MLG_CN_CONTEXT_AUXILIARY,mechanical template; resource_class=LOOSE_OLANG; source_objects=1
007E2F18,808,9490,9490,1,,page:tag:entity1486:key00B6D7C7:ref9490:ord4,●採掘場居住区,コスタリカ・採掘場偽装基地,●人工知性研究所,,,,NOT_CHECKED,39,,NOT_STARTED,NOT_BUILT,NOT_TESTED,JPN_PRIMARY; MLG_CN_CONTEXT_AUXILIARY,mechanical template; resource_class=LOOSE_OLANG; source_objects=1
007E2F18,809,9496,9496,1,,page:tag:entity1485:key00B6D7C6:ref9496:ord4,コスタリカ・採掘場偽装基地,●人工知性研究所,●リュイナス・デ・ショチケツァル,,,,NOT_CHECKED,24,,NOT_STARTED,NOT_BUILT,NOT_TESTED,JPN_PRIMARY; MLG_CN_CONTEXT_AUXILIARY,mechanical template; resource_class=LOOSE_OLANG; source_objects=1
007E2F18,810,9502,9502,1,,page:tag:entity1484:key00B6D7AF:ref9502:ord4,●人工知性研究所,●リュイナス・デ・ショチケツァル,●セルバ・デ・ラ・ムエルテ,,,,NOT_CHECKED,48,,NOT_STARTED,NOT_BUILT,NOT_TESTED,JPN_PRIMARY; MLG_CN_CONTEXT_AUXILIARY,mechanical template; resource_class=LOOSE_OLANG; source_objects=1
007E2F18,811,9508,9508,1,,page:tag:entity1483:key00B6D7AE:ref9508:ord4,●リュイナス・デ・ショチケツァル,●セルバ・デ・ラ・ムエルテ,●カタラタ・デ・ラ・ムエルテ,,,,NOT_CHECKED,39,,NOT_STARTED,NOT_BUILT,NOT_TESTED,JPN_PRIMARY; MLG_CN_CONTEXT_AUXILIARY,mechanical template; resource_class=LOOSE_OLANG; source_objects=1
007E2F18,812,9514,9514,1,,page:tag:entity1482:key00B6D7AD:ref9514:ord4,●セルバ・デ・ラ・ムエルテ,●カタラタ・デ・ラ・ムエルテ,●セルバ・デ・ラ・レチェ / 坂道,,,,NOT_CHECKED,42,,NOT_STARTED,NOT_BUILT,NOT_TESTED,JPN_PRIMARY; MLG_CN_CONTEXT_AUXILIARY,mechanical template; resource_class=LOOSE_OLANG; source_objects=1
007E2F18,813,9520,9520,1,,page:tag:entity1481:key00B6D7AC:ref9520:ord4,●カタラタ・デ・ラ・ムエルテ,●セルバ・デ・ラ・レチェ / 坂道,●セルバ・デ・ラ・レチェ / ジャングル,,,,NOT_CHECKED,45,,NOT_STARTED,NOT_BUILT,NOT_TESTED,JPN_PRIMARY; MLG_CN_CONTEXT_AUXILIARY,mechanical template; resource_class=LOOSE_OLANG; source_objects=1
007E2F18,814,9526,9526,1,,page:tag:entity1480:key00B6D7AB:ref9526:ord4,●セルバ・デ・ラ・レチェ / 坂道,●セルバ・デ・ラ・レチェ / ジャングル,コスタリカ・エレディア中央,,,,NOT_CHECKED,54,,NOT_STARTED,NOT_BUILT,NOT_TESTED,JPN_PRIMARY; MLG_CN_CONTEXT_AUXILIARY,mechanical template; resource_class=LOOSE_OLANG; source_objects=1
007E2F18,815,9532,9532,1,,page:tag:entity1479:key00B6D7AA:ref9532:ord4,●セルバ・デ・ラ・レチェ / ジャングル,コスタリカ・エレディア中央,●火口内基地,,,,NOT_CHECKED,39,,NOT_STARTED,NOT_BUILT,NOT_TESTED,JPN_PRIMARY; MLG_CN_CONTEXT_AUXILIARY,mechanical template; resource_class=LOOSE_OLANG; source_objects=1
007E2F18,816,9538,9538,1,,page:tag:entity1478:key00B6D7A9:ref9538:ord4,コスタリカ・エレディア中央,●火口内基地,●フェルテ・ラ・ラデラ,,,,NOT_CHECKED,18,,NOT_STARTED,NOT_BUILT,NOT_TESTED,JPN_PRIMARY; MLG_CN_CONTEXT_AUXILIARY,mechanical template; resource_class=LOOSE_OLANG; source_objects=1
007E2F18,817,9544,9544,1,,page:tag:entity1477:key00B6D7A8:ref9544:ord4,●火口内基地,●フェルテ・ラ・ラデラ,●ロス・カントス / 尾根,,,,NOT_CHECKED,33,,NOT_STARTED,NOT_BUILT,NOT_TESTED,JPN_PRIMARY; MLG_CN_CONTEXT_AUXILIARY,mechanical template; resource_class=LOOSE_OLANG; source_objects=1
007E2F18,818,9550,9550,1,,page:tag:entity1476:key00B6D7A7:ref9550:ord4,●フェルテ・ラ・ラデラ,●ロス・カントス / 尾根,●ロス・カントス / 渓谷,,,,NOT_CHECKED,33,,NOT_STARTED,NOT_BUILT,NOT_TESTED,JPN_PRIMARY; MLG_CN_CONTEXT_AUXILIARY,mechanical template; resource_class=LOOSE_OLANG; source_objects=1
007E2F18,819,9556,9556,1,,page:tag:entity1475:key00B6D7A6:ref9556:ord4,●ロス・カントス / 尾根,●ロス・カントス / 渓谷,●エル・カダルソ,,,,NOT_CHECKED,33,,NOT_STARTED,NOT_BUILT,NOT_TESTED,JPN_PRIMARY; MLG_CN_CONTEXT_AUXILIARY,mechanical template; resource_class=LOOSE_OLANG; source_objects=1
007E2F18,820,9562,9562,1,,page:tag:entity1474:key00B6D78F:ref9562:ord4,●ロス・カントス / 渓谷,●エル・カダルソ,●カフェタル・アロマ・エンカンタド,,,,NOT_CHECKED,24,,NOT_STARTED,NOT_BUILT,NOT_TESTED,JPN_PRIMARY; MLG_CN_CONTEXT_AUXILIARY,mechanical template; resource_class=LOOSE_OLANG; source_objects=1
007E2F18,821,9568,9568,1,,page:tag:entity1473:key00B6D78E:ref9568:ord4,●エル・カダルソ,●カフェタル・アロマ・エンカンタド,●アルデア・ロス・デスピェルトス,,,,NOT_CHECKED,51,,NOT_STARTED,NOT_BUILT,NOT_TESTED,JPN_PRIMARY; MLG_CN_CONTEXT_AUXILIARY,mechanical template; resource_class=LOOSE_OLANG; source_objects=1
007E2F18,822,9574,9574,1,,page:tag:entity1472:key00B6D78D:ref9574:ord4,●カフェタル・アロマ・エンカンタド,●アルデア・ロス・デスピェルトス,●カミーノ・デ・ラーバ / 三叉路,,,,NOT_CHECKED,48,,NOT_STARTED,NOT_BUILT,NOT_TESTED,JPN_PRIMARY; MLG_CN_CONTEXT_AUXILIARY,mechanical template; resource_class=LOOSE_OLANG; source_objects=1
007E2F18,823,9580,9580,1,,page:tag:entity1471:key00B6D78C:ref9580:ord4,●アルデア・ロス・デスピェルトス,●カミーノ・デ・ラーバ / 三叉路,●カミーノ・デ・ラーバ / 坂道,,,,NOT_CHECKED,45,,NOT_STARTED,NOT_BUILT,NOT_TESTED,JPN_PRIMARY; MLG_CN_CONTEXT_AUXILIARY,mechanical template; resource_class=LOOSE_OLANG; source_objects=1
007E2F18,824,9586,9586,1,,page:tag:entity1470:key00B6D78B:ref9586:ord4,●カミーノ・デ・ラーバ / 三叉路,●カミーノ・デ・ラーバ / 坂道,コスタリカ・イラス山,,,,NOT_CHECKED,42,,NOT_STARTED,NOT_BUILT,NOT_TESTED,JPN_PRIMARY; MLG_CN_CONTEXT_AUXILIARY,mechanical template; resource_class=LOOSE_OLANG; source_objects=1
007E2F18,825,9592,9592,1,,page:tag:entity1469:key00B6D78A:ref9592:ord4,●カミーノ・デ・ラーバ / 坂道,コスタリカ・イラス山,●バナネル・フルタ・デ・オロ / 農場,,,,NOT_CHECKED,30,,NOT_STARTED,NOT_BUILT,NOT_TESTED,JPN_PRIMARY; MLG_CN_CONTEXT_AUXILIARY,mechanical template; resource_class=LOOSE_OLANG; source_objects=1
007E2F18,826,9598,9598,1,,page:tag:entity1468:key00B6D789:ref9598:ord4,コスタリカ・イラス山,●バナネル・フルタ・デ・オロ / 農場,●バナネル・フルタ・デ・オロ / 選別所,,,,NOT_CHECKED,51,,NOT_STARTED,NOT_BUILT,NOT_TESTED,JPN_PRIMARY; MLG_CN_CONTEXT_AUXILIARY,mechanical template; resource_class=LOOSE_OLANG; source_objects=1
007E2F18,827,9604,9604,1,,page:tag:entity1467:key00B6D788:ref9604:ord4,●バナネル・フルタ・デ・オロ / 農場,●バナネル・フルタ・デ・オロ / 選別所,●リオ・デル・ハーデ,,,,NOT_CHECKED,54,,NOT_STARTED,NOT_BUILT,NOT_TESTED,JPN_PRIMARY; MLG_CN_CONTEXT_AUXILIARY,mechanical template; resource_class=LOOSE_OLANG; source_objects=1
007E2F18,828,9610,9610,1,,page:tag:entity1466:key00B6D787:ref9610:ord4,●バナネル・フルタ・デ・オロ / 選別所,●リオ・デル・ハーデ,●エル・セナガル / 沼地,,,,NOT_CHECKED,30,,NOT_STARTED,NOT_BUILT,NOT_TESTED,JPN_PRIMARY; MLG_CN_CONTEXT_AUXILIARY,mechanical template; resource_class=LOOSE_OLANG; source_objects=1
007E2F18,829,9616,9616,1,,page:tag:entity1465:key00B6D786:ref9616:ord4,●リオ・デル・ハーデ,●エル・セナガル / 沼地,●エル・セナガル / 峡谷,,,,NOT_CHECKED,33,,NOT_STARTED,NOT_BUILT,NOT_TESTED,JPN_PRIMARY; MLG_CN_CONTEXT_AUXILIARY,mechanical template; resource_class=LOOSE_OLANG; source_objects=1
007E2F18,830,9622,9622,1,,page:tag:entity1464:key00B6D76F:ref9622:ord4,●エル・セナガル / 沼地,●エル・セナガル / 峡谷,●エル・セナガル / ジャングル,,,,NOT_CHECKED,33,,NOT_STARTED,NOT_BUILT,NOT_TESTED,JPN_PRIMARY; MLG_CN_CONTEXT_AUXILIARY,mechanical template; resource_class=LOOSE_OLANG; source_objects=1
007E2F18,831,9628,9628,1,,page:tag:entity1463:key00B6D76E:ref9628:ord4,●エル・セナガル / 峡谷,●エル・セナガル / ジャングル,コスタリカ・リモン東,,,,NOT_CHECKED,42,,NOT_STARTED,NOT_BUILT,NOT_TESTED,JPN_PRIMARY; MLG_CN_CONTEXT_AUXILIARY,mechanical template; resource_class=LOOSE_OLANG; source_objects=1
007E2F18,832,9634,9634,1,,page:tag:entity1462:key00B6D76D:ref9634:ord4,●エル・セナガル / ジャングル,コスタリカ・リモン東,●プエルト・デル・アルバ,,,,NOT_CHECKED,30,,NOT_STARTED,NOT_BUILT,NOT_TESTED,JPN_PRIMARY; MLG_CN_CONTEXT_AUXILIARY,mechanical template; resource_class=LOOSE_OLANG; source_objects=1
007E2F18,833,9640,9640,1,,page:tag:entity1461:key00B6D76C:ref9640:ord4,コスタリカ・リモン東,●プエルト・デル・アルバ,●ボスケ・デル・アルバ,,,,NOT_CHECKED,36,,NOT_STARTED,NOT_BUILT,NOT_TESTED,JPN_PRIMARY; MLG_CN_CONTEXT_AUXILIARY,mechanical template; resource_class=LOOSE_OLANG; source_objects=1
007E2F18,834,9646,9646,1,,page:tag:entity1460:key00B6D76B:ref9646:ord4,●プエルト・デル・アルバ,●ボスケ・デル・アルバ,●プラヤ・デル・アルバ,,,,NOT_CHECKED,33,,NOT_STARTED,NOT_BUILT,NOT_TESTED,JPN_PRIMARY; MLG_CN_CONTEXT_AUXILIARY,mechanical template; resource_class=LOOSE_OLANG; source_objects=1
007E2F18,835,9652,9652,1,,page:tag:entity1459:key00B6D76A:ref9652:ord4,●ボスケ・デル・アルバ,●プラヤ・デル・アルバ,コスタリカ・カリブ海沿岸,,,,NOT_CHECKED,33,,NOT_STARTED,NOT_BUILT,NOT_TESTED,JPN_PRIMARY; MLG_CN_CONTEXT_AUXILIARY,mechanical template; resource_class=LOOSE_OLANG; source_objects=1
007E2F18,836,9658,9658,1,,page:tag:entity1458:key00B6D769:ref9658:ord4,●プラヤ・デル・アルバ,コスタリカ・カリブ海沿岸,●マザーベースでの役割,,,,NOT_CHECKED,36,,NOT_STARTED,NOT_BUILT,NOT_TESTED,JPN_PRIMARY; MLG_CN_CONTEXT_AUXILIARY,mechanical template; resource_class=LOOSE_OLANG; source_objects=1
007E2F18,837,9670,9670;10276,2,,page:tag:entity1456:key00B6D767:ref9670:ord4;page:tag:entity1355:key00B6D366:ref10276:ord4,●マザーベースでの役割,●生い立ち,●ピースサイン,,,,NOT_CHECKED,15,,NOT_STARTED,NOT_BUILT,NOT_TESTED,JPN_PRIMARY; MLG_CN_CONTEXT_AUXILIARY,mechanical template; resource_class=LOOSE_OLANG; source_objects=2
007E2F18,838,9676,9676,1,,page:tag:entity1455:key00B6D766:ref9676:ord4,●生い立ち,●ピースサイン,●名前の由来,,,,NOT_CHECKED,21,,NOT_STARTED,NOT_BUILT,NOT_TESTED,JPN_PRIMARY; MLG_CN_CONTEXT_AUXILIARY,mechanical template; resource_class=LOOSE_OLANG; source_objects=1
007E2F18,839,9682,9682,1,,page:tag:entity1454:key00B6D74F:ref9682:ord4,●ピースサイン,●名前の由来,自分について,,,,NOT_CHECKED,18,,NOT_STARTED,NOT_BUILT,NOT_TESTED,JPN_PRIMARY; MLG_CN_CONTEXT_AUXILIARY,mechanical template; resource_class=LOOSE_OLANG; source_objects=1
007E2F18,840,9694,9694,1,,page:tag:entity1452:key00B6D74D:ref9694:ord4,自分について,●コスタリカ開発公社,●生物の多様性,,,,NOT_CHECKED,30,,NOT_STARTED,NOT_BUILT,NOT_TESTED,JPN_PRIMARY; MLG_CN_CONTEXT_AUXILIARY,mechanical template; resource_class=LOOSE_OLANG; source_objects=1
007E2F18,841,9700,9700,1,,page:tag:entity1451:key00B6D74C:ref9700:ord4,●コスタリカ開発公社,●生物の多様性,●モルフォ蝶,,,,NOT_CHECKED,21,,NOT_STARTED,NOT_BUILT,NOT_TESTED,JPN_PRIMARY; MLG_CN_CONTEXT_AUXILIARY,mechanical template; resource_class=LOOSE_OLANG; source_objects=1
007E2F18,842,9706,9706,1,,page:tag:entity1450:key00B6D74B:ref9706:ord4,●生物の多様性,●モルフォ蝶,・熱帯雲霧林,,,,NOT_CHECKED,18,,NOT_STARTED,NOT_BUILT,NOT_TESTED,JPN_PRIMARY; MLG_CN_CONTEXT_AUXILIARY,mechanical template; resource_class=LOOSE_OLANG; source_objects=1
007E2F18,843,9712,9712,1,,page:tag:entity1449:key00B6D74A:ref9712:ord4,●モルフォ蝶,・熱帯雲霧林,・熱帯乾燥林,,,,NOT_CHECKED,18,,NOT_STARTED,NOT_BUILT,NOT_TESTED,JPN_PRIMARY; MLG_CN_CONTEXT_AUXILIARY,mechanical template; resource_class=LOOSE_OLANG; source_objects=1
007E2F18,844,9718,9718,1,,page:tag:entity1448:key00B6D749:ref9718:ord4,・熱帯雲霧林,・熱帯乾燥林,・熱帯雨林,,,,NOT_CHECKED,18,,NOT_STARTED,NOT_BUILT,NOT_TESTED,JPN_PRIMARY; MLG_CN_CONTEXT_AUXILIARY,mechanical template; resource_class=LOOSE_OLANG; source_objects=1
007E2F18,845,9724,9724,1,,page:tag:entity1447:key00B6D748:ref9724:ord4,・熱帯乾燥林,・熱帯雨林,●コスタリカの熱帯林,,,,NOT_CHECKED,15,,NOT_STARTED,NOT_BUILT,NOT_TESTED,JPN_PRIMARY; MLG_CN_CONTEXT_AUXILIARY,mechanical template; resource_class=LOOSE_OLANG; source_objects=1
007E2F18,846,9730,9730,1,,page:tag:entity1446:key00B6D747:ref9730:ord4,・熱帯雨林,●コスタリカの熱帯林,コスタリカの自然,,,,NOT_CHECKED,30,,NOT_STARTED,NOT_BUILT,NOT_TESTED,JPN_PRIMARY; MLG_CN_CONTEXT_AUXILIARY,mechanical template; resource_class=LOOSE_OLANG; source_objects=1
007E2F18,847,9736,9736,1,,page:tag:entity1445:key00B6D746:ref9736:ord4,●コスタリカの熱帯林,コスタリカの自然,●永遠平和のために,,,,NOT_CHECKED,24,,NOT_STARTED,NOT_BUILT,NOT_TESTED,JPN_PRIMARY; MLG_CN_CONTEXT_AUXILIARY,mechanical template; resource_class=LOOSE_OLANG; source_objects=1
007E2F18,848,9742,9742,1,,page:tag:entity1444:key00B6D72F:ref9742:ord4,コスタリカの自然,●永遠平和のために,●日本の平和憲法,,,,NOT_CHECKED,27,,NOT_STARTED,NOT_BUILT,NOT_TESTED,JPN_PRIMARY; MLG_CN_CONTEXT_AUXILIARY,mechanical template; resource_class=LOOSE_OLANG; source_objects=1
007E2F18,849,9748,9748;10330,2,,page:tag:entity1443:key00B6D72E:ref9748:ord4;page:tag:entity1346:key00B6D347:ref10330:ord4,●永遠平和のために,●日本の平和憲法,●軍隊を廃止した理由,,,,NOT_CHECKED,24,,NOT_STARTED,NOT_BUILT,NOT_TESTED,JPN_PRIMARY; MLG_CN_CONTEXT_AUXILIARY,mechanical template; resource_class=LOOSE_OLANG; source_objects=2
007E2F18,850,9754,9754,1,,page:tag:entity1442:key00B6D72D:ref9754:ord4,●日本の平和憲法,●軍隊を廃止した理由,・平和を維持するには,,,,NOT_CHECKED,30,,NOT_STARTED,NOT_BUILT,NOT_TESTED,JPN_PRIMARY; MLG_CN_CONTEXT_AUXILIARY,mechanical template; resource_class=LOOSE_OLANG; source_objects=1
007E2F18,851,9760,9760,1,,page:tag:entity1441:key00B6D72C:ref9760:ord4,●軍隊を廃止した理由,・平和を維持するには,●憲法第１２条,,,,NOT_CHECKED,30,,NOT_STARTED,NOT_BUILT,NOT_TESTED,JPN_PRIMARY; MLG_CN_CONTEXT_AUXILIARY,mechanical template; resource_class=LOOSE_OLANG; source_objects=1
007E2F18,852,9766,9766,1,,page:tag:entity1440:key00B6D72B:ref9766:ord4,・平和を維持するには,●憲法第１２条,コスタリカの非武装中立,,,,NOT_CHECKED,21,,NOT_STARTED,NOT_BUILT,NOT_TESTED,JPN_PRIMARY; MLG_CN_CONTEXT_AUXILIARY,mechanical template; resource_class=LOOSE_OLANG; source_objects=1
007E2F18,853,9772,9772,1,,page:tag:entity1439:key00B6D72A:ref9772:ord4,●憲法第１２条,コスタリカの非武装中立,●コスタリカの遺跡,,,,NOT_CHECKED,33,,NOT_STARTED,NOT_BUILT,NOT_TESTED,JPN_PRIMARY; MLG_CN_CONTEXT_AUXILIARY,mechanical template; resource_class=LOOSE_OLANG; source_objects=1
007E2F18,854,9778,9778,1,,page:tag:entity1438:key00B6D729:ref9778:ord4,コスタリカの非武装中立,●コスタリカの遺跡,●コスタリカコーヒー,,,,NOT_CHECKED,27,,NOT_STARTED,NOT_BUILT,NOT_TESTED,JPN_PRIMARY; MLG_CN_CONTEXT_AUXILIARY,mechanical template; resource_class=LOOSE_OLANG; source_objects=1
007E2F18,855,9784,9784,1,,page:tag:entity1437:key00B6D728:ref9784:ord4,●コスタリカの遺跡,●コスタリカコーヒー,・ガルベス教授,,,,NOT_CHECKED,30,,NOT_STARTED,NOT_BUILT,NOT_TESTED,JPN_PRIMARY; MLG_CN_CONTEXT_AUXILIARY,mechanical template; resource_class=LOOSE_OLANG; source_objects=1
007E2F18,856,9790,9790,1,,page:tag:entity1436:key00B6D727:ref9790:ord4,●コスタリカコーヒー,・ガルベス教授,●国連平和大学,,,,NOT_CHECKED,21,,NOT_STARTED,NOT_BUILT,NOT_TESTED,JPN_PRIMARY; MLG_CN_CONTEXT_AUXILIARY,mechanical template; resource_class=LOOSE_OLANG; source_objects=1
007E2F18,857,9796,9796,1,,page:tag:entity1435:key00B6D726:ref9796:ord4,・ガルベス教授,●国連平和大学,●政策転換,,,,NOT_CHECKED,21,,NOT_STARTED,NOT_BUILT,NOT_TESTED,JPN_PRIMARY; MLG_CN_CONTEXT_AUXILIARY,mechanical template; resource_class=LOOSE_OLANG; source_objects=1
007E2F18,858,9802,9802,1,,page:tag:entity1434:key00B6D70F:ref9802:ord4,●国連平和大学,●政策転換,●内戦,,,,NOT_CHECKED,15,,NOT_STARTED,NOT_BUILT,NOT_TESTED,JPN_PRIMARY; MLG_CN_CONTEXT_AUXILIARY,mechanical template; resource_class=LOOSE_OLANG; source_objects=1
007E2F18,859,9808,9808,1,,page:tag:entity1433:key00B6D70E:ref9808:ord4,●政策転換,●内戦,●国名の由来,,,,NOT_CHECKED,9,,NOT_STARTED,NOT_BUILT,NOT_TESTED,JPN_PRIMARY; MLG_CN_CONTEXT_AUXILIARY,mechanical template; resource_class=LOOSE_OLANG; source_objects=1
007E2F18,860,9814,9814,1,,page:tag:entity1432:key00B6D70D:ref9814:ord4,●内戦,●国名の由来,コスタリカ,,,,NOT_CHECKED,18,,NOT_STARTED,NOT_BUILT,NOT_TESTED,JPN_PRIMARY; MLG_CN_CONTEXT_AUXILIARY,mechanical template; resource_class=LOOSE_OLANG; source_objects=1
007E2F18,861,9820,9820,1,,page:tag:entity1431:key00B6D70C:ref9820:ord4,●国名の由来,コスタリカ,・遠距離,,,,NOT_CHECKED,15,,NOT_STARTED,NOT_BUILT,NOT_TESTED,JPN_PRIMARY; MLG_CN_CONTEXT_AUXILIARY,mechanical template; resource_class=LOOSE_OLANG; source_objects=1
007E2F18,862,9826,9826,1,,page:tag:entity1430:key00B6D70B:ref9826:ord4,コスタリカ,・遠距離,・中距離,,,,NOT_CHECKED,12,,NOT_STARTED,NOT_BUILT,NOT_TESTED,JPN_PRIMARY; MLG_CN_CONTEXT_AUXILIARY,mechanical template; resource_class=LOOSE_OLANG; source_objects=1
007E2F18,863,9832,9832,1,,page:tag:entity1429:key00B6D70A:ref9832:ord4,・遠距離,・中距離,・近距離,,,,NOT_CHECKED,12,,NOT_STARTED,NOT_BUILT,NOT_TESTED,JPN_PRIMARY; MLG_CN_CONTEXT_AUXILIARY,mechanical template; resource_class=LOOSE_OLANG; source_objects=1
007E2F18,864,9838,9838,1,,page:tag:entity1428:key00B6D709:ref9838:ord4,・中距離,・近距離,●武器と戦闘距離,,,,NOT_CHECKED,12,,NOT_STARTED,NOT_BUILT,NOT_TESTED,JPN_PRIMARY; MLG_CN_CONTEXT_AUXILIARY,mechanical template; resource_class=LOOSE_OLANG; source_objects=1
007E2F18,865,9844,9844,1,,page:tag:entity1427:key00B6D708:ref9844:ord4,・近距離,●武器と戦闘距離,戦闘距離,,,,NOT_CHECKED,24,,NOT_STARTED,NOT_BUILT,NOT_TESTED,JPN_PRIMARY; MLG_CN_CONTEXT_AUXILIARY,mechanical template; resource_class=LOOSE_OLANG; source_objects=1
007E2F18,866,9850,9850,1,,page:tag:entity1426:key00B6D707:ref9850:ord4,●武器と戦闘距離,戦闘距離,●兵士のレベル,,,,NOT_CHECKED,12,,NOT_STARTED,NOT_BUILT,NOT_TESTED,JPN_PRIMARY; MLG_CN_CONTEXT_AUXILIARY,mechanical template; resource_class=LOOSE_OLANG; source_objects=1
007E2F18,867,9856,9856,1,,page:tag:entity1425:key00B6D706:ref9856:ord4,戦闘距離,●兵士のレベル,●盾装備兵,,,,NOT_CHECKED,21,,NOT_STARTED,NOT_BUILT,NOT_TESTED,JPN_PRIMARY; MLG_CN_CONTEXT_AUXILIARY,mechanical template; resource_class=LOOSE_OLANG; source_objects=1
007E2F18,868,9862,9862,1,,page:tag:entity1424:key00B6D6EF:ref9862:ord4,●兵士のレベル,●盾装備兵,●随伴兵,,,,NOT_CHECKED,15,,NOT_STARTED,NOT_BUILT,NOT_TESTED,JPN_PRIMARY; MLG_CN_CONTEXT_AUXILIARY,mechanical template; resource_class=LOOSE_OLANG; source_objects=1
007E2F18,869,9868,9868,1,,page:tag:entity1423:key00B6D6EE:ref9868:ord4,●盾装備兵,●随伴兵,●やぐら兵,,,,NOT_CHECKED,12,,NOT_STARTED,NOT_BUILT,NOT_TESTED,JPN_PRIMARY; MLG_CN_CONTEXT_AUXILIARY,mechanical template; resource_class=LOOSE_OLANG; source_objects=1
007E2F18,870,9874,9874,1,,page:tag:entity1422:key00B6D6ED:ref9874:ord4,●随伴兵,●やぐら兵,・ギリースーツ兵,,,,NOT_CHECKED,15,,NOT_STARTED,NOT_BUILT,NOT_TESTED,JPN_PRIMARY; MLG_CN_CONTEXT_AUXILIARY,mechanical template; resource_class=LOOSE_OLANG; source_objects=1
007E2F18,871,9880,9880,1,,page:tag:entity1421:key00B6D6EC:ref9880:ord4,●やぐら兵,・ギリースーツ兵,●偵察兵,,,,NOT_CHECKED,24,,NOT_STARTED,NOT_BUILT,NOT_TESTED,JPN_PRIMARY; MLG_CN_CONTEXT_AUXILIARY,mechanical template; resource_class=LOOSE_OLANG; source_objects=1
007E2F18,872,9886,9886,1,,page:tag:entity1420:key00B6D6EB:ref9886:ord4,・ギリースーツ兵,●偵察兵,・突撃兵,,,,NOT_CHECKED,12,,NOT_STARTED,NOT_BUILT,NOT_TESTED,JPN_PRIMARY; MLG_CN_CONTEXT_AUXILIARY,mechanical template; resource_class=LOOSE_OLANG; source_objects=1
007E2F18,873,9892,9892,1,,page:tag:entity1419:key00B6D6EA:ref9892:ord4,●偵察兵,・突撃兵,●コマンド兵,,,,NOT_CHECKED,12,,NOT_STARTED,NOT_BUILT,NOT_TESTED,JPN_PRIMARY; MLG_CN_CONTEXT_AUXILIARY,mechanical template; resource_class=LOOSE_OLANG; source_objects=1
007E2F18,874,9898,9898,1,,page:tag:entity1418:key00B6D6E9:ref9898:ord4,・突撃兵,●コマンド兵,●哨戒兵・警備兵,,,,NOT_CHECKED,18,,NOT_STARTED,NOT_BUILT,NOT_TESTED,JPN_PRIMARY; MLG_CN_CONTEXT_AUXILIARY,mechanical template; resource_class=LOOSE_OLANG; source_objects=1
007E2F18,875,9904,9904,1,,page:tag:entity1417:key00B6D6E8:ref9904:ord4,●コマンド兵,●哨戒兵・警備兵,●CIAの傭兵,,,,NOT_CHECKED,24,,NOT_STARTED,NOT_BUILT,NOT_TESTED,JPN_PRIMARY; MLG_CN_CONTEXT_AUXILIARY,mechanical template; resource_class=LOOSE_OLANG; source_objects=1
007E2F18,876,9910,9910,1,,page:tag:entity1416:key00B6D6E7:ref9910:ord4,●哨戒兵・警備兵,●CIAの傭兵,敵兵の種類,,,,NOT_CHECKED,15,,NOT_STARTED,NOT_BUILT,NOT_TESTED,JPN_PRIMARY; MLG_CN_CONTEXT_AUXILIARY,mechanical template; resource_class=LOOSE_OLANG; source_objects=1
007E2F18,877,9916,9916,1,,page:tag:entity1415:key00B6D6E6:ref9916:ord4,●CIAの傭兵,敵兵の種類,●スネーク装備品奪還,,,,NOT_CHECKED,15,,NOT_STARTED,NOT_BUILT,NOT_TESTED,JPN_PRIMARY; MLG_CN_CONTEXT_AUXILIARY,mechanical template; resource_class=LOOSE_OLANG; source_objects=1
007E2F18,878,9922,9922,1,,page:tag:entity1414:key00B6D6CF:ref9922:ord4,敵兵の種類,●スネーク装備品奪還,●障害物爆破,,,,NOT_CHECKED,30,,NOT_STARTED,NOT_BUILT,NOT_TESTED,JPN_PRIMARY; MLG_CN_CONTEXT_AUXILIARY,mechanical template; resource_class=LOOSE_OLANG; source_objects=1
007E2F18,879,9928,9928,1,,page:tag:entity1413:key00B6D6CE:ref9928:ord4,●スネーク装備品奪還,●障害物爆破,●ミサイル迎撃,,,,NOT_CHECKED,18,,NOT_STARTED,NOT_BUILT,NOT_TESTED,JPN_PRIMARY; MLG_CN_CONTEXT_AUXILIARY,mechanical template; resource_class=LOOSE_OLANG; source_objects=1
007E2F18,880,9934,9934,1,,page:tag:entity1412:key00B6D6CD:ref9934:ord4,●障害物爆破,●ミサイル迎撃,●輸送トラック爆破,,,,NOT_CHECKED,21,,NOT_STARTED,NOT_BUILT,NOT_TESTED,JPN_PRIMARY; MLG_CN_CONTEXT_AUXILIARY,mechanical template; resource_class=LOOSE_OLANG; source_objects=1
007E2F18,881,9940,9940,1,,page:tag:entity1411:key00B6D6CC:ref9940:ord4,●ミサイル迎撃,●輸送トラック爆破,●拠点防衛,,,,NOT_CHECKED,27,,NOT_STARTED,NOT_BUILT,NOT_TESTED,JPN_PRIMARY; MLG_CN_CONTEXT_AUXILIARY,mechanical template; resource_class=LOOSE_OLANG; source_objects=1
007E2F18,882,9946,9946,1,,page:tag:entity1410:key00B6D6CB:ref9946:ord4,●輸送トラック爆破,●拠点防衛,●重要物資防衛,,,,NOT_CHECKED,15,,NOT_STARTED,NOT_BUILT,NOT_TESTED,JPN_PRIMARY; MLG_CN_CONTEXT_AUXILIARY,mechanical template; resource_class=LOOSE_OLANG; source_objects=1
007E2F18,883,9952,9952,1,,page:tag:entity1409:key00B6D6CA:ref9952:ord4,●拠点防衛,●重要物資防衛,●プーヤン・ミッション,,,,NOT_CHECKED,21,,NOT_STARTED,NOT_BUILT,NOT_TESTED,JPN_PRIMARY; MLG_CN_CONTEXT_AUXILIARY,mechanical template; resource_class=LOOSE_OLANG; source_objects=1
007E2F18,884,9958,9958,1,,page:tag:entity1408:key00B6D6C9:ref9958:ord4,●重要物資防衛,●プーヤン・ミッション,●完全ステルスミッション,,,,NOT_CHECKED,33,,NOT_STARTED,NOT_BUILT,NOT_TESTED,JPN_PRIMARY; MLG_CN_CONTEXT_AUXILIARY,mechanical template; resource_class=LOOSE_OLANG; source_objects=1
007E2F18,885,9964,9964,1,,page:tag:entity1407:key00B6D6C8:ref9964:ord4,●プーヤン・ミッション,●完全ステルスミッション,●スナイピング,,,,NOT_CHECKED,36,,NOT_STARTED,NOT_BUILT,NOT_TESTED,JPN_PRIMARY; MLG_CN_CONTEXT_AUXILIARY,mechanical template; resource_class=LOOSE_OLANG; source_objects=1
007E2F18,886,9970,9970,1,,page:tag:entity1406:key00B6D6C7:ref9970:ord4,●完全ステルスミッション,●スナイピング,●ワンショット,,,,NOT_CHECKED,21,,NOT_STARTED,NOT_BUILT,NOT_TESTED,JPN_PRIMARY; MLG_CN_CONTEXT_AUXILIARY,mechanical template; resource_class=LOOSE_OLANG; source_objects=1
007E2F18,887,9976,9976,1,,page:tag:entity1405:key00B6D6C6:ref9976:ord4,●スナイピング,●ワンショット,●ホールドアップ,,,,NOT_CHECKED,21,,NOT_STARTED,NOT_BUILT,NOT_TESTED,JPN_PRIMARY; MLG_CN_CONTEXT_AUXILIARY,mechanical template; resource_class=LOOSE_OLANG; source_objects=1
007E2F18,888,9982,9982,1,,page:tag:entity1404:key00B6D3EF:ref9982:ord4,●ワンショット,●ホールドアップ,●殲滅ミッション,,,,NOT_CHECKED,24,,NOT_STARTED,NOT_BUILT,NOT_TESTED,JPN_PRIMARY; MLG_CN_CONTEXT_AUXILIARY,mechanical template; resource_class=LOOSE_OLANG; source_objects=1
007E2F18,889,9988,9988,1,,page:tag:entity1403:key00B6D3EE:ref9988:ord4,●ホールドアップ,●殲滅ミッション,●フルトン回収ミッション,,,,NOT_CHECKED,24,,NOT_STARTED,NOT_BUILT,NOT_TESTED,JPN_PRIMARY; MLG_CN_CONTEXT_AUXILIARY,mechanical template; resource_class=LOOSE_OLANG; source_objects=1
007E2F18,890,9994,9994,1,,page:tag:entity1402:key00B6D3ED:ref9994:ord4,●殲滅ミッション,●フルトン回収ミッション,●ターゲット射撃 / 採掘場居住区,,,,NOT_CHECKED,36,,NOT_STARTED,NOT_BUILT,NOT_TESTED,JPN_PRIMARY; MLG_CN_CONTEXT_AUXILIARY,mechanical template; resource_class=LOOSE_OLANG; source_objects=1
007E2F18,891,10000,10000,1,,page:tag:entity1401:key00B6D3EC:ref10000:ord4,●フルトン回収ミッション,●ターゲット射撃 / 採掘場居住区,●ターゲット射撃 / 米軍ミサイル基地,,,,NOT_CHECKED,45,,NOT_STARTED,NOT_BUILT,NOT_TESTED,JPN_PRIMARY; MLG_CN_CONTEXT_AUXILIARY,mechanical template; resource_class=LOOSE_OLANG; source_objects=1
007E2F18,892,10006,10006,1,,page:tag:entity1400:key00B6D3EB:ref10006:ord4,●ターゲット射撃 / 採掘場居住区,●ターゲット射撃 / 米軍ミサイル基地,●ターゲット射撃 / アルデア・ロス・デスピェルトス,,,,NOT_CHECKED,51,,NOT_STARTED,NOT_BUILT,NOT_TESTED,JPN_PRIMARY; MLG_CN_CONTEXT_AUXILIARY,mechanical template; resource_class=LOOSE_OLANG; source_objects=1
007E2F18,893,10012,10012,1,,page:tag:entity1399:key00B6D3EA:ref10012:ord4,●ターゲット射撃 / 米軍ミサイル基地,●ターゲット射撃 / アルデア・ロス・デスピェルトス,●ターゲット射撃 / リオ・デル・ハーデ,,,,NOT_CHECKED,72,,NOT_STARTED,NOT_BUILT,NOT_TESTED,JPN_PRIMARY; MLG_CN_CONTEXT_AUXILIARY,mechanical template; resource_class=LOOSE_OLANG; source_objects=1
007E2F18,894,10018,10018,1,,page:tag:entity1398:key00B6D3E9:ref10018:ord4,●ターゲット射撃 / アルデア・ロス・デスピェルトス,●ターゲット射撃 / リオ・デル・ハーデ,●ターゲット射撃 / プエルト・デル・アルバ,,,,NOT_CHECKED,54,,NOT_STARTED,NOT_BUILT,NOT_TESTED,JPN_PRIMARY; MLG_CN_CONTEXT_AUXILIARY,mechanical template; resource_class=LOOSE_OLANG; source_objects=1
007E2F18,895,10024,10024,1,,page:tag:entity1397:key00B6D3E8:ref10024:ord4,●ターゲット射撃 / リオ・デル・ハーデ,●ターゲット射撃 / プエルト・デル・アルバ,●管制塔へ,,,,NOT_CHECKED,60,,NOT_STARTED,NOT_BUILT,NOT_TESTED,JPN_PRIMARY; MLG_CN_CONTEXT_AUXILIARY,mechanical template; resource_class=LOOSE_OLANG; source_objects=1
007E2F18,896,10030,10030,1,,page:tag:entity1396:key00B6D3E7:ref10030:ord4,●ターゲット射撃 / プエルト・デル・アルバ,●管制塔へ,●AI兵器のパーツ,,,,NOT_CHECKED,15,,NOT_STARTED,NOT_BUILT,NOT_TESTED,JPN_PRIMARY; MLG_CN_CONTEXT_AUXILIARY,mechanical template; resource_class=LOOSE_OLANG; source_objects=1
007E2F18,897,10036,10036,1,,page:tag:entity1395:key00B6D3E6:ref10036:ord4,●管制塔へ,●AI兵器のパーツ,●バシリスコ,,,,NOT_CHECKED,23,,NOT_STARTED,NOT_BUILT,NOT_TESTED,JPN_PRIMARY; MLG_CN_CONTEXT_AUXILIARY,mechanical template; resource_class=LOOSE_OLANG; source_objects=1
007E2F18,898,10042,10042,1,,page:tag:entity1394:key00B6D3CF:ref10042:ord4,●AI兵器のパーツ,●バシリスコ,・C4の設置方法,,,,NOT_CHECKED,18,,NOT_STARTED,NOT_BUILT,NOT_TESTED,JPN_PRIMARY; MLG_CN_CONTEXT_AUXILIARY,mechanical template; resource_class=LOOSE_OLANG; source_objects=1
007E2F18,899,10048,10048,1,,page:tag:entity1393:key00B6D3CE:ref10048:ord4,●バシリスコ,・C4の設置方法,●C4,,,,NOT_CHECKED,20,,NOT_STARTED,NOT_BUILT,NOT_TESTED,JPN_PRIMARY; MLG_CN_CONTEXT_AUXILIARY,mechanical template; resource_class=LOOSE_OLANG; source_objects=1
007E2F18,900,10054,10054,1,,page:tag:entity1392:key00B6D3CD:ref10054:ord4,・C4の設置方法,●C4,●アマンダ追跡,,,,NOT_CHECKED,5,,NOT_STARTED,NOT_BUILT,NOT_TESTED,JPN_PRIMARY; MLG_CN_CONTEXT_AUXILIARY,mechanical template; resource_class=LOOSE_OLANG; source_objects=1
007E2F18,901,10060,10060,1,,page:tag:entity1391:key00B6D3CC:ref10060:ord4,●C4,●アマンダ追跡,●FSLN司令官接触,,,,NOT_CHECKED,21,,NOT_STARTED,NOT_BUILT,NOT_TESTED,JPN_PRIMARY; MLG_CN_CONTEXT_AUXILIARY,mechanical template; resource_class=LOOSE_OLANG; source_objects=1
007E2F18,902,10066,10066,1,,page:tag:entity1390:key00B6D3CB:ref10066:ord4,●アマンダ追跡,●FSLN司令官接触,作戦内容,,,,NOT_CHECKED,22,,NOT_STARTED,NOT_BUILT,NOT_TESTED,JPN_PRIMARY; MLG_CN_CONTEXT_AUXILIARY,mechanical template; resource_class=LOOSE_OLANG; source_objects=1
007E2F18,903,10072,10072,1,,page:tag:entity1389:key00B6D3CA:ref10072:ord4,●FSLN司令官接触,作戦内容,●ペプシネックス,,,,NOT_CHECKED,12,,NOT_STARTED,NOT_BUILT,NOT_TESTED,JPN_PRIMARY; MLG_CN_CONTEXT_AUXILIARY,mechanical template; resource_class=LOOSE_OLANG; source_objects=1
007E2F18,904,10078,10078,1,,page:tag:entity1388:key00B6D3C9:ref10078:ord4,作戦内容,●ペプシネックス,●マウンテンデュー,,,,NOT_CHECKED,24,,NOT_STARTED,NOT_BUILT,NOT_TESTED,JPN_PRIMARY; MLG_CN_CONTEXT_AUXILIARY,mechanical template; resource_class=LOOSE_OLANG; source_objects=1
007E2F18,905,10084,10084,1,,page:tag:entity1387:key00B6D3C8:ref10084:ord4,●ペプシネックス,●マウンテンデュー,●ドリトス,,,,NOT_CHECKED,27,,NOT_STARTED,NOT_BUILT,NOT_TESTED,JPN_PRIMARY; MLG_CN_CONTEXT_AUXILIARY,mechanical template; resource_class=LOOSE_OLANG; source_objects=1
007E2F18,906,10090,10090,1,,page:tag:entity1386:key00B6D3C7:ref10090:ord4,●マウンテンデュー,●ドリトス,・ボンカレー,,,,NOT_CHECKED,15,,NOT_STARTED,NOT_BUILT,NOT_TESTED,JPN_PRIMARY; MLG_CN_CONTEXT_AUXILIARY,mechanical template; resource_class=LOOSE_OLANG; source_objects=1
007E2F18,907,10096,10096,1,,page:tag:entity1385:key00B6D3C6:ref10096:ord4,●ドリトス,・ボンカレー,●レトルトカレー,,,,NOT_CHECKED,18,,NOT_STARTED,NOT_BUILT,NOT_TESTED,JPN_PRIMARY; MLG_CN_CONTEXT_AUXILIARY,mechanical template; resource_class=LOOSE_OLANG; source_objects=1
007E2F18,908,10102,10102,1,,page:tag:entity1384:key00B6D3AF:ref10102:ord4,・ボンカレー,●レトルトカレー,●WALKMAN,,,,NOT_CHECKED,24,,NOT_STARTED,NOT_BUILT,NOT_TESTED,JPN_PRIMARY; MLG_CN_CONTEXT_AUXILIARY,mechanical template; resource_class=LOOSE_OLANG; source_objects=1
007E2F18,909,10108,10108,1,,page:tag:entity1383:key00B6D3AE:ref10108:ord4,●レトルトカレー,●WALKMAN,・ダンボール戦車,,,,NOT_CHECKED,10,,NOT_STARTED,NOT_BUILT,NOT_TESTED,JPN_PRIMARY; MLG_CN_CONTEXT_AUXILIARY,mechanical template; resource_class=LOOSE_OLANG; source_objects=1
007E2F18,910,10114,10114,1,,page:tag:entity1382:key00B6D3AD:ref10114:ord4,●WALKMAN,・ダンボール戦車,・ダンボールの中の二人,,,,NOT_CHECKED,24,,NOT_STARTED,NOT_BUILT,NOT_TESTED,JPN_PRIMARY; MLG_CN_CONTEXT_AUXILIARY,mechanical template; resource_class=LOOSE_OLANG; source_objects=1
007E2F18,911,10120,10120,1,,page:tag:entity1381:key00B6D3AC:ref10120:ord4,・ダンボール戦車,・ダンボールの中の二人,●ダンボール,,,,NOT_CHECKED,33,,NOT_STARTED,NOT_BUILT,NOT_TESTED,JPN_PRIMARY; MLG_CN_CONTEXT_AUXILIARY,mechanical template; resource_class=LOOSE_OLANG; source_objects=1
007E2F18,912,10126,10126,1,,page:tag:entity1380:key00B6D3AB:ref10126:ord4,・ダンボールの中の二人,●ダンボール,特殊な携行品,,,,NOT_CHECKED,18,,NOT_STARTED,NOT_BUILT,NOT_TESTED,JPN_PRIMARY; MLG_CN_CONTEXT_AUXILIARY,mechanical template; resource_class=LOOSE_OLANG; source_objects=1
007E2F18,913,10132,10132,1,,page:tag:entity1379:key00B6D3AA:ref10132:ord4,●ダンボール,特殊な携行品,・言霊効果,,,,NOT_CHECKED,18,,NOT_STARTED,NOT_BUILT,NOT_TESTED,JPN_PRIMARY; MLG_CN_CONTEXT_AUXILIARY,mechanical template; resource_class=LOOSE_OLANG; source_objects=1
007E2F18,914,10138,10138,1,,page:tag:entity1378:key00B6D3A9:ref10138:ord4,特殊な携行品,・言霊効果,●CO-OPS通信,,,,NOT_CHECKED,15,,NOT_STARTED,NOT_BUILT,NOT_TESTED,JPN_PRIMARY; MLG_CN_CONTEXT_AUXILIARY,mechanical template; resource_class=LOOSE_OLANG; source_objects=1
007E2F18,915,10144,10144,1,,page:tag:entity1377:key00B6D3A8:ref10144:ord4,・言霊効果,●CO-OPS通信,●CO-OPS用武器,,,,NOT_CHECKED,15,,NOT_STARTED,NOT_BUILT,NOT_TESTED,JPN_PRIMARY; MLG_CN_CONTEXT_AUXILIARY,mechanical template; resource_class=LOOSE_OLANG; source_objects=1
007E2F18,916,10150,10150,1,,page:tag:entity1376:key00B6D3A7:ref10150:ord4,●CO-OPS通信,●CO-OPS用武器,●英雄度,,,,NOT_CHECKED,18,,NOT_STARTED,NOT_BUILT,NOT_TESTED,JPN_PRIMARY; MLG_CN_CONTEXT_AUXILIARY,mechanical template; resource_class=LOOSE_OLANG; source_objects=1
007E2F18,917,10156,10156,1,,page:tag:entity1375:key00B6D3A6:ref10156:ord4,●CO-OPS用武器,●英雄度,・スネークシンクロ,,,,NOT_CHECKED,12,,NOT_STARTED,NOT_BUILT,NOT_TESTED,JPN_PRIMARY; MLG_CN_CONTEXT_AUXILIARY,mechanical template; resource_class=LOOSE_OLANG; source_objects=1
007E2F18,918,10162,10162,1,,page:tag:entity1374:key00B6D38F:ref10162:ord4,●英雄度,・スネークシンクロ,●友情度,,,,NOT_CHECKED,27,,NOT_STARTED,NOT_BUILT,NOT_TESTED,JPN_PRIMARY; MLG_CN_CONTEXT_AUXILIARY,mechanical template; resource_class=LOOSE_OLANG; source_objects=1
007E2F18,919,10168,10168,1,,page:tag:entity1373:key00B6D38E:ref10168:ord4,・スネークシンクロ,●友情度,●心臓マッサージ,,,,NOT_CHECKED,12,,NOT_STARTED,NOT_BUILT,NOT_TESTED,JPN_PRIMARY; MLG_CN_CONTEXT_AUXILIARY,mechanical template; resource_class=LOOSE_OLANG; source_objects=1
007E2F18,920,10174,10174,1,,page:tag:entity1372:key00B6D38D:ref10174:ord4,●友情度,●心臓マッサージ,●スネークフォーメーション,,,,NOT_CHECKED,24,,NOT_STARTED,NOT_BUILT,NOT_TESTED,JPN_PRIMARY; MLG_CN_CONTEXT_AUXILIARY,mechanical template; resource_class=LOOSE_OLANG; source_objects=1
007E2F18,921,10180,10180,1,,page:tag:entity1371:key00B6D38C:ref10180:ord4,●心臓マッサージ,●スネークフォーメーション,●CO-OPリング,,,,NOT_CHECKED,39,,NOT_STARTED,NOT_BUILT,NOT_TESTED,JPN_PRIMARY; MLG_CN_CONTEXT_AUXILIARY,mechanical template; resource_class=LOOSE_OLANG; source_objects=1
007E2F18,922,10186,10186,1,,page:tag:entity1370:key00B6D38B:ref10186:ord4,●スネークフォーメーション,●CO-OPリング,●CO-OPS,,,,NOT_CHECKED,17,,NOT_STARTED,NOT_BUILT,NOT_TESTED,JPN_PRIMARY; MLG_CN_CONTEXT_AUXILIARY,mechanical template; resource_class=LOOSE_OLANG; source_objects=1
007E2F18,923,10192,10192,1,,page:tag:entity1369:key00B6D38A:ref10192:ord4,●CO-OPリング,●CO-OPS,CO-OPS,,,,NOT_CHECKED,9,,NOT_STARTED,NOT_BUILT,NOT_TESTED,JPN_PRIMARY; MLG_CN_CONTEXT_AUXILIARY,mechanical template; resource_class=LOOSE_OLANG; source_objects=1
007E2F18,924,10198,10198,1,,page:tag:entity1368:key00B6D389:ref10198:ord4,●CO-OPS,CO-OPS,・NAKED,,,,NOT_CHECKED,6,,NOT_STARTED,NOT_BUILT,NOT_TESTED,JPN_PRIMARY; MLG_CN_CONTEXT_AUXILIARY,mechanical template; resource_class=LOOSE_OLANG; source_objects=1
007E2F18,925,10204,10204,1,,page:tag:entity1367:key00B6D388:ref10204:ord4,CO-OPS,・NAKED,・BATTLE DRESS,,,,NOT_CHECKED,8,,NOT_STARTED,NOT_BUILT,NOT_TESTED,JPN_PRIMARY; MLG_CN_CONTEXT_AUXILIARY,mechanical template; resource_class=LOOSE_OLANG; source_objects=1
007E2F18,926,10210,10210,1,,page:tag:entity1366:key00B6D387:ref10210:ord4,・NAKED,・BATTLE DRESS,・SNEAKING SUIT,,,,NOT_CHECKED,15,,NOT_STARTED,NOT_BUILT,NOT_TESTED,JPN_PRIMARY; MLG_CN_CONTEXT_AUXILIARY,mechanical template; resource_class=LOOSE_OLANG; source_objects=1
007E2F18,927,10216,10216,1,,page:tag:entity1365:key00B6D386:ref10216:ord4,・BATTLE DRESS,・SNEAKING SUIT,・JUNGLE FATIGUES,,,,NOT_CHECKED,16,,NOT_STARTED,NOT_BUILT,NOT_TESTED,JPN_PRIMARY; MLG_CN_CONTEXT_AUXILIARY,mechanical template; resource_class=LOOSE_OLANG; source_objects=1
007E2F18,928,10222,10222,1,,page:tag:entity1364:key00B6D36F:ref10222:ord4,・SNEAKING SUIT,・JUNGLE FATIGUES,●ミッションでの服装,,,,NOT_CHECKED,18,,NOT_STARTED,NOT_BUILT,NOT_TESTED,JPN_PRIMARY; MLG_CN_CONTEXT_AUXILIARY,mechanical template; resource_class=LOOSE_OLANG; source_objects=1
007E2F18,929,10228,10228,1,,page:tag:entity1363:key00B6D36E:ref10228:ord4,・JUNGLE FATIGUES,●ミッションでの服装,●照準ぶれ,,,,NOT_CHECKED,30,,NOT_STARTED,NOT_BUILT,NOT_TESTED,JPN_PRIMARY; MLG_CN_CONTEXT_AUXILIARY,mechanical template; resource_class=LOOSE_OLANG; source_objects=1
007E2F18,930,10234,10234,1,,page:tag:entity1362:key00B6D36D:ref10234:ord4,●ミッションでの服装,●照準ぶれ,●携行品の重量,,,,NOT_CHECKED,15,,NOT_STARTED,NOT_BUILT,NOT_TESTED,JPN_PRIMARY; MLG_CN_CONTEXT_AUXILIARY,mechanical template; resource_class=LOOSE_OLANG; source_objects=1
007E2F18,931,10240,10240,1,,page:tag:entity1361:key00B6D36C:ref10240:ord4,●照準ぶれ,●携行品の重量,●ボディチェック,,,,NOT_CHECKED,21,,NOT_STARTED,NOT_BUILT,NOT_TESTED,JPN_PRIMARY; MLG_CN_CONTEXT_AUXILIARY,mechanical template; resource_class=LOOSE_OLANG; source_objects=1
007E2F18,932,10246,10246,1,,page:tag:entity1360:key00B6D36B:ref10246:ord4,●携行品の重量,●ボディチェック,●フルトン回収の薦め,,,,NOT_CHECKED,24,,NOT_STARTED,NOT_BUILT,NOT_TESTED,JPN_PRIMARY; MLG_CN_CONTEXT_AUXILIARY,mechanical template; resource_class=LOOSE_OLANG; source_objects=1
007E2F18,933,10252,10252,1,,page:tag:entity1359:key00B6D36A:ref10252:ord4,●ボディチェック,●フルトン回収の薦め,●スニーキング・ミッション,,,,NOT_CHECKED,30,,NOT_STARTED,NOT_BUILT,NOT_TESTED,JPN_PRIMARY; MLG_CN_CONTEXT_AUXILIARY,mechanical template; resource_class=LOOSE_OLANG; source_objects=1
007E2F18,934,10258,10258,1,,page:tag:entity1358:key00B6D369:ref10258:ord4,●フルトン回収の薦め,●スニーキング・ミッション,潜入の基礎知識,,,,NOT_CHECKED,39,,NOT_STARTED,NOT_BUILT,NOT_TESTED,JPN_PRIMARY; MLG_CN_CONTEXT_AUXILIARY,mechanical template; resource_class=LOOSE_OLANG; source_objects=1
007E2F18,935,10264,10264,1,,page:tag:entity1357:key00B6D368:ref10264:ord4,●スニーキング・ミッション,潜入の基礎知識,●スネークとの出会い,,,,NOT_CHECKED,21,,NOT_STARTED,NOT_BUILT,NOT_TESTED,JPN_PRIMARY; MLG_CN_CONTEXT_AUXILIARY,mechanical template; resource_class=LOOSE_OLANG; source_objects=1
007E2F18,936,10270,10270,1,,page:tag:entity1356:key00B6D367:ref10270:ord4,潜入の基礎知識,●スネークとの出会い,●生い立ち,,,,NOT_CHECKED,30,,NOT_STARTED,NOT_BUILT,NOT_TESTED,JPN_PRIMARY; MLG_CN_CONTEXT_AUXILIARY,mechanical template; resource_class=LOOSE_OLANG; source_objects=1
007E2F18,937,10294,10294,1,,page:tag:entity1352:key00B6D34D:ref10294:ord4,自分について,・除隊の理由,●自衛隊,,,,NOT_CHECKED,18,,NOT_STARTED,NOT_BUILT,NOT_TESTED,JPN_PRIMARY; MLG_CN_CONTEXT_AUXILIARY,mechanical template; resource_class=LOOSE_OLANG; source_objects=1
007E2F18,938,10300,10300,1,,page:tag:entity1351:key00B6D34C:ref10300:ord4,・除隊の理由,●自衛隊,●非核三原則,,,,NOT_CHECKED,12,,NOT_STARTED,NOT_BUILT,NOT_TESTED,JPN_PRIMARY; MLG_CN_CONTEXT_AUXILIARY,mechanical template; resource_class=LOOSE_OLANG; source_objects=1
007E2F18,939,10306,10306,1,,page:tag:entity1350:key00B6D34B:ref10306:ord4,●自衛隊,●非核三原則,・核の傘,,,,NOT_CHECKED,18,,NOT_STARTED,NOT_BUILT,NOT_TESTED,JPN_PRIMARY; MLG_CN_CONTEXT_AUXILIARY,mechanical template; resource_class=LOOSE_OLANG; source_objects=1
007E2F18,940,10312,10312,1,,page:tag:entity1349:key00B6D34A:ref10312:ord4,●非核三原則,・核の傘,●日米安全保障条約,,,,NOT_CHECKED,12,,NOT_STARTED,NOT_BUILT,NOT_TESTED,JPN_PRIMARY; MLG_CN_CONTEXT_AUXILIARY,mechanical template; resource_class=LOOSE_OLANG; source_objects=1
007E2F18,941,10318,10318,1,,page:tag:entity1348:key00B6D349:ref10318:ord4,・核の傘,●日米安全保障条約,・9条と自衛隊,,,,NOT_CHECKED,27,,NOT_STARTED,NOT_BUILT,NOT_TESTED,JPN_PRIMARY; MLG_CN_CONTEXT_AUXILIARY,mechanical template; resource_class=LOOSE_OLANG; source_objects=1
007E2F18,942,10324,10324,1,,page:tag:entity1347:key00B6D348:ref10324:ord4,●日米安全保障条約,・9条と自衛隊,●日本の平和憲法,,,,NOT_CHECKED,19,,NOT_STARTED,NOT_BUILT,NOT_TESTED,JPN_PRIMARY; MLG_CN_CONTEXT_AUXILIARY,mechanical template; resource_class=LOOSE_OLANG; source_objects=1
007E2F18,943,10336,10336,1,,page:tag:entity1345:key00B6D346:ref10336:ord4,●日本の平和憲法,平和憲法,●ゲリラ戦を仕掛けるなら注意すべきこと,,,,NOT_CHECKED,12,,NOT_STARTED,NOT_BUILT,NOT_TESTED,JPN_PRIMARY; MLG_CN_CONTEXT_AUXILIARY,mechanical template; resource_class=LOOSE_OLANG; source_objects=1
007E2F18,944,10342,10342,1,,page:tag:entity1344:key00B6D32F:ref10342:ord4,平和憲法,●ゲリラ戦を仕掛けるなら注意すべきこと,●「ゲリラ」の語源,,,,NOT_CHECKED,57,,NOT_STARTED,NOT_BUILT,NOT_TESTED,JPN_PRIMARY; MLG_CN_CONTEXT_AUXILIARY,mechanical template; resource_class=LOOSE_OLANG; source_objects=1
007E2F18,945,10348,10348,1,,page:tag:entity1343:key00B6D32E:ref10348:ord4,●ゲリラ戦を仕掛けるなら注意すべきこと,●「ゲリラ」の語源,・ゲリラ戦の定義2,,,,NOT_CHECKED,27,,NOT_STARTED,NOT_BUILT,NOT_TESTED,JPN_PRIMARY; MLG_CN_CONTEXT_AUXILIARY,mechanical template; resource_class=LOOSE_OLANG; source_objects=1
007E2F18,946,10354,10354,1,,page:tag:entity1342:key00B6D32D:ref10354:ord4,●「ゲリラ」の語源,・ゲリラ戦の定義2,●ゲリラ戦の定義,,,,NOT_CHECKED,25,,NOT_STARTED,NOT_BUILT,NOT_TESTED,JPN_PRIMARY; MLG_CN_CONTEXT_AUXILIARY,mechanical template; resource_class=LOOSE_OLANG; source_objects=1
007E2F18,947,10360,10360,1,,page:tag:entity1341:key00B6D32C:ref10360:ord4,・ゲリラ戦の定義2,●ゲリラ戦の定義,ゲリラ戦,,,,NOT_CHECKED,24,,NOT_STARTED,NOT_BUILT,NOT_TESTED,JPN_PRIMARY; MLG_CN_CONTEXT_AUXILIARY,mechanical template; resource_class=LOOSE_OLANG; source_objects=1
007E2F18,948,10366,10366,1,,page:tag:entity1340:key00B6D32B:ref10366:ord4,●ゲリラ戦の定義,ゲリラ戦,確認,,,,NOT_CHECKED,12,,NOT_STARTED,NOT_BUILT,NOT_TESTED,JPN_PRIMARY; MLG_CN_CONTEXT_AUXILIARY,mechanical template; resource_class=LOOSE_OLANG; source_objects=1
007E2F18,949,10372,10372,1,,page:tag:entity1728:key00C34CAA:ref10372:ord4,ゲリラ戦,確認,<I=PAUSE>：全訓練終了,,,,NOT_CHECKED,6,,NOT_STARTED,NOT_BUILT,NOT_TESTED,JPN_PRIMARY; MLG_CN_CONTEXT_AUXILIARY,mechanical template; resource_class=LOOSE_OLANG; source_objects=1
007E2F18,950,10378,10378,1,,page:tag:entity1729:key0044E180:ref10378:ord4,確認,<I=PAUSE>：全訓練終了,『EXTRAS』ではゲーム中に使用するアイテムやAI兵器の音声データの管理などを行うことができます。,<I=PAUSE>,,,NOT_CHECKED,27,,NOT_STARTED,NOT_BUILT,NOT_TESTED,JPN_PRIMARY; MLG_CN_CONTEXT_AUXILIARY,mechanical template; resource_class=LOOSE_OLANG; source_objects=1
007E2F18,951,10384,10384,1,,page:tag:entity1731:key005B35A4:ref10384:ord4,<I=PAUSE>：全訓練終了,『EXTRAS』ではゲーム中に使用するアイテムやAI兵器の音声データの管理などを行うことができます。,再生・停止（音声ファイルのみ）：<I=EXTRA_PLAY_STOP>,,,,NOT_CHECKED,134,,NOT_STARTED,NOT_BUILT,NOT_TESTED,JPN_PRIMARY; MLG_CN_CONTEXT_AUXILIARY,mechanical template; resource_class=LOOSE_OLANG; source_objects=1
007E2F18,952,10390,10390,1,,page:tag:entity1730:key002F478A:ref10390:ord4,『EXTRAS』ではゲーム中に使用するアイテムやAI兵器の音声データの管理などを行うことができます。,再生・停止（音声ファイルのみ）：<I=EXTRA_PLAY_STOP>,パスワードを変更してください。,<I=EXTRA_PLAY_STOP>,,,NOT_CHECKED,67,,NOT_STARTED,NOT_BUILT,NOT_TESTED,JPN_PRIMARY; MLG_CN_CONTEXT_AUXILIARY,mechanical template; resource_class=LOOSE_OLANG; source_objects=1
007E2F18,953,10396,10396,1,,page:tag:entity1737:key0051EEA1:ref10396:ord4,再生・停止（音声ファイルのみ）：<I=EXTRA_PLAY_STOP>,パスワードを変更してください。,決定したプレイヤーネームは変更できません,,,,NOT_CHECKED,45,,NOT_STARTED,NOT_BUILT,NOT_TESTED,JPN_PRIMARY; MLG_CN_CONTEXT_AUXILIARY,mechanical template; resource_class=LOOSE_OLANG; source_objects=1
007E2F18,954,10402,10402,1,,page:tag:entity1733:key003020BC:ref10402:ord4,パスワードを変更してください。,決定したプレイヤーネームは変更できません,プレイヤーネームを入力してください。,,,,NOT_CHECKED,60,,NOT_STARTED,NOT_BUILT,NOT_TESTED,JPN_PRIMARY; MLG_CN_CONTEXT_AUXILIARY,mechanical template; resource_class=LOOSE_OLANG; source_objects=1
007E2F18,955,10408,10408,1,,page:tag:entity1736:key00518104:ref10408:ord4,決定したプレイヤーネームは変更できません,プレイヤーネームを入力してください。,"短すぎます。
%d文字以上入力してください。",,,,NOT_CHECKED,54,,NOT_STARTED,NOT_BUILT,NOT_TESTED,JPN_PRIMARY; MLG_CN_CONTEXT_AUXILIARY,mechanical template; resource_class=LOOSE_OLANG; source_objects=1
007E2F18,956,10414,10414;10420,2,,page:tag:entity1734:key003F2C7B:ref10414:ord4;page:tag:entity1738:key005F42B2:ref10420:ord4,プレイヤーネームを入力してください。,"短すぎます。
%d文字以上入力してください。",このゲームでは使用できない単語が含まれています。,,,,NOT_CHECKED,60,,NOT_STARTED,NOT_BUILT,NOT_TESTED,JPN_PRIMARY; MLG_CN_CONTEXT_AUXILIARY,mechanical template; resource_class=LOOSE_OLANG; source_objects=2
007E2F18,957,10426,10426,1,,page:tag:entity1739:key0075BF6E:ref10426:ord4,"短すぎます。
%d文字以上入力してください。",このゲームでは使用できない単語が含まれています。,パスワードの変更を保存せずに戻りますか？,,,,NOT_CHECKED,72,,NOT_STARTED,NOT_BUILT,NOT_TESTED,JPN_PRIMARY; MLG_CN_CONTEXT_AUXILIARY,mechanical template; resource_class=LOOSE_OLANG; source_objects=1
007E2F18,958,10432,10432,1,,page:tag:entity1732:key000198DA:ref10432:ord4,このゲームでは使用できない単語が含まれています。,パスワードの変更を保存せずに戻りますか？,タイトルメニューに戻りますか？,,,,NOT_CHECKED,60,,NOT_STARTED,NOT_BUILT,NOT_TESTED,JPN_PRIMARY; MLG_CN_CONTEXT_AUXILIARY,mechanical template; resource_class=LOOSE_OLANG; source_objects=1
007E2F18,959,10444,10444,1,,page:tag:entity1740:key00B81E44:ref10444:ord4,タイトルメニューに戻りますか？,注意事項,"注意事項

設定したプレイヤーネームは、ゲーム内で公開されます。
また、当社または当社の許諾を受けた第三者が閲覧可能な箇所や、
第三者が投稿する画像やプレー動画内に表示され、
Discord、Facebook、YouTubeなどで公開される場合もございます。

プレイヤーネームには、個人が特定できるもの、
個人への接触、連絡その他のアクセスを可能とするもの、
第三者の権利を侵害するもの、公序良俗に反するもの、
その他本ゲームに適用される各種利用規約に反するものは
設定しないでください。",,,,NOT_CHECKED,12,,NOT_STARTED,NOT_BUILT,NOT_TESTED,JPN_PRIMARY; MLG_CN_CONTEXT_AUXILIARY,mechanical template; resource_class=LOOSE_OLANG; source_objects=1
007E2F18,960,10450,10450,1,,page:tag:entity1741:key00FDB176:ref10450:ord4,注意事項,"注意事項

設定したプレイヤーネームは、ゲーム内で公開されます。
また、当社または当社の許諾を受けた第三者が閲覧可能な箇所や、
第三者が投稿する画像やプレー動画内に表示され、
Discord、Facebook、YouTubeなどで公開される場合もございます。

プレイヤーネームには、個人が特定できるもの、
個人への接触、連絡その他のアクセスを可能とするもの、
第三者の権利を侵害するもの、公序良俗に反するもの、
その他本ゲームに適用される各種利用規約に反するものは
設定しないでください。",<I=TOGGLE_ZAPPIN>長押し,,,,NOT_CHECKED,669,,NOT_STARTED,NOT_BUILT,NOT_TESTED,JPN_PRIMARY; MLG_CN_CONTEXT_AUXILIARY,mechanical template; resource_class=LOOSE_OLANG; source_objects=1
007E2F18,961,10456,10456,1,,page:tag:entity1742:key00F324D0:ref10456:ord4,"注意事項

設定したプレイヤーネームは、ゲーム内で公開されます。
また、当社または当社の許諾を受けた第三者が閲覧可能な箇所や、
第三者が投稿する画像やプレー動画内に表示され、
Discord、Facebook、YouTubeなどで公開される場合もございます。

プレイヤーネームには、個人が特定できるもの、
個人への接触、連絡その他のアクセスを可能とするもの、
第三者の権利を侵害するもの、公序良俗に反するもの、
その他本ゲームに適用される各種利用規約に反するものは
設定しないでください。",<I=TOGGLE_ZAPPIN>長押し,"一時停止中です。
デモシーンをスキップして先に進みますか？",<I=TOGGLE_ZAPPIN>,,,NOT_CHECKED,26,,NOT_STARTED,NOT_BUILT,NOT_TESTED,JPN_PRIMARY; MLG_CN_CONTEXT_AUXILIARY,mechanical template; resource_class=LOOSE_OLANG; source_objects=1
007E2F18,962,10462,10462,1,,page:tag:entity1743:key00155479:ref10462:ord4,<I=TOGGLE_ZAPPIN>長押し,"一時停止中です。
デモシーンをスキップして先に進みますか？",PRESS <I=TITLE_START> BUTTON,,,,NOT_CHECKED,85,,NOT_STARTED,NOT_BUILT,NOT_TESTED,JPN_PRIMARY; MLG_CN_CONTEXT_AUXILIARY,mechanical template; resource_class=LOOSE_OLANG; source_objects=1
007E2F18,963,10504,10504,1,,page:tag:entity1751:key00A6ED53:ref10504:ord4,"保存しています。
ゲームを終了しないでください。",画面撮影に失敗しました。,"ストレージをチェックしています。
ゲームを終了しないでください。",,,,NOT_CHECKED,36,,NOT_STARTED,NOT_BUILT,NOT_TESTED,JPN_PRIMARY; MLG_CN_CONTEXT_AUXILIARY,mechanical template; resource_class=LOOSE_OLANG; source_objects=1
007E2F18,964,10510,10510,1,,page:tag:entity1749:key00220A93:ref10510:ord4,画面撮影に失敗しました。,"ストレージをチェックしています。
ゲームを終了しないでください。","このゲームはオートセーブ機能に対応しています。
セーブ中はゲームを終了しないでください。",,,,NOT_CHECKED,94,,NOT_STARTED,NOT_BUILT,NOT_TESTED,JPN_PRIMARY; MLG_CN_CONTEXT_AUXILIARY,mechanical template; resource_class=LOOSE_OLANG; source_objects=1
007E2F18,965,10522,10522,1,,page:tag:entity1753:key00945CAB:ref10522:ord4,"このゲームはオートセーブ機能に対応しています。
セーブ中はゲームを終了しないでください。",CANCEL:<I=COOPS_CANCEL>,オンラインマニュアル,<I=COOPS_CANCEL>,,,NOT_CHECKED,23,,NOT_STARTED,NOT_BUILT,NOT_TESTED,JPN_PRIMARY; MLG_CN_CONTEXT_AUXILIARY,mechanical template; resource_class=LOOSE_OLANG; source_objects=1
007E2F18,966,10528,10528,1,,page:tag:entity1754:key0048E16C:ref10528:ord4,CANCEL:<I=COOPS_CANCEL>,オンラインマニュアル,『注視点の移動』には『<I=CAMERA>』を使え,,,,NOT_CHECKED,30,,NOT_STARTED,NOT_BUILT,NOT_TESTED,JPN_PRIMARY; MLG_CN_CONTEXT_AUXILIARY,mechanical template; resource_class=LOOSE_OLANG; source_objects=1
007E2F18,967,10534,10534,1,,page:tag:entity1755:key00000000:ref10534:ord4,オンラインマニュアル,『注視点の移動』には『<I=CAMERA>』を使え,今から私の指示した方向を見るんだ,<I=CAMERA>,,,NOT_CHECKED,55,,NOT_STARTED,NOT_BUILT,NOT_TESTED,JPN_PRIMARY; MLG_CN_CONTEXT_AUXILIARY,mechanical template; resource_class=LOOSE_OLANG; source_objects=1
007E2F18,968,10540,10540,1,,page:tag:entity1757:key00000001:ref10540:ord4,『注視点の移動』には『<I=CAMERA>』を使え,今から私の指示した方向を見るんだ,『注視点の移動』には『<I=CAMERA>』を動かせ,,,,NOT_CHECKED,48,,NOT_STARTED,NOT_BUILT,NOT_TESTED,JPN_PRIMARY; MLG_CN_CONTEXT_AUXILIARY,mechanical template; resource_class=LOOSE_OLANG; source_objects=1
007E2F18,969,10546,10546,1,,page:tag:entity1756:key00000000:ref10546:ord4,今から私の指示した方向を見るんだ,『注視点の移動』には『<I=CAMERA>』を動かせ,"『注視点の移動』には
『<I=CAMERA>』の上下を使え",<I=CAMERA>,,,NOT_CHECKED,58,,NOT_STARTED,NOT_BUILT,NOT_TESTED,JPN_PRIMARY; MLG_CN_CONTEXT_AUXILIARY,mechanical template; resource_class=LOOSE_OLANG; source_objects=1
007E2F18,970,10552,10552,1,,page:tag:entity1758:key00000001:ref10552:ord4,『注視点の移動』には『<I=CAMERA>』を動かせ,"『注視点の移動』には
『<I=CAMERA>』の上下を使え","『注視点の移動』には
『<I=CAMERA>』の左右を使え",<I=CAMERA>,,,NOT_CHECKED,65,,NOT_STARTED,NOT_BUILT,NOT_TESTED,JPN_PRIMARY; MLG_CN_CONTEXT_AUXILIARY,mechanical template; resource_class=LOOSE_OLANG; source_objects=1
007E2F18,971,10558,10558,1,,page:tag:entity1759:key00000001:ref10558:ord4,"『注視点の移動』には
『<I=CAMERA>』の上下を使え","『注視点の移動』には
『<I=CAMERA>』の左右を使え","ボス『注視点の移動』には
『<I=CAMERA>』の上下です！",<I=CAMERA>,,,NOT_CHECKED,65,,NOT_STARTED,NOT_BUILT,NOT_TESTED,JPN_PRIMARY; MLG_CN_CONTEXT_AUXILIARY,mechanical template; resource_class=LOOSE_OLANG; source_objects=1
007E2F18,972,10564,10564,1,,page:tag:entity1760:key00000000:ref10564:ord4,"『注視点の移動』には
『<I=CAMERA>』の左右を使え","ボス『注視点の移動』には
『<I=CAMERA>』の上下です！","ボス『注視点の移動』には
『<I=CAMERA>』の左右です！",<I=CAMERA>,,,NOT_CHECKED,71,,NOT_STARTED,NOT_BUILT,NOT_TESTED,JPN_PRIMARY; MLG_CN_CONTEXT_AUXILIARY,mechanical template; resource_class=LOOSE_OLANG; source_objects=1
007E2F18,973,10570,10570,1,,page:tag:entity1761:key00000000:ref10570:ord4,"ボス『注視点の移動』には
『<I=CAMERA>』の上下です！","ボス『注視点の移動』には
『<I=CAMERA>』の左右です！",問題なければ『<I=ACT>』を押すんだ,<I=CAMERA>,,,NOT_CHECKED,71,,NOT_STARTED,NOT_BUILT,NOT_TESTED,JPN_PRIMARY; MLG_CN_CONTEXT_AUXILIARY,mechanical template; resource_class=LOOSE_OLANG; source_objects=1
007E2F18,974,10576,10576;10588,2,,page:tag:entity1763:key00000001:ref10576:ord4;page:tag:entity1765:key00000001:ref10588:ord4,"ボス『注視点の移動』には
『<I=CAMERA>』の左右です！",問題なければ『<I=ACT>』を押すんだ,『注視点の移動』上下の操作はこれでいいな？,<I=ACT>,,,NOT_CHECKED,46,,NOT_STARTED,NOT_BUILT,NOT_TESTED,JPN_PRIMARY; MLG_CN_CONTEXT_AUXILIARY,mechanical template; resource_class=LOOSE_OLANG; source_objects=2
007E2F18,975,10582,10582,1,,page:tag:entity1762:key00000000:ref10582:ord4,問題なければ『<I=ACT>』を押すんだ,『注視点の移動』上下の操作はこれでいいな？,問題なければ『<I=ACT>』を押すんだ,,,,NOT_CHECKED,63,,NOT_STARTED,NOT_BUILT,NOT_TESTED,JPN_PRIMARY; MLG_CN_CONTEXT_AUXILIARY,mechanical template; resource_class=LOOSE_OLANG; source_objects=1
007E2F18,976,10594,10594,1,,page:tag:entity1764:key00000000:ref10594:ord4,問題なければ『<I=ACT>』を押すんだ,『注視点の移動』左右の操作はこれでいいな？,"よし ではもう一度
『<I=CAMERA>』で上下の確認を行う",,,,NOT_CHECKED,63,,NOT_STARTED,NOT_BUILT,NOT_TESTED,JPN_PRIMARY; MLG_CN_CONTEXT_AUXILIARY,mechanical template; resource_class=LOOSE_OLANG; source_objects=1
007E2F18,977,10600,10600,1,,page:tag:entity1766:key00000000:ref10600:ord4,『注視点の移動』左右の操作はこれでいいな？,"よし ではもう一度
『<I=CAMERA>』で上下の確認を行う",よし ではもう一度『<I=CAMERA>』で上下の確認を行う,<I=CAMERA>,,,NOT_CHECKED,69,,NOT_STARTED,NOT_BUILT,NOT_TESTED,JPN_PRIMARY; MLG_CN_CONTEXT_AUXILIARY,mechanical template; resource_class=LOOSE_OLANG; source_objects=1
007E2F18,978,10606,10606,1,,page:tag:entity1767:key00000000:ref10606:ord4,"よし ではもう一度
『<I=CAMERA>』で上下の確認を行う",よし ではもう一度『<I=CAMERA>』で上下の確認を行う,"よし ではもう一度
『<I=CAMERA>』で左右の確認を行う",<I=CAMERA>,,,NOT_CHECKED,68,,NOT_STARTED,NOT_BUILT,NOT_TESTED,JPN_PRIMARY; MLG_CN_CONTEXT_AUXILIARY,mechanical template; resource_class=LOOSE_OLANG; source_objects=1
007E2F18,979,10612,10612,1,,page:tag:entity1768:key00000000:ref10612:ord4,よし ではもう一度『<I=CAMERA>』で上下の確認を行う,"よし ではもう一度
『<I=CAMERA>』で左右の確認を行う",よし ではもう一度『<I=CAMERA>』で左右の確認を行う,<I=CAMERA>,,,NOT_CHECKED,69,,NOT_STARTED,NOT_BUILT,NOT_TESTED,JPN_PRIMARY; MLG_CN_CONTEXT_AUXILIARY,mechanical template; resource_class=LOOSE_OLANG; source_objects=1
007E2F18,980,10618,10618,1,,page:tag:entity1769:key00000000:ref10618:ord4,"よし ではもう一度
『<I=CAMERA>』で左右の確認を行う",よし ではもう一度『<I=CAMERA>』で左右の確認を行う,"ただし『ホフク』している間は
移動することが出来ない",<I=CAMERA>,,,NOT_CHECKED,68,,NOT_STARTED,NOT_BUILT,NOT_TESTED,JPN_PRIMARY; MLG_CN_CONTEXT_AUXILIARY,mechanical template; resource_class=LOOSE_OLANG; source_objects=1
007E2F18,981,10624,10624,1,,page:tag:entity1774:key00000008:ref10624:ord4,よし ではもう一度『<I=CAMERA>』で左右の確認を行う,"ただし『ホフク』している間は
移動することが出来ない","『<I=STANCE>』を長く押すと
押している間は『ホフク』する",,,,NOT_CHECKED,76,,NOT_STARTED,NOT_BUILT,NOT_TESTED,JPN_PRIMARY; MLG_CN_CONTEXT_AUXILIARY,mechanical template; resource_class=LOOSE_OLANG; source_objects=1
007E2F18,982,10630,10630,1,,page:tag:entity1773:key00000007:ref10630:ord4,"ただし『ホフク』している間は
移動することが出来ない","『<I=STANCE>』を長く押すと
押している間は『ホフク』する",それぞれの姿勢で移動も可能だ,<I=STANCE>,,,NOT_CHECKED,77,,NOT_STARTED,NOT_BUILT,NOT_TESTED,JPN_PRIMARY; MLG_CN_CONTEXT_AUXILIARY,mechanical template; resource_class=LOOSE_OLANG; source_objects=1
007E2F18,983,10636,10636,1,,page:tag:entity1772:key00000006:ref10636:ord4,"『<I=STANCE>』を長く押すと
押している間は『ホフク』する",それぞれの姿勢で移動も可能だ,"『<I=STANCE>』を短く押すと
『立ち』と『しゃがみ』に姿勢が変化する",,,,NOT_CHECKED,42,,NOT_STARTED,NOT_BUILT,NOT_TESTED,JPN_PRIMARY; MLG_CN_CONTEXT_AUXILIARY,mechanical template; resource_class=LOOSE_OLANG; source_objects=1
007E2F18,984,10642,10642,1,,page:tag:entity1771:key00000005:ref10642:ord4,それぞれの姿勢で移動も可能だ,"『<I=STANCE>』を短く押すと
『立ち』と『しゃがみ』に姿勢が変化する",姿勢の変更には『<I=STANCE>』を使う,<I=STANCE>,,,NOT_CHECKED,92,,NOT_STARTED,NOT_BUILT,NOT_TESTED,JPN_PRIMARY; MLG_CN_CONTEXT_AUXILIARY,mechanical template; resource_class=LOOSE_OLANG; source_objects=1
007E2F18,985,10648,10648,1,,page:tag:entity1770:key00000004:ref10648:ord4,"『<I=STANCE>』を短く押すと
『立ち』と『しゃがみ』に姿勢が変化する",姿勢の変更には『<I=STANCE>』を使う,"どうした『姿勢の変更』には
『<I=STANCE>』を使え",<I=STANCE>,,,NOT_CHECKED,46,,NOT_STARTED,NOT_BUILT,NOT_TESTED,JPN_PRIMARY; MLG_CN_CONTEXT_AUXILIARY,mechanical template; resource_class=LOOSE_OLANG; source_objects=1
007E2F18,986,10654,10654;10660,2,,page:tag:entity1776:key00000001:ref10654:ord4;page:tag:entity1775:key00000000:ref10660:ord4,姿勢の変更には『<I=STANCE>』を使う,"どうした『姿勢の変更』には
『<I=STANCE>』を使え",ボス『姿勢の変更』は『<I=STANCE>』です！,<I=STANCE>,,,NOT_CHECKED,65,,NOT_STARTED,NOT_BUILT,NOT_TESTED,JPN_PRIMARY; MLG_CN_CONTEXT_AUXILIARY,mechanical template; resource_class=LOOSE_OLANG; source_objects=2
007E2F18,987,10666,10666,1,,page:tag:entity1777:key00000000:ref10666:ord4,"どうした『姿勢の変更』には
『<I=STANCE>』を使え",ボス『姿勢の変更』は『<I=STANCE>』です！,移動には『<I=MOVE>』を使う,<I=STANCE>,,,NOT_CHECKED,55,,NOT_STARTED,NOT_BUILT,NOT_TESTED,JPN_PRIMARY; MLG_CN_CONTEXT_AUXILIARY,mechanical template; resource_class=LOOSE_OLANG; source_objects=1
007E2F18,988,10672,10672;10702,2,,page:tag:entity1778:key00000001:ref10672:ord4;page:tag:entity1780:key00000001:ref10702:ord4,ボス『姿勢の変更』は『<I=STANCE>』です！,移動には『<I=MOVE>』を使う,敵に見つかりやすくなるから注意しろ,<I=MOVE>,,,NOT_CHECKED,35,,NOT_STARTED,NOT_BUILT,NOT_TESTED,JPN_PRIMARY; MLG_CN_CONTEXT_AUXILIARY,mechanical template; resource_class=LOOSE_OLANG; source_objects=2
007E2F18,989,10678,10678,1,,page:tag:entity1784:key00000005:ref10678:ord4,移動には『<I=MOVE>』を使う,敵に見つかりやすくなるから注意しろ,走っている時は足音も大きい,,,,NOT_CHECKED,51,,NOT_STARTED,NOT_BUILT,NOT_TESTED,JPN_PRIMARY; MLG_CN_CONTEXT_AUXILIARY,mechanical template; resource_class=LOOSE_OLANG; source_objects=1
007E2F18,990,10684,10684,1,,page:tag:entity1783:key00000004:ref10684:ord4,敵に見つかりやすくなるから注意しろ,走っている時は足音も大きい,状況によって使い分けるんだ,,,,NOT_CHECKED,39,,NOT_STARTED,NOT_BUILT,NOT_TESTED,JPN_PRIMARY; MLG_CN_CONTEXT_AUXILIARY,mechanical template; resource_class=LOOSE_OLANG; source_objects=1
007E2F18,991,10690,10690,1,,page:tag:entity1782:key00000003:ref10690:ord4,走っている時は足音も大きい,状況によって使い分けるんだ,『<I=WALK>』を使えばゆっくり歩ける,,,,NOT_CHECKED,39,,NOT_STARTED,NOT_BUILT,NOT_TESTED,JPN_PRIMARY; MLG_CN_CONTEXT_AUXILIARY,mechanical template; resource_class=LOOSE_OLANG; source_objects=1
007E2F18,992,10696,10696,1,,page:tag:entity1781:key00000002:ref10696:ord4,状況によって使い分けるんだ,『<I=WALK>』を使えばゆっくり歩ける,移動には『<I=MOVE>』を使う,<I=WALK>,,,NOT_CHECKED,47,,NOT_STARTED,NOT_BUILT,NOT_TESTED,JPN_PRIMARY; MLG_CN_CONTEXT_AUXILIARY,mechanical template; resource_class=LOOSE_OLANG; source_objects=1
007E2F18,993,10708,10708,1,,page:tag:entity1779:key00000000:ref10708:ord4,移動には『<I=MOVE>』を使う,次に移動方法の確認だ,どうした『移動』には『<I=MOVE>』を使え,,,,NOT_CHECKED,30,,NOT_STARTED,NOT_BUILT,NOT_TESTED,JPN_PRIMARY; MLG_CN_CONTEXT_AUXILIARY,mechanical template; resource_class=LOOSE_OLANG; source_objects=1
007E2F18,994,10714,10714,1,,page:tag:entity1785:key00000000:ref10714:ord4,次に移動方法の確認だ,どうした『移動』には『<I=MOVE>』を使え,ボス…『移動』には『<I=MOVE>』です！,<I=MOVE>,,,NOT_CHECKED,53,,NOT_STARTED,NOT_BUILT,NOT_TESTED,JPN_PRIMARY; MLG_CN_CONTEXT_AUXILIARY,mechanical template; resource_class=LOOSE_OLANG; source_objects=1
007E2F18,995,10720,10720;10726,2,,page:tag:entity1786:key00000000:ref10720:ord4;page:tag:entity1787:key00000000:ref10726:ord4,どうした『移動』には『<I=MOVE>』を使え,ボス…『移動』には『<I=MOVE>』です！,"いいな 走りながら『<I=STANCE>』を押す！
よく覚えておけ！",<I=MOVE>,,,NOT_CHECKED,50,,NOT_STARTED,NOT_BUILT,NOT_TESTED,JPN_PRIMARY; MLG_CN_CONTEXT_AUXILIARY,mechanical template; resource_class=LOOSE_OLANG; source_objects=2
007E2F18,996,10732,10732;10744,2,,page:tag:entity1789:key00000005:ref10732:ord4;page:tag:entity1791:key00000005:ref10744:ord4,ボス…『移動』には『<I=MOVE>』です！,"いいな 走りながら『<I=STANCE>』を押す！
よく覚えておけ！","『ローリング』するには走りながら
『<I=STANCE>』を押せ",<I=STANCE>,,,NOT_CHECKED,78,,NOT_STARTED,NOT_BUILT,NOT_TESTED,JPN_PRIMARY; MLG_CN_CONTEXT_AUXILIARY,mechanical template; resource_class=LOOSE_OLANG; source_objects=2
007E2F18,997,10738,10738;10750,2,,page:tag:entity1788:key00000004:ref10738:ord4;page:tag:entity1790:key00000004:ref10750:ord4,"いいな 走りながら『<I=STANCE>』を押す！
よく覚えておけ！","『ローリング』するには走りながら
『<I=STANCE>』を押せ","いいな 走りながら『<I=STANCE>』を押す！
よく覚えておけ！",<I=STANCE>,,,NOT_CHECKED,74,,NOT_STARTED,NOT_BUILT,NOT_TESTED,JPN_PRIMARY; MLG_CN_CONTEXT_AUXILIARY,mechanical template; resource_class=LOOSE_OLANG; source_objects=2
007E2F18,998,10756,10756;10762,2,,page:tag:entity1792:key00000000:ref10756:ord4;page:tag:entity1793:key00000000:ref10762:ord4,"『ローリング』するには走りながら
『<I=STANCE>』を押せ","どうした『<I=MOVE>』で走りながら
『<I=STANCE>』を押すんだ！","ボス『<I=MOVE>』で走りながら
『<I=STANCE>』を押して！",<I=MOVE> | <I=STANCE>,,,NOT_CHECKED,79,,NOT_STARTED,NOT_BUILT,NOT_TESTED,JPN_PRIMARY; MLG_CN_CONTEXT_AUXILIARY,mechanical template; resource_class=LOOSE_OLANG; source_objects=2
007E2F18,999,10768,10768;10774;10780,3,,page:tag:entity1794:key00000000:ref10768:ord4;page:tag:entity1795:key00000000:ref10774:ord4;page:tag:entity1796:key00000000:ref10780:ord4,"どうした『<I=MOVE>』で走りながら
『<I=STANCE>』を押すんだ！","ボス『<I=MOVE>』で走りながら
『<I=STANCE>』を押して！","では私の号令で『<I=ATK>』を続けて押し
相手を倒せ！",<I=MOVE> | <I=STANCE>,,,NOT_CHECKED,70,,NOT_STARTED,NOT_BUILT,NOT_TESTED,JPN_PRIMARY; MLG_CN_CONTEXT_AUXILIARY,mechanical template; resource_class=LOOSE_OLANG; source_objects=3
007E2F18,1000,10786,10786,1,,page:tag:entity1798:key00000001:ref10786:ord4,"ボス『<I=MOVE>』で走りながら
『<I=STANCE>』を押して！","では私の号令で『<I=ATK>』を続けて押し
相手を倒せ！",打撃攻撃は移動せずに『<I=ATK>』だ！,<I=ATK>,,,NOT_CHECKED,71,,NOT_STARTED,NOT_BUILT,NOT_TESTED,JPN_PRIMARY; MLG_CN_CONTEXT_AUXILIARY,mechanical template; resource_class=LOOSE_OLANG; source_objects=1
007E2F18,1001,10792,10792,1,,page:tag:entity1797:key00000000:ref10792:ord4,"では私の号令で『<I=ATK>』を続けて押し
相手を倒せ！",打撃攻撃は移動せずに『<I=ATK>』だ！,"では私の号令で『<I=CQC>』を続けて押し
相手を倒せ！",<I=ATK>,,,NOT_CHECKED,49,,NOT_STARTED,NOT_BUILT,NOT_TESTED,JPN_PRIMARY; MLG_CN_CONTEXT_AUXILIARY,mechanical template; resource_class=LOOSE_OLANG; source_objects=1
007E2F18,1002,10798,10798,1,,page:tag:entity1800:key00000001:ref10798:ord4,打撃攻撃は移動せずに『<I=ATK>』だ！,"では私の号令で『<I=CQC>』を続けて押し
相手を倒せ！",打撃攻撃は移動せずに『<I=CQC>』だ！,<I=CQC>,,,NOT_CHECKED,71,,NOT_STARTED,NOT_BUILT,NOT_TESTED,JPN_PRIMARY; MLG_CN_CONTEXT_AUXILIARY,mechanical template; resource_class=LOOSE_OLANG; source_objects=1
007E2F18,1003,10804,10804,1,,page:tag:entity1799:key00000000:ref10804:ord4,"では私の号令で『<I=CQC>』を続けて押し
相手を倒せ！",打撃攻撃は移動せずに『<I=CQC>』だ！,どうした 移動しないで『<I=ATK>』だ！,<I=CQC>,,,NOT_CHECKED,49,,NOT_STARTED,NOT_BUILT,NOT_TESTED,JPN_PRIMARY; MLG_CN_CONTEXT_AUXILIARY,mechanical template; resource_class=LOOSE_OLANG; source_objects=1
007E2F18,1004,10810,10810,1,,page:tag:entity1801:key00000000:ref10810:ord4,打撃攻撃は移動せずに『<I=CQC>』だ！,どうした 移動しないで『<I=ATK>』だ！,どうした 移動しないで『<I=CQC>』だ！,<I=ATK>,,,NOT_CHECKED,50,,NOT_STARTED,NOT_BUILT,NOT_TESTED,JPN_PRIMARY; MLG_CN_CONTEXT_AUXILIARY,mechanical template; resource_class=LOOSE_OLANG; source_objects=1
007E2F18,1005,10816,10816,1,,page:tag:entity1802:key00000000:ref10816:ord4,どうした 移動しないで『<I=ATK>』だ！,どうした 移動しないで『<I=CQC>』だ！,ボス 移動せずに『<I=ATK>』です！,<I=CQC>,,,NOT_CHECKED,50,,NOT_STARTED,NOT_BUILT,NOT_TESTED,JPN_PRIMARY; MLG_CN_CONTEXT_AUXILIARY,mechanical template; resource_class=LOOSE_OLANG; source_objects=1
007E2F18,1006,10822,10822,1,,page:tag:entity1803:key00000000:ref10822:ord4,どうした 移動しないで『<I=CQC>』だ！,ボス 移動せずに『<I=ATK>』です！,ボス 移動せずに『<I=CQC>』です！,<I=ATK>,,,NOT_CHECKED,44,,NOT_STARTED,NOT_BUILT,NOT_TESTED,JPN_PRIMARY; MLG_CN_CONTEXT_AUXILIARY,mechanical template; resource_class=LOOSE_OLANG; source_objects=1
007E2F18,1007,10828,10828,1,,page:tag:entity1804:key00000000:ref10828:ord4,ボス 移動せずに『<I=ATK>』です！,ボス 移動せずに『<I=CQC>』です！,"『スタンロッド』を構えながら
『<I=ATK>』を押せ",<I=CQC>,,,NOT_CHECKED,44,,NOT_STARTED,NOT_BUILT,NOT_TESTED,JPN_PRIMARY; MLG_CN_CONTEXT_AUXILIARY,mechanical template; resource_class=LOOSE_OLANG; source_objects=1
007E2F18,1008,10834,10834,1,,page:tag:entity1806:key00000001:ref10834:ord4,ボス 移動せずに『<I=CQC>』です！,"『スタンロッド』を構えながら
『<I=ATK>』を押せ","スタンロッドを使用するには
『<I=AIM>』を押して",<I=ATK>,,,NOT_CHECKED,65,,NOT_STARTED,NOT_BUILT,NOT_TESTED,JPN_PRIMARY; MLG_CN_CONTEXT_AUXILIARY,mechanical template; resource_class=LOOSE_OLANG; source_objects=1
007E2F18,1009,10840,10840,1,,page:tag:entity1805:key00000000:ref10840:ord4,"『スタンロッド』を構えながら
『<I=ATK>』を押せ","スタンロッドを使用するには
『<I=AIM>』を押して",続いて『<I=ATK>』を押せ,<I=AIM>,,,NOT_CHECKED,65,,NOT_STARTED,NOT_BUILT,NOT_TESTED,JPN_PRIMARY; MLG_CN_CONTEXT_AUXILIARY,mechanical template; resource_class=LOOSE_OLANG; source_objects=1
007E2F18,1010,10846,10846,1,,page:tag:entity1808:key00000001:ref10846:ord4,"スタンロッドを使用するには
『<I=AIM>』を押して",続いて『<I=ATK>』を押せ,"スタンロッドを使用するには
『<I=AIM>』を押して『スタンロッド』を構え",<I=ATK>,,,NOT_CHECKED,31,,NOT_STARTED,NOT_BUILT,NOT_TESTED,JPN_PRIMARY; MLG_CN_CONTEXT_AUXILIARY,mechanical template; resource_class=LOOSE_OLANG; source_objects=1
007E2F18,1011,10852,10852,1,,page:tag:entity1807:key00000000:ref10852:ord4,続いて『<I=ATK>』を押せ,"スタンロッドを使用するには
『<I=AIM>』を押して『スタンロッド』を構え",どうした『<I=AIM>』を押し続けるんだ！,<I=AIM>,,,NOT_CHECKED,98,,NOT_STARTED,NOT_BUILT,NOT_TESTED,JPN_PRIMARY; MLG_CN_CONTEXT_AUXILIARY,mechanical template; resource_class=LOOSE_OLANG; source_objects=1
007E2F18,1012,10858,10858,1,,page:tag:entity1809:key00000000:ref10858:ord4,"スタンロッドを使用するには
『<I=AIM>』を押して『スタンロッド』を構え",どうした『<I=AIM>』を押し続けるんだ！,どうした『<I=AIM>』を押すんだ！,<I=AIM>,,,NOT_CHECKED,52,,NOT_STARTED,NOT_BUILT,NOT_TESTED,JPN_PRIMARY; MLG_CN_CONTEXT_AUXILIARY,mechanical template; resource_class=LOOSE_OLANG; source_objects=1
007E2F18,1013,10864,10864,1,,page:tag:entity1810:key00000000:ref10864:ord4,どうした『<I=AIM>』を押し続けるんだ！,どうした『<I=AIM>』を押すんだ！,ボス『<I=AIM>』を押したままにしてください！,<I=AIM>,,,NOT_CHECKED,43,,NOT_STARTED,NOT_BUILT,NOT_TESTED,JPN_PRIMARY; MLG_CN_CONTEXT_AUXILIARY,mechanical template; resource_class=LOOSE_OLANG; source_objects=1
007E2F18,1014,10870,10870,1,,page:tag:entity1811:key00000000:ref10870:ord4,どうした『<I=AIM>』を押すんだ！,ボス『<I=AIM>』を押したままにしてください！,ボス『<I=AIM>』を押してください！,<I=AIM>,,,NOT_CHECKED,61,,NOT_STARTED,NOT_BUILT,NOT_TESTED,JPN_PRIMARY; MLG_CN_CONTEXT_AUXILIARY,mechanical template; resource_class=LOOSE_OLANG; source_objects=1
007E2F18,1015,10876,10876,1,,page:tag:entity1812:key00000000:ref10876:ord4,ボス『<I=AIM>』を押したままにしてください！,ボス『<I=AIM>』を押してください！,"どうした『<I=AIM>』を押しながら
『<I=ATK>』を押すんだ！",<I=AIM>,,,NOT_CHECKED,46,,NOT_STARTED,NOT_BUILT,NOT_TESTED,JPN_PRIMARY; MLG_CN_CONTEXT_AUXILIARY,mechanical template; resource_class=LOOSE_OLANG; source_objects=1
007E2F18,1016,10882,10882,1,,page:tag:entity1813:key00000000:ref10882:ord4,ボス『<I=AIM>』を押してください！,"どうした『<I=AIM>』を押しながら
『<I=ATK>』を押すんだ！","どうした『<I=AIM>』を押してから
『<I=ATK>』を押すんだ！",<I=AIM> | <I=ATK>,,,NOT_CHECKED,75,,NOT_STARTED,NOT_BUILT,NOT_TESTED,JPN_PRIMARY; MLG_CN_CONTEXT_AUXILIARY,mechanical template; resource_class=LOOSE_OLANG; source_objects=1
007E2F18,1017,10888,10888,1,,page:tag:entity1814:key00000000:ref10888:ord4,"どうした『<I=AIM>』を押しながら
『<I=ATK>』を押すんだ！","どうした『<I=AIM>』を押してから
『<I=ATK>』を押すんだ！","ボス『<I=AIM>』を押しながら
『<I=ATK>』を押してください！",<I=AIM> | <I=ATK>,,,NOT_CHECKED,75,,NOT_STARTED,NOT_BUILT,NOT_TESTED,JPN_PRIMARY; MLG_CN_CONTEXT_AUXILIARY,mechanical template; resource_class=LOOSE_OLANG; source_objects=1
007E2F18,1018,10894,10894,1,,page:tag:entity1815:key00000000:ref10894:ord4,"どうした『<I=AIM>』を押してから
『<I=ATK>』を押すんだ！","ボス『<I=AIM>』を押しながら
『<I=ATK>』を押してください！","ボス『<I=AIM>』を押してから
『<I=ATK>』を押してください！",<I=AIM> | <I=ATK>,,,NOT_CHECKED,78,,NOT_STARTED,NOT_BUILT,NOT_TESTED,JPN_PRIMARY; MLG_CN_CONTEXT_AUXILIARY,mechanical template; resource_class=LOOSE_OLANG; source_objects=1
007E2F18,1019,10900,10900,1,,page:tag:entity1816:key00000000:ref10900:ord4,"ボス『<I=AIM>』を押しながら
『<I=ATK>』を押してください！","ボス『<I=AIM>』を押してから
『<I=ATK>』を押してください！",相手の近くで『<I=MOVE>』を入力しながら『<I=ATK>』だ,<I=AIM> | <I=ATK>,,,NOT_CHECKED,78,,NOT_STARTED,NOT_BUILT,NOT_TESTED,JPN_PRIMARY; MLG_CN_CONTEXT_AUXILIARY,mechanical template; resource_class=LOOSE_OLANG; source_objects=1
007E2F18,1020,10906,10906,1,,page:tag:entity1817:key00000001:ref10906:ord4,"ボス『<I=AIM>』を押してから
『<I=ATK>』を押してください！",相手の近くで『<I=MOVE>』を入力しながら『<I=ATK>』だ,では私の号令で相手を投げてみろ,<I=MOVE> | <I=ATK>,,,NOT_CHECKED,69,,NOT_STARTED,NOT_BUILT,NOT_TESTED,JPN_PRIMARY; MLG_CN_CONTEXT_AUXILIARY,mechanical template; resource_class=LOOSE_OLANG; source_objects=1
007E2F18,1021,10912,10912,1,,page:tag:entity1821:key00000003:ref10912:ord4,相手の近くで『<I=MOVE>』を入力しながら『<I=ATK>』だ,では私の号令で相手を投げてみろ,『アイコン』が出ているタイミングを狙うんだ,,,,NOT_CHECKED,45,,NOT_STARTED,NOT_BUILT,NOT_TESTED,JPN_PRIMARY; MLG_CN_CONTEXT_AUXILIARY,mechanical template; resource_class=LOOSE_OLANG; source_objects=1
007E2F18,1022,10918,10918,1,,page:tag:entity1820:key00000002:ref10918:ord4,では私の号令で相手を投げてみろ,『アイコン』が出ているタイミングを狙うんだ,相手の近くで『<I=MOVE>』を押しながら『<I=ATK>』だ,,,,NOT_CHECKED,63,,NOT_STARTED,NOT_BUILT,NOT_TESTED,JPN_PRIMARY; MLG_CN_CONTEXT_AUXILIARY,mechanical template; resource_class=LOOSE_OLANG; source_objects=1
007E2F18,1023,10924,10924,1,,page:tag:entity1819:key00000001:ref10924:ord4,『アイコン』が出ているタイミングを狙うんだ,相手の近くで『<I=MOVE>』を押しながら『<I=ATK>』だ,掴んですぐ投げるには,<I=MOVE> | <I=ATK>,,,NOT_CHECKED,66,,NOT_STARTED,NOT_BUILT,NOT_TESTED,JPN_PRIMARY; MLG_CN_CONTEXT_AUXILIARY,mechanical template; resource_class=LOOSE_OLANG; source_objects=1
007E2F18,1024,10930,10930,1,,page:tag:entity1818:key00000000:ref10930:ord4,相手の近くで『<I=MOVE>』を押しながら『<I=ATK>』だ,掴んですぐ投げるには,"『アイコン』が出ている
タイミングを狙うんだ",,,,NOT_CHECKED,30,,NOT_STARTED,NOT_BUILT,NOT_TESTED,JPN_PRIMARY; MLG_CN_CONTEXT_AUXILIARY,mechanical template; resource_class=LOOSE_OLANG; source_objects=1
007E2F18,1025,10936,10936,1,,page:tag:entity1823:key00000002:ref10936:ord4,掴んですぐ投げるには,"『アイコン』が出ている
タイミングを狙うんだ",相手の近くで『<I=MOVE>』を入力しながら『<I=CQC>』だ,,,,NOT_CHECKED,64,,NOT_STARTED,NOT_BUILT,NOT_TESTED,JPN_PRIMARY; MLG_CN_CONTEXT_AUXILIARY,mechanical template; resource_class=LOOSE_OLANG; source_objects=1
007E2F18,1026,10942,10942,1,,page:tag:entity1822:key00000001:ref10942:ord4,"『アイコン』が出ている
タイミングを狙うんだ",相手の近くで『<I=MOVE>』を入力しながら『<I=CQC>』だ,"どうした『<I=MOVE>』を入力しながら
『<I=ATK>』を押すんだ！",<I=MOVE> | <I=CQC>,,,NOT_CHECKED,69,,NOT_STARTED,NOT_BUILT,NOT_TESTED,JPN_PRIMARY; MLG_CN_CONTEXT_AUXILIARY,mechanical template; resource_class=LOOSE_OLANG; source_objects=1
007E2F18,1027,10948,10948,1,,page:tag:entity1824:key00000000:ref10948:ord4,相手の近くで『<I=MOVE>』を入力しながら『<I=CQC>』だ,"どうした『<I=MOVE>』を入力しながら
『<I=ATK>』を押すんだ！","どうした『<I=MOVE>』を入力しながら
『<I=CQC>』を押すんだ！",<I=MOVE> | <I=ATK>,,,NOT_CHECKED,79,,NOT_STARTED,NOT_BUILT,NOT_TESTED,JPN_PRIMARY; MLG_CN_CONTEXT_AUXILIARY,mechanical template; resource_class=LOOSE_OLANG; source_objects=1
007E2F18,1028,10954,10954;10960,2,,page:tag:entity1826:key00000001:ref10954:ord4;page:tag:entity1825:key00000000:ref10960:ord4,"どうした『<I=MOVE>』を入力しながら
『<I=ATK>』を押すんだ！","どうした『<I=MOVE>』を入力しながら
『<I=CQC>』を押すんだ！","ボス『<I=MOVE>』を入力しながら
『<I=ATK>』を押してください！",<I=MOVE> | <I=CQC>,,,NOT_CHECKED,79,,NOT_STARTED,NOT_BUILT,NOT_TESTED,JPN_PRIMARY; MLG_CN_CONTEXT_AUXILIARY,mechanical template; resource_class=LOOSE_OLANG; source_objects=2
007E2F18,1029,10966,10966,1,,page:tag:entity1827:key00000000:ref10966:ord4,"どうした『<I=MOVE>』を入力しながら
『<I=CQC>』を押すんだ！","ボス『<I=MOVE>』を入力しながら
『<I=ATK>』を押してください！","ボス『<I=MOVE>』を押しながら
『<I=ATK>』を押してください！",<I=MOVE> | <I=ATK>,,,NOT_CHECKED,82,,NOT_STARTED,NOT_BUILT,NOT_TESTED,JPN_PRIMARY; MLG_CN_CONTEXT_AUXILIARY,mechanical template; resource_class=LOOSE_OLANG; source_objects=1
007E2F18,1030,10978,10978,1,,page:tag:entity1828:key00000000:ref10978:ord4,"ボス『<I=MOVE>』を入力しながら
『<I=ATK>』を押してください！","ボス『<I=MOVE>』を押しながら
『<I=ATK>』を押してください！","ボス『<I=MOVE>』を入力しながら
『<I=CQC>』を押してください！",<I=MOVE> | <I=ATK>,,,NOT_CHECKED,79,,NOT_STARTED,NOT_BUILT,NOT_TESTED,JPN_PRIMARY; MLG_CN_CONTEXT_AUXILIARY,mechanical template; resource_class=LOOSE_OLANG; source_objects=1
007E2F18,1031,10984,10984,1,,page:tag:entity1830:key00000000:ref10984:ord4,"ボス『<I=MOVE>』を押しながら
『<I=ATK>』を押してください！","ボス『<I=MOVE>』を入力しながら
『<I=CQC>』を押してください！","拘束している時 再度『<I=ATK>』を押すと
頸部を更に圧迫することが出来る",<I=MOVE> | <I=CQC>,,,NOT_CHECKED,82,,NOT_STARTED,NOT_BUILT,NOT_TESTED,JPN_PRIMARY; MLG_CN_CONTEXT_AUXILIARY,mechanical template; resource_class=LOOSE_OLANG; source_objects=1
007E2F18,1032,10990,10990,1,,page:tag:entity1831:key00000000:ref10990:ord4,"ボス『<I=MOVE>』を入力しながら
『<I=CQC>』を押してください！","拘束している時 再度『<I=ATK>』を押すと
頸部を更に圧迫することが出来る","相手を拘束するには
相手の近くで『<I=ATK>』を長く押す",<I=ATK>,,,NOT_CHECKED,99,,NOT_STARTED,NOT_BUILT,NOT_TESTED,JPN_PRIMARY; MLG_CN_CONTEXT_AUXILIARY,mechanical template; resource_class=LOOSE_OLANG; source_objects=1
007E2F18,1033,10996,10996,1,,page:tag:entity1832:key00000000:ref10996:ord4,"拘束している時 再度『<I=ATK>』を押すと
頸部を更に圧迫することが出来る","相手を拘束するには
相手の近くで『<I=ATK>』を長く押す","相手を拘束するには
相手の近くで『<I=CQC>』を長く押す",<I=ATK>,,,NOT_CHECKED,74,,NOT_STARTED,NOT_BUILT,NOT_TESTED,JPN_PRIMARY; MLG_CN_CONTEXT_AUXILIARY,mechanical template; resource_class=LOOSE_OLANG; source_objects=1
007E2F18,1034,11002,11002,1,,page:tag:entity1833:key00000000:ref11002:ord4,"相手を拘束するには
相手の近くで『<I=ATK>』を長く押す","相手を拘束するには
相手の近くで『<I=CQC>』を長く押す",どうした 相手の近くで『<I=ATK>』を押せ！,<I=CQC>,,,NOT_CHECKED,74,,NOT_STARTED,NOT_BUILT,NOT_TESTED,JPN_PRIMARY; MLG_CN_CONTEXT_AUXILIARY,mechanical template; resource_class=LOOSE_OLANG; source_objects=1
007E2F18,1035,11008,11008,1,,page:tag:entity1834:key00000000:ref11008:ord4,"相手を拘束するには
相手の近くで『<I=CQC>』を長く押す",どうした 相手の近くで『<I=ATK>』を押せ！,どうした 相手の近くで『<I=CQC>』を押せ！,<I=ATK>,,,NOT_CHECKED,56,,NOT_STARTED,NOT_BUILT,NOT_TESTED,JPN_PRIMARY; MLG_CN_CONTEXT_AUXILIARY,mechanical template; resource_class=LOOSE_OLANG; source_objects=1
007E2F18,1036,11014,11014,1,,page:tag:entity1835:key00000000:ref11014:ord4,どうした 相手の近くで『<I=ATK>』を押せ！,どうした 相手の近くで『<I=CQC>』を押せ！,ボス 相手のそばで『<I=ATK>』を押してみては！？,<I=CQC>,,,NOT_CHECKED,56,,NOT_STARTED,NOT_BUILT,NOT_TESTED,JPN_PRIMARY; MLG_CN_CONTEXT_AUXILIARY,mechanical template; resource_class=LOOSE_OLANG; source_objects=1
007E2F18,1037,11020,11020,1,,page:tag:entity1836:key00000000:ref11020:ord4,どうした 相手の近くで『<I=CQC>』を押せ！,ボス 相手のそばで『<I=ATK>』を押してみては！？,ボス 相手のそばで『<I=CQC>』を押してみては！？,<I=ATK>,,,NOT_CHECKED,65,,NOT_STARTED,NOT_BUILT,NOT_TESTED,JPN_PRIMARY; MLG_CN_CONTEXT_AUXILIARY,mechanical template; resource_class=LOOSE_OLANG; source_objects=1
007E2F18,1038,11026,11026,1,,page:tag:entity1837:key00000000:ref11026:ord4,ボス 相手のそばで『<I=ATK>』を押してみては！？,ボス 相手のそばで『<I=CQC>』を押してみては！？,"拘束した相手を投げ飛ばすには
拘束中に『<I=MOVE>』を入力するんだ",<I=CQC>,,,NOT_CHECKED,65,,NOT_STARTED,NOT_BUILT,NOT_TESTED,JPN_PRIMARY; MLG_CN_CONTEXT_AUXILIARY,mechanical template; resource_class=LOOSE_OLANG; source_objects=1
007E2F18,1039,11032,11032,1,,page:tag:entity1838:key00000000:ref11032:ord4,ボス 相手のそばで『<I=CQC>』を押してみては！？,"拘束した相手を投げ飛ばすには
拘束中に『<I=MOVE>』を入力するんだ","拘束した相手を投げ飛ばすには
拘束中に『<I=MOVE>』を押すんだ",<I=MOVE>,,,NOT_CHECKED,90,,NOT_STARTED,NOT_BUILT,NOT_TESTED,JPN_PRIMARY; MLG_CN_CONTEXT_AUXILIARY,mechanical template; resource_class=LOOSE_OLANG; source_objects=1
007E2F18,1040,11044,11044,1,,page:tag:entity1839:key00000000:ref11044:ord4,"拘束した相手を投げ飛ばすには
拘束中に『<I=MOVE>』を入力するんだ","拘束した相手を投げ飛ばすには
拘束中に『<I=MOVE>』を押すんだ","尋問するには『<I=ATK>』で相手を拘束
その状態で『<I=INTERROGATE>』を押せ",<I=MOVE>,,,NOT_CHECKED,84,,NOT_STARTED,NOT_BUILT,NOT_TESTED,JPN_PRIMARY; MLG_CN_CONTEXT_AUXILIARY,mechanical template; resource_class=LOOSE_OLANG; source_objects=1
007E2F18,1041,11050,11050,1,,page:tag:entity1841:key00000000:ref11050:ord4,"拘束した相手を投げ飛ばすには
拘束中に『<I=MOVE>』を押すんだ","尋問するには『<I=ATK>』で相手を拘束
その状態で『<I=INTERROGATE>』を押せ","尋問するには『<I=CQC>』で相手を拘束
その状態で『<I=INTERROGATE>』を押せ",<I=ATK> | <I=INTERROGATE>,,,NOT_CHECKED,95,,NOT_STARTED,NOT_BUILT,NOT_TESTED,JPN_PRIMARY; MLG_CN_CONTEXT_AUXILIARY,mechanical template; resource_class=LOOSE_OLANG; source_objects=1
007E2F18,1042,11056,11056,1,,page:tag:entity1842:key00000000:ref11056:ord4,"尋問するには『<I=ATK>』で相手を拘束
その状態で『<I=INTERROGATE>』を押せ","尋問するには『<I=CQC>』で相手を拘束
その状態で『<I=INTERROGATE>』を押せ",どうした『<I=ACT>』を押すんだ！,<I=CQC> | <I=INTERROGATE>,,,NOT_CHECKED,95,,NOT_STARTED,NOT_BUILT,NOT_TESTED,JPN_PRIMARY; MLG_CN_CONTEXT_AUXILIARY,mechanical template; resource_class=LOOSE_OLANG; source_objects=1
007E2F18,1043,11062,11062,1,,page:tag:entity1843:key00000000:ref11062:ord4,"尋問するには『<I=CQC>』で相手を拘束
その状態で『<I=INTERROGATE>』を押せ",どうした『<I=ACT>』を押すんだ！,どうした『<I=INTERROGATE>』を押すんだ！,<I=ACT>,,,NOT_CHECKED,43,,NOT_STARTED,NOT_BUILT,NOT_TESTED,JPN_PRIMARY; MLG_CN_CONTEXT_AUXILIARY,mechanical template; resource_class=LOOSE_OLANG; source_objects=1
007E2F18,1044,11068,11068,1,,page:tag:entity1844:key00000000:ref11068:ord4,どうした『<I=ACT>』を押すんだ！,どうした『<I=INTERROGATE>』を押すんだ！,ボス『<I=ACT>』を押すんです！,<I=INTERROGATE>,,,NOT_CHECKED,51,,NOT_STARTED,NOT_BUILT,NOT_TESTED,JPN_PRIMARY; MLG_CN_CONTEXT_AUXILIARY,mechanical template; resource_class=LOOSE_OLANG; source_objects=1
007E2F18,1045,11074,11074,1,,page:tag:entity1845:key00000000:ref11074:ord4,どうした『<I=INTERROGATE>』を押すんだ！,ボス『<I=ACT>』を押すんです！,ボス『<I=INTERROGATE>』を押すんです！,<I=ACT>,,,NOT_CHECKED,40,,NOT_STARTED,NOT_BUILT,NOT_TESTED,JPN_PRIMARY; MLG_CN_CONTEXT_AUXILIARY,mechanical template; resource_class=LOOSE_OLANG; source_objects=1
007E2F18,1046,11080,11080,1,,page:tag:entity1846:key00000000:ref11080:ord4,ボス『<I=ACT>』を押すんです！,ボス『<I=INTERROGATE>』を押すんです！,"この時 他の敵に向けて
『<I=MOVE>』を入力すると",<I=INTERROGATE>,,,NOT_CHECKED,48,,NOT_STARTED,NOT_BUILT,NOT_TESTED,JPN_PRIMARY; MLG_CN_CONTEXT_AUXILIARY,mechanical template; resource_class=LOOSE_OLANG; source_objects=1
007E2F18,1047,11086,11086;11134,2,,page:tag:entity1849:key00000002:ref11086:ord4;page:tag:entity1857:key00000002:ref11134:ord4,ボス『<I=INTERROGATE>』を押すんです！,"この時 他の敵に向けて
『<I=MOVE>』を入力すると","拘束中に『<I=MOVE>』を入力して
相手を投げ飛ばす",<I=MOVE>,,,NOT_CHECKED,64,,NOT_STARTED,NOT_BUILT,NOT_TESTED,JPN_PRIMARY; MLG_CN_CONTEXT_AUXILIARY,mechanical template; resource_class=LOOSE_OLANG; source_objects=2
007E2F18,1048,11092,11092;11140,2,,page:tag:entity1848:key00000001:ref11092:ord4;page:tag:entity1856:key00000001:ref11140:ord4,"この時 他の敵に向けて
『<I=MOVE>』を入力すると","拘束中に『<I=MOVE>』を入力して
相手を投げ飛ばす",相手の近くで『<I=ATK>』を押して相手を拘束,<I=MOVE>,,,NOT_CHECKED,66,,NOT_STARTED,NOT_BUILT,NOT_TESTED,JPN_PRIMARY; MLG_CN_CONTEXT_AUXILIARY,mechanical template; resource_class=LOOSE_OLANG; source_objects=2
007E2F18,1049,11098,11098;11128,2,,page:tag:entity1847:key00000000:ref11098:ord4;page:tag:entity1850:key00000000:ref11128:ord4,"拘束中に『<I=MOVE>』を入力して
相手を投げ飛ばす",相手の近くで『<I=ATK>』を押して相手を拘束,"では号令に合わせ 相手を拘束
投げ飛ばすんだ",<I=ATK>,,,NOT_CHECKED,58,,NOT_STARTED,NOT_BUILT,NOT_TESTED,JPN_PRIMARY; MLG_CN_CONTEXT_AUXILIARY,mechanical template; resource_class=LOOSE_OLANG; source_objects=2
007E2F18,1050,11104,11104,1,,page:tag:entity1854:key00000004:ref11104:ord4,相手の近くで『<I=ATK>』を押して相手を拘束,"では号令に合わせ 相手を拘束
投げ飛ばすんだ",その方向に相手を投げ飛ばすことが出来る,,,,NOT_CHECKED,62,,NOT_STARTED,NOT_BUILT,NOT_TESTED,JPN_PRIMARY; MLG_CN_CONTEXT_AUXILIARY,mechanical template; resource_class=LOOSE_OLANG; source_objects=1
007E2F18,1051,11110,11110,1,,page:tag:entity1853:key00000003:ref11110:ord4,"では号令に合わせ 相手を拘束
投げ飛ばすんだ",その方向に相手を投げ飛ばすことが出来る,"この時 他の敵に向けて
『<I=MOVE>』を押すと",,,,NOT_CHECKED,57,,NOT_STARTED,NOT_BUILT,NOT_TESTED,JPN_PRIMARY; MLG_CN_CONTEXT_AUXILIARY,mechanical template; resource_class=LOOSE_OLANG; source_objects=1
007E2F18,1052,11116,11116,1,,page:tag:entity1852:key00000002:ref11116:ord4,その方向に相手を投げ飛ばすことが出来る,"この時 他の敵に向けて
『<I=MOVE>』を押すと","拘束中に『<I=MOVE>』を押して
相手を投げ飛ばす",<I=MOVE>,,,NOT_CHECKED,58,,NOT_STARTED,NOT_BUILT,NOT_TESTED,JPN_PRIMARY; MLG_CN_CONTEXT_AUXILIARY,mechanical template; resource_class=LOOSE_OLANG; source_objects=1
007E2F18,1053,11122,11122,1,,page:tag:entity1851:key00000001:ref11122:ord4,"この時 他の敵に向けて
『<I=MOVE>』を押すと","拘束中に『<I=MOVE>』を押して
相手を投げ飛ばす",相手の近くで『<I=ATK>』を押して相手を拘束,<I=MOVE>,,,NOT_CHECKED,63,,NOT_STARTED,NOT_BUILT,NOT_TESTED,JPN_PRIMARY; MLG_CN_CONTEXT_AUXILIARY,mechanical template; resource_class=LOOSE_OLANG; source_objects=1
007E2F18,1054,11146,11146,1,,page:tag:entity1855:key00000000:ref11146:ord4,"拘束中に『<I=MOVE>』を入力して
相手を投げ飛ばす",相手の近くで『<I=CQC>』を押して相手を拘束,"どうした
拘束中に『<I=MOVE>』を動かしてみろ！",<I=CQC>,,,NOT_CHECKED,58,,NOT_STARTED,NOT_BUILT,NOT_TESTED,JPN_PRIMARY; MLG_CN_CONTEXT_AUXILIARY,mechanical template; resource_class=LOOSE_OLANG; source_objects=1
007E2F18,1055,11152,11152,1,,page:tag:entity1858:key00000000:ref11152:ord4,相手の近くで『<I=CQC>』を押して相手を拘束,"どうした
拘束中に『<I=MOVE>』を動かしてみろ！",ボス 拘束中に『<I=MOVE>』を動かすんです！,<I=MOVE>,,,NOT_CHECKED,63,,NOT_STARTED,NOT_BUILT,NOT_TESTED,JPN_PRIMARY; MLG_CN_CONTEXT_AUXILIARY,mechanical template; resource_class=LOOSE_OLANG; source_objects=1
007E2F18,1056,11158,11158,1,,page:tag:entity1859:key00000000:ref11158:ord4,"どうした
拘束中に『<I=MOVE>』を動かしてみろ！",ボス 拘束中に『<I=MOVE>』を動かすんです！,ボス 拘束中に『<I=MOVE>』を押すんです！,<I=MOVE>,,,NOT_CHECKED,57,,NOT_STARTED,NOT_BUILT,NOT_TESTED,JPN_PRIMARY; MLG_CN_CONTEXT_AUXILIARY,mechanical template; resource_class=LOOSE_OLANG; source_objects=1
007E2F18,1057,11164,11164,1,,page:tag:entity1860:key00000000:ref11164:ord4,ボス 拘束中に『<I=MOVE>』を動かすんです！,ボス 拘束中に『<I=MOVE>』を押すんです！,相手を投げ飛ばす時 更に『<I=ATK>』を押すんだ,<I=MOVE>,,,NOT_CHECKED,54,,NOT_STARTED,NOT_BUILT,NOT_TESTED,JPN_PRIMARY; MLG_CN_CONTEXT_AUXILIARY,mechanical template; resource_class=LOOSE_OLANG; source_objects=1
007E2F18,1058,11170,11170,1,,page:tag:entity1861:key00000001:ref11170:ord4,ボス 拘束中に『<I=MOVE>』を押すんです！,相手を投げ飛ばす時 更に『<I=ATK>』を押すんだ,相手を投げ飛ばす時 更に『<I=CQC>』を押すんだ,<I=ATK>,,,NOT_CHECKED,62,,NOT_STARTED,NOT_BUILT,NOT_TESTED,JPN_PRIMARY; MLG_CN_CONTEXT_AUXILIARY,mechanical template; resource_class=LOOSE_OLANG; source_objects=1
007E2F18,1059,11176,11176,1,,page:tag:entity1862:key00000001:ref11176:ord4,相手を投げ飛ばす時 更に『<I=ATK>』を押すんだ,相手を投げ飛ばす時 更に『<I=CQC>』を押すんだ,『アイコン』が出ている時に『<I=ATK>』を押せ！,<I=CQC>,,,NOT_CHECKED,62,,NOT_STARTED,NOT_BUILT,NOT_TESTED,JPN_PRIMARY; MLG_CN_CONTEXT_AUXILIARY,mechanical template; resource_class=LOOSE_OLANG; source_objects=1
007E2F18,1060,11182,11182,1,,page:tag:entity1863:key00000000:ref11182:ord4,相手を投げ飛ばす時 更に『<I=CQC>』を押すんだ,『アイコン』が出ている時に『<I=ATK>』を押せ！,『アイコン』が出ている時に『<I=CQC>』を押せ！,<I=ATK>,,,NOT_CHECKED,64,,NOT_STARTED,NOT_BUILT,NOT_TESTED,JPN_PRIMARY; MLG_CN_CONTEXT_AUXILIARY,mechanical template; resource_class=LOOSE_OLANG; source_objects=1
007E2F18,1061,11188,11188,1,,page:tag:entity1864:key00000000:ref11188:ord4,『アイコン』が出ている時に『<I=ATK>』を押せ！,『アイコン』が出ている時に『<I=CQC>』を押せ！,"ボス『アイコン』が出ている時に
『<I=ATK>』を押すんです！",<I=CQC>,,,NOT_CHECKED,64,,NOT_STARTED,NOT_BUILT,NOT_TESTED,JPN_PRIMARY; MLG_CN_CONTEXT_AUXILIARY,mechanical template; resource_class=LOOSE_OLANG; source_objects=1
007E2F18,1062,11194,11194,1,,page:tag:entity1865:key00000000:ref11194:ord4,『アイコン』が出ている時に『<I=CQC>』を押せ！,"ボス『アイコン』が出ている時に
『<I=ATK>』を押すんです！","ボス『アイコン』が出ている時に
『<I=CQC>』を押すんです！",<I=ATK>,,,NOT_CHECKED,80,,NOT_STARTED,NOT_BUILT,NOT_TESTED,JPN_PRIMARY; MLG_CN_CONTEXT_AUXILIARY,mechanical template; resource_class=LOOSE_OLANG; source_objects=1
007E2F18,1063,11200,11200,1,,page:tag:entity1866:key00000000:ref11200:ord4,"ボス『アイコン』が出ている時に
『<I=ATK>』を押すんです！","ボス『アイコン』が出ている時に
『<I=CQC>』を押すんです！","『VERSUS OPS』は最大6人のプレイヤーで
対戦プレイをすることのできるモードです。

 DEATH MATCH
 TEAM DEATH MATCH
 CAPTURE MISSION
 BASE MISSION

の4つのルールを遊ぶことができます。

--------

『VERSUS OPS』では、以下の点において、
他の『OPS』とは異なりますのでご注意ください。

・武器・装備品の威力・効果が異なります。
・CO-OPリングの範囲・効果が異なります。
・友情度・英雄度の効果が異なります。
・スタッフの持つ一部の能力に効果のないものがあります。
・一部の武器は使用することができません。
・一部の装備品は使用することができません。
・CO-OPS通信に言霊効果が適用されません。
・じっとしていてもLIFE・気力が回復しません。

--------

心臓マッサージについて

VERSUS OPSでも他の『OPS』同様、心臓マッサージで
瀕死の仲間を蘇生させることができますが、以下の
点で異なります。

・蘇生に必要なマッサージ回数が異なります。
・10秒以内に蘇生させないと仲間は死亡してしまいます。
・早く再出撃したいときなど、仲間からの蘇生を待ちたく
　ない場合は、自らが<I=ACT>を連打することで、
　死亡までの時間を短縮することができます。",<I=CQC>,,,NOT_CHECKED,80,,NOT_STARTED,NOT_BUILT,NOT_TESTED,JPN_PRIMARY; MLG_CN_CONTEXT_AUXILIARY,mechanical template; resource_class=LOOSE_OLANG; source_objects=1
007E2F18,1064,11206,11206,1,,page:tag:entity1867:key008F3A58:ref11206:ord4,"ボス『アイコン』が出ている時に
『<I=CQC>』を押すんです！","『VERSUS OPS』は最大6人のプレイヤーで
対戦プレイをすることのできるモードです。

 DEATH MATCH
 TEAM DEATH MATCH
 CAPTURE MISSION
 BASE MISSION

の4つのルールを遊ぶことができます。

--------

『VERSUS OPS』では、以下の点において、
他の『OPS』とは異なりますのでご注意ください。

・武器・装備品の威力・効果が異なります。
・CO-OPリングの範囲・効果が異なります。
・友情度・英雄度の効果が異なります。
・スタッフの持つ一部の能力に効果のないものがあります。
・一部の武器は使用することができません。
・一部の装備品は使用することができません。
・CO-OPS通信に言霊効果が適用されません。
・じっとしていてもLIFE・気力が回復しません。

--------

心臓マッサージについて

VERSUS OPSでも他の『OPS』同様、心臓マッサージで
瀕死の仲間を蘇生させることができますが、以下の
点で異なります。

・蘇生に必要なマッサージ回数が異なります。
・10秒以内に蘇生させないと仲間は死亡してしまいます。
・早く再出撃したいときなど、仲間からの蘇生を待ちたく
　ない場合は、自らが<I=ACT>を連打することで、
　死亡までの時間を短縮することができます。",他のプレイヤーと対戦を行います。最大で3人対3人の対戦が可能です。,<I=ACT>,,,NOT_CHECKED,1420,,NOT_STARTED,NOT_BUILT,NOT_TESTED,JPN_PRIMARY; MLG_CN_CONTEXT_AUXILIARY,mechanical template; resource_class=LOOSE_OLANG; source_objects=1
007E2F18,1065,11212,11212,1,,page:tag:entity1868:key0092AC58:ref11212:ord4,"『VERSUS OPS』は最大6人のプレイヤーで
対戦プレイをすることのできるモードです。

 DEATH MATCH
 TEAM DEATH MATCH
 CAPTURE MISSION
 BASE MISSION

の4つのルールを遊ぶことができます。

--------

『VERSUS OPS』では、以下の点において、
他の『OPS』とは異なりますのでご注意ください。

・武器・装備品の威力・効果が異なります。
・CO-OPリングの範囲・効果が異なります。
・友情度・英雄度の効果が異なります。
・スタッフの持つ一部の能力に効果のないものがあります。
・一部の武器は使用することができません。
・一部の装備品は使用することができません。
・CO-OPS通信に言霊効果が適用されません。
・じっとしていてもLIFE・気力が回復しません。

--------

心臓マッサージについて

VERSUS OPSでも他の『OPS』同様、心臓マッサージで
瀕死の仲間を蘇生させることができますが、以下の
点で異なります。

・蘇生に必要なマッサージ回数が異なります。
・10秒以内に蘇生させないと仲間は死亡してしまいます。
・早く再出撃したいときなど、仲間からの蘇生を待ちたく
　ない場合は、自らが<I=ACT>を連打することで、
　死亡までの時間を短縮することができます。",他のプレイヤーと対戦を行います。最大で3人対3人の対戦が可能です。,<I=DEC>を押すとパスワードを変更できます。,,,,NOT_CHECKED,95,,NOT_STARTED,NOT_BUILT,NOT_TESTED,JPN_PRIMARY; MLG_CN_CONTEXT_AUXILIARY,mechanical template; resource_class=LOOSE_OLANG; source_objects=1
007E2F18,1066,11218,11218,1,,page:tag:entity1869:key00C297B4:ref11218:ord4,他のプレイヤーと対戦を行います。最大で3人対3人の対戦が可能です。,<I=DEC>を押すとパスワードを変更できます。,"電撃ゲームス
アスキー・メディアワークス発行の“すべてのゲームファンに贈る”ゲーム
総合情報誌。
従来の電撃のゲーム専門誌が持つ情報の“濃さ”“深さ”はそのままに、
あらゆるハード、あらゆるゲームを対象としている。編集部ブログも日々更新中。
毎号300ページ超のボリュームと厚さが特徴だが、
残念ながら打撃用武器として使用することはできない。
※2010年当時",<I=DEC>,,,NOT_CHECKED,58,,NOT_STARTED,NOT_BUILT,NOT_TESTED,JPN_PRIMARY; MLG_CN_CONTEXT_AUXILIARY,mechanical template; resource_class=LOOSE_OLANG; source_objects=1
007E2F18,1067,11224,11224,1,,page:tag:entity1872:key00000135:ref11224:ord4,<I=DEC>を押すとパスワードを変更できます。,"電撃ゲームス
アスキー・メディアワークス発行の“すべてのゲームファンに贈る”ゲーム
総合情報誌。
従来の電撃のゲーム専門誌が持つ情報の“濃さ”“深さ”はそのままに、
あらゆるハード、あらゆるゲームを対象としている。編集部ブログも日々更新中。
毎号300ページ超のボリュームと厚さが特徴だが、
残念ながら打撃用武器として使用することはできない。
※2010年当時","隔月刊行の女性ファッション誌。
過酷な戦場でも美しくありたい女性兵士たちのニーズに応える記事を特集している。
ファッショナブルな衣装を着たモデルの見開きグラビアは、
男性読者からも熱烈な支持を得ている。
(Photo by ファミ通WaveDVD)",,,,NOT_CHECKED,512,,NOT_STARTED,NOT_BUILT,NOT_TESTED,JPN_PRIMARY; MLG_CN_CONTEXT_AUXILIARY,mechanical template; resource_class=LOOSE_OLANG; source_objects=1
007E2F18,1068,11230,11230,1,,page:tag:entity1871:key00000134:ref11230:ord4,"電撃ゲームス
アスキー・メディアワークス発行の“すべてのゲームファンに贈る”ゲーム
総合情報誌。
従来の電撃のゲーム専門誌が持つ情報の“濃さ”“深さ”はそのままに、
あらゆるハード、あらゆるゲームを対象としている。編集部ブログも日々更新中。
毎号300ページ超のボリュームと厚さが特徴だが、
残念ながら打撃用武器として使用することはできない。
※2010年当時","隔月刊行の女性ファッション誌。
過酷な戦場でも美しくありたい女性兵士たちのニーズに応える記事を特集している。
ファッショナブルな衣装を着たモデルの見開きグラビアは、
男性読者からも熱烈な支持を得ている。
(Photo by ファミ通WaveDVD)","週刊ファミ通
1986 年に『ファミコン通信』として創刊した、毎週木曜日発売のゲーム総合誌。
KADOKAWA Game Linkage発行。
家庭用ゲームからゲームアプリ・アーケード・PCまで幅広くゲーム情報を網羅している。
※2010年当時の画像",,,,NOT_CHECKED,328,,NOT_STARTED,NOT_BUILT,NOT_TESTED,JPN_PRIMARY; MLG_CN_CONTEXT_AUXILIARY,mechanical template; resource_class=LOOSE_OLANG; source_objects=1
007E2F18,1069,11236,11236,1,,page:tag:entity1870:key00000133:ref11236:ord4,"隔月刊行の女性ファッション誌。
過酷な戦場でも美しくありたい女性兵士たちのニーズに応える記事を特集している。
ファッショナブルな衣装を着たモデルの見開きグラビアは、
男性読者からも熱烈な支持を得ている。
(Photo by ファミ通WaveDVD)","週刊ファミ通
1986 年に『ファミコン通信』として創刊した、毎週木曜日発売のゲーム総合誌。
KADOKAWA Game Linkage発行。
家庭用ゲームからゲームアプリ・アーケード・PCまで幅広くゲーム情報を網羅している。
※2010年当時の画像","小型軽量カービン。
スモークグレネードランチャー装備。
切り替えは<I=△>。",,,,NOT_CHECKED,303,,NOT_STARTED,NOT_BUILT,NOT_TESTED,JPN_PRIMARY; MLG_CN_CONTEXT_AUXILIARY,mechanical template; resource_class=LOOSE_OLANG; source_objects=1
007E2F18,1070,11242,11242,1,,page:tag:entity1886:key00000062:ref11242:ord4,"週刊ファミ通
1986 年に『ファミコン通信』として創刊した、毎週木曜日発売のゲーム総合誌。
KADOKAWA Game Linkage発行。
家庭用ゲームからゲームアプリ・アーケード・PCまで幅広くゲーム情報を網羅している。
※2010年当時の画像","小型軽量カービン。
スモークグレネードランチャー装備。
切り替えは<I=△>。","小型軽量カービン。
ショットガン装備。
切り替えは<I=△>。",<I=△>,,,NOT_CHECKED,105,,NOT_STARTED,NOT_BUILT,NOT_TESTED,JPN_PRIMARY; MLG_CN_CONTEXT_AUXILIARY,mechanical template; resource_class=LOOSE_OLANG; source_objects=1
007E2F18,1071,11248,11248,1,,page:tag:entity1885:key00000060:ref11248:ord4,"小型軽量カービン。
スモークグレネードランチャー装備。
切り替えは<I=△>。","小型軽量カービン。
ショットガン装備。
切り替えは<I=△>。","小型軽量カービン。
グレネードランチャー装備。
切り替えは<I=△>。",<I=△>,,,NOT_CHECKED,81,,NOT_STARTED,NOT_BUILT,NOT_TESTED,JPN_PRIMARY; MLG_CN_CONTEXT_AUXILIARY,mechanical template; resource_class=LOOSE_OLANG; source_objects=1
007E2F18,1072,11254,11254,1,,page:tag:entity1884:key0000005E:ref11254:ord4,"小型軽量カービン。
ショットガン装備。
切り替えは<I=△>。","小型軽量カービン。
グレネードランチャー装備。
切り替えは<I=△>。","新型軽量アサルトライフル。
<I=AIM>で構え、<I=ATK>で発砲。
",<I=△>,,,NOT_CHECKED,93,,NOT_STARTED,NOT_BUILT,NOT_TESTED,JPN_PRIMARY; MLG_CN_CONTEXT_AUXILIARY,mechanical template; resource_class=LOOSE_OLANG; source_objects=1
007E2F18,1073,11260,11260;11278,2,,page:tag:entity1883:key0000005A:ref11260:ord4;page:tag:entity1880:key00000056:ref11278:ord4,"小型軽量カービン。
グレネードランチャー装備。
切り替えは<I=△>。","新型軽量アサルトライフル。
<I=AIM>で構え、<I=ATK>で発砲。
","新型軽量アサルトライフル。
スモークグレネードランチャーとレーザー
サイト装備。切り替えは<I=△>。",<I=AIM> | <I=ATK>,,,NOT_CHECKED,79,,NOT_STARTED,NOT_BUILT,NOT_TESTED,JPN_PRIMARY; MLG_CN_CONTEXT_AUXILIARY,mechanical template; resource_class=LOOSE_OLANG; source_objects=2
007E2F18,1074,11266,11266,1,,page:tag:entity1882:key00000059:ref11266:ord4,"新型軽量アサルトライフル。
<I=AIM>で構え、<I=ATK>で発砲。
","新型軽量アサルトライフル。
スモークグレネードランチャーとレーザー
サイト装備。切り替えは<I=△>。","新型軽量アサルトライフル。
スモークグレネードランチャー装備。
切り替えは<I=△>。",<I=△>,,,NOT_CHECKED,141,,NOT_STARTED,NOT_BUILT,NOT_TESTED,JPN_PRIMARY; MLG_CN_CONTEXT_AUXILIARY,mechanical template; resource_class=LOOSE_OLANG; source_objects=1
007E2F18,1075,11272,11272,1,,page:tag:entity1881:key00000057:ref11272:ord4,"新型軽量アサルトライフル。
スモークグレネードランチャーとレーザー
サイト装備。切り替えは<I=△>。","新型軽量アサルトライフル。
スモークグレネードランチャー装備。
切り替えは<I=△>。","新型軽量アサルトライフル。
<I=AIM>で構え、<I=ATK>で発砲。
",<I=△>,,,NOT_CHECKED,117,,NOT_STARTED,NOT_BUILT,NOT_TESTED,JPN_PRIMARY; MLG_CN_CONTEXT_AUXILIARY,mechanical template; resource_class=LOOSE_OLANG; source_objects=1
007E2F18,1076,11284,11284,1,,page:tag:entity1879:key00000055:ref11284:ord4,"新型軽量アサルトライフル。
<I=AIM>で構え、<I=ATK>で発砲。
","新型軽量アサルトライフル。
グレネードランチャーとレーザーサイト装備。
切り替えは<I=△>。","新型軽量アサルトライフル。
グレネードランチャー装備。
切り替えは<I=△>。",<I=△>,,,NOT_CHECKED,129,,NOT_STARTED,NOT_BUILT,NOT_TESTED,JPN_PRIMARY; MLG_CN_CONTEXT_AUXILIARY,mechanical template; resource_class=LOOSE_OLANG; source_objects=1
007E2F18,1077,11290,11290;11296;11302,3,,page:tag:entity1878:key00000054:ref11290:ord4;page:tag:entity1877:key00000053:ref11296:ord4;page:tag:entity1876:key00000052:ref11302:ord4,"新型軽量アサルトライフル。
グレネードランチャーとレーザーサイト装備。
切り替えは<I=△>。","新型軽量アサルトライフル。
グレネードランチャー装備。
切り替えは<I=△>。","新型軽量アサルトライフル。
ショットガンとレーザーサイト装備。
切り替えは<I=△>。",<I=△>,,,NOT_CHECKED,105,,NOT_STARTED,NOT_BUILT,NOT_TESTED,JPN_PRIMARY; MLG_CN_CONTEXT_AUXILIARY,mechanical template; resource_class=LOOSE_OLANG; source_objects=3
007E2F18,1078,11308,11308,1,,page:tag:entity1875:key00000051:ref11308:ord4,"新型軽量アサルトライフル。
グレネードランチャー装備。
切り替えは<I=△>。","新型軽量アサルトライフル。
ショットガンとレーザーサイト装備。
切り替えは<I=△>。","新型軽量アサルトライフル。
ショットガン装備。
切り替えは<I=△>。",<I=△>,,,NOT_CHECKED,117,,NOT_STARTED,NOT_BUILT,NOT_TESTED,JPN_PRIMARY; MLG_CN_CONTEXT_AUXILIARY,mechanical template; resource_class=LOOSE_OLANG; source_objects=1
007E2F18,1079,11314,11314,1,,page:tag:entity1874:key0000004F:ref11314:ord4,"新型軽量アサルトライフル。
ショットガンとレーザーサイト装備。
切り替えは<I=△>。","新型軽量アサルトライフル。
ショットガン装備。
切り替えは<I=△>。","自動ショットガン。
<I=AIM>で構え、<I=ATK>で発砲。",<I=△>,,,NOT_CHECKED,93,,NOT_STARTED,NOT_BUILT,NOT_TESTED,JPN_PRIMARY; MLG_CN_CONTEXT_AUXILIARY,mechanical template; resource_class=LOOSE_OLANG; source_objects=1
007E2F18,1080,11320,11320;11404;11410;11416,4,,page:tag:entity1873:key0000003C:ref11320:ord4;page:tag:entity1910:key0000022D:ref11404:ord4;page:tag:entity1909:key0000022C:ref11410:ord4;page:tag:entity1908:key0000022B:ref11416:ord4,"新型軽量アサルトライフル。
ショットガン装備。
切り替えは<I=△>。","自動ショットガン。
<I=AIM>で構え、<I=ATK>で発砲。","大口径汎用機関銃。
<I=AIM>で構え、<I=ATK>で発砲。",<I=AIM> | <I=ATK>,,,NOT_CHECKED,66,,NOT_STARTED,NOT_BUILT,NOT_TESTED,JPN_PRIMARY; MLG_CN_CONTEXT_AUXILIARY,mechanical template; resource_class=LOOSE_OLANG; source_objects=4
007E2F18,1081,11326,11326;11332;11338,3,,page:tag:entity1923:key00000247:ref11326:ord4;page:tag:entity1922:key00000246:ref11332:ord4;page:tag:entity1921:key00000245:ref11338:ord4,"自動ショットガン。
<I=AIM>で構え、<I=ATK>で発砲。","大口径汎用機関銃。
<I=AIM>で構え、<I=ATK>で発砲。","使い捨て軽量ロケットランチャー。
<I=AIM>で主観照準、<I=ATK>で発射。",<I=AIM> | <I=ATK>,,,NOT_CHECKED,66,,NOT_STARTED,NOT_BUILT,NOT_TESTED,JPN_PRIMARY; MLG_CN_CONTEXT_AUXILIARY,mechanical template; resource_class=LOOSE_OLANG; source_objects=3
007E2F18,1082,11344,11344;11530,2,,page:tag:entity1920:key00000241:ref11344:ord4;page:tag:entity1889:key000000F6:ref11530:ord4,"大口径汎用機関銃。
<I=AIM>で構え、<I=ATK>で発砲。","使い捨て軽量ロケットランチャー。
<I=AIM>で主観照準、<I=ATK>で発射。","軽量軽機関銃。
<I=AIM>で構え、<I=ATK>で発砲。",<I=AIM> | <I=ATK>,,,NOT_CHECKED,93,,NOT_STARTED,NOT_BUILT,NOT_TESTED,JPN_PRIMARY; MLG_CN_CONTEXT_AUXILIARY,mechanical template; resource_class=LOOSE_OLANG; source_objects=2
007E2F18,1083,11350,11350;11356;11362,3,,page:tag:entity1919:key0000023C:ref11350:ord4;page:tag:entity1918:key0000023B:ref11356:ord4;page:tag:entity1917:key0000023A:ref11362:ord4,"使い捨て軽量ロケットランチャー。
<I=AIM>で主観照準、<I=ATK>で発射。","軽量軽機関銃。
<I=AIM>で構え、<I=ATK>で発砲。","大口径アサルトライフル。
<I=AIM>で構え、<I=ATK>で発砲。",<I=AIM> | <I=ATK>,,,NOT_CHECKED,60,,NOT_STARTED,NOT_BUILT,NOT_TESTED,JPN_PRIMARY; MLG_CN_CONTEXT_AUXILIARY,mechanical template; resource_class=LOOSE_OLANG; source_objects=3
007E2F18,1084,11368,11368;11374;11380,3,,page:tag:entity1916:key00000236:ref11368:ord4;page:tag:entity1915:key00000235:ref11374:ord4;page:tag:entity1914:key00000234:ref11380:ord4,"軽量軽機関銃。
<I=AIM>で構え、<I=ATK>で発砲。","大口径アサルトライフル。
<I=AIM>で構え、<I=ATK>で発砲。","小型軽量サブマシンガン。
<I=AIM>で構え、<I=ATK>で発砲。",<I=AIM> | <I=ATK>,,,NOT_CHECKED,75,,NOT_STARTED,NOT_BUILT,NOT_TESTED,JPN_PRIMARY; MLG_CN_CONTEXT_AUXILIARY,mechanical template; resource_class=LOOSE_OLANG; source_objects=3
007E2F18,1085,11386,11386;11392;11398,3,,page:tag:entity1913:key00000233:ref11386:ord4;page:tag:entity1912:key00000232:ref11392:ord4;page:tag:entity1911:key00000231:ref11398:ord4,"大口径アサルトライフル。
<I=AIM>で構え、<I=ATK>で発砲。","小型軽量サブマシンガン。
<I=AIM>で構え、<I=ATK>で発砲。","自動ショットガン。
<I=AIM>で構え、<I=ATK>で発砲。",<I=AIM> | <I=ATK>,,,NOT_CHECKED,75,,NOT_STARTED,NOT_BUILT,NOT_TESTED,JPN_PRIMARY; MLG_CN_CONTEXT_AUXILIARY,mechanical template; resource_class=LOOSE_OLANG; source_objects=3
007E2F18,1086,11422,11422;11428;11434,3,,page:tag:entity1907:key0000022A:ref11422:ord4;page:tag:entity1906:key00000229:ref11428:ord4;page:tag:entity1905:key00000228:ref11434:ord4,"自動ショットガン。
<I=AIM>で構え、<I=ATK>で発砲。","軽量ポンプアクションショットガン。
<I=AIM>で構え、<I=ATK>で発砲。","発煙手榴弾。非殺傷武器。
<I=AIM>で構え、<I=ATK>で投擲。",<I=AIM> | <I=ATK>,,,NOT_CHECKED,90,,NOT_STARTED,NOT_BUILT,NOT_TESTED,JPN_PRIMARY; MLG_CN_CONTEXT_AUXILIARY,mechanical template; resource_class=LOOSE_OLANG; source_objects=3
007E2F18,1087,11440,11440;11446;11452;11458;11464,5,,page:tag:entity1904:key00000186:ref11440:ord4;page:tag:entity1903:key00000185:ref11446:ord4;page:tag:entity1902:key00000184:ref11452:ord4;page:tag:entity1901:key00000183:ref11458:ord4;page:tag:entity1900:key00000182:ref11464:ord4,"軽量ポンプアクションショットガン。
<I=AIM>で構え、<I=ATK>で発砲。","発煙手榴弾。非殺傷武器。
<I=AIM>で構え、<I=ATK>で投擲。","閃光音響手榴弾。非殺傷武器。
<I=AIM>で構え、<I=ATK>で投擲。",<I=AIM> | <I=ATK>,,,NOT_CHECKED,75,,NOT_STARTED,NOT_BUILT,NOT_TESTED,JPN_PRIMARY; MLG_CN_CONTEXT_AUXILIARY,mechanical template; resource_class=LOOSE_OLANG; source_objects=5
007E2F18,1088,11470,11470;11476;11482;11488;11494,5,,page:tag:entity1899:key00000181:ref11470:ord4;page:tag:entity1898:key00000180:ref11476:ord4;page:tag:entity1897:key0000017F:ref11482:ord4;page:tag:entity1896:key0000017E:ref11488:ord4;page:tag:entity1895:key0000017D:ref11494:ord4,"発煙手榴弾。非殺傷武器。
<I=AIM>で構え、<I=ATK>で投擲。","閃光音響手榴弾。非殺傷武器。
<I=AIM>で構え、<I=ATK>で投擲。","破片手榴弾。
<I=AIM>で構え、<I=ATK>で投擲。",<I=AIM> | <I=ATK>,,,NOT_CHECKED,81,,NOT_STARTED,NOT_BUILT,NOT_TESTED,JPN_PRIMARY; MLG_CN_CONTEXT_AUXILIARY,mechanical template; resource_class=LOOSE_OLANG; source_objects=5
007E2F18,1089,11500,11500;11506;11512;11518;11524,5,,page:tag:entity1894:key0000017C:ref11500:ord4;page:tag:entity1893:key0000017B:ref11506:ord4;page:tag:entity1892:key0000017A:ref11512:ord4;page:tag:entity1891:key00000179:ref11518:ord4;page:tag:entity1890:key00000178:ref11524:ord4,"閃光音響手榴弾。非殺傷武器。
<I=AIM>で構え、<I=ATK>で投擲。","破片手榴弾。
<I=AIM>で構え、<I=ATK>で投擲。","使い捨て軽量ロケットランチャー。
<I=AIM>で主観照準、<I=ATK>で発射。",<I=AIM> | <I=ATK>,,,NOT_CHECKED,57,,NOT_STARTED,NOT_BUILT,NOT_TESTED,JPN_PRIMARY; MLG_CN_CONTEXT_AUXILIARY,mechanical template; resource_class=LOOSE_OLANG; source_objects=5
007E2F18,1090,11536,11536,1,,page:tag:entity1888:key00000067:ref11536:ord4,"使い捨て軽量ロケットランチャー。
<I=AIM>で主観照準、<I=ATK>で発射。","ソ連製アサルトライフル。
スモークグレネードランチャー装備。
切り替えは<I=△>。","ソ連製アサルトライフル。
グレネードランチャー装備。
切り替えは<I=△>。",<I=△>,,,NOT_CHECKED,114,,NOT_STARTED,NOT_BUILT,NOT_TESTED,JPN_PRIMARY; MLG_CN_CONTEXT_AUXILIARY,mechanical template; resource_class=LOOSE_OLANG; source_objects=1
007E2F18,1091,11542,11542,1,,page:tag:entity1887:key00000065:ref11542:ord4,"ソ連製アサルトライフル。
スモークグレネードランチャー装備。
切り替えは<I=△>。","ソ連製アサルトライフル。
グレネードランチャー装備。
切り替えは<I=△>。",SUPER Magazine,<I=△>,,,NOT_CHECKED,102,,NOT_STARTED,NOT_BUILT,NOT_TESTED,JPN_PRIMARY; MLG_CN_CONTEXT_AUXILIARY,mechanical template; resource_class=LOOSE_OLANG; source_objects=1
007E2F18,1092,11548,11548,1,,page:tag:entity1924:key00000134:ref11548:ord4,"ソ連製アサルトライフル。
グレネードランチャー装備。
切り替えは<I=△>。",SUPER Magazine,SUPER M.,,,,NOT_CHECKED,14,,NOT_STARTED,NOT_BUILT,NOT_TESTED,JPN_PRIMARY; MLG_CN_CONTEXT_AUXILIARY,mechanical template; resource_class=LOOSE_OLANG; source_objects=1
007E2F18,1093,11554,11554;11560,2,,page:tag:entity1925:key00000134:ref11554:ord4;page:tag:entity1926:key00000134:ref11560:ord4,SUPER Magazine,SUPER M.,,,,,NOT_CHECKED,8,,NOT_STARTED,NOT_BUILT,NOT_TESTED,JPN_PRIMARY; MLG_CN_CONTEXT_AUXILIARY,mechanical template; resource_class=LOOSE_OLANG; source_objects=2
