resource_class,file_id,json_path,csv_path,json_exists,csv_exists,json_rows,csv_rows,matched_rows,text_equal_rows,text_different_rows,json_only_rows,csv_only_rows,canonical_source,production_compiler,builder,builder_translation_input,status,notes
LOOSE_OLANG,0005EE2F,work/luna_translation_templates/sol_translation_mappings/LOOSE_OLANG/0005EE2F.json,translations/loose_olang/0005EE2F.csv,true,true,31,31,31,31,0,0,0,JSON_CANONICAL_CSV_GENERATED,tools/Compile-ProductionTranslations.py::main/compile_files/build_manifest,tools/Build-JpnLooseOlangFromManifest.py::read_manifest/translated_texts,build/translation/compiled_translation_manifest.csv (LOOSE_OLANG rows),PASS,canonical_json_artifacts=1
LOOSE_OLANG,00225520,work/luna_translation_templates/sol_translation_mappings/LOOSE_OLANG/00225520.json,translations/loose_olang/00225520.csv,true,true,54,54,54,54,0,0,0,JSON_CANONICAL_CSV_GENERATED,tools/Compile-ProductionTranslations.py::main/compile_files/build_manifest,tools/Build-JpnLooseOlangFromManifest.py::read_manifest/translated_texts,build/translation/compiled_translation_manifest.csv (LOOSE_OLANG rows),PASS,canonical_json_artifacts=1
LOOSE_OLANG,00327F6A,work/luna_translation_templates/sol_translation_mappings/LOOSE_OLANG/00327F6A.json,translations/loose_olang/00327F6A.csv,true,true,4,4,4,4,0,0,0,JSON_CANONICAL_CSV_GENERATED,tools/Compile-ProductionTranslations.py::main/compile_files/build_manifest,tools/Build-JpnLooseOlangFromManifest.py::read_manifest/translated_texts,build/translation/compiled_translation_manifest.csv (LOOSE_OLANG rows),PASS,canonical_json_artifacts=1
LOOSE_OLANG,0043DA6E,work/luna_translation_templates/sol_translation_mappings/LOOSE_OLANG/0043DA6E.json,translations/loose_olang/0043DA6E.csv,true,true,21,21,21,21,0,0,0,JSON_CANONICAL_CSV_GENERATED,tools/Compile-ProductionTranslations.py::main/compile_files/build_manifest,tools/Build-JpnLooseOlangFromManifest.py::read_manifest/translated_texts,build/translation/compiled_translation_manifest.csv (LOOSE_OLANG rows),PASS,canonical_json_artifacts=1
LOOSE_OLANG,005184E3,work/luna_translation_templates/sol_translation_mappings/LOOSE_OLANG/005184E3.manifest.json,translations/loose_olang/005184E3.csv,true,true,139,139,139,139,0,0,0,JSON_CANONICAL_CSV_GENERATED,tools/Compile-ProductionTranslations.py::main/compile_files/build_manifest,tools/Build-JpnLooseOlangFromManifest.py::read_manifest/translated_texts,build/translation/compiled_translation_manifest.csv (LOOSE_OLANG rows),PASS,canonical_json_artifacts=3; explicit manifest canonical
LOOSE_OLANG,0060E2F2,work/luna_translation_templates/sol_translation_mappings/LOOSE_OLANG/0060E2F2.json,translations/loose_olang/0060E2F2.csv,true,true,19,19,19,19,0,0,0,JSON_CANONICAL_CSV_GENERATED,tools/Compile-ProductionTranslations.py::main/compile_files/build_manifest,tools/Build-JpnLooseOlangFromManifest.py::read_manifest/translated_texts,build/translation/compiled_translation_manifest.csv (LOOSE_OLANG rows),PASS,canonical_json_artifacts=1
LOOSE_OLANG,0066E64E,work/luna_translation_templates/sol_translation_mappings/LOOSE_OLANG/0066E64E.json,translations/loose_olang/0066E64E.csv,true,true,66,66,66,66,0,0,0,JSON_CANONICAL_CSV_GENERATED,tools/Compile-ProductionTranslations.py::main/compile_files/build_manifest,tools/Build-JpnLooseOlangFromManifest.py::read_manifest/translated_texts,build/translation/compiled_translation_manifest.csv (LOOSE_OLANG rows),PASS,canonical_json_artifacts=1
LOOSE_OLANG,0072F326,work/luna_translation_templates/sol_translation_mappings/LOOSE_OLANG/0072F326.json,translations/loose_olang/0072F326.csv,true,true,42,42,42,42,0,0,0,JSON_CANONICAL_CSV_GENERATED,tools/Compile-ProductionTranslations.py::main/compile_files/build_manifest,tools/Build-JpnLooseOlangFromManifest.py::read_manifest/translated_texts,build/translation/compiled_translation_manifest.csv (LOOSE_OLANG rows),PASS,canonical_json_artifacts=1
LOOSE_OLANG,007E2F18,work/luna_translation_templates/sol_translation_mappings/LOOSE_OLANG/007E2F18.manifest.json,translations/loose_olang/007E2F18.csv,true,true,1094,1094,1094,1094,0,0,0,JSON_CANONICAL_CSV_GENERATED,tools/Compile-ProductionTranslations.py::main/compile_files/build_manifest,tools/Build-JpnLooseOlangFromManifest.py::read_manifest/translated_texts,build/translation/compiled_translation_manifest.csv (LOOSE_OLANG rows),PASS,canonical_json_artifacts=12; explicit manifest canonical
LOOSE_OLANG,00C6A046,work/luna_translation_templates/sol_translation_mappings/LOOSE_OLANG/00C6A046.json,translations/loose_olang/00C6A046.csv,true,true,8,8,8,8,0,0,0,JSON_CANONICAL_CSV_GENERATED,tools/Compile-ProductionTranslations.py::main/compile_files/build_manifest,tools/Build-JpnLooseOlangFromManifest.py::read_manifest/translated_texts,build/translation/compiled_translation_manifest.csv (LOOSE_OLANG rows),PASS,canonical_json_artifacts=1
LOOSE_OLANG,00C79B17,work/luna_translation_templates/sol_translation_mappings/LOOSE_OLANG/00C79B17.json,translations/loose_olang/00C79B17.csv,true,true,26,26,26,26,0,0,0,JSON_CANONICAL_CSV_GENERATED,tools/Compile-ProductionTranslations.py::main/compile_files/build_manifest,tools/Build-JpnLooseOlangFromManifest.py::read_manifest/translated_texts,build/translation/compiled_translation_manifest.csv (LOOSE_OLANG rows),PASS,canonical_json_artifacts=1
LOOSE_OLANG,00CB1FB7,work/luna_translation_templates/sol_translation_mappings/LOOSE_OLANG/00CB1FB7.json,translations/loose_olang/00CB1FB7.csv,true,true,106,106,106,106,0,0,0,JSON_CANONICAL_CSV_GENERATED,tools/Compile-ProductionTranslations.py::main/compile_files/build_manifest,tools/Build-JpnLooseOlangFromManifest.py::read_manifest/translated_texts,build/translation/compiled_translation_manifest.csv (LOOSE_OLANG rows),PASS,canonical_json_artifacts=1
LOOSE_OLANG,00D0C740,work/luna_translation_templates/sol_translation_mappings/LOOSE_OLANG/00D0C740.json,translations/loose_olang/00D0C740.csv,true,true,68,68,68,68,0,0,0,JSON_CANONICAL_CSV_GENERATED,tools/Compile-ProductionTranslations.py::main/compile_files/build_manifest,tools/Build-JpnLooseOlangFromManifest.py::read_manifest/translated_texts,build/translation/compiled_translation_manifest.csv (LOOSE_OLANG rows),PASS,canonical_json_artifacts=1
LOOSE_OLANG,00D345A5,work/luna_translation_templates/sol_translation_mappings/LOOSE_OLANG/00D345A5.manifest.json,translations/loose_olang/00D345A5.csv,true,true,41,41,41,41,0,0,0,JSON_CANONICAL_CSV_GENERATED,tools/Compile-ProductionTranslations.py::main/compile_files/build_manifest,tools/Build-JpnLooseOlangFromManifest.py::read_manifest/translated_texts,build/translation/compiled_translation_manifest.csv (LOOSE_OLANG rows),PASS,canonical_json_artifacts=3; explicit manifest canonical
SLOT_OLANG,5D02EB62,work/luna_translation_templates/sol_translation_mappings/SLOT_OLANG/5D02EB62.json,translations/slot_olang/5D02EB62.csv,true,true,1,1,1,1,0,0,0,JSON_CANONICAL_CSV_GENERATED,tools/Compile-ProductionTranslations.py::main/compile_files/build_manifest,tools/Build-JpnSlotOlangFromManifest.py::read_manifest/translated_texts,build/translation/compiled_translation_manifest.csv (SLOT_OLANG rows),PASS,canonical_json_artifacts=1
SLOT_OLANG,5D06A8D5,work/luna_translation_templates/sol_translation_mappings/SLOT_OLANG/5D06A8D5.manifest.json,translations/slot_olang/5D06A8D5.csv,true,true,69,69,69,69,0,0,0,JSON_CANONICAL_CSV_GENERATED,tools/Compile-ProductionTranslations.py::main/compile_files/build_manifest,tools/Build-JpnSlotOlangFromManifest.py::read_manifest/translated_texts,build/translation/compiled_translation_manifest.csv (SLOT_OLANG rows),PASS_DEFINED_JSON_PRECEDENCE,canonical_json_artifacts=3; explicit manifest canonical; conflicting complete flat JSON exists; explicit manifest wins
SLOT_OLANG,5D06C8DE,work/luna_translation_templates/sol_translation_mappings/SLOT_OLANG/5D06C8DE.json,translations/slot_olang/5D06C8DE.csv,true,true,202,202,202,202,0,0,0,JSON_CANONICAL_CSV_GENERATED,tools/Compile-ProductionTranslations.py::main/compile_files/build_manifest,tools/Build-JpnSlotOlangFromManifest.py::read_manifest/translated_texts,build/translation/compiled_translation_manifest.csv (SLOT_OLANG rows),PASS,canonical_json_artifacts=1
SLOT_OLANG,5D09325F,work/luna_translation_templates/sol_translation_mappings/SLOT_OLANG/5D09325F.manifest.json,translations/slot_olang/5D09325F.csv,true,true,107,107,107,107,0,0,0,JSON_CANONICAL_CSV_GENERATED,tools/Compile-ProductionTranslations.py::main/compile_files/build_manifest,tools/Build-JpnSlotOlangFromManifest.py::read_manifest/translated_texts,build/translation/compiled_translation_manifest.csv (SLOT_OLANG rows),PASS,canonical_json_artifacts=4; explicit manifest canonical
SLOT_OLANG,5D0A5DB1,work/luna_translation_templates/sol_translation_mappings/SLOT_OLANG/5D0A5DB1.json,translations/slot_olang/5D0A5DB1.csv,true,true,5,5,5,5,0,0,0,JSON_CANONICAL_CSV_GENERATED,tools/Compile-ProductionTranslations.py::main/compile_files/build_manifest,tools/Build-JpnSlotOlangFromManifest.py::read_manifest/translated_texts,build/translation/compiled_translation_manifest.csv (SLOT_OLANG rows),PASS,canonical_json_artifacts=1
SLOT_OLANG,5D0A7130,work/luna_translation_templates/sol_translation_mappings/SLOT_OLANG/5D0A7130.json,translations/slot_olang/5D0A7130.csv,true,true,7,7,7,7,0,0,0,JSON_CANONICAL_CSV_GENERATED,tools/Compile-ProductionTranslations.py::main/compile_files/build_manifest,tools/Build-JpnSlotOlangFromManifest.py::read_manifest/translated_texts,build/translation/compiled_translation_manifest.csv (SLOT_OLANG rows),PASS,canonical_json_artifacts=1
SLOT_OLANG,5D140CA7,work/luna_translation_templates/sol_translation_mappings/SLOT_OLANG/5D140CA7.json,translations/slot_olang/5D140CA7.csv,true,true,70,70,70,70,0,0,0,JSON_CANONICAL_CSV_GENERATED,tools/Compile-ProductionTranslations.py::main/compile_files/build_manifest,tools/Build-JpnSlotOlangFromManifest.py::read_manifest/translated_texts,build/translation/compiled_translation_manifest.csv (SLOT_OLANG rows),PASS,canonical_json_artifacts=1
SLOT_OLANG,5D147608,work/luna_translation_templates/sol_translation_mappings/SLOT_OLANG/5D147608.json,translations/slot_olang/5D147608.csv,true,true,107,107,107,107,0,0,0,JSON_CANONICAL_CSV_GENERATED,tools/Compile-ProductionTranslations.py::main/compile_files/build_manifest,tools/Build-JpnSlotOlangFromManifest.py::read_manifest/translated_texts,build/translation/compiled_translation_manifest.csv (SLOT_OLANG rows),PASS,canonical_json_artifacts=1
SLOT_OLANG,5D15C941,work/luna_translation_templates/sol_translation_mappings/SLOT_OLANG/5D15C941.json,translations/slot_olang/5D15C941.csv,true,true,146,146,146,146,0,0,0,JSON_CANONICAL_CSV_GENERATED,tools/Compile-ProductionTranslations.py::main/compile_files/build_manifest,tools/Build-JpnSlotOlangFromManifest.py::read_manifest/translated_texts,build/translation/compiled_translation_manifest.csv (SLOT_OLANG rows),PASS,canonical_json_artifacts=1
SLOT_OLANG,5D1708FB,work/luna_translation_templates/sol_translation_mappings/SLOT_OLANG/5D1708FB.json,translations/slot_olang/5D1708FB.csv,true,true,5,5,5,5,0,0,0,JSON_CANONICAL_CSV_GENERATED,tools/Compile-ProductionTranslations.py::main/compile_files/build_manifest,tools/Build-JpnSlotOlangFromManifest.py::read_manifest/translated_texts,build/translation/compiled_translation_manifest.csv (SLOT_OLANG rows),PASS,canonical_json_artifacts=1
SLOT_OLANG,5D1A33A6,work/luna_translation_templates/sol_translation_mappings/SLOT_OLANG/5D1A33A6.json,translations/slot_olang/5D1A33A6.csv,true,true,17,17,17,17,0,0,0,JSON_CANONICAL_CSV_GENERATED,tools/Compile-ProductionTranslations.py::main/compile_files/build_manifest,tools/Build-JpnSlotOlangFromManifest.py::read_manifest/translated_texts,build/translation/compiled_translation_manifest.csv (SLOT_OLANG rows),PASS,canonical_json_artifacts=1
SLOT_OLANG,5D1A33A7,work/luna_translation_templates/sol_translation_mappings/SLOT_OLANG/5D1A33A7.json,translations/slot_olang/5D1A33A7.csv,true,true,16,16,16,16,0,0,0,JSON_CANONICAL_CSV_GENERATED,tools/Compile-ProductionTranslations.py::main/compile_files/build_manifest,tools/Build-JpnSlotOlangFromManifest.py::read_manifest/translated_texts,build/translation/compiled_translation_manifest.csv (SLOT_OLANG rows),PASS,canonical_json_artifacts=1
SLOT_OLANG,5D1A33A8,work/luna_translation_templates/sol_translation_mappings/SLOT_OLANG/5D1A33A8.json,translations/slot_olang/5D1A33A8.csv,true,true,27,27,27,27,0,0,0,JSON_CANONICAL_CSV_GENERATED,tools/Compile-ProductionTranslations.py::main/compile_files/build_manifest,tools/Build-JpnSlotOlangFromManifest.py::read_manifest/translated_texts,build/translation/compiled_translation_manifest.csv (SLOT_OLANG rows),PASS,canonical_json_artifacts=1
SLOT_OLANG,5D1A33A9,work/luna_translation_templates/sol_translation_mappings/SLOT_OLANG/5D1A33A9.json,translations/slot_olang/5D1A33A9.csv,true,true,14,14,14,14,0,0,0,JSON_CANONICAL_CSV_GENERATED,tools/Compile-ProductionTranslations.py::main/compile_files/build_manifest,tools/Build-JpnSlotOlangFromManifest.py::read_manifest/translated_texts,build/translation/compiled_translation_manifest.csv (SLOT_OLANG rows),PASS,canonical_json_artifacts=1
SLOT_OLANG,5D1A33AA,work/luna_translation_templates/sol_translation_mappings/SLOT_OLANG/5D1A33AA.json,translations/slot_olang/5D1A33AA.csv,true,true,14,14,14,14,0,0,0,JSON_CANONICAL_CSV_GENERATED,tools/Compile-ProductionTranslations.py::main/compile_files/build_manifest,tools/Build-JpnSlotOlangFromManifest.py::read_manifest/translated_texts,build/translation/compiled_translation_manifest.csv (SLOT_OLANG rows),PASS,canonical_json_artifacts=1
SLOT_OLANG,5D1B7B4B,work/luna_translation_templates/sol_translation_mappings/SLOT_OLANG/5D1B7B4B.json,translations/slot_olang/5D1B7B4B.csv,true,true,18,18,18,18,0,0,0,JSON_CANONICAL_CSV_GENERATED,tools/Compile-ProductionTranslations.py::main/compile_files/build_manifest,tools/Build-JpnSlotOlangFromManifest.py::read_manifest/translated_texts,build/translation/compiled_translation_manifest.csv (SLOT_OLANG rows),PASS,canonical_json_artifacts=1
SLOT_OLANG,5D1DF209,work/luna_translation_templates/sol_translation_mappings/SLOT_OLANG/5D1DF209.json,translations/slot_olang/5D1DF209.csv,true,true,82,82,82,81,1,0,0,JSON_CANONICAL_CSV_GENERATED,tools/Compile-ProductionTranslations.py::main/compile_files/build_manifest,tools/Build-JpnSlotOlangFromManifest.py::read_manifest/translated_texts,build/translation/compiled_translation_manifest.csv (SLOT_OLANG rows),PASS_NORMALIZED_DIFFERENCE,canonical_json_artifacts=1; normalized whitespace-only cn_text at unique_index=13
SLOT_OLANG,5D2088CC,work/luna_translation_templates/sol_translation_mappings/SLOT_OLANG/5D2088CC.json,translations/slot_olang/5D2088CC.csv,true,true,47,47,47,47,0,0,0,JSON_CANONICAL_CSV_GENERATED,tools/Compile-ProductionTranslations.py::main/compile_files/build_manifest,tools/Build-JpnSlotOlangFromManifest.py::read_manifest/translated_texts,build/translation/compiled_translation_manifest.csv (SLOT_OLANG rows),PASS,canonical_json_artifacts=1
SLOT_OLANG,5D218EA9,work/luna_translation_templates/sol_translation_mappings/SLOT_OLANG/5D218EA9.json,translations/slot_olang/5D218EA9.csv,true,true,9,9,9,9,0,0,0,JSON_CANONICAL_CSV_GENERATED,tools/Compile-ProductionTranslations.py::main/compile_files/build_manifest,tools/Build-JpnSlotOlangFromManifest.py::read_manifest/translated_texts,build/translation/compiled_translation_manifest.csv (SLOT_OLANG rows),PASS,canonical_json_artifacts=1
SLOT_OLANG,5D22B9C8,work/luna_translation_templates/sol_translation_mappings/SLOT_OLANG/5D22B9C8.json,translations/slot_olang/5D22B9C8.csv,true,true,31,31,31,31,0,0,0,JSON_CANONICAL_CSV_GENERATED,tools/Compile-ProductionTranslations.py::main/compile_files/build_manifest,tools/Build-JpnSlotOlangFromManifest.py::read_manifest/translated_texts,build/translation/compiled_translation_manifest.csv (SLOT_OLANG rows),PASS,canonical_json_artifacts=1
SLOT_OLANG,5D22E834,work/luna_translation_templates/sol_translation_mappings/SLOT_OLANG/5D22E834.json,translations/slot_olang/5D22E834.csv,true,true,1,1,1,1,0,0,0,JSON_CANONICAL_CSV_GENERATED,tools/Compile-ProductionTranslations.py::main/compile_files/build_manifest,tools/Build-JpnSlotOlangFromManifest.py::read_manifest/translated_texts,build/translation/compiled_translation_manifest.csv (SLOT_OLANG rows),PASS,canonical_json_artifacts=1
SLOT_OLANG,5D2362B8,work/luna_translation_templates/sol_translation_mappings/SLOT_OLANG/5D2362B8.json,translations/slot_olang/5D2362B8.csv,true,true,192,192,192,192,0,0,0,JSON_CANONICAL_CSV_GENERATED,tools/Compile-ProductionTranslations.py::main/compile_files/build_manifest,tools/Build-JpnSlotOlangFromManifest.py::read_manifest/translated_texts,build/translation/compiled_translation_manifest.csv (SLOT_OLANG rows),PASS,canonical_json_artifacts=1
SLOT_OLANG,5D24C900,work/luna_translation_templates/sol_translation_mappings/SLOT_OLANG/5D24C900.json,translations/slot_olang/5D24C900.csv,true,true,62,62,62,62,0,0,0,JSON_CANONICAL_CSV_GENERATED,tools/Compile-ProductionTranslations.py::main/compile_files/build_manifest,tools/Build-JpnSlotOlangFromManifest.py::read_manifest/translated_texts,build/translation/compiled_translation_manifest.csv (SLOT_OLANG rows),PASS,canonical_json_artifacts=1
SLOT_OLANG,5D272813,work/luna_translation_templates/sol_translation_mappings/SLOT_OLANG/5D272813.json,translations/slot_olang/5D272813.csv,true,true,27,27,27,27,0,0,0,JSON_CANONICAL_CSV_GENERATED,tools/Compile-ProductionTranslations.py::main/compile_files/build_manifest,tools/Build-JpnSlotOlangFromManifest.py::read_manifest/translated_texts,build/translation/compiled_translation_manifest.csv (SLOT_OLANG rows),PASS,canonical_json_artifacts=1
SLOT_OLANG,5D2B7C21,work/luna_translation_templates/sol_translation_mappings/SLOT_OLANG/5D2B7C21.json,translations/slot_olang/5D2B7C21.csv,true,true,5,5,5,5,0,0,0,JSON_CANONICAL_CSV_GENERATED,tools/Compile-ProductionTranslations.py::main/compile_files/build_manifest,tools/Build-JpnSlotOlangFromManifest.py::read_manifest/translated_texts,build/translation/compiled_translation_manifest.csv (SLOT_OLANG rows),PASS,canonical_json_artifacts=1
SLOT_OLANG,5D2DCCC3,work/luna_translation_templates/sol_translation_mappings/SLOT_OLANG/5D2DCCC3.json,translations/slot_olang/5D2DCCC3.csv,true,true,24,24,24,24,0,0,0,JSON_CANONICAL_CSV_GENERATED,tools/Compile-ProductionTranslations.py::main/compile_files/build_manifest,tools/Build-JpnSlotOlangFromManifest.py::read_manifest/translated_texts,build/translation/compiled_translation_manifest.csv (SLOT_OLANG rows),PASS,canonical_json_artifacts=1
SLOT_OLANG,5D2E0FEE,work/luna_translation_templates/sol_translation_mappings/SLOT_OLANG/5D2E0FEE.json,translations/slot_olang/5D2E0FEE.csv,true,true,592,592,592,592,0,0,0,JSON_CANONICAL_CSV_GENERATED,tools/Compile-ProductionTranslations.py::main/compile_files/build_manifest,tools/Build-JpnSlotOlangFromManifest.py::read_manifest/translated_texts,build/translation/compiled_translation_manifest.csv (SLOT_OLANG rows),PASS,canonical_json_artifacts=1
SLOT_OLANG,5D396407,work/luna_translation_templates/sol_translation_mappings/SLOT_OLANG/5D396407.json,translations/slot_olang/5D396407.csv,true,true,47,47,47,47,0,0,0,JSON_CANONICAL_CSV_GENERATED,tools/Compile-ProductionTranslations.py::main/compile_files/build_manifest,tools/Build-JpnSlotOlangFromManifest.py::read_manifest/translated_texts,build/translation/compiled_translation_manifest.csv (SLOT_OLANG rows),PASS,canonical_json_artifacts=1
SLOT_OLANG,5D396408,work/luna_translation_templates/sol_translation_mappings/SLOT_OLANG/5D396408.json,translations/slot_olang/5D396408.csv,true,true,71,71,71,71,0,0,0,JSON_CANONICAL_CSV_GENERATED,tools/Compile-ProductionTranslations.py::main/compile_files/build_manifest,tools/Build-JpnSlotOlangFromManifest.py::read_manifest/translated_texts,build/translation/compiled_translation_manifest.csv (SLOT_OLANG rows),PASS,canonical_json_artifacts=1
SLOT_OLANG,5D3AF52D,work/luna_translation_templates/sol_translation_mappings/SLOT_OLANG/5D3AF52D.json,translations/slot_olang/5D3AF52D.csv,true,true,110,110,110,110,0,0,0,JSON_CANONICAL_CSV_GENERATED,tools/Compile-ProductionTranslations.py::main/compile_files/build_manifest,tools/Build-JpnSlotOlangFromManifest.py::read_manifest/translated_texts,build/translation/compiled_translation_manifest.csv (SLOT_OLANG rows),PASS,canonical_json_artifacts=1
SLOT_OLANG,5D3AF54D,work/luna_translation_templates/sol_translation_mappings/SLOT_OLANG/5D3AF54D.json,translations/slot_olang/5D3AF54D.csv,true,true,115,115,115,115,0,0,0,JSON_CANONICAL_CSV_GENERATED,tools/Compile-ProductionTranslations.py::main/compile_files/build_manifest,tools/Build-JpnSlotOlangFromManifest.py::read_manifest/translated_texts,build/translation/compiled_translation_manifest.csv (SLOT_OLANG rows),PASS,canonical_json_artifacts=1
SLOT_OLANG,5D3AF56D,work/luna_translation_templates/sol_translation_mappings/SLOT_OLANG/5D3AF56D.json,translations/slot_olang/5D3AF56D.csv,true,true,5,5,5,5,0,0,0,JSON_CANONICAL_CSV_GENERATED,tools/Compile-ProductionTranslations.py::main/compile_files/build_manifest,tools/Build-JpnSlotOlangFromManifest.py::read_manifest/translated_texts,build/translation/compiled_translation_manifest.csv (SLOT_OLANG rows),PASS,canonical_json_artifacts=1
SLOT_OLANG,5D3AF58D,work/luna_translation_templates/sol_translation_mappings/SLOT_OLANG/5D3AF58D.json,translations/slot_olang/5D3AF58D.csv,true,true,5,5,5,5,0,0,0,JSON_CANONICAL_CSV_GENERATED,tools/Compile-ProductionTranslations.py::main/compile_files/build_manifest,tools/Build-JpnSlotOlangFromManifest.py::read_manifest/translated_texts,build/translation/compiled_translation_manifest.csv (SLOT_OLANG rows),PASS,canonical_json_artifacts=1
SLOT_OLANG,5D3AF5AD,work/luna_translation_templates/sol_translation_mappings/SLOT_OLANG/5D3AF5AD.json,translations/slot_olang/5D3AF5AD.csv,true,true,21,21,21,21,0,0,0,JSON_CANONICAL_CSV_GENERATED,tools/Compile-ProductionTranslations.py::main/compile_files/build_manifest,tools/Build-JpnSlotOlangFromManifest.py::read_manifest/translated_texts,build/translation/compiled_translation_manifest.csv (SLOT_OLANG rows),PASS,canonical_json_artifacts=1
SLOT_OLANG,5D3AF5CD,work/luna_translation_templates/sol_translation_mappings/SLOT_OLANG/5D3AF5CD.json,translations/slot_olang/5D3AF5CD.csv,true,true,79,79,79,79,0,0,0,JSON_CANONICAL_CSV_GENERATED,tools/Compile-ProductionTranslations.py::main/compile_files/build_manifest,tools/Build-JpnSlotOlangFromManifest.py::read_manifest/translated_texts,build/translation/compiled_translation_manifest.csv (SLOT_OLANG rows),PASS,canonical_json_artifacts=1
SLOT_OLANG,5D3AF60D,work/luna_translation_templates/sol_translation_mappings/SLOT_OLANG/5D3AF60D.json,translations/slot_olang/5D3AF60D.csv,true,true,12,12,12,12,0,0,0,JSON_CANONICAL_CSV_GENERATED,tools/Compile-ProductionTranslations.py::main/compile_files/build_manifest,tools/Build-JpnSlotOlangFromManifest.py::read_manifest/translated_texts,build/translation/compiled_translation_manifest.csv (SLOT_OLANG rows),PASS,canonical_json_artifacts=1
SLOT_OLANG,5D3AF62D,work/luna_translation_templates/sol_translation_mappings/SLOT_OLANG/5D3AF62D.json,translations/slot_olang/5D3AF62D.csv,true,true,4,4,4,4,0,0,0,JSON_CANONICAL_CSV_GENERATED,tools/Compile-ProductionTranslations.py::main/compile_files/build_manifest,tools/Build-JpnSlotOlangFromManifest.py::read_manifest/translated_texts,build/translation/compiled_translation_manifest.csv (SLOT_OLANG rows),PASS,canonical_json_artifacts=1
SLOT_OLANG,5D3AF90D,work/luna_translation_templates/sol_translation_mappings/SLOT_OLANG/5D3AF90D.json,translations/slot_olang/5D3AF90D.csv,true,true,4,4,4,4,0,0,0,JSON_CANONICAL_CSV_GENERATED,tools/Compile-ProductionTranslations.py::main/compile_files/build_manifest,tools/Build-JpnSlotOlangFromManifest.py::read_manifest/translated_texts,build/translation/compiled_translation_manifest.csv (SLOT_OLANG rows),PASS,canonical_json_artifacts=1
SLOT_OLANG,5D3AF92D,work/luna_translation_templates/sol_translation_mappings/SLOT_OLANG/5D3AF92D.json,translations/slot_olang/5D3AF92D.csv,true,true,81,81,81,81,0,0,0,JSON_CANONICAL_CSV_GENERATED,tools/Compile-ProductionTranslations.py::main/compile_files/build_manifest,tools/Build-JpnSlotOlangFromManifest.py::read_manifest/translated_texts,build/translation/compiled_translation_manifest.csv (SLOT_OLANG rows),PASS,canonical_json_artifacts=1
SLOT_OLANG,5D3AF952,work/luna_translation_templates/sol_translation_mappings/SLOT_OLANG/5D3AF952.json,translations/slot_olang/5D3AF952.csv,true,true,1,1,1,1,0,0,0,JSON_CANONICAL_CSV_GENERATED,tools/Compile-ProductionTranslations.py::main/compile_files/build_manifest,tools/Build-JpnSlotOlangFromManifest.py::read_manifest/translated_texts,build/translation/compiled_translation_manifest.csv (SLOT_OLANG rows),PASS,canonical_json_artifacts=1
SLOT_OLANG,5D3AF96D,work/luna_translation_templates/sol_translation_mappings/SLOT_OLANG/5D3AF96D.json,translations/slot_olang/5D3AF96D.csv,true,true,101,101,101,101,0,0,0,JSON_CANONICAL_CSV_GENERATED,tools/Compile-ProductionTranslations.py::main/compile_files/build_manifest,tools/Build-JpnSlotOlangFromManifest.py::read_manifest/translated_texts,build/translation/compiled_translation_manifest.csv (SLOT_OLANG rows),PASS,canonical_json_artifacts=1
SLOT_OLANG,5D3AF98D,work/luna_translation_templates/sol_translation_mappings/SLOT_OLANG/5D3AF98D.json,translations/slot_olang/5D3AF98D.csv,true,true,15,15,15,15,0,0,0,JSON_CANONICAL_CSV_GENERATED,tools/Compile-ProductionTranslations.py::main/compile_files/build_manifest,tools/Build-JpnSlotOlangFromManifest.py::read_manifest/translated_texts,build/translation/compiled_translation_manifest.csv (SLOT_OLANG rows),PASS,canonical_json_artifacts=1
SLOT_OLANG,5D3AF992,work/luna_translation_templates/sol_translation_mappings/SLOT_OLANG/5D3AF992.json,translations/slot_olang/5D3AF992.csv,true,true,10,10,10,10,0,0,0,JSON_CANONICAL_CSV_GENERATED,tools/Compile-ProductionTranslations.py::main/compile_files/build_manifest,tools/Build-JpnSlotOlangFromManifest.py::read_manifest/translated_texts,build/translation/compiled_translation_manifest.csv (SLOT_OLANG rows),PASS,canonical_json_artifacts=1
SLOT_OLANG,5D3AF9AD,work/luna_translation_templates/sol_translation_mappings/SLOT_OLANG/5D3AF9AD.json,translations/slot_olang/5D3AF9AD.csv,true,true,45,45,45,45,0,0,0,JSON_CANONICAL_CSV_GENERATED,tools/Compile-ProductionTranslations.py::main/compile_files/build_manifest,tools/Build-JpnSlotOlangFromManifest.py::read_manifest/translated_texts,build/translation/compiled_translation_manifest.csv (SLOT_OLANG rows),PASS,canonical_json_artifacts=1
SLOT_OLANG,5D3AF9CD,work/luna_translation_templates/sol_translation_mappings/SLOT_OLANG/5D3AF9CD.json,translations/slot_olang/5D3AF9CD.csv,true,true,172,172,172,172,0,0,0,JSON_CANONICAL_CSV_GENERATED,tools/Compile-ProductionTranslations.py::main/compile_files/build_manifest,tools/Build-JpnSlotOlangFromManifest.py::read_manifest/translated_texts,build/translation/compiled_translation_manifest.csv (SLOT_OLANG rows),PASS,canonical_json_artifacts=1
SLOT_OLANG,5D3AF9ED,work/luna_translation_templates/sol_translation_mappings/SLOT_OLANG/5D3AF9ED.json,translations/slot_olang/5D3AF9ED.csv,true,true,32,32,32,32,0,0,0,JSON_CANONICAL_CSV_GENERATED,tools/Compile-ProductionTranslations.py::main/compile_files/build_manifest,tools/Build-JpnSlotOlangFromManifest.py::read_manifest/translated_texts,build/translation/compiled_translation_manifest.csv (SLOT_OLANG rows),PASS,canonical_json_artifacts=1
SLOT_OLANG,5D3AFD0D,work/luna_translation_templates/sol_translation_mappings/SLOT_OLANG/5D3AFD0D.json,translations/slot_olang/5D3AFD0D.csv,true,true,119,119,119,119,0,0,0,JSON_CANONICAL_CSV_GENERATED,tools/Compile-ProductionTranslations.py::main/compile_files/build_manifest,tools/Build-JpnSlotOlangFromManifest.py::read_manifest/translated_texts,build/translation/compiled_translation_manifest.csv (SLOT_OLANG rows),PASS,canonical_json_artifacts=1
SLOT_OLANG,5D3AFD2D,work/luna_translation_templates/sol_translation_mappings/SLOT_OLANG/5D3AFD2D.json,translations/slot_olang/5D3AFD2D.csv,true,true,106,106,106,106,0,0,0,JSON_CANONICAL_CSV_GENERATED,tools/Compile-ProductionTranslations.py::main/compile_files/build_manifest,tools/Build-JpnSlotOlangFromManifest.py::read_manifest/translated_texts,build/translation/compiled_translation_manifest.csv (SLOT_OLANG rows),PASS,canonical_json_artifacts=1
SLOT_OLANG,5D3AFD4D,work/luna_translation_templates/sol_translation_mappings/SLOT_OLANG/5D3AFD4D.json,translations/slot_olang/5D3AFD4D.csv,true,true,15,15,15,15,0,0,0,JSON_CANONICAL_CSV_GENERATED,tools/Compile-ProductionTranslations.py::main/compile_files/build_manifest,tools/Build-JpnSlotOlangFromManifest.py::read_manifest/translated_texts,build/translation/compiled_translation_manifest.csv (SLOT_OLANG rows),PASS,canonical_json_artifacts=1
SLOT_OLANG,5D3AFD6D,work/luna_translation_templates/sol_translation_mappings/SLOT_OLANG/5D3AFD6D.json,translations/slot_olang/5D3AFD6D.csv,true,true,9,9,9,9,0,0,0,JSON_CANONICAL_CSV_GENERATED,tools/Compile-ProductionTranslations.py::main/compile_files/build_manifest,tools/Build-JpnSlotOlangFromManifest.py::read_manifest/translated_texts,build/translation/compiled_translation_manifest.csv (SLOT_OLANG rows),PASS,canonical_json_artifacts=1
SLOT_OLANG,5D3AFDED,work/luna_translation_templates/sol_translation_mappings/SLOT_OLANG/5D3AFDED.json,translations/slot_olang/5D3AFDED.csv,true,true,103,103,103,103,0,0,0,JSON_CANONICAL_CSV_GENERATED,tools/Compile-ProductionTranslations.py::main/compile_files/build_manifest,tools/Build-JpnSlotOlangFromManifest.py::read_manifest/translated_texts,build/translation/compiled_translation_manifest.csv (SLOT_OLANG rows),PASS,canonical_json_artifacts=1
SLOT_OLANG,5D3AFE0D,work/luna_translation_templates/sol_translation_mappings/SLOT_OLANG/5D3AFE0D.json,translations/slot_olang/5D3AFE0D.csv,true,true,2,2,2,2,0,0,0,JSON_CANONICAL_CSV_GENERATED,tools/Compile-ProductionTranslations.py::main/compile_files/build_manifest,tools/Build-JpnSlotOlangFromManifest.py::read_manifest/translated_texts,build/translation/compiled_translation_manifest.csv (SLOT_OLANG rows),PASS,canonical_json_artifacts=1
SLOT_OLANG,5D3AFE2D,work/luna_translation_templates/sol_translation_mappings/SLOT_OLANG/5D3AFE2D.json,translations/slot_olang/5D3AFE2D.csv,true,true,77,77,77,77,0,0,0,JSON_CANONICAL_CSV_GENERATED,tools/Compile-ProductionTranslations.py::main/compile_files/build_manifest,tools/Build-JpnSlotOlangFromManifest.py::read_manifest/translated_texts,build/translation/compiled_translation_manifest.csv (SLOT_OLANG rows),PASS,canonical_json_artifacts=1
SLOT_OLANG,5D3B010D,work/luna_translation_templates/sol_translation_mappings/SLOT_OLANG/5D3B010D.json,translations/slot_olang/5D3B010D.csv,true,true,21,21,21,21,0,0,0,JSON_CANONICAL_CSV_GENERATED,tools/Compile-ProductionTranslations.py::main/compile_files/build_manifest,tools/Build-JpnSlotOlangFromManifest.py::read_manifest/translated_texts,build/translation/compiled_translation_manifest.csv (SLOT_OLANG rows),PASS,canonical_json_artifacts=1
SLOT_OLANG,5D3B0112,work/luna_translation_templates/sol_translation_mappings/SLOT_OLANG/5D3B0112.json,translations/slot_olang/5D3B0112.csv,true,true,23,23,23,23,0,0,0,JSON_CANONICAL_CSV_GENERATED,tools/Compile-ProductionTranslations.py::main/compile_files/build_manifest,tools/Build-JpnSlotOlangFromManifest.py::read_manifest/translated_texts,build/translation/compiled_translation_manifest.csv (SLOT_OLANG rows),PASS,canonical_json_artifacts=1
SLOT_OLANG,5D3B018D,work/luna_translation_templates/sol_translation_mappings/SLOT_OLANG/5D3B018D.json,translations/slot_olang/5D3B018D.csv,true,true,55,55,55,55,0,0,0,JSON_CANONICAL_CSV_GENERATED,tools/Compile-ProductionTranslations.py::main/compile_files/build_manifest,tools/Build-JpnSlotOlangFromManifest.py::read_manifest/translated_texts,build/translation/compiled_translation_manifest.csv (SLOT_OLANG rows),PASS,canonical_json_artifacts=1
SLOT_OLANG,5D3B01AD,work/luna_translation_templates/sol_translation_mappings/SLOT_OLANG/5D3B01AD.json,translations/slot_olang/5D3B01AD.csv,true,true,11,11,11,11,0,0,0,JSON_CANONICAL_CSV_GENERATED,tools/Compile-ProductionTranslations.py::main/compile_files/build_manifest,tools/Build-JpnSlotOlangFromManifest.py::read_manifest/translated_texts,build/translation/compiled_translation_manifest.csv (SLOT_OLANG rows),PASS,canonical_json_artifacts=1
SLOT_OLANG,5D3B01CD,work/luna_translation_templates/sol_translation_mappings/SLOT_OLANG/5D3B01CD.json,translations/slot_olang/5D3B01CD.csv,true,true,10,10,10,10,0,0,0,JSON_CANONICAL_CSV_GENERATED,tools/Compile-ProductionTranslations.py::main/compile_files/build_manifest,tools/Build-JpnSlotOlangFromManifest.py::read_manifest/translated_texts,build/translation/compiled_translation_manifest.csv (SLOT_OLANG rows),PASS,canonical_json_artifacts=1
SLOT_OLANG,5D3B01ED,work/luna_translation_templates/sol_translation_mappings/SLOT_OLANG/5D3B01ED.json,translations/slot_olang/5D3B01ED.csv,true,true,2,2,2,2,0,0,0,JSON_CANONICAL_CSV_GENERATED,tools/Compile-ProductionTranslations.py::main/compile_files/build_manifest,tools/Build-JpnSlotOlangFromManifest.py::read_manifest/translated_texts,build/translation/compiled_translation_manifest.csv (SLOT_OLANG rows),PASS,canonical_json_artifacts=1
SLOT_OLANG,5D3B020D,work/luna_translation_templates/sol_translation_mappings/SLOT_OLANG/5D3B020D.json,translations/slot_olang/5D3B020D.csv,true,true,8,8,8,8,0,0,0,JSON_CANONICAL_CSV_GENERATED,tools/Compile-ProductionTranslations.py::main/compile_files/build_manifest,tools/Build-JpnSlotOlangFromManifest.py::read_manifest/translated_texts,build/translation/compiled_translation_manifest.csv (SLOT_OLANG rows),PASS,canonical_json_artifacts=1
SLOT_OLANG,5D3B022D,work/luna_translation_templates/sol_translation_mappings/SLOT_OLANG/5D3B022D.json,translations/slot_olang/5D3B022D.csv,true,true,32,32,32,32,0,0,0,JSON_CANONICAL_CSV_GENERATED,tools/Compile-ProductionTranslations.py::main/compile_files/build_manifest,tools/Build-JpnSlotOlangFromManifest.py::read_manifest/translated_texts,build/translation/compiled_translation_manifest.csv (SLOT_OLANG rows),PASS,canonical_json_artifacts=1
SLOT_OLANG,5D3B050D,work/luna_translation_templates/sol_translation_mappings/SLOT_OLANG/5D3B050D.json,translations/slot_olang/5D3B050D.csv,true,true,33,33,33,33,0,0,0,JSON_CANONICAL_CSV_GENERATED,tools/Compile-ProductionTranslations.py::main/compile_files/build_manifest,tools/Build-JpnSlotOlangFromManifest.py::read_manifest/translated_texts,build/translation/compiled_translation_manifest.csv (SLOT_OLANG rows),PASS,canonical_json_artifacts=1
SLOT_OLANG,5D3B052D,work/luna_translation_templates/sol_translation_mappings/SLOT_OLANG/5D3B052D.json,translations/slot_olang/5D3B052D.csv,true,true,32,32,32,32,0,0,0,JSON_CANONICAL_CSV_GENERATED,tools/Compile-ProductionTranslations.py::main/compile_files/build_manifest,tools/Build-JpnSlotOlangFromManifest.py::read_manifest/translated_texts,build/translation/compiled_translation_manifest.csv (SLOT_OLANG rows),PASS,canonical_json_artifacts=1
SLOT_OLANG,5D3B054D,work/luna_translation_templates/sol_translation_mappings/SLOT_OLANG/5D3B054D.json,translations/slot_olang/5D3B054D.csv,true,true,213,213,213,213,0,0,0,JSON_CANONICAL_CSV_GENERATED,tools/Compile-ProductionTranslations.py::main/compile_files/build_manifest,tools/Build-JpnSlotOlangFromManifest.py::read_manifest/translated_texts,build/translation/compiled_translation_manifest.csv (SLOT_OLANG rows),PASS,canonical_json_artifacts=1
SLOT_OLANG,5D3B058D,work/luna_translation_templates/sol_translation_mappings/SLOT_OLANG/5D3B058D.json,translations/slot_olang/5D3B058D.csv,true,true,110,110,110,110,0,0,0,JSON_CANONICAL_CSV_GENERATED,tools/Compile-ProductionTranslations.py::main/compile_files/build_manifest,tools/Build-JpnSlotOlangFromManifest.py::read_manifest/translated_texts,build/translation/compiled_translation_manifest.csv (SLOT_OLANG rows),PASS,canonical_json_artifacts=1
SLOT_OLANG,5D3B05AD,work/luna_translation_templates/sol_translation_mappings/SLOT_OLANG/5D3B05AD.json,translations/slot_olang/5D3B05AD.csv,true,true,30,30,30,30,0,0,0,JSON_CANONICAL_CSV_GENERATED,tools/Compile-ProductionTranslations.py::main/compile_files/build_manifest,tools/Build-JpnSlotOlangFromManifest.py::read_manifest/translated_texts,build/translation/compiled_translation_manifest.csv (SLOT_OLANG rows),PASS,canonical_json_artifacts=1
SLOT_OLANG,5D3B05B2,work/luna_translation_templates/sol_translation_mappings/SLOT_OLANG/5D3B05B2.json,translations/slot_olang/5D3B05B2.csv,true,true,44,44,44,44,0,0,0,JSON_CANONICAL_CSV_GENERATED,tools/Compile-ProductionTranslations.py::main/compile_files/build_manifest,tools/Build-JpnSlotOlangFromManifest.py::read_manifest/translated_texts,build/translation/compiled_translation_manifest.csv (SLOT_OLANG rows),PASS,canonical_json_artifacts=1
SLOT_OLANG,5D3B05ED,work/luna_translation_templates/sol_translation_mappings/SLOT_OLANG/5D3B05ED.json,translations/slot_olang/5D3B05ED.csv,true,true,54,54,54,54,0,0,0,JSON_CANONICAL_CSV_GENERATED,tools/Compile-ProductionTranslations.py::main/compile_files/build_manifest,tools/Build-JpnSlotOlangFromManifest.py::read_manifest/translated_texts,build/translation/compiled_translation_manifest.csv (SLOT_OLANG rows),PASS,canonical_json_artifacts=1
SLOT_OLANG,5D3B060D,work/luna_translation_templates/sol_translation_mappings/SLOT_OLANG/5D3B060D.json,translations/slot_olang/5D3B060D.csv,true,true,8,8,8,8,0,0,0,JSON_CANONICAL_CSV_GENERATED,tools/Compile-ProductionTranslations.py::main/compile_files/build_manifest,tools/Build-JpnSlotOlangFromManifest.py::read_manifest/translated_texts,build/translation/compiled_translation_manifest.csv (SLOT_OLANG rows),PASS,canonical_json_artifacts=1
SLOT_OLANG,5D3B0612,work/luna_translation_templates/sol_translation_mappings/SLOT_OLANG/5D3B0612.json,translations/slot_olang/5D3B0612.csv,true,true,21,21,21,21,0,0,0,JSON_CANONICAL_CSV_GENERATED,tools/Compile-ProductionTranslations.py::main/compile_files/build_manifest,tools/Build-JpnSlotOlangFromManifest.py::read_manifest/translated_texts,build/translation/compiled_translation_manifest.csv (SLOT_OLANG rows),PASS,canonical_json_artifacts=1
SLOT_OLANG,5D3B090D,work/luna_translation_templates/sol_translation_mappings/SLOT_OLANG/5D3B090D.json,translations/slot_olang/5D3B090D.csv,true,true,29,29,29,29,0,0,0,JSON_CANONICAL_CSV_GENERATED,tools/Compile-ProductionTranslations.py::main/compile_files/build_manifest,tools/Build-JpnSlotOlangFromManifest.py::read_manifest/translated_texts,build/translation/compiled_translation_manifest.csv (SLOT_OLANG rows),PASS,canonical_json_artifacts=1
SLOT_OLANG,5D3B092D,work/luna_translation_templates/sol_translation_mappings/SLOT_OLANG/5D3B092D.json,translations/slot_olang/5D3B092D.csv,true,true,2,2,2,2,0,0,0,JSON_CANONICAL_CSV_GENERATED,tools/Compile-ProductionTranslations.py::main/compile_files/build_manifest,tools/Build-JpnSlotOlangFromManifest.py::read_manifest/translated_texts,build/translation/compiled_translation_manifest.csv (SLOT_OLANG rows),PASS,canonical_json_artifacts=1
SLOT_OLANG,5D3B3A9A,work/luna_translation_templates/sol_translation_mappings/SLOT_OLANG/5D3B3A9A.json,translations/slot_olang/5D3B3A9A.csv,true,true,17,17,17,17,0,0,0,JSON_CANONICAL_CSV_GENERATED,tools/Compile-ProductionTranslations.py::main/compile_files/build_manifest,tools/Build-JpnSlotOlangFromManifest.py::read_manifest/translated_texts,build/translation/compiled_translation_manifest.csv (SLOT_OLANG rows),PASS,canonical_json_artifacts=1
SLOT_OLANG,5D401DD3,work/luna_translation_templates/sol_translation_mappings/SLOT_OLANG/5D401DD3.json,translations/slot_olang/5D401DD3.csv,true,true,63,63,63,63,0,0,0,JSON_CANONICAL_CSV_GENERATED,tools/Compile-ProductionTranslations.py::main/compile_files/build_manifest,tools/Build-JpnSlotOlangFromManifest.py::read_manifest/translated_texts,build/translation/compiled_translation_manifest.csv (SLOT_OLANG rows),PASS,canonical_json_artifacts=1
SLOT_OLANG,5D420130,work/luna_translation_templates/sol_translation_mappings/SLOT_OLANG/5D420130.json,translations/slot_olang/5D420130.csv,true,true,224,224,224,224,0,0,0,JSON_CANONICAL_CSV_GENERATED,tools/Compile-ProductionTranslations.py::main/compile_files/build_manifest,tools/Build-JpnSlotOlangFromManifest.py::read_manifest/translated_texts,build/translation/compiled_translation_manifest.csv (SLOT_OLANG rows),PASS,canonical_json_artifacts=1
SLOT_OLANG,5D472837,work/luna_translation_templates/sol_translation_mappings/SLOT_OLANG/5D472837.json,translations/slot_olang/5D472837.csv,true,true,30,30,30,30,0,0,0,JSON_CANONICAL_CSV_GENERATED,tools/Compile-ProductionTranslations.py::main/compile_files/build_manifest,tools/Build-JpnSlotOlangFromManifest.py::read_manifest/translated_texts,build/translation/compiled_translation_manifest.csv (SLOT_OLANG rows),PASS,canonical_json_artifacts=1
SLOT_OLANG,5D483717,work/luna_translation_templates/sol_translation_mappings/SLOT_OLANG/5D483717.json,translations/slot_olang/5D483717.csv,true,true,24,24,24,24,0,0,0,JSON_CANONICAL_CSV_GENERATED,tools/Compile-ProductionTranslations.py::main/compile_files/build_manifest,tools/Build-JpnSlotOlangFromManifest.py::read_manifest/translated_texts,build/translation/compiled_translation_manifest.csv (SLOT_OLANG rows),PASS,canonical_json_artifacts=1
SLOT_OLANG,5D48F045,work/luna_translation_templates/sol_translation_mappings/SLOT_OLANG/5D48F045.json,translations/slot_olang/5D48F045.csv,true,true,22,22,22,22,0,0,0,JSON_CANONICAL_CSV_GENERATED,tools/Compile-ProductionTranslations.py::main/compile_files/build_manifest,tools/Build-JpnSlotOlangFromManifest.py::read_manifest/translated_texts,build/translation/compiled_translation_manifest.csv (SLOT_OLANG rows),PASS,canonical_json_artifacts=1
SLOT_OLANG,5D4C49A2,work/luna_translation_templates/sol_translation_mappings/SLOT_OLANG/5D4C49A2.json,translations/slot_olang/5D4C49A2.csv,true,true,356,356,356,356,0,0,0,JSON_CANONICAL_CSV_GENERATED,tools/Compile-ProductionTranslations.py::main/compile_files/build_manifest,tools/Build-JpnSlotOlangFromManifest.py::read_manifest/translated_texts,build/translation/compiled_translation_manifest.csv (SLOT_OLANG rows),PASS,canonical_json_artifacts=1
SLOT_OLANG,5D514128,work/luna_translation_templates/sol_translation_mappings/SLOT_OLANG/5D514128.json,translations/slot_olang/5D514128.csv,true,true,482,482,482,482,0,0,0,JSON_CANONICAL_CSV_GENERATED,tools/Compile-ProductionTranslations.py::main/compile_files/build_manifest,tools/Build-JpnSlotOlangFromManifest.py::read_manifest/translated_texts,build/translation/compiled_translation_manifest.csv (SLOT_OLANG rows),PASS,canonical_json_artifacts=1
SLOT_OLANG,5D52801A,work/luna_translation_templates/sol_translation_mappings/SLOT_OLANG/5D52801A.json,translations/slot_olang/5D52801A.csv,true,true,47,47,47,47,0,0,0,JSON_CANONICAL_CSV_GENERATED,tools/Compile-ProductionTranslations.py::main/compile_files/build_manifest,tools/Build-JpnSlotOlangFromManifest.py::read_manifest/translated_texts,build/translation/compiled_translation_manifest.csv (SLOT_OLANG rows),PASS,canonical_json_artifacts=1
SLOT_OLANG,5D52E4F8,work/luna_translation_templates/sol_translation_mappings/SLOT_OLANG/5D52E4F8.json,translations/slot_olang/5D52E4F8.csv,true,true,388,388,388,388,0,0,0,JSON_CANONICAL_CSV_GENERATED,tools/Compile-ProductionTranslations.py::main/compile_files/build_manifest,tools/Build-JpnSlotOlangFromManifest.py::read_manifest/translated_texts,build/translation/compiled_translation_manifest.csv (SLOT_OLANG rows),PASS,canonical_json_artifacts=1
SLOT_OLANG,5D56A63D,work/luna_translation_templates/sol_translation_mappings/SLOT_OLANG/5D56A63D.manifest.json,translations/slot_olang/5D56A63D.csv,true,true,803,803,803,803,0,0,0,JSON_CANONICAL_CSV_GENERATED,tools/Compile-ProductionTranslations.py::main/compile_files/build_manifest,tools/Build-JpnSlotOlangFromManifest.py::read_manifest/translated_texts,build/translation/compiled_translation_manifest.csv (SLOT_OLANG rows),PASS,canonical_json_artifacts=10; explicit manifest canonical
SLOT_OLANG,5D56AA31,work/luna_translation_templates/sol_translation_mappings/SLOT_OLANG/5D56AA31.json,translations/slot_olang/5D56AA31.csv,true,true,12,12,12,12,0,0,0,JSON_CANONICAL_CSV_GENERATED,tools/Compile-ProductionTranslations.py::main/compile_files/build_manifest,tools/Build-JpnSlotOlangFromManifest.py::read_manifest/translated_texts,build/translation/compiled_translation_manifest.csv (SLOT_OLANG rows),PASS,canonical_json_artifacts=1
SLOT_OLANG,5D5A5B84,work/luna_translation_templates/sol_translation_mappings/SLOT_OLANG/5D5A5B84.json,translations/slot_olang/5D5A5B84.csv,true,true,35,35,35,34,1,0,0,JSON_CANONICAL_CSV_GENERATED,tools/Compile-ProductionTranslations.py::main/compile_files/build_manifest,tools/Build-JpnSlotOlangFromManifest.py::read_manifest/translated_texts,build/translation/compiled_translation_manifest.csv (SLOT_OLANG rows),PASS_NORMALIZED_DIFFERENCE,canonical_json_artifacts=1; normalized whitespace-only cn_text at unique_index=5
SLOT_OLANG,5D5CAF77,work/luna_translation_templates/sol_translation_mappings/SLOT_OLANG/5D5CAF77.json,translations/slot_olang/5D5CAF77.csv,true,true,82,82,82,82,0,0,0,JSON_CANONICAL_CSV_GENERATED,tools/Compile-ProductionTranslations.py::main/compile_files/build_manifest,tools/Build-JpnSlotOlangFromManifest.py::read_manifest/translated_texts,build/translation/compiled_translation_manifest.csv (SLOT_OLANG rows),PASS,canonical_json_artifacts=1
SLOT_OLANG,5D5D0A44,work/luna_translation_templates/sol_translation_mappings/SLOT_OLANG/5D5D0A44.json,translations/slot_olang/5D5D0A44.csv,true,true,1,1,1,1,0,0,0,JSON_CANONICAL_CSV_GENERATED,tools/Compile-ProductionTranslations.py::main/compile_files/build_manifest,tools/Build-JpnSlotOlangFromManifest.py::read_manifest/translated_texts,build/translation/compiled_translation_manifest.csv (SLOT_OLANG rows),PASS,canonical_json_artifacts=1
SLOT_OLANG,5D62BF06,work/luna_translation_templates/sol_translation_mappings/SLOT_OLANG/5D62BF06.json,translations/slot_olang/5D62BF06.csv,true,true,25,25,25,25,0,0,0,JSON_CANONICAL_CSV_GENERATED,tools/Compile-ProductionTranslations.py::main/compile_files/build_manifest,tools/Build-JpnSlotOlangFromManifest.py::read_manifest/translated_texts,build/translation/compiled_translation_manifest.csv (SLOT_OLANG rows),PASS,canonical_json_artifacts=1
SLOT_OLANG,5D62E635,work/luna_translation_templates/sol_translation_mappings/SLOT_OLANG/5D62E635.json,translations/slot_olang/5D62E635.csv,true,true,2,2,2,2,0,0,0,JSON_CANONICAL_CSV_GENERATED,tools/Compile-ProductionTranslations.py::main/compile_files/build_manifest,tools/Build-JpnSlotOlangFromManifest.py::read_manifest/translated_texts,build/translation/compiled_translation_manifest.csv (SLOT_OLANG rows),PASS,canonical_json_artifacts=1
SLOT_OLANG,5D68BF67,work/luna_translation_templates/sol_translation_mappings/SLOT_OLANG/5D68BF67.json,translations/slot_olang/5D68BF67.csv,true,true,46,46,46,46,0,0,0,JSON_CANONICAL_CSV_GENERATED,tools/Compile-ProductionTranslations.py::main/compile_files/build_manifest,tools/Build-JpnSlotOlangFromManifest.py::read_manifest/translated_texts,build/translation/compiled_translation_manifest.csv (SLOT_OLANG rows),PASS,canonical_json_artifacts=1
SLOT_OLANG,5D726933,work/luna_translation_templates/sol_translation_mappings/SLOT_OLANG/5D726933.json,translations/slot_olang/5D726933.csv,true,true,141,141,141,141,0,0,0,JSON_CANONICAL_CSV_GENERATED,tools/Compile-ProductionTranslations.py::main/compile_files/build_manifest,tools/Build-JpnSlotOlangFromManifest.py::read_manifest/translated_texts,build/translation/compiled_translation_manifest.csv (SLOT_OLANG rows),PASS,canonical_json_artifacts=1
SLOT_OLANG,5D74A6CA,work/luna_translation_templates/sol_translation_mappings/SLOT_OLANG/5D74A6CA.json,translations/slot_olang/5D74A6CA.csv,true,true,167,167,167,167,0,0,0,JSON_CANONICAL_CSV_GENERATED,tools/Compile-ProductionTranslations.py::main/compile_files/build_manifest,tools/Build-JpnSlotOlangFromManifest.py::read_manifest/translated_texts,build/translation/compiled_translation_manifest.csv (SLOT_OLANG rows),PASS,canonical_json_artifacts=1
SLOT_OLANG,5D7B474A,work/luna_translation_templates/sol_translation_mappings/SLOT_OLANG/5D7B474A.json,translations/slot_olang/5D7B474A.csv,true,true,357,357,357,357,0,0,0,JSON_CANONICAL_CSV_GENERATED,tools/Compile-ProductionTranslations.py::main/compile_files/build_manifest,tools/Build-JpnSlotOlangFromManifest.py::read_manifest/translated_texts,build/translation/compiled_translation_manifest.csv (SLOT_OLANG rows),PASS,canonical_json_artifacts=1
SLOT_OLANG,5D7E43B7,work/luna_translation_templates/sol_translation_mappings/SLOT_OLANG/5D7E43B7.json,translations/slot_olang/5D7E43B7.csv,true,true,2,2,2,2,0,0,0,JSON_CANONICAL_CSV_GENERATED,tools/Compile-ProductionTranslations.py::main/compile_files/build_manifest,tools/Build-JpnSlotOlangFromManifest.py::read_manifest/translated_texts,build/translation/compiled_translation_manifest.csv (SLOT_OLANG rows),PASS,canonical_json_artifacts=1
SLOT_OLANG,5D81443C,work/luna_translation_templates/sol_translation_mappings/SLOT_OLANG/5D81443C.json,translations/slot_olang/5D81443C.csv,true,true,224,224,224,224,0,0,0,JSON_CANONICAL_CSV_GENERATED,tools/Compile-ProductionTranslations.py::main/compile_files/build_manifest,tools/Build-JpnSlotOlangFromManifest.py::read_manifest/translated_texts,build/translation/compiled_translation_manifest.csv (SLOT_OLANG rows),PASS,canonical_json_artifacts=1
SLOT_OLANG,5D81E50B,work/luna_translation_templates/sol_translation_mappings/SLOT_OLANG/5D81E50B.json,translations/slot_olang/5D81E50B.csv,true,true,31,31,31,31,0,0,0,JSON_CANONICAL_CSV_GENERATED,tools/Compile-ProductionTranslations.py::main/compile_files/build_manifest,tools/Build-JpnSlotOlangFromManifest.py::read_manifest/translated_texts,build/translation/compiled_translation_manifest.csv (SLOT_OLANG rows),PASS,canonical_json_artifacts=1
SLOT_OLANG,5D83B291,work/luna_translation_templates/sol_translation_mappings/SLOT_OLANG/5D83B291.json,translations/slot_olang/5D83B291.csv,true,true,188,188,188,188,0,0,0,JSON_CANONICAL_CSV_GENERATED,tools/Compile-ProductionTranslations.py::main/compile_files/build_manifest,tools/Build-JpnSlotOlangFromManifest.py::read_manifest/translated_texts,build/translation/compiled_translation_manifest.csv (SLOT_OLANG rows),PASS,canonical_json_artifacts=1
SLOT_OLANG,5D83C375,work/luna_translation_templates/sol_translation_mappings/SLOT_OLANG/5D83C375.json,translations/slot_olang/5D83C375.csv,true,true,9,9,9,9,0,0,0,JSON_CANONICAL_CSV_GENERATED,tools/Compile-ProductionTranslations.py::main/compile_files/build_manifest,tools/Build-JpnSlotOlangFromManifest.py::read_manifest/translated_texts,build/translation/compiled_translation_manifest.csv (SLOT_OLANG rows),PASS,canonical_json_artifacts=1
SLOT_OLANG,5D8AED23,work/luna_translation_templates/sol_translation_mappings/SLOT_OLANG/5D8AED23.json,translations/slot_olang/5D8AED23.csv,true,true,48,48,48,47,1,0,0,JSON_CANONICAL_CSV_GENERATED,tools/Compile-ProductionTranslations.py::main/compile_files/build_manifest,tools/Build-JpnSlotOlangFromManifest.py::read_manifest/translated_texts,build/translation/compiled_translation_manifest.csv (SLOT_OLANG rows),PASS_NORMALIZED_DIFFERENCE,canonical_json_artifacts=1; normalized whitespace-only cn_text at unique_index=0
SLOT_OLANG,5D904CFF,work/luna_translation_templates/sol_translation_mappings/SLOT_OLANG/5D904CFF.json,translations/slot_olang/5D904CFF.csv,true,true,99,99,99,99,0,0,0,JSON_CANONICAL_CSV_GENERATED,tools/Compile-ProductionTranslations.py::main/compile_files/build_manifest,tools/Build-JpnSlotOlangFromManifest.py::read_manifest/translated_texts,build/translation/compiled_translation_manifest.csv (SLOT_OLANG rows),PASS,canonical_json_artifacts=1
SLOT_OLANG,5D97F0B2,work/luna_translation_templates/sol_translation_mappings/SLOT_OLANG/5D97F0B2.json,translations/slot_olang/5D97F0B2.csv,true,true,276,276,276,276,0,0,0,JSON_CANONICAL_CSV_GENERATED,tools/Compile-ProductionTranslations.py::main/compile_files/build_manifest,tools/Build-JpnSlotOlangFromManifest.py::read_manifest/translated_texts,build/translation/compiled_translation_manifest.csv (SLOT_OLANG rows),PASS,canonical_json_artifacts=1
SLOT_OLANG,5D99CB1E,work/luna_translation_templates/sol_translation_mappings/SLOT_OLANG/5D99CB1E.json,translations/slot_olang/5D99CB1E.csv,true,true,34,34,34,34,0,0,0,JSON_CANONICAL_CSV_GENERATED,tools/Compile-ProductionTranslations.py::main/compile_files/build_manifest,tools/Build-JpnSlotOlangFromManifest.py::read_manifest/translated_texts,build/translation/compiled_translation_manifest.csv (SLOT_OLANG rows),PASS,canonical_json_artifacts=1
SLOT_OLANG,5D9A9677,work/luna_translation_templates/sol_translation_mappings/SLOT_OLANG/5D9A9677.json,translations/slot_olang/5D9A9677.csv,true,true,19,19,19,19,0,0,0,JSON_CANONICAL_CSV_GENERATED,tools/Compile-ProductionTranslations.py::main/compile_files/build_manifest,tools/Build-JpnSlotOlangFromManifest.py::read_manifest/translated_texts,build/translation/compiled_translation_manifest.csv (SLOT_OLANG rows),PASS,canonical_json_artifacts=1
SLOT_OLANG,5D9D70DA,work/luna_translation_templates/sol_translation_mappings/SLOT_OLANG/5D9D70DA.json,translations/slot_olang/5D9D70DA.csv,true,true,35,35,35,35,0,0,0,JSON_CANONICAL_CSV_GENERATED,tools/Compile-ProductionTranslations.py::main/compile_files/build_manifest,tools/Build-JpnSlotOlangFromManifest.py::read_manifest/translated_texts,build/translation/compiled_translation_manifest.csv (SLOT_OLANG rows),PASS,canonical_json_artifacts=1
SLOT_OLANG,5DA57090,work/luna_translation_templates/sol_translation_mappings/SLOT_OLANG/5DA57090.json,translations/slot_olang/5DA57090.csv,true,true,327,327,327,327,0,0,0,JSON_CANONICAL_CSV_GENERATED,tools/Compile-ProductionTranslations.py::main/compile_files/build_manifest,tools/Build-JpnSlotOlangFromManifest.py::read_manifest/translated_texts,build/translation/compiled_translation_manifest.csv (SLOT_OLANG rows),PASS,canonical_json_artifacts=1
SLOT_OLANG,5DA57DF4,work/luna_translation_templates/sol_translation_mappings/SLOT_OLANG/5DA57DF4.json,translations/slot_olang/5DA57DF4.csv,true,true,4,4,4,4,0,0,0,JSON_CANONICAL_CSV_GENERATED,tools/Compile-ProductionTranslations.py::main/compile_files/build_manifest,tools/Build-JpnSlotOlangFromManifest.py::read_manifest/translated_texts,build/translation/compiled_translation_manifest.csv (SLOT_OLANG rows),PASS,canonical_json_artifacts=1
SLOT_OLANG,5DA60C2A,work/luna_translation_templates/sol_translation_mappings/SLOT_OLANG/5DA60C2A.json,translations/slot_olang/5DA60C2A.csv,true,true,126,126,126,126,0,0,0,JSON_CANONICAL_CSV_GENERATED,tools/Compile-ProductionTranslations.py::main/compile_files/build_manifest,tools/Build-JpnSlotOlangFromManifest.py::read_manifest/translated_texts,build/translation/compiled_translation_manifest.csv (SLOT_OLANG rows),PASS,canonical_json_artifacts=1
SLOT_OLANG,5DA7D875,work/luna_translation_templates/sol_translation_mappings/SLOT_OLANG/5DA7D875.json,translations/slot_olang/5DA7D875.csv,true,true,8,8,8,8,0,0,0,JSON_CANONICAL_CSV_GENERATED,tools/Compile-ProductionTranslations.py::main/compile_files/build_manifest,tools/Build-JpnSlotOlangFromManifest.py::read_manifest/translated_texts,build/translation/compiled_translation_manifest.csv (SLOT_OLANG rows),PASS,canonical_json_artifacts=1
SLOT_OLANG,5DA7D876,work/luna_translation_templates/sol_translation_mappings/SLOT_OLANG/5DA7D876.json,translations/slot_olang/5DA7D876.csv,true,true,10,10,10,10,0,0,0,JSON_CANONICAL_CSV_GENERATED,tools/Compile-ProductionTranslations.py::main/compile_files/build_manifest,tools/Build-JpnSlotOlangFromManifest.py::read_manifest/translated_texts,build/translation/compiled_translation_manifest.csv (SLOT_OLANG rows),PASS,canonical_json_artifacts=1
SLOT_OLANG,5DA7D877,work/luna_translation_templates/sol_translation_mappings/SLOT_OLANG/5DA7D877.json,translations/slot_olang/5DA7D877.csv,true,true,16,16,16,16,0,0,0,JSON_CANONICAL_CSV_GENERATED,tools/Compile-ProductionTranslations.py::main/compile_files/build_manifest,tools/Build-JpnSlotOlangFromManifest.py::read_manifest/translated_texts,build/translation/compiled_translation_manifest.csv (SLOT_OLANG rows),PASS,canonical_json_artifacts=1
SLOT_OLANG,5DA7D878,work/luna_translation_templates/sol_translation_mappings/SLOT_OLANG/5DA7D878.json,translations/slot_olang/5DA7D878.csv,true,true,12,12,12,12,0,0,0,JSON_CANONICAL_CSV_GENERATED,tools/Compile-ProductionTranslations.py::main/compile_files/build_manifest,tools/Build-JpnSlotOlangFromManifest.py::read_manifest/translated_texts,build/translation/compiled_translation_manifest.csv (SLOT_OLANG rows),PASS,canonical_json_artifacts=1
SLOT_OLANG,5DA7D879,work/luna_translation_templates/sol_translation_mappings/SLOT_OLANG/5DA7D879.json,translations/slot_olang/5DA7D879.csv,true,true,11,11,11,11,0,0,0,JSON_CANONICAL_CSV_GENERATED,tools/Compile-ProductionTranslations.py::main/compile_files/build_manifest,tools/Build-JpnSlotOlangFromManifest.py::read_manifest/translated_texts,build/translation/compiled_translation_manifest.csv (SLOT_OLANG rows),PASS,canonical_json_artifacts=1
SLOT_OLANG,5DA7D87A,work/luna_translation_templates/sol_translation_mappings/SLOT_OLANG/5DA7D87A.json,translations/slot_olang/5DA7D87A.csv,true,true,11,11,11,11,0,0,0,JSON_CANONICAL_CSV_GENERATED,tools/Compile-ProductionTranslations.py::main/compile_files/build_manifest,tools/Build-JpnSlotOlangFromManifest.py::read_manifest/translated_texts,build/translation/compiled_translation_manifest.csv (SLOT_OLANG rows),PASS,canonical_json_artifacts=1
SLOT_OLANG,5DA7D87B,work/luna_translation_templates/sol_translation_mappings/SLOT_OLANG/5DA7D87B.json,translations/slot_olang/5DA7D87B.csv,true,true,7,7,7,7,0,0,0,JSON_CANONICAL_CSV_GENERATED,tools/Compile-ProductionTranslations.py::main/compile_files/build_manifest,tools/Build-JpnSlotOlangFromManifest.py::read_manifest/translated_texts,build/translation/compiled_translation_manifest.csv (SLOT_OLANG rows),PASS,canonical_json_artifacts=1
SLOT_OLANG,5DB4D9C8,work/luna_translation_templates/sol_translation_mappings/SLOT_OLANG/5DB4D9C8.json,translations/slot_olang/5DB4D9C8.csv,true,true,228,228,228,228,0,0,0,JSON_CANONICAL_CSV_GENERATED,tools/Compile-ProductionTranslations.py::main/compile_files/build_manifest,tools/Build-JpnSlotOlangFromManifest.py::read_manifest/translated_texts,build/translation/compiled_translation_manifest.csv (SLOT_OLANG rows),PASS,canonical_json_artifacts=1
SLOT_OLANG,5DB83C7B,work/luna_translation_templates/sol_translation_mappings/SLOT_OLANG/5DB83C7B.json,translations/slot_olang/5DB83C7B.csv,true,true,16,16,16,16,0,0,0,JSON_CANONICAL_CSV_GENERATED,tools/Compile-ProductionTranslations.py::main/compile_files/build_manifest,tools/Build-JpnSlotOlangFromManifest.py::read_manifest/translated_texts,build/translation/compiled_translation_manifest.csv (SLOT_OLANG rows),PASS,canonical_json_artifacts=1
SLOT_OLANG,5DB85CF0,work/luna_translation_templates/sol_translation_mappings/SLOT_OLANG/5DB85CF0.json,translations/slot_olang/5DB85CF0.csv,true,true,18,18,18,18,0,0,0,JSON_CANONICAL_CSV_GENERATED,tools/Compile-ProductionTranslations.py::main/compile_files/build_manifest,tools/Build-JpnSlotOlangFromManifest.py::read_manifest/translated_texts,build/translation/compiled_translation_manifest.csv (SLOT_OLANG rows),PASS,canonical_json_artifacts=1
SLOT_OLANG,5DB96275,work/luna_translation_templates/sol_translation_mappings/SLOT_OLANG/5DB96275.json,translations/slot_olang/5DB96275.csv,true,true,156,156,156,156,0,0,0,JSON_CANONICAL_CSV_GENERATED,tools/Compile-ProductionTranslations.py::main/compile_files/build_manifest,tools/Build-JpnSlotOlangFromManifest.py::read_manifest/translated_texts,build/translation/compiled_translation_manifest.csv (SLOT_OLANG rows),PASS,canonical_json_artifacts=1
SLOT_OLANG,5DB9708C,work/luna_translation_templates/sol_translation_mappings/SLOT_OLANG/5DB9708C.json,translations/slot_olang/5DB9708C.csv,true,true,20,20,20,20,0,0,0,JSON_CANONICAL_CSV_GENERATED,tools/Compile-ProductionTranslations.py::main/compile_files/build_manifest,tools/Build-JpnSlotOlangFromManifest.py::read_manifest/translated_texts,build/translation/compiled_translation_manifest.csv (SLOT_OLANG rows),PASS,canonical_json_artifacts=1
SLOT_OLANG,5DB9910A,work/luna_translation_templates/sol_translation_mappings/SLOT_OLANG/5DB9910A.json,translations/slot_olang/5DB9910A.csv,true,true,75,75,75,75,0,0,0,JSON_CANONICAL_CSV_GENERATED,tools/Compile-ProductionTranslations.py::main/compile_files/build_manifest,tools/Build-JpnSlotOlangFromManifest.py::read_manifest/translated_texts,build/translation/compiled_translation_manifest.csv (SLOT_OLANG rows),PASS,canonical_json_artifacts=1
SLOT_OLANG,5DBA016B,work/luna_translation_templates/sol_translation_mappings/SLOT_OLANG/5DBA016B.json,translations/slot_olang/5DBA016B.csv,true,true,5,5,5,5,0,0,0,JSON_CANONICAL_CSV_GENERATED,tools/Compile-ProductionTranslations.py::main/compile_files/build_manifest,tools/Build-JpnSlotOlangFromManifest.py::read_manifest/translated_texts,build/translation/compiled_translation_manifest.csv (SLOT_OLANG rows),PASS,canonical_json_artifacts=1
SLOT_OLANG,5DBF136F,work/luna_translation_templates/sol_translation_mappings/SLOT_OLANG/5DBF136F.json,translations/slot_olang/5DBF136F.csv,true,true,1,1,1,1,0,0,0,JSON_CANONICAL_CSV_GENERATED,tools/Compile-ProductionTranslations.py::main/compile_files/build_manifest,tools/Build-JpnSlotOlangFromManifest.py::read_manifest/translated_texts,build/translation/compiled_translation_manifest.csv (SLOT_OLANG rows),PASS,canonical_json_artifacts=1
SLOT_OLANG,5DC1E6A9,work/luna_translation_templates/sol_translation_mappings/SLOT_OLANG/5DC1E6A9.json,translations/slot_olang/5DC1E6A9.csv,true,true,22,22,22,22,0,0,0,JSON_CANONICAL_CSV_GENERATED,tools/Compile-ProductionTranslations.py::main/compile_files/build_manifest,tools/Build-JpnSlotOlangFromManifest.py::read_manifest/translated_texts,build/translation/compiled_translation_manifest.csv (SLOT_OLANG rows),PASS,canonical_json_artifacts=1
SLOT_OLANG,5DC48887,work/luna_translation_templates/sol_translation_mappings/SLOT_OLANG/5DC48887.json,translations/slot_olang/5DC48887.csv,true,true,136,136,136,136,0,0,0,JSON_CANONICAL_CSV_GENERATED,tools/Compile-ProductionTranslations.py::main/compile_files/build_manifest,tools/Build-JpnSlotOlangFromManifest.py::read_manifest/translated_texts,build/translation/compiled_translation_manifest.csv (SLOT_OLANG rows),PASS,canonical_json_artifacts=1
SLOT_OLANG,5DC637BF,work/luna_translation_templates/sol_translation_mappings/SLOT_OLANG/5DC637BF.json,translations/slot_olang/5DC637BF.csv,true,true,9,9,9,9,0,0,0,JSON_CANONICAL_CSV_GENERATED,tools/Compile-ProductionTranslations.py::main/compile_files/build_manifest,tools/Build-JpnSlotOlangFromManifest.py::read_manifest/translated_texts,build/translation/compiled_translation_manifest.csv (SLOT_OLANG rows),PASS,canonical_json_artifacts=1
SLOT_OLANG,5DCBA83B,work/luna_translation_templates/sol_translation_mappings/SLOT_OLANG/5DCBA83B.json,translations/slot_olang/5DCBA83B.csv,true,true,30,30,30,30,0,0,0,JSON_CANONICAL_CSV_GENERATED,tools/Compile-ProductionTranslations.py::main/compile_files/build_manifest,tools/Build-JpnSlotOlangFromManifest.py::read_manifest/translated_texts,build/translation/compiled_translation_manifest.csv (SLOT_OLANG rows),PASS,canonical_json_artifacts=1
SLOT_OLANG,5DCBF8C0,work/luna_translation_templates/sol_translation_mappings/SLOT_OLANG/5DCBF8C0.json,translations/slot_olang/5DCBF8C0.csv,true,true,56,56,56,56,0,0,0,JSON_CANONICAL_CSV_GENERATED,tools/Compile-ProductionTranslations.py::main/compile_files/build_manifest,tools/Build-JpnSlotOlangFromManifest.py::read_manifest/translated_texts,build/translation/compiled_translation_manifest.csv (SLOT_OLANG rows),PASS,canonical_json_artifacts=1
SLOT_OLANG,5DCDD1C4,work/luna_translation_templates/sol_translation_mappings/SLOT_OLANG/5DCDD1C4.json,translations/slot_olang/5DCDD1C4.csv,true,true,25,25,25,25,0,0,0,JSON_CANONICAL_CSV_GENERATED,tools/Compile-ProductionTranslations.py::main/compile_files/build_manifest,tools/Build-JpnSlotOlangFromManifest.py::read_manifest/translated_texts,build/translation/compiled_translation_manifest.csv (SLOT_OLANG rows),PASS,canonical_json_artifacts=1
SLOT_OLANG,5DCE245A,work/luna_translation_templates/sol_translation_mappings/SLOT_OLANG/5DCE245A.json,translations/slot_olang/5DCE245A.csv,true,true,11,11,11,11,0,0,0,JSON_CANONICAL_CSV_GENERATED,tools/Compile-ProductionTranslations.py::main/compile_files/build_manifest,tools/Build-JpnSlotOlangFromManifest.py::read_manifest/translated_texts,build/translation/compiled_translation_manifest.csv (SLOT_OLANG rows),PASS,canonical_json_artifacts=1
SLOT_OLANG,5DCE245C,work/luna_translation_templates/sol_translation_mappings/SLOT_OLANG/5DCE245C.json,translations/slot_olang/5DCE245C.csv,true,true,59,59,59,59,0,0,0,JSON_CANONICAL_CSV_GENERATED,tools/Compile-ProductionTranslations.py::main/compile_files/build_manifest,tools/Build-JpnSlotOlangFromManifest.py::read_manifest/translated_texts,build/translation/compiled_translation_manifest.csv (SLOT_OLANG rows),PASS,canonical_json_artifacts=1
SLOT_OLANG,5DD2A877,work/luna_translation_templates/sol_translation_mappings/SLOT_OLANG/5DD2A877.json,translations/slot_olang/5DD2A877.csv,true,true,124,124,124,124,0,0,0,JSON_CANONICAL_CSV_GENERATED,tools/Compile-ProductionTranslations.py::main/compile_files/build_manifest,tools/Build-JpnSlotOlangFromManifest.py::read_manifest/translated_texts,build/translation/compiled_translation_manifest.csv (SLOT_OLANG rows),PASS,canonical_json_artifacts=1
SLOT_OLANG,5DD982F6,work/luna_translation_templates/sol_translation_mappings/SLOT_OLANG/5DD982F6.json,translations/slot_olang/5DD982F6.csv,true,true,74,74,74,74,0,0,0,JSON_CANONICAL_CSV_GENERATED,tools/Compile-ProductionTranslations.py::main/compile_files/build_manifest,tools/Build-JpnSlotOlangFromManifest.py::read_manifest/translated_texts,build/translation/compiled_translation_manifest.csv (SLOT_OLANG rows),PASS,canonical_json_artifacts=1
SLOT_OLANG,5DD9AF4C,work/luna_translation_templates/sol_translation_mappings/SLOT_OLANG/5DD9AF4C.json,translations/slot_olang/5DD9AF4C.csv,true,true,33,33,33,33,0,0,0,JSON_CANONICAL_CSV_GENERATED,tools/Compile-ProductionTranslations.py::main/compile_files/build_manifest,tools/Build-JpnSlotOlangFromManifest.py::read_manifest/translated_texts,build/translation/compiled_translation_manifest.csv (SLOT_OLANG rows),PASS,canonical_json_artifacts=1
SLOT_OLANG,5DD9B1F3,work/luna_translation_templates/sol_translation_mappings/SLOT_OLANG/5DD9B1F3.json,translations/slot_olang/5DD9B1F3.csv,true,true,93,93,93,93,0,0,0,JSON_CANONICAL_CSV_GENERATED,tools/Compile-ProductionTranslations.py::main/compile_files/build_manifest,tools/Build-JpnSlotOlangFromManifest.py::read_manifest/translated_texts,build/translation/compiled_translation_manifest.csv (SLOT_OLANG rows),PASS,canonical_json_artifacts=1
SLOT_OLANG,5DDB94DF,work/luna_translation_templates/sol_translation_mappings/SLOT_OLANG/5DDB94DF.json,translations/slot_olang/5DDB94DF.csv,true,true,183,183,183,183,0,0,0,JSON_CANONICAL_CSV_GENERATED,tools/Compile-ProductionTranslations.py::main/compile_files/build_manifest,tools/Build-JpnSlotOlangFromManifest.py::read_manifest/translated_texts,build/translation/compiled_translation_manifest.csv (SLOT_OLANG rows),PASS,canonical_json_artifacts=1
SLOT_OLANG,5DDD0EA8,work/luna_translation_templates/sol_translation_mappings/SLOT_OLANG/5DDD0EA8.json,translations/slot_olang/5DDD0EA8.csv,true,true,399,399,399,399,0,0,0,JSON_CANONICAL_CSV_GENERATED,tools/Compile-ProductionTranslations.py::main/compile_files/build_manifest,tools/Build-JpnSlotOlangFromManifest.py::read_manifest/translated_texts,build/translation/compiled_translation_manifest.csv (SLOT_OLANG rows),PASS,canonical_json_artifacts=1
SLOT_OLANG,5DDFF09B,work/luna_translation_templates/sol_translation_mappings/SLOT_OLANG/5DDFF09B.json,translations/slot_olang/5DDFF09B.csv,true,true,122,122,122,122,0,0,0,JSON_CANONICAL_CSV_GENERATED,tools/Compile-ProductionTranslations.py::main/compile_files/build_manifest,tools/Build-JpnSlotOlangFromManifest.py::read_manifest/translated_texts,build/translation/compiled_translation_manifest.csv (SLOT_OLANG rows),PASS,canonical_json_artifacts=1
SLOT_OLANG,5DDFF0A5,work/luna_translation_templates/sol_translation_mappings/SLOT_OLANG/5DDFF0A5.json,translations/slot_olang/5DDFF0A5.csv,true,true,112,112,112,112,0,0,0,JSON_CANONICAL_CSV_GENERATED,tools/Compile-ProductionTranslations.py::main/compile_files/build_manifest,tools/Build-JpnSlotOlangFromManifest.py::read_manifest/translated_texts,build/translation/compiled_translation_manifest.csv (SLOT_OLANG rows),PASS,canonical_json_artifacts=1
SLOT_OLANG,5DE2E8B4,work/luna_translation_templates/sol_translation_mappings/SLOT_OLANG/5DE2E8B4.json,translations/slot_olang/5DE2E8B4.csv,true,true,6,6,6,6,0,0,0,JSON_CANONICAL_CSV_GENERATED,tools/Compile-ProductionTranslations.py::main/compile_files/build_manifest,tools/Build-JpnSlotOlangFromManifest.py::read_manifest/translated_texts,build/translation/compiled_translation_manifest.csv (SLOT_OLANG rows),PASS,canonical_json_artifacts=1
SLOT_OLANG,5DE6EF4C,work/luna_translation_templates/sol_translation_mappings/SLOT_OLANG/5DE6EF4C.json,translations/slot_olang/5DE6EF4C.csv,true,true,217,217,217,217,0,0,0,JSON_CANONICAL_CSV_GENERATED,tools/Compile-ProductionTranslations.py::main/compile_files/build_manifest,tools/Build-JpnSlotOlangFromManifest.py::read_manifest/translated_texts,build/translation/compiled_translation_manifest.csv (SLOT_OLANG rows),PASS,canonical_json_artifacts=1
SLOT_OLANG,5DEDCB1E,work/luna_translation_templates/sol_translation_mappings/SLOT_OLANG/5DEDCB1E.json,translations/slot_olang/5DEDCB1E.csv,true,true,147,147,147,147,0,0,0,JSON_CANONICAL_CSV_GENERATED,tools/Compile-ProductionTranslations.py::main/compile_files/build_manifest,tools/Build-JpnSlotOlangFromManifest.py::read_manifest/translated_texts,build/translation/compiled_translation_manifest.csv (SLOT_OLANG rows),PASS,canonical_json_artifacts=1
SLOT_OLANG,5DEEEA4A,work/luna_translation_templates/sol_translation_mappings/SLOT_OLANG/5DEEEA4A.json,translations/slot_olang/5DEEEA4A.csv,true,true,85,85,85,85,0,0,0,JSON_CANONICAL_CSV_GENERATED,tools/Compile-ProductionTranslations.py::main/compile_files/build_manifest,tools/Build-JpnSlotOlangFromManifest.py::read_manifest/translated_texts,build/translation/compiled_translation_manifest.csv (SLOT_OLANG rows),PASS,canonical_json_artifacts=1
SLOT_OLANG,5DEFED13,work/luna_translation_templates/sol_translation_mappings/SLOT_OLANG/5DEFED13.json,translations/slot_olang/5DEFED13.csv,true,true,23,23,23,23,0,0,0,JSON_CANONICAL_CSV_GENERATED,tools/Compile-ProductionTranslations.py::main/compile_files/build_manifest,tools/Build-JpnSlotOlangFromManifest.py::read_manifest/translated_texts,build/translation/compiled_translation_manifest.csv (SLOT_OLANG rows),PASS,canonical_json_artifacts=1
SLOT_OLANG,5DF1B9C2,work/luna_translation_templates/sol_translation_mappings/SLOT_OLANG/5DF1B9C2.json,translations/slot_olang/5DF1B9C2.csv,true,true,27,27,27,27,0,0,0,JSON_CANONICAL_CSV_GENERATED,tools/Compile-ProductionTranslations.py::main/compile_files/build_manifest,tools/Build-JpnSlotOlangFromManifest.py::read_manifest/translated_texts,build/translation/compiled_translation_manifest.csv (SLOT_OLANG rows),PASS,canonical_json_artifacts=1
STAGEDAT_OLANG,LANG_BRIEFING.OLANG,work/luna_translation_templates/sol_translation_mappings/STAGEDAT_OLANG/LANG_BRIEFING.OLANG.json,translations/stagedat_olang/LANG_BRIEFING.OLANG.csv,true,true,25,25,25,25,0,0,0,JSON_CANONICAL_CSV_GENERATED,tools/Compile-ProductionTranslations.py::main/compile_files/build_manifest,tools/Build-JpnStageDatOlangFromManifest.py::read_manifest/translated_texts,build/translation/compiled_translation_manifest.csv (STAGEDAT_OLANG rows),PASS,canonical_json_artifacts=1
STAGEDAT_OLANG,LANG_CHARAEDIT.OLANG,work/luna_translation_templates/sol_translation_mappings/STAGEDAT_OLANG/LANG_CHARAEDIT.OLANG.json,translations/stagedat_olang/LANG_CHARAEDIT.OLANG.csv,true,true,46,46,46,46,0,0,0,JSON_CANONICAL_CSV_GENERATED,tools/Compile-ProductionTranslations.py::main/compile_files/build_manifest,tools/Build-JpnStageDatOlangFromManifest.py::read_manifest/translated_texts,build/translation/compiled_translation_manifest.csv (STAGEDAT_OLANG rows),PASS,canonical_json_artifacts=1
STAGEDAT_OLANG,LANG_COMMUNICATIONSTELOP.OLANG,work/luna_translation_templates/sol_translation_mappings/STAGEDAT_OLANG/LANG_COMMUNICATIONSTELOP.OLANG.json,translations/stagedat_olang/LANG_COMMUNICATIONSTELOP.OLANG.csv,true,true,5,5,5,5,0,0,0,JSON_CANONICAL_CSV_GENERATED,tools/Compile-ProductionTranslations.py::main/compile_files/build_manifest,tools/Build-JpnStageDatOlangFromManifest.py::read_manifest/translated_texts,build/translation/compiled_translation_manifest.csv (STAGEDAT_OLANG rows),PASS,canonical_json_artifacts=1
STAGEDAT_OLANG,LANG_DATAINSTALL.OLANG,work/luna_translation_templates/sol_translation_mappings/STAGEDAT_OLANG/LANG_DATAINSTALL.OLANG.json,translations/stagedat_olang/LANG_DATAINSTALL.OLANG.csv,true,true,47,47,47,47,0,0,0,JSON_CANONICAL_CSV_GENERATED,tools/Compile-ProductionTranslations.py::main/compile_files/build_manifest,tools/Build-JpnStageDatOlangFromManifest.py::read_manifest/translated_texts,build/translation/compiled_translation_manifest.csv (STAGEDAT_OLANG rows),PASS,canonical_json_artifacts=1
STAGEDAT_OLANG,LANG_DEMOSKIPTELOP.OLANG,work/luna_translation_templates/sol_translation_mappings/STAGEDAT_OLANG/LANG_DEMOSKIPTELOP.OLANG.json,translations/stagedat_olang/LANG_DEMOSKIPTELOP.OLANG.csv,true,true,1,1,1,1,0,0,0,JSON_CANONICAL_CSV_GENERATED,tools/Compile-ProductionTranslations.py::main/compile_files/build_manifest,tools/Build-JpnStageDatOlangFromManifest.py::read_manifest/translated_texts,build/translation/compiled_translation_manifest.csv (STAGEDAT_OLANG rows),PASS,canonical_json_artifacts=1
STAGEDAT_OLANG,LANG_DEMOTELOP.OLANG,work/luna_translation_templates/sol_translation_mappings/STAGEDAT_OLANG/LANG_DEMOTELOP.OLANG.json,translations/stagedat_olang/LANG_DEMOTELOP.OLANG.csv,true,true,34,34,34,34,0,0,0,JSON_CANONICAL_CSV_GENERATED,tools/Compile-ProductionTranslations.py::main/compile_files/build_manifest,tools/Build-JpnStageDatOlangFromManifest.py::read_manifest/translated_texts,build/translation/compiled_translation_manifest.csv (STAGEDAT_OLANG rows),PASS,canonical_json_artifacts=1
STAGEDAT_OLANG,LANG_DEMOTELOP2.OLANG,work/luna_translation_templates/sol_translation_mappings/STAGEDAT_OLANG/LANG_DEMOTELOP2.OLANG.json,translations/stagedat_olang/LANG_DEMOTELOP2.OLANG.csv,true,true,76,76,76,76,0,0,0,JSON_CANONICAL_CSV_GENERATED,tools/Compile-ProductionTranslations.py::main/compile_files/build_manifest,tools/Build-JpnStageDatOlangFromManifest.py::read_manifest/translated_texts,build/translation/compiled_translation_manifest.csv (STAGEDAT_OLANG rows),PASS,canonical_json_artifacts=1
STAGEDAT_OLANG,LANG_DEMOTELOP4.OLANG,work/luna_translation_templates/sol_translation_mappings/STAGEDAT_OLANG/LANG_DEMOTELOP4.OLANG.json,translations/stagedat_olang/LANG_DEMOTELOP4.OLANG.csv,true,true,47,47,47,47,0,0,0,JSON_CANONICAL_CSV_GENERATED,tools/Compile-ProductionTranslations.py::main/compile_files/build_manifest,tools/Build-JpnStageDatOlangFromManifest.py::read_manifest/translated_texts,build/translation/compiled_translation_manifest.csv (STAGEDAT_OLANG rows),PASS,canonical_json_artifacts=1
STAGEDAT_OLANG,LANG_EMERGENCYTELOP.OLANG,work/luna_translation_templates/sol_translation_mappings/STAGEDAT_OLANG/LANG_EMERGENCYTELOP.OLANG.json,translations/stagedat_olang/LANG_EMERGENCYTELOP.OLANG.csv,true,true,5,5,5,5,0,0,0,JSON_CANONICAL_CSV_GENERATED,tools/Compile-ProductionTranslations.py::main/compile_files/build_manifest,tools/Build-JpnStageDatOlangFromManifest.py::read_manifest/translated_texts,build/translation/compiled_translation_manifest.csv (STAGEDAT_OLANG rows),PASS,canonical_json_artifacts=1
STAGEDAT_OLANG,LANG_EXTRA.OLANG,work/luna_translation_templates/sol_translation_mappings/STAGEDAT_OLANG/LANG_EXTRA.OLANG.json,translations/stagedat_olang/LANG_EXTRA.OLANG.csv,true,true,141,141,141,141,0,0,0,JSON_CANONICAL_CSV_GENERATED,tools/Compile-ProductionTranslations.py::main/compile_files/build_manifest,tools/Build-JpnStageDatOlangFromManifest.py::read_manifest/translated_texts,build/translation/compiled_translation_manifest.csv (STAGEDAT_OLANG rows),PASS,canonical_json_artifacts=5
STAGEDAT_OLANG,LANG_GAMEOVER.OLANG,work/luna_translation_templates/sol_translation_mappings/STAGEDAT_OLANG/LANG_GAMEOVER.OLANG.json,translations/stagedat_olang/LANG_GAMEOVER.OLANG.csv,true,true,124,124,124,124,0,0,0,JSON_CANONICAL_CSV_GENERATED,tools/Compile-ProductionTranslations.py::main/compile_files/build_manifest,tools/Build-JpnStageDatOlangFromManifest.py::read_manifest/translated_texts,build/translation/compiled_translation_manifest.csv (STAGEDAT_OLANG rows),PASS,canonical_json_artifacts=1
STAGEDAT_OLANG,LANG_GETTITLE_INSIGNIA_LIST.OLANG,work/luna_translation_templates/sol_translation_mappings/STAGEDAT_OLANG/LANG_GETTITLE_INSIGNIA_LIST.OLANG.manifest.json,translations/stagedat_olang/LANG_GETTITLE_INSIGNIA_LIST.OLANG.csv,true,true,217,217,217,217,0,0,0,JSON_CANONICAL_CSV_GENERATED,tools/Compile-ProductionTranslations.py::main/compile_files/build_manifest,tools/Build-JpnStageDatOlangFromManifest.py::read_manifest/translated_texts,build/translation/compiled_translation_manifest.csv (STAGEDAT_OLANG rows),PASS,canonical_json_artifacts=4; explicit manifest canonical
STAGEDAT_OLANG,LANG_HTTP_ERROR.OLANG,work/luna_translation_templates/sol_translation_mappings/STAGEDAT_OLANG/LANG_HTTP_ERROR.OLANG.json,translations/stagedat_olang/LANG_HTTP_ERROR.OLANG.csv,true,true,30,30,30,30,0,0,0,JSON_CANONICAL_CSV_GENERATED,tools/Compile-ProductionTranslations.py::main/compile_files/build_manifest,tools/Build-JpnStageDatOlangFromManifest.py::read_manifest/translated_texts,build/translation/compiled_translation_manifest.csv (STAGEDAT_OLANG rows),PASS,canonical_json_artifacts=1
STAGEDAT_OLANG,LANG_ITEM_SHORT_NAME.OLANG,work/luna_translation_templates/sol_translation_mappings/STAGEDAT_OLANG/LANG_ITEM_SHORT_NAME.OLANG.manifest.json,translations/stagedat_olang/LANG_ITEM_SHORT_NAME.OLANG.csv,true,true,228,228,228,228,0,0,0,JSON_CANONICAL_CSV_GENERATED,tools/Compile-ProductionTranslations.py::main/compile_files/build_manifest,tools/Build-JpnStageDatOlangFromManifest.py::read_manifest/translated_texts,build/translation/compiled_translation_manifest.csv (STAGEDAT_OLANG rows),PASS,canonical_json_artifacts=4; explicit manifest canonical
STAGEDAT_OLANG,LANG_ITEM_TEXT.OLANG,work/luna_translation_templates/sol_translation_mappings/STAGEDAT_OLANG/LANG_ITEM_TEXT.OLANG.manifest.json,translations/stagedat_olang/LANG_ITEM_TEXT.OLANG.csv,true,true,803,803,803,803,0,0,0,JSON_CANONICAL_CSV_GENERATED,tools/Compile-ProductionTranslations.py::main/compile_files/build_manifest,tools/Build-JpnStageDatOlangFromManifest.py::read_manifest/translated_texts,build/translation/compiled_translation_manifest.csv (STAGEDAT_OLANG rows),PASS,canonical_json_artifacts=18; explicit manifest canonical
STAGEDAT_OLANG,LANG_KEYHELP.OLANG,work/luna_translation_templates/sol_translation_mappings/STAGEDAT_OLANG/LANG_KEYHELP.OLANG.json,translations/stagedat_olang/LANG_KEYHELP.OLANG.csv,true,true,23,23,23,23,0,0,0,JSON_CANONICAL_CSV_GENERATED,tools/Compile-ProductionTranslations.py::main/compile_files/build_manifest,tools/Build-JpnStageDatOlangFromManifest.py::read_manifest/translated_texts,build/translation/compiled_translation_manifest.csv (STAGEDAT_OLANG rows),PASS,canonical_json_artifacts=1
STAGEDAT_OLANG,LANG_MAP_FLOOR.OLANG,work/luna_translation_templates/sol_translation_mappings/STAGEDAT_OLANG/LANG_MAP_FLOOR.OLANG.json,translations/stagedat_olang/LANG_MAP_FLOOR.OLANG.csv,true,true,9,9,9,9,0,0,0,JSON_CANONICAL_CSV_GENERATED,tools/Compile-ProductionTranslations.py::main/compile_files/build_manifest,tools/Build-JpnStageDatOlangFromManifest.py::read_manifest/translated_texts,build/translation/compiled_translation_manifest.csv (STAGEDAT_OLANG rows),PASS,canonical_json_artifacts=1
STAGEDAT_OLANG,LANG_MISSION_ENDTELOP.OLANG,work/luna_translation_templates/sol_translation_mappings/STAGEDAT_OLANG/LANG_MISSION_ENDTELOP.OLANG.json,translations/stagedat_olang/LANG_MISSION_ENDTELOP.OLANG.csv,true,true,107,107,107,107,0,0,0,JSON_CANONICAL_CSV_GENERATED,tools/Compile-ProductionTranslations.py::main/compile_files/build_manifest,tools/Build-JpnStageDatOlangFromManifest.py::read_manifest/translated_texts,build/translation/compiled_translation_manifest.csv (STAGEDAT_OLANG rows),PASS,canonical_json_artifacts=1
STAGEDAT_OLANG,LANG_MISSION_INFO.OLANG,work/luna_translation_templates/sol_translation_mappings/STAGEDAT_OLANG/LANG_MISSION_INFO.OLANG.manifest.json,translations/stagedat_olang/LANG_MISSION_INFO.OLANG.csv,true,true,482,482,482,482,0,0,0,JSON_CANONICAL_CSV_GENERATED,tools/Compile-ProductionTranslations.py::main/compile_files/build_manifest,tools/Build-JpnStageDatOlangFromManifest.py::read_manifest/translated_texts,build/translation/compiled_translation_manifest.csv (STAGEDAT_OLANG rows),PASS,canonical_json_artifacts=11; explicit manifest canonical
STAGEDAT_OLANG,LANG_MISSION_RESULT.OLANG,work/luna_translation_templates/sol_translation_mappings/STAGEDAT_OLANG/LANG_MISSION_RESULT.OLANG.manifest.json,translations/stagedat_olang/LANG_MISSION_RESULT.OLANG.csv,true,true,357,357,357,357,0,0,0,JSON_CANONICAL_CSV_GENERATED,tools/Compile-ProductionTranslations.py::main/compile_files/build_manifest,tools/Build-JpnStageDatOlangFromManifest.py::read_manifest/translated_texts,build/translation/compiled_translation_manifest.csv (STAGEDAT_OLANG rows),PASS,canonical_json_artifacts=5; explicit manifest canonical
STAGEDAT_OLANG,LANG_MYOUTER_DEVELOP.OLANG,work/luna_translation_templates/sol_translation_mappings/STAGEDAT_OLANG/LANG_MYOUTER_DEVELOP.OLANG.manifest.json,translations/stagedat_olang/LANG_MYOUTER_DEVELOP.OLANG.csv,true,true,167,167,167,167,0,0,0,JSON_CANONICAL_CSV_GENERATED,tools/Compile-ProductionTranslations.py::main/compile_files/build_manifest,tools/Build-JpnStageDatOlangFromManifest.py::read_manifest/translated_texts,build/translation/compiled_translation_manifest.csv (STAGEDAT_OLANG rows),PASS,canonical_json_artifacts=3; explicit manifest canonical
STAGEDAT_OLANG,LANG_MYOUTER_DEVELOP_METAL.OLANG,work/luna_translation_templates/sol_translation_mappings/STAGEDAT_OLANG/LANG_MYOUTER_DEVELOP_METAL.OLANG.manifest.json,translations/stagedat_olang/LANG_MYOUTER_DEVELOP_METAL.OLANG.csv,true,true,592,592,592,592,0,0,0,JSON_CANONICAL_CSV_GENERATED,tools/Compile-ProductionTranslations.py::main/compile_files/build_manifest,tools/Build-JpnStageDatOlangFromManifest.py::read_manifest/translated_texts,build/translation/compiled_translation_manifest.csv (STAGEDAT_OLANG rows),PASS,canonical_json_artifacts=8; explicit manifest canonical
STAGEDAT_OLANG,LANG_MYOUTER_STAFF.OLANG,work/luna_translation_templates/sol_translation_mappings/STAGEDAT_OLANG/LANG_MYOUTER_STAFF.OLANG.manifest.json,translations/stagedat_olang/LANG_MYOUTER_STAFF.OLANG.csv,true,true,146,146,146,146,0,0,0,JSON_CANONICAL_CSV_GENERATED,tools/Compile-ProductionTranslations.py::main/compile_files/build_manifest,tools/Build-JpnStageDatOlangFromManifest.py::read_manifest/translated_texts,build/translation/compiled_translation_manifest.csv (STAGEDAT_OLANG rows),PASS,canonical_json_artifacts=3; explicit manifest canonical
STAGEDAT_OLANG,LANG_MYOUTER_STAFF_COMMENT.OLANG,work/luna_translation_templates/sol_translation_mappings/STAGEDAT_OLANG/LANG_MYOUTER_STAFF_COMMENT.OLANG.manifest.json,translations/stagedat_olang/LANG_MYOUTER_STAFF_COMMENT.OLANG.csv,true,true,356,356,356,356,0,0,0,JSON_CANONICAL_CSV_GENERATED,tools/Compile-ProductionTranslations.py::main/compile_files/build_manifest,tools/Build-JpnStageDatOlangFromManifest.py::read_manifest/translated_texts,build/translation/compiled_translation_manifest.csv (STAGEDAT_OLANG rows),PASS,canonical_json_artifacts=9; explicit manifest canonical
STAGEDAT_OLANG,LANG_MYOUTER_STAFF_SKILL.OLANG,work/luna_translation_templates/sol_translation_mappings/STAGEDAT_OLANG/LANG_MYOUTER_STAFF_SKILL.OLANG.json,translations/stagedat_olang/LANG_MYOUTER_STAFF_SKILL.OLANG.csv,true,true,74,74,74,74,0,0,0,JSON_CANONICAL_CSV_GENERATED,tools/Compile-ProductionTranslations.py::main/compile_files/build_manifest,tools/Build-JpnStageDatOlangFromManifest.py::read_manifest/translated_texts,build/translation/compiled_translation_manifest.csv (STAGEDAT_OLANG rows),PASS,canonical_json_artifacts=1
STAGEDAT_OLANG,LANG_MYOUTER_STAFF_SOLTYPE.OLANG,work/luna_translation_templates/sol_translation_mappings/STAGEDAT_OLANG/LANG_MYOUTER_STAFF_SOLTYPE.OLANG.json,translations/stagedat_olang/LANG_MYOUTER_STAFF_SOLTYPE.OLANG.csv,true,true,63,63,63,63,0,0,0,JSON_CANONICAL_CSV_GENERATED,tools/Compile-ProductionTranslations.py::main/compile_files/build_manifest,tools/Build-JpnStageDatOlangFromManifest.py::read_manifest/translated_texts,build/translation/compiled_translation_manifest.csv (STAGEDAT_OLANG rows),PASS,canonical_json_artifacts=1
STAGEDAT_OLANG,LANG_MYOUTER_TOP.OLANG,work/luna_translation_templates/sol_translation_mappings/STAGEDAT_OLANG/LANG_MYOUTER_TOP.OLANG.manifest.json,translations/stagedat_olang/LANG_MYOUTER_TOP.OLANG.csv,true,true,202,202,202,202,0,0,0,JSON_CANONICAL_CSV_GENERATED,tools/Compile-ProductionTranslations.py::main/compile_files/build_manifest,tools/Build-JpnStageDatOlangFromManifest.py::read_manifest/translated_texts,build/translation/compiled_translation_manifest.csv (STAGEDAT_OLANG rows),PASS,canonical_json_artifacts=5; explicit manifest canonical
STAGEDAT_OLANG,LANG_MYOUTER_UTIL.OLANG,work/luna_translation_templates/sol_translation_mappings/STAGEDAT_OLANG/LANG_MYOUTER_UTIL.OLANG.json,translations/stagedat_olang/LANG_MYOUTER_UTIL.OLANG.csv,true,true,33,33,33,33,0,0,0,JSON_CANONICAL_CSV_GENERATED,tools/Compile-ProductionTranslations.py::main/compile_files/build_manifest,tools/Build-JpnStageDatOlangFromManifest.py::read_manifest/translated_texts,build/translation/compiled_translation_manifest.csv (STAGEDAT_OLANG rows),PASS,canonical_json_artifacts=1
STAGEDAT_OLANG,LANG_ONLINE_ERROR.OLANG,work/luna_translation_templates/sol_translation_mappings/STAGEDAT_OLANG/LANG_ONLINE_ERROR.OLANG.json,translations/stagedat_olang/LANG_ONLINE_ERROR.OLANG.csv,true,true,56,56,56,56,0,0,0,JSON_CANONICAL_CSV_GENERATED,tools/Compile-ProductionTranslations.py::main/compile_files/build_manifest,tools/Build-JpnStageDatOlangFromManifest.py::read_manifest/translated_texts,build/translation/compiled_translation_manifest.csv (STAGEDAT_OLANG rows),PASS,canonical_json_artifacts=1
STAGEDAT_OLANG,LANG_PAUSEMENU.OLANG,work/luna_translation_templates/sol_translation_mappings/STAGEDAT_OLANG/LANG_PAUSEMENU.OLANG.json,translations/stagedat_olang/LANG_PAUSEMENU.OLANG.csv,true,true,75,75,75,75,0,0,0,JSON_CANONICAL_CSV_GENERATED,tools/Compile-ProductionTranslations.py::main/compile_files/build_manifest,tools/Build-JpnStageDatOlangFromManifest.py::read_manifest/translated_texts,build/translation/compiled_translation_manifest.csv (STAGEDAT_OLANG rows),PASS,canonical_json_artifacts=1
STAGEDAT_OLANG,LANG_PSP_KEYBOARD.OLANG,work/luna_translation_templates/sol_translation_mappings/STAGEDAT_OLANG/LANG_PSP_KEYBOARD.OLANG.json,translations/stagedat_olang/LANG_PSP_KEYBOARD.OLANG.csv,true,true,6,6,6,6,0,0,0,JSON_CANONICAL_CSV_GENERATED,tools/Compile-ProductionTranslations.py::main/compile_files/build_manifest,tools/Build-JpnStageDatOlangFromManifest.py::read_manifest/translated_texts,build/translation/compiled_translation_manifest.csv (STAGEDAT_OLANG rows),PASS,canonical_json_artifacts=1
STAGEDAT_OLANG,LANG_PW_COMMON.OLANG,work/luna_translation_templates/sol_translation_mappings/STAGEDAT_OLANG/LANG_PW_COMMON.OLANG.json,translations/stagedat_olang/LANG_PW_COMMON.OLANG.csv,true,true,35,35,35,35,0,0,0,JSON_CANONICAL_CSV_GENERATED,tools/Compile-ProductionTranslations.py::main/compile_files/build_manifest,tools/Build-JpnStageDatOlangFromManifest.py::read_manifest/translated_texts,build/translation/compiled_translation_manifest.csv (STAGEDAT_OLANG rows),PASS,canonical_json_artifacts=1
STAGEDAT_OLANG,LANG_SPOOKY_COMMON.OLANG,work/luna_translation_templates/sol_translation_mappings/STAGEDAT_OLANG/LANG_SPOOKY_COMMON.OLANG.json,translations/stagedat_olang/LANG_SPOOKY_COMMON.OLANG.csv,true,true,7,7,7,7,0,0,0,JSON_CANONICAL_CSV_GENERATED,tools/Compile-ProductionTranslations.py::main/compile_files/build_manifest,tools/Build-JpnStageDatOlangFromManifest.py::read_manifest/translated_texts,build/translation/compiled_translation_manifest.csv (STAGEDAT_OLANG rows),PASS,canonical_json_artifacts=1
STAGEDAT_OLANG,LANG_STAGETELOP.OLANG,work/luna_translation_templates/sol_translation_mappings/STAGEDAT_OLANG/LANG_STAGETELOP.OLANG.json,translations/stagedat_olang/LANG_STAGETELOP.OLANG.csv,true,true,107,107,107,107,0,0,0,JSON_CANONICAL_CSV_GENERATED,tools/Compile-ProductionTranslations.py::main/compile_files/build_manifest,tools/Build-JpnStageDatOlangFromManifest.py::read_manifest/translated_texts,build/translation/compiled_translation_manifest.csv (STAGEDAT_OLANG rows),PASS,canonical_json_artifacts=1
STAGEDAT_OLANG,LANG_SYNC.OLANG,work/luna_translation_templates/sol_translation_mappings/STAGEDAT_OLANG/LANG_SYNC.OLANG.json,translations/stagedat_olang/LANG_SYNC.OLANG.csv,true,true,19,19,19,19,0,0,0,JSON_CANONICAL_CSV_GENERATED,tools/Compile-ProductionTranslations.py::main/compile_files/build_manifest,tools/Build-JpnStageDatOlangFromManifest.py::read_manifest/translated_texts,build/translation/compiled_translation_manifest.csv (STAGEDAT_OLANG rows),PASS,canonical_json_artifacts=1
STAGEDAT_OLANG,LANG_SYSTEM.OLANG,work/luna_translation_templates/sol_translation_mappings/STAGEDAT_OLANG/LANG_SYSTEM.OLANG.json,translations/stagedat_olang/LANG_SYSTEM.OLANG.csv,true,true,82,82,82,82,0,0,0,JSON_CANONICAL_CSV_GENERATED,tools/Compile-ProductionTranslations.py::main/compile_files/build_manifest,tools/Build-JpnStageDatOlangFromManifest.py::read_manifest/translated_texts,build/translation/compiled_translation_manifest.csv (STAGEDAT_OLANG rows),PASS,canonical_json_artifacts=1
STAGEDAT_OLANG,LANG_TITLEMENU.OLANG,work/luna_translation_templates/sol_translation_mappings/STAGEDAT_OLANG/LANG_TITLEMENU.OLANG.json,translations/stagedat_olang/LANG_TITLEMENU.OLANG.csv,true,true,17,17,17,17,0,0,0,JSON_CANONICAL_CSV_GENERATED,tools/Compile-ProductionTranslations.py::main/compile_files/build_manifest,tools/Build-JpnStageDatOlangFromManifest.py::read_manifest/translated_texts,build/translation/compiled_translation_manifest.csv (STAGEDAT_OLANG rows),PASS,canonical_json_artifacts=1
STAGEDAT_OLANG,LANG_TITLE_NAMEENTRY.OLANG,work/luna_translation_templates/sol_translation_mappings/STAGEDAT_OLANG/LANG_TITLE_NAMEENTRY.OLANG.json,translations/stagedat_olang/LANG_TITLE_NAMEENTRY.OLANG.csv,true,true,4,4,4,4,0,0,0,JSON_CANONICAL_CSV_GENERATED,tools/Compile-ProductionTranslations.py::main/compile_files/build_manifest,tools/Build-JpnStageDatOlangFromManifest.py::read_manifest/translated_texts,build/translation/compiled_translation_manifest.csv (STAGEDAT_OLANG rows),PASS,canonical_json_artifacts=1
STAGEDAT_OLANG,LANG_TITLE_OPTIONS.OLANG,work/luna_translation_templates/sol_translation_mappings/STAGEDAT_OLANG/LANG_TITLE_OPTIONS.OLANG.json,translations/stagedat_olang/LANG_TITLE_OPTIONS.OLANG.csv,true,true,27,27,27,27,0,0,0,JSON_CANONICAL_CSV_GENERATED,tools/Compile-ProductionTranslations.py::main/compile_files/build_manifest,tools/Build-JpnStageDatOlangFromManifest.py::read_manifest/translated_texts,build/translation/compiled_translation_manifest.csv (STAGEDAT_OLANG rows),PASS,canonical_json_artifacts=1
STAGEDAT_OLANG,LANG_VOCALOID.OLANG,work/luna_translation_templates/sol_translation_mappings/STAGEDAT_OLANG/LANG_VOCALOID.OLANG.json,translations/stagedat_olang/LANG_VOCALOID.OLANG.csv,true,true,64,64,64,64,0,0,0,JSON_CANONICAL_CSV_GENERATED,tools/Compile-ProductionTranslations.py::main/compile_files/build_manifest,tools/Build-JpnStageDatOlangFromManifest.py::read_manifest/translated_texts,build/translation/compiled_translation_manifest.csv (STAGEDAT_OLANG rows),PASS,canonical_json_artifacts=1
STAGEDAT_OLANG,LANG_VOCALOID_KEYBOARD.OLANG,work/luna_translation_templates/sol_translation_mappings/STAGEDAT_OLANG/LANG_VOCALOID_KEYBOARD.OLANG.manifest.json,translations/stagedat_olang/LANG_VOCALOID_KEYBOARD.OLANG.csv,true,true,175,175,175,175,0,0,0,JSON_CANONICAL_CSV_GENERATED,tools/Compile-ProductionTranslations.py::main/compile_files/build_manifest,tools/Build-JpnStageDatOlangFromManifest.py::read_manifest/translated_texts,build/translation/compiled_translation_manifest.csv (STAGEDAT_OLANG rows),PASS_DEFINED_JSON_PRECEDENCE,canonical_json_artifacts=4; explicit manifest canonical; conflicting legacy descriptor+parts exists; explicit manifest wins
STAGEDAT_OLANG,LANG_V_THEATER010.OLANG,work/luna_translation_templates/sol_translation_mappings/STAGEDAT_OLANG/LANG_V_THEATER010.OLANG.json,translations/stagedat_olang/LANG_V_THEATER010.OLANG.csv,true,true,24,24,24,24,0,0,0,JSON_CANONICAL_CSV_GENERATED,tools/Compile-ProductionTranslations.py::main/compile_files/build_manifest,tools/Build-JpnStageDatOlangFromManifest.py::read_manifest/translated_texts,build/translation/compiled_translation_manifest.csv (STAGEDAT_OLANG rows),PASS,canonical_json_artifacts=1
STAGEDAT_OLANG,LANG_V_THEATER020.OLANG,work/luna_translation_templates/sol_translation_mappings/STAGEDAT_OLANG/LANG_V_THEATER020.OLANG.json,translations/stagedat_olang/LANG_V_THEATER020.OLANG.csv,true,true,16,16,16,16,0,0,0,JSON_CANONICAL_CSV_GENERATED,tools/Compile-ProductionTranslations.py::main/compile_files/build_manifest,tools/Build-JpnStageDatOlangFromManifest.py::read_manifest/translated_texts,build/translation/compiled_translation_manifest.csv (STAGEDAT_OLANG rows),PASS,canonical_json_artifacts=1
STAGEDAT_OLANG,LANG_WALKMAN.OLANG,work/luna_translation_templates/sol_translation_mappings/STAGEDAT_OLANG/LANG_WALKMAN.OLANG.json,translations/stagedat_olang/LANG_WALKMAN.OLANG.csv,true,true,9,9,9,9,0,0,0,JSON_CANONICAL_CSV_GENERATED,tools/Compile-ProductionTranslations.py::main/compile_files/build_manifest,tools/Build-JpnStageDatOlangFromManifest.py::read_manifest/translated_texts,build/translation/compiled_translation_manifest.csv (STAGEDAT_OLANG rows),PASS,canonical_json_artifacts=1
STAGEDAT_OLANG,LANG_WEAPON_SHORT_NAME.OLANG,work/luna_translation_templates/sol_translation_mappings/STAGEDAT_OLANG/LANG_WEAPON_SHORT_NAME.OLANG.json,translations/stagedat_olang/LANG_WEAPON_SHORT_NAME.OLANG.csv,true,true,136,136,136,136,0,0,0,JSON_CANONICAL_CSV_GENERATED,tools/Compile-ProductionTranslations.py::main/compile_files/build_manifest,tools/Build-JpnStageDatOlangFromManifest.py::read_manifest/translated_texts,build/translation/compiled_translation_manifest.csv (STAGEDAT_OLANG rows),PASS,canonical_json_artifacts=1
STAGEDAT_OLANG,LANG_WEAPON_TEXT.OLANG,work/luna_translation_templates/sol_translation_mappings/STAGEDAT_OLANG/LANG_WEAPON_TEXT.OLANG.manifest.json,translations/stagedat_olang/LANG_WEAPON_TEXT.OLANG.csv,true,true,388,388,388,388,0,0,0,JSON_CANONICAL_CSV_GENERATED,tools/Compile-ProductionTranslations.py::main/compile_files/build_manifest,tools/Build-JpnStageDatOlangFromManifest.py::read_manifest/translated_texts,build/translation/compiled_translation_manifest.csv (STAGEDAT_OLANG rows),PASS,canonical_json_artifacts=9; explicit manifest canonical
OHD,1E4C1146,work/luna_translation_templates/sol_translation_mappings/OHD/1E4C1146.manifest.json,translations/ohd/1E4C1146.csv,true,true,226,226,226,226,0,0,0,JSON_CANONICAL_CSV_GENERATED,tools/Compile-ProductionTranslations.py::main/compile_files/build_manifest,tools/Build-JpnOhdRoundTrip.py::read_translation,translations/ohd/1E4C1146.csv,PASS,canonical_json_artifacts=5; explicit manifest canonical
YPK_GTT,1C0FB26B,work/luna_translation_templates/sol_translation_mappings/YPK_GTT/1C0FB26B.manifest.json,translations/ypk_gtt/1C0FB26B.csv,true,true,268,268,268,268,0,0,0,JSON_CANONICAL_CSV_GENERATED,tools/Compile-ProductionTranslations.py::main/compile_files/build_manifest,tools/Build-JpnAllYpkGttRoundTrip.py::read_translation,translations/ypk_gtt/*.csv,PASS,canonical_json_artifacts=5; explicit manifest canonical
YPK_GTT,1C677327,work/luna_translation_templates/sol_translation_mappings/YPK_GTT/1C677327.json,translations/ypk_gtt/1C677327.csv,true,true,100,100,100,100,0,0,0,JSON_CANONICAL_CSV_GENERATED,tools/Compile-ProductionTranslations.py::main/compile_files/build_manifest,tools/Build-JpnAllYpkGttRoundTrip.py::read_translation,translations/ypk_gtt/*.csv,PASS,canonical_json_artifacts=1
YPK_GTT,1C7679A5,work/luna_translation_templates/sol_translation_mappings/YPK_GTT/1C7679A5.manifest.json,translations/ypk_gtt/1C7679A5.csv,true,true,346,346,346,346,0,0,0,JSON_CANONICAL_CSV_GENERATED,tools/Compile-ProductionTranslations.py::main/compile_files/build_manifest,tools/Build-JpnAllYpkGttRoundTrip.py::read_translation,translations/ypk_gtt/*.csv,PASS,canonical_json_artifacts=7; explicit manifest canonical
YPK_GTT,1C79F2AD,work/luna_translation_templates/sol_translation_mappings/YPK_GTT/1C79F2AD.json,translations/ypk_gtt/1C79F2AD.csv,true,true,110,110,110,110,0,0,0,JSON_CANONICAL_CSV_GENERATED,tools/Compile-ProductionTranslations.py::main/compile_files/build_manifest,tools/Build-JpnAllYpkGttRoundTrip.py::read_translation,translations/ypk_gtt/*.csv,PASS,canonical_json_artifacts=1
YPK_GTT,1C79F2ED,work/luna_translation_templates/sol_translation_mappings/YPK_GTT/1C79F2ED.json,translations/ypk_gtt/1C79F2ED.csv,true,true,39,39,39,39,0,0,0,JSON_CANONICAL_CSV_GENERATED,tools/Compile-ProductionTranslations.py::main/compile_files/build_manifest,tools/Build-JpnAllYpkGttRoundTrip.py::read_translation,translations/ypk_gtt/*.csv,PASS,canonical JSON generated from audited template_csv representation; template CSV retained as NONCANONICAL legacy/reference; 7 legacy shifted rows mechanically preserved where applicable
YPK_GTT,1C79F36D,work/luna_translation_templates/sol_translation_mappings/YPK_GTT/1C79F36D.json,translations/ypk_gtt/1C79F36D.csv,true,true,22,22,22,22,0,0,0,JSON_CANONICAL_CSV_GENERATED,tools/Compile-ProductionTranslations.py::main/compile_files/build_manifest,tools/Build-JpnAllYpkGttRoundTrip.py::read_translation,translations/ypk_gtt/*.csv,PASS,canonical JSON generated from audited template_csv representation; template CSV retained as NONCANONICAL legacy/reference; 7 legacy shifted rows mechanically preserved where applicable
YPK_GTT,1C79F3AD,work/luna_translation_templates/sol_translation_mappings/YPK_GTT/1C79F3AD.json,translations/ypk_gtt/1C79F3AD.csv,true,true,8,8,8,8,0,0,0,JSON_CANONICAL_CSV_GENERATED,tools/Compile-ProductionTranslations.py::main/compile_files/build_manifest,tools/Build-JpnAllYpkGttRoundTrip.py::read_translation,translations/ypk_gtt/*.csv,PASS,canonical JSON generated from audited template_csv representation; template CSV retained as NONCANONICAL legacy/reference; 7 legacy shifted rows mechanically preserved where applicable
YPK_GTT,1C79F3ED,work/luna_translation_templates/sol_translation_mappings/YPK_GTT/1C79F3ED.json,translations/ypk_gtt/1C79F3ED.csv,true,true,46,46,46,46,0,0,0,JSON_CANONICAL_CSV_GENERATED,tools/Compile-ProductionTranslations.py::main/compile_files/build_manifest,tools/Build-JpnAllYpkGttRoundTrip.py::read_translation,translations/ypk_gtt/*.csv,PASS,canonical JSON generated from audited template_csv representation; template CSV retained as NONCANONICAL legacy/reference; 7 legacy shifted rows mechanically preserved where applicable
YPK_GTT,1C79F42D,work/luna_translation_templates/sol_translation_mappings/YPK_GTT/1C79F42D.json,translations/ypk_gtt/1C79F42D.csv,true,true,80,80,80,80,0,0,0,JSON_CANONICAL_CSV_GENERATED,tools/Compile-ProductionTranslations.py::main/compile_files/build_manifest,tools/Build-JpnAllYpkGttRoundTrip.py::read_translation,translations/ypk_gtt/*.csv,PASS,canonical_json_artifacts=1
YPK_GTT,1C79F46D,work/luna_translation_templates/sol_translation_mappings/YPK_GTT/1C79F46D.json,translations/ypk_gtt/1C79F46D.csv,true,true,93,93,93,93,0,0,0,JSON_CANONICAL_CSV_GENERATED,tools/Compile-ProductionTranslations.py::main/compile_files/build_manifest,tools/Build-JpnAllYpkGttRoundTrip.py::read_translation,translations/ypk_gtt/*.csv,PASS,canonical_json_artifacts=1
YPK_GTT,1C7A72AD,work/luna_translation_templates/sol_translation_mappings/YPK_GTT/1C7A72AD.json,translations/ypk_gtt/1C7A72AD.csv,true,true,35,35,35,35,0,0,0,JSON_CANONICAL_CSV_GENERATED,tools/Compile-ProductionTranslations.py::main/compile_files/build_manifest,tools/Build-JpnAllYpkGttRoundTrip.py::read_translation,translations/ypk_gtt/*.csv,PASS,canonical_json_artifacts=1
YPK_GTT,1C7A72ED,work/luna_translation_templates/sol_translation_mappings/YPK_GTT/1C7A72ED.json,translations/ypk_gtt/1C7A72ED.csv,true,true,115,115,115,115,0,0,0,JSON_CANONICAL_CSV_GENERATED,tools/Compile-ProductionTranslations.py::main/compile_files/build_manifest,tools/Build-JpnAllYpkGttRoundTrip.py::read_translation,translations/ypk_gtt/*.csv,PASS,canonical_json_artifacts=1
YPK_GTT,1C7A736D,work/luna_translation_templates/sol_translation_mappings/YPK_GTT/1C7A736D.json,translations/ypk_gtt/1C7A736D.csv,true,true,93,93,93,93,0,0,0,JSON_CANONICAL_CSV_GENERATED,tools/Compile-ProductionTranslations.py::main/compile_files/build_manifest,tools/Build-JpnAllYpkGttRoundTrip.py::read_translation,translations/ypk_gtt/*.csv,PASS,canonical_json_artifacts=1
YPK_GTT,1C7A73AD,work/luna_translation_templates/sol_translation_mappings/YPK_GTT/1C7A73AD.json,translations/ypk_gtt/1C7A73AD.csv,true,true,21,21,21,21,0,0,0,JSON_CANONICAL_CSV_GENERATED,tools/Compile-ProductionTranslations.py::main/compile_files/build_manifest,tools/Build-JpnAllYpkGttRoundTrip.py::read_translation,translations/ypk_gtt/*.csv,PASS,canonical JSON generated from audited template_csv representation; template CSV retained as NONCANONICAL legacy/reference; 7 legacy shifted rows mechanically preserved where applicable
YPK_GTT,1C7A73ED,work/luna_translation_templates/sol_translation_mappings/YPK_GTT/1C7A73ED.json,translations/ypk_gtt/1C7A73ED.csv,true,true,79,79,79,79,0,0,0,JSON_CANONICAL_CSV_GENERATED,tools/Compile-ProductionTranslations.py::main/compile_files/build_manifest,tools/Build-JpnAllYpkGttRoundTrip.py::read_translation,translations/ypk_gtt/*.csv,PASS,canonical_json_artifacts=1
YPK_GTT,1C7AF2AD,work/luna_translation_templates/sol_translation_mappings/YPK_GTT/1C7AF2AD.json,translations/ypk_gtt/1C7AF2AD.csv,true,true,11,11,11,11,0,0,0,JSON_CANONICAL_CSV_GENERATED,tools/Compile-ProductionTranslations.py::main/compile_files/build_manifest,tools/Build-JpnAllYpkGttRoundTrip.py::read_translation,translations/ypk_gtt/*.csv,PASS,canonical JSON generated from audited template_csv representation; template CSV retained as NONCANONICAL legacy/reference; 7 legacy shifted rows mechanically preserved where applicable
YPK_GTT,1C7AF2ED,work/luna_translation_templates/sol_translation_mappings/YPK_GTT/1C7AF2ED.json,translations/ypk_gtt/1C7AF2ED.csv,true,true,13,13,13,13,0,0,0,JSON_CANONICAL_CSV_GENERATED,tools/Compile-ProductionTranslations.py::main/compile_files/build_manifest,tools/Build-JpnAllYpkGttRoundTrip.py::read_translation,translations/ypk_gtt/*.csv,PASS,canonical JSON generated from audited template_csv representation; template CSV retained as NONCANONICAL legacy/reference; 7 legacy shifted rows mechanically preserved where applicable
YPK_GTT,1C7AF36D,work/luna_translation_templates/sol_translation_mappings/YPK_GTT/1C7AF36D.json,translations/ypk_gtt/1C7AF36D.csv,true,true,30,30,30,30,0,0,0,JSON_CANONICAL_CSV_GENERATED,tools/Compile-ProductionTranslations.py::main/compile_files/build_manifest,tools/Build-JpnAllYpkGttRoundTrip.py::read_translation,translations/ypk_gtt/*.csv,PASS,canonical_json_artifacts=1
YPK_GTT,1C7AF3AD,work/luna_translation_templates/sol_translation_mappings/YPK_GTT/1C7AF3AD.json,translations/ypk_gtt/1C7AF3AD.csv,true,true,20,20,20,20,0,0,0,JSON_CANONICAL_CSV_GENERATED,tools/Compile-ProductionTranslations.py::main/compile_files/build_manifest,tools/Build-JpnAllYpkGttRoundTrip.py::read_translation,translations/ypk_gtt/*.csv,PASS,canonical JSON generated from audited template_csv representation; template CSV retained as NONCANONICAL legacy/reference; 7 legacy shifted rows mechanically preserved where applicable
YPK_GTT,1C7B72AD,work/luna_translation_templates/sol_translation_mappings/YPK_GTT/1C7B72AD.json,translations/ypk_gtt/1C7B72AD.csv,true,true,29,29,29,29,0,0,0,JSON_CANONICAL_CSV_GENERATED,tools/Compile-ProductionTranslations.py::main/compile_files/build_manifest,tools/Build-JpnAllYpkGttRoundTrip.py::read_translation,translations/ypk_gtt/*.csv,PASS,canonical JSON generated from audited template_csv representation; template CSV retained as NONCANONICAL legacy/reference; 7 legacy shifted rows mechanically preserved where applicable
YPK_GTT,1C7B72ED,work/luna_translation_templates/sol_translation_mappings/YPK_GTT/1C7B72ED.json,translations/ypk_gtt/1C7B72ED.csv,true,true,38,38,38,38,0,0,0,JSON_CANONICAL_CSV_GENERATED,tools/Compile-ProductionTranslations.py::main/compile_files/build_manifest,tools/Build-JpnAllYpkGttRoundTrip.py::read_translation,translations/ypk_gtt/*.csv,PASS,canonical JSON generated from audited template_csv representation; template CSV retained as NONCANONICAL legacy/reference; 7 legacy shifted rows mechanically preserved where applicable
YPK_GTT,1C7B736D,work/luna_translation_templates/sol_translation_mappings/YPK_GTT/1C7B736D.json,translations/ypk_gtt/1C7B736D.csv,true,true,8,8,8,8,0,0,0,JSON_CANONICAL_CSV_GENERATED,tools/Compile-ProductionTranslations.py::main/compile_files/build_manifest,tools/Build-JpnAllYpkGttRoundTrip.py::read_translation,translations/ypk_gtt/*.csv,PASS,canonical JSON generated from audited template_csv representation; template CSV retained as NONCANONICAL legacy/reference; 7 legacy shifted rows mechanically preserved where applicable
YPK_GTT,1C7B73AD,work/luna_translation_templates/sol_translation_mappings/YPK_GTT/1C7B73AD.json,translations/ypk_gtt/1C7B73AD.csv,true,true,17,17,17,17,0,0,0,JSON_CANONICAL_CSV_GENERATED,tools/Compile-ProductionTranslations.py::main/compile_files/build_manifest,tools/Build-JpnAllYpkGttRoundTrip.py::read_translation,translations/ypk_gtt/*.csv,PASS,canonical JSON generated from audited template_csv representation; template CSV retained as NONCANONICAL legacy/reference; 7 legacy shifted rows mechanically preserved where applicable
YPK_GTT,1C7BF2AD,work/luna_translation_templates/sol_translation_mappings/YPK_GTT/1C7BF2AD.json,translations/ypk_gtt/1C7BF2AD.csv,true,true,20,20,20,20,0,0,0,JSON_CANONICAL_CSV_GENERATED,tools/Compile-ProductionTranslations.py::main/compile_files/build_manifest,tools/Build-JpnAllYpkGttRoundTrip.py::read_translation,translations/ypk_gtt/*.csv,PASS,canonical JSON generated from audited template_csv representation; template CSV retained as NONCANONICAL legacy/reference; 7 legacy shifted rows mechanically preserved where applicable
YPK_GTT,1C7BF2ED,work/luna_translation_templates/sol_translation_mappings/YPK_GTT/1C7BF2ED.json,translations/ypk_gtt/1C7BF2ED.csv,true,true,36,36,36,36,0,0,0,JSON_CANONICAL_CSV_GENERATED,tools/Compile-ProductionTranslations.py::main/compile_files/build_manifest,tools/Build-JpnAllYpkGttRoundTrip.py::read_translation,translations/ypk_gtt/*.csv,PASS,canonical JSON generated from audited template_csv representation; template CSV retained as NONCANONICAL legacy/reference; 7 legacy shifted rows mechanically preserved where applicable
YPK_GTT,1C7BF32D,work/luna_translation_templates/sol_translation_mappings/YPK_GTT/1C7BF32D.json,translations/ypk_gtt/1C7BF32D.csv,true,true,54,54,54,54,0,0,0,JSON_CANONICAL_CSV_GENERATED,tools/Compile-ProductionTranslations.py::main/compile_files/build_manifest,tools/Build-JpnAllYpkGttRoundTrip.py::read_translation,translations/ypk_gtt/*.csv,PASS,canonical_json_artifacts=1
YPK_GTT,1C7BF36D,work/luna_translation_templates/sol_translation_mappings/YPK_GTT/1C7BF36D.json,translations/ypk_gtt/1C7BF36D.csv,true,true,17,17,17,17,0,0,0,JSON_CANONICAL_CSV_GENERATED,tools/Compile-ProductionTranslations.py::main/compile_files/build_manifest,tools/Build-JpnAllYpkGttRoundTrip.py::read_translation,translations/ypk_gtt/*.csv,PASS,canonical JSON generated from audited template_csv representation; template CSV retained as NONCANONICAL legacy/reference; 7 legacy shifted rows mechanically preserved where applicable
YPK_GTT,1C7BF3AD,work/luna_translation_templates/sol_translation_mappings/YPK_GTT/1C7BF3AD.json,translations/ypk_gtt/1C7BF3AD.csv,true,true,51,51,51,51,0,0,0,JSON_CANONICAL_CSV_GENERATED,tools/Compile-ProductionTranslations.py::main/compile_files/build_manifest,tools/Build-JpnAllYpkGttRoundTrip.py::read_translation,translations/ypk_gtt/*.csv,PASS,canonical_json_artifacts=1
YPK_GTT,1C7C72AD,work/luna_translation_templates/sol_translation_mappings/YPK_GTT/1C7C72AD.json,translations/ypk_gtt/1C7C72AD.csv,true,true,19,19,19,19,0,0,0,JSON_CANONICAL_CSV_GENERATED,tools/Compile-ProductionTranslations.py::main/compile_files/build_manifest,tools/Build-JpnAllYpkGttRoundTrip.py::read_translation,translations/ypk_gtt/*.csv,PASS,canonical JSON generated from audited template_csv representation; template CSV retained as NONCANONICAL legacy/reference; 7 legacy shifted rows mechanically preserved where applicable
YPK_GTT,1C7C72ED,work/luna_translation_templates/sol_translation_mappings/YPK_GTT/1C7C72ED.json,translations/ypk_gtt/1C7C72ED.csv,true,true,47,47,47,47,0,0,0,JSON_CANONICAL_CSV_GENERATED,tools/Compile-ProductionTranslations.py::main/compile_files/build_manifest,tools/Build-JpnAllYpkGttRoundTrip.py::read_translation,translations/ypk_gtt/*.csv,PASS,canonical_json_artifacts=1
YPK_GTT,1C7C736D,work/luna_translation_templates/sol_translation_mappings/YPK_GTT/1C7C736D.json,translations/ypk_gtt/1C7C736D.csv,true,true,35,35,35,35,0,0,0,JSON_CANONICAL_CSV_GENERATED,tools/Compile-ProductionTranslations.py::main/compile_files/build_manifest,tools/Build-JpnAllYpkGttRoundTrip.py::read_translation,translations/ypk_gtt/*.csv,PASS,canonical JSON generated from audited template_csv representation; template CSV retained as NONCANONICAL legacy/reference; 7 legacy shifted rows mechanically preserved where applicable
YPK_GTT,1C7C73AD,work/luna_translation_templates/sol_translation_mappings/YPK_GTT/1C7C73AD.json,translations/ypk_gtt/1C7C73AD.csv,true,true,25,25,25,25,0,0,0,JSON_CANONICAL_CSV_GENERATED,tools/Compile-ProductionTranslations.py::main/compile_files/build_manifest,tools/Build-JpnAllYpkGttRoundTrip.py::read_translation,translations/ypk_gtt/*.csv,PASS,canonical JSON generated from audited template_csv representation; template CSV retained as NONCANONICAL legacy/reference; 7 legacy shifted rows mechanically preserved where applicable
YPK_GTT,1C7CF2AD,work/luna_translation_templates/sol_translation_mappings/YPK_GTT/1C7CF2AD.json,translations/ypk_gtt/1C7CF2AD.csv,true,true,3,3,3,3,0,0,0,JSON_CANONICAL_CSV_GENERATED,tools/Compile-ProductionTranslations.py::main/compile_files/build_manifest,tools/Build-JpnAllYpkGttRoundTrip.py::read_translation,translations/ypk_gtt/*.csv,PASS,canonical JSON generated from audited template_csv representation; template CSV retained as NONCANONICAL legacy/reference; 7 legacy shifted rows mechanically preserved where applicable
YPK_GTT,1C7CF2ED,work/luna_translation_templates/sol_translation_mappings/YPK_GTT/1C7CF2ED.json,translations/ypk_gtt/1C7CF2ED.csv,true,true,33,33,33,33,0,0,0,JSON_CANONICAL_CSV_GENERATED,tools/Compile-ProductionTranslations.py::main/compile_files/build_manifest,tools/Build-JpnAllYpkGttRoundTrip.py::read_translation,translations/ypk_gtt/*.csv,PASS,canonical JSON generated from audited template_csv representation; template CSV retained as NONCANONICAL legacy/reference; 7 legacy shifted rows mechanically preserved where applicable
YPK_GTT,1C7CF3AD,work/luna_translation_templates/sol_translation_mappings/YPK_GTT/1C7CF3AD.json,translations/ypk_gtt/1C7CF3AD.csv,true,true,31,31,31,31,0,0,0,JSON_CANONICAL_CSV_GENERATED,tools/Compile-ProductionTranslations.py::main/compile_files/build_manifest,tools/Build-JpnAllYpkGttRoundTrip.py::read_translation,translations/ypk_gtt/*.csv,PASS,canonical JSON generated from audited template_csv representation; template CSV retained as NONCANONICAL legacy/reference; 7 legacy shifted rows mechanically preserved where applicable
YPK_GTT,1CC276E9,work/luna_translation_templates/sol_translation_mappings/YPK_GTT/1CC276E9.json,translations/ypk_gtt/1CC276E9.csv,true,true,88,88,88,88,0,0,0,JSON_CANONICAL_CSV_GENERATED,tools/Compile-ProductionTranslations.py::main/compile_files/build_manifest,tools/Build-JpnAllYpkGttRoundTrip.py::read_translation,translations/ypk_gtt/*.csv,PASS,canonical_json_artifacts=1
BRIEFING_NBE,BRIEFING_FILES_BLOCK_000000,work/luna_translation_templates/sol_translation_mappings/BRIEFING/BRIEFING_FILES_BLOCK_000000.json,translations/briefing/BRIEFING_FILES_BLOCK_000000.csv,true,true,13,13,13,13,0,0,0,JSON_CANONICAL_CSV_GENERATED,tools/Compile-BriefingProductionTranslations.mjs::main,tools/Build-BriefingDat.py::load_production,translations/briefing/*.csv (+ reference_masters/jpn_briefing_master.csv structural check),PASS,canonical_json_artifacts=1
BRIEFING_NBE,BRIEFING_FILES_BLOCK_000790,work/luna_translation_templates/sol_translation_mappings/BRIEFING/BRIEFING_FILES_BLOCK_000790.json,translations/briefing/BRIEFING_FILES_BLOCK_000790.csv,true,true,5,5,5,5,0,0,0,JSON_CANONICAL_CSV_GENERATED,tools/Compile-BriefingProductionTranslations.mjs::main,tools/Build-BriefingDat.py::load_production,translations/briefing/*.csv (+ reference_masters/jpn_briefing_master.csv structural check),PASS,canonical_json_artifacts=1
BRIEFING_NBE,BRIEFING_FILES_BLOCK_000A80,work/luna_translation_templates/sol_translation_mappings/BRIEFING/BRIEFING_FILES_BLOCK_000A80.json,translations/briefing/BRIEFING_FILES_BLOCK_000A80.csv,true,true,7,7,7,7,0,0,0,JSON_CANONICAL_CSV_GENERATED,tools/Compile-BriefingProductionTranslations.mjs::main,tools/Build-BriefingDat.py::load_production,translations/briefing/*.csv (+ reference_masters/jpn_briefing_master.csv structural check),PASS,canonical_json_artifacts=1
BRIEFING_NBE,BRIEFING_FILES_BLOCK_000D00,work/luna_translation_templates/sol_translation_mappings/BRIEFING/BRIEFING_FILES_BLOCK_000D00.json,translations/briefing/BRIEFING_FILES_BLOCK_000D00.csv,true,true,19,19,19,19,0,0,0,JSON_CANONICAL_CSV_GENERATED,tools/Compile-BriefingProductionTranslations.mjs::main,tools/Build-BriefingDat.py::load_production,translations/briefing/*.csv (+ reference_masters/jpn_briefing_master.csv structural check),PASS,canonical_json_artifacts=1
BRIEFING_NBE,BRIEFING_FILES_BLOCK_001700,work/luna_translation_templates/sol_translation_mappings/BRIEFING/BRIEFING_FILES_BLOCK_001700.json,translations/briefing/BRIEFING_FILES_BLOCK_001700.csv,true,true,9,9,9,9,0,0,0,JSON_CANONICAL_CSV_GENERATED,tools/Compile-BriefingProductionTranslations.mjs::main,tools/Build-BriefingDat.py::load_production,translations/briefing/*.csv (+ reference_masters/jpn_briefing_master.csv structural check),PASS,canonical_json_artifacts=1
BRIEFING_NBE,BRIEFING_FILES_BLOCK_001B50,work/luna_translation_templates/sol_translation_mappings/BRIEFING/BRIEFING_FILES_BLOCK_001B50.json,translations/briefing/BRIEFING_FILES_BLOCK_001B50.csv,true,true,11,11,11,11,0,0,0,JSON_CANONICAL_CSV_GENERATED,tools/Compile-BriefingProductionTranslations.mjs::main,tools/Build-BriefingDat.py::load_production,translations/briefing/*.csv (+ reference_masters/jpn_briefing_master.csv structural check),PASS,canonical_json_artifacts=1
BRIEFING_NBE,BRIEFING_FILES_BLOCK_0020A0,work/luna_translation_templates/sol_translation_mappings/BRIEFING/BRIEFING_FILES_BLOCK_0020A0.json,translations/briefing/BRIEFING_FILES_BLOCK_0020A0.csv,true,true,10,10,10,10,0,0,0,JSON_CANONICAL_CSV_GENERATED,tools/Compile-BriefingProductionTranslations.mjs::main,tools/Build-BriefingDat.py::load_production,translations/briefing/*.csv (+ reference_masters/jpn_briefing_master.csv structural check),PASS,canonical_json_artifacts=1
BRIEFING_NBE,BRIEFING_FILES_BLOCK_0025F0,work/luna_translation_templates/sol_translation_mappings/BRIEFING/BRIEFING_FILES_BLOCK_0025F0.json,translations/briefing/BRIEFING_FILES_BLOCK_0025F0.csv,true,true,12,12,12,12,0,0,0,JSON_CANONICAL_CSV_GENERATED,tools/Compile-BriefingProductionTranslations.mjs::main,tools/Build-BriefingDat.py::load_production,translations/briefing/*.csv (+ reference_masters/jpn_briefing_master.csv structural check),PASS,canonical_json_artifacts=1
BRIEFING_NBE,BRIEFING_FILES_BLOCK_002C10,work/luna_translation_templates/sol_translation_mappings/BRIEFING/BRIEFING_FILES_BLOCK_002C10.json,translations/briefing/BRIEFING_FILES_BLOCK_002C10.csv,true,true,6,6,6,6,0,0,0,JSON_CANONICAL_CSV_GENERATED,tools/Compile-BriefingProductionTranslations.mjs::main,tools/Build-BriefingDat.py::load_production,translations/briefing/*.csv (+ reference_masters/jpn_briefing_master.csv structural check),PASS,canonical_json_artifacts=1
BRIEFING_NBE,BRIEFING_FILES_BLOCK_002EF0,work/luna_translation_templates/sol_translation_mappings/BRIEFING/BRIEFING_FILES_BLOCK_002EF0.json,translations/briefing/BRIEFING_FILES_BLOCK_002EF0.csv,true,true,3,3,3,3,0,0,0,JSON_CANONICAL_CSV_GENERATED,tools/Compile-BriefingProductionTranslations.mjs::main,tools/Build-BriefingDat.py::load_production,translations/briefing/*.csv (+ reference_masters/jpn_briefing_master.csv structural check),PASS,canonical_json_artifacts=1
BRIEFING_NBE,BRIEFING_FILES_BLOCK_0030E0,work/luna_translation_templates/sol_translation_mappings/BRIEFING/BRIEFING_FILES_BLOCK_0030E0.json,translations/briefing/BRIEFING_FILES_BLOCK_0030E0.csv,true,true,5,5,5,5,0,0,0,JSON_CANONICAL_CSV_GENERATED,tools/Compile-BriefingProductionTranslations.mjs::main,tools/Build-BriefingDat.py::load_production,translations/briefing/*.csv (+ reference_masters/jpn_briefing_master.csv structural check),PASS,canonical_json_artifacts=1
BRIEFING_NBE,BRIEFING_FILES_BLOCK_0033A0,work/luna_translation_templates/sol_translation_mappings/BRIEFING/BRIEFING_FILES_BLOCK_0033A0.json,translations/briefing/BRIEFING_FILES_BLOCK_0033A0.csv,true,true,13,13,13,13,0,0,0,JSON_CANONICAL_CSV_GENERATED,tools/Compile-BriefingProductionTranslations.mjs::main,tools/Build-BriefingDat.py::load_production,translations/briefing/*.csv (+ reference_masters/jpn_briefing_master.csv structural check),PASS,canonical_json_artifacts=1
BRIEFING_NBE,BRIEFING_FILES_BLOCK_003960,work/luna_translation_templates/sol_translation_mappings/BRIEFING/BRIEFING_FILES_BLOCK_003960.json,translations/briefing/BRIEFING_FILES_BLOCK_003960.csv,true,true,12,12,12,12,0,0,0,JSON_CANONICAL_CSV_GENERATED,tools/Compile-BriefingProductionTranslations.mjs::main,tools/Build-BriefingDat.py::load_production,translations/briefing/*.csv (+ reference_masters/jpn_briefing_master.csv structural check),PASS,canonical_json_artifacts=1
BRIEFING_NBE,BRIEFING_FILES_BLOCK_003FD0,work/luna_translation_templates/sol_translation_mappings/BRIEFING/BRIEFING_FILES_BLOCK_003FD0.json,translations/briefing/BRIEFING_FILES_BLOCK_003FD0.csv,true,true,11,11,11,11,0,0,0,JSON_CANONICAL_CSV_GENERATED,tools/Compile-BriefingProductionTranslations.mjs::main,tools/Build-BriefingDat.py::load_production,translations/briefing/*.csv (+ reference_masters/jpn_briefing_master.csv structural check),PASS,canonical_json_artifacts=1
BRIEFING_NBE,BRIEFING_FILES_BLOCK_004590,work/luna_translation_templates/sol_translation_mappings/BRIEFING/BRIEFING_FILES_BLOCK_004590.json,translations/briefing/BRIEFING_FILES_BLOCK_004590.csv,true,true,11,11,11,11,0,0,0,JSON_CANONICAL_CSV_GENERATED,tools/Compile-BriefingProductionTranslations.mjs::main,tools/Build-BriefingDat.py::load_production,translations/briefing/*.csv (+ reference_masters/jpn_briefing_master.csv structural check),PASS,canonical_json_artifacts=1
BRIEFING_NBE,BRIEFING_FILES_BLOCK_004A90,work/luna_translation_templates/sol_translation_mappings/BRIEFING/BRIEFING_FILES_BLOCK_004A90.json,translations/briefing/BRIEFING_FILES_BLOCK_004A90.csv,true,true,8,8,8,8,0,0,0,JSON_CANONICAL_CSV_GENERATED,tools/Compile-BriefingProductionTranslations.mjs::main,tools/Build-BriefingDat.py::load_production,translations/briefing/*.csv (+ reference_masters/jpn_briefing_master.csv structural check),PASS,canonical_json_artifacts=1
BRIEFING_NBE,BRIEFING_FILES_BLOCK_004F80,work/luna_translation_templates/sol_translation_mappings/BRIEFING/BRIEFING_FILES_BLOCK_004F80.json,translations/briefing/BRIEFING_FILES_BLOCK_004F80.csv,true,true,10,10,10,10,0,0,0,JSON_CANONICAL_CSV_GENERATED,tools/Compile-BriefingProductionTranslations.mjs::main,tools/Build-BriefingDat.py::load_production,translations/briefing/*.csv (+ reference_masters/jpn_briefing_master.csv structural check),PASS,canonical_json_artifacts=1
BRIEFING_NBE,BRIEFING_FILES_BLOCK_005520,work/luna_translation_templates/sol_translation_mappings/BRIEFING/BRIEFING_FILES_BLOCK_005520.json,translations/briefing/BRIEFING_FILES_BLOCK_005520.csv,true,true,12,12,12,12,0,0,0,JSON_CANONICAL_CSV_GENERATED,tools/Compile-BriefingProductionTranslations.mjs::main,tools/Build-BriefingDat.py::load_production,translations/briefing/*.csv (+ reference_masters/jpn_briefing_master.csv structural check),PASS,canonical_json_artifacts=1
BRIEFING_NBE,BRIEFING_FILES_BLOCK_005C00,work/luna_translation_templates/sol_translation_mappings/BRIEFING/BRIEFING_FILES_BLOCK_005C00.json,translations/briefing/BRIEFING_FILES_BLOCK_005C00.csv,true,true,14,14,14,14,0,0,0,JSON_CANONICAL_CSV_GENERATED,tools/Compile-BriefingProductionTranslations.mjs::main,tools/Build-BriefingDat.py::load_production,translations/briefing/*.csv (+ reference_masters/jpn_briefing_master.csv structural check),PASS,canonical_json_artifacts=1
BRIEFING_NBE,BRIEFING_FILES_BLOCK_006250,work/luna_translation_templates/sol_translation_mappings/BRIEFING/BRIEFING_FILES_BLOCK_006250.json,translations/briefing/BRIEFING_FILES_BLOCK_006250.csv,true,true,8,8,8,8,0,0,0,JSON_CANONICAL_CSV_GENERATED,tools/Compile-BriefingProductionTranslations.mjs::main,tools/Build-BriefingDat.py::load_production,translations/briefing/*.csv (+ reference_masters/jpn_briefing_master.csv structural check),PASS,canonical_json_artifacts=1
BRIEFING_NBE,BRIEFING_FILES_BLOCK_006660,work/luna_translation_templates/sol_translation_mappings/BRIEFING/BRIEFING_FILES_BLOCK_006660.json,translations/briefing/BRIEFING_FILES_BLOCK_006660.csv,true,true,13,13,13,13,0,0,0,JSON_CANONICAL_CSV_GENERATED,tools/Compile-BriefingProductionTranslations.mjs::main,tools/Build-BriefingDat.py::load_production,translations/briefing/*.csv (+ reference_masters/jpn_briefing_master.csv structural check),PASS,canonical_json_artifacts=1
BRIEFING_NBE,BRIEFING_FILES_BLOCK_006CF0,work/luna_translation_templates/sol_translation_mappings/BRIEFING/BRIEFING_FILES_BLOCK_006CF0.json,translations/briefing/BRIEFING_FILES_BLOCK_006CF0.csv,true,true,22,22,22,22,0,0,0,JSON_CANONICAL_CSV_GENERATED,tools/Compile-BriefingProductionTranslations.mjs::main,tools/Build-BriefingDat.py::load_production,translations/briefing/*.csv (+ reference_masters/jpn_briefing_master.csv structural check),PASS,canonical_json_artifacts=1
BRIEFING_NBE,BRIEFING_FILES_BLOCK_0075D0,work/luna_translation_templates/sol_translation_mappings/BRIEFING/BRIEFING_FILES_BLOCK_0075D0.json,translations/briefing/BRIEFING_FILES_BLOCK_0075D0.csv,true,true,16,16,16,16,0,0,0,JSON_CANONICAL_CSV_GENERATED,tools/Compile-BriefingProductionTranslations.mjs::main,tools/Build-BriefingDat.py::load_production,translations/briefing/*.csv (+ reference_masters/jpn_briefing_master.csv structural check),PASS,canonical_json_artifacts=1
BRIEFING_NBE,BRIEFING_FILES_BLOCK_007D60,work/luna_translation_templates/sol_translation_mappings/BRIEFING/BRIEFING_FILES_BLOCK_007D60.json,translations/briefing/BRIEFING_FILES_BLOCK_007D60.csv,true,true,14,14,14,14,0,0,0,JSON_CANONICAL_CSV_GENERATED,tools/Compile-BriefingProductionTranslations.mjs::main,tools/Build-BriefingDat.py::load_production,translations/briefing/*.csv (+ reference_masters/jpn_briefing_master.csv structural check),PASS,canonical_json_artifacts=1
BRIEFING_NBE,BRIEFING_FILES_BLOCK_0084F0,work/luna_translation_templates/sol_translation_mappings/BRIEFING/BRIEFING_FILES_BLOCK_0084F0.json,translations/briefing/BRIEFING_FILES_BLOCK_0084F0.csv,true,true,17,17,17,17,0,0,0,JSON_CANONICAL_CSV_GENERATED,tools/Compile-BriefingProductionTranslations.mjs::main,tools/Build-BriefingDat.py::load_production,translations/briefing/*.csv (+ reference_masters/jpn_briefing_master.csv structural check),PASS,canonical_json_artifacts=1
BRIEFING_NBE,BRIEFING_FILES_BLOCK_008C90,work/luna_translation_templates/sol_translation_mappings/BRIEFING/BRIEFING_FILES_BLOCK_008C90.json,translations/briefing/BRIEFING_FILES_BLOCK_008C90.csv,true,true,10,10,10,10,0,0,0,JSON_CANONICAL_CSV_GENERATED,tools/Compile-BriefingProductionTranslations.mjs::main,tools/Build-BriefingDat.py::load_production,translations/briefing/*.csv (+ reference_masters/jpn_briefing_master.csv structural check),PASS,canonical_json_artifacts=1
BRIEFING_NBE,BRIEFING_FILES_BLOCK_0091A0,work/luna_translation_templates/sol_translation_mappings/BRIEFING/BRIEFING_FILES_BLOCK_0091A0.json,translations/briefing/BRIEFING_FILES_BLOCK_0091A0.csv,true,true,12,12,12,12,0,0,0,JSON_CANONICAL_CSV_GENERATED,tools/Compile-BriefingProductionTranslations.mjs::main,tools/Build-BriefingDat.py::load_production,translations/briefing/*.csv (+ reference_masters/jpn_briefing_master.csv structural check),PASS,canonical_json_artifacts=1
BRIEFING_NBE,BRIEFING_FILES_BLOCK_0097E0,work/luna_translation_templates/sol_translation_mappings/BRIEFING/BRIEFING_FILES_BLOCK_0097E0.json,translations/briefing/BRIEFING_FILES_BLOCK_0097E0.csv,true,true,14,14,14,14,0,0,0,JSON_CANONICAL_CSV_GENERATED,tools/Compile-BriefingProductionTranslations.mjs::main,tools/Build-BriefingDat.py::load_production,translations/briefing/*.csv (+ reference_masters/jpn_briefing_master.csv structural check),PASS,canonical_json_artifacts=1
BRIEFING_NBE,BRIEFING_FILES_BLOCK_009DB0,work/luna_translation_templates/sol_translation_mappings/BRIEFING/BRIEFING_FILES_BLOCK_009DB0.json,translations/briefing/BRIEFING_FILES_BLOCK_009DB0.csv,true,true,6,6,6,6,0,0,0,JSON_CANONICAL_CSV_GENERATED,tools/Compile-BriefingProductionTranslations.mjs::main,tools/Build-BriefingDat.py::load_production,translations/briefing/*.csv (+ reference_masters/jpn_briefing_master.csv structural check),PASS,canonical_json_artifacts=1
BRIEFING_NBE,BRIEFING_FILES_BLOCK_00A080,work/luna_translation_templates/sol_translation_mappings/BRIEFING/BRIEFING_FILES_BLOCK_00A080.json,translations/briefing/BRIEFING_FILES_BLOCK_00A080.csv,true,true,16,16,16,16,0,0,0,JSON_CANONICAL_CSV_GENERATED,tools/Compile-BriefingProductionTranslations.mjs::main,tools/Build-BriefingDat.py::load_production,translations/briefing/*.csv (+ reference_masters/jpn_briefing_master.csv structural check),PASS,canonical_json_artifacts=1
BRIEFING_NBE,BRIEFING_FILES_BLOCK_00A8A0,work/luna_translation_templates/sol_translation_mappings/BRIEFING/BRIEFING_FILES_BLOCK_00A8A0.json,translations/briefing/BRIEFING_FILES_BLOCK_00A8A0.csv,true,true,15,15,15,15,0,0,0,JSON_CANONICAL_CSV_GENERATED,tools/Compile-BriefingProductionTranslations.mjs::main,tools/Build-BriefingDat.py::load_production,translations/briefing/*.csv (+ reference_masters/jpn_briefing_master.csv structural check),PASS,canonical_json_artifacts=1
BRIEFING_NBE,BRIEFING_FILES_BLOCK_00B0B0,work/luna_translation_templates/sol_translation_mappings/BRIEFING/BRIEFING_FILES_BLOCK_00B0B0.json,translations/briefing/BRIEFING_FILES_BLOCK_00B0B0.csv,true,true,18,18,18,18,0,0,0,JSON_CANONICAL_CSV_GENERATED,tools/Compile-BriefingProductionTranslations.mjs::main,tools/Build-BriefingDat.py::load_production,translations/briefing/*.csv (+ reference_masters/jpn_briefing_master.csv structural check),PASS,canonical_json_artifacts=1
BRIEFING_NBE,BRIEFING_FILES_BLOCK_00B9D0,work/luna_translation_templates/sol_translation_mappings/BRIEFING/BRIEFING_FILES_BLOCK_00B9D0.json,translations/briefing/BRIEFING_FILES_BLOCK_00B9D0.csv,true,true,13,13,13,13,0,0,0,JSON_CANONICAL_CSV_GENERATED,tools/Compile-BriefingProductionTranslations.mjs::main,tools/Build-BriefingDat.py::load_production,translations/briefing/*.csv (+ reference_masters/jpn_briefing_master.csv structural check),PASS,canonical_json_artifacts=1
BRIEFING_NBE,BRIEFING_FILES_BLOCK_00C0E0,work/luna_translation_templates/sol_translation_mappings/BRIEFING/BRIEFING_FILES_BLOCK_00C0E0.json,translations/briefing/BRIEFING_FILES_BLOCK_00C0E0.csv,true,true,7,7,7,7,0,0,0,JSON_CANONICAL_CSV_GENERATED,tools/Compile-BriefingProductionTranslations.mjs::main,tools/Build-BriefingDat.py::load_production,translations/briefing/*.csv (+ reference_masters/jpn_briefing_master.csv structural check),PASS,canonical_json_artifacts=1
BRIEFING_NBE,BRIEFING_FILES_BLOCK_00C420,work/luna_translation_templates/sol_translation_mappings/BRIEFING/BRIEFING_FILES_BLOCK_00C420.json,translations/briefing/BRIEFING_FILES_BLOCK_00C420.csv,true,true,19,19,19,19,0,0,0,JSON_CANONICAL_CSV_GENERATED,tools/Compile-BriefingProductionTranslations.mjs::main,tools/Build-BriefingDat.py::load_production,translations/briefing/*.csv (+ reference_masters/jpn_briefing_master.csv structural check),PASS,canonical_json_artifacts=1
BRIEFING_NBE,BRIEFING_FILES_BLOCK_00CDC0,work/luna_translation_templates/sol_translation_mappings/BRIEFING/BRIEFING_FILES_BLOCK_00CDC0.json,translations/briefing/BRIEFING_FILES_BLOCK_00CDC0.csv,true,true,14,14,14,14,0,0,0,JSON_CANONICAL_CSV_GENERATED,tools/Compile-BriefingProductionTranslations.mjs::main,tools/Build-BriefingDat.py::load_production,translations/briefing/*.csv (+ reference_masters/jpn_briefing_master.csv structural check),PASS,canonical_json_artifacts=1
BRIEFING_NBE,BRIEFING_FILES_BLOCK_00D430,work/luna_translation_templates/sol_translation_mappings/BRIEFING/BRIEFING_FILES_BLOCK_00D430.json,translations/briefing/BRIEFING_FILES_BLOCK_00D430.csv,true,true,8,8,8,8,0,0,0,JSON_CANONICAL_CSV_GENERATED,tools/Compile-BriefingProductionTranslations.mjs::main,tools/Build-BriefingDat.py::load_production,translations/briefing/*.csv (+ reference_masters/jpn_briefing_master.csv structural check),PASS,canonical_json_artifacts=1
BRIEFING_NBE,BRIEFING_FILES_BLOCK_00D8F0,work/luna_translation_templates/sol_translation_mappings/BRIEFING/BRIEFING_FILES_BLOCK_00D8F0.json,translations/briefing/BRIEFING_FILES_BLOCK_00D8F0.csv,true,true,9,9,9,9,0,0,0,JSON_CANONICAL_CSV_GENERATED,tools/Compile-BriefingProductionTranslations.mjs::main,tools/Build-BriefingDat.py::load_production,translations/briefing/*.csv (+ reference_masters/jpn_briefing_master.csv structural check),PASS,canonical_json_artifacts=1
BRIEFING_NBE,BRIEFING_FILES_BLOCK_00DDC0,work/luna_translation_templates/sol_translation_mappings/BRIEFING/BRIEFING_FILES_BLOCK_00DDC0.json,translations/briefing/BRIEFING_FILES_BLOCK_00DDC0.csv,true,true,17,17,17,17,0,0,0,JSON_CANONICAL_CSV_GENERATED,tools/Compile-BriefingProductionTranslations.mjs::main,tools/Build-BriefingDat.py::load_production,translations/briefing/*.csv (+ reference_masters/jpn_briefing_master.csv structural check),PASS,canonical_json_artifacts=1
BRIEFING_NBE,BRIEFING_FILES_BLOCK_00E530,work/luna_translation_templates/sol_translation_mappings/BRIEFING/BRIEFING_FILES_BLOCK_00E530.json,translations/briefing/BRIEFING_FILES_BLOCK_00E530.csv,true,true,10,10,10,10,0,0,0,JSON_CANONICAL_CSV_GENERATED,tools/Compile-BriefingProductionTranslations.mjs::main,tools/Build-BriefingDat.py::load_production,translations/briefing/*.csv (+ reference_masters/jpn_briefing_master.csv structural check),PASS,canonical_json_artifacts=1
BRIEFING_NBE,BRIEFING_FILES_BLOCK_00E980,work/luna_translation_templates/sol_translation_mappings/BRIEFING/BRIEFING_FILES_BLOCK_00E980.json,translations/briefing/BRIEFING_FILES_BLOCK_00E980.csv,true,true,69,69,69,69,0,0,0,JSON_CANONICAL_CSV_GENERATED,tools/Compile-BriefingProductionTranslations.mjs::main,tools/Build-BriefingDat.py::load_production,translations/briefing/*.csv (+ reference_masters/jpn_briefing_master.csv structural check),PASS,canonical_json_artifacts=1
BRIEFING_NBE,BRIEFING_FILES_BLOCK_010B70,work/luna_translation_templates/sol_translation_mappings/BRIEFING/BRIEFING_FILES_BLOCK_010B70.json,translations/briefing/BRIEFING_FILES_BLOCK_010B70.csv,true,true,30,30,30,30,0,0,0,JSON_CANONICAL_CSV_GENERATED,tools/Compile-BriefingProductionTranslations.mjs::main,tools/Build-BriefingDat.py::load_production,translations/briefing/*.csv (+ reference_masters/jpn_briefing_master.csv structural check),PASS,canonical_json_artifacts=1
BRIEFING_NBE,BRIEFING_FILES_BLOCK_011B40,work/luna_translation_templates/sol_translation_mappings/BRIEFING/BRIEFING_FILES_BLOCK_011B40.json,translations/briefing/BRIEFING_FILES_BLOCK_011B40.csv,true,true,6,6,6,6,0,0,0,JSON_CANONICAL_CSV_GENERATED,tools/Compile-BriefingProductionTranslations.mjs::main,tools/Build-BriefingDat.py::load_production,translations/briefing/*.csv (+ reference_masters/jpn_briefing_master.csv structural check),PASS,canonical_json_artifacts=1
BRIEFING_NBE,BRIEFING_FILES_BLOCK_011E60,work/luna_translation_templates/sol_translation_mappings/BRIEFING/BRIEFING_FILES_BLOCK_011E60.json,translations/briefing/BRIEFING_FILES_BLOCK_011E60.csv,true,true,10,10,10,10,0,0,0,JSON_CANONICAL_CSV_GENERATED,tools/Compile-BriefingProductionTranslations.mjs::main,tools/Build-BriefingDat.py::load_production,translations/briefing/*.csv (+ reference_masters/jpn_briefing_master.csv structural check),PASS,canonical_json_artifacts=1
BRIEFING_NBE,BRIEFING_FILES_BLOCK_0122A0,work/luna_translation_templates/sol_translation_mappings/BRIEFING/BRIEFING_FILES_BLOCK_0122A0.json,translations/briefing/BRIEFING_FILES_BLOCK_0122A0.csv,true,true,5,5,5,5,0,0,0,JSON_CANONICAL_CSV_GENERATED,tools/Compile-BriefingProductionTranslations.mjs::main,tools/Build-BriefingDat.py::load_production,translations/briefing/*.csv (+ reference_masters/jpn_briefing_master.csv structural check),PASS,canonical_json_artifacts=1
BRIEFING_NBE,BRIEFING_FILES_BLOCK_0125D0,work/luna_translation_templates/sol_translation_mappings/BRIEFING/BRIEFING_FILES_BLOCK_0125D0.json,translations/briefing/BRIEFING_FILES_BLOCK_0125D0.csv,true,true,5,5,5,5,0,0,0,JSON_CANONICAL_CSV_GENERATED,tools/Compile-BriefingProductionTranslations.mjs::main,tools/Build-BriefingDat.py::load_production,translations/briefing/*.csv (+ reference_masters/jpn_briefing_master.csv structural check),PASS,canonical_json_artifacts=1
BRIEFING_NBE,BRIEFING_FILES_BLOCK_012860,work/luna_translation_templates/sol_translation_mappings/BRIEFING/BRIEFING_FILES_BLOCK_012860.json,translations/briefing/BRIEFING_FILES_BLOCK_012860.csv,true,true,7,7,7,7,0,0,0,JSON_CANONICAL_CSV_GENERATED,tools/Compile-BriefingProductionTranslations.mjs::main,tools/Build-BriefingDat.py::load_production,translations/briefing/*.csv (+ reference_masters/jpn_briefing_master.csv structural check),PASS,canonical_json_artifacts=1
BRIEFING_NBE,BRIEFING_FILES_BLOCK_012CF0,work/luna_translation_templates/sol_translation_mappings/BRIEFING/BRIEFING_FILES_BLOCK_012CF0.json,translations/briefing/BRIEFING_FILES_BLOCK_012CF0.csv,true,true,1,1,1,1,0,0,0,JSON_CANONICAL_CSV_GENERATED,tools/Compile-BriefingProductionTranslations.mjs::main,tools/Build-BriefingDat.py::load_production,translations/briefing/*.csv (+ reference_masters/jpn_briefing_master.csv structural check),PASS,canonical_json_artifacts=1
BRIEFING_NBE,BRIEFING_FILES_BLOCK_012E10,work/luna_translation_templates/sol_translation_mappings/BRIEFING/BRIEFING_FILES_BLOCK_012E10.json,translations/briefing/BRIEFING_FILES_BLOCK_012E10.csv,true,true,5,5,5,5,0,0,0,JSON_CANONICAL_CSV_GENERATED,tools/Compile-BriefingProductionTranslations.mjs::main,tools/Build-BriefingDat.py::load_production,translations/briefing/*.csv (+ reference_masters/jpn_briefing_master.csv structural check),PASS,canonical_json_artifacts=1
BRIEFING_NBE,BRIEFING_FILES_BLOCK_013100,work/luna_translation_templates/sol_translation_mappings/BRIEFING/BRIEFING_FILES_BLOCK_013100.json,translations/briefing/BRIEFING_FILES_BLOCK_013100.csv,true,true,5,5,5,5,0,0,0,JSON_CANONICAL_CSV_GENERATED,tools/Compile-BriefingProductionTranslations.mjs::main,tools/Build-BriefingDat.py::load_production,translations/briefing/*.csv (+ reference_masters/jpn_briefing_master.csv structural check),PASS,canonical_json_artifacts=1
BRIEFING_NBE,BRIEFING_FILES_BLOCK_0133A0,work/luna_translation_templates/sol_translation_mappings/BRIEFING/BRIEFING_FILES_BLOCK_0133A0.json,translations/briefing/BRIEFING_FILES_BLOCK_0133A0.csv,true,true,4,4,4,4,0,0,0,JSON_CANONICAL_CSV_GENERATED,tools/Compile-BriefingProductionTranslations.mjs::main,tools/Build-BriefingDat.py::load_production,translations/briefing/*.csv (+ reference_masters/jpn_briefing_master.csv structural check),PASS,canonical_json_artifacts=1
BRIEFING_NBE,BRIEFING_FILES_BLOCK_013630,work/luna_translation_templates/sol_translation_mappings/BRIEFING/BRIEFING_FILES_BLOCK_013630.json,translations/briefing/BRIEFING_FILES_BLOCK_013630.csv,true,true,11,11,11,11,0,0,0,JSON_CANONICAL_CSV_GENERATED,tools/Compile-BriefingProductionTranslations.mjs::main,tools/Build-BriefingDat.py::load_production,translations/briefing/*.csv (+ reference_masters/jpn_briefing_master.csv structural check),PASS,canonical_json_artifacts=1
BRIEFING_NBE,BRIEFING_FILES_BLOCK_013B70,work/luna_translation_templates/sol_translation_mappings/BRIEFING/BRIEFING_FILES_BLOCK_013B70.json,translations/briefing/BRIEFING_FILES_BLOCK_013B70.csv,true,true,11,11,11,11,0,0,0,JSON_CANONICAL_CSV_GENERATED,tools/Compile-BriefingProductionTranslations.mjs::main,tools/Build-BriefingDat.py::load_production,translations/briefing/*.csv (+ reference_masters/jpn_briefing_master.csv structural check),PASS,canonical_json_artifacts=1
BRIEFING_NBE,BRIEFING_FILES_BLOCK_014170,work/luna_translation_templates/sol_translation_mappings/BRIEFING/BRIEFING_FILES_BLOCK_014170.json,translations/briefing/BRIEFING_FILES_BLOCK_014170.csv,true,true,8,8,8,8,0,0,0,JSON_CANONICAL_CSV_GENERATED,tools/Compile-BriefingProductionTranslations.mjs::main,tools/Build-BriefingDat.py::load_production,translations/briefing/*.csv (+ reference_masters/jpn_briefing_master.csv structural check),PASS,canonical_json_artifacts=1
BRIEFING_NBE,BRIEFING_FILES_BLOCK_014600,work/luna_translation_templates/sol_translation_mappings/BRIEFING/BRIEFING_FILES_BLOCK_014600.json,translations/briefing/BRIEFING_FILES_BLOCK_014600.csv,true,true,8,8,8,8,0,0,0,JSON_CANONICAL_CSV_GENERATED,tools/Compile-BriefingProductionTranslations.mjs::main,tools/Build-BriefingDat.py::load_production,translations/briefing/*.csv (+ reference_masters/jpn_briefing_master.csv structural check),PASS,canonical_json_artifacts=1
BRIEFING_NBE,BRIEFING_FILES_BLOCK_014A80,work/luna_translation_templates/sol_translation_mappings/BRIEFING/BRIEFING_FILES_BLOCK_014A80.json,translations/briefing/BRIEFING_FILES_BLOCK_014A80.csv,true,true,12,12,12,12,0,0,0,JSON_CANONICAL_CSV_GENERATED,tools/Compile-BriefingProductionTranslations.mjs::main,tools/Build-BriefingDat.py::load_production,translations/briefing/*.csv (+ reference_masters/jpn_briefing_master.csv structural check),PASS,canonical_json_artifacts=1
BRIEFING_NBE,BRIEFING_FILES_BLOCK_0150C0,work/luna_translation_templates/sol_translation_mappings/BRIEFING/BRIEFING_FILES_BLOCK_0150C0.json,translations/briefing/BRIEFING_FILES_BLOCK_0150C0.csv,true,true,13,13,13,13,0,0,0,JSON_CANONICAL_CSV_GENERATED,tools/Compile-BriefingProductionTranslations.mjs::main,tools/Build-BriefingDat.py::load_production,translations/briefing/*.csv (+ reference_masters/jpn_briefing_master.csv structural check),PASS,canonical_json_artifacts=1
BRIEFING_NBE,BRIEFING_FILES_BLOCK_0157A0,work/luna_translation_templates/sol_translation_mappings/BRIEFING/BRIEFING_FILES_BLOCK_0157A0.json,translations/briefing/BRIEFING_FILES_BLOCK_0157A0.csv,true,true,8,8,8,8,0,0,0,JSON_CANONICAL_CSV_GENERATED,tools/Compile-BriefingProductionTranslations.mjs::main,tools/Build-BriefingDat.py::load_production,translations/briefing/*.csv (+ reference_masters/jpn_briefing_master.csv structural check),PASS,canonical_json_artifacts=1
BRIEFING_NBE,BRIEFING_FILES_BLOCK_015C40,work/luna_translation_templates/sol_translation_mappings/BRIEFING/BRIEFING_FILES_BLOCK_015C40.json,translations/briefing/BRIEFING_FILES_BLOCK_015C40.csv,true,true,9,9,9,9,0,0,0,JSON_CANONICAL_CSV_GENERATED,tools/Compile-BriefingProductionTranslations.mjs::main,tools/Build-BriefingDat.py::load_production,translations/briefing/*.csv (+ reference_masters/jpn_briefing_master.csv structural check),PASS,canonical_json_artifacts=1
BRIEFING_NBE,BRIEFING_FILES_BLOCK_0161A0,work/luna_translation_templates/sol_translation_mappings/BRIEFING/BRIEFING_FILES_BLOCK_0161A0.json,translations/briefing/BRIEFING_FILES_BLOCK_0161A0.csv,true,true,5,5,5,5,0,0,0,JSON_CANONICAL_CSV_GENERATED,tools/Compile-BriefingProductionTranslations.mjs::main,tools/Build-BriefingDat.py::load_production,translations/briefing/*.csv (+ reference_masters/jpn_briefing_master.csv structural check),PASS,canonical_json_artifacts=1
BRIEFING_NBE,BRIEFING_FILES_BLOCK_016490,work/luna_translation_templates/sol_translation_mappings/BRIEFING/BRIEFING_FILES_BLOCK_016490.json,translations/briefing/BRIEFING_FILES_BLOCK_016490.csv,true,true,15,15,15,15,0,0,0,JSON_CANONICAL_CSV_GENERATED,tools/Compile-BriefingProductionTranslations.mjs::main,tools/Build-BriefingDat.py::load_production,translations/briefing/*.csv (+ reference_masters/jpn_briefing_master.csv structural check),PASS,canonical_json_artifacts=1
BRIEFING_NBE,BRIEFING_FILES_BLOCK_016AE0,work/luna_translation_templates/sol_translation_mappings/BRIEFING/BRIEFING_FILES_BLOCK_016AE0.json,translations/briefing/BRIEFING_FILES_BLOCK_016AE0.csv,true,true,12,12,12,12,0,0,0,JSON_CANONICAL_CSV_GENERATED,tools/Compile-BriefingProductionTranslations.mjs::main,tools/Build-BriefingDat.py::load_production,translations/briefing/*.csv (+ reference_masters/jpn_briefing_master.csv structural check),PASS,canonical_json_artifacts=1
BRIEFING_NBE,BRIEFING_FILES_BLOCK_017000,work/luna_translation_templates/sol_translation_mappings/BRIEFING/BRIEFING_FILES_BLOCK_017000.json,translations/briefing/BRIEFING_FILES_BLOCK_017000.csv,true,true,15,15,15,15,0,0,0,JSON_CANONICAL_CSV_GENERATED,tools/Compile-BriefingProductionTranslations.mjs::main,tools/Build-BriefingDat.py::load_production,translations/briefing/*.csv (+ reference_masters/jpn_briefing_master.csv structural check),PASS,canonical_json_artifacts=1
BRIEFING_NBE,BRIEFING_FILES_BLOCK_0176F0,work/luna_translation_templates/sol_translation_mappings/BRIEFING/BRIEFING_FILES_BLOCK_0176F0.json,translations/briefing/BRIEFING_FILES_BLOCK_0176F0.csv,true,true,8,8,8,8,0,0,0,JSON_CANONICAL_CSV_GENERATED,tools/Compile-BriefingProductionTranslations.mjs::main,tools/Build-BriefingDat.py::load_production,translations/briefing/*.csv (+ reference_masters/jpn_briefing_master.csv structural check),PASS,canonical_json_artifacts=1
BRIEFING_NBE,BRIEFING_FILES_BLOCK_017AD0,work/luna_translation_templates/sol_translation_mappings/BRIEFING/BRIEFING_FILES_BLOCK_017AD0.json,translations/briefing/BRIEFING_FILES_BLOCK_017AD0.csv,true,true,19,19,19,19,0,0,0,JSON_CANONICAL_CSV_GENERATED,tools/Compile-BriefingProductionTranslations.mjs::main,tools/Build-BriefingDat.py::load_production,translations/briefing/*.csv (+ reference_masters/jpn_briefing_master.csv structural check),PASS,canonical_json_artifacts=1
BRIEFING_NBE,BRIEFING_FILES_BLOCK_0182D0,work/luna_translation_templates/sol_translation_mappings/BRIEFING/BRIEFING_FILES_BLOCK_0182D0.json,translations/briefing/BRIEFING_FILES_BLOCK_0182D0.csv,true,true,17,17,17,17,0,0,0,JSON_CANONICAL_CSV_GENERATED,tools/Compile-BriefingProductionTranslations.mjs::main,tools/Build-BriefingDat.py::load_production,translations/briefing/*.csv (+ reference_masters/jpn_briefing_master.csv structural check),PASS,canonical_json_artifacts=1
BRIEFING_NBE,BRIEFING_FILES_BLOCK_018B50,work/luna_translation_templates/sol_translation_mappings/BRIEFING/BRIEFING_FILES_BLOCK_018B50.json,translations/briefing/BRIEFING_FILES_BLOCK_018B50.csv,true,true,11,11,11,11,0,0,0,JSON_CANONICAL_CSV_GENERATED,tools/Compile-BriefingProductionTranslations.mjs::main,tools/Build-BriefingDat.py::load_production,translations/briefing/*.csv (+ reference_masters/jpn_briefing_master.csv structural check),PASS,canonical_json_artifacts=1
BRIEFING_NBE,BRIEFING_FILES_BLOCK_019000,work/luna_translation_templates/sol_translation_mappings/BRIEFING/BRIEFING_FILES_BLOCK_019000.json,translations/briefing/BRIEFING_FILES_BLOCK_019000.csv,true,true,12,12,12,12,0,0,0,JSON_CANONICAL_CSV_GENERATED,tools/Compile-BriefingProductionTranslations.mjs::main,tools/Build-BriefingDat.py::load_production,translations/briefing/*.csv (+ reference_masters/jpn_briefing_master.csv structural check),PASS,canonical_json_artifacts=1
BRIEFING_NBE,BRIEFING_FILES_BLOCK_0194B0,work/luna_translation_templates/sol_translation_mappings/BRIEFING/BRIEFING_FILES_BLOCK_0194B0.json,translations/briefing/BRIEFING_FILES_BLOCK_0194B0.csv,true,true,10,10,10,10,0,0,0,JSON_CANONICAL_CSV_GENERATED,tools/Compile-BriefingProductionTranslations.mjs::main,tools/Build-BriefingDat.py::load_production,translations/briefing/*.csv (+ reference_masters/jpn_briefing_master.csv structural check),PASS,canonical_json_artifacts=1
BRIEFING_NBE,BRIEFING_FILES_BLOCK_019970,work/luna_translation_templates/sol_translation_mappings/BRIEFING/BRIEFING_FILES_BLOCK_019970.json,translations/briefing/BRIEFING_FILES_BLOCK_019970.csv,true,true,8,8,8,8,0,0,0,JSON_CANONICAL_CSV_GENERATED,tools/Compile-BriefingProductionTranslations.mjs::main,tools/Build-BriefingDat.py::load_production,translations/briefing/*.csv (+ reference_masters/jpn_briefing_master.csv structural check),PASS,canonical_json_artifacts=1
BRIEFING_NBE,BRIEFING_FILES_BLOCK_019D90,work/luna_translation_templates/sol_translation_mappings/BRIEFING/BRIEFING_FILES_BLOCK_019D90.json,translations/briefing/BRIEFING_FILES_BLOCK_019D90.csv,true,true,21,21,21,21,0,0,0,JSON_CANONICAL_CSV_GENERATED,tools/Compile-BriefingProductionTranslations.mjs::main,tools/Build-BriefingDat.py::load_production,translations/briefing/*.csv (+ reference_masters/jpn_briefing_master.csv structural check),PASS,canonical_json_artifacts=1
BRIEFING_NBE,BRIEFING_FILES_BLOCK_01A5B0,work/luna_translation_templates/sol_translation_mappings/BRIEFING/BRIEFING_FILES_BLOCK_01A5B0.json,translations/briefing/BRIEFING_FILES_BLOCK_01A5B0.csv,true,true,7,7,7,7,0,0,0,JSON_CANONICAL_CSV_GENERATED,tools/Compile-BriefingProductionTranslations.mjs::main,tools/Build-BriefingDat.py::load_production,translations/briefing/*.csv (+ reference_masters/jpn_briefing_master.csv structural check),PASS,canonical_json_artifacts=1
BRIEFING_NBE,BRIEFING_FILES_BLOCK_01A9F0,work/luna_translation_templates/sol_translation_mappings/BRIEFING/BRIEFING_FILES_BLOCK_01A9F0.json,translations/briefing/BRIEFING_FILES_BLOCK_01A9F0.csv,true,true,11,11,11,11,0,0,0,JSON_CANONICAL_CSV_GENERATED,tools/Compile-BriefingProductionTranslations.mjs::main,tools/Build-BriefingDat.py::load_production,translations/briefing/*.csv (+ reference_masters/jpn_briefing_master.csv structural check),PASS,canonical_json_artifacts=1
BRIEFING_NBE,BRIEFING_FILES_BLOCK_01AF20,work/luna_translation_templates/sol_translation_mappings/BRIEFING/BRIEFING_FILES_BLOCK_01AF20.json,translations/briefing/BRIEFING_FILES_BLOCK_01AF20.csv,true,true,7,7,7,7,0,0,0,JSON_CANONICAL_CSV_GENERATED,tools/Compile-BriefingProductionTranslations.mjs::main,tools/Build-BriefingDat.py::load_production,translations/briefing/*.csv (+ reference_masters/jpn_briefing_master.csv structural check),PASS,canonical_json_artifacts=1
BRIEFING_NBE,BRIEFING_FILES_BLOCK_01B330,work/luna_translation_templates/sol_translation_mappings/BRIEFING/BRIEFING_FILES_BLOCK_01B330.json,translations/briefing/BRIEFING_FILES_BLOCK_01B330.csv,true,true,10,10,10,10,0,0,0,JSON_CANONICAL_CSV_GENERATED,tools/Compile-BriefingProductionTranslations.mjs::main,tools/Build-BriefingDat.py::load_production,translations/briefing/*.csv (+ reference_masters/jpn_briefing_master.csv structural check),PASS,canonical_json_artifacts=1
BRIEFING_NBE,BRIEFING_FILES_BLOCK_01B7E0,work/luna_translation_templates/sol_translation_mappings/BRIEFING/BRIEFING_FILES_BLOCK_01B7E0.json,translations/briefing/BRIEFING_FILES_BLOCK_01B7E0.csv,true,true,11,11,11,11,0,0,0,JSON_CANONICAL_CSV_GENERATED,tools/Compile-BriefingProductionTranslations.mjs::main,tools/Build-BriefingDat.py::load_production,translations/briefing/*.csv (+ reference_masters/jpn_briefing_master.csv structural check),PASS,canonical_json_artifacts=1
BRIEFING_NBE,BRIEFING_FILES_BLOCK_01BCE0,work/luna_translation_templates/sol_translation_mappings/BRIEFING/BRIEFING_FILES_BLOCK_01BCE0.json,translations/briefing/BRIEFING_FILES_BLOCK_01BCE0.csv,true,true,4,4,4,4,0,0,0,JSON_CANONICAL_CSV_GENERATED,tools/Compile-BriefingProductionTranslations.mjs::main,tools/Build-BriefingDat.py::load_production,translations/briefing/*.csv (+ reference_masters/jpn_briefing_master.csv structural check),PASS,canonical_json_artifacts=1
BRIEFING_NBE,BRIEFING_FILES_BLOCK_01BF70,work/luna_translation_templates/sol_translation_mappings/BRIEFING/BRIEFING_FILES_BLOCK_01BF70.json,translations/briefing/BRIEFING_FILES_BLOCK_01BF70.csv,true,true,7,7,7,7,0,0,0,JSON_CANONICAL_CSV_GENERATED,tools/Compile-BriefingProductionTranslations.mjs::main,tools/Build-BriefingDat.py::load_production,translations/briefing/*.csv (+ reference_masters/jpn_briefing_master.csv structural check),PASS,canonical_json_artifacts=1
BRIEFING_NBE,BRIEFING_FILES_BLOCK_01C2C0,work/luna_translation_templates/sol_translation_mappings/BRIEFING/BRIEFING_FILES_BLOCK_01C2C0.json,translations/briefing/BRIEFING_FILES_BLOCK_01C2C0.csv,true,true,4,4,4,4,0,0,0,JSON_CANONICAL_CSV_GENERATED,tools/Compile-BriefingProductionTranslations.mjs::main,tools/Build-BriefingDat.py::load_production,translations/briefing/*.csv (+ reference_masters/jpn_briefing_master.csv structural check),PASS,canonical_json_artifacts=1
BRIEFING_NBE,BRIEFING_FILES_BLOCK_01C530,work/luna_translation_templates/sol_translation_mappings/BRIEFING/BRIEFING_FILES_BLOCK_01C530.json,translations/briefing/BRIEFING_FILES_BLOCK_01C530.csv,true,true,4,4,4,4,0,0,0,JSON_CANONICAL_CSV_GENERATED,tools/Compile-BriefingProductionTranslations.mjs::main,tools/Build-BriefingDat.py::load_production,translations/briefing/*.csv (+ reference_masters/jpn_briefing_master.csv structural check),PASS,canonical_json_artifacts=1
BRIEFING_NBE,BRIEFING_FILES_BLOCK_01C7A0,work/luna_translation_templates/sol_translation_mappings/BRIEFING/BRIEFING_FILES_BLOCK_01C7A0.json,translations/briefing/BRIEFING_FILES_BLOCK_01C7A0.csv,true,true,3,3,3,3,0,0,0,JSON_CANONICAL_CSV_GENERATED,tools/Compile-BriefingProductionTranslations.mjs::main,tools/Build-BriefingDat.py::load_production,translations/briefing/*.csv (+ reference_masters/jpn_briefing_master.csv structural check),PASS,canonical_json_artifacts=1
BRIEFING_NBE,BRIEFING_FILES_BLOCK_01C940,work/luna_translation_templates/sol_translation_mappings/BRIEFING/BRIEFING_FILES_BLOCK_01C940.json,translations/briefing/BRIEFING_FILES_BLOCK_01C940.csv,true,true,4,4,4,4,0,0,0,JSON_CANONICAL_CSV_GENERATED,tools/Compile-BriefingProductionTranslations.mjs::main,tools/Build-BriefingDat.py::load_production,translations/briefing/*.csv (+ reference_masters/jpn_briefing_master.csv structural check),PASS,canonical_json_artifacts=1
BRIEFING_NBE,BRIEFING_FILES_BLOCK_01CB60,work/luna_translation_templates/sol_translation_mappings/BRIEFING/BRIEFING_FILES_BLOCK_01CB60.json,translations/briefing/BRIEFING_FILES_BLOCK_01CB60.csv,true,true,4,4,4,4,0,0,0,JSON_CANONICAL_CSV_GENERATED,tools/Compile-BriefingProductionTranslations.mjs::main,tools/Build-BriefingDat.py::load_production,translations/briefing/*.csv (+ reference_masters/jpn_briefing_master.csv structural check),PASS,canonical_json_artifacts=1
BRIEFING_NBE,BRIEFING_FILES_BLOCK_01CDB0,work/luna_translation_templates/sol_translation_mappings/BRIEFING/BRIEFING_FILES_BLOCK_01CDB0.json,translations/briefing/BRIEFING_FILES_BLOCK_01CDB0.csv,true,true,4,4,4,4,0,0,0,JSON_CANONICAL_CSV_GENERATED,tools/Compile-BriefingProductionTranslations.mjs::main,tools/Build-BriefingDat.py::load_production,translations/briefing/*.csv (+ reference_masters/jpn_briefing_master.csv structural check),PASS,canonical_json_artifacts=1
BRIEFING_NBE,BRIEFING_FILES_BLOCK_01CFF0,work/luna_translation_templates/sol_translation_mappings/BRIEFING/BRIEFING_FILES_BLOCK_01CFF0.json,translations/briefing/BRIEFING_FILES_BLOCK_01CFF0.csv,true,true,5,5,5,5,0,0,0,JSON_CANONICAL_CSV_GENERATED,tools/Compile-BriefingProductionTranslations.mjs::main,tools/Build-BriefingDat.py::load_production,translations/briefing/*.csv (+ reference_masters/jpn_briefing_master.csv structural check),PASS,canonical_json_artifacts=1
BRIEFING_NBE,BRIEFING_FILES_BLOCK_01D250,work/luna_translation_templates/sol_translation_mappings/BRIEFING/BRIEFING_FILES_BLOCK_01D250.json,translations/briefing/BRIEFING_FILES_BLOCK_01D250.csv,true,true,5,5,5,5,0,0,0,JSON_CANONICAL_CSV_GENERATED,tools/Compile-BriefingProductionTranslations.mjs::main,tools/Build-BriefingDat.py::load_production,translations/briefing/*.csv (+ reference_masters/jpn_briefing_master.csv structural check),PASS,canonical_json_artifacts=1
BRIEFING_NBE,BRIEFING_FILES_BLOCK_01D580,work/luna_translation_templates/sol_translation_mappings/BRIEFING/BRIEFING_FILES_BLOCK_01D580.json,translations/briefing/BRIEFING_FILES_BLOCK_01D580.csv,true,true,4,4,4,4,0,0,0,JSON_CANONICAL_CSV_GENERATED,tools/Compile-BriefingProductionTranslations.mjs::main,tools/Build-BriefingDat.py::load_production,translations/briefing/*.csv (+ reference_masters/jpn_briefing_master.csv structural check),PASS,canonical_json_artifacts=1
BRIEFING_NBE,BRIEFING_FILES_BLOCK_01D7E0,work/luna_translation_templates/sol_translation_mappings/BRIEFING/BRIEFING_FILES_BLOCK_01D7E0.json,translations/briefing/BRIEFING_FILES_BLOCK_01D7E0.csv,true,true,8,8,8,8,0,0,0,JSON_CANONICAL_CSV_GENERATED,tools/Compile-BriefingProductionTranslations.mjs::main,tools/Build-BriefingDat.py::load_production,translations/briefing/*.csv (+ reference_masters/jpn_briefing_master.csv structural check),PASS,canonical_json_artifacts=1
BRIEFING_NBE,BRIEFING_FILES_BLOCK_01DC10,work/luna_translation_templates/sol_translation_mappings/BRIEFING/BRIEFING_FILES_BLOCK_01DC10.json,translations/briefing/BRIEFING_FILES_BLOCK_01DC10.csv,true,true,7,7,7,7,0,0,0,JSON_CANONICAL_CSV_GENERATED,tools/Compile-BriefingProductionTranslations.mjs::main,tools/Build-BriefingDat.py::load_production,translations/briefing/*.csv (+ reference_masters/jpn_briefing_master.csv structural check),PASS,canonical_json_artifacts=1
BRIEFING_NBE,BRIEFING_FILES_BLOCK_01DFB0,work/luna_translation_templates/sol_translation_mappings/BRIEFING/BRIEFING_FILES_BLOCK_01DFB0.json,translations/briefing/BRIEFING_FILES_BLOCK_01DFB0.csv,true,true,16,16,16,16,0,0,0,JSON_CANONICAL_CSV_GENERATED,tools/Compile-BriefingProductionTranslations.mjs::main,tools/Build-BriefingDat.py::load_production,translations/briefing/*.csv (+ reference_masters/jpn_briefing_master.csv structural check),PASS,canonical_json_artifacts=1
BRIEFING_NBE,BRIEFING_FILES_BLOCK_01E6E0,work/luna_translation_templates/sol_translation_mappings/BRIEFING/BRIEFING_FILES_BLOCK_01E6E0.json,translations/briefing/BRIEFING_FILES_BLOCK_01E6E0.csv,true,true,4,4,4,4,0,0,0,JSON_CANONICAL_CSV_GENERATED,tools/Compile-BriefingProductionTranslations.mjs::main,tools/Build-BriefingDat.py::load_production,translations/briefing/*.csv (+ reference_masters/jpn_briefing_master.csv structural check),PASS,canonical_json_artifacts=1
BRIEFING_NBE,BRIEFING_FILES_BLOCK_01E940,work/luna_translation_templates/sol_translation_mappings/BRIEFING/BRIEFING_FILES_BLOCK_01E940.json,translations/briefing/BRIEFING_FILES_BLOCK_01E940.csv,true,true,2,2,2,2,0,0,0,JSON_CANONICAL_CSV_GENERATED,tools/Compile-BriefingProductionTranslations.mjs::main,tools/Build-BriefingDat.py::load_production,translations/briefing/*.csv (+ reference_masters/jpn_briefing_master.csv structural check),PASS,canonical_json_artifacts=1
BRIEFING_NBE,BRIEFING_FILES_BLOCK_01EA90,work/luna_translation_templates/sol_translation_mappings/BRIEFING/BRIEFING_FILES_BLOCK_01EA90.json,translations/briefing/BRIEFING_FILES_BLOCK_01EA90.csv,true,true,3,3,3,3,0,0,0,JSON_CANONICAL_CSV_GENERATED,tools/Compile-BriefingProductionTranslations.mjs::main,tools/Build-BriefingDat.py::load_production,translations/briefing/*.csv (+ reference_masters/jpn_briefing_master.csv structural check),PASS,canonical_json_artifacts=1
BRIEFING_NBE,BRIEFING_FILES_BLOCK_01ECA0,work/luna_translation_templates/sol_translation_mappings/BRIEFING/BRIEFING_FILES_BLOCK_01ECA0.json,translations/briefing/BRIEFING_FILES_BLOCK_01ECA0.csv,true,true,3,3,3,3,0,0,0,JSON_CANONICAL_CSV_GENERATED,tools/Compile-BriefingProductionTranslations.mjs::main,tools/Build-BriefingDat.py::load_production,translations/briefing/*.csv (+ reference_masters/jpn_briefing_master.csv structural check),PASS,canonical_json_artifacts=1
BRIEFING_NBE,BRIEFING_FILES_BLOCK_01EEB0,work/luna_translation_templates/sol_translation_mappings/BRIEFING/BRIEFING_FILES_BLOCK_01EEB0.json,translations/briefing/BRIEFING_FILES_BLOCK_01EEB0.csv,true,true,2,2,2,2,0,0,0,JSON_CANONICAL_CSV_GENERATED,tools/Compile-BriefingProductionTranslations.mjs::main,tools/Build-BriefingDat.py::load_production,translations/briefing/*.csv (+ reference_masters/jpn_briefing_master.csv structural check),PASS,canonical_json_artifacts=1
BRIEFING_NBE,BRIEFING_FILES_BLOCK_01F030,work/luna_translation_templates/sol_translation_mappings/BRIEFING/BRIEFING_FILES_BLOCK_01F030.json,translations/briefing/BRIEFING_FILES_BLOCK_01F030.csv,true,true,5,5,5,5,0,0,0,JSON_CANONICAL_CSV_GENERATED,tools/Compile-BriefingProductionTranslations.mjs::main,tools/Build-BriefingDat.py::load_production,translations/briefing/*.csv (+ reference_masters/jpn_briefing_master.csv structural check),PASS,canonical_json_artifacts=1
BRIEFING_NBE,BRIEFING_FILES_BLOCK_01F2B0,work/luna_translation_templates/sol_translation_mappings/BRIEFING/BRIEFING_FILES_BLOCK_01F2B0.json,translations/briefing/BRIEFING_FILES_BLOCK_01F2B0.csv,true,true,3,3,3,3,0,0,0,JSON_CANONICAL_CSV_GENERATED,tools/Compile-BriefingProductionTranslations.mjs::main,tools/Build-BriefingDat.py::load_production,translations/briefing/*.csv (+ reference_masters/jpn_briefing_master.csv structural check),PASS,canonical_json_artifacts=1
BRIEFING_NBE,BRIEFING_FILES_BLOCK_01F440,work/luna_translation_templates/sol_translation_mappings/BRIEFING/BRIEFING_FILES_BLOCK_01F440.json,translations/briefing/BRIEFING_FILES_BLOCK_01F440.csv,true,true,7,7,7,7,0,0,0,JSON_CANONICAL_CSV_GENERATED,tools/Compile-BriefingProductionTranslations.mjs::main,tools/Build-BriefingDat.py::load_production,translations/briefing/*.csv (+ reference_masters/jpn_briefing_master.csv structural check),PASS,canonical_json_artifacts=1
BRIEFING_NBE,BRIEFING_FILES_BLOCK_01F9B0,work/luna_translation_templates/sol_translation_mappings/BRIEFING/BRIEFING_FILES_BLOCK_01F9B0.json,translations/briefing/BRIEFING_FILES_BLOCK_01F9B0.csv,true,true,9,9,9,9,0,0,0,JSON_CANONICAL_CSV_GENERATED,tools/Compile-BriefingProductionTranslations.mjs::main,tools/Build-BriefingDat.py::load_production,translations/briefing/*.csv (+ reference_masters/jpn_briefing_master.csv structural check),PASS,canonical_json_artifacts=1
BRIEFING_NBE,BRIEFING_FILES_BLOCK_01FF10,work/luna_translation_templates/sol_translation_mappings/BRIEFING/BRIEFING_FILES_BLOCK_01FF10.json,translations/briefing/BRIEFING_FILES_BLOCK_01FF10.csv,true,true,4,4,4,4,0,0,0,JSON_CANONICAL_CSV_GENERATED,tools/Compile-BriefingProductionTranslations.mjs::main,tools/Build-BriefingDat.py::load_production,translations/briefing/*.csv (+ reference_masters/jpn_briefing_master.csv structural check),PASS,canonical_json_artifacts=1
BRIEFING_NBE,BRIEFING_FILES_BLOCK_020160,work/luna_translation_templates/sol_translation_mappings/BRIEFING/BRIEFING_FILES_BLOCK_020160.json,translations/briefing/BRIEFING_FILES_BLOCK_020160.csv,true,true,7,7,7,7,0,0,0,JSON_CANONICAL_CSV_GENERATED,tools/Compile-BriefingProductionTranslations.mjs::main,tools/Build-BriefingDat.py::load_production,translations/briefing/*.csv (+ reference_masters/jpn_briefing_master.csv structural check),PASS,canonical_json_artifacts=1
BRIEFING_NBE,BRIEFING_FILES_BLOCK_0205A0,work/luna_translation_templates/sol_translation_mappings/BRIEFING/BRIEFING_FILES_BLOCK_0205A0.json,translations/briefing/BRIEFING_FILES_BLOCK_0205A0.csv,true,true,16,16,16,16,0,0,0,JSON_CANONICAL_CSV_GENERATED,tools/Compile-BriefingProductionTranslations.mjs::main,tools/Build-BriefingDat.py::load_production,translations/briefing/*.csv (+ reference_masters/jpn_briefing_master.csv structural check),PASS,canonical_json_artifacts=1
BRIEFING_NBE,BRIEFING_FILES_BLOCK_020C50,work/luna_translation_templates/sol_translation_mappings/BRIEFING/BRIEFING_FILES_BLOCK_020C50.json,translations/briefing/BRIEFING_FILES_BLOCK_020C50.csv,true,true,4,4,4,4,0,0,0,JSON_CANONICAL_CSV_GENERATED,tools/Compile-BriefingProductionTranslations.mjs::main,tools/Build-BriefingDat.py::load_production,translations/briefing/*.csv (+ reference_masters/jpn_briefing_master.csv structural check),PASS,canonical_json_artifacts=1
BRIEFING_NBE,BRIEFING_FILES_BLOCK_020E90,work/luna_translation_templates/sol_translation_mappings/BRIEFING/BRIEFING_FILES_BLOCK_020E90.json,translations/briefing/BRIEFING_FILES_BLOCK_020E90.csv,true,true,8,8,8,8,0,0,0,JSON_CANONICAL_CSV_GENERATED,tools/Compile-BriefingProductionTranslations.mjs::main,tools/Build-BriefingDat.py::load_production,translations/briefing/*.csv (+ reference_masters/jpn_briefing_master.csv structural check),PASS,canonical_json_artifacts=1
BRIEFING_NBE,BRIEFING_FILES_BLOCK_021330,work/luna_translation_templates/sol_translation_mappings/BRIEFING/BRIEFING_FILES_BLOCK_021330.json,translations/briefing/BRIEFING_FILES_BLOCK_021330.csv,true,true,4,4,4,4,0,0,0,JSON_CANONICAL_CSV_GENERATED,tools/Compile-BriefingProductionTranslations.mjs::main,tools/Build-BriefingDat.py::load_production,translations/briefing/*.csv (+ reference_masters/jpn_briefing_master.csv structural check),PASS,canonical_json_artifacts=1
BRIEFING_NBE,BRIEFING_FILES_BLOCK_021620,work/luna_translation_templates/sol_translation_mappings/BRIEFING/BRIEFING_FILES_BLOCK_021620.json,translations/briefing/BRIEFING_FILES_BLOCK_021620.csv,true,true,5,5,5,5,0,0,0,JSON_CANONICAL_CSV_GENERATED,tools/Compile-BriefingProductionTranslations.mjs::main,tools/Build-BriefingDat.py::load_production,translations/briefing/*.csv (+ reference_masters/jpn_briefing_master.csv structural check),PASS,canonical_json_artifacts=1
BRIEFING_NBE,BRIEFING_FILES_BLOCK_021950,work/luna_translation_templates/sol_translation_mappings/BRIEFING/BRIEFING_FILES_BLOCK_021950.json,translations/briefing/BRIEFING_FILES_BLOCK_021950.csv,true,true,2,2,2,2,0,0,0,JSON_CANONICAL_CSV_GENERATED,tools/Compile-BriefingProductionTranslations.mjs::main,tools/Build-BriefingDat.py::load_production,translations/briefing/*.csv (+ reference_masters/jpn_briefing_master.csv structural check),PASS,canonical_json_artifacts=1
BRIEFING_NBE,BRIEFING_FILES_BLOCK_021AE0,work/luna_translation_templates/sol_translation_mappings/BRIEFING/BRIEFING_FILES_BLOCK_021AE0.json,translations/briefing/BRIEFING_FILES_BLOCK_021AE0.csv,true,true,2,2,2,2,0,0,0,JSON_CANONICAL_CSV_GENERATED,tools/Compile-BriefingProductionTranslations.mjs::main,tools/Build-BriefingDat.py::load_production,translations/briefing/*.csv (+ reference_masters/jpn_briefing_master.csv structural check),PASS,canonical_json_artifacts=1
BRIEFING_NBE,BRIEFING_FILES_BLOCK_021C70,work/luna_translation_templates/sol_translation_mappings/BRIEFING/BRIEFING_FILES_BLOCK_021C70.json,translations/briefing/BRIEFING_FILES_BLOCK_021C70.csv,true,true,2,2,2,2,0,0,0,JSON_CANONICAL_CSV_GENERATED,tools/Compile-BriefingProductionTranslations.mjs::main,tools/Build-BriefingDat.py::load_production,translations/briefing/*.csv (+ reference_masters/jpn_briefing_master.csv structural check),PASS,canonical_json_artifacts=1
BRIEFING_NBE,BRIEFING_FILES_BLOCK_021E00,work/luna_translation_templates/sol_translation_mappings/BRIEFING/BRIEFING_FILES_BLOCK_021E00.json,translations/briefing/BRIEFING_FILES_BLOCK_021E00.csv,true,true,3,3,3,3,0,0,0,JSON_CANONICAL_CSV_GENERATED,tools/Compile-BriefingProductionTranslations.mjs::main,tools/Build-BriefingDat.py::load_production,translations/briefing/*.csv (+ reference_masters/jpn_briefing_master.csv structural check),PASS,canonical_json_artifacts=1
BRIEFING_NBE,BRIEFING_FILES_BLOCK_022090,work/luna_translation_templates/sol_translation_mappings/BRIEFING/BRIEFING_FILES_BLOCK_022090.json,translations/briefing/BRIEFING_FILES_BLOCK_022090.csv,true,true,8,8,8,8,0,0,0,JSON_CANONICAL_CSV_GENERATED,tools/Compile-BriefingProductionTranslations.mjs::main,tools/Build-BriefingDat.py::load_production,translations/briefing/*.csv (+ reference_masters/jpn_briefing_master.csv structural check),PASS,canonical_json_artifacts=1
BRIEFING_NBE,BRIEFING_FILES_BLOCK_0224E0,work/luna_translation_templates/sol_translation_mappings/BRIEFING/BRIEFING_FILES_BLOCK_0224E0.json,translations/briefing/BRIEFING_FILES_BLOCK_0224E0.csv,true,true,10,10,10,10,0,0,0,JSON_CANONICAL_CSV_GENERATED,tools/Compile-BriefingProductionTranslations.mjs::main,tools/Build-BriefingDat.py::load_production,translations/briefing/*.csv (+ reference_masters/jpn_briefing_master.csv structural check),PASS,canonical_json_artifacts=1
BRIEFING_NBE,BRIEFING_FILES_BLOCK_0229B0,work/luna_translation_templates/sol_translation_mappings/BRIEFING/BRIEFING_FILES_BLOCK_0229B0.json,translations/briefing/BRIEFING_FILES_BLOCK_0229B0.csv,true,true,7,7,7,7,0,0,0,JSON_CANONICAL_CSV_GENERATED,tools/Compile-BriefingProductionTranslations.mjs::main,tools/Build-BriefingDat.py::load_production,translations/briefing/*.csv (+ reference_masters/jpn_briefing_master.csv structural check),PASS,canonical_json_artifacts=1
BRIEFING_NBE,BRIEFING_FILES_BLOCK_022D50,work/luna_translation_templates/sol_translation_mappings/BRIEFING/BRIEFING_FILES_BLOCK_022D50.json,translations/briefing/BRIEFING_FILES_BLOCK_022D50.csv,true,true,9,9,9,9,0,0,0,JSON_CANONICAL_CSV_GENERATED,tools/Compile-BriefingProductionTranslations.mjs::main,tools/Build-BriefingDat.py::load_production,translations/briefing/*.csv (+ reference_masters/jpn_briefing_master.csv structural check),PASS,canonical_json_artifacts=1
BRIEFING_NBE,BRIEFING_FILES_BLOCK_023240,work/luna_translation_templates/sol_translation_mappings/BRIEFING/BRIEFING_FILES_BLOCK_023240.json,translations/briefing/BRIEFING_FILES_BLOCK_023240.csv,true,true,17,17,17,17,0,0,0,JSON_CANONICAL_CSV_GENERATED,tools/Compile-BriefingProductionTranslations.mjs::main,tools/Build-BriefingDat.py::load_production,translations/briefing/*.csv (+ reference_masters/jpn_briefing_master.csv structural check),PASS,canonical_json_artifacts=1
BRIEFING_NBE,BRIEFING_FILES_BLOCK_023940,work/luna_translation_templates/sol_translation_mappings/BRIEFING/BRIEFING_FILES_BLOCK_023940.json,translations/briefing/BRIEFING_FILES_BLOCK_023940.csv,true,true,12,12,12,12,0,0,0,JSON_CANONICAL_CSV_GENERATED,tools/Compile-BriefingProductionTranslations.mjs::main,tools/Build-BriefingDat.py::load_production,translations/briefing/*.csv (+ reference_masters/jpn_briefing_master.csv structural check),PASS,canonical_json_artifacts=1
BRIEFING_NBE,BRIEFING_FILES_BLOCK_023F00,work/luna_translation_templates/sol_translation_mappings/BRIEFING/BRIEFING_FILES_BLOCK_023F00.json,translations/briefing/BRIEFING_FILES_BLOCK_023F00.csv,true,true,7,7,7,7,0,0,0,JSON_CANONICAL_CSV_GENERATED,tools/Compile-BriefingProductionTranslations.mjs::main,tools/Build-BriefingDat.py::load_production,translations/briefing/*.csv (+ reference_masters/jpn_briefing_master.csv structural check),PASS,canonical_json_artifacts=1
BRIEFING_NBE,BRIEFING_FILES_BLOCK_024290,work/luna_translation_templates/sol_translation_mappings/BRIEFING/BRIEFING_FILES_BLOCK_024290.json,translations/briefing/BRIEFING_FILES_BLOCK_024290.csv,true,true,5,5,5,5,0,0,0,JSON_CANONICAL_CSV_GENERATED,tools/Compile-BriefingProductionTranslations.mjs::main,tools/Build-BriefingDat.py::load_production,translations/briefing/*.csv (+ reference_masters/jpn_briefing_master.csv structural check),PASS,canonical_json_artifacts=1
BRIEFING_NBE,BRIEFING_FILES_BLOCK_024590,work/luna_translation_templates/sol_translation_mappings/BRIEFING/BRIEFING_FILES_BLOCK_024590.json,translations/briefing/BRIEFING_FILES_BLOCK_024590.csv,true,true,12,12,12,12,0,0,0,JSON_CANONICAL_CSV_GENERATED,tools/Compile-BriefingProductionTranslations.mjs::main,tools/Build-BriefingDat.py::load_production,translations/briefing/*.csv (+ reference_masters/jpn_briefing_master.csv structural check),PASS,canonical_json_artifacts=1
BRIEFING_NBE,BRIEFING_FILES_BLOCK_024CA0,work/luna_translation_templates/sol_translation_mappings/BRIEFING/BRIEFING_FILES_BLOCK_024CA0.json,translations/briefing/BRIEFING_FILES_BLOCK_024CA0.csv,true,true,6,6,6,6,0,0,0,JSON_CANONICAL_CSV_GENERATED,tools/Compile-BriefingProductionTranslations.mjs::main,tools/Build-BriefingDat.py::load_production,translations/briefing/*.csv (+ reference_masters/jpn_briefing_master.csv structural check),PASS,canonical_json_artifacts=1
BRIEFING_NBE,BRIEFING_FILES_BLOCK_025060,work/luna_translation_templates/sol_translation_mappings/BRIEFING/BRIEFING_FILES_BLOCK_025060.json,translations/briefing/BRIEFING_FILES_BLOCK_025060.csv,true,true,7,7,7,7,0,0,0,JSON_CANONICAL_CSV_GENERATED,tools/Compile-BriefingProductionTranslations.mjs::main,tools/Build-BriefingDat.py::load_production,translations/briefing/*.csv (+ reference_masters/jpn_briefing_master.csv structural check),PASS,canonical_json_artifacts=1
BRIEFING_NBE,BRIEFING_FILES_BLOCK_0253C0,work/luna_translation_templates/sol_translation_mappings/BRIEFING/BRIEFING_FILES_BLOCK_0253C0.json,translations/briefing/BRIEFING_FILES_BLOCK_0253C0.csv,true,true,18,18,18,18,0,0,0,JSON_CANONICAL_CSV_GENERATED,tools/Compile-BriefingProductionTranslations.mjs::main,tools/Build-BriefingDat.py::load_production,translations/briefing/*.csv (+ reference_masters/jpn_briefing_master.csv structural check),PASS,canonical_json_artifacts=1
BRIEFING_NBE,BRIEFING_FILES_BLOCK_025B50,work/luna_translation_templates/sol_translation_mappings/BRIEFING/BRIEFING_FILES_BLOCK_025B50.json,translations/briefing/BRIEFING_FILES_BLOCK_025B50.csv,true,true,4,4,4,4,0,0,0,JSON_CANONICAL_CSV_GENERATED,tools/Compile-BriefingProductionTranslations.mjs::main,tools/Build-BriefingDat.py::load_production,translations/briefing/*.csv (+ reference_masters/jpn_briefing_master.csv structural check),PASS,canonical_json_artifacts=1
BRIEFING_NBE,BRIEFING_FILES_BLOCK_025DF0,work/luna_translation_templates/sol_translation_mappings/BRIEFING/BRIEFING_FILES_BLOCK_025DF0.json,translations/briefing/BRIEFING_FILES_BLOCK_025DF0.csv,true,true,6,6,6,6,0,0,0,JSON_CANONICAL_CSV_GENERATED,tools/Compile-BriefingProductionTranslations.mjs::main,tools/Build-BriefingDat.py::load_production,translations/briefing/*.csv (+ reference_masters/jpn_briefing_master.csv structural check),PASS,canonical_json_artifacts=1
BRIEFING_NBE,BRIEFING_FILES_BLOCK_026130,work/luna_translation_templates/sol_translation_mappings/BRIEFING/BRIEFING_FILES_BLOCK_026130.json,translations/briefing/BRIEFING_FILES_BLOCK_026130.csv,true,true,5,5,5,5,0,0,0,JSON_CANONICAL_CSV_GENERATED,tools/Compile-BriefingProductionTranslations.mjs::main,tools/Build-BriefingDat.py::load_production,translations/briefing/*.csv (+ reference_masters/jpn_briefing_master.csv structural check),PASS,canonical_json_artifacts=1
BRIEFING_NBE,BRIEFING_FILES_BLOCK_0263F0,work/luna_translation_templates/sol_translation_mappings/BRIEFING/BRIEFING_FILES_BLOCK_0263F0.json,translations/briefing/BRIEFING_FILES_BLOCK_0263F0.csv,true,true,6,6,6,6,0,0,0,JSON_CANONICAL_CSV_GENERATED,tools/Compile-BriefingProductionTranslations.mjs::main,tools/Build-BriefingDat.py::load_production,translations/briefing/*.csv (+ reference_masters/jpn_briefing_master.csv structural check),PASS,canonical_json_artifacts=1
BRIEFING_NBE,BRIEFING_FILES_BLOCK_026710,work/luna_translation_templates/sol_translation_mappings/BRIEFING/BRIEFING_FILES_BLOCK_026710.json,translations/briefing/BRIEFING_FILES_BLOCK_026710.csv,true,true,16,16,16,16,0,0,0,JSON_CANONICAL_CSV_GENERATED,tools/Compile-BriefingProductionTranslations.mjs::main,tools/Build-BriefingDat.py::load_production,translations/briefing/*.csv (+ reference_masters/jpn_briefing_master.csv structural check),PASS,canonical_json_artifacts=1
BRIEFING_NBE,BRIEFING_FILES_BLOCK_026DE0,work/luna_translation_templates/sol_translation_mappings/BRIEFING/BRIEFING_FILES_BLOCK_026DE0.json,translations/briefing/BRIEFING_FILES_BLOCK_026DE0.csv,true,true,11,11,11,11,0,0,0,JSON_CANONICAL_CSV_GENERATED,tools/Compile-BriefingProductionTranslations.mjs::main,tools/Build-BriefingDat.py::load_production,translations/briefing/*.csv (+ reference_masters/jpn_briefing_master.csv structural check),PASS,canonical_json_artifacts=1
BRIEFING_NBE,BRIEFING_FILES_BLOCK_0273B0,work/luna_translation_templates/sol_translation_mappings/BRIEFING/BRIEFING_FILES_BLOCK_0273B0.json,translations/briefing/BRIEFING_FILES_BLOCK_0273B0.csv,true,true,9,9,9,9,0,0,0,JSON_CANONICAL_CSV_GENERATED,tools/Compile-BriefingProductionTranslations.mjs::main,tools/Build-BriefingDat.py::load_production,translations/briefing/*.csv (+ reference_masters/jpn_briefing_master.csv structural check),PASS,canonical_json_artifacts=1
BRIEFING_NBE,BRIEFING_FILES_BLOCK_027800,work/luna_translation_templates/sol_translation_mappings/BRIEFING/BRIEFING_FILES_BLOCK_027800.json,translations/briefing/BRIEFING_FILES_BLOCK_027800.csv,true,true,7,7,7,7,0,0,0,JSON_CANONICAL_CSV_GENERATED,tools/Compile-BriefingProductionTranslations.mjs::main,tools/Build-BriefingDat.py::load_production,translations/briefing/*.csv (+ reference_masters/jpn_briefing_master.csv structural check),PASS,canonical_json_artifacts=1
BRIEFING_NBE,BRIEFING_FILES_BLOCK_027C30,work/luna_translation_templates/sol_translation_mappings/BRIEFING/BRIEFING_FILES_BLOCK_027C30.json,translations/briefing/BRIEFING_FILES_BLOCK_027C30.csv,true,true,7,7,7,7,0,0,0,JSON_CANONICAL_CSV_GENERATED,tools/Compile-BriefingProductionTranslations.mjs::main,tools/Build-BriefingDat.py::load_production,translations/briefing/*.csv (+ reference_masters/jpn_briefing_master.csv structural check),PASS,canonical_json_artifacts=1
BRIEFING_NBE,BRIEFING_FILES_BLOCK_027FF0,work/luna_translation_templates/sol_translation_mappings/BRIEFING/BRIEFING_FILES_BLOCK_027FF0.json,translations/briefing/BRIEFING_FILES_BLOCK_027FF0.csv,true,true,13,13,13,13,0,0,0,JSON_CANONICAL_CSV_GENERATED,tools/Compile-BriefingProductionTranslations.mjs::main,tools/Build-BriefingDat.py::load_production,translations/briefing/*.csv (+ reference_masters/jpn_briefing_master.csv structural check),PASS,canonical_json_artifacts=1
BRIEFING_NBE,BRIEFING_FILES_BLOCK_0285D0,work/luna_translation_templates/sol_translation_mappings/BRIEFING/BRIEFING_FILES_BLOCK_0285D0.json,translations/briefing/BRIEFING_FILES_BLOCK_0285D0.csv,true,true,9,9,9,9,0,0,0,JSON_CANONICAL_CSV_GENERATED,tools/Compile-BriefingProductionTranslations.mjs::main,tools/Build-BriefingDat.py::load_production,translations/briefing/*.csv (+ reference_masters/jpn_briefing_master.csv structural check),PASS,canonical_json_artifacts=1
BRIEFING_NBE,BRIEFING_FILES_BLOCK_0289C0,work/luna_translation_templates/sol_translation_mappings/BRIEFING/BRIEFING_FILES_BLOCK_0289C0.json,translations/briefing/BRIEFING_FILES_BLOCK_0289C0.csv,true,true,6,6,6,6,0,0,0,JSON_CANONICAL_CSV_GENERATED,tools/Compile-BriefingProductionTranslations.mjs::main,tools/Build-BriefingDat.py::load_production,translations/briefing/*.csv (+ reference_masters/jpn_briefing_master.csv structural check),PASS,canonical_json_artifacts=1
BRIEFING_NBE,BRIEFING_FILES_BLOCK_028D50,work/luna_translation_templates/sol_translation_mappings/BRIEFING/BRIEFING_FILES_BLOCK_028D50.json,translations/briefing/BRIEFING_FILES_BLOCK_028D50.csv,true,true,5,5,5,5,0,0,0,JSON_CANONICAL_CSV_GENERATED,tools/Compile-BriefingProductionTranslations.mjs::main,tools/Build-BriefingDat.py::load_production,translations/briefing/*.csv (+ reference_masters/jpn_briefing_master.csv structural check),PASS,canonical_json_artifacts=1
BRIEFING_NBE,BRIEFING_FILES_BLOCK_029020,work/luna_translation_templates/sol_translation_mappings/BRIEFING/BRIEFING_FILES_BLOCK_029020.json,translations/briefing/BRIEFING_FILES_BLOCK_029020.csv,true,true,8,8,8,8,0,0,0,JSON_CANONICAL_CSV_GENERATED,tools/Compile-BriefingProductionTranslations.mjs::main,tools/Build-BriefingDat.py::load_production,translations/briefing/*.csv (+ reference_masters/jpn_briefing_master.csv structural check),PASS,canonical_json_artifacts=1
BRIEFING_NBE,BRIEFING_FILES_BLOCK_029400,work/luna_translation_templates/sol_translation_mappings/BRIEFING/BRIEFING_FILES_BLOCK_029400.json,translations/briefing/BRIEFING_FILES_BLOCK_029400.csv,true,true,5,5,5,5,0,0,0,JSON_CANONICAL_CSV_GENERATED,tools/Compile-BriefingProductionTranslations.mjs::main,tools/Build-BriefingDat.py::load_production,translations/briefing/*.csv (+ reference_masters/jpn_briefing_master.csv structural check),PASS,canonical_json_artifacts=1
BRIEFING_NBE,BRIEFING_FILES_BLOCK_0296E0,work/luna_translation_templates/sol_translation_mappings/BRIEFING/BRIEFING_FILES_BLOCK_0296E0.json,translations/briefing/BRIEFING_FILES_BLOCK_0296E0.csv,true,true,7,7,7,7,0,0,0,JSON_CANONICAL_CSV_GENERATED,tools/Compile-BriefingProductionTranslations.mjs::main,tools/Build-BriefingDat.py::load_production,translations/briefing/*.csv (+ reference_masters/jpn_briefing_master.csv structural check),PASS,canonical_json_artifacts=1
BRIEFING_NBE,BRIEFING_FILES_BLOCK_029A10,work/luna_translation_templates/sol_translation_mappings/BRIEFING/BRIEFING_FILES_BLOCK_029A10.json,translations/briefing/BRIEFING_FILES_BLOCK_029A10.csv,true,true,3,3,3,3,0,0,0,JSON_CANONICAL_CSV_GENERATED,tools/Compile-BriefingProductionTranslations.mjs::main,tools/Build-BriefingDat.py::load_production,translations/briefing/*.csv (+ reference_masters/jpn_briefing_master.csv structural check),PASS,canonical_json_artifacts=1
BRIEFING_NBE,BRIEFING_FILES_BLOCK_029C30,work/luna_translation_templates/sol_translation_mappings/BRIEFING/BRIEFING_FILES_BLOCK_029C30.json,translations/briefing/BRIEFING_FILES_BLOCK_029C30.csv,true,true,10,10,10,10,0,0,0,JSON_CANONICAL_CSV_GENERATED,tools/Compile-BriefingProductionTranslations.mjs::main,tools/Build-BriefingDat.py::load_production,translations/briefing/*.csv (+ reference_masters/jpn_briefing_master.csv structural check),PASS,canonical_json_artifacts=1
BRIEFING_NBE,BRIEFING_FILES_BLOCK_02A0B0,work/luna_translation_templates/sol_translation_mappings/BRIEFING/BRIEFING_FILES_BLOCK_02A0B0.json,translations/briefing/BRIEFING_FILES_BLOCK_02A0B0.csv,true,true,7,7,7,7,0,0,0,JSON_CANONICAL_CSV_GENERATED,tools/Compile-BriefingProductionTranslations.mjs::main,tools/Build-BriefingDat.py::load_production,translations/briefing/*.csv (+ reference_masters/jpn_briefing_master.csv structural check),PASS,canonical_json_artifacts=1
BRIEFING_NBE,BRIEFING_FILES_BLOCK_02A4F0,work/luna_translation_templates/sol_translation_mappings/BRIEFING/BRIEFING_FILES_BLOCK_02A4F0.json,translations/briefing/BRIEFING_FILES_BLOCK_02A4F0.csv,true,true,8,8,8,8,0,0,0,JSON_CANONICAL_CSV_GENERATED,tools/Compile-BriefingProductionTranslations.mjs::main,tools/Build-BriefingDat.py::load_production,translations/briefing/*.csv (+ reference_masters/jpn_briefing_master.csv structural check),PASS,canonical_json_artifacts=1
BRIEFING_NBE,BRIEFING_FILES_BLOCK_02A960,work/luna_translation_templates/sol_translation_mappings/BRIEFING/BRIEFING_FILES_BLOCK_02A960.json,translations/briefing/BRIEFING_FILES_BLOCK_02A960.csv,true,true,5,5,5,5,0,0,0,JSON_CANONICAL_CSV_GENERATED,tools/Compile-BriefingProductionTranslations.mjs::main,tools/Build-BriefingDat.py::load_production,translations/briefing/*.csv (+ reference_masters/jpn_briefing_master.csv structural check),PASS,canonical_json_artifacts=1
BRIEFING_NBE,BRIEFING_FILES_BLOCK_02AC70,work/luna_translation_templates/sol_translation_mappings/BRIEFING/BRIEFING_FILES_BLOCK_02AC70.json,translations/briefing/BRIEFING_FILES_BLOCK_02AC70.csv,true,true,5,5,5,5,0,0,0,JSON_CANONICAL_CSV_GENERATED,tools/Compile-BriefingProductionTranslations.mjs::main,tools/Build-BriefingDat.py::load_production,translations/briefing/*.csv (+ reference_masters/jpn_briefing_master.csv structural check),PASS,canonical_json_artifacts=1
BRIEFING_NBE,BRIEFING_FILES_BLOCK_02AF50,work/luna_translation_templates/sol_translation_mappings/BRIEFING/BRIEFING_FILES_BLOCK_02AF50.json,translations/briefing/BRIEFING_FILES_BLOCK_02AF50.csv,true,true,9,9,9,9,0,0,0,JSON_CANONICAL_CSV_GENERATED,tools/Compile-BriefingProductionTranslations.mjs::main,tools/Build-BriefingDat.py::load_production,translations/briefing/*.csv (+ reference_masters/jpn_briefing_master.csv structural check),PASS,canonical_json_artifacts=1
BRIEFING_NBE,BRIEFING_FILES_BLOCK_02B420,work/luna_translation_templates/sol_translation_mappings/BRIEFING/BRIEFING_FILES_BLOCK_02B420.json,translations/briefing/BRIEFING_FILES_BLOCK_02B420.csv,true,true,9,9,9,9,0,0,0,JSON_CANONICAL_CSV_GENERATED,tools/Compile-BriefingProductionTranslations.mjs::main,tools/Build-BriefingDat.py::load_production,translations/briefing/*.csv (+ reference_masters/jpn_briefing_master.csv structural check),PASS,canonical_json_artifacts=1
BRIEFING_NBE,BRIEFING_FILES_BLOCK_02B930,work/luna_translation_templates/sol_translation_mappings/BRIEFING/BRIEFING_FILES_BLOCK_02B930.json,translations/briefing/BRIEFING_FILES_BLOCK_02B930.csv,true,true,11,11,11,11,0,0,0,JSON_CANONICAL_CSV_GENERATED,tools/Compile-BriefingProductionTranslations.mjs::main,tools/Build-BriefingDat.py::load_production,translations/briefing/*.csv (+ reference_masters/jpn_briefing_master.csv structural check),PASS,canonical_json_artifacts=1
BRIEFING_NBE,BRIEFING_FILES_BLOCK_02BEE0,work/luna_translation_templates/sol_translation_mappings/BRIEFING/BRIEFING_FILES_BLOCK_02BEE0.json,translations/briefing/BRIEFING_FILES_BLOCK_02BEE0.csv,true,true,6,6,6,6,0,0,0,JSON_CANONICAL_CSV_GENERATED,tools/Compile-BriefingProductionTranslations.mjs::main,tools/Build-BriefingDat.py::load_production,translations/briefing/*.csv (+ reference_masters/jpn_briefing_master.csv structural check),PASS,canonical_json_artifacts=1
BRIEFING_NBE,BRIEFING_FILES_BLOCK_02C230,work/luna_translation_templates/sol_translation_mappings/BRIEFING/BRIEFING_FILES_BLOCK_02C230.json,translations/briefing/BRIEFING_FILES_BLOCK_02C230.csv,true,true,7,7,7,7,0,0,0,JSON_CANONICAL_CSV_GENERATED,tools/Compile-BriefingProductionTranslations.mjs::main,tools/Build-BriefingDat.py::load_production,translations/briefing/*.csv (+ reference_masters/jpn_briefing_master.csv structural check),PASS,canonical_json_artifacts=1
BRIEFING_NBE,BRIEFING_FILES_BLOCK_02C580,work/luna_translation_templates/sol_translation_mappings/BRIEFING/BRIEFING_FILES_BLOCK_02C580.json,translations/briefing/BRIEFING_FILES_BLOCK_02C580.csv,true,true,9,9,9,9,0,0,0,JSON_CANONICAL_CSV_GENERATED,tools/Compile-BriefingProductionTranslations.mjs::main,tools/Build-BriefingDat.py::load_production,translations/briefing/*.csv (+ reference_masters/jpn_briefing_master.csv structural check),PASS,canonical_json_artifacts=1
BRIEFING_NBE,BRIEFING_FILES_BLOCK_02C9B0,work/luna_translation_templates/sol_translation_mappings/BRIEFING/BRIEFING_FILES_BLOCK_02C9B0.json,translations/briefing/BRIEFING_FILES_BLOCK_02C9B0.csv,true,true,12,12,12,12,0,0,0,JSON_CANONICAL_CSV_GENERATED,tools/Compile-BriefingProductionTranslations.mjs::main,tools/Build-BriefingDat.py::load_production,translations/briefing/*.csv (+ reference_masters/jpn_briefing_master.csv structural check),PASS,canonical_json_artifacts=1
BRIEFING_NBE,BRIEFING_FILES_BLOCK_02CFF0,work/luna_translation_templates/sol_translation_mappings/BRIEFING/BRIEFING_FILES_BLOCK_02CFF0.json,translations/briefing/BRIEFING_FILES_BLOCK_02CFF0.csv,true,true,6,6,6,6,0,0,0,JSON_CANONICAL_CSV_GENERATED,tools/Compile-BriefingProductionTranslations.mjs::main,tools/Build-BriefingDat.py::load_production,translations/briefing/*.csv (+ reference_masters/jpn_briefing_master.csv structural check),PASS,canonical_json_artifacts=1
BRIEFING_NBE,BRIEFING_FILES_BLOCK_02D350,work/luna_translation_templates/sol_translation_mappings/BRIEFING/BRIEFING_FILES_BLOCK_02D350.json,translations/briefing/BRIEFING_FILES_BLOCK_02D350.csv,true,true,8,8,8,8,0,0,0,JSON_CANONICAL_CSV_GENERATED,tools/Compile-BriefingProductionTranslations.mjs::main,tools/Build-BriefingDat.py::load_production,translations/briefing/*.csv (+ reference_masters/jpn_briefing_master.csv structural check),PASS,canonical_json_artifacts=1
BRIEFING_NBE,BRIEFING_FILES_BLOCK_02D700,work/luna_translation_templates/sol_translation_mappings/BRIEFING/BRIEFING_FILES_BLOCK_02D700.json,translations/briefing/BRIEFING_FILES_BLOCK_02D700.csv,true,true,7,7,7,7,0,0,0,JSON_CANONICAL_CSV_GENERATED,tools/Compile-BriefingProductionTranslations.mjs::main,tools/Build-BriefingDat.py::load_production,translations/briefing/*.csv (+ reference_masters/jpn_briefing_master.csv structural check),PASS,canonical_json_artifacts=1
BRIEFING_NBE,BRIEFING_FILES_BLOCK_02DA60,work/luna_translation_templates/sol_translation_mappings/BRIEFING/BRIEFING_FILES_BLOCK_02DA60.json,translations/briefing/BRIEFING_FILES_BLOCK_02DA60.csv,true,true,14,14,14,14,0,0,0,JSON_CANONICAL_CSV_GENERATED,tools/Compile-BriefingProductionTranslations.mjs::main,tools/Build-BriefingDat.py::load_production,translations/briefing/*.csv (+ reference_masters/jpn_briefing_master.csv structural check),PASS,canonical_json_artifacts=1
BRIEFING_NBE,BRIEFING_FILES_BLOCK_02E160,work/luna_translation_templates/sol_translation_mappings/BRIEFING/BRIEFING_FILES_BLOCK_02E160.json,translations/briefing/BRIEFING_FILES_BLOCK_02E160.csv,true,true,11,11,11,11,0,0,0,JSON_CANONICAL_CSV_GENERATED,tools/Compile-BriefingProductionTranslations.mjs::main,tools/Build-BriefingDat.py::load_production,translations/briefing/*.csv (+ reference_masters/jpn_briefing_master.csv structural check),PASS,canonical_json_artifacts=1
BRIEFING_NBE,BRIEFING_FILES_BLOCK_02E610,work/luna_translation_templates/sol_translation_mappings/BRIEFING/BRIEFING_FILES_BLOCK_02E610.json,translations/briefing/BRIEFING_FILES_BLOCK_02E610.csv,true,true,8,8,8,8,0,0,0,JSON_CANONICAL_CSV_GENERATED,tools/Compile-BriefingProductionTranslations.mjs::main,tools/Build-BriefingDat.py::load_production,translations/briefing/*.csv (+ reference_masters/jpn_briefing_master.csv structural check),PASS,canonical_json_artifacts=1
BRIEFING_NBE,BRIEFING_FILES_BLOCK_02EA50,work/luna_translation_templates/sol_translation_mappings/BRIEFING/BRIEFING_FILES_BLOCK_02EA50.json,translations/briefing/BRIEFING_FILES_BLOCK_02EA50.csv,true,true,7,7,7,7,0,0,0,JSON_CANONICAL_CSV_GENERATED,tools/Compile-BriefingProductionTranslations.mjs::main,tools/Build-BriefingDat.py::load_production,translations/briefing/*.csv (+ reference_masters/jpn_briefing_master.csv structural check),PASS,canonical_json_artifacts=1
BRIEFING_NBE,BRIEFING_FILES_BLOCK_02EDB0,work/luna_translation_templates/sol_translation_mappings/BRIEFING/BRIEFING_FILES_BLOCK_02EDB0.json,translations/briefing/BRIEFING_FILES_BLOCK_02EDB0.csv,true,true,9,9,9,9,0,0,0,JSON_CANONICAL_CSV_GENERATED,tools/Compile-BriefingProductionTranslations.mjs::main,tools/Build-BriefingDat.py::load_production,translations/briefing/*.csv (+ reference_masters/jpn_briefing_master.csv structural check),PASS,canonical_json_artifacts=1
BRIEFING_NBE,BRIEFING_FILES_BLOCK_02F240,work/luna_translation_templates/sol_translation_mappings/BRIEFING/BRIEFING_FILES_BLOCK_02F240.json,translations/briefing/BRIEFING_FILES_BLOCK_02F240.csv,true,true,3,3,3,3,0,0,0,JSON_CANONICAL_CSV_GENERATED,tools/Compile-BriefingProductionTranslations.mjs::main,tools/Build-BriefingDat.py::load_production,translations/briefing/*.csv (+ reference_masters/jpn_briefing_master.csv structural check),PASS,canonical_json_artifacts=1
BRIEFING_NBE,BRIEFING_FILES_BLOCK_02F3A0,work/luna_translation_templates/sol_translation_mappings/BRIEFING/BRIEFING_FILES_BLOCK_02F3A0.json,translations/briefing/BRIEFING_FILES_BLOCK_02F3A0.csv,true,true,8,8,8,8,0,0,0,JSON_CANONICAL_CSV_GENERATED,tools/Compile-BriefingProductionTranslations.mjs::main,tools/Build-BriefingDat.py::load_production,translations/briefing/*.csv (+ reference_masters/jpn_briefing_master.csv structural check),PASS,canonical_json_artifacts=1
BRIEFING_NBE,BRIEFING_FILES_BLOCK_02F770,work/luna_translation_templates/sol_translation_mappings/BRIEFING/BRIEFING_FILES_BLOCK_02F770.json,translations/briefing/BRIEFING_FILES_BLOCK_02F770.csv,true,true,5,5,5,5,0,0,0,JSON_CANONICAL_CSV_GENERATED,tools/Compile-BriefingProductionTranslations.mjs::main,tools/Build-BriefingDat.py::load_production,translations/briefing/*.csv (+ reference_masters/jpn_briefing_master.csv structural check),PASS,canonical_json_artifacts=1
BRIEFING_NBE,BRIEFING_FILES_BLOCK_02FA90,work/luna_translation_templates/sol_translation_mappings/BRIEFING/BRIEFING_FILES_BLOCK_02FA90.json,translations/briefing/BRIEFING_FILES_BLOCK_02FA90.csv,true,true,8,8,8,8,0,0,0,JSON_CANONICAL_CSV_GENERATED,tools/Compile-BriefingProductionTranslations.mjs::main,tools/Build-BriefingDat.py::load_production,translations/briefing/*.csv (+ reference_masters/jpn_briefing_master.csv structural check),PASS,canonical_json_artifacts=1
BRIEFING_NBE,BRIEFING_FILES_BLOCK_02FE70,work/luna_translation_templates/sol_translation_mappings/BRIEFING/BRIEFING_FILES_BLOCK_02FE70.json,translations/briefing/BRIEFING_FILES_BLOCK_02FE70.csv,true,true,17,17,17,17,0,0,0,JSON_CANONICAL_CSV_GENERATED,tools/Compile-BriefingProductionTranslations.mjs::main,tools/Build-BriefingDat.py::load_production,translations/briefing/*.csv (+ reference_masters/jpn_briefing_master.csv structural check),PASS,canonical_json_artifacts=1
BRIEFING_NBE,BRIEFING_FILES_BLOCK_0306F0,work/luna_translation_templates/sol_translation_mappings/BRIEFING/BRIEFING_FILES_BLOCK_0306F0.json,translations/briefing/BRIEFING_FILES_BLOCK_0306F0.csv,true,true,11,11,11,11,0,0,0,JSON_CANONICAL_CSV_GENERATED,tools/Compile-BriefingProductionTranslations.mjs::main,tools/Build-BriefingDat.py::load_production,translations/briefing/*.csv (+ reference_masters/jpn_briefing_master.csv structural check),PASS,canonical_json_artifacts=1
BRIEFING_NBE,BRIEFING_FILES_BLOCK_030DC0,work/luna_translation_templates/sol_translation_mappings/BRIEFING/BRIEFING_FILES_BLOCK_030DC0.json,translations/briefing/BRIEFING_FILES_BLOCK_030DC0.csv,true,true,7,7,7,7,0,0,0,JSON_CANONICAL_CSV_GENERATED,tools/Compile-BriefingProductionTranslations.mjs::main,tools/Build-BriefingDat.py::load_production,translations/briefing/*.csv (+ reference_masters/jpn_briefing_master.csv structural check),PASS,canonical_json_artifacts=1
BRIEFING_NBE,BRIEFING_FILES_BLOCK_031190,work/luna_translation_templates/sol_translation_mappings/BRIEFING/BRIEFING_FILES_BLOCK_031190.json,translations/briefing/BRIEFING_FILES_BLOCK_031190.csv,true,true,8,8,8,8,0,0,0,JSON_CANONICAL_CSV_GENERATED,tools/Compile-BriefingProductionTranslations.mjs::main,tools/Build-BriefingDat.py::load_production,translations/briefing/*.csv (+ reference_masters/jpn_briefing_master.csv structural check),PASS,canonical_json_artifacts=1
BRIEFING_NBE,BRIEFING_FILES_BLOCK_031670,work/luna_translation_templates/sol_translation_mappings/BRIEFING/BRIEFING_FILES_BLOCK_031670.json,translations/briefing/BRIEFING_FILES_BLOCK_031670.csv,true,true,8,8,8,8,0,0,0,JSON_CANONICAL_CSV_GENERATED,tools/Compile-BriefingProductionTranslations.mjs::main,tools/Build-BriefingDat.py::load_production,translations/briefing/*.csv (+ reference_masters/jpn_briefing_master.csv structural check),PASS,canonical_json_artifacts=1
BRIEFING_NBE,BRIEFING_FILES_BLOCK_031B20,work/luna_translation_templates/sol_translation_mappings/BRIEFING/BRIEFING_FILES_BLOCK_031B20.json,translations/briefing/BRIEFING_FILES_BLOCK_031B20.csv,true,true,19,19,19,19,0,0,0,JSON_CANONICAL_CSV_GENERATED,tools/Compile-BriefingProductionTranslations.mjs::main,tools/Build-BriefingDat.py::load_production,translations/briefing/*.csv (+ reference_masters/jpn_briefing_master.csv structural check),PASS,canonical_json_artifacts=1
BRIEFING_NBE,BRIEFING_FILES_BLOCK_0323D0,work/luna_translation_templates/sol_translation_mappings/BRIEFING/BRIEFING_FILES_BLOCK_0323D0.json,translations/briefing/BRIEFING_FILES_BLOCK_0323D0.csv,true,true,16,16,16,16,0,0,0,JSON_CANONICAL_CSV_GENERATED,tools/Compile-BriefingProductionTranslations.mjs::main,tools/Build-BriefingDat.py::load_production,translations/briefing/*.csv (+ reference_masters/jpn_briefing_master.csv structural check),PASS,canonical_json_artifacts=1
BRIEFING_NBE,BRIEFING_FILES_BLOCK_032C30,work/luna_translation_templates/sol_translation_mappings/BRIEFING/BRIEFING_FILES_BLOCK_032C30.json,translations/briefing/BRIEFING_FILES_BLOCK_032C30.csv,true,true,13,13,13,13,0,0,0,JSON_CANONICAL_CSV_GENERATED,tools/Compile-BriefingProductionTranslations.mjs::main,tools/Build-BriefingDat.py::load_production,translations/briefing/*.csv (+ reference_masters/jpn_briefing_master.csv structural check),PASS,canonical_json_artifacts=1
BRIEFING_NBE,BRIEFING_FILES_BLOCK_0331A0,work/luna_translation_templates/sol_translation_mappings/BRIEFING/BRIEFING_FILES_BLOCK_0331A0.json,translations/briefing/BRIEFING_FILES_BLOCK_0331A0.csv,true,true,11,11,11,11,0,0,0,JSON_CANONICAL_CSV_GENERATED,tools/Compile-BriefingProductionTranslations.mjs::main,tools/Build-BriefingDat.py::load_production,translations/briefing/*.csv (+ reference_masters/jpn_briefing_master.csv structural check),PASS,canonical_json_artifacts=1
BRIEFING_NBE,BRIEFING_FILES_BLOCK_033680,work/luna_translation_templates/sol_translation_mappings/BRIEFING/BRIEFING_FILES_BLOCK_033680.json,translations/briefing/BRIEFING_FILES_BLOCK_033680.csv,true,true,19,19,19,19,0,0,0,JSON_CANONICAL_CSV_GENERATED,tools/Compile-BriefingProductionTranslations.mjs::main,tools/Build-BriefingDat.py::load_production,translations/briefing/*.csv (+ reference_masters/jpn_briefing_master.csv structural check),PASS,canonical_json_artifacts=1
BRIEFING_NBE,BRIEFING_FILES_BLOCK_034100,work/luna_translation_templates/sol_translation_mappings/BRIEFING/BRIEFING_FILES_BLOCK_034100.json,translations/briefing/BRIEFING_FILES_BLOCK_034100.csv,true,true,12,12,12,12,0,0,0,JSON_CANONICAL_CSV_GENERATED,tools/Compile-BriefingProductionTranslations.mjs::main,tools/Build-BriefingDat.py::load_production,translations/briefing/*.csv (+ reference_masters/jpn_briefing_master.csv structural check),PASS,canonical_json_artifacts=1
BRIEFING_NBE,BRIEFING_FILES_BLOCK_0346C0,work/luna_translation_templates/sol_translation_mappings/BRIEFING/BRIEFING_FILES_BLOCK_0346C0.json,translations/briefing/BRIEFING_FILES_BLOCK_0346C0.csv,true,true,10,10,10,10,0,0,0,JSON_CANONICAL_CSV_GENERATED,tools/Compile-BriefingProductionTranslations.mjs::main,tools/Build-BriefingDat.py::load_production,translations/briefing/*.csv (+ reference_masters/jpn_briefing_master.csv structural check),PASS,canonical_json_artifacts=1
BRIEFING_NBE,BRIEFING_FILES_BLOCK_034C20,work/luna_translation_templates/sol_translation_mappings/BRIEFING/BRIEFING_FILES_BLOCK_034C20.json,translations/briefing/BRIEFING_FILES_BLOCK_034C20.csv,true,true,26,26,26,26,0,0,0,JSON_CANONICAL_CSV_GENERATED,tools/Compile-BriefingProductionTranslations.mjs::main,tools/Build-BriefingDat.py::load_production,translations/briefing/*.csv (+ reference_masters/jpn_briefing_master.csv structural check),PASS,canonical_json_artifacts=1
BRIEFING_NBE,BRIEFING_FILES_BLOCK_035660,work/luna_translation_templates/sol_translation_mappings/BRIEFING/BRIEFING_FILES_BLOCK_035660.json,translations/briefing/BRIEFING_FILES_BLOCK_035660.csv,true,true,12,12,12,12,0,0,0,JSON_CANONICAL_CSV_GENERATED,tools/Compile-BriefingProductionTranslations.mjs::main,tools/Build-BriefingDat.py::load_production,translations/briefing/*.csv (+ reference_masters/jpn_briefing_master.csv structural check),PASS,canonical_json_artifacts=1
BRIEFING_NBE,BRIEFING_FILES_BLOCK_035C60,work/luna_translation_templates/sol_translation_mappings/BRIEFING/BRIEFING_FILES_BLOCK_035C60.json,translations/briefing/BRIEFING_FILES_BLOCK_035C60.csv,true,true,12,12,12,12,0,0,0,JSON_CANONICAL_CSV_GENERATED,tools/Compile-BriefingProductionTranslations.mjs::main,tools/Build-BriefingDat.py::load_production,translations/briefing/*.csv (+ reference_masters/jpn_briefing_master.csv structural check),PASS,canonical_json_artifacts=1
BRIEFING_NBE,BRIEFING_FILES_BLOCK_036310,work/luna_translation_templates/sol_translation_mappings/BRIEFING/BRIEFING_FILES_BLOCK_036310.json,translations/briefing/BRIEFING_FILES_BLOCK_036310.csv,true,true,18,18,18,18,0,0,0,JSON_CANONICAL_CSV_GENERATED,tools/Compile-BriefingProductionTranslations.mjs::main,tools/Build-BriefingDat.py::load_production,translations/briefing/*.csv (+ reference_masters/jpn_briefing_master.csv structural check),PASS,canonical_json_artifacts=1
BRIEFING_NBE,BRIEFING_FILES_BLOCK_036C20,work/luna_translation_templates/sol_translation_mappings/BRIEFING/BRIEFING_FILES_BLOCK_036C20.json,translations/briefing/BRIEFING_FILES_BLOCK_036C20.csv,true,true,22,22,22,22,0,0,0,JSON_CANONICAL_CSV_GENERATED,tools/Compile-BriefingProductionTranslations.mjs::main,tools/Build-BriefingDat.py::load_production,translations/briefing/*.csv (+ reference_masters/jpn_briefing_master.csv structural check),PASS,canonical_json_artifacts=1
BRIEFING_NBE,BRIEFING_FILES_BLOCK_0377F0,work/luna_translation_templates/sol_translation_mappings/BRIEFING/BRIEFING_FILES_BLOCK_0377F0.json,translations/briefing/BRIEFING_FILES_BLOCK_0377F0.csv,true,true,11,11,11,11,0,0,0,JSON_CANONICAL_CSV_GENERATED,tools/Compile-BriefingProductionTranslations.mjs::main,tools/Build-BriefingDat.py::load_production,translations/briefing/*.csv (+ reference_masters/jpn_briefing_master.csv structural check),PASS,canonical_json_artifacts=1
BRIEFING_NBE,BRIEFING_FILES_BLOCK_037D80,work/luna_translation_templates/sol_translation_mappings/BRIEFING/BRIEFING_FILES_BLOCK_037D80.json,translations/briefing/BRIEFING_FILES_BLOCK_037D80.csv,true,true,10,10,10,10,0,0,0,JSON_CANONICAL_CSV_GENERATED,tools/Compile-BriefingProductionTranslations.mjs::main,tools/Build-BriefingDat.py::load_production,translations/briefing/*.csv (+ reference_masters/jpn_briefing_master.csv structural check),PASS,canonical_json_artifacts=1
BRIEFING_NBE,BRIEFING_FILES_BLOCK_038360,work/luna_translation_templates/sol_translation_mappings/BRIEFING/BRIEFING_FILES_BLOCK_038360.json,translations/briefing/BRIEFING_FILES_BLOCK_038360.csv,true,true,17,17,17,17,0,0,0,JSON_CANONICAL_CSV_GENERATED,tools/Compile-BriefingProductionTranslations.mjs::main,tools/Build-BriefingDat.py::load_production,translations/briefing/*.csv (+ reference_masters/jpn_briefing_master.csv structural check),PASS,canonical_json_artifacts=1
BRIEFING_NBE,BRIEFING_FILES_BLOCK_038A50,work/luna_translation_templates/sol_translation_mappings/BRIEFING/BRIEFING_FILES_BLOCK_038A50.json,translations/briefing/BRIEFING_FILES_BLOCK_038A50.csv,true,true,9,9,9,9,0,0,0,JSON_CANONICAL_CSV_GENERATED,tools/Compile-BriefingProductionTranslations.mjs::main,tools/Build-BriefingDat.py::load_production,translations/briefing/*.csv (+ reference_masters/jpn_briefing_master.csv structural check),PASS,canonical_json_artifacts=1
BRIEFING_NBE,BRIEFING_FILES_BLOCK_038F80,work/luna_translation_templates/sol_translation_mappings/BRIEFING/BRIEFING_FILES_BLOCK_038F80.json,translations/briefing/BRIEFING_FILES_BLOCK_038F80.csv,true,true,22,22,22,22,0,0,0,JSON_CANONICAL_CSV_GENERATED,tools/Compile-BriefingProductionTranslations.mjs::main,tools/Build-BriefingDat.py::load_production,translations/briefing/*.csv (+ reference_masters/jpn_briefing_master.csv structural check),PASS,canonical_json_artifacts=1
BRIEFING_NBE,BRIEFING_FILES_BLOCK_039A40,work/luna_translation_templates/sol_translation_mappings/BRIEFING/BRIEFING_FILES_BLOCK_039A40.json,translations/briefing/BRIEFING_FILES_BLOCK_039A40.csv,true,true,1,1,1,1,0,0,0,JSON_CANONICAL_CSV_GENERATED,tools/Compile-BriefingProductionTranslations.mjs::main,tools/Build-BriefingDat.py::load_production,translations/briefing/*.csv (+ reference_masters/jpn_briefing_master.csv structural check),PASS,canonical_json_artifacts=1
BRIEFING_NBE,BRIEFING_FILES_BLOCK_039B10,work/luna_translation_templates/sol_translation_mappings/BRIEFING/BRIEFING_FILES_BLOCK_039B10.json,translations/briefing/BRIEFING_FILES_BLOCK_039B10.csv,true,true,5,5,5,5,0,0,0,JSON_CANONICAL_CSV_GENERATED,tools/Compile-BriefingProductionTranslations.mjs::main,tools/Build-BriefingDat.py::load_production,translations/briefing/*.csv (+ reference_masters/jpn_briefing_master.csv structural check),PASS,canonical_json_artifacts=1
BRIEFING_NBE,BRIEFING_FILES_BLOCK_039D80,work/luna_translation_templates/sol_translation_mappings/BRIEFING/BRIEFING_FILES_BLOCK_039D80.json,translations/briefing/BRIEFING_FILES_BLOCK_039D80.csv,true,true,12,12,12,12,0,0,0,JSON_CANONICAL_CSV_GENERATED,tools/Compile-BriefingProductionTranslations.mjs::main,tools/Build-BriefingDat.py::load_production,translations/briefing/*.csv (+ reference_masters/jpn_briefing_master.csv structural check),PASS,canonical_json_artifacts=1
BRIEFING_NBE,BRIEFING_FILES_BLOCK_03A280,work/luna_translation_templates/sol_translation_mappings/BRIEFING/BRIEFING_FILES_BLOCK_03A280.json,translations/briefing/BRIEFING_FILES_BLOCK_03A280.csv,true,true,22,22,22,22,0,0,0,JSON_CANONICAL_CSV_GENERATED,tools/Compile-BriefingProductionTranslations.mjs::main,tools/Build-BriefingDat.py::load_production,translations/briefing/*.csv (+ reference_masters/jpn_briefing_master.csv structural check),PASS,canonical_json_artifacts=1
BRIEFING_NBE,BRIEFING_FILES_BLOCK_03ABE0,work/luna_translation_templates/sol_translation_mappings/BRIEFING/BRIEFING_FILES_BLOCK_03ABE0.json,translations/briefing/BRIEFING_FILES_BLOCK_03ABE0.csv,true,true,9,9,9,9,0,0,0,JSON_CANONICAL_CSV_GENERATED,tools/Compile-BriefingProductionTranslations.mjs::main,tools/Build-BriefingDat.py::load_production,translations/briefing/*.csv (+ reference_masters/jpn_briefing_master.csv structural check),PASS,canonical_json_artifacts=1
BRIEFING_NBE,BRIEFING_FILES_BLOCK_03B000,work/luna_translation_templates/sol_translation_mappings/BRIEFING/BRIEFING_FILES_BLOCK_03B000.json,translations/briefing/BRIEFING_FILES_BLOCK_03B000.csv,true,true,8,8,8,8,0,0,0,JSON_CANONICAL_CSV_GENERATED,tools/Compile-BriefingProductionTranslations.mjs::main,tools/Build-BriefingDat.py::load_production,translations/briefing/*.csv (+ reference_masters/jpn_briefing_master.csv structural check),PASS,canonical_json_artifacts=1
BRIEFING_NBE,BRIEFING_FILES_BLOCK_03B490,work/luna_translation_templates/sol_translation_mappings/BRIEFING/BRIEFING_FILES_BLOCK_03B490.json,translations/briefing/BRIEFING_FILES_BLOCK_03B490.csv,true,true,7,7,7,7,0,0,0,JSON_CANONICAL_CSV_GENERATED,tools/Compile-BriefingProductionTranslations.mjs::main,tools/Build-BriefingDat.py::load_production,translations/briefing/*.csv (+ reference_masters/jpn_briefing_master.csv structural check),PASS,canonical_json_artifacts=1
BRIEFING_NBE,BRIEFING_FILES_BLOCK_03B7D0,work/luna_translation_templates/sol_translation_mappings/BRIEFING/BRIEFING_FILES_BLOCK_03B7D0.json,translations/briefing/BRIEFING_FILES_BLOCK_03B7D0.csv,true,true,8,8,8,8,0,0,0,JSON_CANONICAL_CSV_GENERATED,tools/Compile-BriefingProductionTranslations.mjs::main,tools/Build-BriefingDat.py::load_production,translations/briefing/*.csv (+ reference_masters/jpn_briefing_master.csv structural check),PASS,canonical_json_artifacts=1
BRIEFING_NBE,BRIEFING_FILES_BLOCK_03BAE0,work/luna_translation_templates/sol_translation_mappings/BRIEFING/BRIEFING_FILES_BLOCK_03BAE0.json,translations/briefing/BRIEFING_FILES_BLOCK_03BAE0.csv,true,true,8,8,8,8,0,0,0,JSON_CANONICAL_CSV_GENERATED,tools/Compile-BriefingProductionTranslations.mjs::main,tools/Build-BriefingDat.py::load_production,translations/briefing/*.csv (+ reference_masters/jpn_briefing_master.csv structural check),PASS,canonical_json_artifacts=1
BRIEFING_NBE,BRIEFING_FILES_BLOCK_03BE50,work/luna_translation_templates/sol_translation_mappings/BRIEFING/BRIEFING_FILES_BLOCK_03BE50.json,translations/briefing/BRIEFING_FILES_BLOCK_03BE50.csv,true,true,6,6,6,6,0,0,0,JSON_CANONICAL_CSV_GENERATED,tools/Compile-BriefingProductionTranslations.mjs::main,tools/Build-BriefingDat.py::load_production,translations/briefing/*.csv (+ reference_masters/jpn_briefing_master.csv structural check),PASS,canonical_json_artifacts=1
BRIEFING_NBE,BRIEFING_FILES_BLOCK_03C190,work/luna_translation_templates/sol_translation_mappings/BRIEFING/BRIEFING_FILES_BLOCK_03C190.json,translations/briefing/BRIEFING_FILES_BLOCK_03C190.csv,true,true,9,9,9,9,0,0,0,JSON_CANONICAL_CSV_GENERATED,tools/Compile-BriefingProductionTranslations.mjs::main,tools/Build-BriefingDat.py::load_production,translations/briefing/*.csv (+ reference_masters/jpn_briefing_master.csv structural check),PASS,canonical_json_artifacts=1
BRIEFING_NBE,BRIEFING_FILES_BLOCK_03C650,work/luna_translation_templates/sol_translation_mappings/BRIEFING/BRIEFING_FILES_BLOCK_03C650.json,translations/briefing/BRIEFING_FILES_BLOCK_03C650.csv,true,true,9,9,9,9,0,0,0,JSON_CANONICAL_CSV_GENERATED,tools/Compile-BriefingProductionTranslations.mjs::main,tools/Build-BriefingDat.py::load_production,translations/briefing/*.csv (+ reference_masters/jpn_briefing_master.csv structural check),PASS,canonical_json_artifacts=1
BRIEFING_NBE,BRIEFING_FILES_BLOCK_03CB30,work/luna_translation_templates/sol_translation_mappings/BRIEFING/BRIEFING_FILES_BLOCK_03CB30.json,translations/briefing/BRIEFING_FILES_BLOCK_03CB30.csv,true,true,4,4,4,4,0,0,0,JSON_CANONICAL_CSV_GENERATED,tools/Compile-BriefingProductionTranslations.mjs::main,tools/Build-BriefingDat.py::load_production,translations/briefing/*.csv (+ reference_masters/jpn_briefing_master.csv structural check),PASS,canonical_json_artifacts=1
BRIEFING_NBE,BRIEFING_FILES_BLOCK_03CDD0,work/luna_translation_templates/sol_translation_mappings/BRIEFING/BRIEFING_FILES_BLOCK_03CDD0.json,translations/briefing/BRIEFING_FILES_BLOCK_03CDD0.csv,true,true,10,10,10,10,0,0,0,JSON_CANONICAL_CSV_GENERATED,tools/Compile-BriefingProductionTranslations.mjs::main,tools/Build-BriefingDat.py::load_production,translations/briefing/*.csv (+ reference_masters/jpn_briefing_master.csv structural check),PASS,canonical_json_artifacts=1
BRIEFING_NBE,BRIEFING_FILES_BLOCK_03D250,work/luna_translation_templates/sol_translation_mappings/BRIEFING/BRIEFING_FILES_BLOCK_03D250.json,translations/briefing/BRIEFING_FILES_BLOCK_03D250.csv,true,true,11,11,11,11,0,0,0,JSON_CANONICAL_CSV_GENERATED,tools/Compile-BriefingProductionTranslations.mjs::main,tools/Build-BriefingDat.py::load_production,translations/briefing/*.csv (+ reference_masters/jpn_briefing_master.csv structural check),PASS,canonical_json_artifacts=1
BRIEFING_NBE,BRIEFING_FILES_BLOCK_03D710,work/luna_translation_templates/sol_translation_mappings/BRIEFING/BRIEFING_FILES_BLOCK_03D710.json,translations/briefing/BRIEFING_FILES_BLOCK_03D710.csv,true,true,7,7,7,7,0,0,0,JSON_CANONICAL_CSV_GENERATED,tools/Compile-BriefingProductionTranslations.mjs::main,tools/Build-BriefingDat.py::load_production,translations/briefing/*.csv (+ reference_masters/jpn_briefing_master.csv structural check),PASS,canonical_json_artifacts=1
BRIEFING_NBE,BRIEFING_FILES_BLOCK_03D9B0,work/luna_translation_templates/sol_translation_mappings/BRIEFING/BRIEFING_FILES_BLOCK_03D9B0.json,translations/briefing/BRIEFING_FILES_BLOCK_03D9B0.csv,true,true,9,9,9,9,0,0,0,JSON_CANONICAL_CSV_GENERATED,tools/Compile-BriefingProductionTranslations.mjs::main,tools/Build-BriefingDat.py::load_production,translations/briefing/*.csv (+ reference_masters/jpn_briefing_master.csv structural check),PASS,canonical_json_artifacts=1
BRIEFING_NBE,BRIEFING_FILES_BLOCK_03DDC0,work/luna_translation_templates/sol_translation_mappings/BRIEFING/BRIEFING_FILES_BLOCK_03DDC0.json,translations/briefing/BRIEFING_FILES_BLOCK_03DDC0.csv,true,true,7,7,7,7,0,0,0,JSON_CANONICAL_CSV_GENERATED,tools/Compile-BriefingProductionTranslations.mjs::main,tools/Build-BriefingDat.py::load_production,translations/briefing/*.csv (+ reference_masters/jpn_briefing_master.csv structural check),PASS,canonical_json_artifacts=1
BRIEFING_NBE,BRIEFING_FILES_BLOCK_03E0D0,work/luna_translation_templates/sol_translation_mappings/BRIEFING/BRIEFING_FILES_BLOCK_03E0D0.json,translations/briefing/BRIEFING_FILES_BLOCK_03E0D0.csv,true,true,9,9,9,9,0,0,0,JSON_CANONICAL_CSV_GENERATED,tools/Compile-BriefingProductionTranslations.mjs::main,tools/Build-BriefingDat.py::load_production,translations/briefing/*.csv (+ reference_masters/jpn_briefing_master.csv structural check),PASS,canonical_json_artifacts=1
BRIEFING_NBE,BRIEFING_FILES_BLOCK_03E470,work/luna_translation_templates/sol_translation_mappings/BRIEFING/BRIEFING_FILES_BLOCK_03E470.json,translations/briefing/BRIEFING_FILES_BLOCK_03E470.csv,true,true,7,7,7,7,0,0,0,JSON_CANONICAL_CSV_GENERATED,tools/Compile-BriefingProductionTranslations.mjs::main,tools/Build-BriefingDat.py::load_production,translations/briefing/*.csv (+ reference_masters/jpn_briefing_master.csv structural check),PASS,canonical_json_artifacts=1
BRIEFING_NBE,BRIEFING_FILES_BLOCK_03E7A0,work/luna_translation_templates/sol_translation_mappings/BRIEFING/BRIEFING_FILES_BLOCK_03E7A0.json,translations/briefing/BRIEFING_FILES_BLOCK_03E7A0.csv,true,true,11,11,11,11,0,0,0,JSON_CANONICAL_CSV_GENERATED,tools/Compile-BriefingProductionTranslations.mjs::main,tools/Build-BriefingDat.py::load_production,translations/briefing/*.csv (+ reference_masters/jpn_briefing_master.csv structural check),PASS,canonical_json_artifacts=1
BRIEFING_NBE,BRIEFING_FILES_BLOCK_03ECC0,work/luna_translation_templates/sol_translation_mappings/BRIEFING/BRIEFING_FILES_BLOCK_03ECC0.json,translations/briefing/BRIEFING_FILES_BLOCK_03ECC0.csv,true,true,1,1,1,1,0,0,0,JSON_CANONICAL_CSV_GENERATED,tools/Compile-BriefingProductionTranslations.mjs::main,tools/Build-BriefingDat.py::load_production,translations/briefing/*.csv (+ reference_masters/jpn_briefing_master.csv structural check),PASS,canonical_json_artifacts=1
BRIEFING_NBE,BRIEFING_FILES_BLOCK_03EDD0,work/luna_translation_templates/sol_translation_mappings/BRIEFING/BRIEFING_FILES_BLOCK_03EDD0.json,translations/briefing/BRIEFING_FILES_BLOCK_03EDD0.csv,true,true,1,1,1,1,0,0,0,JSON_CANONICAL_CSV_GENERATED,tools/Compile-BriefingProductionTranslations.mjs::main,tools/Build-BriefingDat.py::load_production,translations/briefing/*.csv (+ reference_masters/jpn_briefing_master.csv structural check),PASS,canonical_json_artifacts=1
BRIEFING_NBE,BRIEFING_FILES_BLOCK_03EEB0,work/luna_translation_templates/sol_translation_mappings/BRIEFING/BRIEFING_FILES_BLOCK_03EEB0.json,translations/briefing/BRIEFING_FILES_BLOCK_03EEB0.csv,true,true,6,6,6,6,0,0,0,JSON_CANONICAL_CSV_GENERATED,tools/Compile-BriefingProductionTranslations.mjs::main,tools/Build-BriefingDat.py::load_production,translations/briefing/*.csv (+ reference_masters/jpn_briefing_master.csv structural check),PASS,canonical_json_artifacts=1
BRIEFING_NBE,BRIEFING_FILES_BLOCK_03F1C0,work/luna_translation_templates/sol_translation_mappings/BRIEFING/BRIEFING_FILES_BLOCK_03F1C0.json,translations/briefing/BRIEFING_FILES_BLOCK_03F1C0.csv,true,true,9,9,9,9,0,0,0,JSON_CANONICAL_CSV_GENERATED,tools/Compile-BriefingProductionTranslations.mjs::main,tools/Build-BriefingDat.py::load_production,translations/briefing/*.csv (+ reference_masters/jpn_briefing_master.csv structural check),PASS,canonical_json_artifacts=1
BRIEFING_NBE,BRIEFING_FILES_BLOCK_03F620,work/luna_translation_templates/sol_translation_mappings/BRIEFING/BRIEFING_FILES_BLOCK_03F620.json,translations/briefing/BRIEFING_FILES_BLOCK_03F620.csv,true,true,8,8,8,8,0,0,0,JSON_CANONICAL_CSV_GENERATED,tools/Compile-BriefingProductionTranslations.mjs::main,tools/Build-BriefingDat.py::load_production,translations/briefing/*.csv (+ reference_masters/jpn_briefing_master.csv structural check),PASS,canonical_json_artifacts=1
BRIEFING_NBE,BRIEFING_FILES_BLOCK_03FB00,work/luna_translation_templates/sol_translation_mappings/BRIEFING/BRIEFING_FILES_BLOCK_03FB00.json,translations/briefing/BRIEFING_FILES_BLOCK_03FB00.csv,true,true,4,4,4,4,0,0,0,JSON_CANONICAL_CSV_GENERATED,tools/Compile-BriefingProductionTranslations.mjs::main,tools/Build-BriefingDat.py::load_production,translations/briefing/*.csv (+ reference_masters/jpn_briefing_master.csv structural check),PASS,canonical_json_artifacts=1
BRIEFING_NBE,BRIEFING_FILES_BLOCK_03FE00,work/luna_translation_templates/sol_translation_mappings/BRIEFING/BRIEFING_FILES_BLOCK_03FE00.json,translations/briefing/BRIEFING_FILES_BLOCK_03FE00.csv,true,true,5,5,5,5,0,0,0,JSON_CANONICAL_CSV_GENERATED,tools/Compile-BriefingProductionTranslations.mjs::main,tools/Build-BriefingDat.py::load_production,translations/briefing/*.csv (+ reference_masters/jpn_briefing_master.csv structural check),PASS,canonical_json_artifacts=1
BRIEFING_NBE,BRIEFING_FILES_BLOCK_0400C0,work/luna_translation_templates/sol_translation_mappings/BRIEFING/BRIEFING_FILES_BLOCK_0400C0.json,translations/briefing/BRIEFING_FILES_BLOCK_0400C0.csv,true,true,6,6,6,6,0,0,0,JSON_CANONICAL_CSV_GENERATED,tools/Compile-BriefingProductionTranslations.mjs::main,tools/Build-BriefingDat.py::load_production,translations/briefing/*.csv (+ reference_masters/jpn_briefing_master.csv structural check),PASS,canonical_json_artifacts=1
BRIEFING_NBE,BRIEFING_FILES_BLOCK_040440,work/luna_translation_templates/sol_translation_mappings/BRIEFING/BRIEFING_FILES_BLOCK_040440.json,translations/briefing/BRIEFING_FILES_BLOCK_040440.csv,true,true,9,9,9,9,0,0,0,JSON_CANONICAL_CSV_GENERATED,tools/Compile-BriefingProductionTranslations.mjs::main,tools/Build-BriefingDat.py::load_production,translations/briefing/*.csv (+ reference_masters/jpn_briefing_master.csv structural check),PASS,canonical_json_artifacts=1
BRIEFING_NBE,BRIEFING_FILES_BLOCK_0408D0,work/luna_translation_templates/sol_translation_mappings/BRIEFING/BRIEFING_FILES_BLOCK_0408D0.json,translations/briefing/BRIEFING_FILES_BLOCK_0408D0.csv,true,true,15,15,15,15,0,0,0,JSON_CANONICAL_CSV_GENERATED,tools/Compile-BriefingProductionTranslations.mjs::main,tools/Build-BriefingDat.py::load_production,translations/briefing/*.csv (+ reference_masters/jpn_briefing_master.csv structural check),PASS,canonical_json_artifacts=1
BRIEFING_NBE,BRIEFING_FILES_BLOCK_040F10,work/luna_translation_templates/sol_translation_mappings/BRIEFING/BRIEFING_FILES_BLOCK_040F10.json,translations/briefing/BRIEFING_FILES_BLOCK_040F10.csv,true,true,8,8,8,8,0,0,0,JSON_CANONICAL_CSV_GENERATED,tools/Compile-BriefingProductionTranslations.mjs::main,tools/Build-BriefingDat.py::load_production,translations/briefing/*.csv (+ reference_masters/jpn_briefing_master.csv structural check),PASS,canonical_json_artifacts=1
BRIEFING_NBE,BRIEFING_FILES_BLOCK_041360,work/luna_translation_templates/sol_translation_mappings/BRIEFING/BRIEFING_FILES_BLOCK_041360.json,translations/briefing/BRIEFING_FILES_BLOCK_041360.csv,true,true,8,8,8,8,0,0,0,JSON_CANONICAL_CSV_GENERATED,tools/Compile-BriefingProductionTranslations.mjs::main,tools/Build-BriefingDat.py::load_production,translations/briefing/*.csv (+ reference_masters/jpn_briefing_master.csv structural check),PASS,canonical_json_artifacts=1
BRIEFING_NBE,BRIEFING_FILES_BLOCK_041770,work/luna_translation_templates/sol_translation_mappings/BRIEFING/BRIEFING_FILES_BLOCK_041770.json,translations/briefing/BRIEFING_FILES_BLOCK_041770.csv,true,true,7,7,7,7,0,0,0,JSON_CANONICAL_CSV_GENERATED,tools/Compile-BriefingProductionTranslations.mjs::main,tools/Build-BriefingDat.py::load_production,translations/briefing/*.csv (+ reference_masters/jpn_briefing_master.csv structural check),PASS,canonical_json_artifacts=1
BRIEFING_NBE,BRIEFING_FILES_BLOCK_041A90,work/luna_translation_templates/sol_translation_mappings/BRIEFING/BRIEFING_FILES_BLOCK_041A90.json,translations/briefing/BRIEFING_FILES_BLOCK_041A90.csv,true,true,11,11,11,11,0,0,0,JSON_CANONICAL_CSV_GENERATED,tools/Compile-BriefingProductionTranslations.mjs::main,tools/Build-BriefingDat.py::load_production,translations/briefing/*.csv (+ reference_masters/jpn_briefing_master.csv structural check),PASS,canonical_json_artifacts=1
BRIEFING_NBE,BRIEFING_FILES_BLOCK_042040,work/luna_translation_templates/sol_translation_mappings/BRIEFING/BRIEFING_FILES_BLOCK_042040.json,translations/briefing/BRIEFING_FILES_BLOCK_042040.csv,true,true,12,12,12,12,0,0,0,JSON_CANONICAL_CSV_GENERATED,tools/Compile-BriefingProductionTranslations.mjs::main,tools/Build-BriefingDat.py::load_production,translations/briefing/*.csv (+ reference_masters/jpn_briefing_master.csv structural check),PASS,canonical_json_artifacts=1
BRIEFING_NBE,BRIEFING_FILES_BLOCK_042570,work/luna_translation_templates/sol_translation_mappings/BRIEFING/BRIEFING_FILES_BLOCK_042570.json,translations/briefing/BRIEFING_FILES_BLOCK_042570.csv,true,true,15,15,15,15,0,0,0,JSON_CANONICAL_CSV_GENERATED,tools/Compile-BriefingProductionTranslations.mjs::main,tools/Build-BriefingDat.py::load_production,translations/briefing/*.csv (+ reference_masters/jpn_briefing_master.csv structural check),PASS,canonical_json_artifacts=1
BRIEFING_NBE,BRIEFING_FILES_BLOCK_042C00,work/luna_translation_templates/sol_translation_mappings/BRIEFING/BRIEFING_FILES_BLOCK_042C00.json,translations/briefing/BRIEFING_FILES_BLOCK_042C00.csv,true,true,14,14,14,14,0,0,0,JSON_CANONICAL_CSV_GENERATED,tools/Compile-BriefingProductionTranslations.mjs::main,tools/Build-BriefingDat.py::load_production,translations/briefing/*.csv (+ reference_masters/jpn_briefing_master.csv structural check),PASS,canonical_json_artifacts=1
BRIEFING_NBE,BRIEFING_FILES_BLOCK_043380,work/luna_translation_templates/sol_translation_mappings/BRIEFING/BRIEFING_FILES_BLOCK_043380.json,translations/briefing/BRIEFING_FILES_BLOCK_043380.csv,true,true,11,11,11,11,0,0,0,JSON_CANONICAL_CSV_GENERATED,tools/Compile-BriefingProductionTranslations.mjs::main,tools/Build-BriefingDat.py::load_production,translations/briefing/*.csv (+ reference_masters/jpn_briefing_master.csv structural check),PASS,canonical_json_artifacts=1
BRIEFING_NBE,BRIEFING_FILES_BLOCK_0439A0,work/luna_translation_templates/sol_translation_mappings/BRIEFING/BRIEFING_FILES_BLOCK_0439A0.json,translations/briefing/BRIEFING_FILES_BLOCK_0439A0.csv,true,true,13,13,13,13,0,0,0,JSON_CANONICAL_CSV_GENERATED,tools/Compile-BriefingProductionTranslations.mjs::main,tools/Build-BriefingDat.py::load_production,translations/briefing/*.csv (+ reference_masters/jpn_briefing_master.csv structural check),PASS,canonical_json_artifacts=1
BRIEFING_NBE,BRIEFING_FILES_BLOCK_043F80,work/luna_translation_templates/sol_translation_mappings/BRIEFING/BRIEFING_FILES_BLOCK_043F80.json,translations/briefing/BRIEFING_FILES_BLOCK_043F80.csv,true,true,10,10,10,10,0,0,0,JSON_CANONICAL_CSV_GENERATED,tools/Compile-BriefingProductionTranslations.mjs::main,tools/Build-BriefingDat.py::load_production,translations/briefing/*.csv (+ reference_masters/jpn_briefing_master.csv structural check),PASS,canonical_json_artifacts=1
BRIEFING_NBE,BRIEFING_FILES_BLOCK_044420,work/luna_translation_templates/sol_translation_mappings/BRIEFING/BRIEFING_FILES_BLOCK_044420.json,translations/briefing/BRIEFING_FILES_BLOCK_044420.csv,true,true,11,11,11,11,0,0,0,JSON_CANONICAL_CSV_GENERATED,tools/Compile-BriefingProductionTranslations.mjs::main,tools/Build-BriefingDat.py::load_production,translations/briefing/*.csv (+ reference_masters/jpn_briefing_master.csv structural check),PASS,canonical_json_artifacts=1
BRIEFING_NBE,BRIEFING_FILES_BLOCK_044940,work/luna_translation_templates/sol_translation_mappings/BRIEFING/BRIEFING_FILES_BLOCK_044940.json,translations/briefing/BRIEFING_FILES_BLOCK_044940.csv,true,true,14,14,14,14,0,0,0,JSON_CANONICAL_CSV_GENERATED,tools/Compile-BriefingProductionTranslations.mjs::main,tools/Build-BriefingDat.py::load_production,translations/briefing/*.csv (+ reference_masters/jpn_briefing_master.csv structural check),PASS,canonical_json_artifacts=1
BRIEFING_NBE,BRIEFING_FILES_BLOCK_045030,work/luna_translation_templates/sol_translation_mappings/BRIEFING/BRIEFING_FILES_BLOCK_045030.json,translations/briefing/BRIEFING_FILES_BLOCK_045030.csv,true,true,12,12,12,12,0,0,0,JSON_CANONICAL_CSV_GENERATED,tools/Compile-BriefingProductionTranslations.mjs::main,tools/Build-BriefingDat.py::load_production,translations/briefing/*.csv (+ reference_masters/jpn_briefing_master.csv structural check),PASS,canonical_json_artifacts=1
BRIEFING_NBE,BRIEFING_FILES_BLOCK_045660,work/luna_translation_templates/sol_translation_mappings/BRIEFING/BRIEFING_FILES_BLOCK_045660.json,translations/briefing/BRIEFING_FILES_BLOCK_045660.csv,true,true,9,9,9,9,0,0,0,JSON_CANONICAL_CSV_GENERATED,tools/Compile-BriefingProductionTranslations.mjs::main,tools/Build-BriefingDat.py::load_production,translations/briefing/*.csv (+ reference_masters/jpn_briefing_master.csv structural check),PASS,canonical_json_artifacts=1
BRIEFING_NBE,BRIEFING_FILES_BLOCK_045AF0,work/luna_translation_templates/sol_translation_mappings/BRIEFING/BRIEFING_FILES_BLOCK_045AF0.json,translations/briefing/BRIEFING_FILES_BLOCK_045AF0.csv,true,true,20,20,20,20,0,0,0,JSON_CANONICAL_CSV_GENERATED,tools/Compile-BriefingProductionTranslations.mjs::main,tools/Build-BriefingDat.py::load_production,translations/briefing/*.csv (+ reference_masters/jpn_briefing_master.csv structural check),PASS,canonical_json_artifacts=1
BRIEFING_NBE,BRIEFING_FILES_BLOCK_046440,work/luna_translation_templates/sol_translation_mappings/BRIEFING/BRIEFING_FILES_BLOCK_046440.json,translations/briefing/BRIEFING_FILES_BLOCK_046440.csv,true,true,8,8,8,8,0,0,0,JSON_CANONICAL_CSV_GENERATED,tools/Compile-BriefingProductionTranslations.mjs::main,tools/Build-BriefingDat.py::load_production,translations/briefing/*.csv (+ reference_masters/jpn_briefing_master.csv structural check),PASS,canonical_json_artifacts=1
BRIEFING_NBE,BRIEFING_FILES_BLOCK_0468C0,work/luna_translation_templates/sol_translation_mappings/BRIEFING/BRIEFING_FILES_BLOCK_0468C0.json,translations/briefing/BRIEFING_FILES_BLOCK_0468C0.csv,true,true,10,10,10,10,0,0,0,JSON_CANONICAL_CSV_GENERATED,tools/Compile-BriefingProductionTranslations.mjs::main,tools/Build-BriefingDat.py::load_production,translations/briefing/*.csv (+ reference_masters/jpn_briefing_master.csv structural check),PASS,canonical_json_artifacts=1
BRIEFING_NBE,BRIEFING_FILES_BLOCK_046D90,work/luna_translation_templates/sol_translation_mappings/BRIEFING/BRIEFING_FILES_BLOCK_046D90.json,translations/briefing/BRIEFING_FILES_BLOCK_046D90.csv,true,true,16,16,16,16,0,0,0,JSON_CANONICAL_CSV_GENERATED,tools/Compile-BriefingProductionTranslations.mjs::main,tools/Build-BriefingDat.py::load_production,translations/briefing/*.csv (+ reference_masters/jpn_briefing_master.csv structural check),PASS,canonical_json_artifacts=1
BRIEFING_NBE,BRIEFING_FILES_BLOCK_047530,work/luna_translation_templates/sol_translation_mappings/BRIEFING/BRIEFING_FILES_BLOCK_047530.json,translations/briefing/BRIEFING_FILES_BLOCK_047530.csv,true,true,11,11,11,11,0,0,0,JSON_CANONICAL_CSV_GENERATED,tools/Compile-BriefingProductionTranslations.mjs::main,tools/Build-BriefingDat.py::load_production,translations/briefing/*.csv (+ reference_masters/jpn_briefing_master.csv structural check),PASS,canonical_json_artifacts=1
BRIEFING_NBE,BRIEFING_FILES_BLOCK_047A50,work/luna_translation_templates/sol_translation_mappings/BRIEFING/BRIEFING_FILES_BLOCK_047A50.json,translations/briefing/BRIEFING_FILES_BLOCK_047A50.csv,true,true,17,17,17,17,0,0,0,JSON_CANONICAL_CSV_GENERATED,tools/Compile-BriefingProductionTranslations.mjs::main,tools/Build-BriefingDat.py::load_production,translations/briefing/*.csv (+ reference_masters/jpn_briefing_master.csv structural check),PASS,canonical_json_artifacts=1
BRIEFING_NBE,BRIEFING_FILES_BLOCK_0481B0,work/luna_translation_templates/sol_translation_mappings/BRIEFING/BRIEFING_FILES_BLOCK_0481B0.json,translations/briefing/BRIEFING_FILES_BLOCK_0481B0.csv,true,true,9,9,9,9,0,0,0,JSON_CANONICAL_CSV_GENERATED,tools/Compile-BriefingProductionTranslations.mjs::main,tools/Build-BriefingDat.py::load_production,translations/briefing/*.csv (+ reference_masters/jpn_briefing_master.csv structural check),PASS,canonical_json_artifacts=1
BRIEFING_NBE,BRIEFING_FILES_BLOCK_048590,work/luna_translation_templates/sol_translation_mappings/BRIEFING/BRIEFING_FILES_BLOCK_048590.json,translations/briefing/BRIEFING_FILES_BLOCK_048590.csv,true,true,27,27,27,27,0,0,0,JSON_CANONICAL_CSV_GENERATED,tools/Compile-BriefingProductionTranslations.mjs::main,tools/Build-BriefingDat.py::load_production,translations/briefing/*.csv (+ reference_masters/jpn_briefing_master.csv structural check),PASS,canonical_json_artifacts=1
BRIEFING_NBE,BRIEFING_FILES_BLOCK_048EE0,work/luna_translation_templates/sol_translation_mappings/BRIEFING/BRIEFING_FILES_BLOCK_048EE0.json,translations/briefing/BRIEFING_FILES_BLOCK_048EE0.csv,true,true,20,20,20,20,0,0,0,JSON_CANONICAL_CSV_GENERATED,tools/Compile-BriefingProductionTranslations.mjs::main,tools/Build-BriefingDat.py::load_production,translations/briefing/*.csv (+ reference_masters/jpn_briefing_master.csv structural check),PASS,canonical_json_artifacts=1
BRIEFING_NBE,BRIEFING_FILES_BLOCK_0497E0,work/luna_translation_templates/sol_translation_mappings/BRIEFING/BRIEFING_FILES_BLOCK_0497E0.json,translations/briefing/BRIEFING_FILES_BLOCK_0497E0.csv,true,true,17,17,17,17,0,0,0,JSON_CANONICAL_CSV_GENERATED,tools/Compile-BriefingProductionTranslations.mjs::main,tools/Build-BriefingDat.py::load_production,translations/briefing/*.csv (+ reference_masters/jpn_briefing_master.csv structural check),PASS,canonical_json_artifacts=1
BRIEFING_NBE,BRIEFING_FILES_BLOCK_049EF0,work/luna_translation_templates/sol_translation_mappings/BRIEFING/BRIEFING_FILES_BLOCK_049EF0.json,translations/briefing/BRIEFING_FILES_BLOCK_049EF0.csv,true,true,15,15,15,15,0,0,0,JSON_CANONICAL_CSV_GENERATED,tools/Compile-BriefingProductionTranslations.mjs::main,tools/Build-BriefingDat.py::load_production,translations/briefing/*.csv (+ reference_masters/jpn_briefing_master.csv structural check),PASS,canonical_json_artifacts=1
BRIEFING_NBE,BRIEFING_FILES_BLOCK_04A590,work/luna_translation_templates/sol_translation_mappings/BRIEFING/BRIEFING_FILES_BLOCK_04A590.json,translations/briefing/BRIEFING_FILES_BLOCK_04A590.csv,true,true,19,19,19,19,0,0,0,JSON_CANONICAL_CSV_GENERATED,tools/Compile-BriefingProductionTranslations.mjs::main,tools/Build-BriefingDat.py::load_production,translations/briefing/*.csv (+ reference_masters/jpn_briefing_master.csv structural check),PASS,canonical_json_artifacts=1
BRIEFING_NBE,BRIEFING_FILES_BLOCK_04ACE0,work/luna_translation_templates/sol_translation_mappings/BRIEFING/BRIEFING_FILES_BLOCK_04ACE0.json,translations/briefing/BRIEFING_FILES_BLOCK_04ACE0.csv,true,true,7,7,7,7,0,0,0,JSON_CANONICAL_CSV_GENERATED,tools/Compile-BriefingProductionTranslations.mjs::main,tools/Build-BriefingDat.py::load_production,translations/briefing/*.csv (+ reference_masters/jpn_briefing_master.csv structural check),PASS,canonical_json_artifacts=1
BRIEFING_NBE,BRIEFING_FILES_BLOCK_04B0A0,work/luna_translation_templates/sol_translation_mappings/BRIEFING/BRIEFING_FILES_BLOCK_04B0A0.json,translations/briefing/BRIEFING_FILES_BLOCK_04B0A0.csv,true,true,8,8,8,8,0,0,0,JSON_CANONICAL_CSV_GENERATED,tools/Compile-BriefingProductionTranslations.mjs::main,tools/Build-BriefingDat.py::load_production,translations/briefing/*.csv (+ reference_masters/jpn_briefing_master.csv structural check),PASS,canonical_json_artifacts=1
BRIEFING_NBE,BRIEFING_FILES_BLOCK_04B540,work/luna_translation_templates/sol_translation_mappings/BRIEFING/BRIEFING_FILES_BLOCK_04B540.json,translations/briefing/BRIEFING_FILES_BLOCK_04B540.csv,true,true,9,9,9,9,0,0,0,JSON_CANONICAL_CSV_GENERATED,tools/Compile-BriefingProductionTranslations.mjs::main,tools/Build-BriefingDat.py::load_production,translations/briefing/*.csv (+ reference_masters/jpn_briefing_master.csv structural check),PASS,canonical_json_artifacts=1
BRIEFING_NBE,BRIEFING_FILES_BLOCK_04B950,work/luna_translation_templates/sol_translation_mappings/BRIEFING/BRIEFING_FILES_BLOCK_04B950.json,translations/briefing/BRIEFING_FILES_BLOCK_04B950.csv,true,true,11,11,11,11,0,0,0,JSON_CANONICAL_CSV_GENERATED,tools/Compile-BriefingProductionTranslations.mjs::main,tools/Build-BriefingDat.py::load_production,translations/briefing/*.csv (+ reference_masters/jpn_briefing_master.csv structural check),PASS,canonical_json_artifacts=1
BRIEFING_NBE,BRIEFING_FILES_BLOCK_04BE80,work/luna_translation_templates/sol_translation_mappings/BRIEFING/BRIEFING_FILES_BLOCK_04BE80.json,translations/briefing/BRIEFING_FILES_BLOCK_04BE80.csv,true,true,17,17,17,17,0,0,0,JSON_CANONICAL_CSV_GENERATED,tools/Compile-BriefingProductionTranslations.mjs::main,tools/Build-BriefingDat.py::load_production,translations/briefing/*.csv (+ reference_masters/jpn_briefing_master.csv structural check),PASS,canonical_json_artifacts=1
BRIEFING_NBE,BRIEFING_FILES_BLOCK_04C6A0,work/luna_translation_templates/sol_translation_mappings/BRIEFING/BRIEFING_FILES_BLOCK_04C6A0.json,translations/briefing/BRIEFING_FILES_BLOCK_04C6A0.csv,true,true,8,8,8,8,0,0,0,JSON_CANONICAL_CSV_GENERATED,tools/Compile-BriefingProductionTranslations.mjs::main,tools/Build-BriefingDat.py::load_production,translations/briefing/*.csv (+ reference_masters/jpn_briefing_master.csv structural check),PASS,canonical_json_artifacts=1
BRIEFING_NBE,BRIEFING_FILES_BLOCK_04CB80,work/luna_translation_templates/sol_translation_mappings/BRIEFING/BRIEFING_FILES_BLOCK_04CB80.json,translations/briefing/BRIEFING_FILES_BLOCK_04CB80.csv,true,true,9,9,9,9,0,0,0,JSON_CANONICAL_CSV_GENERATED,tools/Compile-BriefingProductionTranslations.mjs::main,tools/Build-BriefingDat.py::load_production,translations/briefing/*.csv (+ reference_masters/jpn_briefing_master.csv structural check),PASS,canonical_json_artifacts=1
BRIEFING_NBE,BRIEFING_FILES_BLOCK_04D040,work/luna_translation_templates/sol_translation_mappings/BRIEFING/BRIEFING_FILES_BLOCK_04D040.json,translations/briefing/BRIEFING_FILES_BLOCK_04D040.csv,true,true,7,7,7,7,0,0,0,JSON_CANONICAL_CSV_GENERATED,tools/Compile-BriefingProductionTranslations.mjs::main,tools/Build-BriefingDat.py::load_production,translations/briefing/*.csv (+ reference_masters/jpn_briefing_master.csv structural check),PASS,canonical_json_artifacts=1
BRIEFING_NBE,BRIEFING_FILES_BLOCK_04D440,work/luna_translation_templates/sol_translation_mappings/BRIEFING/BRIEFING_FILES_BLOCK_04D440.json,translations/briefing/BRIEFING_FILES_BLOCK_04D440.csv,true,true,7,7,7,7,0,0,0,JSON_CANONICAL_CSV_GENERATED,tools/Compile-BriefingProductionTranslations.mjs::main,tools/Build-BriefingDat.py::load_production,translations/briefing/*.csv (+ reference_masters/jpn_briefing_master.csv structural check),PASS,canonical_json_artifacts=1
BRIEFING_NBE,BRIEFING_FILES_BLOCK_04D7E0,work/luna_translation_templates/sol_translation_mappings/BRIEFING/BRIEFING_FILES_BLOCK_04D7E0.json,translations/briefing/BRIEFING_FILES_BLOCK_04D7E0.csv,true,true,15,15,15,15,0,0,0,JSON_CANONICAL_CSV_GENERATED,tools/Compile-BriefingProductionTranslations.mjs::main,tools/Build-BriefingDat.py::load_production,translations/briefing/*.csv (+ reference_masters/jpn_briefing_master.csv structural check),PASS,canonical_json_artifacts=1
BRIEFING_NBE,BRIEFING_FILES_BLOCK_04DFB0,work/luna_translation_templates/sol_translation_mappings/BRIEFING/BRIEFING_FILES_BLOCK_04DFB0.json,translations/briefing/BRIEFING_FILES_BLOCK_04DFB0.csv,true,true,15,15,15,15,0,0,0,JSON_CANONICAL_CSV_GENERATED,tools/Compile-BriefingProductionTranslations.mjs::main,tools/Build-BriefingDat.py::load_production,translations/briefing/*.csv (+ reference_masters/jpn_briefing_master.csv structural check),PASS,canonical_json_artifacts=1
BRIEFING_NBE,BRIEFING_FILES_BLOCK_04E760,work/luna_translation_templates/sol_translation_mappings/BRIEFING/BRIEFING_FILES_BLOCK_04E760.json,translations/briefing/BRIEFING_FILES_BLOCK_04E760.csv,true,true,13,13,13,13,0,0,0,JSON_CANONICAL_CSV_GENERATED,tools/Compile-BriefingProductionTranslations.mjs::main,tools/Build-BriefingDat.py::load_production,translations/briefing/*.csv (+ reference_masters/jpn_briefing_master.csv structural check),PASS,canonical_json_artifacts=1
BRIEFING_NBE,BRIEFING_FILES_BLOCK_04EE70,work/luna_translation_templates/sol_translation_mappings/BRIEFING/BRIEFING_FILES_BLOCK_04EE70.json,translations/briefing/BRIEFING_FILES_BLOCK_04EE70.csv,true,true,14,14,14,14,0,0,0,JSON_CANONICAL_CSV_GENERATED,tools/Compile-BriefingProductionTranslations.mjs::main,tools/Build-BriefingDat.py::load_production,translations/briefing/*.csv (+ reference_masters/jpn_briefing_master.csv structural check),PASS,canonical_json_artifacts=1
BRIEFING_NBE,BRIEFING_FILES_BLOCK_04F520,work/luna_translation_templates/sol_translation_mappings/BRIEFING/BRIEFING_FILES_BLOCK_04F520.json,translations/briefing/BRIEFING_FILES_BLOCK_04F520.csv,true,true,22,22,22,22,0,0,0,JSON_CANONICAL_CSV_GENERATED,tools/Compile-BriefingProductionTranslations.mjs::main,tools/Build-BriefingDat.py::load_production,translations/briefing/*.csv (+ reference_masters/jpn_briefing_master.csv structural check),PASS,canonical_json_artifacts=1
BRIEFING_NBE,BRIEFING_FILES_BLOCK_04FF60,work/luna_translation_templates/sol_translation_mappings/BRIEFING/BRIEFING_FILES_BLOCK_04FF60.json,translations/briefing/BRIEFING_FILES_BLOCK_04FF60.csv,true,true,17,17,17,17,0,0,0,JSON_CANONICAL_CSV_GENERATED,tools/Compile-BriefingProductionTranslations.mjs::main,tools/Build-BriefingDat.py::load_production,translations/briefing/*.csv (+ reference_masters/jpn_briefing_master.csv structural check),PASS,canonical_json_artifacts=1
BRIEFING_NBE,BRIEFING_FILES_BLOCK_0509C0,work/luna_translation_templates/sol_translation_mappings/BRIEFING/BRIEFING_FILES_BLOCK_0509C0.json,translations/briefing/BRIEFING_FILES_BLOCK_0509C0.csv,true,true,18,18,18,18,0,0,0,JSON_CANONICAL_CSV_GENERATED,tools/Compile-BriefingProductionTranslations.mjs::main,tools/Build-BriefingDat.py::load_production,translations/briefing/*.csv (+ reference_masters/jpn_briefing_master.csv structural check),PASS,canonical_json_artifacts=1
BRIEFING_NBE,BRIEFING_FILES_BLOCK_051320,work/luna_translation_templates/sol_translation_mappings/BRIEFING/BRIEFING_FILES_BLOCK_051320.json,translations/briefing/BRIEFING_FILES_BLOCK_051320.csv,true,true,10,10,10,10,0,0,0,JSON_CANONICAL_CSV_GENERATED,tools/Compile-BriefingProductionTranslations.mjs::main,tools/Build-BriefingDat.py::load_production,translations/briefing/*.csv (+ reference_masters/jpn_briefing_master.csv structural check),PASS,canonical_json_artifacts=1
BRIEFING_NBE,BRIEFING_FILES_BLOCK_0517F0,work/luna_translation_templates/sol_translation_mappings/BRIEFING/BRIEFING_FILES_BLOCK_0517F0.json,translations/briefing/BRIEFING_FILES_BLOCK_0517F0.csv,true,true,9,9,9,9,0,0,0,JSON_CANONICAL_CSV_GENERATED,tools/Compile-BriefingProductionTranslations.mjs::main,tools/Build-BriefingDat.py::load_production,translations/briefing/*.csv (+ reference_masters/jpn_briefing_master.csv structural check),PASS,canonical_json_artifacts=1
BRIEFING_NBE,BRIEFING_FILES_BLOCK_051CF0,work/luna_translation_templates/sol_translation_mappings/BRIEFING/BRIEFING_FILES_BLOCK_051CF0.json,translations/briefing/BRIEFING_FILES_BLOCK_051CF0.csv,true,true,8,8,8,8,0,0,0,JSON_CANONICAL_CSV_GENERATED,tools/Compile-BriefingProductionTranslations.mjs::main,tools/Build-BriefingDat.py::load_production,translations/briefing/*.csv (+ reference_masters/jpn_briefing_master.csv structural check),PASS,canonical_json_artifacts=1
BRIEFING_NBE,BRIEFING_FILES_BLOCK_052110,work/luna_translation_templates/sol_translation_mappings/BRIEFING/BRIEFING_FILES_BLOCK_052110.json,translations/briefing/BRIEFING_FILES_BLOCK_052110.csv,true,true,12,12,12,12,0,0,0,JSON_CANONICAL_CSV_GENERATED,tools/Compile-BriefingProductionTranslations.mjs::main,tools/Build-BriefingDat.py::load_production,translations/briefing/*.csv (+ reference_masters/jpn_briefing_master.csv structural check),PASS,canonical_json_artifacts=1
BRIEFING_NBE,BRIEFING_FILES_BLOCK_0526E0,work/luna_translation_templates/sol_translation_mappings/BRIEFING/BRIEFING_FILES_BLOCK_0526E0.json,translations/briefing/BRIEFING_FILES_BLOCK_0526E0.csv,true,true,19,19,19,19,0,0,0,JSON_CANONICAL_CSV_GENERATED,tools/Compile-BriefingProductionTranslations.mjs::main,tools/Build-BriefingDat.py::load_production,translations/briefing/*.csv (+ reference_masters/jpn_briefing_master.csv structural check),PASS,canonical_json_artifacts=1
BRIEFING_NBE,BRIEFING_FILES_BLOCK_052EF0,work/luna_translation_templates/sol_translation_mappings/BRIEFING/BRIEFING_FILES_BLOCK_052EF0.json,translations/briefing/BRIEFING_FILES_BLOCK_052EF0.csv,true,true,22,22,22,22,0,0,0,JSON_CANONICAL_CSV_GENERATED,tools/Compile-BriefingProductionTranslations.mjs::main,tools/Build-BriefingDat.py::load_production,translations/briefing/*.csv (+ reference_masters/jpn_briefing_master.csv structural check),PASS,canonical_json_artifacts=1
BRIEFING_NBE,BRIEFING_FILES_BLOCK_053820,work/luna_translation_templates/sol_translation_mappings/BRIEFING/BRIEFING_FILES_BLOCK_053820.json,translations/briefing/BRIEFING_FILES_BLOCK_053820.csv,true,true,13,13,13,13,0,0,0,JSON_CANONICAL_CSV_GENERATED,tools/Compile-BriefingProductionTranslations.mjs::main,tools/Build-BriefingDat.py::load_production,translations/briefing/*.csv (+ reference_masters/jpn_briefing_master.csv structural check),PASS,canonical_json_artifacts=1
BRIEFING_NBE,BRIEFING_FILES_BLOCK_053E80,work/luna_translation_templates/sol_translation_mappings/BRIEFING/BRIEFING_FILES_BLOCK_053E80.json,translations/briefing/BRIEFING_FILES_BLOCK_053E80.csv,true,true,16,16,16,16,0,0,0,JSON_CANONICAL_CSV_GENERATED,tools/Compile-BriefingProductionTranslations.mjs::main,tools/Build-BriefingDat.py::load_production,translations/briefing/*.csv (+ reference_masters/jpn_briefing_master.csv structural check),PASS,canonical_json_artifacts=1
BRIEFING_NBE,BRIEFING_FILES_BLOCK_0545D0,work/luna_translation_templates/sol_translation_mappings/BRIEFING/BRIEFING_FILES_BLOCK_0545D0.json,translations/briefing/BRIEFING_FILES_BLOCK_0545D0.csv,true,true,10,10,10,10,0,0,0,JSON_CANONICAL_CSV_GENERATED,tools/Compile-BriefingProductionTranslations.mjs::main,tools/Build-BriefingDat.py::load_production,translations/briefing/*.csv (+ reference_masters/jpn_briefing_master.csv structural check),PASS,canonical_json_artifacts=1
BRIEFING_NBE,BRIEFING_FILES_BLOCK_054AD0,work/luna_translation_templates/sol_translation_mappings/BRIEFING/BRIEFING_FILES_BLOCK_054AD0.json,translations/briefing/BRIEFING_FILES_BLOCK_054AD0.csv,true,true,15,15,15,15,0,0,0,JSON_CANONICAL_CSV_GENERATED,tools/Compile-BriefingProductionTranslations.mjs::main,tools/Build-BriefingDat.py::load_production,translations/briefing/*.csv (+ reference_masters/jpn_briefing_master.csv structural check),PASS,canonical_json_artifacts=1
BRIEFING_NBE,BRIEFING_FILES_BLOCK_0552A0,work/luna_translation_templates/sol_translation_mappings/BRIEFING/BRIEFING_FILES_BLOCK_0552A0.json,translations/briefing/BRIEFING_FILES_BLOCK_0552A0.csv,true,true,17,17,17,17,0,0,0,JSON_CANONICAL_CSV_GENERATED,tools/Compile-BriefingProductionTranslations.mjs::main,tools/Build-BriefingDat.py::load_production,translations/briefing/*.csv (+ reference_masters/jpn_briefing_master.csv structural check),PASS,canonical_json_artifacts=1
BRIEFING_NBE,BRIEFING_FILES_BLOCK_055B40,work/luna_translation_templates/sol_translation_mappings/BRIEFING/BRIEFING_FILES_BLOCK_055B40.json,translations/briefing/BRIEFING_FILES_BLOCK_055B40.csv,true,true,15,15,15,15,0,0,0,JSON_CANONICAL_CSV_GENERATED,tools/Compile-BriefingProductionTranslations.mjs::main,tools/Build-BriefingDat.py::load_production,translations/briefing/*.csv (+ reference_masters/jpn_briefing_master.csv structural check),PASS,canonical_json_artifacts=1
BRIEFING_NBE,BRIEFING_FILES_BLOCK_056170,work/luna_translation_templates/sol_translation_mappings/BRIEFING/BRIEFING_FILES_BLOCK_056170.json,translations/briefing/BRIEFING_FILES_BLOCK_056170.csv,true,true,31,31,31,31,0,0,0,JSON_CANONICAL_CSV_GENERATED,tools/Compile-BriefingProductionTranslations.mjs::main,tools/Build-BriefingDat.py::load_production,translations/briefing/*.csv (+ reference_masters/jpn_briefing_master.csv structural check),PASS,canonical_json_artifacts=1
BRIEFING_NBE,BRIEFING_FILES_BLOCK_056F50,work/luna_translation_templates/sol_translation_mappings/BRIEFING/BRIEFING_FILES_BLOCK_056F50.json,translations/briefing/BRIEFING_FILES_BLOCK_056F50.csv,true,true,17,17,17,17,0,0,0,JSON_CANONICAL_CSV_GENERATED,tools/Compile-BriefingProductionTranslations.mjs::main,tools/Build-BriefingDat.py::load_production,translations/briefing/*.csv (+ reference_masters/jpn_briefing_master.csv structural check),PASS,canonical_json_artifacts=1
BRIEFING_NBE,BRIEFING_FILES_BLOCK_0576E0,work/luna_translation_templates/sol_translation_mappings/BRIEFING/BRIEFING_FILES_BLOCK_0576E0.json,translations/briefing/BRIEFING_FILES_BLOCK_0576E0.csv,true,true,8,8,8,8,0,0,0,JSON_CANONICAL_CSV_GENERATED,tools/Compile-BriefingProductionTranslations.mjs::main,tools/Build-BriefingDat.py::load_production,translations/briefing/*.csv (+ reference_masters/jpn_briefing_master.csv structural check),PASS,canonical_json_artifacts=1
BRIEFING_NBE,BRIEFING_FILES_BLOCK_057BD0,work/luna_translation_templates/sol_translation_mappings/BRIEFING/BRIEFING_FILES_BLOCK_057BD0.json,translations/briefing/BRIEFING_FILES_BLOCK_057BD0.csv,true,true,6,6,6,6,0,0,0,JSON_CANONICAL_CSV_GENERATED,tools/Compile-BriefingProductionTranslations.mjs::main,tools/Build-BriefingDat.py::load_production,translations/briefing/*.csv (+ reference_masters/jpn_briefing_master.csv structural check),PASS,canonical_json_artifacts=1
BRIEFING_NBE,BRIEFING_FILES_BLOCK_057EE0,work/luna_translation_templates/sol_translation_mappings/BRIEFING/BRIEFING_FILES_BLOCK_057EE0.json,translations/briefing/BRIEFING_FILES_BLOCK_057EE0.csv,true,true,17,17,17,17,0,0,0,JSON_CANONICAL_CSV_GENERATED,tools/Compile-BriefingProductionTranslations.mjs::main,tools/Build-BriefingDat.py::load_production,translations/briefing/*.csv (+ reference_masters/jpn_briefing_master.csv structural check),PASS,canonical_json_artifacts=1
BRIEFING_NBE,BRIEFING_FILES_BLOCK_0586B0,work/luna_translation_templates/sol_translation_mappings/BRIEFING/BRIEFING_FILES_BLOCK_0586B0.json,translations/briefing/BRIEFING_FILES_BLOCK_0586B0.csv,true,true,20,20,20,20,0,0,0,JSON_CANONICAL_CSV_GENERATED,tools/Compile-BriefingProductionTranslations.mjs::main,tools/Build-BriefingDat.py::load_production,translations/briefing/*.csv (+ reference_masters/jpn_briefing_master.csv structural check),PASS,canonical_json_artifacts=1
BRIEFING_NBE,BRIEFING_FILES_BLOCK_058FC0,work/luna_translation_templates/sol_translation_mappings/BRIEFING/BRIEFING_FILES_BLOCK_058FC0.json,translations/briefing/BRIEFING_FILES_BLOCK_058FC0.csv,true,true,24,24,24,24,0,0,0,JSON_CANONICAL_CSV_GENERATED,tools/Compile-BriefingProductionTranslations.mjs::main,tools/Build-BriefingDat.py::load_production,translations/briefing/*.csv (+ reference_masters/jpn_briefing_master.csv structural check),PASS,canonical_json_artifacts=1
BRIEFING_NBE,BRIEFING_FILES_BLOCK_0598A0,work/luna_translation_templates/sol_translation_mappings/BRIEFING/BRIEFING_FILES_BLOCK_0598A0.json,translations/briefing/BRIEFING_FILES_BLOCK_0598A0.csv,true,true,10,10,10,10,0,0,0,JSON_CANONICAL_CSV_GENERATED,tools/Compile-BriefingProductionTranslations.mjs::main,tools/Build-BriefingDat.py::load_production,translations/briefing/*.csv (+ reference_masters/jpn_briefing_master.csv structural check),PASS,canonical_json_artifacts=1
BRIEFING_NBE,BRIEFING_FILES_BLOCK_059DC0,work/luna_translation_templates/sol_translation_mappings/BRIEFING/BRIEFING_FILES_BLOCK_059DC0.json,translations/briefing/BRIEFING_FILES_BLOCK_059DC0.csv,true,true,20,20,20,20,0,0,0,JSON_CANONICAL_CSV_GENERATED,tools/Compile-BriefingProductionTranslations.mjs::main,tools/Build-BriefingDat.py::load_production,translations/briefing/*.csv (+ reference_masters/jpn_briefing_master.csv structural check),PASS,canonical_json_artifacts=1
BRIEFING_NBE,BRIEFING_FILES_BLOCK_05A620,work/luna_translation_templates/sol_translation_mappings/BRIEFING/BRIEFING_FILES_BLOCK_05A620.json,translations/briefing/BRIEFING_FILES_BLOCK_05A620.csv,true,true,16,16,16,16,0,0,0,JSON_CANONICAL_CSV_GENERATED,tools/Compile-BriefingProductionTranslations.mjs::main,tools/Build-BriefingDat.py::load_production,translations/briefing/*.csv (+ reference_masters/jpn_briefing_master.csv structural check),PASS,canonical_json_artifacts=1
BRIEFING_NBE,BRIEFING_FILES_BLOCK_05AD70,work/luna_translation_templates/sol_translation_mappings/BRIEFING/BRIEFING_FILES_BLOCK_05AD70.json,translations/briefing/BRIEFING_FILES_BLOCK_05AD70.csv,true,true,10,10,10,10,0,0,0,JSON_CANONICAL_CSV_GENERATED,tools/Compile-BriefingProductionTranslations.mjs::main,tools/Build-BriefingDat.py::load_production,translations/briefing/*.csv (+ reference_masters/jpn_briefing_master.csv structural check),PASS,canonical_json_artifacts=1
BRIEFING_NBE,BRIEFING_FILES_BLOCK_05B2E0,work/luna_translation_templates/sol_translation_mappings/BRIEFING/BRIEFING_FILES_BLOCK_05B2E0.json,translations/briefing/BRIEFING_FILES_BLOCK_05B2E0.csv,true,true,31,31,31,31,0,0,0,JSON_CANONICAL_CSV_GENERATED,tools/Compile-BriefingProductionTranslations.mjs::main,tools/Build-BriefingDat.py::load_production,translations/briefing/*.csv (+ reference_masters/jpn_briefing_master.csv structural check),PASS,canonical_json_artifacts=1
BRIEFING_NBE,BRIEFING_FILES_BLOCK_05C0F0,work/luna_translation_templates/sol_translation_mappings/BRIEFING/BRIEFING_FILES_BLOCK_05C0F0.json,translations/briefing/BRIEFING_FILES_BLOCK_05C0F0.csv,true,true,20,20,20,20,0,0,0,JSON_CANONICAL_CSV_GENERATED,tools/Compile-BriefingProductionTranslations.mjs::main,tools/Build-BriefingDat.py::load_production,translations/briefing/*.csv (+ reference_masters/jpn_briefing_master.csv structural check),PASS,canonical_json_artifacts=1
BRIEFING_NBE,BRIEFING_FILES_BLOCK_05C930,work/luna_translation_templates/sol_translation_mappings/BRIEFING/BRIEFING_FILES_BLOCK_05C930.json,translations/briefing/BRIEFING_FILES_BLOCK_05C930.csv,true,true,22,22,22,22,0,0,0,JSON_CANONICAL_CSV_GENERATED,tools/Compile-BriefingProductionTranslations.mjs::main,tools/Build-BriefingDat.py::load_production,translations/briefing/*.csv (+ reference_masters/jpn_briefing_master.csv structural check),PASS,canonical_json_artifacts=1
BRIEFING_NBE,BRIEFING_FILES_BLOCK_05CFD0,work/luna_translation_templates/sol_translation_mappings/BRIEFING/BRIEFING_FILES_BLOCK_05CFD0.json,translations/briefing/BRIEFING_FILES_BLOCK_05CFD0.csv,true,true,14,14,14,14,0,0,0,JSON_CANONICAL_CSV_GENERATED,tools/Compile-BriefingProductionTranslations.mjs::main,tools/Build-BriefingDat.py::load_production,translations/briefing/*.csv (+ reference_masters/jpn_briefing_master.csv structural check),PASS,canonical_json_artifacts=1
BRIEFING_NBE,BRIEFING_FILES_BLOCK_05D6C0,work/luna_translation_templates/sol_translation_mappings/BRIEFING/BRIEFING_FILES_BLOCK_05D6C0.json,translations/briefing/BRIEFING_FILES_BLOCK_05D6C0.csv,true,true,13,13,13,13,0,0,0,JSON_CANONICAL_CSV_GENERATED,tools/Compile-BriefingProductionTranslations.mjs::main,tools/Build-BriefingDat.py::load_production,translations/briefing/*.csv (+ reference_masters/jpn_briefing_master.csv structural check),PASS,canonical_json_artifacts=1
BRIEFING_NBE,BRIEFING_FILES_BLOCK_05DD90,work/luna_translation_templates/sol_translation_mappings/BRIEFING/BRIEFING_FILES_BLOCK_05DD90.json,translations/briefing/BRIEFING_FILES_BLOCK_05DD90.csv,true,true,12,12,12,12,0,0,0,JSON_CANONICAL_CSV_GENERATED,tools/Compile-BriefingProductionTranslations.mjs::main,tools/Build-BriefingDat.py::load_production,translations/briefing/*.csv (+ reference_masters/jpn_briefing_master.csv structural check),PASS,canonical_json_artifacts=1
BRIEFING_NBE,BRIEFING_FILES_BLOCK_05E2B0,work/luna_translation_templates/sol_translation_mappings/BRIEFING/BRIEFING_FILES_BLOCK_05E2B0.json,translations/briefing/BRIEFING_FILES_BLOCK_05E2B0.csv,true,true,10,10,10,10,0,0,0,JSON_CANONICAL_CSV_GENERATED,tools/Compile-BriefingProductionTranslations.mjs::main,tools/Build-BriefingDat.py::load_production,translations/briefing/*.csv (+ reference_masters/jpn_briefing_master.csv structural check),PASS,canonical_json_artifacts=1
BRIEFING_NBE,BRIEFING_FILES_BLOCK_05E7B0,work/luna_translation_templates/sol_translation_mappings/BRIEFING/BRIEFING_FILES_BLOCK_05E7B0.json,translations/briefing/BRIEFING_FILES_BLOCK_05E7B0.csv,true,true,12,12,12,12,0,0,0,JSON_CANONICAL_CSV_GENERATED,tools/Compile-BriefingProductionTranslations.mjs::main,tools/Build-BriefingDat.py::load_production,translations/briefing/*.csv (+ reference_masters/jpn_briefing_master.csv structural check),PASS,canonical_json_artifacts=1
BRIEFING_NBE,BRIEFING_FILES_BLOCK_05ED20,work/luna_translation_templates/sol_translation_mappings/BRIEFING/BRIEFING_FILES_BLOCK_05ED20.json,translations/briefing/BRIEFING_FILES_BLOCK_05ED20.csv,true,true,13,13,13,13,0,0,0,JSON_CANONICAL_CSV_GENERATED,tools/Compile-BriefingProductionTranslations.mjs::main,tools/Build-BriefingDat.py::load_production,translations/briefing/*.csv (+ reference_masters/jpn_briefing_master.csv structural check),PASS,canonical_json_artifacts=1
BRIEFING_NBE,BRIEFING_FILES_BLOCK_05F2C0,work/luna_translation_templates/sol_translation_mappings/BRIEFING/BRIEFING_FILES_BLOCK_05F2C0.json,translations/briefing/BRIEFING_FILES_BLOCK_05F2C0.csv,true,true,10,10,10,10,0,0,0,JSON_CANONICAL_CSV_GENERATED,tools/Compile-BriefingProductionTranslations.mjs::main,tools/Build-BriefingDat.py::load_production,translations/briefing/*.csv (+ reference_masters/jpn_briefing_master.csv structural check),PASS,canonical_json_artifacts=1
BRIEFING_NBE,BRIEFING_FILES_BLOCK_05F7F0,work/luna_translation_templates/sol_translation_mappings/BRIEFING/BRIEFING_FILES_BLOCK_05F7F0.json,translations/briefing/BRIEFING_FILES_BLOCK_05F7F0.csv,true,true,8,8,8,8,0,0,0,JSON_CANONICAL_CSV_GENERATED,tools/Compile-BriefingProductionTranslations.mjs::main,tools/Build-BriefingDat.py::load_production,translations/briefing/*.csv (+ reference_masters/jpn_briefing_master.csv structural check),PASS,canonical_json_artifacts=1
BRIEFING_NBE,BRIEFING_FILES_BLOCK_05FC70,work/luna_translation_templates/sol_translation_mappings/BRIEFING/BRIEFING_FILES_BLOCK_05FC70.json,translations/briefing/BRIEFING_FILES_BLOCK_05FC70.csv,true,true,1,1,1,1,0,0,0,JSON_CANONICAL_CSV_GENERATED,tools/Compile-BriefingProductionTranslations.mjs::main,tools/Build-BriefingDat.py::load_production,translations/briefing/*.csv (+ reference_masters/jpn_briefing_master.csv structural check),PASS,canonical_json_artifacts=1
BRIEFING_NBE,BRIEFING_FILES_BLOCK_05FD50,work/luna_translation_templates/sol_translation_mappings/BRIEFING/BRIEFING_FILES_BLOCK_05FD50.json,translations/briefing/BRIEFING_FILES_BLOCK_05FD50.csv,true,true,16,16,16,16,0,0,0,JSON_CANONICAL_CSV_GENERATED,tools/Compile-BriefingProductionTranslations.mjs::main,tools/Build-BriefingDat.py::load_production,translations/briefing/*.csv (+ reference_masters/jpn_briefing_master.csv structural check),PASS,canonical_json_artifacts=1
BRIEFING_NBE,BRIEFING_FILES_BLOCK_060450,work/luna_translation_templates/sol_translation_mappings/BRIEFING/BRIEFING_FILES_BLOCK_060450.json,translations/briefing/BRIEFING_FILES_BLOCK_060450.csv,true,true,12,12,12,12,0,0,0,JSON_CANONICAL_CSV_GENERATED,tools/Compile-BriefingProductionTranslations.mjs::main,tools/Build-BriefingDat.py::load_production,translations/briefing/*.csv (+ reference_masters/jpn_briefing_master.csv structural check),PASS,canonical_json_artifacts=1
BRIEFING_NBE,BRIEFING_FILES_BLOCK_060910,work/luna_translation_templates/sol_translation_mappings/BRIEFING/BRIEFING_FILES_BLOCK_060910.json,translations/briefing/BRIEFING_FILES_BLOCK_060910.csv,true,true,28,28,28,28,0,0,0,JSON_CANONICAL_CSV_GENERATED,tools/Compile-BriefingProductionTranslations.mjs::main,tools/Build-BriefingDat.py::load_production,translations/briefing/*.csv (+ reference_masters/jpn_briefing_master.csv structural check),PASS,canonical_json_artifacts=1
BRIEFING_NBE,BRIEFING_FILES_BLOCK_0614E0,work/luna_translation_templates/sol_translation_mappings/BRIEFING/BRIEFING_FILES_BLOCK_0614E0.json,translations/briefing/BRIEFING_FILES_BLOCK_0614E0.csv,true,true,27,27,27,27,0,0,0,JSON_CANONICAL_CSV_GENERATED,tools/Compile-BriefingProductionTranslations.mjs::main,tools/Build-BriefingDat.py::load_production,translations/briefing/*.csv (+ reference_masters/jpn_briefing_master.csv structural check),PASS,canonical_json_artifacts=1
BRIEFING_NBE,BRIEFING_FILES_BLOCK_061FE0,work/luna_translation_templates/sol_translation_mappings/BRIEFING/BRIEFING_FILES_BLOCK_061FE0.json,translations/briefing/BRIEFING_FILES_BLOCK_061FE0.csv,true,true,27,27,27,27,0,0,0,JSON_CANONICAL_CSV_GENERATED,tools/Compile-BriefingProductionTranslations.mjs::main,tools/Build-BriefingDat.py::load_production,translations/briefing/*.csv (+ reference_masters/jpn_briefing_master.csv structural check),PASS,canonical_json_artifacts=1
BRIEFING_NBE,BRIEFING_FILES_BLOCK_062D50,work/luna_translation_templates/sol_translation_mappings/BRIEFING/BRIEFING_FILES_BLOCK_062D50.json,translations/briefing/BRIEFING_FILES_BLOCK_062D50.csv,true,true,38,38,38,38,0,0,0,JSON_CANONICAL_CSV_GENERATED,tools/Compile-BriefingProductionTranslations.mjs::main,tools/Build-BriefingDat.py::load_production,translations/briefing/*.csv (+ reference_masters/jpn_briefing_master.csv structural check),PASS,canonical_json_artifacts=1
BRIEFING_NBE,BRIEFING_FILES_BLOCK_063B40,work/luna_translation_templates/sol_translation_mappings/BRIEFING/BRIEFING_FILES_BLOCK_063B40.json,translations/briefing/BRIEFING_FILES_BLOCK_063B40.csv,true,true,25,25,25,25,0,0,0,JSON_CANONICAL_CSV_GENERATED,tools/Compile-BriefingProductionTranslations.mjs::main,tools/Build-BriefingDat.py::load_production,translations/briefing/*.csv (+ reference_masters/jpn_briefing_master.csv structural check),PASS,canonical_json_artifacts=1
BRIEFING_NBE,BRIEFING_FILES_BLOCK_0646A0,work/luna_translation_templates/sol_translation_mappings/BRIEFING/BRIEFING_FILES_BLOCK_0646A0.json,translations/briefing/BRIEFING_FILES_BLOCK_0646A0.csv,true,true,7,7,7,7,0,0,0,JSON_CANONICAL_CSV_GENERATED,tools/Compile-BriefingProductionTranslations.mjs::main,tools/Build-BriefingDat.py::load_production,translations/briefing/*.csv (+ reference_masters/jpn_briefing_master.csv structural check),PASS,canonical_json_artifacts=1
BRIEFING_NBE,BRIEFING_FILES_BLOCK_064AE0,work/luna_translation_templates/sol_translation_mappings/BRIEFING/BRIEFING_FILES_BLOCK_064AE0.json,translations/briefing/BRIEFING_FILES_BLOCK_064AE0.csv,true,true,20,20,20,20,0,0,0,JSON_CANONICAL_CSV_GENERATED,tools/Compile-BriefingProductionTranslations.mjs::main,tools/Build-BriefingDat.py::load_production,translations/briefing/*.csv (+ reference_masters/jpn_briefing_master.csv structural check),PASS,canonical_json_artifacts=1
BRIEFING_NBE,BRIEFING_FILES_BLOCK_0652F0,work/luna_translation_templates/sol_translation_mappings/BRIEFING/BRIEFING_FILES_BLOCK_0652F0.json,translations/briefing/BRIEFING_FILES_BLOCK_0652F0.csv,true,true,19,19,19,19,0,0,0,JSON_CANONICAL_CSV_GENERATED,tools/Compile-BriefingProductionTranslations.mjs::main,tools/Build-BriefingDat.py::load_production,translations/briefing/*.csv (+ reference_masters/jpn_briefing_master.csv structural check),PASS,canonical_json_artifacts=1
BRIEFING_NBE,BRIEFING_FILES_BLOCK_065C70,work/luna_translation_templates/sol_translation_mappings/BRIEFING/BRIEFING_FILES_BLOCK_065C70.json,translations/briefing/BRIEFING_FILES_BLOCK_065C70.csv,true,true,11,11,11,11,0,0,0,JSON_CANONICAL_CSV_GENERATED,tools/Compile-BriefingProductionTranslations.mjs::main,tools/Build-BriefingDat.py::load_production,translations/briefing/*.csv (+ reference_masters/jpn_briefing_master.csv structural check),PASS,canonical_json_artifacts=1
BRIEFING_NBE,BRIEFING_FILES_BLOCK_0661F0,work/luna_translation_templates/sol_translation_mappings/BRIEFING/BRIEFING_FILES_BLOCK_0661F0.json,translations/briefing/BRIEFING_FILES_BLOCK_0661F0.csv,true,true,17,17,17,17,0,0,0,JSON_CANONICAL_CSV_GENERATED,tools/Compile-BriefingProductionTranslations.mjs::main,tools/Build-BriefingDat.py::load_production,translations/briefing/*.csv (+ reference_masters/jpn_briefing_master.csv structural check),PASS,canonical_json_artifacts=1
BRIEFING_NBE,BRIEFING_FILES_BLOCK_066B30,work/luna_translation_templates/sol_translation_mappings/BRIEFING/BRIEFING_FILES_BLOCK_066B30.json,translations/briefing/BRIEFING_FILES_BLOCK_066B30.csv,true,true,15,15,15,15,0,0,0,JSON_CANONICAL_CSV_GENERATED,tools/Compile-BriefingProductionTranslations.mjs::main,tools/Build-BriefingDat.py::load_production,translations/briefing/*.csv (+ reference_masters/jpn_briefing_master.csv structural check),PASS,canonical_json_artifacts=1
BRIEFING_NBE,BRIEFING_FILES_BLOCK_0672B0,work/luna_translation_templates/sol_translation_mappings/BRIEFING/BRIEFING_FILES_BLOCK_0672B0.json,translations/briefing/BRIEFING_FILES_BLOCK_0672B0.csv,true,true,28,28,28,28,0,0,0,JSON_CANONICAL_CSV_GENERATED,tools/Compile-BriefingProductionTranslations.mjs::main,tools/Build-BriefingDat.py::load_production,translations/briefing/*.csv (+ reference_masters/jpn_briefing_master.csv structural check),PASS,canonical_json_artifacts=1
BRIEFING_NBE,BRIEFING_FILES_BLOCK_067F40,work/luna_translation_templates/sol_translation_mappings/BRIEFING/BRIEFING_FILES_BLOCK_067F40.json,translations/briefing/BRIEFING_FILES_BLOCK_067F40.csv,true,true,11,11,11,11,0,0,0,JSON_CANONICAL_CSV_GENERATED,tools/Compile-BriefingProductionTranslations.mjs::main,tools/Build-BriefingDat.py::load_production,translations/briefing/*.csv (+ reference_masters/jpn_briefing_master.csv structural check),PASS,canonical_json_artifacts=1
BRIEFING_NBE,BRIEFING_FILES_BLOCK_068550,work/luna_translation_templates/sol_translation_mappings/BRIEFING/BRIEFING_FILES_BLOCK_068550.json,translations/briefing/BRIEFING_FILES_BLOCK_068550.csv,true,true,28,28,28,28,0,0,0,JSON_CANONICAL_CSV_GENERATED,tools/Compile-BriefingProductionTranslations.mjs::main,tools/Build-BriefingDat.py::load_production,translations/briefing/*.csv (+ reference_masters/jpn_briefing_master.csv structural check),PASS,canonical_json_artifacts=1
BRIEFING_NBE,BRIEFING_FILES_BLOCK_069580,work/luna_translation_templates/sol_translation_mappings/BRIEFING/BRIEFING_FILES_BLOCK_069580.json,translations/briefing/BRIEFING_FILES_BLOCK_069580.csv,true,true,22,22,22,22,0,0,0,JSON_CANONICAL_CSV_GENERATED,tools/Compile-BriefingProductionTranslations.mjs::main,tools/Build-BriefingDat.py::load_production,translations/briefing/*.csv (+ reference_masters/jpn_briefing_master.csv structural check),PASS,canonical_json_artifacts=1
BRIEFING_NBE,BRIEFING_FILES_BLOCK_069E20,work/luna_translation_templates/sol_translation_mappings/BRIEFING/BRIEFING_FILES_BLOCK_069E20.json,translations/briefing/BRIEFING_FILES_BLOCK_069E20.csv,true,true,6,6,6,6,0,0,0,JSON_CANONICAL_CSV_GENERATED,tools/Compile-BriefingProductionTranslations.mjs::main,tools/Build-BriefingDat.py::load_production,translations/briefing/*.csv (+ reference_masters/jpn_briefing_master.csv structural check),PASS,canonical_json_artifacts=1
BRIEFING_NBE,BRIEFING_FILES_BLOCK_06A170,work/luna_translation_templates/sol_translation_mappings/BRIEFING/BRIEFING_FILES_BLOCK_06A170.json,translations/briefing/BRIEFING_FILES_BLOCK_06A170.csv,true,true,8,8,8,8,0,0,0,JSON_CANONICAL_CSV_GENERATED,tools/Compile-BriefingProductionTranslations.mjs::main,tools/Build-BriefingDat.py::load_production,translations/briefing/*.csv (+ reference_masters/jpn_briefing_master.csv structural check),PASS,canonical_json_artifacts=1
BRIEFING_NBE,BRIEFING_FILES_BLOCK_06A5D0,work/luna_translation_templates/sol_translation_mappings/BRIEFING/BRIEFING_FILES_BLOCK_06A5D0.json,translations/briefing/BRIEFING_FILES_BLOCK_06A5D0.csv,true,true,11,11,11,11,0,0,0,JSON_CANONICAL_CSV_GENERATED,tools/Compile-BriefingProductionTranslations.mjs::main,tools/Build-BriefingDat.py::load_production,translations/briefing/*.csv (+ reference_masters/jpn_briefing_master.csv structural check),PASS,canonical_json_artifacts=1
BRIEFING_NBE,BRIEFING_FILES_BLOCK_06AB40,work/luna_translation_templates/sol_translation_mappings/BRIEFING/BRIEFING_FILES_BLOCK_06AB40.json,translations/briefing/BRIEFING_FILES_BLOCK_06AB40.csv,true,true,13,13,13,13,0,0,0,JSON_CANONICAL_CSV_GENERATED,tools/Compile-BriefingProductionTranslations.mjs::main,tools/Build-BriefingDat.py::load_production,translations/briefing/*.csv (+ reference_masters/jpn_briefing_master.csv structural check),PASS,canonical_json_artifacts=1
BRIEFING_NBE,BRIEFING_FILES_BLOCK_06B260,work/luna_translation_templates/sol_translation_mappings/BRIEFING/BRIEFING_FILES_BLOCK_06B260.json,translations/briefing/BRIEFING_FILES_BLOCK_06B260.csv,true,true,25,25,25,25,0,0,0,JSON_CANONICAL_CSV_GENERATED,tools/Compile-BriefingProductionTranslations.mjs::main,tools/Build-BriefingDat.py::load_production,translations/briefing/*.csv (+ reference_masters/jpn_briefing_master.csv structural check),PASS,canonical_json_artifacts=1
BRIEFING_NBE,BRIEFING_FILES_BLOCK_06BFE0,work/luna_translation_templates/sol_translation_mappings/BRIEFING/BRIEFING_FILES_BLOCK_06BFE0.json,translations/briefing/BRIEFING_FILES_BLOCK_06BFE0.csv,true,true,11,11,11,11,0,0,0,JSON_CANONICAL_CSV_GENERATED,tools/Compile-BriefingProductionTranslations.mjs::main,tools/Build-BriefingDat.py::load_production,translations/briefing/*.csv (+ reference_masters/jpn_briefing_master.csv structural check),PASS,canonical_json_artifacts=1
BRIEFING_NBE,BRIEFING_FILES_BLOCK_06C600,work/luna_translation_templates/sol_translation_mappings/BRIEFING/BRIEFING_FILES_BLOCK_06C600.json,translations/briefing/BRIEFING_FILES_BLOCK_06C600.csv,true,true,7,7,7,7,0,0,0,JSON_CANONICAL_CSV_GENERATED,tools/Compile-BriefingProductionTranslations.mjs::main,tools/Build-BriefingDat.py::load_production,translations/briefing/*.csv (+ reference_masters/jpn_briefing_master.csv structural check),PASS,canonical_json_artifacts=1
BRIEFING_NBE,BRIEFING_FILES_BLOCK_06C9D0,work/luna_translation_templates/sol_translation_mappings/BRIEFING/BRIEFING_FILES_BLOCK_06C9D0.json,translations/briefing/BRIEFING_FILES_BLOCK_06C9D0.csv,true,true,5,5,5,5,0,0,0,JSON_CANONICAL_CSV_GENERATED,tools/Compile-BriefingProductionTranslations.mjs::main,tools/Build-BriefingDat.py::load_production,translations/briefing/*.csv (+ reference_masters/jpn_briefing_master.csv structural check),PASS,canonical_json_artifacts=1
BRIEFING_NBE,BRIEFING_FILES_BLOCK_06CD50,work/luna_translation_templates/sol_translation_mappings/BRIEFING/BRIEFING_FILES_BLOCK_06CD50.json,translations/briefing/BRIEFING_FILES_BLOCK_06CD50.csv,true,true,12,12,12,12,0,0,0,JSON_CANONICAL_CSV_GENERATED,tools/Compile-BriefingProductionTranslations.mjs::main,tools/Build-BriefingDat.py::load_production,translations/briefing/*.csv (+ reference_masters/jpn_briefing_master.csv structural check),PASS,canonical_json_artifacts=1
BRIEFING_NBE,BRIEFING_FILES_BLOCK_06D470,work/luna_translation_templates/sol_translation_mappings/BRIEFING/BRIEFING_FILES_BLOCK_06D470.json,translations/briefing/BRIEFING_FILES_BLOCK_06D470.csv,true,true,4,4,4,4,0,0,0,JSON_CANONICAL_CSV_GENERATED,tools/Compile-BriefingProductionTranslations.mjs::main,tools/Build-BriefingDat.py::load_production,translations/briefing/*.csv (+ reference_masters/jpn_briefing_master.csv structural check),PASS,canonical_json_artifacts=1
BRIEFING_NBE,BRIEFING_FILES_BLOCK_06D7C0,work/luna_translation_templates/sol_translation_mappings/BRIEFING/BRIEFING_FILES_BLOCK_06D7C0.json,translations/briefing/BRIEFING_FILES_BLOCK_06D7C0.csv,true,true,15,15,15,15,0,0,0,JSON_CANONICAL_CSV_GENERATED,tools/Compile-BriefingProductionTranslations.mjs::main,tools/Build-BriefingDat.py::load_production,translations/briefing/*.csv (+ reference_masters/jpn_briefing_master.csv structural check),PASS,canonical_json_artifacts=1
BRIEFING_NBE,BRIEFING_FILES_BLOCK_06DF10,work/luna_translation_templates/sol_translation_mappings/BRIEFING/BRIEFING_FILES_BLOCK_06DF10.json,translations/briefing/BRIEFING_FILES_BLOCK_06DF10.csv,true,true,22,22,22,22,0,0,0,JSON_CANONICAL_CSV_GENERATED,tools/Compile-BriefingProductionTranslations.mjs::main,tools/Build-BriefingDat.py::load_production,translations/briefing/*.csv (+ reference_masters/jpn_briefing_master.csv structural check),PASS,canonical_json_artifacts=1
BRIEFING_NBE,BRIEFING_FILES_BLOCK_06E930,work/luna_translation_templates/sol_translation_mappings/BRIEFING/BRIEFING_FILES_BLOCK_06E930.json,translations/briefing/BRIEFING_FILES_BLOCK_06E930.csv,true,true,8,8,8,8,0,0,0,JSON_CANONICAL_CSV_GENERATED,tools/Compile-BriefingProductionTranslations.mjs::main,tools/Build-BriefingDat.py::load_production,translations/briefing/*.csv (+ reference_masters/jpn_briefing_master.csv structural check),PASS,canonical_json_artifacts=1
BRIEFING_NBE,BRIEFING_FILES_BLOCK_06ECD0,work/luna_translation_templates/sol_translation_mappings/BRIEFING/BRIEFING_FILES_BLOCK_06ECD0.json,translations/briefing/BRIEFING_FILES_BLOCK_06ECD0.csv,true,true,24,24,24,24,0,0,0,JSON_CANONICAL_CSV_GENERATED,tools/Compile-BriefingProductionTranslations.mjs::main,tools/Build-BriefingDat.py::load_production,translations/briefing/*.csv (+ reference_masters/jpn_briefing_master.csv structural check),PASS,canonical_json_artifacts=1
BRIEFING_NBE,BRIEFING_FILES_BLOCK_06F880,work/luna_translation_templates/sol_translation_mappings/BRIEFING/BRIEFING_FILES_BLOCK_06F880.json,translations/briefing/BRIEFING_FILES_BLOCK_06F880.csv,true,true,16,16,16,16,0,0,0,JSON_CANONICAL_CSV_GENERATED,tools/Compile-BriefingProductionTranslations.mjs::main,tools/Build-BriefingDat.py::load_production,translations/briefing/*.csv (+ reference_masters/jpn_briefing_master.csv structural check),PASS,canonical_json_artifacts=1
BRIEFING_NBE,BRIEFING_FILES_BLOCK_070050,work/luna_translation_templates/sol_translation_mappings/BRIEFING/BRIEFING_FILES_BLOCK_070050.json,translations/briefing/BRIEFING_FILES_BLOCK_070050.csv,true,true,8,8,8,8,0,0,0,JSON_CANONICAL_CSV_GENERATED,tools/Compile-BriefingProductionTranslations.mjs::main,tools/Build-BriefingDat.py::load_production,translations/briefing/*.csv (+ reference_masters/jpn_briefing_master.csv structural check),PASS,canonical_json_artifacts=1
BRIEFING_NBE,BRIEFING_FILES_BLOCK_070430,work/luna_translation_templates/sol_translation_mappings/BRIEFING/BRIEFING_FILES_BLOCK_070430.json,translations/briefing/BRIEFING_FILES_BLOCK_070430.csv,true,true,8,8,8,8,0,0,0,JSON_CANONICAL_CSV_GENERATED,tools/Compile-BriefingProductionTranslations.mjs::main,tools/Build-BriefingDat.py::load_production,translations/briefing/*.csv (+ reference_masters/jpn_briefing_master.csv structural check),PASS,canonical_json_artifacts=1
BRIEFING_NBE,BRIEFING_FILES_BLOCK_070820,work/luna_translation_templates/sol_translation_mappings/BRIEFING/BRIEFING_FILES_BLOCK_070820.json,translations/briefing/BRIEFING_FILES_BLOCK_070820.csv,true,true,7,7,7,7,0,0,0,JSON_CANONICAL_CSV_GENERATED,tools/Compile-BriefingProductionTranslations.mjs::main,tools/Build-BriefingDat.py::load_production,translations/briefing/*.csv (+ reference_masters/jpn_briefing_master.csv structural check),PASS,canonical_json_artifacts=1
BRIEFING_NBE,BRIEFING_FILES_BLOCK_070BB0,work/luna_translation_templates/sol_translation_mappings/BRIEFING/BRIEFING_FILES_BLOCK_070BB0.json,translations/briefing/BRIEFING_FILES_BLOCK_070BB0.csv,true,true,9,9,9,9,0,0,0,JSON_CANONICAL_CSV_GENERATED,tools/Compile-BriefingProductionTranslations.mjs::main,tools/Build-BriefingDat.py::load_production,translations/briefing/*.csv (+ reference_masters/jpn_briefing_master.csv structural check),PASS,canonical_json_artifacts=1
BRIEFING_NBE,BRIEFING_FILES_BLOCK_070EF0,work/luna_translation_templates/sol_translation_mappings/BRIEFING/BRIEFING_FILES_BLOCK_070EF0.json,translations/briefing/BRIEFING_FILES_BLOCK_070EF0.csv,true,true,13,13,13,13,0,0,0,JSON_CANONICAL_CSV_GENERATED,tools/Compile-BriefingProductionTranslations.mjs::main,tools/Build-BriefingDat.py::load_production,translations/briefing/*.csv (+ reference_masters/jpn_briefing_master.csv structural check),PASS,canonical_json_artifacts=1
BRIEFING_NBE,BRIEFING_FILES_BLOCK_0716A0,work/luna_translation_templates/sol_translation_mappings/BRIEFING/BRIEFING_FILES_BLOCK_0716A0.json,translations/briefing/BRIEFING_FILES_BLOCK_0716A0.csv,true,true,17,17,17,17,0,0,0,JSON_CANONICAL_CSV_GENERATED,tools/Compile-BriefingProductionTranslations.mjs::main,tools/Build-BriefingDat.py::load_production,translations/briefing/*.csv (+ reference_masters/jpn_briefing_master.csv structural check),PASS,canonical_json_artifacts=1
BRIEFING_NBE,BRIEFING_FILES_BLOCK_071D60,work/luna_translation_templates/sol_translation_mappings/BRIEFING/BRIEFING_FILES_BLOCK_071D60.json,translations/briefing/BRIEFING_FILES_BLOCK_071D60.csv,true,true,18,18,18,18,0,0,0,JSON_CANONICAL_CSV_GENERATED,tools/Compile-BriefingProductionTranslations.mjs::main,tools/Build-BriefingDat.py::load_production,translations/briefing/*.csv (+ reference_masters/jpn_briefing_master.csv structural check),PASS,canonical_json_artifacts=1
BRIEFING_NBE,BRIEFING_FILES_BLOCK_072640,work/luna_translation_templates/sol_translation_mappings/BRIEFING/BRIEFING_FILES_BLOCK_072640.json,translations/briefing/BRIEFING_FILES_BLOCK_072640.csv,true,true,4,4,4,4,0,0,0,JSON_CANONICAL_CSV_GENERATED,tools/Compile-BriefingProductionTranslations.mjs::main,tools/Build-BriefingDat.py::load_production,translations/briefing/*.csv (+ reference_masters/jpn_briefing_master.csv structural check),PASS,canonical_json_artifacts=1
BRIEFING_NBE,BRIEFING_FILES_BLOCK_0728B0,work/luna_translation_templates/sol_translation_mappings/BRIEFING/BRIEFING_FILES_BLOCK_0728B0.json,translations/briefing/BRIEFING_FILES_BLOCK_0728B0.csv,true,true,11,11,11,11,0,0,0,JSON_CANONICAL_CSV_GENERATED,tools/Compile-BriefingProductionTranslations.mjs::main,tools/Build-BriefingDat.py::load_production,translations/briefing/*.csv (+ reference_masters/jpn_briefing_master.csv structural check),PASS,canonical_json_artifacts=1
BRIEFING_NBE,BRIEFING_FILES_BLOCK_072E10,work/luna_translation_templates/sol_translation_mappings/BRIEFING/BRIEFING_FILES_BLOCK_072E10.json,translations/briefing/BRIEFING_FILES_BLOCK_072E10.csv,true,true,21,21,21,21,0,0,0,JSON_CANONICAL_CSV_GENERATED,tools/Compile-BriefingProductionTranslations.mjs::main,tools/Build-BriefingDat.py::load_production,translations/briefing/*.csv (+ reference_masters/jpn_briefing_master.csv structural check),PASS,canonical_json_artifacts=1
BRIEFING_NBE,BRIEFING_FILES_BLOCK_073590,work/luna_translation_templates/sol_translation_mappings/BRIEFING/BRIEFING_FILES_BLOCK_073590.json,translations/briefing/BRIEFING_FILES_BLOCK_073590.csv,true,true,15,15,15,15,0,0,0,JSON_CANONICAL_CSV_GENERATED,tools/Compile-BriefingProductionTranslations.mjs::main,tools/Build-BriefingDat.py::load_production,translations/briefing/*.csv (+ reference_masters/jpn_briefing_master.csv structural check),PASS,canonical_json_artifacts=1
BRIEFING_NBE,BRIEFING_FILES_BLOCK_073C10,work/luna_translation_templates/sol_translation_mappings/BRIEFING/BRIEFING_FILES_BLOCK_073C10.json,translations/briefing/BRIEFING_FILES_BLOCK_073C10.csv,true,true,14,14,14,14,0,0,0,JSON_CANONICAL_CSV_GENERATED,tools/Compile-BriefingProductionTranslations.mjs::main,tools/Build-BriefingDat.py::load_production,translations/briefing/*.csv (+ reference_masters/jpn_briefing_master.csv structural check),PASS,canonical_json_artifacts=1
BRIEFING_NBE,BRIEFING_FILES_BLOCK_074310,work/luna_translation_templates/sol_translation_mappings/BRIEFING/BRIEFING_FILES_BLOCK_074310.json,translations/briefing/BRIEFING_FILES_BLOCK_074310.csv,true,true,16,16,16,16,0,0,0,JSON_CANONICAL_CSV_GENERATED,tools/Compile-BriefingProductionTranslations.mjs::main,tools/Build-BriefingDat.py::load_production,translations/briefing/*.csv (+ reference_masters/jpn_briefing_master.csv structural check),PASS,canonical_json_artifacts=1
BRIEFING_NBE,BRIEFING_FILES_BLOCK_074A00,work/luna_translation_templates/sol_translation_mappings/BRIEFING/BRIEFING_FILES_BLOCK_074A00.json,translations/briefing/BRIEFING_FILES_BLOCK_074A00.csv,true,true,14,14,14,14,0,0,0,JSON_CANONICAL_CSV_GENERATED,tools/Compile-BriefingProductionTranslations.mjs::main,tools/Build-BriefingDat.py::load_production,translations/briefing/*.csv (+ reference_masters/jpn_briefing_master.csv structural check),PASS,canonical_json_artifacts=1
BRIEFING_NBE,BRIEFING_FILES_BLOCK_075130,work/luna_translation_templates/sol_translation_mappings/BRIEFING/BRIEFING_FILES_BLOCK_075130.json,translations/briefing/BRIEFING_FILES_BLOCK_075130.csv,true,true,58,58,58,58,0,0,0,JSON_CANONICAL_CSV_GENERATED,tools/Compile-BriefingProductionTranslations.mjs::main,tools/Build-BriefingDat.py::load_production,translations/briefing/*.csv (+ reference_masters/jpn_briefing_master.csv structural check),PASS,canonical_json_artifacts=1
BRIEFING_NBE,BRIEFING_FILES_BLOCK_076330,work/luna_translation_templates/sol_translation_mappings/BRIEFING/BRIEFING_FILES_BLOCK_076330.json,translations/briefing/BRIEFING_FILES_BLOCK_076330.csv,true,true,58,58,58,58,0,0,0,JSON_CANONICAL_CSV_GENERATED,tools/Compile-BriefingProductionTranslations.mjs::main,tools/Build-BriefingDat.py::load_production,translations/briefing/*.csv (+ reference_masters/jpn_briefing_master.csv structural check),PASS,canonical_json_artifacts=1
BRIEFING_NBE,BRIEFING_FILES_BLOCK_077B90,work/luna_translation_templates/sol_translation_mappings/BRIEFING/BRIEFING_FILES_BLOCK_077B90.json,translations/briefing/BRIEFING_FILES_BLOCK_077B90.csv,true,true,64,64,64,64,0,0,0,JSON_CANONICAL_CSV_GENERATED,tools/Compile-BriefingProductionTranslations.mjs::main,tools/Build-BriefingDat.py::load_production,translations/briefing/*.csv (+ reference_masters/jpn_briefing_master.csv structural check),PASS,canonical_json_artifacts=1
BRIEFING_NBE,BRIEFING_FILES_BLOCK_07A0B0,work/luna_translation_templates/sol_translation_mappings/BRIEFING/BRIEFING_FILES_BLOCK_07A0B0.json,translations/briefing/BRIEFING_FILES_BLOCK_07A0B0.csv,true,true,75,75,75,75,0,0,0,JSON_CANONICAL_CSV_GENERATED,tools/Compile-BriefingProductionTranslations.mjs::main,tools/Build-BriefingDat.py::load_production,translations/briefing/*.csv (+ reference_masters/jpn_briefing_master.csv structural check),PASS,canonical_json_artifacts=1
BRIEFING_NBE,BRIEFING_FILES_BLOCK_07CA30,work/luna_translation_templates/sol_translation_mappings/BRIEFING/BRIEFING_FILES_BLOCK_07CA30.json,translations/briefing/BRIEFING_FILES_BLOCK_07CA30.csv,true,true,58,58,58,58,0,0,0,JSON_CANONICAL_CSV_GENERATED,tools/Compile-BriefingProductionTranslations.mjs::main,tools/Build-BriefingDat.py::load_production,translations/briefing/*.csv (+ reference_masters/jpn_briefing_master.csv structural check),PASS,canonical_json_artifacts=1
BRIEFING_NBE,BRIEFING_FILES_BLOCK_07E8E0,work/luna_translation_templates/sol_translation_mappings/BRIEFING/BRIEFING_FILES_BLOCK_07E8E0.json,translations/briefing/BRIEFING_FILES_BLOCK_07E8E0.csv,true,true,15,15,15,15,0,0,0,JSON_CANONICAL_CSV_GENERATED,tools/Compile-BriefingProductionTranslations.mjs::main,tools/Build-BriefingDat.py::load_production,translations/briefing/*.csv (+ reference_masters/jpn_briefing_master.csv structural check),PASS,canonical_json_artifacts=1
BRIEFING_NBE,BRIEFING_FILES_BLOCK_07F280,work/luna_translation_templates/sol_translation_mappings/BRIEFING/BRIEFING_FILES_BLOCK_07F280.json,translations/briefing/BRIEFING_FILES_BLOCK_07F280.csv,true,true,22,22,22,22,0,0,0,JSON_CANONICAL_CSV_GENERATED,tools/Compile-BriefingProductionTranslations.mjs::main,tools/Build-BriefingDat.py::load_production,translations/briefing/*.csv (+ reference_masters/jpn_briefing_master.csv structural check),PASS,canonical_json_artifacts=1
BRIEFING_NBE,BRIEFING_FILES_BLOCK_07FF00,work/luna_translation_templates/sol_translation_mappings/BRIEFING/BRIEFING_FILES_BLOCK_07FF00.json,translations/briefing/BRIEFING_FILES_BLOCK_07FF00.csv,true,true,37,37,37,37,0,0,0,JSON_CANONICAL_CSV_GENERATED,tools/Compile-BriefingProductionTranslations.mjs::main,tools/Build-BriefingDat.py::load_production,translations/briefing/*.csv (+ reference_masters/jpn_briefing_master.csv structural check),PASS,canonical_json_artifacts=1
BRIEFING_NBE,BRIEFING_FILES_BLOCK_0813E0,work/luna_translation_templates/sol_translation_mappings/BRIEFING/BRIEFING_FILES_BLOCK_0813E0.json,translations/briefing/BRIEFING_FILES_BLOCK_0813E0.csv,true,true,31,31,31,31,0,0,0,JSON_CANONICAL_CSV_GENERATED,tools/Compile-BriefingProductionTranslations.mjs::main,tools/Build-BriefingDat.py::load_production,translations/briefing/*.csv (+ reference_masters/jpn_briefing_master.csv structural check),PASS,canonical_json_artifacts=1
BRIEFING_NBE,BRIEFING_FILES_BLOCK_082710,work/luna_translation_templates/sol_translation_mappings/BRIEFING/BRIEFING_FILES_BLOCK_082710.json,translations/briefing/BRIEFING_FILES_BLOCK_082710.csv,true,true,32,32,32,32,0,0,0,JSON_CANONICAL_CSV_GENERATED,tools/Compile-BriefingProductionTranslations.mjs::main,tools/Build-BriefingDat.py::load_production,translations/briefing/*.csv (+ reference_masters/jpn_briefing_master.csv structural check),PASS,canonical_json_artifacts=1
BRIEFING_NBE,BRIEFING_FILES_BLOCK_0838E0,work/luna_translation_templates/sol_translation_mappings/BRIEFING/BRIEFING_FILES_BLOCK_0838E0.json,translations/briefing/BRIEFING_FILES_BLOCK_0838E0.csv,true,true,32,32,32,32,0,0,0,JSON_CANONICAL_CSV_GENERATED,tools/Compile-BriefingProductionTranslations.mjs::main,tools/Build-BriefingDat.py::load_production,translations/briefing/*.csv (+ reference_masters/jpn_briefing_master.csv structural check),PASS,canonical_json_artifacts=1
BRIEFING_NBE,BRIEFING_FILES_BLOCK_084BB0,work/luna_translation_templates/sol_translation_mappings/BRIEFING/BRIEFING_FILES_BLOCK_084BB0.json,translations/briefing/BRIEFING_FILES_BLOCK_084BB0.csv,true,true,24,24,24,24,0,0,0,JSON_CANONICAL_CSV_GENERATED,tools/Compile-BriefingProductionTranslations.mjs::main,tools/Build-BriefingDat.py::load_production,translations/briefing/*.csv (+ reference_masters/jpn_briefing_master.csv structural check),PASS,canonical_json_artifacts=1
BRIEFING_NBE,BRIEFING_FILES_BLOCK_085AF0,work/luna_translation_templates/sol_translation_mappings/BRIEFING/BRIEFING_FILES_BLOCK_085AF0.json,translations/briefing/BRIEFING_FILES_BLOCK_085AF0.csv,true,true,36,36,36,36,0,0,0,JSON_CANONICAL_CSV_GENERATED,tools/Compile-BriefingProductionTranslations.mjs::main,tools/Build-BriefingDat.py::load_production,translations/briefing/*.csv (+ reference_masters/jpn_briefing_master.csv structural check),PASS,canonical_json_artifacts=1
BRIEFING_NBE,BRIEFING_FILES_BLOCK_086E20,work/luna_translation_templates/sol_translation_mappings/BRIEFING/BRIEFING_FILES_BLOCK_086E20.json,translations/briefing/BRIEFING_FILES_BLOCK_086E20.csv,true,true,24,24,24,24,0,0,0,JSON_CANONICAL_CSV_GENERATED,tools/Compile-BriefingProductionTranslations.mjs::main,tools/Build-BriefingDat.py::load_production,translations/briefing/*.csv (+ reference_masters/jpn_briefing_master.csv structural check),PASS,canonical_json_artifacts=1
BRIEFING_NBE,BRIEFING_FILES_BLOCK_087AF0,work/luna_translation_templates/sol_translation_mappings/BRIEFING/BRIEFING_FILES_BLOCK_087AF0.json,translations/briefing/BRIEFING_FILES_BLOCK_087AF0.csv,true,true,44,44,44,44,0,0,0,JSON_CANONICAL_CSV_GENERATED,tools/Compile-BriefingProductionTranslations.mjs::main,tools/Build-BriefingDat.py::load_production,translations/briefing/*.csv (+ reference_masters/jpn_briefing_master.csv structural check),PASS,canonical_json_artifacts=1
BRIEFING_NBE,BRIEFING_FILES_BLOCK_088F20,work/luna_translation_templates/sol_translation_mappings/BRIEFING/BRIEFING_FILES_BLOCK_088F20.json,translations/briefing/BRIEFING_FILES_BLOCK_088F20.csv,true,true,70,70,70,70,0,0,0,JSON_CANONICAL_CSV_GENERATED,tools/Compile-BriefingProductionTranslations.mjs::main,tools/Build-BriefingDat.py::load_production,translations/briefing/*.csv (+ reference_masters/jpn_briefing_master.csv structural check),PASS,canonical_json_artifacts=1
BRIEFING_NBE,BRIEFING_FILES_BLOCK_08A800,work/luna_translation_templates/sol_translation_mappings/BRIEFING/BRIEFING_FILES_BLOCK_08A800.json,translations/briefing/BRIEFING_FILES_BLOCK_08A800.csv,true,true,44,44,44,44,0,0,0,JSON_CANONICAL_CSV_GENERATED,tools/Compile-BriefingProductionTranslations.mjs::main,tools/Build-BriefingDat.py::load_production,translations/briefing/*.csv (+ reference_masters/jpn_briefing_master.csv structural check),PASS,canonical_json_artifacts=1
BRIEFING_NBE,BRIEFING_FILES_BLOCK_08BF20,work/luna_translation_templates/sol_translation_mappings/BRIEFING/BRIEFING_FILES_BLOCK_08BF20.json,translations/briefing/BRIEFING_FILES_BLOCK_08BF20.csv,true,true,52,52,52,52,0,0,0,JSON_CANONICAL_CSV_GENERATED,tools/Compile-BriefingProductionTranslations.mjs::main,tools/Build-BriefingDat.py::load_production,translations/briefing/*.csv (+ reference_masters/jpn_briefing_master.csv structural check),PASS,canonical_json_artifacts=1
BRIEFING_NBE,BRIEFING_FILES_BLOCK_08DAB0,work/luna_translation_templates/sol_translation_mappings/BRIEFING/BRIEFING_FILES_BLOCK_08DAB0.json,translations/briefing/BRIEFING_FILES_BLOCK_08DAB0.csv,true,true,37,37,37,37,0,0,0,JSON_CANONICAL_CSV_GENERATED,tools/Compile-BriefingProductionTranslations.mjs::main,tools/Build-BriefingDat.py::load_production,translations/briefing/*.csv (+ reference_masters/jpn_briefing_master.csv structural check),PASS,canonical_json_artifacts=1
BRIEFING_NBE,BRIEFING_FILES_BLOCK_08EE30,work/luna_translation_templates/sol_translation_mappings/BRIEFING/BRIEFING_FILES_BLOCK_08EE30.json,translations/briefing/BRIEFING_FILES_BLOCK_08EE30.csv,true,true,32,32,32,32,0,0,0,JSON_CANONICAL_CSV_GENERATED,tools/Compile-BriefingProductionTranslations.mjs::main,tools/Build-BriefingDat.py::load_production,translations/briefing/*.csv (+ reference_masters/jpn_briefing_master.csv structural check),PASS,canonical_json_artifacts=1
BRIEFING_NBE,BRIEFING_FILES_BLOCK_08FF20,work/luna_translation_templates/sol_translation_mappings/BRIEFING/BRIEFING_FILES_BLOCK_08FF20.json,translations/briefing/BRIEFING_FILES_BLOCK_08FF20.csv,true,true,24,24,24,24,0,0,0,JSON_CANONICAL_CSV_GENERATED,tools/Compile-BriefingProductionTranslations.mjs::main,tools/Build-BriefingDat.py::load_production,translations/briefing/*.csv (+ reference_masters/jpn_briefing_master.csv structural check),PASS,canonical_json_artifacts=1
BRIEFING_NBE,BRIEFING_FILES_BLOCK_090C40,work/luna_translation_templates/sol_translation_mappings/BRIEFING/BRIEFING_FILES_BLOCK_090C40.json,translations/briefing/BRIEFING_FILES_BLOCK_090C40.csv,true,true,46,46,46,46,0,0,0,JSON_CANONICAL_CSV_GENERATED,tools/Compile-BriefingProductionTranslations.mjs::main,tools/Build-BriefingDat.py::load_production,translations/briefing/*.csv (+ reference_masters/jpn_briefing_master.csv structural check),PASS,canonical_json_artifacts=1
BRIEFING_NBE,BRIEFING_FILES_BLOCK_0924D0,work/luna_translation_templates/sol_translation_mappings/BRIEFING/BRIEFING_FILES_BLOCK_0924D0.json,translations/briefing/BRIEFING_FILES_BLOCK_0924D0.csv,true,true,49,49,49,49,0,0,0,JSON_CANONICAL_CSV_GENERATED,tools/Compile-BriefingProductionTranslations.mjs::main,tools/Build-BriefingDat.py::load_production,translations/briefing/*.csv (+ reference_masters/jpn_briefing_master.csv structural check),PASS,canonical_json_artifacts=1
BRIEFING_NBE,BRIEFING_FILES_BLOCK_093BC0,work/luna_translation_templates/sol_translation_mappings/BRIEFING/BRIEFING_FILES_BLOCK_093BC0.json,translations/briefing/BRIEFING_FILES_BLOCK_093BC0.csv,true,true,22,22,22,22,0,0,0,JSON_CANONICAL_CSV_GENERATED,tools/Compile-BriefingProductionTranslations.mjs::main,tools/Build-BriefingDat.py::load_production,translations/briefing/*.csv (+ reference_masters/jpn_briefing_master.csv structural check),PASS,canonical_json_artifacts=1
BRIEFING_NBE,BRIEFING_MISSION_BLOCK_36D0B0,work/luna_translation_templates/sol_translation_mappings/BRIEFING/BRIEFING_MISSION_BLOCK_36D0B0.json,translations/briefing/BRIEFING_MISSION_BLOCK_36D0B0.csv,true,true,20,20,20,20,0,0,0,JSON_CANONICAL_CSV_GENERATED,tools/Compile-BriefingProductionTranslations.mjs::main,tools/Build-BriefingDat.py::load_production,translations/briefing/*.csv (+ reference_masters/jpn_briefing_master.csv structural check),PASS,canonical_json_artifacts=1
BRIEFING_NBE,BRIEFING_MISSION_BLOCK_36DD60,work/luna_translation_templates/sol_translation_mappings/BRIEFING/BRIEFING_MISSION_BLOCK_36DD60.json,translations/briefing/BRIEFING_MISSION_BLOCK_36DD60.csv,true,true,46,46,46,46,0,0,0,JSON_CANONICAL_CSV_GENERATED,tools/Compile-BriefingProductionTranslations.mjs::main,tools/Build-BriefingDat.py::load_production,translations/briefing/*.csv (+ reference_masters/jpn_briefing_master.csv structural check),PASS,canonical_json_artifacts=1
BRIEFING_NBE,BRIEFING_MISSION_BLOCK_36F0E0,work/luna_translation_templates/sol_translation_mappings/BRIEFING/BRIEFING_MISSION_BLOCK_36F0E0.json,translations/briefing/BRIEFING_MISSION_BLOCK_36F0E0.csv,true,true,12,12,12,12,0,0,0,JSON_CANONICAL_CSV_GENERATED,tools/Compile-BriefingProductionTranslations.mjs::main,tools/Build-BriefingDat.py::load_production,translations/briefing/*.csv (+ reference_masters/jpn_briefing_master.csv structural check),PASS,canonical_json_artifacts=1
BRIEFING_NBE,BRIEFING_MISSION_BLOCK_36F5E0,work/luna_translation_templates/sol_translation_mappings/BRIEFING/BRIEFING_MISSION_BLOCK_36F5E0.json,translations/briefing/BRIEFING_MISSION_BLOCK_36F5E0.csv,true,true,3,3,3,3,0,0,0,JSON_CANONICAL_CSV_GENERATED,tools/Compile-BriefingProductionTranslations.mjs::main,tools/Build-BriefingDat.py::load_production,translations/briefing/*.csv (+ reference_masters/jpn_briefing_master.csv structural check),PASS,canonical_json_artifacts=1
BRIEFING_NBE,BRIEFING_MISSION_BLOCK_36F790,work/luna_translation_templates/sol_translation_mappings/BRIEFING/BRIEFING_MISSION_BLOCK_36F790.json,translations/briefing/BRIEFING_MISSION_BLOCK_36F790.csv,true,true,1,1,1,1,0,0,0,JSON_CANONICAL_CSV_GENERATED,tools/Compile-BriefingProductionTranslations.mjs::main,tools/Build-BriefingDat.py::load_production,translations/briefing/*.csv (+ reference_masters/jpn_briefing_master.csv structural check),PASS,canonical_json_artifacts=1
BRIEFING_NBE,BRIEFING_MISSION_BLOCK_36F890,work/luna_translation_templates/sol_translation_mappings/BRIEFING/BRIEFING_MISSION_BLOCK_36F890.json,translations/briefing/BRIEFING_MISSION_BLOCK_36F890.csv,true,true,19,19,19,19,0,0,0,JSON_CANONICAL_CSV_GENERATED,tools/Compile-BriefingProductionTranslations.mjs::main,tools/Build-BriefingDat.py::load_production,translations/briefing/*.csv (+ reference_masters/jpn_briefing_master.csv structural check),PASS,canonical_json_artifacts=1
BRIEFING_NBE,BRIEFING_MISSION_BLOCK_36FF00,work/luna_translation_templates/sol_translation_mappings/BRIEFING/BRIEFING_MISSION_BLOCK_36FF00.json,translations/briefing/BRIEFING_MISSION_BLOCK_36FF00.csv,true,true,15,15,15,15,0,0,0,JSON_CANONICAL_CSV_GENERATED,tools/Compile-BriefingProductionTranslations.mjs::main,tools/Build-BriefingDat.py::load_production,translations/briefing/*.csv (+ reference_masters/jpn_briefing_master.csv structural check),PASS,canonical_json_artifacts=1
BRIEFING_NBE,BRIEFING_MISSION_BLOCK_3705D0,work/luna_translation_templates/sol_translation_mappings/BRIEFING/BRIEFING_MISSION_BLOCK_3705D0.json,translations/briefing/BRIEFING_MISSION_BLOCK_3705D0.csv,true,true,50,50,50,50,0,0,0,JSON_CANONICAL_CSV_GENERATED,tools/Compile-BriefingProductionTranslations.mjs::main,tools/Build-BriefingDat.py::load_production,translations/briefing/*.csv (+ reference_masters/jpn_briefing_master.csv structural check),PASS,canonical_json_artifacts=1
BRIEFING_NBE,BRIEFING_MISSION_BLOCK_3717F0,work/luna_translation_templates/sol_translation_mappings/BRIEFING/BRIEFING_MISSION_BLOCK_3717F0.json,translations/briefing/BRIEFING_MISSION_BLOCK_3717F0.csv,true,true,2,2,2,2,0,0,0,JSON_CANONICAL_CSV_GENERATED,tools/Compile-BriefingProductionTranslations.mjs::main,tools/Build-BriefingDat.py::load_production,translations/briefing/*.csv (+ reference_masters/jpn_briefing_master.csv structural check),PASS,canonical_json_artifacts=1
BRIEFING_NBE,BRIEFING_MISSION_BLOCK_3719D0,work/luna_translation_templates/sol_translation_mappings/BRIEFING/BRIEFING_MISSION_BLOCK_3719D0.json,translations/briefing/BRIEFING_MISSION_BLOCK_3719D0.csv,true,true,1,1,1,1,0,0,0,JSON_CANONICAL_CSV_GENERATED,tools/Compile-BriefingProductionTranslations.mjs::main,tools/Build-BriefingDat.py::load_production,translations/briefing/*.csv (+ reference_masters/jpn_briefing_master.csv structural check),PASS,canonical_json_artifacts=1
BRIEFING_NBE,BRIEFING_MISSION_BLOCK_371AD0,work/luna_translation_templates/sol_translation_mappings/BRIEFING/BRIEFING_MISSION_BLOCK_371AD0.json,translations/briefing/BRIEFING_MISSION_BLOCK_371AD0.csv,true,true,33,33,33,33,0,0,0,JSON_CANONICAL_CSV_GENERATED,tools/Compile-BriefingProductionTranslations.mjs::main,tools/Build-BriefingDat.py::load_production,translations/briefing/*.csv (+ reference_masters/jpn_briefing_master.csv structural check),PASS,canonical_json_artifacts=1
BRIEFING_NBE,BRIEFING_MISSION_BLOCK_372710,work/luna_translation_templates/sol_translation_mappings/BRIEFING/BRIEFING_MISSION_BLOCK_372710.json,translations/briefing/BRIEFING_MISSION_BLOCK_372710.csv,true,true,7,7,7,7,0,0,0,JSON_CANONICAL_CSV_GENERATED,tools/Compile-BriefingProductionTranslations.mjs::main,tools/Build-BriefingDat.py::load_production,translations/briefing/*.csv (+ reference_masters/jpn_briefing_master.csv structural check),PASS,canonical_json_artifacts=1
BRIEFING_NBE,BRIEFING_MISSION_BLOCK_372A60,work/luna_translation_templates/sol_translation_mappings/BRIEFING/BRIEFING_MISSION_BLOCK_372A60.json,translations/briefing/BRIEFING_MISSION_BLOCK_372A60.csv,true,true,2,2,2,2,0,0,0,JSON_CANONICAL_CSV_GENERATED,tools/Compile-BriefingProductionTranslations.mjs::main,tools/Build-BriefingDat.py::load_production,translations/briefing/*.csv (+ reference_masters/jpn_briefing_master.csv structural check),PASS,canonical_json_artifacts=1
BRIEFING_NBE,BRIEFING_MISSION_BLOCK_372C00,work/luna_translation_templates/sol_translation_mappings/BRIEFING/BRIEFING_MISSION_BLOCK_372C00.json,translations/briefing/BRIEFING_MISSION_BLOCK_372C00.csv,true,true,2,2,2,2,0,0,0,JSON_CANONICAL_CSV_GENERATED,tools/Compile-BriefingProductionTranslations.mjs::main,tools/Build-BriefingDat.py::load_production,translations/briefing/*.csv (+ reference_masters/jpn_briefing_master.csv structural check),PASS,canonical_json_artifacts=1
BRIEFING_NBE,BRIEFING_MISSION_BLOCK_372D80,work/luna_translation_templates/sol_translation_mappings/BRIEFING/BRIEFING_MISSION_BLOCK_372D80.json,translations/briefing/BRIEFING_MISSION_BLOCK_372D80.csv,true,true,2,2,2,2,0,0,0,JSON_CANONICAL_CSV_GENERATED,tools/Compile-BriefingProductionTranslations.mjs::main,tools/Build-BriefingDat.py::load_production,translations/briefing/*.csv (+ reference_masters/jpn_briefing_master.csv structural check),PASS,canonical_json_artifacts=1
BRIEFING_NBE,BRIEFING_MISSION_BLOCK_372F00,work/luna_translation_templates/sol_translation_mappings/BRIEFING/BRIEFING_MISSION_BLOCK_372F00.json,translations/briefing/BRIEFING_MISSION_BLOCK_372F00.csv,true,true,16,16,16,16,0,0,0,JSON_CANONICAL_CSV_GENERATED,tools/Compile-BriefingProductionTranslations.mjs::main,tools/Build-BriefingDat.py::load_production,translations/briefing/*.csv (+ reference_masters/jpn_briefing_master.csv structural check),PASS,canonical_json_artifacts=1
BRIEFING_NBE,BRIEFING_MISSION_BLOCK_3735C0,work/luna_translation_templates/sol_translation_mappings/BRIEFING/BRIEFING_MISSION_BLOCK_3735C0.json,translations/briefing/BRIEFING_MISSION_BLOCK_3735C0.csv,true,true,3,3,3,3,0,0,0,JSON_CANONICAL_CSV_GENERATED,tools/Compile-BriefingProductionTranslations.mjs::main,tools/Build-BriefingDat.py::load_production,translations/briefing/*.csv (+ reference_masters/jpn_briefing_master.csv structural check),PASS,canonical_json_artifacts=1
BRIEFING_NBE,BRIEFING_MISSION_BLOCK_373860,work/luna_translation_templates/sol_translation_mappings/BRIEFING/BRIEFING_MISSION_BLOCK_373860.json,translations/briefing/BRIEFING_MISSION_BLOCK_373860.csv,true,true,1,1,1,1,0,0,0,JSON_CANONICAL_CSV_GENERATED,tools/Compile-BriefingProductionTranslations.mjs::main,tools/Build-BriefingDat.py::load_production,translations/briefing/*.csv (+ reference_masters/jpn_briefing_master.csv structural check),PASS,canonical_json_artifacts=1
BRIEFING_NBE,BRIEFING_MISSION_BLOCK_373980,work/luna_translation_templates/sol_translation_mappings/BRIEFING/BRIEFING_MISSION_BLOCK_373980.json,translations/briefing/BRIEFING_MISSION_BLOCK_373980.csv,true,true,1,1,1,1,0,0,0,JSON_CANONICAL_CSV_GENERATED,tools/Compile-BriefingProductionTranslations.mjs::main,tools/Build-BriefingDat.py::load_production,translations/briefing/*.csv (+ reference_masters/jpn_briefing_master.csv structural check),PASS,canonical_json_artifacts=1
BRIEFING_NBE,BRIEFING_MISSION_BLOCK_373AD0,work/luna_translation_templates/sol_translation_mappings/BRIEFING/BRIEFING_MISSION_BLOCK_373AD0.json,translations/briefing/BRIEFING_MISSION_BLOCK_373AD0.csv,true,true,50,50,50,50,0,0,0,JSON_CANONICAL_CSV_GENERATED,tools/Compile-BriefingProductionTranslations.mjs::main,tools/Build-BriefingDat.py::load_production,translations/briefing/*.csv (+ reference_masters/jpn_briefing_master.csv structural check),PASS,canonical_json_artifacts=1
BRIEFING_NBE,BRIEFING_MISSION_BLOCK_374C60,work/luna_translation_templates/sol_translation_mappings/BRIEFING/BRIEFING_MISSION_BLOCK_374C60.json,translations/briefing/BRIEFING_MISSION_BLOCK_374C60.csv,true,true,4,4,4,4,0,0,0,JSON_CANONICAL_CSV_GENERATED,tools/Compile-BriefingProductionTranslations.mjs::main,tools/Build-BriefingDat.py::load_production,translations/briefing/*.csv (+ reference_masters/jpn_briefing_master.csv structural check),PASS,canonical_json_artifacts=1
BRIEFING_NBE,BRIEFING_MISSION_BLOCK_374F10,work/luna_translation_templates/sol_translation_mappings/BRIEFING/BRIEFING_MISSION_BLOCK_374F10.json,translations/briefing/BRIEFING_MISSION_BLOCK_374F10.csv,true,true,1,1,1,1,0,0,0,JSON_CANONICAL_CSV_GENERATED,tools/Compile-BriefingProductionTranslations.mjs::main,tools/Build-BriefingDat.py::load_production,translations/briefing/*.csv (+ reference_masters/jpn_briefing_master.csv structural check),PASS,canonical_json_artifacts=1
BRIEFING_NBE,BRIEFING_MISSION_BLOCK_375000,work/luna_translation_templates/sol_translation_mappings/BRIEFING/BRIEFING_MISSION_BLOCK_375000.json,translations/briefing/BRIEFING_MISSION_BLOCK_375000.csv,true,true,57,57,57,57,0,0,0,JSON_CANONICAL_CSV_GENERATED,tools/Compile-BriefingProductionTranslations.mjs::main,tools/Build-BriefingDat.py::load_production,translations/briefing/*.csv (+ reference_masters/jpn_briefing_master.csv structural check),PASS,canonical_json_artifacts=1
BRIEFING_NBE,BRIEFING_MISSION_BLOCK_3765F0,work/luna_translation_templates/sol_translation_mappings/BRIEFING/BRIEFING_MISSION_BLOCK_3765F0.json,translations/briefing/BRIEFING_MISSION_BLOCK_3765F0.csv,true,true,2,2,2,2,0,0,0,JSON_CANONICAL_CSV_GENERATED,tools/Compile-BriefingProductionTranslations.mjs::main,tools/Build-BriefingDat.py::load_production,translations/briefing/*.csv (+ reference_masters/jpn_briefing_master.csv structural check),PASS,canonical_json_artifacts=1
BRIEFING_NBE,BRIEFING_MISSION_BLOCK_3767A0,work/luna_translation_templates/sol_translation_mappings/BRIEFING/BRIEFING_MISSION_BLOCK_3767A0.json,translations/briefing/BRIEFING_MISSION_BLOCK_3767A0.csv,true,true,1,1,1,1,0,0,0,JSON_CANONICAL_CSV_GENERATED,tools/Compile-BriefingProductionTranslations.mjs::main,tools/Build-BriefingDat.py::load_production,translations/briefing/*.csv (+ reference_masters/jpn_briefing_master.csv structural check),PASS,canonical_json_artifacts=1
BRIEFING_NBE,BRIEFING_MISSION_BLOCK_376890,work/luna_translation_templates/sol_translation_mappings/BRIEFING/BRIEFING_MISSION_BLOCK_376890.json,translations/briefing/BRIEFING_MISSION_BLOCK_376890.csv,true,true,1,1,1,1,0,0,0,JSON_CANONICAL_CSV_GENERATED,tools/Compile-BriefingProductionTranslations.mjs::main,tools/Build-BriefingDat.py::load_production,translations/briefing/*.csv (+ reference_masters/jpn_briefing_master.csv structural check),PASS,canonical_json_artifacts=1
BRIEFING_NBE,BRIEFING_MISSION_BLOCK_376980,work/luna_translation_templates/sol_translation_mappings/BRIEFING/BRIEFING_MISSION_BLOCK_376980.json,translations/briefing/BRIEFING_MISSION_BLOCK_376980.csv,true,true,2,2,2,2,0,0,0,JSON_CANONICAL_CSV_GENERATED,tools/Compile-BriefingProductionTranslations.mjs::main,tools/Build-BriefingDat.py::load_production,translations/briefing/*.csv (+ reference_masters/jpn_briefing_master.csv structural check),PASS,canonical_json_artifacts=1
BRIEFING_NBE,BRIEFING_MISSION_BLOCK_376AF0,work/luna_translation_templates/sol_translation_mappings/BRIEFING/BRIEFING_MISSION_BLOCK_376AF0.json,translations/briefing/BRIEFING_MISSION_BLOCK_376AF0.csv,true,true,3,3,3,3,0,0,0,JSON_CANONICAL_CSV_GENERATED,tools/Compile-BriefingProductionTranslations.mjs::main,tools/Build-BriefingDat.py::load_production,translations/briefing/*.csv (+ reference_masters/jpn_briefing_master.csv structural check),PASS,canonical_json_artifacts=1
BRIEFING_NBE,BRIEFING_MISSION_BLOCK_376CD0,work/luna_translation_templates/sol_translation_mappings/BRIEFING/BRIEFING_MISSION_BLOCK_376CD0.json,translations/briefing/BRIEFING_MISSION_BLOCK_376CD0.csv,true,true,32,32,32,32,0,0,0,JSON_CANONICAL_CSV_GENERATED,tools/Compile-BriefingProductionTranslations.mjs::main,tools/Build-BriefingDat.py::load_production,translations/briefing/*.csv (+ reference_masters/jpn_briefing_master.csv structural check),PASS,canonical_json_artifacts=1
BRIEFING_NBE,BRIEFING_MISSION_BLOCK_3778F0,work/luna_translation_templates/sol_translation_mappings/BRIEFING/BRIEFING_MISSION_BLOCK_3778F0.json,translations/briefing/BRIEFING_MISSION_BLOCK_3778F0.csv,true,true,27,27,27,27,0,0,0,JSON_CANONICAL_CSV_GENERATED,tools/Compile-BriefingProductionTranslations.mjs::main,tools/Build-BriefingDat.py::load_production,translations/briefing/*.csv (+ reference_masters/jpn_briefing_master.csv structural check),PASS,canonical_json_artifacts=1
BRIEFING_NBE,BRIEFING_MISSION_BLOCK_378300,work/luna_translation_templates/sol_translation_mappings/BRIEFING/BRIEFING_MISSION_BLOCK_378300.json,translations/briefing/BRIEFING_MISSION_BLOCK_378300.csv,true,true,2,2,2,2,0,0,0,JSON_CANONICAL_CSV_GENERATED,tools/Compile-BriefingProductionTranslations.mjs::main,tools/Build-BriefingDat.py::load_production,translations/briefing/*.csv (+ reference_masters/jpn_briefing_master.csv structural check),PASS,canonical_json_artifacts=1
BRIEFING_NBE,BRIEFING_MISSION_BLOCK_378450,work/luna_translation_templates/sol_translation_mappings/BRIEFING/BRIEFING_MISSION_BLOCK_378450.json,translations/briefing/BRIEFING_MISSION_BLOCK_378450.csv,true,true,2,2,2,2,0,0,0,JSON_CANONICAL_CSV_GENERATED,tools/Compile-BriefingProductionTranslations.mjs::main,tools/Build-BriefingDat.py::load_production,translations/briefing/*.csv (+ reference_masters/jpn_briefing_master.csv structural check),PASS,canonical_json_artifacts=1
BRIEFING_NBE,BRIEFING_MISSION_BLOCK_3785B0,work/luna_translation_templates/sol_translation_mappings/BRIEFING/BRIEFING_MISSION_BLOCK_3785B0.json,translations/briefing/BRIEFING_MISSION_BLOCK_3785B0.csv,true,true,1,1,1,1,0,0,0,JSON_CANONICAL_CSV_GENERATED,tools/Compile-BriefingProductionTranslations.mjs::main,tools/Build-BriefingDat.py::load_production,translations/briefing/*.csv (+ reference_masters/jpn_briefing_master.csv structural check),PASS,canonical_json_artifacts=1
BRIEFING_NBE,BRIEFING_MISSION_BLOCK_378670,work/luna_translation_templates/sol_translation_mappings/BRIEFING/BRIEFING_MISSION_BLOCK_378670.json,translations/briefing/BRIEFING_MISSION_BLOCK_378670.csv,true,true,40,40,40,40,0,0,0,JSON_CANONICAL_CSV_GENERATED,tools/Compile-BriefingProductionTranslations.mjs::main,tools/Build-BriefingDat.py::load_production,translations/briefing/*.csv (+ reference_masters/jpn_briefing_master.csv structural check),PASS,canonical_json_artifacts=1
BRIEFING_NBE,BRIEFING_MISSION_BLOCK_379760,work/luna_translation_templates/sol_translation_mappings/BRIEFING/BRIEFING_MISSION_BLOCK_379760.json,translations/briefing/BRIEFING_MISSION_BLOCK_379760.csv,true,true,3,3,3,3,0,0,0,JSON_CANONICAL_CSV_GENERATED,tools/Compile-BriefingProductionTranslations.mjs::main,tools/Build-BriefingDat.py::load_production,translations/briefing/*.csv (+ reference_masters/jpn_briefing_master.csv structural check),PASS,canonical_json_artifacts=1
BRIEFING_NBE,BRIEFING_MISSION_BLOCK_379970,work/luna_translation_templates/sol_translation_mappings/BRIEFING/BRIEFING_MISSION_BLOCK_379970.json,translations/briefing/BRIEFING_MISSION_BLOCK_379970.csv,true,true,4,4,4,4,0,0,0,JSON_CANONICAL_CSV_GENERATED,tools/Compile-BriefingProductionTranslations.mjs::main,tools/Build-BriefingDat.py::load_production,translations/briefing/*.csv (+ reference_masters/jpn_briefing_master.csv structural check),PASS,canonical_json_artifacts=1
BRIEFING_NBE,BRIEFING_MISSION_BLOCK_379BF0,work/luna_translation_templates/sol_translation_mappings/BRIEFING/BRIEFING_MISSION_BLOCK_379BF0.json,translations/briefing/BRIEFING_MISSION_BLOCK_379BF0.csv,true,true,1,1,1,1,0,0,0,JSON_CANONICAL_CSV_GENERATED,tools/Compile-BriefingProductionTranslations.mjs::main,tools/Build-BriefingDat.py::load_production,translations/briefing/*.csv (+ reference_masters/jpn_briefing_master.csv structural check),PASS,canonical_json_artifacts=1
BRIEFING_NBE,BRIEFING_MISSION_BLOCK_379D20,work/luna_translation_templates/sol_translation_mappings/BRIEFING/BRIEFING_MISSION_BLOCK_379D20.json,translations/briefing/BRIEFING_MISSION_BLOCK_379D20.csv,true,true,1,1,1,1,0,0,0,JSON_CANONICAL_CSV_GENERATED,tools/Compile-BriefingProductionTranslations.mjs::main,tools/Build-BriefingDat.py::load_production,translations/briefing/*.csv (+ reference_masters/jpn_briefing_master.csv structural check),PASS,canonical_json_artifacts=1
BRIEFING_NBE,BRIEFING_MISSION_BLOCK_379DD0,work/luna_translation_templates/sol_translation_mappings/BRIEFING/BRIEFING_MISSION_BLOCK_379DD0.json,translations/briefing/BRIEFING_MISSION_BLOCK_379DD0.csv,true,true,1,1,1,1,0,0,0,JSON_CANONICAL_CSV_GENERATED,tools/Compile-BriefingProductionTranslations.mjs::main,tools/Build-BriefingDat.py::load_production,translations/briefing/*.csv (+ reference_masters/jpn_briefing_master.csv structural check),PASS,canonical_json_artifacts=1
BRIEFING_NBE,BRIEFING_MISSION_BLOCK_379E90,work/luna_translation_templates/sol_translation_mappings/BRIEFING/BRIEFING_MISSION_BLOCK_379E90.json,translations/briefing/BRIEFING_MISSION_BLOCK_379E90.csv,true,true,2,2,2,2,0,0,0,JSON_CANONICAL_CSV_GENERATED,tools/Compile-BriefingProductionTranslations.mjs::main,tools/Build-BriefingDat.py::load_production,translations/briefing/*.csv (+ reference_masters/jpn_briefing_master.csv structural check),PASS,canonical_json_artifacts=1
BRIEFING_NBE,BRIEFING_MISSION_BLOCK_379FA0,work/luna_translation_templates/sol_translation_mappings/BRIEFING/BRIEFING_MISSION_BLOCK_379FA0.json,translations/briefing/BRIEFING_MISSION_BLOCK_379FA0.csv,true,true,5,5,5,5,0,0,0,JSON_CANONICAL_CSV_GENERATED,tools/Compile-BriefingProductionTranslations.mjs::main,tools/Build-BriefingDat.py::load_production,translations/briefing/*.csv (+ reference_masters/jpn_briefing_master.csv structural check),PASS,canonical_json_artifacts=1
BRIEFING_NBE,BRIEFING_MISSION_BLOCK_37A190,work/luna_translation_templates/sol_translation_mappings/BRIEFING/BRIEFING_MISSION_BLOCK_37A190.json,translations/briefing/BRIEFING_MISSION_BLOCK_37A190.csv,true,true,2,2,2,2,0,0,0,JSON_CANONICAL_CSV_GENERATED,tools/Compile-BriefingProductionTranslations.mjs::main,tools/Build-BriefingDat.py::load_production,translations/briefing/*.csv (+ reference_masters/jpn_briefing_master.csv structural check),PASS,canonical_json_artifacts=1
BRIEFING_NBE,BRIEFING_MISSION_BLOCK_37A2B0,work/luna_translation_templates/sol_translation_mappings/BRIEFING/BRIEFING_MISSION_BLOCK_37A2B0.json,translations/briefing/BRIEFING_MISSION_BLOCK_37A2B0.csv,true,true,3,3,3,3,0,0,0,JSON_CANONICAL_CSV_GENERATED,tools/Compile-BriefingProductionTranslations.mjs::main,tools/Build-BriefingDat.py::load_production,translations/briefing/*.csv (+ reference_masters/jpn_briefing_master.csv structural check),PASS,canonical_json_artifacts=1
BRIEFING_NBE,BRIEFING_MISSION_BLOCK_37A3E0,work/luna_translation_templates/sol_translation_mappings/BRIEFING/BRIEFING_MISSION_BLOCK_37A3E0.json,translations/briefing/BRIEFING_MISSION_BLOCK_37A3E0.csv,true,true,2,2,2,2,0,0,0,JSON_CANONICAL_CSV_GENERATED,tools/Compile-BriefingProductionTranslations.mjs::main,tools/Build-BriefingDat.py::load_production,translations/briefing/*.csv (+ reference_masters/jpn_briefing_master.csv structural check),PASS,canonical_json_artifacts=1
BRIEFING_NBE,BRIEFING_MISSION_BLOCK_37A500,work/luna_translation_templates/sol_translation_mappings/BRIEFING/BRIEFING_MISSION_BLOCK_37A500.json,translations/briefing/BRIEFING_MISSION_BLOCK_37A500.csv,true,true,3,3,3,3,0,0,0,JSON_CANONICAL_CSV_GENERATED,tools/Compile-BriefingProductionTranslations.mjs::main,tools/Build-BriefingDat.py::load_production,translations/briefing/*.csv (+ reference_masters/jpn_briefing_master.csv structural check),PASS,canonical_json_artifacts=1
BRIEFING_NBE,BRIEFING_MISSION_BLOCK_37A620,work/luna_translation_templates/sol_translation_mappings/BRIEFING/BRIEFING_MISSION_BLOCK_37A620.json,translations/briefing/BRIEFING_MISSION_BLOCK_37A620.csv,true,true,2,2,2,2,0,0,0,JSON_CANONICAL_CSV_GENERATED,tools/Compile-BriefingProductionTranslations.mjs::main,tools/Build-BriefingDat.py::load_production,translations/briefing/*.csv (+ reference_masters/jpn_briefing_master.csv structural check),PASS,canonical_json_artifacts=1
BRIEFING_NBE,BRIEFING_MISSION_BLOCK_37A740,work/luna_translation_templates/sol_translation_mappings/BRIEFING/BRIEFING_MISSION_BLOCK_37A740.json,translations/briefing/BRIEFING_MISSION_BLOCK_37A740.csv,true,true,3,3,3,3,0,0,0,JSON_CANONICAL_CSV_GENERATED,tools/Compile-BriefingProductionTranslations.mjs::main,tools/Build-BriefingDat.py::load_production,translations/briefing/*.csv (+ reference_masters/jpn_briefing_master.csv structural check),PASS,canonical_json_artifacts=1
BRIEFING_NBE,BRIEFING_MISSION_BLOCK_37A870,work/luna_translation_templates/sol_translation_mappings/BRIEFING/BRIEFING_MISSION_BLOCK_37A870.json,translations/briefing/BRIEFING_MISSION_BLOCK_37A870.csv,true,true,2,2,2,2,0,0,0,JSON_CANONICAL_CSV_GENERATED,tools/Compile-BriefingProductionTranslations.mjs::main,tools/Build-BriefingDat.py::load_production,translations/briefing/*.csv (+ reference_masters/jpn_briefing_master.csv structural check),PASS,canonical_json_artifacts=1
BRIEFING_NBE,BRIEFING_MISSION_BLOCK_37A990,work/luna_translation_templates/sol_translation_mappings/BRIEFING/BRIEFING_MISSION_BLOCK_37A990.json,translations/briefing/BRIEFING_MISSION_BLOCK_37A990.csv,true,true,3,3,3,3,0,0,0,JSON_CANONICAL_CSV_GENERATED,tools/Compile-BriefingProductionTranslations.mjs::main,tools/Build-BriefingDat.py::load_production,translations/briefing/*.csv (+ reference_masters/jpn_briefing_master.csv structural check),PASS,canonical_json_artifacts=1
BRIEFING_NBE,BRIEFING_MISSION_BLOCK_37AAD0,work/luna_translation_templates/sol_translation_mappings/BRIEFING/BRIEFING_MISSION_BLOCK_37AAD0.json,translations/briefing/BRIEFING_MISSION_BLOCK_37AAD0.csv,true,true,1,1,1,1,0,0,0,JSON_CANONICAL_CSV_GENERATED,tools/Compile-BriefingProductionTranslations.mjs::main,tools/Build-BriefingDat.py::load_production,translations/briefing/*.csv (+ reference_masters/jpn_briefing_master.csv structural check),PASS,canonical_json_artifacts=1
BRIEFING_NBE,BRIEFING_MISSION_BLOCK_37ABA0,work/luna_translation_templates/sol_translation_mappings/BRIEFING/BRIEFING_MISSION_BLOCK_37ABA0.json,translations/briefing/BRIEFING_MISSION_BLOCK_37ABA0.csv,true,true,4,4,4,4,0,0,0,JSON_CANONICAL_CSV_GENERATED,tools/Compile-BriefingProductionTranslations.mjs::main,tools/Build-BriefingDat.py::load_production,translations/briefing/*.csv (+ reference_masters/jpn_briefing_master.csv structural check),PASS,canonical_json_artifacts=1
BRIEFING_NBE,BRIEFING_MISSION_BLOCK_37AD00,work/luna_translation_templates/sol_translation_mappings/BRIEFING/BRIEFING_MISSION_BLOCK_37AD00.json,translations/briefing/BRIEFING_MISSION_BLOCK_37AD00.csv,true,true,4,4,4,4,0,0,0,JSON_CANONICAL_CSV_GENERATED,tools/Compile-BriefingProductionTranslations.mjs::main,tools/Build-BriefingDat.py::load_production,translations/briefing/*.csv (+ reference_masters/jpn_briefing_master.csv structural check),PASS,canonical_json_artifacts=1
BRIEFING_NBE,BRIEFING_MISSION_BLOCK_37AF70,work/luna_translation_templates/sol_translation_mappings/BRIEFING/BRIEFING_MISSION_BLOCK_37AF70.json,translations/briefing/BRIEFING_MISSION_BLOCK_37AF70.csv,true,true,5,5,5,5,0,0,0,JSON_CANONICAL_CSV_GENERATED,tools/Compile-BriefingProductionTranslations.mjs::main,tools/Build-BriefingDat.py::load_production,translations/briefing/*.csv (+ reference_masters/jpn_briefing_master.csv structural check),PASS,canonical_json_artifacts=1
BRIEFING_NBE,BRIEFING_MISSION_BLOCK_37B1F0,work/luna_translation_templates/sol_translation_mappings/BRIEFING/BRIEFING_MISSION_BLOCK_37B1F0.json,translations/briefing/BRIEFING_MISSION_BLOCK_37B1F0.csv,true,true,3,3,3,3,0,0,0,JSON_CANONICAL_CSV_GENERATED,tools/Compile-BriefingProductionTranslations.mjs::main,tools/Build-BriefingDat.py::load_production,translations/briefing/*.csv (+ reference_masters/jpn_briefing_master.csv structural check),PASS,canonical_json_artifacts=1
BRIEFING_NBE,BRIEFING_MISSION_BLOCK_37B370,work/luna_translation_templates/sol_translation_mappings/BRIEFING/BRIEFING_MISSION_BLOCK_37B370.json,translations/briefing/BRIEFING_MISSION_BLOCK_37B370.csv,true,true,13,13,13,13,0,0,0,JSON_CANONICAL_CSV_GENERATED,tools/Compile-BriefingProductionTranslations.mjs::main,tools/Build-BriefingDat.py::load_production,translations/briefing/*.csv (+ reference_masters/jpn_briefing_master.csv structural check),PASS,canonical_json_artifacts=1
BRIEFING_NBE,BRIEFING_MISSION_BLOCK_37B8C0,work/luna_translation_templates/sol_translation_mappings/BRIEFING/BRIEFING_MISSION_BLOCK_37B8C0.json,translations/briefing/BRIEFING_MISSION_BLOCK_37B8C0.csv,true,true,8,8,8,8,0,0,0,JSON_CANONICAL_CSV_GENERATED,tools/Compile-BriefingProductionTranslations.mjs::main,tools/Build-BriefingDat.py::load_production,translations/briefing/*.csv (+ reference_masters/jpn_briefing_master.csv structural check),PASS,canonical_json_artifacts=1
BRIEFING_NBE,BRIEFING_MISSION_BLOCK_37BC00,work/luna_translation_templates/sol_translation_mappings/BRIEFING/BRIEFING_MISSION_BLOCK_37BC00.json,translations/briefing/BRIEFING_MISSION_BLOCK_37BC00.csv,true,true,9,9,9,9,0,0,0,JSON_CANONICAL_CSV_GENERATED,tools/Compile-BriefingProductionTranslations.mjs::main,tools/Build-BriefingDat.py::load_production,translations/briefing/*.csv (+ reference_masters/jpn_briefing_master.csv structural check),PASS,canonical_json_artifacts=1
BRIEFING_NBE,BRIEFING_MISSION_BLOCK_37BFB0,work/luna_translation_templates/sol_translation_mappings/BRIEFING/BRIEFING_MISSION_BLOCK_37BFB0.json,translations/briefing/BRIEFING_MISSION_BLOCK_37BFB0.csv,true,true,14,14,14,14,0,0,0,JSON_CANONICAL_CSV_GENERATED,tools/Compile-BriefingProductionTranslations.mjs::main,tools/Build-BriefingDat.py::load_production,translations/briefing/*.csv (+ reference_masters/jpn_briefing_master.csv structural check),PASS,canonical_json_artifacts=1
BRIEFING_NBE,BRIEFING_MISSION_BLOCK_37C4E0,work/luna_translation_templates/sol_translation_mappings/BRIEFING/BRIEFING_MISSION_BLOCK_37C4E0.json,translations/briefing/BRIEFING_MISSION_BLOCK_37C4E0.csv,true,true,5,5,5,5,0,0,0,JSON_CANONICAL_CSV_GENERATED,tools/Compile-BriefingProductionTranslations.mjs::main,tools/Build-BriefingDat.py::load_production,translations/briefing/*.csv (+ reference_masters/jpn_briefing_master.csv structural check),PASS,canonical_json_artifacts=1
BRIEFING_NBE,BRIEFING_MISSION_BLOCK_37C7A0,work/luna_translation_templates/sol_translation_mappings/BRIEFING/BRIEFING_MISSION_BLOCK_37C7A0.json,translations/briefing/BRIEFING_MISSION_BLOCK_37C7A0.csv,true,true,4,4,4,4,0,0,0,JSON_CANONICAL_CSV_GENERATED,tools/Compile-BriefingProductionTranslations.mjs::main,tools/Build-BriefingDat.py::load_production,translations/briefing/*.csv (+ reference_masters/jpn_briefing_master.csv structural check),PASS,canonical_json_artifacts=1
BRIEFING_NBE,BRIEFING_MISSION_BLOCK_37C9E0,work/luna_translation_templates/sol_translation_mappings/BRIEFING/BRIEFING_MISSION_BLOCK_37C9E0.json,translations/briefing/BRIEFING_MISSION_BLOCK_37C9E0.csv,true,true,1,1,1,1,0,0,0,JSON_CANONICAL_CSV_GENERATED,tools/Compile-BriefingProductionTranslations.mjs::main,tools/Build-BriefingDat.py::load_production,translations/briefing/*.csv (+ reference_masters/jpn_briefing_master.csv structural check),PASS,canonical_json_artifacts=1
BRIEFING_NBE,BRIEFING_MISSION_BLOCK_37CB00,work/luna_translation_templates/sol_translation_mappings/BRIEFING/BRIEFING_MISSION_BLOCK_37CB00.json,translations/briefing/BRIEFING_MISSION_BLOCK_37CB00.csv,true,true,23,23,23,23,0,0,0,JSON_CANONICAL_CSV_GENERATED,tools/Compile-BriefingProductionTranslations.mjs::main,tools/Build-BriefingDat.py::load_production,translations/briefing/*.csv (+ reference_masters/jpn_briefing_master.csv structural check),PASS,canonical_json_artifacts=1
BRIEFING_NBE,BRIEFING_MISSION_BLOCK_37D3D0,work/luna_translation_templates/sol_translation_mappings/BRIEFING/BRIEFING_MISSION_BLOCK_37D3D0.json,translations/briefing/BRIEFING_MISSION_BLOCK_37D3D0.csv,true,true,6,6,6,6,0,0,0,JSON_CANONICAL_CSV_GENERATED,tools/Compile-BriefingProductionTranslations.mjs::main,tools/Build-BriefingDat.py::load_production,translations/briefing/*.csv (+ reference_masters/jpn_briefing_master.csv structural check),PASS,canonical_json_artifacts=1
BRIEFING_NBE,BRIEFING_MISSION_BLOCK_37D6C0,work/luna_translation_templates/sol_translation_mappings/BRIEFING/BRIEFING_MISSION_BLOCK_37D6C0.json,translations/briefing/BRIEFING_MISSION_BLOCK_37D6C0.csv,true,true,6,6,6,6,0,0,0,JSON_CANONICAL_CSV_GENERATED,tools/Compile-BriefingProductionTranslations.mjs::main,tools/Build-BriefingDat.py::load_production,translations/briefing/*.csv (+ reference_masters/jpn_briefing_master.csv structural check),PASS,canonical_json_artifacts=1
BRIEFING_NBE,BRIEFING_MISSION_BLOCK_37D9F0,work/luna_translation_templates/sol_translation_mappings/BRIEFING/BRIEFING_MISSION_BLOCK_37D9F0.json,translations/briefing/BRIEFING_MISSION_BLOCK_37D9F0.csv,true,true,19,19,19,19,0,0,0,JSON_CANONICAL_CSV_GENERATED,tools/Compile-BriefingProductionTranslations.mjs::main,tools/Build-BriefingDat.py::load_production,translations/briefing/*.csv (+ reference_masters/jpn_briefing_master.csv structural check),PASS,canonical_json_artifacts=1
BRIEFING_NBE,BRIEFING_MISSION_BLOCK_37E2E0,work/luna_translation_templates/sol_translation_mappings/BRIEFING/BRIEFING_MISSION_BLOCK_37E2E0.json,translations/briefing/BRIEFING_MISSION_BLOCK_37E2E0.csv,true,true,27,27,27,27,0,0,0,JSON_CANONICAL_CSV_GENERATED,tools/Compile-BriefingProductionTranslations.mjs::main,tools/Build-BriefingDat.py::load_production,translations/briefing/*.csv (+ reference_masters/jpn_briefing_master.csv structural check),PASS,canonical_json_artifacts=1
BRIEFING_NBE,BRIEFING_MISSION_BLOCK_37F020,work/luna_translation_templates/sol_translation_mappings/BRIEFING/BRIEFING_MISSION_BLOCK_37F020.json,translations/briefing/BRIEFING_MISSION_BLOCK_37F020.csv,true,true,12,12,12,12,0,0,0,JSON_CANONICAL_CSV_GENERATED,tools/Compile-BriefingProductionTranslations.mjs::main,tools/Build-BriefingDat.py::load_production,translations/briefing/*.csv (+ reference_masters/jpn_briefing_master.csv structural check),PASS,canonical_json_artifacts=1
BRIEFING_NBE,BRIEFING_MISSION_BLOCK_37F6F0,work/luna_translation_templates/sol_translation_mappings/BRIEFING/BRIEFING_MISSION_BLOCK_37F6F0.json,translations/briefing/BRIEFING_MISSION_BLOCK_37F6F0.csv,true,true,10,10,10,10,0,0,0,JSON_CANONICAL_CSV_GENERATED,tools/Compile-BriefingProductionTranslations.mjs::main,tools/Build-BriefingDat.py::load_production,translations/briefing/*.csv (+ reference_masters/jpn_briefing_master.csv structural check),PASS,canonical_json_artifacts=1
BRIEFING_NBE,BRIEFING_MISSION_BLOCK_37FB90,work/luna_translation_templates/sol_translation_mappings/BRIEFING/BRIEFING_MISSION_BLOCK_37FB90.json,translations/briefing/BRIEFING_MISSION_BLOCK_37FB90.csv,true,true,20,20,20,20,0,0,0,JSON_CANONICAL_CSV_GENERATED,tools/Compile-BriefingProductionTranslations.mjs::main,tools/Build-BriefingDat.py::load_production,translations/briefing/*.csv (+ reference_masters/jpn_briefing_master.csv structural check),PASS,canonical_json_artifacts=1
BRIEFING_NBE,BRIEFING_MISSION_BLOCK_3805D0,work/luna_translation_templates/sol_translation_mappings/BRIEFING/BRIEFING_MISSION_BLOCK_3805D0.json,translations/briefing/BRIEFING_MISSION_BLOCK_3805D0.csv,true,true,7,7,7,7,0,0,0,JSON_CANONICAL_CSV_GENERATED,tools/Compile-BriefingProductionTranslations.mjs::main,tools/Build-BriefingDat.py::load_production,translations/briefing/*.csv (+ reference_masters/jpn_briefing_master.csv structural check),PASS,canonical_json_artifacts=1
BRIEFING_NBE,BRIEFING_MISSION_BLOCK_380960,work/luna_translation_templates/sol_translation_mappings/BRIEFING/BRIEFING_MISSION_BLOCK_380960.json,translations/briefing/BRIEFING_MISSION_BLOCK_380960.csv,true,true,9,9,9,9,0,0,0,JSON_CANONICAL_CSV_GENERATED,tools/Compile-BriefingProductionTranslations.mjs::main,tools/Build-BriefingDat.py::load_production,translations/briefing/*.csv (+ reference_masters/jpn_briefing_master.csv structural check),PASS,canonical_json_artifacts=1
BRIEFING_NBE,BRIEFING_MISSION_BLOCK_380E80,work/luna_translation_templates/sol_translation_mappings/BRIEFING/BRIEFING_MISSION_BLOCK_380E80.json,translations/briefing/BRIEFING_MISSION_BLOCK_380E80.csv,true,true,11,11,11,11,0,0,0,JSON_CANONICAL_CSV_GENERATED,tools/Compile-BriefingProductionTranslations.mjs::main,tools/Build-BriefingDat.py::load_production,translations/briefing/*.csv (+ reference_masters/jpn_briefing_master.csv structural check),PASS,canonical_json_artifacts=1
BRIEFING_NBE,BRIEFING_MISSION_BLOCK_381350,work/luna_translation_templates/sol_translation_mappings/BRIEFING/BRIEFING_MISSION_BLOCK_381350.json,translations/briefing/BRIEFING_MISSION_BLOCK_381350.csv,true,true,1,1,1,1,0,0,0,JSON_CANONICAL_CSV_GENERATED,tools/Compile-BriefingProductionTranslations.mjs::main,tools/Build-BriefingDat.py::load_production,translations/briefing/*.csv (+ reference_masters/jpn_briefing_master.csv structural check),PASS,canonical_json_artifacts=1
BRIEFING_NBE,BRIEFING_MISSION_BLOCK_381430,work/luna_translation_templates/sol_translation_mappings/BRIEFING/BRIEFING_MISSION_BLOCK_381430.json,translations/briefing/BRIEFING_MISSION_BLOCK_381430.csv,true,true,8,8,8,8,0,0,0,JSON_CANONICAL_CSV_GENERATED,tools/Compile-BriefingProductionTranslations.mjs::main,tools/Build-BriefingDat.py::load_production,translations/briefing/*.csv (+ reference_masters/jpn_briefing_master.csv structural check),PASS,canonical_json_artifacts=1
BRIEFING_NBE,BRIEFING_MISSION_BLOCK_3818C0,work/luna_translation_templates/sol_translation_mappings/BRIEFING/BRIEFING_MISSION_BLOCK_3818C0.json,translations/briefing/BRIEFING_MISSION_BLOCK_3818C0.csv,true,true,13,13,13,13,0,0,0,JSON_CANONICAL_CSV_GENERATED,tools/Compile-BriefingProductionTranslations.mjs::main,tools/Build-BriefingDat.py::load_production,translations/briefing/*.csv (+ reference_masters/jpn_briefing_master.csv structural check),PASS,canonical_json_artifacts=1
BRIEFING_NBE,BRIEFING_MISSION_BLOCK_381E50,work/luna_translation_templates/sol_translation_mappings/BRIEFING/BRIEFING_MISSION_BLOCK_381E50.json,translations/briefing/BRIEFING_MISSION_BLOCK_381E50.csv,true,true,7,7,7,7,0,0,0,JSON_CANONICAL_CSV_GENERATED,tools/Compile-BriefingProductionTranslations.mjs::main,tools/Build-BriefingDat.py::load_production,translations/briefing/*.csv (+ reference_masters/jpn_briefing_master.csv structural check),PASS,canonical_json_artifacts=1
BRIEFING_NBE,BRIEFING_MISSION_BLOCK_382250,work/luna_translation_templates/sol_translation_mappings/BRIEFING/BRIEFING_MISSION_BLOCK_382250.json,translations/briefing/BRIEFING_MISSION_BLOCK_382250.csv,true,true,12,12,12,12,0,0,0,JSON_CANONICAL_CSV_GENERATED,tools/Compile-BriefingProductionTranslations.mjs::main,tools/Build-BriefingDat.py::load_production,translations/briefing/*.csv (+ reference_masters/jpn_briefing_master.csv structural check),PASS,canonical_json_artifacts=1
BRIEFING_NBE,BRIEFING_MISSION_BLOCK_3826C0,work/luna_translation_templates/sol_translation_mappings/BRIEFING/BRIEFING_MISSION_BLOCK_3826C0.json,translations/briefing/BRIEFING_MISSION_BLOCK_3826C0.csv,true,true,1,1,1,1,0,0,0,JSON_CANONICAL_CSV_GENERATED,tools/Compile-BriefingProductionTranslations.mjs::main,tools/Build-BriefingDat.py::load_production,translations/briefing/*.csv (+ reference_masters/jpn_briefing_master.csv structural check),PASS,canonical_json_artifacts=1
BRIEFING_NBE,BRIEFING_MISSION_BLOCK_3827D0,work/luna_translation_templates/sol_translation_mappings/BRIEFING/BRIEFING_MISSION_BLOCK_3827D0.json,translations/briefing/BRIEFING_MISSION_BLOCK_3827D0.csv,true,true,1,1,1,1,0,0,0,JSON_CANONICAL_CSV_GENERATED,tools/Compile-BriefingProductionTranslations.mjs::main,tools/Build-BriefingDat.py::load_production,translations/briefing/*.csv (+ reference_masters/jpn_briefing_master.csv structural check),PASS,canonical_json_artifacts=1
BRIEFING_NBE,BRIEFING_MISSION_BLOCK_382900,work/luna_translation_templates/sol_translation_mappings/BRIEFING/BRIEFING_MISSION_BLOCK_382900.json,translations/briefing/BRIEFING_MISSION_BLOCK_382900.csv,true,true,1,1,1,1,0,0,0,JSON_CANONICAL_CSV_GENERATED,tools/Compile-BriefingProductionTranslations.mjs::main,tools/Build-BriefingDat.py::load_production,translations/briefing/*.csv (+ reference_masters/jpn_briefing_master.csv structural check),PASS,canonical_json_artifacts=1
BRIEFING_NBE,BRIEFING_MISSION_BLOCK_382A20,work/luna_translation_templates/sol_translation_mappings/BRIEFING/BRIEFING_MISSION_BLOCK_382A20.json,translations/briefing/BRIEFING_MISSION_BLOCK_382A20.csv,true,true,3,3,3,3,0,0,0,JSON_CANONICAL_CSV_GENERATED,tools/Compile-BriefingProductionTranslations.mjs::main,tools/Build-BriefingDat.py::load_production,translations/briefing/*.csv (+ reference_masters/jpn_briefing_master.csv structural check),PASS,canonical_json_artifacts=1
BRIEFING_NBE,BRIEFING_MISSION_BLOCK_382BF0,work/luna_translation_templates/sol_translation_mappings/BRIEFING/BRIEFING_MISSION_BLOCK_382BF0.json,translations/briefing/BRIEFING_MISSION_BLOCK_382BF0.csv,true,true,2,2,2,2,0,0,0,JSON_CANONICAL_CSV_GENERATED,tools/Compile-BriefingProductionTranslations.mjs::main,tools/Build-BriefingDat.py::load_production,translations/briefing/*.csv (+ reference_masters/jpn_briefing_master.csv structural check),PASS,canonical_json_artifacts=1
BRIEFING_NBE,BRIEFING_MISSION_BLOCK_382D90,work/luna_translation_templates/sol_translation_mappings/BRIEFING/BRIEFING_MISSION_BLOCK_382D90.json,translations/briefing/BRIEFING_MISSION_BLOCK_382D90.csv,true,true,2,2,2,2,0,0,0,JSON_CANONICAL_CSV_GENERATED,tools/Compile-BriefingProductionTranslations.mjs::main,tools/Build-BriefingDat.py::load_production,translations/briefing/*.csv (+ reference_masters/jpn_briefing_master.csv structural check),PASS,canonical_json_artifacts=1
BRIEFING_NBE,BRIEFING_MISSION_BLOCK_382F40,work/luna_translation_templates/sol_translation_mappings/BRIEFING/BRIEFING_MISSION_BLOCK_382F40.json,translations/briefing/BRIEFING_MISSION_BLOCK_382F40.csv,true,true,4,4,4,4,0,0,0,JSON_CANONICAL_CSV_GENERATED,tools/Compile-BriefingProductionTranslations.mjs::main,tools/Build-BriefingDat.py::load_production,translations/briefing/*.csv (+ reference_masters/jpn_briefing_master.csv structural check),PASS,canonical_json_artifacts=1
BRIEFING_NBE,BRIEFING_MISSION_BLOCK_383290,work/luna_translation_templates/sol_translation_mappings/BRIEFING/BRIEFING_MISSION_BLOCK_383290.json,translations/briefing/BRIEFING_MISSION_BLOCK_383290.csv,true,true,2,2,2,2,0,0,0,JSON_CANONICAL_CSV_GENERATED,tools/Compile-BriefingProductionTranslations.mjs::main,tools/Build-BriefingDat.py::load_production,translations/briefing/*.csv (+ reference_masters/jpn_briefing_master.csv structural check),PASS,canonical_json_artifacts=1
BRIEFING_NBE,BRIEFING_MISSION_BLOCK_383410,work/luna_translation_templates/sol_translation_mappings/BRIEFING/BRIEFING_MISSION_BLOCK_383410.json,translations/briefing/BRIEFING_MISSION_BLOCK_383410.csv,true,true,2,2,2,2,0,0,0,JSON_CANONICAL_CSV_GENERATED,tools/Compile-BriefingProductionTranslations.mjs::main,tools/Build-BriefingDat.py::load_production,translations/briefing/*.csv (+ reference_masters/jpn_briefing_master.csv structural check),PASS,canonical_json_artifacts=1
BRIEFING_NBE,BRIEFING_MISSION_BLOCK_3835A0,work/luna_translation_templates/sol_translation_mappings/BRIEFING/BRIEFING_MISSION_BLOCK_3835A0.json,translations/briefing/BRIEFING_MISSION_BLOCK_3835A0.csv,true,true,6,6,6,6,0,0,0,JSON_CANONICAL_CSV_GENERATED,tools/Compile-BriefingProductionTranslations.mjs::main,tools/Build-BriefingDat.py::load_production,translations/briefing/*.csv (+ reference_masters/jpn_briefing_master.csv structural check),PASS,canonical_json_artifacts=1
BRIEFING_NBE,BRIEFING_MISSION_BLOCK_383890,work/luna_translation_templates/sol_translation_mappings/BRIEFING/BRIEFING_MISSION_BLOCK_383890.json,translations/briefing/BRIEFING_MISSION_BLOCK_383890.csv,true,true,5,5,5,5,0,0,0,JSON_CANONICAL_CSV_GENERATED,tools/Compile-BriefingProductionTranslations.mjs::main,tools/Build-BriefingDat.py::load_production,translations/briefing/*.csv (+ reference_masters/jpn_briefing_master.csv structural check),PASS,canonical_json_artifacts=1
BRIEFING_NBE,BRIEFING_MISSION_BLOCK_383B10,work/luna_translation_templates/sol_translation_mappings/BRIEFING/BRIEFING_MISSION_BLOCK_383B10.json,translations/briefing/BRIEFING_MISSION_BLOCK_383B10.csv,true,true,3,3,3,3,0,0,0,JSON_CANONICAL_CSV_GENERATED,tools/Compile-BriefingProductionTranslations.mjs::main,tools/Build-BriefingDat.py::load_production,translations/briefing/*.csv (+ reference_masters/jpn_briefing_master.csv structural check),PASS,canonical_json_artifacts=1
BRIEFING_NBE,BRIEFING_MISSION_BLOCK_383C70,work/luna_translation_templates/sol_translation_mappings/BRIEFING/BRIEFING_MISSION_BLOCK_383C70.json,translations/briefing/BRIEFING_MISSION_BLOCK_383C70.csv,true,true,3,3,3,3,0,0,0,JSON_CANONICAL_CSV_GENERATED,tools/Compile-BriefingProductionTranslations.mjs::main,tools/Build-BriefingDat.py::load_production,translations/briefing/*.csv (+ reference_masters/jpn_briefing_master.csv structural check),PASS,canonical_json_artifacts=1
BRIEFING_NBE,BRIEFING_MISSION_BLOCK_383DF0,work/luna_translation_templates/sol_translation_mappings/BRIEFING/BRIEFING_MISSION_BLOCK_383DF0.json,translations/briefing/BRIEFING_MISSION_BLOCK_383DF0.csv,true,true,3,3,3,3,0,0,0,JSON_CANONICAL_CSV_GENERATED,tools/Compile-BriefingProductionTranslations.mjs::main,tools/Build-BriefingDat.py::load_production,translations/briefing/*.csv (+ reference_masters/jpn_briefing_master.csv structural check),PASS,canonical_json_artifacts=1
BRIEFING_NBE,BRIEFING_MISSION_BLOCK_383F60,work/luna_translation_templates/sol_translation_mappings/BRIEFING/BRIEFING_MISSION_BLOCK_383F60.json,translations/briefing/BRIEFING_MISSION_BLOCK_383F60.csv,true,true,3,3,3,3,0,0,0,JSON_CANONICAL_CSV_GENERATED,tools/Compile-BriefingProductionTranslations.mjs::main,tools/Build-BriefingDat.py::load_production,translations/briefing/*.csv (+ reference_masters/jpn_briefing_master.csv structural check),PASS,canonical_json_artifacts=1
BRIEFING_NBE,BRIEFING_MISSION_BLOCK_3840B0,work/luna_translation_templates/sol_translation_mappings/BRIEFING/BRIEFING_MISSION_BLOCK_3840B0.json,translations/briefing/BRIEFING_MISSION_BLOCK_3840B0.csv,true,true,3,3,3,3,0,0,0,JSON_CANONICAL_CSV_GENERATED,tools/Compile-BriefingProductionTranslations.mjs::main,tools/Build-BriefingDat.py::load_production,translations/briefing/*.csv (+ reference_masters/jpn_briefing_master.csv structural check),PASS,canonical_json_artifacts=1
BRIEFING_NBE,BRIEFING_MISSION_BLOCK_3841D0,work/luna_translation_templates/sol_translation_mappings/BRIEFING/BRIEFING_MISSION_BLOCK_3841D0.json,translations/briefing/BRIEFING_MISSION_BLOCK_3841D0.csv,true,true,3,3,3,3,0,0,0,JSON_CANONICAL_CSV_GENERATED,tools/Compile-BriefingProductionTranslations.mjs::main,tools/Build-BriefingDat.py::load_production,translations/briefing/*.csv (+ reference_masters/jpn_briefing_master.csv structural check),PASS,canonical_json_artifacts=1
BRIEFING_NBE,BRIEFING_MISSION_BLOCK_384300,work/luna_translation_templates/sol_translation_mappings/BRIEFING/BRIEFING_MISSION_BLOCK_384300.json,translations/briefing/BRIEFING_MISSION_BLOCK_384300.csv,true,true,3,3,3,3,0,0,0,JSON_CANONICAL_CSV_GENERATED,tools/Compile-BriefingProductionTranslations.mjs::main,tools/Build-BriefingDat.py::load_production,translations/briefing/*.csv (+ reference_masters/jpn_briefing_master.csv structural check),PASS,canonical_json_artifacts=1
BRIEFING_NBE,BRIEFING_MISSION_BLOCK_384420,work/luna_translation_templates/sol_translation_mappings/BRIEFING/BRIEFING_MISSION_BLOCK_384420.json,translations/briefing/BRIEFING_MISSION_BLOCK_384420.csv,true,true,3,3,3,3,0,0,0,JSON_CANONICAL_CSV_GENERATED,tools/Compile-BriefingProductionTranslations.mjs::main,tools/Build-BriefingDat.py::load_production,translations/briefing/*.csv (+ reference_masters/jpn_briefing_master.csv structural check),PASS,canonical_json_artifacts=1
BRIEFING_NBE,BRIEFING_MISSION_BLOCK_384630,work/luna_translation_templates/sol_translation_mappings/BRIEFING/BRIEFING_MISSION_BLOCK_384630.json,translations/briefing/BRIEFING_MISSION_BLOCK_384630.csv,true,true,4,4,4,4,0,0,0,JSON_CANONICAL_CSV_GENERATED,tools/Compile-BriefingProductionTranslations.mjs::main,tools/Build-BriefingDat.py::load_production,translations/briefing/*.csv (+ reference_masters/jpn_briefing_master.csv structural check),PASS,canonical_json_artifacts=1
BRIEFING_NBE,BRIEFING_MISSION_BLOCK_384910,work/luna_translation_templates/sol_translation_mappings/BRIEFING/BRIEFING_MISSION_BLOCK_384910.json,translations/briefing/BRIEFING_MISSION_BLOCK_384910.csv,true,true,3,3,3,3,0,0,0,JSON_CANONICAL_CSV_GENERATED,tools/Compile-BriefingProductionTranslations.mjs::main,tools/Build-BriefingDat.py::load_production,translations/briefing/*.csv (+ reference_masters/jpn_briefing_master.csv structural check),PASS,canonical_json_artifacts=1
BRIEFING_NBE,BRIEFING_MISSION_BLOCK_384AE0,work/luna_translation_templates/sol_translation_mappings/BRIEFING/BRIEFING_MISSION_BLOCK_384AE0.json,translations/briefing/BRIEFING_MISSION_BLOCK_384AE0.csv,true,true,1,1,1,1,0,0,0,JSON_CANONICAL_CSV_GENERATED,tools/Compile-BriefingProductionTranslations.mjs::main,tools/Build-BriefingDat.py::load_production,translations/briefing/*.csv (+ reference_masters/jpn_briefing_master.csv structural check),PASS,canonical_json_artifacts=1
BRIEFING_NBE,BRIEFING_MISSION_BLOCK_384BB0,work/luna_translation_templates/sol_translation_mappings/BRIEFING/BRIEFING_MISSION_BLOCK_384BB0.json,translations/briefing/BRIEFING_MISSION_BLOCK_384BB0.csv,true,true,2,2,2,2,0,0,0,JSON_CANONICAL_CSV_GENERATED,tools/Compile-BriefingProductionTranslations.mjs::main,tools/Build-BriefingDat.py::load_production,translations/briefing/*.csv (+ reference_masters/jpn_briefing_master.csv structural check),PASS,canonical_json_artifacts=1
BRIEFING_NBE,BRIEFING_MISSION_BLOCK_384D50,work/luna_translation_templates/sol_translation_mappings/BRIEFING/BRIEFING_MISSION_BLOCK_384D50.json,translations/briefing/BRIEFING_MISSION_BLOCK_384D50.csv,true,true,2,2,2,2,0,0,0,JSON_CANONICAL_CSV_GENERATED,tools/Compile-BriefingProductionTranslations.mjs::main,tools/Build-BriefingDat.py::load_production,translations/briefing/*.csv (+ reference_masters/jpn_briefing_master.csv structural check),PASS,canonical_json_artifacts=1
BRIEFING_NBE,BRIEFING_MISSION_BLOCK_384EA0,work/luna_translation_templates/sol_translation_mappings/BRIEFING/BRIEFING_MISSION_BLOCK_384EA0.json,translations/briefing/BRIEFING_MISSION_BLOCK_384EA0.csv,true,true,2,2,2,2,0,0,0,JSON_CANONICAL_CSV_GENERATED,tools/Compile-BriefingProductionTranslations.mjs::main,tools/Build-BriefingDat.py::load_production,translations/briefing/*.csv (+ reference_masters/jpn_briefing_master.csv structural check),PASS,canonical_json_artifacts=1
BRIEFING_NBE,BRIEFING_MISSION_BLOCK_385040,work/luna_translation_templates/sol_translation_mappings/BRIEFING/BRIEFING_MISSION_BLOCK_385040.json,translations/briefing/BRIEFING_MISSION_BLOCK_385040.csv,true,true,2,2,2,2,0,0,0,JSON_CANONICAL_CSV_GENERATED,tools/Compile-BriefingProductionTranslations.mjs::main,tools/Build-BriefingDat.py::load_production,translations/briefing/*.csv (+ reference_masters/jpn_briefing_master.csv structural check),PASS,canonical_json_artifacts=1
BRIEFING_NBE,BRIEFING_MISSION_BLOCK_3851B0,work/luna_translation_templates/sol_translation_mappings/BRIEFING/BRIEFING_MISSION_BLOCK_3851B0.json,translations/briefing/BRIEFING_MISSION_BLOCK_3851B0.csv,true,true,4,4,4,4,0,0,0,JSON_CANONICAL_CSV_GENERATED,tools/Compile-BriefingProductionTranslations.mjs::main,tools/Build-BriefingDat.py::load_production,translations/briefing/*.csv (+ reference_masters/jpn_briefing_master.csv structural check),PASS,canonical_json_artifacts=1
BRIEFING_NBE,BRIEFING_MISSION_BLOCK_385460,work/luna_translation_templates/sol_translation_mappings/BRIEFING/BRIEFING_MISSION_BLOCK_385460.json,translations/briefing/BRIEFING_MISSION_BLOCK_385460.csv,true,true,1,1,1,1,0,0,0,JSON_CANONICAL_CSV_GENERATED,tools/Compile-BriefingProductionTranslations.mjs::main,tools/Build-BriefingDat.py::load_production,translations/briefing/*.csv (+ reference_masters/jpn_briefing_master.csv structural check),PASS,canonical_json_artifacts=1
BRIEFING_NBE,BRIEFING_MISSION_BLOCK_385540,work/luna_translation_templates/sol_translation_mappings/BRIEFING/BRIEFING_MISSION_BLOCK_385540.json,translations/briefing/BRIEFING_MISSION_BLOCK_385540.csv,true,true,1,1,1,1,0,0,0,JSON_CANONICAL_CSV_GENERATED,tools/Compile-BriefingProductionTranslations.mjs::main,tools/Build-BriefingDat.py::load_production,translations/briefing/*.csv (+ reference_masters/jpn_briefing_master.csv structural check),PASS,canonical_json_artifacts=1
